k_train_datasets,train_set,test_dataset,best_threshold,precision,recall,TP,FP,FN,TN,old_ber,new_ber,ber_reduction
1,crp_dataset_8_1_8.csv,crp_dataset_8_1_3.csv,0.6032052614908713,0.9999999999666667,0.1734104046232751,30,0,143,83,0.019604492187500003,0.0,0.019604492187500003
1,crp_dataset_8_1_8.csv,crp_dataset_8_1_6.csv,0.6032052614908713,0.9999999998888889,0.0642857142852551,9,0,131,116,0.026928710937500003,0.0,0.026928710937500003
1,crp_dataset_8_1_8.csv,crp_dataset_8_1_4.csv,0.6032052614908713,0.999999999983871,0.4732824427444788,62,0,69,125,0.023046875,0.0,0.023046875
1,crp_dataset_8_1_8.csv,crp_dataset_8_1_2.csv,0.6032052614908713,0.533333333330101,0.7394957983131134,88,77,31,60,0.03945312499999999,0.0318939393939394,0.007559185606060594
1,crp_dataset_8_1_8.csv,crp_dataset_8_1_7.csv,0.6032052614908713,0.9999999999375,0.07272727272694215,16,0,204,36,0.0095703125,0.0,0.0095703125
1,crp_dataset_8_1_8.csv,crp_dataset_8_1_1.csv,0.6032052614908713,0.9999999999772728,0.34920634920357774,44,0,82,130,0.0252685546875,0.0,0.0252685546875
1,crp_dataset_8_1_8.csv,crp_dataset_8_1_5.csv,0.6032052614908713,0.3913043478245403,0.9899999999900999,99,154,1,2,0.039282226562499994,0.039081027667984186,0.0002011988945158083
1,crp_dataset_8_1_3.csv,crp_dataset_8_1_8.csv,0.6459044231191176,0.8235294117404846,0.20289855072316743,28,6,110,112,0.0283203125,0.004595588235294118,0.02372472426470588
1,crp_dataset_8_1_3.csv,crp_dataset_8_1_6.csv,0.6459044231191176,0.5622489959816778,0.9999999999928573,140,109,0,7,0.026928710937500003,0.024924698795180722,0.002004012142319281
1,crp_dataset_8_1_3.csv,crp_dataset_8_1_4.csv,0.6459044231191176,0.9999999999886363,0.6717557251857118,88,0,43,125,0.023046875,0.0,0.023046875
1,crp_dataset_8_1_3.csv,crp_dataset_8_1_2.csv,0.6459044231191176,0.9999999995,0.016806722688934395,2,0,117,137,0.03945312499999999,0.0,0.03945312499999999
1,crp_dataset_8_1_3.csv,crp_dataset_8_1_7.csv,0.6459044231191176,0.9205020920463578,0.9999999999954546,220,19,0,17,0.0095703125,0.003059623430962344,0.006510689069037657
1,crp_dataset_8_1_3.csv,crp_dataset_8_1_1.csv,0.6459044231191176,0.9999999999795919,0.3888888888858025,49,0,77,130,0.0252685546875,0.0,0.0252685546875
1,crp_dataset_8_1_3.csv,crp_dataset_8_1_5.csv,0.6459044231191176,0.0,0.0,0,0,100,156,0.039282226562499994,,
1,crp_dataset_8_1_6.csv,crp_dataset_8_1_8.csv,0.644530452036389,0.0,0.0,0,0,138,118,0.0283203125,,
1,crp_dataset_8_1_6.csv,crp_dataset_8_1_3.csv,0.644530452036389,0.9999999999807693,0.3005780346803435,52,0,121,83,0.019604492187500003,0.0,0.019604492187500003
1,crp_dataset_8_1_6.csv,crp_dataset_8_1_4.csv,0.644530452036389,0.9999999999375,0.12213740457922033,16,0,115,125,0.023046875,0.0,0.023046875
1,crp_dataset_8_1_6.csv,crp_dataset_8_1_2.csv,0.644530452036389,0.0,0.0,0,0,119,137,0.03945312499999999,,
1,crp_dataset_8_1_6.csv,crp_dataset_8_1_7.csv,0.644530452036389,0.9999999999891304,0.4181818181799174,92,0,128,36,0.0095703125,0.0,0.0095703125
1,crp_dataset_8_1_6.csv,crp_dataset_8_1_1.csv,0.644530452036389,0.9999999989999999,0.007936507936444948,1,0,125,130,0.0252685546875,0.0,0.0252685546875
1,crp_dataset_8_1_6.csv,crp_dataset_8_1_5.csv,0.644530452036389,0.0,0.0,0,0,100,156,0.039282226562499994,,
1,crp_dataset_8_1_4.csv,crp_dataset_8_1_8.csv,0.7812874459643969,0.7894736841689751,0.1086956521731254,15,4,123,114,0.0283203125,0.004605263157894737,0.023715049342105263
1,crp_dataset_8_1_4.csv,crp_dataset_8_1_3.csv,0.7812874459643969,0.9579831932692606,0.6589595375684454,114,5,59,78,0.019604492187500003,0.0007878151260504202,0.018816677061449582
1,crp_dataset_8_1_4.csv,crp_dataset_8_1_6.csv,0.7812874459643969,0.7894736842045905,0.749999999994643,105,28,35,88,0.026928710937500003,0.009915413533834587,0.017013297403665417
1,crp_dataset_8_1_4.csv,crp_dataset_8_1_2.csv,0.7812874459643969,0.9999999989999999,0.008403361344467198,1,0,118,137,0.03945312499999999,0.0,0.03945312499999999
1,crp_dataset_8_1_4.csv,crp_dataset_8_1_7.csv,0.7812874459643969,0.9649122806975223,0.9999999999954546,220,8,0,28,0.0095703125,0.0010964912280701754,0.008473821271929825
1,crp_dataset_8_1_4.csv,crp_dataset_8_1_1.csv,0.7812874459643969,0.9599999999808001,0.3809523809493575,48,2,78,128,0.0252685546875,0.0008750000000000001,0.0243935546875
1,crp_dataset_8_1_4.csv,crp_dataset_8_1_5.csv,0.7812874459643969,0.9999999995,0.0199999999998,2,0,98,156,0.039282226562499994,0.0,0.039282226562499994
1,crp_dataset_8_1_2.csv,crp_dataset_8_1_8.csv,0.6509599975492015,0.6528497409292598,0.9130434782542534,126,67,12,51,0.0283203125,0.01955958549222798,0.008760727007772019
1,crp_dataset_8_1_2.csv,crp_dataset_8_1_3.csv,0.6509599975492015,0.6757812499973602,0.9999999999942197,173,83,0,0,0.019604492187500003,0.019604492187500003,0.0
1,crp_dataset_8_1_2.csv,crp_dataset_8_1_6.csv,0.6509599975492015,0.5468749999978638,0.9999999999928573,140,116,0,0,0.026928710937500003,0.026928710937500003,0.0
1,crp_dataset_8_1_2.csv,crp_dataset_8_1_4.csv,0.6509599975492015,0.5117187499980012,0.9999999999923664,131,125,0,0,0.023046875,0.023046875,0.0
1,crp_dataset_8_1_2.csv,crp_dataset_8_1_7.csv,0.6509599975492015,0.8593749999966431,0.9999999999954546,220,36,0,0,0.0095703125,0.0095703125,0.0
1,crp_dataset_8_1_2.csv,crp_dataset_8_1_1.csv,0.6509599975492015,0.5624999999974889,0.9999999999920635,126,98,0,32,0.0252685546875,0.01821986607142857,0.007048688616071431
1,crp_dataset_8_1_2.csv,crp_dataset_8_1_5.csv,0.6509599975492015,0.799999999991111,0.7199999999928,72,18,28,138,0.039282226562499994,0.006874999999999999,0.032407226562499995
1,crp_dataset_8_1_7.csv,crp_dataset_8_1_8.csv,0.7895382382218348,0.7011494252792971,0.4420289855040433,61,26,77,92,0.0283203125,0.011925287356321843,0.016395025143678157
1,crp_dataset_8_1_7.csv,crp_dataset_8_1_3.csv,0.7895382382218348,0.973913043469792,0.6473988439268937,112,3,61,80,0.019604492187500003,0.0004347826086956522,0.01916970957880435
1,crp_dataset_8_1_7.csv,crp_dataset_8_1_6.csv,0.7895382382218348,0.9999999999795919,0.34999999999750003,49,0,91,116,0.026928710937500003,0.0,0.026928710937500003
1,crp_dataset_8_1_7.csv,crp_dataset_8_1_4.csv,0.7895382382218348,0.909090909083396,0.8396946564821398,110,11,21,114,0.023046875,0.002272727272727273,0.020774147727272728
1,crp_dataset_8_1_7.csv,crp_dataset_8_1_2.csv,0.7895382382218348,0.7387387387320834,0.6890756302463102,82,29,37,108,0.03945312499999999,0.011655405405405408,0.027797719594594584
1,crp_dataset_8_1_7.csv,crp_dataset_8_1_1.csv,0.7895382382218348,0.8450704225233088,0.4761904761866969,60,11,66,119,0.0252685546875,0.004665492957746479,0.02060306172975352
1,crp_dataset_8_1_7.csv,crp_dataset_8_1_5.csv,0.7895382382218348,0.7064220183421429,0.7699999999923,77,32,23,124,0.039282226562499994,0.011525229357798166,0.02775699720470183
1,crp_dataset_8_1_1.csv,crp_dataset_8_1_8.csv,0.8081067280961854,0.7878787878668503,0.3768115942001681,52,14,86,104,0.0283203125,0.005587121212121212,0.02273319128787879
1,crp_dataset_8_1_1.csv,crp_dataset_8_1_3.csv,0.8081067280961854,0.9289940828347397,0.9075144508618064,157,12,16,71,0.019604492187500003,0.003143491124260355,0.01646100106323965
1,crp_dataset_8_1_1.csv,crp_dataset_8_1_6.csv,0.8081067280961854,0.5468749999978638,0.9999999999928573,140,116,0,0,0.026928710937500003,0.026928710937500003,0.0
1,crp_dataset_8_1_1.csv,crp_dataset_8_1_4.csv,0.8081067280961854,0.8416666666596527,0.7709923664063284,101,19,30,106,0.023046875,0.006197916666666667,0.016848958333333334
1,crp_dataset_8_1_1.csv,crp_dataset_8_1_2.csv,0.8081067280961854,0.9999999999230769,0.10924369747807358,13,0,106,137,0.03945312499999999,0.0014423076923076926,0.0380108173076923
1,crp_dataset_8_1_1.csv,crp_dataset_8_1_7.csv,0.8081067280961854,0.8764940239008905,0.9999999999954546,220,31,0,5,0.0095703125,0.0075199203187250995,0.002050392181274901
1,crp_dataset_8_1_1.csv,crp_dataset_8_1_5.csv,0.8081067280961854,0.9999999998333333,0.0599999999994,6,0,94,156,0.039282226562499994,0.0,0.039282226562499994
1,crp_dataset_8_1_5.csv,crp_dataset_8_1_8.csv,0.8723876080188817,0.7818181818110743,0.6231884057925856,86,24,52,94,0.0283203125,0.005568181818181818,0.02275213068181818
1,crp_dataset_8_1_5.csv,crp_dataset_8_1_3.csv,0.8723876080188817,0.6757812499973602,0.9999999999942197,173,83,0,0,0.019604492187500003,0.019604492187500003,0.0
1,crp_dataset_8_1_5.csv,crp_dataset_8_1_6.csv,0.8723876080188817,0.5468749999978638,0.9999999999928573,140,116,0,0,0.026928710937500003,0.026928710937500003,0.0
1,crp_dataset_8_1_5.csv,crp_dataset_8_1_4.csv,0.8723876080188817,0.5137254901940639,0.9999999999923664,131,124,0,1,0.023046875,0.02267156862745098,0.00037530637254902174
1,crp_dataset_8_1_5.csv,crp_dataset_8_1_2.csv,0.8723876080188817,0.9302325581179016,0.33613445377868795,40,3,79,134,0.03945312499999999,0.002180232558139535,0.03727289244186046
1,crp_dataset_8_1_5.csv,crp_dataset_8_1_7.csv,0.8723876080188817,0.8593749999966431,0.9999999999954546,220,36,0,0,0.0095703125,0.0095703125,0.0
1,crp_dataset_8_1_5.csv,crp_dataset_8_1_1.csv,0.8723876080188817,0.6871165644129625,0.8888888888818341,112,51,14,79,0.0252685546875,0.012308282208588955,0.012960272478911045
2,crp_dataset_8_1_8.csv|crp_dataset_8_1_3.csv,crp_dataset_8_1_6.csv,0.613921331762241,0.7986577181154453,0.8499999999939286,119,30,21,86,0.026928710937500003,0.007969798657718121,0.01895891227978188
2,crp_dataset_8_1_8.csv|crp_dataset_8_1_3.csv,crp_dataset_8_1_4.csv,0.613921331762241,0.8793103448200059,0.7786259541925297,102,14,29,111,0.023046875,0.004795258620689654,0.018251616379310345
2,crp_dataset_8_1_8.csv|crp_dataset_8_1_3.csv,crp_dataset_8_1_2.csv,0.613921331762241,0.9565217391096409,0.3697478991565567,44,2,75,135,0.03945312499999999,0.0019021739130434781,0.03755095108695651
2,crp_dataset_8_1_8.csv|crp_dataset_8_1_3.csv,crp_dataset_8_1_7.csv,0.613921331762241,0.981818181813719,0.981818181813719,216,4,4,32,0.0095703125,0.0007102272727272729,0.008860085227272729
2,crp_dataset_8_1_8.csv|crp_dataset_8_1_3.csv,crp_dataset_8_1_1.csv,0.613921331762241,0.9468085106282254,0.7063492063436004,89,5,37,125,0.0252685546875,0.001196808510638298,0.0240717461768617
2,crp_dataset_8_1_8.csv|crp_dataset_8_1_3.csv,crp_dataset_8_1_5.csv,0.613921331762241,0.9322033898147085,0.5499999999945,55,4,45,152,0.039282226562499994,0.002860169491525424,0.03642205707097457
2,crp_dataset_8_1_8.csv|crp_dataset_8_1_6.csv,crp_dataset_8_1_3.csv,0.6114527434372844,0.9692307692233136,0.7283236994177554,126,4,47,79,0.019604492187500003,0.0016826923076923078,0.017921799879807694
2,crp_dataset_8_1_8.csv|crp_dataset_8_1_6.csv,crp_dataset_8_1_4.csv,0.6114527434372844,0.934579439243602,0.7633587786201271,100,7,31,118,0.023046875,0.0031542056074766356,0.019892669392523366
2,crp_dataset_8_1_8.csv|crp_dataset_8_1_6.csv,crp_dataset_8_1_2.csv,0.6114527434372844,0.922077922065947,0.5966386554571711,71,6,48,131,0.03945312499999999,0.002516233766233766,0.03693689123376623
2,crp_dataset_8_1_8.csv|crp_dataset_8_1_6.csv,crp_dataset_8_1_7.csv,0.6114527434372844,0.9952606635023922,0.9545454545411157,210,1,10,35,0.0095703125,0.00035545023696682463,0.009214862263033176
2,crp_dataset_8_1_8.csv|crp_dataset_8_1_6.csv,crp_dataset_8_1_1.csv,0.6114527434372844,0.95604395603345,0.6904761904707105,87,4,39,126,0.0252685546875,0.0009615384615384615,0.02430701622596154
2,crp_dataset_8_1_8.csv|crp_dataset_8_1_6.csv,crp_dataset_8_1_5.csv,0.6114527434372844,0.9285714285581632,0.6499999999935,65,5,35,151,0.039282226562499994,0.002410714285714286,0.03687151227678571
2,crp_dataset_8_1_8.csv|crp_dataset_8_1_4.csv,crp_dataset_8_1_3.csv,0.607383512076722,0.999999999990566,0.6127167630022387,106,0,67,83,0.019604492187500003,0.0,0.019604492187500003
2,crp_dataset_8_1_8.csv|crp_dataset_8_1_4.csv,crp_dataset_8_1_6.csv,0.607383512076722,0.9999999999861111,0.5142857142820408,72,0,68,116,0.026928710937500003,0.0,0.026928710937500003
2,crp_dataset_8_1_8.csv|crp_dataset_8_1_4.csv,crp_dataset_8_1_2.csv,0.607383512076722,0.9078947368301592,0.5798319327682366,69,7,50,130,0.03945312499999999,0.0023026315789473686,0.03715049342105262
2,crp_dataset_8_1_8.csv|crp_dataset_8_1_4.csv,crp_dataset_8_1_7.csv,0.607383512076722,0.9999999999944446,0.8181818181780992,180,0,40,36,0.0095703125,0.0,0.0095703125
2,crp_dataset_8_1_8.csv|crp_dataset_8_1_4.csv,crp_dataset_8_1_1.csv,0.607383512076722,0.910447761180441,0.4841269841231418,61,6,65,124,0.0252685546875,0.001958955223880597,0.023309599463619404
2,crp_dataset_8_1_8.csv|crp_dataset_8_1_4.csv,crp_dataset_8_1_5.csv,0.607383512076722,0.7755102040737193,0.7599999999924,76,22,24,134,0.039282226562499994,0.00669642857142857,0.032585797991071426
2,crp_dataset_8_1_8.csv|crp_dataset_8_1_2.csv,crp_dataset_8_1_3.csv,0.6330355009972937,0.982905982897582,0.6647398843892212,115,2,58,81,0.019604492187500003,0.0006410256410256411,0.01896346654647436
2,crp_dataset_8_1_8.csv|crp_dataset_8_1_2.csv,crp_dataset_8_1_6.csv,0.6330355009972937,0.8437499999912109,0.5785714285672959,81,15,59,101,0.026928710937500003,0.006575520833333333,0.02035319010416667
2,crp_dataset_8_1_8.csv|crp_dataset_8_1_2.csv,crp_dataset_8_1_4.csv,0.6330355009972937,0.89830508473815,0.8091603053373347,106,12,25,113,0.023046875,0.0038665254237288138,0.019180349576271186
2,crp_dataset_8_1_8.csv|crp_dataset_8_1_2.csv,crp_dataset_8_1_7.csv,0.6330355009972937,0.9999999999946809,0.8545454545415703,188,0,32,36,0.0095703125,0.0,0.0095703125
2,crp_dataset_8_1_8.csv|crp_dataset_8_1_2.csv,crp_dataset_8_1_1.csv,0.6330355009972937,0.799999999991111,0.5714285714240362,72,18,54,112,0.0252685546875,0.007708333333333333,0.01756022135416667
2,crp_dataset_8_1_8.csv|crp_dataset_8_1_2.csv,crp_dataset_8_1_5.csv,0.6330355009972937,0.7499999999927884,0.7799999999921999,78,26,22,130,0.039282226562499994,0.007692307692307693,0.0315899188701923
2,crp_dataset_8_1_8.csv|crp_dataset_8_1_7.csv,crp_dataset_8_1_3.csv,0.6068629987506281,0.9448818897563395,0.6936416184931004,120,7,53,76,0.019604492187500003,0.0017224409448818897,0.017882051242618113
2,crp_dataset_8_1_8.csv|crp_dataset_8_1_7.csv,crp_dataset_8_1_6.csv,0.6068629987506281,0.8141592920281933,0.6571428571381633,92,21,48,95,0.026928710937500003,0.007356194690265486,0.019572516247234516
2,crp_dataset_8_1_8.csv|crp_dataset_8_1_7.csv,crp_dataset_8_1_4.csv,0.6068629987506281,0.8503937007807055,0.8244274809097373,108,19,23,106,0.023046875,0.0060039370078740165,0.017042937992125987
2,crp_dataset_8_1_8.csv|crp_dataset_8_1_7.csv,crp_dataset_8_1_2.csv,0.6068629987506281,0.9589041095759053,0.5882352941127039,70,3,49,134,0.03945312499999999,0.001797945205479452,0.03765517979452054
2,crp_dataset_8_1_8.csv|crp_dataset_8_1_7.csv,crp_dataset_8_1_1.csv,0.6068629987506281,0.8775510203992086,0.6825396825342656,86,12,40,118,0.0252685546875,0.003826530612244898,0.0214420240752551
2,crp_dataset_8_1_8.csv|crp_dataset_8_1_7.csv,crp_dataset_8_1_5.csv,0.6068629987506281,0.7977528089798005,0.7099999999929,71,18,29,138,0.039282226562499994,0.006460674157303371,0.03282155240519662
2,crp_dataset_8_1_8.csv|crp_dataset_8_1_1.csv,crp_dataset_8_1_3.csv,0.6271032958186106,0.952755905504309,0.6994219653138762,121,6,52,77,0.019604492187500003,0.0027066929133858267,0.016897799274114177
2,crp_dataset_8_1_8.csv|crp_dataset_8_1_1.csv,crp_dataset_8_1_6.csv,0.6271032958186106,0.9399999999905999,0.6714285714237755,94,6,46,110,0.026928710937500003,0.0023125000000000003,0.0246162109375
2,crp_dataset_8_1_8.csv|crp_dataset_8_1_1.csv,crp_dataset_8_1_4.csv,0.6271032958186106,0.8739495798245887,0.7938931297649322,104,15,27,110,0.023046875,0.005357142857142857,0.017689732142857142
2,crp_dataset_8_1_8.csv|crp_dataset_8_1_1.csv,crp_dataset_8_1_2.csv,0.6271032958186106,0.8780487804770969,0.6050420168016383,72,10,47,127,0.03945312499999999,0.0033536585365853662,0.03609946646341462
2,crp_dataset_8_1_8.csv|crp_dataset_8_1_1.csv,crp_dataset_8_1_7.csv,0.6271032958186106,0.9863636363591529,0.9863636363591529,217,3,3,33,0.0095703125,0.0007102272727272727,0.008860085227272729
2,crp_dataset_8_1_8.csv|crp_dataset_8_1_1.csv,crp_dataset_8_1_5.csv,0.6271032958186106,0.8499999999893749,0.6799999999931999,68,12,32,144,0.039282226562499994,0.0043749999999999995,0.0349072265625
2,crp_dataset_8_1_8.csv|crp_dataset_8_1_5.csv,crp_dataset_8_1_3.csv,0.6018426025615974,0.8397790055202222,0.8786127167579272,152,29,21,54,0.019604492187500003,0.008529005524861879,0.011075486662638124
2,crp_dataset_8_1_8.csv|crp_dataset_8_1_5.csv,crp_dataset_8_1_6.csv,0.6018426025615974,0.7262569832361662,0.928571428564796,130,49,10,67,0.026928710937500003,0.01407122905027933,0.012857481887220672
2,crp_dataset_8_1_8.csv|crp_dataset_8_1_5.csv,crp_dataset_8_1_4.csv,0.6018426025615974,0.7058823529370243,0.9160305343441525,120,50,11,75,0.023046875,0.011874999999999998,0.011171875000000003
2,crp_dataset_8_1_8.csv|crp_dataset_8_1_5.csv,crp_dataset_8_1_2.csv,0.6018426025615974,0.9791666666462674,0.39495798318995834,47,1,72,136,0.03945312499999999,0.0013020833333333333,0.038151041666666656
2,crp_dataset_8_1_8.csv|crp_dataset_8_1_5.csv,crp_dataset_8_1_7.csv,0.6018426025615974,0.9399141630860949,0.9954545454500207,219,14,1,22,0.0095703125,0.0023605150214592273,0.007209797478540773
2,crp_dataset_8_1_8.csv|crp_dataset_8_1_5.csv,crp_dataset_8_1_1.csv,0.6018426025615974,0.791304347819206,0.7222222222164902,91,24,35,106,0.0252685546875,0.008043478260869565,0.017225076426630435
2,crp_dataset_8_1_3.csv|crp_dataset_8_1_6.csv,crp_dataset_8_1_8.csv,0.7027435521059178,0.7974683544202852,0.4565217391271267,63,16,75,102,0.0283203125,0.005379746835443036,0.022940565664556965
2,crp_dataset_8_1_3.csv|crp_dataset_8_1_6.csv,crp_dataset_8_1_4.csv,0.7027435521059178,0.9320388349424074,0.7328244274753221,96,7,35,118,0.023046875,0.003398058252427185,0.019648816747572816
2,crp_dataset_8_1_3.csv|crp_dataset_8_1_6.csv,crp_dataset_8_1_2.csv,0.7027435521059178,0.909090909070248,0.33613445377868795,40,4,79,133,0.03945312499999999,0.0028409090909090914,0.0366122159090909
2,crp_dataset_8_1_3.csv|crp_dataset_8_1_6.csv,crp_dataset_8_1_7.csv,0.7027435521059178,0.9999999999950739,0.9227272727230785,203,0,17,36,0.0095703125,0.0001539408866995074,0.009416371613300493
2,crp_dataset_8_1_3.csv|crp_dataset_8_1_6.csv,crp_dataset_8_1_1.csv,0.7027435521059178,0.9550561797645499,0.6746031745978206,85,4,41,126,0.0252685546875,0.001053370786516854,0.024215183900983147
2,crp_dataset_8_1_3.csv|crp_dataset_8_1_6.csv,crp_dataset_8_1_5.csv,0.7027435521059178,0.9649122806848262,0.5499999999945,55,2,45,154,0.039282226562499994,0.0018640350877192982,0.0374181914747807
2,crp_dataset_8_1_3.csv|crp_dataset_8_1_4.csv,crp_dataset_8_1_8.csv,0.6219610573328216,0.7678571428434312,0.3115942028962928,43,13,95,105,0.0283203125,0.0054687500000000005,0.0228515625
2,crp_dataset_8_1_3.csv|crp_dataset_8_1_4.csv,crp_dataset_8_1_6.csv,0.6219610573328216,0.6542056074735785,0.9999999999928573,140,74,0,42,0.026928710937500003,0.017026869158878504,0.009901841778621499
2,crp_dataset_8_1_3.csv|crp_dataset_8_1_4.csv,crp_dataset_8_1_2.csv,0.6219610573328216,0.999999999875,0.06722689075573758,8,0,111,137,0.03945312499999999,0.0015625,0.03789062499999999
2,crp_dataset_8_1_3.csv|crp_dataset_8_1_4.csv,crp_dataset_8_1_7.csv,0.6219610573328216,0.9361702127619738,0.9999999999954546,220,15,0,21,0.0095703125,0.002154255319148936,0.007416057180851065
2,crp_dataset_8_1_3.csv|crp_dataset_8_1_4.csv,crp_dataset_8_1_1.csv,0.6219610573328216,0.9444444444313271,0.5396825396782565,68,4,58,126,0.0252685546875,0.0012152777777777778,0.024053276909722223
2,crp_dataset_8_1_3.csv|crp_dataset_8_1_4.csv,crp_dataset_8_1_5.csv,0.6219610573328216,0.9999999998888889,0.0899999999991,9,0,91,156,0.039282226562499994,0.0,0.039282226562499994
2,crp_dataset_8_1_3.csv|crp_dataset_8_1_2.csv,crp_dataset_8_1_8.csv,0.6448517485103576,0.8058252427106231,0.6014492753579606,83,20,55,98,0.0283203125,0.0051577669902912624,0.023162545509708737
2,crp_dataset_8_1_3.csv|crp_dataset_8_1_2.csv,crp_dataset_8_1_6.csv,0.6448517485103576,0.772727272722255,0.8499999999939286,119,35,21,81,0.026928710937500003,0.010551948051948052,0.01637676288555195
2,crp_dataset_8_1_3.csv|crp_dataset_8_1_2.csv,crp_dataset_8_1_4.csv,0.6448517485103576,0.8102189780962759,0.8473282442683411,111,26,20,99,0.023046875,0.007162408759124088,0.015884466240875913
2,crp_dataset_8_1_3.csv|crp_dataset_8_1_2.csv,crp_dataset_8_1_7.csv,0.6448517485103576,0.9322033898265585,0.9999999999954546,220,16,0,20,0.0095703125,0.0023834745762711866,0.007186837923728814
2,crp_dataset_8_1_3.csv|crp_dataset_8_1_2.csv,crp_dataset_8_1_1.csv,0.6448517485103576,0.9199999999908,0.7301587301529352,92,8,34,122,0.0252685546875,0.002,0.023268554687499998
2,crp_dataset_8_1_3.csv|crp_dataset_8_1_2.csv,crp_dataset_8_1_5.csv,0.6448517485103576,0.8607594936599904,0.6799999999931999,68,11,32,145,0.039282226562499994,0.004113924050632912,0.03516830251186708
2,crp_dataset_8_1_3.csv|crp_dataset_8_1_7.csv,crp_dataset_8_1_8.csv,0.6274232619994206,0.7692307692159763,0.28985507246166775,40,12,98,106,0.0283203125,0.005528846153846153,0.022791466346153845
2,crp_dataset_8_1_3.csv|crp_dataset_8_1_7.csv,crp_dataset_8_1_6.csv,0.6274232619994206,0.6222222222194568,0.9999999999928573,140,85,0,31,0.026928710937500003,0.019388888888888893,0.00753982204861111
2,crp_dataset_8_1_3.csv|crp_dataset_8_1_7.csv,crp_dataset_8_1_4.csv,0.6274232619994206,0.9780219780112305,0.6793893129719131,89,2,42,123,0.023046875,0.0009615384615384616,0.02208533653846154
2,crp_dataset_8_1_3.csv|crp_dataset_8_1_7.csv,crp_dataset_8_1_2.csv,0.6274232619994206,0.9999999995,0.016806722688934395,2,0,117,137,0.03945312499999999,0.0,0.03945312499999999
2,crp_dataset_8_1_3.csv|crp_dataset_8_1_7.csv,crp_dataset_8_1_1.csv,0.6274232619994206,0.9655172413626636,0.4444444444409171,56,2,70,128,0.0252685546875,0.0007543103448275863,0.024514244342672412
2,crp_dataset_8_1_3.csv|crp_dataset_8_1_7.csv,crp_dataset_8_1_5.csv,0.6274232619994206,0.0,0.0,0,0,100,156,0.039282226562499994,,
2,crp_dataset_8_1_3.csv|crp_dataset_8_1_1.csv,crp_dataset_8_1_8.csv,0.6300071397841122,0.7866666666561778,0.4275362318809599,59,16,79,102,0.0283203125,0.005416666666666666,0.022903645833333333
2,crp_dataset_8_1_3.csv|crp_dataset_8_1_1.csv,crp_dataset_8_1_6.csv,0.6300071397841122,0.6799999999966,0.9714285714216327,136,64,4,52,0.026928710937500003,0.014875000000000001,0.012053710937500002
2,crp_dataset_8_1_3.csv|crp_dataset_8_1_1.csv,crp_dataset_8_1_4.csv,0.6300071397841122,0.8547008546935495,0.7633587786201271,100,17,31,108,0.023046875,0.0057692307692307696,0.017277644230769232
2,crp_dataset_8_1_3.csv|crp_dataset_8_1_1.csv,crp_dataset_8_1_2.csv,0.6300071397841122,0.9565217390888469,0.18487394957827835,22,1,97,136,0.03945312499999999,0.002173913043478261,0.03727921195652173
2,crp_dataset_8_1_3.csv|crp_dataset_8_1_1.csv,crp_dataset_8_1_7.csv,0.6300071397841122,0.9523809523768295,0.9999999999954546,220,11,0,25,0.0095703125,0.0019209956709956713,0.007649316829004329
2,crp_dataset_8_1_3.csv|crp_dataset_8_1_1.csv,crp_dataset_8_1_5.csv,0.6300071397841122,0.9999999999705883,0.33999999999659997,34,0,66,156,0.039282226562499994,0.0005514705882352942,0.0387307559742647
2,crp_dataset_8_1_3.csv|crp_dataset_8_1_5.csv,crp_dataset_8_1_8.csv,0.6125623354817399,0.8118811881107735,0.5942028985464188,82,19,56,99,0.0283203125,0.005136138613861386,0.023184173886138613
2,crp_dataset_8_1_3.csv|crp_dataset_8_1_5.csv,crp_dataset_8_1_6.csv,0.6125623354817399,0.8028169014027972,0.814285714279898,114,28,26,88,0.026928710937500003,0.008098591549295774,0.01883011938820423
2,crp_dataset_8_1_3.csv|crp_dataset_8_1_5.csv,crp_dataset_8_1_4.csv,0.6125623354817399,0.8527131782879636,0.8396946564821398,110,19,21,106,0.023046875,0.005281007751937986,0.017765867248062017
2,crp_dataset_8_1_3.csv|crp_dataset_8_1_5.csv,crp_dataset_8_1_2.csv,0.6125623354817399,0.9629629629451304,0.4369747899122943,52,2,67,135,0.03945312499999999,0.001736111111111111,0.03771701388888888
2,crp_dataset_8_1_3.csv|crp_dataset_8_1_5.csv,crp_dataset_8_1_7.csv,0.6125623354817399,0.9442060085796387,0.9999999999954546,220,13,0,23,0.0095703125,0.0017972103004291844,0.007773102199570816
2,crp_dataset_8_1_3.csv|crp_dataset_8_1_5.csv,crp_dataset_8_1_1.csv,0.6125623354817399,0.9462365591296104,0.6984126984071555,88,5,38,125,0.0252685546875,0.00114247311827957,0.02412608156922043
2,crp_dataset_8_1_6.csv|crp_dataset_8_1_4.csv,crp_dataset_8_1_8.csv,0.7128343388903418,0.7906976744002164,0.2463768115924176,34,9,104,109,0.0283203125,0.005377906976744186,0.022942405523255813
2,crp_dataset_8_1_6.csv|crp_dataset_8_1_4.csv,crp_dataset_8_1_3.csv,0.7128343388903418,0.9999999999904762,0.6069364161814629,105,0,68,83,0.019604492187500003,0.0,0.019604492187500003
2,crp_dataset_8_1_6.csv|crp_dataset_8_1_4.csv,crp_dataset_8_1_2.csv,0.7128343388903418,0.9999999999285715,0.11764705882254078,14,0,105,137,0.03945312499999999,0.0013392857142857145,0.038113839285714275
2,crp_dataset_8_1_6.csv|crp_dataset_8_1_4.csv,crp_dataset_8_1_7.csv,0.7128343388903418,0.9999999999952607,0.9590909090865496,211,0,9,36,0.0095703125,0.00023696682464454977,0.00933334567535545
2,crp_dataset_8_1_6.csv|crp_dataset_8_1_4.csv,crp_dataset_8_1_1.csv,0.7128343388903418,0.964285714268495,0.4285714285680272,54,2,72,128,0.0252685546875,0.0006696428571428573,0.024598911830357142
2,crp_dataset_8_1_6.csv|crp_dataset_8_1_4.csv,crp_dataset_8_1_5.csv,0.7128343388903418,0.9999999999696971,0.3299999999967,33,0,67,156,0.039282226562499994,0.0003787878787878788,0.03890343868371211
2,crp_dataset_8_1_6.csv|crp_dataset_8_1_2.csv,crp_dataset_8_1_8.csv,0.624280830272545,0.816326530603915,0.5797101449233355,80,18,58,100,0.0283203125,0.00510204081632653,0.02321827168367347
2,crp_dataset_8_1_6.csv|crp_dataset_8_1_2.csv,crp_dataset_8_1_3.csv,0.624280830272545,0.9259259259190673,0.7225433525969795,125,10,48,73,0.019604492187500003,0.002824074074074074,0.01678041811342593
2,crp_dataset_8_1_6.csv|crp_dataset_8_1_2.csv,crp_dataset_8_1_4.csv,0.624280830272545,0.8730158730089443,0.8396946564821398,110,16,21,109,0.023046875,0.0050099206349206345,0.018036954365079367
2,crp_dataset_8_1_6.csv|crp_dataset_8_1_2.csv,crp_dataset_8_1_7.csv,0.624280830272545,0.9401709401669224,0.9999999999954546,220,14,0,22,0.0095703125,0.0019764957264957264,0.007593816773504274
2,crp_dataset_8_1_6.csv|crp_dataset_8_1_2.csv,crp_dataset_8_1_1.csv,0.624280830272545,0.919540229874488,0.6349206349155958,80,7,46,123,0.0252685546875,0.0017241379310344827,0.023544416756465517
2,crp_dataset_8_1_6.csv|crp_dataset_8_1_2.csv,crp_dataset_8_1_5.csv,0.624280830272545,0.8658536585260261,0.7099999999929,71,11,29,145,0.039282226562499994,0.003734756097560975,0.03554747046493902
2,crp_dataset_8_1_6.csv|crp_dataset_8_1_7.csv,crp_dataset_8_1_8.csv,0.6695988938045749,0.7843137254748175,0.28985507246166775,40,11,98,107,0.0283203125,0.0055147058823529415,0.022805606617647058
2,crp_dataset_8_1_6.csv|crp_dataset_8_1_7.csv,crp_dataset_8_1_3.csv,0.6695988938045749,0.9999999999900989,0.5838150288983595,101,0,72,83,0.019604492187500003,0.0,0.019604492187500003
2,crp_dataset_8_1_6.csv|crp_dataset_8_1_7.csv,crp_dataset_8_1_4.csv,0.6695988938045749,0.9999999999894736,0.7251908396891208,95,0,36,125,0.023046875,6.578947368421052e-05,0.02298108552631579
2,crp_dataset_8_1_6.csv|crp_dataset_8_1_7.csv,crp_dataset_8_1_2.csv,0.6695988938045749,0.9999999999230769,0.10924369747807358,13,0,106,137,0.03945312499999999,0.0014423076923076926,0.0380108173076923
2,crp_dataset_8_1_6.csv|crp_dataset_8_1_7.csv,crp_dataset_8_1_1.csv,0.6695988938045749,0.9999999999833334,0.4761904761866969,60,0,66,130,0.0252685546875,0.00010416666666666667,0.025164388020833334
2,crp_dataset_8_1_6.csv|crp_dataset_8_1_7.csv,crp_dataset_8_1_5.csv,0.6695988938045749,0.9999999999655173,0.28999999999709997,29,0,71,156,0.039282226562499994,0.00043103448275862074,0.03885119207974137
2,crp_dataset_8_1_6.csv|crp_dataset_8_1_1.csv,crp_dataset_8_1_8.csv,0.607807203836395,0.7916666666584201,0.5507246376771687,76,20,62,98,0.0283203125,0.005403645833333334,0.022916666666666665
2,crp_dataset_8_1_6.csv|crp_dataset_8_1_1.csv,crp_dataset_8_1_3.csv,0.607807203836395,0.9635036496280037,0.7630057803424104,132,5,41,78,0.019604492187500003,0.0019616788321167884,0.017642813355383216
2,crp_dataset_8_1_6.csv|crp_dataset_8_1_1.csv,crp_dataset_8_1_4.csv,0.607807203836395,0.8782608695575803,0.7709923664063284,101,14,30,111,0.023046875,0.004728260869565217,0.018318614130434785
2,crp_dataset_8_1_6.csv|crp_dataset_8_1_1.csv,crp_dataset_8_1_2.csv,0.607807203836395,0.912280701738381,0.4369747899122943,52,5,67,132,0.03945312499999999,0.0027412280701754384,0.03671189692982455
2,crp_dataset_8_1_6.csv|crp_dataset_8_1_1.csv,crp_dataset_8_1_7.csv,0.607807203836395,0.9774774774730745,0.9863636363591529,217,5,3,31,0.0095703125,0.0008164414414414416,0.008753871058558559
2,crp_dataset_8_1_6.csv|crp_dataset_8_1_1.csv,crp_dataset_8_1_5.csv,0.607807203836395,0.9365079364930714,0.5899999999941,59,4,41,152,0.039282226562499994,0.0024801587301587305,0.036802067832341266
2,crp_dataset_8_1_6.csv|crp_dataset_8_1_5.csv,crp_dataset_8_1_8.csv,0.6507120491283217,0.8085106382892712,0.5507246376771687,76,18,62,100,0.0283203125,0.005252659574468085,0.023067652925531916
2,crp_dataset_8_1_6.csv|crp_dataset_8_1_5.csv,crp_dataset_8_1_3.csv,0.6507120491283217,0.9826086956436294,0.6531791907476695,113,2,60,81,0.019604492187500003,0.0010869565217391304,0.01851753566576087
2,crp_dataset_8_1_6.csv|crp_dataset_8_1_5.csv,crp_dataset_8_1_4.csv,0.6507120491283217,0.9629629629540466,0.7938931297649322,104,4,27,121,0.023046875,0.0012731481481481483,0.021773726851851853
2,crp_dataset_8_1_6.csv|crp_dataset_8_1_5.csv,crp_dataset_8_1_2.csv,0.6507120491283217,0.9787234042344953,0.3865546218454911,46,1,73,136,0.03945312499999999,0.0010638297872340426,0.03838929521276595
2,crp_dataset_8_1_6.csv|crp_dataset_8_1_5.csv,crp_dataset_8_1_7.csv,0.6507120491283217,0.9775784753319392,0.9909090909045868,218,5,2,31,0.0095703125,0.0007567264573991032,0.008813586042600897
2,crp_dataset_8_1_6.csv|crp_dataset_8_1_5.csv,crp_dataset_8_1_1.csv,0.6507120491283217,0.9493670885955776,0.5952380952333711,75,4,51,126,0.0252685546875,0.0011075949367088606,0.02416095975079114
2,crp_dataset_8_1_4.csv|crp_dataset_8_1_2.csv,crp_dataset_8_1_8.csv,0.61400213537457,0.8199999999918,0.5942028985464188,82,18,56,100,0.0283203125,0.004999999999999999,0.023320312500000002
2,crp_dataset_8_1_4.csv|crp_dataset_8_1_2.csv,crp_dataset_8_1_3.csv,0.61400213537457,0.9826086956436294,0.6531791907476695,113,2,60,81,0.019604492187500003,0.0004347826086956522,0.01916970957880435
2,crp_dataset_8_1_4.csv|crp_dataset_8_1_2.csv,crp_dataset_8_1_6.csv,0.61400213537457,0.9390243902324509,0.5499999999960715,77,5,63,111,0.026928710937500003,0.0021341463414634144,0.02479456459603659
2,crp_dataset_8_1_4.csv|crp_dataset_8_1_2.csv,crp_dataset_8_1_7.csv,0.61400213537457,0.999999999995025,0.9136363636322108,201,0,19,36,0.0095703125,0.00012437810945273634,0.009445934390547264
2,crp_dataset_8_1_4.csv|crp_dataset_8_1_2.csv,crp_dataset_8_1_1.csv,0.61400213537457,0.8749999999878472,0.49999999999603173,63,9,63,121,0.0252685546875,0.0032986111111111115,0.021969943576388887
2,crp_dataset_8_1_4.csv|crp_dataset_8_1_2.csv,crp_dataset_8_1_5.csv,0.61400213537457,0.827956989238409,0.7699999999923,77,16,23,140,0.039282226562499994,0.004905913978494624,0.03437631258400537
2,crp_dataset_8_1_4.csv|crp_dataset_8_1_7.csv,crp_dataset_8_1_8.csv,0.6049446666051173,0.8493150684815162,0.449275362315585,62,11,76,107,0.0283203125,0.004366438356164384,0.023953874143835617
2,crp_dataset_8_1_4.csv|crp_dataset_8_1_7.csv,crp_dataset_8_1_3.csv,0.6049446666051173,0.9655172413709869,0.6473988439268937,112,4,61,79,0.019604492187500003,0.0007004310344827586,0.018904061153017244
2,crp_dataset_8_1_4.csv|crp_dataset_8_1_7.csv,crp_dataset_8_1_6.csv,0.6049446666051173,0.8141592920281933,0.6571428571381633,92,21,48,95,0.026928710937500003,0.008904867256637167,0.018023843680862836
2,crp_dataset_8_1_4.csv|crp_dataset_8_1_7.csv,crp_dataset_8_1_2.csv,0.6049446666051173,0.9772727272505166,0.36134453781208953,43,1,76,136,0.03945312499999999,0.0008522727272727274,0.03860085227272726
2,crp_dataset_8_1_4.csv|crp_dataset_8_1_7.csv,crp_dataset_8_1_1.csv,0.6049446666051173,0.9295774647756397,0.5238095238053666,66,5,60,125,0.0252685546875,0.0014964788732394366,0.023772075814260562
2,crp_dataset_8_1_4.csv|crp_dataset_8_1_7.csv,crp_dataset_8_1_5.csv,0.6049446666051173,0.9264705882216695,0.6299999999936999,63,5,37,151,0.039282226562499994,0.0025735294117647063,0.03670869715073529
2,crp_dataset_8_1_4.csv|crp_dataset_8_1_1.csv,crp_dataset_8_1_8.csv,0.6042245157996392,0.8139534883626284,0.5072463768079185,70,16,68,102,0.0283203125,0.005159883720930232,0.023160428779069767
2,crp_dataset_8_1_4.csv|crp_dataset_8_1_1.csv,crp_dataset_8_1_3.csv,0.6042245157996392,0.9846153846078107,0.7398843930593071,128,2,45,81,0.019604492187500003,0.0009615384615384616,0.01864295372596154
2,crp_dataset_8_1_4.csv|crp_dataset_8_1_1.csv,crp_dataset_8_1_6.csv,0.6042245157996392,0.8688524590092717,0.757142857137449,106,16,34,100,0.026928710937500003,0.005584016393442623,0.02134469454405738
2,crp_dataset_8_1_4.csv|crp_dataset_8_1_1.csv,crp_dataset_8_1_2.csv,0.6042245157996392,0.94594594592038,0.29411764705635196,35,2,84,135,0.03945312499999999,0.0018581081081081082,0.03759501689189188
2,crp_dataset_8_1_4.csv|crp_dataset_8_1_1.csv,crp_dataset_8_1_7.csv,0.6042245157996392,0.9908256880688495,0.981818181813719,216,2,4,34,0.0095703125,0.00043004587155963305,0.009140266628440367
2,crp_dataset_8_1_4.csv|crp_dataset_8_1_1.csv,crp_dataset_8_1_5.csv,0.6042245157996392,0.9649122806848262,0.5499999999945,55,2,45,154,0.039282226562499994,0.0015350877192982458,0.03774713884320175
2,crp_dataset_8_1_4.csv|crp_dataset_8_1_5.csv,crp_dataset_8_1_8.csv,0.6220674472215556,0.8266666666556444,0.449275362315585,62,13,76,105,0.0283203125,0.004916666666666667,0.023403645833333334
2,crp_dataset_8_1_4.csv|crp_dataset_8_1_5.csv,crp_dataset_8_1_3.csv,0.6220674472215556,0.973913043469792,0.6473988439268937,112,3,61,80,0.019604492187500003,0.0005978260869565218,0.01900666610054348
2,crp_dataset_8_1_4.csv|crp_dataset_8_1_5.csv,crp_dataset_8_1_6.csv,0.6220674472215556,0.8791208791112184,0.5714285714244899,80,11,60,105,0.026928710937500003,0.004876373626373626,0.022052337311126376
2,crp_dataset_8_1_4.csv|crp_dataset_8_1_5.csv,crp_dataset_8_1_2.csv,0.6220674472215556,0.9795918367147023,0.4033613445344255,48,1,71,136,0.03945312499999999,0.0008928571428571429,0.03856026785714285
2,crp_dataset_8_1_4.csv|crp_dataset_8_1_5.csv,crp_dataset_8_1_7.csv,0.6220674472215556,0.9953488372046728,0.9727272727228513,214,1,6,35,0.0095703125,0.00029069767441860465,0.009279614825581397
2,crp_dataset_8_1_4.csv|crp_dataset_8_1_5.csv,crp_dataset_8_1_1.csv,0.6220674472215556,0.9230769230627218,0.4761904761866969,60,5,66,125,0.0252685546875,0.0016346153846153845,0.023633939302884616
2,crp_dataset_8_1_2.csv|crp_dataset_8_1_7.csv,crp_dataset_8_1_8.csv,0.6341078074571882,0.8148148148072702,0.637681159415669,88,20,50,98,0.0283203125,0.004976851851851851,0.02334346064814815
2,crp_dataset_8_1_2.csv|crp_dataset_8_1_7.csv,crp_dataset_8_1_3.csv,0.6341078074571882,0.9411764705803263,0.6473988439268937,112,7,61,76,0.019604492187500003,0.0017857142857142859,0.017818777901785716
2,crp_dataset_8_1_2.csv|crp_dataset_8_1_7.csv,crp_dataset_8_1_6.csv,0.6341078074571882,0.8367346938690129,0.5857142857101021,82,16,58,100,0.026928710937500003,0.006951530612244897,0.019977180325255105
2,crp_dataset_8_1_2.csv|crp_dataset_8_1_7.csv,crp_dataset_8_1_4.csv,0.6341078074571882,0.8661417322766445,0.8396946564821398,110,17,21,108,0.023046875,0.004625984251968503,0.0184208907480315
2,crp_dataset_8_1_2.csv|crp_dataset_8_1_7.csv,crp_dataset_8_1_1.csv,0.6341078074571882,0.881720430098046,0.6507936507884857,82,11,44,119,0.0252685546875,0.003561827956989247,0.02170672673051075
2,crp_dataset_8_1_2.csv|crp_dataset_8_1_7.csv,crp_dataset_8_1_5.csv,0.6341078074571882,0.793814432981507,0.7699999999923,77,20,23,136,0.039282226562499994,0.006443298969072166,0.032838927593427825
2,crp_dataset_8_1_2.csv|crp_dataset_8_1_1.csv,crp_dataset_8_1_8.csv,0.67395630261888,0.8095238095160997,0.615942028981044,85,20,53,98,0.0283203125,0.0051190476190476186,0.02320126488095238
2,crp_dataset_8_1_2.csv|crp_dataset_8_1_1.csv,crp_dataset_8_1_3.csv,0.67395630261888,0.9108280254719057,0.8265895953709447,143,14,30,69,0.019604492187500003,0.0036624203821656047,0.0159420718053344
2,crp_dataset_8_1_2.csv|crp_dataset_8_1_1.csv,crp_dataset_8_1_6.csv,0.67395630261888,0.8014184397106283,0.8071428571370919,113,28,27,88,0.026928710937500003,0.009086879432624113,0.01784183150487589
2,crp_dataset_8_1_2.csv|crp_dataset_8_1_1.csv,crp_dataset_8_1_4.csv,0.67395630261888,0.8161764705822341,0.8473282442683411,111,25,20,100,0.023046875,0.006433823529411764,0.01661305147058824
2,crp_dataset_8_1_2.csv|crp_dataset_8_1_1.csv,crp_dataset_8_1_7.csv,0.67395630261888,0.9205020920463578,0.9999999999954546,220,19,0,17,0.0095703125,0.003085774058577406,0.006484538441422594
2,crp_dataset_8_1_2.csv|crp_dataset_8_1_1.csv,crp_dataset_8_1_5.csv,0.67395630261888,0.8414634146238845,0.6899999999931,69,13,31,143,0.039282226562499994,0.004573170731707318,0.03470905583079267
2,crp_dataset_8_1_2.csv|crp_dataset_8_1_5.csv,crp_dataset_8_1_8.csv,0.6320170330930805,0.6751592356644894,0.7681159420234195,106,51,32,67,0.0283203125,0.017635350318471337,0.010684962181528663
2,crp_dataset_8_1_2.csv|crp_dataset_8_1_5.csv,crp_dataset_8_1_3.csv,0.6320170330930805,0.6757812499973602,0.9999999999942197,173,83,0,0,0.019604492187500003,0.019604492187500003,0.0
2,crp_dataset_8_1_2.csv|crp_dataset_8_1_5.csv,crp_dataset_8_1_6.csv,0.6320170330930805,0.5468749999978638,0.9999999999928573,140,116,0,0,0.026928710937500003,0.026928710937500003,0.0
2,crp_dataset_8_1_2.csv|crp_dataset_8_1_5.csv,crp_dataset_8_1_4.csv,0.6320170330930805,0.5177865612627756,0.9999999999923664,131,122,0,3,0.023046875,0.022628458498023717,0.00041841650197628477
2,crp_dataset_8_1_2.csv|crp_dataset_8_1_5.csv,crp_dataset_8_1_7.csv,0.6320170330930805,0.8593749999966431,0.9999999999954546,220,36,0,0,0.0095703125,0.0095703125,0.0
2,crp_dataset_8_1_2.csv|crp_dataset_8_1_5.csv,crp_dataset_8_1_1.csv,0.6320170330930805,0.6049999999969751,0.9603174603098388,121,79,5,51,0.0252685546875,0.01653125,0.0087373046875
2,crp_dataset_8_1_7.csv|crp_dataset_8_1_1.csv,crp_dataset_8_1_8.csv,0.7044714367737123,0.8130841121419338,0.6304347826041273,87,20,51,98,0.0283203125,0.00502336448598131,0.02329694801401869
2,crp_dataset_8_1_7.csv|crp_dataset_8_1_1.csv,crp_dataset_8_1_3.csv,0.7044714367737123,0.9655172413709869,0.6473988439268937,112,4,61,79,0.019604492187500003,0.0018857758620689656,0.01771871632543104
2,crp_dataset_8_1_7.csv|crp_dataset_8_1_1.csv,crp_dataset_8_1_6.csv,0.7044714367737123,0.9999999999880952,0.5999999999957143,84,0,56,116,0.026928710937500003,0.0,0.026928710937500003
2,crp_dataset_8_1_7.csv|crp_dataset_8_1_1.csv,crp_dataset_8_1_4.csv,0.7044714367737123,0.8644067796536914,0.7786259541925297,102,16,29,109,0.023046875,0.005243644067796611,0.01780323093220339
2,crp_dataset_8_1_7.csv|crp_dataset_8_1_1.csv,crp_dataset_8_1_2.csv,0.7044714367737123,0.9358974358854372,0.6134453781461054,73,5,46,132,0.03945312499999999,0.0022435897435897434,0.03720953525641025
2,crp_dataset_8_1_7.csv|crp_dataset_8_1_1.csv,crp_dataset_8_1_5.csv,0.7044714367737123,0.8452380952280328,0.7099999999929,71,13,29,143,0.039282226562499994,0.0049107142857142865,0.034371512276785705
2,crp_dataset_8_1_7.csv|crp_dataset_8_1_5.csv,crp_dataset_8_1_8.csv,0.6513019108553892,0.8105263157809418,0.5579710144887104,77,18,61,100,0.0283203125,0.00519736842105263,0.02312294407894737
2,crp_dataset_8_1_7.csv|crp_dataset_8_1_5.csv,crp_dataset_8_1_3.csv,0.6513019108553892,0.9999999999910714,0.6473988439268937,112,0,61,83,0.019604492187500003,0.0,0.019604492187500003
2,crp_dataset_8_1_7.csv|crp_dataset_8_1_5.csv,crp_dataset_8_1_6.csv,0.6513019108553892,0.987179487166831,0.5499999999960715,77,1,63,115,0.026928710937500003,0.00024038461538461543,0.026688326322115388
2,crp_dataset_8_1_7.csv|crp_dataset_8_1_5.csv,crp_dataset_8_1_4.csv,0.6513019108553892,0.9724770642112617,0.8091603053373347,106,3,25,122,0.023046875,0.0009174311926605505,0.02212944380733945
2,crp_dataset_8_1_7.csv|crp_dataset_8_1_5.csv,crp_dataset_8_1_2.csv,0.6513019108553892,0.9836065573609245,0.504201680668032,60,1,59,136,0.03945312499999999,0.001127049180327869,0.03832607581967212
2,crp_dataset_8_1_7.csv|crp_dataset_8_1_5.csv,crp_dataset_8_1_1.csv,0.6513019108553892,0.9480519480396357,0.5793650793604812,73,4,53,126,0.0252685546875,0.0011363636363636365,0.024132191051136363
2,crp_dataset_8_1_1.csv|crp_dataset_8_1_5.csv,crp_dataset_8_1_8.csv,0.629634058493289,0.8039215686195693,0.5942028985464188,82,20,56,98,0.0283203125,0.005208333333333333,0.023111979166666668
2,crp_dataset_8_1_1.csv|crp_dataset_8_1_5.csv,crp_dataset_8_1_3.csv,0.629634058493289,0.9444444444386146,0.884393063578703,153,9,20,74,0.019604492187500003,0.002777777777777778,0.016826714409722224
2,crp_dataset_8_1_1.csv|crp_dataset_8_1_5.csv,crp_dataset_8_1_6.csv,0.629634058493289,0.7943262411291183,0.7999999999942857,112,29,28,87,0.026928710937500003,0.00926418439716312,0.017664526540336883
2,crp_dataset_8_1_1.csv|crp_dataset_8_1_5.csv,crp_dataset_8_1_4.csv,0.629634058493289,0.8359374999934693,0.816793893123536,107,21,24,104,0.023046875,0.0064941406249999995,0.016552734375000003
2,crp_dataset_8_1_1.csv|crp_dataset_8_1_5.csv,crp_dataset_8_1_2.csv,0.629634058493289,0.9275362318706154,0.5378151260459006,64,5,55,132,0.03945312499999999,0.002355072463768116,0.03709805253623188
2,crp_dataset_8_1_1.csv|crp_dataset_8_1_5.csv,crp_dataset_8_1_7.csv,0.629634058493289,0.9243697478952758,0.9999999999954546,220,18,0,18,0.0095703125,0.0029674369747899167,0.006602875525210084
3,crp_dataset_8_1_8.csv|crp_dataset_8_1_3.csv|crp_dataset_8_1_6.csv,crp_dataset_8_1_4.csv,0.612898898983917,0.8632478632404851,0.7709923664063284,101,16,30,109,0.023046875,0.005288461538461539,0.01775841346153846
3,crp_dataset_8_1_8.csv|crp_dataset_8_1_3.csv|crp_dataset_8_1_6.csv,crp_dataset_8_1_2.csv,0.612898898983917,0.9374999999853515,0.504201680668032,60,4,59,133,0.03945312499999999,0.00205078125,0.03740234374999999
3,crp_dataset_8_1_8.csv|crp_dataset_8_1_3.csv|crp_dataset_8_1_6.csv,crp_dataset_8_1_7.csv,0.612898898983917,0.995305164314576,0.9636363636319836,212,1,8,35,0.0095703125,0.0003521126760563381,0.009218199823943663
3,crp_dataset_8_1_8.csv|crp_dataset_8_1_3.csv|crp_dataset_8_1_6.csv,crp_dataset_8_1_1.csv,0.612898898983917,0.9578947368320221,0.7222222222164902,91,4,35,126,0.0252685546875,0.000986842105263158,0.024281712582236843
3,crp_dataset_8_1_8.csv|crp_dataset_8_1_3.csv|crp_dataset_8_1_6.csv,crp_dataset_8_1_5.csv,0.612898898983917,0.9253731343145466,0.6199999999938,62,5,38,151,0.039282226562499994,0.002425373134328358,0.03685685342817164
3,crp_dataset_8_1_8.csv|crp_dataset_8_1_3.csv|crp_dataset_8_1_4.csv,crp_dataset_8_1_6.csv,0.665491331747503,0.8499999999929166,0.7285714285662246,102,18,38,98,0.026928710937500003,0.006354166666666666,0.020574544270833335
3,crp_dataset_8_1_8.csv|crp_dataset_8_1_3.csv|crp_dataset_8_1_4.csv,crp_dataset_8_1_2.csv,0.665491331747503,0.9999999999722223,0.30252100840081914,36,0,83,137,0.03945312499999999,0.0008680555555555555,0.03858506944444444
3,crp_dataset_8_1_8.csv|crp_dataset_8_1_3.csv|crp_dataset_8_1_4.csv,crp_dataset_8_1_7.csv,0.665491331747503,0.9906976744139968,0.9681818181774174,213,2,7,34,0.0095703125,0.0004069767441860465,0.009163335755813955
3,crp_dataset_8_1_8.csv|crp_dataset_8_1_3.csv|crp_dataset_8_1_4.csv,crp_dataset_8_1_1.csv,0.665491331747503,0.9512195121835216,0.619047619042706,78,4,48,126,0.0252685546875,0.0010670731707317072,0.024201481516768292
3,crp_dataset_8_1_8.csv|crp_dataset_8_1_3.csv|crp_dataset_8_1_4.csv,crp_dataset_8_1_5.csv,0.665491331747503,0.9655172413626636,0.5599999999944,56,2,44,154,0.039282226562499994,0.0017241379310344825,0.037558088631465515
3,crp_dataset_8_1_8.csv|crp_dataset_8_1_3.csv|crp_dataset_8_1_2.csv,crp_dataset_8_1_6.csv,0.6044259295310062,0.783783783778488,0.8285714285655102,116,32,24,84,0.026928710937500003,0.010092905405405405,0.0168358055320946
3,crp_dataset_8_1_8.csv|crp_dataset_8_1_3.csv|crp_dataset_8_1_2.csv,crp_dataset_8_1_4.csv,0.6044259295310062,0.7971014492695863,0.8396946564821398,110,28,21,97,0.023046875,0.007699275362318841,0.015347599637681161
3,crp_dataset_8_1_8.csv|crp_dataset_8_1_3.csv|crp_dataset_8_1_2.csv,crp_dataset_8_1_7.csv,0.6044259295310062,0.9361702127619738,0.9999999999954546,220,15,0,21,0.0095703125,0.00223404255319149,0.007336269946808511
3,crp_dataset_8_1_8.csv|crp_dataset_8_1_3.csv|crp_dataset_8_1_2.csv,crp_dataset_8_1_1.csv,0.6044259295310062,0.9062499999905599,0.6904761904707105,87,9,39,121,0.0252685546875,0.0024739583333333332,0.02279459635416667
3,crp_dataset_8_1_8.csv|crp_dataset_8_1_3.csv|crp_dataset_8_1_2.csv,crp_dataset_8_1_5.csv,0.6044259295310062,0.8333333333234126,0.699999999993,70,14,30,142,0.039282226562499994,0.005133928571428572,0.03414829799107142
3,crp_dataset_8_1_8.csv|crp_dataset_8_1_3.csv|crp_dataset_8_1_7.csv,crp_dataset_8_1_6.csv,0.6151780427802608,0.8412698412631645,0.757142857137449,106,20,34,96,0.026928710937500003,0.006398809523809524,0.02052990141369048
3,crp_dataset_8_1_8.csv|crp_dataset_8_1_3.csv|crp_dataset_8_1_7.csv,crp_dataset_8_1_4.csv,0.6151780427802608,0.8749999999927083,0.8015267175511335,105,15,26,110,0.023046875,0.004635416666666667,0.018411458333333335
3,crp_dataset_8_1_8.csv|crp_dataset_8_1_3.csv|crp_dataset_8_1_7.csv,crp_dataset_8_1_2.csv,0.6151780427802608,0.9636363636188431,0.4453781512567615,53,2,66,135,0.03945312499999999,0.0017045454545454545,0.03774857954545454
3,crp_dataset_8_1_8.csv|crp_dataset_8_1_3.csv|crp_dataset_8_1_7.csv,crp_dataset_8_1_1.csv,0.6151780427802608,0.925531914883771,0.6904761904707105,87,7,39,123,0.0252685546875,0.0016622340425531913,0.023606320644946808
3,crp_dataset_8_1_8.csv|crp_dataset_8_1_3.csv|crp_dataset_8_1_7.csv,crp_dataset_8_1_5.csv,0.6151780427802608,0.9117647058689445,0.6199999999938,62,6,38,150,0.039282226562499994,0.0032169117647058826,0.03606531479779411
3,crp_dataset_8_1_8.csv|crp_dataset_8_1_3.csv|crp_dataset_8_1_1.csv,crp_dataset_8_1_6.csv,0.6051338497007225,0.776397515523128,0.8928571428507653,125,36,15,80,0.026928710937500003,0.009472049689440994,0.01745666124805901
3,crp_dataset_8_1_8.csv|crp_dataset_8_1_3.csv|crp_dataset_8_1_1.csv,crp_dataset_8_1_4.csv,0.6051338497007225,0.8548387096705254,0.8091603053373347,106,18,25,107,0.023046875,0.005544354838709678,0.017502520161290322
3,crp_dataset_8_1_8.csv|crp_dataset_8_1_3.csv|crp_dataset_8_1_1.csv,crp_dataset_8_1_2.csv,0.6051338497007225,0.9148936170018108,0.36134453781208953,43,4,76,133,0.03945312499999999,0.002526595744680851,0.03692652925531914
3,crp_dataset_8_1_8.csv|crp_dataset_8_1_3.csv|crp_dataset_8_1_1.csv,crp_dataset_8_1_7.csv,0.6051338497007225,0.9649122806975223,0.9999999999954546,220,8,0,28,0.0095703125,0.001206140350877193,0.008364172149122807
3,crp_dataset_8_1_8.csv|crp_dataset_8_1_3.csv|crp_dataset_8_1_1.csv,crp_dataset_8_1_5.csv,0.6051338497007225,0.9655172413626636,0.5599999999944,56,2,44,154,0.039282226562499994,0.001831896551724138,0.037450330010775856
3,crp_dataset_8_1_8.csv|crp_dataset_8_1_3.csv|crp_dataset_8_1_5.csv,crp_dataset_8_1_6.csv,0.6386755327585701,0.7880794701934565,0.8499999999939286,119,32,21,84,0.026928710937500003,0.008526490066225165,0.018402220871274837
3,crp_dataset_8_1_8.csv|crp_dataset_8_1_3.csv|crp_dataset_8_1_5.csv,crp_dataset_8_1_4.csv,0.6386755327585701,0.8372093023190915,0.8244274809097373,108,21,23,104,0.023046875,0.005959302325581396,0.017087572674418607
3,crp_dataset_8_1_8.csv|crp_dataset_8_1_3.csv|crp_dataset_8_1_5.csv,crp_dataset_8_1_2.csv,0.6386755327585701,0.9615384615199705,0.4201680672233599,50,2,69,135,0.03945312499999999,0.0018028846153846155,0.037650240384615376
3,crp_dataset_8_1_8.csv|crp_dataset_8_1_3.csv|crp_dataset_8_1_5.csv,crp_dataset_8_1_7.csv,0.6386755327585701,0.9523809523768295,0.9999999999954546,220,11,0,25,0.0095703125,0.0016774891774891775,0.007892823322510824
3,crp_dataset_8_1_8.csv|crp_dataset_8_1_3.csv|crp_dataset_8_1_5.csv,crp_dataset_8_1_1.csv,0.6386755327585701,0.9374999999902344,0.7142857142800453,90,6,36,124,0.0252685546875,0.0013671875000000001,0.0239013671875
3,crp_dataset_8_1_8.csv|crp_dataset_8_1_6.csv|crp_dataset_8_1_4.csv,crp_dataset_8_1_3.csv,0.6015609565639527,0.9999999999915254,0.6820809248515487,118,0,55,83,0.019604492187500003,0.0,0.019604492187500003
3,crp_dataset_8_1_8.csv|crp_dataset_8_1_6.csv|crp_dataset_8_1_4.csv,crp_dataset_8_1_2.csv,0.6015609565639527,0.9999999999756098,0.3445378151231551,41,0,78,137,0.03945312499999999,0.0010670731707317074,0.03838605182926828
3,crp_dataset_8_1_8.csv|crp_dataset_8_1_6.csv|crp_dataset_8_1_4.csv,crp_dataset_8_1_7.csv,0.6015609565639527,0.9953488372046728,0.9727272727228513,214,1,6,35,0.0095703125,0.0003779069767441861,0.009192405523255814
3,crp_dataset_8_1_8.csv|crp_dataset_8_1_6.csv|crp_dataset_8_1_4.csv,crp_dataset_8_1_1.csv,0.6015609565639527,0.9512195121835216,0.619047619042706,78,4,48,126,0.0252685546875,0.0010670731707317072,0.024201481516768292
3,crp_dataset_8_1_8.csv|crp_dataset_8_1_6.csv|crp_dataset_8_1_4.csv,crp_dataset_8_1_5.csv,0.6015609565639527,0.9531249999851074,0.6099999999939,61,3,39,153,0.039282226562499994,0.0018554687500000003,0.037426757812499996
3,crp_dataset_8_1_8.csv|crp_dataset_8_1_6.csv|crp_dataset_8_1_2.csv,crp_dataset_8_1_3.csv,0.6047593600609676,0.9453124999926148,0.6994219653138762,121,7,52,76,0.019604492187500003,0.002294921875,0.0173095703125
3,crp_dataset_8_1_8.csv|crp_dataset_8_1_6.csv|crp_dataset_8_1_2.csv,crp_dataset_8_1_4.csv,0.6047593600609676,0.8709677419284599,0.8244274809097373,108,16,23,109,0.023046875,0.004838709677419356,0.018208165322580645
3,crp_dataset_8_1_8.csv|crp_dataset_8_1_6.csv|crp_dataset_8_1_2.csv,crp_dataset_8_1_7.csv,0.6047593600609676,0.9690265486682786,0.9954545454500207,219,7,1,29,0.0095703125,0.0011061946902654867,0.008464117809734514
3,crp_dataset_8_1_8.csv|crp_dataset_8_1_6.csv|crp_dataset_8_1_2.csv,crp_dataset_8_1_1.csv,0.6047593600609676,0.933333333322963,0.6666666666613756,84,6,42,124,0.0252685546875,0.0014583333333333334,0.023810221354166668
3,crp_dataset_8_1_8.csv|crp_dataset_8_1_6.csv|crp_dataset_8_1_2.csv,crp_dataset_8_1_5.csv,0.6047593600609676,0.8554216867366816,0.7099999999929,71,12,29,144,0.039282226562499994,0.004367469879518073,0.03491475668298192
3,crp_dataset_8_1_8.csv|crp_dataset_8_1_6.csv|crp_dataset_8_1_7.csv,crp_dataset_8_1_3.csv,0.6127656894541154,0.9765624999923707,0.7225433525969795,125,3,48,80,0.019604492187500003,0.0013671875,0.018237304687500004
3,crp_dataset_8_1_8.csv|crp_dataset_8_1_6.csv|crp_dataset_8_1_7.csv,crp_dataset_8_1_4.csv,0.6127656894541154,0.8947368420974146,0.7786259541925297,102,12,29,113,0.023046875,0.0043311403508771934,0.01871573464912281
3,crp_dataset_8_1_8.csv|crp_dataset_8_1_6.csv|crp_dataset_8_1_7.csv,crp_dataset_8_1_2.csv,0.6127656894541154,0.949152542356794,0.47058823529016314,56,3,63,134,0.03945312499999999,0.0020127118644067796,0.03744041313559321
3,crp_dataset_8_1_8.csv|crp_dataset_8_1_6.csv|crp_dataset_8_1_7.csv,crp_dataset_8_1_1.csv,0.6127656894541154,0.9555555555449382,0.6825396825342656,86,4,40,126,0.0252685546875,0.0010416666666666667,0.024226888020833334
3,crp_dataset_8_1_8.csv|crp_dataset_8_1_6.csv|crp_dataset_8_1_7.csv,crp_dataset_8_1_5.csv,0.6127656894541154,0.9253731343145466,0.6199999999938,62,5,38,151,0.039282226562499994,0.002425373134328358,0.03685685342817164
3,crp_dataset_8_1_8.csv|crp_dataset_8_1_6.csv|crp_dataset_8_1_1.csv,crp_dataset_8_1_3.csv,0.600085134567368,0.9562043795550643,0.7572254335216346,131,6,42,77,0.019604492187500003,0.002509124087591241,0.01709536809990876
3,crp_dataset_8_1_8.csv|crp_dataset_8_1_6.csv|crp_dataset_8_1_1.csv,crp_dataset_8_1_4.csv,0.600085134567368,0.8644067796536914,0.7786259541925297,102,16,29,109,0.023046875,0.005826271186440678,0.017220603813559325
3,crp_dataset_8_1_8.csv|crp_dataset_8_1_6.csv|crp_dataset_8_1_1.csv,crp_dataset_8_1_2.csv,0.600085134567368,0.9210526315668283,0.5882352941127039,70,6,49,131,0.03945312499999999,0.002549342105263158,0.036903782894736836
3,crp_dataset_8_1_8.csv|crp_dataset_8_1_6.csv|crp_dataset_8_1_1.csv,crp_dataset_8_1_7.csv,0.600085134567368,0.9909090909045868,0.9909090909045868,218,2,2,34,0.0095703125,0.0005681818181818183,0.009002130681818182
3,crp_dataset_8_1_8.csv|crp_dataset_8_1_6.csv|crp_dataset_8_1_1.csv,crp_dataset_8_1_5.csv,0.600085134567368,0.9275362318706154,0.6399999999936,64,5,36,151,0.039282226562499994,0.0024456521739130437,0.03683657438858695
3,crp_dataset_8_1_8.csv|crp_dataset_8_1_6.csv|crp_dataset_8_1_5.csv,crp_dataset_8_1_3.csv,0.6786487738528755,0.9823008849470592,0.6416184971061178,111,2,62,81,0.019604492187500003,0.0011061946902654867,0.018498297497234514
3,crp_dataset_8_1_8.csv|crp_dataset_8_1_6.csv|crp_dataset_8_1_5.csv,crp_dataset_8_1_4.csv,0.6786487738528755,0.961538461529216,0.7633587786201271,100,4,31,121,0.023046875,0.0014423076923076922,0.02160456730769231
3,crp_dataset_8_1_8.csv|crp_dataset_8_1_6.csv|crp_dataset_8_1_5.csv,crp_dataset_8_1_2.csv,0.6786487738528755,0.9999999999750001,0.33613445377868795,40,0,79,137,0.03945312499999999,0.0009375000000000002,0.03851562499999999
3,crp_dataset_8_1_8.csv|crp_dataset_8_1_6.csv|crp_dataset_8_1_5.csv,crp_dataset_8_1_7.csv,0.6786487738528755,0.9954128440321311,0.9863636363591529,217,1,3,35,0.0095703125,0.0004013761467889908,0.00916893635321101
3,crp_dataset_8_1_8.csv|crp_dataset_8_1_6.csv|crp_dataset_8_1_5.csv,crp_dataset_8_1_1.csv,0.6786487738528755,0.9480519480396357,0.5793650793604812,73,4,53,126,0.0252685546875,0.0011363636363636365,0.024132191051136363
3,crp_dataset_8_1_8.csv|crp_dataset_8_1_4.csv|crp_dataset_8_1_2.csv,crp_dataset_8_1_3.csv,0.6111665792236379,0.999999999991228,0.6589595375684454,114,0,59,83,0.019604492187500003,5.482456140350877e-05,0.019549667626096494
3,crp_dataset_8_1_8.csv|crp_dataset_8_1_4.csv|crp_dataset_8_1_2.csv,crp_dataset_8_1_6.csv,0.6111665792236379,0.9390243902324509,0.5499999999960715,77,5,63,111,0.026928710937500003,0.0021341463414634144,0.02479456459603659
3,crp_dataset_8_1_8.csv|crp_dataset_8_1_4.csv|crp_dataset_8_1_2.csv,crp_dataset_8_1_7.csv,0.6111665792236379,0.9999999999944135,0.8136363636326653,179,0,41,36,0.0095703125,0.0,0.0095703125
3,crp_dataset_8_1_8.csv|crp_dataset_8_1_4.csv|crp_dataset_8_1_2.csv,crp_dataset_8_1_1.csv,0.6111665792236379,0.8734177215079314,0.5476190476147014,69,10,57,120,0.0252685546875,0.0033227848101265818,0.021945769877373417
3,crp_dataset_8_1_8.csv|crp_dataset_8_1_4.csv|crp_dataset_8_1_2.csv,crp_dataset_8_1_5.csv,0.6111665792236379,0.759259259252229,0.8199999999918,82,26,18,130,0.039282226562499994,0.007465277777777777,0.031816948784722215
3,crp_dataset_8_1_8.csv|crp_dataset_8_1_4.csv|crp_dataset_8_1_7.csv,crp_dataset_8_1_3.csv,0.6604127069859612,0.9999999999910714,0.6473988439268937,112,0,61,83,0.019604492187500003,0.0,0.019604492187500003
3,crp_dataset_8_1_8.csv|crp_dataset_8_1_4.csv|crp_dataset_8_1_7.csv,crp_dataset_8_1_6.csv,0.6604127069859612,0.8965517241276258,0.5571428571388776,78,9,62,107,0.026928710937500003,0.0038793103448275866,0.023049400592672416
3,crp_dataset_8_1_8.csv|crp_dataset_8_1_4.csv|crp_dataset_8_1_7.csv,crp_dataset_8_1_2.csv,0.6604127069859612,0.9710144927395504,0.5630252100793023,67,2,52,135,0.03945312499999999,0.0015398550724637682,0.03791326992753622
3,crp_dataset_8_1_8.csv|crp_dataset_8_1_4.csv|crp_dataset_8_1_7.csv,crp_dataset_8_1_1.csv,0.6604127069859612,0.9027777777652392,0.5158730158689216,65,7,61,123,0.0252685546875,0.0020833333333333333,0.023185221354166667
3,crp_dataset_8_1_8.csv|crp_dataset_8_1_4.csv|crp_dataset_8_1_7.csv,crp_dataset_8_1_5.csv,0.6604127069859612,0.8409090908995351,0.7399999999926,74,14,26,142,0.039282226562499994,0.004545454545454546,0.03473677201704545
3,crp_dataset_8_1_8.csv|crp_dataset_8_1_4.csv|crp_dataset_8_1_1.csv,crp_dataset_8_1_3.csv,0.6023730896937828,0.9999999999910714,0.6473988439268937,112,0,61,83,0.019604492187500003,0.0,0.019604492187500003
3,crp_dataset_8_1_8.csv|crp_dataset_8_1_4.csv|crp_dataset_8_1_1.csv,crp_dataset_8_1_6.csv,0.6023730896937828,0.949999999988125,0.5428571428532654,76,4,64,112,0.026928710937500003,0.001953125,0.024975585937500003
3,crp_dataset_8_1_8.csv|crp_dataset_8_1_4.csv|crp_dataset_8_1_1.csv,crp_dataset_8_1_2.csv,0.6023730896937828,0.925531914883771,0.7310924369686462,87,7,32,130,0.03945312499999999,0.002327127659574468,0.03712599734042552
3,crp_dataset_8_1_8.csv|crp_dataset_8_1_4.csv|crp_dataset_8_1_1.csv,crp_dataset_8_1_7.csv,0.6023730896937828,0.999999999995,0.9090909090867769,200,0,20,36,0.0095703125,6.25e-05,0.0095078125
3,crp_dataset_8_1_8.csv|crp_dataset_8_1_4.csv|crp_dataset_8_1_1.csv,crp_dataset_8_1_5.csv,0.6023730896937828,0.8020833333249783,0.7699999999923,77,19,23,137,0.039282226562499994,0.006119791666666667,0.03316243489583333
3,crp_dataset_8_1_8.csv|crp_dataset_8_1_4.csv|crp_dataset_8_1_5.csv,crp_dataset_8_1_3.csv,0.6303154600117983,0.9999999999910714,0.6473988439268937,112,0,61,83,0.019604492187500003,0.0,0.019604492187500003
3,crp_dataset_8_1_8.csv|crp_dataset_8_1_4.csv|crp_dataset_8_1_5.csv,crp_dataset_8_1_6.csv,0.6303154600117983,0.8510638297781802,0.5714285714244899,80,14,60,102,0.026928710937500003,0.006183510638297872,0.02074520029920213
3,crp_dataset_8_1_8.csv|crp_dataset_8_1_4.csv|crp_dataset_8_1_5.csv,crp_dataset_8_1_2.csv,0.6303154600117983,0.999999999978261,0.3865546218454911,46,0,73,137,0.03945312499999999,0.000815217391304348,0.03863790760869564
3,crp_dataset_8_1_8.csv|crp_dataset_8_1_4.csv|crp_dataset_8_1_5.csv,crp_dataset_8_1_7.csv,0.6303154600117983,0.9999999999950981,0.9272727272685124,204,0,16,36,0.0095703125,0.00015318627450980392,0.009417126225490197
3,crp_dataset_8_1_8.csv|crp_dataset_8_1_4.csv|crp_dataset_8_1_5.csv,crp_dataset_8_1_1.csv,0.6303154600117983,0.9444444444313271,0.5396825396782565,68,4,58,126,0.0252685546875,0.0012152777777777778,0.024053276909722223
3,crp_dataset_8_1_8.csv|crp_dataset_8_1_2.csv|crp_dataset_8_1_7.csv,crp_dataset_8_1_3.csv,0.6170439412850365,0.9374999999926759,0.6936416184931004,120,8,53,75,0.019604492187500003,0.00244140625,0.017163085937500003
3,crp_dataset_8_1_8.csv|crp_dataset_8_1_2.csv|crp_dataset_8_1_7.csv,crp_dataset_8_1_6.csv,0.6170439412850365,0.7815126050354495,0.6642857142809694,93,26,47,90,0.026928710937500003,0.010346638655462186,0.016582072282037816
3,crp_dataset_8_1_8.csv|crp_dataset_8_1_2.csv|crp_dataset_8_1_7.csv,crp_dataset_8_1_4.csv,0.6170439412850365,0.8515624999933472,0.8320610686959385,109,19,22,106,0.023046875,0.00576171875,0.017285156250000003
3,crp_dataset_8_1_8.csv|crp_dataset_8_1_2.csv|crp_dataset_8_1_7.csv,crp_dataset_8_1_1.csv,0.6170439412850365,0.8316831683085971,0.6666666666613756,84,17,42,113,0.0252685546875,0.006064356435643564,0.019204198251856437
3,crp_dataset_8_1_8.csv|crp_dataset_8_1_2.csv|crp_dataset_8_1_7.csv,crp_dataset_8_1_5.csv,0.6170439412850365,0.7731958762806886,0.7499999999925,75,22,25,134,0.039282226562499994,0.0070876288659793805,0.03219459769652061
3,crp_dataset_8_1_8.csv|crp_dataset_8_1_2.csv|crp_dataset_8_1_1.csv,crp_dataset_8_1_3.csv,0.6049728876325334,0.9103448275799287,0.7630057803424104,132,13,41,70,0.019604492187500003,0.0038362068965517243,0.01576828529094828
3,crp_dataset_8_1_8.csv|crp_dataset_8_1_2.csv|crp_dataset_8_1_1.csv,crp_dataset_8_1_6.csv,0.6049728876325334,0.8384615384550889,0.7785714285658674,109,21,31,95,0.026928710937500003,0.007500000000000001,0.019428710937500003
3,crp_dataset_8_1_8.csv|crp_dataset_8_1_2.csv|crp_dataset_8_1_1.csv,crp_dataset_8_1_4.csv,0.6049728876325334,0.7985611510733918,0.8473282442683411,111,28,20,97,0.023046875,0.00737410071942446,0.015672774280575542
3,crp_dataset_8_1_8.csv|crp_dataset_8_1_2.csv|crp_dataset_8_1_1.csv,crp_dataset_8_1_7.csv,0.6049728876325334,0.956521739126276,0.9999999999954546,220,10,0,26,0.0095703125,0.001440217391304348,0.008130095108695654
3,crp_dataset_8_1_8.csv|crp_dataset_8_1_2.csv|crp_dataset_8_1_1.csv,crp_dataset_8_1_5.csv,0.6049728876325334,0.8181818181725207,0.7199999999928,72,16,28,140,0.039282226562499994,0.005681818181818182,0.03360040838068181
3,crp_dataset_8_1_8.csv|crp_dataset_8_1_2.csv|crp_dataset_8_1_5.csv,crp_dataset_8_1_3.csv,0.6671183312949139,0.8324324324279329,0.8901734103994788,154,31,19,52,0.019604492187500003,0.009290540540540541,0.010313951646959462
3,crp_dataset_8_1_8.csv|crp_dataset_8_1_2.csv|crp_dataset_8_1_5.csv,crp_dataset_8_1_6.csv,0.6671183312949139,0.7371428571386449,0.9214285714219899,129,46,11,70,0.026928710937500003,0.013357142857142859,0.013571568080357144
3,crp_dataset_8_1_8.csv|crp_dataset_8_1_2.csv|crp_dataset_8_1_5.csv,crp_dataset_8_1_4.csv,0.6671183312949139,0.7076023391771485,0.9236641221303538,121,50,10,75,0.023046875,0.011695906432748537,0.011350968567251464
3,crp_dataset_8_1_8.csv|crp_dataset_8_1_2.csv|crp_dataset_8_1_5.csv,crp_dataset_8_1_7.csv,0.6671183312949139,0.9205020920463578,0.9999999999954546,220,19,0,17,0.0095703125,0.0032949790794979082,0.0062753334205020925
3,crp_dataset_8_1_8.csv|crp_dataset_8_1_2.csv|crp_dataset_8_1_5.csv,crp_dataset_8_1_1.csv,0.6671183312949139,0.7999999999927272,0.6984126984071555,88,22,38,108,0.0252685546875,0.008011363636363636,0.017257191051136364
3,crp_dataset_8_1_8.csv|crp_dataset_8_1_7.csv|crp_dataset_8_1_1.csv,crp_dataset_8_1_3.csv,0.6111777111975265,0.952755905504309,0.6994219653138762,121,6,52,77,0.019604492187500003,0.0027066929133858267,0.016897799274114177
3,crp_dataset_8_1_8.csv|crp_dataset_8_1_7.csv|crp_dataset_8_1_1.csv,crp_dataset_8_1_6.csv,0.6111777111975265,0.9578947368320221,0.6499999999953572,91,4,49,112,0.026928710937500003,0.0015131578947368423,0.02541555304276316
3,crp_dataset_8_1_8.csv|crp_dataset_8_1_7.csv|crp_dataset_8_1_1.csv,crp_dataset_8_1_4.csv,0.6111777111975265,0.8644067796536914,0.7786259541925297,102,16,29,109,0.023046875,0.005773305084745762,0.01727356991525424
3,crp_dataset_8_1_8.csv|crp_dataset_8_1_7.csv|crp_dataset_8_1_1.csv,crp_dataset_8_1_2.csv,0.6111777111975265,0.922077922065947,0.5966386554571711,71,6,48,131,0.03945312499999999,0.0025974025974025974,0.03685572240259739
3,crp_dataset_8_1_8.csv|crp_dataset_8_1_7.csv|crp_dataset_8_1_1.csv,crp_dataset_8_1_5.csv,0.6111777111975265,0.8624999999892187,0.6899999999931,69,11,31,145,0.039282226562499994,0.004140625,0.03514160156249999
3,crp_dataset_8_1_8.csv|crp_dataset_8_1_7.csv|crp_dataset_8_1_5.csv,crp_dataset_8_1_3.csv,0.6935517467320149,0.9745762711781816,0.6647398843892212,115,3,58,80,0.019604492187500003,0.0005296610169491525,0.01907483117055085
3,crp_dataset_8_1_8.csv|crp_dataset_8_1_7.csv|crp_dataset_8_1_5.csv,crp_dataset_8_1_6.csv,0.6935517467320149,0.8230088495502388,0.6642857142809694,93,20,47,96,0.026928710937500003,0.007134955752212391,0.01979375518528761
3,crp_dataset_8_1_8.csv|crp_dataset_8_1_7.csv|crp_dataset_8_1_5.csv,crp_dataset_8_1_4.csv,0.6935517467320149,0.9464285714201212,0.8091603053373347,106,6,25,119,0.023046875,0.0016741071428571428,0.021372767857142858
3,crp_dataset_8_1_8.csv|crp_dataset_8_1_7.csv|crp_dataset_8_1_5.csv,crp_dataset_8_1_2.csv,0.6935517467320149,0.9999999999772728,0.3697478991565567,44,0,75,137,0.03945312499999999,0.0008522727272727274,0.03860085227272726
3,crp_dataset_8_1_8.csv|crp_dataset_8_1_7.csv|crp_dataset_8_1_5.csv,crp_dataset_8_1_1.csv,0.6935517467320149,0.9156626505913775,0.6031746031698161,76,7,50,123,0.0252685546875,0.0018072289156626504,0.02346132577183735
3,crp_dataset_8_1_8.csv|crp_dataset_8_1_1.csv|crp_dataset_8_1_5.csv,crp_dataset_8_1_3.csv,0.6238093043741648,0.9426751592296646,0.8554913294748238,148,9,25,74,0.019604492187500003,0.0025079617834394903,0.017096530404060513
3,crp_dataset_8_1_8.csv|crp_dataset_8_1_1.csv|crp_dataset_8_1_5.csv,crp_dataset_8_1_6.csv,0.6238093043741648,0.7814569536372089,0.8428571428511226,118,33,22,83,0.026928710937500003,0.009478476821192053,0.01745023411630795
3,crp_dataset_8_1_8.csv|crp_dataset_8_1_1.csv|crp_dataset_8_1_5.csv,crp_dataset_8_1_4.csv,0.6238093043741648,0.8384615384550889,0.8320610686959385,109,21,22,104,0.023046875,0.006298076923076923,0.016748798076923078
3,crp_dataset_8_1_8.csv|crp_dataset_8_1_1.csv|crp_dataset_8_1_5.csv,crp_dataset_8_1_2.csv,0.6238093043741648,0.9545454545309917,0.5294117647014335,63,3,56,134,0.03945312499999999,0.001988636363636364,0.037464488636363626
3,crp_dataset_8_1_8.csv|crp_dataset_8_1_1.csv|crp_dataset_8_1_5.csv,crp_dataset_8_1_7.csv,0.6238093043741648,0.9361702127619738,0.9999999999954546,220,15,0,21,0.0095703125,0.002207446808510638,0.007362865691489363
3,crp_dataset_8_1_3.csv|crp_dataset_8_1_6.csv|crp_dataset_8_1_4.csv,crp_dataset_8_1_8.csv,0.6178328211315176,0.8028169013971433,0.4130434782578765,57,14,81,104,0.0283203125,0.005545774647887323,0.022774537852112677
3,crp_dataset_8_1_3.csv|crp_dataset_8_1_6.csv|crp_dataset_8_1_4.csv,crp_dataset_8_1_2.csv,0.6178328211315176,0.9999999999565218,0.19327731092274555,23,0,96,137,0.03945312499999999,0.000815217391304348,0.03863790760869564
3,crp_dataset_8_1_3.csv|crp_dataset_8_1_6.csv|crp_dataset_8_1_4.csv,crp_dataset_8_1_7.csv,0.6178328211315176,0.9907834101336831,0.9772727272682852,215,2,5,34,0.0095703125,0.0004320276497695853,0.009138284850230416
3,crp_dataset_8_1_3.csv|crp_dataset_8_1_6.csv|crp_dataset_8_1_4.csv,crp_dataset_8_1_1.csv,0.6178328211315176,0.9459459459331628,0.5555555555511463,70,4,56,126,0.0252685546875,0.0011824324324324323,0.02408612225506757
3,crp_dataset_8_1_3.csv|crp_dataset_8_1_6.csv|crp_dataset_8_1_4.csv,crp_dataset_8_1_5.csv,0.6178328211315176,0.9999999999791668,0.4799999999952,48,0,52,156,0.039282226562499994,0.0007812500000000002,0.0385009765625
3,crp_dataset_8_1_3.csv|crp_dataset_8_1_6.csv|crp_dataset_8_1_2.csv,crp_dataset_8_1_8.csv,0.6306297884183436,0.8144329896823254,0.5724637681117938,79,18,59,100,0.0283203125,0.005219072164948453,0.023101240335051548
3,crp_dataset_8_1_3.csv|crp_dataset_8_1_6.csv|crp_dataset_8_1_2.csv,crp_dataset_8_1_4.csv,0.6306297884183436,0.8661417322766445,0.8396946564821398,110,17,21,108,0.023046875,0.005265748031496063,0.017781126968503938
3,crp_dataset_8_1_3.csv|crp_dataset_8_1_6.csv|crp_dataset_8_1_2.csv,crp_dataset_8_1_7.csv,0.6306297884183436,0.9401709401669224,0.9999999999954546,220,14,0,22,0.0095703125,0.0019764957264957264,0.007593816773504274
3,crp_dataset_8_1_3.csv|crp_dataset_8_1_6.csv|crp_dataset_8_1_2.csv,crp_dataset_8_1_1.csv,0.6306297884183436,0.9425287356213502,0.6507936507884857,82,5,44,125,0.0252685546875,0.0012212643678160922,0.024047290319683907
3,crp_dataset_8_1_3.csv|crp_dataset_8_1_6.csv|crp_dataset_8_1_2.csv,crp_dataset_8_1_5.csv,0.6306297884183436,0.8749999999890624,0.699999999993,70,10,30,146,0.039282226562499994,0.0034375000000000005,0.03584472656249999
3,crp_dataset_8_1_3.csv|crp_dataset_8_1_6.csv|crp_dataset_8_1_7.csv,crp_dataset_8_1_8.csv,0.6100220517122875,0.8118811881107735,0.5942028985464188,82,19,56,99,0.0283203125,0.005136138613861386,0.023184173886138613
3,crp_dataset_8_1_3.csv|crp_dataset_8_1_6.csv|crp_dataset_8_1_7.csv,crp_dataset_8_1_4.csv,0.6100220517122875,0.8632478632404851,0.7709923664063284,101,16,30,109,0.023046875,0.005448717948717949,0.01759815705128205
3,crp_dataset_8_1_3.csv|crp_dataset_8_1_6.csv|crp_dataset_8_1_7.csv,crp_dataset_8_1_2.csv,0.6100220517122875,0.918918918906501,0.5714285714237695,68,6,51,131,0.03945312499999999,0.002618243243243244,0.03683488175675675
3,crp_dataset_8_1_3.csv|crp_dataset_8_1_6.csv|crp_dataset_8_1_7.csv,crp_dataset_8_1_1.csv,0.6100220517122875,0.9583333333233507,0.7301587301529352,92,4,34,126,0.0252685546875,0.0009765625,0.0242919921875
3,crp_dataset_8_1_3.csv|crp_dataset_8_1_6.csv|crp_dataset_8_1_7.csv,crp_dataset_8_1_5.csv,0.6100220517122875,0.9285714285581632,0.6499999999935,65,5,35,151,0.039282226562499994,0.0025,0.03678222656249999
3,crp_dataset_8_1_3.csv|crp_dataset_8_1_6.csv|crp_dataset_8_1_1.csv,crp_dataset_8_1_8.csv,0.6441328404437124,0.799999999991111,0.521739130431002,72,18,66,100,0.0283203125,0.005277777777777778,0.023042534722222223
3,crp_dataset_8_1_3.csv|crp_dataset_8_1_6.csv|crp_dataset_8_1_1.csv,crp_dataset_8_1_4.csv,0.6441328404437124,0.8761061946825123,0.7557251908339259,99,14,32,111,0.023046875,0.005033185840707964,0.018013689159292037
3,crp_dataset_8_1_3.csv|crp_dataset_8_1_6.csv|crp_dataset_8_1_1.csv,crp_dataset_8_1_2.csv,0.6441328404437124,0.916666666651389,0.4621848739456959,55,5,64,132,0.03945312499999999,0.0027083333333333334,0.03674479166666666
3,crp_dataset_8_1_3.csv|crp_dataset_8_1_6.csv|crp_dataset_8_1_1.csv,crp_dataset_8_1_7.csv,0.6441328404437124,0.9952830188632299,0.9590909090865496,211,1,9,35,0.0095703125,0.00038325471698113215,0.009187057783018869
3,crp_dataset_8_1_3.csv|crp_dataset_8_1_6.csv|crp_dataset_8_1_1.csv,crp_dataset_8_1_5.csv,0.6441328404437124,0.949152542356794,0.5599999999944,56,3,44,153,0.039282226562499994,0.0020127118644067796,0.03726951469809321
3,crp_dataset_8_1_3.csv|crp_dataset_8_1_6.csv|crp_dataset_8_1_5.csv,crp_dataset_8_1_8.csv,0.6657260662878561,0.8105263157809418,0.5579710144887104,77,18,61,100,0.0283203125,0.00519736842105263,0.02312294407894737
3,crp_dataset_8_1_3.csv|crp_dataset_8_1_6.csv|crp_dataset_8_1_5.csv,crp_dataset_8_1_4.csv,0.6657260662878561,0.9203539822927402,0.7938931297649322,104,9,27,116,0.023046875,0.0030420353982300885,0.02000483960176991
3,crp_dataset_8_1_3.csv|crp_dataset_8_1_6.csv|crp_dataset_8_1_5.csv,crp_dataset_8_1_2.csv,0.6657260662878561,0.9591836734498127,0.39495798318995834,47,2,72,135,0.03945312499999999,0.0017857142857142857,0.037667410714285705
3,crp_dataset_8_1_3.csv|crp_dataset_8_1_6.csv|crp_dataset_8_1_5.csv,crp_dataset_8_1_7.csv,0.6657260662878561,0.9732142857099411,0.9909090909045868,218,6,2,30,0.0095703125,0.0008928571428571429,0.008677455357142858
3,crp_dataset_8_1_3.csv|crp_dataset_8_1_6.csv|crp_dataset_8_1_5.csv,crp_dataset_8_1_1.csv,0.6657260662878561,0.951807228904195,0.6269841269791508,79,4,47,126,0.0252685546875,0.0010542168674698795,0.02421433782003012
3,crp_dataset_8_1_3.csv|crp_dataset_8_1_4.csv|crp_dataset_8_1_2.csv,crp_dataset_8_1_8.csv,0.6281517460696054,0.816326530603915,0.5797101449233355,80,18,58,100,0.0283203125,0.005165816326530612,0.023154496173469388
3,crp_dataset_8_1_3.csv|crp_dataset_8_1_4.csv|crp_dataset_8_1_2.csv,crp_dataset_8_1_6.csv,0.6281517460696054,0.8257575757513201,0.7785714285658674,109,23,31,93,0.026928710937500003,0.008428030303030302,0.0185006806344697
3,crp_dataset_8_1_3.csv|crp_dataset_8_1_4.csv|crp_dataset_8_1_2.csv,crp_dataset_8_1_7.csv,0.6281517460696054,0.9482758620648781,0.9999999999954546,220,12,0,24,0.0095703125,0.0016433189655172416,0.007926993534482759
3,crp_dataset_8_1_3.csv|crp_dataset_8_1_4.csv|crp_dataset_8_1_2.csv,crp_dataset_8_1_1.csv,0.6281517460696054,0.919540229874488,0.6349206349155958,80,7,46,123,0.0252685546875,0.0017241379310344827,0.023544416756465517
3,crp_dataset_8_1_3.csv|crp_dataset_8_1_4.csv|crp_dataset_8_1_2.csv,crp_dataset_8_1_5.csv,0.6281517460696054,0.8749999999890624,0.699999999993,70,10,30,146,0.039282226562499994,0.00390625,0.035375976562499994
3,crp_dataset_8_1_3.csv|crp_dataset_8_1_4.csv|crp_dataset_8_1_7.csv,crp_dataset_8_1_8.csv,0.6300175171585011,0.7833333333202778,0.3405797101424596,47,13,91,105,0.0283203125,0.0055208333333333325,0.022799479166666668
3,crp_dataset_8_1_3.csv|crp_dataset_8_1_4.csv|crp_dataset_8_1_7.csv,crp_dataset_8_1_6.csv,0.6300175171585011,0.7348066298301945,0.9499999999932144,133,48,7,68,0.026928710937500003,0.013052486187845306,0.013876224749654697
3,crp_dataset_8_1_3.csv|crp_dataset_8_1_4.csv|crp_dataset_8_1_7.csv,crp_dataset_8_1_2.csv,0.6300175171585011,0.9999999999166667,0.10084033613360638,12,0,107,137,0.03945312499999999,0.0010416666666666667,0.03841145833333332
3,crp_dataset_8_1_3.csv|crp_dataset_8_1_4.csv|crp_dataset_8_1_7.csv,crp_dataset_8_1_1.csv,0.6300175171585011,0.9444444444313271,0.5396825396782565,68,4,58,126,0.0252685546875,0.0012152777777777778,0.024053276909722223
3,crp_dataset_8_1_3.csv|crp_dataset_8_1_4.csv|crp_dataset_8_1_7.csv,crp_dataset_8_1_5.csv,0.6300175171585011,0.9999999999565218,0.2299999999977,23,0,77,156,0.039282226562499994,0.0,0.039282226562499994
3,crp_dataset_8_1_3.csv|crp_dataset_8_1_4.csv|crp_dataset_8_1_1.csv,crp_dataset_8_1_8.csv,0.6239228058775816,0.8082191780711202,0.4275362318809599,59,14,79,104,0.0283203125,0.005393835616438356,0.022926476883561645
3,crp_dataset_8_1_3.csv|crp_dataset_8_1_4.csv|crp_dataset_8_1_1.csv,crp_dataset_8_1_6.csv,0.6239228058775816,0.7499999999957386,0.9428571428504082,132,44,8,72,0.026928710937500003,0.011967329545454547,0.014961381392045456
3,crp_dataset_8_1_3.csv|crp_dataset_8_1_4.csv|crp_dataset_8_1_1.csv,crp_dataset_8_1_2.csv,0.6239228058775816,0.9545454545020661,0.17647058823381118,21,1,98,136,0.03945312499999999,0.001704545454545455,0.03774857954545454
3,crp_dataset_8_1_3.csv|crp_dataset_8_1_4.csv|crp_dataset_8_1_1.csv,crp_dataset_8_1_7.csv,0.6239228058775816,0.956521739126276,0.9999999999954546,220,10,0,26,0.0095703125,0.0014945652173913046,0.008075747282608696
3,crp_dataset_8_1_3.csv|crp_dataset_8_1_4.csv|crp_dataset_8_1_1.csv,crp_dataset_8_1_5.csv,0.6239228058775816,0.9999999999767443,0.4299999999957,43,0,57,156,0.039282226562499994,0.0007267441860465116,0.03855548237645348
3,crp_dataset_8_1_3.csv|crp_dataset_8_1_4.csv|crp_dataset_8_1_5.csv,crp_dataset_8_1_8.csv,0.6031521288942335,0.8064516128945542,0.543478260865627,75,18,63,100,0.0283203125,0.0053091397849462365,0.023011172715053763
3,crp_dataset_8_1_3.csv|crp_dataset_8_1_4.csv|crp_dataset_8_1_5.csv,crp_dataset_8_1_6.csv,0.6031521288942335,0.8333333333270203,0.7857142857086735,110,22,30,94,0.026928710937500003,0.006628787878787879,0.020299923058712123
3,crp_dataset_8_1_3.csv|crp_dataset_8_1_4.csv|crp_dataset_8_1_5.csv,crp_dataset_8_1_2.csv,0.6031521288942335,0.9756097560737657,0.33613445377868795,40,1,79,136,0.03945312499999999,0.0012195121951219512,0.03823361280487804
3,crp_dataset_8_1_3.csv|crp_dataset_8_1_4.csv|crp_dataset_8_1_5.csv,crp_dataset_8_1_7.csv,0.6031521288942335,0.9691629955904443,0.9999999999954546,220,7,0,29,0.0095703125,0.0010187224669603524,0.008551590033039649
3,crp_dataset_8_1_3.csv|crp_dataset_8_1_4.csv|crp_dataset_8_1_5.csv,crp_dataset_8_1_1.csv,0.6031521288942335,0.9425287356213502,0.6507936507884857,82,5,44,125,0.0252685546875,0.001221264367816092,0.024047290319683907
3,crp_dataset_8_1_3.csv|crp_dataset_8_1_2.csv|crp_dataset_8_1_7.csv,crp_dataset_8_1_8.csv,0.6013723622206711,0.8165137614603989,0.6449275362272108,89,20,49,98,0.0283203125,0.004931192660550458,0.02338911983944954
3,crp_dataset_8_1_3.csv|crp_dataset_8_1_2.csv|crp_dataset_8_1_7.csv,crp_dataset_8_1_6.csv,0.6013723622206711,0.8359374999934693,0.7642857142802552,107,21,33,95,0.026928710937500003,0.006689453125,0.0202392578125
3,crp_dataset_8_1_3.csv|crp_dataset_8_1_2.csv|crp_dataset_8_1_7.csv,crp_dataset_8_1_4.csv,0.6013723622206711,0.8283582089490422,0.8473282442683411,111,23,20,102,0.023046875,0.006343283582089553,0.01670359141791045
3,crp_dataset_8_1_3.csv|crp_dataset_8_1_2.csv|crp_dataset_8_1_7.csv,crp_dataset_8_1_1.csv,0.6013723622206711,0.9009900990009803,0.7222222222164902,91,10,35,120,0.0252685546875,0.002599009900990099,0.022669544786509902
3,crp_dataset_8_1_3.csv|crp_dataset_8_1_2.csv|crp_dataset_8_1_7.csv,crp_dataset_8_1_5.csv,0.6013723622206711,0.8275862068870392,0.7199999999928,72,15,28,141,0.039282226562499994,0.005603448275862069,0.03367877828663793
3,crp_dataset_8_1_3.csv|crp_dataset_8_1_2.csv|crp_dataset_8_1_1.csv,crp_dataset_8_1_8.csv,0.6048987025444567,0.8058252427106231,0.6014492753579606,83,20,55,98,0.0283203125,0.0051577669902912624,0.023162545509708737
3,crp_dataset_8_1_3.csv|crp_dataset_8_1_2.csv|crp_dataset_8_1_1.csv,crp_dataset_8_1_6.csv,0.6048987025444567,0.763975155274758,0.8785714285651531,123,38,17,78,0.026928710937500003,0.011374223602484471,0.015554487335015531
3,crp_dataset_8_1_3.csv|crp_dataset_8_1_2.csv|crp_dataset_8_1_1.csv,crp_dataset_8_1_4.csv,0.6048987025444567,0.8057553956776565,0.8549618320545423,112,27,19,98,0.023046875,0.007419064748201439,0.015627810251798564
3,crp_dataset_8_1_3.csv|crp_dataset_8_1_2.csv|crp_dataset_8_1_1.csv,crp_dataset_8_1_7.csv,0.6048987025444567,0.9205020920463578,0.9999999999954546,220,19,0,17,0.0095703125,0.003059623430962344,0.006510689069037657
3,crp_dataset_8_1_3.csv|crp_dataset_8_1_2.csv|crp_dataset_8_1_1.csv,crp_dataset_8_1_5.csv,0.6048987025444567,0.8499999999893749,0.6799999999931999,68,12,32,144,0.039282226562499994,0.004375,0.03490722656249999
3,crp_dataset_8_1_3.csv|crp_dataset_8_1_2.csv|crp_dataset_8_1_5.csv,crp_dataset_8_1_8.csv,0.6048764340076348,0.8155339805746065,0.6086956521695023,84,19,54,99,0.0283203125,0.00503640776699029,0.02328390473300971
3,crp_dataset_8_1_3.csv|crp_dataset_8_1_2.csv|crp_dataset_8_1_5.csv,crp_dataset_8_1_6.csv,0.6048764340076348,0.7577639751505729,0.871428571422347,122,39,18,77,0.026928710937500003,0.011335403726708075,0.015593307210791928
3,crp_dataset_8_1_3.csv|crp_dataset_8_1_2.csv|crp_dataset_8_1_5.csv,crp_dataset_8_1_4.csv,0.6048764340076348,0.7999999999942857,0.8549618320545423,112,28,19,97,0.023046875,0.007455357142857143,0.01559151785714286
3,crp_dataset_8_1_3.csv|crp_dataset_8_1_2.csv|crp_dataset_8_1_5.csv,crp_dataset_8_1_7.csv,0.6048764340076348,0.9282700421901762,0.9999999999954546,220,17,0,19,0.0095703125,0.0026107594936708865,0.006959553006329115
3,crp_dataset_8_1_3.csv|crp_dataset_8_1_2.csv|crp_dataset_8_1_5.csv,crp_dataset_8_1_1.csv,0.6048764340076348,0.9072164948360081,0.6984126984071555,88,9,38,121,0.0252685546875,0.0024484536082474227,0.02282010107925258
3,crp_dataset_8_1_3.csv|crp_dataset_8_1_7.csv|crp_dataset_8_1_1.csv,crp_dataset_8_1_8.csv,0.6035679532727478,0.8117647058728027,0.49999999999637684,69,16,69,102,0.0283203125,0.005073529411764706,0.023246783088235294
3,crp_dataset_8_1_3.csv|crp_dataset_8_1_7.csv|crp_dataset_8_1_1.csv,crp_dataset_8_1_6.csv,0.6035679532727478,0.7848101265773114,0.8857142857079593,124,34,16,82,0.026928710937500003,0.00893987341772152,0.017988837519778485
3,crp_dataset_8_1_3.csv|crp_dataset_8_1_7.csv|crp_dataset_8_1_1.csv,crp_dataset_8_1_4.csv,0.6035679532727478,0.8706896551649078,0.7709923664063284,101,15,30,110,0.023046875,0.0051185344827586205,0.017928340517241383
3,crp_dataset_8_1_3.csv|crp_dataset_8_1_7.csv|crp_dataset_8_1_1.csv,crp_dataset_8_1_2.csv,0.6035679532727478,0.9318181817970042,0.3445378151231551,41,3,78,134,0.03945312499999999,0.0024147727272727276,0.03703835227272726
3,crp_dataset_8_1_3.csv|crp_dataset_8_1_7.csv|crp_dataset_8_1_1.csv,crp_dataset_8_1_5.csv,0.6035679532727478,0.9814814814633059,0.5299999999946999,53,1,47,155,0.039282226562499994,0.0012731481481481483,0.038009078414351846
3,crp_dataset_8_1_3.csv|crp_dataset_8_1_7.csv|crp_dataset_8_1_5.csv,crp_dataset_8_1_8.csv,0.7254045136853543,0.813186813177877,0.5362318840540853,74,17,64,101,0.0283203125,0.0052197802197802195,0.02310053228021978
3,crp_dataset_8_1_3.csv|crp_dataset_8_1_7.csv|crp_dataset_8_1_5.csv,crp_dataset_8_1_6.csv,0.7254045136853543,0.8688524590092717,0.757142857137449,106,16,34,100,0.026928710937500003,0.005584016393442622,0.02134469454405738
3,crp_dataset_8_1_3.csv|crp_dataset_8_1_7.csv|crp_dataset_8_1_5.csv,crp_dataset_8_1_4.csv,0.7254045136853543,0.9189189189106404,0.7786259541925297,102,9,29,116,0.023046875,0.0033783783783783786,0.019668496621621623
3,crp_dataset_8_1_3.csv|crp_dataset_8_1_7.csv|crp_dataset_8_1_5.csv,crp_dataset_8_1_2.csv,0.7254045136853543,0.9736842105006926,0.31092436974528637,37,1,82,136,0.03945312499999999,0.0014802631578947369,0.03797286184210526
3,crp_dataset_8_1_3.csv|crp_dataset_8_1_7.csv|crp_dataset_8_1_5.csv,crp_dataset_8_1_1.csv,0.7254045136853543,0.9529411764593771,0.6428571428520408,81,4,45,126,0.0252685546875,0.0010294117647058824,0.024239142922794117
3,crp_dataset_8_1_3.csv|crp_dataset_8_1_1.csv|crp_dataset_8_1_5.csv,crp_dataset_8_1_8.csv,0.6071055049494638,0.8058252427106231,0.6014492753579606,83,20,55,98,0.0283203125,0.0051577669902912624,0.023162545509708737
3,crp_dataset_8_1_3.csv|crp_dataset_8_1_1.csv|crp_dataset_8_1_5.csv,crp_dataset_8_1_6.csv,0.6071055049494638,0.7712418300603188,0.8428571428511226,118,35,22,81,0.026928710937500003,0.010171568627450979,0.016757142310049024
3,crp_dataset_8_1_3.csv|crp_dataset_8_1_1.csv|crp_dataset_8_1_5.csv,crp_dataset_8_1_4.csv,0.6071055049494638,0.8244274809097373,0.8244274809097373,108,23,23,102,0.023046875,0.007299618320610687,0.015747256679389313
3,crp_dataset_8_1_3.csv|crp_dataset_8_1_1.csv|crp_dataset_8_1_5.csv,crp_dataset_8_1_2.csv,0.6071055049494638,0.913043478247637,0.5294117647014335,63,6,56,131,0.03945312499999999,0.002717391304347826,0.03673573369565217
3,crp_dataset_8_1_3.csv|crp_dataset_8_1_1.csv|crp_dataset_8_1_5.csv,crp_dataset_8_1_7.csv,0.6071055049494638,0.9243697478952758,0.9999999999954546,220,18,0,18,0.0095703125,0.002914915966386555,0.006655396533613446
3,crp_dataset_8_1_6.csv|crp_dataset_8_1_4.csv|crp_dataset_8_1_2.csv,crp_dataset_8_1_8.csv,0.6183350271600492,0.8064516128945542,0.543478260865627,75,18,63,100,0.0283203125,0.005241935483870967,0.023078377016129033
3,crp_dataset_8_1_6.csv|crp_dataset_8_1_4.csv|crp_dataset_8_1_2.csv,crp_dataset_8_1_3.csv,0.6183350271600492,0.9512195121873884,0.6763005780307729,117,6,56,77,0.019604492187500003,0.0016260162601626014,0.017978475927337402
3,crp_dataset_8_1_6.csv|crp_dataset_8_1_4.csv|crp_dataset_8_1_2.csv,crp_dataset_8_1_7.csv,0.6183350271600492,0.9606986899521367,0.9999999999954546,220,9,0,27,0.0095703125,0.001146288209606987,0.008424024290393014
3,crp_dataset_8_1_6.csv|crp_dataset_8_1_4.csv|crp_dataset_8_1_2.csv,crp_dataset_8_1_1.csv,0.6183350271600492,0.9493670885955776,0.5952380952333711,75,4,51,126,0.0252685546875,0.0011075949367088606,0.02416095975079114
3,crp_dataset_8_1_6.csv|crp_dataset_8_1_4.csv|crp_dataset_8_1_2.csv,crp_dataset_8_1_5.csv,0.6183350271600492,0.8947368420934902,0.6799999999931999,68,8,32,148,0.039282226562499994,0.003042763157894737,0.03623946340460526
3,crp_dataset_8_1_6.csv|crp_dataset_8_1_4.csv|crp_dataset_8_1_7.csv,crp_dataset_8_1_8.csv,0.6629159749749032,0.8076923076767752,0.30434782608475114,42,10,96,108,0.0283203125,0.0051682692307692315,0.023152043269230767
3,crp_dataset_8_1_6.csv|crp_dataset_8_1_4.csv|crp_dataset_8_1_7.csv,crp_dataset_8_1_3.csv,0.6629159749749032,0.999999999990991,0.6416184971061178,111,0,62,83,0.019604492187500003,0.0,0.019604492187500003
3,crp_dataset_8_1_6.csv|crp_dataset_8_1_4.csv|crp_dataset_8_1_7.csv,crp_dataset_8_1_2.csv,0.6629159749749032,0.99999999995,0.16806722688934397,20,0,99,137,0.03945312499999999,0.0009375000000000002,0.03851562499999999
3,crp_dataset_8_1_6.csv|crp_dataset_8_1_4.csv|crp_dataset_8_1_7.csv,crp_dataset_8_1_1.csv,0.6629159749749032,0.9420289854935937,0.5158730158689216,65,4,61,126,0.0252685546875,0.0012681159420289856,0.024000438745471014
3,crp_dataset_8_1_6.csv|crp_dataset_8_1_4.csv|crp_dataset_8_1_7.csv,crp_dataset_8_1_5.csv,0.6629159749749032,0.9999999999756098,0.4099999999959,41,0,59,156,0.039282226562499994,0.0006097560975609756,0.03867247046493902
3,crp_dataset_8_1_6.csv|crp_dataset_8_1_4.csv|crp_dataset_8_1_1.csv,crp_dataset_8_1_8.csv,0.6002076029088922,0.8222222222130864,0.5362318840540853,74,16,64,102,0.0283203125,0.005069444444444444,0.023250868055555554
3,crp_dataset_8_1_6.csv|crp_dataset_8_1_4.csv|crp_dataset_8_1_1.csv,crp_dataset_8_1_3.csv,0.6002076029088922,0.9846153846078107,0.7398843930593071,128,2,45,81,0.019604492187500003,0.0009615384615384616,0.01864295372596154
3,crp_dataset_8_1_6.csv|crp_dataset_8_1_4.csv|crp_dataset_8_1_1.csv,crp_dataset_8_1_2.csv,0.6002076029088922,0.9512195121719216,0.3277310924342207,39,2,80,135,0.03945312499999999,0.0018292682926829272,0.03762385670731706
3,crp_dataset_8_1_6.csv|crp_dataset_8_1_4.csv|crp_dataset_8_1_1.csv,crp_dataset_8_1_7.csv,0.6002076029088922,0.9817351598128689,0.9772727272682852,215,4,5,32,0.0095703125,0.0005707762557077625,0.008999536244292238
3,crp_dataset_8_1_6.csv|crp_dataset_8_1_4.csv|crp_dataset_8_1_1.csv,crp_dataset_8_1_5.csv,0.6002076029088922,0.9499999999841667,0.5699999999943,57,3,43,153,0.039282226562499994,0.001979166666666667,0.03730305989583333
3,crp_dataset_8_1_6.csv|crp_dataset_8_1_4.csv|crp_dataset_8_1_5.csv,crp_dataset_8_1_8.csv,0.6493738510687036,0.8048780487706721,0.4782608695617518,66,16,72,102,0.0283203125,0.005182926829268293,0.023137385670731706
3,crp_dataset_8_1_6.csv|crp_dataset_8_1_4.csv|crp_dataset_8_1_5.csv,crp_dataset_8_1_3.csv,0.6493738510687036,0.973913043469792,0.6473988439268937,112,3,61,80,0.019604492187500003,0.0013043478260869564,0.018300144361413046
3,crp_dataset_8_1_6.csv|crp_dataset_8_1_4.csv|crp_dataset_8_1_5.csv,crp_dataset_8_1_2.csv,0.6493738510687036,0.9772727272505166,0.36134453781208953,43,1,76,136,0.03945312499999999,0.000994318181818182,0.03845880681818181
3,crp_dataset_8_1_6.csv|crp_dataset_8_1_4.csv|crp_dataset_8_1_5.csv,crp_dataset_8_1_7.csv,0.6493738510687036,0.9775784753319392,0.9909090909045868,218,5,2,31,0.0095703125,0.000672645739910314,0.008897666760089686
3,crp_dataset_8_1_6.csv|crp_dataset_8_1_4.csv|crp_dataset_8_1_5.csv,crp_dataset_8_1_1.csv,0.6493738510687036,0.9466666666540444,0.5634920634875913,71,4,55,126,0.0252685546875,0.0011666666666666665,0.024101888020833333
3,crp_dataset_8_1_6.csv|crp_dataset_8_1_2.csv|crp_dataset_8_1_7.csv,crp_dataset_8_1_8.csv,0.6000930930277298,0.8144329896823254,0.5724637681117938,79,18,59,100,0.0283203125,0.005219072164948453,0.023101240335051548
3,crp_dataset_8_1_6.csv|crp_dataset_8_1_2.csv|crp_dataset_8_1_7.csv,crp_dataset_8_1_3.csv,0.6000930930277298,0.9593495934881353,0.6820809248515487,118,5,55,78,0.019604492187500003,0.001524390243902439,0.018080101943597562
3,crp_dataset_8_1_6.csv|crp_dataset_8_1_2.csv|crp_dataset_8_1_7.csv,crp_dataset_8_1_4.csv,0.6000930930277298,0.9008264462735469,0.8320610686959385,109,12,22,113,0.023046875,0.0038223140495867772,0.019224560950413225
3,crp_dataset_8_1_6.csv|crp_dataset_8_1_2.csv|crp_dataset_8_1_7.csv,crp_dataset_8_1_1.csv,0.6000930930277298,0.9506172839388812,0.611111111106261,77,4,49,126,0.0252685546875,0.0010802469135802468,0.024188307773919754
3,crp_dataset_8_1_6.csv|crp_dataset_8_1_2.csv|crp_dataset_8_1_7.csv,crp_dataset_8_1_5.csv,0.6000930930277298,0.8974358974243918,0.699999999993,70,8,30,148,0.039282226562499994,0.003044871794871795,0.036237354767628197
3,crp_dataset_8_1_6.csv|crp_dataset_8_1_2.csv|crp_dataset_8_1_1.csv,crp_dataset_8_1_8.csv,0.6179362462700361,0.8118811881107735,0.5942028985464188,82,19,56,99,0.0283203125,0.005136138613861386,0.023184173886138613
3,crp_dataset_8_1_6.csv|crp_dataset_8_1_2.csv|crp_dataset_8_1_1.csv,crp_dataset_8_1_3.csv,0.6179362462700361,0.9510489510423005,0.7861271676255137,136,7,37,76,0.019604492187500003,0.002491258741258741,0.01711323344624126
3,crp_dataset_8_1_6.csv|crp_dataset_8_1_2.csv|crp_dataset_8_1_1.csv,crp_dataset_8_1_4.csv,0.6179362462700361,0.8548387096705254,0.8091603053373347,106,18,25,107,0.023046875,0.005796370967741936,0.017250504032258064
3,crp_dataset_8_1_6.csv|crp_dataset_8_1_2.csv|crp_dataset_8_1_1.csv,crp_dataset_8_1_7.csv,0.6179362462700361,0.9442060085796387,0.9999999999954546,220,13,0,23,0.0095703125,0.0017972103004291846,0.007773102199570816
3,crp_dataset_8_1_6.csv|crp_dataset_8_1_2.csv|crp_dataset_8_1_1.csv,crp_dataset_8_1_5.csv,0.6179362462700361,0.883116883105414,0.6799999999931999,68,9,32,147,0.039282226562499994,0.003733766233766234,0.03554846032873376
3,crp_dataset_8_1_6.csv|crp_dataset_8_1_2.csv|crp_dataset_8_1_5.csv,crp_dataset_8_1_8.csv,0.6042390063229767,0.8124999999915364,0.5652173913002521,78,18,60,100,0.0283203125,0.005208333333333333,0.023111979166666668
3,crp_dataset_8_1_6.csv|crp_dataset_8_1_2.csv|crp_dataset_8_1_5.csv,crp_dataset_8_1_3.csv,0.6042390063229767,0.9291338582604005,0.6820809248515487,118,9,55,74,0.019604492187500003,0.002952755905511811,0.01665173628198819
3,crp_dataset_8_1_6.csv|crp_dataset_8_1_2.csv|crp_dataset_8_1_5.csv,crp_dataset_8_1_4.csv,0.6042390063229767,0.89430894308216,0.8396946564821398,110,13,21,112,0.023046875,0.00391260162601626,0.01913427337398374
3,crp_dataset_8_1_6.csv|crp_dataset_8_1_2.csv|crp_dataset_8_1_5.csv,crp_dataset_8_1_7.csv,0.6042390063229767,0.9482758620648781,0.9999999999954546,220,12,0,24,0.0095703125,0.0016971982758620687,0.007873114224137933
3,crp_dataset_8_1_6.csv|crp_dataset_8_1_2.csv|crp_dataset_8_1_5.csv,crp_dataset_8_1_1.csv,0.6042390063229767,0.949999999988125,0.6031746031698161,76,4,50,126,0.0252685546875,0.0010937499999999999,0.0241748046875
3,crp_dataset_8_1_6.csv|crp_dataset_8_1_7.csv|crp_dataset_8_1_1.csv,crp_dataset_8_1_8.csv,0.6354771980126585,0.7959183673388172,0.5652173913002521,78,20,60,98,0.0283203125,0.005293367346938776,0.023026945153061223
3,crp_dataset_8_1_6.csv|crp_dataset_8_1_7.csv|crp_dataset_8_1_1.csv,crp_dataset_8_1_3.csv,0.6354771980126585,0.9708029197009431,0.7687861271631863,133,4,40,79,0.019604492187500003,0.0015967153284671533,0.018007776859032848
3,crp_dataset_8_1_6.csv|crp_dataset_8_1_7.csv|crp_dataset_8_1_1.csv,crp_dataset_8_1_4.csv,0.6354771980126585,0.8695652173837429,0.7633587786201271,100,15,31,110,0.023046875,0.005217391304347826,0.017829483695652175
3,crp_dataset_8_1_6.csv|crp_dataset_8_1_7.csv|crp_dataset_8_1_1.csv,crp_dataset_8_1_2.csv,0.6354771980126585,0.9090909090743802,0.4201680672233599,50,5,69,132,0.03945312499999999,0.002840909090909091,0.0366122159090909
3,crp_dataset_8_1_6.csv|crp_dataset_8_1_7.csv|crp_dataset_8_1_1.csv,crp_dataset_8_1_5.csv,0.6354771980126585,0.9230769230627218,0.599999999994,60,5,40,151,0.039282226562499994,0.002403846153846154,0.03687838040865384
3,crp_dataset_8_1_6.csv|crp_dataset_8_1_7.csv|crp_dataset_8_1_5.csv,crp_dataset_8_1_8.csv,0.6809740468525839,0.8043478260782135,0.5362318840540853,74,18,64,100,0.0283203125,0.00529891304347826,0.023021399456521742
3,crp_dataset_8_1_6.csv|crp_dataset_8_1_7.csv|crp_dataset_8_1_5.csv,crp_dataset_8_1_3.csv,0.6809740468525839,0.9824561403422591,0.6473988439268937,112,2,61,81,0.019604492187500003,0.0010964912280701754,0.018508000959429827
3,crp_dataset_8_1_6.csv|crp_dataset_8_1_7.csv|crp_dataset_8_1_5.csv,crp_dataset_8_1_4.csv,0.6809740468525839,0.9629629629540466,0.7938931297649322,104,4,27,121,0.023046875,0.0012731481481481483,0.021773726851851853
3,crp_dataset_8_1_6.csv|crp_dataset_8_1_7.csv|crp_dataset_8_1_5.csv,crp_dataset_8_1_2.csv,0.6809740468525839,0.9999999999750001,0.33613445377868795,40,0,79,137,0.03945312499999999,0.0009375000000000002,0.03851562499999999
3,crp_dataset_8_1_6.csv|crp_dataset_8_1_7.csv|crp_dataset_8_1_5.csv,crp_dataset_8_1_1.csv,0.6809740468525839,0.9487179487057856,0.5873015872969262,74,4,52,126,0.0252685546875,0.0011217948717948717,0.02414675981570513
3,crp_dataset_8_1_6.csv|crp_dataset_8_1_1.csv|crp_dataset_8_1_5.csv,crp_dataset_8_1_8.csv,0.6152787147495306,0.8118811881107735,0.5942028985464188,82,19,56,99,0.0283203125,0.005136138613861386,0.023184173886138613
3,crp_dataset_8_1_6.csv|crp_dataset_8_1_1.csv|crp_dataset_8_1_5.csv,crp_dataset_8_1_3.csv,0.6152787147495306,0.9448275862003805,0.7919075144462896,137,8,36,75,0.019604492187500003,0.002974137931034483,0.01663035425646552
3,crp_dataset_8_1_6.csv|crp_dataset_8_1_1.csv|crp_dataset_8_1_5.csv,crp_dataset_8_1_4.csv,0.6152787147495306,0.8823529411690558,0.8015267175511335,105,14,26,111,0.023046875,0.004726890756302521,0.01831998424369748
3,crp_dataset_8_1_6.csv|crp_dataset_8_1_1.csv|crp_dataset_8_1_5.csv,crp_dataset_8_1_2.csv,0.6152787147495306,0.9066666666545777,0.5714285714237695,68,7,51,130,0.03945312499999999,0.0027500000000000003,0.03670312499999999
3,crp_dataset_8_1_6.csv|crp_dataset_8_1_1.csv|crp_dataset_8_1_5.csv,crp_dataset_8_1_7.csv,0.6152787147495306,0.9563318777250815,0.9954545454500207,219,10,1,26,0.0095703125,0.0015283842794759825,0.008041928220524018
3,crp_dataset_8_1_4.csv|crp_dataset_8_1_2.csv|crp_dataset_8_1_7.csv,crp_dataset_8_1_8.csv,0.6104313233013275,0.8080808080726456,0.5797101449233355,80,19,58,99,0.0283203125,0.005113636363636364,0.023206676136363638
3,crp_dataset_8_1_4.csv|crp_dataset_8_1_2.csv|crp_dataset_8_1_7.csv,crp_dataset_8_1_3.csv,0.6104313233013275,0.973913043469792,0.6473988439268937,112,3,61,80,0.019604492187500003,0.0005978260869565218,0.01900666610054348
3,crp_dataset_8_1_4.csv|crp_dataset_8_1_2.csv|crp_dataset_8_1_7.csv,crp_dataset_8_1_6.csv,0.6104313233013275,0.8791208791112184,0.5714285714244899,80,11,60,105,0.026928710937500003,0.004876373626373626,0.022052337311126376
3,crp_dataset_8_1_4.csv|crp_dataset_8_1_2.csv|crp_dataset_8_1_7.csv,crp_dataset_8_1_1.csv,0.6104313233013275,0.888888888877915,0.5714285714240362,72,9,54,121,0.0252685546875,0.0029320987654320985,0.022336455922067903
3,crp_dataset_8_1_4.csv|crp_dataset_8_1_2.csv|crp_dataset_8_1_7.csv,crp_dataset_8_1_5.csv,0.6104313233013275,0.8461538461445477,0.7699999999923,77,14,23,142,0.039282226562499994,0.004395604395604396,0.0348866221668956
3,crp_dataset_8_1_4.csv|crp_dataset_8_1_2.csv|crp_dataset_8_1_1.csv,crp_dataset_8_1_8.csv,0.6043610102602144,0.8039215686195693,0.5942028985464188,82,20,56,98,0.0283203125,0.005208333333333333,0.023111979166666668
3,crp_dataset_8_1_4.csv|crp_dataset_8_1_2.csv|crp_dataset_8_1_1.csv,crp_dataset_8_1_3.csv,0.6043610102602144,0.9596774193470994,0.6878612716723246,119,5,54,78,0.019604492187500003,0.0015624999999999999,0.0180419921875
3,crp_dataset_8_1_4.csv|crp_dataset_8_1_2.csv|crp_dataset_8_1_1.csv,crp_dataset_8_1_6.csv,0.6043610102602144,0.8623853210930056,0.6714285714237755,94,15,46,101,0.026928710937500003,0.005676605504587155,0.021252105432912848
3,crp_dataset_8_1_4.csv|crp_dataset_8_1_2.csv|crp_dataset_8_1_1.csv,crp_dataset_8_1_7.csv,0.6043610102602144,0.9773755656064372,0.981818181813719,216,5,4,31,0.0095703125,0.0006504524886877829,0.008919860011312218
3,crp_dataset_8_1_4.csv|crp_dataset_8_1_2.csv|crp_dataset_8_1_1.csv,crp_dataset_8_1_5.csv,0.6043610102602144,0.8536585365749554,0.699999999993,70,12,30,144,0.039282226562499994,0.00426829268292683,0.03501393387957316
3,crp_dataset_8_1_4.csv|crp_dataset_8_1_2.csv|crp_dataset_8_1_5.csv,crp_dataset_8_1_8.csv,0.6023264431566685,0.8144329896823254,0.5724637681117938,79,18,59,100,0.0283203125,0.00509020618556701,0.02323010631443299
3,crp_dataset_8_1_4.csv|crp_dataset_8_1_2.csv|crp_dataset_8_1_5.csv,crp_dataset_8_1_3.csv,0.6023264431566685,0.974789915958195,0.670520231209997,116,3,57,80,0.019604492187500003,0.0006302521008403361,0.018974240086659665
3,crp_dataset_8_1_4.csv|crp_dataset_8_1_2.csv|crp_dataset_8_1_5.csv,crp_dataset_8_1_6.csv,0.6023264431566685,0.8571428571341108,0.5999999999957143,84,14,56,102,0.026928710937500003,0.005931122448979591,0.020997588488520413
3,crp_dataset_8_1_4.csv|crp_dataset_8_1_2.csv|crp_dataset_8_1_5.csv,crp_dataset_8_1_7.csv,0.6023264431566685,0.9953703703657623,0.9772727272682852,215,1,5,35,0.0095703125,0.00031828703703703706,0.009252025462962964
3,crp_dataset_8_1_4.csv|crp_dataset_8_1_2.csv|crp_dataset_8_1_5.csv,crp_dataset_8_1_1.csv,0.6023264431566685,0.9230769230650887,0.5714285714240362,72,6,54,124,0.0252685546875,0.0016025641025641025,0.023665990584935896
3,crp_dataset_8_1_4.csv|crp_dataset_8_1_7.csv|crp_dataset_8_1_1.csv,crp_dataset_8_1_8.csv,0.6300920349551176,0.8020833333249783,0.5579710144887104,77,19,61,99,0.0283203125,0.0052734374999999995,0.023046875
3,crp_dataset_8_1_4.csv|crp_dataset_8_1_7.csv|crp_dataset_8_1_1.csv,crp_dataset_8_1_3.csv,0.6300920349551176,0.9841269841191735,0.7167630057762038,124,2,49,81,0.019604492187500003,0.000992063492063492,0.01861242869543651
3,crp_dataset_8_1_4.csv|crp_dataset_8_1_7.csv|crp_dataset_8_1_1.csv,crp_dataset_8_1_6.csv,0.6300920349551176,0.8684210526239612,0.7071428571378062,99,15,41,101,0.026928710937500003,0.005646929824561404,0.0212817811129386
3,crp_dataset_8_1_4.csv|crp_dataset_8_1_7.csv|crp_dataset_8_1_1.csv,crp_dataset_8_1_2.csv,0.6300920349551176,0.9423076922895711,0.41176470587889274,49,3,70,134,0.03945312499999999,0.002043269230769231,0.03740985576923076
3,crp_dataset_8_1_4.csv|crp_dataset_8_1_7.csv|crp_dataset_8_1_1.csv,crp_dataset_8_1_5.csv,0.6300920349551176,0.8873239436494743,0.6299999999936999,63,8,37,148,0.039282226562499994,0.0037852112676056344,0.03549701529489436
3,crp_dataset_8_1_4.csv|crp_dataset_8_1_7.csv|crp_dataset_8_1_5.csv,crp_dataset_8_1_8.csv,0.7277826069224488,0.8266666666556444,0.449275362315585,62,13,76,105,0.0283203125,0.004916666666666666,0.023403645833333334
3,crp_dataset_8_1_4.csv|crp_dataset_8_1_7.csv|crp_dataset_8_1_5.csv,crp_dataset_8_1_3.csv,0.7277826069224488,0.9999999999910714,0.6473988439268937,112,0,61,83,0.019604492187500003,0.0,0.019604492187500003
3,crp_dataset_8_1_4.csv|crp_dataset_8_1_7.csv|crp_dataset_8_1_5.csv,crp_dataset_8_1_6.csv,0.7277826069224488,0.919540229874488,0.5714285714244899,80,7,60,109,0.026928710937500003,0.0028735632183908046,0.024055147719109198
3,crp_dataset_8_1_4.csv|crp_dataset_8_1_7.csv|crp_dataset_8_1_5.csv,crp_dataset_8_1_2.csv,0.7277826069224488,0.9999999999777779,0.37815126050102393,45,0,74,137,0.03945312499999999,0.0008333333333333335,0.03861979166666666
3,crp_dataset_8_1_4.csv|crp_dataset_8_1_7.csv|crp_dataset_8_1_5.csv,crp_dataset_8_1_1.csv,0.7277826069224488,0.9365079364930714,0.46825396825025195,59,4,67,126,0.0252685546875,0.0013888888888888887,0.023879665798611113
3,crp_dataset_8_1_4.csv|crp_dataset_8_1_1.csv|crp_dataset_8_1_5.csv,crp_dataset_8_1_8.csv,0.6262487810112379,0.8061224489713661,0.5724637681117938,79,19,59,99,0.0283203125,0.005165816326530612,0.023154496173469388
3,crp_dataset_8_1_4.csv|crp_dataset_8_1_1.csv|crp_dataset_8_1_5.csv,crp_dataset_8_1_3.csv,0.6262487810112379,0.9841269841191735,0.7167630057762038,124,2,49,81,0.019604492187500003,0.000992063492063492,0.01861242869543651
3,crp_dataset_8_1_4.csv|crp_dataset_8_1_1.csv|crp_dataset_8_1_5.csv,crp_dataset_8_1_6.csv,0.6262487810112379,0.8684210526239612,0.7071428571378062,99,15,41,101,0.026928710937500003,0.005646929824561404,0.0212817811129386
3,crp_dataset_8_1_4.csv|crp_dataset_8_1_1.csv|crp_dataset_8_1_5.csv,crp_dataset_8_1_2.csv,0.6262487810112379,0.9298245613871962,0.4453781512567615,53,4,66,133,0.03945312499999999,0.0020833333333333337,0.03736979166666666
3,crp_dataset_8_1_4.csv|crp_dataset_8_1_1.csv|crp_dataset_8_1_5.csv,crp_dataset_8_1_7.csv,0.6262487810112379,0.9908256880688495,0.981818181813719,216,2,4,34,0.0095703125,0.00043004587155963305,0.009140266628440367
3,crp_dataset_8_1_2.csv|crp_dataset_8_1_7.csv|crp_dataset_8_1_1.csv,crp_dataset_8_1_8.csv,0.6058120176657483,0.8165137614603989,0.6449275362272108,89,20,49,98,0.0283203125,0.004931192660550458,0.02338911983944954
3,crp_dataset_8_1_2.csv|crp_dataset_8_1_7.csv|crp_dataset_8_1_1.csv,crp_dataset_8_1_3.csv,0.6058120176657483,0.9531249999925538,0.705202312134652,122,6,51,77,0.019604492187500003,0.002685546875,0.016918945312500003
3,crp_dataset_8_1_2.csv|crp_dataset_8_1_7.csv|crp_dataset_8_1_1.csv,crp_dataset_8_1_6.csv,0.6058120176657483,0.9306930692977159,0.6714285714237755,94,7,46,109,0.026928710937500003,0.002846534653465347,0.024082176284034657
3,crp_dataset_8_1_2.csv|crp_dataset_8_1_7.csv|crp_dataset_8_1_1.csv,crp_dataset_8_1_4.csv,0.6058120176657483,0.8359374999934693,0.816793893123536,107,21,24,104,0.023046875,0.00634765625,0.01669921875
3,crp_dataset_8_1_2.csv|crp_dataset_8_1_7.csv|crp_dataset_8_1_1.csv,crp_dataset_8_1_5.csv,0.6058120176657483,0.8275862068870392,0.7199999999928,72,15,28,141,0.039282226562499994,0.005531609195402299,0.033750617367097696
3,crp_dataset_8_1_2.csv|crp_dataset_8_1_7.csv|crp_dataset_8_1_5.csv,crp_dataset_8_1_8.csv,0.6486560599295345,0.816326530603915,0.5797101449233355,80,18,58,100,0.0283203125,0.005165816326530612,0.023154496173469388
3,crp_dataset_8_1_2.csv|crp_dataset_8_1_7.csv|crp_dataset_8_1_5.csv,crp_dataset_8_1_3.csv,0.6486560599295345,0.973913043469792,0.6473988439268937,112,3,61,80,0.019604492187500003,0.0004891304347826087,0.019115361752717393
3,crp_dataset_8_1_2.csv|crp_dataset_8_1_7.csv|crp_dataset_8_1_5.csv,crp_dataset_8_1_6.csv,0.6486560599295345,0.8571428571341108,0.5999999999957143,84,14,56,102,0.026928710937500003,0.005931122448979591,0.020997588488520413
3,crp_dataset_8_1_2.csv|crp_dataset_8_1_7.csv|crp_dataset_8_1_5.csv,crp_dataset_8_1_4.csv,0.6486560599295345,0.9243697478913918,0.8396946564821398,110,9,21,116,0.023046875,0.002258403361344538,0.020788471638655465
3,crp_dataset_8_1_2.csv|crp_dataset_8_1_7.csv|crp_dataset_8_1_5.csv,crp_dataset_8_1_1.csv,0.6486560599295345,0.9166666666557539,0.611111111106261,77,7,49,123,0.0252685546875,0.0017857142857142857,0.023482840401785714
3,crp_dataset_8_1_2.csv|crp_dataset_8_1_1.csv|crp_dataset_8_1_5.csv,crp_dataset_8_1_8.csv,0.6168822341477836,0.8058252427106231,0.6014492753579606,83,20,55,98,0.0283203125,0.005157766990291261,0.02316254550970874
3,crp_dataset_8_1_2.csv|crp_dataset_8_1_1.csv|crp_dataset_8_1_5.csv,crp_dataset_8_1_3.csv,0.6168822341477836,0.9146341463358865,0.8670520231163755,150,14,23,69,0.019604492187500003,0.0035060975609756094,0.016098394626524393
3,crp_dataset_8_1_2.csv|crp_dataset_8_1_1.csv|crp_dataset_8_1_5.csv,crp_dataset_8_1_6.csv,0.6168822341477836,0.7902097902042643,0.8071428571370919,113,30,27,86,0.026928710937500003,0.010183566433566434,0.01674514450393357
3,crp_dataset_8_1_2.csv|crp_dataset_8_1_1.csv|crp_dataset_8_1_5.csv,crp_dataset_8_1_4.csv,0.6168822341477836,0.8283582089490422,0.8473282442683411,111,23,20,102,0.023046875,0.006203358208955225,0.016843516791044778
3,crp_dataset_8_1_2.csv|crp_dataset_8_1_1.csv|crp_dataset_8_1_5.csv,crp_dataset_8_1_7.csv,0.6168822341477836,0.9205020920463578,0.9999999999954546,220,19,0,17,0.0095703125,0.003268828451882845,0.006301484048117156
3,crp_dataset_8_1_7.csv|crp_dataset_8_1_1.csv|crp_dataset_8_1_5.csv,crp_dataset_8_1_8.csv,0.6411332298764392,0.8039215686195693,0.5942028985464188,82,20,56,98,0.0283203125,0.005208333333333333,0.023111979166666668
3,crp_dataset_8_1_7.csv|crp_dataset_8_1_1.csv|crp_dataset_8_1_5.csv,crp_dataset_8_1_3.csv,0.6411332298764392,0.9606299212522785,0.705202312134652,122,5,51,78,0.019604492187500003,0.0022145669291338582,0.017389925258366145
3,crp_dataset_8_1_7.csv|crp_dataset_8_1_1.csv|crp_dataset_8_1_5.csv,crp_dataset_8_1_6.csv,0.6411332298764392,0.9607843137160708,0.6999999999950001,98,4,42,112,0.026928710937500003,0.0015318627450980392,0.025396848192401962
3,crp_dataset_8_1_7.csv|crp_dataset_8_1_1.csv|crp_dataset_8_1_5.csv,crp_dataset_8_1_4.csv,0.6411332298764392,0.8813559321959207,0.7938931297649322,104,14,27,111,0.023046875,0.004925847457627118,0.018121027542372884
3,crp_dataset_8_1_7.csv|crp_dataset_8_1_1.csv|crp_dataset_8_1_5.csv,crp_dataset_8_1_2.csv,0.6411332298764392,0.9322033898147085,0.4621848739456959,55,4,64,133,0.03945312499999999,0.00211864406779661,0.03733448093220338
4,crp_dataset_8_1_8.csv|crp_dataset_8_1_3.csv|crp_dataset_8_1_6.csv|crp_dataset_8_1_4.csv,crp_dataset_8_1_2.csv,0.6254469284247611,0.9583333333133681,0.3865546218454911,46,2,73,135,0.03945312499999999,0.0020833333333333333,0.03736979166666666
4,crp_dataset_8_1_8.csv|crp_dataset_8_1_3.csv|crp_dataset_8_1_6.csv|crp_dataset_8_1_4.csv,crp_dataset_8_1_7.csv,0.6254469284247611,0.995238095233356,0.9499999999956819,209,1,11,35,0.0095703125,0.0003571428571428572,0.009213169642857143
4,crp_dataset_8_1_8.csv|crp_dataset_8_1_3.csv|crp_dataset_8_1_6.csv|crp_dataset_8_1_4.csv,crp_dataset_8_1_1.csv,0.6254469284247611,0.9529411764593771,0.6428571428520408,81,4,45,126,0.0252685546875,0.0010294117647058824,0.024239142922794117
4,crp_dataset_8_1_8.csv|crp_dataset_8_1_3.csv|crp_dataset_8_1_6.csv|crp_dataset_8_1_4.csv,crp_dataset_8_1_5.csv,0.6254469284247611,0.9523809523658353,0.599999999994,60,3,40,153,0.039282226562499994,0.001884920634920635,0.03739730592757936
4,crp_dataset_8_1_8.csv|crp_dataset_8_1_3.csv|crp_dataset_8_1_6.csv|crp_dataset_8_1_2.csv,crp_dataset_8_1_4.csv,0.6075940590313614,0.855999999993152,0.816793893123536,107,18,24,107,0.023046875,0.0054,0.017646875
4,crp_dataset_8_1_8.csv|crp_dataset_8_1_3.csv|crp_dataset_8_1_6.csv|crp_dataset_8_1_2.csv,crp_dataset_8_1_7.csv,0.6075940590313614,0.9649122806975223,0.9999999999954546,220,8,0,28,0.0095703125,0.001206140350877193,0.008364172149122807
4,crp_dataset_8_1_8.csv|crp_dataset_8_1_3.csv|crp_dataset_8_1_6.csv|crp_dataset_8_1_2.csv,crp_dataset_8_1_1.csv,0.6075940590313614,0.9354838709576829,0.6904761904707105,87,6,39,124,0.0252685546875,0.0014112903225806449,0.023857264364919355
4,crp_dataset_8_1_8.csv|crp_dataset_8_1_3.csv|crp_dataset_8_1_6.csv|crp_dataset_8_1_2.csv,crp_dataset_8_1_5.csv,0.6075940590313614,0.8481012658120494,0.6699999999933,67,12,33,144,0.039282226562499994,0.004430379746835443,0.03485184681566455
4,crp_dataset_8_1_8.csv|crp_dataset_8_1_3.csv|crp_dataset_8_1_6.csv|crp_dataset_8_1_7.csv,crp_dataset_8_1_4.csv,0.6201955794871267,0.8387096774125911,0.7938931297649322,104,20,27,105,0.023046875,0.006199596774193549,0.016847278225806454
4,crp_dataset_8_1_8.csv|crp_dataset_8_1_3.csv|crp_dataset_8_1_6.csv|crp_dataset_8_1_7.csv,crp_dataset_8_1_2.csv,0.6201955794871267,0.9166666666557539,0.6470588235239743,77,7,42,130,0.03945312499999999,0.0026041666666666665,0.03684895833333333
4,crp_dataset_8_1_8.csv|crp_dataset_8_1_3.csv|crp_dataset_8_1_6.csv|crp_dataset_8_1_7.csv,crp_dataset_8_1_1.csv,0.6201955794871267,0.9595959595862666,0.7539682539622701,95,4,31,126,0.0252685546875,0.000946969696969697,0.024321584990530304
4,crp_dataset_8_1_8.csv|crp_dataset_8_1_3.csv|crp_dataset_8_1_6.csv|crp_dataset_8_1_7.csv,crp_dataset_8_1_5.csv,0.6201955794871267,0.8624999999892187,0.6899999999931,69,11,31,145,0.039282226562499994,0.004765625000000001,0.03451660156249999
4,crp_dataset_8_1_8.csv|crp_dataset_8_1_3.csv|crp_dataset_8_1_6.csv|crp_dataset_8_1_1.csv,crp_dataset_8_1_4.csv,0.6042766670473991,0.8632478632404851,0.7709923664063284,101,16,30,109,0.023046875,0.005448717948717949,0.01759815705128205
4,crp_dataset_8_1_8.csv|crp_dataset_8_1_3.csv|crp_dataset_8_1_6.csv|crp_dataset_8_1_1.csv,crp_dataset_8_1_2.csv,0.6042766670473991,0.9154929577335845,0.5462184873903679,65,6,54,131,0.03945312499999999,0.002640845070422535,0.03681227992957746
4,crp_dataset_8_1_8.csv|crp_dataset_8_1_3.csv|crp_dataset_8_1_6.csv|crp_dataset_8_1_1.csv,crp_dataset_8_1_7.csv,0.6042766670473991,0.9953917050645374,0.981818181813719,216,1,4,35,0.0095703125,0.0003744239631336405,0.00919588853686636
4,crp_dataset_8_1_8.csv|crp_dataset_8_1_3.csv|crp_dataset_8_1_6.csv|crp_dataset_8_1_1.csv,crp_dataset_8_1_5.csv,0.6042766670473991,0.9253731343145466,0.6199999999938,62,5,38,151,0.039282226562499994,0.0023320895522388058,0.03695013701026119
4,crp_dataset_8_1_8.csv|crp_dataset_8_1_3.csv|crp_dataset_8_1_6.csv|crp_dataset_8_1_5.csv,crp_dataset_8_1_4.csv,0.6387959340353851,0.9043478260790926,0.7938931297649322,104,11,27,114,0.023046875,0.004184782608695652,0.01886209239130435
4,crp_dataset_8_1_8.csv|crp_dataset_8_1_3.csv|crp_dataset_8_1_6.csv|crp_dataset_8_1_5.csv,crp_dataset_8_1_2.csv,0.6387959340353851,0.9411764705697809,0.4033613445344255,48,3,71,134,0.03945312499999999,0.00196078431372549,0.0374923406862745
4,crp_dataset_8_1_8.csv|crp_dataset_8_1_3.csv|crp_dataset_8_1_6.csv|crp_dataset_8_1_5.csv,crp_dataset_8_1_7.csv,0.6387959340353851,0.9819819819775587,0.9909090909045868,218,4,2,32,0.0095703125,0.0006756756756756758,0.008894636824324325
4,crp_dataset_8_1_8.csv|crp_dataset_8_1_3.csv|crp_dataset_8_1_6.csv|crp_dataset_8_1_5.csv,crp_dataset_8_1_1.csv,0.6387959340353851,0.9550561797645499,0.6746031745978206,85,4,41,126,0.0252685546875,0.0009831460674157302,0.02428540862008427
4,crp_dataset_8_1_8.csv|crp_dataset_8_1_3.csv|crp_dataset_8_1_4.csv|crp_dataset_8_1_2.csv,crp_dataset_8_1_6.csv,0.6095821805925863,0.8305084745692329,0.6999999999950001,98,20,42,96,0.026928710937500003,0.006779661016949153,0.02014904992055085
4,crp_dataset_8_1_8.csv|crp_dataset_8_1_3.csv|crp_dataset_8_1_4.csv|crp_dataset_8_1_2.csv,crp_dataset_8_1_7.csv,0.6095821805925863,0.9647577092468513,0.9954545454500207,219,8,1,28,0.0095703125,0.0012114537444933922,0.008358858755506609
4,crp_dataset_8_1_8.csv|crp_dataset_8_1_3.csv|crp_dataset_8_1_4.csv|crp_dataset_8_1_2.csv,crp_dataset_8_1_1.csv,0.6095821805925863,0.9032258064419008,0.6666666666613756,84,9,42,121,0.0252685546875,0.0023521505376344087,0.02291640414986559
4,crp_dataset_8_1_8.csv|crp_dataset_8_1_3.csv|crp_dataset_8_1_4.csv|crp_dataset_8_1_2.csv,crp_dataset_8_1_5.csv,0.6095821805925863,0.8414634146238845,0.6899999999931,69,13,31,143,0.039282226562499994,0.004573170731707318,0.03470905583079267
4,crp_dataset_8_1_8.csv|crp_dataset_8_1_3.csv|crp_dataset_8_1_4.csv|crp_dataset_8_1_7.csv,crp_dataset_8_1_6.csv,0.6354823307016487,0.831999999993344,0.7428571428518368,104,21,36,95,0.026928710937500003,0.006849999999999999,0.020078710937500004
4,crp_dataset_8_1_8.csv|crp_dataset_8_1_3.csv|crp_dataset_8_1_4.csv|crp_dataset_8_1_7.csv,crp_dataset_8_1_2.csv,0.6354823307016487,0.9756097560737657,0.33613445377868795,40,1,79,136,0.03945312499999999,0.0013719512195121953,0.038081173780487795
4,crp_dataset_8_1_8.csv|crp_dataset_8_1_3.csv|crp_dataset_8_1_4.csv|crp_dataset_8_1_7.csv,crp_dataset_8_1_1.csv,0.6354823307016487,0.951807228904195,0.6269841269791508,79,4,47,126,0.0252685546875,0.0010542168674698795,0.02421433782003012
4,crp_dataset_8_1_8.csv|crp_dataset_8_1_3.csv|crp_dataset_8_1_4.csv|crp_dataset_8_1_7.csv,crp_dataset_8_1_5.csv,0.6354823307016487,0.9374999999853515,0.599999999994,60,4,40,152,0.039282226562499994,0.0023437500000000003,0.036938476562499996
4,crp_dataset_8_1_8.csv|crp_dataset_8_1_3.csv|crp_dataset_8_1_4.csv|crp_dataset_8_1_1.csv,crp_dataset_8_1_6.csv,0.6041554065883636,0.8320610686959385,0.7785714285658674,109,22,31,94,0.026928710937500003,0.006631679389312977,0.020297031548187024
4,crp_dataset_8_1_8.csv|crp_dataset_8_1_3.csv|crp_dataset_8_1_4.csv|crp_dataset_8_1_1.csv,crp_dataset_8_1_2.csv,0.6041554065883636,0.9318181817970042,0.3445378151231551,41,3,78,134,0.03945312499999999,0.0024147727272727276,0.03703835227272726
4,crp_dataset_8_1_8.csv|crp_dataset_8_1_3.csv|crp_dataset_8_1_4.csv|crp_dataset_8_1_1.csv,crp_dataset_8_1_7.csv,0.6041554065883636,0.9777777777734321,0.9999999999954546,220,5,0,31,0.0095703125,0.0008611111111111112,0.00870920138888889
4,crp_dataset_8_1_8.csv|crp_dataset_8_1_3.csv|crp_dataset_8_1_4.csv|crp_dataset_8_1_1.csv,crp_dataset_8_1_5.csv,0.6041554065883636,0.9516129032104579,0.5899999999941,59,3,41,153,0.039282226562499994,0.0021169354838709684,0.03716529107862902
4,crp_dataset_8_1_8.csv|crp_dataset_8_1_3.csv|crp_dataset_8_1_4.csv|crp_dataset_8_1_5.csv,crp_dataset_8_1_6.csv,0.6662894012891177,0.8373983739769317,0.7357142857090306,103,20,37,96,0.026928710937500003,0.006859756097560976,0.020068954839939028
4,crp_dataset_8_1_8.csv|crp_dataset_8_1_3.csv|crp_dataset_8_1_4.csv|crp_dataset_8_1_5.csv,crp_dataset_8_1_2.csv,0.6662894012891177,0.9999999999736843,0.31932773108975354,38,0,81,137,0.03945312499999999,0.0009868421052631581,0.03846628289473683
4,crp_dataset_8_1_8.csv|crp_dataset_8_1_3.csv|crp_dataset_8_1_4.csv|crp_dataset_8_1_5.csv,crp_dataset_8_1_7.csv,0.6662894012891177,0.9863013698585101,0.981818181813719,216,3,4,33,0.0095703125,0.0005422374429223744,0.009028075057077626
4,crp_dataset_8_1_8.csv|crp_dataset_8_1_3.csv|crp_dataset_8_1_4.csv|crp_dataset_8_1_5.csv,crp_dataset_8_1_1.csv,0.6662894012891177,0.9512195121835216,0.619047619042706,78,4,48,126,0.0252685546875,0.0010670731707317072,0.024201481516768292
4,crp_dataset_8_1_8.csv|crp_dataset_8_1_3.csv|crp_dataset_8_1_2.csv|crp_dataset_8_1_7.csv,crp_dataset_8_1_6.csv,0.602252899434814,0.7985611510733918,0.7928571428514797,111,28,29,88,0.026928710937500003,0.008633093525179856,0.018295617412320147
4,crp_dataset_8_1_8.csv|crp_dataset_8_1_3.csv|crp_dataset_8_1_2.csv|crp_dataset_8_1_7.csv,crp_dataset_8_1_4.csv,0.602252899434814,0.8115942028926697,0.8549618320545423,112,26,19,99,0.023046875,0.0071557971014492745,0.015891077898550727
4,crp_dataset_8_1_8.csv|crp_dataset_8_1_3.csv|crp_dataset_8_1_2.csv|crp_dataset_8_1_7.csv,crp_dataset_8_1_1.csv,0.602252899434814,0.8712871287042446,0.6984126984071555,88,13,38,117,0.0252685546875,0.0039603960396039604,0.02130815864789604
4,crp_dataset_8_1_8.csv|crp_dataset_8_1_3.csv|crp_dataset_8_1_2.csv|crp_dataset_8_1_7.csv,crp_dataset_8_1_5.csv,0.602252899434814,0.8372093023158463,0.7199999999928,72,14,28,142,0.039282226562499994,0.005087209302325582,0.03419501726017441
4,crp_dataset_8_1_8.csv|crp_dataset_8_1_3.csv|crp_dataset_8_1_2.csv|crp_dataset_8_1_1.csv,crp_dataset_8_1_6.csv,0.603724204130585,0.8222222222161317,0.7928571428514797,111,24,29,92,0.026928710937500003,0.007129629629629631,0.01979908130787037
4,crp_dataset_8_1_8.csv|crp_dataset_8_1_3.csv|crp_dataset_8_1_2.csv|crp_dataset_8_1_1.csv,crp_dataset_8_1_4.csv,0.603724204130585,0.8222222222161317,0.8473282442683411,111,24,20,101,0.023046875,0.006388888888888889,0.016657986111111113
4,crp_dataset_8_1_8.csv|crp_dataset_8_1_3.csv|crp_dataset_8_1_2.csv|crp_dataset_8_1_1.csv,crp_dataset_8_1_7.csv,0.603724204130585,0.9361702127619738,0.9999999999954546,220,15,0,21,0.0095703125,0.002154255319148936,0.007416057180851065
4,crp_dataset_8_1_8.csv|crp_dataset_8_1_3.csv|crp_dataset_8_1_2.csv|crp_dataset_8_1_1.csv,crp_dataset_8_1_5.csv,0.603724204130585,0.8717948717836949,0.6799999999931999,68,10,32,146,0.039282226562499994,0.003926282051282052,0.03535594451121794
4,crp_dataset_8_1_8.csv|crp_dataset_8_1_3.csv|crp_dataset_8_1_2.csv|crp_dataset_8_1_5.csv,crp_dataset_8_1_6.csv,0.6206024283684182,0.7808219178028711,0.814285714279898,114,32,26,84,0.026928710937500003,0.010231164383561643,0.01669754655393836
4,crp_dataset_8_1_8.csv|crp_dataset_8_1_3.csv|crp_dataset_8_1_2.csv|crp_dataset_8_1_5.csv,crp_dataset_8_1_4.csv,0.6206024283684182,0.8421052631515632,0.8549618320545423,112,21,19,104,0.023046875,0.0058270676691729315,0.01721980733082707
4,crp_dataset_8_1_8.csv|crp_dataset_8_1_3.csv|crp_dataset_8_1_2.csv|crp_dataset_8_1_5.csv,crp_dataset_8_1_7.csv,0.6206024283684182,0.9482758620648781,0.9999999999954546,220,12,0,24,0.0095703125,0.0016163793103448276,0.007953933189655173
4,crp_dataset_8_1_8.csv|crp_dataset_8_1_3.csv|crp_dataset_8_1_2.csv|crp_dataset_8_1_5.csv,crp_dataset_8_1_1.csv,0.6206024283684182,0.8947368420958448,0.6746031745978206,85,10,41,120,0.0252685546875,0.0027631578947368415,0.022505396792763158
4,crp_dataset_8_1_8.csv|crp_dataset_8_1_3.csv|crp_dataset_8_1_7.csv|crp_dataset_8_1_1.csv,crp_dataset_8_1_6.csv,0.6248244596412506,0.8384615384550889,0.7785714285658674,109,21,31,95,0.026928710937500003,0.006346153846153846,0.020582557091346158
4,crp_dataset_8_1_8.csv|crp_dataset_8_1_3.csv|crp_dataset_8_1_7.csv|crp_dataset_8_1_1.csv,crp_dataset_8_1_4.csv,0.6248244596412506,0.8666666666594445,0.7938931297649322,104,16,27,109,0.023046875,0.0051041666666666674,0.017942708333333335
4,crp_dataset_8_1_8.csv|crp_dataset_8_1_3.csv|crp_dataset_8_1_7.csv|crp_dataset_8_1_1.csv,crp_dataset_8_1_2.csv,0.6248244596412506,0.9399999999812001,0.39495798318995834,47,3,72,134,0.03945312499999999,0.002125,0.03732812499999999
4,crp_dataset_8_1_8.csv|crp_dataset_8_1_3.csv|crp_dataset_8_1_7.csv|crp_dataset_8_1_1.csv,crp_dataset_8_1_5.csv,0.6248244596412506,0.9365079364930714,0.5899999999941,59,4,41,152,0.039282226562499994,0.0022817460317460323,0.037000480530753964
4,crp_dataset_8_1_8.csv|crp_dataset_8_1_3.csv|crp_dataset_8_1_7.csv|crp_dataset_8_1_5.csv,crp_dataset_8_1_6.csv,0.6835117704625513,0.8372093023190915,0.7714285714230613,108,21,32,95,0.026928710937500003,0.0066375968992248065,0.020291114038275194
4,crp_dataset_8_1_8.csv|crp_dataset_8_1_3.csv|crp_dataset_8_1_7.csv|crp_dataset_8_1_5.csv,crp_dataset_8_1_4.csv,0.6835117704625513,0.9043478260790926,0.7938931297649322,104,11,27,114,0.023046875,0.0036956521739130435,0.019351222826086957
4,crp_dataset_8_1_8.csv|crp_dataset_8_1_3.csv|crp_dataset_8_1_7.csv|crp_dataset_8_1_5.csv,crp_dataset_8_1_2.csv,0.6835117704625513,0.9736842105006926,0.31092436974528637,37,1,82,136,0.03945312499999999,0.0014802631578947367,0.03797286184210526
4,crp_dataset_8_1_8.csv|crp_dataset_8_1_3.csv|crp_dataset_8_1_7.csv|crp_dataset_8_1_5.csv,crp_dataset_8_1_1.csv,0.6835117704625513,0.9523809523696145,0.6349206349155958,80,4,46,126,0.0252685546875,0.0010416666666666667,0.024226888020833334
4,crp_dataset_8_1_8.csv|crp_dataset_8_1_3.csv|crp_dataset_8_1_1.csv|crp_dataset_8_1_5.csv,crp_dataset_8_1_6.csv,0.6179510983759394,0.7891156462531353,0.8285714285655102,116,31,24,85,0.026928710937500003,0.009013605442176872,0.01791510549532313
4,crp_dataset_8_1_8.csv|crp_dataset_8_1_3.csv|crp_dataset_8_1_1.csv|crp_dataset_8_1_5.csv,crp_dataset_8_1_4.csv,0.6179510983759394,0.842519685032736,0.816793893123536,107,20,24,105,0.023046875,0.0060039370078740165,0.017042937992125987
4,crp_dataset_8_1_8.csv|crp_dataset_8_1_3.csv|crp_dataset_8_1_1.csv|crp_dataset_8_1_5.csv,crp_dataset_8_1_2.csv,0.6179510983759394,0.9444444444269547,0.4285714285678271,51,3,68,134,0.03945312499999999,0.0020833333333333333,0.03736979166666666
4,crp_dataset_8_1_8.csv|crp_dataset_8_1_3.csv|crp_dataset_8_1_1.csv|crp_dataset_8_1_5.csv,crp_dataset_8_1_7.csv,0.6179510983759394,0.9401709401669224,0.9999999999954546,220,14,0,22,0.0095703125,0.0020566239316239317,0.0075136885683760694
4,crp_dataset_8_1_8.csv|crp_dataset_8_1_6.csv|crp_dataset_8_1_4.csv|crp_dataset_8_1_2.csv,crp_dataset_8_1_3.csv,0.6281212770274512,0.9583333333253472,0.6647398843892212,115,5,58,78,0.019604492187500003,0.0014583333333333332,0.01814615885416667
4,crp_dataset_8_1_8.csv|crp_dataset_8_1_6.csv|crp_dataset_8_1_4.csv|crp_dataset_8_1_2.csv,crp_dataset_8_1_7.csv,0.6281212770274512,0.9691629955904443,0.9999999999954546,220,7,0,29,0.0095703125,0.0009636563876651982,0.008606656112334802
4,crp_dataset_8_1_8.csv|crp_dataset_8_1_6.csv|crp_dataset_8_1_4.csv|crp_dataset_8_1_2.csv,crp_dataset_8_1_1.csv,0.6281212770274512,0.9411764705771626,0.6349206349155958,80,5,46,125,0.0252685546875,0.00125,0.0240185546875
4,crp_dataset_8_1_8.csv|crp_dataset_8_1_6.csv|crp_dataset_8_1_4.csv|crp_dataset_8_1_2.csv,crp_dataset_8_1_5.csv,0.6281212770274512,0.8734177215079314,0.6899999999931,69,10,31,146,0.039282226562499994,0.0034810126582278484,0.03580121390427215
4,crp_dataset_8_1_8.csv|crp_dataset_8_1_6.csv|crp_dataset_8_1_4.csv|crp_dataset_8_1_7.csv,crp_dataset_8_1_3.csv,0.6022878543008175,0.999999999991228,0.6589595375684454,114,0,59,83,0.019604492187500003,0.0,0.019604492187500003
4,crp_dataset_8_1_8.csv|crp_dataset_8_1_6.csv|crp_dataset_8_1_4.csv|crp_dataset_8_1_7.csv,crp_dataset_8_1_2.csv,0.6022878543008175,0.9999999999795919,0.41176470587889274,49,0,70,137,0.03945312499999999,0.0010204081632653062,0.03843271683673469
4,crp_dataset_8_1_8.csv|crp_dataset_8_1_6.csv|crp_dataset_8_1_4.csv|crp_dataset_8_1_7.csv,crp_dataset_8_1_1.csv,0.6022878543008175,0.9493670885955776,0.5952380952333711,75,4,51,126,0.0252685546875,0.0011075949367088606,0.02416095975079114
4,crp_dataset_8_1_8.csv|crp_dataset_8_1_6.csv|crp_dataset_8_1_4.csv|crp_dataset_8_1_7.csv,crp_dataset_8_1_5.csv,0.6022878543008175,0.9264705882216695,0.6299999999936999,63,5,37,151,0.039282226562499994,0.0023897058823529414,0.036892520680147055
4,crp_dataset_8_1_8.csv|crp_dataset_8_1_6.csv|crp_dataset_8_1_4.csv|crp_dataset_8_1_1.csv,crp_dataset_8_1_3.csv,0.6709728521795358,0.999999999990991,0.6416184971061178,111,0,62,83,0.019604492187500003,0.0,0.019604492187500003
4,crp_dataset_8_1_8.csv|crp_dataset_8_1_6.csv|crp_dataset_8_1_4.csv|crp_dataset_8_1_1.csv,crp_dataset_8_1_2.csv,0.6709728521795358,0.9714285714008164,0.28571428571188473,34,1,85,136,0.03945312499999999,0.0017857142857142857,0.037667410714285705
4,crp_dataset_8_1_8.csv|crp_dataset_8_1_6.csv|crp_dataset_8_1_4.csv|crp_dataset_8_1_1.csv,crp_dataset_8_1_7.csv,0.6709728521795358,0.9952153110000229,0.945454545450248,208,1,12,35,0.0095703125,0.0003289473684210527,0.009241365131578949
4,crp_dataset_8_1_8.csv|crp_dataset_8_1_6.csv|crp_dataset_8_1_4.csv|crp_dataset_8_1_1.csv,crp_dataset_8_1_5.csv,0.6709728521795358,0.9672131147382425,0.5899999999941,59,2,41,154,0.039282226562499994,0.0017418032786885246,0.03754042328381147
4,crp_dataset_8_1_8.csv|crp_dataset_8_1_6.csv|crp_dataset_8_1_4.csv|crp_dataset_8_1_5.csv,crp_dataset_8_1_3.csv,0.6465847290961517,0.9999999999910714,0.6473988439268937,112,0,61,83,0.019604492187500003,0.0,0.019604492187500003
4,crp_dataset_8_1_8.csv|crp_dataset_8_1_6.csv|crp_dataset_8_1_4.csv|crp_dataset_8_1_5.csv,crp_dataset_8_1_2.csv,0.6465847290961517,0.9999999999777779,0.37815126050102393,45,0,74,137,0.03945312499999999,0.0009722222222222223,0.03848090277777777
4,crp_dataset_8_1_8.csv|crp_dataset_8_1_6.csv|crp_dataset_8_1_4.csv|crp_dataset_8_1_5.csv,crp_dataset_8_1_7.csv,0.6465847290961517,0.9909090909045868,0.9909090909045868,218,2,2,34,0.0095703125,0.00045454545454545455,0.009115767045454547
4,crp_dataset_8_1_8.csv|crp_dataset_8_1_6.csv|crp_dataset_8_1_4.csv|crp_dataset_8_1_5.csv,crp_dataset_8_1_1.csv,0.6465847290961517,0.9480519480396357,0.5793650793604812,73,4,53,126,0.0252685546875,0.0011363636363636365,0.024132191051136363
4,crp_dataset_8_1_8.csv|crp_dataset_8_1_6.csv|crp_dataset_8_1_2.csv|crp_dataset_8_1_7.csv,crp_dataset_8_1_3.csv,0.6034743309459579,0.9393939393868228,0.7167630057762038,124,8,49,75,0.019604492187500003,0.002698863636363636,0.016905628551136368
4,crp_dataset_8_1_8.csv|crp_dataset_8_1_6.csv|crp_dataset_8_1_2.csv|crp_dataset_8_1_7.csv,crp_dataset_8_1_4.csv,0.6034743309459579,0.8650793650724994,0.8320610686959385,109,17,22,108,0.023046875,0.00505952380952381,0.017987351190476192
4,crp_dataset_8_1_8.csv|crp_dataset_8_1_6.csv|crp_dataset_8_1_2.csv|crp_dataset_8_1_7.csv,crp_dataset_8_1_1.csv,0.6034743309459579,0.933333333322963,0.6666666666613756,84,6,42,124,0.0252685546875,0.0014583333333333334,0.023810221354166668
4,crp_dataset_8_1_8.csv|crp_dataset_8_1_6.csv|crp_dataset_8_1_2.csv|crp_dataset_8_1_7.csv,crp_dataset_8_1_5.csv,0.6034743309459579,0.8470588235194463,0.7199999999928,72,13,28,143,0.039282226562499994,0.0044852941176470595,0.034796932444852935
4,crp_dataset_8_1_8.csv|crp_dataset_8_1_6.csv|crp_dataset_8_1_2.csv|crp_dataset_8_1_1.csv,crp_dataset_8_1_3.csv,0.6110483950065454,0.9420289855004201,0.7514450867008587,130,8,43,75,0.019604492187500003,0.0026721014492753626,0.01693239073822464
4,crp_dataset_8_1_8.csv|crp_dataset_8_1_6.csv|crp_dataset_8_1_2.csv|crp_dataset_8_1_1.csv,crp_dataset_8_1_4.csv,0.6110483950065454,0.8492063491996095,0.816793893123536,107,19,24,106,0.023046875,0.005753968253968254,0.017292906746031747
4,crp_dataset_8_1_8.csv|crp_dataset_8_1_6.csv|crp_dataset_8_1_2.csv|crp_dataset_8_1_1.csv,crp_dataset_8_1_7.csv,0.6110483950065454,0.956521739126276,0.9999999999954546,220,10,0,26,0.0095703125,0.0013315217391304348,0.008238790760869566
4,crp_dataset_8_1_8.csv|crp_dataset_8_1_6.csv|crp_dataset_8_1_2.csv|crp_dataset_8_1_1.csv,crp_dataset_8_1_5.csv,0.6110483950065454,0.8481012658120494,0.6699999999933,67,12,33,144,0.039282226562499994,0.004430379746835443,0.03485184681566455
4,crp_dataset_8_1_8.csv|crp_dataset_8_1_6.csv|crp_dataset_8_1_2.csv|crp_dataset_8_1_5.csv,crp_dataset_8_1_3.csv,0.6067014540746131,0.9485294117577314,0.7456647398800829,129,7,44,76,0.019604492187500003,0.001838235294117647,0.017766256893382355
4,crp_dataset_8_1_8.csv|crp_dataset_8_1_6.csv|crp_dataset_8_1_2.csv|crp_dataset_8_1_5.csv,crp_dataset_8_1_4.csv,0.6067014540746131,0.8870967741863943,0.8396946564821398,110,14,21,111,0.023046875,0.004233870967741936,0.018813004032258066
4,crp_dataset_8_1_8.csv|crp_dataset_8_1_6.csv|crp_dataset_8_1_2.csv|crp_dataset_8_1_5.csv,crp_dataset_8_1_7.csv,0.6067014540746131,0.956521739126276,0.9999999999954546,220,10,0,26,0.0095703125,0.0012499999999999998,0.008320312500000001
4,crp_dataset_8_1_8.csv|crp_dataset_8_1_6.csv|crp_dataset_8_1_2.csv|crp_dataset_8_1_5.csv,crp_dataset_8_1_1.csv,0.6067014540746131,0.9222222222119753,0.6587301587249307,83,7,43,123,0.0252685546875,0.001666666666666667,0.023601888020833333
4,crp_dataset_8_1_8.csv|crp_dataset_8_1_6.csv|crp_dataset_8_1_7.csv|crp_dataset_8_1_1.csv,crp_dataset_8_1_3.csv,0.6174897049544795,0.9580419580352585,0.7919075144462896,137,6,36,77,0.019604492187500003,0.002403846153846154,0.01720064603365385
4,crp_dataset_8_1_8.csv|crp_dataset_8_1_6.csv|crp_dataset_8_1_7.csv|crp_dataset_8_1_1.csv,crp_dataset_8_1_4.csv,0.6174897049544795,0.8655462184801215,0.7862595419787309,103,16,28,109,0.023046875,0.005567226890756303,0.017479648109243698
4,crp_dataset_8_1_8.csv|crp_dataset_8_1_6.csv|crp_dataset_8_1_7.csv|crp_dataset_8_1_1.csv,crp_dataset_8_1_2.csv,0.6174897049544795,0.9146341463303093,0.6302521008350399,75,7,44,130,0.03945312499999999,0.0027439024390243905,0.0367092225609756
4,crp_dataset_8_1_8.csv|crp_dataset_8_1_6.csv|crp_dataset_8_1_7.csv|crp_dataset_8_1_1.csv,crp_dataset_8_1_5.csv,0.6174897049544795,0.9027777777652392,0.6499999999935,65,7,35,149,0.039282226562499994,0.0028645833333333336,0.03641764322916666
4,crp_dataset_8_1_8.csv|crp_dataset_8_1_6.csv|crp_dataset_8_1_7.csv|crp_dataset_8_1_5.csv,crp_dataset_8_1_3.csv,0.6455239283394049,0.9833333333251388,0.6820809248515487,118,2,55,81,0.019604492187500003,0.0010416666666666667,0.018562825520833336
4,crp_dataset_8_1_8.csv|crp_dataset_8_1_6.csv|crp_dataset_8_1_7.csv|crp_dataset_8_1_5.csv,crp_dataset_8_1_4.csv,0.6455239283394049,0.9449541284316977,0.7862595419787309,103,6,28,119,0.023046875,0.0024082568807339447,0.020638618119266056
4,crp_dataset_8_1_8.csv|crp_dataset_8_1_6.csv|crp_dataset_8_1_7.csv|crp_dataset_8_1_5.csv,crp_dataset_8_1_2.csv,0.6455239283394049,0.999999999978261,0.3865546218454911,46,0,73,137,0.03945312499999999,0.0010869565217391304,0.03836616847826086
4,crp_dataset_8_1_8.csv|crp_dataset_8_1_6.csv|crp_dataset_8_1_7.csv|crp_dataset_8_1_5.csv,crp_dataset_8_1_1.csv,0.6455239283394049,0.949999999988125,0.6031746031698161,76,4,50,126,0.0252685546875,0.0010937499999999999,0.0241748046875
4,crp_dataset_8_1_8.csv|crp_dataset_8_1_6.csv|crp_dataset_8_1_1.csv|crp_dataset_8_1_5.csv,crp_dataset_8_1_3.csv,0.6772859754248185,0.983870967734001,0.705202312134652,122,2,51,81,0.019604492187500003,0.0010080645161290322,0.01859642767137097
4,crp_dataset_8_1_8.csv|crp_dataset_8_1_6.csv|crp_dataset_8_1_1.csv|crp_dataset_8_1_5.csv,crp_dataset_8_1_4.csv,0.6772859754248185,0.925233644851166,0.7557251908339259,99,8,32,117,0.023046875,0.00286214953271028,0.02018472546728972
4,crp_dataset_8_1_8.csv|crp_dataset_8_1_6.csv|crp_dataset_8_1_1.csv|crp_dataset_8_1_5.csv,crp_dataset_8_1_2.csv,0.6772859754248185,0.9607843137066514,0.41176470587889274,49,2,70,135,0.03945312499999999,0.00196078431372549,0.0374923406862745
4,crp_dataset_8_1_8.csv|crp_dataset_8_1_6.csv|crp_dataset_8_1_1.csv|crp_dataset_8_1_5.csv,crp_dataset_8_1_7.csv,0.6772859754248185,0.9953917050645374,0.981818181813719,216,1,4,35,0.0095703125,0.0004032258064516129,0.009167086693548388
4,crp_dataset_8_1_8.csv|crp_dataset_8_1_4.csv|crp_dataset_8_1_2.csv|crp_dataset_8_1_7.csv,crp_dataset_8_1_3.csv,0.6546058641675846,0.9661016949070669,0.6589595375684454,114,4,59,79,0.019604492187500003,0.0007415254237288136,0.01886296676377119
4,crp_dataset_8_1_8.csv|crp_dataset_8_1_4.csv|crp_dataset_8_1_2.csv|crp_dataset_8_1_7.csv,crp_dataset_8_1_6.csv,0.6546058641675846,0.8541666666577691,0.5857142857101021,82,14,58,102,0.026928710937500003,0.0060546875,0.020874023437500003
4,crp_dataset_8_1_8.csv|crp_dataset_8_1_4.csv|crp_dataset_8_1_2.csv|crp_dataset_8_1_7.csv,crp_dataset_8_1_1.csv,0.6546058641675846,0.8888888888765432,0.5079365079324767,64,8,62,122,0.0252685546875,0.0026909722222222218,0.022577582465277777
4,crp_dataset_8_1_8.csv|crp_dataset_8_1_4.csv|crp_dataset_8_1_2.csv|crp_dataset_8_1_7.csv,crp_dataset_8_1_5.csv,0.6546058641675846,0.8426966292040146,0.7499999999925,75,14,25,142,0.039282226562499994,0.0044943820224719105,0.03478784454002808
4,crp_dataset_8_1_8.csv|crp_dataset_8_1_4.csv|crp_dataset_8_1_2.csv|crp_dataset_8_1_1.csv,crp_dataset_8_1_3.csv,0.607062250177004,0.9999999999910714,0.6473988439268937,112,0,61,83,0.019604492187500003,0.0,0.019604492187500003
4,crp_dataset_8_1_8.csv|crp_dataset_8_1_4.csv|crp_dataset_8_1_2.csv|crp_dataset_8_1_1.csv,crp_dataset_8_1_6.csv,0.607062250177004,0.8829787233948619,0.5928571428529082,83,11,57,105,0.026928710937500003,0.005053191489361702,0.0218755194481383
4,crp_dataset_8_1_8.csv|crp_dataset_8_1_4.csv|crp_dataset_8_1_2.csv|crp_dataset_8_1_1.csv,crp_dataset_8_1_7.csv,0.607062250177004,0.9999999999950981,0.9272727272685124,204,0,16,36,0.0095703125,0.00012254901960784314,0.009447763480392158
4,crp_dataset_8_1_8.csv|crp_dataset_8_1_4.csv|crp_dataset_8_1_2.csv|crp_dataset_8_1_1.csv,crp_dataset_8_1_5.csv,0.607062250177004,0.8588235294016608,0.7299999999926999,73,12,27,144,0.039282226562499994,0.004264705882352941,0.03501752068014705
4,crp_dataset_8_1_8.csv|crp_dataset_8_1_4.csv|crp_dataset_8_1_2.csv|crp_dataset_8_1_5.csv,crp_dataset_8_1_3.csv,0.6372419592719945,0.9827586206811831,0.6589595375684454,114,2,59,81,0.019604492187500003,0.00043103448275862074,0.01917345770474138
4,crp_dataset_8_1_8.csv|crp_dataset_8_1_4.csv|crp_dataset_8_1_2.csv|crp_dataset_8_1_5.csv,crp_dataset_8_1_6.csv,0.6372419592719945,0.8541666666577691,0.5857142857101021,82,14,58,102,0.026928710937500003,0.0060546875,0.020874023437500003
4,crp_dataset_8_1_8.csv|crp_dataset_8_1_4.csv|crp_dataset_8_1_2.csv|crp_dataset_8_1_5.csv,crp_dataset_8_1_7.csv,0.6372419592719945,0.9952830188632299,0.9590909090865496,211,1,9,35,0.0095703125,0.0002653301886792453,0.009304982311320755
4,crp_dataset_8_1_8.csv|crp_dataset_8_1_4.csv|crp_dataset_8_1_2.csv|crp_dataset_8_1_5.csv,crp_dataset_8_1_1.csv,0.6372419592719945,0.888888888877915,0.5714285714240362,72,9,54,121,0.0252685546875,0.002700617283950617,0.022567937403549385
4,crp_dataset_8_1_8.csv|crp_dataset_8_1_4.csv|crp_dataset_8_1_7.csv|crp_dataset_8_1_1.csv,crp_dataset_8_1_3.csv,0.6077641991980335,0.9915966386471294,0.6820809248515487,118,1,55,82,0.019604492187500003,0.0005252100840336134,0.019079282103466388
4,crp_dataset_8_1_8.csv|crp_dataset_8_1_4.csv|crp_dataset_8_1_7.csv|crp_dataset_8_1_1.csv,crp_dataset_8_1_6.csv,0.6077641991980335,0.9072164948360081,0.6285714285669388,88,9,52,107,0.026928710937500003,0.0037371134020618554,0.023191597535438147
4,crp_dataset_8_1_8.csv|crp_dataset_8_1_4.csv|crp_dataset_8_1_7.csv|crp_dataset_8_1_1.csv,crp_dataset_8_1_2.csv,0.6077641991980335,0.9459459459331628,0.5882352941127039,70,4,49,133,0.03945312499999999,0.0021114864864864866,0.037341638513513506
4,crp_dataset_8_1_8.csv|crp_dataset_8_1_4.csv|crp_dataset_8_1_7.csv|crp_dataset_8_1_1.csv,crp_dataset_8_1_5.csv,0.6077641991980335,0.857142857132653,0.7199999999928,72,12,28,144,0.039282226562499994,0.004315476190476191,0.034966750372023805
4,crp_dataset_8_1_8.csv|crp_dataset_8_1_4.csv|crp_dataset_8_1_7.csv|crp_dataset_8_1_5.csv,crp_dataset_8_1_3.csv,0.6857039620201624,0.9911504424691049,0.6473988439268937,112,1,61,82,0.019604492187500003,0.000165929203539823,0.01943856298396018
4,crp_dataset_8_1_8.csv|crp_dataset_8_1_4.csv|crp_dataset_8_1_7.csv|crp_dataset_8_1_5.csv,crp_dataset_8_1_6.csv,0.6857039620201624,0.841584158407509,0.6071428571385205,85,16,55,100,0.026928710937500003,0.006745049504950494,0.02018366143254951
4,crp_dataset_8_1_8.csv|crp_dataset_8_1_4.csv|crp_dataset_8_1_7.csv|crp_dataset_8_1_5.csv,crp_dataset_8_1_2.csv,0.6857039620201624,0.9999999999787235,0.39495798318995834,47,0,72,137,0.03945312499999999,0.000797872340425532,0.03865525265957446
4,crp_dataset_8_1_8.csv|crp_dataset_8_1_4.csv|crp_dataset_8_1_7.csv|crp_dataset_8_1_5.csv,crp_dataset_8_1_1.csv,0.6857039620201624,0.9230769230650887,0.5714285714240362,72,6,54,124,0.0252685546875,0.0016025641025641025,0.023665990584935896
4,crp_dataset_8_1_8.csv|crp_dataset_8_1_4.csv|crp_dataset_8_1_1.csv|crp_dataset_8_1_5.csv,crp_dataset_8_1_3.csv,0.6108817797118753,0.991803278680395,0.6994219653138762,121,1,52,82,0.019604492187500003,0.0005122950819672131,0.01909219710553279
4,crp_dataset_8_1_8.csv|crp_dataset_8_1_4.csv|crp_dataset_8_1_1.csv|crp_dataset_8_1_5.csv,crp_dataset_8_1_6.csv,0.6108817797118753,0.871559633019527,0.6785714285665817,95,14,45,102,0.026928710937500003,0.00533256880733945,0.021596142130160555
4,crp_dataset_8_1_8.csv|crp_dataset_8_1_4.csv|crp_dataset_8_1_1.csv|crp_dataset_8_1_5.csv,crp_dataset_8_1_2.csv,0.6108817797118753,0.9298245613871962,0.4453781512567615,53,4,66,133,0.03945312499999999,0.001973684210526316,0.03747944078947368
4,crp_dataset_8_1_8.csv|crp_dataset_8_1_4.csv|crp_dataset_8_1_1.csv|crp_dataset_8_1_5.csv,crp_dataset_8_1_7.csv,0.6108817797118753,0.9953271027990873,0.9681818181774174,213,1,7,35,0.0095703125,0.0002920560747663551,0.009278256425233646
4,crp_dataset_8_1_8.csv|crp_dataset_8_1_2.csv|crp_dataset_8_1_7.csv|crp_dataset_8_1_1.csv,crp_dataset_8_1_3.csv,0.6833678327220272,0.9912280701667436,0.6531791907476695,113,1,60,82,0.019604492187500003,0.0005482456140350877,0.019056246573464913
4,crp_dataset_8_1_8.csv|crp_dataset_8_1_2.csv|crp_dataset_8_1_7.csv|crp_dataset_8_1_1.csv,crp_dataset_8_1_6.csv,0.6833678327220272,0.8490566037655749,0.642857142852551,90,16,50,100,0.026928710937500003,0.0064268867924528305,0.02050182414504717
4,crp_dataset_8_1_8.csv|crp_dataset_8_1_2.csv|crp_dataset_8_1_7.csv|crp_dataset_8_1_1.csv,crp_dataset_8_1_4.csv,0.6833678327220272,0.9152542372803791,0.8244274809097373,108,10,23,115,0.023046875,0.003389830508474576,0.019657044491525427
4,crp_dataset_8_1_8.csv|crp_dataset_8_1_2.csv|crp_dataset_8_1_7.csv|crp_dataset_8_1_1.csv,crp_dataset_8_1_5.csv,0.6833678327220272,0.8624999999892187,0.6899999999931,69,11,31,145,0.039282226562499994,0.004140625,0.03514160156249999
4,crp_dataset_8_1_8.csv|crp_dataset_8_1_2.csv|crp_dataset_8_1_7.csv|crp_dataset_8_1_5.csv,crp_dataset_8_1_3.csv,0.6038898371683459,0.9374999999926759,0.6936416184931004,120,8,53,75,0.019604492187500003,0.00244140625,0.017163085937500003
4,crp_dataset_8_1_8.csv|crp_dataset_8_1_2.csv|crp_dataset_8_1_7.csv|crp_dataset_8_1_5.csv,crp_dataset_8_1_6.csv,0.6038898371683459,0.7716535433010105,0.6999999999950001,98,29,42,87,0.026928710937500003,0.009940944881889763,0.01698776605561024
4,crp_dataset_8_1_8.csv|crp_dataset_8_1_2.csv|crp_dataset_8_1_7.csv|crp_dataset_8_1_5.csv,crp_dataset_8_1_4.csv,0.6038898371683459,0.895999999992832,0.8549618320545423,112,13,19,112,0.023046875,0.0035499999999999998,0.019496875
4,crp_dataset_8_1_8.csv|crp_dataset_8_1_2.csv|crp_dataset_8_1_7.csv|crp_dataset_8_1_5.csv,crp_dataset_8_1_1.csv,0.6038898371683459,0.8791208791112184,0.6349206349155958,80,11,46,119,0.0252685546875,0.003434065934065934,0.021834488753434064
4,crp_dataset_8_1_8.csv|crp_dataset_8_1_2.csv|crp_dataset_8_1_1.csv|crp_dataset_8_1_5.csv,crp_dataset_8_1_3.csv,0.6098177506389909,0.9166666666612103,0.8901734103994788,154,14,19,69,0.019604492187500003,0.00390625,0.015698242187500003
4,crp_dataset_8_1_8.csv|crp_dataset_8_1_2.csv|crp_dataset_8_1_1.csv|crp_dataset_8_1_5.csv,crp_dataset_8_1_6.csv,0.6098177506389909,0.7499999999954269,0.8785714285651531,123,41,17,75,0.026928710937500003,0.012118902439024392,0.01480980849847561
4,crp_dataset_8_1_8.csv|crp_dataset_8_1_2.csv|crp_dataset_8_1_1.csv|crp_dataset_8_1_5.csv,crp_dataset_8_1_4.csv,0.6098177506389909,0.7832167832113063,0.8549618320545423,112,31,19,94,0.023046875,0.00812937062937063,0.01491750437062937
4,crp_dataset_8_1_8.csv|crp_dataset_8_1_2.csv|crp_dataset_8_1_1.csv|crp_dataset_8_1_5.csv,crp_dataset_8_1_7.csv,0.6098177506389909,0.9322033898265585,0.9999999999954546,220,16,0,20,0.0095703125,0.0023834745762711866,0.007186837923728814
4,crp_dataset_8_1_8.csv|crp_dataset_8_1_7.csv|crp_dataset_8_1_1.csv|crp_dataset_8_1_5.csv,crp_dataset_8_1_3.csv,0.7206250026180104,0.9827586206811831,0.6589595375684454,114,2,59,81,0.019604492187500003,0.0010775862068965517,0.018526905980603452
4,crp_dataset_8_1_8.csv|crp_dataset_8_1_7.csv|crp_dataset_8_1_1.csv|crp_dataset_8_1_5.csv,crp_dataset_8_1_6.csv,0.7206250026180104,0.9595959595862666,0.6785714285665817,95,4,45,112,0.026928710937500003,0.0013257575757575758,0.025602953361742425
4,crp_dataset_8_1_8.csv|crp_dataset_8_1_7.csv|crp_dataset_8_1_1.csv|crp_dataset_8_1_5.csv,crp_dataset_8_1_4.csv,0.7206250026180104,0.9259259259173525,0.7633587786201271,100,8,31,117,0.023046875,0.00318287037037037,0.01986400462962963
4,crp_dataset_8_1_8.csv|crp_dataset_8_1_7.csv|crp_dataset_8_1_1.csv|crp_dataset_8_1_5.csv,crp_dataset_8_1_2.csv,0.7206250026180104,0.9767441860237968,0.35294117646762235,42,1,77,136,0.03945312499999999,0.001308139534883721,0.03814498546511627
4,crp_dataset_8_1_3.csv|crp_dataset_8_1_6.csv|crp_dataset_8_1_4.csv|crp_dataset_8_1_2.csv,crp_dataset_8_1_8.csv,0.6257786161442146,0.8144329896823254,0.5724637681117938,79,18,59,100,0.0283203125,0.005219072164948453,0.023101240335051548
4,crp_dataset_8_1_3.csv|crp_dataset_8_1_6.csv|crp_dataset_8_1_4.csv|crp_dataset_8_1_2.csv,crp_dataset_8_1_7.csv,0.6257786161442146,0.9523809523768295,0.9999999999954546,220,11,0,25,0.0095703125,0.001433982683982684,0.008136329816017317
4,crp_dataset_8_1_3.csv|crp_dataset_8_1_6.csv|crp_dataset_8_1_4.csv|crp_dataset_8_1_2.csv,crp_dataset_8_1_1.csv,0.6257786161442146,0.9397590361332558,0.619047619042706,78,5,48,125,0.0252685546875,0.0012801204819277109,0.023988434205572288
4,crp_dataset_8_1_3.csv|crp_dataset_8_1_6.csv|crp_dataset_8_1_4.csv|crp_dataset_8_1_2.csv,crp_dataset_8_1_5.csv,0.6257786161442146,0.8961038960922584,0.6899999999931,69,8,31,148,0.039282226562499994,0.0030844155844155846,0.03619781097808441
4,crp_dataset_8_1_3.csv|crp_dataset_8_1_6.csv|crp_dataset_8_1_4.csv|crp_dataset_8_1_7.csv,crp_dataset_8_1_8.csv,0.6992052869880105,0.7999999999885714,0.40579710144633485,56,14,82,104,0.0283203125,0.005535714285714285,0.022784598214285714
4,crp_dataset_8_1_3.csv|crp_dataset_8_1_6.csv|crp_dataset_8_1_4.csv|crp_dataset_8_1_7.csv,crp_dataset_8_1_2.csv,0.6992052869880105,0.9999999999545455,0.18487394957827835,22,0,97,137,0.03945312499999999,0.0008522727272727274,0.03860085227272726
4,crp_dataset_8_1_3.csv|crp_dataset_8_1_6.csv|crp_dataset_8_1_4.csv|crp_dataset_8_1_7.csv,crp_dataset_8_1_1.csv,0.6992052869880105,0.9459459459331628,0.5555555555511463,70,4,56,126,0.0252685546875,0.0011824324324324323,0.02408612225506757
4,crp_dataset_8_1_3.csv|crp_dataset_8_1_6.csv|crp_dataset_8_1_4.csv|crp_dataset_8_1_7.csv,crp_dataset_8_1_5.csv,0.6992052869880105,0.999999999978261,0.4599999999954,46,0,54,156,0.039282226562499994,0.0008152173913043478,0.038467009171195644
4,crp_dataset_8_1_3.csv|crp_dataset_8_1_6.csv|crp_dataset_8_1_4.csv|crp_dataset_8_1_1.csv,crp_dataset_8_1_8.csv,0.6066139929096082,0.8111111111020988,0.5289855072425437,73,17,65,101,0.0283203125,0.005208333333333333,0.023111979166666668
4,crp_dataset_8_1_3.csv|crp_dataset_8_1_6.csv|crp_dataset_8_1_4.csv|crp_dataset_8_1_1.csv,crp_dataset_8_1_2.csv,0.6066139929096082,0.9545454545237604,0.35294117646762235,42,2,77,135,0.03945312499999999,0.0019886363636363634,0.037464488636363626
4,crp_dataset_8_1_3.csv|crp_dataset_8_1_6.csv|crp_dataset_8_1_4.csv|crp_dataset_8_1_1.csv,crp_dataset_8_1_7.csv,0.6066139929096082,0.9908675799041513,0.9863636363591529,217,2,3,34,0.0095703125,0.0004566210045662101,0.009113691495433791
4,crp_dataset_8_1_3.csv|crp_dataset_8_1_6.csv|crp_dataset_8_1_4.csv|crp_dataset_8_1_1.csv,crp_dataset_8_1_5.csv,0.6066139929096082,0.9655172413626636,0.5599999999944,56,2,44,154,0.039282226562499994,0.001831896551724138,0.037450330010775856
4,crp_dataset_8_1_3.csv|crp_dataset_8_1_6.csv|crp_dataset_8_1_4.csv|crp_dataset_8_1_5.csv,crp_dataset_8_1_8.csv,0.6346236297428883,0.8021978021889868,0.5289855072425437,73,18,65,100,0.0283203125,0.005357142857142856,0.022963169642857145
4,crp_dataset_8_1_3.csv|crp_dataset_8_1_6.csv|crp_dataset_8_1_4.csv|crp_dataset_8_1_5.csv,crp_dataset_8_1_2.csv,0.6346236297428883,0.9772727272505166,0.36134453781208953,43,1,76,136,0.03945312499999999,0.0015625,0.03789062499999999
4,crp_dataset_8_1_3.csv|crp_dataset_8_1_6.csv|crp_dataset_8_1_4.csv|crp_dataset_8_1_5.csv,crp_dataset_8_1_7.csv,0.6346236297428883,0.9864253393620525,0.9909090909045868,218,3,2,33,0.0095703125,0.0005090497737556561,0.009061262726244345
4,crp_dataset_8_1_3.csv|crp_dataset_8_1_6.csv|crp_dataset_8_1_4.csv|crp_dataset_8_1_5.csv,crp_dataset_8_1_1.csv,0.6346236297428883,0.9487179487057856,0.5873015872969262,74,4,52,126,0.0252685546875,0.0011217948717948717,0.02414675981570513
4,crp_dataset_8_1_3.csv|crp_dataset_8_1_6.csv|crp_dataset_8_1_2.csv|crp_dataset_8_1_7.csv,crp_dataset_8_1_8.csv,0.6194931919234238,0.8039215686195693,0.5942028985464188,82,20,56,98,0.0283203125,0.005208333333333333,0.023111979166666668
4,crp_dataset_8_1_3.csv|crp_dataset_8_1_6.csv|crp_dataset_8_1_2.csv|crp_dataset_8_1_7.csv,crp_dataset_8_1_4.csv,0.6194931919234238,0.8582677165286751,0.8320610686959385,109,18,22,107,0.023046875,0.005216535433070866,0.017830339566929136
4,crp_dataset_8_1_3.csv|crp_dataset_8_1_6.csv|crp_dataset_8_1_2.csv|crp_dataset_8_1_7.csv,crp_dataset_8_1_1.csv,0.6194931919234238,0.9456521739027646,0.6904761904707105,87,5,39,125,0.0252685546875,0.0011548913043478261,0.024113663383152174
4,crp_dataset_8_1_3.csv|crp_dataset_8_1_6.csv|crp_dataset_8_1_2.csv|crp_dataset_8_1_7.csv,crp_dataset_8_1_5.csv,0.6194931919234238,0.8607594936599904,0.6799999999931999,68,11,32,145,0.039282226562499994,0.004113924050632912,0.03516830251186708
4,crp_dataset_8_1_3.csv|crp_dataset_8_1_6.csv|crp_dataset_8_1_2.csv|crp_dataset_8_1_1.csv,crp_dataset_8_1_8.csv,0.6283328096433445,0.8039215686195693,0.5942028985464188,82,20,56,98,0.0283203125,0.005208333333333333,0.023111979166666668
4,crp_dataset_8_1_3.csv|crp_dataset_8_1_6.csv|crp_dataset_8_1_2.csv|crp_dataset_8_1_1.csv,crp_dataset_8_1_4.csv,0.6283328096433445,0.8359374999934693,0.816793893123536,107,21,24,104,0.023046875,0.00625,0.016796875000000003
4,crp_dataset_8_1_3.csv|crp_dataset_8_1_6.csv|crp_dataset_8_1_2.csv|crp_dataset_8_1_1.csv,crp_dataset_8_1_7.csv,0.6283328096433445,0.9482758620648781,0.9999999999954546,220,12,0,24,0.0095703125,0.0016971982758620687,0.007873114224137933
4,crp_dataset_8_1_3.csv|crp_dataset_8_1_6.csv|crp_dataset_8_1_2.csv|crp_dataset_8_1_1.csv,crp_dataset_8_1_5.csv,0.6283328096433445,0.8767123287551135,0.6399999999936,64,9,36,147,0.039282226562499994,0.003339041095890411,0.03594318546660959
4,crp_dataset_8_1_3.csv|crp_dataset_8_1_6.csv|crp_dataset_8_1_2.csv|crp_dataset_8_1_5.csv,crp_dataset_8_1_8.csv,0.6026099288326833,0.8181818181735537,0.5869565217348772,81,18,57,100,0.0283203125,0.005113636363636364,0.023206676136363638
4,crp_dataset_8_1_3.csv|crp_dataset_8_1_6.csv|crp_dataset_8_1_2.csv|crp_dataset_8_1_5.csv,crp_dataset_8_1_4.csv,0.6026099288326833,0.8571428571360544,0.8244274809097373,108,18,23,107,0.023046875,0.005505952380952381,0.01754092261904762
4,crp_dataset_8_1_3.csv|crp_dataset_8_1_6.csv|crp_dataset_8_1_2.csv|crp_dataset_8_1_5.csv,crp_dataset_8_1_7.csv,0.6026099288326833,0.9442060085796387,0.9999999999954546,220,13,0,23,0.0095703125,0.0017972103004291846,0.007773102199570816
4,crp_dataset_8_1_3.csv|crp_dataset_8_1_6.csv|crp_dataset_8_1_2.csv|crp_dataset_8_1_5.csv,crp_dataset_8_1_1.csv,0.6026099288326833,0.9450549450445598,0.6825396825342656,86,5,40,125,0.0252685546875,0.0011675824175824176,0.024100972269917583
4,crp_dataset_8_1_3.csv|crp_dataset_8_1_6.csv|crp_dataset_8_1_7.csv|crp_dataset_8_1_1.csv,crp_dataset_8_1_8.csv,0.6206091464529712,0.7999999999915789,0.5507246376771687,76,19,62,99,0.0283203125,0.00526315789473684,0.02305715460526316
4,crp_dataset_8_1_3.csv|crp_dataset_8_1_6.csv|crp_dataset_8_1_7.csv|crp_dataset_8_1_1.csv,crp_dataset_8_1_4.csv,0.6206091464529712,0.8695652173837429,0.7633587786201271,100,15,31,110,0.023046875,0.005326086956521739,0.017720788043478264
4,crp_dataset_8_1_3.csv|crp_dataset_8_1_6.csv|crp_dataset_8_1_7.csv|crp_dataset_8_1_1.csv,crp_dataset_8_1_2.csv,0.6206091464529712,0.910447761180441,0.5126050420124991,61,6,58,131,0.03945312499999999,0.002798507462686567,0.03665461753731342
4,crp_dataset_8_1_3.csv|crp_dataset_8_1_6.csv|crp_dataset_8_1_7.csv|crp_dataset_8_1_1.csv,crp_dataset_8_1_5.csv,0.6206091464529712,0.9354838709526535,0.5799999999941999,58,4,42,152,0.039282226562499994,0.0023185483870967745,0.03696367817540322
4,crp_dataset_8_1_3.csv|crp_dataset_8_1_6.csv|crp_dataset_8_1_7.csv|crp_dataset_8_1_5.csv,crp_dataset_8_1_8.csv,0.6803203827057167,0.8105263157809418,0.5579710144887104,77,18,61,100,0.0283203125,0.00519736842105263,0.02312294407894737
4,crp_dataset_8_1_3.csv|crp_dataset_8_1_6.csv|crp_dataset_8_1_7.csv|crp_dataset_8_1_5.csv,crp_dataset_8_1_4.csv,0.6803203827057167,0.9272727272642974,0.7786259541925297,102,8,29,117,0.023046875,0.0032954545454545454,0.019751420454545456
4,crp_dataset_8_1_3.csv|crp_dataset_8_1_6.csv|crp_dataset_8_1_7.csv|crp_dataset_8_1_5.csv,crp_dataset_8_1_2.csv,0.6803203827057167,0.9433962263972945,0.4201680672233599,50,3,69,134,0.03945312499999999,0.0021226415094339627,0.03733048349056603
4,crp_dataset_8_1_3.csv|crp_dataset_8_1_6.csv|crp_dataset_8_1_7.csv|crp_dataset_8_1_5.csv,crp_dataset_8_1_1.csv,0.6803203827057167,0.9529411764593771,0.6428571428520408,81,4,45,126,0.0252685546875,0.0010294117647058824,0.024239142922794117
4,crp_dataset_8_1_3.csv|crp_dataset_8_1_6.csv|crp_dataset_8_1_1.csv|crp_dataset_8_1_5.csv,crp_dataset_8_1_8.csv,0.6005206514969204,0.8039215686195693,0.5942028985464188,82,20,56,98,0.0283203125,0.005208333333333333,0.023111979166666668
4,crp_dataset_8_1_3.csv|crp_dataset_8_1_6.csv|crp_dataset_8_1_1.csv|crp_dataset_8_1_5.csv,crp_dataset_8_1_4.csv,0.6005206514969204,0.8677685950341506,0.8015267175511335,105,16,26,109,0.023046875,0.005320247933884298,0.017726627066115705
4,crp_dataset_8_1_3.csv|crp_dataset_8_1_6.csv|crp_dataset_8_1_1.csv|crp_dataset_8_1_5.csv,crp_dataset_8_1_2.csv,0.6005206514969204,0.9027777777652392,0.5462184873903679,65,7,54,130,0.03945312499999999,0.002777777777777778,0.03667534722222222
4,crp_dataset_8_1_3.csv|crp_dataset_8_1_6.csv|crp_dataset_8_1_1.csv|crp_dataset_8_1_5.csv,crp_dataset_8_1_7.csv,0.6005206514969204,0.9603524229032584,0.9909090909045868,218,9,2,27,0.0095703125,0.0013215859030837004,0.0082487265969163
4,crp_dataset_8_1_3.csv|crp_dataset_8_1_4.csv|crp_dataset_8_1_2.csv|crp_dataset_8_1_7.csv,crp_dataset_8_1_8.csv,0.6006082641811283,0.816326530603915,0.5797101449233355,80,18,58,100,0.0283203125,0.005165816326530612,0.023154496173469388
4,crp_dataset_8_1_3.csv|crp_dataset_8_1_4.csv|crp_dataset_8_1_2.csv|crp_dataset_8_1_7.csv,crp_dataset_8_1_6.csv,0.6006082641811283,0.8666666666594445,0.7428571428518368,104,16,36,100,0.026928710937500003,0.005677083333333333,0.02125162760416667
4,crp_dataset_8_1_3.csv|crp_dataset_8_1_4.csv|crp_dataset_8_1_2.csv|crp_dataset_8_1_7.csv,crp_dataset_8_1_1.csv,0.6006082641811283,0.9213483145963893,0.6507936507884857,82,7,44,123,0.0252685546875,0.0016853932584269665,0.023583161429073032
4,crp_dataset_8_1_3.csv|crp_dataset_8_1_4.csv|crp_dataset_8_1_2.csv|crp_dataset_8_1_7.csv,crp_dataset_8_1_5.csv,0.6006082641811283,0.8749999999890624,0.699999999993,70,10,30,146,0.039282226562499994,0.00390625,0.035375976562499994
4,crp_dataset_8_1_3.csv|crp_dataset_8_1_4.csv|crp_dataset_8_1_2.csv|crp_dataset_8_1_1.csv,crp_dataset_8_1_8.csv,0.6111257069551088,0.8118811881107735,0.5942028985464188,82,19,56,99,0.0283203125,0.005136138613861386,0.023184173886138613
4,crp_dataset_8_1_3.csv|crp_dataset_8_1_4.csv|crp_dataset_8_1_2.csv|crp_dataset_8_1_1.csv,crp_dataset_8_1_6.csv,0.6111257069551088,0.8437499999934083,0.7714285714230613,108,20,32,96,0.026928710937500003,0.00615234375,0.020776367187500002
4,crp_dataset_8_1_3.csv|crp_dataset_8_1_4.csv|crp_dataset_8_1_2.csv|crp_dataset_8_1_1.csv,crp_dataset_8_1_7.csv,0.6111257069551088,0.9442060085796387,0.9999999999954546,220,13,0,23,0.0095703125,0.0017972103004291844,0.007773102199570816
4,crp_dataset_8_1_3.csv|crp_dataset_8_1_4.csv|crp_dataset_8_1_2.csv|crp_dataset_8_1_1.csv,crp_dataset_8_1_5.csv,0.6111257069551088,0.883116883105414,0.6799999999931999,68,9,32,147,0.039282226562499994,0.003733766233766234,0.03554846032873376
4,crp_dataset_8_1_3.csv|crp_dataset_8_1_4.csv|crp_dataset_8_1_2.csv|crp_dataset_8_1_5.csv,crp_dataset_8_1_8.csv,0.6211036251419613,0.816326530603915,0.5797101449233355,80,18,58,100,0.0283203125,0.005165816326530612,0.023154496173469388
4,crp_dataset_8_1_3.csv|crp_dataset_8_1_4.csv|crp_dataset_8_1_2.csv|crp_dataset_8_1_5.csv,crp_dataset_8_1_6.csv,0.6211036251419613,0.8372093023190915,0.7714285714230613,108,21,32,95,0.026928710937500003,0.007218992248062016,0.019709718689437987
4,crp_dataset_8_1_3.csv|crp_dataset_8_1_4.csv|crp_dataset_8_1_2.csv|crp_dataset_8_1_5.csv,crp_dataset_8_1_7.csv,0.6211036251419613,0.9523809523768295,0.9999999999954546,220,11,0,25,0.0095703125,0.001433982683982684,0.008136329816017317
4,crp_dataset_8_1_3.csv|crp_dataset_8_1_4.csv|crp_dataset_8_1_2.csv|crp_dataset_8_1_5.csv,crp_dataset_8_1_1.csv,0.6211036251419613,0.9186046511521092,0.6269841269791508,79,7,47,123,0.0252685546875,0.0017441860465116274,0.023524368640988374
4,crp_dataset_8_1_3.csv|crp_dataset_8_1_4.csv|crp_dataset_8_1_7.csv|crp_dataset_8_1_1.csv,crp_dataset_8_1_8.csv,0.6123548676659959,0.797297297286523,0.4275362318809599,59,15,79,103,0.0283203125,0.005489864864864864,0.022830447635135136
4,crp_dataset_8_1_3.csv|crp_dataset_8_1_4.csv|crp_dataset_8_1_7.csv|crp_dataset_8_1_1.csv,crp_dataset_8_1_6.csv,0.6123548676659959,0.7791411042896985,0.9071428571363777,127,36,13,80,0.026928710937500003,0.009394171779141104,0.017534539158358897
4,crp_dataset_8_1_3.csv|crp_dataset_8_1_4.csv|crp_dataset_8_1_7.csv|crp_dataset_8_1_1.csv,crp_dataset_8_1_2.csv,0.6123548676659959,0.9629629629272977,0.21848739495614716,26,1,93,136,0.03945312499999999,0.0020833333333333333,0.03736979166666666
4,crp_dataset_8_1_3.csv|crp_dataset_8_1_4.csv|crp_dataset_8_1_7.csv|crp_dataset_8_1_1.csv,crp_dataset_8_1_5.csv,0.6123548676659959,0.9999999999761906,0.4199999999958,42,0,58,156,0.039282226562499994,0.000744047619047619,0.03853817894345238
4,crp_dataset_8_1_3.csv|crp_dataset_8_1_4.csv|crp_dataset_8_1_7.csv|crp_dataset_8_1_5.csv,crp_dataset_8_1_8.csv,0.6118295648680365,0.8210526315703047,0.5652173913002521,78,17,60,101,0.0283203125,0.00513157894736842,0.02318873355263158
4,crp_dataset_8_1_3.csv|crp_dataset_8_1_4.csv|crp_dataset_8_1_7.csv|crp_dataset_8_1_5.csv,crp_dataset_8_1_6.csv,0.6118295648680365,0.8437499999934083,0.7714285714230613,108,20,32,96,0.026928710937500003,0.006640625000000001,0.020288085937500002
4,crp_dataset_8_1_3.csv|crp_dataset_8_1_4.csv|crp_dataset_8_1_7.csv|crp_dataset_8_1_5.csv,crp_dataset_8_1_2.csv,0.6118295648680365,0.9772727272505166,0.36134453781208953,43,1,76,136,0.03945312499999999,0.0014204545454545455,0.03803267045454545
4,crp_dataset_8_1_3.csv|crp_dataset_8_1_4.csv|crp_dataset_8_1_7.csv|crp_dataset_8_1_5.csv,crp_dataset_8_1_1.csv,0.6118295648680365,0.9523809523696145,0.6349206349155958,80,4,46,126,0.0252685546875,0.0010416666666666667,0.024226888020833334
4,crp_dataset_8_1_3.csv|crp_dataset_8_1_4.csv|crp_dataset_8_1_1.csv|crp_dataset_8_1_5.csv,crp_dataset_8_1_8.csv,0.6090762627734201,0.7979797979717376,0.5724637681117938,79,20,59,98,0.0283203125,0.005239898989898989,0.02308041351010101
4,crp_dataset_8_1_3.csv|crp_dataset_8_1_4.csv|crp_dataset_8_1_1.csv|crp_dataset_8_1_5.csv,crp_dataset_8_1_6.csv,0.6090762627734201,0.8345864661591386,0.7928571428514797,111,22,29,94,0.026928710937500003,0.006766917293233083,0.020161793644266922
4,crp_dataset_8_1_3.csv|crp_dataset_8_1_4.csv|crp_dataset_8_1_1.csv|crp_dataset_8_1_5.csv,crp_dataset_8_1_2.csv,0.6090762627734201,0.9365079364930714,0.4957983193235647,59,4,60,133,0.03945312499999999,0.0021825396825396826,0.03727058531746031
4,crp_dataset_8_1_3.csv|crp_dataset_8_1_4.csv|crp_dataset_8_1_1.csv|crp_dataset_8_1_5.csv,crp_dataset_8_1_7.csv,0.6090762627734201,0.9864864864820428,0.9954545454500207,219,3,1,33,0.0095703125,0.0006475225225225226,0.008922789977477478
4,crp_dataset_8_1_3.csv|crp_dataset_8_1_2.csv|crp_dataset_8_1_7.csv|crp_dataset_8_1_1.csv,crp_dataset_8_1_8.csv,0.7134024066557654,0.8137254901881007,0.6014492753579606,83,19,55,99,0.0283203125,0.0050857843137254895,0.02323452818627451
4,crp_dataset_8_1_3.csv|crp_dataset_8_1_2.csv|crp_dataset_8_1_7.csv|crp_dataset_8_1_1.csv,crp_dataset_8_1_6.csv,0.7134024066557654,0.8524590163864553,0.7428571428518368,104,18,36,98,0.026928710937500003,0.006045081967213115,0.020883628970286887
4,crp_dataset_8_1_3.csv|crp_dataset_8_1_2.csv|crp_dataset_8_1_7.csv|crp_dataset_8_1_1.csv,crp_dataset_8_1_4.csv,0.7134024066557654,0.8617886178791724,0.8091603053373347,106,17,25,108,0.023046875,0.00508130081300813,0.01796557418699187
4,crp_dataset_8_1_3.csv|crp_dataset_8_1_2.csv|crp_dataset_8_1_7.csv|crp_dataset_8_1_1.csv,crp_dataset_8_1_5.csv,0.7134024066557654,0.8999999999871429,0.6299999999936999,63,7,37,149,0.039282226562499994,0.0034821428571428573,0.03580008370535714
4,crp_dataset_8_1_3.csv|crp_dataset_8_1_2.csv|crp_dataset_8_1_7.csv|crp_dataset_8_1_5.csv,crp_dataset_8_1_8.csv,0.7491564211338068,0.8199999999918,0.5942028985464188,82,18,56,100,0.0283203125,0.0050625,0.0232578125
4,crp_dataset_8_1_3.csv|crp_dataset_8_1_2.csv|crp_dataset_8_1_7.csv|crp_dataset_8_1_5.csv,crp_dataset_8_1_6.csv,0.7491564211338068,0.847999999993216,0.757142857137449,106,19,34,97,0.026928710937500003,0.0065,0.020428710937500004
4,crp_dataset_8_1_3.csv|crp_dataset_8_1_2.csv|crp_dataset_8_1_7.csv|crp_dataset_8_1_5.csv,crp_dataset_8_1_4.csv,0.7491564211338068,0.9075630252024575,0.8244274809097373,108,11,23,114,0.023046875,0.0035714285714285718,0.01947544642857143
4,crp_dataset_8_1_3.csv|crp_dataset_8_1_2.csv|crp_dataset_8_1_7.csv|crp_dataset_8_1_5.csv,crp_dataset_8_1_1.csv,0.7491564211338068,0.9325842696524428,0.6587301587249307,83,6,43,124,0.0252685546875,0.0014044943820224719,0.023864060305477528
4,crp_dataset_8_1_3.csv|crp_dataset_8_1_2.csv|crp_dataset_8_1_1.csv|crp_dataset_8_1_5.csv,crp_dataset_8_1_8.csv,0.6070005977735863,0.8039215686195693,0.5942028985464188,82,20,56,98,0.0283203125,0.005208333333333333,0.023111979166666668
4,crp_dataset_8_1_3.csv|crp_dataset_8_1_2.csv|crp_dataset_8_1_1.csv|crp_dataset_8_1_5.csv,crp_dataset_8_1_6.csv,0.6070005977735863,0.7814569536372089,0.8428571428511226,118,33,22,83,0.026928710937500003,0.010264900662251657,0.016663810275248346
4,crp_dataset_8_1_3.csv|crp_dataset_8_1_2.csv|crp_dataset_8_1_1.csv|crp_dataset_8_1_5.csv,crp_dataset_8_1_4.csv,0.6070005977735863,0.8175182481692153,0.8549618320545423,112,25,19,100,0.023046875,0.007025547445255475,0.016021327554744526
4,crp_dataset_8_1_3.csv|crp_dataset_8_1_2.csv|crp_dataset_8_1_1.csv|crp_dataset_8_1_5.csv,crp_dataset_8_1_7.csv,0.6070005977735863,0.9322033898265585,0.9999999999954546,220,16,0,20,0.0095703125,0.0023834745762711866,0.007186837923728814
4,crp_dataset_8_1_3.csv|crp_dataset_8_1_7.csv|crp_dataset_8_1_1.csv|crp_dataset_8_1_5.csv,crp_dataset_8_1_8.csv,0.6050344886781921,0.8118811881107735,0.5942028985464188,82,19,56,99,0.0283203125,0.005136138613861386,0.023184173886138613
4,crp_dataset_8_1_3.csv|crp_dataset_8_1_7.csv|crp_dataset_8_1_1.csv|crp_dataset_8_1_5.csv,crp_dataset_8_1_6.csv,0.6050344886781921,0.814285714279898,0.814285714279898,114,26,26,90,0.026928710937500003,0.007589285714285714,0.019339425223214288
4,crp_dataset_8_1_3.csv|crp_dataset_8_1_7.csv|crp_dataset_8_1_1.csv|crp_dataset_8_1_5.csv,crp_dataset_8_1_4.csv,0.6050344886781921,0.855999999993152,0.816793893123536,107,18,24,107,0.023046875,0.005449999999999999,0.017596875
4,crp_dataset_8_1_3.csv|crp_dataset_8_1_7.csv|crp_dataset_8_1_1.csv|crp_dataset_8_1_5.csv,crp_dataset_8_1_2.csv,0.6050344886781921,0.9322033898147085,0.4621848739456959,55,4,64,133,0.03945312499999999,0.0022245762711864407,0.03722854872881355
4,crp_dataset_8_1_6.csv|crp_dataset_8_1_4.csv|crp_dataset_8_1_2.csv|crp_dataset_8_1_7.csv,crp_dataset_8_1_8.csv,0.7121318396206678,0.8043478260782135,0.5362318840540853,74,18,64,100,0.0283203125,0.0052309782608695645,0.023089334239130434
4,crp_dataset_8_1_6.csv|crp_dataset_8_1_4.csv|crp_dataset_8_1_2.csv|crp_dataset_8_1_7.csv,crp_dataset_8_1_3.csv,0.7121318396206678,0.9999999999910714,0.6473988439268937,112,0,61,83,0.019604492187500003,0.0,0.019604492187500003
4,crp_dataset_8_1_6.csv|crp_dataset_8_1_4.csv|crp_dataset_8_1_2.csv|crp_dataset_8_1_7.csv,crp_dataset_8_1_1.csv,0.7121318396206678,0.9480519480396357,0.5793650793604812,73,4,53,126,0.0252685546875,0.0011363636363636365,0.024132191051136363
4,crp_dataset_8_1_6.csv|crp_dataset_8_1_4.csv|crp_dataset_8_1_2.csv|crp_dataset_8_1_7.csv,crp_dataset_8_1_5.csv,0.7121318396206678,0.9041095890287107,0.6599999999934,66,7,34,149,0.039282226562499994,0.0029109589041095892,0.036371267658390403
4,crp_dataset_8_1_6.csv|crp_dataset_8_1_4.csv|crp_dataset_8_1_2.csv|crp_dataset_8_1_1.csv,crp_dataset_8_1_8.csv,0.6234941201817145,0.8124999999915364,0.5652173913002521,78,18,60,100,0.0283203125,0.005208333333333333,0.023111979166666668
4,crp_dataset_8_1_6.csv|crp_dataset_8_1_4.csv|crp_dataset_8_1_2.csv|crp_dataset_8_1_1.csv,crp_dataset_8_1_3.csv,0.6234941201817145,0.9758064516050338,0.6994219653138762,121,3,52,80,0.019604492187500003,0.0011088709677419355,0.018495621219758066
4,crp_dataset_8_1_6.csv|crp_dataset_8_1_4.csv|crp_dataset_8_1_2.csv|crp_dataset_8_1_1.csv,crp_dataset_8_1_7.csv,0.6234941201817145,0.9606986899521367,0.9999999999954546,220,9,0,27,0.0095703125,0.001146288209606987,0.008424024290393014
4,crp_dataset_8_1_6.csv|crp_dataset_8_1_4.csv|crp_dataset_8_1_2.csv|crp_dataset_8_1_1.csv,crp_dataset_8_1_5.csv,0.6234941201817145,0.8947368420934902,0.6799999999931999,68,8,32,148,0.039282226562499994,0.003042763157894737,0.03623946340460526
4,crp_dataset_8_1_6.csv|crp_dataset_8_1_4.csv|crp_dataset_8_1_2.csv|crp_dataset_8_1_5.csv,crp_dataset_8_1_8.csv,0.7064307900088906,0.799999999991111,0.521739130431002,72,18,66,100,0.0283203125,0.005277777777777778,0.023042534722222223
4,crp_dataset_8_1_6.csv|crp_dataset_8_1_4.csv|crp_dataset_8_1_2.csv|crp_dataset_8_1_5.csv,crp_dataset_8_1_3.csv,0.7064307900088906,0.9824561403422591,0.6473988439268937,112,2,61,81,0.019604492187500003,0.0006578947368421052,0.0189465974506579
4,crp_dataset_8_1_6.csv|crp_dataset_8_1_4.csv|crp_dataset_8_1_2.csv|crp_dataset_8_1_5.csv,crp_dataset_8_1_7.csv,0.7064307900088906,0.9691629955904443,0.9999999999954546,220,7,0,29,0.0095703125,0.000881057268722467,0.008689255231277533
4,crp_dataset_8_1_6.csv|crp_dataset_8_1_4.csv|crp_dataset_8_1_2.csv|crp_dataset_8_1_5.csv,crp_dataset_8_1_1.csv,0.7064307900088906,0.9487179487057856,0.5873015872969262,74,4,52,126,0.0252685546875,0.0011217948717948717,0.02414675981570513
4,crp_dataset_8_1_6.csv|crp_dataset_8_1_4.csv|crp_dataset_8_1_7.csv|crp_dataset_8_1_1.csv,crp_dataset_8_1_8.csv,0.6237166596097679,0.8139534883626284,0.5072463768079185,70,16,68,102,0.0283203125,0.005232558139534883,0.023087754360465118
4,crp_dataset_8_1_6.csv|crp_dataset_8_1_4.csv|crp_dataset_8_1_7.csv|crp_dataset_8_1_1.csv,crp_dataset_8_1_3.csv,0.6237166596097679,0.9852941176398141,0.7745664739839621,134,2,39,81,0.019604492187500003,0.0009191176470588235,0.01868537454044118
4,crp_dataset_8_1_6.csv|crp_dataset_8_1_4.csv|crp_dataset_8_1_7.csv|crp_dataset_8_1_1.csv,crp_dataset_8_1_2.csv,0.6237166596097679,0.9512195121719216,0.3277310924342207,39,2,80,135,0.03945312499999999,0.0018292682926829272,0.03762385670731706
4,crp_dataset_8_1_6.csv|crp_dataset_8_1_4.csv|crp_dataset_8_1_7.csv|crp_dataset_8_1_1.csv,crp_dataset_8_1_5.csv,0.6237166596097679,0.9824561403336411,0.5599999999944,56,1,44,155,0.039282226562499994,0.0014254385964912282,0.03785678796600877
4,crp_dataset_8_1_6.csv|crp_dataset_8_1_4.csv|crp_dataset_8_1_7.csv|crp_dataset_8_1_5.csv,crp_dataset_8_1_8.csv,0.7266809418817384,0.8026315789368075,0.4420289855040433,61,15,77,103,0.0283203125,0.005263157894736842,0.02305715460526316
4,crp_dataset_8_1_6.csv|crp_dataset_8_1_4.csv|crp_dataset_8_1_7.csv|crp_dataset_8_1_5.csv,crp_dataset_8_1_3.csv,0.7266809418817384,0.999999999990991,0.6416184971061178,111,0,62,83,0.019604492187500003,0.0,0.019604492187500003
4,crp_dataset_8_1_6.csv|crp_dataset_8_1_4.csv|crp_dataset_8_1_7.csv|crp_dataset_8_1_5.csv,crp_dataset_8_1_2.csv,0.7266809418817384,0.9999999999705883,0.28571428571188473,34,0,85,137,0.03945312499999999,0.0009191176470588235,0.03853400735294117
4,crp_dataset_8_1_6.csv|crp_dataset_8_1_4.csv|crp_dataset_8_1_7.csv|crp_dataset_8_1_5.csv,crp_dataset_8_1_1.csv,0.7266809418817384,0.9436619718176948,0.5317460317418116,67,4,59,126,0.0252685546875,0.001232394366197183,0.02403616032130282
4,crp_dataset_8_1_6.csv|crp_dataset_8_1_4.csv|crp_dataset_8_1_1.csv|crp_dataset_8_1_5.csv,crp_dataset_8_1_8.csv,0.7489152251514803,0.804597701140177,0.5072463768079185,70,17,68,101,0.0283203125,0.005316091954022987,0.023004220545977012
4,crp_dataset_8_1_6.csv|crp_dataset_8_1_4.csv|crp_dataset_8_1_1.csv|crp_dataset_8_1_5.csv,crp_dataset_8_1_3.csv,0.7489152251514803,0.9819819819731352,0.6300578034645662,109,2,64,81,0.019604492187500003,0.0011261261261261261,0.018478366061373878
4,crp_dataset_8_1_6.csv|crp_dataset_8_1_4.csv|crp_dataset_8_1_1.csv|crp_dataset_8_1_5.csv,crp_dataset_8_1_2.csv,0.7489152251514803,0.9999999999736843,0.31932773108975354,38,0,81,137,0.03945312499999999,0.0008223684210526315,0.03863075657894736
4,crp_dataset_8_1_6.csv|crp_dataset_8_1_4.csv|crp_dataset_8_1_1.csv|crp_dataset_8_1_5.csv,crp_dataset_8_1_7.csv,0.7489152251514803,0.9999999999953488,0.9772727272682852,215,0,5,36,0.0095703125,0.0002616279069767442,0.009308684593023257
4,crp_dataset_8_1_6.csv|crp_dataset_8_1_2.csv|crp_dataset_8_1_7.csv|crp_dataset_8_1_1.csv,crp_dataset_8_1_8.csv,0.6207761091069132,0.8039215686195693,0.5942028985464188,82,20,56,98,0.0283203125,0.005208333333333333,0.023111979166666668
4,crp_dataset_8_1_6.csv|crp_dataset_8_1_2.csv|crp_dataset_8_1_7.csv|crp_dataset_8_1_1.csv,crp_dataset_8_1_3.csv,0.6207761091069132,0.9489051094821248,0.7514450867008587,130,7,43,76,0.019604492187500003,0.0026003649635036497,0.017004127223996354
4,crp_dataset_8_1_6.csv|crp_dataset_8_1_2.csv|crp_dataset_8_1_7.csv|crp_dataset_8_1_1.csv,crp_dataset_8_1_4.csv,0.6207761091069132,0.8548387096705254,0.8091603053373347,106,18,25,107,0.023046875,0.005695564516129033,0.01735131048387097
4,crp_dataset_8_1_6.csv|crp_dataset_8_1_2.csv|crp_dataset_8_1_7.csv|crp_dataset_8_1_1.csv,crp_dataset_8_1_5.csv,0.6207761091069132,0.8918918918798393,0.6599999999934,66,8,34,148,0.039282226562499994,0.003040540540540541,0.03624168602195945
4,crp_dataset_8_1_6.csv|crp_dataset_8_1_2.csv|crp_dataset_8_1_7.csv|crp_dataset_8_1_5.csv,crp_dataset_8_1_8.csv,0.6673433320727991,0.8124999999915364,0.5652173913002521,78,18,60,100,0.0283203125,0.005208333333333333,0.023111979166666668
4,crp_dataset_8_1_6.csv|crp_dataset_8_1_2.csv|crp_dataset_8_1_7.csv|crp_dataset_8_1_5.csv,crp_dataset_8_1_3.csv,0.6673433320727991,0.9826086956436294,0.6531791907476695,113,2,60,81,0.019604492187500003,0.0010869565217391304,0.01851753566576087
4,crp_dataset_8_1_6.csv|crp_dataset_8_1_2.csv|crp_dataset_8_1_7.csv|crp_dataset_8_1_5.csv,crp_dataset_8_1_4.csv,0.6673433320727991,0.9464285714201212,0.8091603053373347,106,6,25,119,0.023046875,0.001841517857142857,0.021205357142857144
4,crp_dataset_8_1_6.csv|crp_dataset_8_1_2.csv|crp_dataset_8_1_7.csv|crp_dataset_8_1_5.csv,crp_dataset_8_1_1.csv,0.6673433320727991,0.949999999988125,0.6031746031698161,76,4,50,126,0.0252685546875,0.0010937499999999999,0.0241748046875
4,crp_dataset_8_1_6.csv|crp_dataset_8_1_2.csv|crp_dataset_8_1_1.csv|crp_dataset_8_1_5.csv,crp_dataset_8_1_8.csv,0.634472820343233,0.8118811881107735,0.5942028985464188,82,19,56,99,0.0283203125,0.0051361386138613855,0.023184173886138616
4,crp_dataset_8_1_6.csv|crp_dataset_8_1_2.csv|crp_dataset_8_1_1.csv|crp_dataset_8_1_5.csv,crp_dataset_8_1_3.csv,0.634472820343233,0.9374999999934897,0.7803468208047379,135,9,38,74,0.019604492187500003,0.0027343750000000003,0.016870117187500002
4,crp_dataset_8_1_6.csv|crp_dataset_8_1_2.csv|crp_dataset_8_1_1.csv|crp_dataset_8_1_5.csv,crp_dataset_8_1_4.csv,0.634472820343233,0.8515624999933472,0.8320610686959385,109,19,22,106,0.023046875,0.005712890625,0.017333984375
4,crp_dataset_8_1_6.csv|crp_dataset_8_1_2.csv|crp_dataset_8_1_1.csv|crp_dataset_8_1_5.csv,crp_dataset_8_1_7.csv,0.634472820343233,0.9401709401669224,0.9999999999954546,220,14,0,22,0.0095703125,0.0020299145299145296,0.007540397970085471
4,crp_dataset_8_1_6.csv|crp_dataset_8_1_7.csv|crp_dataset_8_1_1.csv|crp_dataset_8_1_5.csv,crp_dataset_8_1_8.csv,0.7422239565866281,0.8139534883626284,0.5072463768079185,70,16,68,102,0.0283203125,0.005232558139534883,0.023087754360465118
4,crp_dataset_8_1_6.csv|crp_dataset_8_1_7.csv|crp_dataset_8_1_1.csv|crp_dataset_8_1_5.csv,crp_dataset_8_1_3.csv,0.7422239565866281,0.9834710743720374,0.6878612716723246,119,2,54,81,0.019604492187500003,0.0010330578512396695,0.018571434336260333
4,crp_dataset_8_1_6.csv|crp_dataset_8_1_7.csv|crp_dataset_8_1_1.csv|crp_dataset_8_1_5.csv,crp_dataset_8_1_4.csv,0.7422239565866281,0.9428571428481632,0.7557251908339259,99,6,32,119,0.023046875,0.0022023809523809526,0.02084449404761905
4,crp_dataset_8_1_6.csv|crp_dataset_8_1_7.csv|crp_dataset_8_1_1.csv|crp_dataset_8_1_5.csv,crp_dataset_8_1_2.csv,0.7422239565866281,0.9545454545237604,0.35294117646762235,42,2,77,135,0.03945312499999999,0.001846590909090909,0.03760653409090908
4,crp_dataset_8_1_4.csv|crp_dataset_8_1_2.csv|crp_dataset_8_1_7.csv|crp_dataset_8_1_1.csv,crp_dataset_8_1_8.csv,0.7221198660463692,0.8199999999918,0.5942028985464188,82,18,56,100,0.0283203125,0.0050625,0.0232578125
4,crp_dataset_8_1_4.csv|crp_dataset_8_1_2.csv|crp_dataset_8_1_7.csv|crp_dataset_8_1_1.csv,crp_dataset_8_1_3.csv,0.7221198660463692,0.9911504424691049,0.6473988439268937,112,1,61,82,0.019604492187500003,0.0005530973451327434,0.01905139484236726
4,crp_dataset_8_1_4.csv|crp_dataset_8_1_2.csv|crp_dataset_8_1_7.csv|crp_dataset_8_1_1.csv,crp_dataset_8_1_6.csv,0.7221198660463692,0.88235294116782,0.642857142852551,90,12,50,104,0.026928710937500003,0.004840686274509804,0.0220880246629902
4,crp_dataset_8_1_4.csv|crp_dataset_8_1_2.csv|crp_dataset_8_1_7.csv|crp_dataset_8_1_1.csv,crp_dataset_8_1_5.csv,0.7221198660463692,0.8717948717836949,0.6799999999931999,68,10,32,146,0.039282226562499994,0.003926282051282052,0.03535594451121794
4,crp_dataset_8_1_4.csv|crp_dataset_8_1_2.csv|crp_dataset_8_1_7.csv|crp_dataset_8_1_5.csv,crp_dataset_8_1_8.csv,0.6161553758728076,0.8105263157809418,0.5579710144887104,77,18,61,100,0.0283203125,0.00513157894736842,0.02318873355263158
4,crp_dataset_8_1_4.csv|crp_dataset_8_1_2.csv|crp_dataset_8_1_7.csv|crp_dataset_8_1_5.csv,crp_dataset_8_1_3.csv,0.6161553758728076,0.9743589743506464,0.6589595375684454,114,3,59,80,0.019604492187500003,0.0005876068376068377,0.019016885349893164
4,crp_dataset_8_1_4.csv|crp_dataset_8_1_2.csv|crp_dataset_8_1_7.csv|crp_dataset_8_1_5.csv,crp_dataset_8_1_6.csv,0.6161553758728076,0.8571428571341108,0.5999999999957143,84,14,56,102,0.026928710937500003,0.005931122448979591,0.020997588488520413
4,crp_dataset_8_1_4.csv|crp_dataset_8_1_2.csv|crp_dataset_8_1_7.csv|crp_dataset_8_1_5.csv,crp_dataset_8_1_1.csv,0.6161553758728076,0.9113924050517545,0.5714285714240362,72,7,54,123,0.0252685546875,0.0018987341772151898,0.02336982051028481
4,crp_dataset_8_1_4.csv|crp_dataset_8_1_2.csv|crp_dataset_8_1_1.csv|crp_dataset_8_1_5.csv,crp_dataset_8_1_8.csv,0.6545555004330054,0.8118811881107735,0.5942028985464188,82,19,56,99,0.0283203125,0.005136138613861386,0.023184173886138613
4,crp_dataset_8_1_4.csv|crp_dataset_8_1_2.csv|crp_dataset_8_1_1.csv|crp_dataset_8_1_5.csv,crp_dataset_8_1_3.csv,0.6545555004330054,0.968503937000248,0.7109826589554279,123,4,50,79,0.019604492187500003,0.0013779527559055118,0.01822653943159449
4,crp_dataset_8_1_4.csv|crp_dataset_8_1_2.csv|crp_dataset_8_1_1.csv|crp_dataset_8_1_5.csv,crp_dataset_8_1_6.csv,0.6545555004330054,0.8620689655098097,0.7142857142806123,100,16,40,100,0.026928710937500003,0.005872844827586207,0.021055866109913796
4,crp_dataset_8_1_4.csv|crp_dataset_8_1_2.csv|crp_dataset_8_1_1.csv|crp_dataset_8_1_5.csv,crp_dataset_8_1_7.csv,0.6545555004330054,0.9776785714242069,0.9954545454500207,219,5,1,31,0.0095703125,0.0006975446428571429,0.008872767857142859
4,crp_dataset_8_1_4.csv|crp_dataset_8_1_7.csv|crp_dataset_8_1_1.csv|crp_dataset_8_1_5.csv,crp_dataset_8_1_8.csv,0.6736180684181681,0.8191489361614984,0.5579710144887104,77,17,61,101,0.0283203125,0.0051196808510638285,0.02320063164893617
4,crp_dataset_8_1_4.csv|crp_dataset_8_1_7.csv|crp_dataset_8_1_1.csv|crp_dataset_8_1_5.csv,crp_dataset_8_1_3.csv,0.6736180684181681,0.9914529914445175,0.670520231209997,116,1,57,82,0.019604492187500003,0.0005341880341880342,0.019070304153311967
4,crp_dataset_8_1_4.csv|crp_dataset_8_1_7.csv|crp_dataset_8_1_1.csv|crp_dataset_8_1_5.csv,crp_dataset_8_1_6.csv,0.6736180684181681,0.871559633019527,0.6785714285665817,95,14,45,102,0.026928710937500003,0.005447247706422019,0.021481463231077982
4,crp_dataset_8_1_4.csv|crp_dataset_8_1_7.csv|crp_dataset_8_1_1.csv|crp_dataset_8_1_5.csv,crp_dataset_8_1_2.csv,0.6736180684181681,0.9772727272505166,0.36134453781208953,43,1,76,136,0.03945312499999999,0.0015625,0.03789062499999999
4,crp_dataset_8_1_2.csv|crp_dataset_8_1_7.csv|crp_dataset_8_1_1.csv|crp_dataset_8_1_5.csv,crp_dataset_8_1_8.csv,0.7334700274873796,0.8039215686195693,0.5942028985464188,82,20,56,98,0.0283203125,0.005208333333333333,0.023111979166666668
4,crp_dataset_8_1_2.csv|crp_dataset_8_1_7.csv|crp_dataset_8_1_1.csv|crp_dataset_8_1_5.csv,crp_dataset_8_1_3.csv,0.7334700274873796,0.9834710743720374,0.6878612716723246,119,2,54,81,0.019604492187500003,0.0010330578512396695,0.018571434336260333
4,crp_dataset_8_1_2.csv|crp_dataset_8_1_7.csv|crp_dataset_8_1_1.csv|crp_dataset_8_1_5.csv,crp_dataset_8_1_6.csv,0.7334700274873796,0.9183673469294044,0.642857142852551,90,8,50,108,0.026928710937500003,0.003380102040816327,0.023548608896683677
4,crp_dataset_8_1_2.csv|crp_dataset_8_1_7.csv|crp_dataset_8_1_1.csv|crp_dataset_8_1_5.csv,crp_dataset_8_1_4.csv,0.7334700274873796,0.9059829059751625,0.8091603053373347,106,11,25,114,0.023046875,0.0038995726495726496,0.019147302350427352
5,crp_dataset_8_1_8.csv|crp_dataset_8_1_3.csv|crp_dataset_8_1_6.csv|crp_dataset_8_1_4.csv|crp_dataset_8_1_2.csv,crp_dataset_8_1_7.csv,0.6596890430414406,0.9865470851973698,0.9999999999954546,220,3,0,33,0.0095703125,0.000672645739910314,0.008897666760089686
5,crp_dataset_8_1_8.csv|crp_dataset_8_1_3.csv|crp_dataset_8_1_6.csv|crp_dataset_8_1_4.csv|crp_dataset_8_1_2.csv,crp_dataset_8_1_1.csv,0.6596890430414406,0.9529411764593771,0.6428571428520408,81,4,45,126,0.0252685546875,0.0010294117647058824,0.024239142922794117
5,crp_dataset_8_1_8.csv|crp_dataset_8_1_3.csv|crp_dataset_8_1_6.csv|crp_dataset_8_1_4.csv|crp_dataset_8_1_2.csv,crp_dataset_8_1_5.csv,0.6596890430414406,0.9014084506915294,0.6399999999936,64,7,36,149,0.039282226562499994,0.0029929577464788736,0.03628926881602112
5,crp_dataset_8_1_8.csv|crp_dataset_8_1_3.csv|crp_dataset_8_1_6.csv|crp_dataset_8_1_4.csv|crp_dataset_8_1_7.csv,crp_dataset_8_1_2.csv,0.6080378532350603,0.9999999999756098,0.3445378151231551,41,0,78,137,0.03945312499999999,0.0010670731707317074,0.03838605182926828
5,crp_dataset_8_1_8.csv|crp_dataset_8_1_3.csv|crp_dataset_8_1_6.csv|crp_dataset_8_1_4.csv|crp_dataset_8_1_7.csv,crp_dataset_8_1_1.csv,0.6080378532350603,0.9523809523696145,0.6349206349155958,80,4,46,126,0.0252685546875,0.0010416666666666667,0.024226888020833334
5,crp_dataset_8_1_8.csv|crp_dataset_8_1_3.csv|crp_dataset_8_1_6.csv|crp_dataset_8_1_4.csv|crp_dataset_8_1_7.csv,crp_dataset_8_1_5.csv,0.6080378532350603,0.9516129032104579,0.5899999999941,59,3,41,153,0.039282226562499994,0.0021169354838709684,0.03716529107862902
5,crp_dataset_8_1_8.csv|crp_dataset_8_1_3.csv|crp_dataset_8_1_6.csv|crp_dataset_8_1_4.csv|crp_dataset_8_1_1.csv,crp_dataset_8_1_2.csv,0.6052487520648329,0.9444444444269547,0.4285714285678271,51,3,68,134,0.03945312499999999,0.0020833333333333337,0.03736979166666666
5,crp_dataset_8_1_8.csv|crp_dataset_8_1_3.csv|crp_dataset_8_1_6.csv|crp_dataset_8_1_4.csv|crp_dataset_8_1_1.csv,crp_dataset_8_1_7.csv,0.6052487520648329,0.9906976744139968,0.9681818181774174,213,2,7,34,0.0095703125,0.0005232558139534884,0.009047056686046513
5,crp_dataset_8_1_8.csv|crp_dataset_8_1_3.csv|crp_dataset_8_1_6.csv|crp_dataset_8_1_4.csv|crp_dataset_8_1_1.csv,crp_dataset_8_1_5.csv,0.6052487520648329,0.9230769230627218,0.599999999994,60,5,40,151,0.039282226562499994,0.002403846153846154,0.03687838040865384
5,crp_dataset_8_1_8.csv|crp_dataset_8_1_3.csv|crp_dataset_8_1_6.csv|crp_dataset_8_1_4.csv|crp_dataset_8_1_5.csv,crp_dataset_8_1_2.csv,0.6039914599726877,0.9454545454373554,0.4369747899122943,52,3,67,134,0.03945312499999999,0.0019318181818181821,0.03752130681818181
5,crp_dataset_8_1_8.csv|crp_dataset_8_1_3.csv|crp_dataset_8_1_6.csv|crp_dataset_8_1_4.csv|crp_dataset_8_1_5.csv,crp_dataset_8_1_7.csv,0.6039914599726877,0.9821428571384726,0.9999999999954546,220,4,0,32,0.0095703125,0.0007533482142857143,0.008816964285714286
5,crp_dataset_8_1_8.csv|crp_dataset_8_1_3.csv|crp_dataset_8_1_6.csv|crp_dataset_8_1_4.csv|crp_dataset_8_1_5.csv,crp_dataset_8_1_1.csv,0.6039914599726877,0.9529411764593771,0.6428571428520408,81,4,45,126,0.0252685546875,0.0010294117647058824,0.024239142922794117
5,crp_dataset_8_1_8.csv|crp_dataset_8_1_3.csv|crp_dataset_8_1_6.csv|crp_dataset_8_1_2.csv|crp_dataset_8_1_7.csv,crp_dataset_8_1_4.csv,0.607296093848297,0.8461538461473374,0.8396946564821398,110,20,21,105,0.023046875,0.0052403846153846155,0.017806490384615386
5,crp_dataset_8_1_8.csv|crp_dataset_8_1_3.csv|crp_dataset_8_1_6.csv|crp_dataset_8_1_2.csv|crp_dataset_8_1_7.csv,crp_dataset_8_1_1.csv,0.607296093848297,0.9247311827857555,0.6825396825342656,86,7,40,123,0.0252685546875,0.0016129032258064512,0.023655651461693548
5,crp_dataset_8_1_8.csv|crp_dataset_8_1_3.csv|crp_dataset_8_1_6.csv|crp_dataset_8_1_2.csv|crp_dataset_8_1_7.csv,crp_dataset_8_1_5.csv,0.607296093848297,0.8433734939657425,0.699999999993,70,13,30,143,0.039282226562499994,0.004593373493975904,0.03468885306852409
5,crp_dataset_8_1_8.csv|crp_dataset_8_1_3.csv|crp_dataset_8_1_6.csv|crp_dataset_8_1_2.csv|crp_dataset_8_1_1.csv,crp_dataset_8_1_4.csv,0.605414517125388,0.8412698412631645,0.8091603053373347,106,20,25,105,0.023046875,0.006001984126984127,0.017044890873015875
5,crp_dataset_8_1_8.csv|crp_dataset_8_1_3.csv|crp_dataset_8_1_6.csv|crp_dataset_8_1_2.csv|crp_dataset_8_1_1.csv,crp_dataset_8_1_7.csv,0.605414517125388,0.956521739126276,0.9999999999954546,220,10,0,26,0.0095703125,0.0013315217391304348,0.008238790760869566
5,crp_dataset_8_1_8.csv|crp_dataset_8_1_3.csv|crp_dataset_8_1_6.csv|crp_dataset_8_1_2.csv|crp_dataset_8_1_1.csv,crp_dataset_8_1_5.csv,0.605414517125388,0.8571428571317253,0.6599999999934,66,11,34,145,0.039282226562499994,0.00413961038961039,0.03514261617288961
5,crp_dataset_8_1_8.csv|crp_dataset_8_1_3.csv|crp_dataset_8_1_6.csv|crp_dataset_8_1_2.csv|crp_dataset_8_1_5.csv,crp_dataset_8_1_4.csv,0.6059016668472967,0.842519685032736,0.816793893123536,107,20,24,105,0.023046875,0.00561023622047244,0.01743663877952756
5,crp_dataset_8_1_8.csv|crp_dataset_8_1_3.csv|crp_dataset_8_1_6.csv|crp_dataset_8_1_2.csv|crp_dataset_8_1_5.csv,crp_dataset_8_1_7.csv,0.6059016668472967,0.956521739126276,0.9999999999954546,220,10,0,26,0.0095703125,0.0013315217391304348,0.008238790760869566
5,crp_dataset_8_1_8.csv|crp_dataset_8_1_3.csv|crp_dataset_8_1_6.csv|crp_dataset_8_1_2.csv|crp_dataset_8_1_5.csv,crp_dataset_8_1_1.csv,0.6059016668472967,0.9361702127559981,0.6984126984071555,88,6,38,124,0.0252685546875,0.001396276595744681,0.02387227809175532
5,crp_dataset_8_1_8.csv|crp_dataset_8_1_3.csv|crp_dataset_8_1_6.csv|crp_dataset_8_1_7.csv|crp_dataset_8_1_1.csv,crp_dataset_8_1_4.csv,0.6695161874724004,0.9017857142776626,0.7709923664063284,101,11,30,114,0.023046875,0.004185267857142857,0.018861607142857145
5,crp_dataset_8_1_8.csv|crp_dataset_8_1_3.csv|crp_dataset_8_1_6.csv|crp_dataset_8_1_7.csv|crp_dataset_8_1_1.csv,crp_dataset_8_1_2.csv,0.6695161874724004,0.928571428554847,0.4369747899122943,52,4,67,133,0.03945312499999999,0.00234375,0.03710937499999999
5,crp_dataset_8_1_8.csv|crp_dataset_8_1_3.csv|crp_dataset_8_1_6.csv|crp_dataset_8_1_7.csv|crp_dataset_8_1_1.csv,crp_dataset_8_1_5.csv,0.6695161874724004,0.9230769230627218,0.599999999994,60,5,40,151,0.039282226562499994,0.002403846153846154,0.03687838040865384
5,crp_dataset_8_1_8.csv|crp_dataset_8_1_3.csv|crp_dataset_8_1_6.csv|crp_dataset_8_1_7.csv|crp_dataset_8_1_5.csv,crp_dataset_8_1_4.csv,0.6688088760017403,0.934579439243602,0.7633587786201271,100,7,31,118,0.023046875,0.003037383177570093,0.02000949182242991
5,crp_dataset_8_1_8.csv|crp_dataset_8_1_3.csv|crp_dataset_8_1_6.csv|crp_dataset_8_1_7.csv|crp_dataset_8_1_5.csv,crp_dataset_8_1_2.csv,0.6688088760017403,0.9565217391096409,0.3697478991565567,44,2,75,135,0.03945312499999999,0.0019021739130434783,0.03755095108695651
5,crp_dataset_8_1_8.csv|crp_dataset_8_1_3.csv|crp_dataset_8_1_6.csv|crp_dataset_8_1_7.csv|crp_dataset_8_1_5.csv,crp_dataset_8_1_1.csv,0.6688088760017403,0.951807228904195,0.6269841269791508,79,4,47,126,0.0252685546875,0.0010542168674698795,0.02421433782003012
5,crp_dataset_8_1_8.csv|crp_dataset_8_1_3.csv|crp_dataset_8_1_6.csv|crp_dataset_8_1_1.csv|crp_dataset_8_1_5.csv,crp_dataset_8_1_4.csv,0.6344201158871609,0.8823529411690558,0.8015267175511335,105,14,26,111,0.023046875,0.004989495798319327,0.018057379201680674
5,crp_dataset_8_1_8.csv|crp_dataset_8_1_3.csv|crp_dataset_8_1_6.csv|crp_dataset_8_1_1.csv|crp_dataset_8_1_5.csv,crp_dataset_8_1_2.csv,0.6344201158871609,0.9384615384471006,0.5126050420124991,61,4,58,133,0.03945312499999999,0.0022115384615384614,0.03724158653846153
5,crp_dataset_8_1_8.csv|crp_dataset_8_1_3.csv|crp_dataset_8_1_6.csv|crp_dataset_8_1_1.csv|crp_dataset_8_1_5.csv,crp_dataset_8_1_7.csv,0.6344201158871609,0.9776785714242069,0.9954545454500207,219,5,1,31,0.0095703125,0.0008091517857142858,0.008761160714285714
5,crp_dataset_8_1_8.csv|crp_dataset_8_1_3.csv|crp_dataset_8_1_4.csv|crp_dataset_8_1_2.csv|crp_dataset_8_1_7.csv,crp_dataset_8_1_6.csv,0.6039266123560159,0.8448275861996135,0.6999999999950001,98,18,42,98,0.026928710937500003,0.006573275862068965,0.020355435075431038
5,crp_dataset_8_1_8.csv|crp_dataset_8_1_3.csv|crp_dataset_8_1_4.csv|crp_dataset_8_1_2.csv|crp_dataset_8_1_7.csv,crp_dataset_8_1_1.csv,0.6039266123560159,0.9120879120778891,0.6587301587249307,83,8,43,122,0.0252685546875,0.001923076923076923,0.023345477764423077
5,crp_dataset_8_1_8.csv|crp_dataset_8_1_3.csv|crp_dataset_8_1_4.csv|crp_dataset_8_1_2.csv|crp_dataset_8_1_7.csv,crp_dataset_8_1_5.csv,0.6039266123560159,0.8607594936599904,0.6799999999931999,68,11,32,145,0.039282226562499994,0.004113924050632912,0.03516830251186708
5,crp_dataset_8_1_8.csv|crp_dataset_8_1_3.csv|crp_dataset_8_1_4.csv|crp_dataset_8_1_2.csv|crp_dataset_8_1_1.csv,crp_dataset_8_1_6.csv,0.6056216043020868,0.8536585365784255,0.749999999994643,105,18,35,98,0.026928710937500003,0.006199186991869918,0.020729523945630084
5,crp_dataset_8_1_8.csv|crp_dataset_8_1_3.csv|crp_dataset_8_1_4.csv|crp_dataset_8_1_2.csv|crp_dataset_8_1_1.csv,crp_dataset_8_1_7.csv,0.6056216043020868,0.9691629955904443,0.9999999999954546,220,7,0,29,0.0095703125,0.0010187224669603524,0.008551590033039649
5,crp_dataset_8_1_8.csv|crp_dataset_8_1_3.csv|crp_dataset_8_1_4.csv|crp_dataset_8_1_2.csv|crp_dataset_8_1_1.csv,crp_dataset_8_1_5.csv,0.6056216043020868,0.883116883105414,0.6799999999931999,68,9,32,147,0.039282226562499994,0.003733766233766234,0.03554846032873376
5,crp_dataset_8_1_8.csv|crp_dataset_8_1_3.csv|crp_dataset_8_1_4.csv|crp_dataset_8_1_2.csv|crp_dataset_8_1_5.csv,crp_dataset_8_1_6.csv,0.6204956336330183,0.8499999999929166,0.7285714285662246,102,18,38,98,0.026928710937500003,0.006354166666666666,0.020574544270833335
5,crp_dataset_8_1_8.csv|crp_dataset_8_1_3.csv|crp_dataset_8_1_4.csv|crp_dataset_8_1_2.csv|crp_dataset_8_1_5.csv,crp_dataset_8_1_7.csv,0.6204956336330183,0.9649122806975223,0.9999999999954546,220,8,0,28,0.0095703125,0.001206140350877193,0.008364172149122807
5,crp_dataset_8_1_8.csv|crp_dataset_8_1_3.csv|crp_dataset_8_1_4.csv|crp_dataset_8_1_2.csv|crp_dataset_8_1_5.csv,crp_dataset_8_1_1.csv,0.6204956336330183,0.9213483145963893,0.6507936507884857,82,7,44,123,0.0252685546875,0.0016853932584269665,0.023583161429073032
5,crp_dataset_8_1_8.csv|crp_dataset_8_1_3.csv|crp_dataset_8_1_4.csv|crp_dataset_8_1_7.csv|crp_dataset_8_1_1.csv,crp_dataset_8_1_6.csv,0.6035347428558234,0.847999999993216,0.757142857137449,106,19,34,97,0.026928710937500003,0.0062,0.020728710937500002
5,crp_dataset_8_1_8.csv|crp_dataset_8_1_3.csv|crp_dataset_8_1_4.csv|crp_dataset_8_1_7.csv|crp_dataset_8_1_1.csv,crp_dataset_8_1_2.csv,0.6035347428558234,0.946428571411671,0.4453781512567615,53,3,66,134,0.03945312499999999,0.0018973214285714288,0.03755580357142856
5,crp_dataset_8_1_8.csv|crp_dataset_8_1_3.csv|crp_dataset_8_1_4.csv|crp_dataset_8_1_7.csv|crp_dataset_8_1_1.csv,crp_dataset_8_1_5.csv,0.6035347428558234,0.9117647058689445,0.6199999999938,62,6,38,150,0.039282226562499994,0.0032169117647058826,0.03606531479779411
5,crp_dataset_8_1_8.csv|crp_dataset_8_1_3.csv|crp_dataset_8_1_4.csv|crp_dataset_8_1_7.csv|crp_dataset_8_1_5.csv,crp_dataset_8_1_6.csv,0.6059586351086987,0.8387096774125911,0.7428571428518368,104,20,36,96,0.026928710937500003,0.006854838709677419,0.020073872227822583
5,crp_dataset_8_1_8.csv|crp_dataset_8_1_3.csv|crp_dataset_8_1_4.csv|crp_dataset_8_1_7.csv|crp_dataset_8_1_5.csv,crp_dataset_8_1_2.csv,0.6059586351086987,0.9615384615199705,0.4201680672233599,50,2,69,135,0.03945312499999999,0.0015625,0.03789062499999999
5,crp_dataset_8_1_8.csv|crp_dataset_8_1_3.csv|crp_dataset_8_1_4.csv|crp_dataset_8_1_7.csv|crp_dataset_8_1_5.csv,crp_dataset_8_1_1.csv,0.6059586351086987,0.9325842696524428,0.6587301587249307,83,6,43,124,0.0252685546875,0.0014044943820224719,0.023864060305477528
5,crp_dataset_8_1_8.csv|crp_dataset_8_1_3.csv|crp_dataset_8_1_4.csv|crp_dataset_8_1_1.csv|crp_dataset_8_1_5.csv,crp_dataset_8_1_6.csv,0.6072359693969217,0.8372093023190915,0.7714285714230613,108,21,32,95,0.026928710937500003,0.006346899224806201,0.020581811712693802
5,crp_dataset_8_1_8.csv|crp_dataset_8_1_3.csv|crp_dataset_8_1_4.csv|crp_dataset_8_1_1.csv|crp_dataset_8_1_5.csv,crp_dataset_8_1_2.csv,0.6072359693969217,0.9433962263972945,0.4201680672233599,50,3,69,134,0.03945312499999999,0.002004716981132076,0.03744840801886792
5,crp_dataset_8_1_8.csv|crp_dataset_8_1_3.csv|crp_dataset_8_1_4.csv|crp_dataset_8_1_1.csv|crp_dataset_8_1_5.csv,crp_dataset_8_1_7.csv,0.6072359693969217,0.9734513274293211,0.9999999999954546,220,6,0,30,0.0095703125,0.000967920353982301,0.0086023921460177
5,crp_dataset_8_1_8.csv|crp_dataset_8_1_3.csv|crp_dataset_8_1_2.csv|crp_dataset_8_1_7.csv|crp_dataset_8_1_1.csv,crp_dataset_8_1_6.csv,0.6050119322748222,0.8492063491996095,0.7642857142802552,107,19,33,97,0.026928710937500003,0.006150793650793651,0.020777917286706353
5,crp_dataset_8_1_8.csv|crp_dataset_8_1_3.csv|crp_dataset_8_1_2.csv|crp_dataset_8_1_7.csv|crp_dataset_8_1_1.csv,crp_dataset_8_1_4.csv,0.6050119322748222,0.8396946564821398,0.8396946564821398,110,21,21,104,0.023046875,0.005868320610687023,0.017178554389312976
5,crp_dataset_8_1_8.csv|crp_dataset_8_1_3.csv|crp_dataset_8_1_2.csv|crp_dataset_8_1_7.csv|crp_dataset_8_1_1.csv,crp_dataset_8_1_5.csv,0.6050119322748222,0.8414634146238845,0.6899999999931,69,13,31,143,0.039282226562499994,0.004954268292682928,0.03432795826981706
5,crp_dataset_8_1_8.csv|crp_dataset_8_1_3.csv|crp_dataset_8_1_2.csv|crp_dataset_8_1_7.csv|crp_dataset_8_1_5.csv,crp_dataset_8_1_6.csv,0.605985419437912,0.8059701492477167,0.7714285714230613,108,26,32,90,0.026928710937500003,0.008488805970149255,0.018439904967350748
5,crp_dataset_8_1_8.csv|crp_dataset_8_1_3.csv|crp_dataset_8_1_2.csv|crp_dataset_8_1_7.csv|crp_dataset_8_1_5.csv,crp_dataset_8_1_4.csv,0.605985419437912,0.8496240601439878,0.8625954198407436,113,20,18,105,0.023046875,0.005545112781954888,0.017501762218045114
5,crp_dataset_8_1_8.csv|crp_dataset_8_1_3.csv|crp_dataset_8_1_2.csv|crp_dataset_8_1_7.csv|crp_dataset_8_1_5.csv,crp_dataset_8_1_1.csv,0.605985419437912,0.8958333333240017,0.6825396825342656,86,10,40,120,0.0252685546875,0.0027343750000000003,0.0225341796875
5,crp_dataset_8_1_8.csv|crp_dataset_8_1_3.csv|crp_dataset_8_1_2.csv|crp_dataset_8_1_1.csv|crp_dataset_8_1_5.csv,crp_dataset_8_1_6.csv,0.6113034645554768,0.7562499999952735,0.8642857142795409,121,39,19,77,0.026928710937500003,0.011406250000000001,0.015522460937500001
5,crp_dataset_8_1_8.csv|crp_dataset_8_1_3.csv|crp_dataset_8_1_2.csv|crp_dataset_8_1_1.csv|crp_dataset_8_1_5.csv,crp_dataset_8_1_4.csv,0.6113034645554768,0.8175182481692153,0.8549618320545423,112,25,19,100,0.023046875,0.006751824817518248,0.016295050182481754
5,crp_dataset_8_1_8.csv|crp_dataset_8_1_3.csv|crp_dataset_8_1_2.csv|crp_dataset_8_1_1.csv|crp_dataset_8_1_5.csv,crp_dataset_8_1_7.csv,0.6113034645554768,0.9322033898265585,0.9999999999954546,220,16,0,20,0.0095703125,0.0023834745762711866,0.007186837923728814
5,crp_dataset_8_1_8.csv|crp_dataset_8_1_3.csv|crp_dataset_8_1_7.csv|crp_dataset_8_1_1.csv|crp_dataset_8_1_5.csv,crp_dataset_8_1_6.csv,0.6188330654376341,0.8283582089490422,0.7928571428514797,111,23,29,93,0.026928710937500003,0.006996268656716418,0.019932442280783585
5,crp_dataset_8_1_8.csv|crp_dataset_8_1_3.csv|crp_dataset_8_1_7.csv|crp_dataset_8_1_1.csv|crp_dataset_8_1_5.csv,crp_dataset_8_1_4.csv,0.6188330654376341,0.863999999993088,0.8244274809097373,108,17,23,108,0.023046875,0.0052,0.017846875
5,crp_dataset_8_1_8.csv|crp_dataset_8_1_3.csv|crp_dataset_8_1_7.csv|crp_dataset_8_1_1.csv|crp_dataset_8_1_5.csv,crp_dataset_8_1_2.csv,0.6188330654376341,0.949152542356794,0.47058823529016314,56,3,63,134,0.03945312499999999,0.0020127118644067796,0.03744041313559321
5,crp_dataset_8_1_8.csv|crp_dataset_8_1_6.csv|crp_dataset_8_1_4.csv|crp_dataset_8_1_2.csv|crp_dataset_8_1_7.csv,crp_dataset_8_1_3.csv,0.608845722435306,0.9579831932692606,0.6589595375684454,114,5,59,78,0.019604492187500003,0.0011554621848739496,0.018449030002626054
5,crp_dataset_8_1_8.csv|crp_dataset_8_1_6.csv|crp_dataset_8_1_4.csv|crp_dataset_8_1_2.csv|crp_dataset_8_1_7.csv,crp_dataset_8_1_1.csv,0.608845722435306,0.9268292682813801,0.6031746031698161,76,6,50,124,0.0252685546875,0.001524390243902439,0.02374416444359756
5,crp_dataset_8_1_8.csv|crp_dataset_8_1_6.csv|crp_dataset_8_1_4.csv|crp_dataset_8_1_2.csv|crp_dataset_8_1_7.csv,crp_dataset_8_1_5.csv,0.608845722435306,0.8780487804770969,0.7199999999928,72,10,28,146,0.039282226562499994,0.003429878048780488,0.035852348513719504
5,crp_dataset_8_1_8.csv|crp_dataset_8_1_6.csv|crp_dataset_8_1_4.csv|crp_dataset_8_1_2.csv|crp_dataset_8_1_1.csv,crp_dataset_8_1_3.csv,0.6029412879947199,0.9621212121139234,0.7341040462385312,127,5,46,78,0.019604492187500003,0.0013257575757575756,0.018278734611742425
5,crp_dataset_8_1_8.csv|crp_dataset_8_1_6.csv|crp_dataset_8_1_4.csv|crp_dataset_8_1_2.csv|crp_dataset_8_1_1.csv,crp_dataset_8_1_7.csv,0.6029412879947199,0.9649122806975223,0.9999999999954546,220,8,0,28,0.0095703125,0.0010690789473684211,0.00850123355263158
5,crp_dataset_8_1_8.csv|crp_dataset_8_1_6.csv|crp_dataset_8_1_4.csv|crp_dataset_8_1_2.csv|crp_dataset_8_1_1.csv,crp_dataset_8_1_5.csv,0.6029412879947199,0.8607594936599904,0.6799999999931999,68,11,32,145,0.039282226562499994,0.004113924050632912,0.03516830251186708
5,crp_dataset_8_1_8.csv|crp_dataset_8_1_6.csv|crp_dataset_8_1_4.csv|crp_dataset_8_1_2.csv|crp_dataset_8_1_5.csv,crp_dataset_8_1_3.csv,0.6345955116905667,0.9663865546137278,0.6647398843892212,115,4,58,79,0.019604492187500003,0.0009453781512605042,0.0186591140362395
5,crp_dataset_8_1_8.csv|crp_dataset_8_1_6.csv|crp_dataset_8_1_4.csv|crp_dataset_8_1_2.csv|crp_dataset_8_1_5.csv,crp_dataset_8_1_7.csv,0.6345955116905667,0.9734513274293211,0.9999999999954546,220,6,0,30,0.0095703125,0.0009126106194690266,0.008657701880530975
5,crp_dataset_8_1_8.csv|crp_dataset_8_1_6.csv|crp_dataset_8_1_4.csv|crp_dataset_8_1_2.csv|crp_dataset_8_1_5.csv,crp_dataset_8_1_1.csv,0.6345955116905667,0.9277108433623167,0.611111111106261,77,6,49,124,0.0252685546875,0.001581325301204819,0.02368722938629518
5,crp_dataset_8_1_8.csv|crp_dataset_8_1_6.csv|crp_dataset_8_1_4.csv|crp_dataset_8_1_7.csv|crp_dataset_8_1_1.csv,crp_dataset_8_1_3.csv,0.6111671551212727,0.9846153846078107,0.7398843930593071,128,2,45,81,0.019604492187500003,0.0009615384615384616,0.01864295372596154
5,crp_dataset_8_1_8.csv|crp_dataset_8_1_6.csv|crp_dataset_8_1_4.csv|crp_dataset_8_1_7.csv|crp_dataset_8_1_1.csv,crp_dataset_8_1_2.csv,0.6111671551212727,0.9615384615199705,0.4201680672233599,50,2,69,135,0.03945312499999999,0.0016826923076923076,0.03777043269230768
5,crp_dataset_8_1_8.csv|crp_dataset_8_1_6.csv|crp_dataset_8_1_4.csv|crp_dataset_8_1_7.csv|crp_dataset_8_1_1.csv,crp_dataset_8_1_5.csv,0.6111671551212727,0.9253731343145466,0.6199999999938,62,5,38,151,0.039282226562499994,0.002425373134328358,0.03685685342817164
5,crp_dataset_8_1_8.csv|crp_dataset_8_1_6.csv|crp_dataset_8_1_4.csv|crp_dataset_8_1_7.csv|crp_dataset_8_1_5.csv,crp_dataset_8_1_3.csv,0.6994276801765573,0.999999999990991,0.6416184971061178,111,0,62,83,0.019604492187500003,0.0,0.019604492187500003
5,crp_dataset_8_1_8.csv|crp_dataset_8_1_6.csv|crp_dataset_8_1_4.csv|crp_dataset_8_1_7.csv|crp_dataset_8_1_5.csv,crp_dataset_8_1_2.csv,0.6994276801765573,0.9999999999743591,0.3277310924342207,39,0,80,137,0.03945312499999999,0.0009615384615384617,0.03849158653846153
5,crp_dataset_8_1_8.csv|crp_dataset_8_1_6.csv|crp_dataset_8_1_4.csv|crp_dataset_8_1_7.csv|crp_dataset_8_1_5.csv,crp_dataset_8_1_1.csv,0.6994276801765573,0.9480519480396357,0.5793650793604812,73,4,53,126,0.0252685546875,0.0011363636363636365,0.024132191051136363
5,crp_dataset_8_1_8.csv|crp_dataset_8_1_6.csv|crp_dataset_8_1_4.csv|crp_dataset_8_1_1.csv|crp_dataset_8_1_5.csv,crp_dataset_8_1_3.csv,0.6594281609125149,0.983999999992128,0.7109826589554279,123,2,50,81,0.019604492187500003,0.001,0.018604492187500002
5,crp_dataset_8_1_8.csv|crp_dataset_8_1_6.csv|crp_dataset_8_1_4.csv|crp_dataset_8_1_1.csv|crp_dataset_8_1_5.csv,crp_dataset_8_1_2.csv,0.6594281609125149,0.9767441860237968,0.35294117646762235,42,1,77,136,0.03945312499999999,0.0014534883720930232,0.037999636627906966
5,crp_dataset_8_1_8.csv|crp_dataset_8_1_6.csv|crp_dataset_8_1_4.csv|crp_dataset_8_1_1.csv|crp_dataset_8_1_5.csv,crp_dataset_8_1_7.csv,0.6594281609125149,0.9908256880688495,0.981818181813719,216,2,4,34,0.0095703125,0.00043004587155963305,0.009140266628440367
5,crp_dataset_8_1_8.csv|crp_dataset_8_1_6.csv|crp_dataset_8_1_2.csv|crp_dataset_8_1_7.csv|crp_dataset_8_1_1.csv,crp_dataset_8_1_3.csv,0.6190993073023523,0.9687499999924317,0.7167630057762038,124,4,49,79,0.019604492187500003,0.00146484375,0.018139648437500003
5,crp_dataset_8_1_8.csv|crp_dataset_8_1_6.csv|crp_dataset_8_1_2.csv|crp_dataset_8_1_7.csv|crp_dataset_8_1_1.csv,crp_dataset_8_1_4.csv,0.6190993073023523,0.8760330578439997,0.8091603053373347,106,15,25,110,0.023046875,0.004597107438016529,0.018449767561983473
5,crp_dataset_8_1_8.csv|crp_dataset_8_1_6.csv|crp_dataset_8_1_2.csv|crp_dataset_8_1_7.csv|crp_dataset_8_1_1.csv,crp_dataset_8_1_5.csv,0.6190993073023523,0.8481012658120494,0.6699999999933,67,12,33,144,0.039282226562499994,0.004430379746835443,0.03485184681566455
5,crp_dataset_8_1_8.csv|crp_dataset_8_1_6.csv|crp_dataset_8_1_2.csv|crp_dataset_8_1_7.csv|crp_dataset_8_1_5.csv,crp_dataset_8_1_3.csv,0.626702458795532,0.9473684210455086,0.7283236994177554,126,7,47,76,0.019604492187500003,0.0018796992481203006,0.017724792939379702
5,crp_dataset_8_1_8.csv|crp_dataset_8_1_6.csv|crp_dataset_8_1_2.csv|crp_dataset_8_1_7.csv|crp_dataset_8_1_5.csv,crp_dataset_8_1_4.csv,0.626702458795532,0.8861788617814131,0.8320610686959385,109,14,22,111,0.023046875,0.0041158536585365856,0.018931021341463416
5,crp_dataset_8_1_8.csv|crp_dataset_8_1_6.csv|crp_dataset_8_1_2.csv|crp_dataset_8_1_7.csv|crp_dataset_8_1_5.csv,crp_dataset_8_1_1.csv,0.626702458795532,0.9310344827479191,0.6428571428520408,81,6,45,124,0.0252685546875,0.0015086206896551724,0.023759933997844828
5,crp_dataset_8_1_8.csv|crp_dataset_8_1_6.csv|crp_dataset_8_1_2.csv|crp_dataset_8_1_1.csv|crp_dataset_8_1_5.csv,crp_dataset_8_1_3.csv,0.6084943675615185,0.9448275862003805,0.7919075144462896,137,8,36,75,0.019604492187500003,0.0025431034482758623,0.01706138873922414
5,crp_dataset_8_1_8.csv|crp_dataset_8_1_6.csv|crp_dataset_8_1_2.csv|crp_dataset_8_1_1.csv|crp_dataset_8_1_5.csv,crp_dataset_8_1_4.csv,0.6084943675615185,0.8492063491996095,0.816793893123536,107,19,24,106,0.023046875,0.005753968253968254,0.017292906746031747
5,crp_dataset_8_1_8.csv|crp_dataset_8_1_6.csv|crp_dataset_8_1_2.csv|crp_dataset_8_1_1.csv|crp_dataset_8_1_5.csv,crp_dataset_8_1_7.csv,0.6084943675615185,0.956521739126276,0.9999999999954546,220,10,0,26,0.0095703125,0.0013315217391304348,0.008238790760869566
5,crp_dataset_8_1_8.csv|crp_dataset_8_1_6.csv|crp_dataset_8_1_7.csv|crp_dataset_8_1_1.csv|crp_dataset_8_1_5.csv,crp_dataset_8_1_3.csv,0.6916223103693612,0.9843749999923097,0.7283236994177554,126,2,47,81,0.019604492187500003,0.0009765625,0.018627929687500003
5,crp_dataset_8_1_8.csv|crp_dataset_8_1_6.csv|crp_dataset_8_1_7.csv|crp_dataset_8_1_1.csv|crp_dataset_8_1_5.csv,crp_dataset_8_1_4.csv,0.6916223103693612,0.9099099099017125,0.7709923664063284,101,10,30,115,0.023046875,0.003997747747747748,0.019049127252252253
5,crp_dataset_8_1_8.csv|crp_dataset_8_1_6.csv|crp_dataset_8_1_7.csv|crp_dataset_8_1_1.csv|crp_dataset_8_1_5.csv,crp_dataset_8_1_2.csv,0.6916223103693612,0.9423076922895711,0.41176470587889274,49,3,70,134,0.03945312499999999,0.002043269230769231,0.03740985576923076
5,crp_dataset_8_1_8.csv|crp_dataset_8_1_4.csv|crp_dataset_8_1_2.csv|crp_dataset_8_1_7.csv|crp_dataset_8_1_1.csv,crp_dataset_8_1_3.csv,0.6077723996590644,0.9913043478174669,0.6589595375684454,114,1,59,82,0.019604492187500003,0.0005434782608695652,0.019061013926630437
5,crp_dataset_8_1_8.csv|crp_dataset_8_1_4.csv|crp_dataset_8_1_2.csv|crp_dataset_8_1_7.csv|crp_dataset_8_1_1.csv,crp_dataset_8_1_6.csv,0.6077723996590644,0.858585858577186,0.6071428571385205,85,14,55,102,0.026928710937500003,0.005871212121212122,0.021057498816287882
5,crp_dataset_8_1_8.csv|crp_dataset_8_1_4.csv|crp_dataset_8_1_2.csv|crp_dataset_8_1_7.csv|crp_dataset_8_1_1.csv,crp_dataset_8_1_5.csv,0.6077723996590644,0.8314606741479611,0.7399999999926,74,15,26,141,0.039282226562499994,0.0051264044943820225,0.03415582206811797
5,crp_dataset_8_1_8.csv|crp_dataset_8_1_4.csv|crp_dataset_8_1_2.csv|crp_dataset_8_1_7.csv|crp_dataset_8_1_5.csv,crp_dataset_8_1_3.csv,0.613484646797813,0.9508196721233539,0.670520231209997,116,6,57,77,0.019604492187500003,0.0012295081967213116,0.018374983990778693
5,crp_dataset_8_1_8.csv|crp_dataset_8_1_4.csv|crp_dataset_8_1_2.csv|crp_dataset_8_1_7.csv|crp_dataset_8_1_5.csv,crp_dataset_8_1_6.csv,0.613484646797813,0.830188679237451,0.6285714285669388,88,18,52,98,0.026928710937500003,0.007193396226415094,0.01973531471108491
5,crp_dataset_8_1_8.csv|crp_dataset_8_1_4.csv|crp_dataset_8_1_2.csv|crp_dataset_8_1_7.csv|crp_dataset_8_1_5.csv,crp_dataset_8_1_1.csv,0.613484646797813,0.9024390243792385,0.5873015872969262,74,8,52,122,0.0252685546875,0.002362804878048781,0.022905749809451217
5,crp_dataset_8_1_8.csv|crp_dataset_8_1_4.csv|crp_dataset_8_1_2.csv|crp_dataset_8_1_1.csv|crp_dataset_8_1_5.csv,crp_dataset_8_1_3.csv,0.7154205833431007,0.9999999999910714,0.6473988439268937,112,0,61,83,0.019604492187500003,0.0,0.019604492187500003
5,crp_dataset_8_1_8.csv|crp_dataset_8_1_4.csv|crp_dataset_8_1_2.csv|crp_dataset_8_1_1.csv|crp_dataset_8_1_5.csv,crp_dataset_8_1_6.csv,0.7154205833431007,0.8877551020317576,0.6214285714241327,87,11,53,105,0.026928710937500003,0.00471938775510204,0.02220932318239796
5,crp_dataset_8_1_8.csv|crp_dataset_8_1_4.csv|crp_dataset_8_1_2.csv|crp_dataset_8_1_1.csv|crp_dataset_8_1_5.csv,crp_dataset_8_1_7.csv,0.7154205833431007,0.9953271027990873,0.9681818181774174,213,1,7,35,0.0095703125,0.0002920560747663551,0.009278256425233646
5,crp_dataset_8_1_8.csv|crp_dataset_8_1_4.csv|crp_dataset_8_1_7.csv|crp_dataset_8_1_1.csv|crp_dataset_8_1_5.csv,crp_dataset_8_1_3.csv,0.6193439942081891,0.991869918691123,0.705202312134652,122,1,51,82,0.019604492187500003,0.0005081300813008131,0.01909636210619919
5,crp_dataset_8_1_8.csv|crp_dataset_8_1_4.csv|crp_dataset_8_1_7.csv|crp_dataset_8_1_1.csv|crp_dataset_8_1_5.csv,crp_dataset_8_1_6.csv,0.6193439942081891,0.8727272727193388,0.6857142857093879,96,14,44,102,0.026928710937500003,0.005284090909090909,0.021644620028409094
5,crp_dataset_8_1_8.csv|crp_dataset_8_1_4.csv|crp_dataset_8_1_7.csv|crp_dataset_8_1_1.csv|crp_dataset_8_1_5.csv,crp_dataset_8_1_2.csv,0.6193439942081891,0.9482758620526159,0.4621848739456959,55,3,64,134,0.03945312499999999,0.0018318965517241381,0.037621228448275854
5,crp_dataset_8_1_8.csv|crp_dataset_8_1_2.csv|crp_dataset_8_1_7.csv|crp_dataset_8_1_1.csv|crp_dataset_8_1_5.csv,crp_dataset_8_1_3.csv,0.6115375265088074,0.9548872180379333,0.7341040462385312,127,6,46,77,0.019604492187500003,0.0015977443609022557,0.01800674782659775
5,crp_dataset_8_1_8.csv|crp_dataset_8_1_2.csv|crp_dataset_8_1_7.csv|crp_dataset_8_1_1.csv|crp_dataset_8_1_5.csv,crp_dataset_8_1_6.csv,0.6115375265088074,0.8416666666596527,0.7214285714234184,101,19,39,97,0.026928710937500003,0.006458333333333334,0.02047037760416667
5,crp_dataset_8_1_8.csv|crp_dataset_8_1_2.csv|crp_dataset_8_1_7.csv|crp_dataset_8_1_1.csv|crp_dataset_8_1_5.csv,crp_dataset_8_1_4.csv,0.6115375265088074,0.8527131782879636,0.8396946564821398,110,19,21,106,0.023046875,0.005087209302325582,0.017959665697674418
5,crp_dataset_8_1_3.csv|crp_dataset_8_1_6.csv|crp_dataset_8_1_4.csv|crp_dataset_8_1_2.csv|crp_dataset_8_1_7.csv,crp_dataset_8_1_8.csv,0.6024458749156033,0.8144329896823254,0.5724637681117938,79,18,59,100,0.0283203125,0.005219072164948453,0.023101240335051548
5,crp_dataset_8_1_3.csv|crp_dataset_8_1_6.csv|crp_dataset_8_1_4.csv|crp_dataset_8_1_2.csv|crp_dataset_8_1_7.csv,crp_dataset_8_1_1.csv,0.6024458749156033,0.9529411764593771,0.6428571428520408,81,4,45,126,0.0252685546875,0.0010294117647058824,0.024239142922794117
5,crp_dataset_8_1_3.csv|crp_dataset_8_1_6.csv|crp_dataset_8_1_4.csv|crp_dataset_8_1_2.csv|crp_dataset_8_1_7.csv,crp_dataset_8_1_5.csv,0.6024458749156033,0.8918918918798393,0.6599999999934,66,8,34,148,0.039282226562499994,0.003040540540540541,0.03624168602195945
5,crp_dataset_8_1_3.csv|crp_dataset_8_1_6.csv|crp_dataset_8_1_4.csv|crp_dataset_8_1_2.csv|crp_dataset_8_1_1.csv,crp_dataset_8_1_8.csv,0.6002231853439683,0.8039215686195693,0.5942028985464188,82,20,56,98,0.0283203125,0.005208333333333333,0.023111979166666668
5,crp_dataset_8_1_3.csv|crp_dataset_8_1_6.csv|crp_dataset_8_1_4.csv|crp_dataset_8_1_2.csv|crp_dataset_8_1_1.csv,crp_dataset_8_1_7.csv,0.6002231853439683,0.9401709401669224,0.9999999999954546,220,14,0,22,0.0095703125,0.0019764957264957264,0.007593816773504274
5,crp_dataset_8_1_3.csv|crp_dataset_8_1_6.csv|crp_dataset_8_1_4.csv|crp_dataset_8_1_2.csv|crp_dataset_8_1_1.csv,crp_dataset_8_1_5.csv,0.6002231853439683,0.883116883105414,0.6799999999931999,68,9,32,147,0.039282226562499994,0.003733766233766234,0.03554846032873376
5,crp_dataset_8_1_3.csv|crp_dataset_8_1_6.csv|crp_dataset_8_1_4.csv|crp_dataset_8_1_2.csv|crp_dataset_8_1_5.csv,crp_dataset_8_1_8.csv,0.6058629984102624,0.8124999999915364,0.5652173913002521,78,18,60,100,0.0283203125,0.005208333333333333,0.023111979166666668
5,crp_dataset_8_1_3.csv|crp_dataset_8_1_6.csv|crp_dataset_8_1_4.csv|crp_dataset_8_1_2.csv|crp_dataset_8_1_5.csv,crp_dataset_8_1_7.csv,0.6058629984102624,0.9482758620648781,0.9999999999954546,220,12,0,24,0.0095703125,0.0016163793103448276,0.007953933189655173
5,crp_dataset_8_1_3.csv|crp_dataset_8_1_6.csv|crp_dataset_8_1_4.csv|crp_dataset_8_1_2.csv|crp_dataset_8_1_5.csv,crp_dataset_8_1_1.csv,0.6058629984102624,0.9506172839388812,0.611111111106261,77,4,49,126,0.0252685546875,0.0010802469135802468,0.024188307773919754
5,crp_dataset_8_1_3.csv|crp_dataset_8_1_6.csv|crp_dataset_8_1_4.csv|crp_dataset_8_1_7.csv|crp_dataset_8_1_1.csv,crp_dataset_8_1_8.csv,0.6253004630618595,0.8222222222130864,0.5362318840540853,74,16,64,102,0.0283203125,0.005069444444444444,0.023250868055555554
5,crp_dataset_8_1_3.csv|crp_dataset_8_1_6.csv|crp_dataset_8_1_4.csv|crp_dataset_8_1_7.csv|crp_dataset_8_1_1.csv,crp_dataset_8_1_2.csv,0.6253004630618595,0.936170212746039,0.3697478991565567,44,3,75,134,0.03945312499999999,0.002127659574468085,0.037325465425531903
5,crp_dataset_8_1_3.csv|crp_dataset_8_1_6.csv|crp_dataset_8_1_4.csv|crp_dataset_8_1_7.csv|crp_dataset_8_1_1.csv,crp_dataset_8_1_5.csv,0.6253004630618595,0.9333333333177778,0.5599999999944,56,4,44,152,0.039282226562499994,0.0023958333333333336,0.03688639322916666
5,crp_dataset_8_1_3.csv|crp_dataset_8_1_6.csv|crp_dataset_8_1_4.csv|crp_dataset_8_1_7.csv|crp_dataset_8_1_5.csv,crp_dataset_8_1_8.csv,0.6197076909485384,0.8043478260782135,0.5362318840540853,74,18,64,100,0.0283203125,0.005366847826086955,0.022953464673913043
5,crp_dataset_8_1_3.csv|crp_dataset_8_1_6.csv|crp_dataset_8_1_4.csv|crp_dataset_8_1_7.csv|crp_dataset_8_1_5.csv,crp_dataset_8_1_2.csv,0.6197076909485384,0.9583333333133681,0.3865546218454911,46,2,73,135,0.03945312499999999,0.001822916666666667,0.037630208333333325
5,crp_dataset_8_1_3.csv|crp_dataset_8_1_6.csv|crp_dataset_8_1_4.csv|crp_dataset_8_1_7.csv|crp_dataset_8_1_5.csv,crp_dataset_8_1_1.csv,0.6197076909485384,0.951807228904195,0.6269841269791508,79,4,47,126,0.0252685546875,0.0010542168674698795,0.02421433782003012
5,crp_dataset_8_1_3.csv|crp_dataset_8_1_6.csv|crp_dataset_8_1_4.csv|crp_dataset_8_1_1.csv|crp_dataset_8_1_5.csv,crp_dataset_8_1_8.csv,0.7038626897908694,0.8160919540136081,0.5144927536194602,71,16,67,102,0.0283203125,0.005244252873563218,0.02307605962643678
5,crp_dataset_8_1_3.csv|crp_dataset_8_1_6.csv|crp_dataset_8_1_4.csv|crp_dataset_8_1_1.csv|crp_dataset_8_1_5.csv,crp_dataset_8_1_2.csv,0.7038626897908694,0.9499999999762501,0.31932773108975354,38,2,81,135,0.03945312499999999,0.00203125,0.03742187499999999
5,crp_dataset_8_1_3.csv|crp_dataset_8_1_6.csv|crp_dataset_8_1_4.csv|crp_dataset_8_1_1.csv|crp_dataset_8_1_5.csv,crp_dataset_8_1_7.csv,0.7038626897908694,0.990740740736154,0.9727272727228513,214,2,6,34,0.0095703125,0.00043402777777777775,0.009136284722222223
5,crp_dataset_8_1_3.csv|crp_dataset_8_1_6.csv|crp_dataset_8_1_2.csv|crp_dataset_8_1_7.csv|crp_dataset_8_1_1.csv,crp_dataset_8_1_8.csv,0.606486977939103,0.8058252427106231,0.6014492753579606,83,20,55,98,0.0283203125,0.0051577669902912624,0.023162545509708737
5,crp_dataset_8_1_3.csv|crp_dataset_8_1_6.csv|crp_dataset_8_1_2.csv|crp_dataset_8_1_7.csv|crp_dataset_8_1_1.csv,crp_dataset_8_1_4.csv,0.606486977939103,0.8492063491996095,0.816793893123536,107,19,24,106,0.023046875,0.005952380952380952,0.01709449404761905
5,crp_dataset_8_1_3.csv|crp_dataset_8_1_6.csv|crp_dataset_8_1_2.csv|crp_dataset_8_1_7.csv|crp_dataset_8_1_1.csv,crp_dataset_8_1_5.csv,0.606486977939103,0.8799999999882666,0.6599999999934,66,9,34,147,0.039282226562499994,0.00375,0.03553222656249999
5,crp_dataset_8_1_3.csv|crp_dataset_8_1_6.csv|crp_dataset_8_1_2.csv|crp_dataset_8_1_7.csv|crp_dataset_8_1_5.csv,crp_dataset_8_1_8.csv,0.6214521468178633,0.8144329896823254,0.5724637681117938,79,18,59,100,0.0283203125,0.005219072164948453,0.023101240335051548
5,crp_dataset_8_1_3.csv|crp_dataset_8_1_6.csv|crp_dataset_8_1_2.csv|crp_dataset_8_1_7.csv|crp_dataset_8_1_5.csv,crp_dataset_8_1_4.csv,0.6214521468178633,0.890756302513523,0.8091603053373347,106,13,25,112,0.023046875,0.0042542016806722685,0.018792673319327734
5,crp_dataset_8_1_3.csv|crp_dataset_8_1_6.csv|crp_dataset_8_1_2.csv|crp_dataset_8_1_7.csv|crp_dataset_8_1_5.csv,crp_dataset_8_1_1.csv,0.6214521468178633,0.9529411764593771,0.6428571428520408,81,4,45,126,0.0252685546875,0.0010294117647058824,0.024239142922794117
5,crp_dataset_8_1_3.csv|crp_dataset_8_1_6.csv|crp_dataset_8_1_2.csv|crp_dataset_8_1_1.csv|crp_dataset_8_1_5.csv,crp_dataset_8_1_8.csv,0.6008723218316098,0.8039215686195693,0.5942028985464188,82,20,56,98,0.0283203125,0.005208333333333333,0.023111979166666668
5,crp_dataset_8_1_3.csv|crp_dataset_8_1_6.csv|crp_dataset_8_1_2.csv|crp_dataset_8_1_1.csv|crp_dataset_8_1_5.csv,crp_dataset_8_1_4.csv,0.6008723218316098,0.842519685032736,0.816793893123536,107,20,24,105,0.023046875,0.006200787401574803,0.016846087598425197
5,crp_dataset_8_1_3.csv|crp_dataset_8_1_6.csv|crp_dataset_8_1_2.csv|crp_dataset_8_1_1.csv|crp_dataset_8_1_5.csv,crp_dataset_8_1_7.csv,0.6008723218316098,0.9482758620648781,0.9999999999954546,220,12,0,24,0.0095703125,0.0016971982758620687,0.007873114224137933
5,crp_dataset_8_1_3.csv|crp_dataset_8_1_6.csv|crp_dataset_8_1_7.csv|crp_dataset_8_1_1.csv|crp_dataset_8_1_5.csv,crp_dataset_8_1_8.csv,0.6086500638743434,0.793814432981507,0.5579710144887104,77,20,61,98,0.0283203125,0.005347938144329896,0.022972374355670105
5,crp_dataset_8_1_3.csv|crp_dataset_8_1_6.csv|crp_dataset_8_1_7.csv|crp_dataset_8_1_1.csv|crp_dataset_8_1_5.csv,crp_dataset_8_1_4.csv,0.6086500638743434,0.8739495798245887,0.7938931297649322,104,15,27,110,0.023046875,0.005304621848739496,0.017742253151260504
5,crp_dataset_8_1_3.csv|crp_dataset_8_1_6.csv|crp_dataset_8_1_7.csv|crp_dataset_8_1_1.csv|crp_dataset_8_1_5.csv,crp_dataset_8_1_2.csv,0.6086500638743434,0.9218749999855956,0.4957983193235647,59,5,60,132,0.03945312499999999,0.00244140625,0.03701171874999999
5,crp_dataset_8_1_3.csv|crp_dataset_8_1_4.csv|crp_dataset_8_1_2.csv|crp_dataset_8_1_7.csv|crp_dataset_8_1_1.csv,crp_dataset_8_1_8.csv,0.6588068293645016,0.8118811881107735,0.5942028985464188,82,19,56,99,0.0283203125,0.005136138613861386,0.023184173886138613
5,crp_dataset_8_1_3.csv|crp_dataset_8_1_4.csv|crp_dataset_8_1_2.csv|crp_dataset_8_1_7.csv|crp_dataset_8_1_1.csv,crp_dataset_8_1_6.csv,0.6588068293645016,0.8583333333261806,0.7357142857090306,103,17,37,99,0.026928710937500003,0.006041666666666667,0.020887044270833335
5,crp_dataset_8_1_3.csv|crp_dataset_8_1_4.csv|crp_dataset_8_1_2.csv|crp_dataset_8_1_7.csv|crp_dataset_8_1_1.csv,crp_dataset_8_1_5.csv,0.6588068293645016,0.8815789473568213,0.6699999999933,67,9,33,147,0.039282226562499994,0.0037828947368421057,0.03549933182565789
5,crp_dataset_8_1_3.csv|crp_dataset_8_1_4.csv|crp_dataset_8_1_2.csv|crp_dataset_8_1_7.csv|crp_dataset_8_1_5.csv,crp_dataset_8_1_8.csv,0.6032118727182456,0.816326530603915,0.5797101449233355,80,18,58,100,0.0283203125,0.005165816326530612,0.023154496173469388
5,crp_dataset_8_1_3.csv|crp_dataset_8_1_4.csv|crp_dataset_8_1_2.csv|crp_dataset_8_1_7.csv|crp_dataset_8_1_5.csv,crp_dataset_8_1_6.csv,0.6032118727182456,0.847999999993216,0.757142857137449,106,19,34,97,0.026928710937500003,0.006500000000000001,0.020428710937500004
5,crp_dataset_8_1_3.csv|crp_dataset_8_1_4.csv|crp_dataset_8_1_2.csv|crp_dataset_8_1_7.csv|crp_dataset_8_1_5.csv,crp_dataset_8_1_1.csv,0.6032118727182456,0.9325842696524428,0.6587301587249307,83,6,43,124,0.0252685546875,0.0014044943820224719,0.023864060305477528
5,crp_dataset_8_1_3.csv|crp_dataset_8_1_4.csv|crp_dataset_8_1_2.csv|crp_dataset_8_1_1.csv|crp_dataset_8_1_5.csv,crp_dataset_8_1_8.csv,0.6189890869799541,0.8118811881107735,0.5942028985464188,82,19,56,99,0.0283203125,0.005136138613861386,0.023184173886138613
5,crp_dataset_8_1_3.csv|crp_dataset_8_1_4.csv|crp_dataset_8_1_2.csv|crp_dataset_8_1_1.csv|crp_dataset_8_1_5.csv,crp_dataset_8_1_6.csv,0.6189890869799541,0.8421052631515632,0.7999999999942857,112,21,28,95,0.026928710937500003,0.006531954887218044,0.020396756050281958
5,crp_dataset_8_1_3.csv|crp_dataset_8_1_4.csv|crp_dataset_8_1_2.csv|crp_dataset_8_1_1.csv|crp_dataset_8_1_5.csv,crp_dataset_8_1_7.csv,0.6189890869799541,0.9401709401669224,0.9999999999954546,220,14,0,22,0.0095703125,0.0019764957264957264,0.007593816773504274
5,crp_dataset_8_1_3.csv|crp_dataset_8_1_4.csv|crp_dataset_8_1_7.csv|crp_dataset_8_1_1.csv|crp_dataset_8_1_5.csv,crp_dataset_8_1_8.csv,0.6498121982849157,0.8085106382892712,0.5507246376771687,76,18,62,100,0.0283203125,0.005252659574468084,0.023067652925531916
5,crp_dataset_8_1_3.csv|crp_dataset_8_1_4.csv|crp_dataset_8_1_7.csv|crp_dataset_8_1_1.csv|crp_dataset_8_1_5.csv,crp_dataset_8_1_6.csv,0.6498121982849157,0.8461538461473374,0.7857142857086735,110,20,30,96,0.026928710937500003,0.006538461538461538,0.020390249399038465
5,crp_dataset_8_1_3.csv|crp_dataset_8_1_4.csv|crp_dataset_8_1_7.csv|crp_dataset_8_1_1.csv|crp_dataset_8_1_5.csv,crp_dataset_8_1_2.csv,0.6498121982849157,0.9411764705697809,0.4033613445344255,48,3,71,134,0.03945312499999999,0.0020833333333333337,0.03736979166666666
5,crp_dataset_8_1_3.csv|crp_dataset_8_1_2.csv|crp_dataset_8_1_7.csv|crp_dataset_8_1_1.csv|crp_dataset_8_1_5.csv,crp_dataset_8_1_8.csv,0.626023792296936,0.8076923076845414,0.6086956521695023,84,20,54,98,0.0283203125,0.005168269230769231,0.02315204326923077
5,crp_dataset_8_1_3.csv|crp_dataset_8_1_2.csv|crp_dataset_8_1_7.csv|crp_dataset_8_1_1.csv|crp_dataset_8_1_5.csv,crp_dataset_8_1_6.csv,0.626023792296936,0.847999999993216,0.757142857137449,106,19,34,97,0.026928710937500003,0.0062,0.020728710937500002
5,crp_dataset_8_1_3.csv|crp_dataset_8_1_2.csv|crp_dataset_8_1_7.csv|crp_dataset_8_1_1.csv|crp_dataset_8_1_5.csv,crp_dataset_8_1_4.csv,0.626023792296936,0.8270676691667138,0.8396946564821398,110,23,21,102,0.023046875,0.006343984962406015,0.01670289003759399
5,crp_dataset_8_1_6.csv|crp_dataset_8_1_4.csv|crp_dataset_8_1_2.csv|crp_dataset_8_1_7.csv|crp_dataset_8_1_1.csv,crp_dataset_8_1_8.csv,0.6134334388874273,0.8181818181735537,0.5869565217348772,81,18,57,100,0.0283203125,0.005113636363636364,0.023206676136363638
5,crp_dataset_8_1_6.csv|crp_dataset_8_1_4.csv|crp_dataset_8_1_2.csv|crp_dataset_8_1_7.csv|crp_dataset_8_1_1.csv,crp_dataset_8_1_3.csv,0.6134334388874273,0.9847328244199639,0.7456647398800829,129,2,44,81,0.019604492187500003,0.0009541984732824427,0.01865029371421756
5,crp_dataset_8_1_6.csv|crp_dataset_8_1_4.csv|crp_dataset_8_1_2.csv|crp_dataset_8_1_7.csv|crp_dataset_8_1_1.csv,crp_dataset_8_1_5.csv,0.6134334388874273,0.8904109588919121,0.6499999999935,65,8,35,148,0.039282226562499994,0.003082191780821918,0.036200034781678075
5,crp_dataset_8_1_6.csv|crp_dataset_8_1_4.csv|crp_dataset_8_1_2.csv|crp_dataset_8_1_7.csv|crp_dataset_8_1_5.csv,crp_dataset_8_1_8.csv,0.7067040166766176,0.8021978021889868,0.5289855072425437,73,18,65,100,0.0283203125,0.0052197802197802195,0.02310053228021978
5,crp_dataset_8_1_6.csv|crp_dataset_8_1_4.csv|crp_dataset_8_1_2.csv|crp_dataset_8_1_7.csv|crp_dataset_8_1_5.csv,crp_dataset_8_1_3.csv,0.7067040166766176,0.9911504424691049,0.6473988439268937,112,1,61,82,0.019604492187500003,0.0005530973451327434,0.01905139484236726
5,crp_dataset_8_1_6.csv|crp_dataset_8_1_4.csv|crp_dataset_8_1_2.csv|crp_dataset_8_1_7.csv|crp_dataset_8_1_5.csv,crp_dataset_8_1_1.csv,0.7067040166766176,0.9480519480396357,0.5793650793604812,73,4,53,126,0.0252685546875,0.0011363636363636365,0.024132191051136363
5,crp_dataset_8_1_6.csv|crp_dataset_8_1_4.csv|crp_dataset_8_1_2.csv|crp_dataset_8_1_1.csv|crp_dataset_8_1_5.csv,crp_dataset_8_1_8.csv,0.6026933968334883,0.816326530603915,0.5797101449233355,80,18,58,100,0.0283203125,0.005165816326530612,0.023154496173469388
5,crp_dataset_8_1_6.csv|crp_dataset_8_1_4.csv|crp_dataset_8_1_2.csv|crp_dataset_8_1_1.csv|crp_dataset_8_1_5.csv,crp_dataset_8_1_3.csv,0.6026933968334883,0.9577464788664948,0.7861271676255137,136,6,37,77,0.019604492187500003,0.001584507042253521,0.01801998514524648
5,crp_dataset_8_1_6.csv|crp_dataset_8_1_4.csv|crp_dataset_8_1_2.csv|crp_dataset_8_1_1.csv|crp_dataset_8_1_5.csv,crp_dataset_8_1_7.csv,0.6026933968334883,0.9482758620648781,0.9999999999954546,220,12,0,24,0.0095703125,0.0016971982758620687,0.007873114224137933
5,crp_dataset_8_1_6.csv|crp_dataset_8_1_4.csv|crp_dataset_8_1_7.csv|crp_dataset_8_1_1.csv|crp_dataset_8_1_5.csv,crp_dataset_8_1_8.csv,0.6051273788637538,0.8099999999919,0.5869565217348772,81,19,57,99,0.0283203125,0.005124999999999999,0.023195312500000002
5,crp_dataset_8_1_6.csv|crp_dataset_8_1_4.csv|crp_dataset_8_1_7.csv|crp_dataset_8_1_1.csv|crp_dataset_8_1_5.csv,crp_dataset_8_1_3.csv,0.6051273788637538,0.9856115107842762,0.7919075144462896,137,2,36,81,0.019604492187500003,0.0008992805755395684,0.018705211611960433
5,crp_dataset_8_1_6.csv|crp_dataset_8_1_4.csv|crp_dataset_8_1_7.csv|crp_dataset_8_1_1.csv|crp_dataset_8_1_5.csv,crp_dataset_8_1_2.csv,0.6051273788637538,0.9354838709526535,0.4873949579790975,58,4,61,133,0.03945312499999999,0.002116935483870968,0.03733618951612902
5,crp_dataset_8_1_6.csv|crp_dataset_8_1_2.csv|crp_dataset_8_1_7.csv|crp_dataset_8_1_1.csv|crp_dataset_8_1_5.csv,crp_dataset_8_1_8.csv,0.6236258296494558,0.8039215686195693,0.5942028985464188,82,20,56,98,0.0283203125,0.005208333333333333,0.023111979166666668
5,crp_dataset_8_1_6.csv|crp_dataset_8_1_2.csv|crp_dataset_8_1_7.csv|crp_dataset_8_1_1.csv|crp_dataset_8_1_5.csv,crp_dataset_8_1_3.csv,0.6236258296494558,0.9577464788664948,0.7861271676255137,136,6,37,77,0.019604492187500003,0.0024207746478873238,0.01718371753961268
5,crp_dataset_8_1_6.csv|crp_dataset_8_1_2.csv|crp_dataset_8_1_7.csv|crp_dataset_8_1_1.csv|crp_dataset_8_1_5.csv,crp_dataset_8_1_4.csv,0.6236258296494558,0.8617886178791724,0.8091603053373347,106,17,25,108,0.023046875,0.005538617886178862,0.01750825711382114
5,crp_dataset_8_1_4.csv|crp_dataset_8_1_2.csv|crp_dataset_8_1_7.csv|crp_dataset_8_1_1.csv|crp_dataset_8_1_5.csv,crp_dataset_8_1_8.csv,0.6058205307626909,0.8199999999918,0.5942028985464188,82,18,56,100,0.0283203125,0.0050625,0.0232578125
5,crp_dataset_8_1_4.csv|crp_dataset_8_1_2.csv|crp_dataset_8_1_7.csv|crp_dataset_8_1_1.csv|crp_dataset_8_1_5.csv,crp_dataset_8_1_3.csv,0.6058205307626909,0.9827586206811831,0.6589595375684454,114,2,59,81,0.019604492187500003,0.0010775862068965517,0.018526905980603452
5,crp_dataset_8_1_4.csv|crp_dataset_8_1_2.csv|crp_dataset_8_1_7.csv|crp_dataset_8_1_1.csv|crp_dataset_8_1_5.csv,crp_dataset_8_1_6.csv,0.6058205307626909,0.8611111111031379,0.6642857142809694,93,15,47,101,0.026928710937500003,0.005960648148148149,0.020968062789351854
6,crp_dataset_8_1_8.csv|crp_dataset_8_1_3.csv|crp_dataset_8_1_6.csv|crp_dataset_8_1_4.csv|crp_dataset_8_1_2.csv|crp_dataset_8_1_7.csv,crp_dataset_8_1_1.csv,0.6106463505608924,0.9230769230667794,0.6666666666613756,84,7,42,123,0.0252685546875,0.0016483516483516484,0.02362020303914835
6,crp_dataset_8_1_8.csv|crp_dataset_8_1_3.csv|crp_dataset_8_1_6.csv|crp_dataset_8_1_4.csv|crp_dataset_8_1_2.csv|crp_dataset_8_1_7.csv,crp_dataset_8_1_5.csv,0.6106463505608924,0.8624999999892187,0.6899999999931,69,11,31,145,0.039282226562499994,0.004140625,0.03514160156249999
6,crp_dataset_8_1_8.csv|crp_dataset_8_1_3.csv|crp_dataset_8_1_6.csv|crp_dataset_8_1_4.csv|crp_dataset_8_1_2.csv|crp_dataset_8_1_1.csv,crp_dataset_8_1_7.csv,0.6237506832338354,0.9821428571384726,0.9999999999954546,220,4,0,32,0.0095703125,0.0007533482142857143,0.008816964285714286
6,crp_dataset_8_1_8.csv|crp_dataset_8_1_3.csv|crp_dataset_8_1_6.csv|crp_dataset_8_1_4.csv|crp_dataset_8_1_2.csv|crp_dataset_8_1_1.csv,crp_dataset_8_1_5.csv,0.6237506832338354,0.8815789473568213,0.6699999999933,67,9,33,147,0.039282226562499994,0.003700657894736842,0.03558156866776315
6,crp_dataset_8_1_8.csv|crp_dataset_8_1_3.csv|crp_dataset_8_1_6.csv|crp_dataset_8_1_4.csv|crp_dataset_8_1_2.csv|crp_dataset_8_1_5.csv,crp_dataset_8_1_7.csv,0.6004320836097286,0.9523809523768295,0.9999999999954546,220,11,0,25,0.0095703125,0.001433982683982684,0.008136329816017317
6,crp_dataset_8_1_8.csv|crp_dataset_8_1_3.csv|crp_dataset_8_1_6.csv|crp_dataset_8_1_4.csv|crp_dataset_8_1_2.csv|crp_dataset_8_1_5.csv,crp_dataset_8_1_1.csv,0.6004320836097286,0.9540229884947813,0.6587301587249307,83,4,43,126,0.0252685546875,0.0010057471264367816,0.024262807561063218
6,crp_dataset_8_1_8.csv|crp_dataset_8_1_3.csv|crp_dataset_8_1_6.csv|crp_dataset_8_1_4.csv|crp_dataset_8_1_7.csv|crp_dataset_8_1_1.csv,crp_dataset_8_1_2.csv,0.6144188596130765,0.9433962263972945,0.4201680672233599,50,3,69,134,0.03945312499999999,0.002004716981132076,0.03744840801886792
6,crp_dataset_8_1_8.csv|crp_dataset_8_1_3.csv|crp_dataset_8_1_6.csv|crp_dataset_8_1_4.csv|crp_dataset_8_1_7.csv|crp_dataset_8_1_1.csv,crp_dataset_8_1_5.csv,0.6144188596130765,0.9242424242284205,0.6099999999939,61,5,39,151,0.039282226562499994,0.002462121212121213,0.03682010535037878
6,crp_dataset_8_1_8.csv|crp_dataset_8_1_3.csv|crp_dataset_8_1_6.csv|crp_dataset_8_1_4.csv|crp_dataset_8_1_7.csv|crp_dataset_8_1_5.csv,crp_dataset_8_1_2.csv,0.6536653157087653,0.9999999999767443,0.36134453781208953,43,0,76,137,0.03945312499999999,0.0010174418604651165,0.038435683139534875
6,crp_dataset_8_1_8.csv|crp_dataset_8_1_3.csv|crp_dataset_8_1_6.csv|crp_dataset_8_1_4.csv|crp_dataset_8_1_7.csv|crp_dataset_8_1_5.csv,crp_dataset_8_1_1.csv,0.6536653157087653,0.9506172839388812,0.611111111106261,77,4,49,126,0.0252685546875,0.0010802469135802468,0.024188307773919754
6,crp_dataset_8_1_8.csv|crp_dataset_8_1_3.csv|crp_dataset_8_1_6.csv|crp_dataset_8_1_4.csv|crp_dataset_8_1_1.csv|crp_dataset_8_1_5.csv,crp_dataset_8_1_2.csv,0.6321357905944862,0.9322033898147085,0.4621848739456959,55,4,64,133,0.03945312499999999,0.0022245762711864407,0.03722854872881355
6,crp_dataset_8_1_8.csv|crp_dataset_8_1_3.csv|crp_dataset_8_1_6.csv|crp_dataset_8_1_4.csv|crp_dataset_8_1_1.csv|crp_dataset_8_1_5.csv,crp_dataset_8_1_7.csv,0.6321357905944862,0.9863636363591529,0.9863636363591529,217,3,3,33,0.0095703125,0.000625,0.0089453125
6,crp_dataset_8_1_8.csv|crp_dataset_8_1_3.csv|crp_dataset_8_1_6.csv|crp_dataset_8_1_2.csv|crp_dataset_8_1_7.csv|crp_dataset_8_1_1.csv,crp_dataset_8_1_4.csv,0.6183640720350103,0.847999999993216,0.8091603053373347,106,19,25,106,0.023046875,0.00595,0.017096875
6,crp_dataset_8_1_8.csv|crp_dataset_8_1_3.csv|crp_dataset_8_1_6.csv|crp_dataset_8_1_2.csv|crp_dataset_8_1_7.csv|crp_dataset_8_1_1.csv,crp_dataset_8_1_5.csv,0.6183640720350103,0.8571428571317253,0.6599999999934,66,11,34,145,0.039282226562499994,0.00413961038961039,0.03514261617288961
6,crp_dataset_8_1_8.csv|crp_dataset_8_1_3.csv|crp_dataset_8_1_6.csv|crp_dataset_8_1_2.csv|crp_dataset_8_1_7.csv|crp_dataset_8_1_5.csv,crp_dataset_8_1_4.csv,0.6423378888695837,0.8916666666592361,0.816793893123536,107,13,24,112,0.023046875,0.004427083333333333,0.01861979166666667
6,crp_dataset_8_1_8.csv|crp_dataset_8_1_3.csv|crp_dataset_8_1_6.csv|crp_dataset_8_1_2.csv|crp_dataset_8_1_7.csv|crp_dataset_8_1_5.csv,crp_dataset_8_1_1.csv,0.6423378888695837,0.9550561797645499,0.6746031745978206,85,4,41,126,0.0252685546875,0.0009831460674157302,0.02428540862008427
6,crp_dataset_8_1_8.csv|crp_dataset_8_1_3.csv|crp_dataset_8_1_6.csv|crp_dataset_8_1_2.csv|crp_dataset_8_1_1.csv|crp_dataset_8_1_5.csv,crp_dataset_8_1_4.csv,0.603429237994722,0.8359374999934693,0.816793893123536,107,21,24,104,0.023046875,0.006201171875,0.016845703125
6,crp_dataset_8_1_8.csv|crp_dataset_8_1_3.csv|crp_dataset_8_1_6.csv|crp_dataset_8_1_2.csv|crp_dataset_8_1_1.csv|crp_dataset_8_1_5.csv,crp_dataset_8_1_7.csv,0.603429237994722,0.956521739126276,0.9999999999954546,220,10,0,26,0.0095703125,0.0013315217391304348,0.008238790760869566
6,crp_dataset_8_1_8.csv|crp_dataset_8_1_3.csv|crp_dataset_8_1_6.csv|crp_dataset_8_1_7.csv|crp_dataset_8_1_1.csv|crp_dataset_8_1_5.csv,crp_dataset_8_1_4.csv,0.6061140818412073,0.8666666666594445,0.7938931297649322,104,16,27,109,0.023046875,0.005260416666666667,0.017786458333333335
6,crp_dataset_8_1_8.csv|crp_dataset_8_1_3.csv|crp_dataset_8_1_6.csv|crp_dataset_8_1_7.csv|crp_dataset_8_1_1.csv|crp_dataset_8_1_5.csv,crp_dataset_8_1_2.csv,0.6061140818412073,0.9295774647756397,0.5546218487348351,66,5,53,132,0.03945312499999999,0.002288732394366197,0.0371643926056338
6,crp_dataset_8_1_8.csv|crp_dataset_8_1_3.csv|crp_dataset_8_1_4.csv|crp_dataset_8_1_2.csv|crp_dataset_8_1_7.csv|crp_dataset_8_1_1.csv,crp_dataset_8_1_6.csv,0.738396429133645,0.8571428571352041,0.6857142857093879,96,16,44,100,0.026928710937500003,0.006082589285714285,0.020846121651785718
6,crp_dataset_8_1_8.csv|crp_dataset_8_1_3.csv|crp_dataset_8_1_4.csv|crp_dataset_8_1_2.csv|crp_dataset_8_1_7.csv|crp_dataset_8_1_1.csv,crp_dataset_8_1_5.csv,0.738396429133645,0.9264705882216695,0.6299999999936999,63,5,37,151,0.039282226562499994,0.002481617647058824,0.03680060891544117
6,crp_dataset_8_1_8.csv|crp_dataset_8_1_3.csv|crp_dataset_8_1_4.csv|crp_dataset_8_1_2.csv|crp_dataset_8_1_7.csv|crp_dataset_8_1_5.csv,crp_dataset_8_1_6.csv,0.6055706451749796,0.8333333333263888,0.7142857142806123,100,20,40,96,0.026928710937500003,0.0067708333333333336,0.02015787760416667
6,crp_dataset_8_1_8.csv|crp_dataset_8_1_3.csv|crp_dataset_8_1_4.csv|crp_dataset_8_1_2.csv|crp_dataset_8_1_7.csv|crp_dataset_8_1_5.csv,crp_dataset_8_1_1.csv,0.6055706451749796,0.9090909090805784,0.6349206349155958,80,8,46,122,0.0252685546875,0.001988636363636364,0.023279918323863637
6,crp_dataset_8_1_8.csv|crp_dataset_8_1_3.csv|crp_dataset_8_1_4.csv|crp_dataset_8_1_2.csv|crp_dataset_8_1_1.csv|crp_dataset_8_1_5.csv,crp_dataset_8_1_6.csv,0.6187690470767223,0.8536585365784255,0.749999999994643,105,18,35,98,0.026928710937500003,0.006199186991869918,0.020729523945630084
6,crp_dataset_8_1_8.csv|crp_dataset_8_1_3.csv|crp_dataset_8_1_4.csv|crp_dataset_8_1_2.csv|crp_dataset_8_1_1.csv|crp_dataset_8_1_5.csv,crp_dataset_8_1_7.csv,0.6187690470767223,0.9777777777734321,0.9999999999954546,220,5,0,31,0.0095703125,0.0008055555555555557,0.008764756944444445
6,crp_dataset_8_1_8.csv|crp_dataset_8_1_3.csv|crp_dataset_8_1_4.csv|crp_dataset_8_1_7.csv|crp_dataset_8_1_1.csv|crp_dataset_8_1_5.csv,crp_dataset_8_1_6.csv,0.6480121219331293,0.8536585365784255,0.749999999994643,105,18,35,98,0.026928710937500003,0.006199186991869918,0.020729523945630084
6,crp_dataset_8_1_8.csv|crp_dataset_8_1_3.csv|crp_dataset_8_1_4.csv|crp_dataset_8_1_7.csv|crp_dataset_8_1_1.csv|crp_dataset_8_1_5.csv,crp_dataset_8_1_2.csv,0.6480121219331293,0.9444444444269547,0.4285714285678271,51,3,68,134,0.03945312499999999,0.001967592592592593,0.0374855324074074
6,crp_dataset_8_1_8.csv|crp_dataset_8_1_3.csv|crp_dataset_8_1_2.csv|crp_dataset_8_1_7.csv|crp_dataset_8_1_1.csv|crp_dataset_8_1_5.csv,crp_dataset_8_1_6.csv,0.6129546560288701,0.8492063491996095,0.7642857142802552,107,19,33,97,0.026928710937500003,0.00615079365079365,0.020777917286706353
6,crp_dataset_8_1_8.csv|crp_dataset_8_1_3.csv|crp_dataset_8_1_2.csv|crp_dataset_8_1_7.csv|crp_dataset_8_1_1.csv|crp_dataset_8_1_5.csv,crp_dataset_8_1_4.csv,0.6129546560288701,0.8320610686959385,0.8320610686959385,109,22,22,103,0.023046875,0.006154580152671756,0.016892294847328244
6,crp_dataset_8_1_8.csv|crp_dataset_8_1_6.csv|crp_dataset_8_1_4.csv|crp_dataset_8_1_2.csv|crp_dataset_8_1_7.csv|crp_dataset_8_1_1.csv,crp_dataset_8_1_3.csv,0.6072002216020151,0.9841269841191735,0.7167630057762038,124,2,49,81,0.019604492187500003,0.000992063492063492,0.01861242869543651
6,crp_dataset_8_1_8.csv|crp_dataset_8_1_6.csv|crp_dataset_8_1_4.csv|crp_dataset_8_1_2.csv|crp_dataset_8_1_7.csv|crp_dataset_8_1_1.csv,crp_dataset_8_1_5.csv,0.6072002216020151,0.8607594936599904,0.6799999999931999,68,11,32,145,0.039282226562499994,0.004113924050632912,0.03516830251186708
6,crp_dataset_8_1_8.csv|crp_dataset_8_1_6.csv|crp_dataset_8_1_4.csv|crp_dataset_8_1_2.csv|crp_dataset_8_1_7.csv|crp_dataset_8_1_5.csv,crp_dataset_8_1_3.csv,0.6103906335200606,0.9756097560896292,0.6936416184931004,120,3,53,80,0.019604492187500003,0.0007113821138211382,0.018893110073678866
6,crp_dataset_8_1_8.csv|crp_dataset_8_1_6.csv|crp_dataset_8_1_4.csv|crp_dataset_8_1_2.csv|crp_dataset_8_1_7.csv|crp_dataset_8_1_5.csv,crp_dataset_8_1_1.csv,0.6103906335200606,0.9374999999882813,0.5952380952333711,75,5,51,125,0.0252685546875,0.0013281249999999999,0.0239404296875
6,crp_dataset_8_1_8.csv|crp_dataset_8_1_6.csv|crp_dataset_8_1_4.csv|crp_dataset_8_1_2.csv|crp_dataset_8_1_1.csv|crp_dataset_8_1_5.csv,crp_dataset_8_1_3.csv,0.6037156026911873,0.9696969696896236,0.7398843930593071,128,4,45,79,0.019604492187500003,0.0013257575757575756,0.018278734611742425
6,crp_dataset_8_1_8.csv|crp_dataset_8_1_6.csv|crp_dataset_8_1_4.csv|crp_dataset_8_1_2.csv|crp_dataset_8_1_1.csv|crp_dataset_8_1_5.csv,crp_dataset_8_1_7.csv,0.6037156026911873,0.9649122806975223,0.9999999999954546,220,8,0,28,0.0095703125,0.0010416666666666669,0.008528645833333334
6,crp_dataset_8_1_8.csv|crp_dataset_8_1_6.csv|crp_dataset_8_1_4.csv|crp_dataset_8_1_7.csv|crp_dataset_8_1_1.csv|crp_dataset_8_1_5.csv,crp_dataset_8_1_3.csv,0.7119923534227269,0.9913043478174669,0.6589595375684454,114,1,59,82,0.019604492187500003,0.0005434782608695652,0.019061013926630437
6,crp_dataset_8_1_8.csv|crp_dataset_8_1_6.csv|crp_dataset_8_1_4.csv|crp_dataset_8_1_7.csv|crp_dataset_8_1_1.csv|crp_dataset_8_1_5.csv,crp_dataset_8_1_2.csv,0.7119923534227269,0.9999999999743591,0.3277310924342207,39,0,80,137,0.03945312499999999,0.001121794871794872,0.03833133012820512
6,crp_dataset_8_1_8.csv|crp_dataset_8_1_6.csv|crp_dataset_8_1_2.csv|crp_dataset_8_1_7.csv|crp_dataset_8_1_1.csv|crp_dataset_8_1_5.csv,crp_dataset_8_1_3.csv,0.6137716471658422,0.950354609922338,0.7745664739839621,134,7,39,76,0.019604492187500003,0.0025265957446808512,0.01707789644281915
6,crp_dataset_8_1_8.csv|crp_dataset_8_1_6.csv|crp_dataset_8_1_2.csv|crp_dataset_8_1_7.csv|crp_dataset_8_1_1.csv|crp_dataset_8_1_5.csv,crp_dataset_8_1_4.csv,0.6137716471658422,0.8617886178791724,0.8091603053373347,106,17,25,108,0.023046875,0.005538617886178862,0.01750825711382114
6,crp_dataset_8_1_8.csv|crp_dataset_8_1_4.csv|crp_dataset_8_1_2.csv|crp_dataset_8_1_7.csv|crp_dataset_8_1_1.csv|crp_dataset_8_1_5.csv,crp_dataset_8_1_3.csv,0.6250321206623911,0.9911504424691049,0.6473988439268937,112,1,61,82,0.019604492187500003,0.0005530973451327434,0.01905139484236726
6,crp_dataset_8_1_8.csv|crp_dataset_8_1_4.csv|crp_dataset_8_1_2.csv|crp_dataset_8_1_7.csv|crp_dataset_8_1_1.csv|crp_dataset_8_1_5.csv,crp_dataset_8_1_6.csv,0.6250321206623911,0.8653846153762943,0.642857142852551,90,14,50,102,0.026928710937500003,0.005588942307692308,0.021339768629807694
6,crp_dataset_8_1_3.csv|crp_dataset_8_1_6.csv|crp_dataset_8_1_4.csv|crp_dataset_8_1_2.csv|crp_dataset_8_1_7.csv|crp_dataset_8_1_1.csv,crp_dataset_8_1_8.csv,0.6648535905085474,0.8118811881107735,0.5942028985464188,82,19,56,99,0.0283203125,0.005136138613861386,0.023184173886138613
6,crp_dataset_8_1_3.csv|crp_dataset_8_1_6.csv|crp_dataset_8_1_4.csv|crp_dataset_8_1_2.csv|crp_dataset_8_1_7.csv|crp_dataset_8_1_1.csv,crp_dataset_8_1_5.csv,0.6648535905085474,0.8999999999871429,0.6299999999936999,63,7,37,149,0.039282226562499994,0.003035714285714286,0.03624651227678571
6,crp_dataset_8_1_3.csv|crp_dataset_8_1_6.csv|crp_dataset_8_1_4.csv|crp_dataset_8_1_2.csv|crp_dataset_8_1_7.csv|crp_dataset_8_1_5.csv,crp_dataset_8_1_8.csv,0.6138615670950386,0.8124999999915364,0.5652173913002521,78,18,60,100,0.0283203125,0.005208333333333333,0.023111979166666668
6,crp_dataset_8_1_3.csv|crp_dataset_8_1_6.csv|crp_dataset_8_1_4.csv|crp_dataset_8_1_2.csv|crp_dataset_8_1_7.csv|crp_dataset_8_1_5.csv,crp_dataset_8_1_1.csv,0.6138615670950386,0.9506172839388812,0.611111111106261,77,4,49,126,0.0252685546875,0.0010802469135802468,0.024188307773919754
6,crp_dataset_8_1_3.csv|crp_dataset_8_1_6.csv|crp_dataset_8_1_4.csv|crp_dataset_8_1_2.csv|crp_dataset_8_1_1.csv|crp_dataset_8_1_5.csv,crp_dataset_8_1_8.csv,0.6271486855699331,0.8118811881107735,0.5942028985464188,82,19,56,99,0.0283203125,0.0051361386138613855,0.023184173886138616
6,crp_dataset_8_1_3.csv|crp_dataset_8_1_6.csv|crp_dataset_8_1_4.csv|crp_dataset_8_1_2.csv|crp_dataset_8_1_1.csv|crp_dataset_8_1_5.csv,crp_dataset_8_1_7.csv,0.6271486855699331,0.956521739126276,0.9999999999954546,220,10,0,26,0.0095703125,0.0013315217391304348,0.008238790760869566
6,crp_dataset_8_1_3.csv|crp_dataset_8_1_6.csv|crp_dataset_8_1_4.csv|crp_dataset_8_1_7.csv|crp_dataset_8_1_1.csv|crp_dataset_8_1_5.csv,crp_dataset_8_1_8.csv,0.6189468121223549,0.8020833333249783,0.5579710144887104,77,19,61,99,0.0283203125,0.0052734374999999995,0.023046875
6,crp_dataset_8_1_3.csv|crp_dataset_8_1_6.csv|crp_dataset_8_1_4.csv|crp_dataset_8_1_7.csv|crp_dataset_8_1_1.csv|crp_dataset_8_1_5.csv,crp_dataset_8_1_2.csv,0.6189468121223549,0.9454545454373554,0.4369747899122943,52,3,67,134,0.03945312499999999,0.002159090909090909,0.03729403409090908
6,crp_dataset_8_1_3.csv|crp_dataset_8_1_6.csv|crp_dataset_8_1_2.csv|crp_dataset_8_1_7.csv|crp_dataset_8_1_1.csv|crp_dataset_8_1_5.csv,crp_dataset_8_1_8.csv,0.6512628419622566,0.8039215686195693,0.5942028985464188,82,20,56,98,0.0283203125,0.005208333333333333,0.023111979166666668
6,crp_dataset_8_1_3.csv|crp_dataset_8_1_6.csv|crp_dataset_8_1_2.csv|crp_dataset_8_1_7.csv|crp_dataset_8_1_1.csv|crp_dataset_8_1_5.csv,crp_dataset_8_1_4.csv,0.6512628419622566,0.8688524590092717,0.8091603053373347,106,16,25,109,0.023046875,0.005225409836065573,0.01782146516393443
6,crp_dataset_8_1_3.csv|crp_dataset_8_1_4.csv|crp_dataset_8_1_2.csv|crp_dataset_8_1_7.csv|crp_dataset_8_1_1.csv|crp_dataset_8_1_5.csv,crp_dataset_8_1_8.csv,0.6006499374099447,0.8039215686195693,0.5942028985464188,82,20,56,98,0.0283203125,0.005208333333333333,0.023111979166666668
6,crp_dataset_8_1_3.csv|crp_dataset_8_1_4.csv|crp_dataset_8_1_2.csv|crp_dataset_8_1_7.csv|crp_dataset_8_1_1.csv|crp_dataset_8_1_5.csv,crp_dataset_8_1_6.csv,0.6006499374099447,0.8503937007807055,0.7714285714230613,108,19,32,97,0.026928710937500003,0.0063976377952755905,0.020531073142224413
6,crp_dataset_8_1_6.csv|crp_dataset_8_1_4.csv|crp_dataset_8_1_2.csv|crp_dataset_8_1_7.csv|crp_dataset_8_1_1.csv|crp_dataset_8_1_5.csv,crp_dataset_8_1_8.csv,0.601609938370103,0.8199999999918,0.5942028985464188,82,18,56,100,0.0283203125,0.0050625,0.0232578125
6,crp_dataset_8_1_6.csv|crp_dataset_8_1_4.csv|crp_dataset_8_1_2.csv|crp_dataset_8_1_7.csv|crp_dataset_8_1_1.csv|crp_dataset_8_1_5.csv,crp_dataset_8_1_3.csv,0.601609938370103,0.9708029197009431,0.7687861271631863,133,4,40,79,0.019604492187500003,0.0013686131386861315,0.018235879048813873
7,crp_dataset_8_1_8.csv|crp_dataset_8_1_3.csv|crp_dataset_8_1_6.csv|crp_dataset_8_1_4.csv|crp_dataset_8_1_2.csv|crp_dataset_8_1_7.csv|crp_dataset_8_1_1.csv,crp_dataset_8_1_5.csv,0.6322479116064481,0.9014084506915294,0.6399999999936,64,7,36,149,0.039282226562499994,0.0029929577464788736,0.03628926881602112
7,crp_dataset_8_1_8.csv|crp_dataset_8_1_3.csv|crp_dataset_8_1_6.csv|crp_dataset_8_1_4.csv|crp_dataset_8_1_2.csv|crp_dataset_8_1_7.csv|crp_dataset_8_1_5.csv,crp_dataset_8_1_1.csv,0.6017436731003154,0.9431818181711001,0.6587301587249307,83,5,43,125,0.0252685546875,0.0012073863636363636,0.024061168323863638
7,crp_dataset_8_1_8.csv|crp_dataset_8_1_3.csv|crp_dataset_8_1_6.csv|crp_dataset_8_1_4.csv|crp_dataset_8_1_2.csv|crp_dataset_8_1_1.csv|crp_dataset_8_1_5.csv,crp_dataset_8_1_7.csv,0.6090066379609453,0.9606986899521367,0.9999999999954546,220,9,0,27,0.0095703125,0.001146288209606987,0.008424024290393014
7,crp_dataset_8_1_8.csv|crp_dataset_8_1_3.csv|crp_dataset_8_1_6.csv|crp_dataset_8_1_4.csv|crp_dataset_8_1_7.csv|crp_dataset_8_1_1.csv|crp_dataset_8_1_5.csv,crp_dataset_8_1_2.csv,0.6174027438752351,0.946428571411671,0.4453781512567615,53,3,66,134,0.03945312499999999,0.0018973214285714288,0.03755580357142856
7,crp_dataset_8_1_8.csv|crp_dataset_8_1_3.csv|crp_dataset_8_1_6.csv|crp_dataset_8_1_2.csv|crp_dataset_8_1_7.csv|crp_dataset_8_1_1.csv|crp_dataset_8_1_5.csv,crp_dataset_8_1_4.csv,0.6256925612634926,0.8688524590092717,0.8091603053373347,106,16,25,109,0.023046875,0.004969262295081967,0.018077612704918034
7,crp_dataset_8_1_8.csv|crp_dataset_8_1_3.csv|crp_dataset_8_1_4.csv|crp_dataset_8_1_2.csv|crp_dataset_8_1_7.csv|crp_dataset_8_1_1.csv|crp_dataset_8_1_5.csv,crp_dataset_8_1_6.csv,0.619637351159292,0.8524590163864553,0.7428571428518368,104,18,36,98,0.026928710937500003,0.0062499999999999995,0.020678710937500004
7,crp_dataset_8_1_8.csv|crp_dataset_8_1_6.csv|crp_dataset_8_1_4.csv|crp_dataset_8_1_2.csv|crp_dataset_8_1_7.csv|crp_dataset_8_1_1.csv|crp_dataset_8_1_5.csv,crp_dataset_8_1_3.csv,0.6318718908674321,0.984251968496187,0.7225433525969795,125,2,48,81,0.019604492187500003,0.000984251968503937,0.018620240218996068
7,crp_dataset_8_1_3.csv|crp_dataset_8_1_6.csv|crp_dataset_8_1_4.csv|crp_dataset_8_1_2.csv|crp_dataset_8_1_7.csv|crp_dataset_8_1_1.csv|crp_dataset_8_1_5.csv,crp_dataset_8_1_8.csv,0.6036175802206247,0.8039215686195693,0.5942028985464188,82,20,56,98,0.0283203125,0.005208333333333333,0.023111979166666668
