model,k_train_datasets,train_pct,test_pct,train_set,test_dataset,best_threshold,precision,recall,TP,FP,FN,TN,old_ber,new_ber,ber_reduction
LogReg,1,0.1,1.0,crp_dataset_8_1_6.csv,crp_dataset_8_1_5.csv,0.06894860946868589,0.39062499999847416,0.99999999999,100,156,0,0,0.039282226562499994,0.039282226562499994,0.0
LogReg,1,0.1,1.0,crp_dataset_8_1_6.csv,crp_dataset_8_1_3.csv,0.06894860946868589,0.6757812499973602,0.9999999999942197,173,83,0,0,0.0196044921875,0.0196044921875,0.0
LogReg,1,0.1,1.0,crp_dataset_8_1_6.csv,crp_dataset_8_1_7.csv,0.06894860946868589,0.8593749999966431,0.9999999999954546,220,36,0,0,0.0095703125,0.0095703125,0.0
LogReg,1,0.1,1.0,crp_dataset_8_1_6.csv,crp_dataset_8_1_8.csv,0.06894860946868589,0.5390624999978944,0.9999999999927537,138,118,0,0,0.0283203125,0.0283203125,0.0
LogReg,1,0.1,1.0,crp_dataset_8_1_6.csv,crp_dataset_8_1_2.csv,0.06894860946868589,0.46484374999818423,0.9999999999915966,119,137,0,0,0.039453125,0.039453125,0.0
LogReg,1,0.1,1.0,crp_dataset_8_1_6.csv,crp_dataset_8_1_4.csv,0.06894860946868589,0.5117187499980012,0.9999999999923664,131,125,0,0,0.023046875,0.023046875,0.0
LogReg,1,0.1,1.0,crp_dataset_8_1_6.csv,crp_dataset_8_1_1.csv,0.06894860946868589,0.4921874999980774,0.9999999999920635,126,130,0,0,0.0252685546875,0.0252685546875,0.0
LogReg,1,0.1,1.0,crp_dataset_8_1_5.csv,crp_dataset_8_1_6.csv,0.7244265066500061,0.5468749999978638,0.9999999999928573,140,116,0,0,0.026928710937499996,0.026928710937499996,0.0
LogReg,1,0.1,1.0,crp_dataset_8_1_5.csv,crp_dataset_8_1_3.csv,0.7244265066500061,0.6757812499973602,0.9999999999942197,173,83,0,0,0.0196044921875,0.0196044921875,0.0
LogReg,1,0.1,1.0,crp_dataset_8_1_5.csv,crp_dataset_8_1_7.csv,0.7244265066500061,0.8593749999966431,0.9999999999954546,220,36,0,0,0.0095703125,0.0095703125,0.0
LogReg,1,0.1,1.0,crp_dataset_8_1_5.csv,crp_dataset_8_1_8.csv,0.7244265066500061,0.80701754385257,0.6666666666618358,92,22,46,96,0.0283203125,0.005153508771929825,0.023166803728070173
LogReg,1,0.1,1.0,crp_dataset_8_1_5.csv,crp_dataset_8_1_2.csv,0.7244265066500061,0.7837837837626005,0.24369747898954874,29,8,90,129,0.039453125,0.005574324324324325,0.033878800675675676
LogReg,1,0.1,1.0,crp_dataset_8_1_5.csv,crp_dataset_8_1_4.csv,0.7244265066500061,0.5117187499980012,0.9999999999923664,131,125,0,0,0.023046875,0.023046875,0.0
LogReg,1,0.1,1.0,crp_dataset_8_1_5.csv,crp_dataset_8_1_1.csv,0.7244265066500061,0.5431034482735211,0.9999999999920635,126,106,0,24,0.0252685546875,0.01993534482758621,0.005333209859913791
LogReg,1,0.1,1.0,crp_dataset_8_1_3.csv,crp_dataset_8_1_6.csv,0.8674358165990883,0.8260869565127599,0.5428571428532654,76,16,64,100,0.026928710937499996,0.009646739130434782,0.017281971807065213
LogReg,1,0.1,1.0,crp_dataset_8_1_3.csv,crp_dataset_8_1_5.csv,0.8674358165990883,0.0,0.0,0,0,100,156,0.039282226562499994,,
LogReg,1,0.1,1.0,crp_dataset_8_1_3.csv,crp_dataset_8_1_7.csv,0.8674358165990883,0.9846938775459965,0.8772727272687397,193,3,27,33,0.0095703125,0.0005102040816326531,0.009060108418367348
LogReg,1,0.1,1.0,crp_dataset_8_1_3.csv,crp_dataset_8_1_8.csv,0.8674358165990883,0.9999999995,0.014492753623083388,2,0,136,118,0.0283203125,0.0,0.0283203125
LogReg,1,0.1,1.0,crp_dataset_8_1_3.csv,crp_dataset_8_1_2.csv,0.8674358165990883,0.0,0.0,0,0,119,137,0.039453125,,
LogReg,1,0.1,1.0,crp_dataset_8_1_3.csv,crp_dataset_8_1_4.csv,0.8674358165990883,0.987654320975461,0.6106870228961017,80,1,51,124,0.023046875,0.00023148148148148152,0.02281539351851852
LogReg,1,0.1,1.0,crp_dataset_8_1_3.csv,crp_dataset_8_1_1.csv,0.8674358165990883,0.9565217391096409,0.34920634920357774,44,2,82,128,0.0252685546875,0.0010869565217391304,0.02418159816576087
LogReg,1,0.1,1.0,crp_dataset_8_1_7.csv,crp_dataset_8_1_6.csv,0.1607354651494802,0.8941176470483044,0.5428571428532654,76,9,64,107,0.026928710937499996,0.0045588235294117645,0.02236988740808823
LogReg,1,0.1,1.0,crp_dataset_8_1_7.csv,crp_dataset_8_1_5.csv,0.1607354651494802,0.3640167364001506,0.8699999999913,87,152,13,4,0.039282226562499994,0.0415010460251046,-0.0022188194626046043
LogReg,1,0.1,1.0,crp_dataset_8_1_7.csv,crp_dataset_8_1_3.csv,0.1607354651494802,0.8818897637725835,0.6473988439268937,112,15,61,68,0.0196044921875,0.005511811023622047,0.014092681163877952
LogReg,1,0.1,1.0,crp_dataset_8_1_7.csv,crp_dataset_8_1_8.csv,0.1607354651494802,0.5939086294386097,0.8478260869503781,117,80,21,38,0.0283203125,0.028648477157360408,-0.000328164657360408
LogReg,1,0.1,1.0,crp_dataset_8_1_7.csv,crp_dataset_8_1_2.csv,0.1607354651494802,0.5359477124147978,0.6890756302463102,82,71,37,66,0.039453125,0.036029411764705886,0.0034237132352941124
LogReg,1,0.1,1.0,crp_dataset_8_1_7.csv,crp_dataset_8_1_4.csv,0.1607354651494802,0.7142857142810761,0.8396946564821398,110,44,21,81,0.023046875,0.012987012987012988,0.010059862012987014
LogReg,1,0.1,1.0,crp_dataset_8_1_7.csv,crp_dataset_8_1_1.csv,0.1607354651494802,0.7835051546310978,0.6031746031698161,76,21,50,109,0.0252685546875,0.008956185567010309,0.01631236912048969
LogReg,1,0.1,1.0,crp_dataset_8_1_8.csv,crp_dataset_8_1_6.csv,0.6403766044859937,0.5468749999978638,0.9999999999928573,140,116,0,0,0.026928710937499996,0.026928710937499996,0.0
LogReg,1,0.1,1.0,crp_dataset_8_1_8.csv,crp_dataset_8_1_5.csv,0.6403766044859937,0.9999999996666666,0.0299999999997,3,0,97,156,0.039282226562499994,0.006250000000000001,0.033032226562499996
LogReg,1,0.1,1.0,crp_dataset_8_1_8.csv,crp_dataset_8_1_3.csv,0.6403766044859937,0.6757812499973602,0.9999999999942197,173,83,0,0,0.0196044921875,0.0196044921875,0.0
LogReg,1,0.1,1.0,crp_dataset_8_1_8.csv,crp_dataset_8_1_7.csv,0.6403766044859937,0.8593749999966431,0.9999999999954546,220,36,0,0,0.0095703125,0.0095703125,0.0
LogReg,1,0.1,1.0,crp_dataset_8_1_8.csv,crp_dataset_8_1_2.csv,0.6403766044859937,0.5999999999850001,0.20168067226721276,24,16,95,121,0.039453125,0.0134375,0.026015625
LogReg,1,0.1,1.0,crp_dataset_8_1_8.csv,crp_dataset_8_1_4.csv,0.6403766044859937,0.5117187499980012,0.9999999999923664,131,125,0,0,0.023046875,0.023046875,0.0
LogReg,1,0.1,1.0,crp_dataset_8_1_8.csv,crp_dataset_8_1_1.csv,0.6403766044859937,0.47999999999808,0.9523809523733938,120,130,6,0,0.0252685546875,0.025875,-0.0006064453124999987
LogReg,1,0.1,1.0,crp_dataset_8_1_2.csv,crp_dataset_8_1_6.csv,0.8236833979690825,0.7295597484230846,0.8285714285655102,116,43,24,73,0.026928710937499996,0.013915094339622644,0.013013616597877352
LogReg,1,0.1,1.0,crp_dataset_8_1_2.csv,crp_dataset_8_1_5.csv,0.8236833979690825,0.8021978021889868,0.7299999999926999,73,18,27,138,0.039282226562499994,0.006593406593406594,0.0326888199690934
LogReg,1,0.1,1.0,crp_dataset_8_1_2.csv,crp_dataset_8_1_3.csv,0.8236833979690825,0.8070175438549297,0.7976878612670655,138,33,35,50,0.0196044921875,0.010307017543859648,0.009297474643640351
LogReg,1,0.1,1.0,crp_dataset_8_1_2.csv,crp_dataset_8_1_7.csv,0.8236833979690825,0.9210526315749077,0.9545454545411157,210,18,10,18,0.0095703125,0.004166666666666667,0.005403645833333334
LogReg,1,0.1,1.0,crp_dataset_8_1_2.csv,crp_dataset_8_1_8.csv,0.8236833979690825,0.7259259259205487,0.7101449275310859,98,37,40,81,0.0283203125,0.010925925925925926,0.017394386574074074
LogReg,1,0.1,1.0,crp_dataset_8_1_2.csv,crp_dataset_8_1_4.csv,0.8236833979690825,0.7012195121908462,0.8778625954131462,115,49,16,76,0.023046875,0.013147865853658536,0.009899009146341465
LogReg,1,0.1,1.0,crp_dataset_8_1_2.csv,crp_dataset_8_1_1.csv,0.8236833979690825,0.7192982456077255,0.6507936507884857,82,32,44,98,0.0252685546875,0.011239035087719298,0.014029519599780702
LogReg,1,0.1,1.0,crp_dataset_8_1_4.csv,crp_dataset_8_1_6.csv,0.6581236991183064,0.999999999875,0.05714285714244898,8,0,132,116,0.026928710937499996,0.0,0.026928710937499996
LogReg,1,0.1,1.0,crp_dataset_8_1_4.csv,crp_dataset_8_1_5.csv,0.6581236991183064,0.3999999999982222,0.899999999991,90,135,10,21,0.039282226562499994,0.04022222222222223,-0.0009399956597222342
LogReg,1,0.1,1.0,crp_dataset_8_1_4.csv,crp_dataset_8_1_3.csv,0.6581236991183064,0.9999999999824563,0.3294797687842227,57,0,116,83,0.0196044921875,0.0,0.0196044921875
LogReg,1,0.1,1.0,crp_dataset_8_1_4.csv,crp_dataset_8_1_7.csv,0.6581236991183064,0.9999999999565218,0.10454545454497935,23,0,197,36,0.0095703125,0.0,0.0095703125
LogReg,1,0.1,1.0,crp_dataset_8_1_4.csv,crp_dataset_8_1_8.csv,0.6581236991183064,0.7410714285648118,0.6014492753579606,83,29,55,89,0.0283203125,0.010323660714285716,0.017996651785714284
LogReg,1,0.1,1.0,crp_dataset_8_1_4.csv,crp_dataset_8_1_2.csv,0.6581236991183064,0.5751633986890513,0.7394957983131134,88,65,31,72,0.039453125,0.026715686274509806,0.012737438725490192
LogReg,1,0.1,1.0,crp_dataset_8_1_4.csv,crp_dataset_8_1_1.csv,0.6581236991183064,0.9523809523658353,0.4761904761866969,60,3,66,127,0.0252685546875,0.0009920634920634922,0.024276491195436508
LogReg,1,0.1,1.0,crp_dataset_8_1_1.csv,crp_dataset_8_1_6.csv,0.8559605441465454,0.6666666666631945,0.9142857142791837,128,64,12,52,0.026928710937499996,0.01705729166666667,0.009871419270833327
LogReg,1,0.1,1.0,crp_dataset_8_1_1.csv,crp_dataset_8_1_5.csv,0.8559605441465454,0.99999999975,0.0399999999996,4,0,96,156,0.039282226562499994,0.0,0.039282226562499994
LogReg,1,0.1,1.0,crp_dataset_8_1_1.csv,crp_dataset_8_1_3.csv,0.8559605441465454,0.8866666666607557,0.7687861271631863,133,17,40,66,0.0196044921875,0.006541666666666666,0.013062825520833333
LogReg,1,0.1,1.0,crp_dataset_8_1_1.csv,crp_dataset_8_1_7.csv,0.8559605441465454,0.9322033898265585,0.9999999999954546,220,16,0,20,0.0095703125,0.0024629237288135595,0.007107388771186441
LogReg,1,0.1,1.0,crp_dataset_8_1_1.csv,crp_dataset_8_1_8.csv,0.8559605441465454,0.699999999965,0.10144927536158371,14,6,124,112,0.0283203125,0.0059375,0.0223828125
LogReg,1,0.1,1.0,crp_dataset_8_1_1.csv,crp_dataset_8_1_2.csv,0.8559605441465454,0.0,0.0,0,0,119,137,0.039453125,,
LogReg,1,0.1,1.0,crp_dataset_8_1_1.csv,crp_dataset_8_1_4.csv,0.8559605441465454,0.839622641501513,0.6793893129719131,89,17,42,108,0.023046875,0.007429245283018868,0.015617629716981133
LogReg,2,0.1,1.0,crp_dataset_8_1_6.csv|crp_dataset_8_1_5.csv,crp_dataset_8_1_3.csv,0.7278458060835468,0.9999999999833334,0.3468208092465502,60,0,113,83,0.0196044921875,0.0,0.0196044921875
LogReg,2,0.1,1.0,crp_dataset_8_1_6.csv|crp_dataset_8_1_5.csv,crp_dataset_8_1_7.csv,0.7278458060835468,0.9999999999833334,0.2727272727260331,60,0,160,36,0.0095703125,0.0,0.0095703125
LogReg,2,0.1,1.0,crp_dataset_8_1_6.csv|crp_dataset_8_1_5.csv,crp_dataset_8_1_8.csv,0.7278458060835468,0.874999999890625,0.050724637680791856,7,1,131,117,0.0283203125,0.003125,0.0251953125
LogReg,2,0.1,1.0,crp_dataset_8_1_6.csv|crp_dataset_8_1_5.csv,crp_dataset_8_1_2.csv,0.7278458060835468,0.0,0.0,0,0,119,137,0.039453125,,
LogReg,2,0.1,1.0,crp_dataset_8_1_6.csv|crp_dataset_8_1_5.csv,crp_dataset_8_1_4.csv,0.7278458060835468,0.9444444444269547,0.38931297709626483,51,3,80,122,0.023046875,0.0016203703703703705,0.021426504629629632
LogReg,2,0.1,1.0,crp_dataset_8_1_6.csv|crp_dataset_8_1_5.csv,crp_dataset_8_1_1.csv,0.7278458060835468,0.931034482726516,0.2142857142840136,27,2,99,128,0.0252685546875,0.0015086206896551724,0.023759933997844828
LogReg,2,0.1,1.0,crp_dataset_8_1_6.csv|crp_dataset_8_1_3.csv,crp_dataset_8_1_5.csv,0.8313578069759815,0.9803921568435218,0.499999999995,50,1,50,155,0.039282226562499994,0.0011029411764705884,0.0381792853860294
LogReg,2,0.1,1.0,crp_dataset_8_1_6.csv|crp_dataset_8_1_3.csv,crp_dataset_8_1_7.csv,0.8313578069759815,0.9999999999945055,0.827272727268967,182,0,38,36,0.0095703125,3.434065934065934e-05,0.009535971840659341
LogReg,2,0.1,1.0,crp_dataset_8_1_6.csv|crp_dataset_8_1_3.csv,crp_dataset_8_1_8.csv,0.8313578069759815,0.9499999999525,0.13768115941929218,19,1,119,117,0.0283203125,0.0034375000000000005,0.0248828125
LogReg,2,0.1,1.0,crp_dataset_8_1_6.csv|crp_dataset_8_1_3.csv,crp_dataset_8_1_2.csv,0.8313578069759815,0.9999999999583333,0.20168067226721276,24,0,95,137,0.039453125,0.0005208333333333333,0.03893229166666667
LogReg,2,0.1,1.0,crp_dataset_8_1_6.csv|crp_dataset_8_1_3.csv,crp_dataset_8_1_4.csv,0.8313578069759815,0.9611650485343576,0.7557251908339259,99,4,32,121,0.023046875,0.0010315533980582523,0.02201532160194175
LogReg,2,0.1,1.0,crp_dataset_8_1_6.csv|crp_dataset_8_1_3.csv,crp_dataset_8_1_1.csv,0.8313578069759815,0.9322033898147085,0.43650793650447217,55,4,71,126,0.0252685546875,0.001483050847457627,0.023785503840042372
LogReg,2,0.1,1.0,crp_dataset_8_1_6.csv|crp_dataset_8_1_7.csv,crp_dataset_8_1_5.csv,0.8559515904626347,0.8260869565097668,0.5699999999943,57,12,43,144,0.039282226562499994,0.0050724637681159425,0.03420976279438405
LogReg,2,0.1,1.0,crp_dataset_8_1_6.csv|crp_dataset_8_1_7.csv,crp_dataset_8_1_3.csv,0.8559515904626347,0.9572649572567755,0.6473988439268937,112,5,61,78,0.0196044921875,0.001388888888888889,0.018215603298611112
LogReg,2,0.1,1.0,crp_dataset_8_1_6.csv|crp_dataset_8_1_7.csv,crp_dataset_8_1_8.csv,0.8559515904626347,0.8999999999820001,0.3260869565193762,45,5,93,113,0.0283203125,0.00425,0.0240703125
LogReg,2,0.1,1.0,crp_dataset_8_1_6.csv|crp_dataset_8_1_7.csv,crp_dataset_8_1_2.csv,0.8559515904626347,0.9499999999841667,0.4789915966346303,57,3,62,134,0.039453125,0.0018750000000000004,0.037578125
LogReg,2,0.1,1.0,crp_dataset_8_1_6.csv|crp_dataset_8_1_7.csv,crp_dataset_8_1_4.csv,0.8559515904626347,0.9310344827505945,0.8244274809097373,108,8,23,117,0.023046875,0.0019935344827586208,0.021053340517241382
LogReg,2,0.1,1.0,crp_dataset_8_1_6.csv|crp_dataset_8_1_7.csv,crp_dataset_8_1_1.csv,0.8559515904626347,0.8955223880463354,0.4761904761866969,60,7,66,123,0.0252685546875,0.0032649253731343282,0.022003629314365673
LogReg,2,0.1,1.0,crp_dataset_8_1_6.csv|crp_dataset_8_1_8.csv,crp_dataset_8_1_5.csv,0.8727630796247995,0.9999999999666667,0.299999999997,30,0,70,156,0.039282226562499994,0.00125,0.03803222656249999
LogReg,2,0.1,1.0,crp_dataset_8_1_6.csv|crp_dataset_8_1_8.csv,crp_dataset_8_1_3.csv,0.8727630796247995,0.9687499999848632,0.3583815028881019,62,2,111,81,0.0196044921875,0.0018554687500000001,0.0177490234375
LogReg,2,0.1,1.0,crp_dataset_8_1_6.csv|crp_dataset_8_1_8.csv,crp_dataset_8_1_7.csv,0.8727630796247995,0.9999999999814816,0.24545454545342976,54,0,166,36,0.0095703125,0.0,0.0095703125
LogReg,2,0.1,1.0,crp_dataset_8_1_6.csv|crp_dataset_8_1_8.csv,crp_dataset_8_1_2.csv,0.8727630796247995,0.9999999999285715,0.11764705882254078,14,0,105,137,0.039453125,0.0008928571428571429,0.03856026785714286
LogReg,2,0.1,1.0,crp_dataset_8_1_6.csv|crp_dataset_8_1_8.csv,crp_dataset_8_1_4.csv,0.8727630796247995,0.8999999999820001,0.34351145037905717,45,5,86,120,0.023046875,0.0033750000000000004,0.019671875000000002
LogReg,2,0.1,1.0,crp_dataset_8_1_6.csv|crp_dataset_8_1_8.csv,crp_dataset_8_1_1.csv,0.8727630796247995,0.8749999999726563,0.22222222222045854,28,4,98,126,0.0252685546875,0.002734375,0.0225341796875
LogReg,2,0.1,1.0,crp_dataset_8_1_6.csv|crp_dataset_8_1_2.csv,crp_dataset_8_1_5.csv,0.7416825557569022,0.9677419354682623,0.599999999994,60,2,40,154,0.039282226562499994,0.001209677419354839,0.03807254914314515
LogReg,2,0.1,1.0,crp_dataset_8_1_6.csv|crp_dataset_8_1_2.csv,crp_dataset_8_1_3.csv,0.7416825557569022,0.9411764705803263,0.6473988439268937,112,7,61,76,0.0196044921875,0.0017857142857142859,0.017818777901785713
LogReg,2,0.1,1.0,crp_dataset_8_1_6.csv|crp_dataset_8_1_2.csv,crp_dataset_8_1_7.csv,0.7416825557569022,0.9761904761858277,0.9318181818139464,205,5,15,31,0.0095703125,0.0008333333333333333,0.008736979166666667
LogReg,2,0.1,1.0,crp_dataset_8_1_6.csv|crp_dataset_8_1_2.csv,crp_dataset_8_1_8.csv,0.7416825557569022,0.8571428571253645,0.30434782608475114,42,7,96,111,0.0283203125,0.004974489795918367,0.023345822704081632
LogReg,2,0.1,1.0,crp_dataset_8_1_6.csv|crp_dataset_8_1_2.csv,crp_dataset_8_1_4.csv,0.7416825557569022,0.9017857142776626,0.7709923664063284,101,11,30,114,0.023046875,0.003180803571428571,0.01986607142857143
LogReg,2,0.1,1.0,crp_dataset_8_1_6.csv|crp_dataset_8_1_2.csv,crp_dataset_8_1_1.csv,0.7416825557569022,0.8823529411634947,0.4761904761866969,60,8,66,122,0.0252685546875,0.0034926470588235296,0.02177590762867647
LogReg,2,0.1,1.0,crp_dataset_8_1_6.csv|crp_dataset_8_1_4.csv,crp_dataset_8_1_5.csv,0.8255505717015665,0.0,0.0,0,0,100,156,0.039282226562499994,,
LogReg,2,0.1,1.0,crp_dataset_8_1_6.csv|crp_dataset_8_1_4.csv,crp_dataset_8_1_3.csv,0.8255505717015665,0.9999999999888889,0.5202312138698253,90,0,83,83,0.0196044921875,0.0,0.0196044921875
LogReg,2,0.1,1.0,crp_dataset_8_1_6.csv|crp_dataset_8_1_4.csv,crp_dataset_8_1_7.csv,0.8255505717015665,0.99999999999,0.45454545454338846,100,0,120,36,0.0095703125,0.0,0.0095703125
LogReg,2,0.1,1.0,crp_dataset_8_1_6.csv|crp_dataset_8_1_4.csv,crp_dataset_8_1_8.csv,0.8255505717015665,0.99999999975,0.028985507246166775,4,0,134,118,0.0283203125,0.0,0.0283203125
LogReg,2,0.1,1.0,crp_dataset_8_1_6.csv|crp_dataset_8_1_4.csv,crp_dataset_8_1_2.csv,0.8255505717015665,0.0,0.0,0,0,119,137,0.039453125,,
LogReg,2,0.1,1.0,crp_dataset_8_1_6.csv|crp_dataset_8_1_4.csv,crp_dataset_8_1_1.csv,0.8255505717015665,0.94594594592038,0.27777777777557316,35,2,91,128,0.0252685546875,0.0011824324324324323,0.02408612225506757
LogReg,2,0.1,1.0,crp_dataset_8_1_6.csv|crp_dataset_8_1_1.csv,crp_dataset_8_1_5.csv,0.8073604576227046,0.8082191780711202,0.5899999999941,59,14,41,142,0.039282226562499994,0.006335616438356164,0.03294661012414383
LogReg,2,0.1,1.0,crp_dataset_8_1_6.csv|crp_dataset_8_1_1.csv,crp_dataset_8_1_3.csv,0.8073604576227046,0.9304347826006049,0.6184971098230145,107,8,66,75,0.0196044921875,0.002717391304347826,0.01688710088315217
LogReg,2,0.1,1.0,crp_dataset_8_1_6.csv|crp_dataset_8_1_1.csv,crp_dataset_8_1_7.csv,0.8073604576227046,0.97368421051991,0.672727272724215,148,4,72,32,0.0095703125,0.0008634868421052632,0.008706825657894737
LogReg,2,0.1,1.0,crp_dataset_8_1_6.csv|crp_dataset_8_1_1.csv,crp_dataset_8_1_8.csv,0.8073604576227046,0.7826086956351608,0.260869565215501,36,10,102,108,0.0283203125,0.006793478260869564,0.021526834239130436
LogReg,2,0.1,1.0,crp_dataset_8_1_6.csv|crp_dataset_8_1_1.csv,crp_dataset_8_1_2.csv,0.8073604576227046,0.916666666651389,0.4621848739456959,55,5,64,132,0.039453125,0.0022916666666666667,0.037161458333333335
LogReg,2,0.1,1.0,crp_dataset_8_1_6.csv|crp_dataset_8_1_1.csv,crp_dataset_8_1_4.csv,0.8073604576227046,0.8971962616738579,0.7328244274753221,96,11,35,114,0.023046875,0.0035630841121495334,0.019483790887850468
LogReg,2,0.1,1.0,crp_dataset_8_1_5.csv|crp_dataset_8_1_3.csv,crp_dataset_8_1_6.csv,0.7455123636972782,0.8275862068894173,0.6857142857093879,96,20,44,96,0.026928710937499996,0.007273706896551724,0.019655004040948273
LogReg,2,0.1,1.0,crp_dataset_8_1_5.csv|crp_dataset_8_1_3.csv,crp_dataset_8_1_7.csv,0.7455123636972782,0.9999999999939394,0.749999999996591,165,0,55,36,0.0095703125,3.787878787878788e-05,0.009532433712121213
LogReg,2,0.1,1.0,crp_dataset_8_1_5.csv|crp_dataset_8_1_3.csv,crp_dataset_8_1_8.csv,0.7455123636972782,0.7391304347504726,0.1231884057962088,17,6,121,112,0.0283203125,0.006521739130434784,0.021798573369565217
LogReg,2,0.1,1.0,crp_dataset_8_1_5.csv|crp_dataset_8_1_3.csv,crp_dataset_8_1_2.csv,0.7455123636972782,0.9999999989999999,0.008403361344467198,1,0,118,137,0.039453125,0.0,0.039453125
LogReg,2,0.1,1.0,crp_dataset_8_1_5.csv|crp_dataset_8_1_3.csv,crp_dataset_8_1_4.csv,0.7455123636972782,0.9605263157768351,0.5572519083926928,73,3,58,122,0.023046875,0.0011513157894736843,0.021895559210526317
LogReg,2,0.1,1.0,crp_dataset_8_1_5.csv|crp_dataset_8_1_3.csv,crp_dataset_8_1_1.csv,0.7455123636972782,0.9545454545237604,0.3333333333306878,42,2,84,128,0.0252685546875,0.0009943181818181817,0.024274236505681817
LogReg,2,0.1,1.0,crp_dataset_8_1_5.csv|crp_dataset_8_1_7.csv,crp_dataset_8_1_6.csv,0.7840686295401242,0.8333333333260233,0.6785714285665817,95,19,45,97,0.026928710937499996,0.0081140350877193,0.018814675849780697
LogReg,2,0.1,1.0,crp_dataset_8_1_5.csv|crp_dataset_8_1_7.csv,crp_dataset_8_1_3.csv,0.7840686295401242,0.9826086956436294,0.6531791907476695,113,2,60,81,0.0196044921875,0.0002173913043478261,0.019387100883152174
LogReg,2,0.1,1.0,crp_dataset_8_1_5.csv|crp_dataset_8_1_7.csv,crp_dataset_8_1_8.csv,0.7840686295401242,0.9090909090495868,0.14492753623083388,20,2,118,116,0.0283203125,0.003693181818181819,0.024627130681818182
LogReg,2,0.1,1.0,crp_dataset_8_1_5.csv|crp_dataset_8_1_7.csv,crp_dataset_8_1_2.csv,0.7840686295401242,0.99999999975,0.03361344537786879,4,0,115,137,0.039453125,0.0015625,0.037890625
LogReg,2,0.1,1.0,crp_dataset_8_1_5.csv|crp_dataset_8_1_7.csv,crp_dataset_8_1_4.csv,0.7840686295401242,0.9777777777669135,0.6717557251857118,88,2,43,123,0.023046875,0.0006944444444444445,0.022352430555555556
LogReg,2,0.1,1.0,crp_dataset_8_1_5.csv|crp_dataset_8_1_7.csv,crp_dataset_8_1_1.csv,0.7840686295401242,0.9574468084902672,0.35714285714002264,45,2,81,128,0.0252685546875,0.0009308510638297872,0.02433770362367021
LogReg,2,0.1,1.0,crp_dataset_8_1_5.csv|crp_dataset_8_1_8.csv,crp_dataset_8_1_6.csv,0.789005794535038,0.5468749999978638,0.9999999999928573,140,116,0,0,0.026928710937499996,0.026928710937499996,0.0
LogReg,2,0.1,1.0,crp_dataset_8_1_5.csv|crp_dataset_8_1_8.csv,crp_dataset_8_1_3.csv,0.789005794535038,0.6757812499973602,0.9999999999942197,173,83,0,0,0.0196044921875,0.0196044921875,0.0
LogReg,2,0.1,1.0,crp_dataset_8_1_5.csv|crp_dataset_8_1_8.csv,crp_dataset_8_1_7.csv,0.789005794535038,0.8593749999966431,0.9999999999954546,220,36,0,0,0.0095703125,0.0095703125,0.0
LogReg,2,0.1,1.0,crp_dataset_8_1_5.csv|crp_dataset_8_1_8.csv,crp_dataset_8_1_2.csv,0.789005794535038,0.9090909090495868,0.16806722688934397,20,2,99,135,0.039453125,0.002840909090909091,0.03661221590909091
LogReg,2,0.1,1.0,crp_dataset_8_1_5.csv|crp_dataset_8_1_8.csv,crp_dataset_8_1_4.csv,0.789005794535038,0.5224489795897043,0.9770992366337626,128,117,3,8,0.023046875,0.021658163265306125,0.001388711734693876
LogReg,2,0.1,1.0,crp_dataset_8_1_5.csv|crp_dataset_8_1_8.csv,crp_dataset_8_1_1.csv,0.789005794535038,0.7448275862017598,0.8571428571360544,108,37,18,93,0.0252685546875,0.00935344827586207,0.01591510641163793
LogReg,2,0.1,1.0,crp_dataset_8_1_5.csv|crp_dataset_8_1_2.csv,crp_dataset_8_1_6.csv,0.02604606395873181,0.5468749999978638,0.9999999999928573,140,116,0,0,0.026928710937499996,0.026928710937499996,0.0
LogReg,2,0.1,1.0,crp_dataset_8_1_5.csv|crp_dataset_8_1_2.csv,crp_dataset_8_1_3.csv,0.02604606395873181,0.6757812499973602,0.9999999999942197,173,83,0,0,0.0196044921875,0.0196044921875,0.0
LogReg,2,0.1,1.0,crp_dataset_8_1_5.csv|crp_dataset_8_1_2.csv,crp_dataset_8_1_7.csv,0.02604606395873181,0.8593749999966431,0.9999999999954546,220,36,0,0,0.0095703125,0.0095703125,0.0
LogReg,2,0.1,1.0,crp_dataset_8_1_5.csv|crp_dataset_8_1_2.csv,crp_dataset_8_1_8.csv,0.02604606395873181,0.5390624999978944,0.9999999999927537,138,118,0,0,0.0283203125,0.0283203125,0.0
LogReg,2,0.1,1.0,crp_dataset_8_1_5.csv|crp_dataset_8_1_2.csv,crp_dataset_8_1_4.csv,0.02604606395873181,0.5117187499980012,0.9999999999923664,131,125,0,0,0.023046875,0.023046875,0.0
LogReg,2,0.1,1.0,crp_dataset_8_1_5.csv|crp_dataset_8_1_2.csv,crp_dataset_8_1_1.csv,0.02604606395873181,0.4921874999980774,0.9999999999920635,126,130,0,0,0.0252685546875,0.0252685546875,0.0
LogReg,2,0.1,1.0,crp_dataset_8_1_5.csv|crp_dataset_8_1_4.csv,crp_dataset_8_1_6.csv,0.6650039219849595,0.8076923076860948,0.749999999994643,105,25,35,91,0.026928710937499996,0.009182692307692308,0.017746018629807687
LogReg,2,0.1,1.0,crp_dataset_8_1_5.csv|crp_dataset_8_1_4.csv,crp_dataset_8_1_3.csv,0.6650039219849595,0.9999999999908257,0.6300578034645662,109,0,64,83,0.0196044921875,0.0,0.0196044921875
LogReg,2,0.1,1.0,crp_dataset_8_1_5.csv|crp_dataset_8_1_4.csv,crp_dataset_8_1_7.csv,0.6650039219849595,0.9861751152028287,0.9727272727228513,214,3,6,33,0.0095703125,0.000576036866359447,0.008994275633640554
LogReg,2,0.1,1.0,crp_dataset_8_1_5.csv|crp_dataset_8_1_4.csv,crp_dataset_8_1_8.csv,0.6650039219849595,0.7999999999733334,0.17391304347700065,24,6,114,112,0.0283203125,0.0056250000000000015,0.0226953125
LogReg,2,0.1,1.0,crp_dataset_8_1_5.csv|crp_dataset_8_1_4.csv,crp_dataset_8_1_2.csv,0.6650039219849595,0.9999999998333333,0.05042016806680319,6,0,113,137,0.039453125,0.0020833333333333333,0.037369791666666666
LogReg,2,0.1,1.0,crp_dataset_8_1_5.csv|crp_dataset_8_1_4.csv,crp_dataset_8_1_1.csv,0.6650039219849595,0.9523809523582767,0.3174603174577979,40,2,86,128,0.0252685546875,0.0010416666666666667,0.024226888020833334
LogReg,2,0.1,1.0,crp_dataset_8_1_5.csv|crp_dataset_8_1_1.csv,crp_dataset_8_1_6.csv,0.7164892196586939,0.7769784172605974,0.7714285714230613,108,31,32,85,0.026928710937499996,0.010656474820143884,0.016272236117356113
LogReg,2,0.1,1.0,crp_dataset_8_1_5.csv|crp_dataset_8_1_1.csv,crp_dataset_8_1_3.csv,0.7164892196586939,0.9913793103362811,0.6647398843892212,115,1,58,82,0.0196044921875,0.00021551724137931037,0.01938897494612069
LogReg,2,0.1,1.0,crp_dataset_8_1_5.csv|crp_dataset_8_1_1.csv,crp_dataset_8_1_7.csv,0.7164892196586939,0.9885714285657796,0.786363636360062,173,2,47,34,0.0095703125,0.0003928571428571429,0.009177455357142858
LogReg,2,0.1,1.0,crp_dataset_8_1_5.csv|crp_dataset_8_1_1.csv,crp_dataset_8_1_8.csv,0.7164892196586939,0.7878787878549128,0.18840579710008404,26,7,112,111,0.0283203125,0.005681818181818182,0.022638494318181816
LogReg,2,0.1,1.0,crp_dataset_8_1_5.csv|crp_dataset_8_1_1.csv,crp_dataset_8_1_2.csv,0.7164892196586939,0.9999999989999999,0.008403361344467198,1,0,118,137,0.039453125,0.0,0.039453125
LogReg,2,0.1,1.0,crp_dataset_8_1_5.csv|crp_dataset_8_1_1.csv,crp_dataset_8_1_4.csv,0.7164892196586939,0.9534883720819362,0.6259541984685042,82,4,49,121,0.023046875,0.00188953488372093,0.02115734011627907
LogReg,2,0.1,1.0,crp_dataset_8_1_3.csv|crp_dataset_8_1_7.csv,crp_dataset_8_1_6.csv,0.7729224838003796,0.7999999999930435,0.6571428571381633,92,23,48,93,0.026928710937499996,0.009999999999999998,0.016928710937499997
LogReg,2,0.1,1.0,crp_dataset_8_1_3.csv|crp_dataset_8_1_7.csv,crp_dataset_8_1_5.csv,0.7729224838003796,0.9807692307503699,0.5099999999949,51,1,49,155,0.039282226562499994,0.0009615384615384616,0.038320688100961536
LogReg,2,0.1,1.0,crp_dataset_8_1_3.csv|crp_dataset_8_1_7.csv,crp_dataset_8_1_8.csv,0.7729224838003796,0.874999999984375,0.35507246376554297,49,7,89,111,0.0283203125,0.0045758928571428565,0.023744419642857145
LogReg,2,0.1,1.0,crp_dataset_8_1_3.csv|crp_dataset_8_1_7.csv,crp_dataset_8_1_2.csv,0.7729224838003796,0.9999999999696971,0.27731092436741756,33,0,86,137,0.039453125,0.0007575757575757576,0.03869554924242424
LogReg,2,0.1,1.0,crp_dataset_8_1_3.csv|crp_dataset_8_1_7.csv,crp_dataset_8_1_4.csv,0.7729224838003796,0.8956521739052552,0.7862595419787309,103,12,28,113,0.023046875,0.0035869565217391303,0.01945991847826087
LogReg,2,0.1,1.0,crp_dataset_8_1_3.csv|crp_dataset_8_1_7.csv,crp_dataset_8_1_1.csv,0.7729224838003796,0.8333333333217592,0.4761904761866969,60,12,66,118,0.0252685546875,0.005555555555555556,0.019712999131944443
LogReg,2,0.1,1.0,crp_dataset_8_1_3.csv|crp_dataset_8_1_8.csv,crp_dataset_8_1_6.csv,0.6688596980204152,0.8440366972399629,0.6571428571381633,92,17,48,99,0.026928710937499996,0.006479357798165138,0.02044935313933486
LogReg,2,0.1,1.0,crp_dataset_8_1_3.csv|crp_dataset_8_1_8.csv,crp_dataset_8_1_5.csv,0.6688596980204152,0.8461538461408283,0.5499999999945,55,10,45,146,0.039282226562499994,0.0049038461538461545,0.03437838040865384
LogReg,2,0.1,1.0,crp_dataset_8_1_3.csv|crp_dataset_8_1_8.csv,crp_dataset_8_1_7.csv,0.6688596980204152,0.9999999999948187,0.8772727272687397,193,0,27,36,0.0095703125,9.715025906735752e-05,0.009473162240932644
LogReg,2,0.1,1.0,crp_dataset_8_1_3.csv|crp_dataset_8_1_8.csv,crp_dataset_8_1_2.csv,0.6688596980204152,0.9512195121719216,0.3277310924342207,39,2,80,135,0.039453125,0.0019817073170731708,0.037471417682926826
LogReg,2,0.1,1.0,crp_dataset_8_1_3.csv|crp_dataset_8_1_8.csv,crp_dataset_8_1_4.csv,0.6688596980204152,0.882882882874929,0.7480916030477246,98,13,33,112,0.023046875,0.004617117117117117,0.018429757882882883
LogReg,2,0.1,1.0,crp_dataset_8_1_3.csv|crp_dataset_8_1_8.csv,crp_dataset_8_1_1.csv,0.6688596980204152,0.8837209302222823,0.6031746031698161,76,10,50,120,0.0252685546875,0.0038517441860465122,0.021416810501453488
LogReg,2,0.1,1.0,crp_dataset_8_1_3.csv|crp_dataset_8_1_2.csv,crp_dataset_8_1_6.csv,0.6922404248912677,0.7714285714230613,0.7714285714230613,108,32,32,84,0.026928710937499996,0.012321428571428572,0.014607282366071424
LogReg,2,0.1,1.0,crp_dataset_8_1_3.csv|crp_dataset_8_1_2.csv,crp_dataset_8_1_5.csv,0.6922404248912677,0.9508196721155604,0.5799999999941999,58,3,42,153,0.039282226562499994,0.0017418032786885248,0.03754042328381147
LogReg,2,0.1,1.0,crp_dataset_8_1_3.csv|crp_dataset_8_1_2.csv,crp_dataset_8_1_7.csv,0.6922404248912677,0.9523809523768295,0.9999999999954546,220,11,0,25,0.0095703125,0.0016774891774891773,0.007892823322510824
LogReg,2,0.1,1.0,crp_dataset_8_1_3.csv|crp_dataset_8_1_2.csv,crp_dataset_8_1_8.csv,0.6922404248912677,0.8412698412564878,0.38405797101170974,53,10,85,108,0.0283203125,0.005059523809523808,0.02326078869047619
LogReg,2,0.1,1.0,crp_dataset_8_1_3.csv|crp_dataset_8_1_2.csv,crp_dataset_8_1_4.csv,0.6922404248912677,0.8699186991799194,0.816793893123536,107,16,24,109,0.023046875,0.005132113821138212,0.017914761178861788
LogReg,2,0.1,1.0,crp_dataset_8_1_3.csv|crp_dataset_8_1_2.csv,crp_dataset_8_1_1.csv,0.6922404248912677,0.8333333333217592,0.4761904761866969,60,12,66,118,0.0252685546875,0.005555555555555556,0.019712999131944443
LogReg,2,0.1,1.0,crp_dataset_8_1_3.csv|crp_dataset_8_1_4.csv,crp_dataset_8_1_6.csv,0.8110582883641595,0.9999999999836067,0.4357142857111735,61,0,79,116,0.026928710937499996,0.0,0.026928710937499996
LogReg,2,0.1,1.0,crp_dataset_8_1_3.csv|crp_dataset_8_1_4.csv,crp_dataset_8_1_5.csv,0.8110582883641595,0.7623762376162141,0.7699999999923,77,24,23,132,0.039282226562499994,0.007982673267326735,0.03129955329517326
LogReg,2,0.1,1.0,crp_dataset_8_1_3.csv|crp_dataset_8_1_4.csv,crp_dataset_8_1_7.csv,0.8110582883641595,0.9999999999939394,0.749999999996591,165,0,55,36,0.0095703125,0.0,0.0095703125
LogReg,2,0.1,1.0,crp_dataset_8_1_3.csv|crp_dataset_8_1_4.csv,crp_dataset_8_1_8.csv,0.8110582883641595,0.7624999999904687,0.4420289855040433,61,19,77,99,0.0283203125,0.00609375,0.022226562499999998
LogReg,2,0.1,1.0,crp_dataset_8_1_3.csv|crp_dataset_8_1_4.csv,crp_dataset_8_1_2.csv,0.8110582883641595,0.8282828282744618,0.6890756302463102,82,17,37,120,0.039453125,0.004103535353535354,0.035349589646464646
LogReg,2,0.1,1.0,crp_dataset_8_1_3.csv|crp_dataset_8_1_4.csv,crp_dataset_8_1_1.csv,0.8110582883641595,0.8955223880463354,0.4761904761866969,60,7,66,123,0.0252685546875,0.002238805970149254,0.023029748717350747
LogReg,2,0.1,1.0,crp_dataset_8_1_3.csv|crp_dataset_8_1_1.csv,crp_dataset_8_1_6.csv,0.6976031429187919,0.7602739725975324,0.7928571428514797,111,35,29,81,0.026928710937499996,0.012970890410958905,0.013957820526541091
LogReg,2,0.1,1.0,crp_dataset_8_1_3.csv|crp_dataset_8_1_1.csv,crp_dataset_8_1_5.csv,0.6976031429187919,0.9999999989999999,0.0099999999999,1,0,99,156,0.039282226562499994,0.0,0.039282226562499994
LogReg,2,0.1,1.0,crp_dataset_8_1_3.csv|crp_dataset_8_1_1.csv,crp_dataset_8_1_7.csv,0.6976031429187919,0.9945355191202485,0.827272727268967,182,1,38,35,0.0095703125,0.00020491803278688525,0.009365394467213116
LogReg,2,0.1,1.0,crp_dataset_8_1_3.csv|crp_dataset_8_1_1.csv,crp_dataset_8_1_8.csv,0.6976031429187919,0.9090909090082645,0.07246376811541694,10,1,128,117,0.0283203125,0.003977272727272727,0.024343039772727275
LogReg,2,0.1,1.0,crp_dataset_8_1_3.csv|crp_dataset_8_1_1.csv,crp_dataset_8_1_2.csv,0.6976031429187919,0.0,0.0,0,0,119,137,0.039453125,,
LogReg,2,0.1,1.0,crp_dataset_8_1_3.csv|crp_dataset_8_1_1.csv,crp_dataset_8_1_4.csv,0.6976031429187919,0.9642857142742347,0.6183206106823029,81,3,50,122,0.023046875,0.0011160714285714285,0.021930803571428573
LogReg,2,0.1,1.0,crp_dataset_8_1_7.csv|crp_dataset_8_1_8.csv,crp_dataset_8_1_6.csv,0.6435937169689651,0.999999999983871,0.44285714285397965,62,0,78,116,0.026928710937499996,0.0,0.026928710937499996
LogReg,2,0.1,1.0,crp_dataset_8_1_7.csv|crp_dataset_8_1_8.csv,crp_dataset_8_1_5.csv,0.6435937169689651,0.6837606837548397,0.799999999992,80,37,20,119,0.039282226562499994,0.010737179487179487,0.028545047075320507
LogReg,2,0.1,1.0,crp_dataset_8_1_7.csv|crp_dataset_8_1_8.csv,crp_dataset_8_1_3.csv,0.6435937169689651,0.9459459459374239,0.6069364161814629,105,6,68,77,0.0196044921875,0.0032094594594594596,0.01639503272804054
LogReg,2,0.1,1.0,crp_dataset_8_1_7.csv|crp_dataset_8_1_8.csv,crp_dataset_8_1_2.csv,0.6435937169689651,0.534482758617618,0.7815126050354495,93,81,26,56,0.039453125,0.03627873563218391,0.0031743893678160898
LogReg,2,0.1,1.0,crp_dataset_8_1_7.csv|crp_dataset_8_1_8.csv,crp_dataset_8_1_4.csv,0.6435937169689651,0.8275862068894173,0.7328244274753221,96,20,35,105,0.023046875,0.007920258620689655,0.015126616379310346
LogReg,2,0.1,1.0,crp_dataset_8_1_7.csv|crp_dataset_8_1_8.csv,crp_dataset_8_1_1.csv,0.6435937169689651,0.9139784946138282,0.6746031745978206,85,8,41,122,0.0252685546875,0.0030913978494623655,0.022177156838037636
LogReg,2,0.1,1.0,crp_dataset_8_1_7.csv|crp_dataset_8_1_2.csv,crp_dataset_8_1_6.csv,0.7337564954397958,0.8735632183807636,0.5428571428532654,76,11,64,105,0.026928710937499996,0.005747126436781609,0.021181584500718387
LogReg,2,0.1,1.0,crp_dataset_8_1_7.csv|crp_dataset_8_1_2.csv,crp_dataset_8_1_5.csv,0.7337564954397958,0.9078947368301592,0.6899999999931,69,7,31,149,0.039282226562499994,0.002796052631578948,0.036486173930921045
LogReg,2,0.1,1.0,crp_dataset_8_1_7.csv|crp_dataset_8_1_2.csv,crp_dataset_8_1_3.csv,0.7337564954397958,0.9491525423648377,0.6473988439268937,112,6,61,77,0.0196044921875,0.0012182203389830507,0.018386271848516947
LogReg,2,0.1,1.0,crp_dataset_8_1_7.csv|crp_dataset_8_1_2.csv,crp_dataset_8_1_8.csv,0.7337564954397958,0.8082191780711202,0.4275362318809599,59,14,79,104,0.0283203125,0.004794520547945206,0.023525791952054793
LogReg,2,0.1,1.0,crp_dataset_8_1_7.csv|crp_dataset_8_1_2.csv,crp_dataset_8_1_4.csv,0.7337564954397958,0.9322033898226084,0.8396946564821398,110,8,21,117,0.023046875,0.001853813559322034,0.02119306144067797
LogReg,2,0.1,1.0,crp_dataset_8_1_7.csv|crp_dataset_8_1_2.csv,crp_dataset_8_1_1.csv,0.7337564954397958,0.8571428571306122,0.4761904761866969,60,10,66,120,0.0252685546875,0.004107142857142858,0.021161411830357142
LogReg,2,0.1,1.0,crp_dataset_8_1_7.csv|crp_dataset_8_1_4.csv,crp_dataset_8_1_6.csv,0.8193387123882939,0.8539325842600681,0.5428571428532654,76,13,64,103,0.026928710937499996,0.006811797752808988,0.020116913184691006
LogReg,2,0.1,1.0,crp_dataset_8_1_7.csv|crp_dataset_8_1_4.csv,crp_dataset_8_1_5.csv,0.8193387123882939,0.8191489361614984,0.7699999999923,77,17,23,139,0.039282226562499994,0.004920212765957446,0.03436201379654255
LogReg,2,0.1,1.0,crp_dataset_8_1_7.csv|crp_dataset_8_1_4.csv,crp_dataset_8_1_3.csv,0.8193387123882939,0.9411764705803263,0.6473988439268937,112,7,61,76,0.0196044921875,0.0017857142857142859,0.017818777901785713
LogReg,2,0.1,1.0,crp_dataset_8_1_7.csv|crp_dataset_8_1_4.csv,crp_dataset_8_1_8.csv,0.8193387123882939,0.7692307692209073,0.4347826086925016,60,18,78,100,0.0283203125,0.0062499999999999995,0.0220703125
LogReg,2,0.1,1.0,crp_dataset_8_1_7.csv|crp_dataset_8_1_4.csv,crp_dataset_8_1_2.csv,0.8193387123882939,0.8690476190372732,0.6134453781461054,73,11,46,126,0.039453125,0.0029017857142857144,0.03655133928571429
LogReg,2,0.1,1.0,crp_dataset_8_1_7.csv|crp_dataset_8_1_4.csv,crp_dataset_8_1_1.csv,0.8193387123882939,0.8333333333217592,0.4761904761866969,60,12,66,118,0.0252685546875,0.005555555555555556,0.019712999131944443
LogReg,2,0.1,1.0,crp_dataset_8_1_7.csv|crp_dataset_8_1_1.csv,crp_dataset_8_1_6.csv,0.752619848194759,0.762711864400316,0.642857142852551,90,28,50,88,0.026928710937499996,0.011334745762711866,0.01559396517478813
LogReg,2,0.1,1.0,crp_dataset_8_1_7.csv|crp_dataset_8_1_1.csv,crp_dataset_8_1_5.csv,0.752619848194759,0.9999999999696971,0.3299999999967,33,0,67,156,0.039282226562499994,0.0,0.039282226562499994
LogReg,2,0.1,1.0,crp_dataset_8_1_7.csv|crp_dataset_8_1_1.csv,crp_dataset_8_1_3.csv,0.752619848194759,0.9333333333255556,0.6473988439268937,112,8,61,75,0.0196044921875,0.0025520833333333337,0.017052408854166666
LogReg,2,0.1,1.0,crp_dataset_8_1_7.csv|crp_dataset_8_1_1.csv,crp_dataset_8_1_8.csv,0.752619848194759,0.8518518518203018,0.16666666666545896,23,4,115,114,0.0283203125,0.004398148148148149,0.02392216435185185
LogReg,2,0.1,1.0,crp_dataset_8_1_7.csv|crp_dataset_8_1_1.csv,crp_dataset_8_1_2.csv,0.752619848194759,0.999999999875,0.06722689075573758,8,0,111,137,0.039453125,0.0,0.039453125
LogReg,2,0.1,1.0,crp_dataset_8_1_7.csv|crp_dataset_8_1_1.csv,crp_dataset_8_1_4.csv,0.752619848194759,0.9333333333244445,0.7480916030477246,98,7,33,118,0.023046875,0.0023214285714285715,0.02072544642857143
LogReg,2,0.1,1.0,crp_dataset_8_1_8.csv|crp_dataset_8_1_2.csv,crp_dataset_8_1_6.csv,0.7841840119401713,0.6831683168283011,0.985714285707245,138,64,2,52,0.026928710937499996,0.016429455445544555,0.01049925549195544
LogReg,2,0.1,1.0,crp_dataset_8_1_8.csv|crp_dataset_8_1_2.csv,crp_dataset_8_1_5.csv,0.7841840119401713,0.8873239436494743,0.6299999999936999,63,8,37,148,0.039282226562499994,0.0044014084507042256,0.03488081811179577
LogReg,2,0.1,1.0,crp_dataset_8_1_8.csv|crp_dataset_8_1_2.csv,crp_dataset_8_1_3.csv,0.7841840119401713,0.7839195979860105,0.9017341040410305,156,43,17,40,0.0196044921875,0.01155778894472362,0.00804670324277638
LogReg,2,0.1,1.0,crp_dataset_8_1_8.csv|crp_dataset_8_1_2.csv,crp_dataset_8_1_7.csv,0.7841840119401713,0.8906882591057057,0.9999999999954546,220,27,0,9,0.0095703125,0.005845141700404859,0.0037251707995951417
LogReg,2,0.1,1.0,crp_dataset_8_1_8.csv|crp_dataset_8_1_2.csv,crp_dataset_8_1_4.csv,0.7841840119401713,0.6685082872891243,0.9236641221303538,121,60,10,65,0.023046875,0.01391574585635359,0.00913112914364641
LogReg,2,0.1,1.0,crp_dataset_8_1_8.csv|crp_dataset_8_1_2.csv,crp_dataset_8_1_1.csv,0.7841840119401713,0.824561403501539,0.7460317460258251,94,20,32,110,0.0252685546875,0.007456140350877194,0.017812414336622805
LogReg,2,0.1,1.0,crp_dataset_8_1_8.csv|crp_dataset_8_1_4.csv,crp_dataset_8_1_6.csv,0.6144942260303802,0.9999999999722223,0.2571428571410204,36,0,104,116,0.026928710937499996,0.0,0.026928710937499996
LogReg,2,0.1,1.0,crp_dataset_8_1_8.csv|crp_dataset_8_1_4.csv,crp_dataset_8_1_5.csv,0.6144942260303802,0.5176470588204845,0.8799999999911999,88,82,12,74,0.039282226562499994,0.02584558823529412,0.013436638327205874
LogReg,2,0.1,1.0,crp_dataset_8_1_8.csv|crp_dataset_8_1_4.csv,crp_dataset_8_1_3.csv,0.6144942260303802,0.9999999999885058,0.5028901734074978,87,0,86,83,0.0196044921875,0.0,0.0196044921875
LogReg,2,0.1,1.0,crp_dataset_8_1_8.csv|crp_dataset_8_1_4.csv,crp_dataset_8_1_7.csv,0.6144942260303802,0.9999999999918698,0.5590909090883678,123,0,97,36,0.0095703125,0.0,0.0095703125
LogReg,2,0.1,1.0,crp_dataset_8_1_8.csv|crp_dataset_8_1_4.csv,crp_dataset_8_1_2.csv,0.6144942260303802,0.5906432748503472,0.848739495791187,101,70,18,67,0.039453125,0.02774122807017544,0.011711896929824557
LogReg,2,0.1,1.0,crp_dataset_8_1_8.csv|crp_dataset_8_1_4.csv,crp_dataset_8_1_1.csv,0.6144942260303802,0.96103896102648,0.5873015872969262,74,3,52,127,0.0252685546875,0.0012175324675324675,0.024051022219967532
LogReg,2,0.1,1.0,crp_dataset_8_1_8.csv|crp_dataset_8_1_1.csv,crp_dataset_8_1_6.csv,0.7418832607136764,0.9999999999736843,0.2714285714266327,38,0,102,116,0.026928710937499996,0.0,0.026928710937499996
LogReg,2,0.1,1.0,crp_dataset_8_1_8.csv|crp_dataset_8_1_1.csv,crp_dataset_8_1_5.csv,0.7418832607136764,0.6666666666612466,0.8199999999918,82,41,18,115,0.039282226562499994,0.011432926829268294,0.0278492997332317
LogReg,2,0.1,1.0,crp_dataset_8_1_8.csv|crp_dataset_8_1_1.csv,crp_dataset_8_1_3.csv,0.7418832607136764,0.9999999999880952,0.48554913294517027,84,0,89,83,0.0196044921875,0.0,0.0196044921875
LogReg,2,0.1,1.0,crp_dataset_8_1_8.csv|crp_dataset_8_1_1.csv,crp_dataset_8_1_7.csv,0.7418832607136764,0.9999999999907407,0.4909090909068595,108,0,112,36,0.0095703125,0.0,0.0095703125
LogReg,2,0.1,1.0,crp_dataset_8_1_8.csv|crp_dataset_8_1_1.csv,crp_dataset_8_1_2.csv,0.7418832607136764,0.8902439024281678,0.6134453781461054,73,9,46,128,0.039453125,0.0028201219512195125,0.036633003048780484
LogReg,2,0.1,1.0,crp_dataset_8_1_8.csv|crp_dataset_8_1_1.csv,crp_dataset_8_1_4.csv,0.7418832607136764,0.9999999999883721,0.6564885496133093,86,0,45,125,0.023046875,0.0,0.023046875
LogReg,2,0.1,1.0,crp_dataset_8_1_2.csv|crp_dataset_8_1_4.csv,crp_dataset_8_1_6.csv,0.7335557815110039,0.7941176470529845,0.7714285714230613,108,28,32,88,0.026928710937499996,0.008869485294117647,0.01805922564338235
LogReg,2,0.1,1.0,crp_dataset_8_1_2.csv|crp_dataset_8_1_4.csv,crp_dataset_8_1_5.csv,0.7335557815110039,0.9999999999565218,0.2299999999977,23,0,77,156,0.039282226562499994,0.0002717391304347826,0.03901048743206521
LogReg,2,0.1,1.0,crp_dataset_8_1_2.csv|crp_dataset_8_1_4.csv,crp_dataset_8_1_3.csv,0.7335557815110039,0.9629629629540466,0.601156069360687,104,4,69,79,0.0196044921875,0.0015046296296296296,0.01809986255787037
LogReg,2,0.1,1.0,crp_dataset_8_1_2.csv|crp_dataset_8_1_4.csv,crp_dataset_8_1_7.csv,0.7335557815110039,0.9644670050712464,0.863636363632438,190,7,30,29,0.0095703125,0.0010786802030456853,0.008491632296954316
LogReg,2,0.1,1.0,crp_dataset_8_1_2.csv|crp_dataset_8_1_4.csv,crp_dataset_8_1_8.csv,0.7335557815110039,0.7999999999733334,0.17391304347700065,24,6,114,112,0.0283203125,0.005000000000000002,0.0233203125
LogReg,2,0.1,1.0,crp_dataset_8_1_2.csv|crp_dataset_8_1_4.csv,crp_dataset_8_1_1.csv,0.7335557815110039,0.946428571411671,0.42063492063158225,53,3,73,127,0.0252685546875,0.0011160714285714285,0.024152483258928572
LogReg,2,0.1,1.0,crp_dataset_8_1_2.csv|crp_dataset_8_1_1.csv,crp_dataset_8_1_6.csv,0.8203099124789983,0.7479674796687157,0.6571428571381633,92,31,48,85,0.026928710937499996,0.013770325203252033,0.013158385734247963
LogReg,2,0.1,1.0,crp_dataset_8_1_2.csv|crp_dataset_8_1_1.csv,crp_dataset_8_1_5.csv,0.8203099124789983,0.9999999999814816,0.5399999999946,54,0,46,156,0.039282226562499994,0.0005787037037037037,0.03870352285879629
LogReg,2,0.1,1.0,crp_dataset_8_1_2.csv|crp_dataset_8_1_1.csv,crp_dataset_8_1_3.csv,0.8203099124789983,0.90624999999292,0.670520231209997,116,12,57,71,0.0196044921875,0.005615234375,0.0139892578125
LogReg,2,0.1,1.0,crp_dataset_8_1_2.csv|crp_dataset_8_1_1.csv,crp_dataset_8_1_7.csv,0.8203099124789983,0.9698492462262822,0.8772727272687397,193,6,27,30,0.0095703125,0.0009422110552763819,0.008628101444723618
LogReg,2,0.1,1.0,crp_dataset_8_1_2.csv|crp_dataset_8_1_1.csv,crp_dataset_8_1_8.csv,0.8203099124789983,0.8620689655023782,0.3623188405770847,50,8,88,110,0.0283203125,0.004956896551724138,0.023363415948275863
LogReg,2,0.1,1.0,crp_dataset_8_1_2.csv|crp_dataset_8_1_1.csv,crp_dataset_8_1_4.csv,0.8203099124789983,0.8196721311408224,0.7633587786201271,100,22,31,103,0.023046875,0.00783811475409836,0.015208760245901641
LogReg,2,0.1,1.0,crp_dataset_8_1_4.csv|crp_dataset_8_1_1.csv,crp_dataset_8_1_6.csv,0.7090117525279309,0.8941176470483044,0.5428571428532654,76,9,64,107,0.026928710937499996,0.0038970588235294123,0.023031652113970583
LogReg,2,0.1,1.0,crp_dataset_8_1_4.csv|crp_dataset_8_1_1.csv,crp_dataset_8_1_5.csv,0.7090117525279309,0.9999999999743591,0.38999999999609997,39,0,61,156,0.039282226562499994,0.00048076923076923085,0.038801457331730765
LogReg,2,0.1,1.0,crp_dataset_8_1_4.csv|crp_dataset_8_1_1.csv,crp_dataset_8_1_3.csv,0.7090117525279309,0.9724770642112617,0.6127167630022387,106,3,67,80,0.0196044921875,0.0006307339449541285,0.018973758242545873
LogReg,2,0.1,1.0,crp_dataset_8_1_4.csv|crp_dataset_8_1_1.csv,crp_dataset_8_1_7.csv,0.7090117525279309,0.9943181818125324,0.7954545454509298,175,1,45,35,0.0095703125,0.00028409090909090913,0.009286221590909092
LogReg,2,0.1,1.0,crp_dataset_8_1_4.csv|crp_dataset_8_1_1.csv,crp_dataset_8_1_8.csv,0.7090117525279309,0.8249999999793751,0.2391304347808759,33,7,105,111,0.0283203125,0.0045312500000000006,0.0237890625
LogReg,2,0.1,1.0,crp_dataset_8_1_4.csv|crp_dataset_8_1_1.csv,crp_dataset_8_1_2.csv,0.7090117525279309,0.9999999999705883,0.28571428571188473,34,0,85,137,0.039453125,0.0001838235294117647,0.039269301470588235
LogReg,3,0.1,1.0,crp_dataset_8_1_6.csv|crp_dataset_8_1_5.csv|crp_dataset_8_1_3.csv,crp_dataset_8_1_7.csv,0.8373419560428581,0.9999999999935485,0.7045454545422521,155,0,65,36,0.0095703125,0.0,0.0095703125
LogReg,3,0.1,1.0,crp_dataset_8_1_6.csv|crp_dataset_8_1_5.csv|crp_dataset_8_1_3.csv,crp_dataset_8_1_8.csv,0.8373419560428581,0.8636363635971074,0.13768115941929218,19,3,119,115,0.0283203125,0.003977272727272729,0.02434303977272727
LogReg,3,0.1,1.0,crp_dataset_8_1_6.csv|crp_dataset_8_1_5.csv|crp_dataset_8_1_3.csv,crp_dataset_8_1_2.csv,0.8373419560428581,0.9999999998571428,0.05882352941127039,7,0,112,137,0.039453125,0.0017857142857142859,0.03766741071428571
LogReg,3,0.1,1.0,crp_dataset_8_1_6.csv|crp_dataset_8_1_5.csv|crp_dataset_8_1_3.csv,crp_dataset_8_1_4.csv,0.8373419560428581,0.9726027397127041,0.5419847328202902,71,2,60,123,0.023046875,0.0008561643835616438,0.022190710616438358
LogReg,3,0.1,1.0,crp_dataset_8_1_6.csv|crp_dataset_8_1_5.csv|crp_dataset_8_1_3.csv,crp_dataset_8_1_1.csv,0.8373419560428581,0.9487179486936227,0.2936507936484631,37,2,89,128,0.0252685546875,0.0011217948717948717,0.02414675981570513
LogReg,3,0.1,1.0,crp_dataset_8_1_6.csv|crp_dataset_8_1_5.csv|crp_dataset_8_1_7.csv,crp_dataset_8_1_3.csv,0.7269844655100912,0.9655172413709869,0.6473988439268937,112,4,61,79,0.0196044921875,0.0012392241379310346,0.018365268049568964
LogReg,3,0.1,1.0,crp_dataset_8_1_6.csv|crp_dataset_8_1_5.csv|crp_dataset_8_1_7.csv,crp_dataset_8_1_8.csv,0.7269844655100912,0.9199999999632,0.16666666666545896,23,2,115,116,0.0283203125,0.00375,0.0245703125
LogReg,3,0.1,1.0,crp_dataset_8_1_6.csv|crp_dataset_8_1_5.csv|crp_dataset_8_1_7.csv,crp_dataset_8_1_2.csv,0.7269844655100912,0.9999999999411765,0.14285714285594237,17,0,102,137,0.039453125,0.0011029411764705884,0.03835018382352941
LogReg,3,0.1,1.0,crp_dataset_8_1_6.csv|crp_dataset_8_1_5.csv|crp_dataset_8_1_7.csv,crp_dataset_8_1_4.csv,0.7269844655100912,0.925233644851166,0.7557251908339259,99,8,32,117,0.023046875,0.0020443925233644858,0.021002482476635515
LogReg,3,0.1,1.0,crp_dataset_8_1_6.csv|crp_dataset_8_1_5.csv|crp_dataset_8_1_7.csv,crp_dataset_8_1_1.csv,0.7269844655100912,0.9344262294928783,0.45238095237736203,57,4,69,126,0.0252685546875,0.0014344262295081967,0.023834128457991804
LogReg,3,0.1,1.0,crp_dataset_8_1_6.csv|crp_dataset_8_1_5.csv|crp_dataset_8_1_8.csv,crp_dataset_8_1_3.csv,0.6860210829808382,0.9908256880643043,0.6242774566437903,108,1,65,82,0.0196044921875,0.00045871559633027525,0.019145776591169724
LogReg,3,0.1,1.0,crp_dataset_8_1_6.csv|crp_dataset_8_1_5.csv|crp_dataset_8_1_8.csv,crp_dataset_8_1_7.csv,0.6860210829808382,0.999999999994382,0.8090909090872315,178,0,42,36,0.0095703125,3.51123595505618e-05,0.00953520014044944
LogReg,3,0.1,1.0,crp_dataset_8_1_6.csv|crp_dataset_8_1_5.csv|crp_dataset_8_1_8.csv,crp_dataset_8_1_2.csv,0.6860210829808382,0.9199999999632,0.19327731092274555,23,2,96,135,0.039453125,0.0025,0.036953124999999996
LogReg,3,0.1,1.0,crp_dataset_8_1_6.csv|crp_dataset_8_1_5.csv|crp_dataset_8_1_8.csv,crp_dataset_8_1_4.csv,0.6860210829808382,0.9647058823415916,0.6259541984685042,82,3,49,122,0.023046875,0.0010294117647058824,0.02201746323529412
LogReg,3,0.1,1.0,crp_dataset_8_1_6.csv|crp_dataset_8_1_5.csv|crp_dataset_8_1_8.csv,crp_dataset_8_1_1.csv,0.6860210829808382,0.9687499999848632,0.49206349205958677,62,2,64,128,0.0252685546875,0.0009765625,0.0242919921875
LogReg,3,0.1,1.0,crp_dataset_8_1_6.csv|crp_dataset_8_1_5.csv|crp_dataset_8_1_2.csv,crp_dataset_8_1_3.csv,0.7429314605826339,0.9599999999904,0.5549132947944803,96,4,77,79,0.0196044921875,0.0014375,0.018166992187499998
LogReg,3,0.1,1.0,crp_dataset_8_1_6.csv|crp_dataset_8_1_5.csv|crp_dataset_8_1_2.csv,crp_dataset_8_1_7.csv,0.7429314605826339,0.9707602339124518,0.7545454545420248,166,5,54,31,0.0095703125,0.0010233918128654971,0.008546920687134503
LogReg,3,0.1,1.0,crp_dataset_8_1_6.csv|crp_dataset_8_1_5.csv|crp_dataset_8_1_2.csv,crp_dataset_8_1_8.csv,0.7429314605826339,0.94594594592038,0.25362318840395925,35,2,103,116,0.0283203125,0.003378378378378379,0.02494193412162162
LogReg,3,0.1,1.0,crp_dataset_8_1_6.csv|crp_dataset_8_1_5.csv|crp_dataset_8_1_2.csv,crp_dataset_8_1_4.csv,0.7429314605826339,0.9139784946138282,0.648854961827108,85,8,46,117,0.023046875,0.0023521505376344087,0.02069472446236559
LogReg,3,0.1,1.0,crp_dataset_8_1_6.csv|crp_dataset_8_1_5.csv|crp_dataset_8_1_2.csv,crp_dataset_8_1_1.csv,0.7429314605826339,0.8846153845983729,0.3650793650764676,46,6,80,124,0.0252685546875,0.0038461538461538464,0.021422400841346154
LogReg,3,0.1,1.0,crp_dataset_8_1_6.csv|crp_dataset_8_1_5.csv|crp_dataset_8_1_4.csv,crp_dataset_8_1_3.csv,0.8671864777473708,0.9999999999814816,0.31213872832189515,54,0,119,83,0.0196044921875,0.0,0.0196044921875
LogReg,3,0.1,1.0,crp_dataset_8_1_6.csv|crp_dataset_8_1_5.csv|crp_dataset_8_1_4.csv,crp_dataset_8_1_7.csv,0.8671864777473708,0.9999999999906541,0.48636363636142566,107,0,113,36,0.0095703125,0.0,0.0095703125
LogReg,3,0.1,1.0,crp_dataset_8_1_6.csv|crp_dataset_8_1_5.csv|crp_dataset_8_1_4.csv,crp_dataset_8_1_8.csv,0.8671864777473708,0.8333333331944445,0.03623188405770847,5,1,133,117,0.0283203125,0.0031250000000000006,0.0251953125
LogReg,3,0.1,1.0,crp_dataset_8_1_6.csv|crp_dataset_8_1_5.csv|crp_dataset_8_1_4.csv,crp_dataset_8_1_2.csv,0.8671864777473708,0.9999999989999999,0.008403361344467198,1,0,118,137,0.039453125,0.0,0.039453125
LogReg,3,0.1,1.0,crp_dataset_8_1_6.csv|crp_dataset_8_1_5.csv|crp_dataset_8_1_4.csv,crp_dataset_8_1_1.csv,0.8671864777473708,0.9999999999411765,0.13492063491956413,17,0,109,130,0.0252685546875,0.0,0.0252685546875
LogReg,3,0.1,1.0,crp_dataset_8_1_6.csv|crp_dataset_8_1_5.csv|crp_dataset_8_1_1.csv,crp_dataset_8_1_3.csv,0.6633655203271808,0.9902912621263078,0.5895953757191353,102,1,71,82,0.0196044921875,0.00048543689320388353,0.019119055294296115
LogReg,3,0.1,1.0,crp_dataset_8_1_6.csv|crp_dataset_8_1_5.csv|crp_dataset_8_1_1.csv,crp_dataset_8_1_7.csv,0.6633655203271808,0.9999999999934212,0.6909090909059504,152,0,68,36,0.0095703125,0.0,0.0095703125
LogReg,3,0.1,1.0,crp_dataset_8_1_6.csv|crp_dataset_8_1_5.csv|crp_dataset_8_1_1.csv,crp_dataset_8_1_8.csv,0.6633655203271808,0.7599999999696,0.13768115941929218,19,6,119,112,0.0283203125,0.006500000000000001,0.0218203125
LogReg,3,0.1,1.0,crp_dataset_8_1_6.csv|crp_dataset_8_1_5.csv|crp_dataset_8_1_1.csv,crp_dataset_8_1_2.csv,0.6633655203271808,0.9999999996666666,0.025210084033401595,3,0,116,137,0.039453125,0.0020833333333333333,0.037369791666666666
LogReg,3,0.1,1.0,crp_dataset_8_1_6.csv|crp_dataset_8_1_5.csv|crp_dataset_8_1_1.csv,crp_dataset_8_1_4.csv,0.6633655203271808,0.9615384615261341,0.5725190839650953,75,3,56,122,0.023046875,0.001121794871794872,0.02192508012820513
LogReg,3,0.1,1.0,crp_dataset_8_1_6.csv|crp_dataset_8_1_3.csv|crp_dataset_8_1_7.csv,crp_dataset_8_1_5.csv,0.021832812087158062,0.39062499999847416,0.99999999999,100,156,0,0,0.039282226562499994,0.039282226562499994,0.0
LogReg,3,0.1,1.0,crp_dataset_8_1_6.csv|crp_dataset_8_1_3.csv|crp_dataset_8_1_7.csv,crp_dataset_8_1_8.csv,0.021832812087158062,0.5390624999978944,0.9999999999927537,138,118,0,0,0.0283203125,0.0283203125,0.0
LogReg,3,0.1,1.0,crp_dataset_8_1_6.csv|crp_dataset_8_1_3.csv|crp_dataset_8_1_7.csv,crp_dataset_8_1_2.csv,0.021832812087158062,0.46484374999818423,0.9999999999915966,119,137,0,0,0.039453125,0.039453125,0.0
LogReg,3,0.1,1.0,crp_dataset_8_1_6.csv|crp_dataset_8_1_3.csv|crp_dataset_8_1_7.csv,crp_dataset_8_1_4.csv,0.021832812087158062,0.5117187499980012,0.9999999999923664,131,125,0,0,0.023046875,0.023046875,0.0
LogReg,3,0.1,1.0,crp_dataset_8_1_6.csv|crp_dataset_8_1_3.csv|crp_dataset_8_1_7.csv,crp_dataset_8_1_1.csv,0.021832812087158062,0.4921874999980774,0.9999999999920635,126,130,0,0,0.0252685546875,0.0252685546875,0.0
LogReg,3,0.1,1.0,crp_dataset_8_1_6.csv|crp_dataset_8_1_3.csv|crp_dataset_8_1_8.csv,crp_dataset_8_1_5.csv,0.690985956494441,0.8985507246246587,0.6199999999938,62,7,38,149,0.039282226562499994,0.0034420289855072467,0.03584019757699275
LogReg,3,0.1,1.0,crp_dataset_8_1_6.csv|crp_dataset_8_1_3.csv|crp_dataset_8_1_8.csv,crp_dataset_8_1_7.csv,0.690985956494441,0.9814814814769376,0.9636363636319836,212,4,8,32,0.0095703125,0.0007523148148148148,0.008817997685185186
LogReg,3,0.1,1.0,crp_dataset_8_1_6.csv|crp_dataset_8_1_3.csv|crp_dataset_8_1_8.csv,crp_dataset_8_1_2.csv,0.690985956494441,0.9803921568435218,0.4201680672233599,50,1,69,136,0.039453125,0.0012254901960784311,0.038227634803921565
LogReg,3,0.1,1.0,crp_dataset_8_1_6.csv|crp_dataset_8_1_3.csv|crp_dataset_8_1_8.csv,crp_dataset_8_1_4.csv,0.690985956494441,0.9043478260790926,0.7938931297649322,104,11,27,114,0.023046875,0.0029347826086956524,0.020112092391304348
LogReg,3,0.1,1.0,crp_dataset_8_1_6.csv|crp_dataset_8_1_3.csv|crp_dataset_8_1_8.csv,crp_dataset_8_1_1.csv,0.690985956494441,0.9113924050517545,0.5714285714240362,72,7,54,123,0.0252685546875,0.002215189873417721,0.02305336481408228
LogReg,3,0.1,1.0,crp_dataset_8_1_6.csv|crp_dataset_8_1_3.csv|crp_dataset_8_1_2.csv,crp_dataset_8_1_5.csv,0.8306265447984817,0.9047619047475435,0.5699999999943,57,6,43,150,0.039282226562499994,0.002579365079365079,0.03670286148313492
LogReg,3,0.1,1.0,crp_dataset_8_1_6.csv|crp_dataset_8_1_3.csv|crp_dataset_8_1_2.csv,crp_dataset_8_1_7.csv,0.8306265447984817,0.981818181813719,0.981818181813719,216,4,4,32,0.0095703125,0.000625,0.0089453125
LogReg,3,0.1,1.0,crp_dataset_8_1_6.csv|crp_dataset_8_1_3.csv|crp_dataset_8_1_2.csv,crp_dataset_8_1_8.csv,0.8306265447984817,0.9824561403336411,0.40579710144633485,56,1,82,117,0.0283203125,0.003179824561403509,0.025140487938596492
LogReg,3,0.1,1.0,crp_dataset_8_1_6.csv|crp_dataset_8_1_3.csv|crp_dataset_8_1_2.csv,crp_dataset_8_1_4.csv,0.8306265447984817,0.9203539822927402,0.7938931297649322,104,9,27,116,0.023046875,0.0021570796460176995,0.0208897953539823
LogReg,3,0.1,1.0,crp_dataset_8_1_6.csv|crp_dataset_8_1_3.csv|crp_dataset_8_1_2.csv,crp_dataset_8_1_1.csv,0.8306265447984817,0.8955223880463354,0.4761904761866969,60,7,66,123,0.0252685546875,0.0032649253731343282,0.022003629314365673
LogReg,3,0.1,1.0,crp_dataset_8_1_6.csv|crp_dataset_8_1_3.csv|crp_dataset_8_1_4.csv,crp_dataset_8_1_5.csv,0.6708938473507309,0.9367088607476366,0.7399999999926,74,5,26,151,0.039282226562499994,0.002215189873417721,0.037067036689082275
LogReg,3,0.1,1.0,crp_dataset_8_1_6.csv|crp_dataset_8_1_3.csv|crp_dataset_8_1_4.csv,crp_dataset_8_1_7.csv,0.6708938473507309,0.99492385786297,0.8909090909050413,196,1,24,35,0.0095703125,0.0002855329949238579,0.009284779505076142
LogReg,3,0.1,1.0,crp_dataset_8_1_6.csv|crp_dataset_8_1_3.csv|crp_dataset_8_1_4.csv,crp_dataset_8_1_8.csv,0.6708938473507309,0.7931034482621879,0.3333333333309179,46,12,92,106,0.0283203125,0.005172413793103447,0.023147898706896552
LogReg,3,0.1,1.0,crp_dataset_8_1_6.csv|crp_dataset_8_1_3.csv|crp_dataset_8_1_4.csv,crp_dataset_8_1_2.csv,0.6708938473507309,0.9230769230627218,0.504201680668032,60,5,59,132,0.039453125,0.0019230769230769232,0.037530048076923075
LogReg,3,0.1,1.0,crp_dataset_8_1_6.csv|crp_dataset_8_1_3.csv|crp_dataset_8_1_4.csv,crp_dataset_8_1_1.csv,0.6708938473507309,0.8939393939258493,0.46825396825025195,59,7,67,123,0.0252685546875,0.0022727272727272726,0.022995827414772727
LogReg,3,0.1,1.0,crp_dataset_8_1_6.csv|crp_dataset_8_1_3.csv|crp_dataset_8_1_1.csv,crp_dataset_8_1_5.csv,0.1432381548887947,0.42016806722512534,0.99999999999,100,138,0,18,0.039282226562499994,0.03513655462184874,0.004145671940651255
LogReg,3,0.1,1.0,crp_dataset_8_1_6.csv|crp_dataset_8_1_3.csv|crp_dataset_8_1_1.csv,crp_dataset_8_1_7.csv,0.1432381548887947,0.8593749999966431,0.9999999999954546,220,36,0,0,0.0095703125,0.0095703125,0.0
LogReg,3,0.1,1.0,crp_dataset_8_1_6.csv|crp_dataset_8_1_3.csv|crp_dataset_8_1_1.csv,crp_dataset_8_1_8.csv,0.1432381548887947,0.5390624999978944,0.9999999999927537,138,118,0,0,0.0283203125,0.0283203125,0.0
LogReg,3,0.1,1.0,crp_dataset_8_1_6.csv|crp_dataset_8_1_3.csv|crp_dataset_8_1_1.csv,crp_dataset_8_1_2.csv,0.1432381548887947,0.5534883720904489,0.9999999999915966,119,96,0,41,0.039453125,0.029738372093023258,0.00971475290697674
LogReg,3,0.1,1.0,crp_dataset_8_1_6.csv|crp_dataset_8_1_3.csv|crp_dataset_8_1_1.csv,crp_dataset_8_1_4.csv,0.1432381548887947,0.5325203252010874,0.9999999999923664,131,115,0,10,0.023046875,0.021341463414634148,0.0017054115853658534
LogReg,3,0.1,1.0,crp_dataset_8_1_6.csv|crp_dataset_8_1_7.csv|crp_dataset_8_1_8.csv,crp_dataset_8_1_5.csv,0.7209035546851114,0.7454545454477686,0.8199999999918,82,28,18,128,0.039282226562499994,0.007840909090909091,0.0314413174715909
LogReg,3,0.1,1.0,crp_dataset_8_1_6.csv|crp_dataset_8_1_7.csv|crp_dataset_8_1_8.csv,crp_dataset_8_1_3.csv,0.7209035546851114,0.981651376137783,0.6184971098230145,107,2,66,81,0.0196044921875,0.0011467889908256881,0.01845770319667431
LogReg,3,0.1,1.0,crp_dataset_8_1_6.csv|crp_dataset_8_1_7.csv|crp_dataset_8_1_8.csv,crp_dataset_8_1_2.csv,0.7209035546851114,0.7903225806387877,0.8235294117577855,98,26,21,111,0.039453125,0.006804435483870968,0.03264868951612903
LogReg,3,0.1,1.0,crp_dataset_8_1_6.csv|crp_dataset_8_1_7.csv|crp_dataset_8_1_8.csv,crp_dataset_8_1_4.csv,0.7209035546851114,0.890756302513523,0.8091603053373347,106,13,25,112,0.023046875,0.0037289915966386557,0.019317883403361345
LogReg,3,0.1,1.0,crp_dataset_8_1_6.csv|crp_dataset_8_1_7.csv|crp_dataset_8_1_8.csv,crp_dataset_8_1_1.csv,0.7209035546851114,0.9550561797645499,0.6746031745978206,85,4,41,126,0.0252685546875,0.0012640449438202249,0.024004509743679774
LogReg,3,0.1,1.0,crp_dataset_8_1_6.csv|crp_dataset_8_1_7.csv|crp_dataset_8_1_2.csv,crp_dataset_8_1_5.csv,0.8554955287126994,0.9795918367147023,0.4799999999952,48,1,52,155,0.039282226562499994,0.0011479591836734695,0.038134267378826525
LogReg,3,0.1,1.0,crp_dataset_8_1_6.csv|crp_dataset_8_1_7.csv|crp_dataset_8_1_2.csv,crp_dataset_8_1_3.csv,0.8554955287126994,0.9649122806932902,0.635838150285342,110,4,63,79,0.0196044921875,0.0012609649122807016,0.018343527275219297
LogReg,3,0.1,1.0,crp_dataset_8_1_6.csv|crp_dataset_8_1_7.csv|crp_dataset_8_1_2.csv,crp_dataset_8_1_8.csv,0.8554955287126994,0.9722222221952161,0.25362318840395925,35,1,103,117,0.0283203125,0.0032986111111111115,0.025021701388888887
LogReg,3,0.1,1.0,crp_dataset_8_1_6.csv|crp_dataset_8_1_7.csv|crp_dataset_8_1_2.csv,crp_dataset_8_1_4.csv,0.8554955287126994,0.9215686274419453,0.7175572519029194,94,8,37,117,0.023046875,0.0022058823529411764,0.020840992647058826
LogReg,3,0.1,1.0,crp_dataset_8_1_6.csv|crp_dataset_8_1_7.csv|crp_dataset_8_1_2.csv,crp_dataset_8_1_1.csv,0.8554955287126994,0.8888888888747796,0.4444444444409171,56,7,70,123,0.0252685546875,0.003472222222222222,0.021796332465277776
LogReg,3,0.1,1.0,crp_dataset_8_1_6.csv|crp_dataset_8_1_7.csv|crp_dataset_8_1_4.csv,crp_dataset_8_1_5.csv,0.8192154692836795,0.8701298701185697,0.6699999999933,67,10,33,146,0.039282226562499994,0.003896103896103896,0.0353861226663961
LogReg,3,0.1,1.0,crp_dataset_8_1_6.csv|crp_dataset_8_1_7.csv|crp_dataset_8_1_4.csv,crp_dataset_8_1_3.csv,0.8192154692836795,0.9411764705803263,0.6473988439268937,112,7,61,76,0.0196044921875,0.0017857142857142859,0.017818777901785713
LogReg,3,0.1,1.0,crp_dataset_8_1_6.csv|crp_dataset_8_1_7.csv|crp_dataset_8_1_4.csv,crp_dataset_8_1_8.csv,0.8192154692836795,0.83823529410532,0.4130434782578765,57,11,81,107,0.0283203125,0.005147058823529412,0.02317325367647059
LogReg,3,0.1,1.0,crp_dataset_8_1_6.csv|crp_dataset_8_1_7.csv|crp_dataset_8_1_4.csv,crp_dataset_8_1_2.csv,0.8192154692836795,0.8840579710016803,0.5126050420124991,61,8,58,129,0.039453125,0.002626811594202899,0.0368263134057971
LogReg,3,0.1,1.0,crp_dataset_8_1_6.csv|crp_dataset_8_1_7.csv|crp_dataset_8_1_4.csv,crp_dataset_8_1_1.csv,0.8192154692836795,0.8823529411634947,0.4761904761866969,60,8,66,122,0.0252685546875,0.0034926470588235296,0.02177590762867647
LogReg,3,0.1,1.0,crp_dataset_8_1_6.csv|crp_dataset_8_1_7.csv|crp_dataset_8_1_1.csv,crp_dataset_8_1_5.csv,0.6248265411601407,0.7475728155267226,0.7699999999923,77,26,23,130,0.039282226562499994,0.008798543689320388,0.030483682873179607
LogReg,3,0.1,1.0,crp_dataset_8_1_6.csv|crp_dataset_8_1_7.csv|crp_dataset_8_1_1.csv,crp_dataset_8_1_3.csv,0.6248265411601407,0.918032786877721,0.6473988439268937,112,10,61,73,0.0196044921875,0.003586065573770492,0.016018426613729507
LogReg,3,0.1,1.0,crp_dataset_8_1_6.csv|crp_dataset_8_1_7.csv|crp_dataset_8_1_1.csv,crp_dataset_8_1_8.csv,0.6248265411601407,0.699999999993,0.5072463768079185,70,30,68,88,0.0283203125,0.009812500000000002,0.018507812499999998
LogReg,3,0.1,1.0,crp_dataset_8_1_6.csv|crp_dataset_8_1_7.csv|crp_dataset_8_1_1.csv,crp_dataset_8_1_2.csv,0.6248265411601407,0.8039215686195693,0.6890756302463102,82,20,37,117,0.039453125,0.005575980392156863,0.033877144607843135
LogReg,3,0.1,1.0,crp_dataset_8_1_6.csv|crp_dataset_8_1_7.csv|crp_dataset_8_1_1.csv,crp_dataset_8_1_4.csv,0.6248265411601407,0.8396946564821398,0.8396946564821398,110,21,21,104,0.023046875,0.006297709923664124,0.01674916507633588
LogReg,3,0.1,1.0,crp_dataset_8_1_6.csv|crp_dataset_8_1_8.csv|crp_dataset_8_1_2.csv,crp_dataset_8_1_5.csv,0.8310642375392743,0.8888888888691359,0.399999999996,40,5,60,151,0.039282226562499994,0.002916666666666667,0.03636555989583333
LogReg,3,0.1,1.0,crp_dataset_8_1_6.csv|crp_dataset_8_1_8.csv|crp_dataset_8_1_2.csv,crp_dataset_8_1_3.csv,0.8310642375392743,0.9607843137160708,0.566473988436032,98,4,75,79,0.0196044921875,0.0014093137254901963,0.018195178462009805
LogReg,3,0.1,1.0,crp_dataset_8_1_6.csv|crp_dataset_8_1_8.csv|crp_dataset_8_1_2.csv,crp_dataset_8_1_7.csv,0.8310642375392743,0.9826589595318922,0.7727272727237604,170,3,50,33,0.0095703125,0.0005057803468208092,0.009064532153179192
LogReg,3,0.1,1.0,crp_dataset_8_1_6.csv|crp_dataset_8_1_8.csv|crp_dataset_8_1_2.csv,crp_dataset_8_1_4.csv,0.8310642375392743,0.9139784946138282,0.648854961827108,85,8,46,117,0.023046875,0.0023521505376344087,0.02069472446236559
LogReg,3,0.1,1.0,crp_dataset_8_1_6.csv|crp_dataset_8_1_8.csv|crp_dataset_8_1_2.csv,crp_dataset_8_1_1.csv,0.8310642375392743,0.910714285698023,0.40476190475869234,51,5,75,125,0.0252685546875,0.00234375,0.0229248046875
LogReg,3,0.1,1.0,crp_dataset_8_1_6.csv|crp_dataset_8_1_8.csv|crp_dataset_8_1_4.csv,crp_dataset_8_1_5.csv,0.8950119281821562,0.9999999999230769,0.1299999999987,13,0,87,156,0.039282226562499994,0.0,0.039282226562499994
LogReg,3,0.1,1.0,crp_dataset_8_1_6.csv|crp_dataset_8_1_8.csv|crp_dataset_8_1_4.csv,crp_dataset_8_1_3.csv,0.8950119281821562,0.9999999999876543,0.46820809248284273,81,0,92,83,0.0196044921875,0.0,0.0196044921875
LogReg,3,0.1,1.0,crp_dataset_8_1_6.csv|crp_dataset_8_1_8.csv|crp_dataset_8_1_4.csv,crp_dataset_8_1_7.csv,0.8950119281821562,0.9999999999906541,0.48636363636142566,107,0,113,36,0.0095703125,0.0,0.0095703125
LogReg,3,0.1,1.0,crp_dataset_8_1_6.csv|crp_dataset_8_1_8.csv|crp_dataset_8_1_4.csv,crp_dataset_8_1_2.csv,0.8950119281821562,0.9999999989999999,0.008403361344467198,1,0,118,137,0.039453125,0.0,0.039453125
LogReg,3,0.1,1.0,crp_dataset_8_1_6.csv|crp_dataset_8_1_8.csv|crp_dataset_8_1_4.csv,crp_dataset_8_1_1.csv,0.8950119281821562,0.9729729729466765,0.2857142857120181,36,1,90,129,0.0252685546875,0.0005067567567567568,0.02476179793074324
LogReg,3,0.1,1.0,crp_dataset_8_1_6.csv|crp_dataset_8_1_8.csv|crp_dataset_8_1_1.csv,crp_dataset_8_1_5.csv,0.627648834915861,0.8214285714187924,0.6899999999931,69,15,31,141,0.039282226562499994,0.005803571428571429,0.033478655133928566
LogReg,3,0.1,1.0,crp_dataset_8_1_6.csv|crp_dataset_8_1_8.csv|crp_dataset_8_1_1.csv,crp_dataset_8_1_3.csv,0.627648834915861,0.9583333333253472,0.6647398843892212,115,5,58,78,0.0196044921875,0.00203125,0.017573242187499998
LogReg,3,0.1,1.0,crp_dataset_8_1_6.csv|crp_dataset_8_1_8.csv|crp_dataset_8_1_1.csv,crp_dataset_8_1_7.csv,0.627648834915861,0.9740932642436576,0.8545454545415703,188,5,32,31,0.0095703125,0.0008743523316062179,0.008695960168393782
LogReg,3,0.1,1.0,crp_dataset_8_1_6.csv|crp_dataset_8_1_8.csv|crp_dataset_8_1_1.csv,crp_dataset_8_1_2.csv,0.627648834915861,0.9508196721155604,0.4873949579790975,58,3,61,134,0.039453125,0.0017418032786885248,0.037711321721311475
LogReg,3,0.1,1.0,crp_dataset_8_1_6.csv|crp_dataset_8_1_8.csv|crp_dataset_8_1_1.csv,crp_dataset_8_1_4.csv,0.627648834915861,0.8534482758547116,0.7557251908339259,99,17,32,108,0.023046875,0.006303879310344828,0.016742995689655173
LogReg,3,0.1,1.0,crp_dataset_8_1_6.csv|crp_dataset_8_1_2.csv|crp_dataset_8_1_4.csv,crp_dataset_8_1_5.csv,0.7053993230240814,0.9999999999795919,0.48999999999509997,49,0,51,156,0.039282226562499994,0.0006377551020408163,0.03864447146045918
LogReg,3,0.1,1.0,crp_dataset_8_1_6.csv|crp_dataset_8_1_2.csv|crp_dataset_8_1_4.csv,crp_dataset_8_1_3.csv,0.7053993230240814,0.9655172413709869,0.6473988439268937,112,4,61,79,0.0196044921875,0.0012392241379310346,0.018365268049568964
LogReg,3,0.1,1.0,crp_dataset_8_1_6.csv|crp_dataset_8_1_2.csv|crp_dataset_8_1_4.csv,crp_dataset_8_1_7.csv,0.7053993230240814,0.9860465116233208,0.9636363636319836,212,3,8,33,0.0095703125,0.00046511627906976747,0.009105196220930234
LogReg,3,0.1,1.0,crp_dataset_8_1_6.csv|crp_dataset_8_1_2.csv|crp_dataset_8_1_4.csv,crp_dataset_8_1_8.csv,0.7053993230240814,0.939393939365473,0.2246376811577925,31,2,107,116,0.0283203125,0.003787878787878788,0.024532433712121212
LogReg,3,0.1,1.0,crp_dataset_8_1_6.csv|crp_dataset_8_1_2.csv|crp_dataset_8_1_4.csv,crp_dataset_8_1_1.csv,0.7053993230240814,0.9374999999853515,0.4761904761866969,60,4,66,126,0.0252685546875,0.00146484375,0.0238037109375
LogReg,3,0.1,1.0,crp_dataset_8_1_6.csv|crp_dataset_8_1_2.csv|crp_dataset_8_1_1.csv,crp_dataset_8_1_5.csv,0.7170979802134614,0.9493670885955776,0.7499999999925,75,4,25,152,0.039282226562499994,0.0021360759493670887,0.03714615061313291
LogReg,3,0.1,1.0,crp_dataset_8_1_6.csv|crp_dataset_8_1_2.csv|crp_dataset_8_1_1.csv,crp_dataset_8_1_3.csv,0.7170979802134614,0.9576271186359523,0.6531791907476695,113,5,60,78,0.0196044921875,0.002065677966101695,0.017538814221398306
LogReg,3,0.1,1.0,crp_dataset_8_1_6.csv|crp_dataset_8_1_2.csv|crp_dataset_8_1_1.csv,crp_dataset_8_1_7.csv,0.7170979802134614,0.9743589743539777,0.863636363632438,190,5,30,31,0.0095703125,0.0008974358974358975,0.008672876602564102
LogReg,3,0.1,1.0,crp_dataset_8_1_6.csv|crp_dataset_8_1_2.csv|crp_dataset_8_1_1.csv,crp_dataset_8_1_8.csv,0.7170979802134614,0.83823529410532,0.4130434782578765,57,11,81,107,0.0283203125,0.004963235294117647,0.023357077205882353
LogReg,3,0.1,1.0,crp_dataset_8_1_6.csv|crp_dataset_8_1_2.csv|crp_dataset_8_1_1.csv,crp_dataset_8_1_4.csv,0.7170979802134614,0.9026548672486491,0.7786259541925297,102,11,29,114,0.023046875,0.00331858407079646,0.019728290929203543
LogReg,3,0.1,1.0,crp_dataset_8_1_6.csv|crp_dataset_8_1_4.csv|crp_dataset_8_1_1.csv,crp_dataset_8_1_5.csv,0.709189629433071,0.9999999999811321,0.5299999999946999,53,0,47,156,0.039282226562499994,0.0007075471698113208,0.038574679392688674
LogReg,3,0.1,1.0,crp_dataset_8_1_6.csv|crp_dataset_8_1_4.csv|crp_dataset_8_1_1.csv,crp_dataset_8_1_3.csv,0.709189629433071,0.9824561403422591,0.6473988439268937,112,2,61,81,0.0196044921875,0.0002192982456140351,0.019385193941885964
LogReg,3,0.1,1.0,crp_dataset_8_1_6.csv|crp_dataset_8_1_4.csv|crp_dataset_8_1_1.csv,crp_dataset_8_1_7.csv,0.709189629433071,0.9999999999951691,0.9409090909048141,207,0,13,36,0.0095703125,0.00021135265700483093,0.00935895984299517
LogReg,3,0.1,1.0,crp_dataset_8_1_6.csv|crp_dataset_8_1_4.csv|crp_dataset_8_1_1.csv,crp_dataset_8_1_8.csv,0.709189629433071,0.8837209302120066,0.27536231883858436,38,5,100,113,0.0283203125,0.003924418604651163,0.02439589389534884
LogReg,3,0.1,1.0,crp_dataset_8_1_6.csv|crp_dataset_8_1_4.csv|crp_dataset_8_1_1.csv,crp_dataset_8_1_2.csv,0.709189629433071,0.9999999999714286,0.29411764705635196,35,0,84,137,0.039453125,0.0005357142857142857,0.03891741071428571
LogReg,3,0.1,1.0,crp_dataset_8_1_5.csv|crp_dataset_8_1_3.csv|crp_dataset_8_1_7.csv,crp_dataset_8_1_6.csv,0.8106527517132927,0.8811881188031565,0.635714285709745,89,12,51,104,0.026928710937499996,0.004888613861386139,0.022040097076113856
LogReg,3,0.1,1.0,crp_dataset_8_1_5.csv|crp_dataset_8_1_3.csv|crp_dataset_8_1_7.csv,crp_dataset_8_1_8.csv,0.8106527517132927,0.8076923076612426,0.15217391304237557,21,5,117,113,0.0283203125,0.005048076923076923,0.023272235576923078
LogReg,3,0.1,1.0,crp_dataset_8_1_5.csv|crp_dataset_8_1_3.csv|crp_dataset_8_1_7.csv,crp_dataset_8_1_2.csv,0.8106527517132927,0.9999999995,0.016806722688934395,2,0,117,137,0.039453125,0.0,0.039453125
LogReg,3,0.1,1.0,crp_dataset_8_1_5.csv|crp_dataset_8_1_3.csv|crp_dataset_8_1_7.csv,crp_dataset_8_1_4.csv,0.8106527517132927,0.999999999988764,0.6793893129719131,89,0,42,125,0.023046875,7.02247191011236e-05,0.02297665028089888
LogReg,3,0.1,1.0,crp_dataset_8_1_5.csv|crp_dataset_8_1_3.csv|crp_dataset_8_1_7.csv,crp_dataset_8_1_1.csv,0.8106527517132927,0.9599999999808001,0.3809523809493575,48,2,78,128,0.0252685546875,0.0007500000000000001,0.0245185546875
LogReg,3,0.1,1.0,crp_dataset_8_1_5.csv|crp_dataset_8_1_3.csv|crp_dataset_8_1_8.csv,crp_dataset_8_1_6.csv,0.6537237841562169,0.7724137930981213,0.7999999999942857,112,33,28,83,0.026928710937499996,0.011767241379310343,0.015161469558189653
LogReg,3,0.1,1.0,crp_dataset_8_1_5.csv|crp_dataset_8_1_3.csv|crp_dataset_8_1_8.csv,crp_dataset_8_1_7.csv,0.6537237841562169,0.9758454106233051,0.9181818181776447,202,5,18,31,0.0095703125,0.0008756038647342993,0.008694708635265702
LogReg,3,0.1,1.0,crp_dataset_8_1_5.csv|crp_dataset_8_1_3.csv|crp_dataset_8_1_8.csv,crp_dataset_8_1_2.csv,0.6537237841562169,0.939393939365473,0.26050420167848315,31,2,88,135,0.039453125,0.0022727272727272726,0.037180397727272725
LogReg,3,0.1,1.0,crp_dataset_8_1_5.csv|crp_dataset_8_1_3.csv|crp_dataset_8_1_8.csv,crp_dataset_8_1_4.csv,0.6537237841562169,0.8016528925553582,0.7404580152615233,97,24,34,101,0.023046875,0.007386363636363636,0.015660511363636366
LogReg,3,0.1,1.0,crp_dataset_8_1_5.csv|crp_dataset_8_1_3.csv|crp_dataset_8_1_8.csv,crp_dataset_8_1_1.csv,0.6537237841562169,0.881720430098046,0.6507936507884857,82,11,44,119,0.0252685546875,0.004771505376344086,0.020497049311155913
LogReg,3,0.1,1.0,crp_dataset_8_1_5.csv|crp_dataset_8_1_3.csv|crp_dataset_8_1_2.csv,crp_dataset_8_1_6.csv,0.660110797187189,0.7762237762183481,0.7928571428514797,111,32,29,84,0.026928710937499996,0.0118006993006993,0.015128011636800696
LogReg,3,0.1,1.0,crp_dataset_8_1_5.csv|crp_dataset_8_1_3.csv|crp_dataset_8_1_2.csv,crp_dataset_8_1_7.csv,0.660110797187189,0.9519650654980264,0.9909090909045868,218,11,2,25,0.0095703125,0.0016648471615720525,0.007905465338427948
LogReg,3,0.1,1.0,crp_dataset_8_1_5.csv|crp_dataset_8_1_3.csv|crp_dataset_8_1_2.csv,crp_dataset_8_1_8.csv,0.660110797187189,0.8249999999896874,0.4782608695617518,66,14,72,104,0.0283203125,0.005078125,0.0232421875
LogReg,3,0.1,1.0,crp_dataset_8_1_5.csv|crp_dataset_8_1_3.csv|crp_dataset_8_1_2.csv,crp_dataset_8_1_4.csv,0.660110797187189,0.855999999993152,0.816793893123536,107,18,24,107,0.023046875,0.005699999999999999,0.017346875
LogReg,3,0.1,1.0,crp_dataset_8_1_5.csv|crp_dataset_8_1_3.csv|crp_dataset_8_1_2.csv,crp_dataset_8_1_1.csv,0.660110797187189,0.8809523809418934,0.5873015872969262,74,10,52,120,0.0252685546875,0.0034970238095238097,0.02177153087797619
LogReg,3,0.1,1.0,crp_dataset_8_1_5.csv|crp_dataset_8_1_3.csv|crp_dataset_8_1_4.csv,crp_dataset_8_1_6.csv,0.7768768740688174,0.9397590361332558,0.5571428571388776,78,5,62,111,0.026928710937499996,0.0018072289156626509,0.025121482021837345
LogReg,3,0.1,1.0,crp_dataset_8_1_5.csv|crp_dataset_8_1_3.csv|crp_dataset_8_1_4.csv,crp_dataset_8_1_7.csv,0.7768768740688174,0.9999999999949749,0.904545454541343,199,0,21,36,0.0095703125,0.0002198492462311558,0.009350463253768844
LogReg,3,0.1,1.0,crp_dataset_8_1_5.csv|crp_dataset_8_1_3.csv|crp_dataset_8_1_4.csv,crp_dataset_8_1_8.csv,0.7768768740688174,0.8148148147846365,0.15942028985391726,22,5,116,113,0.0283203125,0.005092592592592593,0.023227719907407407
LogReg,3,0.1,1.0,crp_dataset_8_1_5.csv|crp_dataset_8_1_3.csv|crp_dataset_8_1_4.csv,crp_dataset_8_1_2.csv,0.7768768740688174,0.9999999998,0.04201680672233599,5,0,114,137,0.039453125,0.00125,0.038203125
LogReg,3,0.1,1.0,crp_dataset_8_1_5.csv|crp_dataset_8_1_3.csv|crp_dataset_8_1_4.csv,crp_dataset_8_1_1.csv,0.7768768740688174,0.9999999999767443,0.3412698412671328,43,0,83,130,0.0252685546875,0.0,0.0252685546875
LogReg,3,0.1,1.0,crp_dataset_8_1_5.csv|crp_dataset_8_1_3.csv|crp_dataset_8_1_1.csv,crp_dataset_8_1_6.csv,0.8790761772112708,0.7925925925867215,0.7642857142802552,107,28,33,88,0.026928710937499996,0.009259259259259259,0.017669451678240737
LogReg,3,0.1,1.0,crp_dataset_8_1_5.csv|crp_dataset_8_1_3.csv|crp_dataset_8_1_1.csv,crp_dataset_8_1_7.csv,0.8790761772112708,0.9999999999931973,0.668181818178781,147,0,73,36,0.0095703125,0.0,0.0095703125
LogReg,3,0.1,1.0,crp_dataset_8_1_5.csv|crp_dataset_8_1_3.csv|crp_dataset_8_1_1.csv,crp_dataset_8_1_8.csv,0.8790761772112708,0.9999999995,0.014492753623083388,2,0,136,118,0.0283203125,0.0,0.0283203125
LogReg,3,0.1,1.0,crp_dataset_8_1_5.csv|crp_dataset_8_1_3.csv|crp_dataset_8_1_1.csv,crp_dataset_8_1_2.csv,0.8790761772112708,0.0,0.0,0,0,119,137,0.039453125,,
LogReg,3,0.1,1.0,crp_dataset_8_1_5.csv|crp_dataset_8_1_3.csv|crp_dataset_8_1_1.csv,crp_dataset_8_1_4.csv,0.8790761772112708,0.9999999999836067,0.4656488549582775,61,0,70,125,0.023046875,0.0,0.023046875
LogReg,3,0.1,1.0,crp_dataset_8_1_5.csv|crp_dataset_8_1_7.csv|crp_dataset_8_1_8.csv,crp_dataset_8_1_6.csv,0.841623600759014,0.7159763313567102,0.8642857142795409,121,48,19,68,0.026928710937499996,0.015458579881656803,0.011470131055843193
LogReg,3,0.1,1.0,crp_dataset_8_1_5.csv|crp_dataset_8_1_7.csv|crp_dataset_8_1_8.csv,crp_dataset_8_1_3.csv,0.841623600759014,0.968992248054504,0.7225433525969795,125,4,48,79,0.0196044921875,0.0011143410852713178,0.01849015110222868
LogReg,3,0.1,1.0,crp_dataset_8_1_5.csv|crp_dataset_8_1_7.csv|crp_dataset_8_1_8.csv,crp_dataset_8_1_2.csv,0.841623600759014,0.9999999998888889,0.07563025210020478,9,0,110,137,0.039453125,0.001388888888888889,0.03806423611111111
LogReg,3,0.1,1.0,crp_dataset_8_1_5.csv|crp_dataset_8_1_7.csv|crp_dataset_8_1_8.csv,crp_dataset_8_1_4.csv,0.841623600759014,0.9183673469294044,0.6870229007581143,90,8,41,117,0.023046875,0.002551020408163265,0.020495854591836737
LogReg,3,0.1,1.0,crp_dataset_8_1_5.csv|crp_dataset_8_1_7.csv|crp_dataset_8_1_8.csv,crp_dataset_8_1_1.csv,0.841623600759014,0.9687499999848632,0.49206349205958677,62,2,64,128,0.0252685546875,0.0009765624999999999,0.0242919921875
LogReg,3,0.1,1.0,crp_dataset_8_1_5.csv|crp_dataset_8_1_7.csv|crp_dataset_8_1_2.csv,crp_dataset_8_1_6.csv,0.6636020874137495,0.8532110091664843,0.6642857142809694,93,16,47,100,0.026928710937499996,0.007167431192660551,0.019761279744839447
LogReg,3,0.1,1.0,crp_dataset_8_1_5.csv|crp_dataset_8_1_7.csv|crp_dataset_8_1_2.csv,crp_dataset_8_1_3.csv,0.6636020874137495,0.9579831932692606,0.6589595375684454,114,5,59,78,0.0196044921875,0.0014180672268907565,0.018186424960609245
LogReg,3,0.1,1.0,crp_dataset_8_1_5.csv|crp_dataset_8_1_7.csv|crp_dataset_8_1_2.csv,crp_dataset_8_1_8.csv,0.6636020874137495,0.8192771084238641,0.4927536231848352,68,15,70,103,0.0283203125,0.005271084337349397,0.023049228162650603
LogReg,3,0.1,1.0,crp_dataset_8_1_5.csv|crp_dataset_8_1_7.csv|crp_dataset_8_1_2.csv,crp_dataset_8_1_4.csv,0.6636020874137495,0.9083333333257638,0.8320610686959385,109,11,22,114,0.023046875,0.00265625,0.020390625000000002
LogReg,3,0.1,1.0,crp_dataset_8_1_5.csv|crp_dataset_8_1_7.csv|crp_dataset_8_1_2.csv,crp_dataset_8_1_1.csv,0.6636020874137495,0.918918918906501,0.5396825396782565,68,6,58,124,0.0252685546875,0.0017736486486486487,0.023494906038851352
LogReg,3,0.1,1.0,crp_dataset_8_1_5.csv|crp_dataset_8_1_7.csv|crp_dataset_8_1_4.csv,crp_dataset_8_1_6.csv,0.8138873792251428,0.8363636363560331,0.6571428571381633,92,18,48,98,0.026928710937499996,0.007840909090909091,0.019087801846590903
LogReg,3,0.1,1.0,crp_dataset_8_1_5.csv|crp_dataset_8_1_7.csv|crp_dataset_8_1_4.csv,crp_dataset_8_1_3.csv,0.8138873792251428,0.973913043469792,0.6473988439268937,112,3,61,80,0.0196044921875,0.0006521739130434782,0.018952318274456523
LogReg,3,0.1,1.0,crp_dataset_8_1_5.csv|crp_dataset_8_1_7.csv|crp_dataset_8_1_4.csv,crp_dataset_8_1_8.csv,0.8138873792251428,0.928571428505102,0.09420289855004202,13,1,125,117,0.0283203125,0.0035714285714285713,0.024748883928571427
LogReg,3,0.1,1.0,crp_dataset_8_1_5.csv|crp_dataset_8_1_7.csv|crp_dataset_8_1_4.csv,crp_dataset_8_1_2.csv,0.8138873792251428,0.9999999996666666,0.025210084033401595,3,0,116,137,0.039453125,0.0020833333333333333,0.037369791666666666
LogReg,3,0.1,1.0,crp_dataset_8_1_5.csv|crp_dataset_8_1_7.csv|crp_dataset_8_1_4.csv,crp_dataset_8_1_1.csv,0.8138873792251428,0.9574468084902672,0.35714285714002264,45,2,81,128,0.0252685546875,0.0009308510638297872,0.02433770362367021
LogReg,3,0.1,1.0,crp_dataset_8_1_5.csv|crp_dataset_8_1_7.csv|crp_dataset_8_1_1.csv,crp_dataset_8_1_6.csv,0.6971969110356421,0.8348623853134416,0.6499999999953572,91,18,49,98,0.026928710937499996,0.008142201834862386,0.01878650910263761
LogReg,3,0.1,1.0,crp_dataset_8_1_5.csv|crp_dataset_8_1_7.csv|crp_dataset_8_1_1.csv,crp_dataset_8_1_3.csv,0.6971969110356421,0.9661016949070669,0.6589595375684454,114,4,59,79,0.0196044921875,0.0012182203389830507,0.018386271848516947
LogReg,3,0.1,1.0,crp_dataset_8_1_5.csv|crp_dataset_8_1_7.csv|crp_dataset_8_1_1.csv,crp_dataset_8_1_8.csv,0.6971969110356421,0.8124999999873046,0.3768115942001681,52,12,86,106,0.0283203125,0.00537109375,0.02294921875
LogReg,3,0.1,1.0,crp_dataset_8_1_5.csv|crp_dataset_8_1_7.csv|crp_dataset_8_1_1.csv,crp_dataset_8_1_2.csv,0.6971969110356421,0.9999999999615384,0.21848739495614716,26,0,93,137,0.039453125,0.001201923076923077,0.03825120192307692
LogReg,3,0.1,1.0,crp_dataset_8_1_5.csv|crp_dataset_8_1_7.csv|crp_dataset_8_1_1.csv,crp_dataset_8_1_4.csv,0.6971969110356421,0.9272727272642974,0.7786259541925297,102,8,29,117,0.023046875,0.0021022727272727274,0.020944602272727274
LogReg,3,0.1,1.0,crp_dataset_8_1_5.csv|crp_dataset_8_1_8.csv|crp_dataset_8_1_2.csv,crp_dataset_8_1_6.csv,0.7045899457477283,0.5468749999978638,0.9999999999928573,140,116,0,0,0.026928710937499996,0.026928710937499996,0.0
LogReg,3,0.1,1.0,crp_dataset_8_1_5.csv|crp_dataset_8_1_8.csv|crp_dataset_8_1_2.csv,crp_dataset_8_1_3.csv,0.7045899457477283,0.6757812499973602,0.9999999999942197,173,83,0,0,0.0196044921875,0.0196044921875,0.0
LogReg,3,0.1,1.0,crp_dataset_8_1_5.csv|crp_dataset_8_1_8.csv|crp_dataset_8_1_2.csv,crp_dataset_8_1_7.csv,0.7045899457477283,0.8593749999966431,0.9999999999954546,220,36,0,0,0.0095703125,0.0095703125,0.0
LogReg,3,0.1,1.0,crp_dataset_8_1_5.csv|crp_dataset_8_1_8.csv|crp_dataset_8_1_2.csv,crp_dataset_8_1_4.csv,0.7045899457477283,0.54132231404735,0.9999999999923664,131,111,0,14,0.023046875,0.020609504132231404,0.0024373708677685978
LogReg,3,0.1,1.0,crp_dataset_8_1_5.csv|crp_dataset_8_1_8.csv|crp_dataset_8_1_2.csv,crp_dataset_8_1_1.csv,0.7045899457477283,0.6723163841769926,0.9444444444369489,119,58,7,72,0.0252685546875,0.012782485875706216,0.012486068811793784
LogReg,3,0.1,1.0,crp_dataset_8_1_5.csv|crp_dataset_8_1_8.csv|crp_dataset_8_1_4.csv,crp_dataset_8_1_6.csv,0.8185337587206373,0.9999999999871795,0.5571428571388776,78,0,62,116,0.026928710937499996,0.0,0.026928710937499996
LogReg,3,0.1,1.0,crp_dataset_8_1_5.csv|crp_dataset_8_1_8.csv|crp_dataset_8_1_4.csv,crp_dataset_8_1_3.csv,0.8185337587206373,0.9999999999885058,0.5028901734074978,87,0,86,83,0.0196044921875,0.0,0.0196044921875
LogReg,3,0.1,1.0,crp_dataset_8_1_5.csv|crp_dataset_8_1_8.csv|crp_dataset_8_1_4.csv,crp_dataset_8_1_7.csv,0.8185337587206373,0.9999999999936307,0.7136363636331199,157,0,63,36,0.0095703125,0.0,0.0095703125
LogReg,3,0.1,1.0,crp_dataset_8_1_5.csv|crp_dataset_8_1_8.csv|crp_dataset_8_1_4.csv,crp_dataset_8_1_2.csv,0.8185337587206373,0.9999999998571428,0.05882352941127039,7,0,112,137,0.039453125,0.0017857142857142859,0.03766741071428571
LogReg,3,0.1,1.0,crp_dataset_8_1_5.csv|crp_dataset_8_1_8.csv|crp_dataset_8_1_4.csv,crp_dataset_8_1_1.csv,0.8185337587206373,0.9999999999750001,0.3174603174577979,40,0,86,130,0.0252685546875,0.0,0.0252685546875
LogReg,3,0.1,1.0,crp_dataset_8_1_5.csv|crp_dataset_8_1_8.csv|crp_dataset_8_1_1.csv,crp_dataset_8_1_6.csv,0.6073804361836247,0.5737704918009272,0.9999999999928573,140,104,0,12,0.026928710937499996,0.024052254098360655,0.002876456839139341
LogReg,3,0.1,1.0,crp_dataset_8_1_5.csv|crp_dataset_8_1_8.csv|crp_dataset_8_1_1.csv,crp_dataset_8_1_3.csv,0.6073804361836247,0.8018867924490477,0.9826589595318922,170,42,3,41,0.0196044921875,0.012087264150943397,0.007517228036556602
LogReg,3,0.1,1.0,crp_dataset_8_1_5.csv|crp_dataset_8_1_8.csv|crp_dataset_8_1_1.csv,crp_dataset_8_1_7.csv,0.6073804361836247,0.8593749999966431,0.9999999999954546,220,36,0,0,0.0095703125,0.0095703125,0.0
LogReg,3,0.1,1.0,crp_dataset_8_1_5.csv|crp_dataset_8_1_8.csv|crp_dataset_8_1_1.csv,crp_dataset_8_1_2.csv,0.6073804361836247,0.7857142856955783,0.27731092436741756,33,9,86,128,0.039453125,0.005803571428571429,0.03364955357142857
LogReg,3,0.1,1.0,crp_dataset_8_1_5.csv|crp_dataset_8_1_8.csv|crp_dataset_8_1_1.csv,crp_dataset_8_1_4.csv,0.6073804361836247,0.6473988439268937,0.8549618320545423,112,61,19,64,0.023046875,0.015317919075144508,0.007728955924855493
LogReg,3,0.1,1.0,crp_dataset_8_1_5.csv|crp_dataset_8_1_2.csv|crp_dataset_8_1_4.csv,crp_dataset_8_1_6.csv,0.6365328464013855,0.9761904761788548,0.5857142857101021,82,2,58,114,0.026928710937499996,0.0004464285714285714,0.026482282366071426
LogReg,3,0.1,1.0,crp_dataset_8_1_5.csv|crp_dataset_8_1_2.csv|crp_dataset_8_1_4.csv,crp_dataset_8_1_3.csv,0.6365328464013855,0.999999999990566,0.6127167630022387,106,0,67,83,0.0196044921875,0.0,0.0196044921875
LogReg,3,0.1,1.0,crp_dataset_8_1_5.csv|crp_dataset_8_1_2.csv|crp_dataset_8_1_4.csv,crp_dataset_8_1_7.csv,0.6365328464013855,0.9860465116233208,0.9636363636319836,212,3,8,33,0.0095703125,0.00043604651162790697,0.009134265988372093
LogReg,3,0.1,1.0,crp_dataset_8_1_5.csv|crp_dataset_8_1_2.csv|crp_dataset_8_1_4.csv,crp_dataset_8_1_8.csv,0.6365328464013855,0.827586206882283,0.3478260869540013,48,10,90,108,0.0283203125,0.004956896551724137,0.023363415948275863
LogReg,3,0.1,1.0,crp_dataset_8_1_5.csv|crp_dataset_8_1_2.csv|crp_dataset_8_1_4.csv,crp_dataset_8_1_1.csv,0.6365328464013855,0.9516129032104579,0.46825396825025195,59,3,67,127,0.0252685546875,0.0010080645161290322,0.02426049017137097
LogReg,3,0.1,1.0,crp_dataset_8_1_5.csv|crp_dataset_8_1_2.csv|crp_dataset_8_1_1.csv,crp_dataset_8_1_6.csv,0.10693848751165874,0.5468749999978638,0.9999999999928573,140,116,0,0,0.026928710937499996,0.026928710937499996,0.0
LogReg,3,0.1,1.0,crp_dataset_8_1_5.csv|crp_dataset_8_1_2.csv|crp_dataset_8_1_1.csv,crp_dataset_8_1_3.csv,0.10693848751165874,0.6757812499973602,0.9999999999942197,173,83,0,0,0.0196044921875,0.0196044921875,0.0
LogReg,3,0.1,1.0,crp_dataset_8_1_5.csv|crp_dataset_8_1_2.csv|crp_dataset_8_1_1.csv,crp_dataset_8_1_7.csv,0.10693848751165874,0.8593749999966431,0.9999999999954546,220,36,0,0,0.0095703125,0.0095703125,0.0
LogReg,3,0.1,1.0,crp_dataset_8_1_5.csv|crp_dataset_8_1_2.csv|crp_dataset_8_1_1.csv,crp_dataset_8_1_8.csv,0.10693848751165874,0.5390624999978944,0.9999999999927537,138,118,0,0,0.0283203125,0.0283203125,0.0
LogReg,3,0.1,1.0,crp_dataset_8_1_5.csv|crp_dataset_8_1_2.csv|crp_dataset_8_1_1.csv,crp_dataset_8_1_4.csv,0.10693848751165874,0.5117187499980012,0.9999999999923664,131,125,0,0,0.023046875,0.023046875,0.0
LogReg,3,0.1,1.0,crp_dataset_8_1_5.csv|crp_dataset_8_1_4.csv|crp_dataset_8_1_1.csv,crp_dataset_8_1_6.csv,0.6598027920001952,0.757142857137449,0.757142857137449,106,34,34,82,0.026928710937499996,0.012455357142857143,0.014473353794642853
LogReg,3,0.1,1.0,crp_dataset_8_1_5.csv|crp_dataset_8_1_4.csv|crp_dataset_8_1_1.csv,crp_dataset_8_1_3.csv,0.6598027920001952,0.9682539682462836,0.705202312134652,122,4,51,79,0.0196044921875,0.0012896825396825397,0.01831480964781746
LogReg,3,0.1,1.0,crp_dataset_8_1_5.csv|crp_dataset_8_1_4.csv|crp_dataset_8_1_1.csv,crp_dataset_8_1_7.csv,0.6598027920001952,0.990243902434194,0.9227272727230785,203,2,17,34,0.0095703125,0.0003658536585365854,0.009204458841463415
LogReg,3,0.1,1.0,crp_dataset_8_1_5.csv|crp_dataset_8_1_4.csv|crp_dataset_8_1_1.csv,crp_dataset_8_1_8.csv,0.6598027920001952,0.8666666666088889,0.09420289855004202,13,2,125,116,0.0283203125,0.0037499999999999994,0.0245703125
LogReg,3,0.1,1.0,crp_dataset_8_1_5.csv|crp_dataset_8_1_4.csv|crp_dataset_8_1_1.csv,crp_dataset_8_1_2.csv,0.6598027920001952,0.9999999989999999,0.008403361344467198,1,0,118,137,0.039453125,0.0,0.039453125
LogReg,3,0.1,1.0,crp_dataset_8_1_3.csv|crp_dataset_8_1_7.csv|crp_dataset_8_1_8.csv,crp_dataset_8_1_6.csv,0.7390359140373515,0.8220338982981183,0.6928571428521939,97,21,43,95,0.026928710937499996,0.00836864406779661,0.018560066869703386
LogReg,3,0.1,1.0,crp_dataset_8_1_3.csv|crp_dataset_8_1_7.csv|crp_dataset_8_1_8.csv,crp_dataset_8_1_5.csv,0.7390359140373515,0.8787878787745638,0.5799999999941999,58,8,42,148,0.039282226562499994,0.003787878787878788,0.03549434777462121
LogReg,3,0.1,1.0,crp_dataset_8_1_3.csv|crp_dataset_8_1_7.csv|crp_dataset_8_1_8.csv,crp_dataset_8_1_2.csv,0.7390359140373515,0.9534883720708491,0.3445378151231551,41,2,78,135,0.039453125,0.001744186046511628,0.03770893895348837
LogReg,3,0.1,1.0,crp_dataset_8_1_3.csv|crp_dataset_8_1_7.csv|crp_dataset_8_1_8.csv,crp_dataset_8_1_4.csv,0.7390359140373515,0.8749999999927083,0.8015267175511335,105,15,26,110,0.023046875,0.005,0.018046875
LogReg,3,0.1,1.0,crp_dataset_8_1_3.csv|crp_dataset_8_1_7.csv|crp_dataset_8_1_8.csv,crp_dataset_8_1_1.csv,0.7390359140373515,0.8987341772038134,0.5634920634875913,71,8,55,122,0.0252685546875,0.0030854430379746835,0.022183111649525317
LogReg,3,0.1,1.0,crp_dataset_8_1_3.csv|crp_dataset_8_1_7.csv|crp_dataset_8_1_2.csv,crp_dataset_8_1_6.csv,0.7490705513761131,0.8085106382892712,0.5428571428532654,76,18,64,98,0.026928710937499996,0.010505319148936171,0.016423391788563824
LogReg,3,0.1,1.0,crp_dataset_8_1_3.csv|crp_dataset_8_1_7.csv|crp_dataset_8_1_2.csv,crp_dataset_8_1_5.csv,0.7490705513761131,0.9841269841113631,0.6199999999938,62,1,38,155,0.039282226562499994,0.0011904761904761906,0.0380917503720238
LogReg,3,0.1,1.0,crp_dataset_8_1_3.csv|crp_dataset_8_1_7.csv|crp_dataset_8_1_2.csv,crp_dataset_8_1_8.csv,0.7490705513761131,0.8636363636232782,0.4130434782578765,57,9,81,109,0.0283203125,0.004450757575757576,0.023869554924242423
LogReg,3,0.1,1.0,crp_dataset_8_1_3.csv|crp_dataset_8_1_7.csv|crp_dataset_8_1_2.csv,crp_dataset_8_1_4.csv,0.7490705513761131,0.9210526315708679,0.8015267175511335,105,9,26,116,0.023046875,0.0024671052631578946,0.020579769736842106
LogReg,3,0.1,1.0,crp_dataset_8_1_3.csv|crp_dataset_8_1_7.csv|crp_dataset_8_1_2.csv,crp_dataset_8_1_1.csv,0.7490705513761131,0.8823529411634947,0.4761904761866969,60,8,66,122,0.0252685546875,0.0028492647058823532,0.022419289981617647
LogReg,3,0.1,1.0,crp_dataset_8_1_3.csv|crp_dataset_8_1_7.csv|crp_dataset_8_1_4.csv,crp_dataset_8_1_6.csv,0.678892101817106,0.7548387096725495,0.8357142857083164,117,38,23,78,0.026928710937499996,0.012056451612903226,0.01487225932459677
LogReg,3,0.1,1.0,crp_dataset_8_1_3.csv|crp_dataset_8_1_7.csv|crp_dataset_8_1_4.csv,crp_dataset_8_1_5.csv,0.678892101817106,0.9999999996666666,0.0299999999997,3,0,97,156,0.039282226562499994,0.0,0.039282226562499994
LogReg,3,0.1,1.0,crp_dataset_8_1_3.csv|crp_dataset_8_1_7.csv|crp_dataset_8_1_4.csv,crp_dataset_8_1_8.csv,0.678892101817106,0.8333333333055556,0.18115942028854234,25,5,113,113,0.0283203125,0.004791666666666667,0.023528645833333334
LogReg,3,0.1,1.0,crp_dataset_8_1_3.csv|crp_dataset_8_1_7.csv|crp_dataset_8_1_4.csv,crp_dataset_8_1_2.csv,0.678892101817106,0.9999999995,0.016806722688934395,2,0,117,137,0.039453125,0.0,0.039453125
LogReg,3,0.1,1.0,crp_dataset_8_1_3.csv|crp_dataset_8_1_7.csv|crp_dataset_8_1_4.csv,crp_dataset_8_1_1.csv,0.678892101817106,0.9310344827425684,0.4285714285680272,54,4,72,126,0.0252685546875,0.0015086206896551726,0.023759933997844828
LogReg,3,0.1,1.0,crp_dataset_8_1_3.csv|crp_dataset_8_1_7.csv|crp_dataset_8_1_1.csv,crp_dataset_8_1_6.csv,0.897475527503488,0.7739130434715311,0.635714285709745,89,26,51,90,0.026928710937499996,0.011793478260869567,0.015135232676630429
LogReg,3,0.1,1.0,crp_dataset_8_1_3.csv|crp_dataset_8_1_7.csv|crp_dataset_8_1_1.csv,crp_dataset_8_1_5.csv,0.897475527503488,0.9999999999545455,0.21999999999779998,22,0,78,156,0.039282226562499994,0.0,0.039282226562499994
LogReg,3,0.1,1.0,crp_dataset_8_1_3.csv|crp_dataset_8_1_7.csv|crp_dataset_8_1_1.csv,crp_dataset_8_1_8.csv,0.897475527503488,0.8064516128772112,0.18115942028854234,25,6,113,112,0.0283203125,0.005040322580645163,0.023279989919354836
LogReg,3,0.1,1.0,crp_dataset_8_1_3.csv|crp_dataset_8_1_7.csv|crp_dataset_8_1_1.csv,crp_dataset_8_1_2.csv,0.897475527503488,0.9999999999230769,0.10924369747807358,13,0,106,137,0.039453125,0.0,0.039453125
LogReg,3,0.1,1.0,crp_dataset_8_1_3.csv|crp_dataset_8_1_7.csv|crp_dataset_8_1_1.csv,crp_dataset_8_1_4.csv,0.897475527503488,0.9504950494955396,0.7328244274753221,96,5,35,120,0.023046875,0.002042079207920792,0.021004795792079207
LogReg,3,0.1,1.0,crp_dataset_8_1_3.csv|crp_dataset_8_1_8.csv|crp_dataset_8_1_2.csv,crp_dataset_8_1_6.csv,0.7484222800759346,0.8130841121419338,0.6214285714241327,87,20,53,96,0.026928710937499996,0.008936915887850467,0.01799179504964953
LogReg,3,0.1,1.0,crp_dataset_8_1_3.csv|crp_dataset_8_1_8.csv|crp_dataset_8_1_2.csv,crp_dataset_8_1_5.csv,0.7484222800759346,0.859154929565364,0.6099999999939,61,10,39,146,0.039282226562499994,0.00448943661971831,0.034792789942781684
LogReg,3,0.1,1.0,crp_dataset_8_1_3.csv|crp_dataset_8_1_8.csv|crp_dataset_8_1_2.csv,crp_dataset_8_1_7.csv,0.7484222800759346,0.9843749999948731,0.8590909090870041,189,3,31,33,0.0095703125,0.0004557291666666666,0.009114583333333334
LogReg,3,0.1,1.0,crp_dataset_8_1_3.csv|crp_dataset_8_1_8.csv|crp_dataset_8_1_2.csv,crp_dataset_8_1_4.csv,0.7484222800759346,0.8434782608622305,0.7404580152615233,97,18,34,107,0.023046875,0.005869565217391305,0.017177309782608695
LogReg,3,0.1,1.0,crp_dataset_8_1_3.csv|crp_dataset_8_1_8.csv|crp_dataset_8_1_2.csv,crp_dataset_8_1_1.csv,0.7484222800759346,0.8333333333226496,0.5158730158689216,65,13,61,117,0.0252685546875,0.006009615384615385,0.019258939302884616
LogReg,3,0.1,1.0,crp_dataset_8_1_3.csv|crp_dataset_8_1_8.csv|crp_dataset_8_1_4.csv,crp_dataset_8_1_6.csv,0.8524510003018659,0.9999999999861111,0.5142857142820408,72,0,68,116,0.026928710937499996,0.0,0.026928710937499996
LogReg,3,0.1,1.0,crp_dataset_8_1_3.csv|crp_dataset_8_1_8.csv|crp_dataset_8_1_4.csv,crp_dataset_8_1_5.csv,0.8524510003018659,0.9999999999687501,0.3199999999968,32,0,68,156,0.039282226562499994,0.0,0.039282226562499994
LogReg,3,0.1,1.0,crp_dataset_8_1_3.csv|crp_dataset_8_1_8.csv|crp_dataset_8_1_4.csv,crp_dataset_8_1_7.csv,0.8524510003018659,0.9999999999924812,0.6045454545427067,133,0,87,36,0.0095703125,0.0,0.0095703125
LogReg,3,0.1,1.0,crp_dataset_8_1_3.csv|crp_dataset_8_1_8.csv|crp_dataset_8_1_4.csv,crp_dataset_8_1_2.csv,0.8524510003018659,0.999999999875,0.06722689075573758,8,0,111,137,0.039453125,0.00078125,0.038671875
LogReg,3,0.1,1.0,crp_dataset_8_1_3.csv|crp_dataset_8_1_8.csv|crp_dataset_8_1_4.csv,crp_dataset_8_1_1.csv,0.8524510003018659,0.9411764705697809,0.3809523809493575,48,3,78,127,0.0252685546875,0.0012254901960784314,0.02404306449142157
LogReg,3,0.1,1.0,crp_dataset_8_1_3.csv|crp_dataset_8_1_8.csv|crp_dataset_8_1_1.csv,crp_dataset_8_1_6.csv,0.613042129991151,0.8686868686780941,0.6142857142813266,86,13,54,103,0.026928710937499996,0.006628787878787879,0.020299923058712116
LogReg,3,0.1,1.0,crp_dataset_8_1_3.csv|crp_dataset_8_1_8.csv|crp_dataset_8_1_1.csv,crp_dataset_8_1_5.csv,0.613042129991151,0.8529411764580449,0.5799999999941999,58,10,42,146,0.039282226562499994,0.004595588235294118,0.03468663832720588
LogReg,3,0.1,1.0,crp_dataset_8_1_3.csv|crp_dataset_8_1_8.csv|crp_dataset_8_1_1.csv,crp_dataset_8_1_7.csv,0.613042129991151,0.9847715735990621,0.8818181818141736,194,3,26,33,0.0095703125,0.0004441624365482233,0.009126150063451778
LogReg,3,0.1,1.0,crp_dataset_8_1_3.csv|crp_dataset_8_1_8.csv|crp_dataset_8_1_1.csv,crp_dataset_8_1_2.csv,0.613042129991151,0.9499999999762501,0.31932773108975354,38,2,81,135,0.039453125,0.0018750000000000004,0.037578125
LogReg,3,0.1,1.0,crp_dataset_8_1_3.csv|crp_dataset_8_1_8.csv|crp_dataset_8_1_1.csv,crp_dataset_8_1_4.csv,0.613042129991151,0.882882882874929,0.7480916030477246,98,13,33,112,0.023046875,0.004673423423423423,0.018373451576576577
LogReg,3,0.1,1.0,crp_dataset_8_1_3.csv|crp_dataset_8_1_2.csv|crp_dataset_8_1_4.csv,crp_dataset_8_1_6.csv,0.8372341240438613,0.9259259259144947,0.5357142857104592,75,6,65,110,0.026928710937499996,0.003240740740740741,0.023687970196759254
LogReg,3,0.1,1.0,crp_dataset_8_1_3.csv|crp_dataset_8_1_2.csv|crp_dataset_8_1_4.csv,crp_dataset_8_1_5.csv,0.8372341240438613,0.9999999999824563,0.5699999999943,57,0,43,156,0.039282226562499994,0.0007675438596491229,0.03851468270285087
LogReg,3,0.1,1.0,crp_dataset_8_1_3.csv|crp_dataset_8_1_2.csv|crp_dataset_8_1_4.csv,crp_dataset_8_1_7.csv,0.8372341240438613,0.9999999999939759,0.7545454545420248,166,0,54,36,0.0095703125,7.530120481927712e-05,0.009495011295180723
LogReg,3,0.1,1.0,crp_dataset_8_1_3.csv|crp_dataset_8_1_2.csv|crp_dataset_8_1_4.csv,crp_dataset_8_1_8.csv,0.8372341240438613,0.8809523809314059,0.26811594202704264,37,5,101,113,0.0283203125,0.004315476190476191,0.02400483630952381
LogReg,3,0.1,1.0,crp_dataset_8_1_3.csv|crp_dataset_8_1_2.csv|crp_dataset_8_1_4.csv,crp_dataset_8_1_1.csv,0.8372341240438613,0.9062499999858398,0.460317460313807,58,6,68,124,0.0252685546875,0.00205078125,0.0232177734375
LogReg,3,0.1,1.0,crp_dataset_8_1_3.csv|crp_dataset_8_1_2.csv|crp_dataset_8_1_1.csv,crp_dataset_8_1_6.csv,0.6813815590702597,0.7982456140280856,0.6499999999953572,91,23,49,93,0.026928710937499996,0.009046052631578948,0.017882658305921048
LogReg,3,0.1,1.0,crp_dataset_8_1_3.csv|crp_dataset_8_1_2.csv|crp_dataset_8_1_1.csv,crp_dataset_8_1_5.csv,0.6813815590702597,0.9154929577335845,0.6499999999935,65,6,35,150,0.039282226562499994,0.00272887323943662,0.03655335332306337
LogReg,3,0.1,1.0,crp_dataset_8_1_3.csv|crp_dataset_8_1_2.csv|crp_dataset_8_1_1.csv,crp_dataset_8_1_7.csv,0.6813815590702597,0.9730941703992239,0.9863636363591529,217,6,3,30,0.0095703125,0.001008968609865471,0.00856134389013453
LogReg,3,0.1,1.0,crp_dataset_8_1_3.csv|crp_dataset_8_1_2.csv|crp_dataset_8_1_1.csv,crp_dataset_8_1_8.csv,0.6813815590702597,0.8241758241667673,0.543478260865627,75,16,63,102,0.0283203125,0.005082417582417582,0.02323789491758242
LogReg,3,0.1,1.0,crp_dataset_8_1_3.csv|crp_dataset_8_1_2.csv|crp_dataset_8_1_1.csv,crp_dataset_8_1_4.csv,0.6813815590702597,0.8770491803206799,0.816793893123536,107,15,24,110,0.023046875,0.004610655737704918,0.018436219262295085
LogReg,3,0.1,1.0,crp_dataset_8_1_3.csv|crp_dataset_8_1_4.csv|crp_dataset_8_1_1.csv,crp_dataset_8_1_6.csv,0.6811062621605304,0.7793103448222117,0.8071428571370919,113,32,27,84,0.026928710937499996,0.011379310344827585,0.01554940059267241
LogReg,3,0.1,1.0,crp_dataset_8_1_3.csv|crp_dataset_8_1_4.csv|crp_dataset_8_1_1.csv,crp_dataset_8_1_5.csv,0.6811062621605304,0.9999999998333333,0.0599999999994,6,0,94,156,0.039282226562499994,0.0,0.039282226562499994
LogReg,3,0.1,1.0,crp_dataset_8_1_3.csv|crp_dataset_8_1_4.csv|crp_dataset_8_1_1.csv,crp_dataset_8_1_7.csv,0.6811062621605304,0.9730941703992239,0.9863636363591529,217,6,3,30,0.0095703125,0.0008408071748878924,0.008729505325112108
LogReg,3,0.1,1.0,crp_dataset_8_1_3.csv|crp_dataset_8_1_4.csv|crp_dataset_8_1_1.csv,crp_dataset_8_1_8.csv,0.6811062621605304,0.9230769230414201,0.17391304347700065,24,2,114,116,0.0283203125,0.003605769230769231,0.024714543269230768
LogReg,3,0.1,1.0,crp_dataset_8_1_3.csv|crp_dataset_8_1_4.csv|crp_dataset_8_1_1.csv,crp_dataset_8_1_2.csv,0.6811062621605304,0.9999999995,0.016806722688934395,2,0,117,137,0.039453125,0.0,0.039453125
LogReg,3,0.1,1.0,crp_dataset_8_1_7.csv|crp_dataset_8_1_8.csv|crp_dataset_8_1_2.csv,crp_dataset_8_1_6.csv,0.6719253624531633,0.76923076922539,0.7857142857086735,110,33,30,83,0.026928710937499996,0.011975524475524475,0.01495318646197552
LogReg,3,0.1,1.0,crp_dataset_8_1_7.csv|crp_dataset_8_1_8.csv|crp_dataset_8_1_2.csv,crp_dataset_8_1_5.csv,0.6719253624531633,0.8955223880463354,0.599999999994,60,7,40,149,0.039282226562499994,0.003451492537313433,0.035830734025186564
LogReg,3,0.1,1.0,crp_dataset_8_1_7.csv|crp_dataset_8_1_8.csv|crp_dataset_8_1_2.csv,crp_dataset_8_1_3.csv,0.6719253624531633,0.9253731343214525,0.7167630057762038,124,10,49,73,0.0196044921875,0.0038712686567164184,0.01573322353078358
LogReg,3,0.1,1.0,crp_dataset_8_1_7.csv|crp_dataset_8_1_8.csv|crp_dataset_8_1_2.csv,crp_dataset_8_1_4.csv,0.6719253624531633,0.855999999993152,0.816793893123536,107,18,24,107,0.023046875,0.0058,0.017246875000000002
LogReg,3,0.1,1.0,crp_dataset_8_1_7.csv|crp_dataset_8_1_8.csv|crp_dataset_8_1_2.csv,crp_dataset_8_1_1.csv,0.6719253624531633,0.8636363636265495,0.6031746031698161,76,12,50,118,0.0252685546875,0.004332386363636364,0.020936168323863635
LogReg,3,0.1,1.0,crp_dataset_8_1_7.csv|crp_dataset_8_1_8.csv|crp_dataset_8_1_4.csv,crp_dataset_8_1_6.csv,0.6289682793111188,0.9462365591296104,0.6285714285669388,88,5,52,111,0.026928710937499996,0.002150537634408602,0.024778173303091393
LogReg,3,0.1,1.0,crp_dataset_8_1_7.csv|crp_dataset_8_1_8.csv|crp_dataset_8_1_4.csv,crp_dataset_8_1_5.csv,0.6289682793111188,0.866666666655111,0.6499999999935,65,10,35,146,0.039282226562499994,0.0042499999999999994,0.0350322265625
LogReg,3,0.1,1.0,crp_dataset_8_1_7.csv|crp_dataset_8_1_8.csv|crp_dataset_8_1_4.csv,crp_dataset_8_1_3.csv,0.6289682793111188,0.9841269841191735,0.7167630057762038,124,2,49,81,0.0196044921875,0.000992063492063492,0.018612428695436507
LogReg,3,0.1,1.0,crp_dataset_8_1_7.csv|crp_dataset_8_1_8.csv|crp_dataset_8_1_4.csv,crp_dataset_8_1_2.csv,0.6289682793111188,0.9277108433623167,0.6470588235239743,77,6,42,131,0.039453125,0.0022590361445783136,0.037194088855421685
LogReg,3,0.1,1.0,crp_dataset_8_1_7.csv|crp_dataset_8_1_8.csv|crp_dataset_8_1_4.csv,crp_dataset_8_1_1.csv,0.6289682793111188,0.9574468085004526,0.7142857142800453,90,4,36,126,0.0252685546875,0.0010638297872340426,0.024204724900265956
LogReg,3,0.1,1.0,crp_dataset_8_1_7.csv|crp_dataset_8_1_8.csv|crp_dataset_8_1_1.csv,crp_dataset_8_1_6.csv,0.14643587382602807,0.6034482758594679,0.9999999999928573,140,92,0,24,0.026928710937499996,0.02087823275862069,0.006050478178879305
LogReg,3,0.1,1.0,crp_dataset_8_1_7.csv|crp_dataset_8_1_8.csv|crp_dataset_8_1_1.csv,crp_dataset_8_1_5.csv,0.14643587382602807,0.5549132947944803,0.9599999999904,96,77,4,79,0.039282226562499994,0.01777456647398844,0.021507660088511554
LogReg,3,0.1,1.0,crp_dataset_8_1_7.csv|crp_dataset_8_1_8.csv|crp_dataset_8_1_1.csv,crp_dataset_8_1_3.csv,0.14643587382602807,0.6825396825369741,0.9942196531734439,172,80,1,3,0.0196044921875,0.01932043650793651,0.0002840556795634906
LogReg,3,0.1,1.0,crp_dataset_8_1_7.csv|crp_dataset_8_1_8.csv|crp_dataset_8_1_1.csv,crp_dataset_8_1_2.csv,0.14643587382602807,0.5458715596305236,0.9999999999915966,119,99,0,38,0.039453125,0.029099770642201834,0.010353354357798165
LogReg,3,0.1,1.0,crp_dataset_8_1_7.csv|crp_dataset_8_1_8.csv|crp_dataset_8_1_1.csv,crp_dataset_8_1_4.csv,0.14643587382602807,0.5137254901940639,0.9999999999923664,131,124,0,1,0.023046875,0.022794117647058822,0.00025275735294117904
LogReg,3,0.1,1.0,crp_dataset_8_1_7.csv|crp_dataset_8_1_2.csv|crp_dataset_8_1_4.csv,crp_dataset_8_1_6.csv,0.6196619151323468,0.8124999999927455,0.6499999999953572,91,21,49,95,0.026928710937499996,0.00970982142857143,0.017218889508928567
LogReg,3,0.1,1.0,crp_dataset_8_1_7.csv|crp_dataset_8_1_2.csv|crp_dataset_8_1_4.csv,crp_dataset_8_1_5.csv,0.6196619151323468,0.8902439024281678,0.7299999999926999,73,9,27,147,0.039282226562499994,0.003734756097560975,0.03554747046493902
LogReg,3,0.1,1.0,crp_dataset_8_1_7.csv|crp_dataset_8_1_2.csv|crp_dataset_8_1_4.csv,crp_dataset_8_1_3.csv,0.6196619151323468,0.918032786877721,0.6473988439268937,112,10,61,73,0.0196044921875,0.0035348360655737708,0.016069656121926228
LogReg,3,0.1,1.0,crp_dataset_8_1_7.csv|crp_dataset_8_1_2.csv|crp_dataset_8_1_4.csv,crp_dataset_8_1_8.csv,0.6196619151323468,0.7951807228819857,0.4782608695617518,66,17,72,101,0.0283203125,0.005647590361445782,0.022672722138554216
LogReg,3,0.1,1.0,crp_dataset_8_1_7.csv|crp_dataset_8_1_2.csv|crp_dataset_8_1_4.csv,crp_dataset_8_1_1.csv,0.6196619151323468,0.8648648648531775,0.5079365079324767,64,10,62,120,0.0252685546875,0.003885135135135135,0.021383419552364866
LogReg,3,0.1,1.0,crp_dataset_8_1_7.csv|crp_dataset_8_1_2.csv|crp_dataset_8_1_1.csv,crp_dataset_8_1_6.csv,0.7561891618613555,0.8571428571341108,0.5999999999957143,84,14,56,102,0.026928710937499996,0.007206632653061225,0.01972207828443877
LogReg,3,0.1,1.0,crp_dataset_8_1_7.csv|crp_dataset_8_1_2.csv|crp_dataset_8_1_1.csv,crp_dataset_8_1_5.csv,0.7561891618613555,0.9999999999824563,0.5699999999943,57,0,43,156,0.039282226562499994,0.000986842105263158,0.038295384457236833
LogReg,3,0.1,1.0,crp_dataset_8_1_7.csv|crp_dataset_8_1_2.csv|crp_dataset_8_1_1.csv,crp_dataset_8_1_3.csv,0.7561891618613555,0.9572649572567755,0.6473988439268937,112,5,61,78,0.0196044921875,0.001388888888888889,0.018215603298611112
LogReg,3,0.1,1.0,crp_dataset_8_1_7.csv|crp_dataset_8_1_2.csv|crp_dataset_8_1_1.csv,crp_dataset_8_1_8.csv,0.7561891618613555,0.8679245282855109,0.3333333333309179,46,7,92,111,0.0283203125,0.004481132075471699,0.023839180424528303
LogReg,3,0.1,1.0,crp_dataset_8_1_7.csv|crp_dataset_8_1_2.csv|crp_dataset_8_1_1.csv,crp_dataset_8_1_4.csv,0.7561891618613555,0.9380530973368314,0.8091603053373347,106,7,25,118,0.023046875,0.0016039823008849557,0.021442892699115045
LogReg,3,0.1,1.0,crp_dataset_8_1_7.csv|crp_dataset_8_1_4.csv|crp_dataset_8_1_1.csv,crp_dataset_8_1_6.csv,0.8956130689747996,0.7868852458951895,0.6857142857093879,96,26,44,90,0.026928710937499996,0.010502049180327868,0.016426661757172126
LogReg,3,0.1,1.0,crp_dataset_8_1_7.csv|crp_dataset_8_1_4.csv|crp_dataset_8_1_1.csv,crp_dataset_8_1_5.csv,0.8956130689747996,0.9999999996666666,0.0299999999997,3,0,97,156,0.039282226562499994,0.0,0.039282226562499994
LogReg,3,0.1,1.0,crp_dataset_8_1_7.csv|crp_dataset_8_1_4.csv|crp_dataset_8_1_1.csv,crp_dataset_8_1_3.csv,0.8956130689747996,0.9734513274250137,0.635838150285342,110,3,63,80,0.0196044921875,0.0006084070796460178,0.018996085107853982
LogReg,3,0.1,1.0,crp_dataset_8_1_7.csv|crp_dataset_8_1_4.csv|crp_dataset_8_1_1.csv,crp_dataset_8_1_8.csv,0.8956130689747996,0.8333333332638889,0.07246376811541694,10,2,128,116,0.0283203125,0.0046875,0.0236328125
LogReg,3,0.1,1.0,crp_dataset_8_1_7.csv|crp_dataset_8_1_4.csv|crp_dataset_8_1_1.csv,crp_dataset_8_1_2.csv,0.8956130689747996,0.9999999995,0.016806722688934395,2,0,117,137,0.039453125,0.0,0.039453125
LogReg,3,0.1,1.0,crp_dataset_8_1_8.csv|crp_dataset_8_1_2.csv|crp_dataset_8_1_4.csv,crp_dataset_8_1_6.csv,0.7091771395585211,0.8617021276504074,0.5785714285672959,81,13,59,103,0.026928710937499996,0.006981382978723406,0.01994732795877659
LogReg,3,0.1,1.0,crp_dataset_8_1_8.csv|crp_dataset_8_1_2.csv|crp_dataset_8_1_4.csv,crp_dataset_8_1_5.csv,0.7091771395585211,0.781249999991862,0.7499999999925,75,21,25,135,0.039282226562499994,0.006705729166666667,0.03257649739583333
LogReg,3,0.1,1.0,crp_dataset_8_1_8.csv|crp_dataset_8_1_2.csv|crp_dataset_8_1_4.csv,crp_dataset_8_1_3.csv,0.7091771395585211,0.9666666666586111,0.670520231209997,116,4,57,79,0.0196044921875,0.0011979166666666666,0.018406575520833333
LogReg,3,0.1,1.0,crp_dataset_8_1_8.csv|crp_dataset_8_1_2.csv|crp_dataset_8_1_4.csv,crp_dataset_8_1_7.csv,0.7091771395585211,0.975609756092802,0.9090909090867769,200,5,20,31,0.0095703125,0.0008841463414634147,0.008686166158536585
LogReg,3,0.1,1.0,crp_dataset_8_1_8.csv|crp_dataset_8_1_2.csv|crp_dataset_8_1_4.csv,crp_dataset_8_1_1.csv,0.7091771395585211,0.8414634146238845,0.5476190476147014,69,13,57,117,0.0252685546875,0.005487804878048781,0.019780749809451218
LogReg,3,0.1,1.0,crp_dataset_8_1_8.csv|crp_dataset_8_1_2.csv|crp_dataset_8_1_1.csv,crp_dataset_8_1_6.csv,0.747344273626793,0.7835820895463912,0.749999999994643,105,29,35,87,0.026928710937499996,0.010680970149253732,0.016247740788246263
LogReg,3,0.1,1.0,crp_dataset_8_1_8.csv|crp_dataset_8_1_2.csv|crp_dataset_8_1_1.csv,crp_dataset_8_1_5.csv,0.747344273626793,0.8648648648531775,0.6399999999936,64,10,36,146,0.039282226562499994,0.004560810810810811,0.03472141575168918
LogReg,3,0.1,1.0,crp_dataset_8_1_8.csv|crp_dataset_8_1_2.csv|crp_dataset_8_1_1.csv,crp_dataset_8_1_3.csv,0.747344273626793,0.9044117646992323,0.7109826589554279,123,13,50,70,0.0196044921875,0.004917279411764706,0.014687212775735294
LogReg,3,0.1,1.0,crp_dataset_8_1_8.csv|crp_dataset_8_1_2.csv|crp_dataset_8_1_1.csv,crp_dataset_8_1_7.csv,0.747344273626793,0.9575471698068041,0.9227272727230785,203,9,17,27,0.0095703125,0.0016804245283018869,0.007889887971698114
LogReg,3,0.1,1.0,crp_dataset_8_1_8.csv|crp_dataset_8_1_2.csv|crp_dataset_8_1_1.csv,crp_dataset_8_1_4.csv,0.747344273626793,0.7769784172605974,0.8244274809097373,108,31,23,94,0.023046875,0.009442446043165468,0.013604428956834533
LogReg,3,0.1,1.0,crp_dataset_8_1_8.csv|crp_dataset_8_1_4.csv|crp_dataset_8_1_1.csv,crp_dataset_8_1_6.csv,0.8600273752510661,0.9999999999843749,0.45714285713959185,64,0,76,116,0.026928710937499996,0.0,0.026928710937499996
LogReg,3,0.1,1.0,crp_dataset_8_1_8.csv|crp_dataset_8_1_4.csv|crp_dataset_8_1_1.csv,crp_dataset_8_1_5.csv,0.8600273752510661,0.9999999999743591,0.38999999999609997,39,0,61,156,0.039282226562499994,0.0003205128205128205,0.038961713741987175
LogReg,3,0.1,1.0,crp_dataset_8_1_8.csv|crp_dataset_8_1_4.csv|crp_dataset_8_1_1.csv,crp_dataset_8_1_3.csv,0.8600273752510661,0.9999999999882353,0.4913294797659461,85,0,88,83,0.0196044921875,0.0,0.0196044921875
LogReg,3,0.1,1.0,crp_dataset_8_1_8.csv|crp_dataset_8_1_4.csv|crp_dataset_8_1_1.csv,crp_dataset_8_1_7.csv,0.8600273752510661,0.9999999999920635,0.5727272727246695,126,0,94,36,0.0095703125,0.0,0.0095703125
LogReg,3,0.1,1.0,crp_dataset_8_1_8.csv|crp_dataset_8_1_4.csv|crp_dataset_8_1_1.csv,crp_dataset_8_1_2.csv,0.8600273752510661,0.9999999999473684,0.15966386554487677,19,0,100,137,0.039453125,0.0009868421052631581,0.03846628289473684
LogReg,3,0.1,1.0,crp_dataset_8_1_2.csv|crp_dataset_8_1_4.csv|crp_dataset_8_1_1.csv,crp_dataset_8_1_6.csv,0.714145169509086,0.826530612236464,0.5785714285672959,81,17,59,99,0.026928710937499996,0.008290816326530613,0.01863789461096938
LogReg,3,0.1,1.0,crp_dataset_8_1_2.csv|crp_dataset_8_1_4.csv|crp_dataset_8_1_1.csv,crp_dataset_8_1_5.csv,0.714145169509086,0.9814814814633059,0.5299999999946999,53,1,47,155,0.039282226562499994,0.0010416666666666669,0.038240559895833325
LogReg,3,0.1,1.0,crp_dataset_8_1_2.csv|crp_dataset_8_1_4.csv|crp_dataset_8_1_1.csv,crp_dataset_8_1_3.csv,0.714145169509086,0.9823008849470592,0.6416184971061178,111,2,62,81,0.0196044921875,0.00038716814159292035,0.019217324045907078
LogReg,3,0.1,1.0,crp_dataset_8_1_2.csv|crp_dataset_8_1_4.csv|crp_dataset_8_1_1.csv,crp_dataset_8_1_7.csv,0.714145169509086,0.9946524064117933,0.8454545454507025,186,1,34,35,0.0095703125,0.0001002673796791444,0.009470045120320856
LogReg,3,0.1,1.0,crp_dataset_8_1_2.csv|crp_dataset_8_1_4.csv|crp_dataset_8_1_1.csv,crp_dataset_8_1_8.csv,0.714145169509086,0.8571428571224491,0.260869565215501,36,6,102,112,0.0283203125,0.004613095238095238,0.02370721726190476
LogReg,4,0.1,1.0,crp_dataset_8_1_6.csv|crp_dataset_8_1_5.csv|crp_dataset_8_1_3.csv|crp_dataset_8_1_7.csv,crp_dataset_8_1_8.csv,0.678251012095487,0.8135593220201092,0.3478260869540013,48,11,90,107,0.0283203125,0.005296610169491524,0.023023702330508475
LogReg,4,0.1,1.0,crp_dataset_8_1_6.csv|crp_dataset_8_1_5.csv|crp_dataset_8_1_3.csv|crp_dataset_8_1_7.csv,crp_dataset_8_1_2.csv,0.678251012095487,0.9999999999666667,0.252100840334016,30,0,89,137,0.039453125,0.0010416666666666667,0.03841145833333333
LogReg,4,0.1,1.0,crp_dataset_8_1_6.csv|crp_dataset_8_1_5.csv|crp_dataset_8_1_3.csv|crp_dataset_8_1_7.csv,crp_dataset_8_1_4.csv,0.678251012095487,0.9711538461445081,0.7709923664063284,101,3,30,122,0.023046875,0.0008413461538461539,0.022205528846153847
LogReg,4,0.1,1.0,crp_dataset_8_1_6.csv|crp_dataset_8_1_5.csv|crp_dataset_8_1_3.csv|crp_dataset_8_1_7.csv,crp_dataset_8_1_1.csv,0.678251012095487,0.9692307692158579,0.49999999999603173,63,2,63,128,0.0252685546875,0.0007692307692307692,0.02449932391826923
LogReg,4,0.1,1.0,crp_dataset_8_1_6.csv|crp_dataset_8_1_5.csv|crp_dataset_8_1_3.csv|crp_dataset_8_1_8.csv,crp_dataset_8_1_7.csv,0.675942738993191,0.9746192893351543,0.8727272727233059,192,5,28,31,0.0095703125,0.0008565989847715736,0.008713713515228427
LogReg,4,0.1,1.0,crp_dataset_8_1_6.csv|crp_dataset_8_1_5.csv|crp_dataset_8_1_3.csv|crp_dataset_8_1_8.csv,crp_dataset_8_1_2.csv,0.675942738993191,0.9599999999616,0.20168067226721276,24,1,95,136,0.039453125,0.002,0.037453125
LogReg,4,0.1,1.0,crp_dataset_8_1_6.csv|crp_dataset_8_1_5.csv|crp_dataset_8_1_3.csv|crp_dataset_8_1_8.csv,crp_dataset_8_1_4.csv,0.675942738993191,0.8867924528218227,0.7175572519029194,94,12,37,113,0.023046875,0.0042452830188679245,0.018801591981132078
LogReg,4,0.1,1.0,crp_dataset_8_1_6.csv|crp_dataset_8_1_5.csv|crp_dataset_8_1_3.csv|crp_dataset_8_1_8.csv,crp_dataset_8_1_1.csv,0.675942738993191,0.9154929577335845,0.5158730158689216,65,6,61,124,0.0252685546875,0.002816901408450704,0.022451653279049296
LogReg,4,0.1,1.0,crp_dataset_8_1_6.csv|crp_dataset_8_1_5.csv|crp_dataset_8_1_3.csv|crp_dataset_8_1_2.csv,crp_dataset_8_1_7.csv,0.6565013403750389,0.9523809523768295,0.9999999999954546,220,11,0,25,0.0095703125,0.0015151515151515152,0.008055160984848486
LogReg,4,0.1,1.0,crp_dataset_8_1_6.csv|crp_dataset_8_1_5.csv|crp_dataset_8_1_3.csv|crp_dataset_8_1_2.csv,crp_dataset_8_1_8.csv,0.6565013403750389,0.817073170721743,0.48550724637329346,67,15,71,103,0.0283203125,0.005564024390243902,0.0227562881097561
LogReg,4,0.1,1.0,crp_dataset_8_1_6.csv|crp_dataset_8_1_5.csv|crp_dataset_8_1_3.csv|crp_dataset_8_1_2.csv,crp_dataset_8_1_4.csv,0.6565013403750389,0.9016393442549046,0.8396946564821398,110,12,21,113,0.023046875,0.0037397540983606556,0.019307120901639347
LogReg,4,0.1,1.0,crp_dataset_8_1_6.csv|crp_dataset_8_1_5.csv|crp_dataset_8_1_3.csv|crp_dataset_8_1_2.csv,crp_dataset_8_1_1.csv,0.6565013403750389,0.8933333333214222,0.5317460317418116,67,8,59,122,0.0252685546875,0.00325,0.0220185546875
LogReg,4,0.1,1.0,crp_dataset_8_1_6.csv|crp_dataset_8_1_5.csv|crp_dataset_8_1_3.csv|crp_dataset_8_1_4.csv,crp_dataset_8_1_7.csv,0.7873931456701936,0.9999999999946237,0.8454545454507025,186,0,34,36,0.0095703125,0.00023521505376344085,0.00933509744623656
LogReg,4,0.1,1.0,crp_dataset_8_1_6.csv|crp_dataset_8_1_5.csv|crp_dataset_8_1_3.csv|crp_dataset_8_1_4.csv,crp_dataset_8_1_8.csv,0.7873931456701936,0.7916666666336806,0.13768115941929218,19,5,119,113,0.0283203125,0.0054687500000000005,0.0228515625
LogReg,4,0.1,1.0,crp_dataset_8_1_6.csv|crp_dataset_8_1_5.csv|crp_dataset_8_1_3.csv|crp_dataset_8_1_4.csv,crp_dataset_8_1_2.csv,0.7873931456701936,0.9999999998333333,0.05042016806680319,6,0,113,137,0.039453125,0.0020833333333333333,0.037369791666666666
LogReg,4,0.1,1.0,crp_dataset_8_1_6.csv|crp_dataset_8_1_5.csv|crp_dataset_8_1_3.csv|crp_dataset_8_1_4.csv,crp_dataset_8_1_1.csv,0.7873931456701936,0.9534883720708491,0.32539682539424286,41,2,85,128,0.0252685546875,0.0010174418604651163,0.024251112827034883
LogReg,4,0.1,1.0,crp_dataset_8_1_6.csv|crp_dataset_8_1_5.csv|crp_dataset_8_1_3.csv|crp_dataset_8_1_1.csv,crp_dataset_8_1_7.csv,0.7312061247896811,0.9999999999946809,0.8545454545415703,188,0,32,36,0.0095703125,6.648936170212766e-05,0.009503823138297873
LogReg,4,0.1,1.0,crp_dataset_8_1_6.csv|crp_dataset_8_1_5.csv|crp_dataset_8_1_3.csv|crp_dataset_8_1_1.csv,crp_dataset_8_1_8.csv,0.7312061247896811,0.8437499999736329,0.19565217391162573,27,5,111,113,0.0283203125,0.0048828125,0.0234375
LogReg,4,0.1,1.0,crp_dataset_8_1_6.csv|crp_dataset_8_1_5.csv|crp_dataset_8_1_3.csv|crp_dataset_8_1_1.csv,crp_dataset_8_1_2.csv,0.7312061247896811,0.9999999999166667,0.10084033613360638,12,0,107,137,0.039453125,0.0010416666666666667,0.03841145833333333
LogReg,4,0.1,1.0,crp_dataset_8_1_6.csv|crp_dataset_8_1_5.csv|crp_dataset_8_1_3.csv|crp_dataset_8_1_1.csv,crp_dataset_8_1_4.csv,0.7312061247896811,0.9489795918270512,0.7099236641167181,93,5,38,120,0.023046875,0.0013392857142857143,0.02170758928571429
LogReg,4,0.1,1.0,crp_dataset_8_1_6.csv|crp_dataset_8_1_5.csv|crp_dataset_8_1_7.csv|crp_dataset_8_1_8.csv,crp_dataset_8_1_3.csv,0.7620044173005551,0.9714285714193197,0.5895953757191353,102,3,71,80,0.0196044921875,0.0007142857142857143,0.018890206473214283
LogReg,4,0.1,1.0,crp_dataset_8_1_6.csv|crp_dataset_8_1_5.csv|crp_dataset_8_1_7.csv|crp_dataset_8_1_8.csv,crp_dataset_8_1_2.csv,0.7620044173005551,0.99999999996,0.21008403361167996,25,0,94,137,0.039453125,0.0015000000000000002,0.037953125
LogReg,4,0.1,1.0,crp_dataset_8_1_6.csv|crp_dataset_8_1_5.csv|crp_dataset_8_1_7.csv|crp_dataset_8_1_8.csv,crp_dataset_8_1_4.csv,0.7620044173005551,0.9595959595862666,0.7251908396891208,95,4,36,121,0.023046875,0.00101010101010101,0.02203677398989899
LogReg,4,0.1,1.0,crp_dataset_8_1_6.csv|crp_dataset_8_1_5.csv|crp_dataset_8_1_7.csv|crp_dataset_8_1_8.csv,crp_dataset_8_1_1.csv,0.7620044173005551,0.9344262294928783,0.45238095237736203,57,4,69,126,0.0252685546875,0.0014344262295081969,0.023834128457991804
LogReg,4,0.1,1.0,crp_dataset_8_1_6.csv|crp_dataset_8_1_5.csv|crp_dataset_8_1_7.csv|crp_dataset_8_1_2.csv,crp_dataset_8_1_3.csv,0.67767107602202,0.9421487603227922,0.6589595375684454,114,7,59,76,0.0196044921875,0.00237603305785124,0.01722845912964876
LogReg,4,0.1,1.0,crp_dataset_8_1_6.csv|crp_dataset_8_1_5.csv|crp_dataset_8_1_7.csv|crp_dataset_8_1_2.csv,crp_dataset_8_1_8.csv,0.67767107602202,0.7948717948616042,0.449275362315585,62,16,76,102,0.0283203125,0.00608974358974359,0.02223056891025641
LogReg,4,0.1,1.0,crp_dataset_8_1_6.csv|crp_dataset_8_1_5.csv|crp_dataset_8_1_7.csv|crp_dataset_8_1_2.csv,crp_dataset_8_1_4.csv,0.67767107602202,0.8852459016320882,0.8244274809097373,108,14,23,111,0.023046875,0.004200819672131148,0.018846055327868854
LogReg,4,0.1,1.0,crp_dataset_8_1_6.csv|crp_dataset_8_1_5.csv|crp_dataset_8_1_7.csv|crp_dataset_8_1_2.csv,crp_dataset_8_1_1.csv,0.67767107602202,0.8873239436494743,0.49999999999603173,63,8,63,122,0.0252685546875,0.003433098591549295,0.021835456095950705
LogReg,4,0.1,1.0,crp_dataset_8_1_6.csv|crp_dataset_8_1_5.csv|crp_dataset_8_1_7.csv|crp_dataset_8_1_4.csv,crp_dataset_8_1_3.csv,0.7695275189317733,0.9824561403422591,0.6473988439268937,112,2,61,81,0.0196044921875,0.0002192982456140351,0.019385193941885964
LogReg,4,0.1,1.0,crp_dataset_8_1_6.csv|crp_dataset_8_1_5.csv|crp_dataset_8_1_7.csv|crp_dataset_8_1_4.csv,crp_dataset_8_1_8.csv,0.7695275189317733,0.9655172413460167,0.20289855072316743,28,1,110,117,0.0283203125,0.0025862068965517245,0.025734105603448274
LogReg,4,0.1,1.0,crp_dataset_8_1_6.csv|crp_dataset_8_1_5.csv|crp_dataset_8_1_7.csv|crp_dataset_8_1_4.csv,crp_dataset_8_1_2.csv,0.7695275189317733,0.9999999999411765,0.14285714285594237,17,0,102,137,0.039453125,0.0007352941176470588,0.03871783088235294
LogReg,4,0.1,1.0,crp_dataset_8_1_6.csv|crp_dataset_8_1_5.csv|crp_dataset_8_1_7.csv|crp_dataset_8_1_4.csv,crp_dataset_8_1_1.csv,0.7695275189317733,0.964285714268495,0.4285714285680272,54,2,72,128,0.0252685546875,0.0007812499999999999,0.0244873046875
LogReg,4,0.1,1.0,crp_dataset_8_1_6.csv|crp_dataset_8_1_5.csv|crp_dataset_8_1_7.csv|crp_dataset_8_1_1.csv,crp_dataset_8_1_3.csv,0.7482019880104265,0.9722222222132201,0.6069364161814629,105,3,68,80,0.0196044921875,0.0006944444444444446,0.018910047743055554
LogReg,4,0.1,1.0,crp_dataset_8_1_6.csv|crp_dataset_8_1_5.csv|crp_dataset_8_1_7.csv|crp_dataset_8_1_1.csv,crp_dataset_8_1_8.csv,0.7482019880104265,0.9230769230414201,0.17391304347700065,24,2,114,116,0.0283203125,0.003365384615384615,0.024954927884615386
LogReg,4,0.1,1.0,crp_dataset_8_1_6.csv|crp_dataset_8_1_5.csv|crp_dataset_8_1_7.csv|crp_dataset_8_1_1.csv,crp_dataset_8_1_2.csv,0.7482019880104265,0.9999999998333333,0.05042016806680319,6,0,113,137,0.039453125,0.0020833333333333333,0.037369791666666666
LogReg,4,0.1,1.0,crp_dataset_8_1_6.csv|crp_dataset_8_1_5.csv|crp_dataset_8_1_7.csv|crp_dataset_8_1_1.csv,crp_dataset_8_1_4.csv,0.7482019880104265,0.9787234042449071,0.7022900763305169,92,2,39,123,0.023046875,0.0006648936170212766,0.022381981382978724
LogReg,4,0.1,1.0,crp_dataset_8_1_6.csv|crp_dataset_8_1_5.csv|crp_dataset_8_1_8.csv|crp_dataset_8_1_2.csv,crp_dataset_8_1_3.csv,0.6424517304203536,0.968503937000248,0.7109826589554279,123,4,50,79,0.0196044921875,0.0011318897637795275,0.018472602423720473
LogReg,4,0.1,1.0,crp_dataset_8_1_6.csv|crp_dataset_8_1_5.csv|crp_dataset_8_1_8.csv|crp_dataset_8_1_2.csv,crp_dataset_8_1_7.csv,0.6424517304203536,0.9772727272682852,0.9772727272682852,215,5,5,31,0.0095703125,0.0009659090909090911,0.00860440340909091
LogReg,4,0.1,1.0,crp_dataset_8_1_6.csv|crp_dataset_8_1_5.csv|crp_dataset_8_1_8.csv|crp_dataset_8_1_2.csv,crp_dataset_8_1_4.csv,0.6424517304203536,0.887931034475104,0.7862595419787309,103,13,28,112,0.023046875,0.00447198275862069,0.01857489224137931
LogReg,4,0.1,1.0,crp_dataset_8_1_6.csv|crp_dataset_8_1_5.csv|crp_dataset_8_1_8.csv|crp_dataset_8_1_2.csv,crp_dataset_8_1_1.csv,0.6424517304203536,0.8874999999889062,0.5634920634875913,71,9,55,121,0.0252685546875,0.0034375000000000005,0.0218310546875
LogReg,4,0.1,1.0,crp_dataset_8_1_6.csv|crp_dataset_8_1_5.csv|crp_dataset_8_1_8.csv|crp_dataset_8_1_4.csv,crp_dataset_8_1_3.csv,0.6112162519639949,0.9603174603098388,0.6994219653138762,121,5,52,78,0.0196044921875,0.0016369047619047617,0.017967587425595236
LogReg,4,0.1,1.0,crp_dataset_8_1_6.csv|crp_dataset_8_1_5.csv|crp_dataset_8_1_8.csv|crp_dataset_8_1_4.csv,crp_dataset_8_1_7.csv,0.6112162519639949,0.9856459330096381,0.9363636363593802,206,3,14,33,0.0095703125,0.0005083732057416268,0.009061939294258374
LogReg,4,0.1,1.0,crp_dataset_8_1_6.csv|crp_dataset_8_1_5.csv|crp_dataset_8_1_8.csv|crp_dataset_8_1_4.csv,crp_dataset_8_1_2.csv,0.6112162519639949,0.9473684210277009,0.30252100840081914,36,2,83,135,0.039453125,0.0021381578947368422,0.03731496710526316
LogReg,4,0.1,1.0,crp_dataset_8_1_6.csv|crp_dataset_8_1_5.csv|crp_dataset_8_1_8.csv|crp_dataset_8_1_4.csv,crp_dataset_8_1_1.csv,0.6112162519639949,0.9367088607476366,0.5873015872969262,74,5,52,125,0.0252685546875,0.0017405063291139242,0.023528048358386077
LogReg,4,0.1,1.0,crp_dataset_8_1_6.csv|crp_dataset_8_1_5.csv|crp_dataset_8_1_8.csv|crp_dataset_8_1_1.csv,crp_dataset_8_1_3.csv,0.7169445243380081,0.982142857134088,0.635838150285342,110,2,63,81,0.0196044921875,0.0010602678571428573,0.018544224330357142
LogReg,4,0.1,1.0,crp_dataset_8_1_6.csv|crp_dataset_8_1_5.csv|crp_dataset_8_1_8.csv|crp_dataset_8_1_1.csv,crp_dataset_8_1_7.csv,0.7169445243380081,0.9999999999940477,0.7636363636328926,168,0,52,36,0.0095703125,3.7202380952380956e-05,0.00953311011904762
LogReg,4,0.1,1.0,crp_dataset_8_1_6.csv|crp_dataset_8_1_5.csv|crp_dataset_8_1_8.csv|crp_dataset_8_1_1.csv,crp_dataset_8_1_2.csv,0.7169445243380081,0.9999999998571428,0.05882352941127039,7,0,112,137,0.039453125,0.0017857142857142859,0.03766741071428571
LogReg,4,0.1,1.0,crp_dataset_8_1_6.csv|crp_dataset_8_1_5.csv|crp_dataset_8_1_8.csv|crp_dataset_8_1_1.csv,crp_dataset_8_1_4.csv,0.7169445243380081,0.9318181818075929,0.6259541984685042,82,6,49,119,0.023046875,0.002627840909090909,0.020419034090909092
LogReg,4,0.1,1.0,crp_dataset_8_1_6.csv|crp_dataset_8_1_5.csv|crp_dataset_8_1_2.csv|crp_dataset_8_1_4.csv,crp_dataset_8_1_3.csv,0.7285060963428407,0.999999999990566,0.6127167630022387,106,0,67,83,0.0196044921875,0.0,0.0196044921875
LogReg,4,0.1,1.0,crp_dataset_8_1_6.csv|crp_dataset_8_1_5.csv|crp_dataset_8_1_2.csv|crp_dataset_8_1_4.csv,crp_dataset_8_1_7.csv,0.7285060963428407,0.9999999999942858,0.7954545454509298,175,0,45,36,0.0095703125,3.571428571428572e-05,0.009534598214285714
LogReg,4,0.1,1.0,crp_dataset_8_1_6.csv|crp_dataset_8_1_5.csv|crp_dataset_8_1_2.csv|crp_dataset_8_1_4.csv,crp_dataset_8_1_8.csv,0.7285060963428407,0.9117647058555364,0.2246376811577925,31,3,107,115,0.0283203125,0.0033088235294117647,0.025011488970588237
LogReg,4,0.1,1.0,crp_dataset_8_1_6.csv|crp_dataset_8_1_5.csv|crp_dataset_8_1_2.csv|crp_dataset_8_1_4.csv,crp_dataset_8_1_1.csv,0.7285060963428407,0.9636363636188431,0.42063492063158225,53,2,73,128,0.0252685546875,0.0007954545454545454,0.024473100142045456
LogReg,4,0.1,1.0,crp_dataset_8_1_6.csv|crp_dataset_8_1_5.csv|crp_dataset_8_1_2.csv|crp_dataset_8_1_1.csv,crp_dataset_8_1_3.csv,0.7520012835793537,0.9633027522847403,0.6069364161814629,105,4,68,79,0.0196044921875,0.0013188073394495411,0.01828568484805046
LogReg,4,0.1,1.0,crp_dataset_8_1_6.csv|crp_dataset_8_1_5.csv|crp_dataset_8_1_2.csv|crp_dataset_8_1_1.csv,crp_dataset_8_1_7.csv,0.7520012835793537,0.9831460674102072,0.7954545454509298,175,3,45,33,0.0095703125,0.0004915730337078652,0.009078739466292136
LogReg,4,0.1,1.0,crp_dataset_8_1_6.csv|crp_dataset_8_1_5.csv|crp_dataset_8_1_2.csv|crp_dataset_8_1_1.csv,crp_dataset_8_1_8.csv,0.7520012835793537,0.8499999999787501,0.2463768115924176,34,6,104,112,0.0283203125,0.00484375,0.0234765625
LogReg,4,0.1,1.0,crp_dataset_8_1_6.csv|crp_dataset_8_1_5.csv|crp_dataset_8_1_2.csv|crp_dataset_8_1_1.csv,crp_dataset_8_1_4.csv,0.7520012835793537,0.9175257731864173,0.6793893129719131,89,8,42,117,0.023046875,0.0022551546391752575,0.020791720360824745
LogReg,4,0.1,1.0,crp_dataset_8_1_6.csv|crp_dataset_8_1_5.csv|crp_dataset_8_1_4.csv|crp_dataset_8_1_1.csv,crp_dataset_8_1_3.csv,0.6103349525310778,0.9666666666586111,0.670520231209997,116,4,57,79,0.0196044921875,0.0011979166666666668,0.018406575520833333
LogReg,4,0.1,1.0,crp_dataset_8_1_6.csv|crp_dataset_8_1_5.csv|crp_dataset_8_1_4.csv|crp_dataset_8_1_1.csv,crp_dataset_8_1_7.csv,0.6103349525310778,0.999999999995122,0.9318181818139464,205,0,15,36,0.0095703125,0.0002134146341463415,0.009356897865853659
LogReg,4,0.1,1.0,crp_dataset_8_1_6.csv|crp_dataset_8_1_5.csv|crp_dataset_8_1_4.csv|crp_dataset_8_1_1.csv,crp_dataset_8_1_8.csv,0.6103349525310778,0.8333333333159723,0.28985507246166775,40,8,98,110,0.0283203125,0.005208333333333333,0.023111979166666668
LogReg,4,0.1,1.0,crp_dataset_8_1_6.csv|crp_dataset_8_1_5.csv|crp_dataset_8_1_4.csv|crp_dataset_8_1_1.csv,crp_dataset_8_1_2.csv,0.6103349525310778,0.9999999999473684,0.15966386554487677,19,0,100,137,0.039453125,0.0006578947368421052,0.03879523026315789
LogReg,4,0.1,1.0,crp_dataset_8_1_6.csv|crp_dataset_8_1_3.csv|crp_dataset_8_1_7.csv|crp_dataset_8_1_8.csv,crp_dataset_8_1_5.csv,0.8311996863507176,0.946428571411671,0.5299999999946999,53,3,47,153,0.039282226562499994,0.0016741071428571428,0.03760811941964285
LogReg,4,0.1,1.0,crp_dataset_8_1_6.csv|crp_dataset_8_1_3.csv|crp_dataset_8_1_7.csv|crp_dataset_8_1_8.csv,crp_dataset_8_1_2.csv,0.8311996863507176,0.999999999962963,0.22689075630061437,27,0,92,137,0.039453125,0.000925925925925926,0.03852719907407407
LogReg,4,0.1,1.0,crp_dataset_8_1_6.csv|crp_dataset_8_1_3.csv|crp_dataset_8_1_7.csv|crp_dataset_8_1_8.csv,crp_dataset_8_1_4.csv,0.8311996863507176,0.9595959595862666,0.7251908396891208,95,4,36,121,0.023046875,0.00101010101010101,0.02203677398989899
LogReg,4,0.1,1.0,crp_dataset_8_1_6.csv|crp_dataset_8_1_3.csv|crp_dataset_8_1_7.csv|crp_dataset_8_1_8.csv,crp_dataset_8_1_1.csv,0.8311996863507176,0.9374999999853515,0.4761904761866969,60,4,66,126,0.0252685546875,0.0013671875,0.0239013671875
LogReg,4,0.1,1.0,crp_dataset_8_1_6.csv|crp_dataset_8_1_3.csv|crp_dataset_8_1_7.csv|crp_dataset_8_1_2.csv,crp_dataset_8_1_5.csv,0.7792904255039855,0.793814432981507,0.7699999999923,77,20,23,136,0.039282226562499994,0.006056701030927835,0.03322552553157216
LogReg,4,0.1,1.0,crp_dataset_8_1_6.csv|crp_dataset_8_1_3.csv|crp_dataset_8_1_7.csv|crp_dataset_8_1_2.csv,crp_dataset_8_1_8.csv,0.7792904255039855,0.7499999999918477,0.49999999999637684,69,23,69,95,0.0283203125,0.006317934782608695,0.022002377717391306
LogReg,4,0.1,1.0,crp_dataset_8_1_6.csv|crp_dataset_8_1_3.csv|crp_dataset_8_1_7.csv|crp_dataset_8_1_2.csv,crp_dataset_8_1_4.csv,0.7792904255039855,0.89430894308216,0.8396946564821398,110,13,21,112,0.023046875,0.004166666666666667,0.018880208333333336
LogReg,4,0.1,1.0,crp_dataset_8_1_6.csv|crp_dataset_8_1_3.csv|crp_dataset_8_1_7.csv|crp_dataset_8_1_2.csv,crp_dataset_8_1_1.csv,0.7792904255039855,0.869565217378702,0.4761904761866969,60,9,66,121,0.0252685546875,0.0038043478260869567,0.021464206861413045
LogReg,4,0.1,1.0,crp_dataset_8_1_6.csv|crp_dataset_8_1_3.csv|crp_dataset_8_1_7.csv|crp_dataset_8_1_4.csv,crp_dataset_8_1_5.csv,0.8693509182678679,0.9999999998888889,0.0899999999991,9,0,91,156,0.039282226562499994,0.0,0.039282226562499994
LogReg,4,0.1,1.0,crp_dataset_8_1_6.csv|crp_dataset_8_1_3.csv|crp_dataset_8_1_7.csv|crp_dataset_8_1_4.csv,crp_dataset_8_1_8.csv,0.8693509182678679,0.9333333332711111,0.10144927536158371,14,1,124,117,0.0283203125,0.003333333333333333,0.024986979166666666
LogReg,4,0.1,1.0,crp_dataset_8_1_6.csv|crp_dataset_8_1_3.csv|crp_dataset_8_1_7.csv|crp_dataset_8_1_4.csv,crp_dataset_8_1_2.csv,0.8693509182678679,0.9999999998333333,0.05042016806680319,6,0,113,137,0.039453125,0.0020833333333333333,0.037369791666666666
LogReg,4,0.1,1.0,crp_dataset_8_1_6.csv|crp_dataset_8_1_3.csv|crp_dataset_8_1_7.csv|crp_dataset_8_1_4.csv,crp_dataset_8_1_1.csv,0.8693509182678679,0.9565217391096409,0.34920634920357774,44,2,82,128,0.0252685546875,0.0009510869565217391,0.02431746773097826
LogReg,4,0.1,1.0,crp_dataset_8_1_6.csv|crp_dataset_8_1_3.csv|crp_dataset_8_1_7.csv|crp_dataset_8_1_1.csv,crp_dataset_8_1_5.csv,0.10709122165026026,0.5271739130406132,0.9699999999903,97,87,3,69,0.039282226562499994,0.022758152173913044,0.01652407438858695
LogReg,4,0.1,1.0,crp_dataset_8_1_6.csv|crp_dataset_8_1_3.csv|crp_dataset_8_1_7.csv|crp_dataset_8_1_1.csv,crp_dataset_8_1_8.csv,0.10709122165026026,0.5390624999978944,0.9999999999927537,138,118,0,0,0.0283203125,0.0283203125,0.0
LogReg,4,0.1,1.0,crp_dataset_8_1_6.csv|crp_dataset_8_1_3.csv|crp_dataset_8_1_7.csv|crp_dataset_8_1_1.csv,crp_dataset_8_1_2.csv,0.10709122165026026,0.6263157894703878,0.9999999999915966,119,71,0,66,0.039453125,0.019440789473684213,0.020012335526315785
LogReg,4,0.1,1.0,crp_dataset_8_1_6.csv|crp_dataset_8_1_3.csv|crp_dataset_8_1_7.csv|crp_dataset_8_1_1.csv,crp_dataset_8_1_4.csv,0.10709122165026026,0.5325203252010874,0.9999999999923664,131,115,0,10,0.023046875,0.021595528455284552,0.001451346544715449
LogReg,4,0.1,1.0,crp_dataset_8_1_6.csv|crp_dataset_8_1_3.csv|crp_dataset_8_1_8.csv|crp_dataset_8_1_2.csv,crp_dataset_8_1_5.csv,0.6128084322830308,0.793814432981507,0.7699999999923,77,20,23,136,0.039282226562499994,0.0062499999999999995,0.033032226562499996
LogReg,4,0.1,1.0,crp_dataset_8_1_6.csv|crp_dataset_8_1_3.csv|crp_dataset_8_1_8.csv|crp_dataset_8_1_2.csv,crp_dataset_8_1_7.csv,0.6128084322830308,0.9688888888845828,0.9909090909045868,218,7,2,29,0.0095703125,0.0011111111111111111,0.00845920138888889
LogReg,4,0.1,1.0,crp_dataset_8_1_6.csv|crp_dataset_8_1_3.csv|crp_dataset_8_1_8.csv|crp_dataset_8_1_2.csv,crp_dataset_8_1_4.csv,0.6128084322830308,0.8384615384550889,0.8320610686959385,109,21,22,104,0.023046875,0.006778846153846154,0.016268028846153845
LogReg,4,0.1,1.0,crp_dataset_8_1_6.csv|crp_dataset_8_1_3.csv|crp_dataset_8_1_8.csv|crp_dataset_8_1_2.csv,crp_dataset_8_1_1.csv,0.6128084322830308,0.8505747126339014,0.5873015872969262,74,13,52,117,0.0252685546875,0.005387931034482759,0.01988062365301724
LogReg,4,0.1,1.0,crp_dataset_8_1_6.csv|crp_dataset_8_1_3.csv|crp_dataset_8_1_8.csv|crp_dataset_8_1_4.csv,crp_dataset_8_1_5.csv,0.7193501784725681,0.8607594936599904,0.6799999999931999,68,11,32,145,0.039282226562499994,0.004430379746835443,0.03485184681566455
LogReg,4,0.1,1.0,crp_dataset_8_1_6.csv|crp_dataset_8_1_3.csv|crp_dataset_8_1_8.csv|crp_dataset_8_1_4.csv,crp_dataset_8_1_7.csv,0.7193501784725681,0.9999999999947369,0.863636363632438,190,0,30,36,0.0095703125,0.00013157894736842105,0.009438733552631579
LogReg,4,0.1,1.0,crp_dataset_8_1_6.csv|crp_dataset_8_1_3.csv|crp_dataset_8_1_8.csv|crp_dataset_8_1_4.csv,crp_dataset_8_1_2.csv,0.7193501784725681,0.8658536585260261,0.5966386554571711,71,11,48,126,0.039453125,0.0031250000000000006,0.036328124999999996
LogReg,4,0.1,1.0,crp_dataset_8_1_6.csv|crp_dataset_8_1_3.csv|crp_dataset_8_1_8.csv|crp_dataset_8_1_4.csv,crp_dataset_8_1_1.csv,0.7193501784725681,0.9342105263034972,0.5634920634875913,71,5,55,125,0.0252685546875,0.0013980263157894737,0.023870528371710525
LogReg,4,0.1,1.0,crp_dataset_8_1_6.csv|crp_dataset_8_1_3.csv|crp_dataset_8_1_8.csv|crp_dataset_8_1_1.csv,crp_dataset_8_1_5.csv,0.6963249231396177,0.9545454545309917,0.6299999999936999,63,3,37,153,0.039282226562499994,0.001893939393939394,0.0373882871685606
LogReg,4,0.1,1.0,crp_dataset_8_1_6.csv|crp_dataset_8_1_3.csv|crp_dataset_8_1_8.csv|crp_dataset_8_1_1.csv,crp_dataset_8_1_7.csv,0.6963249231396177,0.9863013698585101,0.981818181813719,216,3,4,33,0.0095703125,0.0005136986301369864,0.009056613869863015
LogReg,4,0.1,1.0,crp_dataset_8_1_6.csv|crp_dataset_8_1_3.csv|crp_dataset_8_1_8.csv|crp_dataset_8_1_1.csv,crp_dataset_8_1_2.csv,0.6963249231396177,0.9999999999811321,0.4453781512567615,53,0,66,137,0.039453125,0.0008254716981132076,0.03862765330188679
LogReg,4,0.1,1.0,crp_dataset_8_1_6.csv|crp_dataset_8_1_3.csv|crp_dataset_8_1_8.csv|crp_dataset_8_1_1.csv,crp_dataset_8_1_4.csv,0.6963249231396177,0.9224137930954964,0.816793893123536,107,9,24,116,0.023046875,0.002478448275862069,0.02056842672413793
LogReg,4,0.1,1.0,crp_dataset_8_1_6.csv|crp_dataset_8_1_3.csv|crp_dataset_8_1_2.csv|crp_dataset_8_1_4.csv,crp_dataset_8_1_5.csv,0.6365613561464023,0.9154929577335845,0.6499999999935,65,6,35,150,0.039282226562499994,0.0027288732394366196,0.03655335332306338
LogReg,4,0.1,1.0,crp_dataset_8_1_6.csv|crp_dataset_8_1_3.csv|crp_dataset_8_1_2.csv|crp_dataset_8_1_4.csv,crp_dataset_8_1_7.csv,0.6365613561464023,0.9606986899521367,0.9999999999954546,220,9,0,27,0.0095703125,0.001310043668122271,0.00826026883187773
LogReg,4,0.1,1.0,crp_dataset_8_1_6.csv|crp_dataset_8_1_3.csv|crp_dataset_8_1_2.csv|crp_dataset_8_1_4.csv,crp_dataset_8_1_8.csv,0.6365613561464023,0.8472222222104552,0.4420289855040433,61,11,77,107,0.0283203125,0.004861111111111111,0.02345920138888889
LogReg,4,0.1,1.0,crp_dataset_8_1_6.csv|crp_dataset_8_1_3.csv|crp_dataset_8_1_2.csv|crp_dataset_8_1_4.csv,crp_dataset_8_1_1.csv,0.6365613561464023,0.869565217378702,0.4761904761866969,60,9,66,121,0.0252685546875,0.0038043478260869567,0.021464206861413045
LogReg,4,0.1,1.0,crp_dataset_8_1_6.csv|crp_dataset_8_1_3.csv|crp_dataset_8_1_2.csv|crp_dataset_8_1_1.csv,crp_dataset_8_1_5.csv,0.780544976743,0.9843749999846191,0.6299999999936999,63,1,37,155,0.039282226562499994,0.0013671875,0.037915039062499996
LogReg,4,0.1,1.0,crp_dataset_8_1_6.csv|crp_dataset_8_1_3.csv|crp_dataset_8_1_2.csv|crp_dataset_8_1_1.csv,crp_dataset_8_1_7.csv,0.780544976743,0.9680365296759451,0.9636363636319836,212,7,8,29,0.0095703125,0.0011130136986301368,0.008457298801369865
LogReg,4,0.1,1.0,crp_dataset_8_1_6.csv|crp_dataset_8_1_3.csv|crp_dataset_8_1_2.csv|crp_dataset_8_1_1.csv,crp_dataset_8_1_8.csv,0.780544976743,0.86885245900215,0.38405797101170974,53,8,85,110,0.0283203125,0.004405737704918033,0.023914574795081966
LogReg,4,0.1,1.0,crp_dataset_8_1_6.csv|crp_dataset_8_1_3.csv|crp_dataset_8_1_2.csv|crp_dataset_8_1_1.csv,crp_dataset_8_1_4.csv,0.780544976743,0.903508771921899,0.7862595419787309,103,11,28,114,0.023046875,0.0033991228070175436,0.019647752192982457
LogReg,4,0.1,1.0,crp_dataset_8_1_6.csv|crp_dataset_8_1_3.csv|crp_dataset_8_1_4.csv|crp_dataset_8_1_1.csv,crp_dataset_8_1_5.csv,0.847323053098808,0.9999999999375,0.1599999999984,16,0,84,156,0.039282226562499994,0.0,0.039282226562499994
LogReg,4,0.1,1.0,crp_dataset_8_1_6.csv|crp_dataset_8_1_3.csv|crp_dataset_8_1_4.csv|crp_dataset_8_1_1.csv,crp_dataset_8_1_7.csv,0.847323053098808,0.9999999999945356,0.8318181818144008,183,0,37,36,0.0095703125,0.00020491803278688527,0.009365394467213116
LogReg,4,0.1,1.0,crp_dataset_8_1_6.csv|crp_dataset_8_1_3.csv|crp_dataset_8_1_4.csv|crp_dataset_8_1_1.csv,crp_dataset_8_1_8.csv,0.847323053098808,0.9333333332711111,0.10144927536158371,14,1,124,117,0.0283203125,0.003333333333333333,0.024986979166666666
LogReg,4,0.1,1.0,crp_dataset_8_1_6.csv|crp_dataset_8_1_3.csv|crp_dataset_8_1_4.csv|crp_dataset_8_1_1.csv,crp_dataset_8_1_2.csv,0.847323053098808,0.9999999995,0.016806722688934395,2,0,117,137,0.039453125,0.0,0.039453125
LogReg,4,0.1,1.0,crp_dataset_8_1_6.csv|crp_dataset_8_1_7.csv|crp_dataset_8_1_8.csv|crp_dataset_8_1_2.csv,crp_dataset_8_1_5.csv,0.7910117176050954,0.9253731343145466,0.6199999999938,62,5,38,151,0.039282226562499994,0.002425373134328358,0.03685685342817164
LogReg,4,0.1,1.0,crp_dataset_8_1_6.csv|crp_dataset_8_1_7.csv|crp_dataset_8_1_8.csv|crp_dataset_8_1_2.csv,crp_dataset_8_1_3.csv,0.7910117176050954,0.9655172413709869,0.6473988439268937,112,4,61,79,0.0196044921875,0.0012392241379310346,0.018365268049568964
LogReg,4,0.1,1.0,crp_dataset_8_1_6.csv|crp_dataset_8_1_7.csv|crp_dataset_8_1_8.csv|crp_dataset_8_1_2.csv,crp_dataset_8_1_4.csv,0.7910117176050954,0.91304347825293,0.8015267175511335,105,10,26,115,0.023046875,0.002880434782608696,0.020166440217391307
LogReg,4,0.1,1.0,crp_dataset_8_1_6.csv|crp_dataset_8_1_7.csv|crp_dataset_8_1_8.csv|crp_dataset_8_1_2.csv,crp_dataset_8_1_1.csv,0.7910117176050954,0.9041095890287107,0.5238095238053666,66,7,60,123,0.0252685546875,0.0023972602739726024,0.022871294413527397
LogReg,4,0.1,1.0,crp_dataset_8_1_6.csv|crp_dataset_8_1_7.csv|crp_dataset_8_1_8.csv|crp_dataset_8_1_4.csv,crp_dataset_8_1_5.csv,0.8211800493879856,0.8433734939657425,0.699999999993,70,13,30,143,0.039282226562499994,0.005271084337349397,0.0340111422251506
LogReg,4,0.1,1.0,crp_dataset_8_1_6.csv|crp_dataset_8_1_7.csv|crp_dataset_8_1_8.csv|crp_dataset_8_1_4.csv,crp_dataset_8_1_3.csv,0.8211800493879856,0.9722222222132201,0.6069364161814629,105,3,68,80,0.0196044921875,0.0006944444444444446,0.018910047743055554
LogReg,4,0.1,1.0,crp_dataset_8_1_6.csv|crp_dataset_8_1_7.csv|crp_dataset_8_1_8.csv|crp_dataset_8_1_4.csv,crp_dataset_8_1_2.csv,0.8211800493879856,0.9444444444313271,0.5714285714237695,68,4,51,133,0.039453125,0.001736111111111111,0.03771701388888889
LogReg,4,0.1,1.0,crp_dataset_8_1_6.csv|crp_dataset_8_1_7.csv|crp_dataset_8_1_8.csv|crp_dataset_8_1_4.csv,crp_dataset_8_1_1.csv,0.8211800493879856,0.9264705882216695,0.49999999999603173,63,5,63,125,0.0252685546875,0.0019301470588235295,0.02333840762867647
LogReg,4,0.1,1.0,crp_dataset_8_1_6.csv|crp_dataset_8_1_7.csv|crp_dataset_8_1_8.csv|crp_dataset_8_1_1.csv,crp_dataset_8_1_5.csv,0.6115308746630539,0.7358490565968316,0.7799999999921999,78,28,22,128,0.039282226562499994,0.009316037735849056,0.02996618882665094
LogReg,4,0.1,1.0,crp_dataset_8_1_6.csv|crp_dataset_8_1_7.csv|crp_dataset_8_1_8.csv|crp_dataset_8_1_1.csv,crp_dataset_8_1_3.csv,0.6115308746630539,0.9590163934347621,0.6763005780307729,117,5,56,78,0.0196044921875,0.001997950819672131,0.01760654136782787
LogReg,4,0.1,1.0,crp_dataset_8_1_6.csv|crp_dataset_8_1_7.csv|crp_dataset_8_1_8.csv|crp_dataset_8_1_1.csv,crp_dataset_8_1_2.csv,0.6115308746630539,0.8399999999916,0.7058823529352447,84,16,35,121,0.039453125,0.0038125000000000004,0.035640624999999995
LogReg,4,0.1,1.0,crp_dataset_8_1_6.csv|crp_dataset_8_1_7.csv|crp_dataset_8_1_8.csv|crp_dataset_8_1_1.csv,crp_dataset_8_1_4.csv,0.6115308746630539,0.8396946564821398,0.8396946564821398,110,21,21,104,0.023046875,0.006345419847328245,0.016701455152671758
LogReg,4,0.1,1.0,crp_dataset_8_1_6.csv|crp_dataset_8_1_7.csv|crp_dataset_8_1_2.csv|crp_dataset_8_1_4.csv,crp_dataset_8_1_5.csv,0.6387828983854037,0.8105263157809418,0.7699999999923,77,18,23,138,0.039282226562499994,0.005197368421052632,0.03408485814144736
LogReg,4,0.1,1.0,crp_dataset_8_1_6.csv|crp_dataset_8_1_7.csv|crp_dataset_8_1_2.csv|crp_dataset_8_1_4.csv,crp_dataset_8_1_3.csv,0.6387828983854037,0.9411764705803263,0.6473988439268937,112,7,61,76,0.0196044921875,0.0017857142857142859,0.017818777901785713
LogReg,4,0.1,1.0,crp_dataset_8_1_6.csv|crp_dataset_8_1_7.csv|crp_dataset_8_1_2.csv|crp_dataset_8_1_4.csv,crp_dataset_8_1_8.csv,0.6387828983854037,0.7391304347745746,0.4927536231848352,68,24,70,94,0.0283203125,0.006657608695652173,0.021662703804347826
LogReg,4,0.1,1.0,crp_dataset_8_1_6.csv|crp_dataset_8_1_7.csv|crp_dataset_8_1_2.csv|crp_dataset_8_1_4.csv,crp_dataset_8_1_1.csv,0.6387828983854037,0.8333333333217592,0.4761904761866969,60,12,66,118,0.0252685546875,0.005555555555555556,0.019712999131944443
LogReg,4,0.1,1.0,crp_dataset_8_1_6.csv|crp_dataset_8_1_7.csv|crp_dataset_8_1_2.csv|crp_dataset_8_1_1.csv,crp_dataset_8_1_5.csv,0.7062989126449158,0.8915662650494992,0.7399999999926,74,9,26,147,0.039282226562499994,0.0030873493975903613,0.036194877164909635
LogReg,4,0.1,1.0,crp_dataset_8_1_6.csv|crp_dataset_8_1_7.csv|crp_dataset_8_1_2.csv|crp_dataset_8_1_1.csv,crp_dataset_8_1_3.csv,0.7062989126449158,0.9411764705803263,0.6473988439268937,112,7,61,76,0.0196044921875,0.0017857142857142859,0.017818777901785713
LogReg,4,0.1,1.0,crp_dataset_8_1_6.csv|crp_dataset_8_1_7.csv|crp_dataset_8_1_2.csv|crp_dataset_8_1_1.csv,crp_dataset_8_1_8.csv,0.7062989126449158,0.8101265822682262,0.4637681159386684,64,15,74,103,0.0283203125,0.005300632911392404,0.023019679588607594
LogReg,4,0.1,1.0,crp_dataset_8_1_6.csv|crp_dataset_8_1_7.csv|crp_dataset_8_1_2.csv|crp_dataset_8_1_1.csv,crp_dataset_8_1_4.csv,0.7062989126449158,0.9016393442549046,0.8396946564821398,110,12,21,113,0.023046875,0.003790983606557377,0.019255891393442623
LogReg,4,0.1,1.0,crp_dataset_8_1_6.csv|crp_dataset_8_1_7.csv|crp_dataset_8_1_4.csv|crp_dataset_8_1_1.csv,crp_dataset_8_1_5.csv,0.7567193852091788,0.8461538461445477,0.7699999999923,77,14,23,142,0.039282226562499994,0.004052197802197802,0.03523002876030219
LogReg,4,0.1,1.0,crp_dataset_8_1_6.csv|crp_dataset_8_1_7.csv|crp_dataset_8_1_4.csv|crp_dataset_8_1_1.csv,crp_dataset_8_1_3.csv,0.7567193852091788,0.9411764705803263,0.6473988439268937,112,7,61,76,0.0196044921875,0.0017857142857142859,0.017818777901785713
LogReg,4,0.1,1.0,crp_dataset_8_1_6.csv|crp_dataset_8_1_7.csv|crp_dataset_8_1_4.csv|crp_dataset_8_1_1.csv,crp_dataset_8_1_8.csv,0.7567193852091788,0.7894736842001384,0.4347826086925016,60,16,78,102,0.0283203125,0.005509868421052631,0.02281044407894737
LogReg,4,0.1,1.0,crp_dataset_8_1_6.csv|crp_dataset_8_1_7.csv|crp_dataset_8_1_4.csv|crp_dataset_8_1_1.csv,crp_dataset_8_1_2.csv,0.7567193852091788,0.8874999999889062,0.5966386554571711,71,9,48,128,0.039453125,0.002578125,0.036875
LogReg,4,0.1,1.0,crp_dataset_8_1_6.csv|crp_dataset_8_1_8.csv|crp_dataset_8_1_2.csv|crp_dataset_8_1_4.csv,crp_dataset_8_1_5.csv,0.6676019901790162,0.9322033898147085,0.5499999999945,55,4,45,152,0.039282226562499994,0.002542372881355932,0.03673985368114406
LogReg,4,0.1,1.0,crp_dataset_8_1_6.csv|crp_dataset_8_1_8.csv|crp_dataset_8_1_2.csv|crp_dataset_8_1_4.csv,crp_dataset_8_1_3.csv,0.6676019901790162,0.9512195121873884,0.6763005780307729,117,6,56,77,0.0196044921875,0.0028963414634146346,0.016708150724085366
LogReg,4,0.1,1.0,crp_dataset_8_1_6.csv|crp_dataset_8_1_8.csv|crp_dataset_8_1_2.csv|crp_dataset_8_1_4.csv,crp_dataset_8_1_7.csv,0.6676019901790162,0.9894736842053186,0.8545454545415703,188,2,32,34,0.0095703125,0.0003289473684210526,0.009241365131578949
LogReg,4,0.1,1.0,crp_dataset_8_1_6.csv|crp_dataset_8_1_8.csv|crp_dataset_8_1_2.csv|crp_dataset_8_1_4.csv,crp_dataset_8_1_1.csv,0.6676019901790162,0.8518518518413352,0.5476190476147014,69,12,57,118,0.0252685546875,0.005555555555555557,0.019712999131944443
LogReg,4,0.1,1.0,crp_dataset_8_1_6.csv|crp_dataset_8_1_8.csv|crp_dataset_8_1_2.csv|crp_dataset_8_1_1.csv,crp_dataset_8_1_5.csv,0.6014800721376486,0.9152542372726229,0.5399999999946,54,5,46,151,0.039282226562499994,0.0028601694915254237,0.03642205707097457
LogReg,4,0.1,1.0,crp_dataset_8_1_6.csv|crp_dataset_8_1_8.csv|crp_dataset_8_1_2.csv|crp_dataset_8_1_1.csv,crp_dataset_8_1_3.csv,0.6014800721376486,0.9499999999920833,0.6589595375684454,114,6,59,77,0.0196044921875,0.00296875,0.0166357421875
LogReg,4,0.1,1.0,crp_dataset_8_1_6.csv|crp_dataset_8_1_8.csv|crp_dataset_8_1_2.csv|crp_dataset_8_1_1.csv,crp_dataset_8_1_7.csv,0.6014800721376486,0.9738219895236974,0.8454545454507025,186,5,34,31,0.0095703125,0.0008835078534031414,0.008686804646596859
LogReg,4,0.1,1.0,crp_dataset_8_1_6.csv|crp_dataset_8_1_8.csv|crp_dataset_8_1_2.csv|crp_dataset_8_1_1.csv,crp_dataset_8_1_4.csv,0.6014800721376486,0.846153846146614,0.7557251908339259,99,18,32,107,0.023046875,0.006570512820512821,0.01647636217948718
LogReg,4,0.1,1.0,crp_dataset_8_1_6.csv|crp_dataset_8_1_8.csv|crp_dataset_8_1_4.csv|crp_dataset_8_1_1.csv,crp_dataset_8_1_5.csv,0.7956014763971351,0.9999999999767443,0.4299999999957,43,0,57,156,0.039282226562499994,0.000436046511627907,0.038846180050872085
LogReg,4,0.1,1.0,crp_dataset_8_1_6.csv|crp_dataset_8_1_8.csv|crp_dataset_8_1_4.csv|crp_dataset_8_1_1.csv,crp_dataset_8_1_3.csv,0.7956014763971351,0.9999999999908257,0.6300578034645662,109,0,64,83,0.0196044921875,0.0,0.0196044921875
LogReg,4,0.1,1.0,crp_dataset_8_1_6.csv|crp_dataset_8_1_8.csv|crp_dataset_8_1_4.csv|crp_dataset_8_1_1.csv,crp_dataset_8_1_7.csv,0.7956014763971351,0.9999999999937889,0.7318181818148554,161,0,59,36,0.0095703125,0.0,0.0095703125
LogReg,4,0.1,1.0,crp_dataset_8_1_6.csv|crp_dataset_8_1_8.csv|crp_dataset_8_1_4.csv|crp_dataset_8_1_1.csv,crp_dataset_8_1_2.csv,0.7956014763971351,0.9999999999677419,0.26050420167848315,31,0,88,137,0.039453125,0.0006048387096774195,0.03884828629032258
LogReg,4,0.1,1.0,crp_dataset_8_1_6.csv|crp_dataset_8_1_2.csv|crp_dataset_8_1_4.csv|crp_dataset_8_1_1.csv,crp_dataset_8_1_5.csv,0.7113870320213304,0.9999999999859155,0.7099999999929,71,0,29,156,0.039282226562499994,0.001232394366197183,0.03804983219630281
LogReg,4,0.1,1.0,crp_dataset_8_1_6.csv|crp_dataset_8_1_2.csv|crp_dataset_8_1_4.csv|crp_dataset_8_1_1.csv,crp_dataset_8_1_3.csv,0.7113870320213304,0.9411764705803263,0.6473988439268937,112,7,61,76,0.0196044921875,0.0017857142857142859,0.017818777901785713
LogReg,4,0.1,1.0,crp_dataset_8_1_6.csv|crp_dataset_8_1_2.csv|crp_dataset_8_1_4.csv|crp_dataset_8_1_1.csv,crp_dataset_8_1_7.csv,0.7113870320213304,0.9687499999956752,0.9863636363591529,217,7,3,29,0.0095703125,0.000864955357142857,0.008705357142857143
LogReg,4,0.1,1.0,crp_dataset_8_1_6.csv|crp_dataset_8_1_2.csv|crp_dataset_8_1_4.csv|crp_dataset_8_1_1.csv,crp_dataset_8_1_8.csv,0.7113870320213304,0.8103448275722355,0.3405797101424596,47,11,91,107,0.0283203125,0.005064655172413792,0.023255657327586207
LogReg,4,0.1,1.0,crp_dataset_8_1_5.csv|crp_dataset_8_1_3.csv|crp_dataset_8_1_7.csv|crp_dataset_8_1_8.csv,crp_dataset_8_1_6.csv,0.7797853433747902,0.8979591836643065,0.6285714285669388,88,10,52,106,0.026928710937499996,0.0046556122448979595,0.022273098692602036
LogReg,4,0.1,1.0,crp_dataset_8_1_5.csv|crp_dataset_8_1_3.csv|crp_dataset_8_1_7.csv|crp_dataset_8_1_8.csv,crp_dataset_8_1_2.csv,0.7797853433747902,0.9599999999616,0.20168067226721276,24,1,95,136,0.039453125,0.002,0.037453125
LogReg,4,0.1,1.0,crp_dataset_8_1_5.csv|crp_dataset_8_1_3.csv|crp_dataset_8_1_7.csv|crp_dataset_8_1_8.csv,crp_dataset_8_1_4.csv,0.7797853433747902,0.9320388349424074,0.7328244274753221,96,7,35,118,0.023046875,0.001881067961165049,0.02116580703883495
LogReg,4,0.1,1.0,crp_dataset_8_1_5.csv|crp_dataset_8_1_3.csv|crp_dataset_8_1_7.csv|crp_dataset_8_1_8.csv,crp_dataset_8_1_1.csv,0.7797853433747902,0.9402985074486522,0.49999999999603173,63,4,63,126,0.0252685546875,0.0013059701492537312,0.02396258453824627
LogReg,4,0.1,1.0,crp_dataset_8_1_5.csv|crp_dataset_8_1_3.csv|crp_dataset_8_1_7.csv|crp_dataset_8_1_2.csv,crp_dataset_8_1_6.csv,0.7043609330552859,0.8083333333265972,0.6928571428521939,97,23,43,93,0.026928710937499996,0.00984375,0.017084960937499998
LogReg,4,0.1,1.0,crp_dataset_8_1_5.csv|crp_dataset_8_1_3.csv|crp_dataset_8_1_7.csv|crp_dataset_8_1_2.csv,crp_dataset_8_1_8.csv,0.7043609330552859,0.7966101694780237,0.3405797101424596,47,12,91,106,0.0283203125,0.005508474576271186,0.022811837923728814
LogReg,4,0.1,1.0,crp_dataset_8_1_5.csv|crp_dataset_8_1_3.csv|crp_dataset_8_1_7.csv|crp_dataset_8_1_2.csv,crp_dataset_8_1_4.csv,0.7043609330552859,0.914529914522098,0.816793893123536,107,10,24,115,0.023046875,0.0026175213675213673,0.020429353632478633
LogReg,4,0.1,1.0,crp_dataset_8_1_5.csv|crp_dataset_8_1_3.csv|crp_dataset_8_1_7.csv|crp_dataset_8_1_2.csv,crp_dataset_8_1_1.csv,0.7043609330552859,0.9014084506915294,0.5079365079324767,64,7,62,123,0.0252685546875,0.002464788732394366,0.022803765955105634
LogReg,4,0.1,1.0,crp_dataset_8_1_5.csv|crp_dataset_8_1_3.csv|crp_dataset_8_1_7.csv|crp_dataset_8_1_4.csv,crp_dataset_8_1_6.csv,0.8415073716279265,0.8737864077585069,0.642857142852551,90,13,50,103,0.026928710937499996,0.005400485436893204,0.02152822550060679
LogReg,4,0.1,1.0,crp_dataset_8_1_5.csv|crp_dataset_8_1_3.csv|crp_dataset_8_1_7.csv|crp_dataset_8_1_4.csv,crp_dataset_8_1_8.csv,0.8415073716279265,0.9374999999414062,0.1086956521731254,15,1,123,117,0.0283203125,0.003515625,0.0248046875
LogReg,4,0.1,1.0,crp_dataset_8_1_5.csv|crp_dataset_8_1_3.csv|crp_dataset_8_1_7.csv|crp_dataset_8_1_4.csv,crp_dataset_8_1_2.csv,0.8415073716279265,0.9999999996666666,0.025210084033401595,3,0,116,137,0.039453125,0.0020833333333333333,0.037369791666666666
LogReg,4,0.1,1.0,crp_dataset_8_1_5.csv|crp_dataset_8_1_3.csv|crp_dataset_8_1_7.csv|crp_dataset_8_1_4.csv,crp_dataset_8_1_1.csv,0.8415073716279265,0.9473684210277009,0.2857142857120181,36,2,90,128,0.0252685546875,0.001151315789473684,0.024117238898026316
LogReg,4,0.1,1.0,crp_dataset_8_1_5.csv|crp_dataset_8_1_3.csv|crp_dataset_8_1_7.csv|crp_dataset_8_1_1.csv,crp_dataset_8_1_6.csv,0.7975825030640794,0.8189655172343192,0.6785714285665817,95,21,45,95,0.026928710937499996,0.008512931034482758,0.018415779903017238
LogReg,4,0.1,1.0,crp_dataset_8_1_5.csv|crp_dataset_8_1_3.csv|crp_dataset_8_1_7.csv|crp_dataset_8_1_1.csv,crp_dataset_8_1_8.csv,0.7975825030640794,0.9047619047188209,0.13768115941929218,19,2,119,116,0.0283203125,0.0035714285714285718,0.024748883928571427
LogReg,4,0.1,1.0,crp_dataset_8_1_5.csv|crp_dataset_8_1_3.csv|crp_dataset_8_1_7.csv|crp_dataset_8_1_1.csv,crp_dataset_8_1_2.csv,0.7975825030640794,0.9999999996666666,0.025210084033401595,3,0,116,137,0.039453125,0.0020833333333333333,0.037369791666666666
LogReg,4,0.1,1.0,crp_dataset_8_1_5.csv|crp_dataset_8_1_3.csv|crp_dataset_8_1_7.csv|crp_dataset_8_1_1.csv,crp_dataset_8_1_4.csv,0.7975825030640794,0.977528089876657,0.6641221373995105,87,2,44,123,0.023046875,0.0007022471910112359,0.022344627808988764
LogReg,4,0.1,1.0,crp_dataset_8_1_5.csv|crp_dataset_8_1_3.csv|crp_dataset_8_1_8.csv|crp_dataset_8_1_2.csv,crp_dataset_8_1_6.csv,0.608272243580908,0.756944444439188,0.7785714285658674,109,35,31,81,0.026928710937499996,0.012586805555555556,0.01434190538194444
LogReg,4,0.1,1.0,crp_dataset_8_1_5.csv|crp_dataset_8_1_3.csv|crp_dataset_8_1_8.csv|crp_dataset_8_1_2.csv,crp_dataset_8_1_7.csv,0.608272243580908,0.9594594594551377,0.9681818181774174,213,9,7,27,0.0095703125,0.0014076576576576576,0.008162654842342344
LogReg,4,0.1,1.0,crp_dataset_8_1_5.csv|crp_dataset_8_1_3.csv|crp_dataset_8_1_8.csv|crp_dataset_8_1_2.csv,crp_dataset_8_1_4.csv,0.608272243580908,0.8074074074014267,0.8320610686959385,109,26,22,99,0.023046875,0.00824074074074074,0.014806134259259262
LogReg,4,0.1,1.0,crp_dataset_8_1_5.csv|crp_dataset_8_1_3.csv|crp_dataset_8_1_8.csv|crp_dataset_8_1_2.csv,crp_dataset_8_1_1.csv,0.608272243580908,0.8390804597604703,0.5793650793604812,73,14,53,116,0.0252685546875,0.005890804597701149,0.01937775008979885
LogReg,4,0.1,1.0,crp_dataset_8_1_5.csv|crp_dataset_8_1_3.csv|crp_dataset_8_1_8.csv|crp_dataset_8_1_4.csv,crp_dataset_8_1_6.csv,0.6360547268175879,0.7841726618648621,0.7785714285658674,109,30,31,86,0.026928710937499996,0.01137589928057554,0.015552811656924456
LogReg,4,0.1,1.0,crp_dataset_8_1_5.csv|crp_dataset_8_1_3.csv|crp_dataset_8_1_8.csv|crp_dataset_8_1_4.csv,crp_dataset_8_1_7.csv,0.6360547268175879,0.9730941703992239,0.9863636363591529,217,6,3,30,0.0095703125,0.0008968609865470852,0.008673451513452916
LogReg,4,0.1,1.0,crp_dataset_8_1_5.csv|crp_dataset_8_1_3.csv|crp_dataset_8_1_8.csv|crp_dataset_8_1_4.csv,crp_dataset_8_1_2.csv,0.6360547268175879,0.99999999996,0.21008403361167996,25,0,94,137,0.039453125,0.001,0.038453125
LogReg,4,0.1,1.0,crp_dataset_8_1_5.csv|crp_dataset_8_1_3.csv|crp_dataset_8_1_8.csv|crp_dataset_8_1_4.csv,crp_dataset_8_1_1.csv,0.6360547268175879,0.9277108433623167,0.611111111106261,77,6,49,124,0.0252685546875,0.0016566265060240966,0.023611928181475905
LogReg,4,0.1,1.0,crp_dataset_8_1_5.csv|crp_dataset_8_1_3.csv|crp_dataset_8_1_8.csv|crp_dataset_8_1_1.csv,crp_dataset_8_1_6.csv,0.6742760131771881,0.7549668874122188,0.814285714279898,114,37,26,79,0.026928710937499996,0.012375827814569536,0.01455288312293046
LogReg,4,0.1,1.0,crp_dataset_8_1_5.csv|crp_dataset_8_1_3.csv|crp_dataset_8_1_8.csv|crp_dataset_8_1_1.csv,crp_dataset_8_1_7.csv,0.6742760131771881,0.9803921568579393,0.9090909090867769,200,4,20,32,0.0095703125,0.000704656862745098,0.008865655637254903
LogReg,4,0.1,1.0,crp_dataset_8_1_5.csv|crp_dataset_8_1_3.csv|crp_dataset_8_1_8.csv|crp_dataset_8_1_1.csv,crp_dataset_8_1_2.csv,0.6742760131771881,0.9999999999333333,0.126050420167008,15,0,104,137,0.039453125,0.0008333333333333334,0.03861979166666667
LogReg,4,0.1,1.0,crp_dataset_8_1_5.csv|crp_dataset_8_1_3.csv|crp_dataset_8_1_8.csv|crp_dataset_8_1_1.csv,crp_dataset_8_1_4.csv,0.6742760131771881,0.8899082568725696,0.7404580152615233,97,12,34,113,0.023046875,0.004472477064220184,0.018574397935779818
LogReg,4,0.1,1.0,crp_dataset_8_1_5.csv|crp_dataset_8_1_3.csv|crp_dataset_8_1_2.csv|crp_dataset_8_1_4.csv,crp_dataset_8_1_6.csv,0.7304347951607405,0.8543689320305401,0.6285714285669388,88,15,52,101,0.026928710937499996,0.00625,0.020678710937499997
LogReg,4,0.1,1.0,crp_dataset_8_1_5.csv|crp_dataset_8_1_3.csv|crp_dataset_8_1_2.csv|crp_dataset_8_1_4.csv,crp_dataset_8_1_7.csv,0.7304347951607405,0.9999999999951457,0.9363636363593802,206,0,14,36,0.0095703125,0.00021237864077669905,0.009357933859223302
LogReg,4,0.1,1.0,crp_dataset_8_1_5.csv|crp_dataset_8_1_3.csv|crp_dataset_8_1_2.csv|crp_dataset_8_1_4.csv,crp_dataset_8_1_8.csv,0.7304347951607405,0.7499999999829546,0.2391304347808759,33,11,105,107,0.0283203125,0.00596590909090909,0.02235440340909091
LogReg,4,0.1,1.0,crp_dataset_8_1_5.csv|crp_dataset_8_1_3.csv|crp_dataset_8_1_2.csv|crp_dataset_8_1_4.csv,crp_dataset_8_1_1.csv,0.7304347951607405,0.9344262294928783,0.45238095237736203,57,4,69,126,0.0252685546875,0.0014344262295081967,0.023834128457991804
LogReg,4,0.1,1.0,crp_dataset_8_1_5.csv|crp_dataset_8_1_3.csv|crp_dataset_8_1_2.csv|crp_dataset_8_1_1.csv,crp_dataset_8_1_6.csv,0.8144201450426821,0.8804347825991257,0.5785714285672959,81,11,59,105,0.026928710937499996,0.0049592391304347835,0.02196947180706521
LogReg,4,0.1,1.0,crp_dataset_8_1_5.csv|crp_dataset_8_1_3.csv|crp_dataset_8_1_2.csv|crp_dataset_8_1_1.csv,crp_dataset_8_1_7.csv,0.8144201450426821,0.999999999993671,0.7181818181785538,158,0,62,36,0.0095703125,0.0,0.0095703125
LogReg,4,0.1,1.0,crp_dataset_8_1_5.csv|crp_dataset_8_1_3.csv|crp_dataset_8_1_2.csv|crp_dataset_8_1_1.csv,crp_dataset_8_1_8.csv,0.8144201450426821,0.9473684210027701,0.1304347826077505,18,1,120,117,0.0283203125,0.003289473684210526,0.025030838815789474
LogReg,4,0.1,1.0,crp_dataset_8_1_5.csv|crp_dataset_8_1_3.csv|crp_dataset_8_1_2.csv|crp_dataset_8_1_1.csv,crp_dataset_8_1_4.csv,0.8144201450426821,0.9759036144460734,0.6183206106823029,81,2,50,123,0.023046875,0.0007530120481927711,0.02229386295180723
LogReg,4,0.1,1.0,crp_dataset_8_1_5.csv|crp_dataset_8_1_3.csv|crp_dataset_8_1_4.csv|crp_dataset_8_1_1.csv,crp_dataset_8_1_6.csv,0.6049486262799386,0.733333333328889,0.8642857142795409,121,44,19,72,0.026928710937499996,0.01356060606060606,0.013368104876893936
LogReg,4,0.1,1.0,crp_dataset_8_1_5.csv|crp_dataset_8_1_3.csv|crp_dataset_8_1_4.csv|crp_dataset_8_1_1.csv,crp_dataset_8_1_7.csv,0.6049486262799386,0.9442060085796387,0.9999999999954546,220,13,0,23,0.0095703125,0.0018776824034334764,0.0076926300965665245
LogReg,4,0.1,1.0,crp_dataset_8_1_5.csv|crp_dataset_8_1_3.csv|crp_dataset_8_1_4.csv|crp_dataset_8_1_1.csv,crp_dataset_8_1_8.csv,0.6049486262799386,0.781818181803967,0.3115942028962928,43,12,95,106,0.0283203125,0.005909090909090907,0.022411221590909094
LogReg,4,0.1,1.0,crp_dataset_8_1_5.csv|crp_dataset_8_1_3.csv|crp_dataset_8_1_4.csv|crp_dataset_8_1_1.csv,crp_dataset_8_1_2.csv,0.6049486262799386,0.9999999999333333,0.126050420167008,15,0,104,137,0.039453125,0.0012500000000000002,0.038203125
LogReg,4,0.1,1.0,crp_dataset_8_1_5.csv|crp_dataset_8_1_7.csv|crp_dataset_8_1_8.csv|crp_dataset_8_1_2.csv,crp_dataset_8_1_6.csv,0.6666762520156979,0.6113537117877234,0.9999999999928573,140,89,0,27,0.026928710937499996,0.020387554585152835,0.006541156352347161
LogReg,4,0.1,1.0,crp_dataset_8_1_5.csv|crp_dataset_8_1_7.csv|crp_dataset_8_1_8.csv|crp_dataset_8_1_2.csv,crp_dataset_8_1_3.csv,0.6666762520156979,0.8140703517547032,0.9364161849656855,162,37,11,46,0.0196044921875,0.010018844221105527,0.009585647966394472
LogReg,4,0.1,1.0,crp_dataset_8_1_5.csv|crp_dataset_8_1_7.csv|crp_dataset_8_1_8.csv|crp_dataset_8_1_2.csv,crp_dataset_8_1_4.csv,0.6666762520156979,0.6959064327444684,0.9083969465579512,119,52,12,73,0.023046875,0.012463450292397659,0.010583424707602342
LogReg,4,0.1,1.0,crp_dataset_8_1_5.csv|crp_dataset_8_1_7.csv|crp_dataset_8_1_8.csv|crp_dataset_8_1_2.csv,crp_dataset_8_1_1.csv,0.6666762520156979,0.8363636363560331,0.7301587301529352,92,18,34,112,0.0252685546875,0.006193181818181817,0.019075372869318184
LogReg,4,0.1,1.0,crp_dataset_8_1_5.csv|crp_dataset_8_1_7.csv|crp_dataset_8_1_8.csv|crp_dataset_8_1_4.csv,crp_dataset_8_1_6.csv,0.6513640099777691,0.8106060605999197,0.7642857142802552,107,25,33,91,0.026928710937499996,0.008522727272727272,0.018405983664772724
LogReg,4,0.1,1.0,crp_dataset_8_1_5.csv|crp_dataset_8_1_7.csv|crp_dataset_8_1_8.csv|crp_dataset_8_1_4.csv,crp_dataset_8_1_3.csv,0.6513640099777691,0.984962406007632,0.7572254335216346,131,2,42,81,0.0196044921875,0.0009398496240601503,0.01866464256343985
LogReg,4,0.1,1.0,crp_dataset_8_1_5.csv|crp_dataset_8_1_7.csv|crp_dataset_8_1_8.csv|crp_dataset_8_1_4.csv,crp_dataset_8_1_2.csv,0.6513640099777691,0.9374999999707032,0.252100840334016,30,2,89,135,0.039453125,0.0023437500000000003,0.037109375
LogReg,4,0.1,1.0,crp_dataset_8_1_5.csv|crp_dataset_8_1_7.csv|crp_dataset_8_1_8.csv|crp_dataset_8_1_4.csv,crp_dataset_8_1_1.csv,0.6513640099777691,0.9759036144460734,0.6428571428520408,81,2,45,128,0.0252685546875,0.0007530120481927711,0.02451554263930723
LogReg,4,0.1,1.0,crp_dataset_8_1_5.csv|crp_dataset_8_1_7.csv|crp_dataset_8_1_8.csv|crp_dataset_8_1_1.csv,crp_dataset_8_1_6.csv,0.6278160368909711,0.7352941176427336,0.8928571428507653,125,45,15,71,0.026928710937499996,0.013492647058823531,0.013436063878676465
LogReg,4,0.1,1.0,crp_dataset_8_1_5.csv|crp_dataset_8_1_7.csv|crp_dataset_8_1_8.csv|crp_dataset_8_1_1.csv,crp_dataset_8_1_3.csv,0.6278160368909711,0.9281045751573327,0.8208092485501688,142,11,31,72,0.0196044921875,0.004166666666666667,0.015437825520833334
LogReg,4,0.1,1.0,crp_dataset_8_1_5.csv|crp_dataset_8_1_7.csv|crp_dataset_8_1_8.csv|crp_dataset_8_1_1.csv,crp_dataset_8_1_2.csv,0.6278160368909711,0.9302325581179016,0.33613445377868795,40,3,79,134,0.039453125,0.0024709302325581395,0.036982194767441856
LogReg,4,0.1,1.0,crp_dataset_8_1_5.csv|crp_dataset_8_1_7.csv|crp_dataset_8_1_8.csv|crp_dataset_8_1_1.csv,crp_dataset_8_1_4.csv,0.6278160368909711,0.7984496123969113,0.7862595419787309,103,26,28,99,0.023046875,0.007412790697674419,0.01563408430232558
LogReg,4,0.1,1.0,crp_dataset_8_1_5.csv|crp_dataset_8_1_7.csv|crp_dataset_8_1_2.csv|crp_dataset_8_1_4.csv,crp_dataset_8_1_6.csv,0.6695066970445993,0.8474576271114622,0.7142857142806123,100,18,40,98,0.026928710937499996,0.007309322033898304,0.01961938890360169
LogReg,4,0.1,1.0,crp_dataset_8_1_5.csv|crp_dataset_8_1_7.csv|crp_dataset_8_1_2.csv|crp_dataset_8_1_4.csv,crp_dataset_8_1_3.csv,0.6695066970445993,0.9661016949070669,0.6589595375684454,114,4,59,79,0.0196044921875,0.0012182203389830507,0.018386271848516947
LogReg,4,0.1,1.0,crp_dataset_8_1_5.csv|crp_dataset_8_1_7.csv|crp_dataset_8_1_2.csv|crp_dataset_8_1_4.csv,crp_dataset_8_1_8.csv,0.6695066970445993,0.8142857142740816,0.4130434782578765,57,13,81,105,0.0283203125,0.005535714285714285,0.022784598214285714
LogReg,4,0.1,1.0,crp_dataset_8_1_5.csv|crp_dataset_8_1_7.csv|crp_dataset_8_1_2.csv|crp_dataset_8_1_4.csv,crp_dataset_8_1_1.csv,0.6695066970445993,0.918918918906501,0.5396825396782565,68,6,58,124,0.0252685546875,0.0017736486486486487,0.023494906038851352
LogReg,4,0.1,1.0,crp_dataset_8_1_5.csv|crp_dataset_8_1_7.csv|crp_dataset_8_1_2.csv|crp_dataset_8_1_1.csv,crp_dataset_8_1_6.csv,0.7059989443586573,0.7874015747969496,0.7142857142806123,100,27,40,89,0.026928710937499996,0.010285433070866141,0.016643277866633853
LogReg,4,0.1,1.0,crp_dataset_8_1_5.csv|crp_dataset_8_1_7.csv|crp_dataset_8_1_2.csv|crp_dataset_8_1_1.csv,crp_dataset_8_1_3.csv,0.7059989443586573,0.9421487603227922,0.6589595375684454,114,7,59,76,0.0196044921875,0.0017561983471074381,0.017848293840392562
LogReg,4,0.1,1.0,crp_dataset_8_1_5.csv|crp_dataset_8_1_7.csv|crp_dataset_8_1_2.csv|crp_dataset_8_1_1.csv,crp_dataset_8_1_8.csv,0.7059989443586573,0.8030303030181358,0.38405797101170974,53,13,85,105,0.0283203125,0.005681818181818183,0.022638494318181816
LogReg,4,0.1,1.0,crp_dataset_8_1_5.csv|crp_dataset_8_1_7.csv|crp_dataset_8_1_2.csv|crp_dataset_8_1_1.csv,crp_dataset_8_1_4.csv,0.7059989443586573,0.9152542372803791,0.8244274809097373,108,10,23,115,0.023046875,0.002648305084745763,0.02039856991525424
LogReg,4,0.1,1.0,crp_dataset_8_1_5.csv|crp_dataset_8_1_7.csv|crp_dataset_8_1_4.csv|crp_dataset_8_1_1.csv,crp_dataset_8_1_6.csv,0.8326208315304733,0.919540229874488,0.5714285714244899,80,7,60,109,0.026928710937499996,0.0034482758620689655,0.02348043507543103
LogReg,4,0.1,1.0,crp_dataset_8_1_5.csv|crp_dataset_8_1_7.csv|crp_dataset_8_1_4.csv|crp_dataset_8_1_1.csv,crp_dataset_8_1_3.csv,0.8326208315304733,0.9999999999892473,0.5375722543321528,93,0,80,83,0.0196044921875,0.0,0.0196044921875
LogReg,4,0.1,1.0,crp_dataset_8_1_5.csv|crp_dataset_8_1_7.csv|crp_dataset_8_1_4.csv|crp_dataset_8_1_1.csv,crp_dataset_8_1_8.csv,0.8326208315304733,0.8695652173534971,0.14492753623083388,20,3,118,115,0.0283203125,0.0038043478260869575,0.02451596467391304
LogReg,4,0.1,1.0,crp_dataset_8_1_5.csv|crp_dataset_8_1_7.csv|crp_dataset_8_1_4.csv|crp_dataset_8_1_1.csv,crp_dataset_8_1_2.csv,0.8326208315304733,0.9999999998571428,0.05882352941127039,7,0,112,137,0.039453125,0.0017857142857142859,0.03766741071428571
LogReg,4,0.1,1.0,crp_dataset_8_1_5.csv|crp_dataset_8_1_8.csv|crp_dataset_8_1_2.csv|crp_dataset_8_1_4.csv,crp_dataset_8_1_6.csv,0.6168309754494693,0.7984496123969113,0.7357142857090306,103,26,37,90,0.026928710937499996,0.008914728682170543,0.018013982255329453
LogReg,4,0.1,1.0,crp_dataset_8_1_5.csv|crp_dataset_8_1_8.csv|crp_dataset_8_1_2.csv|crp_dataset_8_1_4.csv,crp_dataset_8_1_3.csv,0.6168309754494693,0.943999999992448,0.6820809248515487,118,7,55,76,0.0196044921875,0.0017000000000000001,0.0179044921875
LogReg,4,0.1,1.0,crp_dataset_8_1_5.csv|crp_dataset_8_1_8.csv|crp_dataset_8_1_2.csv|crp_dataset_8_1_4.csv,crp_dataset_8_1_7.csv,0.6168309754494693,0.9773755656064372,0.981818181813719,216,5,4,31,0.0095703125,0.0007070135746606335,0.008863298925339368
LogReg,4,0.1,1.0,crp_dataset_8_1_5.csv|crp_dataset_8_1_8.csv|crp_dataset_8_1_2.csv|crp_dataset_8_1_4.csv,crp_dataset_8_1_1.csv,0.6168309754494693,0.9176470588127336,0.619047619042706,78,7,48,123,0.0252685546875,0.0017647058823529415,0.023503848805147057
LogReg,4,0.1,1.0,crp_dataset_8_1_5.csv|crp_dataset_8_1_8.csv|crp_dataset_8_1_2.csv|crp_dataset_8_1_1.csv,crp_dataset_8_1_6.csv,0.7053405298510842,0.6865671641756887,0.985714285707245,138,63,2,53,0.026928710937499996,0.015827114427860698,0.011101596509639298
LogReg,4,0.1,1.0,crp_dataset_8_1_5.csv|crp_dataset_8_1_8.csv|crp_dataset_8_1_2.csv|crp_dataset_8_1_1.csv,crp_dataset_8_1_3.csv,0.7053405298510842,0.8157894736799169,0.8959537572202546,155,35,18,48,0.0196044921875,0.009967105263157895,0.009637386924342104
LogReg,4,0.1,1.0,crp_dataset_8_1_5.csv|crp_dataset_8_1_8.csv|crp_dataset_8_1_2.csv|crp_dataset_8_1_1.csv,crp_dataset_8_1_7.csv,0.7053405298510842,0.8943089430857956,0.9999999999954546,220,26,0,10,0.0095703125,0.005995934959349594,0.0035743775406504065
LogReg,4,0.1,1.0,crp_dataset_8_1_5.csv|crp_dataset_8_1_8.csv|crp_dataset_8_1_2.csv|crp_dataset_8_1_1.csv,crp_dataset_8_1_4.csv,0.7053405298510842,0.7048192771041879,0.8931297709855487,117,49,14,76,0.023046875,0.0125,0.010546875
LogReg,4,0.1,1.0,crp_dataset_8_1_5.csv|crp_dataset_8_1_8.csv|crp_dataset_8_1_4.csv|crp_dataset_8_1_1.csv,crp_dataset_8_1_6.csv,0.8180181104633979,0.8153846153783433,0.757142857137449,106,24,34,92,0.026928710937499996,0.008076923076923077,0.018851787860576917
LogReg,4,0.1,1.0,crp_dataset_8_1_5.csv|crp_dataset_8_1_8.csv|crp_dataset_8_1_4.csv|crp_dataset_8_1_1.csv,crp_dataset_8_1_3.csv,0.8180181104633979,0.9999999999904762,0.6069364161814629,105,0,68,83,0.0196044921875,0.0,0.0196044921875
LogReg,4,0.1,1.0,crp_dataset_8_1_5.csv|crp_dataset_8_1_8.csv|crp_dataset_8_1_4.csv|crp_dataset_8_1_1.csv,crp_dataset_8_1_7.csv,0.8180181104633979,0.9999999999944446,0.8181818181780992,180,0,40,36,0.0095703125,0.0,0.0095703125
LogReg,4,0.1,1.0,crp_dataset_8_1_5.csv|crp_dataset_8_1_8.csv|crp_dataset_8_1_4.csv|crp_dataset_8_1_1.csv,crp_dataset_8_1_2.csv,0.8180181104633979,0.9999999998,0.04201680672233599,5,0,114,137,0.039453125,0.00125,0.038203125
LogReg,4,0.1,1.0,crp_dataset_8_1_5.csv|crp_dataset_8_1_2.csv|crp_dataset_8_1_4.csv|crp_dataset_8_1_1.csv,crp_dataset_8_1_6.csv,0.6075170739255654,0.7857142857080499,0.7071428571378062,99,27,41,89,0.026928710937499996,0.010317460317460317,0.01661125062003968
LogReg,4,0.1,1.0,crp_dataset_8_1_5.csv|crp_dataset_8_1_2.csv|crp_dataset_8_1_4.csv|crp_dataset_8_1_1.csv,crp_dataset_8_1_3.csv,0.6075170739255654,0.9416666666588194,0.6531791907476695,113,7,60,76,0.0196044921875,0.0017708333333333335,0.017833658854166667
LogReg,4,0.1,1.0,crp_dataset_8_1_5.csv|crp_dataset_8_1_2.csv|crp_dataset_8_1_4.csv|crp_dataset_8_1_1.csv,crp_dataset_8_1_7.csv,0.6075170739255654,0.9606986899521367,0.9999999999954546,220,9,0,27,0.0095703125,0.0011735807860262007,0.0083967317139738
LogReg,4,0.1,1.0,crp_dataset_8_1_5.csv|crp_dataset_8_1_2.csv|crp_dataset_8_1_4.csv|crp_dataset_8_1_1.csv,crp_dataset_8_1_8.csv,0.6075170739255654,0.8399999999887999,0.4565217391271267,63,12,75,106,0.0283203125,0.00475,0.0235703125
LogReg,4,0.1,1.0,crp_dataset_8_1_3.csv|crp_dataset_8_1_7.csv|crp_dataset_8_1_8.csv|crp_dataset_8_1_2.csv,crp_dataset_8_1_6.csv,0.7745930746716032,0.8190476190398186,0.6142857142813266,86,19,54,97,0.026928710937499996,0.008630952380952382,0.018297758556547614
LogReg,4,0.1,1.0,crp_dataset_8_1_3.csv|crp_dataset_8_1_7.csv|crp_dataset_8_1_8.csv|crp_dataset_8_1_2.csv,crp_dataset_8_1_5.csv,0.7745930746716032,0.8111111111020988,0.7299999999926999,73,17,27,139,0.039282226562499994,0.005833333333333334,0.03344889322916666
LogReg,4,0.1,1.0,crp_dataset_8_1_3.csv|crp_dataset_8_1_7.csv|crp_dataset_8_1_8.csv|crp_dataset_8_1_2.csv,crp_dataset_8_1_4.csv,0.7745930746716032,0.8709677419284599,0.8244274809097373,108,16,23,109,0.023046875,0.005191532258064516,0.017855342741935485
LogReg,4,0.1,1.0,crp_dataset_8_1_3.csv|crp_dataset_8_1_7.csv|crp_dataset_8_1_8.csv|crp_dataset_8_1_2.csv,crp_dataset_8_1_1.csv,0.7745930746716032,0.8641975308535284,0.5555555555511463,70,11,56,119,0.0252685546875,0.004320987654320987,0.020947567033179012
LogReg,4,0.1,1.0,crp_dataset_8_1_3.csv|crp_dataset_8_1_7.csv|crp_dataset_8_1_8.csv|crp_dataset_8_1_4.csv,crp_dataset_8_1_6.csv,0.60263837290949,0.8936170212670892,0.5999999999957143,84,10,56,106,0.026928710937499996,0.0041888297872340425,0.022739881150265952
LogReg,4,0.1,1.0,crp_dataset_8_1_3.csv|crp_dataset_8_1_7.csv|crp_dataset_8_1_8.csv|crp_dataset_8_1_4.csv,crp_dataset_8_1_5.csv,0.60263837290949,0.7777777777699214,0.7699999999923,77,22,23,134,0.039282226562499994,0.006818181818181819,0.032464044744318174
LogReg,4,0.1,1.0,crp_dataset_8_1_3.csv|crp_dataset_8_1_7.csv|crp_dataset_8_1_8.csv|crp_dataset_8_1_4.csv,crp_dataset_8_1_2.csv,0.60263837290949,0.8453608247335529,0.6890756302463102,82,15,37,122,0.039453125,0.0035438144329896907,0.03590931056701031
LogReg,4,0.1,1.0,crp_dataset_8_1_3.csv|crp_dataset_8_1_7.csv|crp_dataset_8_1_8.csv|crp_dataset_8_1_4.csv,crp_dataset_8_1_1.csv,0.60263837290949,0.9047619047511337,0.6031746031698161,76,8,50,122,0.0252685546875,0.0023065476190476187,0.022962007068452382
LogReg,4,0.1,1.0,crp_dataset_8_1_3.csv|crp_dataset_8_1_7.csv|crp_dataset_8_1_8.csv|crp_dataset_8_1_1.csv,crp_dataset_8_1_6.csv,0.7373998631967716,0.858585858577186,0.6071428571385205,85,14,55,102,0.026928710937499996,0.006060606060606061,0.020868104876893934
LogReg,4,0.1,1.0,crp_dataset_8_1_3.csv|crp_dataset_8_1_7.csv|crp_dataset_8_1_8.csv|crp_dataset_8_1_1.csv,crp_dataset_8_1_5.csv,0.7373998631967716,0.8783783783665083,0.6499999999935,65,9,35,147,0.039282226562499994,0.003969594594594594,0.0353126319679054
LogReg,4,0.1,1.0,crp_dataset_8_1_3.csv|crp_dataset_8_1_7.csv|crp_dataset_8_1_8.csv|crp_dataset_8_1_1.csv,crp_dataset_8_1_2.csv,0.7373998631967716,0.9655172413626636,0.47058823529016314,56,2,63,135,0.039453125,0.0015086206896551728,0.03794450431034482
LogReg,4,0.1,1.0,crp_dataset_8_1_3.csv|crp_dataset_8_1_7.csv|crp_dataset_8_1_8.csv|crp_dataset_8_1_1.csv,crp_dataset_8_1_4.csv,0.7373998631967716,0.8965517241302021,0.7938931297649322,104,12,27,113,0.023046875,0.003825431034482759,0.019221443965517244
LogReg,4,0.1,1.0,crp_dataset_8_1_3.csv|crp_dataset_8_1_7.csv|crp_dataset_8_1_2.csv|crp_dataset_8_1_4.csv,crp_dataset_8_1_6.csv,0.8311902910609181,0.9047619047511337,0.5428571428532654,76,8,64,108,0.026928710937499996,0.003422619047619047,0.02350609188988095
LogReg,4,0.1,1.0,crp_dataset_8_1_3.csv|crp_dataset_8_1_7.csv|crp_dataset_8_1_2.csv|crp_dataset_8_1_4.csv,crp_dataset_8_1_5.csv,0.8311902910609181,0.9999999999772728,0.43999999999559997,44,0,56,156,0.039282226562499994,0.0005681818181818183,0.03871404474431818
LogReg,4,0.1,1.0,crp_dataset_8_1_3.csv|crp_dataset_8_1_7.csv|crp_dataset_8_1_2.csv|crp_dataset_8_1_4.csv,crp_dataset_8_1_8.csv,0.8311902910609181,0.8235294117404846,0.20289855072316743,28,6,110,112,0.0283203125,0.004963235294117648,0.023357077205882353
LogReg,4,0.1,1.0,crp_dataset_8_1_3.csv|crp_dataset_8_1_7.csv|crp_dataset_8_1_2.csv|crp_dataset_8_1_4.csv,crp_dataset_8_1_1.csv,0.8311902910609181,0.9310344827425684,0.4285714285680272,54,4,72,126,0.0252685546875,0.0015086206896551724,0.023759933997844828
LogReg,4,0.1,1.0,crp_dataset_8_1_3.csv|crp_dataset_8_1_7.csv|crp_dataset_8_1_2.csv|crp_dataset_8_1_1.csv,crp_dataset_8_1_6.csv,0.6342736413910343,0.7925925925867215,0.7642857142802552,107,28,33,88,0.026928710937499996,0.009953703703703704,0.01697500723379629
LogReg,4,0.1,1.0,crp_dataset_8_1_3.csv|crp_dataset_8_1_7.csv|crp_dataset_8_1_2.csv|crp_dataset_8_1_1.csv,crp_dataset_8_1_5.csv,0.6342736413910343,0.9154929577335845,0.6499999999935,65,6,35,150,0.039282226562499994,0.00272887323943662,0.03655335332306337
LogReg,4,0.1,1.0,crp_dataset_8_1_3.csv|crp_dataset_8_1_7.csv|crp_dataset_8_1_2.csv|crp_dataset_8_1_1.csv,crp_dataset_8_1_8.csv,0.6342736413910343,0.8297872340337257,0.5652173913002521,78,16,60,102,0.0283203125,0.005053191489361702,0.023267121010638298
LogReg,4,0.1,1.0,crp_dataset_8_1_3.csv|crp_dataset_8_1_7.csv|crp_dataset_8_1_2.csv|crp_dataset_8_1_1.csv,crp_dataset_8_1_4.csv,0.6342736413910343,0.8593749999932863,0.8396946564821398,110,18,21,107,0.023046875,0.005517578125,0.017529296875000003
LogReg,4,0.1,1.0,crp_dataset_8_1_3.csv|crp_dataset_8_1_7.csv|crp_dataset_8_1_4.csv|crp_dataset_8_1_1.csv,crp_dataset_8_1_6.csv,0.6174243161299575,0.7567567567516436,0.7999999999942857,112,36,28,80,0.026928710937499996,0.013133445945945945,0.01379526499155405
LogReg,4,0.1,1.0,crp_dataset_8_1_3.csv|crp_dataset_8_1_7.csv|crp_dataset_8_1_4.csv|crp_dataset_8_1_1.csv,crp_dataset_8_1_5.csv,0.6174243161299575,0.9999999999803922,0.5099999999949,51,0,49,156,0.039282226562499994,0.0006127450980392157,0.03866948146446078
LogReg,4,0.1,1.0,crp_dataset_8_1_3.csv|crp_dataset_8_1_7.csv|crp_dataset_8_1_4.csv|crp_dataset_8_1_1.csv,crp_dataset_8_1_8.csv,0.6174243161299575,0.8059701492417018,0.39130434782325146,54,13,84,105,0.0283203125,0.005690298507462686,0.022630013992537314
LogReg,4,0.1,1.0,crp_dataset_8_1_3.csv|crp_dataset_8_1_7.csv|crp_dataset_8_1_4.csv|crp_dataset_8_1_1.csv,crp_dataset_8_1_2.csv,0.6174243161299575,0.9999999999642857,0.23529411764508157,28,0,91,137,0.039453125,0.0006696428571428573,0.038783482142857144
LogReg,4,0.1,1.0,crp_dataset_8_1_3.csv|crp_dataset_8_1_8.csv|crp_dataset_8_1_2.csv|crp_dataset_8_1_4.csv,crp_dataset_8_1_6.csv,0.6882979664012914,0.841584158407509,0.6071428571385205,85,16,55,100,0.026928710937499996,0.006497524752475247,0.02043118618502475
LogReg,4,0.1,1.0,crp_dataset_8_1_3.csv|crp_dataset_8_1_8.csv|crp_dataset_8_1_2.csv|crp_dataset_8_1_4.csv,crp_dataset_8_1_5.csv,0.6882979664012914,0.9538461538314792,0.6199999999938,62,3,38,153,0.039282226562499994,0.0019230769230769232,0.03735914963942307
LogReg,4,0.1,1.0,crp_dataset_8_1_3.csv|crp_dataset_8_1_8.csv|crp_dataset_8_1_2.csv|crp_dataset_8_1_4.csv,crp_dataset_8_1_7.csv,0.6882979664012914,0.9999999999945947,0.8409090909052687,185,0,35,36,0.0095703125,3.3783783783783784e-05,0.009536528716216217
LogReg,4,0.1,1.0,crp_dataset_8_1_3.csv|crp_dataset_8_1_8.csv|crp_dataset_8_1_2.csv|crp_dataset_8_1_4.csv,crp_dataset_8_1_1.csv,0.6882979664012914,0.8918918918798393,0.5238095238053666,66,8,60,122,0.0252685546875,0.0026182432432432434,0.022650311444256756
LogReg,4,0.1,1.0,crp_dataset_8_1_3.csv|crp_dataset_8_1_8.csv|crp_dataset_8_1_2.csv|crp_dataset_8_1_1.csv,crp_dataset_8_1_6.csv,0.6006949355831711,0.8350515463831437,0.5785714285672959,81,16,59,100,0.026928710937499996,0.0067654639175257734,0.020163247019974222
LogReg,4,0.1,1.0,crp_dataset_8_1_3.csv|crp_dataset_8_1_8.csv|crp_dataset_8_1_2.csv|crp_dataset_8_1_1.csv,crp_dataset_8_1_5.csv,0.6006949355831711,0.7399999999926,0.7399999999926,74,26,26,130,0.039282226562499994,0.0084375,0.030844726562499994
LogReg,4,0.1,1.0,crp_dataset_8_1_3.csv|crp_dataset_8_1_8.csv|crp_dataset_8_1_2.csv|crp_dataset_8_1_1.csv,crp_dataset_8_1_7.csv,0.6006949355831711,0.994871794866693,0.8818181818141736,194,1,26,35,0.0095703125,0.0002564102564102564,0.009313902243589745
LogReg,4,0.1,1.0,crp_dataset_8_1_3.csv|crp_dataset_8_1_8.csv|crp_dataset_8_1_2.csv|crp_dataset_8_1_1.csv,crp_dataset_8_1_4.csv,0.6006949355831711,0.8655462184801215,0.7862595419787309,103,16,28,109,0.023046875,0.005304621848739497,0.017742253151260504
LogReg,4,0.1,1.0,crp_dataset_8_1_3.csv|crp_dataset_8_1_8.csv|crp_dataset_8_1_4.csv|crp_dataset_8_1_1.csv,crp_dataset_8_1_6.csv,0.6993015099044881,0.8666666666584126,0.6499999999953572,91,14,49,102,0.026928710937499996,0.005595238095238096,0.0213334728422619
LogReg,4,0.1,1.0,crp_dataset_8_1_3.csv|crp_dataset_8_1_8.csv|crp_dataset_8_1_4.csv|crp_dataset_8_1_1.csv,crp_dataset_8_1_5.csv,0.6993015099044881,0.9574468084902672,0.4499999999955,45,2,55,154,0.039282226562499994,0.0017287234042553193,0.037553503158244676
LogReg,4,0.1,1.0,crp_dataset_8_1_3.csv|crp_dataset_8_1_8.csv|crp_dataset_8_1_4.csv|crp_dataset_8_1_1.csv,crp_dataset_8_1_7.csv,0.6993015099044881,0.999999999994898,0.8909090909050413,196,0,24,36,0.0095703125,0.00019132653061224492,0.009378985969387755
LogReg,4,0.1,1.0,crp_dataset_8_1_3.csv|crp_dataset_8_1_8.csv|crp_dataset_8_1_4.csv|crp_dataset_8_1_1.csv,crp_dataset_8_1_2.csv,0.6993015099044881,0.9565217390888469,0.18487394957827835,22,1,97,136,0.039453125,0.002173913043478261,0.037279211956521736
LogReg,4,0.1,1.0,crp_dataset_8_1_3.csv|crp_dataset_8_1_2.csv|crp_dataset_8_1_4.csv|crp_dataset_8_1_1.csv,crp_dataset_8_1_6.csv,0.645707549462207,0.8282828282744618,0.5857142857101021,82,17,58,99,0.026928710937499996,0.007702020202020201,0.019226690735479793
LogReg,4,0.1,1.0,crp_dataset_8_1_3.csv|crp_dataset_8_1_2.csv|crp_dataset_8_1_4.csv|crp_dataset_8_1_1.csv,crp_dataset_8_1_5.csv,0.645707549462207,0.9999999999824563,0.5699999999943,57,0,43,156,0.039282226562499994,0.001206140350877193,0.038076086211622805
LogReg,4,0.1,1.0,crp_dataset_8_1_3.csv|crp_dataset_8_1_2.csv|crp_dataset_8_1_4.csv|crp_dataset_8_1_1.csv,crp_dataset_8_1_7.csv,0.645707549462207,0.990740740736154,0.9727272727228513,214,2,6,34,0.0095703125,0.0003761574074074074,0.009194155092592594
LogReg,4,0.1,1.0,crp_dataset_8_1_3.csv|crp_dataset_8_1_2.csv|crp_dataset_8_1_4.csv|crp_dataset_8_1_1.csv,crp_dataset_8_1_8.csv,0.645707549462207,0.8115942028867884,0.40579710144633485,56,13,82,105,0.0283203125,0.005163043478260869,0.023157269021739132
LogReg,4,0.1,1.0,crp_dataset_8_1_7.csv|crp_dataset_8_1_8.csv|crp_dataset_8_1_2.csv|crp_dataset_8_1_4.csv,crp_dataset_8_1_6.csv,0.8228600477050156,0.8316831683085971,0.5999999999957143,84,17,56,99,0.026928710937499996,0.006992574257425743,0.019936136680074254
LogReg,4,0.1,1.0,crp_dataset_8_1_7.csv|crp_dataset_8_1_8.csv|crp_dataset_8_1_2.csv|crp_dataset_8_1_4.csv,crp_dataset_8_1_5.csv,0.8228600477050156,0.9999999999777779,0.4499999999955,45,0,55,156,0.039282226562499994,0.0005555555555555556,0.03872667100694444
LogReg,4,0.1,1.0,crp_dataset_8_1_7.csv|crp_dataset_8_1_8.csv|crp_dataset_8_1_2.csv|crp_dataset_8_1_4.csv,crp_dataset_8_1_3.csv,0.8228600477050156,0.9824561403422591,0.6473988439268937,112,2,61,81,0.0196044921875,0.0006030701754385965,0.019001422012061404
LogReg,4,0.1,1.0,crp_dataset_8_1_7.csv|crp_dataset_8_1_8.csv|crp_dataset_8_1_2.csv|crp_dataset_8_1_4.csv,crp_dataset_8_1_1.csv,0.8228600477050156,0.9180327868701962,0.4444444444409171,56,5,70,125,0.0252685546875,0.0017418032786885246,0.023526751408811476
LogReg,4,0.1,1.0,crp_dataset_8_1_7.csv|crp_dataset_8_1_8.csv|crp_dataset_8_1_2.csv|crp_dataset_8_1_1.csv,crp_dataset_8_1_6.csv,0.7130143434607161,0.794871794865001,0.6642857142809694,93,24,47,92,0.026928710937499996,0.009134615384615385,0.01779409555288461
LogReg,4,0.1,1.0,crp_dataset_8_1_7.csv|crp_dataset_8_1_8.csv|crp_dataset_8_1_2.csv|crp_dataset_8_1_1.csv,crp_dataset_8_1_5.csv,0.7130143434607161,0.9538461538314792,0.6199999999938,62,3,38,153,0.039282226562499994,0.0019230769230769232,0.03735914963942307
LogReg,4,0.1,1.0,crp_dataset_8_1_7.csv|crp_dataset_8_1_8.csv|crp_dataset_8_1_2.csv|crp_dataset_8_1_1.csv,crp_dataset_8_1_3.csv,0.7130143434607161,0.9579831932692606,0.6589595375684454,114,5,59,78,0.0196044921875,0.001365546218487395,0.018238945969012606
LogReg,4,0.1,1.0,crp_dataset_8_1_7.csv|crp_dataset_8_1_8.csv|crp_dataset_8_1_2.csv|crp_dataset_8_1_1.csv,crp_dataset_8_1_4.csv,0.7130143434607161,0.8833333333259722,0.8091603053373347,106,14,25,111,0.023046875,0.004270833333333333,0.018776041666666667
LogReg,4,0.1,1.0,crp_dataset_8_1_7.csv|crp_dataset_8_1_8.csv|crp_dataset_8_1_4.csv|crp_dataset_8_1_1.csv,crp_dataset_8_1_6.csv,0.6589970098474206,0.8504672897116778,0.6499999999953572,91,16,49,100,0.026928710937499996,0.006366822429906542,0.020561888507593454
LogReg,4,0.1,1.0,crp_dataset_8_1_7.csv|crp_dataset_8_1_8.csv|crp_dataset_8_1_4.csv|crp_dataset_8_1_1.csv,crp_dataset_8_1_5.csv,0.6589970098474206,0.883116883105414,0.6799999999931999,68,9,32,147,0.039282226562499994,0.003733766233766234,0.03554846032873376
LogReg,4,0.1,1.0,crp_dataset_8_1_7.csv|crp_dataset_8_1_8.csv|crp_dataset_8_1_4.csv|crp_dataset_8_1_1.csv,crp_dataset_8_1_3.csv,0.6589970098474206,0.9593495934881353,0.6820809248515487,118,5,55,78,0.0196044921875,0.0015752032520325201,0.01802928893546748
LogReg,4,0.1,1.0,crp_dataset_8_1_7.csv|crp_dataset_8_1_8.csv|crp_dataset_8_1_4.csv|crp_dataset_8_1_1.csv,crp_dataset_8_1_2.csv,0.6589970098474206,0.9538461538314792,0.5210084033569663,62,3,57,134,0.039453125,0.0016346153846153845,0.03781850961538461
LogReg,4,0.1,1.0,crp_dataset_8_1_7.csv|crp_dataset_8_1_2.csv|crp_dataset_8_1_4.csv|crp_dataset_8_1_1.csv,crp_dataset_8_1_6.csv,0.7405259004676185,0.8118811881107735,0.5857142857101021,82,19,58,97,0.026928710937499996,0.009344059405940594,0.0175846515315594
LogReg,4,0.1,1.0,crp_dataset_8_1_7.csv|crp_dataset_8_1_2.csv|crp_dataset_8_1_4.csv|crp_dataset_8_1_1.csv,crp_dataset_8_1_5.csv,0.7405259004676185,0.9999999999811321,0.5299999999946999,53,0,47,156,0.039282226562499994,0.0009433962264150943,0.0383388303360849
LogReg,4,0.1,1.0,crp_dataset_8_1_7.csv|crp_dataset_8_1_2.csv|crp_dataset_8_1_4.csv|crp_dataset_8_1_1.csv,crp_dataset_8_1_3.csv,0.7405259004676185,0.9655172413709869,0.6473988439268937,112,4,61,79,0.0196044921875,0.0007004310344827586,0.01890406115301724
LogReg,4,0.1,1.0,crp_dataset_8_1_7.csv|crp_dataset_8_1_2.csv|crp_dataset_8_1_4.csv|crp_dataset_8_1_1.csv,crp_dataset_8_1_8.csv,0.7405259004676185,0.8571428571253645,0.30434782608475114,42,7,96,111,0.0283203125,0.004464285714285715,0.023856026785714284
LogReg,4,0.1,1.0,crp_dataset_8_1_8.csv|crp_dataset_8_1_2.csv|crp_dataset_8_1_4.csv|crp_dataset_8_1_1.csv,crp_dataset_8_1_6.csv,0.6892644846843304,0.9166666666539351,0.4714285714252041,66,6,74,110,0.026928710937499996,0.0036458333333333334,0.02328287760416666
LogReg,4,0.1,1.0,crp_dataset_8_1_8.csv|crp_dataset_8_1_2.csv|crp_dataset_8_1_4.csv|crp_dataset_8_1_1.csv,crp_dataset_8_1_5.csv,0.6892644846843304,0.918918918906501,0.6799999999931999,68,6,32,150,0.039282226562499994,0.0026182432432432434,0.03666398331925675
LogReg,4,0.1,1.0,crp_dataset_8_1_8.csv|crp_dataset_8_1_2.csv|crp_dataset_8_1_4.csv|crp_dataset_8_1_1.csv,crp_dataset_8_1_3.csv,0.6892644846843304,0.999999999989899,0.5722543352568078,99,0,74,83,0.0196044921875,0.0,0.0196044921875
LogReg,4,0.1,1.0,crp_dataset_8_1_8.csv|crp_dataset_8_1_2.csv|crp_dataset_8_1_4.csv|crp_dataset_8_1_1.csv,crp_dataset_8_1_7.csv,0.6892644846843304,0.9999999999933334,0.6818181818150827,150,0,70,36,0.0095703125,4.166666666666667e-05,0.009528645833333333
LogReg,5,0.1,1.0,crp_dataset_8_1_6.csv|crp_dataset_8_1_5.csv|crp_dataset_8_1_3.csv|crp_dataset_8_1_7.csv|crp_dataset_8_1_8.csv,crp_dataset_8_1_2.csv,0.7178291236338239,0.9722222221952161,0.29411764705635196,35,1,84,136,0.039453125,0.0015625,0.037890625
LogReg,5,0.1,1.0,crp_dataset_8_1_6.csv|crp_dataset_8_1_5.csv|crp_dataset_8_1_3.csv|crp_dataset_8_1_7.csv|crp_dataset_8_1_8.csv,crp_dataset_8_1_4.csv,0.7178291236338239,0.9090909090826446,0.7633587786201271,100,10,31,115,0.023046875,0.002840909090909091,0.02020596590909091
LogReg,5,0.1,1.0,crp_dataset_8_1_6.csv|crp_dataset_8_1_5.csv|crp_dataset_8_1_3.csv|crp_dataset_8_1_7.csv|crp_dataset_8_1_8.csv,crp_dataset_8_1_1.csv,0.7178291236338239,0.9333333333208889,0.5555555555511463,70,5,56,125,0.0252685546875,0.0018333333333333335,0.023435221354166667
LogReg,5,0.1,1.0,crp_dataset_8_1_6.csv|crp_dataset_8_1_5.csv|crp_dataset_8_1_3.csv|crp_dataset_8_1_7.csv|crp_dataset_8_1_2.csv,crp_dataset_8_1_8.csv,0.633617932466973,0.8139534883626284,0.5072463768079185,70,16,68,102,0.0283203125,0.005305232558139534,0.023015079941860465
LogReg,5,0.1,1.0,crp_dataset_8_1_6.csv|crp_dataset_8_1_5.csv|crp_dataset_8_1_3.csv|crp_dataset_8_1_7.csv|crp_dataset_8_1_2.csv,crp_dataset_8_1_4.csv,0.633617932466973,0.863999999993088,0.8244274809097373,108,17,23,108,0.023046875,0.0049499999999999995,0.018096875000000002
LogReg,5,0.1,1.0,crp_dataset_8_1_6.csv|crp_dataset_8_1_5.csv|crp_dataset_8_1_3.csv|crp_dataset_8_1_7.csv|crp_dataset_8_1_2.csv,crp_dataset_8_1_1.csv,0.633617932466973,0.8874999999889062,0.5634920634875913,71,9,55,121,0.0252685546875,0.0032812500000000003,0.0219873046875
LogReg,5,0.1,1.0,crp_dataset_8_1_6.csv|crp_dataset_8_1_5.csv|crp_dataset_8_1_3.csv|crp_dataset_8_1_7.csv|crp_dataset_8_1_4.csv,crp_dataset_8_1_8.csv,0.7108472486532846,0.813953488353164,0.25362318840395925,35,8,103,110,0.0283203125,0.005377906976744186,0.022942405523255813
LogReg,5,0.1,1.0,crp_dataset_8_1_6.csv|crp_dataset_8_1_5.csv|crp_dataset_8_1_3.csv|crp_dataset_8_1_7.csv|crp_dataset_8_1_4.csv,crp_dataset_8_1_2.csv,0.7108472486532846,0.9999999999166667,0.10084033613360638,12,0,107,137,0.039453125,0.0010416666666666667,0.03841145833333333
LogReg,5,0.1,1.0,crp_dataset_8_1_6.csv|crp_dataset_8_1_5.csv|crp_dataset_8_1_3.csv|crp_dataset_8_1_7.csv|crp_dataset_8_1_4.csv,crp_dataset_8_1_1.csv,0.7108472486532846,0.9076923076783432,0.46825396825025195,59,6,67,124,0.0252685546875,0.0020192307692307693,0.02324932391826923
LogReg,5,0.1,1.0,crp_dataset_8_1_6.csv|crp_dataset_8_1_5.csv|crp_dataset_8_1_3.csv|crp_dataset_8_1_7.csv|crp_dataset_8_1_1.csv,crp_dataset_8_1_8.csv,0.7512105681332575,0.8285714285477552,0.21014492753470912,29,6,109,112,0.0283203125,0.004642857142857143,0.023677455357142857
LogReg,5,0.1,1.0,crp_dataset_8_1_6.csv|crp_dataset_8_1_5.csv|crp_dataset_8_1_3.csv|crp_dataset_8_1_7.csv|crp_dataset_8_1_1.csv,crp_dataset_8_1_2.csv,0.7512105681332575,0.9999999998,0.04201680672233599,5,0,114,137,0.039453125,0.00125,0.038203125
LogReg,5,0.1,1.0,crp_dataset_8_1_6.csv|crp_dataset_8_1_5.csv|crp_dataset_8_1_3.csv|crp_dataset_8_1_7.csv|crp_dataset_8_1_1.csv,crp_dataset_8_1_4.csv,0.7512105681332575,0.9519230769139237,0.7557251908339259,99,5,32,120,0.023046875,0.0016826923076923078,0.021364182692307693
LogReg,5,0.1,1.0,crp_dataset_8_1_6.csv|crp_dataset_8_1_5.csv|crp_dataset_8_1_3.csv|crp_dataset_8_1_8.csv|crp_dataset_8_1_2.csv,crp_dataset_8_1_7.csv,0.7634296004120695,0.9999999999945356,0.8318181818144008,183,0,37,36,0.0095703125,3.4153005464480874e-05,0.009536159494535519
LogReg,5,0.1,1.0,crp_dataset_8_1_6.csv|crp_dataset_8_1_5.csv|crp_dataset_8_1_3.csv|crp_dataset_8_1_8.csv|crp_dataset_8_1_2.csv,crp_dataset_8_1_4.csv,0.7634296004120695,0.9666666666559259,0.6641221373995105,87,3,44,122,0.023046875,0.0009722222222222222,0.02207465277777778
LogReg,5,0.1,1.0,crp_dataset_8_1_6.csv|crp_dataset_8_1_5.csv|crp_dataset_8_1_3.csv|crp_dataset_8_1_8.csv|crp_dataset_8_1_2.csv,crp_dataset_8_1_1.csv,0.7634296004120695,0.9661016948988796,0.45238095237736203,57,2,69,128,0.0252685546875,0.0008474576271186442,0.024421097060381355
LogReg,5,0.1,1.0,crp_dataset_8_1_6.csv|crp_dataset_8_1_5.csv|crp_dataset_8_1_3.csv|crp_dataset_8_1_8.csv|crp_dataset_8_1_4.csv,crp_dataset_8_1_7.csv,0.669552871417142,0.9999999999948455,0.8818181818141736,194,0,26,36,0.0095703125,0.0001288659793814433,0.009441446520618558
LogReg,5,0.1,1.0,crp_dataset_8_1_6.csv|crp_dataset_8_1_5.csv|crp_dataset_8_1_3.csv|crp_dataset_8_1_8.csv|crp_dataset_8_1_4.csv,crp_dataset_8_1_2.csv,0.669552871417142,0.9999999999583333,0.20168067226721276,24,0,95,137,0.039453125,0.0007812500000000002,0.038671875
LogReg,5,0.1,1.0,crp_dataset_8_1_6.csv|crp_dataset_8_1_5.csv|crp_dataset_8_1_3.csv|crp_dataset_8_1_8.csv|crp_dataset_8_1_4.csv,crp_dataset_8_1_1.csv,0.669552871417142,0.9696969696822773,0.5079365079324767,64,2,62,128,0.0252685546875,0.0006628787878787878,0.02460567589962121
LogReg,5,0.1,1.0,crp_dataset_8_1_6.csv|crp_dataset_8_1_5.csv|crp_dataset_8_1_3.csv|crp_dataset_8_1_8.csv|crp_dataset_8_1_1.csv,crp_dataset_8_1_7.csv,0.7522645247919805,0.9999999999942858,0.7954545454509298,175,0,45,36,0.0095703125,3.571428571428572e-05,0.009534598214285714
LogReg,5,0.1,1.0,crp_dataset_8_1_6.csv|crp_dataset_8_1_5.csv|crp_dataset_8_1_3.csv|crp_dataset_8_1_8.csv|crp_dataset_8_1_1.csv,crp_dataset_8_1_2.csv,0.7522645247919805,0.999999999875,0.06722689075573758,8,0,111,137,0.039453125,0.0015625,0.037890625
LogReg,5,0.1,1.0,crp_dataset_8_1_6.csv|crp_dataset_8_1_5.csv|crp_dataset_8_1_3.csv|crp_dataset_8_1_8.csv|crp_dataset_8_1_1.csv,crp_dataset_8_1_4.csv,0.7522645247919805,0.9662921348206034,0.6564885496133093,86,3,45,122,0.023046875,0.0009831460674157302,0.02206372893258427
LogReg,5,0.1,1.0,crp_dataset_8_1_6.csv|crp_dataset_8_1_5.csv|crp_dataset_8_1_3.csv|crp_dataset_8_1_2.csv|crp_dataset_8_1_4.csv,crp_dataset_8_1_7.csv,0.6927264688743754,0.9903381642464235,0.9318181818139464,205,2,15,34,0.0095703125,0.0003623188405797102,0.00920799365942029
LogReg,5,0.1,1.0,crp_dataset_8_1_6.csv|crp_dataset_8_1_5.csv|crp_dataset_8_1_3.csv|crp_dataset_8_1_2.csv|crp_dataset_8_1_4.csv,crp_dataset_8_1_8.csv,0.6927264688743754,0.765624999988037,0.35507246376554297,49,15,89,103,0.0283203125,0.005957031250000001,0.02236328125
LogReg,5,0.1,1.0,crp_dataset_8_1_6.csv|crp_dataset_8_1_5.csv|crp_dataset_8_1_3.csv|crp_dataset_8_1_2.csv|crp_dataset_8_1_4.csv,crp_dataset_8_1_1.csv,0.6927264688743754,0.9384615384471006,0.4841269841231418,61,4,65,126,0.0252685546875,0.0013461538461538463,0.023922400841346152
LogReg,5,0.1,1.0,crp_dataset_8_1_6.csv|crp_dataset_8_1_5.csv|crp_dataset_8_1_3.csv|crp_dataset_8_1_2.csv|crp_dataset_8_1_1.csv,crp_dataset_8_1_7.csv,0.6205468413177203,0.9730941703992239,0.9863636363591529,217,6,3,30,0.0095703125,0.0008408071748878924,0.008729505325112108
LogReg,5,0.1,1.0,crp_dataset_8_1_6.csv|crp_dataset_8_1_5.csv|crp_dataset_8_1_3.csv|crp_dataset_8_1_2.csv|crp_dataset_8_1_1.csv,crp_dataset_8_1_8.csv,0.6205468413177203,0.8032786885114217,0.35507246376554297,49,12,89,106,0.0283203125,0.005737704918032787,0.022582607581967215
LogReg,5,0.1,1.0,crp_dataset_8_1_6.csv|crp_dataset_8_1_5.csv|crp_dataset_8_1_3.csv|crp_dataset_8_1_2.csv|crp_dataset_8_1_1.csv,crp_dataset_8_1_4.csv,0.6205468413177203,0.9203539822927402,0.7938931297649322,104,9,27,116,0.023046875,0.002488938053097345,0.020557936946902656
LogReg,5,0.1,1.0,crp_dataset_8_1_6.csv|crp_dataset_8_1_5.csv|crp_dataset_8_1_3.csv|crp_dataset_8_1_4.csv|crp_dataset_8_1_1.csv,crp_dataset_8_1_7.csv,0.6000610020321073,0.9999999999947644,0.868181818177872,191,0,29,36,0.0095703125,0.00013089005235602096,0.00943942244764398
LogReg,5,0.1,1.0,crp_dataset_8_1_6.csv|crp_dataset_8_1_5.csv|crp_dataset_8_1_3.csv|crp_dataset_8_1_4.csv|crp_dataset_8_1_1.csv,crp_dataset_8_1_8.csv,0.6000610020321073,0.7971014492638101,0.39855072463479313,55,14,83,104,0.0283203125,0.005706521739130434,0.022613790760869567
LogReg,5,0.1,1.0,crp_dataset_8_1_6.csv|crp_dataset_8_1_5.csv|crp_dataset_8_1_3.csv|crp_dataset_8_1_4.csv|crp_dataset_8_1_1.csv,crp_dataset_8_1_2.csv,0.6000610020321073,0.9999999999687501,0.2689075630229503,32,0,87,137,0.039453125,0.00078125,0.038671875
LogReg,5,0.1,1.0,crp_dataset_8_1_6.csv|crp_dataset_8_1_5.csv|crp_dataset_8_1_7.csv|crp_dataset_8_1_8.csv|crp_dataset_8_1_2.csv,crp_dataset_8_1_3.csv,0.6012519740122847,0.9606299212522785,0.705202312134652,122,5,51,78,0.0196044921875,0.0016240157480314963,0.017980476439468502
LogReg,5,0.1,1.0,crp_dataset_8_1_6.csv|crp_dataset_8_1_5.csv|crp_dataset_8_1_7.csv|crp_dataset_8_1_8.csv|crp_dataset_8_1_2.csv,crp_dataset_8_1_4.csv,0.6012519740122847,0.8780487804806663,0.8244274809097373,108,15,23,110,0.023046875,0.004725609756097562,0.01832126524390244
LogReg,5,0.1,1.0,crp_dataset_8_1_6.csv|crp_dataset_8_1_5.csv|crp_dataset_8_1_7.csv|crp_dataset_8_1_8.csv|crp_dataset_8_1_2.csv,crp_dataset_8_1_1.csv,0.6012519740122847,0.8999999999887499,0.5714285714240362,72,8,54,122,0.0252685546875,0.003046875,0.0222216796875
LogReg,5,0.1,1.0,crp_dataset_8_1_6.csv|crp_dataset_8_1_5.csv|crp_dataset_8_1_7.csv|crp_dataset_8_1_8.csv|crp_dataset_8_1_4.csv,crp_dataset_8_1_3.csv,0.6112989125201519,0.9523809523733938,0.6936416184931004,120,6,53,77,0.0196044921875,0.002132936507936508,0.017471555679563492
LogReg,5,0.1,1.0,crp_dataset_8_1_6.csv|crp_dataset_8_1_5.csv|crp_dataset_8_1_7.csv|crp_dataset_8_1_8.csv|crp_dataset_8_1_4.csv,crp_dataset_8_1_2.csv,0.6112989125201519,0.8939393939258493,0.4957983193235647,59,7,60,130,0.039453125,0.0026515151515151512,0.03680160984848485
LogReg,5,0.1,1.0,crp_dataset_8_1_6.csv|crp_dataset_8_1_5.csv|crp_dataset_8_1_7.csv|crp_dataset_8_1_8.csv|crp_dataset_8_1_4.csv,crp_dataset_8_1_1.csv,0.6112989125201519,0.9230769230650887,0.5714285714240362,72,6,54,124,0.0252685546875,0.001923076923076923,0.023345477764423077
LogReg,5,0.1,1.0,crp_dataset_8_1_6.csv|crp_dataset_8_1_5.csv|crp_dataset_8_1_7.csv|crp_dataset_8_1_8.csv|crp_dataset_8_1_1.csv,crp_dataset_8_1_3.csv,0.7496548855294741,0.9633027522847403,0.6069364161814629,105,4,68,79,0.0196044921875,0.0013188073394495411,0.01828568484805046
LogReg,5,0.1,1.0,crp_dataset_8_1_6.csv|crp_dataset_8_1_5.csv|crp_dataset_8_1_7.csv|crp_dataset_8_1_8.csv|crp_dataset_8_1_1.csv,crp_dataset_8_1_2.csv,0.7496548855294741,0.999999999952381,0.17647058823381118,21,0,98,137,0.039453125,0.0008928571428571429,0.03856026785714286
LogReg,5,0.1,1.0,crp_dataset_8_1_6.csv|crp_dataset_8_1_5.csv|crp_dataset_8_1_7.csv|crp_dataset_8_1_8.csv|crp_dataset_8_1_1.csv,crp_dataset_8_1_4.csv,0.7496548855294741,0.9494949494853586,0.7175572519029194,94,5,37,120,0.023046875,0.0015782828282828283,0.021468592171717173
LogReg,5,0.1,1.0,crp_dataset_8_1_6.csv|crp_dataset_8_1_5.csv|crp_dataset_8_1_7.csv|crp_dataset_8_1_2.csv|crp_dataset_8_1_4.csv,crp_dataset_8_1_3.csv,0.6721595154690219,0.9411764705803263,0.6473988439268937,112,7,61,76,0.0196044921875,0.0017857142857142859,0.017818777901785713
LogReg,5,0.1,1.0,crp_dataset_8_1_6.csv|crp_dataset_8_1_5.csv|crp_dataset_8_1_7.csv|crp_dataset_8_1_2.csv|crp_dataset_8_1_4.csv,crp_dataset_8_1_8.csv,0.6721595154690219,0.8088235293998702,0.39855072463479313,55,13,83,105,0.0283203125,0.005238970588235294,0.023081341911764707
LogReg,5,0.1,1.0,crp_dataset_8_1_6.csv|crp_dataset_8_1_5.csv|crp_dataset_8_1_7.csv|crp_dataset_8_1_2.csv|crp_dataset_8_1_4.csv,crp_dataset_8_1_1.csv,0.6721595154690219,0.913043478247637,0.49999999999603173,63,6,63,124,0.0252685546875,0.0019021739130434783,0.023366380774456522
LogReg,5,0.1,1.0,crp_dataset_8_1_6.csv|crp_dataset_8_1_5.csv|crp_dataset_8_1_7.csv|crp_dataset_8_1_2.csv|crp_dataset_8_1_1.csv,crp_dataset_8_1_3.csv,0.6026645121308056,0.9523809523733938,0.6936416184931004,120,6,53,77,0.0196044921875,0.002132936507936508,0.017471555679563492
LogReg,5,0.1,1.0,crp_dataset_8_1_6.csv|crp_dataset_8_1_5.csv|crp_dataset_8_1_7.csv|crp_dataset_8_1_2.csv|crp_dataset_8_1_1.csv,crp_dataset_8_1_8.csv,0.6026645121308056,0.8024691357925621,0.47101449275021007,65,16,73,102,0.0283203125,0.0054783950617283955,0.022841917438271603
LogReg,5,0.1,1.0,crp_dataset_8_1_6.csv|crp_dataset_8_1_5.csv|crp_dataset_8_1_7.csv|crp_dataset_8_1_2.csv|crp_dataset_8_1_1.csv,crp_dataset_8_1_4.csv,0.6026645121308056,0.8925619834636979,0.8244274809097373,108,13,23,112,0.023046875,0.003925619834710743,0.019121255165289258
LogReg,5,0.1,1.0,crp_dataset_8_1_6.csv|crp_dataset_8_1_5.csv|crp_dataset_8_1_7.csv|crp_dataset_8_1_4.csv|crp_dataset_8_1_1.csv,crp_dataset_8_1_3.csv,0.711694913189154,0.9426229508119457,0.6647398843892212,115,7,58,76,0.0196044921875,0.0017418032786885248,0.017862688908811476
LogReg,5,0.1,1.0,crp_dataset_8_1_6.csv|crp_dataset_8_1_5.csv|crp_dataset_8_1_7.csv|crp_dataset_8_1_4.csv|crp_dataset_8_1_1.csv,crp_dataset_8_1_8.csv,0.711694913189154,0.9499999999525,0.13768115941929218,19,1,119,117,0.0283203125,0.0034375000000000005,0.0248828125
LogReg,5,0.1,1.0,crp_dataset_8_1_6.csv|crp_dataset_8_1_5.csv|crp_dataset_8_1_7.csv|crp_dataset_8_1_4.csv|crp_dataset_8_1_1.csv,crp_dataset_8_1_2.csv,0.711694913189154,0.9999999999090909,0.09243697478913918,11,0,108,137,0.039453125,0.0011363636363636365,0.03831676136363636
LogReg,5,0.1,1.0,crp_dataset_8_1_6.csv|crp_dataset_8_1_5.csv|crp_dataset_8_1_8.csv|crp_dataset_8_1_2.csv|crp_dataset_8_1_4.csv,crp_dataset_8_1_3.csv,0.6045770356192997,0.9642857142771045,0.6242774566437903,108,4,65,79,0.0196044921875,0.0012834821428571429,0.018321010044642858
LogReg,5,0.1,1.0,crp_dataset_8_1_6.csv|crp_dataset_8_1_5.csv|crp_dataset_8_1_8.csv|crp_dataset_8_1_2.csv|crp_dataset_8_1_4.csv,crp_dataset_8_1_7.csv,0.6045770356192997,0.999999999994898,0.8909090909050413,196,0,24,36,0.0095703125,6.377551020408164e-05,0.009506536989795918
LogReg,5,0.1,1.0,crp_dataset_8_1_6.csv|crp_dataset_8_1_5.csv|crp_dataset_8_1_8.csv|crp_dataset_8_1_2.csv|crp_dataset_8_1_4.csv,crp_dataset_8_1_1.csv,0.6045770356192997,0.9102564102447402,0.5634920634875913,71,7,55,123,0.0252685546875,0.0020833333333333333,0.023185221354166667
LogReg,5,0.1,1.0,crp_dataset_8_1_6.csv|crp_dataset_8_1_5.csv|crp_dataset_8_1_8.csv|crp_dataset_8_1_2.csv|crp_dataset_8_1_1.csv,crp_dataset_8_1_3.csv,0.6719908756896734,0.9719626168133461,0.601156069360687,104,3,69,80,0.0196044921875,0.0007009345794392524,0.018903557608060746
LogReg,5,0.1,1.0,crp_dataset_8_1_6.csv|crp_dataset_8_1_5.csv|crp_dataset_8_1_8.csv|crp_dataset_8_1_2.csv|crp_dataset_8_1_1.csv,crp_dataset_8_1_7.csv,0.6719908756896734,0.9947368421000278,0.8590909090870041,189,1,31,35,0.0095703125,0.0002631578947368421,0.009307154605263159
LogReg,5,0.1,1.0,crp_dataset_8_1_6.csv|crp_dataset_8_1_5.csv|crp_dataset_8_1_8.csv|crp_dataset_8_1_2.csv|crp_dataset_8_1_1.csv,crp_dataset_8_1_4.csv,0.6719908756896734,0.9238095238007256,0.7404580152615233,97,8,34,117,0.023046875,0.0025,0.020546875000000003
LogReg,5,0.1,1.0,crp_dataset_8_1_6.csv|crp_dataset_8_1_5.csv|crp_dataset_8_1_8.csv|crp_dataset_8_1_4.csv|crp_dataset_8_1_1.csv,crp_dataset_8_1_3.csv,0.6477349906162271,0.9809523809430385,0.5953757225399111,103,2,70,81,0.0196044921875,0.0011904761904761906,0.01841401599702381
LogReg,5,0.1,1.0,crp_dataset_8_1_6.csv|crp_dataset_8_1_5.csv|crp_dataset_8_1_8.csv|crp_dataset_8_1_4.csv|crp_dataset_8_1_1.csv,crp_dataset_8_1_7.csv,0.6477349906162271,0.9999999999947917,0.8727272727233059,192,0,28,36,0.0095703125,0.00019531250000000004,0.009375000000000001
LogReg,5,0.1,1.0,crp_dataset_8_1_6.csv|crp_dataset_8_1_5.csv|crp_dataset_8_1_8.csv|crp_dataset_8_1_4.csv|crp_dataset_8_1_1.csv,crp_dataset_8_1_2.csv,0.6477349906162271,0.9999999999687501,0.2689075630229503,32,0,87,137,0.039453125,0.00078125,0.038671875
LogReg,5,0.1,1.0,crp_dataset_8_1_6.csv|crp_dataset_8_1_5.csv|crp_dataset_8_1_2.csv|crp_dataset_8_1_4.csv|crp_dataset_8_1_1.csv,crp_dataset_8_1_3.csv,0.7630443004181569,0.9999999999903846,0.601156069360687,104,0,69,83,0.0196044921875,0.0,0.0196044921875
LogReg,5,0.1,1.0,crp_dataset_8_1_6.csv|crp_dataset_8_1_5.csv|crp_dataset_8_1_2.csv|crp_dataset_8_1_4.csv|crp_dataset_8_1_1.csv,crp_dataset_8_1_7.csv,0.7630443004181569,0.9999999999946809,0.8545454545415703,188,0,32,36,0.0095703125,3.324468085106383e-05,0.009537067819148938
LogReg,5,0.1,1.0,crp_dataset_8_1_6.csv|crp_dataset_8_1_5.csv|crp_dataset_8_1_2.csv|crp_dataset_8_1_4.csv|crp_dataset_8_1_1.csv,crp_dataset_8_1_8.csv,0.7630443004181569,0.8571428571183675,0.2173913043462508,30,5,108,113,0.0283203125,0.004464285714285715,0.023856026785714284
LogReg,5,0.1,1.0,crp_dataset_8_1_6.csv|crp_dataset_8_1_3.csv|crp_dataset_8_1_7.csv|crp_dataset_8_1_8.csv|crp_dataset_8_1_2.csv,crp_dataset_8_1_5.csv,0.736359630884155,0.8227848101161672,0.6499999999935,65,14,35,142,0.039282226562499994,0.005933544303797469,0.03334868225870252
LogReg,5,0.1,1.0,crp_dataset_8_1_6.csv|crp_dataset_8_1_3.csv|crp_dataset_8_1_7.csv|crp_dataset_8_1_8.csv|crp_dataset_8_1_2.csv,crp_dataset_8_1_4.csv,0.736359630884155,0.8852459016320882,0.8244274809097373,108,14,23,111,0.023046875,0.004456967213114755,0.018589907786885247
LogReg,5,0.1,1.0,crp_dataset_8_1_6.csv|crp_dataset_8_1_3.csv|crp_dataset_8_1_7.csv|crp_dataset_8_1_8.csv|crp_dataset_8_1_2.csv,crp_dataset_8_1_1.csv,0.736359630884155,0.888888888877915,0.5714285714240362,72,9,54,121,0.0252685546875,0.003240740740740741,0.022027813946759258
LogReg,5,0.1,1.0,crp_dataset_8_1_6.csv|crp_dataset_8_1_3.csv|crp_dataset_8_1_7.csv|crp_dataset_8_1_8.csv|crp_dataset_8_1_4.csv,crp_dataset_8_1_5.csv,0.770656740755747,0.949152542356794,0.5599999999944,56,3,44,153,0.039282226562499994,0.0016949152542372883,0.037587311308262705
LogReg,5,0.1,1.0,crp_dataset_8_1_6.csv|crp_dataset_8_1_3.csv|crp_dataset_8_1_7.csv|crp_dataset_8_1_8.csv|crp_dataset_8_1_4.csv,crp_dataset_8_1_2.csv,0.770656740755747,0.9999999999722223,0.30252100840081914,36,0,83,137,0.039453125,0.0010416666666666667,0.03841145833333333
LogReg,5,0.1,1.0,crp_dataset_8_1_6.csv|crp_dataset_8_1_3.csv|crp_dataset_8_1_7.csv|crp_dataset_8_1_8.csv|crp_dataset_8_1_4.csv,crp_dataset_8_1_1.csv,0.770656740755747,0.9552238805827578,0.5079365079324767,64,3,62,127,0.0252685546875,0.0009328358208955224,0.02433571886660448
LogReg,5,0.1,1.0,crp_dataset_8_1_6.csv|crp_dataset_8_1_3.csv|crp_dataset_8_1_7.csv|crp_dataset_8_1_8.csv|crp_dataset_8_1_1.csv,crp_dataset_8_1_5.csv,0.7680744391729564,0.9218749999855956,0.5899999999941,59,5,41,151,0.039282226562499994,0.00224609375,0.0370361328125
LogReg,5,0.1,1.0,crp_dataset_8_1_6.csv|crp_dataset_8_1_3.csv|crp_dataset_8_1_7.csv|crp_dataset_8_1_8.csv|crp_dataset_8_1_1.csv,crp_dataset_8_1_2.csv,0.7680744391729564,0.9814814814633059,0.4453781512567615,53,1,66,136,0.039453125,0.0010416666666666667,0.03841145833333333
LogReg,5,0.1,1.0,crp_dataset_8_1_6.csv|crp_dataset_8_1_3.csv|crp_dataset_8_1_7.csv|crp_dataset_8_1_8.csv|crp_dataset_8_1_1.csv,crp_dataset_8_1_4.csv,0.7680744391729564,0.9279279279195682,0.7862595419787309,103,8,28,117,0.023046875,0.002027027027027027,0.021019847972972974
LogReg,5,0.1,1.0,crp_dataset_8_1_6.csv|crp_dataset_8_1_3.csv|crp_dataset_8_1_7.csv|crp_dataset_8_1_2.csv|crp_dataset_8_1_4.csv,crp_dataset_8_1_5.csv,0.8626425800577078,0.9999999999729731,0.3699999999963,37,0,63,156,0.039282226562499994,0.0,0.039282226562499994
LogReg,5,0.1,1.0,crp_dataset_8_1_6.csv|crp_dataset_8_1_3.csv|crp_dataset_8_1_7.csv|crp_dataset_8_1_2.csv|crp_dataset_8_1_4.csv,crp_dataset_8_1_8.csv,0.8626425800577078,0.8529411764455018,0.21014492753470912,29,5,109,113,0.0283203125,0.004044117647058825,0.024276194852941177
LogReg,5,0.1,1.0,crp_dataset_8_1_6.csv|crp_dataset_8_1_3.csv|crp_dataset_8_1_7.csv|crp_dataset_8_1_2.csv|crp_dataset_8_1_4.csv,crp_dataset_8_1_1.csv,0.8626425800577078,0.949152542356794,0.4444444444409171,56,3,70,127,0.0252685546875,0.001059322033898305,0.024209232653601694
LogReg,5,0.1,1.0,crp_dataset_8_1_6.csv|crp_dataset_8_1_3.csv|crp_dataset_8_1_7.csv|crp_dataset_8_1_2.csv|crp_dataset_8_1_1.csv,crp_dataset_8_1_5.csv,0.6509255868269425,0.8939393939258493,0.5899999999941,59,7,41,149,0.039282226562499994,0.0033143939393939404,0.03596783262310605
LogReg,5,0.1,1.0,crp_dataset_8_1_6.csv|crp_dataset_8_1_3.csv|crp_dataset_8_1_7.csv|crp_dataset_8_1_2.csv|crp_dataset_8_1_1.csv,crp_dataset_8_1_8.csv,0.6509255868269425,0.8089887640358541,0.521739130431002,72,17,66,101,0.0283203125,0.005547752808988764,0.022772559691011236
LogReg,5,0.1,1.0,crp_dataset_8_1_6.csv|crp_dataset_8_1_3.csv|crp_dataset_8_1_7.csv|crp_dataset_8_1_2.csv|crp_dataset_8_1_1.csv,crp_dataset_8_1_4.csv,0.6509255868269425,0.8780487804806663,0.8244274809097373,108,15,23,110,0.023046875,0.004471544715447155,0.018575330284552848
LogReg,5,0.1,1.0,crp_dataset_8_1_6.csv|crp_dataset_8_1_3.csv|crp_dataset_8_1_7.csv|crp_dataset_8_1_4.csv|crp_dataset_8_1_1.csv,crp_dataset_8_1_5.csv,0.7571453386467805,0.9310344827425684,0.5399999999946,54,4,46,152,0.039282226562499994,0.001939655172413793,0.037342571390086204
LogReg,5,0.1,1.0,crp_dataset_8_1_6.csv|crp_dataset_8_1_3.csv|crp_dataset_8_1_7.csv|crp_dataset_8_1_4.csv|crp_dataset_8_1_1.csv,crp_dataset_8_1_8.csv,0.7571453386467805,0.8142857142740816,0.4130434782578765,57,13,81,105,0.0283203125,0.005178571428571427,0.023141741071428572
LogReg,5,0.1,1.0,crp_dataset_8_1_6.csv|crp_dataset_8_1_3.csv|crp_dataset_8_1_7.csv|crp_dataset_8_1_4.csv|crp_dataset_8_1_1.csv,crp_dataset_8_1_2.csv,0.7571453386467805,0.9999999999803922,0.4285714285678271,51,0,68,137,0.039453125,0.0007352941176470588,0.03871783088235294
LogReg,5,0.1,1.0,crp_dataset_8_1_6.csv|crp_dataset_8_1_3.csv|crp_dataset_8_1_8.csv|crp_dataset_8_1_2.csv|crp_dataset_8_1_4.csv,crp_dataset_8_1_5.csv,0.721052332618576,0.9076923076783432,0.5899999999941,59,6,41,150,0.039282226562499994,0.0025,0.03678222656249999
LogReg,5,0.1,1.0,crp_dataset_8_1_6.csv|crp_dataset_8_1_3.csv|crp_dataset_8_1_8.csv|crp_dataset_8_1_2.csv|crp_dataset_8_1_4.csv,crp_dataset_8_1_7.csv,0.721052332618576,0.984999999995075,0.8954545454504752,197,3,23,33,0.0095703125,0.00043749999999999995,0.0091328125
LogReg,5,0.1,1.0,crp_dataset_8_1_6.csv|crp_dataset_8_1_3.csv|crp_dataset_8_1_8.csv|crp_dataset_8_1_2.csv|crp_dataset_8_1_4.csv,crp_dataset_8_1_1.csv,0.721052332618576,0.8918918918798393,0.5238095238053666,66,8,60,122,0.0252685546875,0.003293918918918919,0.02197463576858108
LogReg,5,0.1,1.0,crp_dataset_8_1_6.csv|crp_dataset_8_1_3.csv|crp_dataset_8_1_8.csv|crp_dataset_8_1_2.csv|crp_dataset_8_1_1.csv,crp_dataset_8_1_5.csv,0.6742737625632251,0.8805970149122299,0.5899999999941,59,8,41,148,0.039282226562499994,0.0036380597014925376,0.03564416686100746
LogReg,5,0.1,1.0,crp_dataset_8_1_6.csv|crp_dataset_8_1_3.csv|crp_dataset_8_1_8.csv|crp_dataset_8_1_2.csv|crp_dataset_8_1_1.csv,crp_dataset_8_1_7.csv,0.6742737625632251,0.9847715735990621,0.8818181818141736,194,3,26,33,0.0095703125,0.0004441624365482233,0.009126150063451778
LogReg,5,0.1,1.0,crp_dataset_8_1_6.csv|crp_dataset_8_1_3.csv|crp_dataset_8_1_8.csv|crp_dataset_8_1_2.csv|crp_dataset_8_1_1.csv,crp_dataset_8_1_4.csv,0.6742737625632251,0.8660714285636958,0.7404580152615233,97,15,34,110,0.023046875,0.005412946428571428,0.01763392857142857
LogReg,5,0.1,1.0,crp_dataset_8_1_6.csv|crp_dataset_8_1_3.csv|crp_dataset_8_1_8.csv|crp_dataset_8_1_4.csv|crp_dataset_8_1_1.csv,crp_dataset_8_1_5.csv,0.609864525733215,0.914285714272653,0.6399999999936,64,6,36,150,0.039282226562499994,0.0026785714285714286,0.03660365513392857
LogReg,5,0.1,1.0,crp_dataset_8_1_6.csv|crp_dataset_8_1_3.csv|crp_dataset_8_1_8.csv|crp_dataset_8_1_4.csv|crp_dataset_8_1_1.csv,crp_dataset_8_1_7.csv,0.609864525733215,0.9999999999953272,0.9727272727228513,214,0,6,36,0.0095703125,0.00026285046728971963,0.009307462032710281
LogReg,5,0.1,1.0,crp_dataset_8_1_6.csv|crp_dataset_8_1_3.csv|crp_dataset_8_1_8.csv|crp_dataset_8_1_4.csv|crp_dataset_8_1_1.csv,crp_dataset_8_1_2.csv,0.609864525733215,0.9818181818003306,0.45378151260122873,54,1,65,136,0.039453125,0.0013636363636363637,0.03808948863636363
LogReg,5,0.1,1.0,crp_dataset_8_1_6.csv|crp_dataset_8_1_3.csv|crp_dataset_8_1_2.csv|crp_dataset_8_1_4.csv|crp_dataset_8_1_1.csv,crp_dataset_8_1_5.csv,0.7713140317458786,0.9999999999814816,0.5399999999946,54,0,46,156,0.039282226562499994,0.0010416666666666667,0.038240559895833325
LogReg,5,0.1,1.0,crp_dataset_8_1_6.csv|crp_dataset_8_1_3.csv|crp_dataset_8_1_2.csv|crp_dataset_8_1_4.csv|crp_dataset_8_1_1.csv,crp_dataset_8_1_7.csv,0.7713140317458786,0.9999999999946237,0.8454545454507025,186,0,34,36,0.0095703125,0.0,0.0095703125
LogReg,5,0.1,1.0,crp_dataset_8_1_6.csv|crp_dataset_8_1_3.csv|crp_dataset_8_1_2.csv|crp_dataset_8_1_4.csv|crp_dataset_8_1_1.csv,crp_dataset_8_1_8.csv,0.7713140317458786,0.795454545436467,0.25362318840395925,35,9,103,109,0.0283203125,0.005397727272727273,0.022922585227272727
LogReg,5,0.1,1.0,crp_dataset_8_1_6.csv|crp_dataset_8_1_7.csv|crp_dataset_8_1_8.csv|crp_dataset_8_1_2.csv|crp_dataset_8_1_4.csv,crp_dataset_8_1_5.csv,0.6325585811438726,0.8105263157809418,0.7699999999923,77,18,23,138,0.039282226562499994,0.005789473684210527,0.03349275287828947
LogReg,5,0.1,1.0,crp_dataset_8_1_6.csv|crp_dataset_8_1_7.csv|crp_dataset_8_1_8.csv|crp_dataset_8_1_2.csv|crp_dataset_8_1_4.csv,crp_dataset_8_1_3.csv,0.6325585811438726,0.927999999992576,0.670520231209997,116,9,57,74,0.0196044921875,0.0033999999999999994,0.0162044921875
LogReg,5,0.1,1.0,crp_dataset_8_1_6.csv|crp_dataset_8_1_7.csv|crp_dataset_8_1_8.csv|crp_dataset_8_1_2.csv|crp_dataset_8_1_4.csv,crp_dataset_8_1_1.csv,0.6325585811438726,0.8275862068870392,0.5714285714240362,72,15,54,115,0.0252685546875,0.006393678160919539,0.018874876526580462
LogReg,5,0.1,1.0,crp_dataset_8_1_6.csv|crp_dataset_8_1_7.csv|crp_dataset_8_1_8.csv|crp_dataset_8_1_2.csv|crp_dataset_8_1_1.csv,crp_dataset_8_1_5.csv,0.8258162136451356,0.9538461538314792,0.6199999999938,62,3,38,153,0.039282226562499994,0.0018269230769230771,0.037455303485576914
LogReg,5,0.1,1.0,crp_dataset_8_1_6.csv|crp_dataset_8_1_7.csv|crp_dataset_8_1_8.csv|crp_dataset_8_1_2.csv|crp_dataset_8_1_1.csv,crp_dataset_8_1_3.csv,0.8258162136451356,0.9729729729642074,0.6242774566437903,108,3,65,80,0.0196044921875,0.0006756756756756758,0.018928816511824324
LogReg,5,0.1,1.0,crp_dataset_8_1_6.csv|crp_dataset_8_1_7.csv|crp_dataset_8_1_8.csv|crp_dataset_8_1_2.csv|crp_dataset_8_1_1.csv,crp_dataset_8_1_4.csv,0.8258162136451356,0.9433962264061944,0.7633587786201271,100,6,31,119,0.023046875,0.001356132075471698,0.021690742924528304
LogReg,5,0.1,1.0,crp_dataset_8_1_6.csv|crp_dataset_8_1_7.csv|crp_dataset_8_1_8.csv|crp_dataset_8_1_4.csv|crp_dataset_8_1_1.csv,crp_dataset_8_1_5.csv,0.6991580067220612,0.9538461538314792,0.6199999999938,62,3,38,153,0.039282226562499994,0.0018269230769230771,0.037455303485576914
LogReg,5,0.1,1.0,crp_dataset_8_1_6.csv|crp_dataset_8_1_7.csv|crp_dataset_8_1_8.csv|crp_dataset_8_1_4.csv|crp_dataset_8_1_1.csv,crp_dataset_8_1_3.csv,0.6991580067220612,0.9824561403422591,0.6473988439268937,112,2,61,81,0.0196044921875,0.0005482456140350877,0.019056246573464913
LogReg,5,0.1,1.0,crp_dataset_8_1_6.csv|crp_dataset_8_1_7.csv|crp_dataset_8_1_8.csv|crp_dataset_8_1_4.csv|crp_dataset_8_1_1.csv,crp_dataset_8_1_2.csv,0.6991580067220612,0.9999999999787235,0.39495798318995834,47,0,72,137,0.039453125,0.0009308510638297873,0.038522273936170214
LogReg,5,0.1,1.0,crp_dataset_8_1_6.csv|crp_dataset_8_1_7.csv|crp_dataset_8_1_2.csv|crp_dataset_8_1_4.csv|crp_dataset_8_1_1.csv,crp_dataset_8_1_5.csv,0.6206661493218567,0.8809523809418934,0.7399999999926,74,10,26,146,0.039282226562499994,0.0032738095238095235,0.03600841703869047
LogReg,5,0.1,1.0,crp_dataset_8_1_6.csv|crp_dataset_8_1_7.csv|crp_dataset_8_1_2.csv|crp_dataset_8_1_4.csv|crp_dataset_8_1_1.csv,crp_dataset_8_1_3.csv,0.6206661493218567,0.9411764705803263,0.6473988439268937,112,7,61,76,0.0196044921875,0.0017857142857142859,0.017818777901785713
LogReg,5,0.1,1.0,crp_dataset_8_1_6.csv|crp_dataset_8_1_7.csv|crp_dataset_8_1_2.csv|crp_dataset_8_1_4.csv|crp_dataset_8_1_1.csv,crp_dataset_8_1_8.csv,0.6206661493218567,0.8356164383447175,0.4420289855040433,61,12,77,106,0.0283203125,0.004623287671232876,0.023697024828767125
LogReg,5,0.1,1.0,crp_dataset_8_1_6.csv|crp_dataset_8_1_8.csv|crp_dataset_8_1_2.csv|crp_dataset_8_1_4.csv|crp_dataset_8_1_1.csv,crp_dataset_8_1_5.csv,0.6351117303337638,0.9538461538314792,0.6199999999938,62,3,38,153,0.039282226562499994,0.0018269230769230771,0.037455303485576914
LogReg,5,0.1,1.0,crp_dataset_8_1_6.csv|crp_dataset_8_1_8.csv|crp_dataset_8_1_2.csv|crp_dataset_8_1_4.csv|crp_dataset_8_1_1.csv,crp_dataset_8_1_3.csv,0.6351117303337638,0.9663865546137278,0.6647398843892212,115,4,58,79,0.0196044921875,0.0012079831932773108,0.01839650899422269
LogReg,5,0.1,1.0,crp_dataset_8_1_6.csv|crp_dataset_8_1_8.csv|crp_dataset_8_1_2.csv|crp_dataset_8_1_4.csv|crp_dataset_8_1_1.csv,crp_dataset_8_1_7.csv,0.6351117303337638,0.999999999995025,0.9136363636322108,201,0,19,36,0.0095703125,0.00012437810945273634,0.009445934390547264
LogReg,5,0.1,1.0,crp_dataset_8_1_5.csv|crp_dataset_8_1_3.csv|crp_dataset_8_1_7.csv|crp_dataset_8_1_8.csv|crp_dataset_8_1_2.csv,crp_dataset_8_1_6.csv,0.6109480714935037,0.7612903225757337,0.8428571428511226,118,37,22,79,0.026928710937499996,0.0125,0.014428710937499995
LogReg,5,0.1,1.0,crp_dataset_8_1_5.csv|crp_dataset_8_1_3.csv|crp_dataset_8_1_7.csv|crp_dataset_8_1_8.csv|crp_dataset_8_1_2.csv,crp_dataset_8_1_4.csv,0.6109480714935037,0.7941176470529845,0.8244274809097373,108,28,23,97,0.023046875,0.008409926470588235,0.014636948529411766
LogReg,5,0.1,1.0,crp_dataset_8_1_5.csv|crp_dataset_8_1_3.csv|crp_dataset_8_1_7.csv|crp_dataset_8_1_8.csv|crp_dataset_8_1_2.csv,crp_dataset_8_1_1.csv,0.6109480714935037,0.8453608247335529,0.6507936507884857,82,15,44,115,0.0252685546875,0.0057345360824742255,0.019534018605025773
LogReg,5,0.1,1.0,crp_dataset_8_1_5.csv|crp_dataset_8_1_3.csv|crp_dataset_8_1_7.csv|crp_dataset_8_1_8.csv|crp_dataset_8_1_4.csv,crp_dataset_8_1_6.csv,0.607350326318914,0.8031496062928886,0.7285714285662246,102,25,38,91,0.026928710937499996,0.010285433070866141,0.016643277866633853
LogReg,5,0.1,1.0,crp_dataset_8_1_5.csv|crp_dataset_8_1_3.csv|crp_dataset_8_1_7.csv|crp_dataset_8_1_8.csv|crp_dataset_8_1_4.csv,crp_dataset_8_1_2.csv,0.607350326318914,0.9583333333133681,0.3865546218454911,46,2,73,135,0.039453125,0.001822916666666667,0.03763020833333333
LogReg,5,0.1,1.0,crp_dataset_8_1_5.csv|crp_dataset_8_1_3.csv|crp_dataset_8_1_7.csv|crp_dataset_8_1_8.csv|crp_dataset_8_1_4.csv,crp_dataset_8_1_1.csv,0.607350326318914,0.8850574712541946,0.611111111106261,77,10,49,120,0.0252685546875,0.003951149425287357,0.021317405262212645
LogReg,5,0.1,1.0,crp_dataset_8_1_5.csv|crp_dataset_8_1_3.csv|crp_dataset_8_1_7.csv|crp_dataset_8_1_8.csv|crp_dataset_8_1_1.csv,crp_dataset_8_1_6.csv,0.6423446219708138,0.7517241379258502,0.7785714285658674,109,36,31,80,0.026928710937499996,0.012974137931034482,0.013954573006465514
LogReg,5,0.1,1.0,crp_dataset_8_1_5.csv|crp_dataset_8_1_3.csv|crp_dataset_8_1_7.csv|crp_dataset_8_1_8.csv|crp_dataset_8_1_1.csv,crp_dataset_8_1_2.csv,0.6423446219708138,0.9534883720708491,0.3445378151231551,41,2,78,135,0.039453125,0.0018895348837209302,0.03756359011627907
LogReg,5,0.1,1.0,crp_dataset_8_1_5.csv|crp_dataset_8_1_3.csv|crp_dataset_8_1_7.csv|crp_dataset_8_1_8.csv|crp_dataset_8_1_1.csv,crp_dataset_8_1_4.csv,0.6423446219708138,0.855999999993152,0.816793893123536,107,18,24,107,0.023046875,0.005199999999999999,0.017846875
LogReg,5,0.1,1.0,crp_dataset_8_1_5.csv|crp_dataset_8_1_3.csv|crp_dataset_8_1_7.csv|crp_dataset_8_1_2.csv|crp_dataset_8_1_4.csv,crp_dataset_8_1_6.csv,0.6115936420888823,0.8333333333263888,0.7142857142806123,100,20,40,96,0.026928710937499996,0.008958333333333334,0.017970377604166664
LogReg,5,0.1,1.0,crp_dataset_8_1_5.csv|crp_dataset_8_1_3.csv|crp_dataset_8_1_7.csv|crp_dataset_8_1_2.csv|crp_dataset_8_1_4.csv,crp_dataset_8_1_8.csv,0.6115936420888823,0.8023255813860194,0.49999999999637684,69,17,69,101,0.0283203125,0.005159883720930233,0.023160428779069767
LogReg,5,0.1,1.0,crp_dataset_8_1_5.csv|crp_dataset_8_1_3.csv|crp_dataset_8_1_7.csv|crp_dataset_8_1_2.csv|crp_dataset_8_1_4.csv,crp_dataset_8_1_1.csv,0.6115936420888823,0.9054054053931702,0.5317460317418116,67,7,59,123,0.0252685546875,0.002027027027027027,0.023241527660472973
LogReg,5,0.1,1.0,crp_dataset_8_1_5.csv|crp_dataset_8_1_3.csv|crp_dataset_8_1_7.csv|crp_dataset_8_1_2.csv|crp_dataset_8_1_1.csv,crp_dataset_8_1_6.csv,0.7994053137948706,0.7906976744124753,0.7285714285662246,102,27,38,89,0.026928710937499996,0.01012596899224806,0.016802741945251935
LogReg,5,0.1,1.0,crp_dataset_8_1_5.csv|crp_dataset_8_1_3.csv|crp_dataset_8_1_7.csv|crp_dataset_8_1_2.csv|crp_dataset_8_1_1.csv,crp_dataset_8_1_8.csv,0.7994053137948706,0.8275862068680143,0.17391304347700065,24,5,114,113,0.0283203125,0.004956896551724138,0.023363415948275863
LogReg,5,0.1,1.0,crp_dataset_8_1_5.csv|crp_dataset_8_1_3.csv|crp_dataset_8_1_7.csv|crp_dataset_8_1_2.csv|crp_dataset_8_1_1.csv,crp_dataset_8_1_4.csv,0.7994053137948706,0.9696969696871748,0.7328244274753221,96,3,35,122,0.023046875,0.0013257575757575758,0.021721117424242424
LogReg,5,0.1,1.0,crp_dataset_8_1_5.csv|crp_dataset_8_1_3.csv|crp_dataset_8_1_7.csv|crp_dataset_8_1_4.csv|crp_dataset_8_1_1.csv,crp_dataset_8_1_6.csv,0.69049281709505,0.7592592592545725,0.8785714285651531,123,39,17,77,0.026928710937499996,0.01253858024691358,0.014390130690586415
LogReg,5,0.1,1.0,crp_dataset_8_1_5.csv|crp_dataset_8_1_3.csv|crp_dataset_8_1_7.csv|crp_dataset_8_1_4.csv|crp_dataset_8_1_1.csv,crp_dataset_8_1_8.csv,0.69049281709505,0.7999999999733334,0.17391304347700065,24,6,114,112,0.0283203125,0.005416666666666667,0.022903645833333333
LogReg,5,0.1,1.0,crp_dataset_8_1_5.csv|crp_dataset_8_1_3.csv|crp_dataset_8_1_7.csv|crp_dataset_8_1_4.csv|crp_dataset_8_1_1.csv,crp_dataset_8_1_2.csv,0.69049281709505,0.99999999975,0.03361344537786879,4,0,115,137,0.039453125,0.0015625,0.037890625
LogReg,5,0.1,1.0,crp_dataset_8_1_5.csv|crp_dataset_8_1_3.csv|crp_dataset_8_1_8.csv|crp_dataset_8_1_2.csv|crp_dataset_8_1_4.csv,crp_dataset_8_1_6.csv,0.7396934461358038,0.8333333333251634,0.6071428571385205,85,17,55,99,0.026928710937499996,0.006924019607843138,0.02000469132965686
LogReg,5,0.1,1.0,crp_dataset_8_1_5.csv|crp_dataset_8_1_3.csv|crp_dataset_8_1_8.csv|crp_dataset_8_1_2.csv|crp_dataset_8_1_4.csv,crp_dataset_8_1_7.csv,0.7396934461358038,0.9999999999949496,0.8999999999959092,198,0,22,36,0.0095703125,0.00012626262626262626,0.009444049873737374
LogReg,5,0.1,1.0,crp_dataset_8_1_5.csv|crp_dataset_8_1_3.csv|crp_dataset_8_1_8.csv|crp_dataset_8_1_2.csv|crp_dataset_8_1_4.csv,crp_dataset_8_1_1.csv,0.7396934461358038,0.9305555555426311,0.5317460317418116,67,5,59,125,0.0252685546875,0.0014756944444444444,0.023792860243055554
LogReg,5,0.1,1.0,crp_dataset_8_1_5.csv|crp_dataset_8_1_3.csv|crp_dataset_8_1_8.csv|crp_dataset_8_1_2.csv|crp_dataset_8_1_1.csv,crp_dataset_8_1_6.csv,0.8096841632885037,0.8611111111031379,0.6642857142809694,93,15,47,101,0.026928710937499996,0.005902777777777778,0.021025933159722218
LogReg,5,0.1,1.0,crp_dataset_8_1_5.csv|crp_dataset_8_1_3.csv|crp_dataset_8_1_8.csv|crp_dataset_8_1_2.csv|crp_dataset_8_1_1.csv,crp_dataset_8_1_7.csv,0.8096841632885037,0.9999999999945652,0.8363636363598348,184,0,36,36,0.0095703125,3.3967391304347826e-05,0.009536345108695653
LogReg,5,0.1,1.0,crp_dataset_8_1_5.csv|crp_dataset_8_1_3.csv|crp_dataset_8_1_8.csv|crp_dataset_8_1_2.csv|crp_dataset_8_1_1.csv,crp_dataset_8_1_4.csv,0.8096841632885037,0.9662921348206034,0.6564885496133093,86,3,45,122,0.023046875,0.0009831460674157302,0.02206372893258427
LogReg,5,0.1,1.0,crp_dataset_8_1_5.csv|crp_dataset_8_1_3.csv|crp_dataset_8_1_8.csv|crp_dataset_8_1_4.csv|crp_dataset_8_1_1.csv,crp_dataset_8_1_6.csv,0.6768999173550155,0.8015873015809397,0.7214285714234184,101,25,39,91,0.026928710937499996,0.009325396825396825,0.01760331411210317
LogReg,5,0.1,1.0,crp_dataset_8_1_5.csv|crp_dataset_8_1_3.csv|crp_dataset_8_1_8.csv|crp_dataset_8_1_4.csv|crp_dataset_8_1_1.csv,crp_dataset_8_1_7.csv,0.6768999173550155,0.999999999994924,0.8954545454504752,197,0,23,36,0.0095703125,0.0001269035532994924,0.009443408946700508
LogReg,5,0.1,1.0,crp_dataset_8_1_5.csv|crp_dataset_8_1_3.csv|crp_dataset_8_1_8.csv|crp_dataset_8_1_4.csv|crp_dataset_8_1_1.csv,crp_dataset_8_1_2.csv,0.6768999173550155,0.9999999999411765,0.14285714285594237,17,0,102,137,0.039453125,0.0014705882352941176,0.03798253676470588
LogReg,5,0.1,1.0,crp_dataset_8_1_5.csv|crp_dataset_8_1_3.csv|crp_dataset_8_1_2.csv|crp_dataset_8_1_4.csv|crp_dataset_8_1_1.csv,crp_dataset_8_1_6.csv,0.6810792714923476,0.7938931297649322,0.7428571428518368,104,27,36,89,0.026928710937499996,0.010019083969465648,0.016909626968034348
LogReg,5,0.1,1.0,crp_dataset_8_1_5.csv|crp_dataset_8_1_3.csv|crp_dataset_8_1_2.csv|crp_dataset_8_1_4.csv|crp_dataset_8_1_1.csv,crp_dataset_8_1_7.csv,0.6810792714923476,0.9728506787286297,0.9772727272682852,215,6,5,30,0.0095703125,0.0008766968325791854,0.008693615667420815
LogReg,5,0.1,1.0,crp_dataset_8_1_5.csv|crp_dataset_8_1_3.csv|crp_dataset_8_1_2.csv|crp_dataset_8_1_4.csv|crp_dataset_8_1_1.csv,crp_dataset_8_1_8.csv,0.6810792714923476,0.7884615384463758,0.2971014492732094,41,11,97,107,0.0283203125,0.005528846153846153,0.022791466346153845
LogReg,5,0.1,1.0,crp_dataset_8_1_5.csv|crp_dataset_8_1_7.csv|crp_dataset_8_1_8.csv|crp_dataset_8_1_2.csv|crp_dataset_8_1_4.csv,crp_dataset_8_1_6.csv,0.6313571722119116,0.8292682926761847,0.7285714285662246,102,21,38,95,0.026928710937499996,0.008028455284552845,0.018900255652947152
LogReg,5,0.1,1.0,crp_dataset_8_1_5.csv|crp_dataset_8_1_7.csv|crp_dataset_8_1_8.csv|crp_dataset_8_1_2.csv|crp_dataset_8_1_4.csv,crp_dataset_8_1_3.csv,0.6313571722119116,0.9674796747888823,0.6878612716723246,119,4,54,79,0.0196044921875,0.0011686991869918697,0.01843579300050813
LogReg,5,0.1,1.0,crp_dataset_8_1_5.csv|crp_dataset_8_1_7.csv|crp_dataset_8_1_8.csv|crp_dataset_8_1_2.csv|crp_dataset_8_1_4.csv,crp_dataset_8_1_1.csv,0.6313571722119116,0.9259259259144947,0.5952380952333711,75,6,51,124,0.0252685546875,0.0016203703703703705,0.02364818431712963
LogReg,5,0.1,1.0,crp_dataset_8_1_5.csv|crp_dataset_8_1_7.csv|crp_dataset_8_1_8.csv|crp_dataset_8_1_2.csv|crp_dataset_8_1_1.csv,crp_dataset_8_1_6.csv,0.6059990042822092,0.7532467532418621,0.8285714285655102,116,38,24,78,0.026928710937499996,0.012987012987012988,0.013941697950487008
LogReg,5,0.1,1.0,crp_dataset_8_1_5.csv|crp_dataset_8_1_7.csv|crp_dataset_8_1_8.csv|crp_dataset_8_1_2.csv|crp_dataset_8_1_1.csv,crp_dataset_8_1_3.csv,0.6059990042822092,0.9027777777715086,0.7514450867008587,130,14,43,69,0.0196044921875,0.004904513888888889,0.01469997829861111
LogReg,5,0.1,1.0,crp_dataset_8_1_5.csv|crp_dataset_8_1_7.csv|crp_dataset_8_1_8.csv|crp_dataset_8_1_2.csv|crp_dataset_8_1_1.csv,crp_dataset_8_1_4.csv,0.6059990042822092,0.8244274809097373,0.8244274809097373,108,23,23,102,0.023046875,0.006727099236641221,0.01631977576335878
LogReg,5,0.1,1.0,crp_dataset_8_1_5.csv|crp_dataset_8_1_7.csv|crp_dataset_8_1_8.csv|crp_dataset_8_1_4.csv|crp_dataset_8_1_1.csv,crp_dataset_8_1_6.csv,0.8223234022920203,0.9019607843048827,0.6571428571381633,92,10,48,106,0.026928710937499996,0.00392156862745098,0.023007142310049015
LogReg,5,0.1,1.0,crp_dataset_8_1_5.csv|crp_dataset_8_1_7.csv|crp_dataset_8_1_8.csv|crp_dataset_8_1_4.csv|crp_dataset_8_1_1.csv,crp_dataset_8_1_3.csv,0.8223234022920203,0.99999999999,0.5780346820775837,100,0,73,83,0.0196044921875,0.0,0.0196044921875
LogReg,5,0.1,1.0,crp_dataset_8_1_5.csv|crp_dataset_8_1_7.csv|crp_dataset_8_1_8.csv|crp_dataset_8_1_4.csv|crp_dataset_8_1_1.csv,crp_dataset_8_1_2.csv,0.8223234022920203,0.9999999998571428,0.05882352941127039,7,0,112,137,0.039453125,0.0017857142857142859,0.03766741071428571
LogReg,5,0.1,1.0,crp_dataset_8_1_5.csv|crp_dataset_8_1_7.csv|crp_dataset_8_1_2.csv|crp_dataset_8_1_4.csv|crp_dataset_8_1_1.csv,crp_dataset_8_1_6.csv,0.750728149928762,0.8095238095160997,0.6071428571385205,85,20,55,96,0.026928710937499996,0.009583333333333334,0.017345377604166663
LogReg,5,0.1,1.0,crp_dataset_8_1_5.csv|crp_dataset_8_1_7.csv|crp_dataset_8_1_2.csv|crp_dataset_8_1_4.csv|crp_dataset_8_1_1.csv,crp_dataset_8_1_3.csv,0.750728149928762,0.9491525423648377,0.6473988439268937,112,6,61,77,0.0196044921875,0.0012182203389830507,0.018386271848516947
LogReg,5,0.1,1.0,crp_dataset_8_1_5.csv|crp_dataset_8_1_7.csv|crp_dataset_8_1_2.csv|crp_dataset_8_1_4.csv|crp_dataset_8_1_1.csv,crp_dataset_8_1_8.csv,0.750728149928762,0.8378378378151936,0.2246376811577925,31,6,107,112,0.0283203125,0.00489864864864865,0.02342166385135135
LogReg,5,0.1,1.0,crp_dataset_8_1_5.csv|crp_dataset_8_1_8.csv|crp_dataset_8_1_2.csv|crp_dataset_8_1_4.csv|crp_dataset_8_1_1.csv,crp_dataset_8_1_6.csv,0.6195224081247829,0.8225806451546566,0.7285714285662246,102,22,38,94,0.026928710937499996,0.008266129032258065,0.01866258190524193
LogReg,5,0.1,1.0,crp_dataset_8_1_5.csv|crp_dataset_8_1_8.csv|crp_dataset_8_1_2.csv|crp_dataset_8_1_4.csv|crp_dataset_8_1_1.csv,crp_dataset_8_1_3.csv,0.6195224081247829,0.9682539682462836,0.705202312134652,122,4,51,79,0.0196044921875,0.0011408730158730157,0.018463619171626984
LogReg,5,0.1,1.0,crp_dataset_8_1_5.csv|crp_dataset_8_1_8.csv|crp_dataset_8_1_2.csv|crp_dataset_8_1_4.csv|crp_dataset_8_1_1.csv,crp_dataset_8_1_7.csv,0.6195224081247829,0.9907834101336831,0.9772727272682852,215,2,5,34,0.0095703125,0.0005184331797235022,0.009051879320276499
LogReg,5,0.1,1.0,crp_dataset_8_1_3.csv|crp_dataset_8_1_7.csv|crp_dataset_8_1_8.csv|crp_dataset_8_1_2.csv|crp_dataset_8_1_4.csv,crp_dataset_8_1_6.csv,0.7717835658477757,0.8709677419261186,0.5785714285672959,81,12,59,104,0.026928710937499996,0.00510752688172043,0.021821184055779565
LogReg,5,0.1,1.0,crp_dataset_8_1_3.csv|crp_dataset_8_1_7.csv|crp_dataset_8_1_8.csv|crp_dataset_8_1_2.csv|crp_dataset_8_1_4.csv,crp_dataset_8_1_5.csv,0.7717835658477757,0.9538461538314792,0.6199999999938,62,3,38,153,0.039282226562499994,0.0019230769230769232,0.03735914963942307
LogReg,5,0.1,1.0,crp_dataset_8_1_3.csv|crp_dataset_8_1_7.csv|crp_dataset_8_1_8.csv|crp_dataset_8_1_2.csv|crp_dataset_8_1_4.csv,crp_dataset_8_1_1.csv,0.7717835658477757,0.9178082191655095,0.5317460317418116,67,6,59,124,0.0252685546875,0.001797945205479452,0.02347060948202055
LogReg,5,0.1,1.0,crp_dataset_8_1_3.csv|crp_dataset_8_1_7.csv|crp_dataset_8_1_8.csv|crp_dataset_8_1_2.csv|crp_dataset_8_1_1.csv,crp_dataset_8_1_6.csv,0.6417962103068333,0.7923076923015977,0.7357142857090306,103,27,37,89,0.026928710937499996,0.010096153846153847,0.01683255709134615
LogReg,5,0.1,1.0,crp_dataset_8_1_3.csv|crp_dataset_8_1_7.csv|crp_dataset_8_1_8.csv|crp_dataset_8_1_2.csv|crp_dataset_8_1_1.csv,crp_dataset_8_1_5.csv,0.6417962103068333,0.866666666655111,0.6499999999935,65,10,35,146,0.039282226562499994,0.004583333333333333,0.03469889322916666
LogReg,5,0.1,1.0,crp_dataset_8_1_3.csv|crp_dataset_8_1_7.csv|crp_dataset_8_1_8.csv|crp_dataset_8_1_2.csv|crp_dataset_8_1_1.csv,crp_dataset_8_1_4.csv,0.6417962103068333,0.8503937007807055,0.8244274809097373,108,19,23,106,0.023046875,0.006053149606299213,0.01699372539370079
LogReg,5,0.1,1.0,crp_dataset_8_1_3.csv|crp_dataset_8_1_7.csv|crp_dataset_8_1_8.csv|crp_dataset_8_1_4.csv|crp_dataset_8_1_1.csv,crp_dataset_8_1_6.csv,0.6606587732162827,0.8877551020317576,0.6214285714241327,87,11,53,105,0.026928710937499996,0.004591836734693877,0.02233687420280612
LogReg,5,0.1,1.0,crp_dataset_8_1_3.csv|crp_dataset_8_1_7.csv|crp_dataset_8_1_8.csv|crp_dataset_8_1_4.csv|crp_dataset_8_1_1.csv,crp_dataset_8_1_5.csv,0.6606587732162827,0.9014084506915294,0.6399999999936,64,7,36,149,0.039282226562499994,0.003433098591549295,0.035849127970950696
LogReg,5,0.1,1.0,crp_dataset_8_1_3.csv|crp_dataset_8_1_7.csv|crp_dataset_8_1_8.csv|crp_dataset_8_1_4.csv|crp_dataset_8_1_1.csv,crp_dataset_8_1_2.csv,0.6606587732162827,0.9629629629451304,0.4369747899122943,52,2,67,135,0.039453125,0.0016203703703703705,0.03783275462962963
LogReg,5,0.1,1.0,crp_dataset_8_1_3.csv|crp_dataset_8_1_7.csv|crp_dataset_8_1_2.csv|crp_dataset_8_1_4.csv|crp_dataset_8_1_1.csv,crp_dataset_8_1_6.csv,0.7208717877728407,0.8114754098294141,0.7071428571378062,99,23,41,93,0.026928710937499996,0.009682377049180327,0.01724633388831967
LogReg,5,0.1,1.0,crp_dataset_8_1_3.csv|crp_dataset_8_1_7.csv|crp_dataset_8_1_2.csv|crp_dataset_8_1_4.csv|crp_dataset_8_1_1.csv,crp_dataset_8_1_5.csv,0.7208717877728407,0.999999999978261,0.4599999999954,46,0,54,156,0.039282226562499994,0.000815217391304348,0.038467009171195644
LogReg,5,0.1,1.0,crp_dataset_8_1_3.csv|crp_dataset_8_1_7.csv|crp_dataset_8_1_2.csv|crp_dataset_8_1_4.csv|crp_dataset_8_1_1.csv,crp_dataset_8_1_8.csv,0.7208717877728407,0.8749999999817709,0.30434782608475114,42,6,96,112,0.0283203125,0.004427083333333333,0.02389322916666667
LogReg,5,0.1,1.0,crp_dataset_8_1_3.csv|crp_dataset_8_1_8.csv|crp_dataset_8_1_2.csv|crp_dataset_8_1_4.csv|crp_dataset_8_1_1.csv,crp_dataset_8_1_6.csv,0.6677229921473067,0.8034188034119366,0.6714285714237755,94,23,46,93,0.026928710937499996,0.010256410256410258,0.016672300681089738
LogReg,5,0.1,1.0,crp_dataset_8_1_3.csv|crp_dataset_8_1_8.csv|crp_dataset_8_1_2.csv|crp_dataset_8_1_4.csv|crp_dataset_8_1_1.csv,crp_dataset_8_1_5.csv,0.6677229921473067,0.8955223880463354,0.599999999994,60,7,40,149,0.039282226562499994,0.003451492537313433,0.035830734025186564
LogReg,5,0.1,1.0,crp_dataset_8_1_3.csv|crp_dataset_8_1_8.csv|crp_dataset_8_1_2.csv|crp_dataset_8_1_4.csv|crp_dataset_8_1_1.csv,crp_dataset_8_1_7.csv,0.6677229921473067,0.9800995024826861,0.8954545454504752,197,4,23,32,0.0095703125,0.0006529850746268657,0.008917327425373135
LogReg,5,0.1,1.0,crp_dataset_8_1_7.csv|crp_dataset_8_1_8.csv|crp_dataset_8_1_2.csv|crp_dataset_8_1_4.csv|crp_dataset_8_1_1.csv,crp_dataset_8_1_6.csv,0.6403032853604258,0.8137254901881007,0.5928571428529082,83,19,57,97,0.026928710937499996,0.007352941176470588,0.019575769761029406
LogReg,5,0.1,1.0,crp_dataset_8_1_7.csv|crp_dataset_8_1_8.csv|crp_dataset_8_1_2.csv|crp_dataset_8_1_4.csv|crp_dataset_8_1_1.csv,crp_dataset_8_1_5.csv,0.6403032853604258,0.8275862068870392,0.7199999999928,72,15,28,141,0.039282226562499994,0.005387931034482759,0.03389429552801723
LogReg,5,0.1,1.0,crp_dataset_8_1_7.csv|crp_dataset_8_1_8.csv|crp_dataset_8_1_2.csv|crp_dataset_8_1_4.csv|crp_dataset_8_1_1.csv,crp_dataset_8_1_3.csv,0.6403032853604258,0.9411764705803263,0.6473988439268937,112,7,61,76,0.0196044921875,0.0017857142857142859,0.017818777901785713
LogReg,6,0.1,1.0,crp_dataset_8_1_6.csv|crp_dataset_8_1_5.csv|crp_dataset_8_1_3.csv|crp_dataset_8_1_7.csv|crp_dataset_8_1_8.csv|crp_dataset_8_1_2.csv,crp_dataset_8_1_4.csv,0.6554034967754954,0.8965517241302021,0.7938931297649322,104,12,27,113,0.023046875,0.003933189655172414,0.01911368534482759
LogReg,6,0.1,1.0,crp_dataset_8_1_6.csv|crp_dataset_8_1_5.csv|crp_dataset_8_1_3.csv|crp_dataset_8_1_7.csv|crp_dataset_8_1_8.csv|crp_dataset_8_1_2.csv,crp_dataset_8_1_1.csv,0.6554034967754954,0.8902439024281678,0.5793650793604812,73,9,53,121,0.0252685546875,0.0033536585365853662,0.021914896150914635
LogReg,6,0.1,1.0,crp_dataset_8_1_6.csv|crp_dataset_8_1_5.csv|crp_dataset_8_1_3.csv|crp_dataset_8_1_7.csv|crp_dataset_8_1_8.csv|crp_dataset_8_1_4.csv,crp_dataset_8_1_2.csv,0.6102547424087041,0.9999999999729731,0.31092436974528637,37,0,82,137,0.039453125,0.0008445945945945946,0.038608530405405406
LogReg,6,0.1,1.0,crp_dataset_8_1_6.csv|crp_dataset_8_1_5.csv|crp_dataset_8_1_3.csv|crp_dataset_8_1_7.csv|crp_dataset_8_1_8.csv|crp_dataset_8_1_4.csv,crp_dataset_8_1_1.csv,0.6102547424087041,0.9210526315668283,0.5555555555511463,70,6,56,124,0.0252685546875,0.0017269736842105265,0.023541581003289472
LogReg,6,0.1,1.0,crp_dataset_8_1_6.csv|crp_dataset_8_1_5.csv|crp_dataset_8_1_3.csv|crp_dataset_8_1_7.csv|crp_dataset_8_1_8.csv|crp_dataset_8_1_1.csv,crp_dataset_8_1_2.csv,0.6171197891941304,0.9534883720708491,0.3445378151231551,41,2,78,135,0.039453125,0.001744186046511628,0.03770893895348837
LogReg,6,0.1,1.0,crp_dataset_8_1_6.csv|crp_dataset_8_1_5.csv|crp_dataset_8_1_3.csv|crp_dataset_8_1_7.csv|crp_dataset_8_1_8.csv|crp_dataset_8_1_1.csv,crp_dataset_8_1_4.csv,0.6171197891941304,0.8455284552776786,0.7938931297649322,104,19,27,106,0.023046875,0.006554878048780487,0.016491996951219515
LogReg,6,0.1,1.0,crp_dataset_8_1_6.csv|crp_dataset_8_1_5.csv|crp_dataset_8_1_3.csv|crp_dataset_8_1_7.csv|crp_dataset_8_1_2.csv|crp_dataset_8_1_4.csv,crp_dataset_8_1_8.csv,0.6031005964612914,0.8026315789368075,0.4420289855040433,61,15,77,103,0.0283203125,0.005674342105263157,0.022645970394736842
LogReg,6,0.1,1.0,crp_dataset_8_1_6.csv|crp_dataset_8_1_5.csv|crp_dataset_8_1_3.csv|crp_dataset_8_1_7.csv|crp_dataset_8_1_2.csv|crp_dataset_8_1_4.csv,crp_dataset_8_1_1.csv,0.6031005964612914,0.9102564102447402,0.5634920634875913,71,7,55,123,0.0252685546875,0.0022435897435897434,0.023024964943910257
LogReg,6,0.1,1.0,crp_dataset_8_1_6.csv|crp_dataset_8_1_5.csv|crp_dataset_8_1_3.csv|crp_dataset_8_1_7.csv|crp_dataset_8_1_2.csv|crp_dataset_8_1_1.csv,crp_dataset_8_1_8.csv,0.8712094159122279,0.935483870937565,0.21014492753470912,29,2,109,116,0.0283203125,0.003629032258064517,0.02469128024193548
LogReg,6,0.1,1.0,crp_dataset_8_1_6.csv|crp_dataset_8_1_5.csv|crp_dataset_8_1_3.csv|crp_dataset_8_1_7.csv|crp_dataset_8_1_2.csv|crp_dataset_8_1_1.csv,crp_dataset_8_1_4.csv,0.8712094159122279,0.9699999999903,0.7404580152615233,97,3,34,122,0.023046875,0.0008125000000000001,0.022234375
LogReg,6,0.1,1.0,crp_dataset_8_1_6.csv|crp_dataset_8_1_5.csv|crp_dataset_8_1_3.csv|crp_dataset_8_1_7.csv|crp_dataset_8_1_4.csv|crp_dataset_8_1_1.csv,crp_dataset_8_1_8.csv,0.7100279285273574,0.7884615384463758,0.2971014492732094,41,11,97,107,0.0283203125,0.005288461538461538,0.023031850961538463
LogReg,6,0.1,1.0,crp_dataset_8_1_6.csv|crp_dataset_8_1_5.csv|crp_dataset_8_1_3.csv|crp_dataset_8_1_7.csv|crp_dataset_8_1_4.csv|crp_dataset_8_1_1.csv,crp_dataset_8_1_2.csv,0.7100279285273574,0.9999999999615384,0.21848739495614716,26,0,93,137,0.039453125,0.0007211538461538463,0.038731971153846155
LogReg,6,0.1,1.0,crp_dataset_8_1_6.csv|crp_dataset_8_1_5.csv|crp_dataset_8_1_3.csv|crp_dataset_8_1_8.csv|crp_dataset_8_1_2.csv|crp_dataset_8_1_4.csv,crp_dataset_8_1_7.csv,0.6305061210308287,0.9861751152028287,0.9727272727228513,214,3,6,33,0.0095703125,0.000576036866359447,0.008994275633640554
LogReg,6,0.1,1.0,crp_dataset_8_1_6.csv|crp_dataset_8_1_5.csv|crp_dataset_8_1_3.csv|crp_dataset_8_1_8.csv|crp_dataset_8_1_2.csv|crp_dataset_8_1_4.csv,crp_dataset_8_1_1.csv,0.6305061210308287,0.922077922065947,0.5634920634875913,71,6,55,124,0.0252685546875,0.0017045454545454547,0.023564009232954545
LogReg,6,0.1,1.0,crp_dataset_8_1_6.csv|crp_dataset_8_1_5.csv|crp_dataset_8_1_3.csv|crp_dataset_8_1_8.csv|crp_dataset_8_1_2.csv|crp_dataset_8_1_1.csv,crp_dataset_8_1_7.csv,0.6043300894367899,0.9757281553350693,0.9136363636322108,201,5,19,31,0.0095703125,0.0008495145631067961,0.008720797936893204
LogReg,6,0.1,1.0,crp_dataset_8_1_6.csv|crp_dataset_8_1_5.csv|crp_dataset_8_1_3.csv|crp_dataset_8_1_8.csv|crp_dataset_8_1_2.csv|crp_dataset_8_1_1.csv,crp_dataset_8_1_4.csv,0.6043300894367899,0.8571428571356542,0.7786259541925297,102,17,29,108,0.023046875,0.006144957983193277,0.016901917016806725
LogReg,6,0.1,1.0,crp_dataset_8_1_6.csv|crp_dataset_8_1_5.csv|crp_dataset_8_1_3.csv|crp_dataset_8_1_8.csv|crp_dataset_8_1_4.csv|crp_dataset_8_1_1.csv,crp_dataset_8_1_7.csv,0.6565424280987733,0.9999999999947644,0.868181818177872,191,0,29,36,0.0095703125,0.00013089005235602096,0.00943942244764398
LogReg,6,0.1,1.0,crp_dataset_8_1_6.csv|crp_dataset_8_1_5.csv|crp_dataset_8_1_3.csv|crp_dataset_8_1_8.csv|crp_dataset_8_1_4.csv|crp_dataset_8_1_1.csv,crp_dataset_8_1_2.csv,0.6565424280987733,0.9999999999565218,0.19327731092274555,23,0,96,137,0.039453125,0.0005434782608695652,0.03890964673913044
LogReg,6,0.1,1.0,crp_dataset_8_1_6.csv|crp_dataset_8_1_5.csv|crp_dataset_8_1_3.csv|crp_dataset_8_1_2.csv|crp_dataset_8_1_4.csv|crp_dataset_8_1_1.csv,crp_dataset_8_1_7.csv,0.642263189673235,0.9517543859607379,0.9863636363591529,217,11,3,25,0.0095703125,0.0015350877192982456,0.008035224780701756
LogReg,6,0.1,1.0,crp_dataset_8_1_6.csv|crp_dataset_8_1_5.csv|crp_dataset_8_1_3.csv|crp_dataset_8_1_2.csv|crp_dataset_8_1_4.csv|crp_dataset_8_1_1.csv,crp_dataset_8_1_8.csv,0.642263189673235,0.7794117646944204,0.38405797101170974,53,15,85,103,0.0283203125,0.005790441176470588,0.02252987132352941
LogReg,6,0.1,1.0,crp_dataset_8_1_6.csv|crp_dataset_8_1_5.csv|crp_dataset_8_1_7.csv|crp_dataset_8_1_8.csv|crp_dataset_8_1_2.csv|crp_dataset_8_1_4.csv,crp_dataset_8_1_3.csv,0.8576455721693298,0.9999999999895833,0.5549132947944803,96,0,77,83,0.0196044921875,0.0,0.0196044921875
LogReg,6,0.1,1.0,crp_dataset_8_1_6.csv|crp_dataset_8_1_5.csv|crp_dataset_8_1_7.csv|crp_dataset_8_1_8.csv|crp_dataset_8_1_2.csv|crp_dataset_8_1_4.csv,crp_dataset_8_1_1.csv,0.8576455721693298,0.9599999999808001,0.3809523809493575,48,2,78,128,0.0252685546875,0.0008749999999999999,0.0243935546875
LogReg,6,0.1,1.0,crp_dataset_8_1_6.csv|crp_dataset_8_1_5.csv|crp_dataset_8_1_7.csv|crp_dataset_8_1_8.csv|crp_dataset_8_1_2.csv|crp_dataset_8_1_1.csv,crp_dataset_8_1_3.csv,0.6504064063282708,0.9672131147461703,0.6820809248515487,118,4,55,79,0.0196044921875,0.0011782786885245903,0.01842621349897541
LogReg,6,0.1,1.0,crp_dataset_8_1_6.csv|crp_dataset_8_1_5.csv|crp_dataset_8_1_7.csv|crp_dataset_8_1_8.csv|crp_dataset_8_1_2.csv|crp_dataset_8_1_1.csv,crp_dataset_8_1_4.csv,0.6504064063282708,0.89830508473815,0.8091603053373347,106,12,25,113,0.023046875,0.0032309322033898303,0.01981594279661017
LogReg,6,0.1,1.0,crp_dataset_8_1_6.csv|crp_dataset_8_1_5.csv|crp_dataset_8_1_7.csv|crp_dataset_8_1_8.csv|crp_dataset_8_1_4.csv|crp_dataset_8_1_1.csv,crp_dataset_8_1_3.csv,0.6263531873292315,0.9523809523733938,0.6936416184931004,120,6,53,77,0.0196044921875,0.0021329365079365077,0.017471555679563492
LogReg,6,0.1,1.0,crp_dataset_8_1_6.csv|crp_dataset_8_1_5.csv|crp_dataset_8_1_7.csv|crp_dataset_8_1_8.csv|crp_dataset_8_1_4.csv|crp_dataset_8_1_1.csv,crp_dataset_8_1_2.csv,0.6263531873292315,0.9661016948988796,0.4789915966346303,57,2,62,135,0.039453125,0.001588983050847458,0.03786414194915254
LogReg,6,0.1,1.0,crp_dataset_8_1_6.csv|crp_dataset_8_1_5.csv|crp_dataset_8_1_7.csv|crp_dataset_8_1_2.csv|crp_dataset_8_1_4.csv|crp_dataset_8_1_1.csv,crp_dataset_8_1_3.csv,0.6298398585548445,0.9586776859424903,0.670520231209997,116,5,57,78,0.0196044921875,0.0013946280991735539,0.018209864088326446
LogReg,6,0.1,1.0,crp_dataset_8_1_6.csv|crp_dataset_8_1_5.csv|crp_dataset_8_1_7.csv|crp_dataset_8_1_2.csv|crp_dataset_8_1_4.csv|crp_dataset_8_1_1.csv,crp_dataset_8_1_8.csv,0.6298398585548445,0.8227848101161672,0.47101449275021007,65,14,73,104,0.0283203125,0.005221518987341771,0.023098793512658228
LogReg,6,0.1,1.0,crp_dataset_8_1_6.csv|crp_dataset_8_1_5.csv|crp_dataset_8_1_8.csv|crp_dataset_8_1_2.csv|crp_dataset_8_1_4.csv|crp_dataset_8_1_1.csv,crp_dataset_8_1_3.csv,0.6102757095384749,0.974789915958195,0.670520231209997,116,3,57,80,0.0196044921875,0.0011029411764705882,0.01850155101102941
LogReg,6,0.1,1.0,crp_dataset_8_1_6.csv|crp_dataset_8_1_5.csv|crp_dataset_8_1_8.csv|crp_dataset_8_1_2.csv|crp_dataset_8_1_4.csv|crp_dataset_8_1_1.csv,crp_dataset_8_1_7.csv,0.6102757095384749,0.999999999995025,0.9136363636322108,201,0,19,36,0.0095703125,0.0001865671641791045,0.009383745335820896
LogReg,6,0.1,1.0,crp_dataset_8_1_6.csv|crp_dataset_8_1_3.csv|crp_dataset_8_1_7.csv|crp_dataset_8_1_8.csv|crp_dataset_8_1_2.csv|crp_dataset_8_1_4.csv,crp_dataset_8_1_5.csv,0.6143716177118916,0.8488372092924553,0.7299999999926999,73,13,27,143,0.039282226562499994,0.0045058139534883725,0.034776412609011625
LogReg,6,0.1,1.0,crp_dataset_8_1_6.csv|crp_dataset_8_1_3.csv|crp_dataset_8_1_7.csv|crp_dataset_8_1_8.csv|crp_dataset_8_1_2.csv|crp_dataset_8_1_4.csv,crp_dataset_8_1_1.csv,0.6143716177118916,0.8874999999889062,0.5634920634875913,71,9,55,121,0.0252685546875,0.0032812500000000003,0.0219873046875
LogReg,6,0.1,1.0,crp_dataset_8_1_6.csv|crp_dataset_8_1_3.csv|crp_dataset_8_1_7.csv|crp_dataset_8_1_8.csv|crp_dataset_8_1_2.csv|crp_dataset_8_1_1.csv,crp_dataset_8_1_5.csv,0.6106921967946354,0.817073170721743,0.6699999999933,67,15,33,141,0.039282226562499994,0.005945121951219512,0.033337104611280484
LogReg,6,0.1,1.0,crp_dataset_8_1_6.csv|crp_dataset_8_1_3.csv|crp_dataset_8_1_7.csv|crp_dataset_8_1_8.csv|crp_dataset_8_1_2.csv|crp_dataset_8_1_1.csv,crp_dataset_8_1_4.csv,0.6106921967946354,0.8235294117586506,0.8549618320545423,112,24,19,101,0.023046875,0.00707720588235294,0.01596966911764706
LogReg,6,0.1,1.0,crp_dataset_8_1_6.csv|crp_dataset_8_1_3.csv|crp_dataset_8_1_7.csv|crp_dataset_8_1_8.csv|crp_dataset_8_1_4.csv|crp_dataset_8_1_1.csv,crp_dataset_8_1_5.csv,0.6096263911359657,0.8191489361614984,0.7699999999923,77,17,23,139,0.039282226562499994,0.005518617021276596,0.0337636095412234
LogReg,6,0.1,1.0,crp_dataset_8_1_6.csv|crp_dataset_8_1_3.csv|crp_dataset_8_1_7.csv|crp_dataset_8_1_8.csv|crp_dataset_8_1_4.csv|crp_dataset_8_1_1.csv,crp_dataset_8_1_2.csv,0.6096263911359657,0.8749999999890624,0.5882352941127039,70,10,49,127,0.039453125,0.002890625,0.0365625
LogReg,6,0.1,1.0,crp_dataset_8_1_6.csv|crp_dataset_8_1_3.csv|crp_dataset_8_1_7.csv|crp_dataset_8_1_2.csv|crp_dataset_8_1_4.csv|crp_dataset_8_1_1.csv,crp_dataset_8_1_5.csv,0.633023251102668,0.8604651162690643,0.7399999999926,74,12,26,144,0.039282226562499994,0.00377906976744186,0.03550315679505813
LogReg,6,0.1,1.0,crp_dataset_8_1_6.csv|crp_dataset_8_1_3.csv|crp_dataset_8_1_7.csv|crp_dataset_8_1_2.csv|crp_dataset_8_1_4.csv|crp_dataset_8_1_1.csv,crp_dataset_8_1_8.csv,0.633023251102668,0.7954545454455062,0.5072463768079185,70,18,68,100,0.0283203125,0.0054687500000000005,0.0228515625
LogReg,6,0.1,1.0,crp_dataset_8_1_6.csv|crp_dataset_8_1_3.csv|crp_dataset_8_1_8.csv|crp_dataset_8_1_2.csv|crp_dataset_8_1_4.csv|crp_dataset_8_1_1.csv,crp_dataset_8_1_5.csv,0.7342043433766453,0.8955223880463354,0.599999999994,60,7,40,149,0.039282226562499994,0.003451492537313433,0.035830734025186564
LogReg,6,0.1,1.0,crp_dataset_8_1_6.csv|crp_dataset_8_1_3.csv|crp_dataset_8_1_8.csv|crp_dataset_8_1_2.csv|crp_dataset_8_1_4.csv|crp_dataset_8_1_1.csv,crp_dataset_8_1_7.csv,0.7342043433766453,0.9850746268607709,0.8999999999959092,198,3,22,33,0.0095703125,0.0004353233830845771,0.009134989116915423
LogReg,6,0.1,1.0,crp_dataset_8_1_6.csv|crp_dataset_8_1_7.csv|crp_dataset_8_1_8.csv|crp_dataset_8_1_2.csv|crp_dataset_8_1_4.csv|crp_dataset_8_1_1.csv,crp_dataset_8_1_5.csv,0.6864598668200711,0.9411764705743945,0.6399999999936,64,4,36,152,0.039282226562499994,0.002113970588235294,0.0371682559742647
LogReg,6,0.1,1.0,crp_dataset_8_1_6.csv|crp_dataset_8_1_7.csv|crp_dataset_8_1_8.csv|crp_dataset_8_1_2.csv|crp_dataset_8_1_4.csv|crp_dataset_8_1_1.csv,crp_dataset_8_1_3.csv,0.6864598668200711,0.9661016949070669,0.6589595375684454,114,4,59,79,0.0196044921875,0.0012182203389830507,0.018386271848516947
LogReg,6,0.1,1.0,crp_dataset_8_1_5.csv|crp_dataset_8_1_3.csv|crp_dataset_8_1_7.csv|crp_dataset_8_1_8.csv|crp_dataset_8_1_2.csv|crp_dataset_8_1_4.csv,crp_dataset_8_1_6.csv,0.6467597017205963,0.8031496062928886,0.7285714285662246,102,25,38,91,0.026928710937499996,0.010285433070866141,0.016643277866633853
LogReg,6,0.1,1.0,crp_dataset_8_1_5.csv|crp_dataset_8_1_3.csv|crp_dataset_8_1_7.csv|crp_dataset_8_1_8.csv|crp_dataset_8_1_2.csv|crp_dataset_8_1_4.csv,crp_dataset_8_1_1.csv,0.6467597017205963,0.8953488371988912,0.611111111106261,77,9,49,121,0.0252685546875,0.0032703488372093025,0.0219982058502907
LogReg,6,0.1,1.0,crp_dataset_8_1_5.csv|crp_dataset_8_1_3.csv|crp_dataset_8_1_7.csv|crp_dataset_8_1_8.csv|crp_dataset_8_1_2.csv|crp_dataset_8_1_1.csv,crp_dataset_8_1_6.csv,0.6019619212301394,0.8220338982981183,0.6928571428521939,97,21,43,95,0.026928710937499996,0.00836864406779661,0.018560066869703386
LogReg,6,0.1,1.0,crp_dataset_8_1_5.csv|crp_dataset_8_1_3.csv|crp_dataset_8_1_7.csv|crp_dataset_8_1_8.csv|crp_dataset_8_1_2.csv|crp_dataset_8_1_1.csv,crp_dataset_8_1_4.csv,0.6019619212301394,0.8749999999927083,0.8015267175511335,105,15,26,110,0.023046875,0.005,0.018046875
LogReg,6,0.1,1.0,crp_dataset_8_1_5.csv|crp_dataset_8_1_3.csv|crp_dataset_8_1_7.csv|crp_dataset_8_1_8.csv|crp_dataset_8_1_4.csv|crp_dataset_8_1_1.csv,crp_dataset_8_1_6.csv,0.6982228228686393,0.8971962616738579,0.6857142857093879,96,11,44,105,0.026928710937499996,0.004614485981308411,0.022314224956191585
LogReg,6,0.1,1.0,crp_dataset_8_1_5.csv|crp_dataset_8_1_3.csv|crp_dataset_8_1_7.csv|crp_dataset_8_1_8.csv|crp_dataset_8_1_4.csv|crp_dataset_8_1_1.csv,crp_dataset_8_1_2.csv,0.6982228228686393,0.9999999999333333,0.126050420167008,15,0,104,137,0.039453125,0.0012500000000000002,0.038203125
LogReg,6,0.1,1.0,crp_dataset_8_1_5.csv|crp_dataset_8_1_3.csv|crp_dataset_8_1_7.csv|crp_dataset_8_1_2.csv|crp_dataset_8_1_4.csv|crp_dataset_8_1_1.csv,crp_dataset_8_1_6.csv,0.6040716223649724,0.8031496062928886,0.7285714285662246,102,25,38,91,0.026928710937499996,0.01018700787401575,0.016741703063484246
LogReg,6,0.1,1.0,crp_dataset_8_1_5.csv|crp_dataset_8_1_3.csv|crp_dataset_8_1_7.csv|crp_dataset_8_1_2.csv|crp_dataset_8_1_4.csv|crp_dataset_8_1_1.csv,crp_dataset_8_1_8.csv,0.6040716223649724,0.8333333333217592,0.4347826086925016,60,12,78,106,0.0283203125,0.005121527777777778,0.023198784722222223
LogReg,6,0.1,1.0,crp_dataset_8_1_5.csv|crp_dataset_8_1_3.csv|crp_dataset_8_1_8.csv|crp_dataset_8_1_2.csv|crp_dataset_8_1_4.csv|crp_dataset_8_1_1.csv,crp_dataset_8_1_6.csv,0.683233089175355,0.8346456692847666,0.757142857137449,106,21,34,95,0.026928710937499996,0.007972440944881889,0.018956269992618107
LogReg,6,0.1,1.0,crp_dataset_8_1_5.csv|crp_dataset_8_1_3.csv|crp_dataset_8_1_8.csv|crp_dataset_8_1_2.csv|crp_dataset_8_1_4.csv|crp_dataset_8_1_1.csv,crp_dataset_8_1_7.csv,0.683233089175355,0.9852216748719941,0.9090909090867769,200,3,20,33,0.0095703125,0.0004310344827586207,0.00913927801724138
LogReg,6,0.1,1.0,crp_dataset_8_1_5.csv|crp_dataset_8_1_7.csv|crp_dataset_8_1_8.csv|crp_dataset_8_1_2.csv|crp_dataset_8_1_4.csv|crp_dataset_8_1_1.csv,crp_dataset_8_1_6.csv,0.770478745975985,0.8362068965445154,0.6928571428521939,97,19,43,97,0.026928710937499996,0.007920258620689655,0.01900845231681034
LogReg,6,0.1,1.0,crp_dataset_8_1_5.csv|crp_dataset_8_1_7.csv|crp_dataset_8_1_8.csv|crp_dataset_8_1_2.csv|crp_dataset_8_1_4.csv|crp_dataset_8_1_1.csv,crp_dataset_8_1_3.csv,0.770478745975985,0.9669421487523393,0.6763005780307729,117,4,56,79,0.0196044921875,0.0011880165289256197,0.01841647565857438
LogReg,6,0.1,1.0,crp_dataset_8_1_3.csv|crp_dataset_8_1_7.csv|crp_dataset_8_1_8.csv|crp_dataset_8_1_2.csv|crp_dataset_8_1_4.csv|crp_dataset_8_1_1.csv,crp_dataset_8_1_6.csv,0.6379656510969629,0.8260869565145558,0.6785714285665817,95,20,45,96,0.026928710937499996,0.008315217391304348,0.018613493546195646
LogReg,6,0.1,1.0,crp_dataset_8_1_3.csv|crp_dataset_8_1_7.csv|crp_dataset_8_1_8.csv|crp_dataset_8_1_2.csv|crp_dataset_8_1_4.csv|crp_dataset_8_1_1.csv,crp_dataset_8_1_5.csv,0.6379656510969629,0.8648648648531775,0.6399999999936,64,10,36,146,0.039282226562499994,0.004138513513513514,0.03514371304898648
LogReg,7,0.1,1.0,crp_dataset_8_1_6.csv|crp_dataset_8_1_5.csv|crp_dataset_8_1_3.csv|crp_dataset_8_1_7.csv|crp_dataset_8_1_8.csv|crp_dataset_8_1_2.csv|crp_dataset_8_1_4.csv,crp_dataset_8_1_1.csv,0.6601444712095262,0.9240506328996955,0.5793650793604812,73,6,53,124,0.0252685546875,0.001661392405063291,0.02360716228243671
LogReg,7,0.1,1.0,crp_dataset_8_1_6.csv|crp_dataset_8_1_5.csv|crp_dataset_8_1_3.csv|crp_dataset_8_1_7.csv|crp_dataset_8_1_8.csv|crp_dataset_8_1_2.csv|crp_dataset_8_1_1.csv,crp_dataset_8_1_4.csv,0.6357886746835136,0.8813559321959207,0.7938931297649322,104,14,27,111,0.023046875,0.004978813559322034,0.018068061440677966
LogReg,7,0.1,1.0,crp_dataset_8_1_6.csv|crp_dataset_8_1_5.csv|crp_dataset_8_1_3.csv|crp_dataset_8_1_7.csv|crp_dataset_8_1_8.csv|crp_dataset_8_1_4.csv|crp_dataset_8_1_1.csv,crp_dataset_8_1_2.csv,0.6257533186712245,0.9795918367147023,0.4033613445344255,48,1,71,136,0.039453125,0.0014030612244897958,0.0380500637755102
LogReg,7,0.1,1.0,crp_dataset_8_1_6.csv|crp_dataset_8_1_5.csv|crp_dataset_8_1_3.csv|crp_dataset_8_1_7.csv|crp_dataset_8_1_2.csv|crp_dataset_8_1_4.csv|crp_dataset_8_1_1.csv,crp_dataset_8_1_8.csv,0.7082245023654562,0.7999999999854546,0.3188405797078345,44,11,94,107,0.0283203125,0.00534090909090909,0.02297940340909091
LogReg,7,0.1,1.0,crp_dataset_8_1_6.csv|crp_dataset_8_1_5.csv|crp_dataset_8_1_3.csv|crp_dataset_8_1_8.csv|crp_dataset_8_1_2.csv|crp_dataset_8_1_4.csv|crp_dataset_8_1_1.csv,crp_dataset_8_1_7.csv,0.6961240784646244,0.9952153110000229,0.945454545450248,208,1,12,35,0.0095703125,0.0003289473684210527,0.009241365131578949
LogReg,7,0.1,1.0,crp_dataset_8_1_6.csv|crp_dataset_8_1_5.csv|crp_dataset_8_1_7.csv|crp_dataset_8_1_8.csv|crp_dataset_8_1_2.csv|crp_dataset_8_1_4.csv|crp_dataset_8_1_1.csv,crp_dataset_8_1_3.csv,0.6165616795585357,0.9666666666586111,0.670520231209997,116,4,57,79,0.0196044921875,0.0011979166666666668,0.018406575520833333
LogReg,7,0.1,1.0,crp_dataset_8_1_6.csv|crp_dataset_8_1_3.csv|crp_dataset_8_1_7.csv|crp_dataset_8_1_8.csv|crp_dataset_8_1_2.csv|crp_dataset_8_1_4.csv|crp_dataset_8_1_1.csv,crp_dataset_8_1_5.csv,0.6467380584622983,0.8999999999871429,0.6299999999936999,63,7,37,149,0.039282226562499994,0.0034821428571428573,0.03580008370535714
LogReg,7,0.1,1.0,crp_dataset_8_1_5.csv|crp_dataset_8_1_3.csv|crp_dataset_8_1_7.csv|crp_dataset_8_1_8.csv|crp_dataset_8_1_2.csv|crp_dataset_8_1_4.csv|crp_dataset_8_1_1.csv,crp_dataset_8_1_6.csv,0.6369344052987815,0.8278688524522305,0.7214285714234184,101,21,39,95,0.026928710937499996,0.008094262295081967,0.01883444864241803
