model,k_train_datasets,train_pct,test_pct,train_set,test_dataset,best_threshold,precision,recall,TP,FP,FN,TN,old_ber,new_ber,ber_reduction
LogReg,1,0.25,1.0,crp_dataset_8_1_5.csv,crp_dataset_8_1_7.csv,0.6780429128979105,0.8593749999966431,0.9999999999954546,220,36,0,0,0.0095703125,0.0095703125,0.0
LogReg,1,0.25,1.0,crp_dataset_8_1_5.csv,crp_dataset_8_1_1.csv,0.6780429128979105,0.914529914522098,0.8492063491996095,107,10,19,120,0.0252685546875,0.002831196581196581,0.02243735810630342
LogReg,1,0.25,1.0,crp_dataset_8_1_5.csv,crp_dataset_8_1_3.csv,0.6780429128979105,0.7731481481445688,0.9653179190695647,167,49,6,34,0.0196044921875,0.013686342592592592,0.005918149594907407
LogReg,1,0.25,1.0,crp_dataset_8_1_5.csv,crp_dataset_8_1_8.csv,0.6780429128979105,0.7978723404170439,0.543478260865627,75,19,63,99,0.0283203125,0.005319148936170212,0.023001163563829786
LogReg,1,0.25,1.0,crp_dataset_8_1_5.csv,crp_dataset_8_1_6.csv,0.6780429128979105,0.5468749999978638,0.9999999999928573,140,116,0,0,0.026928710937499996,0.026928710937499996,0.0
LogReg,1,0.25,1.0,crp_dataset_8_1_5.csv,crp_dataset_8_1_2.csv,0.6780429128979105,0.9142857142595919,0.2689075630229503,32,3,87,134,0.039453125,0.0028571428571428576,0.03659598214285714
LogReg,1,0.25,1.0,crp_dataset_8_1_5.csv,crp_dataset_8_1_4.csv,0.6780429128979105,0.6453488372055504,0.8473282442683411,111,61,20,64,0.023046875,0.015079941860465117,0.007966933139534884
LogReg,1,0.25,1.0,crp_dataset_8_1_7.csv,crp_dataset_8_1_5.csv,0.0909676874812077,0.39062499999847416,0.99999999999,100,156,0,0,0.039282226562499994,0.039282226562499994,0.0
LogReg,1,0.25,1.0,crp_dataset_8_1_7.csv,crp_dataset_8_1_1.csv,0.0909676874812077,0.672566371675464,0.6031746031698161,76,37,50,93,0.0252685546875,0.017146017699115043,0.008122536988384957
LogReg,1,0.25,1.0,crp_dataset_8_1_7.csv,crp_dataset_8_1_3.csv,0.0909676874812077,0.8749999999931641,0.6473988439268937,112,16,61,67,0.0196044921875,0.00576171875,0.013842773437499999
LogReg,1,0.25,1.0,crp_dataset_8_1_7.csv,crp_dataset_8_1_8.csv,0.0909676874812077,0.5342465753400263,0.8478260869503781,117,102,21,16,0.0283203125,0.031678082191780824,-0.0033577696917808236
LogReg,1,0.25,1.0,crp_dataset_8_1_7.csv,crp_dataset_8_1_6.csv,0.0909676874812077,0.8837209302222823,0.5428571428532654,76,10,64,106,0.026928710937499996,0.0052325581395348845,0.02169615279796511
LogReg,1,0.25,1.0,crp_dataset_8_1_7.csv,crp_dataset_8_1_2.csv,0.0909676874812077,0.4510638297853146,0.890756302513523,106,129,13,8,0.039453125,0.041781914893617024,-0.0023287898936170254
LogReg,1,0.25,1.0,crp_dataset_8_1_7.csv,crp_dataset_8_1_4.csv,0.0909676874812077,0.7025316455651739,0.8473282442683411,111,47,20,78,0.023046875,0.013449367088607595,0.009597507911392406
LogReg,1,0.25,1.0,crp_dataset_8_1_1.csv,crp_dataset_8_1_5.csv,0.8538817337270046,0.0,0.0,0,0,100,156,0.039282226562499994,,
LogReg,1,0.25,1.0,crp_dataset_8_1_1.csv,crp_dataset_8_1_7.csv,0.8538817337270046,0.9543378995390214,0.9499999999956819,209,10,11,26,0.0095703125,0.0017979452054794523,0.007772367294520548
LogReg,1,0.25,1.0,crp_dataset_8_1_1.csv,crp_dataset_8_1_3.csv,0.8538817337270046,0.9586206896485613,0.8034682080878413,139,6,34,77,0.0196044921875,0.002456896551724138,0.01714759563577586
LogReg,1,0.25,1.0,crp_dataset_8_1_1.csv,crp_dataset_8_1_8.csv,0.8538817337270046,0.8235294117162629,0.10144927536158371,14,3,124,115,0.0283203125,0.004411764705882354,0.023908547794117645
LogReg,1,0.25,1.0,crp_dataset_8_1_1.csv,crp_dataset_8_1_6.csv,0.8538817337270046,0.6194690265459316,0.9999999999928573,140,86,0,30,0.026928710937499996,0.01999446902654867,0.0069342419109513255
LogReg,1,0.25,1.0,crp_dataset_8_1_1.csv,crp_dataset_8_1_2.csv,0.8538817337270046,0.0,0.0,0,0,119,137,0.039453125,,
LogReg,1,0.25,1.0,crp_dataset_8_1_1.csv,crp_dataset_8_1_4.csv,0.8538817337270046,0.9418604651053272,0.6183206106823029,81,5,50,120,0.023046875,0.001816860465116279,0.021230014534883723
LogReg,1,0.25,1.0,crp_dataset_8_1_3.csv,crp_dataset_8_1_5.csv,0.6024785872732245,0.0,0.0,0,0,100,156,0.039282226562499994,,
LogReg,1,0.25,1.0,crp_dataset_8_1_3.csv,crp_dataset_8_1_7.csv,0.6024785872732245,0.9205020920463578,0.9999999999954546,220,19,0,17,0.0095703125,0.003922594142259414,0.005647718357740587
LogReg,1,0.25,1.0,crp_dataset_8_1_3.csv,crp_dataset_8_1_1.csv,0.6024785872732245,0.9428571428302042,0.2619047619026833,33,2,93,128,0.0252685546875,0.00125,0.0240185546875
LogReg,1,0.25,1.0,crp_dataset_8_1_3.csv,crp_dataset_8_1_8.csv,0.6024785872732245,0.8333333331944445,0.03623188405770847,5,1,133,117,0.0283203125,0.0031250000000000006,0.0251953125
LogReg,1,0.25,1.0,crp_dataset_8_1_3.csv,crp_dataset_8_1_6.csv,0.6024785872732245,0.5468749999978638,0.9999999999928573,140,116,0,0,0.026928710937499996,0.026928710937499996,0.0
LogReg,1,0.25,1.0,crp_dataset_8_1_3.csv,crp_dataset_8_1_2.csv,0.6024785872732245,0.0,0.0,0,0,119,137,0.039453125,,
LogReg,1,0.25,1.0,crp_dataset_8_1_3.csv,crp_dataset_8_1_4.csv,0.6024785872732245,0.9873417721394007,0.5954198473236991,78,1,53,124,0.023046875,0.0008702531645569621,0.022176621835443038
LogReg,1,0.25,1.0,crp_dataset_8_1_8.csv,crp_dataset_8_1_5.csv,0.7013270840768799,0.5641025640989481,0.8799999999911999,88,68,12,88,0.039282226562499994,0.017628205128205128,0.021654021434294866
LogReg,1,0.25,1.0,crp_dataset_8_1_8.csv,crp_dataset_8_1_7.csv,0.7013270840768799,0.9999999999677419,0.1409090909084504,31,0,189,36,0.0095703125,0.0,0.0095703125
LogReg,1,0.25,1.0,crp_dataset_8_1_8.csv,crp_dataset_8_1_1.csv,0.7013270840768799,0.939393939365473,0.24603174602979339,31,2,95,128,0.0252685546875,0.0030303030303030303,0.02223825165719697
LogReg,1,0.25,1.0,crp_dataset_8_1_8.csv,crp_dataset_8_1_3.csv,0.7013270840768799,0.9999999999677419,0.17919075144405094,31,0,142,83,0.0196044921875,0.0,0.0196044921875
LogReg,1,0.25,1.0,crp_dataset_8_1_8.csv,crp_dataset_8_1_6.csv,0.7013270840768799,0.9999999995,0.014285714285612245,2,0,138,116,0.026928710937499996,0.0,0.026928710937499996
LogReg,1,0.25,1.0,crp_dataset_8_1_8.csv,crp_dataset_8_1_2.csv,0.7013270840768799,0.4611650485414507,0.7983193277243839,95,111,24,26,0.039453125,0.04156553398058253,-0.002112408980582528
LogReg,1,0.25,1.0,crp_dataset_8_1_8.csv,crp_dataset_8_1_4.csv,0.7013270840768799,0.9999999999777779,0.34351145037905717,45,0,86,125,0.023046875,0.0,0.023046875
LogReg,1,0.25,1.0,crp_dataset_8_1_6.csv,crp_dataset_8_1_5.csv,0.6752985936589617,0.936170212746039,0.43999999999559997,44,3,56,153,0.039282226562499994,0.0019946808510638296,0.037287545711436165
LogReg,1,0.25,1.0,crp_dataset_8_1_6.csv,crp_dataset_8_1_7.csv,0.6752985936589617,0.9482758620648781,0.9999999999954546,220,12,0,24,0.0095703125,0.0016163793103448276,0.007953933189655173
LogReg,1,0.25,1.0,crp_dataset_8_1_6.csv,crp_dataset_8_1_1.csv,0.6752985936589617,0.8823529411634947,0.4761904761866969,60,8,66,122,0.0252685546875,0.003584558823529412,0.021683995863970587
LogReg,1,0.25,1.0,crp_dataset_8_1_6.csv,crp_dataset_8_1_3.csv,0.6752985936589617,0.9411764705803263,0.6473988439268937,112,7,61,76,0.0196044921875,0.0017857142857142859,0.017818777901785713
LogReg,1,0.25,1.0,crp_dataset_8_1_6.csv,crp_dataset_8_1_8.csv,0.6752985936589617,0.8846153845983729,0.3333333333309179,46,6,92,112,0.0283203125,0.004927884615384616,0.023392427884615385
LogReg,1,0.25,1.0,crp_dataset_8_1_6.csv,crp_dataset_8_1_2.csv,0.6752985936589617,0.9318181817970042,0.3445378151231551,41,3,78,134,0.039453125,0.0024147727272727276,0.03703835227272727
LogReg,1,0.25,1.0,crp_dataset_8_1_6.csv,crp_dataset_8_1_4.csv,0.6752985936589617,0.9237288135514938,0.8320610686959385,109,9,22,116,0.023046875,0.002171610169491526,0.020875264830508476
LogReg,1,0.25,1.0,crp_dataset_8_1_2.csv,crp_dataset_8_1_5.csv,0.8412698995016875,0.7738095238003118,0.6499999999935,65,19,35,137,0.039282226562499994,0.00773809523809524,0.031544131324404756
LogReg,1,0.25,1.0,crp_dataset_8_1_2.csv,crp_dataset_8_1_7.csv,0.8412698995016875,0.8593749999966431,0.9999999999954546,220,36,0,0,0.0095703125,0.0095703125,0.0
LogReg,1,0.25,1.0,crp_dataset_8_1_2.csv,crp_dataset_8_1_1.csv,0.8412698995016875,0.6169154228825029,0.9841269841191735,124,77,2,53,0.0252685546875,0.01570273631840796,0.009565818369092038
LogReg,1,0.25,1.0,crp_dataset_8_1_2.csv,crp_dataset_8_1_3.csv,0.8412698995016875,0.6757812499973602,0.9999999999942197,173,83,0,0,0.0196044921875,0.0196044921875,0.0
LogReg,1,0.25,1.0,crp_dataset_8_1_2.csv,crp_dataset_8_1_8.csv,0.8412698995016875,0.6344086021471269,0.8550724637619198,118,68,20,50,0.0283203125,0.020362903225806448,0.007957409274193552
LogReg,1,0.25,1.0,crp_dataset_8_1_2.csv,crp_dataset_8_1_6.csv,0.8412698995016875,0.5468749999978638,0.9999999999928573,140,116,0,0,0.026928710937499996,0.026928710937499996,0.0
LogReg,1,0.25,1.0,crp_dataset_8_1_2.csv,crp_dataset_8_1_4.csv,0.8412698995016875,0.552742616031423,0.9999999999923664,131,106,0,19,0.023046875,0.019910337552742616,0.0031365374472573856
LogReg,1,0.25,1.0,crp_dataset_8_1_4.csv,crp_dataset_8_1_5.csv,0.6989036868595185,0.8615384615252071,0.5599999999944,56,9,44,147,0.039282226562499994,0.0040384615384615385,0.035243765024038455
LogReg,1,0.25,1.0,crp_dataset_8_1_4.csv,crp_dataset_8_1_7.csv,0.6989036868595185,0.9999999999933334,0.6818181818150827,150,0,70,36,0.0095703125,0.0,0.0095703125
LogReg,1,0.25,1.0,crp_dataset_8_1_4.csv,crp_dataset_8_1_1.csv,0.6989036868595185,0.9473684210360112,0.4285714285680272,54,3,72,127,0.0252685546875,0.0010964912280701754,0.024172063459429825
LogReg,1,0.25,1.0,crp_dataset_8_1_4.csv,crp_dataset_8_1_3.csv,0.6989036868595185,0.999999999989899,0.5722543352568078,99,0,74,83,0.0196044921875,0.0,0.0196044921875
LogReg,1,0.25,1.0,crp_dataset_8_1_4.csv,crp_dataset_8_1_8.csv,0.6989036868595185,0.7346938775360267,0.260869565215501,36,13,102,105,0.0283203125,0.005739795918367347,0.022580516581632654
LogReg,1,0.25,1.0,crp_dataset_8_1_4.csv,crp_dataset_8_1_6.csv,0.6989036868595185,0.9999999999859155,0.5071428571392347,71,0,69,116,0.026928710937499996,0.0,0.026928710937499996
LogReg,1,0.25,1.0,crp_dataset_8_1_4.csv,crp_dataset_8_1_2.csv,0.6989036868595185,0.8148148147997257,0.3697478991565567,44,10,75,127,0.039453125,0.0038194444444444443,0.035633680555555554
LogReg,2,0.25,1.0,crp_dataset_8_1_5.csv|crp_dataset_8_1_7.csv,crp_dataset_8_1_1.csv,0.8898962401322761,0.9999999999756098,0.32539682539424286,41,0,85,130,0.0252685546875,0.0,0.0252685546875
LogReg,2,0.25,1.0,crp_dataset_8_1_5.csv|crp_dataset_8_1_7.csv,crp_dataset_8_1_3.csv,0.8898962401322761,0.9999999999891304,0.531791907511377,92,0,81,83,0.0196044921875,0.0,0.0196044921875
LogReg,2,0.25,1.0,crp_dataset_8_1_5.csv|crp_dataset_8_1_7.csv,crp_dataset_8_1_8.csv,0.8898962401322761,0.8124999999746094,0.18840579710008404,26,6,112,112,0.0283203125,0.005078124999999999,0.0232421875
LogReg,2,0.25,1.0,crp_dataset_8_1_5.csv|crp_dataset_8_1_7.csv,crp_dataset_8_1_6.csv,0.8898962401322761,0.9999999999859155,0.5071428571392347,71,0,69,116,0.026928710937499996,0.0,0.026928710937499996
LogReg,2,0.25,1.0,crp_dataset_8_1_5.csv|crp_dataset_8_1_7.csv,crp_dataset_8_1_2.csv,0.8898962401322761,0.9999999999473684,0.15966386554487677,19,0,100,137,0.039453125,0.0009868421052631581,0.03846628289473684
LogReg,2,0.25,1.0,crp_dataset_8_1_5.csv|crp_dataset_8_1_7.csv,crp_dataset_8_1_4.csv,0.8898962401322761,0.999999999988764,0.6793893129719131,89,0,42,125,0.023046875,0.0,0.023046875
LogReg,2,0.25,1.0,crp_dataset_8_1_5.csv|crp_dataset_8_1_1.csv,crp_dataset_8_1_7.csv,0.8533961866663718,0.9677419354794113,0.9545454545411157,210,7,10,29,0.0095703125,0.0012672811059907835,0.008303031394009217
LogReg,2,0.25,1.0,crp_dataset_8_1_5.csv|crp_dataset_8_1_1.csv,crp_dataset_8_1_3.csv,0.8533961866663718,0.9687499999924317,0.7167630057762038,124,4,49,79,0.0196044921875,0.001708984375,0.0178955078125
LogReg,2,0.25,1.0,crp_dataset_8_1_5.csv|crp_dataset_8_1_1.csv,crp_dataset_8_1_8.csv,0.8533961866663718,0.7812499999877929,0.3623188405770847,50,14,88,104,0.0283203125,0.005664062500000001,0.02265625
LogReg,2,0.25,1.0,crp_dataset_8_1_5.csv|crp_dataset_8_1_1.csv,crp_dataset_8_1_6.csv,0.8533961866663718,0.7763157894685769,0.8428571428511226,118,34,22,82,0.026928710937499996,0.010115131578947367,0.016813579358552627
LogReg,2,0.25,1.0,crp_dataset_8_1_5.csv|crp_dataset_8_1_1.csv,crp_dataset_8_1_2.csv,0.8533961866663718,0.9999999999090909,0.09243697478913918,11,0,108,137,0.039453125,0.001704545454545455,0.03774857954545455
LogReg,2,0.25,1.0,crp_dataset_8_1_5.csv|crp_dataset_8_1_1.csv,crp_dataset_8_1_4.csv,0.8533961866663718,0.9499999999905,0.7251908396891208,95,5,36,120,0.023046875,0.0021875,0.020859375
LogReg,2,0.25,1.0,crp_dataset_8_1_5.csv|crp_dataset_8_1_3.csv,crp_dataset_8_1_7.csv,0.7751639306100453,0.9636363636319836,0.9636363636319836,212,8,8,28,0.0095703125,0.001221590909090909,0.008348721590909092
LogReg,2,0.25,1.0,crp_dataset_8_1_5.csv|crp_dataset_8_1_3.csv,crp_dataset_8_1_1.csv,0.7751639306100453,0.9523809523658353,0.4761904761866969,60,3,66,127,0.0252685546875,0.000992063492063492,0.024276491195436508
LogReg,2,0.25,1.0,crp_dataset_8_1_5.csv|crp_dataset_8_1_3.csv,crp_dataset_8_1_8.csv,0.7751639306100453,0.7799999999844001,0.28260869565012603,39,11,99,107,0.0283203125,0.005625,0.022695312500000002
LogReg,2,0.25,1.0,crp_dataset_8_1_5.csv|crp_dataset_8_1_3.csv,crp_dataset_8_1_6.csv,0.7751639306100453,0.8294573643346554,0.7642857142802552,107,22,33,94,0.026928710937499996,0.008430232558139534,0.018498478379360462
LogReg,2,0.25,1.0,crp_dataset_8_1_5.csv|crp_dataset_8_1_3.csv,crp_dataset_8_1_2.csv,0.7751639306100453,0.9999999999166667,0.10084033613360638,12,0,107,137,0.039453125,0.0015625000000000003,0.037890625
LogReg,2,0.25,1.0,crp_dataset_8_1_5.csv|crp_dataset_8_1_3.csv,crp_dataset_8_1_4.csv,0.7751639306100453,0.969387755092149,0.7251908396891208,95,3,36,122,0.023046875,0.0010204081632653062,0.022026466836734697
LogReg,2,0.25,1.0,crp_dataset_8_1_5.csv|crp_dataset_8_1_8.csv,crp_dataset_8_1_7.csv,0.6272916834350688,0.8695652173878674,0.9999999999954546,220,33,0,3,0.0095703125,0.008547430830039525,0.0010228816699604758
LogReg,2,0.25,1.0,crp_dataset_8_1_5.csv|crp_dataset_8_1_8.csv,crp_dataset_8_1_1.csv,0.6272916834350688,0.8688524590092717,0.8412698412631645,106,16,20,114,0.0252685546875,0.004815573770491803,0.020452980917008198
LogReg,2,0.25,1.0,crp_dataset_8_1_5.csv|crp_dataset_8_1_8.csv,crp_dataset_8_1_3.csv,0.6272916834350688,0.7668161434943193,0.9884393063526681,171,52,2,31,0.0196044921875,0.013536995515695066,0.006067496671804933
LogReg,2,0.25,1.0,crp_dataset_8_1_5.csv|crp_dataset_8_1_8.csv,crp_dataset_8_1_6.csv,0.6272916834350688,0.555555555553351,0.9999999999928573,140,112,0,4,0.026928710937499996,0.025942460317460315,0.0009862506200396803
LogReg,2,0.25,1.0,crp_dataset_8_1_5.csv|crp_dataset_8_1_8.csv,crp_dataset_8_1_2.csv,0.6272916834350688,0.9999999999615384,0.21848739495614716,26,0,93,137,0.039453125,0.0014423076923076922,0.038010817307692304
LogReg,2,0.25,1.0,crp_dataset_8_1_5.csv|crp_dataset_8_1_8.csv,crp_dataset_8_1_4.csv,0.6272916834350688,0.6542553191454561,0.9389312977027563,123,65,8,60,0.023046875,0.014128989361702128,0.008917885638297873
LogReg,2,0.25,1.0,crp_dataset_8_1_5.csv|crp_dataset_8_1_6.csv,crp_dataset_8_1_7.csv,0.6770415269850849,0.9523809523768295,0.9999999999954546,220,11,0,25,0.0095703125,0.001406926406926407,0.008163386093073594
LogReg,2,0.25,1.0,crp_dataset_8_1_5.csv|crp_dataset_8_1_6.csv,crp_dataset_8_1_1.csv,0.6770415269850849,0.9374999999853515,0.4761904761866969,60,4,66,126,0.0252685546875,0.00126953125,0.0239990234375
LogReg,2,0.25,1.0,crp_dataset_8_1_5.csv|crp_dataset_8_1_6.csv,crp_dataset_8_1_3.csv,0.6770415269850849,0.9572649572567755,0.6473988439268937,112,5,61,78,0.0196044921875,0.0010683760683760685,0.01853611611912393
LogReg,2,0.25,1.0,crp_dataset_8_1_5.csv|crp_dataset_8_1_6.csv,crp_dataset_8_1_8.csv,0.6770415269850849,0.8852459016248321,0.39130434782325146,54,7,84,111,0.0283203125,0.00430327868852459,0.024017033811475408
LogReg,2,0.25,1.0,crp_dataset_8_1_5.csv|crp_dataset_8_1_6.csv,crp_dataset_8_1_2.csv,0.6770415269850849,0.9999999999750001,0.33613445377868795,40,0,79,137,0.039453125,0.0009375000000000002,0.038515625
LogReg,2,0.25,1.0,crp_dataset_8_1_5.csv|crp_dataset_8_1_6.csv,crp_dataset_8_1_4.csv,0.6770415269850849,0.9478260869482797,0.8320610686959385,109,6,22,119,0.023046875,0.0014130434782608694,0.02163383152173913
LogReg,2,0.25,1.0,crp_dataset_8_1_5.csv|crp_dataset_8_1_2.csv,crp_dataset_8_1_7.csv,0.6101060015785635,0.8593749999966431,0.9999999999954546,220,36,0,0,0.0095703125,0.0095703125,0.0
LogReg,2,0.25,1.0,crp_dataset_8_1_5.csv|crp_dataset_8_1_2.csv,crp_dataset_8_1_1.csv,0.6101060015785635,0.5431034482735211,0.9999999999920635,126,106,0,24,0.0252685546875,0.020070043103448277,0.005198511584051723
LogReg,2,0.25,1.0,crp_dataset_8_1_5.csv|crp_dataset_8_1_2.csv,crp_dataset_8_1_3.csv,0.6101060015785635,0.6757812499973602,0.9999999999942197,173,83,0,0,0.0196044921875,0.0196044921875,0.0
LogReg,2,0.25,1.0,crp_dataset_8_1_5.csv|crp_dataset_8_1_2.csv,crp_dataset_8_1_8.csv,0.6101060015785635,0.6502732240401625,0.8623188405734615,119,64,19,54,0.0283203125,0.01868169398907104,0.00963861851092896
LogReg,2,0.25,1.0,crp_dataset_8_1_5.csv|crp_dataset_8_1_2.csv,crp_dataset_8_1_6.csv,0.6101060015785635,0.5468749999978638,0.9999999999928573,140,116,0,0,0.026928710937499996,0.026928710937499996,0.0
LogReg,2,0.25,1.0,crp_dataset_8_1_5.csv|crp_dataset_8_1_2.csv,crp_dataset_8_1_4.csv,0.6101060015785635,0.5117187499980012,0.9999999999923664,131,125,0,0,0.023046875,0.023046875,0.0
LogReg,2,0.25,1.0,crp_dataset_8_1_5.csv|crp_dataset_8_1_4.csv,crp_dataset_8_1_7.csv,0.7818952437291907,0.9999999999953272,0.9727272727228513,214,0,6,36,0.0095703125,0.00023364485981308412,0.009336667640186917
LogReg,2,0.25,1.0,crp_dataset_8_1_5.csv|crp_dataset_8_1_4.csv,crp_dataset_8_1_1.csv,0.7818952437291907,0.9629629629451304,0.4126984126951373,52,2,74,128,0.0252685546875,0.000925925925925926,0.024342628761574073
LogReg,2,0.25,1.0,crp_dataset_8_1_5.csv|crp_dataset_8_1_4.csv,crp_dataset_8_1_3.csv,0.7818952437291907,0.9999999999910714,0.6473988439268937,112,0,61,83,0.0196044921875,0.0,0.0196044921875
LogReg,2,0.25,1.0,crp_dataset_8_1_5.csv|crp_dataset_8_1_4.csv,crp_dataset_8_1_8.csv,0.7818952437291907,0.8666666666377778,0.18840579710008404,26,4,112,114,0.0283203125,0.004375,0.0239453125
LogReg,2,0.25,1.0,crp_dataset_8_1_5.csv|crp_dataset_8_1_4.csv,crp_dataset_8_1_6.csv,0.7818952437291907,0.8804347825991257,0.5785714285672959,81,11,59,105,0.026928710937499996,0.005027173913043479,0.02190153702445652
LogReg,2,0.25,1.0,crp_dataset_8_1_5.csv|crp_dataset_8_1_4.csv,crp_dataset_8_1_2.csv,0.7818952437291907,0.9999999999,0.08403361344467199,10,0,109,137,0.039453125,0.0018750000000000004,0.037578125
LogReg,2,0.25,1.0,crp_dataset_8_1_7.csv|crp_dataset_8_1_1.csv,crp_dataset_8_1_5.csv,0.6878901055219596,0.9777777777560495,0.43999999999559997,44,1,56,155,0.039282226562499994,0.0011111111111111111,0.03817111545138888
LogReg,2,0.25,1.0,crp_dataset_8_1_7.csv|crp_dataset_8_1_1.csv,crp_dataset_8_1_3.csv,0.6878901055219596,0.999999999991228,0.6589595375684454,114,0,59,83,0.0196044921875,0.0,0.0196044921875
LogReg,2,0.25,1.0,crp_dataset_8_1_7.csv|crp_dataset_8_1_1.csv,crp_dataset_8_1_8.csv,0.6878901055219596,0.7968749999875487,0.36956521738862635,51,13,87,105,0.0283203125,0.0056640625,0.02265625
LogReg,2,0.25,1.0,crp_dataset_8_1_7.csv|crp_dataset_8_1_1.csv,crp_dataset_8_1_6.csv,0.6878901055219596,0.8596491227994767,0.6999999999950001,98,16,42,100,0.026928710937499996,0.005975877192982456,0.020952833744517542
LogReg,2,0.25,1.0,crp_dataset_8_1_7.csv|crp_dataset_8_1_1.csv,crp_dataset_8_1_2.csv,0.6878901055219596,0.9999999999565218,0.19327731092274555,23,0,96,137,0.039453125,0.0010869565217391304,0.03836616847826087
LogReg,2,0.25,1.0,crp_dataset_8_1_7.csv|crp_dataset_8_1_1.csv,crp_dataset_8_1_4.csv,0.6878901055219596,0.9803921568531334,0.7633587786201271,100,2,31,123,0.023046875,0.0007352941176470589,0.02231158088235294
LogReg,2,0.25,1.0,crp_dataset_8_1_7.csv|crp_dataset_8_1_3.csv,crp_dataset_8_1_5.csv,0.77608798264867,0.0,0.0,0,0,100,156,0.039282226562499994,,
LogReg,2,0.25,1.0,crp_dataset_8_1_7.csv|crp_dataset_8_1_3.csv,crp_dataset_8_1_1.csv,0.77608798264867,0.9999999999696971,0.2619047619026833,33,0,93,130,0.0252685546875,0.0,0.0252685546875
LogReg,2,0.25,1.0,crp_dataset_8_1_7.csv|crp_dataset_8_1_3.csv,crp_dataset_8_1_8.csv,0.77608798264867,0.9999999995,0.014492753623083388,2,0,136,118,0.0283203125,0.0,0.0283203125
LogReg,2,0.25,1.0,crp_dataset_8_1_7.csv|crp_dataset_8_1_3.csv,crp_dataset_8_1_6.csv,0.77608798264867,0.678391959795586,0.9642857142788266,135,64,5,52,0.026928710937499996,0.017148241206030153,0.009780469731469843
LogReg,2,0.25,1.0,crp_dataset_8_1_7.csv|crp_dataset_8_1_3.csv,crp_dataset_8_1_2.csv,0.77608798264867,0.0,0.0,0,0,119,137,0.039453125,,
LogReg,2,0.25,1.0,crp_dataset_8_1_7.csv|crp_dataset_8_1_3.csv,crp_dataset_8_1_4.csv,0.77608798264867,0.9999999999866667,0.5725190839650953,75,0,56,125,0.023046875,8.333333333333334e-05,0.022963541666666667
LogReg,2,0.25,1.0,crp_dataset_8_1_7.csv|crp_dataset_8_1_8.csv,crp_dataset_8_1_5.csv,0.6821454131412256,0.6982758620629459,0.8099999999919,81,35,19,121,0.039282226562499994,0.009752155172413794,0.0295300713900862
LogReg,2,0.25,1.0,crp_dataset_8_1_7.csv|crp_dataset_8_1_8.csv,crp_dataset_8_1_1.csv,0.6821454131412256,0.925531914883771,0.6904761904707105,87,7,39,123,0.0252685546875,0.0017287234042553193,0.023539831283244682
LogReg,2,0.25,1.0,crp_dataset_8_1_7.csv|crp_dataset_8_1_8.csv,crp_dataset_8_1_3.csv,0.6821454131412256,0.982905982897582,0.6647398843892212,115,2,58,81,0.0196044921875,0.0010683760683760685,0.01853611611912393
LogReg,2,0.25,1.0,crp_dataset_8_1_7.csv|crp_dataset_8_1_8.csv,crp_dataset_8_1_6.csv,0.6821454131412256,0.9999999999876543,0.5785714285672959,81,0,59,116,0.026928710937499996,0.0,0.026928710937499996
LogReg,2,0.25,1.0,crp_dataset_8_1_7.csv|crp_dataset_8_1_8.csv,crp_dataset_8_1_2.csv,0.6821454131412256,0.7499999999941407,0.806722689068851,96,32,23,105,0.039453125,0.011767578125,0.027685546874999998
LogReg,2,0.25,1.0,crp_dataset_8_1_7.csv|crp_dataset_8_1_8.csv,crp_dataset_8_1_4.csv,0.6821454131412256,0.8548387096705254,0.8091603053373347,106,18,25,107,0.023046875,0.004737903225806451,0.01830897177419355
LogReg,2,0.25,1.0,crp_dataset_8_1_7.csv|crp_dataset_8_1_6.csv,crp_dataset_8_1_5.csv,0.7957455940498596,0.0,0.0,0,0,100,156,0.039282226562499994,,
LogReg,2,0.25,1.0,crp_dataset_8_1_7.csv|crp_dataset_8_1_6.csv,crp_dataset_8_1_1.csv,0.7957455940498596,0.9574468084902672,0.35714285714002264,45,2,81,128,0.0252685546875,0.0009308510638297872,0.02433770362367021
LogReg,2,0.25,1.0,crp_dataset_8_1_7.csv|crp_dataset_8_1_6.csv,crp_dataset_8_1_3.csv,0.7957455940498596,0.9572649572567755,0.6473988439268937,112,5,61,78,0.0196044921875,0.001014957264957265,0.018589534922542734
LogReg,2,0.25,1.0,crp_dataset_8_1_7.csv|crp_dataset_8_1_6.csv,crp_dataset_8_1_8.csv,0.7957455940498596,0.941176470532872,0.1159420289846671,16,1,122,117,0.0283203125,0.0033088235294117647,0.025011488970588237
LogReg,2,0.25,1.0,crp_dataset_8_1_7.csv|crp_dataset_8_1_6.csv,crp_dataset_8_1_2.csv,0.7957455940498596,0.9999999989999999,0.008403361344467198,1,0,118,137,0.039453125,0.0,0.039453125
LogReg,2,0.25,1.0,crp_dataset_8_1_7.csv|crp_dataset_8_1_6.csv,crp_dataset_8_1_4.csv,0.7957455940498596,0.979591836724698,0.7328244274753221,96,2,35,123,0.023046875,0.00031887755102040814,0.022727997448979593
LogReg,2,0.25,1.0,crp_dataset_8_1_7.csv|crp_dataset_8_1_2.csv,crp_dataset_8_1_5.csv,0.7267601166125558,0.8020833333249783,0.7699999999923,77,19,23,137,0.039282226562499994,0.0060546875,0.03322753906249999
LogReg,2,0.25,1.0,crp_dataset_8_1_7.csv|crp_dataset_8_1_2.csv,crp_dataset_8_1_1.csv,0.7267601166125558,0.8518518518413352,0.5476190476147014,69,12,57,118,0.0252685546875,0.0049382716049382715,0.02033028308256173
LogReg,2,0.25,1.0,crp_dataset_8_1_7.csv|crp_dataset_8_1_2.csv,crp_dataset_8_1_3.csv,0.7267601166125558,0.9421487603227922,0.6589595375684454,114,7,59,76,0.0196044921875,0.0017561983471074381,0.017848293840392562
LogReg,2,0.25,1.0,crp_dataset_8_1_7.csv|crp_dataset_8_1_2.csv,crp_dataset_8_1_8.csv,0.7267601166125558,0.7981651376073563,0.6304347826041273,87,22,51,96,0.0283203125,0.005447247706422017,0.022873064793577983
LogReg,2,0.25,1.0,crp_dataset_8_1_7.csv|crp_dataset_8_1_2.csv,crp_dataset_8_1_6.csv,0.7267601166125558,0.8173076922998336,0.6071428571385205,85,19,55,97,0.026928710937499996,0.008713942307692308,0.018214768629807688
LogReg,2,0.25,1.0,crp_dataset_8_1_7.csv|crp_dataset_8_1_2.csv,crp_dataset_8_1_4.csv,0.7267601166125558,0.863999999993088,0.8244274809097373,108,17,23,108,0.023046875,0.0054,0.017646875
LogReg,2,0.25,1.0,crp_dataset_8_1_7.csv|crp_dataset_8_1_4.csv,crp_dataset_8_1_5.csv,0.8179085738442656,0.9722222221952161,0.3499999999965,35,1,65,155,0.039282226562499994,0.0015625,0.03771972656249999
LogReg,2,0.25,1.0,crp_dataset_8_1_7.csv|crp_dataset_8_1_4.csv,crp_dataset_8_1_1.csv,0.8179085738442656,0.9473684210360112,0.4285714285680272,54,3,72,127,0.0252685546875,0.0010964912280701754,0.024172063459429825
LogReg,2,0.25,1.0,crp_dataset_8_1_7.csv|crp_dataset_8_1_4.csv,crp_dataset_8_1_3.csv,0.8179085738442656,0.973913043469792,0.6473988439268937,112,3,61,80,0.0196044921875,0.0005978260869565218,0.019006666100543478
LogReg,2,0.25,1.0,crp_dataset_8_1_7.csv|crp_dataset_8_1_4.csv,crp_dataset_8_1_8.csv,0.8179085738442656,0.7941176470354672,0.19565217391162573,27,7,111,111,0.0283203125,0.0051470588235294126,0.023173253676470586
LogReg,2,0.25,1.0,crp_dataset_8_1_7.csv|crp_dataset_8_1_4.csv,crp_dataset_8_1_6.csv,0.8179085738442656,0.8804347825991257,0.5785714285672959,81,11,59,105,0.026928710937499996,0.005434782608695652,0.021493928328804344
LogReg,2,0.25,1.0,crp_dataset_8_1_7.csv|crp_dataset_8_1_4.csv,crp_dataset_8_1_2.csv,0.8179085738442656,0.99999999996,0.21008403361167996,25,0,94,137,0.039453125,0.0005,0.038953125
LogReg,2,0.25,1.0,crp_dataset_8_1_1.csv|crp_dataset_8_1_3.csv,crp_dataset_8_1_5.csv,0.6036796471335529,0.9999999999090909,0.10999999999889999,11,0,89,156,0.039282226562499994,0.0,0.039282226562499994
LogReg,2,0.25,1.0,crp_dataset_8_1_1.csv|crp_dataset_8_1_3.csv,crp_dataset_8_1_7.csv,0.6036796471335529,0.9594594594551377,0.9681818181774174,213,9,7,27,0.0095703125,0.0014639639639639638,0.008106348536036038
LogReg,2,0.25,1.0,crp_dataset_8_1_1.csv|crp_dataset_8_1_3.csv,crp_dataset_8_1_8.csv,0.6036796471335529,0.7627118643938524,0.3260869565193762,45,14,93,104,0.0283203125,0.006038135593220339,0.02228217690677966
LogReg,2,0.25,1.0,crp_dataset_8_1_1.csv|crp_dataset_8_1_3.csv,crp_dataset_8_1_6.csv,0.6036796471335529,0.6919191919156974,0.9785714285644388,137,61,3,55,0.026928710937499996,0.015688131313131314,0.011240579624368682
LogReg,2,0.25,1.0,crp_dataset_8_1_1.csv|crp_dataset_8_1_3.csv,crp_dataset_8_1_2.csv,0.6036796471335529,0.9999999998333333,0.05042016806680319,6,0,113,137,0.039453125,0.0020833333333333333,0.037369791666666666
LogReg,2,0.25,1.0,crp_dataset_8_1_1.csv|crp_dataset_8_1_3.csv,crp_dataset_8_1_4.csv,0.6036796471335529,0.9361702127559981,0.6717557251857118,88,6,43,119,0.023046875,0.002526595744680851,0.02052027925531915
LogReg,2,0.25,1.0,crp_dataset_8_1_1.csv|crp_dataset_8_1_8.csv,crp_dataset_8_1_5.csv,0.6039755825668545,0.9242424242284205,0.6099999999939,61,5,39,151,0.039282226562499994,0.0030303030303030307,0.036251923532196965
LogReg,2,0.25,1.0,crp_dataset_8_1_1.csv|crp_dataset_8_1_8.csv,crp_dataset_8_1_7.csv,0.6039755825668545,0.9999999999946237,0.8454545454507025,186,0,34,36,0.0095703125,0.0,0.0095703125
LogReg,2,0.25,1.0,crp_dataset_8_1_1.csv|crp_dataset_8_1_8.csv,crp_dataset_8_1_3.csv,0.6039755825668545,0.9999999999903846,0.601156069360687,104,0,69,83,0.0196044921875,0.0,0.0196044921875
LogReg,2,0.25,1.0,crp_dataset_8_1_1.csv|crp_dataset_8_1_8.csv,crp_dataset_8_1_6.csv,0.6039755825668545,0.9176470588127336,0.5571428571388776,78,7,62,109,0.026928710937499996,0.0031617647058823526,0.023766946231617642
LogReg,2,0.25,1.0,crp_dataset_8_1_1.csv|crp_dataset_8_1_8.csv,crp_dataset_8_1_2.csv,0.6039755825668545,0.9761904761672336,0.3445378151231551,41,1,78,136,0.039453125,0.001488095238095238,0.03796502976190476
LogReg,2,0.25,1.0,crp_dataset_8_1_1.csv|crp_dataset_8_1_8.csv,crp_dataset_8_1_4.csv,0.6039755825668545,0.9696969696871748,0.7328244274753221,96,3,35,122,0.023046875,0.001388888888888889,0.021657986111111114
LogReg,2,0.25,1.0,crp_dataset_8_1_1.csv|crp_dataset_8_1_6.csv,crp_dataset_8_1_5.csv,0.6089619479161711,0.9599999999808001,0.4799999999952,48,2,52,154,0.039282226562499994,0.0017500000000000003,0.03753222656249999
LogReg,2,0.25,1.0,crp_dataset_8_1_1.csv|crp_dataset_8_1_6.csv,crp_dataset_8_1_7.csv,0.6089619479161711,0.9807692307645156,0.9272727272685124,204,4,16,32,0.0095703125,0.0006310096153846154,0.008939302884615386
LogReg,2,0.25,1.0,crp_dataset_8_1_1.csv|crp_dataset_8_1_6.csv,crp_dataset_8_1_3.csv,0.6089619479161711,0.9652173912959546,0.6416184971061178,111,4,62,79,0.0196044921875,0.0012500000000000002,0.018354492187499998
LogReg,2,0.25,1.0,crp_dataset_8_1_1.csv|crp_dataset_8_1_6.csv,crp_dataset_8_1_8.csv,0.6089619479161711,0.7999999999885714,0.40579710144633485,56,14,82,104,0.0283203125,0.005446428571428571,0.02287388392857143
LogReg,2,0.25,1.0,crp_dataset_8_1_1.csv|crp_dataset_8_1_6.csv,crp_dataset_8_1_2.csv,0.6089619479161711,0.99999999996,0.21008403361167996,25,0,94,137,0.039453125,0.001,0.038453125
LogReg,2,0.25,1.0,crp_dataset_8_1_1.csv|crp_dataset_8_1_6.csv,crp_dataset_8_1_4.csv,0.6089619479161711,0.925233644851166,0.7557251908339259,99,8,32,117,0.023046875,0.002511682242990655,0.020535192757009345
LogReg,2,0.25,1.0,crp_dataset_8_1_1.csv|crp_dataset_8_1_2.csv,crp_dataset_8_1_5.csv,0.620516468414084,0.883116883105414,0.6799999999931999,68,9,32,147,0.039282226562499994,0.003814935064935065,0.03546729149756493
LogReg,2,0.25,1.0,crp_dataset_8_1_1.csv|crp_dataset_8_1_2.csv,crp_dataset_8_1_7.csv,0.620516468414084,0.9726027397215863,0.9681818181774174,213,6,7,30,0.0095703125,0.0010559360730593608,0.00851437642694064
LogReg,2,0.25,1.0,crp_dataset_8_1_1.csv|crp_dataset_8_1_2.csv,crp_dataset_8_1_3.csv,0.620516468414084,0.9365079365005039,0.6820809248515487,118,8,55,75,0.0196044921875,0.0028273809523809523,0.016777111235119047
LogReg,2,0.25,1.0,crp_dataset_8_1_1.csv|crp_dataset_8_1_2.csv,crp_dataset_8_1_8.csv,0.620516468414084,0.8217821782096852,0.6014492753579606,83,18,55,100,0.0283203125,0.00495049504950495,0.023369817450495052
LogReg,2,0.25,1.0,crp_dataset_8_1_1.csv|crp_dataset_8_1_2.csv,crp_dataset_8_1_6.csv,0.620516468414084,0.8981481481398319,0.6928571428521939,97,11,43,105,0.026928710937499996,0.004224537037037037,0.02270417390046296
LogReg,2,0.25,1.0,crp_dataset_8_1_1.csv|crp_dataset_8_1_2.csv,crp_dataset_8_1_4.csv,0.620516468414084,0.8467741935415583,0.8015267175511335,105,19,26,106,0.023046875,0.0057963709677419355,0.017250504032258064
LogReg,2,0.25,1.0,crp_dataset_8_1_1.csv|crp_dataset_8_1_4.csv,crp_dataset_8_1_5.csv,0.6530332653199145,0.9999999999756098,0.4099999999959,41,0,59,156,0.039282226562499994,0.0006097560975609756,0.03867247046493902
LogReg,2,0.25,1.0,crp_dataset_8_1_1.csv|crp_dataset_8_1_4.csv,crp_dataset_8_1_7.csv,0.6530332653199145,0.9999999999948719,0.8863636363596075,195,0,25,36,0.0095703125,0.0,0.0095703125
LogReg,2,0.25,1.0,crp_dataset_8_1_1.csv|crp_dataset_8_1_4.csv,crp_dataset_8_1_3.csv,0.6530332653199145,0.9999999999904762,0.6069364161814629,105,0,68,83,0.0196044921875,0.0,0.0196044921875
LogReg,2,0.25,1.0,crp_dataset_8_1_1.csv|crp_dataset_8_1_4.csv,crp_dataset_8_1_8.csv,0.6530332653199145,0.7999999999854546,0.3188405797078345,44,11,94,107,0.0283203125,0.005454545454545454,0.022865767045454545
LogReg,2,0.25,1.0,crp_dataset_8_1_1.csv|crp_dataset_8_1_4.csv,crp_dataset_8_1_6.csv,0.6530332653199145,0.8958333333240017,0.6142857142813266,86,10,54,106,0.026928710937499996,0.0044921875,0.022436523437499994
LogReg,2,0.25,1.0,crp_dataset_8_1_1.csv|crp_dataset_8_1_4.csv,crp_dataset_8_1_2.csv,0.6530332653199145,0.99999999995,0.16806722688934397,20,0,99,137,0.039453125,0.0009375000000000002,0.038515625
LogReg,2,0.25,1.0,crp_dataset_8_1_3.csv|crp_dataset_8_1_8.csv,crp_dataset_8_1_5.csv,0.7783996466510084,0.9999999999687501,0.3199999999968,32,0,68,156,0.039282226562499994,0.0,0.039282226562499994
LogReg,2,0.25,1.0,crp_dataset_8_1_3.csv|crp_dataset_8_1_8.csv,crp_dataset_8_1_7.csv,0.7783996466510084,0.9999999999937501,0.7272727272694215,160,0,60,36,0.0095703125,0.00011718750000000002,0.009453125000000001
LogReg,2,0.25,1.0,crp_dataset_8_1_3.csv|crp_dataset_8_1_8.csv,crp_dataset_8_1_1.csv,0.7783996466510084,0.9322033898147085,0.43650793650447217,55,4,71,126,0.0252685546875,0.001483050847457627,0.023785503840042372
LogReg,2,0.25,1.0,crp_dataset_8_1_3.csv|crp_dataset_8_1_8.csv,crp_dataset_8_1_6.csv,0.7783996466510084,0.8526315789383934,0.5785714285672959,81,14,59,102,0.026928710937499996,0.005921052631578948,0.021007658305921047
LogReg,2,0.25,1.0,crp_dataset_8_1_3.csv|crp_dataset_8_1_8.csv,crp_dataset_8_1_2.csv,0.7783996466510084,0.9999999999166667,0.10084033613360638,12,0,107,137,0.039453125,0.0015625000000000003,0.037890625
LogReg,2,0.25,1.0,crp_dataset_8_1_3.csv|crp_dataset_8_1_8.csv,crp_dataset_8_1_4.csv,0.7783996466510084,0.9767441860351541,0.6412213740409067,84,2,47,123,0.023046875,0.0010174418604651163,0.022029433139534885
LogReg,2,0.25,1.0,crp_dataset_8_1_3.csv|crp_dataset_8_1_6.csv,crp_dataset_8_1_5.csv,0.6148713221137341,0.8604651162690643,0.7399999999926,74,12,26,144,0.039282226562499994,0.004142441860465116,0.03513978470203488
LogReg,2,0.25,1.0,crp_dataset_8_1_3.csv|crp_dataset_8_1_6.csv,crp_dataset_8_1_7.csv,0.6148713221137341,0.9434782608654632,0.9863636363591529,217,13,3,23,0.0095703125,0.001956521739130435,0.007613790760869566
LogReg,2,0.25,1.0,crp_dataset_8_1_3.csv|crp_dataset_8_1_6.csv,crp_dataset_8_1_1.csv,0.6148713221137341,0.8717948717836949,0.5396825396782565,68,10,58,120,0.0252685546875,0.003685897435897436,0.021582657251602563
LogReg,2,0.25,1.0,crp_dataset_8_1_3.csv|crp_dataset_8_1_6.csv,crp_dataset_8_1_8.csv,0.6148713221137341,0.7599999999924,0.5507246376771687,76,24,62,94,0.0283203125,0.00625,0.0220703125
LogReg,2,0.25,1.0,crp_dataset_8_1_3.csv|crp_dataset_8_1_6.csv,crp_dataset_8_1_2.csv,0.6148713221137341,0.8513513513398465,0.5294117647014335,63,11,56,126,0.039453125,0.003800675675675676,0.03565244932432432
LogReg,2,0.25,1.0,crp_dataset_8_1_3.csv|crp_dataset_8_1_6.csv,crp_dataset_8_1_4.csv,0.6148713221137341,0.8780487804806663,0.8244274809097373,108,15,23,110,0.023046875,0.0038109756097560975,0.019235899390243904
LogReg,2,0.25,1.0,crp_dataset_8_1_3.csv|crp_dataset_8_1_2.csv,crp_dataset_8_1_5.csv,0.6009222588324793,0.7475728155267226,0.7699999999923,77,26,23,130,0.039282226562499994,0.009162621359223303,0.03011960520327669
LogReg,2,0.25,1.0,crp_dataset_8_1_3.csv|crp_dataset_8_1_2.csv,crp_dataset_8_1_7.csv,0.6009222588324793,0.9475982532709712,0.9863636363591529,217,12,3,24,0.0095703125,0.0017740174672489083,0.007796295032751093
LogReg,2,0.25,1.0,crp_dataset_8_1_3.csv|crp_dataset_8_1_2.csv,crp_dataset_8_1_1.csv,0.6009222588324793,0.7739130434715311,0.7063492063436004,89,26,37,104,0.0252685546875,0.009293478260869566,0.015975076426630434
LogReg,2,0.25,1.0,crp_dataset_8_1_3.csv|crp_dataset_8_1_2.csv,crp_dataset_8_1_8.csv,0.6009222588324793,0.7480916030477246,0.7101449275310859,98,33,40,85,0.0283203125,0.008110687022900763,0.020209625477099237
LogReg,2,0.25,1.0,crp_dataset_8_1_3.csv|crp_dataset_8_1_2.csv,crp_dataset_8_1_6.csv,0.6009222588324793,0.7608695652118778,0.749999999994643,105,33,35,83,0.026928710937499996,0.012228260869565218,0.014700450067934778
LogReg,2,0.25,1.0,crp_dataset_8_1_3.csv|crp_dataset_8_1_2.csv,crp_dataset_8_1_4.csv,0.6009222588324793,0.7341772151852268,0.8854961831993474,116,42,15,83,0.023046875,0.011352848101265824,0.011694026898734177
LogReg,2,0.25,1.0,crp_dataset_8_1_3.csv|crp_dataset_8_1_4.csv,crp_dataset_8_1_5.csv,0.6743791572313778,0.0,0.0,0,0,100,156,0.039282226562499994,,
LogReg,2,0.25,1.0,crp_dataset_8_1_3.csv|crp_dataset_8_1_4.csv,crp_dataset_8_1_7.csv,0.6743791572313778,0.9313304720990072,0.9863636363591529,217,16,3,20,0.0095703125,0.0032457081545064375,0.006324604345493564
LogReg,2,0.25,1.0,crp_dataset_8_1_3.csv|crp_dataset_8_1_4.csv,crp_dataset_8_1_1.csv,0.6743791572313778,0.9574468084902672,0.35714285714002264,45,2,81,128,0.0252685546875,0.0009308510638297873,0.02433770362367021
LogReg,2,0.25,1.0,crp_dataset_8_1_3.csv|crp_dataset_8_1_4.csv,crp_dataset_8_1_8.csv,0.6743791572313778,0.749999999953125,0.08695652173850033,12,4,126,114,0.0283203125,0.005078125,0.0232421875
LogReg,2,0.25,1.0,crp_dataset_8_1_3.csv|crp_dataset_8_1_4.csv,crp_dataset_8_1_6.csv,0.6743791572313778,0.5761316872404275,0.9999999999928573,140,103,0,13,0.026928710937499996,0.02373971193415638,0.003188999003343615
LogReg,2,0.25,1.0,crp_dataset_8_1_3.csv|crp_dataset_8_1_4.csv,crp_dataset_8_1_2.csv,0.6743791572313778,0.0,0.0,0,0,119,137,0.039453125,,
LogReg,2,0.25,1.0,crp_dataset_8_1_8.csv|crp_dataset_8_1_6.csv,crp_dataset_8_1_5.csv,0.6098405231251455,0.8295454545360279,0.7299999999926999,73,15,27,141,0.039282226562499994,0.005113636363636364,0.03416859019886363
LogReg,2,0.25,1.0,crp_dataset_8_1_8.csv|crp_dataset_8_1_6.csv,crp_dataset_8_1_7.csv,0.6098405231251455,0.9774774774730745,0.9863636363591529,217,5,3,31,0.0095703125,0.0007038288288288289,0.008866483671171172
LogReg,2,0.25,1.0,crp_dataset_8_1_8.csv|crp_dataset_8_1_6.csv,crp_dataset_8_1_1.csv,0.6098405231251455,0.9230769230650887,0.5714285714240362,72,6,54,124,0.0252685546875,0.0016826923076923078,0.02358586237980769
LogReg,2,0.25,1.0,crp_dataset_8_1_8.csv|crp_dataset_8_1_6.csv,crp_dataset_8_1_3.csv,0.6098405231251455,0.9655172413709869,0.6473988439268937,112,4,61,79,0.0196044921875,0.001293103448275862,0.018311388739224138
LogReg,2,0.25,1.0,crp_dataset_8_1_8.csv|crp_dataset_8_1_6.csv,crp_dataset_8_1_2.csv,0.6098405231251455,0.9090909090791027,0.5882352941127039,70,7,49,130,0.039453125,0.002353896103896104,0.0370992288961039
LogReg,2,0.25,1.0,crp_dataset_8_1_8.csv|crp_dataset_8_1_6.csv,crp_dataset_8_1_4.csv,0.6098405231251455,0.9237288135514938,0.8320610686959385,109,9,22,116,0.023046875,0.0023305084745762713,0.02071636652542373
LogReg,2,0.25,1.0,crp_dataset_8_1_8.csv|crp_dataset_8_1_2.csv,crp_dataset_8_1_5.csv,0.6252199873415192,0.6774193548332466,0.8399999999916,84,40,16,116,0.039282226562499994,0.01244959677419355,0.026832629788306445
LogReg,2,0.25,1.0,crp_dataset_8_1_8.csv|crp_dataset_8_1_2.csv,crp_dataset_8_1_7.csv,0.6252199873415192,0.9999999999933775,0.6863636363605166,151,0,69,36,0.0095703125,0.0,0.0095703125
LogReg,2,0.25,1.0,crp_dataset_8_1_8.csv|crp_dataset_8_1_2.csv,crp_dataset_8_1_1.csv,0.6252199873415192,0.8352941176372318,0.5634920634875913,71,14,55,116,0.0252685546875,0.006250000000000001,0.019018554687499998
LogReg,2,0.25,1.0,crp_dataset_8_1_8.csv|crp_dataset_8_1_2.csv,crp_dataset_8_1_3.csv,0.6252199873415192,0.9813084112057822,0.6069364161814629,105,2,68,81,0.0196044921875,0.0014018691588785046,0.018202623028621495
LogReg,2,0.25,1.0,crp_dataset_8_1_8.csv|crp_dataset_8_1_2.csv,crp_dataset_8_1_6.csv,0.6252199873415192,0.8765432098657217,0.5071428571392347,71,10,69,106,0.026928710937499996,0.00447530864197531,0.022453402295524685
LogReg,2,0.25,1.0,crp_dataset_8_1_8.csv|crp_dataset_8_1_2.csv,crp_dataset_8_1_4.csv,0.6252199873415192,0.9126213592144405,0.7175572519029194,94,9,37,116,0.023046875,0.004368932038834952,0.01867794296116505
LogReg,2,0.25,1.0,crp_dataset_8_1_8.csv|crp_dataset_8_1_4.csv,crp_dataset_8_1_5.csv,0.6396458139222914,0.7999999999915789,0.7599999999924,76,19,24,137,0.039282226562499994,0.006776315789473685,0.03250591077302631
LogReg,2,0.25,1.0,crp_dataset_8_1_8.csv|crp_dataset_8_1_4.csv,crp_dataset_8_1_7.csv,0.6396458139222914,0.9999999999929579,0.6454545454516116,142,0,78,36,0.0095703125,0.0,0.0095703125
LogReg,2,0.25,1.0,crp_dataset_8_1_8.csv|crp_dataset_8_1_4.csv,crp_dataset_8_1_1.csv,0.6396458139222914,0.9692307692158579,0.49999999999603173,63,2,63,128,0.0252685546875,0.0006730769230769232,0.024595477764423078
LogReg,2,0.25,1.0,crp_dataset_8_1_8.csv|crp_dataset_8_1_4.csv,crp_dataset_8_1_3.csv,0.6396458139222914,0.9999999999890109,0.5260115606906012,91,0,82,83,0.0196044921875,0.0,0.0196044921875
LogReg,2,0.25,1.0,crp_dataset_8_1_8.csv|crp_dataset_8_1_4.csv,crp_dataset_8_1_6.csv,0.6396458139222914,0.9999999999818182,0.39285714285433676,55,0,85,116,0.026928710937499996,0.0,0.026928710937499996
LogReg,2,0.25,1.0,crp_dataset_8_1_8.csv|crp_dataset_8_1_4.csv,crp_dataset_8_1_2.csv,0.6396458139222914,0.8904109588919121,0.5462184873903679,65,8,54,129,0.039453125,0.0023972602739726024,0.0370558647260274
LogReg,2,0.25,1.0,crp_dataset_8_1_6.csv|crp_dataset_8_1_2.csv,crp_dataset_8_1_5.csv,0.6782326963160508,0.8111111111020988,0.7299999999926999,73,17,27,139,0.039282226562499994,0.007291666666666667,0.031990559895833326
LogReg,2,0.25,1.0,crp_dataset_8_1_6.csv|crp_dataset_8_1_2.csv,crp_dataset_8_1_7.csv,0.6782326963160508,0.9482758620648781,0.9999999999954546,220,12,0,24,0.0095703125,0.0016163793103448276,0.007953933189655173
LogReg,2,0.25,1.0,crp_dataset_8_1_6.csv|crp_dataset_8_1_2.csv,crp_dataset_8_1_1.csv,0.6782326963160508,0.883116883105414,0.5396825396782565,68,9,58,121,0.0252685546875,0.0034090909090909094,0.02185946377840909
LogReg,2,0.25,1.0,crp_dataset_8_1_6.csv|crp_dataset_8_1_2.csv,crp_dataset_8_1_3.csv,0.6782326963160508,0.9411764705803263,0.6473988439268937,112,7,61,76,0.0196044921875,0.0017857142857142859,0.017818777901785713
LogReg,2,0.25,1.0,crp_dataset_8_1_6.csv|crp_dataset_8_1_2.csv,crp_dataset_8_1_8.csv,0.6782326963160508,0.7473684210447645,0.5144927536194602,71,24,67,94,0.0283203125,0.00776315789473684,0.02055715460526316
LogReg,2,0.25,1.0,crp_dataset_8_1_6.csv|crp_dataset_8_1_2.csv,crp_dataset_8_1_4.csv,0.6782326963160508,0.8593749999932863,0.8396946564821398,110,18,21,107,0.023046875,0.00517578125,0.01787109375
LogReg,2,0.25,1.0,crp_dataset_8_1_6.csv|crp_dataset_8_1_4.csv,crp_dataset_8_1_5.csv,0.7656650201628655,0.0,0.0,0,0,100,156,0.039282226562499994,,
LogReg,2,0.25,1.0,crp_dataset_8_1_6.csv|crp_dataset_8_1_4.csv,crp_dataset_8_1_7.csv,0.7656650201628655,0.9814814814769376,0.9636363636319836,212,4,8,32,0.0095703125,0.0005208333333333333,0.009049479166666667
LogReg,2,0.25,1.0,crp_dataset_8_1_6.csv|crp_dataset_8_1_4.csv,crp_dataset_8_1_1.csv,0.7656650201628655,0.999999999978261,0.3650793650764676,46,0,80,130,0.0252685546875,0.0,0.0252685546875
LogReg,2,0.25,1.0,crp_dataset_8_1_6.csv|crp_dataset_8_1_4.csv,crp_dataset_8_1_3.csv,0.7656650201628655,0.9999999999910714,0.6473988439268937,112,0,61,83,0.0196044921875,0.0,0.0196044921875
LogReg,2,0.25,1.0,crp_dataset_8_1_6.csv|crp_dataset_8_1_4.csv,crp_dataset_8_1_8.csv,0.7656650201628655,0.9444444443919753,0.1231884057962088,17,1,121,117,0.0283203125,0.003125,0.0251953125
LogReg,2,0.25,1.0,crp_dataset_8_1_6.csv|crp_dataset_8_1_4.csv,crp_dataset_8_1_2.csv,0.7656650201628655,0.9999999989999999,0.008403361344467198,1,0,118,137,0.039453125,0.0,0.039453125
LogReg,2,0.25,1.0,crp_dataset_8_1_2.csv|crp_dataset_8_1_4.csv,crp_dataset_8_1_5.csv,0.7681150282519715,0.8555555555460493,0.7699999999923,77,13,23,143,0.039282226562499994,0.003958333333333334,0.03532389322916666
LogReg,2,0.25,1.0,crp_dataset_8_1_2.csv|crp_dataset_8_1_4.csv,crp_dataset_8_1_7.csv,0.7681150282519715,0.9999999999938651,0.7409090909057232,163,0,57,36,0.0095703125,0.0,0.0095703125
LogReg,2,0.25,1.0,crp_dataset_8_1_2.csv|crp_dataset_8_1_4.csv,crp_dataset_8_1_1.csv,0.7681150282519715,0.9365079364930714,0.46825396825025195,59,4,67,126,0.0252685546875,0.0013888888888888887,0.023879665798611113
LogReg,2,0.25,1.0,crp_dataset_8_1_2.csv|crp_dataset_8_1_4.csv,crp_dataset_8_1_3.csv,0.7681150282519715,0.999999999989899,0.5722543352568078,99,0,74,83,0.0196044921875,0.0,0.0196044921875
LogReg,2,0.25,1.0,crp_dataset_8_1_2.csv|crp_dataset_8_1_4.csv,crp_dataset_8_1_8.csv,0.7681150282519715,0.8405797101327451,0.42028985506941824,58,11,80,107,0.0283203125,0.004619565217391304,0.023700747282608695
LogReg,2,0.25,1.0,crp_dataset_8_1_2.csv|crp_dataset_8_1_4.csv,crp_dataset_8_1_6.csv,0.7681150282519715,0.9999999999861111,0.5142857142820408,72,0,68,116,0.026928710937499996,0.0,0.026928710937499996
LogReg,3,0.25,1.0,crp_dataset_8_1_5.csv|crp_dataset_8_1_7.csv|crp_dataset_8_1_1.csv,crp_dataset_8_1_3.csv,0.6202211374241411,0.9220779220719346,0.8208092485501688,142,12,31,71,0.0196044921875,0.0033685064935064938,0.016235985693993506
LogReg,3,0.25,1.0,crp_dataset_8_1_5.csv|crp_dataset_8_1_7.csv|crp_dataset_8_1_1.csv,crp_dataset_8_1_8.csv,0.6202211374241411,0.8235294117550173,0.5072463768079185,70,15,68,103,0.0283203125,0.005,0.0233203125
LogReg,3,0.25,1.0,crp_dataset_8_1_5.csv|crp_dataset_8_1_7.csv|crp_dataset_8_1_1.csv,crp_dataset_8_1_6.csv,0.6202211374241411,0.732954545450381,0.9214285714219899,129,47,11,69,0.026928710937499996,0.012677556818181819,0.014251154119318177
LogReg,3,0.25,1.0,crp_dataset_8_1_5.csv|crp_dataset_8_1_7.csv|crp_dataset_8_1_1.csv,crp_dataset_8_1_2.csv,0.6202211374241411,0.9999999999642857,0.23529411764508157,28,0,91,137,0.039453125,0.0011160714285714285,0.03833705357142857
LogReg,3,0.25,1.0,crp_dataset_8_1_5.csv|crp_dataset_8_1_7.csv|crp_dataset_8_1_1.csv,crp_dataset_8_1_4.csv,0.6202211374241411,0.8760330578439997,0.8091603053373347,106,15,25,110,0.023046875,0.004700413223140495,0.018346461776859505
LogReg,3,0.25,1.0,crp_dataset_8_1_5.csv|crp_dataset_8_1_7.csv|crp_dataset_8_1_3.csv,crp_dataset_8_1_1.csv,0.6608909514817468,0.9078947368301592,0.5476190476147014,69,7,57,123,0.0252685546875,0.0019736842105263163,0.023294870476973685
LogReg,3,0.25,1.0,crp_dataset_8_1_5.csv|crp_dataset_8_1_7.csv|crp_dataset_8_1_3.csv,crp_dataset_8_1_8.csv,0.6608909514817468,0.8076923076819527,0.4565217391271267,63,15,75,103,0.0283203125,0.005528846153846152,0.02279146634615385
LogReg,3,0.25,1.0,crp_dataset_8_1_5.csv|crp_dataset_8_1_7.csv|crp_dataset_8_1_3.csv,crp_dataset_8_1_6.csv,0.6608909514817468,0.7841726618648621,0.7785714285658674,109,30,31,86,0.026928710937499996,0.010701438848920861,0.016227272088579135
LogReg,3,0.25,1.0,crp_dataset_8_1_5.csv|crp_dataset_8_1_7.csv|crp_dataset_8_1_3.csv,crp_dataset_8_1_2.csv,0.6608909514817468,0.9999999999722223,0.30252100840081914,36,0,83,137,0.039453125,0.0008680555555555555,0.038585069444444446
LogReg,3,0.25,1.0,crp_dataset_8_1_5.csv|crp_dataset_8_1_7.csv|crp_dataset_8_1_3.csv,crp_dataset_8_1_4.csv,0.6608909514817468,0.9159663865469246,0.8320610686959385,109,10,22,115,0.023046875,0.0025210084033613443,0.02052586659663866
LogReg,3,0.25,1.0,crp_dataset_8_1_5.csv|crp_dataset_8_1_7.csv|crp_dataset_8_1_8.csv,crp_dataset_8_1_1.csv,0.6620240312610323,0.9047619047511337,0.6031746031698161,76,8,50,122,0.0252685546875,0.0023065476190476195,0.022962007068452382
LogReg,3,0.25,1.0,crp_dataset_8_1_5.csv|crp_dataset_8_1_7.csv|crp_dataset_8_1_8.csv,crp_dataset_8_1_3.csv,0.6620240312610323,0.9374999999926759,0.6936416184931004,120,8,53,75,0.0196044921875,0.002392578125,0.0172119140625
LogReg,3,0.25,1.0,crp_dataset_8_1_5.csv|crp_dataset_8_1_7.csv|crp_dataset_8_1_8.csv,crp_dataset_8_1_6.csv,0.6620240312610323,0.8015267175511335,0.749999999994643,105,26,35,90,0.026928710937499996,0.009017175572519085,0.017911535364980913
LogReg,3,0.25,1.0,crp_dataset_8_1_5.csv|crp_dataset_8_1_7.csv|crp_dataset_8_1_8.csv,crp_dataset_8_1_2.csv,0.6620240312610323,0.9999999999705883,0.28571428571188473,34,0,85,137,0.039453125,0.0009191176470588235,0.03853400735294118
LogReg,3,0.25,1.0,crp_dataset_8_1_5.csv|crp_dataset_8_1_7.csv|crp_dataset_8_1_8.csv,crp_dataset_8_1_4.csv,0.6620240312610323,0.8833333333259722,0.8091603053373347,106,14,25,111,0.023046875,0.004166666666666667,0.018880208333333336
LogReg,3,0.25,1.0,crp_dataset_8_1_5.csv|crp_dataset_8_1_7.csv|crp_dataset_8_1_6.csv,crp_dataset_8_1_1.csv,0.8010869745214612,0.9636363636188431,0.42063492063158225,53,2,73,128,0.0252685546875,0.0007954545454545454,0.024473100142045456
LogReg,3,0.25,1.0,crp_dataset_8_1_5.csv|crp_dataset_8_1_7.csv|crp_dataset_8_1_6.csv,crp_dataset_8_1_3.csv,0.8010869745214612,0.9824561403422591,0.6473988439268937,112,2,61,81,0.0196044921875,0.0002192982456140351,0.019385193941885964
LogReg,3,0.25,1.0,crp_dataset_8_1_5.csv|crp_dataset_8_1_7.csv|crp_dataset_8_1_6.csv,crp_dataset_8_1_8.csv,0.8010869745214612,0.8684210526087258,0.2391304347808759,33,5,105,113,0.0283203125,0.004276315789473685,0.024043996710526316
LogReg,3,0.25,1.0,crp_dataset_8_1_5.csv|crp_dataset_8_1_7.csv|crp_dataset_8_1_6.csv,crp_dataset_8_1_2.csv,0.8010869745214612,0.9999999999444444,0.15126050420040957,18,0,101,137,0.039453125,0.001388888888888889,0.03806423611111111
LogReg,3,0.25,1.0,crp_dataset_8_1_5.csv|crp_dataset_8_1_7.csv|crp_dataset_8_1_6.csv,crp_dataset_8_1_4.csv,0.8010869745214612,0.9901960784216647,0.7709923664063284,101,1,30,124,0.023046875,0.00024509803921568627,0.022801776960784316
LogReg,3,0.25,1.0,crp_dataset_8_1_5.csv|crp_dataset_8_1_7.csv|crp_dataset_8_1_2.csv,crp_dataset_8_1_1.csv,0.6200820799632257,0.9166666666557539,0.611111111106261,77,7,49,123,0.0252685546875,0.0017857142857142857,0.023482840401785714
LogReg,3,0.25,1.0,crp_dataset_8_1_5.csv|crp_dataset_8_1_7.csv|crp_dataset_8_1_2.csv,crp_dataset_8_1_3.csv,0.6200820799632257,0.9344262295005374,0.6589595375684454,114,8,59,75,0.0196044921875,0.0022028688524590163,0.017401623335040983
LogReg,3,0.25,1.0,crp_dataset_8_1_5.csv|crp_dataset_8_1_7.csv|crp_dataset_8_1_2.csv,crp_dataset_8_1_8.csv,0.6200820799632257,0.8124999999915364,0.5652173913002521,78,18,60,100,0.0283203125,0.005208333333333333,0.023111979166666668
LogReg,3,0.25,1.0,crp_dataset_8_1_5.csv|crp_dataset_8_1_7.csv|crp_dataset_8_1_2.csv,crp_dataset_8_1_6.csv,0.6200820799632257,0.8608695652099054,0.7071428571378062,99,16,41,100,0.026928710937499996,0.005923913043478261,0.021004797894021734
LogReg,3,0.25,1.0,crp_dataset_8_1_5.csv|crp_dataset_8_1_7.csv|crp_dataset_8_1_2.csv,crp_dataset_8_1_4.csv,0.6200820799632257,0.8870967741863943,0.8396946564821398,110,14,21,111,0.023046875,0.004032258064516129,0.019014616935483872
LogReg,3,0.25,1.0,crp_dataset_8_1_5.csv|crp_dataset_8_1_7.csv|crp_dataset_8_1_4.csv,crp_dataset_8_1_1.csv,0.7105141101285466,0.9365079364930714,0.46825396825025195,59,4,67,126,0.0252685546875,0.0013888888888888887,0.023879665798611113
LogReg,3,0.25,1.0,crp_dataset_8_1_5.csv|crp_dataset_8_1_7.csv|crp_dataset_8_1_4.csv,crp_dataset_8_1_3.csv,0.7105141101285466,0.973913043469792,0.6473988439268937,112,3,61,80,0.0196044921875,0.0006521739130434782,0.018952318274456523
LogReg,3,0.25,1.0,crp_dataset_8_1_5.csv|crp_dataset_8_1_7.csv|crp_dataset_8_1_4.csv,crp_dataset_8_1_8.csv,0.7105141101285466,0.8799999999824001,0.3188405797078345,44,6,94,112,0.0283203125,0.004375,0.0239453125
LogReg,3,0.25,1.0,crp_dataset_8_1_5.csv|crp_dataset_8_1_7.csv|crp_dataset_8_1_4.csv,crp_dataset_8_1_6.csv,0.7105141101285466,0.881720430098046,0.5857142857101021,82,11,58,105,0.026928710937499996,0.004973118279569893,0.021955592657930102
LogReg,3,0.25,1.0,crp_dataset_8_1_5.csv|crp_dataset_8_1_7.csv|crp_dataset_8_1_4.csv,crp_dataset_8_1_2.csv,0.7105141101285466,0.9999999999696971,0.27731092436741756,33,0,86,137,0.039453125,0.0007575757575757576,0.03869554924242424
LogReg,3,0.25,1.0,crp_dataset_8_1_5.csv|crp_dataset_8_1_1.csv|crp_dataset_8_1_3.csv,crp_dataset_8_1_7.csv,0.6007588134867026,0.9279661016909833,0.9954545454500207,219,17,1,19,0.0095703125,0.003389830508474576,0.006180481991525424
LogReg,3,0.25,1.0,crp_dataset_8_1_5.csv|crp_dataset_8_1_1.csv|crp_dataset_8_1_3.csv,crp_dataset_8_1_8.csv,0.6007588134867026,0.8095238095141724,0.4927536231848352,68,16,70,102,0.0283203125,0.005282738095238095,0.023037574404761906
LogReg,3,0.25,1.0,crp_dataset_8_1_5.csv|crp_dataset_8_1_1.csv|crp_dataset_8_1_3.csv,crp_dataset_8_1_6.csv,0.6007588134867026,0.714285714281935,0.9642857142788266,135,54,5,62,0.026928710937499996,0.014318783068783068,0.012609927868716928
LogReg,3,0.25,1.0,crp_dataset_8_1_5.csv|crp_dataset_8_1_1.csv|crp_dataset_8_1_3.csv,crp_dataset_8_1_2.csv,0.6007588134867026,0.9615384615014793,0.21008403361167996,25,1,94,136,0.039453125,0.0016826923076923076,0.03777043269230769
LogReg,3,0.25,1.0,crp_dataset_8_1_5.csv|crp_dataset_8_1_1.csv|crp_dataset_8_1_3.csv,crp_dataset_8_1_4.csv,0.6007588134867026,0.8617886178791724,0.8091603053373347,106,17,25,108,0.023046875,0.004420731707317074,0.018626143292682928
LogReg,3,0.25,1.0,crp_dataset_8_1_5.csv|crp_dataset_8_1_1.csv|crp_dataset_8_1_8.csv,crp_dataset_8_1_7.csv,0.6196898021647342,0.9606986899521367,0.9999999999954546,220,9,0,27,0.0095703125,0.0014192139737991265,0.008151098526200874
LogReg,3,0.25,1.0,crp_dataset_8_1_5.csv|crp_dataset_8_1_1.csv|crp_dataset_8_1_8.csv,crp_dataset_8_1_3.csv,0.6196898021647342,0.9358974358914366,0.8439306358332721,146,10,27,73,0.0196044921875,0.0026442307692307694,0.01696026141826923
LogReg,3,0.25,1.0,crp_dataset_8_1_5.csv|crp_dataset_8_1_1.csv|crp_dataset_8_1_8.csv,crp_dataset_8_1_6.csv,0.6196898021647342,0.7588235294073011,0.9214285714219899,129,41,11,75,0.026928710937499996,0.012279411764705882,0.014649299172794113
LogReg,3,0.25,1.0,crp_dataset_8_1_5.csv|crp_dataset_8_1_1.csv|crp_dataset_8_1_8.csv,crp_dataset_8_1_2.csv,0.6196898021647342,0.9655172413460167,0.23529411764508157,28,1,91,136,0.039453125,0.001724137931034483,0.03772898706896551
LogReg,3,0.25,1.0,crp_dataset_8_1_5.csv|crp_dataset_8_1_1.csv|crp_dataset_8_1_8.csv,crp_dataset_8_1_4.csv,0.6196898021647342,0.8749999999927083,0.8015267175511335,105,15,26,110,0.023046875,0.0046875,0.018359375
LogReg,3,0.25,1.0,crp_dataset_8_1_5.csv|crp_dataset_8_1_1.csv|crp_dataset_8_1_6.csv,crp_dataset_8_1_7.csv,0.7214865315987434,0.9953271027990873,0.9681818181774174,213,1,7,35,0.0095703125,0.0003796728971962617,0.00919063960280374
LogReg,3,0.25,1.0,crp_dataset_8_1_5.csv|crp_dataset_8_1_1.csv|crp_dataset_8_1_6.csv,crp_dataset_8_1_3.csv,0.7214865315987434,0.9999999999904762,0.6069364161814629,105,0,68,83,0.0196044921875,0.0,0.0196044921875
LogReg,3,0.25,1.0,crp_dataset_8_1_5.csv|crp_dataset_8_1_1.csv|crp_dataset_8_1_6.csv,crp_dataset_8_1_8.csv,0.7214865315987434,0.781818181803967,0.3115942028962928,43,12,95,106,0.0283203125,0.005795454545454544,0.022524857954545455
LogReg,3,0.25,1.0,crp_dataset_8_1_5.csv|crp_dataset_8_1_1.csv|crp_dataset_8_1_6.csv,crp_dataset_8_1_2.csv,0.7214865315987434,0.9999999999565218,0.19327731092274555,23,0,96,137,0.039453125,0.0010869565217391304,0.03836616847826087
LogReg,3,0.25,1.0,crp_dataset_8_1_5.csv|crp_dataset_8_1_1.csv|crp_dataset_8_1_6.csv,crp_dataset_8_1_4.csv,0.7214865315987434,0.9896907216392815,0.7328244274753221,96,1,35,124,0.023046875,0.00032216494845360824,0.022724710051546394
LogReg,3,0.25,1.0,crp_dataset_8_1_5.csv|crp_dataset_8_1_1.csv|crp_dataset_8_1_2.csv,crp_dataset_8_1_7.csv,0.7084739891377636,0.9817351598128689,0.9772727272682852,215,4,5,32,0.0095703125,0.0009132420091324201,0.00865707049086758
LogReg,3,0.25,1.0,crp_dataset_8_1_5.csv|crp_dataset_8_1_1.csv|crp_dataset_8_1_2.csv,crp_dataset_8_1_3.csv,0.7084739891377636,0.9491525423648377,0.6473988439268937,112,6,61,77,0.0196044921875,0.002913135593220339,0.01669135659427966
LogReg,3,0.25,1.0,crp_dataset_8_1_5.csv|crp_dataset_8_1_1.csv|crp_dataset_8_1_2.csv,crp_dataset_8_1_8.csv,0.7084739891377636,0.8275862068870392,0.521739130431002,72,15,66,103,0.0283203125,0.005028735632183907,0.02329157686781609
LogReg,3,0.25,1.0,crp_dataset_8_1_5.csv|crp_dataset_8_1_1.csv|crp_dataset_8_1_2.csv,crp_dataset_8_1_6.csv,0.7084739891377636,0.9509803921475394,0.6928571428521939,97,5,43,111,0.026928710937499996,0.00196078431372549,0.024967926623774506
LogReg,3,0.25,1.0,crp_dataset_8_1_5.csv|crp_dataset_8_1_1.csv|crp_dataset_8_1_2.csv,crp_dataset_8_1_4.csv,0.7084739891377636,0.926605504578655,0.7709923664063284,101,8,30,117,0.023046875,0.0031536697247706424,0.019893205275229357
LogReg,3,0.25,1.0,crp_dataset_8_1_5.csv|crp_dataset_8_1_1.csv|crp_dataset_8_1_4.csv,crp_dataset_8_1_7.csv,0.6730546665277649,0.9909090909045868,0.9909090909045868,218,2,2,34,0.0095703125,0.0005397727272727273,0.009030539772727273
LogReg,3,0.25,1.0,crp_dataset_8_1_5.csv|crp_dataset_8_1_1.csv|crp_dataset_8_1_4.csv,crp_dataset_8_1_3.csv,0.6730546665277649,0.9908256880643043,0.6242774566437903,108,1,65,82,0.0196044921875,0.0005733944954128441,0.019031097692087155
LogReg,3,0.25,1.0,crp_dataset_8_1_5.csv|crp_dataset_8_1_1.csv|crp_dataset_8_1_4.csv,crp_dataset_8_1_8.csv,0.6730546665277649,0.8055555555443672,0.42028985506941824,58,14,80,104,0.0283203125,0.005208333333333333,0.023111979166666668
LogReg,3,0.25,1.0,crp_dataset_8_1_5.csv|crp_dataset_8_1_1.csv|crp_dataset_8_1_4.csv,crp_dataset_8_1_6.csv,0.6730546665277649,0.9107142857061543,0.7285714285662246,102,10,38,106,0.026928710937499996,0.0035156250000000005,0.023413085937499994
LogReg,3,0.25,1.0,crp_dataset_8_1_5.csv|crp_dataset_8_1_1.csv|crp_dataset_8_1_4.csv,crp_dataset_8_1_2.csv,0.6730546665277649,0.9999999999642857,0.23529411764508157,28,0,91,137,0.039453125,0.0008928571428571429,0.03856026785714286
LogReg,3,0.25,1.0,crp_dataset_8_1_5.csv|crp_dataset_8_1_3.csv|crp_dataset_8_1_8.csv,crp_dataset_8_1_7.csv,0.663122230255703,0.9594594594551377,0.9681818181774174,213,9,7,27,0.0095703125,0.0014639639639639638,0.008106348536036038
LogReg,3,0.25,1.0,crp_dataset_8_1_5.csv|crp_dataset_8_1_3.csv|crp_dataset_8_1_8.csv,crp_dataset_8_1_1.csv,0.663122230255703,0.929411764694948,0.6269841269791508,79,6,47,124,0.0252685546875,0.0017647058823529415,0.023503848805147057
LogReg,3,0.25,1.0,crp_dataset_8_1_5.csv|crp_dataset_8_1_3.csv|crp_dataset_8_1_8.csv,crp_dataset_8_1_6.csv,0.663122230255703,0.7612903225757337,0.8428571428511226,118,37,22,79,0.026928710937499996,0.011411290322580646,0.01551742061491935
LogReg,3,0.25,1.0,crp_dataset_8_1_5.csv|crp_dataset_8_1_3.csv|crp_dataset_8_1_8.csv,crp_dataset_8_1_2.csv,0.663122230255703,0.99999999996,0.21008403361167996,25,0,94,137,0.039453125,0.001,0.038453125
LogReg,3,0.25,1.0,crp_dataset_8_1_5.csv|crp_dataset_8_1_3.csv|crp_dataset_8_1_8.csv,crp_dataset_8_1_4.csv,0.663122230255703,0.8956521739052552,0.7862595419787309,103,12,28,113,0.023046875,0.003858695652173913,0.019188179347826087
LogReg,3,0.25,1.0,crp_dataset_8_1_5.csv|crp_dataset_8_1_3.csv|crp_dataset_8_1_6.csv,crp_dataset_8_1_7.csv,0.8137433566726765,0.9999999999952381,0.9545454545411157,210,0,10,36,0.0095703125,0.0002380952380952381,0.009332217261904762
LogReg,3,0.25,1.0,crp_dataset_8_1_5.csv|crp_dataset_8_1_3.csv|crp_dataset_8_1_6.csv,crp_dataset_8_1_1.csv,0.8137433566726765,0.9999999999772728,0.34920634920357774,44,0,82,130,0.0252685546875,0.0,0.0252685546875
LogReg,3,0.25,1.0,crp_dataset_8_1_5.csv|crp_dataset_8_1_3.csv|crp_dataset_8_1_6.csv,crp_dataset_8_1_8.csv,0.8137433566726765,0.8285714285477552,0.21014492753470912,29,6,109,112,0.0283203125,0.004821428571428572,0.023498883928571426
LogReg,3,0.25,1.0,crp_dataset_8_1_5.csv|crp_dataset_8_1_3.csv|crp_dataset_8_1_6.csv,crp_dataset_8_1_2.csv,0.8137433566726765,0.9999999999285715,0.11764705882254078,14,0,105,137,0.039453125,0.0013392857142857145,0.03811383928571428
LogReg,3,0.25,1.0,crp_dataset_8_1_5.csv|crp_dataset_8_1_3.csv|crp_dataset_8_1_6.csv,crp_dataset_8_1_4.csv,0.8137433566726765,0.9999999999888889,0.6870229007581143,90,0,41,125,0.023046875,0.0,0.023046875
LogReg,3,0.25,1.0,crp_dataset_8_1_5.csv|crp_dataset_8_1_3.csv|crp_dataset_8_1_2.csv,crp_dataset_8_1_7.csv,0.603184956355616,0.9282700421901762,0.9999999999954546,220,17,0,19,0.0095703125,0.002874472573839663,0.006695839926160338
LogReg,3,0.25,1.0,crp_dataset_8_1_5.csv|crp_dataset_8_1_3.csv|crp_dataset_8_1_2.csv,crp_dataset_8_1_1.csv,0.603184956355616,0.9270833333236762,0.7063492063436004,89,7,37,123,0.0252685546875,0.0017578125,0.0235107421875
LogReg,3,0.25,1.0,crp_dataset_8_1_5.csv|crp_dataset_8_1_3.csv|crp_dataset_8_1_2.csv,crp_dataset_8_1_8.csv,0.603184956355616,0.8181818181735537,0.5869565217348772,81,18,57,100,0.0283203125,0.005050505050505051,0.023269807449494948
LogReg,3,0.25,1.0,crp_dataset_8_1_5.csv|crp_dataset_8_1_3.csv|crp_dataset_8_1_2.csv,crp_dataset_8_1_6.csv,0.603184956355616,0.8134328358148252,0.7785714285658674,109,25,31,91,0.026928710937499996,0.009048507462686567,0.01788020347481343
LogReg,3,0.25,1.0,crp_dataset_8_1_5.csv|crp_dataset_8_1_3.csv|crp_dataset_8_1_2.csv,crp_dataset_8_1_4.csv,0.603184956355616,0.8604651162723995,0.8473282442683411,111,18,20,107,0.023046875,0.0050387596899224806,0.01800811531007752
LogReg,3,0.25,1.0,crp_dataset_8_1_5.csv|crp_dataset_8_1_3.csv|crp_dataset_8_1_4.csv,crp_dataset_8_1_7.csv,0.6863638971841312,0.9442060085796387,0.9999999999954546,220,13,0,23,0.0095703125,0.001958154506437768,0.007612157993562232
LogReg,3,0.25,1.0,crp_dataset_8_1_5.csv|crp_dataset_8_1_3.csv|crp_dataset_8_1_4.csv,crp_dataset_8_1_1.csv,0.6863638971841312,0.9428571428436734,0.5238095238053666,66,4,60,126,0.0252685546875,0.00125,0.0240185546875
LogReg,3,0.25,1.0,crp_dataset_8_1_5.csv|crp_dataset_8_1_3.csv|crp_dataset_8_1_4.csv,crp_dataset_8_1_8.csv,0.6863638971841312,0.793650793638196,0.3623188405770847,50,13,88,105,0.0283203125,0.005555555555555554,0.022764756944444447
LogReg,3,0.25,1.0,crp_dataset_8_1_5.csv|crp_dataset_8_1_3.csv|crp_dataset_8_1_4.csv,crp_dataset_8_1_6.csv,0.6863638971841312,0.8071428571370919,0.8071428571370919,113,27,27,89,0.026928710937499996,0.010089285714285714,0.016839425223214282
LogReg,3,0.25,1.0,crp_dataset_8_1_5.csv|crp_dataset_8_1_3.csv|crp_dataset_8_1_4.csv,crp_dataset_8_1_2.csv,0.6863638971841312,0.9999999999545455,0.18487394957827835,22,0,97,137,0.039453125,0.0008522727272727274,0.03860085227272727
LogReg,3,0.25,1.0,crp_dataset_8_1_5.csv|crp_dataset_8_1_8.csv|crp_dataset_8_1_6.csv,crp_dataset_8_1_7.csv,0.607168528621133,0.9859813084066076,0.9590909090865496,211,3,9,33,0.0095703125,0.0006133177570093458,0.008956994742990654
LogReg,3,0.25,1.0,crp_dataset_8_1_5.csv|crp_dataset_8_1_8.csv|crp_dataset_8_1_6.csv,crp_dataset_8_1_1.csv,0.607168528621133,0.9749999999878125,0.619047619042706,78,2,48,128,0.0252685546875,0.000703125,0.0245654296875
LogReg,3,0.25,1.0,crp_dataset_8_1_5.csv|crp_dataset_8_1_8.csv|crp_dataset_8_1_6.csv,crp_dataset_8_1_3.csv,0.607168528621133,0.9819819819731352,0.6300578034645662,109,2,64,81,0.0196044921875,0.0011261261261261261,0.018478366061373874
LogReg,3,0.25,1.0,crp_dataset_8_1_5.csv|crp_dataset_8_1_8.csv|crp_dataset_8_1_6.csv,crp_dataset_8_1_2.csv,0.607168528621133,0.978260869543951,0.37815126050102393,45,1,74,136,0.039453125,0.0014945652173913044,0.037958559782608696
LogReg,3,0.25,1.0,crp_dataset_8_1_5.csv|crp_dataset_8_1_8.csv|crp_dataset_8_1_6.csv,crp_dataset_8_1_4.csv,0.607168528621133,0.9514563106703742,0.7480916030477246,98,5,33,120,0.023046875,0.0016383495145631068,0.021408525485436893
LogReg,3,0.25,1.0,crp_dataset_8_1_5.csv|crp_dataset_8_1_8.csv|crp_dataset_8_1_2.csv,crp_dataset_8_1_7.csv,0.6116010933792242,0.8661417322800546,0.9999999999954546,220,34,0,2,0.0095703125,0.008956692913385826,0.0006136195866141749
LogReg,3,0.25,1.0,crp_dataset_8_1_5.csv|crp_dataset_8_1_8.csv|crp_dataset_8_1_2.csv,crp_dataset_8_1_1.csv,0.6116010933792242,0.8045112781894398,0.8492063491996095,107,26,19,104,0.0252685546875,0.007048872180451127,0.018219682507048873
LogReg,3,0.25,1.0,crp_dataset_8_1_5.csv|crp_dataset_8_1_8.csv|crp_dataset_8_1_2.csv,crp_dataset_8_1_3.csv,0.6116010933792242,0.7633928571394492,0.9884393063526681,171,53,2,30,0.0196044921875,0.013169642857142857,0.006434849330357142
LogReg,3,0.25,1.0,crp_dataset_8_1_5.csv|crp_dataset_8_1_8.csv|crp_dataset_8_1_2.csv,crp_dataset_8_1_6.csv,0.6116010933792242,0.6194690265459316,0.9999999999928573,140,86,0,30,0.026928710937499996,0.020851769911504427,0.006076941025995569
LogReg,3,0.25,1.0,crp_dataset_8_1_5.csv|crp_dataset_8_1_8.csv|crp_dataset_8_1_2.csv,crp_dataset_8_1_4.csv,0.6116010933792242,0.6461538461505326,0.9618320610613601,126,69,5,56,0.023046875,0.014679487179487178,0.008367387820512823
LogReg,3,0.25,1.0,crp_dataset_8_1_5.csv|crp_dataset_8_1_8.csv|crp_dataset_8_1_4.csv,crp_dataset_8_1_7.csv,0.6402624098414198,0.9999999999945652,0.8363636363598348,184,0,36,36,0.0095703125,3.3967391304347826e-05,0.009536345108695653
LogReg,3,0.25,1.0,crp_dataset_8_1_5.csv|crp_dataset_8_1_8.csv|crp_dataset_8_1_4.csv,crp_dataset_8_1_1.csv,0.6402624098414198,0.9701492537168634,0.5158730158689216,65,2,61,128,0.0252685546875,0.0006529850746268657,0.024615569612873135
LogReg,3,0.25,1.0,crp_dataset_8_1_5.csv|crp_dataset_8_1_8.csv|crp_dataset_8_1_4.csv,crp_dataset_8_1_3.csv,0.6402624098414198,0.9999999999894736,0.5491329479737045,95,0,78,83,0.0196044921875,0.0,0.0196044921875
LogReg,3,0.25,1.0,crp_dataset_8_1_5.csv|crp_dataset_8_1_8.csv|crp_dataset_8_1_4.csv,crp_dataset_8_1_6.csv,0.6402624098414198,0.9999999999850746,0.4785714285680102,67,0,73,116,0.026928710937499996,0.0,0.026928710937499996
LogReg,3,0.25,1.0,crp_dataset_8_1_5.csv|crp_dataset_8_1_8.csv|crp_dataset_8_1_4.csv,crp_dataset_8_1_2.csv,0.6402624098414198,0.9999999999729731,0.31092436974528637,37,0,82,137,0.039453125,0.0008445945945945946,0.038608530405405406
LogReg,3,0.25,1.0,crp_dataset_8_1_5.csv|crp_dataset_8_1_6.csv|crp_dataset_8_1_2.csv,crp_dataset_8_1_7.csv,0.7899265664363836,0.9777777777734321,0.9999999999954546,220,5,0,31,0.0095703125,0.0008888888888888889,0.008681423611111112
LogReg,3,0.25,1.0,crp_dataset_8_1_5.csv|crp_dataset_8_1_6.csv|crp_dataset_8_1_2.csv,crp_dataset_8_1_1.csv,0.7899265664363836,0.9705882352798443,0.5238095238053666,66,2,60,128,0.0252685546875,0.0007352941176470588,0.02453326056985294
LogReg,3,0.25,1.0,crp_dataset_8_1_5.csv|crp_dataset_8_1_6.csv|crp_dataset_8_1_2.csv,crp_dataset_8_1_3.csv,0.7899265664363836,0.9734513274250137,0.635838150285342,110,3,63,80,0.0196044921875,0.000663716814159292,0.018940775373340706
LogReg,3,0.25,1.0,crp_dataset_8_1_5.csv|crp_dataset_8_1_6.csv|crp_dataset_8_1_2.csv,crp_dataset_8_1_8.csv,0.7899265664363836,0.8064516128902186,0.3623188405770847,50,12,88,106,0.0283203125,0.005241935483870967,0.023078377016129033
LogReg,3,0.25,1.0,crp_dataset_8_1_5.csv|crp_dataset_8_1_6.csv|crp_dataset_8_1_2.csv,crp_dataset_8_1_4.csv,0.7899265664363836,0.9626168224209101,0.7862595419787309,103,4,28,121,0.023046875,0.0010514018691588783,0.021995473130841124
LogReg,3,0.25,1.0,crp_dataset_8_1_5.csv|crp_dataset_8_1_6.csv|crp_dataset_8_1_4.csv,crp_dataset_8_1_7.csv,0.7226017877614184,0.9904306220048306,0.9409090909048141,207,2,13,34,0.0095703125,0.0003289473684210527,0.009241365131578949
LogReg,3,0.25,1.0,crp_dataset_8_1_5.csv|crp_dataset_8_1_6.csv|crp_dataset_8_1_4.csv,crp_dataset_8_1_1.csv,0.7226017877614184,0.964285714268495,0.4285714285680272,54,2,72,128,0.0252685546875,0.0006696428571428573,0.024598911830357142
LogReg,3,0.25,1.0,crp_dataset_8_1_5.csv|crp_dataset_8_1_6.csv|crp_dataset_8_1_4.csv,crp_dataset_8_1_3.csv,0.7226017877614184,0.999999999990566,0.6127167630022387,106,0,67,83,0.0196044921875,0.0,0.0196044921875
LogReg,3,0.25,1.0,crp_dataset_8_1_5.csv|crp_dataset_8_1_6.csv|crp_dataset_8_1_4.csv,crp_dataset_8_1_8.csv,0.7226017877614184,0.8666666666474074,0.28260869565012603,39,6,99,112,0.0283203125,0.004583333333333333,0.023736979166666665
LogReg,3,0.25,1.0,crp_dataset_8_1_5.csv|crp_dataset_8_1_6.csv|crp_dataset_8_1_4.csv,crp_dataset_8_1_2.csv,0.7226017877614184,0.999999999962963,0.22689075630061437,27,0,92,137,0.039453125,0.0006944444444444446,0.03875868055555556
LogReg,3,0.25,1.0,crp_dataset_8_1_5.csv|crp_dataset_8_1_2.csv|crp_dataset_8_1_4.csv,crp_dataset_8_1_7.csv,0.7325174226657373,0.9999999999952831,0.9636363636319836,212,0,8,36,0.0095703125,0.00020636792452830187,0.009363944575471699
LogReg,3,0.25,1.0,crp_dataset_8_1_5.csv|crp_dataset_8_1_2.csv|crp_dataset_8_1_4.csv,crp_dataset_8_1_1.csv,0.7325174226657373,0.9436619718176948,0.5317460317418116,67,4,59,126,0.0252685546875,0.001232394366197183,0.02403616032130282
LogReg,3,0.25,1.0,crp_dataset_8_1_5.csv|crp_dataset_8_1_2.csv|crp_dataset_8_1_4.csv,crp_dataset_8_1_3.csv,0.7325174226657373,0.9999999999910714,0.6473988439268937,112,0,61,83,0.0196044921875,0.0,0.0196044921875
LogReg,3,0.25,1.0,crp_dataset_8_1_5.csv|crp_dataset_8_1_2.csv|crp_dataset_8_1_4.csv,crp_dataset_8_1_8.csv,0.7325174226657373,0.8281249999870605,0.38405797101170974,53,11,85,107,0.0283203125,0.0048828125,0.0234375
LogReg,3,0.25,1.0,crp_dataset_8_1_5.csv|crp_dataset_8_1_2.csv|crp_dataset_8_1_4.csv,crp_dataset_8_1_6.csv,0.7325174226657373,0.8988764044842823,0.5714285714244899,80,9,60,107,0.026928710937499996,0.0037219101123595506,0.023206800825140445
LogReg,3,0.25,1.0,crp_dataset_8_1_7.csv|crp_dataset_8_1_1.csv|crp_dataset_8_1_3.csv,crp_dataset_8_1_5.csv,0.6043443982881083,0.9999999999411765,0.16999999999829998,17,0,83,156,0.039282226562499994,0.0,0.039282226562499994
LogReg,3,0.25,1.0,crp_dataset_8_1_7.csv|crp_dataset_8_1_1.csv|crp_dataset_8_1_3.csv,crp_dataset_8_1_8.csv,0.6043443982881083,0.7857142857002551,0.3188405797078345,44,12,94,106,0.0283203125,0.005580357142857143,0.022739955357142856
LogReg,3,0.25,1.0,crp_dataset_8_1_7.csv|crp_dataset_8_1_1.csv|crp_dataset_8_1_3.csv,crp_dataset_8_1_6.csv,0.6043443982881083,0.6999999999963158,0.9499999999932144,133,57,7,59,0.026928710937499996,0.01519736842105263,0.011731342516447366
LogReg,3,0.25,1.0,crp_dataset_8_1_7.csv|crp_dataset_8_1_1.csv|crp_dataset_8_1_3.csv,crp_dataset_8_1_2.csv,0.6043443982881083,0.9999999998571428,0.05882352941127039,7,0,112,137,0.039453125,0.0017857142857142859,0.03766741071428571
LogReg,3,0.25,1.0,crp_dataset_8_1_7.csv|crp_dataset_8_1_1.csv|crp_dataset_8_1_3.csv,crp_dataset_8_1_4.csv,0.6043443982881083,0.9339622641421323,0.7557251908339259,99,7,32,118,0.023046875,0.0022995283018867924,0.02074734669811321
LogReg,3,0.25,1.0,crp_dataset_8_1_7.csv|crp_dataset_8_1_1.csv|crp_dataset_8_1_8.csv,crp_dataset_8_1_5.csv,0.6817676617824096,0.9242424242284205,0.6099999999939,61,5,39,151,0.039282226562499994,0.0023674242424242425,0.036914802320075754
LogReg,3,0.25,1.0,crp_dataset_8_1_7.csv|crp_dataset_8_1_1.csv|crp_dataset_8_1_8.csv,crp_dataset_8_1_3.csv,0.6817676617824096,0.9917355371818865,0.6936416184931004,120,1,53,82,0.0196044921875,0.0005165289256198347,0.019087963261880163
LogReg,3,0.25,1.0,crp_dataset_8_1_7.csv|crp_dataset_8_1_1.csv|crp_dataset_8_1_8.csv,crp_dataset_8_1_6.csv,0.6817676617824096,0.8623853210930056,0.6714285714237755,94,15,46,101,0.026928710937499996,0.005791284403669724,0.021137426533830272
LogReg,3,0.25,1.0,crp_dataset_8_1_7.csv|crp_dataset_8_1_1.csv|crp_dataset_8_1_8.csv,crp_dataset_8_1_2.csv,0.6817676617824096,0.9777777777560495,0.3697478991565567,44,1,75,136,0.039453125,0.0015277777777777779,0.03792534722222222
LogReg,3,0.25,1.0,crp_dataset_8_1_7.csv|crp_dataset_8_1_1.csv|crp_dataset_8_1_8.csv,crp_dataset_8_1_4.csv,0.6817676617824096,0.9279279279195682,0.7862595419787309,103,8,28,117,0.023046875,0.0032657657657657662,0.019781109234234234
LogReg,3,0.25,1.0,crp_dataset_8_1_7.csv|crp_dataset_8_1_1.csv|crp_dataset_8_1_6.csv,crp_dataset_8_1_5.csv,0.6315271436083376,0.9154929577335845,0.6499999999935,65,6,35,150,0.039282226562499994,0.002640845070422535,0.03664138149207746
LogReg,3,0.25,1.0,crp_dataset_8_1_7.csv|crp_dataset_8_1_1.csv|crp_dataset_8_1_6.csv,crp_dataset_8_1_3.csv,0.6315271436083376,0.9499999999920833,0.6589595375684454,114,6,59,77,0.0196044921875,0.0020833333333333333,0.017521158854166666
LogReg,3,0.25,1.0,crp_dataset_8_1_7.csv|crp_dataset_8_1_1.csv|crp_dataset_8_1_6.csv,crp_dataset_8_1_8.csv,0.6315271436083376,0.8241758241667673,0.543478260865627,75,16,63,102,0.0283203125,0.005151098901098901,0.0231692135989011
LogReg,3,0.25,1.0,crp_dataset_8_1_7.csv|crp_dataset_8_1_1.csv|crp_dataset_8_1_6.csv,crp_dataset_8_1_2.csv,0.6315271436083376,0.9672131147382425,0.4957983193235647,59,2,60,135,0.039453125,0.001741803278688525,0.037711321721311475
LogReg,3,0.25,1.0,crp_dataset_8_1_7.csv|crp_dataset_8_1_1.csv|crp_dataset_8_1_6.csv,crp_dataset_8_1_4.csv,0.6315271436083376,0.8842975206538487,0.816793893123536,107,14,24,111,0.023046875,0.004132231404958677,0.018914643595041324
LogReg,3,0.25,1.0,crp_dataset_8_1_7.csv|crp_dataset_8_1_1.csv|crp_dataset_8_1_2.csv,crp_dataset_8_1_5.csv,0.7478072217190018,0.8554216867366816,0.7099999999929,71,12,29,144,0.039282226562499994,0.004292168674698795,0.0349900578878012
LogReg,3,0.25,1.0,crp_dataset_8_1_7.csv|crp_dataset_8_1_1.csv|crp_dataset_8_1_2.csv,crp_dataset_8_1_3.csv,0.7478072217190018,0.9824561403422591,0.6473988439268937,112,2,61,81,0.0196044921875,0.0005482456140350877,0.019056246573464913
LogReg,3,0.25,1.0,crp_dataset_8_1_7.csv|crp_dataset_8_1_1.csv|crp_dataset_8_1_2.csv,crp_dataset_8_1_8.csv,0.7478072217190018,0.826530612236464,0.5869565217348772,81,17,57,101,0.0283203125,0.0050382653061224495,0.02328204719387755
LogReg,3,0.25,1.0,crp_dataset_8_1_7.csv|crp_dataset_8_1_1.csv|crp_dataset_8_1_2.csv,crp_dataset_8_1_6.csv,0.7478072217190018,0.8791208791112184,0.5714285714244899,80,11,60,105,0.026928710937499996,0.004945054945054946,0.02198365599244505
LogReg,3,0.25,1.0,crp_dataset_8_1_7.csv|crp_dataset_8_1_1.csv|crp_dataset_8_1_2.csv,crp_dataset_8_1_4.csv,0.7478072217190018,0.9298245613953524,0.8091603053373347,106,8,25,117,0.023046875,0.002521929824561403,0.020524945175438597
LogReg,3,0.25,1.0,crp_dataset_8_1_7.csv|crp_dataset_8_1_1.csv|crp_dataset_8_1_4.csv,crp_dataset_8_1_5.csv,0.7072651218368318,0.9999999999714286,0.3499999999965,35,0,65,156,0.039282226562499994,0.00035714285714285714,0.03892508370535714
LogReg,3,0.25,1.0,crp_dataset_8_1_7.csv|crp_dataset_8_1_1.csv|crp_dataset_8_1_4.csv,crp_dataset_8_1_3.csv,0.7072651218368318,0.9999999999910714,0.6473988439268937,112,0,61,83,0.0196044921875,0.0,0.0196044921875
LogReg,3,0.25,1.0,crp_dataset_8_1_7.csv|crp_dataset_8_1_1.csv|crp_dataset_8_1_4.csv,crp_dataset_8_1_8.csv,0.7072651218368318,0.7959183673306957,0.28260869565012603,39,10,99,108,0.0283203125,0.005484693877551021,0.02283561862244898
LogReg,3,0.25,1.0,crp_dataset_8_1_7.csv|crp_dataset_8_1_1.csv|crp_dataset_8_1_4.csv,crp_dataset_8_1_6.csv,0.7072651218368318,0.8655462184801215,0.7357142857090306,103,16,37,100,0.026928710937499996,0.0059873949579831946,0.020941315979516803
LogReg,3,0.25,1.0,crp_dataset_8_1_7.csv|crp_dataset_8_1_1.csv|crp_dataset_8_1_4.csv,crp_dataset_8_1_2.csv,0.7072651218368318,0.9999999999375,0.13445378151147516,16,0,103,137,0.039453125,0.0011718750000000002,0.038281249999999996
LogReg,3,0.25,1.0,crp_dataset_8_1_7.csv|crp_dataset_8_1_3.csv|crp_dataset_8_1_8.csv,crp_dataset_8_1_5.csv,0.6229479013963434,0.8395061728291419,0.6799999999931999,68,13,32,143,0.039282226562499994,0.005787037037037037,0.03349518952546296
LogReg,3,0.25,1.0,crp_dataset_8_1_7.csv|crp_dataset_8_1_3.csv|crp_dataset_8_1_8.csv,crp_dataset_8_1_1.csv,0.6229479013963434,0.8404255319059529,0.6269841269791508,79,15,47,115,0.0252685546875,0.006117021276595746,0.019151533410904253
LogReg,3,0.25,1.0,crp_dataset_8_1_7.csv|crp_dataset_8_1_3.csv|crp_dataset_8_1_8.csv,crp_dataset_8_1_6.csv,0.6229479013963434,0.7999999999933333,0.6857142857093879,96,24,44,92,0.026928710937499996,0.009010416666666667,0.01791829427083333
LogReg,3,0.25,1.0,crp_dataset_8_1_7.csv|crp_dataset_8_1_3.csv|crp_dataset_8_1_8.csv,crp_dataset_8_1_2.csv,0.6229479013963434,0.9827586206727111,0.4789915966346303,57,1,62,136,0.039453125,0.0012931034482758623,0.038160021551724134
LogReg,3,0.25,1.0,crp_dataset_8_1_7.csv|crp_dataset_8_1_3.csv|crp_dataset_8_1_8.csv,crp_dataset_8_1_4.csv,0.6229479013963434,0.826771653536797,0.8015267175511335,105,22,26,103,0.023046875,0.007086614173228346,0.015960260826771655
LogReg,3,0.25,1.0,crp_dataset_8_1_7.csv|crp_dataset_8_1_3.csv|crp_dataset_8_1_6.csv,crp_dataset_8_1_5.csv,0.684145756882556,0.8874999999889062,0.7099999999929,71,9,29,147,0.039282226562499994,0.003203125,0.03607910156249999
LogReg,3,0.25,1.0,crp_dataset_8_1_7.csv|crp_dataset_8_1_3.csv|crp_dataset_8_1_6.csv,crp_dataset_8_1_1.csv,0.684145756882556,0.8589743589633464,0.5317460317418116,67,11,59,119,0.0252685546875,0.004246794871794872,0.02102175981570513
LogReg,3,0.25,1.0,crp_dataset_8_1_7.csv|crp_dataset_8_1_3.csv|crp_dataset_8_1_6.csv,crp_dataset_8_1_8.csv,0.684145756882556,0.7816091953933149,0.4927536231848352,68,19,70,99,0.0283203125,0.005675287356321839,0.022645025143678162
LogReg,3,0.25,1.0,crp_dataset_8_1_7.csv|crp_dataset_8_1_3.csv|crp_dataset_8_1_6.csv,crp_dataset_8_1_2.csv,0.684145756882556,0.9393939393797061,0.5210084033569663,62,4,57,133,0.039453125,0.0017992424242424243,0.03765388257575757
LogReg,3,0.25,1.0,crp_dataset_8_1_7.csv|crp_dataset_8_1_3.csv|crp_dataset_8_1_6.csv,crp_dataset_8_1_4.csv,0.684145756882556,0.8780487804806663,0.8244274809097373,108,15,23,110,0.023046875,0.0041158536585365856,0.018931021341463416
LogReg,3,0.25,1.0,crp_dataset_8_1_7.csv|crp_dataset_8_1_3.csv|crp_dataset_8_1_2.csv,crp_dataset_8_1_5.csv,0.6518250246537164,0.7403846153774962,0.7699999999923,77,27,23,129,0.039282226562499994,0.008413461538461538,0.030868765024038458
LogReg,3,0.25,1.0,crp_dataset_8_1_7.csv|crp_dataset_8_1_3.csv|crp_dataset_8_1_2.csv,crp_dataset_8_1_1.csv,0.6518250246537164,0.8165137614603989,0.7063492063436004,89,20,37,110,0.0252685546875,0.007798165137614679,0.01747038954988532
LogReg,3,0.25,1.0,crp_dataset_8_1_7.csv|crp_dataset_8_1_3.csv|crp_dataset_8_1_2.csv,crp_dataset_8_1_8.csv,0.6518250246537164,0.7737226277315787,0.7681159420234195,106,31,32,87,0.0283203125,0.005748175182481752,0.022572137317518247
LogReg,3,0.25,1.0,crp_dataset_8_1_7.csv|crp_dataset_8_1_3.csv|crp_dataset_8_1_2.csv,crp_dataset_8_1_6.csv,0.6518250246537164,0.7518248175127604,0.7357142857090306,103,34,37,82,0.026928710937499996,0.013412408759124087,0.013516302178375909
LogReg,3,0.25,1.0,crp_dataset_8_1_7.csv|crp_dataset_8_1_3.csv|crp_dataset_8_1_2.csv,crp_dataset_8_1_4.csv,0.6518250246537164,0.7499999999951924,0.8931297709855487,117,39,14,86,0.023046875,0.01077724358974359,0.012269631410256412
LogReg,3,0.25,1.0,crp_dataset_8_1_7.csv|crp_dataset_8_1_3.csv|crp_dataset_8_1_4.csv,crp_dataset_8_1_5.csv,0.6100428728188579,0.9999999999090909,0.10999999999889999,11,0,89,156,0.039282226562499994,0.0,0.039282226562499994
LogReg,3,0.25,1.0,crp_dataset_8_1_7.csv|crp_dataset_8_1_3.csv|crp_dataset_8_1_4.csv,crp_dataset_8_1_1.csv,0.6100428728188579,0.9384615384471006,0.4841269841231418,61,4,65,126,0.0252685546875,0.0013461538461538463,0.023922400841346152
LogReg,3,0.25,1.0,crp_dataset_8_1_7.csv|crp_dataset_8_1_3.csv|crp_dataset_8_1_4.csv,crp_dataset_8_1_8.csv,0.6100428728188579,0.8181818181570248,0.19565217391162573,27,6,111,112,0.0283203125,0.0053030303030303025,0.023017282196969698
LogReg,3,0.25,1.0,crp_dataset_8_1_7.csv|crp_dataset_8_1_3.csv|crp_dataset_8_1_4.csv,crp_dataset_8_1_6.csv,0.6100428728188579,0.7150259067320466,0.985714285707245,138,55,2,61,0.026928710937499996,0.014086787564766839,0.012841923372733157
LogReg,3,0.25,1.0,crp_dataset_8_1_7.csv|crp_dataset_8_1_3.csv|crp_dataset_8_1_4.csv,crp_dataset_8_1_2.csv,0.6100428728188579,0.9999999998571428,0.05882352941127039,7,0,112,137,0.039453125,0.0008928571428571429,0.03856026785714286
LogReg,3,0.25,1.0,crp_dataset_8_1_7.csv|crp_dataset_8_1_8.csv|crp_dataset_8_1_6.csv,crp_dataset_8_1_5.csv,0.6593890022580557,0.8260869565127599,0.7599999999924,76,16,24,140,0.039282226562499994,0.0048913043478260865,0.03439092221467391
LogReg,3,0.25,1.0,crp_dataset_8_1_7.csv|crp_dataset_8_1_8.csv|crp_dataset_8_1_6.csv,crp_dataset_8_1_1.csv,0.6593890022580557,0.9146341463303093,0.5952380952333711,75,7,51,123,0.0252685546875,0.0018292682926829272,0.02343928639481707
LogReg,3,0.25,1.0,crp_dataset_8_1_7.csv|crp_dataset_8_1_8.csv|crp_dataset_8_1_6.csv,crp_dataset_8_1_3.csv,0.6593890022580557,0.9333333333255556,0.6473988439268937,112,8,61,75,0.0196044921875,0.0026562499999999998,0.0169482421875
LogReg,3,0.25,1.0,crp_dataset_8_1_7.csv|crp_dataset_8_1_8.csv|crp_dataset_8_1_6.csv,crp_dataset_8_1_2.csv,0.6593890022580557,0.9176470588127336,0.6554621848684414,78,7,41,130,0.039453125,0.002205882352941177,0.03724724264705882
LogReg,3,0.25,1.0,crp_dataset_8_1_7.csv|crp_dataset_8_1_8.csv|crp_dataset_8_1_6.csv,crp_dataset_8_1_4.csv,0.6593890022580557,0.8661417322766445,0.8396946564821398,110,17,21,108,0.023046875,0.004625984251968504,0.018420890748031497
LogReg,3,0.25,1.0,crp_dataset_8_1_7.csv|crp_dataset_8_1_8.csv|crp_dataset_8_1_2.csv,crp_dataset_8_1_5.csv,0.7200689334703938,0.8390804597604703,0.7299999999926999,73,14,27,142,0.039282226562499994,0.005028735632183909,0.034253490930316086
LogReg,3,0.25,1.0,crp_dataset_8_1_7.csv|crp_dataset_8_1_8.csv|crp_dataset_8_1_2.csv,crp_dataset_8_1_1.csv,0.7200689334703938,0.8414634146238845,0.5476190476147014,69,13,57,117,0.0252685546875,0.005182926829268293,0.020085627858231706
LogReg,3,0.25,1.0,crp_dataset_8_1_7.csv|crp_dataset_8_1_8.csv|crp_dataset_8_1_2.csv,crp_dataset_8_1_3.csv,0.7200689334703938,0.9421487603227922,0.6589595375684454,114,7,59,76,0.0196044921875,0.0018078512396694215,0.017796640947830577
LogReg,3,0.25,1.0,crp_dataset_8_1_7.csv|crp_dataset_8_1_8.csv|crp_dataset_8_1_2.csv,crp_dataset_8_1_6.csv,0.7200689334703938,0.8058252427106231,0.5928571428529082,83,20,57,96,0.026928710937499996,0.007827669902912622,0.019101041034587374
LogReg,3,0.25,1.0,crp_dataset_8_1_7.csv|crp_dataset_8_1_8.csv|crp_dataset_8_1_2.csv,crp_dataset_8_1_4.csv,0.7200689334703938,0.89830508473815,0.8091603053373347,106,12,25,113,0.023046875,0.0033898305084745766,0.019657044491525423
LogReg,3,0.25,1.0,crp_dataset_8_1_7.csv|crp_dataset_8_1_8.csv|crp_dataset_8_1_4.csv,crp_dataset_8_1_5.csv,0.6777818140393811,0.793814432981507,0.7699999999923,77,20,23,136,0.039282226562499994,0.005992268041237114,0.03328995852126288
LogReg,3,0.25,1.0,crp_dataset_8_1_7.csv|crp_dataset_8_1_8.csv|crp_dataset_8_1_4.csv,crp_dataset_8_1_1.csv,0.6777818140393811,0.8732394366074191,0.49206349205958677,62,9,64,121,0.0252685546875,0.003345070422535211,0.02192348426496479
LogReg,3,0.25,1.0,crp_dataset_8_1_7.csv|crp_dataset_8_1_8.csv|crp_dataset_8_1_4.csv,crp_dataset_8_1_3.csv,0.6777818140393811,0.973913043469792,0.6473988439268937,112,3,61,80,0.0196044921875,0.0004891304347826086,0.01911536175271739
LogReg,3,0.25,1.0,crp_dataset_8_1_7.csv|crp_dataset_8_1_8.csv|crp_dataset_8_1_4.csv,crp_dataset_8_1_6.csv,0.6777818140393811,0.9382716049266879,0.5428571428532654,76,5,64,111,0.026928710937499996,0.0018518518518518517,0.025076859085648145
LogReg,3,0.25,1.0,crp_dataset_8_1_7.csv|crp_dataset_8_1_8.csv|crp_dataset_8_1_4.csv,crp_dataset_8_1_2.csv,0.6777818140393811,0.8901098901001087,0.6806722689018431,81,10,38,127,0.039453125,0.0026098901098901106,0.03684323489010989
LogReg,3,0.25,1.0,crp_dataset_8_1_7.csv|crp_dataset_8_1_6.csv|crp_dataset_8_1_2.csv,crp_dataset_8_1_5.csv,0.6130450708095765,0.7777777777699214,0.7699999999923,77,22,23,134,0.039282226562499994,0.006944444444444444,0.03233778211805555
LogReg,3,0.25,1.0,crp_dataset_8_1_7.csv|crp_dataset_8_1_6.csv|crp_dataset_8_1_2.csv,crp_dataset_8_1_1.csv,0.6130450708095765,0.888888888877915,0.5714285714240362,72,9,54,121,0.0252685546875,0.003240740740740741,0.022027813946759258
LogReg,3,0.25,1.0,crp_dataset_8_1_7.csv|crp_dataset_8_1_6.csv|crp_dataset_8_1_2.csv,crp_dataset_8_1_3.csv,0.6130450708095765,0.912698412691169,0.6647398843892212,115,11,58,72,0.0196044921875,0.0034226190476190476,0.016181873139880953
LogReg,3,0.25,1.0,crp_dataset_8_1_7.csv|crp_dataset_8_1_6.csv|crp_dataset_8_1_2.csv,crp_dataset_8_1_8.csv,0.6130450708095765,0.7570093457873176,0.5869565217348772,81,26,57,92,0.0283203125,0.007301401869158879,0.02101891063084112
LogReg,3,0.25,1.0,crp_dataset_8_1_7.csv|crp_dataset_8_1_6.csv|crp_dataset_8_1_2.csv,crp_dataset_8_1_4.csv,0.6130450708095765,0.8270676691667138,0.8396946564821398,110,23,21,102,0.023046875,0.006766917293233083,0.01627995770676692
LogReg,3,0.25,1.0,crp_dataset_8_1_7.csv|crp_dataset_8_1_6.csv|crp_dataset_8_1_4.csv,crp_dataset_8_1_5.csv,0.8905748915767251,0.0,0.0,0,0,100,156,0.039282226562499994,,
LogReg,3,0.25,1.0,crp_dataset_8_1_7.csv|crp_dataset_8_1_6.csv|crp_dataset_8_1_4.csv,crp_dataset_8_1_1.csv,0.8905748915767251,0.9999999999736843,0.30158730158490804,38,0,88,130,0.0252685546875,0.0,0.0252685546875
LogReg,3,0.25,1.0,crp_dataset_8_1_7.csv|crp_dataset_8_1_6.csv|crp_dataset_8_1_4.csv,crp_dataset_8_1_3.csv,0.8905748915767251,0.9999999999907407,0.6242774566437903,108,0,65,83,0.0196044921875,0.0,0.0196044921875
LogReg,3,0.25,1.0,crp_dataset_8_1_7.csv|crp_dataset_8_1_6.csv|crp_dataset_8_1_4.csv,crp_dataset_8_1_8.csv,0.8905748915767251,0.9333333332711111,0.10144927536158371,14,1,124,117,0.0283203125,0.0029166666666666664,0.025403645833333335
LogReg,3,0.25,1.0,crp_dataset_8_1_7.csv|crp_dataset_8_1_6.csv|crp_dataset_8_1_4.csv,crp_dataset_8_1_2.csv,0.8905748915767251,0.9999999989999999,0.008403361344467198,1,0,118,137,0.039453125,0.0,0.039453125
LogReg,3,0.25,1.0,crp_dataset_8_1_7.csv|crp_dataset_8_1_2.csv|crp_dataset_8_1_4.csv,crp_dataset_8_1_5.csv,0.7447301025370376,0.8461538461445477,0.7699999999923,77,14,23,142,0.039282226562499994,0.003983516483516483,0.03529871007898351
LogReg,3,0.25,1.0,crp_dataset_8_1_7.csv|crp_dataset_8_1_2.csv|crp_dataset_8_1_4.csv,crp_dataset_8_1_1.csv,0.7447301025370376,0.8955223880463354,0.4761904761866969,60,7,66,123,0.0252685546875,0.002238805970149254,0.023029748717350747
LogReg,3,0.25,1.0,crp_dataset_8_1_7.csv|crp_dataset_8_1_2.csv|crp_dataset_8_1_4.csv,crp_dataset_8_1_3.csv,0.7447301025370376,0.973913043469792,0.6473988439268937,112,3,61,80,0.0196044921875,0.0006521739130434782,0.018952318274456523
LogReg,3,0.25,1.0,crp_dataset_8_1_7.csv|crp_dataset_8_1_2.csv|crp_dataset_8_1_4.csv,crp_dataset_8_1_8.csv,0.7447301025370376,0.8124999999898437,0.47101449275021007,65,15,73,103,0.0283203125,0.005156249999999999,0.0231640625
LogReg,3,0.25,1.0,crp_dataset_8_1_7.csv|crp_dataset_8_1_2.csv|crp_dataset_8_1_4.csv,crp_dataset_8_1_6.csv,0.7447301025370376,0.8965517241276258,0.5571428571388776,78,9,62,107,0.026928710937499996,0.003807471264367816,0.02312123967313218
LogReg,3,0.25,1.0,crp_dataset_8_1_1.csv|crp_dataset_8_1_3.csv|crp_dataset_8_1_8.csv,crp_dataset_8_1_5.csv,0.7759039219654863,0.9999999999687501,0.3199999999968,32,0,68,156,0.039282226562499994,0.0,0.039282226562499994
LogReg,3,0.25,1.0,crp_dataset_8_1_1.csv|crp_dataset_8_1_3.csv|crp_dataset_8_1_8.csv,crp_dataset_8_1_7.csv,0.7759039219654863,0.9999999999950981,0.9272727272685124,204,0,16,36,0.0095703125,0.00021446078431372551,0.009355851715686276
LogReg,3,0.25,1.0,crp_dataset_8_1_1.csv|crp_dataset_8_1_3.csv|crp_dataset_8_1_8.csv,crp_dataset_8_1_6.csv,0.7759039219654863,0.8217054263502194,0.757142857137449,106,23,34,93,0.026928710937499996,0.007073643410852714,0.019855067526647282
LogReg,3,0.25,1.0,crp_dataset_8_1_1.csv|crp_dataset_8_1_3.csv|crp_dataset_8_1_8.csv,crp_dataset_8_1_2.csv,0.7759039219654863,0.9999999999375,0.13445378151147516,16,0,103,137,0.039453125,0.0011718750000000002,0.038281249999999996
LogReg,3,0.25,1.0,crp_dataset_8_1_1.csv|crp_dataset_8_1_3.csv|crp_dataset_8_1_8.csv,crp_dataset_8_1_4.csv,0.7759039219654863,0.958762886588054,0.7099236641167181,93,4,38,121,0.023046875,0.001675257731958763,0.021371617268041238
LogReg,3,0.25,1.0,crp_dataset_8_1_1.csv|crp_dataset_8_1_3.csv|crp_dataset_8_1_6.csv,crp_dataset_8_1_5.csv,0.6125538450380001,0.9999999999750001,0.399999999996,40,0,60,156,0.039282226562499994,0.000625,0.038657226562499994
LogReg,3,0.25,1.0,crp_dataset_8_1_1.csv|crp_dataset_8_1_3.csv|crp_dataset_8_1_6.csv,crp_dataset_8_1_7.csv,0.6125538450380001,0.9908256880688495,0.981818181813719,216,2,4,34,0.0095703125,0.00045871559633027525,0.009111596903669725
LogReg,3,0.25,1.0,crp_dataset_8_1_1.csv|crp_dataset_8_1_3.csv|crp_dataset_8_1_6.csv,crp_dataset_8_1_8.csv,0.6125538450380001,0.7999999999876922,0.3768115942001681,52,13,86,105,0.0283203125,0.005576923076923077,0.022743389423076923
LogReg,3,0.25,1.0,crp_dataset_8_1_1.csv|crp_dataset_8_1_3.csv|crp_dataset_8_1_6.csv,crp_dataset_8_1_2.csv,0.6125538450380001,0.999999999952381,0.17647058823381118,21,0,98,137,0.039453125,0.0008928571428571429,0.03856026785714286
LogReg,3,0.25,1.0,crp_dataset_8_1_1.csv|crp_dataset_8_1_3.csv|crp_dataset_8_1_6.csv,crp_dataset_8_1_4.csv,0.6125538450380001,0.9607843137160708,0.7480916030477246,98,4,33,121,0.023046875,0.0011642156862745098,0.021882659313725492
LogReg,3,0.25,1.0,crp_dataset_8_1_1.csv|crp_dataset_8_1_3.csv|crp_dataset_8_1_2.csv,crp_dataset_8_1_5.csv,0.6219943724968646,0.8888888888765432,0.6399999999936,64,8,36,148,0.039282226562499994,0.0036458333333333334,0.03563639322916666
LogReg,3,0.25,1.0,crp_dataset_8_1_1.csv|crp_dataset_8_1_3.csv|crp_dataset_8_1_2.csv,crp_dataset_8_1_7.csv,0.6219943724968646,0.9523809523768295,0.9999999999954546,220,11,0,25,0.0095703125,0.001542207792207792,0.008028104707792208
LogReg,3,0.25,1.0,crp_dataset_8_1_1.csv|crp_dataset_8_1_3.csv|crp_dataset_8_1_2.csv,crp_dataset_8_1_8.csv,0.6219943724968646,0.8039215686195693,0.5942028985464188,82,20,56,98,0.0283203125,0.005208333333333332,0.023111979166666668
LogReg,3,0.25,1.0,crp_dataset_8_1_1.csv|crp_dataset_8_1_3.csv|crp_dataset_8_1_2.csv,crp_dataset_8_1_6.csv,0.6219943724968646,0.8195488721742892,0.7785714285658674,109,24,31,92,0.026928710937499996,0.007894736842105263,0.019033974095394732
LogReg,3,0.25,1.0,crp_dataset_8_1_1.csv|crp_dataset_8_1_3.csv|crp_dataset_8_1_2.csv,crp_dataset_8_1_4.csv,0.6219943724968646,0.8527131782879636,0.8396946564821398,110,19,21,106,0.023046875,0.005087209302325582,0.017959665697674418
LogReg,3,0.25,1.0,crp_dataset_8_1_1.csv|crp_dataset_8_1_3.csv|crp_dataset_8_1_4.csv,crp_dataset_8_1_5.csv,0.6212515022875821,0.99999999995,0.199999999998,20,0,80,156,0.039282226562499994,0.0,0.039282226562499994
LogReg,3,0.25,1.0,crp_dataset_8_1_1.csv|crp_dataset_8_1_3.csv|crp_dataset_8_1_4.csv,crp_dataset_8_1_7.csv,0.6212515022875821,0.9563318777250815,0.9954545454500207,219,10,1,26,0.0095703125,0.0013373362445414849,0.008232976255458515
LogReg,3,0.25,1.0,crp_dataset_8_1_1.csv|crp_dataset_8_1_3.csv|crp_dataset_8_1_4.csv,crp_dataset_8_1_8.csv,0.6212515022875821,0.7758620689521404,0.3260869565193762,45,13,93,105,0.0283203125,0.0054956896551724135,0.022824622844827586
LogReg,3,0.25,1.0,crp_dataset_8_1_1.csv|crp_dataset_8_1_3.csv|crp_dataset_8_1_4.csv,crp_dataset_8_1_6.csv,0.6212515022875821,0.7297297297257853,0.9642857142788266,135,50,5,66,0.026928710937499996,0.012871621621621622,0.014057089315878374
LogReg,3,0.25,1.0,crp_dataset_8_1_1.csv|crp_dataset_8_1_3.csv|crp_dataset_8_1_4.csv,crp_dataset_8_1_2.csv,0.6212515022875821,0.9999999999090909,0.09243697478913918,11,0,108,137,0.039453125,0.0011363636363636365,0.03831676136363636
LogReg,3,0.25,1.0,crp_dataset_8_1_1.csv|crp_dataset_8_1_8.csv|crp_dataset_8_1_6.csv,crp_dataset_8_1_5.csv,0.6555510276859421,0.9682539682385992,0.6099999999939,61,2,39,154,0.039282226562499994,0.0016865079365079366,0.03759571862599206
LogReg,3,0.25,1.0,crp_dataset_8_1_1.csv|crp_dataset_8_1_8.csv|crp_dataset_8_1_6.csv,crp_dataset_8_1_7.csv,0.6555510276859421,0.9999999999951924,0.945454545450248,208,0,12,36,0.0095703125,0.00018028846153846158,0.00939002403846154
LogReg,3,0.25,1.0,crp_dataset_8_1_1.csv|crp_dataset_8_1_8.csv|crp_dataset_8_1_6.csv,crp_dataset_8_1_3.csv,0.6555510276859421,0.9909090909000826,0.6300578034645662,109,1,64,82,0.0196044921875,0.0005681818181818182,0.01903631036931818
LogReg,3,0.25,1.0,crp_dataset_8_1_1.csv|crp_dataset_8_1_8.csv|crp_dataset_8_1_6.csv,crp_dataset_8_1_2.csv,0.6555510276859421,0.9999999999729731,0.31092436974528637,37,0,82,137,0.039453125,0.0008445945945945946,0.038608530405405406
LogReg,3,0.25,1.0,crp_dataset_8_1_1.csv|crp_dataset_8_1_8.csv|crp_dataset_8_1_6.csv,crp_dataset_8_1_4.csv,0.6555510276859421,0.9900990098911872,0.7633587786201271,100,1,31,124,0.023046875,0.00037128712871287135,0.02267558787128713
LogReg,3,0.25,1.0,crp_dataset_8_1_1.csv|crp_dataset_8_1_8.csv|crp_dataset_8_1_2.csv,crp_dataset_8_1_5.csv,0.7198073136157532,0.8461538461429979,0.6599999999934,66,12,34,144,0.039282226562499994,0.004647435897435897,0.0346347906650641
LogReg,3,0.25,1.0,crp_dataset_8_1_1.csv|crp_dataset_8_1_8.csv|crp_dataset_8_1_2.csv,crp_dataset_8_1_7.csv,0.7198073136157532,0.9999999999945055,0.827272727268967,182,0,38,36,0.0095703125,0.00013736263736263736,0.009432949862637364
LogReg,3,0.25,1.0,crp_dataset_8_1_1.csv|crp_dataset_8_1_8.csv|crp_dataset_8_1_2.csv,crp_dataset_8_1_3.csv,0.7198073136157532,0.9908256880643043,0.6242774566437903,108,1,65,82,0.0196044921875,0.00022935779816513763,0.01937513438933486
LogReg,3,0.25,1.0,crp_dataset_8_1_1.csv|crp_dataset_8_1_8.csv|crp_dataset_8_1_2.csv,crp_dataset_8_1_6.csv,0.7198073136157532,0.8809523809418934,0.5285714285676532,74,10,66,106,0.026928710937499996,0.004315476190476191,0.022613234747023807
LogReg,3,0.25,1.0,crp_dataset_8_1_1.csv|crp_dataset_8_1_8.csv|crp_dataset_8_1_2.csv,crp_dataset_8_1_4.csv,0.7198073136157532,0.9428571428481632,0.7557251908339259,99,6,32,119,0.023046875,0.002380952380952381,0.020665922619047622
LogReg,3,0.25,1.0,crp_dataset_8_1_1.csv|crp_dataset_8_1_8.csv|crp_dataset_8_1_4.csv,crp_dataset_8_1_5.csv,0.6498402314948856,0.8658536585260261,0.7099999999929,71,11,29,145,0.039282226562499994,0.004268292682926829,0.03501393387957317
LogReg,3,0.25,1.0,crp_dataset_8_1_1.csv|crp_dataset_8_1_8.csv|crp_dataset_8_1_4.csv,crp_dataset_8_1_7.csv,0.6498402314948856,0.9999999999939394,0.749999999996591,165,0,55,36,0.0095703125,0.0,0.0095703125
LogReg,3,0.25,1.0,crp_dataset_8_1_1.csv|crp_dataset_8_1_8.csv|crp_dataset_8_1_4.csv,crp_dataset_8_1_3.csv,0.6498402314948856,0.9999999999896907,0.5606936416152561,97,0,76,83,0.0196044921875,0.0,0.0196044921875
LogReg,3,0.25,1.0,crp_dataset_8_1_1.csv|crp_dataset_8_1_8.csv|crp_dataset_8_1_4.csv,crp_dataset_8_1_6.csv,0.6498402314948856,0.9729729729598247,0.5142857142820408,72,2,68,114,0.026928710937499996,0.0013513513513513514,0.025577359586148644
LogReg,3,0.25,1.0,crp_dataset_8_1_1.csv|crp_dataset_8_1_8.csv|crp_dataset_8_1_4.csv,crp_dataset_8_1_2.csv,0.6498402314948856,0.9482758620526159,0.4621848739456959,55,3,64,134,0.039453125,0.0017241379310344825,0.03772898706896552
LogReg,3,0.25,1.0,crp_dataset_8_1_1.csv|crp_dataset_8_1_6.csv|crp_dataset_8_1_2.csv,crp_dataset_8_1_5.csv,0.6792710621993794,0.8021978021889868,0.7299999999926999,73,18,27,138,0.039282226562499994,0.006043956043956044,0.03323827051854395
LogReg,3,0.25,1.0,crp_dataset_8_1_1.csv|crp_dataset_8_1_6.csv|crp_dataset_8_1_2.csv,crp_dataset_8_1_7.csv,0.6792710621993794,0.9523809523768295,0.9999999999954546,220,11,0,25,0.0095703125,0.0016774891774891775,0.007892823322510824
LogReg,3,0.25,1.0,crp_dataset_8_1_1.csv|crp_dataset_8_1_6.csv|crp_dataset_8_1_2.csv,crp_dataset_8_1_3.csv,0.6792710621993794,0.9338842975129431,0.6531791907476695,113,8,60,75,0.0196044921875,0.002995867768595041,0.016608624418904958
LogReg,3,0.25,1.0,crp_dataset_8_1_1.csv|crp_dataset_8_1_6.csv|crp_dataset_8_1_2.csv,crp_dataset_8_1_8.csv,0.6792710621993794,0.7899999999921,0.5724637681117938,79,21,59,97,0.0283203125,0.0059375,0.0223828125
LogReg,3,0.25,1.0,crp_dataset_8_1_1.csv|crp_dataset_8_1_6.csv|crp_dataset_8_1_2.csv,crp_dataset_8_1_4.csv,0.6792710621993794,0.8582677165286751,0.8320610686959385,109,18,22,107,0.023046875,0.0052657480314960625,0.017781126968503938
LogReg,3,0.25,1.0,crp_dataset_8_1_1.csv|crp_dataset_8_1_6.csv|crp_dataset_8_1_4.csv,crp_dataset_8_1_5.csv,0.6444194817719602,0.9677419354682623,0.599999999994,60,2,40,154,0.039282226562499994,0.0016129032258064516,0.037669323336693546
LogReg,3,0.25,1.0,crp_dataset_8_1_1.csv|crp_dataset_8_1_6.csv|crp_dataset_8_1_4.csv,crp_dataset_8_1_7.csv,0.6444194817719602,0.9909090909045868,0.9909090909045868,218,2,2,34,0.0095703125,0.0004829545454545454,0.009087357954545456
LogReg,3,0.25,1.0,crp_dataset_8_1_1.csv|crp_dataset_8_1_6.csv|crp_dataset_8_1_4.csv,crp_dataset_8_1_3.csv,0.6444194817719602,0.9911504424691049,0.6473988439268937,112,1,61,82,0.0196044921875,0.00011061946902654868,0.01949387271847345
LogReg,3,0.25,1.0,crp_dataset_8_1_1.csv|crp_dataset_8_1_6.csv|crp_dataset_8_1_4.csv,crp_dataset_8_1_8.csv,0.6444194817719602,0.7999999999893332,0.4347826086925016,60,15,78,103,0.0283203125,0.0055,0.022820312500000002
LogReg,3,0.25,1.0,crp_dataset_8_1_1.csv|crp_dataset_8_1_6.csv|crp_dataset_8_1_4.csv,crp_dataset_8_1_2.csv,0.6444194817719602,0.9999999999756098,0.3445378151231551,41,0,78,137,0.039453125,0.0007621951219512195,0.03869092987804878
LogReg,3,0.25,1.0,crp_dataset_8_1_1.csv|crp_dataset_8_1_2.csv|crp_dataset_8_1_4.csv,crp_dataset_8_1_5.csv,0.6257278545009747,0.8674698795076208,0.7199999999928,72,11,28,145,0.039282226562499994,0.0040662650602409645,0.03521596150225903
LogReg,3,0.25,1.0,crp_dataset_8_1_1.csv|crp_dataset_8_1_2.csv|crp_dataset_8_1_4.csv,crp_dataset_8_1_7.csv,0.6257278545009747,0.9999999999950739,0.9227272727230785,203,0,17,36,0.0095703125,9.236453201970445e-05,0.009477947967980297
LogReg,3,0.25,1.0,crp_dataset_8_1_1.csv|crp_dataset_8_1_2.csv|crp_dataset_8_1_4.csv,crp_dataset_8_1_3.csv,0.6257278545009747,0.9999999999910714,0.6473988439268937,112,0,61,83,0.0196044921875,0.0,0.0196044921875
LogReg,3,0.25,1.0,crp_dataset_8_1_1.csv|crp_dataset_8_1_2.csv|crp_dataset_8_1_4.csv,crp_dataset_8_1_8.csv,0.6257278545009747,0.8229166666580946,0.5724637681117938,79,17,59,101,0.0283203125,0.005013020833333334,0.023307291666666667
LogReg,3,0.25,1.0,crp_dataset_8_1_1.csv|crp_dataset_8_1_2.csv|crp_dataset_8_1_4.csv,crp_dataset_8_1_6.csv,0.6257278545009747,0.8977272727170712,0.5642857142816837,79,9,61,107,0.026928710937499996,0.004190340909090909,0.02273837002840909
LogReg,3,0.25,1.0,crp_dataset_8_1_3.csv|crp_dataset_8_1_8.csv|crp_dataset_8_1_6.csv,crp_dataset_8_1_5.csv,0.6835627506216692,0.8641975308535284,0.699999999993,70,11,30,145,0.039282226562499994,0.0036265432098765435,0.03565568335262345
LogReg,3,0.25,1.0,crp_dataset_8_1_3.csv|crp_dataset_8_1_8.csv|crp_dataset_8_1_6.csv,crp_dataset_8_1_7.csv,0.6835627506216692,0.9764150943350169,0.9409090909048141,207,5,13,31,0.0095703125,0.0006485849056603774,0.008921727594339623
LogReg,3,0.25,1.0,crp_dataset_8_1_3.csv|crp_dataset_8_1_8.csv|crp_dataset_8_1_6.csv,crp_dataset_8_1_1.csv,0.6835627506216692,0.932432432419832,0.5476190476147014,69,5,57,125,0.0252685546875,0.0014358108108108109,0.02383274387668919
LogReg,3,0.25,1.0,crp_dataset_8_1_3.csv|crp_dataset_8_1_8.csv|crp_dataset_8_1_6.csv,crp_dataset_8_1_2.csv,0.6835627506216692,0.9384615384471006,0.5126050420124991,61,4,58,133,0.039453125,0.001730769230769231,0.03772235576923077
LogReg,3,0.25,1.0,crp_dataset_8_1_3.csv|crp_dataset_8_1_8.csv|crp_dataset_8_1_6.csv,crp_dataset_8_1_4.csv,0.6835627506216692,0.9210526315708679,0.8015267175511335,105,9,26,116,0.023046875,0.0027960526315789474,0.020250822368421052
LogReg,3,0.25,1.0,crp_dataset_8_1_3.csv|crp_dataset_8_1_8.csv|crp_dataset_8_1_2.csv,crp_dataset_8_1_5.csv,0.6378987090342851,0.8372093023158463,0.7199999999928,72,14,28,142,0.039282226562499994,0.004941860465116279,0.034340366097383716
LogReg,3,0.25,1.0,crp_dataset_8_1_3.csv|crp_dataset_8_1_8.csv|crp_dataset_8_1_2.csv,crp_dataset_8_1_7.csv,0.6378987090342851,0.9644444444401581,0.9863636363591529,217,8,3,28,0.0095703125,0.0012222222222222224,0.008348090277777779
LogReg,3,0.25,1.0,crp_dataset_8_1_3.csv|crp_dataset_8_1_8.csv|crp_dataset_8_1_2.csv,crp_dataset_8_1_1.csv,0.6378987090342851,0.8571428571341108,0.6666666666613756,84,14,42,116,0.0252685546875,0.005420918367346939,0.019847636320153062
LogReg,3,0.25,1.0,crp_dataset_8_1_3.csv|crp_dataset_8_1_8.csv|crp_dataset_8_1_2.csv,crp_dataset_8_1_6.csv,0.6378987090342851,0.7906976744124753,0.7285714285662246,102,27,38,89,0.026928710937499996,0.010029069767441858,0.016899641170058138
LogReg,3,0.25,1.0,crp_dataset_8_1_3.csv|crp_dataset_8_1_8.csv|crp_dataset_8_1_2.csv,crp_dataset_8_1_4.csv,0.6378987090342851,0.8248175182421547,0.8625954198407436,113,24,18,101,0.023046875,0.006934306569343065,0.016112568430656934
LogReg,3,0.25,1.0,crp_dataset_8_1_3.csv|crp_dataset_8_1_8.csv|crp_dataset_8_1_4.csv,crp_dataset_8_1_5.csv,0.6254614678653263,0.8983050847305373,0.5299999999946999,53,6,47,150,0.039282226562499994,0.003495762711864407,0.03578646385063559
LogReg,3,0.25,1.0,crp_dataset_8_1_3.csv|crp_dataset_8_1_8.csv|crp_dataset_8_1_4.csv,crp_dataset_8_1_7.csv,0.6254614678653263,0.9999999999947917,0.8727272727233059,192,0,28,36,0.0095703125,0.00019531250000000004,0.009375000000000001
LogReg,3,0.25,1.0,crp_dataset_8_1_3.csv|crp_dataset_8_1_8.csv|crp_dataset_8_1_4.csv,crp_dataset_8_1_1.csv,0.6254614678653263,0.9397590361332558,0.619047619042706,78,5,48,125,0.0252685546875,0.0012801204819277109,0.023988434205572288
LogReg,3,0.25,1.0,crp_dataset_8_1_3.csv|crp_dataset_8_1_8.csv|crp_dataset_8_1_4.csv,crp_dataset_8_1_6.csv,0.6254614678653263,0.8645833333243272,0.5928571428529082,83,13,57,103,0.026928710937499996,0.0057942708333333336,0.021134440104166662
LogReg,3,0.25,1.0,crp_dataset_8_1_3.csv|crp_dataset_8_1_8.csv|crp_dataset_8_1_4.csv,crp_dataset_8_1_2.csv,0.6254614678653263,0.9736842105006926,0.31092436974528637,37,1,82,136,0.039453125,0.000986842105263158,0.03846628289473684
LogReg,3,0.25,1.0,crp_dataset_8_1_3.csv|crp_dataset_8_1_6.csv|crp_dataset_8_1_2.csv,crp_dataset_8_1_5.csv,0.13127501919638343,0.39062499999847416,0.99999999999,100,156,0,0,0.039282226562499994,0.039282226562499994,0.0
LogReg,3,0.25,1.0,crp_dataset_8_1_3.csv|crp_dataset_8_1_6.csv|crp_dataset_8_1_2.csv,crp_dataset_8_1_7.csv,0.13127501919638343,0.8593749999966431,0.9999999999954546,220,36,0,0,0.0095703125,0.0095703125,0.0
LogReg,3,0.25,1.0,crp_dataset_8_1_3.csv|crp_dataset_8_1_6.csv|crp_dataset_8_1_2.csv,crp_dataset_8_1_1.csv,0.13127501919638343,0.4921874999980774,0.9999999999920635,126,130,0,0,0.0252685546875,0.0252685546875,0.0
LogReg,3,0.25,1.0,crp_dataset_8_1_3.csv|crp_dataset_8_1_6.csv|crp_dataset_8_1_2.csv,crp_dataset_8_1_8.csv,0.13127501919638343,0.5390624999978944,0.9999999999927537,138,118,0,0,0.0283203125,0.0283203125,0.0
LogReg,3,0.25,1.0,crp_dataset_8_1_3.csv|crp_dataset_8_1_6.csv|crp_dataset_8_1_2.csv,crp_dataset_8_1_4.csv,0.13127501919638343,0.5117187499980012,0.9999999999923664,131,125,0,0,0.023046875,0.023046875,0.0
LogReg,3,0.25,1.0,crp_dataset_8_1_3.csv|crp_dataset_8_1_6.csv|crp_dataset_8_1_4.csv,crp_dataset_8_1_5.csv,0.7094908349930088,0.9999999999696971,0.3299999999967,33,0,67,156,0.039282226562499994,0.0005681818181818183,0.03871404474431818
LogReg,3,0.25,1.0,crp_dataset_8_1_3.csv|crp_dataset_8_1_6.csv|crp_dataset_8_1_4.csv,crp_dataset_8_1_7.csv,0.7094908349930088,0.9677419354794113,0.9545454545411157,210,7,10,29,0.0095703125,0.0010080645161290322,0.00856224798387097
LogReg,3,0.25,1.0,crp_dataset_8_1_3.csv|crp_dataset_8_1_6.csv|crp_dataset_8_1_4.csv,crp_dataset_8_1_1.csv,0.7094908349930088,0.9310344827425684,0.4285714285680272,54,4,72,126,0.0252685546875,0.0015086206896551724,0.023759933997844828
LogReg,3,0.25,1.0,crp_dataset_8_1_3.csv|crp_dataset_8_1_6.csv|crp_dataset_8_1_4.csv,crp_dataset_8_1_8.csv,0.7094908349930088,0.8235294117485583,0.30434782608475114,42,9,96,109,0.0283203125,0.004901960784313725,0.023418351715686275
LogReg,3,0.25,1.0,crp_dataset_8_1_3.csv|crp_dataset_8_1_6.csv|crp_dataset_8_1_4.csv,crp_dataset_8_1_2.csv,0.7094908349930088,0.9999999999666667,0.252100840334016,30,0,89,137,0.039453125,0.0008333333333333334,0.03861979166666667
LogReg,3,0.25,1.0,crp_dataset_8_1_3.csv|crp_dataset_8_1_2.csv|crp_dataset_8_1_4.csv,crp_dataset_8_1_5.csv,0.7160085419794344,0.8974358974243918,0.699999999993,70,8,30,148,0.039282226562499994,0.003044871794871795,0.036237354767628197
LogReg,3,0.25,1.0,crp_dataset_8_1_3.csv|crp_dataset_8_1_2.csv|crp_dataset_8_1_4.csv,crp_dataset_8_1_7.csv,0.7160085419794344,0.9776785714242069,0.9954545454500207,219,5,1,31,0.0095703125,0.0006975446428571429,0.008872767857142859
LogReg,3,0.25,1.0,crp_dataset_8_1_3.csv|crp_dataset_8_1_2.csv|crp_dataset_8_1_4.csv,crp_dataset_8_1_1.csv,0.7160085419794344,0.9487179487057856,0.5873015872969262,74,4,52,126,0.0252685546875,0.0011217948717948717,0.02414675981570513
LogReg,3,0.25,1.0,crp_dataset_8_1_3.csv|crp_dataset_8_1_2.csv|crp_dataset_8_1_4.csv,crp_dataset_8_1_8.csv,0.7160085419794344,0.8085106382892712,0.5507246376771687,76,18,62,100,0.0283203125,0.005186170212765957,0.023134142287234042
LogReg,3,0.25,1.0,crp_dataset_8_1_3.csv|crp_dataset_8_1_2.csv|crp_dataset_8_1_4.csv,crp_dataset_8_1_6.csv,0.7160085419794344,0.8924731182699733,0.5928571428529082,83,10,57,106,0.026928710937499996,0.004233870967741936,0.02269483996975806
LogReg,3,0.25,1.0,crp_dataset_8_1_8.csv|crp_dataset_8_1_6.csv|crp_dataset_8_1_2.csv,crp_dataset_8_1_5.csv,0.6156003518235066,0.7872340425448167,0.7399999999926,74,20,26,136,0.039282226562499994,0.006648936170212767,0.032633290392287226
LogReg,3,0.25,1.0,crp_dataset_8_1_8.csv|crp_dataset_8_1_6.csv|crp_dataset_8_1_2.csv,crp_dataset_8_1_7.csv,0.6156003518235066,0.9691629955904443,0.9999999999954546,220,7,0,29,0.0095703125,0.0010187224669603524,0.008551590033039649
LogReg,3,0.25,1.0,crp_dataset_8_1_8.csv|crp_dataset_8_1_6.csv|crp_dataset_8_1_2.csv,crp_dataset_8_1_1.csv,0.6156003518235066,0.9239130434682183,0.6746031745978206,85,7,41,123,0.0252685546875,0.0016304347826086956,0.023638119904891303
LogReg,3,0.25,1.0,crp_dataset_8_1_8.csv|crp_dataset_8_1_6.csv|crp_dataset_8_1_2.csv,crp_dataset_8_1_3.csv,0.6156003518235066,0.9593495934881353,0.6820809248515487,118,5,55,78,0.0196044921875,0.0016260162601626016,0.0179784759273374
LogReg,3,0.25,1.0,crp_dataset_8_1_8.csv|crp_dataset_8_1_6.csv|crp_dataset_8_1_2.csv,crp_dataset_8_1_4.csv,0.6156003518235066,0.8333333333270203,0.8396946564821398,110,22,21,103,0.023046875,0.00625,0.016796875000000003
LogReg,3,0.25,1.0,crp_dataset_8_1_8.csv|crp_dataset_8_1_6.csv|crp_dataset_8_1_4.csv,crp_dataset_8_1_5.csv,0.6377864083417139,0.9411764705743945,0.6399999999936,64,4,36,152,0.039282226562499994,0.002205882352941177,0.03707634420955882
LogReg,3,0.25,1.0,crp_dataset_8_1_8.csv|crp_dataset_8_1_6.csv|crp_dataset_8_1_4.csv,crp_dataset_8_1_7.csv,0.6377864083417139,0.990740740736154,0.9727272727228513,214,2,6,34,0.0095703125,0.0003472222222222223,0.009223090277777778
LogReg,3,0.25,1.0,crp_dataset_8_1_8.csv|crp_dataset_8_1_6.csv|crp_dataset_8_1_4.csv,crp_dataset_8_1_1.csv,0.6377864083417139,0.9411764705743945,0.5079365079324767,64,4,62,126,0.0252685546875,0.0012867647058823531,0.023981789981617648
LogReg,3,0.25,1.0,crp_dataset_8_1_8.csv|crp_dataset_8_1_6.csv|crp_dataset_8_1_4.csv,crp_dataset_8_1_3.csv,0.6377864083417139,0.9911504424691049,0.6473988439268937,112,1,61,82,0.0196044921875,0.0005530973451327434,0.019051394842367255
LogReg,3,0.25,1.0,crp_dataset_8_1_8.csv|crp_dataset_8_1_6.csv|crp_dataset_8_1_4.csv,crp_dataset_8_1_2.csv,0.6377864083417139,0.9799999999804001,0.41176470587889274,49,1,70,136,0.039453125,0.0011250000000000001,0.038328125
LogReg,3,0.25,1.0,crp_dataset_8_1_8.csv|crp_dataset_8_1_2.csv|crp_dataset_8_1_4.csv,crp_dataset_8_1_5.csv,0.6193696861039274,0.7499999999927884,0.7799999999921999,78,26,22,130,0.039282226562499994,0.008052884615384616,0.03122934194711538
LogReg,3,0.25,1.0,crp_dataset_8_1_8.csv|crp_dataset_8_1_2.csv|crp_dataset_8_1_4.csv,crp_dataset_8_1_7.csv,0.6193696861039274,0.9999999999943182,0.7999999999963636,176,0,44,36,0.0095703125,0.0,0.0095703125
LogReg,3,0.25,1.0,crp_dataset_8_1_8.csv|crp_dataset_8_1_2.csv|crp_dataset_8_1_4.csv,crp_dataset_8_1_1.csv,0.6193696861039274,0.951807228904195,0.6269841269791508,79,4,47,126,0.0252685546875,0.0010542168674698795,0.02421433782003012
LogReg,3,0.25,1.0,crp_dataset_8_1_8.csv|crp_dataset_8_1_2.csv|crp_dataset_8_1_4.csv,crp_dataset_8_1_3.csv,0.6193696861039274,0.9999999999897958,0.566473988436032,98,0,75,83,0.0196044921875,0.0,0.0196044921875
LogReg,3,0.25,1.0,crp_dataset_8_1_8.csv|crp_dataset_8_1_2.csv|crp_dataset_8_1_4.csv,crp_dataset_8_1_6.csv,0.6193696861039274,0.999999999983871,0.44285714285397965,62,0,78,116,0.026928710937499996,0.0,0.026928710937499996
LogReg,3,0.25,1.0,crp_dataset_8_1_6.csv|crp_dataset_8_1_2.csv|crp_dataset_8_1_4.csv,crp_dataset_8_1_5.csv,0.7325044449421687,0.9117647058689445,0.6199999999938,62,6,38,150,0.039282226562499994,0.002481617647058824,0.03680060891544117
LogReg,3,0.25,1.0,crp_dataset_8_1_6.csv|crp_dataset_8_1_2.csv|crp_dataset_8_1_4.csv,crp_dataset_8_1_7.csv,0.7325044449421687,0.9777777777734321,0.9999999999954546,220,5,0,31,0.0095703125,0.0006944444444444445,0.008875868055555557
LogReg,3,0.25,1.0,crp_dataset_8_1_6.csv|crp_dataset_8_1_2.csv|crp_dataset_8_1_4.csv,crp_dataset_8_1_1.csv,0.7325044449421687,0.9428571428436734,0.5238095238053666,66,4,60,126,0.0252685546875,0.0011607142857142858,0.024107840401785714
LogReg,3,0.25,1.0,crp_dataset_8_1_6.csv|crp_dataset_8_1_2.csv|crp_dataset_8_1_4.csv,crp_dataset_8_1_3.csv,0.7325044449421687,0.9824561403422591,0.6473988439268937,112,2,61,81,0.0196044921875,0.0002192982456140351,0.019385193941885964
LogReg,3,0.25,1.0,crp_dataset_8_1_6.csv|crp_dataset_8_1_2.csv|crp_dataset_8_1_4.csv,crp_dataset_8_1_8.csv,0.7325044449421687,0.8026315789368075,0.4420289855040433,61,15,77,103,0.0283203125,0.005345394736842105,0.022974917763157895
LogReg,4,0.25,1.0,crp_dataset_8_1_5.csv|crp_dataset_8_1_7.csv|crp_dataset_8_1_1.csv|crp_dataset_8_1_3.csv,crp_dataset_8_1_8.csv,0.7145445472769923,0.7903225806324142,0.35507246376554297,49,13,89,105,0.0283203125,0.0056451612903225794,0.02267515120967742
LogReg,4,0.25,1.0,crp_dataset_8_1_5.csv|crp_dataset_8_1_7.csv|crp_dataset_8_1_1.csv|crp_dataset_8_1_3.csv,crp_dataset_8_1_6.csv,0.7145445472769923,0.7884615384564843,0.8785714285651531,123,33,17,83,0.026928710937499996,0.010096153846153847,0.01683255709134615
LogReg,4,0.25,1.0,crp_dataset_8_1_5.csv|crp_dataset_8_1_7.csv|crp_dataset_8_1_1.csv|crp_dataset_8_1_3.csv,crp_dataset_8_1_2.csv,0.7145445472769923,0.9999999999090909,0.09243697478913918,11,0,108,137,0.039453125,0.001704545454545455,0.03774857954545455
LogReg,4,0.25,1.0,crp_dataset_8_1_5.csv|crp_dataset_8_1_7.csv|crp_dataset_8_1_1.csv|crp_dataset_8_1_3.csv,crp_dataset_8_1_4.csv,0.7145445472769923,0.9599999999904,0.7328244274753221,96,4,35,121,0.023046875,0.0015625,0.021484375
LogReg,4,0.25,1.0,crp_dataset_8_1_5.csv|crp_dataset_8_1_7.csv|crp_dataset_8_1_1.csv|crp_dataset_8_1_8.csv,crp_dataset_8_1_3.csv,0.6154865935700815,0.9850746268583204,0.7630057803424104,132,2,41,81,0.0196044921875,0.0009328358208955224,0.018671656366604478
LogReg,4,0.25,1.0,crp_dataset_8_1_5.csv|crp_dataset_8_1_7.csv|crp_dataset_8_1_1.csv|crp_dataset_8_1_8.csv,crp_dataset_8_1_6.csv,0.6154865935700815,0.8175182481692153,0.7999999999942857,112,25,28,91,0.026928710937499996,0.00770985401459854,0.019218856922901456
LogReg,4,0.25,1.0,crp_dataset_8_1_5.csv|crp_dataset_8_1_7.csv|crp_dataset_8_1_1.csv|crp_dataset_8_1_8.csv,crp_dataset_8_1_2.csv,0.6154865935700815,0.9729729729466765,0.30252100840081914,36,1,83,136,0.039453125,0.0016891891891891893,0.037763935810810806
LogReg,4,0.25,1.0,crp_dataset_8_1_5.csv|crp_dataset_8_1_7.csv|crp_dataset_8_1_1.csv|crp_dataset_8_1_8.csv,crp_dataset_8_1_4.csv,0.6154865935700815,0.9009009008927846,0.7633587786201271,100,11,31,114,0.023046875,0.003997747747747748,0.019049127252252253
LogReg,4,0.25,1.0,crp_dataset_8_1_5.csv|crp_dataset_8_1_7.csv|crp_dataset_8_1_1.csv|crp_dataset_8_1_6.csv,crp_dataset_8_1_3.csv,0.711810096652841,0.981651376137783,0.6184971098230145,107,2,66,81,0.0196044921875,0.00022935779816513763,0.01937513438933486
LogReg,4,0.25,1.0,crp_dataset_8_1_5.csv|crp_dataset_8_1_7.csv|crp_dataset_8_1_1.csv|crp_dataset_8_1_6.csv,crp_dataset_8_1_8.csv,0.711810096652841,0.7999999999876922,0.3768115942001681,52,13,86,105,0.0283203125,0.005480769230769231,0.02283954326923077
LogReg,4,0.25,1.0,crp_dataset_8_1_5.csv|crp_dataset_8_1_7.csv|crp_dataset_8_1_1.csv|crp_dataset_8_1_6.csv,crp_dataset_8_1_2.csv,0.711810096652841,0.9999999999642857,0.23529411764508157,28,0,91,137,0.039453125,0.0011160714285714285,0.03833705357142857
LogReg,4,0.25,1.0,crp_dataset_8_1_5.csv|crp_dataset_8_1_7.csv|crp_dataset_8_1_1.csv|crp_dataset_8_1_6.csv,crp_dataset_8_1_4.csv,0.711810096652841,0.9803921568531334,0.7633587786201271,100,2,31,123,0.023046875,0.0007352941176470589,0.02231158088235294
LogReg,4,0.25,1.0,crp_dataset_8_1_5.csv|crp_dataset_8_1_7.csv|crp_dataset_8_1_1.csv|crp_dataset_8_1_2.csv,crp_dataset_8_1_3.csv,0.8348153170309859,0.9999999999906541,0.6184971098230145,107,0,66,83,0.0196044921875,0.0,0.0196044921875
LogReg,4,0.25,1.0,crp_dataset_8_1_5.csv|crp_dataset_8_1_7.csv|crp_dataset_8_1_1.csv|crp_dataset_8_1_2.csv,crp_dataset_8_1_8.csv,0.8348153170309859,0.7903225806324142,0.35507246376554297,49,13,89,105,0.0283203125,0.00534274193548387,0.02297757056451613
LogReg,4,0.25,1.0,crp_dataset_8_1_5.csv|crp_dataset_8_1_7.csv|crp_dataset_8_1_1.csv|crp_dataset_8_1_2.csv,crp_dataset_8_1_6.csv,0.8348153170309859,0.9368421052532964,0.635714285709745,89,6,51,110,0.026928710937499996,0.0021710526315789473,0.024757658305921047
LogReg,4,0.25,1.0,crp_dataset_8_1_5.csv|crp_dataset_8_1_7.csv|crp_dataset_8_1_1.csv|crp_dataset_8_1_2.csv,crp_dataset_8_1_4.csv,0.8348153170309859,0.9999999999895833,0.7328244274753221,96,0,35,125,0.023046875,6.510416666666667e-05,0.022981770833333335
LogReg,4,0.25,1.0,crp_dataset_8_1_5.csv|crp_dataset_8_1_7.csv|crp_dataset_8_1_1.csv|crp_dataset_8_1_4.csv,crp_dataset_8_1_3.csv,0.7038011978720943,0.9912280701667436,0.6531791907476695,113,1,60,82,0.0196044921875,0.00010964912280701755,0.01949484306469298
LogReg,4,0.25,1.0,crp_dataset_8_1_5.csv|crp_dataset_8_1_7.csv|crp_dataset_8_1_1.csv|crp_dataset_8_1_4.csv,crp_dataset_8_1_8.csv,0.7038011978720943,0.8076923076767752,0.30434782608475114,42,10,96,108,0.0283203125,0.005528846153846153,0.022791466346153845
LogReg,4,0.25,1.0,crp_dataset_8_1_5.csv|crp_dataset_8_1_7.csv|crp_dataset_8_1_1.csv|crp_dataset_8_1_4.csv,crp_dataset_8_1_6.csv,0.7038011978720943,0.8333333333267195,0.749999999994643,105,21,35,95,0.026928710937499996,0.007837301587301587,0.01909140935019841
LogReg,4,0.25,1.0,crp_dataset_8_1_5.csv|crp_dataset_8_1_7.csv|crp_dataset_8_1_1.csv|crp_dataset_8_1_4.csv,crp_dataset_8_1_2.csv,0.7038011978720943,0.9999999999473684,0.15966386554487677,19,0,100,137,0.039453125,0.0009868421052631581,0.03846628289473684
LogReg,4,0.25,1.0,crp_dataset_8_1_5.csv|crp_dataset_8_1_7.csv|crp_dataset_8_1_3.csv|crp_dataset_8_1_8.csv,crp_dataset_8_1_1.csv,0.7252932913642213,0.949999999988125,0.6031746031698161,76,4,50,126,0.0252685546875,0.0010937499999999999,0.0241748046875
LogReg,4,0.25,1.0,crp_dataset_8_1_5.csv|crp_dataset_8_1_7.csv|crp_dataset_8_1_3.csv|crp_dataset_8_1_8.csv,crp_dataset_8_1_6.csv,0.7252932913642213,0.8281249999935304,0.757142857137449,106,22,34,94,0.026928710937499996,0.006884765625000001,0.020043945312499995
LogReg,4,0.25,1.0,crp_dataset_8_1_5.csv|crp_dataset_8_1_7.csv|crp_dataset_8_1_3.csv|crp_dataset_8_1_8.csv,crp_dataset_8_1_2.csv,0.7252932913642213,0.99999999996,0.21008403361167996,25,0,94,137,0.039453125,0.0007500000000000001,0.038703125
LogReg,4,0.25,1.0,crp_dataset_8_1_5.csv|crp_dataset_8_1_7.csv|crp_dataset_8_1_3.csv|crp_dataset_8_1_8.csv,crp_dataset_8_1_4.csv,0.7252932913642213,0.9333333333244445,0.7480916030477246,98,7,33,118,0.023046875,0.0025595238095238093,0.02048735119047619
LogReg,4,0.25,1.0,crp_dataset_8_1_5.csv|crp_dataset_8_1_7.csv|crp_dataset_8_1_3.csv|crp_dataset_8_1_6.csv,crp_dataset_8_1_1.csv,0.7669546759935414,0.9682539682385992,0.4841269841231418,61,2,65,128,0.0252685546875,0.0007936507936507935,0.024474903893849206
LogReg,4,0.25,1.0,crp_dataset_8_1_5.csv|crp_dataset_8_1_7.csv|crp_dataset_8_1_3.csv|crp_dataset_8_1_6.csv,crp_dataset_8_1_8.csv,0.7669546759935414,0.8035714285570791,0.3260869565193762,45,11,93,107,0.0283203125,0.005357142857142858,0.02296316964285714
LogReg,4,0.25,1.0,crp_dataset_8_1_5.csv|crp_dataset_8_1_7.csv|crp_dataset_8_1_3.csv|crp_dataset_8_1_6.csv,crp_dataset_8_1_2.csv,0.7669546759935414,0.9999999999583333,0.20168067226721276,24,0,95,137,0.039453125,0.0007812500000000002,0.038671875
LogReg,4,0.25,1.0,crp_dataset_8_1_5.csv|crp_dataset_8_1_7.csv|crp_dataset_8_1_3.csv|crp_dataset_8_1_6.csv,crp_dataset_8_1_4.csv,0.7669546759935414,0.9897959183572469,0.7404580152615233,97,1,34,124,0.023046875,0.00012755102040816328,0.022919323979591837
LogReg,4,0.25,1.0,crp_dataset_8_1_5.csv|crp_dataset_8_1_7.csv|crp_dataset_8_1_3.csv|crp_dataset_8_1_2.csv,crp_dataset_8_1_1.csv,0.6162130083620277,0.9222222222119753,0.6587301587249307,83,7,43,123,0.0252685546875,0.001666666666666667,0.023601888020833333
LogReg,4,0.25,1.0,crp_dataset_8_1_5.csv|crp_dataset_8_1_7.csv|crp_dataset_8_1_3.csv|crp_dataset_8_1_2.csv,crp_dataset_8_1_8.csv,0.6162130083620277,0.8199999999918,0.5942028985464188,82,18,56,100,0.0283203125,0.0050625,0.0232578125
LogReg,4,0.25,1.0,crp_dataset_8_1_5.csv|crp_dataset_8_1_7.csv|crp_dataset_8_1_3.csv|crp_dataset_8_1_2.csv,crp_dataset_8_1_6.csv,0.6162130083620277,0.778523489927661,0.8285714285655102,116,33,24,83,0.026928710937499996,0.010570469798657719,0.016358241138842277
LogReg,4,0.25,1.0,crp_dataset_8_1_5.csv|crp_dataset_8_1_7.csv|crp_dataset_8_1_3.csv|crp_dataset_8_1_2.csv,crp_dataset_8_1_4.csv,0.6162130083620277,0.8396946564821398,0.8396946564821398,110,21,21,104,0.023046875,0.005534351145038169,0.017512523854961833
LogReg,4,0.25,1.0,crp_dataset_8_1_5.csv|crp_dataset_8_1_7.csv|crp_dataset_8_1_3.csv|crp_dataset_8_1_4.csv,crp_dataset_8_1_1.csv,0.7305897497457741,0.9393939393797061,0.49206349205958677,62,4,64,126,0.0252685546875,0.0013257575757575756,0.023942797111742423
LogReg,4,0.25,1.0,crp_dataset_8_1_5.csv|crp_dataset_8_1_7.csv|crp_dataset_8_1_3.csv|crp_dataset_8_1_4.csv,crp_dataset_8_1_8.csv,0.7305897497457741,0.8103448275722355,0.3405797101424596,47,11,91,107,0.0283203125,0.005172413793103449,0.023147898706896552
LogReg,4,0.25,1.0,crp_dataset_8_1_5.csv|crp_dataset_8_1_7.csv|crp_dataset_8_1_3.csv|crp_dataset_8_1_4.csv,crp_dataset_8_1_6.csv,0.7305897497457741,0.8307692307628403,0.7714285714230613,108,22,32,94,0.026928710937499996,0.007740384615384616,0.01918832632211538
LogReg,4,0.25,1.0,crp_dataset_8_1_5.csv|crp_dataset_8_1_7.csv|crp_dataset_8_1_3.csv|crp_dataset_8_1_4.csv,crp_dataset_8_1_2.csv,0.7305897497457741,0.99999999995,0.16806722688934397,20,0,99,137,0.039453125,0.0009375000000000002,0.038515625
LogReg,4,0.25,1.0,crp_dataset_8_1_5.csv|crp_dataset_8_1_7.csv|crp_dataset_8_1_8.csv|crp_dataset_8_1_6.csv,crp_dataset_8_1_1.csv,0.6501737817598041,0.9480519480396357,0.5793650793604812,73,4,53,126,0.0252685546875,0.0011363636363636363,0.024132191051136363
LogReg,4,0.25,1.0,crp_dataset_8_1_5.csv|crp_dataset_8_1_7.csv|crp_dataset_8_1_8.csv|crp_dataset_8_1_6.csv,crp_dataset_8_1_3.csv,0.6501737817598041,0.965811965803711,0.6531791907476695,113,4,60,79,0.0196044921875,0.001282051282051282,0.01832244090544872
LogReg,4,0.25,1.0,crp_dataset_8_1_5.csv|crp_dataset_8_1_7.csv|crp_dataset_8_1_8.csv|crp_dataset_8_1_6.csv,crp_dataset_8_1_2.csv,0.6501737817598041,0.9999999999736843,0.31932773108975354,38,0,81,137,0.039453125,0.000986842105263158,0.03846628289473684
LogReg,4,0.25,1.0,crp_dataset_8_1_5.csv|crp_dataset_8_1_7.csv|crp_dataset_8_1_8.csv|crp_dataset_8_1_6.csv,crp_dataset_8_1_4.csv,0.6501737817598041,0.9549549549463517,0.8091603053373347,106,5,25,120,0.023046875,0.0013513513513513516,0.02169552364864865
LogReg,4,0.25,1.0,crp_dataset_8_1_5.csv|crp_dataset_8_1_7.csv|crp_dataset_8_1_8.csv|crp_dataset_8_1_2.csv,crp_dataset_8_1_1.csv,0.729398678203532,0.905882352930519,0.611111111106261,77,8,49,122,0.0252685546875,0.0022794117647058827,0.022989142922794116
LogReg,4,0.25,1.0,crp_dataset_8_1_5.csv|crp_dataset_8_1_7.csv|crp_dataset_8_1_8.csv|crp_dataset_8_1_2.csv,crp_dataset_8_1_3.csv,0.729398678203532,0.9435483870891649,0.6763005780307729,117,7,56,76,0.0196044921875,0.001965725806451613,0.017638766381048387
LogReg,4,0.25,1.0,crp_dataset_8_1_5.csv|crp_dataset_8_1_7.csv|crp_dataset_8_1_8.csv|crp_dataset_8_1_2.csv,crp_dataset_8_1_6.csv,0.729398678203532,0.8253968253902746,0.7428571428518368,104,22,36,94,0.026928710937499996,0.007936507936507936,0.01899220300099206
LogReg,4,0.25,1.0,crp_dataset_8_1_5.csv|crp_dataset_8_1_7.csv|crp_dataset_8_1_8.csv|crp_dataset_8_1_2.csv,crp_dataset_8_1_4.csv,0.729398678203532,0.9224137930954964,0.816793893123536,107,9,24,116,0.023046875,0.0025862068965517245,0.020460668103448276
LogReg,4,0.25,1.0,crp_dataset_8_1_5.csv|crp_dataset_8_1_7.csv|crp_dataset_8_1_8.csv|crp_dataset_8_1_4.csv,crp_dataset_8_1_1.csv,0.6285815310169842,0.9459459459331628,0.5555555555511463,70,4,56,126,0.0252685546875,0.0011824324324324323,0.02408612225506757
LogReg,4,0.25,1.0,crp_dataset_8_1_5.csv|crp_dataset_8_1_7.csv|crp_dataset_8_1_8.csv|crp_dataset_8_1_4.csv,crp_dataset_8_1_3.csv,0.6285815310169842,0.973913043469792,0.6473988439268937,112,3,61,80,0.0196044921875,0.0007608695652173913,0.018843622622282608
LogReg,4,0.25,1.0,crp_dataset_8_1_5.csv|crp_dataset_8_1_7.csv|crp_dataset_8_1_8.csv|crp_dataset_8_1_4.csv,crp_dataset_8_1_6.csv,0.6285815310169842,0.8736842105171191,0.5928571428529082,83,12,57,104,0.026928710937499996,0.005328947368421052,0.021599763569078945
LogReg,4,0.25,1.0,crp_dataset_8_1_5.csv|crp_dataset_8_1_7.csv|crp_dataset_8_1_8.csv|crp_dataset_8_1_4.csv,crp_dataset_8_1_2.csv,0.6285815310169842,0.9821428571253189,0.4621848739456959,55,1,64,136,0.039453125,0.0010044642857142858,0.03844866071428571
LogReg,4,0.25,1.0,crp_dataset_8_1_5.csv|crp_dataset_8_1_7.csv|crp_dataset_8_1_6.csv|crp_dataset_8_1_2.csv,crp_dataset_8_1_1.csv,0.7256377783271807,0.9315068493023081,0.5396825396782565,68,5,58,125,0.0252685546875,0.0014554794520547946,0.023813075235445205
LogReg,4,0.25,1.0,crp_dataset_8_1_5.csv|crp_dataset_8_1_7.csv|crp_dataset_8_1_6.csv|crp_dataset_8_1_2.csv,crp_dataset_8_1_3.csv,0.7256377783271807,0.973913043469792,0.6473988439268937,112,3,61,80,0.0196044921875,0.0006521739130434782,0.018952318274456523
LogReg,4,0.25,1.0,crp_dataset_8_1_5.csv|crp_dataset_8_1_7.csv|crp_dataset_8_1_6.csv|crp_dataset_8_1_2.csv,crp_dataset_8_1_8.csv,0.7256377783271807,0.8076923076819527,0.4565217391271267,63,15,75,103,0.0283203125,0.005448717948717948,0.022871594551282053
LogReg,4,0.25,1.0,crp_dataset_8_1_5.csv|crp_dataset_8_1_7.csv|crp_dataset_8_1_6.csv|crp_dataset_8_1_2.csv,crp_dataset_8_1_4.csv,0.7256377783271807,0.9464285714201212,0.8091603053373347,106,6,25,119,0.023046875,0.0013950892857142857,0.021651785714285717
LogReg,4,0.25,1.0,crp_dataset_8_1_5.csv|crp_dataset_8_1_7.csv|crp_dataset_8_1_6.csv|crp_dataset_8_1_4.csv,crp_dataset_8_1_1.csv,0.6524263471105747,0.9230769230627218,0.4761904761866969,60,5,66,125,0.0252685546875,0.0016346153846153847,0.023633939302884616
LogReg,4,0.25,1.0,crp_dataset_8_1_5.csv|crp_dataset_8_1_7.csv|crp_dataset_8_1_6.csv|crp_dataset_8_1_4.csv,crp_dataset_8_1_3.csv,0.6524263471105747,0.9411764705803263,0.6473988439268937,112,7,61,76,0.0196044921875,0.0017857142857142859,0.017818777901785713
LogReg,4,0.25,1.0,crp_dataset_8_1_5.csv|crp_dataset_8_1_7.csv|crp_dataset_8_1_6.csv|crp_dataset_8_1_4.csv,crp_dataset_8_1_8.csv,0.6524263471105747,0.8358208955099131,0.40579710144633485,56,11,82,107,0.0283203125,0.004757462686567165,0.023562849813432835
LogReg,4,0.25,1.0,crp_dataset_8_1_5.csv|crp_dataset_8_1_7.csv|crp_dataset_8_1_6.csv|crp_dataset_8_1_4.csv,crp_dataset_8_1_2.csv,0.6524263471105747,0.9999999999777779,0.37815126050102393,45,0,74,137,0.039453125,0.0008333333333333333,0.03861979166666667
LogReg,4,0.25,1.0,crp_dataset_8_1_5.csv|crp_dataset_8_1_7.csv|crp_dataset_8_1_2.csv|crp_dataset_8_1_4.csv,crp_dataset_8_1_1.csv,0.623432120715829,0.9333333333208889,0.5555555555511463,70,5,56,125,0.0252685546875,0.0014166666666666666,0.023851888020833333
LogReg,4,0.25,1.0,crp_dataset_8_1_5.csv|crp_dataset_8_1_7.csv|crp_dataset_8_1_2.csv|crp_dataset_8_1_4.csv,crp_dataset_8_1_3.csv,0.623432120715829,0.973913043469792,0.6473988439268937,112,3,61,80,0.0196044921875,0.0007608695652173913,0.018843622622282608
LogReg,4,0.25,1.0,crp_dataset_8_1_5.csv|crp_dataset_8_1_7.csv|crp_dataset_8_1_2.csv|crp_dataset_8_1_4.csv,crp_dataset_8_1_8.csv,0.623432120715829,0.8068181818090134,0.5144927536194602,71,17,67,101,0.0283203125,0.005255681818181818,0.02306463068181818
LogReg,4,0.25,1.0,crp_dataset_8_1_5.csv|crp_dataset_8_1_7.csv|crp_dataset_8_1_2.csv|crp_dataset_8_1_4.csv,crp_dataset_8_1_6.csv,0.623432120715829,0.9204545454440857,0.5785714285672959,81,7,59,109,0.026928710937499996,0.002627840909090909,0.024300870028409086
LogReg,4,0.25,1.0,crp_dataset_8_1_5.csv|crp_dataset_8_1_1.csv|crp_dataset_8_1_3.csv|crp_dataset_8_1_8.csv,crp_dataset_8_1_7.csv,0.6282347043593622,0.9557522123851516,0.981818181813719,216,10,4,26,0.0095703125,0.001603982300884956,0.007966330199115045
LogReg,4,0.25,1.0,crp_dataset_8_1_5.csv|crp_dataset_8_1_1.csv|crp_dataset_8_1_3.csv|crp_dataset_8_1_8.csv,crp_dataset_8_1_6.csv,0.6282347043593622,0.7749999999951563,0.8857142857079593,124,36,16,80,0.026928710937499996,0.010195312500000001,0.016733398437499995
LogReg,4,0.25,1.0,crp_dataset_8_1_5.csv|crp_dataset_8_1_1.csv|crp_dataset_8_1_3.csv|crp_dataset_8_1_8.csv,crp_dataset_8_1_2.csv,0.6282347043593622,0.9677419354526535,0.252100840334016,30,1,89,136,0.039453125,0.0016129032258064516,0.03784022177419355
LogReg,4,0.25,1.0,crp_dataset_8_1_5.csv|crp_dataset_8_1_1.csv|crp_dataset_8_1_3.csv|crp_dataset_8_1_8.csv,crp_dataset_8_1_4.csv,0.6282347043593622,0.8749999999927083,0.8015267175511335,105,15,26,110,0.023046875,0.004322916666666667,0.018723958333333336
LogReg,4,0.25,1.0,crp_dataset_8_1_5.csv|crp_dataset_8_1_1.csv|crp_dataset_8_1_3.csv|crp_dataset_8_1_6.csv,crp_dataset_8_1_7.csv,0.713634622319932,0.9860465116233208,0.9636363636319836,212,3,8,33,0.0095703125,0.00043604651162790697,0.009134265988372093
LogReg,4,0.25,1.0,crp_dataset_8_1_5.csv|crp_dataset_8_1_1.csv|crp_dataset_8_1_3.csv|crp_dataset_8_1_6.csv,crp_dataset_8_1_8.csv,0.713634622319932,0.8088235293998702,0.39855072463479313,55,13,83,105,0.0283203125,0.005330882352941176,0.022989430147058825
LogReg,4,0.25,1.0,crp_dataset_8_1_5.csv|crp_dataset_8_1_1.csv|crp_dataset_8_1_3.csv|crp_dataset_8_1_6.csv,crp_dataset_8_1_2.csv,0.713634622319932,0.99999999996,0.21008403361167996,25,0,94,137,0.039453125,0.0007500000000000001,0.038703125
LogReg,4,0.25,1.0,crp_dataset_8_1_5.csv|crp_dataset_8_1_1.csv|crp_dataset_8_1_3.csv|crp_dataset_8_1_6.csv,crp_dataset_8_1_4.csv,0.713634622319932,0.979591836724698,0.7328244274753221,96,2,35,123,0.023046875,0.0005739795918367347,0.022472895408163267
LogReg,4,0.25,1.0,crp_dataset_8_1_5.csv|crp_dataset_8_1_1.csv|crp_dataset_8_1_3.csv|crp_dataset_8_1_2.csv,crp_dataset_8_1_7.csv,0.645455456516549,0.9820627802646544,0.9954545454500207,219,4,1,32,0.0095703125,0.0006165919282511211,0.00895372057174888
LogReg,4,0.25,1.0,crp_dataset_8_1_5.csv|crp_dataset_8_1_1.csv|crp_dataset_8_1_3.csv|crp_dataset_8_1_2.csv,crp_dataset_8_1_8.csv,0.645455456516549,0.8172043010664817,0.5507246376771687,76,17,62,101,0.0283203125,0.00504032258064516,0.02327998991935484
LogReg,4,0.25,1.0,crp_dataset_8_1_5.csv|crp_dataset_8_1_1.csv|crp_dataset_8_1_3.csv|crp_dataset_8_1_2.csv,crp_dataset_8_1_6.csv,0.645455456516549,0.8677685950341506,0.749999999994643,105,16,35,100,0.026928710937499996,0.005630165289256198,0.021298545648243798
LogReg,4,0.25,1.0,crp_dataset_8_1_5.csv|crp_dataset_8_1_1.csv|crp_dataset_8_1_3.csv|crp_dataset_8_1_2.csv,crp_dataset_8_1_4.csv,0.645455456516549,0.91304347825293,0.8015267175511335,105,10,26,115,0.023046875,0.003532608695652174,0.019514266304347827
LogReg,4,0.25,1.0,crp_dataset_8_1_5.csv|crp_dataset_8_1_1.csv|crp_dataset_8_1_3.csv|crp_dataset_8_1_4.csv,crp_dataset_8_1_7.csv,0.6361074374006436,0.9730941703992239,0.9863636363591529,217,6,3,30,0.0095703125,0.0009248878923766818,0.008645424607623318
LogReg,4,0.25,1.0,crp_dataset_8_1_5.csv|crp_dataset_8_1_1.csv|crp_dataset_8_1_3.csv|crp_dataset_8_1_4.csv,crp_dataset_8_1_8.csv,0.6361074374006436,0.7971014492638101,0.39855072463479313,55,14,83,104,0.0283203125,0.005434782608695651,0.022885529891304348
LogReg,4,0.25,1.0,crp_dataset_8_1_5.csv|crp_dataset_8_1_1.csv|crp_dataset_8_1_3.csv|crp_dataset_8_1_4.csv,crp_dataset_8_1_6.csv,0.6361074374006436,0.802631578942088,0.871428571422347,122,30,18,86,0.026928710937499996,0.00933388157894737,0.017594829358552624
LogReg,4,0.25,1.0,crp_dataset_8_1_5.csv|crp_dataset_8_1_1.csv|crp_dataset_8_1_3.csv|crp_dataset_8_1_4.csv,crp_dataset_8_1_2.csv,0.6361074374006436,0.999999999952381,0.17647058823381118,21,0,98,137,0.039453125,0.0008928571428571429,0.03856026785714286
LogReg,4,0.25,1.0,crp_dataset_8_1_5.csv|crp_dataset_8_1_1.csv|crp_dataset_8_1_8.csv|crp_dataset_8_1_6.csv,crp_dataset_8_1_7.csv,0.6783439512529326,0.9951923076875232,0.9409090909048141,207,1,13,35,0.0095703125,0.00033052884615384617,0.009239783653846154
LogReg,4,0.25,1.0,crp_dataset_8_1_5.csv|crp_dataset_8_1_1.csv|crp_dataset_8_1_8.csv|crp_dataset_8_1_6.csv,crp_dataset_8_1_3.csv,0.6783439512529326,0.999999999990909,0.635838150285342,110,0,63,83,0.0196044921875,0.0,0.0196044921875
LogReg,4,0.25,1.0,crp_dataset_8_1_5.csv|crp_dataset_8_1_1.csv|crp_dataset_8_1_8.csv|crp_dataset_8_1_6.csv,crp_dataset_8_1_2.csv,0.6783439512529326,0.9999999999655173,0.24369747898954874,29,0,90,137,0.039453125,0.0010775862068965517,0.038375538793103445
LogReg,4,0.25,1.0,crp_dataset_8_1_5.csv|crp_dataset_8_1_1.csv|crp_dataset_8_1_8.csv|crp_dataset_8_1_6.csv,crp_dataset_8_1_4.csv,0.6783439512529326,0.9801980197922753,0.7557251908339259,99,2,32,123,0.023046875,0.0006806930693069308,0.02236618193069307
LogReg,4,0.25,1.0,crp_dataset_8_1_5.csv|crp_dataset_8_1_1.csv|crp_dataset_8_1_8.csv|crp_dataset_8_1_2.csv,crp_dataset_8_1_7.csv,0.6292183764633889,0.9361702127619738,0.9999999999954546,220,15,0,21,0.0095703125,0.0022340425531914895,0.007336269946808511
LogReg,4,0.25,1.0,crp_dataset_8_1_5.csv|crp_dataset_8_1_1.csv|crp_dataset_8_1_8.csv|crp_dataset_8_1_2.csv,crp_dataset_8_1_3.csv,0.6292183764633889,0.909090909085006,0.8092485549086171,140,14,33,69,0.0196044921875,0.004261363636363636,0.015343128551136363
LogReg,4,0.25,1.0,crp_dataset_8_1_5.csv|crp_dataset_8_1_1.csv|crp_dataset_8_1_8.csv|crp_dataset_8_1_2.csv,crp_dataset_8_1_6.csv,0.6292183764633889,0.7662337662287907,0.8428571428511226,118,36,22,80,0.026928710937499996,0.011525974025974025,0.015402736911525971
LogReg,4,0.25,1.0,crp_dataset_8_1_5.csv|crp_dataset_8_1_1.csv|crp_dataset_8_1_8.csv|crp_dataset_8_1_2.csv,crp_dataset_8_1_4.csv,0.6292183764633889,0.8270676691667138,0.8396946564821398,110,23,21,102,0.023046875,0.006531954887218045,0.016514920112781956
LogReg,4,0.25,1.0,crp_dataset_8_1_5.csv|crp_dataset_8_1_1.csv|crp_dataset_8_1_8.csv|crp_dataset_8_1_4.csv,crp_dataset_8_1_7.csv,0.717114144892058,0.9999999999949749,0.904545454541343,199,0,21,36,0.0095703125,9.42211055276382e-05,0.009476091394472362
LogReg,4,0.25,1.0,crp_dataset_8_1_5.csv|crp_dataset_8_1_1.csv|crp_dataset_8_1_8.csv|crp_dataset_8_1_4.csv,crp_dataset_8_1_3.csv,0.717114144892058,0.9999999999901961,0.5895953757191353,102,0,71,83,0.0196044921875,0.0,0.0196044921875
LogReg,4,0.25,1.0,crp_dataset_8_1_5.csv|crp_dataset_8_1_1.csv|crp_dataset_8_1_8.csv|crp_dataset_8_1_4.csv,crp_dataset_8_1_6.csv,0.717114144892058,0.8785046728889859,0.6714285714237755,94,13,46,103,0.026928710937499996,0.004964953271028037,0.021963757666471958
LogReg,4,0.25,1.0,crp_dataset_8_1_5.csv|crp_dataset_8_1_1.csv|crp_dataset_8_1_8.csv|crp_dataset_8_1_4.csv,crp_dataset_8_1_2.csv,0.717114144892058,0.9999999999444444,0.15126050420040957,18,0,101,137,0.039453125,0.0010416666666666669,0.03841145833333333
LogReg,4,0.25,1.0,crp_dataset_8_1_5.csv|crp_dataset_8_1_1.csv|crp_dataset_8_1_6.csv|crp_dataset_8_1_2.csv,crp_dataset_8_1_7.csv,0.6242179170136408,0.956521739126276,0.9999999999954546,220,10,0,26,0.0095703125,0.0014130434782608696,0.008157269021739131
LogReg,4,0.25,1.0,crp_dataset_8_1_5.csv|crp_dataset_8_1_1.csv|crp_dataset_8_1_6.csv|crp_dataset_8_1_2.csv,crp_dataset_8_1_3.csv,0.6242179170136408,0.9749999999918749,0.6763005780307729,117,3,56,80,0.0196044921875,0.0011458333333333333,0.018458658854166667
LogReg,4,0.25,1.0,crp_dataset_8_1_5.csv|crp_dataset_8_1_1.csv|crp_dataset_8_1_6.csv|crp_dataset_8_1_2.csv,crp_dataset_8_1_8.csv,0.6242179170136408,0.8064516128945542,0.543478260865627,75,18,63,100,0.0283203125,0.005309139784946236,0.023011172715053763
LogReg,4,0.25,1.0,crp_dataset_8_1_5.csv|crp_dataset_8_1_1.csv|crp_dataset_8_1_6.csv|crp_dataset_8_1_2.csv,crp_dataset_8_1_4.csv,0.6242179170136408,0.9549549549463517,0.8091603053373347,106,5,25,120,0.023046875,0.0013513513513513512,0.02169552364864865
LogReg,4,0.25,1.0,crp_dataset_8_1_5.csv|crp_dataset_8_1_1.csv|crp_dataset_8_1_6.csv|crp_dataset_8_1_4.csv,crp_dataset_8_1_7.csv,0.6940869827403071,0.9954545454500207,0.9954545454500207,219,1,1,35,0.0095703125,0.0003693181818181818,0.009200994318181818
LogReg,4,0.25,1.0,crp_dataset_8_1_5.csv|crp_dataset_8_1_1.csv|crp_dataset_8_1_6.csv|crp_dataset_8_1_4.csv,crp_dataset_8_1_3.csv,0.6940869827403071,0.9999999999910714,0.6473988439268937,112,0,61,83,0.0196044921875,0.0,0.0196044921875
LogReg,4,0.25,1.0,crp_dataset_8_1_5.csv|crp_dataset_8_1_1.csv|crp_dataset_8_1_6.csv|crp_dataset_8_1_4.csv,crp_dataset_8_1_8.csv,0.6940869827403071,0.8301886792296191,0.3188405797078345,44,9,94,109,0.0283203125,0.004834905660377358,0.023485406839622643
LogReg,4,0.25,1.0,crp_dataset_8_1_5.csv|crp_dataset_8_1_1.csv|crp_dataset_8_1_6.csv|crp_dataset_8_1_4.csv,crp_dataset_8_1_2.csv,0.6940869827403071,0.9999999999642857,0.23529411764508157,28,0,91,137,0.039453125,0.0006696428571428573,0.038783482142857144
LogReg,4,0.25,1.0,crp_dataset_8_1_5.csv|crp_dataset_8_1_1.csv|crp_dataset_8_1_2.csv|crp_dataset_8_1_4.csv,crp_dataset_8_1_7.csv,0.7578267941664011,0.9999999999950981,0.9272727272685124,204,0,16,36,0.0095703125,0.00015318627450980392,0.009417126225490197
LogReg,4,0.25,1.0,crp_dataset_8_1_5.csv|crp_dataset_8_1_1.csv|crp_dataset_8_1_2.csv|crp_dataset_8_1_4.csv,crp_dataset_8_1_3.csv,0.7578267941664011,0.9999999999907407,0.6242774566437903,108,0,65,83,0.0196044921875,0.0,0.0196044921875
LogReg,4,0.25,1.0,crp_dataset_8_1_5.csv|crp_dataset_8_1_1.csv|crp_dataset_8_1_2.csv|crp_dataset_8_1_4.csv,crp_dataset_8_1_8.csv,0.7578267941664011,0.7878787878668503,0.3768115942001681,52,14,86,104,0.0283203125,0.005397727272727273,0.022922585227272727
LogReg,4,0.25,1.0,crp_dataset_8_1_5.csv|crp_dataset_8_1_1.csv|crp_dataset_8_1_2.csv|crp_dataset_8_1_4.csv,crp_dataset_8_1_6.csv,0.7578267941664011,0.9368421052532964,0.635714285709745,89,6,51,110,0.026928710937499996,0.0025,0.024428710937499997
LogReg,4,0.25,1.0,crp_dataset_8_1_5.csv|crp_dataset_8_1_3.csv|crp_dataset_8_1_8.csv|crp_dataset_8_1_6.csv,crp_dataset_8_1_7.csv,0.6713338298017653,0.9952830188632299,0.9590909090865496,211,1,9,35,0.0095703125,0.00029481132075471697,0.009275501179245284
LogReg,4,0.25,1.0,crp_dataset_8_1_5.csv|crp_dataset_8_1_3.csv|crp_dataset_8_1_8.csv|crp_dataset_8_1_6.csv,crp_dataset_8_1_1.csv,0.6713338298017653,0.9487179487057856,0.5873015872969262,74,4,52,126,0.0252685546875,0.0011217948717948717,0.02414675981570513
LogReg,4,0.25,1.0,crp_dataset_8_1_5.csv|crp_dataset_8_1_3.csv|crp_dataset_8_1_8.csv|crp_dataset_8_1_6.csv,crp_dataset_8_1_2.csv,0.6713338298017653,0.9999999999705883,0.28571428571188473,34,0,85,137,0.039453125,0.0009191176470588235,0.03853400735294118
LogReg,4,0.25,1.0,crp_dataset_8_1_5.csv|crp_dataset_8_1_3.csv|crp_dataset_8_1_8.csv|crp_dataset_8_1_6.csv,crp_dataset_8_1_4.csv,0.6713338298017653,0.9599999999904,0.7328244274753221,96,4,35,121,0.023046875,0.00125,0.021796875
LogReg,4,0.25,1.0,crp_dataset_8_1_5.csv|crp_dataset_8_1_3.csv|crp_dataset_8_1_8.csv|crp_dataset_8_1_2.csv,crp_dataset_8_1_7.csv,0.7416700474787616,0.990740740736154,0.9727272727228513,214,2,6,34,0.0095703125,0.0003761574074074074,0.009194155092592594
LogReg,4,0.25,1.0,crp_dataset_8_1_5.csv|crp_dataset_8_1_3.csv|crp_dataset_8_1_8.csv|crp_dataset_8_1_2.csv,crp_dataset_8_1_1.csv,0.7416700474787616,0.9480519480396357,0.5793650793604812,73,4,53,126,0.0252685546875,0.0011363636363636363,0.024132191051136363
LogReg,4,0.25,1.0,crp_dataset_8_1_5.csv|crp_dataset_8_1_3.csv|crp_dataset_8_1_8.csv|crp_dataset_8_1_2.csv,crp_dataset_8_1_6.csv,0.7416700474787616,0.8360655737636388,0.7285714285662246,102,20,38,96,0.026928710937499996,0.006608606557377049,0.020320104380122946
LogReg,4,0.25,1.0,crp_dataset_8_1_5.csv|crp_dataset_8_1_3.csv|crp_dataset_8_1_8.csv|crp_dataset_8_1_2.csv,crp_dataset_8_1_4.csv,0.7416700474787616,0.9711538461445081,0.7709923664063284,101,3,30,122,0.023046875,0.0013822115384615385,0.021664663461538464
LogReg,4,0.25,1.0,crp_dataset_8_1_5.csv|crp_dataset_8_1_3.csv|crp_dataset_8_1_8.csv|crp_dataset_8_1_4.csv,crp_dataset_8_1_7.csv,0.689917620717493,0.9716981132029637,0.9363636363593802,206,6,14,30,0.0095703125,0.0008549528301886793,0.008715359669811322
LogReg,4,0.25,1.0,crp_dataset_8_1_5.csv|crp_dataset_8_1_3.csv|crp_dataset_8_1_8.csv|crp_dataset_8_1_4.csv,crp_dataset_8_1_1.csv,0.689917620717493,0.9444444444313271,0.5396825396782565,68,4,58,126,0.0252685546875,0.0012152777777777778,0.024053276909722223
LogReg,4,0.25,1.0,crp_dataset_8_1_5.csv|crp_dataset_8_1_3.csv|crp_dataset_8_1_8.csv|crp_dataset_8_1_4.csv,crp_dataset_8_1_6.csv,0.689917620717493,0.8608695652099054,0.7071428571378062,99,16,41,100,0.026928710937499996,0.00592391304347826,0.021004797894021737
LogReg,4,0.25,1.0,crp_dataset_8_1_5.csv|crp_dataset_8_1_3.csv|crp_dataset_8_1_8.csv|crp_dataset_8_1_4.csv,crp_dataset_8_1_2.csv,0.689917620717493,0.9999999999666667,0.252100840334016,30,0,89,137,0.039453125,0.0008333333333333334,0.03861979166666667
LogReg,4,0.25,1.0,crp_dataset_8_1_5.csv|crp_dataset_8_1_3.csv|crp_dataset_8_1_6.csv|crp_dataset_8_1_2.csv,crp_dataset_8_1_7.csv,0.6081561569508399,0.9442060085796387,0.9999999999954546,220,13,0,23,0.0095703125,0.0017972103004291844,0.007773102199570816
LogReg,4,0.25,1.0,crp_dataset_8_1_5.csv|crp_dataset_8_1_3.csv|crp_dataset_8_1_6.csv|crp_dataset_8_1_2.csv,crp_dataset_8_1_1.csv,0.6081561569508399,0.9186046511521092,0.6269841269791508,79,7,47,123,0.0252685546875,0.0017441860465116279,0.02352436864098837
LogReg,4,0.25,1.0,crp_dataset_8_1_5.csv|crp_dataset_8_1_3.csv|crp_dataset_8_1_6.csv|crp_dataset_8_1_2.csv,crp_dataset_8_1_8.csv,0.6081561569508399,0.816326530603915,0.5797101449233355,80,18,58,100,0.0283203125,0.00510204081632653,0.02321827168367347
LogReg,4,0.25,1.0,crp_dataset_8_1_5.csv|crp_dataset_8_1_3.csv|crp_dataset_8_1_6.csv|crp_dataset_8_1_2.csv,crp_dataset_8_1_4.csv,0.6081561569508399,0.87999999999296,0.8396946564821398,110,15,21,110,0.023046875,0.00415,0.018896875
LogReg,4,0.25,1.0,crp_dataset_8_1_5.csv|crp_dataset_8_1_3.csv|crp_dataset_8_1_6.csv|crp_dataset_8_1_4.csv,crp_dataset_8_1_7.csv,0.7453701199044511,0.9772727272682852,0.9772727272682852,215,5,5,31,0.0095703125,0.0006534090909090909,0.008916903409090909
LogReg,4,0.25,1.0,crp_dataset_8_1_5.csv|crp_dataset_8_1_3.csv|crp_dataset_8_1_6.csv|crp_dataset_8_1_4.csv,crp_dataset_8_1_1.csv,0.7453701199044511,0.9310344827425684,0.4285714285680272,54,4,72,126,0.0252685546875,0.0015086206896551724,0.023759933997844828
LogReg,4,0.25,1.0,crp_dataset_8_1_5.csv|crp_dataset_8_1_3.csv|crp_dataset_8_1_6.csv|crp_dataset_8_1_4.csv,crp_dataset_8_1_8.csv,0.7453701199044511,0.84615384613215,0.2391304347808759,33,6,105,112,0.0283203125,0.004647435897435898,0.0236728766025641
LogReg,4,0.25,1.0,crp_dataset_8_1_5.csv|crp_dataset_8_1_3.csv|crp_dataset_8_1_6.csv|crp_dataset_8_1_4.csv,crp_dataset_8_1_2.csv,0.7453701199044511,0.9999999999411765,0.14285714285594237,17,0,102,137,0.039453125,0.0011029411764705884,0.03835018382352941
LogReg,4,0.25,1.0,crp_dataset_8_1_5.csv|crp_dataset_8_1_3.csv|crp_dataset_8_1_2.csv|crp_dataset_8_1_4.csv,crp_dataset_8_1_7.csv,0.7955726455049585,0.9862385321055678,0.9772727272682852,215,3,5,33,0.0095703125,0.00045871559633027525,0.009111596903669725
LogReg,4,0.25,1.0,crp_dataset_8_1_5.csv|crp_dataset_8_1_3.csv|crp_dataset_8_1_2.csv|crp_dataset_8_1_4.csv,crp_dataset_8_1_1.csv,0.7955726455049585,0.9444444444313271,0.5396825396782565,68,4,58,126,0.0252685546875,0.0012152777777777778,0.024053276909722223
LogReg,4,0.25,1.0,crp_dataset_8_1_5.csv|crp_dataset_8_1_3.csv|crp_dataset_8_1_2.csv|crp_dataset_8_1_4.csv,crp_dataset_8_1_8.csv,0.7955726455049585,0.822580645148023,0.36956521738862635,51,11,87,107,0.0283203125,0.004939516129032258,0.02338079637096774
LogReg,4,0.25,1.0,crp_dataset_8_1_5.csv|crp_dataset_8_1_3.csv|crp_dataset_8_1_2.csv|crp_dataset_8_1_4.csv,crp_dataset_8_1_6.csv,0.7955726455049585,0.8867924528218227,0.6714285714237755,94,12,46,104,0.026928710937499996,0.004658018867924528,0.02227069206957547
LogReg,4,0.25,1.0,crp_dataset_8_1_5.csv|crp_dataset_8_1_8.csv|crp_dataset_8_1_6.csv|crp_dataset_8_1_2.csv,crp_dataset_8_1_7.csv,0.6217857741167349,0.9649122806975223,0.9999999999954546,220,8,0,28,0.0095703125,0.0010690789473684211,0.00850123355263158
LogReg,4,0.25,1.0,crp_dataset_8_1_5.csv|crp_dataset_8_1_8.csv|crp_dataset_8_1_6.csv|crp_dataset_8_1_2.csv,crp_dataset_8_1_1.csv,0.6217857741167349,0.9534883720819362,0.6507936507884857,82,4,44,126,0.0252685546875,0.0010901162790697674,0.024178438408430234
LogReg,4,0.25,1.0,crp_dataset_8_1_5.csv|crp_dataset_8_1_8.csv|crp_dataset_8_1_6.csv|crp_dataset_8_1_2.csv,crp_dataset_8_1_3.csv,0.6217857741167349,0.968503937000248,0.7109826589554279,123,4,50,79,0.0196044921875,0.0011811023622047244,0.018423389825295275
LogReg,4,0.25,1.0,crp_dataset_8_1_5.csv|crp_dataset_8_1_8.csv|crp_dataset_8_1_6.csv|crp_dataset_8_1_2.csv,crp_dataset_8_1_4.csv,0.6217857741167349,0.9051724137853002,0.8015267175511335,105,11,26,114,0.023046875,0.003448275862068966,0.019598599137931036
LogReg,4,0.25,1.0,crp_dataset_8_1_5.csv|crp_dataset_8_1_8.csv|crp_dataset_8_1_6.csv|crp_dataset_8_1_4.csv,crp_dataset_8_1_7.csv,0.6082135490339453,0.9953703703657623,0.9772727272682852,215,1,5,35,0.0095703125,0.0003761574074074074,0.009194155092592594
LogReg,4,0.25,1.0,crp_dataset_8_1_5.csv|crp_dataset_8_1_8.csv|crp_dataset_8_1_6.csv|crp_dataset_8_1_4.csv,crp_dataset_8_1_1.csv,0.6082135490339453,0.9473684210401662,0.5714285714240362,72,4,54,126,0.0252685546875,0.001151315789473684,0.024117238898026316
LogReg,4,0.25,1.0,crp_dataset_8_1_5.csv|crp_dataset_8_1_8.csv|crp_dataset_8_1_6.csv|crp_dataset_8_1_4.csv,crp_dataset_8_1_3.csv,0.6082135490339453,0.9915966386471294,0.6820809248515487,118,1,55,82,0.0196044921875,0.0005252100840336134,0.019079282103466384
LogReg,4,0.25,1.0,crp_dataset_8_1_5.csv|crp_dataset_8_1_8.csv|crp_dataset_8_1_6.csv|crp_dataset_8_1_4.csv,crp_dataset_8_1_2.csv,0.6082135490339453,0.9999999999705883,0.28571428571188473,34,0,85,137,0.039453125,0.0009191176470588235,0.03853400735294118
LogReg,4,0.25,1.0,crp_dataset_8_1_5.csv|crp_dataset_8_1_8.csv|crp_dataset_8_1_2.csv|crp_dataset_8_1_4.csv,crp_dataset_8_1_7.csv,0.7443486569578525,0.999999999994898,0.8909090909050413,196,0,24,36,0.0095703125,9.566326530612246e-05,0.009474649234693879
LogReg,4,0.25,1.0,crp_dataset_8_1_5.csv|crp_dataset_8_1_8.csv|crp_dataset_8_1_2.csv|crp_dataset_8_1_4.csv,crp_dataset_8_1_1.csv,0.7443486569578525,0.9452054794391067,0.5476190476147014,69,4,57,126,0.0252685546875,0.0011986301369863012,0.0240699245505137
LogReg,4,0.25,1.0,crp_dataset_8_1_5.csv|crp_dataset_8_1_8.csv|crp_dataset_8_1_2.csv|crp_dataset_8_1_4.csv,crp_dataset_8_1_3.csv,0.7443486569578525,0.9999999999904762,0.6069364161814629,105,0,68,83,0.0196044921875,0.0,0.0196044921875
LogReg,4,0.25,1.0,crp_dataset_8_1_5.csv|crp_dataset_8_1_8.csv|crp_dataset_8_1_2.csv|crp_dataset_8_1_4.csv,crp_dataset_8_1_6.csv,0.7443486569578525,0.9629629629510745,0.5571428571388776,78,3,62,113,0.026928710937499996,0.001080246913580247,0.02584846402391975
LogReg,4,0.25,1.0,crp_dataset_8_1_5.csv|crp_dataset_8_1_6.csv|crp_dataset_8_1_2.csv|crp_dataset_8_1_4.csv,crp_dataset_8_1_7.csv,0.803080068221643,0.9999999999952831,0.9636363636319836,212,0,8,36,0.0095703125,0.0002358490566037736,0.009334463443396227
LogReg,4,0.25,1.0,crp_dataset_8_1_5.csv|crp_dataset_8_1_6.csv|crp_dataset_8_1_2.csv|crp_dataset_8_1_4.csv,crp_dataset_8_1_1.csv,0.803080068221643,0.949152542356794,0.4444444444409171,56,3,70,127,0.0252685546875,0.001059322033898305,0.024209232653601694
LogReg,4,0.25,1.0,crp_dataset_8_1_5.csv|crp_dataset_8_1_6.csv|crp_dataset_8_1_2.csv|crp_dataset_8_1_4.csv,crp_dataset_8_1_3.csv,0.803080068221643,0.9999999999906541,0.6184971098230145,107,0,66,83,0.0196044921875,0.0,0.0196044921875
LogReg,4,0.25,1.0,crp_dataset_8_1_5.csv|crp_dataset_8_1_6.csv|crp_dataset_8_1_2.csv|crp_dataset_8_1_4.csv,crp_dataset_8_1_8.csv,0.803080068221643,0.8518518518360769,0.3333333333309179,46,8,92,110,0.0283203125,0.004282407407407408,0.02403790509259259
LogReg,4,0.25,1.0,crp_dataset_8_1_7.csv|crp_dataset_8_1_1.csv|crp_dataset_8_1_3.csv|crp_dataset_8_1_8.csv,crp_dataset_8_1_5.csv,0.6510639546323551,0.9374999999853515,0.599999999994,60,4,40,152,0.039282226562499994,0.00234375,0.036938476562499996
LogReg,4,0.25,1.0,crp_dataset_8_1_7.csv|crp_dataset_8_1_1.csv|crp_dataset_8_1_3.csv|crp_dataset_8_1_8.csv,crp_dataset_8_1_6.csv,0.6510639546323551,0.7876712328713174,0.8214285714227041,115,31,25,85,0.026928710937499996,0.010188356164383561,0.016740354773116434
LogReg,4,0.25,1.0,crp_dataset_8_1_7.csv|crp_dataset_8_1_1.csv|crp_dataset_8_1_3.csv|crp_dataset_8_1_8.csv,crp_dataset_8_1_2.csv,0.6510639546323551,0.9999999999743591,0.3277310924342207,39,0,80,137,0.039453125,0.0011217948717948717,0.038331330128205124
LogReg,4,0.25,1.0,crp_dataset_8_1_7.csv|crp_dataset_8_1_1.csv|crp_dataset_8_1_3.csv|crp_dataset_8_1_8.csv,crp_dataset_8_1_4.csv,0.6510639546323551,0.855999999993152,0.816793893123536,107,18,24,107,0.023046875,0.005600000000000001,0.017446875
LogReg,4,0.25,1.0,crp_dataset_8_1_7.csv|crp_dataset_8_1_1.csv|crp_dataset_8_1_3.csv|crp_dataset_8_1_6.csv,crp_dataset_8_1_5.csv,0.6850072298036077,0.9999999999807693,0.5199999999948,52,0,48,156,0.039282226562499994,0.0009615384615384616,0.038320688100961536
LogReg,4,0.25,1.0,crp_dataset_8_1_7.csv|crp_dataset_8_1_1.csv|crp_dataset_8_1_3.csv|crp_dataset_8_1_6.csv,crp_dataset_8_1_8.csv,0.6850072298036077,0.7948717948616042,0.449275362315585,62,16,76,102,0.0283203125,0.005528846153846152,0.02279146634615385
LogReg,4,0.25,1.0,crp_dataset_8_1_7.csv|crp_dataset_8_1_1.csv|crp_dataset_8_1_3.csv|crp_dataset_8_1_6.csv,crp_dataset_8_1_2.csv,0.6850072298036077,0.9999999999687501,0.2689075630229503,32,0,87,137,0.039453125,0.0009765625,0.0384765625
LogReg,4,0.25,1.0,crp_dataset_8_1_7.csv|crp_dataset_8_1_1.csv|crp_dataset_8_1_3.csv|crp_dataset_8_1_6.csv,crp_dataset_8_1_4.csv,0.6850072298036077,0.9619047618956009,0.7709923664063284,101,4,30,121,0.023046875,0.00125,0.021796875
LogReg,4,0.25,1.0,crp_dataset_8_1_7.csv|crp_dataset_8_1_1.csv|crp_dataset_8_1_3.csv|crp_dataset_8_1_2.csv,crp_dataset_8_1_5.csv,0.6271212922684913,0.8873239436494743,0.6299999999936999,63,8,37,148,0.039282226562499994,0.0037852112676056335,0.03549701529489436
LogReg,4,0.25,1.0,crp_dataset_8_1_7.csv|crp_dataset_8_1_1.csv|crp_dataset_8_1_3.csv|crp_dataset_8_1_2.csv,crp_dataset_8_1_8.csv,0.6271212922684913,0.8039215686195693,0.5942028985464188,82,20,56,98,0.0283203125,0.005208333333333332,0.023111979166666668
LogReg,4,0.25,1.0,crp_dataset_8_1_7.csv|crp_dataset_8_1_1.csv|crp_dataset_8_1_3.csv|crp_dataset_8_1_2.csv,crp_dataset_8_1_6.csv,0.6271212922684913,0.8029197080233365,0.7857142857086735,110,27,30,89,0.026928710937499996,0.00958029197080292,0.017348418966697074
LogReg,4,0.25,1.0,crp_dataset_8_1_7.csv|crp_dataset_8_1_1.csv|crp_dataset_8_1_3.csv|crp_dataset_8_1_2.csv,crp_dataset_8_1_4.csv,0.6271212922684913,0.8527131782879636,0.8396946564821398,110,19,21,106,0.023046875,0.005087209302325582,0.017959665697674418
LogReg,4,0.25,1.0,crp_dataset_8_1_7.csv|crp_dataset_8_1_1.csv|crp_dataset_8_1_3.csv|crp_dataset_8_1_4.csv,crp_dataset_8_1_5.csv,0.6704943266651314,0.9999999999743591,0.38999999999609997,39,0,61,156,0.039282226562499994,0.0003205128205128205,0.038961713741987175
LogReg,4,0.25,1.0,crp_dataset_8_1_7.csv|crp_dataset_8_1_1.csv|crp_dataset_8_1_3.csv|crp_dataset_8_1_4.csv,crp_dataset_8_1_8.csv,0.6704943266651314,0.7846153846033136,0.36956521738862635,51,14,87,104,0.0283203125,0.0055769230769230765,0.022743389423076923
LogReg,4,0.25,1.0,crp_dataset_8_1_7.csv|crp_dataset_8_1_1.csv|crp_dataset_8_1_3.csv|crp_dataset_8_1_4.csv,crp_dataset_8_1_6.csv,0.6704943266651314,0.8085106382921383,0.814285714279898,114,27,26,89,0.026928710937499996,0.008909574468085107,0.018019136469414887
LogReg,4,0.25,1.0,crp_dataset_8_1_7.csv|crp_dataset_8_1_1.csv|crp_dataset_8_1_3.csv|crp_dataset_8_1_4.csv,crp_dataset_8_1_2.csv,0.6704943266651314,0.9999999999411765,0.14285714285594237,17,0,102,137,0.039453125,0.0011029411764705884,0.03835018382352941
LogReg,4,0.25,1.0,crp_dataset_8_1_7.csv|crp_dataset_8_1_1.csv|crp_dataset_8_1_8.csv|crp_dataset_8_1_6.csv,crp_dataset_8_1_5.csv,0.6020425840963574,0.8684210526201523,0.6599999999934,66,10,34,146,0.039282226562499994,0.004111842105263158,0.03517038445723684
LogReg,4,0.25,1.0,crp_dataset_8_1_7.csv|crp_dataset_8_1_1.csv|crp_dataset_8_1_8.csv|crp_dataset_8_1_6.csv,crp_dataset_8_1_3.csv,0.6020425840963574,0.943999999992448,0.6820809248515487,118,7,55,76,0.0196044921875,0.0025499999999999997,0.0170544921875
LogReg,4,0.25,1.0,crp_dataset_8_1_7.csv|crp_dataset_8_1_1.csv|crp_dataset_8_1_8.csv|crp_dataset_8_1_6.csv,crp_dataset_8_1_2.csv,0.6020425840963574,0.9677419354682623,0.504201680668032,60,2,59,135,0.039453125,0.001612903225806452,0.03784022177419355
LogReg,4,0.25,1.0,crp_dataset_8_1_7.csv|crp_dataset_8_1_1.csv|crp_dataset_8_1_8.csv|crp_dataset_8_1_6.csv,crp_dataset_8_1_4.csv,0.6020425840963574,0.8629032257994927,0.816793893123536,107,17,24,108,0.023046875,0.005191532258064516,0.017855342741935485
LogReg,4,0.25,1.0,crp_dataset_8_1_7.csv|crp_dataset_8_1_1.csv|crp_dataset_8_1_8.csv|crp_dataset_8_1_2.csv,crp_dataset_8_1_5.csv,0.6940065478414221,0.8799999999882666,0.6599999999934,66,9,34,147,0.039282226562499994,0.003916666666666666,0.03536555989583333
LogReg,4,0.25,1.0,crp_dataset_8_1_7.csv|crp_dataset_8_1_1.csv|crp_dataset_8_1_8.csv|crp_dataset_8_1_2.csv,crp_dataset_8_1_3.csv,0.6940065478414221,0.9495798319247934,0.6531791907476695,113,6,60,77,0.0196044921875,0.0015756302521008404,0.018028861935399158
LogReg,4,0.25,1.0,crp_dataset_8_1_7.csv|crp_dataset_8_1_1.csv|crp_dataset_8_1_8.csv|crp_dataset_8_1_2.csv,crp_dataset_8_1_6.csv,0.6940065478414221,0.8380952380872562,0.6285714285669388,88,17,52,99,0.026928710937499996,0.006726190476190477,0.02020252046130952
LogReg,4,0.25,1.0,crp_dataset_8_1_7.csv|crp_dataset_8_1_1.csv|crp_dataset_8_1_8.csv|crp_dataset_8_1_2.csv,crp_dataset_8_1_4.csv,0.6940065478414221,0.9075630252024575,0.8244274809097373,108,11,23,114,0.023046875,0.002993697478991597,0.020053177521008405
LogReg,4,0.25,1.0,crp_dataset_8_1_7.csv|crp_dataset_8_1_1.csv|crp_dataset_8_1_8.csv|crp_dataset_8_1_4.csv,crp_dataset_8_1_5.csv,0.6261341113197282,0.9264705882216695,0.6299999999936999,63,5,37,151,0.039282226562499994,0.002481617647058824,0.03680060891544117
LogReg,4,0.25,1.0,crp_dataset_8_1_7.csv|crp_dataset_8_1_1.csv|crp_dataset_8_1_8.csv|crp_dataset_8_1_4.csv,crp_dataset_8_1_3.csv,0.6261341113197282,0.9999999999910714,0.6473988439268937,112,0,61,83,0.0196044921875,0.0,0.0196044921875
LogReg,4,0.25,1.0,crp_dataset_8_1_7.csv|crp_dataset_8_1_1.csv|crp_dataset_8_1_8.csv|crp_dataset_8_1_4.csv,crp_dataset_8_1_6.csv,0.6261341113197282,0.8504672897116778,0.6499999999953572,91,16,49,100,0.026928710937499996,0.006366822429906542,0.020561888507593454
LogReg,4,0.25,1.0,crp_dataset_8_1_7.csv|crp_dataset_8_1_1.csv|crp_dataset_8_1_8.csv|crp_dataset_8_1_4.csv,crp_dataset_8_1_2.csv,0.6261341113197282,0.9999999999772728,0.3697478991565567,44,0,75,137,0.039453125,0.0008522727272727272,0.03860085227272727
LogReg,4,0.25,1.0,crp_dataset_8_1_7.csv|crp_dataset_8_1_1.csv|crp_dataset_8_1_6.csv|crp_dataset_8_1_2.csv,crp_dataset_8_1_5.csv,0.8362369879523976,0.9516129032104579,0.5899999999941,59,3,41,153,0.039282226562499994,0.0018145161290322581,0.037467710433467735
LogReg,4,0.25,1.0,crp_dataset_8_1_7.csv|crp_dataset_8_1_1.csv|crp_dataset_8_1_6.csv|crp_dataset_8_1_2.csv,crp_dataset_8_1_3.csv,0.8362369879523976,0.9999999999904762,0.6069364161814629,105,0,68,83,0.0196044921875,0.0,0.0196044921875
LogReg,4,0.25,1.0,crp_dataset_8_1_7.csv|crp_dataset_8_1_1.csv|crp_dataset_8_1_6.csv|crp_dataset_8_1_2.csv,crp_dataset_8_1_8.csv,0.8362369879523976,0.822580645148023,0.36956521738862635,51,11,87,107,0.0283203125,0.005141129032258063,0.023179183467741938
LogReg,4,0.25,1.0,crp_dataset_8_1_7.csv|crp_dataset_8_1_1.csv|crp_dataset_8_1_6.csv|crp_dataset_8_1_2.csv,crp_dataset_8_1_4.csv,0.8362369879523976,0.9899999999900999,0.7557251908339259,99,1,32,124,0.023046875,0.00037500000000000006,0.022671875
LogReg,4,0.25,1.0,crp_dataset_8_1_7.csv|crp_dataset_8_1_1.csv|crp_dataset_8_1_6.csv|crp_dataset_8_1_4.csv,crp_dataset_8_1_5.csv,0.7371209799211449,0.9999999999803922,0.5099999999949,51,0,49,156,0.039282226562499994,0.000857843137254902,0.038424383425245096
LogReg,4,0.25,1.0,crp_dataset_8_1_7.csv|crp_dataset_8_1_1.csv|crp_dataset_8_1_6.csv|crp_dataset_8_1_4.csv,crp_dataset_8_1_3.csv,0.7371209799211449,0.9999999999906541,0.6184971098230145,107,0,66,83,0.0196044921875,0.0,0.0196044921875
LogReg,4,0.25,1.0,crp_dataset_8_1_7.csv|crp_dataset_8_1_1.csv|crp_dataset_8_1_6.csv|crp_dataset_8_1_4.csv,crp_dataset_8_1_8.csv,0.7371209799211449,0.8076923076767752,0.30434782608475114,42,10,96,108,0.0283203125,0.005288461538461539,0.02303185096153846
LogReg,4,0.25,1.0,crp_dataset_8_1_7.csv|crp_dataset_8_1_1.csv|crp_dataset_8_1_6.csv|crp_dataset_8_1_4.csv,crp_dataset_8_1_2.csv,0.7371209799211449,0.99999999996,0.21008403361167996,25,0,94,137,0.039453125,0.001,0.038453125
LogReg,4,0.25,1.0,crp_dataset_8_1_7.csv|crp_dataset_8_1_1.csv|crp_dataset_8_1_2.csv|crp_dataset_8_1_4.csv,crp_dataset_8_1_5.csv,0.6551921766221878,0.8860759493558724,0.699999999993,70,9,30,147,0.039282226562499994,0.003085443037974684,0.03619678352452531
LogReg,4,0.25,1.0,crp_dataset_8_1_7.csv|crp_dataset_8_1_1.csv|crp_dataset_8_1_2.csv|crp_dataset_8_1_4.csv,crp_dataset_8_1_3.csv,0.6551921766221878,0.9824561403422591,0.6473988439268937,112,2,61,81,0.0196044921875,0.0005482456140350877,0.019056246573464913
LogReg,4,0.25,1.0,crp_dataset_8_1_7.csv|crp_dataset_8_1_1.csv|crp_dataset_8_1_2.csv|crp_dataset_8_1_4.csv,crp_dataset_8_1_8.csv,0.6551921766221878,0.8085106382892712,0.5507246376771687,76,18,62,100,0.0283203125,0.005252659574468085,0.023067652925531916
LogReg,4,0.25,1.0,crp_dataset_8_1_7.csv|crp_dataset_8_1_1.csv|crp_dataset_8_1_2.csv|crp_dataset_8_1_4.csv,crp_dataset_8_1_6.csv,0.6551921766221878,0.881720430098046,0.5857142857101021,82,11,58,105,0.026928710937499996,0.004838709677419355,0.022090001260080643
LogReg,4,0.25,1.0,crp_dataset_8_1_7.csv|crp_dataset_8_1_3.csv|crp_dataset_8_1_8.csv|crp_dataset_8_1_6.csv,crp_dataset_8_1_5.csv,0.6116061361944788,0.8333333333234126,0.699999999993,70,14,30,142,0.039282226562499994,0.005133928571428571,0.03414829799107142
LogReg,4,0.25,1.0,crp_dataset_8_1_7.csv|crp_dataset_8_1_3.csv|crp_dataset_8_1_8.csv|crp_dataset_8_1_6.csv,crp_dataset_8_1_1.csv,0.6116061361944788,0.9166666666557539,0.611111111106261,77,7,49,123,0.0252685546875,0.0017857142857142857,0.023482840401785714
LogReg,4,0.25,1.0,crp_dataset_8_1_7.csv|crp_dataset_8_1_3.csv|crp_dataset_8_1_8.csv|crp_dataset_8_1_6.csv,crp_dataset_8_1_2.csv,0.6116061361944788,0.9154929577335845,0.5462184873903679,65,6,54,131,0.039453125,0.002200704225352113,0.03725242077464788
LogReg,4,0.25,1.0,crp_dataset_8_1_7.csv|crp_dataset_8_1_3.csv|crp_dataset_8_1_8.csv|crp_dataset_8_1_6.csv,crp_dataset_8_1_4.csv,0.6116061361944788,0.8780487804806663,0.8244274809097373,108,15,23,110,0.023046875,0.00426829268292683,0.018778582317073172
LogReg,4,0.25,1.0,crp_dataset_8_1_7.csv|crp_dataset_8_1_3.csv|crp_dataset_8_1_8.csv|crp_dataset_8_1_2.csv,crp_dataset_8_1_5.csv,0.6359429053671167,0.8043478260782135,0.7399999999926,74,18,26,138,0.039282226562499994,0.005978260869565218,0.03330396569293478
LogReg,4,0.25,1.0,crp_dataset_8_1_7.csv|crp_dataset_8_1_3.csv|crp_dataset_8_1_8.csv|crp_dataset_8_1_2.csv,crp_dataset_8_1_1.csv,0.6359429053671167,0.8899999999911,0.7063492063436004,89,11,37,119,0.0252685546875,0.0030624999999999997,0.0222060546875
LogReg,4,0.25,1.0,crp_dataset_8_1_7.csv|crp_dataset_8_1_3.csv|crp_dataset_8_1_8.csv|crp_dataset_8_1_2.csv,crp_dataset_8_1_6.csv,0.6359429053671167,0.829059829052743,0.6928571428521939,97,20,43,96,0.026928710937499996,0.00689102564102564,0.020037685296474355
LogReg,4,0.25,1.0,crp_dataset_8_1_7.csv|crp_dataset_8_1_3.csv|crp_dataset_8_1_8.csv|crp_dataset_8_1_2.csv,crp_dataset_8_1_4.csv,0.6359429053671167,0.8345864661591386,0.8473282442683411,111,22,20,103,0.023046875,0.006109022556390977,0.016937852443609024
LogReg,4,0.25,1.0,crp_dataset_8_1_7.csv|crp_dataset_8_1_3.csv|crp_dataset_8_1_8.csv|crp_dataset_8_1_4.csv,crp_dataset_8_1_5.csv,0.7444925222949214,0.9062499999858398,0.5799999999941999,58,6,42,150,0.039282226562499994,0.0028320312500000003,0.036450195312499996
LogReg,4,0.25,1.0,crp_dataset_8_1_7.csv|crp_dataset_8_1_3.csv|crp_dataset_8_1_8.csv|crp_dataset_8_1_4.csv,crp_dataset_8_1_1.csv,0.7444925222949214,0.9117647058689445,0.49206349205958677,62,6,64,124,0.0252685546875,0.002205882352941177,0.023062672334558824
LogReg,4,0.25,1.0,crp_dataset_8_1_7.csv|crp_dataset_8_1_3.csv|crp_dataset_8_1_8.csv|crp_dataset_8_1_4.csv,crp_dataset_8_1_6.csv,0.7444925222949214,0.8383838383753698,0.5928571428529082,83,16,57,100,0.026928710937499996,0.006881313131313131,0.020047397806186865
LogReg,4,0.25,1.0,crp_dataset_8_1_7.csv|crp_dataset_8_1_3.csv|crp_dataset_8_1_8.csv|crp_dataset_8_1_4.csv,crp_dataset_8_1_2.csv,0.7444925222949214,0.974999999975625,0.3277310924342207,39,1,80,136,0.039453125,0.0009375000000000002,0.038515625
LogReg,4,0.25,1.0,crp_dataset_8_1_7.csv|crp_dataset_8_1_3.csv|crp_dataset_8_1_6.csv|crp_dataset_8_1_2.csv,crp_dataset_8_1_5.csv,0.7806627925178846,0.8918918918798393,0.6599999999934,66,8,34,148,0.039282226562499994,0.0030405405405405407,0.03624168602195946
LogReg,4,0.25,1.0,crp_dataset_8_1_7.csv|crp_dataset_8_1_3.csv|crp_dataset_8_1_6.csv|crp_dataset_8_1_2.csv,crp_dataset_8_1_1.csv,0.7806627925178846,0.9333333333208889,0.5555555555511463,70,5,56,125,0.0252685546875,0.0014166666666666666,0.023851888020833333
LogReg,4,0.25,1.0,crp_dataset_8_1_7.csv|crp_dataset_8_1_3.csv|crp_dataset_8_1_6.csv|crp_dataset_8_1_2.csv,crp_dataset_8_1_8.csv,0.7806627925178846,0.8085106382892712,0.5507246376771687,76,18,62,100,0.0283203125,0.005252659574468085,0.023067652925531916
LogReg,4,0.25,1.0,crp_dataset_8_1_7.csv|crp_dataset_8_1_3.csv|crp_dataset_8_1_6.csv|crp_dataset_8_1_2.csv,crp_dataset_8_1_4.csv,0.7806627925178846,0.9464285714201212,0.8091603053373347,106,6,25,119,0.023046875,0.001841517857142857,0.021205357142857144
LogReg,4,0.25,1.0,crp_dataset_8_1_7.csv|crp_dataset_8_1_3.csv|crp_dataset_8_1_6.csv|crp_dataset_8_1_4.csv,crp_dataset_8_1_5.csv,0.6882259158520813,0.9999999999803922,0.5099999999949,51,0,49,156,0.039282226562499994,0.0006127450980392157,0.03866948146446078
LogReg,4,0.25,1.0,crp_dataset_8_1_7.csv|crp_dataset_8_1_3.csv|crp_dataset_8_1_6.csv|crp_dataset_8_1_4.csv,crp_dataset_8_1_1.csv,0.6882259158520813,0.910447761180441,0.4841269841231418,61,6,65,124,0.0252685546875,0.0019589552238805973,0.023309599463619404
LogReg,4,0.25,1.0,crp_dataset_8_1_7.csv|crp_dataset_8_1_3.csv|crp_dataset_8_1_6.csv|crp_dataset_8_1_4.csv,crp_dataset_8_1_8.csv,0.6882259158520813,0.827586206882283,0.3478260869540013,48,10,90,108,0.0283203125,0.005280172413793103,0.023040140086206896
LogReg,4,0.25,1.0,crp_dataset_8_1_7.csv|crp_dataset_8_1_3.csv|crp_dataset_8_1_6.csv|crp_dataset_8_1_4.csv,crp_dataset_8_1_2.csv,0.6882259158520813,0.9999999999655173,0.24369747898954874,29,0,90,137,0.039453125,0.0006465517241379311,0.038806573275862066
LogReg,4,0.25,1.0,crp_dataset_8_1_7.csv|crp_dataset_8_1_3.csv|crp_dataset_8_1_2.csv|crp_dataset_8_1_4.csv,crp_dataset_8_1_5.csv,0.6253512753468907,0.8390804597604703,0.7299999999926999,73,14,27,142,0.039282226562499994,0.0051005747126436785,0.03418165184985632
LogReg,4,0.25,1.0,crp_dataset_8_1_7.csv|crp_dataset_8_1_3.csv|crp_dataset_8_1_2.csv|crp_dataset_8_1_4.csv,crp_dataset_8_1_1.csv,0.6253512753468907,0.8850574712541946,0.611111111106261,77,10,49,120,0.0252685546875,0.003520114942528736,0.021748439744971263
LogReg,4,0.25,1.0,crp_dataset_8_1_7.csv|crp_dataset_8_1_3.csv|crp_dataset_8_1_2.csv|crp_dataset_8_1_4.csv,crp_dataset_8_1_8.csv,0.6253512753468907,0.8137254901881007,0.6014492753579606,83,19,55,99,0.0283203125,0.005024509803921568,0.023295802696078432
LogReg,4,0.25,1.0,crp_dataset_8_1_7.csv|crp_dataset_8_1_3.csv|crp_dataset_8_1_2.csv|crp_dataset_8_1_4.csv,crp_dataset_8_1_6.csv,0.6253512753468907,0.8166666666598611,0.6999999999950001,98,22,42,94,0.026928710937499996,0.008541666666666666,0.01838704427083333
LogReg,4,0.25,1.0,crp_dataset_8_1_7.csv|crp_dataset_8_1_8.csv|crp_dataset_8_1_6.csv|crp_dataset_8_1_2.csv,crp_dataset_8_1_5.csv,0.6611945072283467,0.793814432981507,0.7699999999923,77,20,23,136,0.039282226562499994,0.006314432989690722,0.032967793572809274
LogReg,4,0.25,1.0,crp_dataset_8_1_7.csv|crp_dataset_8_1_8.csv|crp_dataset_8_1_6.csv|crp_dataset_8_1_2.csv,crp_dataset_8_1_1.csv,0.6611945072283467,0.8780487804770969,0.5714285714240362,72,10,54,120,0.0252685546875,0.003734756097560976,0.021533798589939025
LogReg,4,0.25,1.0,crp_dataset_8_1_7.csv|crp_dataset_8_1_8.csv|crp_dataset_8_1_6.csv|crp_dataset_8_1_2.csv,crp_dataset_8_1_3.csv,0.6611945072283467,0.9411764705803263,0.6473988439268937,112,7,61,76,0.0196044921875,0.0017857142857142859,0.017818777901785713
LogReg,4,0.25,1.0,crp_dataset_8_1_7.csv|crp_dataset_8_1_8.csv|crp_dataset_8_1_6.csv|crp_dataset_8_1_2.csv,crp_dataset_8_1_4.csv,0.6611945072283467,0.8661417322766445,0.8396946564821398,110,17,21,108,0.023046875,0.004625984251968504,0.018420890748031497
LogReg,4,0.25,1.0,crp_dataset_8_1_7.csv|crp_dataset_8_1_8.csv|crp_dataset_8_1_6.csv|crp_dataset_8_1_4.csv,crp_dataset_8_1_5.csv,0.7275959926042386,0.9295774647756397,0.6599999999934,66,5,34,151,0.039282226562499994,0.002464788732394366,0.03681743783010563
LogReg,4,0.25,1.0,crp_dataset_8_1_7.csv|crp_dataset_8_1_8.csv|crp_dataset_8_1_6.csv|crp_dataset_8_1_4.csv,crp_dataset_8_1_1.csv,0.7275959926042386,0.9365079364930714,0.46825396825025195,59,4,67,126,0.0252685546875,0.0013888888888888887,0.023879665798611113
LogReg,4,0.25,1.0,crp_dataset_8_1_7.csv|crp_dataset_8_1_8.csv|crp_dataset_8_1_6.csv|crp_dataset_8_1_4.csv,crp_dataset_8_1_3.csv,0.7275959926042386,0.9999999999910714,0.6473988439268937,112,0,61,83,0.0196044921875,0.0,0.0196044921875
LogReg,4,0.25,1.0,crp_dataset_8_1_7.csv|crp_dataset_8_1_8.csv|crp_dataset_8_1_6.csv|crp_dataset_8_1_4.csv,crp_dataset_8_1_2.csv,0.7275959926042386,0.9799999999804001,0.41176470587889274,49,1,70,136,0.039453125,0.0011250000000000001,0.038328125
LogReg,4,0.25,1.0,crp_dataset_8_1_7.csv|crp_dataset_8_1_8.csv|crp_dataset_8_1_2.csv|crp_dataset_8_1_4.csv,crp_dataset_8_1_5.csv,0.6933618409968798,0.8314606741479611,0.7399999999926,74,15,26,141,0.039282226562499994,0.0051966292134831464,0.034085597349016845
LogReg,4,0.25,1.0,crp_dataset_8_1_7.csv|crp_dataset_8_1_8.csv|crp_dataset_8_1_2.csv|crp_dataset_8_1_4.csv,crp_dataset_8_1_1.csv,0.6933618409968798,0.9090909090791027,0.5555555555511463,70,7,56,123,0.0252685546875,0.0019480519480519483,0.02332050273944805
LogReg,4,0.25,1.0,crp_dataset_8_1_7.csv|crp_dataset_8_1_8.csv|crp_dataset_8_1_2.csv|crp_dataset_8_1_4.csv,crp_dataset_8_1_3.csv,0.6933618409968798,0.9999999999910714,0.6473988439268937,112,0,61,83,0.0196044921875,0.0,0.0196044921875
LogReg,4,0.25,1.0,crp_dataset_8_1_7.csv|crp_dataset_8_1_8.csv|crp_dataset_8_1_2.csv|crp_dataset_8_1_4.csv,crp_dataset_8_1_6.csv,0.6933618409968798,0.949999999988125,0.5428571428532654,76,4,64,112,0.026928710937499996,0.0016406250000000002,0.025288085937499996
LogReg,4,0.25,1.0,crp_dataset_8_1_7.csv|crp_dataset_8_1_6.csv|crp_dataset_8_1_2.csv|crp_dataset_8_1_4.csv,crp_dataset_8_1_5.csv,0.7924486251527304,0.9538461538314792,0.6199999999938,62,3,38,153,0.039282226562499994,0.0018269230769230771,0.037455303485576914
LogReg,4,0.25,1.0,crp_dataset_8_1_7.csv|crp_dataset_8_1_6.csv|crp_dataset_8_1_2.csv|crp_dataset_8_1_4.csv,crp_dataset_8_1_1.csv,0.7924486251527304,0.9508196721155604,0.460317460313807,58,3,68,127,0.0252685546875,0.0010245901639344263,0.024243964523565573
LogReg,4,0.25,1.0,crp_dataset_8_1_7.csv|crp_dataset_8_1_6.csv|crp_dataset_8_1_2.csv|crp_dataset_8_1_4.csv,crp_dataset_8_1_3.csv,0.7924486251527304,0.9999999999910714,0.6473988439268937,112,0,61,83,0.0196044921875,0.0,0.0196044921875
LogReg,4,0.25,1.0,crp_dataset_8_1_7.csv|crp_dataset_8_1_6.csv|crp_dataset_8_1_2.csv|crp_dataset_8_1_4.csv,crp_dataset_8_1_8.csv,0.7924486251527304,0.83823529410532,0.4130434782578765,57,11,81,107,0.0283203125,0.004871323529411765,0.023448988970588235
LogReg,4,0.25,1.0,crp_dataset_8_1_1.csv|crp_dataset_8_1_3.csv|crp_dataset_8_1_8.csv|crp_dataset_8_1_6.csv,crp_dataset_8_1_5.csv,0.630007810968138,0.9516129032104579,0.5899999999941,59,3,41,153,0.039282226562499994,0.0019153225806451612,0.037366903981854833
LogReg,4,0.25,1.0,crp_dataset_8_1_1.csv|crp_dataset_8_1_3.csv|crp_dataset_8_1_8.csv|crp_dataset_8_1_6.csv,crp_dataset_8_1_7.csv,0.630007810968138,0.9999999999951924,0.945454545450248,208,0,12,36,0.0095703125,0.00021033653846153847,0.009359975961538463
LogReg,4,0.25,1.0,crp_dataset_8_1_1.csv|crp_dataset_8_1_3.csv|crp_dataset_8_1_8.csv|crp_dataset_8_1_6.csv,crp_dataset_8_1_2.csv,0.630007810968138,0.9574468084902672,0.37815126050102393,45,2,74,135,0.039453125,0.0017287234042553193,0.03772440159574468
LogReg,4,0.25,1.0,crp_dataset_8_1_1.csv|crp_dataset_8_1_3.csv|crp_dataset_8_1_8.csv|crp_dataset_8_1_6.csv,crp_dataset_8_1_4.csv,0.630007810968138,0.8918918918838568,0.7557251908339259,99,12,32,113,0.023046875,0.004054054054054054,0.018992820945945947
LogReg,4,0.25,1.0,crp_dataset_8_1_1.csv|crp_dataset_8_1_3.csv|crp_dataset_8_1_8.csv|crp_dataset_8_1_2.csv,crp_dataset_8_1_5.csv,0.605009144960714,0.8648648648531775,0.6399999999936,64,10,36,146,0.039282226562499994,0.004560810810810811,0.03472141575168918
LogReg,4,0.25,1.0,crp_dataset_8_1_1.csv|crp_dataset_8_1_3.csv|crp_dataset_8_1_8.csv|crp_dataset_8_1_2.csv,crp_dataset_8_1_7.csv,0.605009144960714,0.9863013698585101,0.981818181813719,216,3,4,33,0.0095703125,0.0005422374429223744,0.009028075057077626
LogReg,4,0.25,1.0,crp_dataset_8_1_1.csv|crp_dataset_8_1_3.csv|crp_dataset_8_1_8.csv|crp_dataset_8_1_2.csv,crp_dataset_8_1_6.csv,0.605009144960714,0.8264462809849054,0.7142857142806123,100,21,40,95,0.026928710937499996,0.006869834710743802,0.020058876226756193
LogReg,4,0.25,1.0,crp_dataset_8_1_1.csv|crp_dataset_8_1_3.csv|crp_dataset_8_1_8.csv|crp_dataset_8_1_2.csv,crp_dataset_8_1_4.csv,0.605009144960714,0.8629032257994927,0.816793893123536,107,17,24,108,0.023046875,0.00498991935483871,0.018056955645161292
LogReg,4,0.25,1.0,crp_dataset_8_1_1.csv|crp_dataset_8_1_3.csv|crp_dataset_8_1_8.csv|crp_dataset_8_1_4.csv,crp_dataset_8_1_5.csv,0.6474551083972702,0.9999999999787235,0.46999999999529996,47,0,53,156,0.039282226562499994,0.0009308510638297873,0.03835137549867021
LogReg,4,0.25,1.0,crp_dataset_8_1_1.csv|crp_dataset_8_1_3.csv|crp_dataset_8_1_8.csv|crp_dataset_8_1_4.csv,crp_dataset_8_1_7.csv,0.6474551083972702,0.9951690821207964,0.9363636363593802,206,1,14,35,0.0095703125,0.00027173913043478267,0.009298573369565218
LogReg,4,0.25,1.0,crp_dataset_8_1_1.csv|crp_dataset_8_1_3.csv|crp_dataset_8_1_8.csv|crp_dataset_8_1_4.csv,crp_dataset_8_1_6.csv,0.6474551083972702,0.8347826086883932,0.6857142857093879,96,19,44,97,0.026928710937499996,0.006684782608695652,0.020243928328804343
LogReg,4,0.25,1.0,crp_dataset_8_1_1.csv|crp_dataset_8_1_3.csv|crp_dataset_8_1_8.csv|crp_dataset_8_1_4.csv,crp_dataset_8_1_2.csv,0.6474551083972702,0.999999999962963,0.22689075630061437,27,0,92,137,0.039453125,0.000925925925925926,0.03852719907407407
LogReg,4,0.25,1.0,crp_dataset_8_1_1.csv|crp_dataset_8_1_3.csv|crp_dataset_8_1_6.csv|crp_dataset_8_1_2.csv,crp_dataset_8_1_5.csv,0.6131206204539426,0.8641975308535284,0.699999999993,70,11,30,145,0.039282226562499994,0.0036265432098765435,0.03565568335262345
LogReg,4,0.25,1.0,crp_dataset_8_1_1.csv|crp_dataset_8_1_3.csv|crp_dataset_8_1_6.csv|crp_dataset_8_1_2.csv,crp_dataset_8_1_7.csv,0.6131206204539426,0.956521739126276,0.9999999999954546,220,10,0,26,0.0095703125,0.001440217391304348,0.008130095108695654
LogReg,4,0.25,1.0,crp_dataset_8_1_1.csv|crp_dataset_8_1_3.csv|crp_dataset_8_1_6.csv|crp_dataset_8_1_2.csv,crp_dataset_8_1_8.csv,0.6131206204539426,0.8144329896823254,0.5724637681117938,79,18,59,100,0.0283203125,0.005154639175257732,0.02316567332474227
LogReg,4,0.25,1.0,crp_dataset_8_1_1.csv|crp_dataset_8_1_3.csv|crp_dataset_8_1_6.csv|crp_dataset_8_1_2.csv,crp_dataset_8_1_4.csv,0.6131206204539426,0.9008264462735469,0.8320610686959385,109,12,22,113,0.023046875,0.0033057851239669425,0.01974108987603306
LogReg,4,0.25,1.0,crp_dataset_8_1_1.csv|crp_dataset_8_1_3.csv|crp_dataset_8_1_6.csv|crp_dataset_8_1_4.csv,crp_dataset_8_1_5.csv,0.659023468449475,0.9821428571253189,0.5499999999945,55,1,45,155,0.039282226562499994,0.0013392857142857145,0.03794294084821428
LogReg,4,0.25,1.0,crp_dataset_8_1_1.csv|crp_dataset_8_1_3.csv|crp_dataset_8_1_6.csv|crp_dataset_8_1_4.csv,crp_dataset_8_1_7.csv,0.659023468449475,0.9815668202719744,0.9681818181774174,213,4,7,32,0.0095703125,0.0005184331797235024,0.009051879320276499
LogReg,4,0.25,1.0,crp_dataset_8_1_1.csv|crp_dataset_8_1_3.csv|crp_dataset_8_1_6.csv|crp_dataset_8_1_4.csv,crp_dataset_8_1_8.csv,0.659023468449475,0.7901234567803688,0.4637681159386684,64,17,74,101,0.0283203125,0.0054783950617283955,0.022841917438271603
LogReg,4,0.25,1.0,crp_dataset_8_1_1.csv|crp_dataset_8_1_3.csv|crp_dataset_8_1_6.csv|crp_dataset_8_1_4.csv,crp_dataset_8_1_2.csv,0.659023468449475,0.9756097560737657,0.33613445377868795,40,1,79,136,0.039453125,0.0009146341463414636,0.038538490853658534
LogReg,4,0.25,1.0,crp_dataset_8_1_1.csv|crp_dataset_8_1_3.csv|crp_dataset_8_1_2.csv|crp_dataset_8_1_4.csv,crp_dataset_8_1_5.csv,0.6042398606741891,0.8860759493558724,0.699999999993,70,9,30,147,0.039282226562499994,0.003718354430379747,0.03556387213212025
LogReg,4,0.25,1.0,crp_dataset_8_1_1.csv|crp_dataset_8_1_3.csv|crp_dataset_8_1_2.csv|crp_dataset_8_1_4.csv,crp_dataset_8_1_7.csv,0.6042398606741891,0.9776785714242069,0.9954545454500207,219,5,1,31,0.0095703125,0.0006975446428571429,0.008872767857142859
LogReg,4,0.25,1.0,crp_dataset_8_1_1.csv|crp_dataset_8_1_3.csv|crp_dataset_8_1_2.csv|crp_dataset_8_1_4.csv,crp_dataset_8_1_8.csv,0.6042398606741891,0.8124999999915364,0.5652173913002521,78,18,60,100,0.0283203125,0.005208333333333333,0.023111979166666668
LogReg,4,0.25,1.0,crp_dataset_8_1_1.csv|crp_dataset_8_1_3.csv|crp_dataset_8_1_2.csv|crp_dataset_8_1_4.csv,crp_dataset_8_1_6.csv,0.6042398606741891,0.8571428571352041,0.6857142857093879,96,16,44,100,0.026928710937499996,0.006082589285714285,0.02084612165178571
LogReg,4,0.25,1.0,crp_dataset_8_1_1.csv|crp_dataset_8_1_8.csv|crp_dataset_8_1_6.csv|crp_dataset_8_1_2.csv,crp_dataset_8_1_5.csv,0.6031427890284191,0.7934782608609404,0.7299999999926999,73,19,27,137,0.039282226562499994,0.006385869565217393,0.032896356997282605
LogReg,4,0.25,1.0,crp_dataset_8_1_1.csv|crp_dataset_8_1_8.csv|crp_dataset_8_1_6.csv|crp_dataset_8_1_2.csv,crp_dataset_8_1_7.csv,0.6031427890284191,0.9690265486682786,0.9954545454500207,219,7,1,29,0.0095703125,0.0012721238938053097,0.008298188606194691
LogReg,4,0.25,1.0,crp_dataset_8_1_1.csv|crp_dataset_8_1_8.csv|crp_dataset_8_1_6.csv|crp_dataset_8_1_2.csv,crp_dataset_8_1_3.csv,0.6031427890284191,0.9384615384543196,0.705202312134652,122,8,51,75,0.0196044921875,0.0027884615384615387,0.01681603064903846
LogReg,4,0.25,1.0,crp_dataset_8_1_1.csv|crp_dataset_8_1_8.csv|crp_dataset_8_1_6.csv|crp_dataset_8_1_2.csv,crp_dataset_8_1_4.csv,0.6031427890284191,0.8492063491996095,0.816793893123536,107,19,24,106,0.023046875,0.005555555555555555,0.017491319444444445
LogReg,4,0.25,1.0,crp_dataset_8_1_1.csv|crp_dataset_8_1_8.csv|crp_dataset_8_1_6.csv|crp_dataset_8_1_4.csv,crp_dataset_8_1_5.csv,0.6507698926023687,0.9999999999811321,0.5299999999946999,53,0,47,156,0.039282226562499994,0.0009433962264150943,0.0383388303360849
LogReg,4,0.25,1.0,crp_dataset_8_1_1.csv|crp_dataset_8_1_8.csv|crp_dataset_8_1_6.csv|crp_dataset_8_1_4.csv,crp_dataset_8_1_7.csv,0.6507698926023687,0.9952830188632299,0.9590909090865496,211,1,9,35,0.0095703125,0.00029481132075471697,0.009275501179245284
LogReg,4,0.25,1.0,crp_dataset_8_1_1.csv|crp_dataset_8_1_8.csv|crp_dataset_8_1_6.csv|crp_dataset_8_1_4.csv,crp_dataset_8_1_3.csv,0.6507698926023687,0.9909909909820631,0.635838150285342,110,1,63,82,0.0196044921875,0.0005630630630630631,0.019041429124436935
LogReg,4,0.25,1.0,crp_dataset_8_1_1.csv|crp_dataset_8_1_8.csv|crp_dataset_8_1_6.csv|crp_dataset_8_1_4.csv,crp_dataset_8_1_2.csv,0.6507698926023687,0.9999999999705883,0.28571428571188473,34,0,85,137,0.039453125,0.0007352941176470588,0.03871783088235294
LogReg,4,0.25,1.0,crp_dataset_8_1_1.csv|crp_dataset_8_1_8.csv|crp_dataset_8_1_2.csv|crp_dataset_8_1_4.csv,crp_dataset_8_1_5.csv,0.6291327753155501,0.8390804597604703,0.7299999999926999,73,14,27,142,0.039282226562499994,0.004597701149425287,0.03468452541307471
LogReg,4,0.25,1.0,crp_dataset_8_1_1.csv|crp_dataset_8_1_8.csv|crp_dataset_8_1_2.csv|crp_dataset_8_1_4.csv,crp_dataset_8_1_7.csv,0.6291327753155501,0.999999999994898,0.8909090909050413,196,0,24,36,0.0095703125,0.0,0.0095703125
LogReg,4,0.25,1.0,crp_dataset_8_1_1.csv|crp_dataset_8_1_8.csv|crp_dataset_8_1_2.csv|crp_dataset_8_1_4.csv,crp_dataset_8_1_3.csv,0.6291327753155501,0.999999999990909,0.635838150285342,110,0,63,83,0.0196044921875,0.0,0.0196044921875
LogReg,4,0.25,1.0,crp_dataset_8_1_1.csv|crp_dataset_8_1_8.csv|crp_dataset_8_1_2.csv|crp_dataset_8_1_4.csv,crp_dataset_8_1_6.csv,0.6291327753155501,0.9866666666535111,0.5285714285676532,74,1,66,115,0.026928710937499996,0.0006666666666666668,0.02626204427083333
LogReg,4,0.25,1.0,crp_dataset_8_1_1.csv|crp_dataset_8_1_6.csv|crp_dataset_8_1_2.csv|crp_dataset_8_1_4.csv,crp_dataset_8_1_5.csv,0.6211056943369998,0.9117647058689445,0.6199999999938,62,6,38,150,0.039282226562499994,0.002481617647058824,0.03680060891544117
LogReg,4,0.25,1.0,crp_dataset_8_1_1.csv|crp_dataset_8_1_6.csv|crp_dataset_8_1_2.csv|crp_dataset_8_1_4.csv,crp_dataset_8_1_7.csv,0.6211056943369998,0.9691629955904443,0.9999999999954546,220,7,0,29,0.0095703125,0.0009911894273127752,0.008579123072687225
LogReg,4,0.25,1.0,crp_dataset_8_1_1.csv|crp_dataset_8_1_6.csv|crp_dataset_8_1_2.csv|crp_dataset_8_1_4.csv,crp_dataset_8_1_3.csv,0.6211056943369998,0.9826086956436294,0.6531791907476695,113,2,60,81,0.0196044921875,0.0002173913043478261,0.019387100883152174
LogReg,4,0.25,1.0,crp_dataset_8_1_1.csv|crp_dataset_8_1_6.csv|crp_dataset_8_1_2.csv|crp_dataset_8_1_4.csv,crp_dataset_8_1_8.csv,0.6211056943369998,0.8089887640358541,0.521739130431002,72,17,66,101,0.0283203125,0.005337078651685393,0.02298323384831461
LogReg,4,0.25,1.0,crp_dataset_8_1_3.csv|crp_dataset_8_1_8.csv|crp_dataset_8_1_6.csv|crp_dataset_8_1_2.csv,crp_dataset_8_1_5.csv,0.6079629990952008,0.8202247190919075,0.7299999999926999,73,16,27,140,0.039282226562499994,0.0054775280898876405,0.03380469847261235
LogReg,4,0.25,1.0,crp_dataset_8_1_3.csv|crp_dataset_8_1_8.csv|crp_dataset_8_1_6.csv|crp_dataset_8_1_2.csv,crp_dataset_8_1_7.csv,0.6079629990952008,0.9606986899521367,0.9999999999954546,220,9,0,27,0.0095703125,0.001146288209606987,0.008424024290393014
LogReg,4,0.25,1.0,crp_dataset_8_1_3.csv|crp_dataset_8_1_8.csv|crp_dataset_8_1_6.csv|crp_dataset_8_1_2.csv,crp_dataset_8_1_1.csv,0.6079629990952008,0.9263157894639334,0.6984126984071555,88,7,38,123,0.0252685546875,0.0015789473684210526,0.02368960731907895
LogReg,4,0.25,1.0,crp_dataset_8_1_3.csv|crp_dataset_8_1_8.csv|crp_dataset_8_1_6.csv|crp_dataset_8_1_2.csv,crp_dataset_8_1_4.csv,0.6079629990952008,0.8409090909027205,0.8473282442683411,111,21,20,104,0.023046875,0.005445075757575758,0.01760179924242424
LogReg,4,0.25,1.0,crp_dataset_8_1_3.csv|crp_dataset_8_1_8.csv|crp_dataset_8_1_6.csv|crp_dataset_8_1_4.csv,crp_dataset_8_1_5.csv,0.6798532255482637,0.9818181818003306,0.5399999999946,54,1,46,155,0.039282226562499994,0.00125,0.03803222656249999
LogReg,4,0.25,1.0,crp_dataset_8_1_3.csv|crp_dataset_8_1_8.csv|crp_dataset_8_1_6.csv|crp_dataset_8_1_4.csv,crp_dataset_8_1_7.csv,0.6798532255482637,0.999999999995025,0.9136363636322108,201,0,19,36,0.0095703125,0.0002176616915422886,0.009352650808457713
LogReg,4,0.25,1.0,crp_dataset_8_1_3.csv|crp_dataset_8_1_8.csv|crp_dataset_8_1_6.csv|crp_dataset_8_1_4.csv,crp_dataset_8_1_1.csv,0.6798532255482637,0.9452054794391067,0.5476190476147014,69,4,57,126,0.0252685546875,0.0011986301369863012,0.0240699245505137
LogReg,4,0.25,1.0,crp_dataset_8_1_3.csv|crp_dataset_8_1_8.csv|crp_dataset_8_1_6.csv|crp_dataset_8_1_4.csv,crp_dataset_8_1_2.csv,0.6798532255482637,0.9736842105006926,0.31092436974528637,37,1,82,136,0.039453125,0.000986842105263158,0.03846628289473684
LogReg,4,0.25,1.0,crp_dataset_8_1_3.csv|crp_dataset_8_1_8.csv|crp_dataset_8_1_2.csv|crp_dataset_8_1_4.csv,crp_dataset_8_1_5.csv,0.6504185537548836,0.8488372092924553,0.7299999999926999,73,13,27,143,0.039282226562499994,0.004505813953488372,0.034776412609011625
LogReg,4,0.25,1.0,crp_dataset_8_1_3.csv|crp_dataset_8_1_8.csv|crp_dataset_8_1_2.csv|crp_dataset_8_1_4.csv,crp_dataset_8_1_7.csv,0.6504185537548836,0.9686098654665085,0.981818181813719,216,7,4,29,0.0095703125,0.0009809417040358745,0.008589370795964127
LogReg,4,0.25,1.0,crp_dataset_8_1_3.csv|crp_dataset_8_1_8.csv|crp_dataset_8_1_2.csv|crp_dataset_8_1_4.csv,crp_dataset_8_1_1.csv,0.6504185537548836,0.9318181818075929,0.6507936507884857,82,6,44,124,0.0252685546875,0.0014204545454545455,0.023848100142045456
LogReg,4,0.25,1.0,crp_dataset_8_1_3.csv|crp_dataset_8_1_8.csv|crp_dataset_8_1_2.csv|crp_dataset_8_1_4.csv,crp_dataset_8_1_6.csv,0.6504185537548836,0.8787878787790021,0.6214285714241327,87,12,53,104,0.026928710937499996,0.00486111111111111,0.022067599826388885
LogReg,4,0.25,1.0,crp_dataset_8_1_3.csv|crp_dataset_8_1_6.csv|crp_dataset_8_1_2.csv|crp_dataset_8_1_4.csv,crp_dataset_8_1_5.csv,0.7309436139361593,0.9838709677260666,0.6099999999939,61,1,39,155,0.039282226562499994,0.0014112903225806453,0.03787093623991935
LogReg,4,0.25,1.0,crp_dataset_8_1_3.csv|crp_dataset_8_1_6.csv|crp_dataset_8_1_2.csv|crp_dataset_8_1_4.csv,crp_dataset_8_1_7.csv,0.7309436139361593,0.9817351598128689,0.9772727272682852,215,4,5,32,0.0095703125,0.0005422374429223744,0.009028075057077626
LogReg,4,0.25,1.0,crp_dataset_8_1_3.csv|crp_dataset_8_1_6.csv|crp_dataset_8_1_2.csv|crp_dataset_8_1_4.csv,crp_dataset_8_1_1.csv,0.7309436139361593,0.9420289854935937,0.5158730158689216,65,4,61,126,0.0252685546875,0.0012681159420289854,0.024000438745471014
LogReg,4,0.25,1.0,crp_dataset_8_1_3.csv|crp_dataset_8_1_6.csv|crp_dataset_8_1_2.csv|crp_dataset_8_1_4.csv,crp_dataset_8_1_8.csv,0.7309436139361593,0.7916666666556712,0.4130434782578765,57,15,81,103,0.0283203125,0.005555555555555556,0.022764756944444443
LogReg,4,0.25,1.0,crp_dataset_8_1_8.csv|crp_dataset_8_1_6.csv|crp_dataset_8_1_2.csv|crp_dataset_8_1_4.csv,crp_dataset_8_1_5.csv,0.6988891400628907,0.8765432098657217,0.7099999999929,71,10,29,146,0.039282226562499994,0.003395061728395062,0.03588716483410493
LogReg,4,0.25,1.0,crp_dataset_8_1_8.csv|crp_dataset_8_1_6.csv|crp_dataset_8_1_2.csv|crp_dataset_8_1_4.csv,crp_dataset_8_1_7.csv,0.6988891400628907,0.9954128440321311,0.9863636363591529,217,1,3,35,0.0095703125,0.00037270642201834864,0.009197606077981653
LogReg,4,0.25,1.0,crp_dataset_8_1_8.csv|crp_dataset_8_1_6.csv|crp_dataset_8_1_2.csv|crp_dataset_8_1_4.csv,crp_dataset_8_1_1.csv,0.6988891400628907,0.914285714272653,0.5079365079324767,64,6,62,124,0.0252685546875,0.0018750000000000001,0.0233935546875
LogReg,4,0.25,1.0,crp_dataset_8_1_8.csv|crp_dataset_8_1_6.csv|crp_dataset_8_1_2.csv|crp_dataset_8_1_4.csv,crp_dataset_8_1_3.csv,0.6988891400628907,0.973913043469792,0.6473988439268937,112,3,61,80,0.0196044921875,0.0006521739130434782,0.018952318274456523
LogReg,5,0.25,1.0,crp_dataset_8_1_5.csv|crp_dataset_8_1_7.csv|crp_dataset_8_1_1.csv|crp_dataset_8_1_3.csv|crp_dataset_8_1_8.csv,crp_dataset_8_1_6.csv,0.6993852615507893,0.8437499999934083,0.7714285714230613,108,20,32,96,0.026928710937499996,0.006298828125,0.020629882812499997
LogReg,5,0.25,1.0,crp_dataset_8_1_5.csv|crp_dataset_8_1_7.csv|crp_dataset_8_1_1.csv|crp_dataset_8_1_3.csv|crp_dataset_8_1_8.csv,crp_dataset_8_1_2.csv,0.6993852615507893,0.999999999952381,0.17647058823381118,21,0,98,137,0.039453125,0.0008928571428571429,0.03856026785714286
LogReg,5,0.25,1.0,crp_dataset_8_1_5.csv|crp_dataset_8_1_7.csv|crp_dataset_8_1_1.csv|crp_dataset_8_1_3.csv|crp_dataset_8_1_8.csv,crp_dataset_8_1_4.csv,0.6993852615507893,0.9799999999901999,0.7480916030477246,98,2,33,123,0.023046875,0.0011875,0.021859375
LogReg,5,0.25,1.0,crp_dataset_8_1_5.csv|crp_dataset_8_1_7.csv|crp_dataset_8_1_1.csv|crp_dataset_8_1_3.csv|crp_dataset_8_1_6.csv,crp_dataset_8_1_8.csv,0.6121716914587655,0.8021978021889868,0.5289855072425437,73,18,65,100,0.0283203125,0.005425824175824176,0.022894488324175823
LogReg,5,0.25,1.0,crp_dataset_8_1_5.csv|crp_dataset_8_1_7.csv|crp_dataset_8_1_1.csv|crp_dataset_8_1_3.csv|crp_dataset_8_1_6.csv,crp_dataset_8_1_2.csv,0.6121716914587655,0.9791666666462674,0.39495798318995834,47,1,72,136,0.039453125,0.001171875,0.038281249999999996
LogReg,5,0.25,1.0,crp_dataset_8_1_5.csv|crp_dataset_8_1_7.csv|crp_dataset_8_1_1.csv|crp_dataset_8_1_3.csv|crp_dataset_8_1_6.csv,crp_dataset_8_1_4.csv,0.6121716914587655,0.9478260869482797,0.8320610686959385,109,6,22,119,0.023046875,0.0016847826086956522,0.02136209239130435
LogReg,5,0.25,1.0,crp_dataset_8_1_5.csv|crp_dataset_8_1_7.csv|crp_dataset_8_1_1.csv|crp_dataset_8_1_3.csv|crp_dataset_8_1_2.csv,crp_dataset_8_1_8.csv,0.6328313760403996,0.8229166666580946,0.5724637681117938,79,17,59,101,0.0283203125,0.005078125,0.0232421875
LogReg,5,0.25,1.0,crp_dataset_8_1_5.csv|crp_dataset_8_1_7.csv|crp_dataset_8_1_1.csv|crp_dataset_8_1_3.csv|crp_dataset_8_1_2.csv,crp_dataset_8_1_6.csv,0.6328313760403996,0.847999999993216,0.757142857137449,106,19,34,97,0.026928710937499996,0.006549999999999999,0.020378710937499996
LogReg,5,0.25,1.0,crp_dataset_8_1_5.csv|crp_dataset_8_1_7.csv|crp_dataset_8_1_1.csv|crp_dataset_8_1_3.csv|crp_dataset_8_1_2.csv,crp_dataset_8_1_4.csv,0.6328313760403996,0.89830508473815,0.8091603053373347,106,12,25,113,0.023046875,0.003972457627118644,0.019074417372881357
LogReg,5,0.25,1.0,crp_dataset_8_1_5.csv|crp_dataset_8_1_7.csv|crp_dataset_8_1_1.csv|crp_dataset_8_1_3.csv|crp_dataset_8_1_4.csv,crp_dataset_8_1_8.csv,0.6233698085081317,0.8139534883626284,0.5072463768079185,70,16,68,102,0.0283203125,0.005377906976744185,0.022942405523255816
LogReg,5,0.25,1.0,crp_dataset_8_1_5.csv|crp_dataset_8_1_7.csv|crp_dataset_8_1_1.csv|crp_dataset_8_1_3.csv|crp_dataset_8_1_4.csv,crp_dataset_8_1_6.csv,0.6233698085081317,0.8195488721742892,0.7785714285658674,109,24,31,92,0.026928710937499996,0.00831766917293233,0.018611041764567668
LogReg,5,0.25,1.0,crp_dataset_8_1_5.csv|crp_dataset_8_1_7.csv|crp_dataset_8_1_1.csv|crp_dataset_8_1_3.csv|crp_dataset_8_1_4.csv,crp_dataset_8_1_2.csv,0.6233698085081317,0.9999999999714286,0.29411764705635196,35,0,84,137,0.039453125,0.0008928571428571428,0.03856026785714286
LogReg,5,0.25,1.0,crp_dataset_8_1_5.csv|crp_dataset_8_1_7.csv|crp_dataset_8_1_1.csv|crp_dataset_8_1_8.csv|crp_dataset_8_1_6.csv,crp_dataset_8_1_3.csv,0.6467056752833886,0.9911504424691049,0.6473988439268937,112,1,61,82,0.0196044921875,0.0005530973451327434,0.019051394842367255
LogReg,5,0.25,1.0,crp_dataset_8_1_5.csv|crp_dataset_8_1_7.csv|crp_dataset_8_1_1.csv|crp_dataset_8_1_8.csv|crp_dataset_8_1_6.csv,crp_dataset_8_1_2.csv,0.6467056752833886,0.9999999999743591,0.3277310924342207,39,0,80,137,0.039453125,0.001121794871794872,0.038331330128205124
LogReg,5,0.25,1.0,crp_dataset_8_1_5.csv|crp_dataset_8_1_7.csv|crp_dataset_8_1_1.csv|crp_dataset_8_1_8.csv|crp_dataset_8_1_6.csv,crp_dataset_8_1_4.csv,0.6467056752833886,0.9636363636276033,0.8091603053373347,106,4,25,121,0.023046875,0.00125,0.021796875
LogReg,5,0.25,1.0,crp_dataset_8_1_5.csv|crp_dataset_8_1_7.csv|crp_dataset_8_1_1.csv|crp_dataset_8_1_8.csv|crp_dataset_8_1_2.csv,crp_dataset_8_1_3.csv,0.6242932121157613,0.9682539682462836,0.705202312134652,122,4,51,79,0.0196044921875,0.0013888888888888887,0.018215603298611112
LogReg,5,0.25,1.0,crp_dataset_8_1_5.csv|crp_dataset_8_1_7.csv|crp_dataset_8_1_1.csv|crp_dataset_8_1_8.csv|crp_dataset_8_1_2.csv,crp_dataset_8_1_6.csv,0.6242932121157613,0.8608695652099054,0.7071428571378062,99,16,41,100,0.026928710937499996,0.005923913043478262,0.021004797894021734
LogReg,5,0.25,1.0,crp_dataset_8_1_5.csv|crp_dataset_8_1_7.csv|crp_dataset_8_1_1.csv|crp_dataset_8_1_8.csv|crp_dataset_8_1_2.csv,crp_dataset_8_1_4.csv,0.6242932121157613,0.8780487804806663,0.8244274809097373,108,15,23,110,0.023046875,0.004725609756097562,0.01832126524390244
LogReg,5,0.25,1.0,crp_dataset_8_1_5.csv|crp_dataset_8_1_7.csv|crp_dataset_8_1_1.csv|crp_dataset_8_1_8.csv|crp_dataset_8_1_4.csv,crp_dataset_8_1_3.csv,0.6363176207737378,0.984251968496187,0.7225433525969795,125,2,48,81,0.0196044921875,0.000984251968503937,0.01862024021899606
LogReg,5,0.25,1.0,crp_dataset_8_1_5.csv|crp_dataset_8_1_7.csv|crp_dataset_8_1_1.csv|crp_dataset_8_1_8.csv|crp_dataset_8_1_4.csv,crp_dataset_8_1_6.csv,0.6363176207737378,0.8644067796536914,0.7285714285662246,102,16,38,100,0.026928710937499996,0.005773305084745763,0.021155405852754234
LogReg,5,0.25,1.0,crp_dataset_8_1_5.csv|crp_dataset_8_1_7.csv|crp_dataset_8_1_1.csv|crp_dataset_8_1_8.csv|crp_dataset_8_1_4.csv,crp_dataset_8_1_2.csv,0.6363176207737378,0.9999999999722223,0.30252100840081914,36,0,83,137,0.039453125,0.0008680555555555555,0.038585069444444446
LogReg,5,0.25,1.0,crp_dataset_8_1_5.csv|crp_dataset_8_1_7.csv|crp_dataset_8_1_1.csv|crp_dataset_8_1_6.csv|crp_dataset_8_1_2.csv,crp_dataset_8_1_3.csv,0.6137089512922338,0.9379844961167599,0.6994219653138762,121,8,52,75,0.0196044921875,0.0028585271317829457,0.016745965055717054
LogReg,5,0.25,1.0,crp_dataset_8_1_5.csv|crp_dataset_8_1_7.csv|crp_dataset_8_1_1.csv|crp_dataset_8_1_6.csv|crp_dataset_8_1_2.csv,crp_dataset_8_1_8.csv,0.6137089512922338,0.8144329896823254,0.5724637681117938,79,18,59,100,0.0283203125,0.005154639175257732,0.02316567332474227
LogReg,5,0.25,1.0,crp_dataset_8_1_5.csv|crp_dataset_8_1_7.csv|crp_dataset_8_1_1.csv|crp_dataset_8_1_6.csv|crp_dataset_8_1_2.csv,crp_dataset_8_1_4.csv,0.6137089512922338,0.880341880334356,0.7862595419787309,103,14,28,111,0.023046875,0.0044337606837606845,0.018613114316239316
LogReg,5,0.25,1.0,crp_dataset_8_1_5.csv|crp_dataset_8_1_7.csv|crp_dataset_8_1_1.csv|crp_dataset_8_1_6.csv|crp_dataset_8_1_4.csv,crp_dataset_8_1_3.csv,0.6865493485893641,0.9999999999910714,0.6473988439268937,112,0,61,83,0.0196044921875,0.0,0.0196044921875
LogReg,5,0.25,1.0,crp_dataset_8_1_5.csv|crp_dataset_8_1_7.csv|crp_dataset_8_1_1.csv|crp_dataset_8_1_6.csv|crp_dataset_8_1_4.csv,crp_dataset_8_1_8.csv,0.6865493485893641,0.8214285714139031,0.3333333333309179,46,10,92,108,0.0283203125,0.005245535714285714,0.023074776785714287
LogReg,5,0.25,1.0,crp_dataset_8_1_5.csv|crp_dataset_8_1_7.csv|crp_dataset_8_1_1.csv|crp_dataset_8_1_6.csv|crp_dataset_8_1_4.csv,crp_dataset_8_1_2.csv,0.6865493485893641,0.999999999962963,0.22689075630061437,27,0,92,137,0.039453125,0.000925925925925926,0.03852719907407407
LogReg,5,0.25,1.0,crp_dataset_8_1_5.csv|crp_dataset_8_1_7.csv|crp_dataset_8_1_1.csv|crp_dataset_8_1_2.csv|crp_dataset_8_1_4.csv,crp_dataset_8_1_3.csv,0.6737701682465231,0.9655172413709869,0.6473988439268937,112,4,61,79,0.0196044921875,0.0005926724137931035,0.019011819773706896
LogReg,5,0.25,1.0,crp_dataset_8_1_5.csv|crp_dataset_8_1_7.csv|crp_dataset_8_1_1.csv|crp_dataset_8_1_2.csv|crp_dataset_8_1_4.csv,crp_dataset_8_1_8.csv,0.6737701682465231,0.8235294117550173,0.5072463768079185,70,15,68,103,0.0283203125,0.004926470588235294,0.023393841911764704
LogReg,5,0.25,1.0,crp_dataset_8_1_5.csv|crp_dataset_8_1_7.csv|crp_dataset_8_1_1.csv|crp_dataset_8_1_2.csv|crp_dataset_8_1_4.csv,crp_dataset_8_1_6.csv,0.6737701682465231,0.8571428571352041,0.6857142857093879,96,16,44,100,0.026928710937499996,0.006361607142857143,0.020567103794642855
LogReg,5,0.25,1.0,crp_dataset_8_1_5.csv|crp_dataset_8_1_7.csv|crp_dataset_8_1_3.csv|crp_dataset_8_1_8.csv|crp_dataset_8_1_6.csv,crp_dataset_8_1_1.csv,0.6090231565269805,0.9036144578204384,0.5952380952333711,75,8,51,122,0.0252685546875,0.002334337349397591,0.02293421733810241
LogReg,5,0.25,1.0,crp_dataset_8_1_5.csv|crp_dataset_8_1_7.csv|crp_dataset_8_1_3.csv|crp_dataset_8_1_8.csv|crp_dataset_8_1_6.csv,crp_dataset_8_1_2.csv,0.6090231565269805,0.9830508474409653,0.4873949579790975,58,1,61,136,0.039453125,0.0012711864406779662,0.03818193855932203
LogReg,5,0.25,1.0,crp_dataset_8_1_5.csv|crp_dataset_8_1_7.csv|crp_dataset_8_1_3.csv|crp_dataset_8_1_8.csv|crp_dataset_8_1_6.csv,crp_dataset_8_1_4.csv,0.6090231565269805,0.8925619834636979,0.8244274809097373,108,13,23,112,0.023046875,0.003409090909090909,0.01963778409090909
LogReg,5,0.25,1.0,crp_dataset_8_1_5.csv|crp_dataset_8_1_7.csv|crp_dataset_8_1_3.csv|crp_dataset_8_1_8.csv|crp_dataset_8_1_2.csv,crp_dataset_8_1_1.csv,0.6228398197680858,0.9032258064419008,0.6666666666613756,84,9,42,121,0.0252685546875,0.0023521505376344087,0.02291640414986559
LogReg,5,0.25,1.0,crp_dataset_8_1_5.csv|crp_dataset_8_1_7.csv|crp_dataset_8_1_3.csv|crp_dataset_8_1_8.csv|crp_dataset_8_1_2.csv,crp_dataset_8_1_6.csv,0.6228398197680858,0.8013698630082099,0.8357142857083164,117,29,23,87,0.026928710937499996,0.009075342465753426,0.01785336847174657
LogReg,5,0.25,1.0,crp_dataset_8_1_5.csv|crp_dataset_8_1_7.csv|crp_dataset_8_1_3.csv|crp_dataset_8_1_8.csv|crp_dataset_8_1_2.csv,crp_dataset_8_1_4.csv,0.6228398197680858,0.8593749999932863,0.8396946564821398,110,18,21,107,0.023046875,0.005322265625,0.017724609375000002
LogReg,5,0.25,1.0,crp_dataset_8_1_5.csv|crp_dataset_8_1_7.csv|crp_dataset_8_1_3.csv|crp_dataset_8_1_8.csv|crp_dataset_8_1_4.csv,crp_dataset_8_1_1.csv,0.7728148923945384,0.9384615384471006,0.4841269841231418,61,4,65,126,0.0252685546875,0.0013461538461538463,0.023922400841346152
LogReg,5,0.25,1.0,crp_dataset_8_1_5.csv|crp_dataset_8_1_7.csv|crp_dataset_8_1_3.csv|crp_dataset_8_1_8.csv|crp_dataset_8_1_4.csv,crp_dataset_8_1_6.csv,0.7728148923945384,0.8347826086883932,0.6857142857093879,96,19,44,97,0.026928710937499996,0.006739130434782608,0.020189580502717387
LogReg,5,0.25,1.0,crp_dataset_8_1_5.csv|crp_dataset_8_1_7.csv|crp_dataset_8_1_3.csv|crp_dataset_8_1_8.csv|crp_dataset_8_1_4.csv,crp_dataset_8_1_2.csv,0.7728148923945384,0.99999999996,0.21008403361167996,25,0,94,137,0.039453125,0.001,0.038453125
LogReg,5,0.25,1.0,crp_dataset_8_1_5.csv|crp_dataset_8_1_7.csv|crp_dataset_8_1_3.csv|crp_dataset_8_1_6.csv|crp_dataset_8_1_2.csv,crp_dataset_8_1_1.csv,0.6711950366751612,0.949999999988125,0.6031746031698161,76,4,50,126,0.0252685546875,0.0010937499999999999,0.0241748046875
LogReg,5,0.25,1.0,crp_dataset_8_1_5.csv|crp_dataset_8_1_7.csv|crp_dataset_8_1_3.csv|crp_dataset_8_1_6.csv|crp_dataset_8_1_2.csv,crp_dataset_8_1_8.csv,0.6711950366751612,0.8124999999915364,0.5652173913002521,78,18,60,100,0.0283203125,0.005208333333333333,0.023111979166666668
LogReg,5,0.25,1.0,crp_dataset_8_1_5.csv|crp_dataset_8_1_7.csv|crp_dataset_8_1_3.csv|crp_dataset_8_1_6.csv|crp_dataset_8_1_2.csv,crp_dataset_8_1_4.csv,0.6711950366751612,0.9396551724056926,0.8320610686959385,109,7,22,118,0.023046875,0.0022090517241379307,0.02083782327586207
LogReg,5,0.25,1.0,crp_dataset_8_1_5.csv|crp_dataset_8_1_7.csv|crp_dataset_8_1_3.csv|crp_dataset_8_1_6.csv|crp_dataset_8_1_4.csv,crp_dataset_8_1_1.csv,0.7632053404244439,0.9516129032104579,0.46825396825025195,59,3,67,127,0.0252685546875,0.0010080645161290322,0.02426049017137097
LogReg,5,0.25,1.0,crp_dataset_8_1_5.csv|crp_dataset_8_1_7.csv|crp_dataset_8_1_3.csv|crp_dataset_8_1_6.csv|crp_dataset_8_1_4.csv,crp_dataset_8_1_8.csv,0.7632053404244439,0.8035714285570791,0.3260869565193762,45,11,93,107,0.0283203125,0.005022321428571429,0.023297991071428572
LogReg,5,0.25,1.0,crp_dataset_8_1_5.csv|crp_dataset_8_1_7.csv|crp_dataset_8_1_3.csv|crp_dataset_8_1_6.csv|crp_dataset_8_1_4.csv,crp_dataset_8_1_2.csv,0.7632053404244439,0.9999999999666667,0.252100840334016,30,0,89,137,0.039453125,0.0008333333333333334,0.03861979166666667
LogReg,5,0.25,1.0,crp_dataset_8_1_5.csv|crp_dataset_8_1_7.csv|crp_dataset_8_1_3.csv|crp_dataset_8_1_2.csv|crp_dataset_8_1_4.csv,crp_dataset_8_1_1.csv,0.7637947056740938,0.9393939393797061,0.49206349205958677,62,4,64,126,0.0252685546875,0.0013257575757575758,0.023942797111742423
LogReg,5,0.25,1.0,crp_dataset_8_1_5.csv|crp_dataset_8_1_7.csv|crp_dataset_8_1_3.csv|crp_dataset_8_1_2.csv|crp_dataset_8_1_4.csv,crp_dataset_8_1_8.csv,0.7637947056740938,0.8437499999868163,0.39130434782325146,54,10,84,108,0.0283203125,0.0048828125,0.0234375
LogReg,5,0.25,1.0,crp_dataset_8_1_5.csv|crp_dataset_8_1_7.csv|crp_dataset_8_1_3.csv|crp_dataset_8_1_2.csv|crp_dataset_8_1_4.csv,crp_dataset_8_1_6.csv,0.7637947056740938,0.8775510203992086,0.6142857142813266,86,12,54,104,0.026928710937499996,0.0050382653061224495,0.021890445631377545
LogReg,5,0.25,1.0,crp_dataset_8_1_5.csv|crp_dataset_8_1_7.csv|crp_dataset_8_1_8.csv|crp_dataset_8_1_6.csv|crp_dataset_8_1_2.csv,crp_dataset_8_1_1.csv,0.6042764658621925,0.9302325581287182,0.6349206349155958,80,6,46,124,0.0252685546875,0.0015261627906976748,0.023742391896802325
LogReg,5,0.25,1.0,crp_dataset_8_1_5.csv|crp_dataset_8_1_7.csv|crp_dataset_8_1_8.csv|crp_dataset_8_1_6.csv|crp_dataset_8_1_2.csv,crp_dataset_8_1_3.csv,0.6042764658621925,0.9663865546137278,0.6647398843892212,115,4,58,79,0.0196044921875,0.0012605042016806721,0.018343987985819328
LogReg,5,0.25,1.0,crp_dataset_8_1_5.csv|crp_dataset_8_1_7.csv|crp_dataset_8_1_8.csv|crp_dataset_8_1_6.csv|crp_dataset_8_1_2.csv,crp_dataset_8_1_4.csv,0.6042764658621925,0.8925619834636979,0.8244274809097373,108,13,23,112,0.023046875,0.003977272727272728,0.019069602272727273
LogReg,5,0.25,1.0,crp_dataset_8_1_5.csv|crp_dataset_8_1_7.csv|crp_dataset_8_1_8.csv|crp_dataset_8_1_6.csv|crp_dataset_8_1_4.csv,crp_dataset_8_1_1.csv,0.6342978512883849,0.9444444444313271,0.5396825396782565,68,4,58,126,0.0252685546875,0.0012152777777777778,0.024053276909722223
LogReg,5,0.25,1.0,crp_dataset_8_1_5.csv|crp_dataset_8_1_7.csv|crp_dataset_8_1_8.csv|crp_dataset_8_1_6.csv|crp_dataset_8_1_4.csv,crp_dataset_8_1_3.csv,0.6342978512883849,0.965811965803711,0.6531791907476695,113,4,60,79,0.0196044921875,0.001282051282051282,0.01832244090544872
LogReg,5,0.25,1.0,crp_dataset_8_1_5.csv|crp_dataset_8_1_7.csv|crp_dataset_8_1_8.csv|crp_dataset_8_1_6.csv|crp_dataset_8_1_4.csv,crp_dataset_8_1_2.csv,0.6342978512883849,0.9807692307503699,0.4285714285678271,51,1,68,136,0.039453125,0.0010817307692307693,0.038371394230769226
LogReg,5,0.25,1.0,crp_dataset_8_1_5.csv|crp_dataset_8_1_7.csv|crp_dataset_8_1_8.csv|crp_dataset_8_1_2.csv|crp_dataset_8_1_4.csv,crp_dataset_8_1_1.csv,0.6517992159668023,0.9259259259144947,0.5952380952333711,75,6,51,124,0.0252685546875,0.0016203703703703705,0.02364818431712963
LogReg,5,0.25,1.0,crp_dataset_8_1_5.csv|crp_dataset_8_1_7.csv|crp_dataset_8_1_8.csv|crp_dataset_8_1_2.csv|crp_dataset_8_1_4.csv,crp_dataset_8_1_3.csv,0.6517992159668023,0.973913043469792,0.6473988439268937,112,3,61,80,0.0196044921875,0.0006521739130434782,0.018952318274456523
LogReg,5,0.25,1.0,crp_dataset_8_1_5.csv|crp_dataset_8_1_7.csv|crp_dataset_8_1_8.csv|crp_dataset_8_1_2.csv|crp_dataset_8_1_4.csv,crp_dataset_8_1_6.csv,0.6517992159668023,0.8557692307610022,0.635714285709745,89,15,51,101,0.026928710937499996,0.006189903846153847,0.02073880709134615
LogReg,5,0.25,1.0,crp_dataset_8_1_5.csv|crp_dataset_8_1_7.csv|crp_dataset_8_1_6.csv|crp_dataset_8_1_2.csv|crp_dataset_8_1_4.csv,crp_dataset_8_1_1.csv,0.6596695236143062,0.9305555555426311,0.5317460317418116,67,5,59,125,0.0252685546875,0.0014756944444444444,0.023792860243055554
LogReg,5,0.25,1.0,crp_dataset_8_1_5.csv|crp_dataset_8_1_7.csv|crp_dataset_8_1_6.csv|crp_dataset_8_1_2.csv|crp_dataset_8_1_4.csv,crp_dataset_8_1_3.csv,0.6596695236143062,0.9491525423648377,0.6473988439268937,112,6,61,77,0.0196044921875,0.0016949152542372883,0.01790957693326271
LogReg,5,0.25,1.0,crp_dataset_8_1_5.csv|crp_dataset_8_1_7.csv|crp_dataset_8_1_6.csv|crp_dataset_8_1_2.csv|crp_dataset_8_1_4.csv,crp_dataset_8_1_8.csv,0.6596695236143062,0.8133333333224888,0.4420289855040433,61,14,77,104,0.0283203125,0.005083333333333334,0.023236979166666664
LogReg,5,0.25,1.0,crp_dataset_8_1_5.csv|crp_dataset_8_1_1.csv|crp_dataset_8_1_3.csv|crp_dataset_8_1_8.csv|crp_dataset_8_1_6.csv,crp_dataset_8_1_7.csv,0.7411514729071211,0.9999999999949496,0.8999999999959092,198,0,22,36,0.0095703125,0.00015782828282828284,0.009412484217171719
LogReg,5,0.25,1.0,crp_dataset_8_1_5.csv|crp_dataset_8_1_1.csv|crp_dataset_8_1_3.csv|crp_dataset_8_1_8.csv|crp_dataset_8_1_6.csv,crp_dataset_8_1_2.csv,0.7411514729071211,0.9999999999375,0.13445378151147516,16,0,103,137,0.039453125,0.0011718750000000002,0.038281249999999996
LogReg,5,0.25,1.0,crp_dataset_8_1_5.csv|crp_dataset_8_1_1.csv|crp_dataset_8_1_3.csv|crp_dataset_8_1_8.csv|crp_dataset_8_1_6.csv,crp_dataset_8_1_4.csv,0.7411514729071211,0.9999999999891304,0.7022900763305169,92,0,39,125,0.023046875,0.0,0.023046875
LogReg,5,0.25,1.0,crp_dataset_8_1_5.csv|crp_dataset_8_1_1.csv|crp_dataset_8_1_3.csv|crp_dataset_8_1_8.csv|crp_dataset_8_1_2.csv,crp_dataset_8_1_7.csv,0.6560814730059695,0.9401709401669224,0.9999999999954546,220,14,0,22,0.0095703125,0.002003205128205128,0.007567107371794873
LogReg,5,0.25,1.0,crp_dataset_8_1_5.csv|crp_dataset_8_1_1.csv|crp_dataset_8_1_3.csv|crp_dataset_8_1_8.csv|crp_dataset_8_1_2.csv,crp_dataset_8_1_6.csv,0.6560814730059695,0.772727272722255,0.8499999999939286,119,35,21,81,0.026928710937499996,0.010998376623376624,0.01593033431412337
LogReg,5,0.25,1.0,crp_dataset_8_1_5.csv|crp_dataset_8_1_1.csv|crp_dataset_8_1_3.csv|crp_dataset_8_1_8.csv|crp_dataset_8_1_2.csv,crp_dataset_8_1_4.csv,0.6560814730059695,0.8320610686959385,0.8320610686959385,109,22,22,103,0.023046875,0.0057251908396946565,0.017321684160305346
LogReg,5,0.25,1.0,crp_dataset_8_1_5.csv|crp_dataset_8_1_1.csv|crp_dataset_8_1_3.csv|crp_dataset_8_1_8.csv|crp_dataset_8_1_4.csv,crp_dataset_8_1_7.csv,0.6177112877264715,0.9953271027990873,0.9681818181774174,213,1,7,35,0.0095703125,0.0002920560747663551,0.009278256425233646
LogReg,5,0.25,1.0,crp_dataset_8_1_5.csv|crp_dataset_8_1_1.csv|crp_dataset_8_1_3.csv|crp_dataset_8_1_8.csv|crp_dataset_8_1_4.csv,crp_dataset_8_1_6.csv,0.6177112877264715,0.8666666666594445,0.7428571428518368,104,16,36,100,0.026928710937499996,0.005677083333333333,0.021251627604166663
LogReg,5,0.25,1.0,crp_dataset_8_1_5.csv|crp_dataset_8_1_1.csv|crp_dataset_8_1_3.csv|crp_dataset_8_1_8.csv|crp_dataset_8_1_4.csv,crp_dataset_8_1_2.csv,0.6177112877264715,0.9999999999666667,0.252100840334016,30,0,89,137,0.039453125,0.0008333333333333334,0.03861979166666667
LogReg,5,0.25,1.0,crp_dataset_8_1_5.csv|crp_dataset_8_1_1.csv|crp_dataset_8_1_3.csv|crp_dataset_8_1_6.csv|crp_dataset_8_1_2.csv,crp_dataset_8_1_7.csv,0.7303170326970726,0.9909909909865271,0.9999999999954546,220,2,0,34,0.0095703125,0.0005067567567567568,0.009063555743243244
LogReg,5,0.25,1.0,crp_dataset_8_1_5.csv|crp_dataset_8_1_1.csv|crp_dataset_8_1_3.csv|crp_dataset_8_1_6.csv|crp_dataset_8_1_2.csv,crp_dataset_8_1_8.csv,0.7303170326970726,0.8292682926728138,0.4927536231848352,68,14,70,104,0.0283203125,0.005030487804878049,0.02328982469512195
LogReg,5,0.25,1.0,crp_dataset_8_1_5.csv|crp_dataset_8_1_1.csv|crp_dataset_8_1_3.csv|crp_dataset_8_1_6.csv|crp_dataset_8_1_2.csv,crp_dataset_8_1_4.csv,0.7303170326970726,0.9619047618956009,0.7709923664063284,101,4,30,121,0.023046875,0.00125,0.021796875
LogReg,5,0.25,1.0,crp_dataset_8_1_5.csv|crp_dataset_8_1_1.csv|crp_dataset_8_1_3.csv|crp_dataset_8_1_6.csv|crp_dataset_8_1_4.csv,crp_dataset_8_1_7.csv,0.6950449937420067,0.9999999999953488,0.9772727272682852,215,0,5,36,0.0095703125,0.0002616279069767442,0.009308684593023257
LogReg,5,0.25,1.0,crp_dataset_8_1_5.csv|crp_dataset_8_1_1.csv|crp_dataset_8_1_3.csv|crp_dataset_8_1_6.csv|crp_dataset_8_1_4.csv,crp_dataset_8_1_8.csv,0.6950449937420067,0.7903225806324142,0.35507246376554297,49,13,89,105,0.0283203125,0.005544354838709677,0.022775957661290324
LogReg,5,0.25,1.0,crp_dataset_8_1_5.csv|crp_dataset_8_1_1.csv|crp_dataset_8_1_3.csv|crp_dataset_8_1_6.csv|crp_dataset_8_1_4.csv,crp_dataset_8_1_2.csv,0.6950449937420067,0.9999999999545455,0.18487394957827835,22,0,97,137,0.039453125,0.0008522727272727274,0.03860085227272727
LogReg,5,0.25,1.0,crp_dataset_8_1_5.csv|crp_dataset_8_1_1.csv|crp_dataset_8_1_3.csv|crp_dataset_8_1_2.csv|crp_dataset_8_1_4.csv,crp_dataset_8_1_7.csv,0.6019158243591367,0.9523809523768295,0.9999999999954546,220,11,0,25,0.0095703125,0.0015422077922077923,0.008028104707792208
LogReg,5,0.25,1.0,crp_dataset_8_1_5.csv|crp_dataset_8_1_1.csv|crp_dataset_8_1_3.csv|crp_dataset_8_1_2.csv|crp_dataset_8_1_4.csv,crp_dataset_8_1_8.csv,0.6019158243591367,0.8105263157809418,0.5579710144887104,77,18,61,100,0.0283203125,0.005263157894736841,0.02305715460526316
LogReg,5,0.25,1.0,crp_dataset_8_1_5.csv|crp_dataset_8_1_1.csv|crp_dataset_8_1_3.csv|crp_dataset_8_1_2.csv|crp_dataset_8_1_4.csv,crp_dataset_8_1_6.csv,0.6019158243591367,0.826086956515753,0.814285714279898,114,24,26,92,0.026928710937499996,0.00783514492753623,0.019093566009963765
LogReg,5,0.25,1.0,crp_dataset_8_1_5.csv|crp_dataset_8_1_1.csv|crp_dataset_8_1_8.csv|crp_dataset_8_1_6.csv|crp_dataset_8_1_2.csv,crp_dataset_8_1_7.csv,0.6347863819141931,0.956521739126276,0.9999999999954546,220,10,0,26,0.0095703125,0.0013315217391304346,0.008238790760869566
LogReg,5,0.25,1.0,crp_dataset_8_1_5.csv|crp_dataset_8_1_1.csv|crp_dataset_8_1_8.csv|crp_dataset_8_1_6.csv|crp_dataset_8_1_2.csv,crp_dataset_8_1_3.csv,0.6347863819141931,0.9519999999923839,0.6878612716723246,119,6,54,77,0.0196044921875,0.0021000000000000003,0.017504492187499998
LogReg,5,0.25,1.0,crp_dataset_8_1_5.csv|crp_dataset_8_1_1.csv|crp_dataset_8_1_8.csv|crp_dataset_8_1_6.csv|crp_dataset_8_1_2.csv,crp_dataset_8_1_4.csv,0.6347863819141931,0.8916666666592361,0.816793893123536,107,13,24,112,0.023046875,0.004010416666666667,0.019036458333333332
LogReg,5,0.25,1.0,crp_dataset_8_1_5.csv|crp_dataset_8_1_1.csv|crp_dataset_8_1_8.csv|crp_dataset_8_1_6.csv|crp_dataset_8_1_4.csv,crp_dataset_8_1_7.csv,0.728345776127017,0.9999999999952381,0.9545454545411157,210,0,10,36,0.0095703125,0.0002380952380952381,0.009332217261904762
LogReg,5,0.25,1.0,crp_dataset_8_1_5.csv|crp_dataset_8_1_1.csv|crp_dataset_8_1_8.csv|crp_dataset_8_1_6.csv|crp_dataset_8_1_4.csv,crp_dataset_8_1_3.csv,0.728345776127017,0.9904761904667574,0.601156069360687,104,1,69,82,0.0196044921875,0.0005952380952380953,0.019009254092261903
LogReg,5,0.25,1.0,crp_dataset_8_1_5.csv|crp_dataset_8_1_1.csv|crp_dataset_8_1_8.csv|crp_dataset_8_1_6.csv|crp_dataset_8_1_4.csv,crp_dataset_8_1_2.csv,0.728345776127017,0.999999999962963,0.22689075630061437,27,0,92,137,0.039453125,0.000925925925925926,0.03852719907407407
LogReg,5,0.25,1.0,crp_dataset_8_1_5.csv|crp_dataset_8_1_1.csv|crp_dataset_8_1_8.csv|crp_dataset_8_1_2.csv|crp_dataset_8_1_4.csv,crp_dataset_8_1_7.csv,0.6506498429343043,0.9952606635023922,0.9545454545411157,210,1,10,35,0.0095703125,0.0002665876777251185,0.009303724822274883
LogReg,5,0.25,1.0,crp_dataset_8_1_5.csv|crp_dataset_8_1_1.csv|crp_dataset_8_1_8.csv|crp_dataset_8_1_2.csv|crp_dataset_8_1_4.csv,crp_dataset_8_1_3.csv,0.6506498429343043,0.982905982897582,0.6647398843892212,115,2,58,81,0.0196044921875,0.0010683760683760685,0.01853611611912393
LogReg,5,0.25,1.0,crp_dataset_8_1_5.csv|crp_dataset_8_1_1.csv|crp_dataset_8_1_8.csv|crp_dataset_8_1_2.csv|crp_dataset_8_1_4.csv,crp_dataset_8_1_6.csv,0.6506498429343043,0.8952380952295691,0.6714285714237755,94,11,46,105,0.026928710937499996,0.004464285714285714,0.022464425223214284
LogReg,5,0.25,1.0,crp_dataset_8_1_5.csv|crp_dataset_8_1_1.csv|crp_dataset_8_1_6.csv|crp_dataset_8_1_2.csv|crp_dataset_8_1_4.csv,crp_dataset_8_1_7.csv,0.6749160060297901,0.9777777777734321,0.9999999999954546,220,5,0,31,0.0095703125,0.00075,0.0088203125
LogReg,5,0.25,1.0,crp_dataset_8_1_5.csv|crp_dataset_8_1_1.csv|crp_dataset_8_1_6.csv|crp_dataset_8_1_2.csv|crp_dataset_8_1_4.csv,crp_dataset_8_1_3.csv,0.6749160060297901,0.9999999999910714,0.6473988439268937,112,0,61,83,0.0196044921875,0.0,0.0196044921875
LogReg,5,0.25,1.0,crp_dataset_8_1_5.csv|crp_dataset_8_1_1.csv|crp_dataset_8_1_6.csv|crp_dataset_8_1_2.csv|crp_dataset_8_1_4.csv,crp_dataset_8_1_8.csv,0.6749160060297901,0.8021978021889868,0.5289855072425437,73,18,65,100,0.0283203125,0.005288461538461539,0.02303185096153846
LogReg,5,0.25,1.0,crp_dataset_8_1_5.csv|crp_dataset_8_1_3.csv|crp_dataset_8_1_8.csv|crp_dataset_8_1_6.csv|crp_dataset_8_1_2.csv,crp_dataset_8_1_7.csv,0.6051041237343184,0.9442060085796387,0.9999999999954546,220,13,0,23,0.0095703125,0.0017972103004291844,0.007773102199570816
LogReg,5,0.25,1.0,crp_dataset_8_1_5.csv|crp_dataset_8_1_3.csv|crp_dataset_8_1_8.csv|crp_dataset_8_1_6.csv|crp_dataset_8_1_2.csv,crp_dataset_8_1_1.csv,0.6051041237343184,0.919540229874488,0.6349206349155958,80,7,46,123,0.0252685546875,0.0017241379310344827,0.023544416756465517
LogReg,5,0.25,1.0,crp_dataset_8_1_5.csv|crp_dataset_8_1_3.csv|crp_dataset_8_1_8.csv|crp_dataset_8_1_6.csv|crp_dataset_8_1_2.csv,crp_dataset_8_1_4.csv,0.6051041237343184,0.8730158730089443,0.8396946564821398,110,16,21,109,0.023046875,0.004662698412698413,0.018384176587301588
LogReg,5,0.25,1.0,crp_dataset_8_1_5.csv|crp_dataset_8_1_3.csv|crp_dataset_8_1_8.csv|crp_dataset_8_1_6.csv|crp_dataset_8_1_4.csv,crp_dataset_8_1_7.csv,0.622108641210116,0.981818181813719,0.981818181813719,216,4,4,32,0.0095703125,0.0005965909090909091,0.008973721590909091
LogReg,5,0.25,1.0,crp_dataset_8_1_5.csv|crp_dataset_8_1_3.csv|crp_dataset_8_1_8.csv|crp_dataset_8_1_6.csv|crp_dataset_8_1_4.csv,crp_dataset_8_1_1.csv,0.622108641210116,0.949999999988125,0.6031746031698161,76,4,50,126,0.0252685546875,0.0010937499999999999,0.0241748046875
LogReg,5,0.25,1.0,crp_dataset_8_1_5.csv|crp_dataset_8_1_3.csv|crp_dataset_8_1_8.csv|crp_dataset_8_1_6.csv|crp_dataset_8_1_4.csv,crp_dataset_8_1_2.csv,0.622108641210116,0.9999999999714286,0.29411764705635196,35,0,84,137,0.039453125,0.0008928571428571428,0.03856026785714286
LogReg,5,0.25,1.0,crp_dataset_8_1_5.csv|crp_dataset_8_1_3.csv|crp_dataset_8_1_8.csv|crp_dataset_8_1_2.csv|crp_dataset_8_1_4.csv,crp_dataset_8_1_7.csv,0.8355506906929338,0.9952153110000229,0.945454545450248,208,1,12,35,0.0095703125,0.0002691387559808613,0.009301173744019139
LogReg,5,0.25,1.0,crp_dataset_8_1_5.csv|crp_dataset_8_1_3.csv|crp_dataset_8_1_8.csv|crp_dataset_8_1_2.csv|crp_dataset_8_1_4.csv,crp_dataset_8_1_1.csv,0.8355506906929338,0.9384615384471006,0.4841269841231418,61,4,65,126,0.0252685546875,0.0013461538461538463,0.023922400841346152
LogReg,5,0.25,1.0,crp_dataset_8_1_5.csv|crp_dataset_8_1_3.csv|crp_dataset_8_1_8.csv|crp_dataset_8_1_2.csv|crp_dataset_8_1_4.csv,crp_dataset_8_1_6.csv,0.8355506906929338,0.8543689320305401,0.6285714285669388,88,15,52,101,0.026928710937499996,0.006007281553398059,0.020921429384101936
LogReg,5,0.25,1.0,crp_dataset_8_1_5.csv|crp_dataset_8_1_3.csv|crp_dataset_8_1_6.csv|crp_dataset_8_1_2.csv|crp_dataset_8_1_4.csv,crp_dataset_8_1_7.csv,0.8178926953498487,0.9862385321055678,0.9772727272682852,215,3,5,33,0.0095703125,0.00045871559633027525,0.009111596903669725
LogReg,5,0.25,1.0,crp_dataset_8_1_5.csv|crp_dataset_8_1_3.csv|crp_dataset_8_1_6.csv|crp_dataset_8_1_2.csv|crp_dataset_8_1_4.csv,crp_dataset_8_1_1.csv,0.8178926953498487,0.9499999999841667,0.45238095237736203,57,3,69,127,0.0252685546875,0.0010416666666666667,0.024226888020833334
LogReg,5,0.25,1.0,crp_dataset_8_1_5.csv|crp_dataset_8_1_3.csv|crp_dataset_8_1_6.csv|crp_dataset_8_1_2.csv|crp_dataset_8_1_4.csv,crp_dataset_8_1_8.csv,0.8178926953498487,0.795454545436467,0.25362318840395925,35,9,103,109,0.0283203125,0.0051136363636363645,0.023206676136363635
LogReg,5,0.25,1.0,crp_dataset_8_1_5.csv|crp_dataset_8_1_8.csv|crp_dataset_8_1_6.csv|crp_dataset_8_1_2.csv|crp_dataset_8_1_4.csv,crp_dataset_8_1_7.csv,0.6411997972148149,0.981818181813719,0.981818181813719,216,4,4,32,0.0095703125,0.0005681818181818182,0.009002130681818182
LogReg,5,0.25,1.0,crp_dataset_8_1_5.csv|crp_dataset_8_1_8.csv|crp_dataset_8_1_6.csv|crp_dataset_8_1_2.csv|crp_dataset_8_1_4.csv,crp_dataset_8_1_1.csv,0.6411997972148149,0.9512195121835216,0.619047619042706,78,4,48,126,0.0252685546875,0.0010670731707317072,0.024201481516768292
LogReg,5,0.25,1.0,crp_dataset_8_1_5.csv|crp_dataset_8_1_8.csv|crp_dataset_8_1_6.csv|crp_dataset_8_1_2.csv|crp_dataset_8_1_4.csv,crp_dataset_8_1_3.csv,0.6411997972148149,0.9826086956436294,0.6531791907476695,113,2,60,81,0.0196044921875,0.0010869565217391304,0.018517535665760868
LogReg,5,0.25,1.0,crp_dataset_8_1_7.csv|crp_dataset_8_1_1.csv|crp_dataset_8_1_3.csv|crp_dataset_8_1_8.csv|crp_dataset_8_1_6.csv,crp_dataset_8_1_5.csv,0.6078838608924567,0.9523809523658353,0.599999999994,60,3,40,153,0.039282226562499994,0.001984126984126984,0.03729809957837301
LogReg,5,0.25,1.0,crp_dataset_8_1_7.csv|crp_dataset_8_1_1.csv|crp_dataset_8_1_3.csv|crp_dataset_8_1_8.csv|crp_dataset_8_1_6.csv,crp_dataset_8_1_2.csv,0.6078838608924567,0.9999999999743591,0.3277310924342207,39,0,80,137,0.039453125,0.0009615384615384615,0.03849158653846154
LogReg,5,0.25,1.0,crp_dataset_8_1_7.csv|crp_dataset_8_1_1.csv|crp_dataset_8_1_3.csv|crp_dataset_8_1_8.csv|crp_dataset_8_1_6.csv,crp_dataset_8_1_4.csv,0.6078838608924567,0.919642857134646,0.7862595419787309,103,9,28,116,0.023046875,0.0028459821428571427,0.020200892857142858
LogReg,5,0.25,1.0,crp_dataset_8_1_7.csv|crp_dataset_8_1_1.csv|crp_dataset_8_1_3.csv|crp_dataset_8_1_8.csv|crp_dataset_8_1_2.csv,crp_dataset_8_1_5.csv,0.6063979352611947,0.8783783783665083,0.6499999999935,65,9,35,147,0.039282226562499994,0.003800675675675676,0.035481550886824316
LogReg,5,0.25,1.0,crp_dataset_8_1_7.csv|crp_dataset_8_1_1.csv|crp_dataset_8_1_3.csv|crp_dataset_8_1_8.csv|crp_dataset_8_1_2.csv,crp_dataset_8_1_6.csv,0.6063979352611947,0.8412698412631645,0.757142857137449,106,20,34,96,0.026928710937499996,0.006398809523809523,0.020529901413690474
LogReg,5,0.25,1.0,crp_dataset_8_1_7.csv|crp_dataset_8_1_1.csv|crp_dataset_8_1_3.csv|crp_dataset_8_1_8.csv|crp_dataset_8_1_2.csv,crp_dataset_8_1_4.csv,0.6063979352611947,0.8492063491996095,0.816793893123536,107,19,24,106,0.023046875,0.005109126984126984,0.017937748015873018
LogReg,5,0.25,1.0,crp_dataset_8_1_7.csv|crp_dataset_8_1_1.csv|crp_dataset_8_1_3.csv|crp_dataset_8_1_8.csv|crp_dataset_8_1_4.csv,crp_dataset_8_1_5.csv,0.6049046274161611,0.9672131147382425,0.5899999999941,59,2,41,154,0.039282226562499994,0.0017418032786885246,0.03754042328381147
LogReg,5,0.25,1.0,crp_dataset_8_1_7.csv|crp_dataset_8_1_1.csv|crp_dataset_8_1_3.csv|crp_dataset_8_1_8.csv|crp_dataset_8_1_4.csv,crp_dataset_8_1_6.csv,0.6049046274161611,0.8281249999935304,0.757142857137449,106,22,34,94,0.026928710937499996,0.006884765625,0.020043945312499995
LogReg,5,0.25,1.0,crp_dataset_8_1_7.csv|crp_dataset_8_1_1.csv|crp_dataset_8_1_3.csv|crp_dataset_8_1_8.csv|crp_dataset_8_1_4.csv,crp_dataset_8_1_2.csv,0.6049046274161611,0.9999999999736843,0.31932773108975354,38,0,81,137,0.039453125,0.000986842105263158,0.03846628289473684
LogReg,5,0.25,1.0,crp_dataset_8_1_7.csv|crp_dataset_8_1_1.csv|crp_dataset_8_1_3.csv|crp_dataset_8_1_6.csv|crp_dataset_8_1_2.csv,crp_dataset_8_1_5.csv,0.8721911894649224,0.9999999999750001,0.399999999996,40,0,60,156,0.039282226562499994,0.000625,0.038657226562499994
LogReg,5,0.25,1.0,crp_dataset_8_1_7.csv|crp_dataset_8_1_1.csv|crp_dataset_8_1_3.csv|crp_dataset_8_1_6.csv|crp_dataset_8_1_2.csv,crp_dataset_8_1_8.csv,0.8721911894649224,0.7884615384463758,0.2971014492732094,41,11,97,107,0.0283203125,0.0056490384615384606,0.022671274038461538
LogReg,5,0.25,1.0,crp_dataset_8_1_7.csv|crp_dataset_8_1_1.csv|crp_dataset_8_1_3.csv|crp_dataset_8_1_6.csv|crp_dataset_8_1_2.csv,crp_dataset_8_1_4.csv,0.8721911894649224,0.9999999999893616,0.7175572519029194,94,0,37,125,0.023046875,0.0,0.023046875
LogReg,5,0.25,1.0,crp_dataset_8_1_7.csv|crp_dataset_8_1_1.csv|crp_dataset_8_1_3.csv|crp_dataset_8_1_6.csv|crp_dataset_8_1_4.csv,crp_dataset_8_1_5.csv,0.6166618531119529,0.9999999999811321,0.5299999999946999,53,0,47,156,0.039282226562499994,0.0010613207547169813,0.038220905807783014
LogReg,5,0.25,1.0,crp_dataset_8_1_7.csv|crp_dataset_8_1_1.csv|crp_dataset_8_1_3.csv|crp_dataset_8_1_6.csv|crp_dataset_8_1_4.csv,crp_dataset_8_1_8.csv,0.6166618531119529,0.8048780487706721,0.4782608695617518,66,16,72,102,0.0283203125,0.005411585365853658,0.022908727134146344
LogReg,5,0.25,1.0,crp_dataset_8_1_7.csv|crp_dataset_8_1_1.csv|crp_dataset_8_1_3.csv|crp_dataset_8_1_6.csv|crp_dataset_8_1_4.csv,crp_dataset_8_1_2.csv,0.6166618531119529,0.9999999999687501,0.2689075630229503,32,0,87,137,0.039453125,0.0009765625,0.0384765625
LogReg,5,0.25,1.0,crp_dataset_8_1_7.csv|crp_dataset_8_1_1.csv|crp_dataset_8_1_3.csv|crp_dataset_8_1_2.csv|crp_dataset_8_1_4.csv,crp_dataset_8_1_5.csv,0.6408419811208249,0.9054054053931702,0.6699999999933,67,7,33,149,0.039282226562499994,0.002787162162162162,0.03649506440033783
LogReg,5,0.25,1.0,crp_dataset_8_1_7.csv|crp_dataset_8_1_1.csv|crp_dataset_8_1_3.csv|crp_dataset_8_1_2.csv|crp_dataset_8_1_4.csv,crp_dataset_8_1_8.csv,0.6408419811208249,0.8124999999915364,0.5652173913002521,78,18,60,100,0.0283203125,0.005208333333333333,0.023111979166666668
LogReg,5,0.25,1.0,crp_dataset_8_1_7.csv|crp_dataset_8_1_1.csv|crp_dataset_8_1_3.csv|crp_dataset_8_1_2.csv|crp_dataset_8_1_4.csv,crp_dataset_8_1_6.csv,0.6408419811208249,0.8648648648570733,0.6857142857093879,96,15,44,101,0.026928710937499996,0.00579954954954955,0.021129161387950447
LogReg,5,0.25,1.0,crp_dataset_8_1_7.csv|crp_dataset_8_1_1.csv|crp_dataset_8_1_8.csv|crp_dataset_8_1_6.csv|crp_dataset_8_1_2.csv,crp_dataset_8_1_5.csv,0.7764814417842956,0.9538461538314792,0.6199999999938,62,3,38,153,0.039282226562499994,0.0018269230769230771,0.037455303485576914
LogReg,5,0.25,1.0,crp_dataset_8_1_7.csv|crp_dataset_8_1_1.csv|crp_dataset_8_1_8.csv|crp_dataset_8_1_6.csv|crp_dataset_8_1_2.csv,crp_dataset_8_1_3.csv,0.7764814417842956,0.9906542055982182,0.6127167630022387,106,1,67,82,0.0196044921875,0.00011682242990654206,0.019487669757593456
LogReg,5,0.25,1.0,crp_dataset_8_1_7.csv|crp_dataset_8_1_1.csv|crp_dataset_8_1_8.csv|crp_dataset_8_1_6.csv|crp_dataset_8_1_2.csv,crp_dataset_8_1_4.csv,0.7764814417842956,0.961538461529216,0.7633587786201271,100,4,31,121,0.023046875,0.001081730769230769,0.021965144230769233
LogReg,5,0.25,1.0,crp_dataset_8_1_7.csv|crp_dataset_8_1_1.csv|crp_dataset_8_1_8.csv|crp_dataset_8_1_6.csv|crp_dataset_8_1_4.csv,crp_dataset_8_1_5.csv,0.675677171072566,0.9402985074486522,0.6299999999936999,63,4,37,152,0.039282226562499994,0.0021455223880597015,0.037136704174440295
LogReg,5,0.25,1.0,crp_dataset_8_1_7.csv|crp_dataset_8_1_1.csv|crp_dataset_8_1_8.csv|crp_dataset_8_1_6.csv|crp_dataset_8_1_4.csv,crp_dataset_8_1_3.csv,0.675677171072566,0.9999999999910714,0.6473988439268937,112,0,61,83,0.0196044921875,0.0,0.0196044921875
LogReg,5,0.25,1.0,crp_dataset_8_1_7.csv|crp_dataset_8_1_1.csv|crp_dataset_8_1_8.csv|crp_dataset_8_1_6.csv|crp_dataset_8_1_4.csv,crp_dataset_8_1_2.csv,0.675677171072566,0.9999999999777779,0.37815126050102393,45,0,74,137,0.039453125,0.0009722222222222223,0.03848090277777778
LogReg,5,0.25,1.0,crp_dataset_8_1_7.csv|crp_dataset_8_1_1.csv|crp_dataset_8_1_8.csv|crp_dataset_8_1_2.csv|crp_dataset_8_1_4.csv,crp_dataset_8_1_5.csv,0.6525735202533394,0.8488372092924553,0.7299999999926999,73,13,27,143,0.039282226562499994,0.00436046511627907,0.034921761446220924
LogReg,5,0.25,1.0,crp_dataset_8_1_7.csv|crp_dataset_8_1_1.csv|crp_dataset_8_1_8.csv|crp_dataset_8_1_2.csv|crp_dataset_8_1_4.csv,crp_dataset_8_1_3.csv,0.6525735202533394,0.9911504424691049,0.6473988439268937,112,1,61,82,0.0196044921875,0.00011061946902654868,0.01949387271847345
LogReg,5,0.25,1.0,crp_dataset_8_1_7.csv|crp_dataset_8_1_1.csv|crp_dataset_8_1_8.csv|crp_dataset_8_1_2.csv|crp_dataset_8_1_4.csv,crp_dataset_8_1_6.csv,0.6525735202533394,0.8764044943721752,0.5571428571388776,78,11,62,105,0.026928710937499996,0.0050561797752808986,0.021872531162219096
LogReg,5,0.25,1.0,crp_dataset_8_1_7.csv|crp_dataset_8_1_1.csv|crp_dataset_8_1_6.csv|crp_dataset_8_1_2.csv|crp_dataset_8_1_4.csv,crp_dataset_8_1_5.csv,0.6601400859038263,0.9166666666539351,0.6599999999934,66,6,34,150,0.039282226562499994,0.0026041666666666665,0.03667805989583333
LogReg,5,0.25,1.0,crp_dataset_8_1_7.csv|crp_dataset_8_1_1.csv|crp_dataset_8_1_6.csv|crp_dataset_8_1_2.csv|crp_dataset_8_1_4.csv,crp_dataset_8_1_3.csv,0.6601400859038263,0.974137931026085,0.6531791907476695,113,3,60,80,0.0196044921875,0.0007543103448275862,0.01885018184267241
LogReg,5,0.25,1.0,crp_dataset_8_1_7.csv|crp_dataset_8_1_1.csv|crp_dataset_8_1_6.csv|crp_dataset_8_1_2.csv|crp_dataset_8_1_4.csv,crp_dataset_8_1_8.csv,0.6601400859038263,0.8089887640358541,0.521739130431002,72,17,66,101,0.0283203125,0.005337078651685393,0.02298323384831461
LogReg,5,0.25,1.0,crp_dataset_8_1_7.csv|crp_dataset_8_1_3.csv|crp_dataset_8_1_8.csv|crp_dataset_8_1_6.csv|crp_dataset_8_1_2.csv,crp_dataset_8_1_5.csv,0.7473872584093635,0.8749999999890624,0.699999999993,70,10,30,146,0.039282226562499994,0.0034375000000000005,0.03584472656249999
LogReg,5,0.25,1.0,crp_dataset_8_1_7.csv|crp_dataset_8_1_3.csv|crp_dataset_8_1_8.csv|crp_dataset_8_1_6.csv|crp_dataset_8_1_2.csv,crp_dataset_8_1_1.csv,0.7473872584093635,0.9078947368301592,0.5476190476147014,69,7,57,123,0.0252685546875,0.001973684210526316,0.023294870476973685
LogReg,5,0.25,1.0,crp_dataset_8_1_7.csv|crp_dataset_8_1_3.csv|crp_dataset_8_1_8.csv|crp_dataset_8_1_6.csv|crp_dataset_8_1_2.csv,crp_dataset_8_1_4.csv,0.7473872584093635,0.9396551724056926,0.8320610686959385,109,7,22,118,0.023046875,0.001939655172413793,0.021107219827586208
LogReg,5,0.25,1.0,crp_dataset_8_1_7.csv|crp_dataset_8_1_3.csv|crp_dataset_8_1_8.csv|crp_dataset_8_1_6.csv|crp_dataset_8_1_4.csv,crp_dataset_8_1_5.csv,0.6247462875205705,0.8846153846040433,0.6899999999931,69,9,31,147,0.039282226562499994,0.003766025641025641,0.03551620092147435
LogReg,5,0.25,1.0,crp_dataset_8_1_7.csv|crp_dataset_8_1_3.csv|crp_dataset_8_1_8.csv|crp_dataset_8_1_6.csv|crp_dataset_8_1_4.csv,crp_dataset_8_1_1.csv,0.6247462875205705,0.9350649350527913,0.5714285714240362,72,5,54,125,0.0252685546875,0.0013798701298701301,0.02388868455762987
LogReg,5,0.25,1.0,crp_dataset_8_1_7.csv|crp_dataset_8_1_3.csv|crp_dataset_8_1_8.csv|crp_dataset_8_1_6.csv|crp_dataset_8_1_4.csv,crp_dataset_8_1_2.csv,0.6247462875205705,0.9649122806848262,0.4621848739456959,55,2,64,135,0.039453125,0.0013157894736842105,0.03813733552631579
LogReg,5,0.25,1.0,crp_dataset_8_1_7.csv|crp_dataset_8_1_3.csv|crp_dataset_8_1_8.csv|crp_dataset_8_1_2.csv|crp_dataset_8_1_4.csv,crp_dataset_8_1_5.csv,0.6092516962845372,0.8452380952280328,0.7099999999929,71,13,29,143,0.039282226562499994,0.004389880952380952,0.034892345610119044
LogReg,5,0.25,1.0,crp_dataset_8_1_7.csv|crp_dataset_8_1_3.csv|crp_dataset_8_1_8.csv|crp_dataset_8_1_2.csv|crp_dataset_8_1_4.csv,crp_dataset_8_1_1.csv,0.6092516962845372,0.902173913033672,0.6587301587249307,83,9,43,121,0.0252685546875,0.0025815217391304346,0.022687032948369566
LogReg,5,0.25,1.0,crp_dataset_8_1_7.csv|crp_dataset_8_1_3.csv|crp_dataset_8_1_8.csv|crp_dataset_8_1_2.csv|crp_dataset_8_1_4.csv,crp_dataset_8_1_6.csv,0.6092516962845372,0.8446601941665567,0.6214285714241327,87,16,53,100,0.026928710937499996,0.006614077669902914,0.020314633267597082
LogReg,5,0.25,1.0,crp_dataset_8_1_7.csv|crp_dataset_8_1_3.csv|crp_dataset_8_1_6.csv|crp_dataset_8_1_2.csv|crp_dataset_8_1_4.csv,crp_dataset_8_1_5.csv,0.794134863433196,0.9402985074486522,0.6299999999936999,63,4,37,152,0.039282226562499994,0.0021455223880597015,0.037136704174440295
LogReg,5,0.25,1.0,crp_dataset_8_1_7.csv|crp_dataset_8_1_3.csv|crp_dataset_8_1_6.csv|crp_dataset_8_1_2.csv|crp_dataset_8_1_4.csv,crp_dataset_8_1_1.csv,0.794134863433196,0.9420289854935937,0.5158730158689216,65,4,61,126,0.0252685546875,0.0012681159420289854,0.024000438745471014
LogReg,5,0.25,1.0,crp_dataset_8_1_7.csv|crp_dataset_8_1_3.csv|crp_dataset_8_1_6.csv|crp_dataset_8_1_2.csv|crp_dataset_8_1_4.csv,crp_dataset_8_1_8.csv,0.794134863433196,0.8026315789368075,0.4420289855040433,61,15,77,103,0.0283203125,0.005509868421052631,0.02281044407894737
LogReg,5,0.25,1.0,crp_dataset_8_1_7.csv|crp_dataset_8_1_8.csv|crp_dataset_8_1_6.csv|crp_dataset_8_1_2.csv|crp_dataset_8_1_4.csv,crp_dataset_8_1_5.csv,0.6397454979560524,0.8369565217300331,0.7699999999923,77,15,23,141,0.039282226562499994,0.0045516304347826084,0.03473059612771739
LogReg,5,0.25,1.0,crp_dataset_8_1_7.csv|crp_dataset_8_1_8.csv|crp_dataset_8_1_6.csv|crp_dataset_8_1_2.csv|crp_dataset_8_1_4.csv,crp_dataset_8_1_1.csv,0.6397454979560524,0.9113924050517545,0.5714285714240362,72,7,54,123,0.0252685546875,0.0018987341772151898,0.02336982051028481
LogReg,5,0.25,1.0,crp_dataset_8_1_7.csv|crp_dataset_8_1_8.csv|crp_dataset_8_1_6.csv|crp_dataset_8_1_2.csv|crp_dataset_8_1_4.csv,crp_dataset_8_1_3.csv,0.6397454979560524,0.9411764705803263,0.6473988439268937,112,7,61,76,0.0196044921875,0.001838235294117647,0.017766256893382352
LogReg,5,0.25,1.0,crp_dataset_8_1_1.csv|crp_dataset_8_1_3.csv|crp_dataset_8_1_8.csv|crp_dataset_8_1_6.csv|crp_dataset_8_1_2.csv,crp_dataset_8_1_5.csv,0.6033374177552915,0.8481012658120494,0.6699999999933,67,12,33,144,0.039282226562499994,0.004430379746835443,0.03485184681566455
LogReg,5,0.25,1.0,crp_dataset_8_1_1.csv|crp_dataset_8_1_3.csv|crp_dataset_8_1_8.csv|crp_dataset_8_1_6.csv|crp_dataset_8_1_2.csv,crp_dataset_8_1_7.csv,0.6033374177552915,0.9733333333290074,0.9954545454500207,219,6,1,30,0.0095703125,0.0008888888888888889,0.008681423611111112
LogReg,5,0.25,1.0,crp_dataset_8_1_1.csv|crp_dataset_8_1_3.csv|crp_dataset_8_1_8.csv|crp_dataset_8_1_6.csv|crp_dataset_8_1_2.csv,crp_dataset_8_1_4.csv,0.6033374177552915,0.8790322580574271,0.8320610686959385,109,15,22,110,0.023046875,0.004183467741935484,0.018863407258064516
LogReg,5,0.25,1.0,crp_dataset_8_1_1.csv|crp_dataset_8_1_3.csv|crp_dataset_8_1_8.csv|crp_dataset_8_1_6.csv|crp_dataset_8_1_4.csv,crp_dataset_8_1_5.csv,0.6281042939913304,0.9354838709526535,0.5799999999941999,58,4,42,152,0.039282226562499994,0.0024193548387096775,0.03686287172379032
LogReg,5,0.25,1.0,crp_dataset_8_1_1.csv|crp_dataset_8_1_3.csv|crp_dataset_8_1_8.csv|crp_dataset_8_1_6.csv|crp_dataset_8_1_4.csv,crp_dataset_8_1_7.csv,0.6281042939913304,0.9999999999951457,0.9363636363593802,206,0,14,36,0.0095703125,0.00021237864077669905,0.009357933859223302
LogReg,5,0.25,1.0,crp_dataset_8_1_1.csv|crp_dataset_8_1_3.csv|crp_dataset_8_1_8.csv|crp_dataset_8_1_6.csv|crp_dataset_8_1_4.csv,crp_dataset_8_1_2.csv,0.6281042939913304,0.9999999999729731,0.31092436974528637,37,0,82,137,0.039453125,0.0008445945945945946,0.038608530405405406
LogReg,5,0.25,1.0,crp_dataset_8_1_1.csv|crp_dataset_8_1_3.csv|crp_dataset_8_1_8.csv|crp_dataset_8_1_2.csv|crp_dataset_8_1_4.csv,crp_dataset_8_1_5.csv,0.6639773122422541,0.9285714285581632,0.6499999999935,65,5,35,151,0.039282226562499994,0.002410714285714286,0.03687151227678571
LogReg,5,0.25,1.0,crp_dataset_8_1_1.csv|crp_dataset_8_1_3.csv|crp_dataset_8_1_8.csv|crp_dataset_8_1_2.csv|crp_dataset_8_1_4.csv,crp_dataset_8_1_7.csv,0.6639773122422541,0.9999999999953052,0.9681818181774174,213,0,7,36,0.0095703125,0.00020539906103286387,0.009364913438967136
LogReg,5,0.25,1.0,crp_dataset_8_1_1.csv|crp_dataset_8_1_3.csv|crp_dataset_8_1_8.csv|crp_dataset_8_1_2.csv|crp_dataset_8_1_4.csv,crp_dataset_8_1_6.csv,0.6639773122422541,0.8640776698945235,0.635714285709745,89,14,51,102,0.026928710937499996,0.0057645631067961165,0.02116414783070388
LogReg,5,0.25,1.0,crp_dataset_8_1_1.csv|crp_dataset_8_1_3.csv|crp_dataset_8_1_6.csv|crp_dataset_8_1_2.csv|crp_dataset_8_1_4.csv,crp_dataset_8_1_5.csv,0.8143530994620042,0.9818181818003306,0.5399999999946,54,1,46,155,0.039282226562499994,0.00125,0.03803222656249999
LogReg,5,0.25,1.0,crp_dataset_8_1_1.csv|crp_dataset_8_1_3.csv|crp_dataset_8_1_6.csv|crp_dataset_8_1_2.csv|crp_dataset_8_1_4.csv,crp_dataset_8_1_7.csv,0.8143530994620042,0.9999999999951691,0.9409090909048141,207,0,13,36,0.0095703125,0.0002113526570048309,0.00935895984299517
LogReg,5,0.25,1.0,crp_dataset_8_1_1.csv|crp_dataset_8_1_3.csv|crp_dataset_8_1_6.csv|crp_dataset_8_1_2.csv|crp_dataset_8_1_4.csv,crp_dataset_8_1_8.csv,0.8143530994620042,0.8032786885114217,0.35507246376554297,49,12,89,106,0.0283203125,0.0055327868852459005,0.022787525614754098
LogReg,5,0.25,1.0,crp_dataset_8_1_1.csv|crp_dataset_8_1_8.csv|crp_dataset_8_1_6.csv|crp_dataset_8_1_2.csv|crp_dataset_8_1_4.csv,crp_dataset_8_1_5.csv,0.6263284764721165,0.8674698795076208,0.7199999999928,72,11,28,145,0.039282226562499994,0.0036897590361445777,0.03559246752635542
LogReg,5,0.25,1.0,crp_dataset_8_1_1.csv|crp_dataset_8_1_8.csv|crp_dataset_8_1_6.csv|crp_dataset_8_1_2.csv|crp_dataset_8_1_4.csv,crp_dataset_8_1_7.csv,0.6263284764721165,0.9909909909865271,0.9999999999954546,220,2,0,34,0.0095703125,0.0005067567567567568,0.009063555743243244
LogReg,5,0.25,1.0,crp_dataset_8_1_1.csv|crp_dataset_8_1_8.csv|crp_dataset_8_1_6.csv|crp_dataset_8_1_2.csv|crp_dataset_8_1_4.csv,crp_dataset_8_1_3.csv,0.6263284764721165,0.965811965803711,0.6531791907476695,113,4,60,79,0.0196044921875,0.001282051282051282,0.01832244090544872
LogReg,5,0.25,1.0,crp_dataset_8_1_3.csv|crp_dataset_8_1_8.csv|crp_dataset_8_1_6.csv|crp_dataset_8_1_2.csv|crp_dataset_8_1_4.csv,crp_dataset_8_1_5.csv,0.6084570381663276,0.8765432098657217,0.7099999999929,71,10,29,146,0.039282226562499994,0.003935185185185185,0.03534704137731481
LogReg,5,0.25,1.0,crp_dataset_8_1_3.csv|crp_dataset_8_1_8.csv|crp_dataset_8_1_6.csv|crp_dataset_8_1_2.csv|crp_dataset_8_1_4.csv,crp_dataset_8_1_7.csv,0.6084570381663276,0.9598214285671437,0.9772727272682852,215,9,5,27,0.0095703125,0.0013392857142857145,0.008231026785714286
LogReg,5,0.25,1.0,crp_dataset_8_1_3.csv|crp_dataset_8_1_8.csv|crp_dataset_8_1_6.csv|crp_dataset_8_1_2.csv|crp_dataset_8_1_4.csv,crp_dataset_8_1_1.csv,0.6084570381663276,0.9411764705771626,0.6349206349155958,80,5,46,125,0.0252685546875,0.00125,0.0240185546875
LogReg,6,0.25,1.0,crp_dataset_8_1_5.csv|crp_dataset_8_1_7.csv|crp_dataset_8_1_1.csv|crp_dataset_8_1_3.csv|crp_dataset_8_1_8.csv|crp_dataset_8_1_6.csv,crp_dataset_8_1_2.csv,0.6869371450788634,0.9999999999705883,0.28571428571188473,34,0,85,137,0.039453125,0.0009191176470588235,0.03853400735294118
LogReg,6,0.25,1.0,crp_dataset_8_1_5.csv|crp_dataset_8_1_7.csv|crp_dataset_8_1_1.csv|crp_dataset_8_1_3.csv|crp_dataset_8_1_8.csv|crp_dataset_8_1_6.csv,crp_dataset_8_1_4.csv,0.6869371450788634,0.9622641509343183,0.7786259541925297,102,4,29,121,0.023046875,0.0015330188679245284,0.021513856132075473
LogReg,6,0.25,1.0,crp_dataset_8_1_5.csv|crp_dataset_8_1_7.csv|crp_dataset_8_1_1.csv|crp_dataset_8_1_3.csv|crp_dataset_8_1_8.csv|crp_dataset_8_1_2.csv,crp_dataset_8_1_6.csv,0.6554793865966315,0.8416666666596527,0.7214285714234184,101,19,39,97,0.026928710937499996,0.006458333333333333,0.020470377604166663
LogReg,6,0.25,1.0,crp_dataset_8_1_5.csv|crp_dataset_8_1_7.csv|crp_dataset_8_1_1.csv|crp_dataset_8_1_3.csv|crp_dataset_8_1_8.csv|crp_dataset_8_1_2.csv,crp_dataset_8_1_4.csv,0.6554793865966315,0.9067796610092645,0.816793893123536,107,11,24,114,0.023046875,0.0032309322033898307,0.01981594279661017
LogReg,6,0.25,1.0,crp_dataset_8_1_5.csv|crp_dataset_8_1_7.csv|crp_dataset_8_1_1.csv|crp_dataset_8_1_3.csv|crp_dataset_8_1_8.csv|crp_dataset_8_1_4.csv,crp_dataset_8_1_6.csv,0.6855534268293543,0.8222222222161317,0.7928571428514797,111,24,29,92,0.026928710937499996,0.007037037037037037,0.01989167390046296
LogReg,6,0.25,1.0,crp_dataset_8_1_5.csv|crp_dataset_8_1_7.csv|crp_dataset_8_1_1.csv|crp_dataset_8_1_3.csv|crp_dataset_8_1_8.csv|crp_dataset_8_1_4.csv,crp_dataset_8_1_2.csv,0.6855534268293543,0.9999999999545455,0.18487394957827835,22,0,97,137,0.039453125,0.0008522727272727274,0.03860085227272727
LogReg,6,0.25,1.0,crp_dataset_8_1_5.csv|crp_dataset_8_1_7.csv|crp_dataset_8_1_1.csv|crp_dataset_8_1_3.csv|crp_dataset_8_1_6.csv|crp_dataset_8_1_2.csv,crp_dataset_8_1_8.csv,0.6014885163518487,0.8124999999915364,0.5652173913002521,78,18,60,100,0.0283203125,0.005208333333333333,0.023111979166666668
LogReg,6,0.25,1.0,crp_dataset_8_1_5.csv|crp_dataset_8_1_7.csv|crp_dataset_8_1_1.csv|crp_dataset_8_1_3.csv|crp_dataset_8_1_6.csv|crp_dataset_8_1_2.csv,crp_dataset_8_1_4.csv,0.6014885163518487,0.9016393442549046,0.8396946564821398,110,12,21,113,0.023046875,0.0034836065573770497,0.01956326844262295
LogReg,6,0.25,1.0,crp_dataset_8_1_5.csv|crp_dataset_8_1_7.csv|crp_dataset_8_1_1.csv|crp_dataset_8_1_3.csv|crp_dataset_8_1_6.csv|crp_dataset_8_1_4.csv,crp_dataset_8_1_8.csv,0.6346996027049593,0.7999999999899999,0.4637681159386684,64,16,74,102,0.0283203125,0.00546875,0.0228515625
LogReg,6,0.25,1.0,crp_dataset_8_1_5.csv|crp_dataset_8_1_7.csv|crp_dataset_8_1_1.csv|crp_dataset_8_1_3.csv|crp_dataset_8_1_6.csv|crp_dataset_8_1_4.csv,crp_dataset_8_1_2.csv,0.6346996027049593,0.9999999999687501,0.2689075630229503,32,0,87,137,0.039453125,0.0009765625,0.0384765625
LogReg,6,0.25,1.0,crp_dataset_8_1_5.csv|crp_dataset_8_1_7.csv|crp_dataset_8_1_1.csv|crp_dataset_8_1_3.csv|crp_dataset_8_1_2.csv|crp_dataset_8_1_4.csv,crp_dataset_8_1_8.csv,0.6840605438468342,0.8152173912954868,0.543478260865627,75,17,63,101,0.0283203125,0.005163043478260868,0.023157269021739132
LogReg,6,0.25,1.0,crp_dataset_8_1_5.csv|crp_dataset_8_1_7.csv|crp_dataset_8_1_1.csv|crp_dataset_8_1_3.csv|crp_dataset_8_1_2.csv|crp_dataset_8_1_4.csv,crp_dataset_8_1_6.csv,0.6840605438468342,0.8333333333267195,0.749999999994643,105,21,35,95,0.026928710937499996,0.007837301587301587,0.01909140935019841
LogReg,6,0.25,1.0,crp_dataset_8_1_5.csv|crp_dataset_8_1_7.csv|crp_dataset_8_1_1.csv|crp_dataset_8_1_8.csv|crp_dataset_8_1_6.csv|crp_dataset_8_1_2.csv,crp_dataset_8_1_3.csv,0.6012354894534157,0.95999999999232,0.6936416184931004,120,5,53,78,0.0196044921875,0.00225,0.0173544921875
LogReg,6,0.25,1.0,crp_dataset_8_1_5.csv|crp_dataset_8_1_7.csv|crp_dataset_8_1_1.csv|crp_dataset_8_1_8.csv|crp_dataset_8_1_6.csv|crp_dataset_8_1_2.csv,crp_dataset_8_1_4.csv,0.6012354894534157,0.89830508473815,0.8091603053373347,106,12,25,113,0.023046875,0.0037605932203389827,0.01928628177966102
LogReg,6,0.25,1.0,crp_dataset_8_1_5.csv|crp_dataset_8_1_7.csv|crp_dataset_8_1_1.csv|crp_dataset_8_1_8.csv|crp_dataset_8_1_6.csv|crp_dataset_8_1_4.csv,crp_dataset_8_1_3.csv,0.6439655682428994,0.9833333333251388,0.6820809248515487,118,2,55,81,0.0196044921875,0.0010416666666666667,0.018562825520833333
LogReg,6,0.25,1.0,crp_dataset_8_1_5.csv|crp_dataset_8_1_7.csv|crp_dataset_8_1_1.csv|crp_dataset_8_1_8.csv|crp_dataset_8_1_6.csv|crp_dataset_8_1_4.csv,crp_dataset_8_1_2.csv,0.6439655682428994,0.9999999999761906,0.35294117646762235,42,0,77,137,0.039453125,0.0010416666666666669,0.03841145833333333
LogReg,6,0.25,1.0,crp_dataset_8_1_5.csv|crp_dataset_8_1_7.csv|crp_dataset_8_1_1.csv|crp_dataset_8_1_8.csv|crp_dataset_8_1_2.csv|crp_dataset_8_1_4.csv,crp_dataset_8_1_3.csv,0.6110298424359717,0.9913043478174669,0.6589595375684454,114,1,59,82,0.0196044921875,0.0005434782608695652,0.019061013926630434
LogReg,6,0.25,1.0,crp_dataset_8_1_5.csv|crp_dataset_8_1_7.csv|crp_dataset_8_1_1.csv|crp_dataset_8_1_8.csv|crp_dataset_8_1_2.csv|crp_dataset_8_1_4.csv,crp_dataset_8_1_6.csv,0.6110298424359717,0.8632478632404851,0.7214285714234184,101,16,39,100,0.026928710937499996,0.005822649572649573,0.021106061364850423
LogReg,6,0.25,1.0,crp_dataset_8_1_5.csv|crp_dataset_8_1_7.csv|crp_dataset_8_1_1.csv|crp_dataset_8_1_6.csv|crp_dataset_8_1_2.csv|crp_dataset_8_1_4.csv,crp_dataset_8_1_3.csv,0.7221601272633795,0.9826086956436294,0.6531791907476695,113,2,60,81,0.0196044921875,0.0002173913043478261,0.019387100883152174
LogReg,6,0.25,1.0,crp_dataset_8_1_5.csv|crp_dataset_8_1_7.csv|crp_dataset_8_1_1.csv|crp_dataset_8_1_6.csv|crp_dataset_8_1_2.csv|crp_dataset_8_1_4.csv,crp_dataset_8_1_8.csv,0.7221601272633795,0.8139534883626284,0.5072463768079185,70,16,68,102,0.0283203125,0.005232558139534883,0.023087754360465118
LogReg,6,0.25,1.0,crp_dataset_8_1_5.csv|crp_dataset_8_1_7.csv|crp_dataset_8_1_3.csv|crp_dataset_8_1_8.csv|crp_dataset_8_1_6.csv|crp_dataset_8_1_2.csv,crp_dataset_8_1_1.csv,0.6556479280702443,0.9259259259144947,0.5952380952333711,75,6,51,124,0.0252685546875,0.0016203703703703705,0.02364818431712963
LogReg,6,0.25,1.0,crp_dataset_8_1_5.csv|crp_dataset_8_1_7.csv|crp_dataset_8_1_3.csv|crp_dataset_8_1_8.csv|crp_dataset_8_1_6.csv|crp_dataset_8_1_2.csv,crp_dataset_8_1_4.csv,0.6556479280702443,0.9083333333257638,0.8320610686959385,109,11,22,114,0.023046875,0.0033333333333333335,0.019713541666666667
LogReg,6,0.25,1.0,crp_dataset_8_1_5.csv|crp_dataset_8_1_7.csv|crp_dataset_8_1_3.csv|crp_dataset_8_1_8.csv|crp_dataset_8_1_6.csv|crp_dataset_8_1_4.csv,crp_dataset_8_1_1.csv,0.6004663718729127,0.9473684210401662,0.5714285714240362,72,4,54,126,0.0252685546875,0.001151315789473684,0.024117238898026316
LogReg,6,0.25,1.0,crp_dataset_8_1_5.csv|crp_dataset_8_1_7.csv|crp_dataset_8_1_3.csv|crp_dataset_8_1_8.csv|crp_dataset_8_1_6.csv|crp_dataset_8_1_4.csv,crp_dataset_8_1_2.csv,0.6004663718729127,0.9767441860237968,0.35294117646762235,42,1,77,136,0.039453125,0.0011627906976744186,0.03829033430232558
LogReg,6,0.25,1.0,crp_dataset_8_1_5.csv|crp_dataset_8_1_7.csv|crp_dataset_8_1_3.csv|crp_dataset_8_1_8.csv|crp_dataset_8_1_2.csv|crp_dataset_8_1_4.csv,crp_dataset_8_1_1.csv,0.6116276152684575,0.9166666666557539,0.611111111106261,77,7,49,123,0.0252685546875,0.0017857142857142857,0.023482840401785714
LogReg,6,0.25,1.0,crp_dataset_8_1_5.csv|crp_dataset_8_1_7.csv|crp_dataset_8_1_3.csv|crp_dataset_8_1_8.csv|crp_dataset_8_1_2.csv|crp_dataset_8_1_4.csv,crp_dataset_8_1_6.csv,0.6116276152684575,0.8257575757513201,0.7785714285658674,109,23,31,93,0.026928710937499996,0.00838068181818182,0.018548029119318174
LogReg,6,0.25,1.0,crp_dataset_8_1_5.csv|crp_dataset_8_1_7.csv|crp_dataset_8_1_3.csv|crp_dataset_8_1_6.csv|crp_dataset_8_1_2.csv|crp_dataset_8_1_4.csv,crp_dataset_8_1_1.csv,0.8107719011782422,0.9545454545309917,0.49999999999603173,63,3,63,127,0.0252685546875,0.000946969696969697,0.024321584990530304
LogReg,6,0.25,1.0,crp_dataset_8_1_5.csv|crp_dataset_8_1_7.csv|crp_dataset_8_1_3.csv|crp_dataset_8_1_6.csv|crp_dataset_8_1_2.csv|crp_dataset_8_1_4.csv,crp_dataset_8_1_8.csv,0.8107719011782422,0.7971014492638101,0.39855072463479313,55,14,83,104,0.0283203125,0.00552536231884058,0.022794950181159422
LogReg,6,0.25,1.0,crp_dataset_8_1_5.csv|crp_dataset_8_1_7.csv|crp_dataset_8_1_8.csv|crp_dataset_8_1_6.csv|crp_dataset_8_1_2.csv|crp_dataset_8_1_4.csv,crp_dataset_8_1_1.csv,0.6189203375955197,0.9259259259144947,0.5952380952333711,75,6,51,124,0.0252685546875,0.0016203703703703705,0.02364818431712963
LogReg,6,0.25,1.0,crp_dataset_8_1_5.csv|crp_dataset_8_1_7.csv|crp_dataset_8_1_8.csv|crp_dataset_8_1_6.csv|crp_dataset_8_1_2.csv|crp_dataset_8_1_4.csv,crp_dataset_8_1_3.csv,0.6189203375955197,0.9579831932692606,0.6589595375684454,114,5,59,78,0.0196044921875,0.0014705882352941176,0.018133903952205883
LogReg,6,0.25,1.0,crp_dataset_8_1_5.csv|crp_dataset_8_1_1.csv|crp_dataset_8_1_3.csv|crp_dataset_8_1_8.csv|crp_dataset_8_1_6.csv|crp_dataset_8_1_2.csv,crp_dataset_8_1_7.csv,0.6046777150514527,0.9606986899521367,0.9999999999954546,220,9,0,27,0.0095703125,0.001146288209606987,0.008424024290393014
LogReg,6,0.25,1.0,crp_dataset_8_1_5.csv|crp_dataset_8_1_1.csv|crp_dataset_8_1_3.csv|crp_dataset_8_1_8.csv|crp_dataset_8_1_6.csv|crp_dataset_8_1_2.csv,crp_dataset_8_1_4.csv,0.6046777150514527,0.8770491803206799,0.816793893123536,107,15,24,110,0.023046875,0.004456967213114753,0.018589907786885247
LogReg,6,0.25,1.0,crp_dataset_8_1_5.csv|crp_dataset_8_1_1.csv|crp_dataset_8_1_3.csv|crp_dataset_8_1_8.csv|crp_dataset_8_1_6.csv|crp_dataset_8_1_4.csv,crp_dataset_8_1_7.csv,0.6156268859628403,0.9953488372046728,0.9727272727228513,214,1,6,35,0.0095703125,0.00029069767441860465,0.009279614825581397
LogReg,6,0.25,1.0,crp_dataset_8_1_5.csv|crp_dataset_8_1_1.csv|crp_dataset_8_1_3.csv|crp_dataset_8_1_8.csv|crp_dataset_8_1_6.csv|crp_dataset_8_1_4.csv,crp_dataset_8_1_2.csv,0.6156268859628403,0.9999999999677419,0.26050420167848315,31,0,88,137,0.039453125,0.0008064516129032258,0.03864667338709677
LogReg,6,0.25,1.0,crp_dataset_8_1_5.csv|crp_dataset_8_1_1.csv|crp_dataset_8_1_3.csv|crp_dataset_8_1_8.csv|crp_dataset_8_1_2.csv|crp_dataset_8_1_4.csv,crp_dataset_8_1_7.csv,0.6057567675873174,0.9908256880688495,0.981818181813719,216,2,4,34,0.0095703125,0.00043004587155963305,0.009140266628440367
LogReg,6,0.25,1.0,crp_dataset_8_1_5.csv|crp_dataset_8_1_1.csv|crp_dataset_8_1_3.csv|crp_dataset_8_1_8.csv|crp_dataset_8_1_2.csv|crp_dataset_8_1_4.csv,crp_dataset_8_1_6.csv,0.6057567675873174,0.8508771929749923,0.6928571428521939,97,17,43,99,0.026928710937499996,0.006359649122807018,0.02056906181469298
LogReg,6,0.25,1.0,crp_dataset_8_1_5.csv|crp_dataset_8_1_1.csv|crp_dataset_8_1_3.csv|crp_dataset_8_1_6.csv|crp_dataset_8_1_2.csv|crp_dataset_8_1_4.csv,crp_dataset_8_1_7.csv,0.6264648350836866,0.9734513274293211,0.9999999999954546,220,6,0,30,0.0095703125,0.0009126106194690265,0.008657701880530975
LogReg,6,0.25,1.0,crp_dataset_8_1_5.csv|crp_dataset_8_1_1.csv|crp_dataset_8_1_3.csv|crp_dataset_8_1_6.csv|crp_dataset_8_1_2.csv|crp_dataset_8_1_4.csv,crp_dataset_8_1_8.csv,0.6264648350836866,0.8105263157809418,0.5579710144887104,77,18,61,100,0.0283203125,0.005263157894736841,0.02305715460526316
LogReg,6,0.25,1.0,crp_dataset_8_1_5.csv|crp_dataset_8_1_1.csv|crp_dataset_8_1_8.csv|crp_dataset_8_1_6.csv|crp_dataset_8_1_2.csv|crp_dataset_8_1_4.csv,crp_dataset_8_1_7.csv,0.6888567772472498,0.9999999999952831,0.9636363636319836,212,0,8,36,0.0095703125,0.00026533018867924533,0.009304982311320755
LogReg,6,0.25,1.0,crp_dataset_8_1_5.csv|crp_dataset_8_1_1.csv|crp_dataset_8_1_8.csv|crp_dataset_8_1_6.csv|crp_dataset_8_1_2.csv|crp_dataset_8_1_4.csv,crp_dataset_8_1_3.csv,0.6888567772472498,0.9814814814723937,0.6127167630022387,106,2,67,81,0.0196044921875,0.0011574074074074073,0.01844708478009259
LogReg,6,0.25,1.0,crp_dataset_8_1_5.csv|crp_dataset_8_1_3.csv|crp_dataset_8_1_8.csv|crp_dataset_8_1_6.csv|crp_dataset_8_1_2.csv|crp_dataset_8_1_4.csv,crp_dataset_8_1_7.csv,0.6718535047915938,0.9777777777734321,0.9999999999954546,220,5,0,31,0.0095703125,0.0006944444444444445,0.008875868055555557
LogReg,6,0.25,1.0,crp_dataset_8_1_5.csv|crp_dataset_8_1_3.csv|crp_dataset_8_1_8.csv|crp_dataset_8_1_6.csv|crp_dataset_8_1_2.csv|crp_dataset_8_1_4.csv,crp_dataset_8_1_1.csv,0.6718535047915938,0.9480519480396357,0.5793650793604812,73,4,53,126,0.0252685546875,0.0011363636363636363,0.024132191051136363
LogReg,6,0.25,1.0,crp_dataset_8_1_7.csv|crp_dataset_8_1_1.csv|crp_dataset_8_1_3.csv|crp_dataset_8_1_8.csv|crp_dataset_8_1_6.csv|crp_dataset_8_1_2.csv,crp_dataset_8_1_5.csv,0.6334000476854619,0.866666666655111,0.6499999999935,65,10,35,146,0.039282226562499994,0.00375,0.03553222656249999
LogReg,6,0.25,1.0,crp_dataset_8_1_7.csv|crp_dataset_8_1_1.csv|crp_dataset_8_1_3.csv|crp_dataset_8_1_8.csv|crp_dataset_8_1_6.csv|crp_dataset_8_1_2.csv,crp_dataset_8_1_4.csv,0.6334000476854619,0.8991596638579902,0.816793893123536,107,12,24,113,0.023046875,0.003676470588235294,0.019370404411764706
LogReg,6,0.25,1.0,crp_dataset_8_1_7.csv|crp_dataset_8_1_1.csv|crp_dataset_8_1_3.csv|crp_dataset_8_1_8.csv|crp_dataset_8_1_6.csv|crp_dataset_8_1_4.csv,crp_dataset_8_1_5.csv,0.7259115179011617,0.9799999999804001,0.48999999999509997,49,1,51,155,0.039282226562499994,0.00125,0.03803222656249999
LogReg,6,0.25,1.0,crp_dataset_8_1_7.csv|crp_dataset_8_1_1.csv|crp_dataset_8_1_3.csv|crp_dataset_8_1_8.csv|crp_dataset_8_1_6.csv|crp_dataset_8_1_4.csv,crp_dataset_8_1_2.csv,0.7259115179011617,0.9999999999696971,0.27731092436741756,33,0,86,137,0.039453125,0.0007575757575757576,0.03869554924242424
LogReg,6,0.25,1.0,crp_dataset_8_1_7.csv|crp_dataset_8_1_1.csv|crp_dataset_8_1_3.csv|crp_dataset_8_1_8.csv|crp_dataset_8_1_2.csv|crp_dataset_8_1_4.csv,crp_dataset_8_1_5.csv,0.6076696519019632,0.8536585365749554,0.699999999993,70,12,30,144,0.039282226562499994,0.004268292682926829,0.03501393387957317
LogReg,6,0.25,1.0,crp_dataset_8_1_7.csv|crp_dataset_8_1_1.csv|crp_dataset_8_1_3.csv|crp_dataset_8_1_8.csv|crp_dataset_8_1_2.csv|crp_dataset_8_1_4.csv,crp_dataset_8_1_6.csv,0.6076696519019632,0.84615384614571,0.6285714285669388,88,16,52,100,0.026928710937499996,0.006550480769230769,0.020378230168269226
LogReg,6,0.25,1.0,crp_dataset_8_1_7.csv|crp_dataset_8_1_1.csv|crp_dataset_8_1_3.csv|crp_dataset_8_1_6.csv|crp_dataset_8_1_2.csv|crp_dataset_8_1_4.csv,crp_dataset_8_1_5.csv,0.7215758147799686,0.9393939393797061,0.6199999999938,62,4,38,152,0.039282226562499994,0.0020833333333333333,0.03719889322916666
LogReg,6,0.25,1.0,crp_dataset_8_1_7.csv|crp_dataset_8_1_1.csv|crp_dataset_8_1_3.csv|crp_dataset_8_1_6.csv|crp_dataset_8_1_2.csv|crp_dataset_8_1_4.csv,crp_dataset_8_1_8.csv,0.7215758147799686,0.8068181818090134,0.5144927536194602,71,17,67,101,0.0283203125,0.005326704545454546,0.022993607954545456
LogReg,6,0.25,1.0,crp_dataset_8_1_7.csv|crp_dataset_8_1_1.csv|crp_dataset_8_1_8.csv|crp_dataset_8_1_6.csv|crp_dataset_8_1_2.csv|crp_dataset_8_1_4.csv,crp_dataset_8_1_5.csv,0.6519793037451881,0.8815789473568213,0.6699999999933,67,9,33,147,0.039282226562499994,0.0032072368421052636,0.03607498972039473
LogReg,6,0.25,1.0,crp_dataset_8_1_7.csv|crp_dataset_8_1_1.csv|crp_dataset_8_1_8.csv|crp_dataset_8_1_6.csv|crp_dataset_8_1_2.csv|crp_dataset_8_1_4.csv,crp_dataset_8_1_3.csv,0.6519793037451881,0.9824561403422591,0.6473988439268937,112,2,61,81,0.0196044921875,0.0010964912280701754,0.018508000959429824
LogReg,6,0.25,1.0,crp_dataset_8_1_7.csv|crp_dataset_8_1_3.csv|crp_dataset_8_1_8.csv|crp_dataset_8_1_6.csv|crp_dataset_8_1_2.csv|crp_dataset_8_1_4.csv,crp_dataset_8_1_5.csv,0.6094768525974809,0.8295454545360279,0.7299999999926999,73,15,27,141,0.039282226562499994,0.004900568181818182,0.034381658380681815
LogReg,6,0.25,1.0,crp_dataset_8_1_7.csv|crp_dataset_8_1_3.csv|crp_dataset_8_1_8.csv|crp_dataset_8_1_6.csv|crp_dataset_8_1_2.csv|crp_dataset_8_1_4.csv,crp_dataset_8_1_1.csv,0.6094768525974809,0.9113924050517545,0.5714285714240362,72,7,54,123,0.0252685546875,0.0018987341772151898,0.02336982051028481
LogReg,6,0.25,1.0,crp_dataset_8_1_1.csv|crp_dataset_8_1_3.csv|crp_dataset_8_1_8.csv|crp_dataset_8_1_6.csv|crp_dataset_8_1_2.csv|crp_dataset_8_1_4.csv,crp_dataset_8_1_5.csv,0.6397180706208438,0.8947368420934902,0.6799999999931999,68,8,32,148,0.039282226562499994,0.003042763157894737,0.03623946340460526
LogReg,6,0.25,1.0,crp_dataset_8_1_1.csv|crp_dataset_8_1_3.csv|crp_dataset_8_1_8.csv|crp_dataset_8_1_6.csv|crp_dataset_8_1_2.csv|crp_dataset_8_1_4.csv,crp_dataset_8_1_7.csv,0.6397180706208438,0.9908256880688495,0.981818181813719,216,2,4,34,0.0095703125,0.00043004587155963305,0.009140266628440367
LogReg,7,0.25,1.0,crp_dataset_8_1_5.csv|crp_dataset_8_1_7.csv|crp_dataset_8_1_1.csv|crp_dataset_8_1_3.csv|crp_dataset_8_1_8.csv|crp_dataset_8_1_6.csv|crp_dataset_8_1_2.csv,crp_dataset_8_1_4.csv,0.6008112443178804,0.8650793650724994,0.8320610686959385,109,17,22,108,0.023046875,0.0049107142857142865,0.018136160714285716
LogReg,7,0.25,1.0,crp_dataset_8_1_5.csv|crp_dataset_8_1_7.csv|crp_dataset_8_1_1.csv|crp_dataset_8_1_3.csv|crp_dataset_8_1_8.csv|crp_dataset_8_1_6.csv|crp_dataset_8_1_4.csv,crp_dataset_8_1_2.csv,0.6359688417121389,0.9999999999714286,0.29411764705635196,35,0,84,137,0.039453125,0.0008928571428571428,0.03856026785714286
LogReg,7,0.25,1.0,crp_dataset_8_1_5.csv|crp_dataset_8_1_7.csv|crp_dataset_8_1_1.csv|crp_dataset_8_1_3.csv|crp_dataset_8_1_8.csv|crp_dataset_8_1_2.csv|crp_dataset_8_1_4.csv,crp_dataset_8_1_6.csv,0.6210901887537564,0.8672566371604667,0.6999999999950001,98,15,42,101,0.026928710937499996,0.005696902654867257,0.021231808282632738
LogReg,7,0.25,1.0,crp_dataset_8_1_5.csv|crp_dataset_8_1_7.csv|crp_dataset_8_1_1.csv|crp_dataset_8_1_3.csv|crp_dataset_8_1_6.csv|crp_dataset_8_1_2.csv|crp_dataset_8_1_4.csv,crp_dataset_8_1_8.csv,0.6056311042843008,0.8124999999915364,0.5652173913002521,78,18,60,100,0.0283203125,0.005208333333333333,0.023111979166666668
LogReg,7,0.25,1.0,crp_dataset_8_1_5.csv|crp_dataset_8_1_7.csv|crp_dataset_8_1_1.csv|crp_dataset_8_1_8.csv|crp_dataset_8_1_6.csv|crp_dataset_8_1_2.csv|crp_dataset_8_1_4.csv,crp_dataset_8_1_3.csv,0.6477047403299928,0.9911504424691049,0.6473988439268937,112,1,61,82,0.0196044921875,0.0005530973451327434,0.019051394842367255
LogReg,7,0.25,1.0,crp_dataset_8_1_5.csv|crp_dataset_8_1_7.csv|crp_dataset_8_1_3.csv|crp_dataset_8_1_8.csv|crp_dataset_8_1_6.csv|crp_dataset_8_1_2.csv|crp_dataset_8_1_4.csv,crp_dataset_8_1_1.csv,0.6273431868904615,0.9397590361332558,0.619047619042706,78,5,48,125,0.0252685546875,0.0012801204819277109,0.023988434205572288
LogReg,7,0.25,1.0,crp_dataset_8_1_5.csv|crp_dataset_8_1_1.csv|crp_dataset_8_1_3.csv|crp_dataset_8_1_8.csv|crp_dataset_8_1_6.csv|crp_dataset_8_1_2.csv|crp_dataset_8_1_4.csv,crp_dataset_8_1_7.csv,0.6520013439837037,0.9999999999953488,0.9772727272682852,215,0,5,36,0.0095703125,0.0002616279069767442,0.009308684593023257
LogReg,7,0.25,1.0,crp_dataset_8_1_7.csv|crp_dataset_8_1_1.csv|crp_dataset_8_1_3.csv|crp_dataset_8_1_8.csv|crp_dataset_8_1_6.csv|crp_dataset_8_1_2.csv|crp_dataset_8_1_4.csv,crp_dataset_8_1_5.csv,0.63026249554675,0.8860759493558724,0.699999999993,70,9,30,147,0.039282226562499994,0.003718354430379747,0.03556387213212025
