model,k_train_datasets,train_pct,test_pct,train_set,test_dataset,best_threshold,precision,recall,TP,FP,FN,TN,old_ber,new_ber,ber_reduction
LogReg,1,0.5,1.0,crp_dataset_8_1_5.csv,crp_dataset_8_1_7.csv,0.6867028115783624,0.8593749999966431,0.9999999999954546,220,36,0,0,0.0095703125,0.0095703125,0.0
LogReg,1,0.5,1.0,crp_dataset_8_1_5.csv,crp_dataset_8_1_4.csv,0.6867028115783624,0.534693877548838,0.9999999999923664,131,114,0,11,0.023046875,0.021734693877551017,0.001312181122448984
LogReg,1,0.5,1.0,crp_dataset_8_1_5.csv,crp_dataset_8_1_6.csv,0.6867028115783624,0.5468749999978638,0.9999999999928573,140,116,0,0,0.026928710937499996,0.026928710937499996,0.0
LogReg,1,0.5,1.0,crp_dataset_8_1_5.csv,crp_dataset_8_1_1.csv,0.6867028115783624,0.6590909090871643,0.920634920627614,116,60,10,70,0.0252685546875,0.012748579545454546,0.012519975142045454
LogReg,1,0.5,1.0,crp_dataset_8_1_5.csv,crp_dataset_8_1_8.csv,0.6867028115783624,0.7672413793037307,0.6449275362272108,89,27,49,91,0.0283203125,0.006088362068965516,0.022231950431034483
LogReg,1,0.5,1.0,crp_dataset_8_1_5.csv,crp_dataset_8_1_2.csv,0.6867028115783624,0.9558823529271193,0.5462184873903679,65,3,54,134,0.039453125,0.0015624999999999999,0.037890625
LogReg,1,0.5,1.0,crp_dataset_8_1_5.csv,crp_dataset_8_1_3.csv,0.6867028115783624,0.6757812499973602,0.9999999999942197,173,83,0,0,0.0196044921875,0.0196044921875,0.0
LogReg,1,0.5,1.0,crp_dataset_8_1_7.csv,crp_dataset_8_1_5.csv,0.0042256210869120224,0.39062499999847416,0.99999999999,100,156,0,0,0.039282226562499994,0.039282226562499994,0.0
LogReg,1,0.5,1.0,crp_dataset_8_1_7.csv,crp_dataset_8_1_4.csv,0.0042256210869120224,0.7115384615339004,0.8473282442683411,111,45,20,80,0.023046875,0.012940705128205127,0.010106169871794874
LogReg,1,0.5,1.0,crp_dataset_8_1_7.csv,crp_dataset_8_1_6.csv,0.0042256210869120224,0.9382716049266879,0.5428571428532654,76,5,64,111,0.026928710937499996,0.0016203703703703705,0.025308340567129627
LogReg,1,0.5,1.0,crp_dataset_8_1_7.csv,crp_dataset_8_1_1.csv,0.0042256210869120224,0.6024096385505879,0.7936507936444949,100,66,26,64,0.0252685546875,0.021837349397590362,0.0034312052899096376
LogReg,1,0.5,1.0,crp_dataset_8_1_7.csv,crp_dataset_8_1_8.csv,0.0042256210869120224,0.5333333333311111,0.9275362318773368,128,112,10,6,0.0283203125,0.029817708333333335,-0.001497395833333335
LogReg,1,0.5,1.0,crp_dataset_8_1_7.csv,crp_dataset_8_1_2.csv,0.0042256210869120224,0.46484374999818423,0.9999999999915966,119,137,0,0,0.039453125,0.039453125,0.0
LogReg,1,0.5,1.0,crp_dataset_8_1_7.csv,crp_dataset_8_1_3.csv,0.0042256210869120224,0.8749999999931641,0.6473988439268937,112,16,61,67,0.0196044921875,0.00576171875,0.013842773437499999
LogReg,1,0.5,1.0,crp_dataset_8_1_4.csv,crp_dataset_8_1_5.csv,0.6312376571708059,0.9841269841113631,0.6199999999938,62,1,38,155,0.039282226562499994,0.0013888888888888887,0.037893337673611104
LogReg,1,0.5,1.0,crp_dataset_8_1_4.csv,crp_dataset_8_1_7.csv,0.6312376571708059,0.9953703703657623,0.9772727272682852,215,1,5,35,0.0095703125,0.00031828703703703706,0.009252025462962964
LogReg,1,0.5,1.0,crp_dataset_8_1_4.csv,crp_dataset_8_1_6.csv,0.6312376571708059,0.949999999988125,0.5428571428532654,76,4,64,112,0.026928710937499996,0.0011718749999999997,0.025756835937499997
LogReg,1,0.5,1.0,crp_dataset_8_1_4.csv,crp_dataset_8_1_1.csv,0.6312376571708059,0.9365079364930714,0.46825396825025195,59,4,67,126,0.0252685546875,0.0013888888888888887,0.023879665798611113
LogReg,1,0.5,1.0,crp_dataset_8_1_4.csv,crp_dataset_8_1_8.csv,0.6312376571708059,0.8281249999870605,0.38405797101170974,53,11,85,107,0.0283203125,0.005078125,0.0232421875
LogReg,1,0.5,1.0,crp_dataset_8_1_4.csv,crp_dataset_8_1_2.csv,0.6312376571708059,0.9999999999772728,0.3697478991565567,44,0,75,137,0.039453125,0.0008522727272727272,0.03860085227272727
LogReg,1,0.5,1.0,crp_dataset_8_1_4.csv,crp_dataset_8_1_3.csv,0.6312376571708059,0.9999999999910714,0.6473988439268937,112,0,61,83,0.0196044921875,0.0,0.0196044921875
LogReg,1,0.5,1.0,crp_dataset_8_1_6.csv,crp_dataset_8_1_5.csv,0.6459337029283909,0.0,0.0,0,0,100,156,0.039282226562499994,,
LogReg,1,0.5,1.0,crp_dataset_8_1_6.csv,crp_dataset_8_1_7.csv,0.6459337029283909,0.9999999999935898,0.709090909087686,156,0,64,36,0.0095703125,0.0,0.0095703125
LogReg,1,0.5,1.0,crp_dataset_8_1_6.csv,crp_dataset_8_1_4.csv,0.6459337029283909,0.9999999999811321,0.40458015266866737,53,0,78,125,0.023046875,0.0,0.023046875
LogReg,1,0.5,1.0,crp_dataset_8_1_6.csv,crp_dataset_8_1_1.csv,0.6459337029283909,0.99999999995,0.15873015872889895,20,0,106,130,0.0252685546875,0.0,0.0252685546875
LogReg,1,0.5,1.0,crp_dataset_8_1_6.csv,crp_dataset_8_1_8.csv,0.6459337029283909,0.9999999995,0.014492753623083388,2,0,136,118,0.0283203125,0.0,0.0283203125
LogReg,1,0.5,1.0,crp_dataset_8_1_6.csv,crp_dataset_8_1_2.csv,0.6459337029283909,0.0,0.0,0,0,119,137,0.039453125,,
LogReg,1,0.5,1.0,crp_dataset_8_1_6.csv,crp_dataset_8_1_3.csv,0.6459337029283909,0.9999999999880952,0.48554913294517027,84,0,89,83,0.0196044921875,0.0,0.0196044921875
LogReg,1,0.5,1.0,crp_dataset_8_1_1.csv,crp_dataset_8_1_5.csv,0.7579965873788014,0.9999999998888889,0.0899999999991,9,0,91,156,0.039282226562499994,0.0006944444444444445,0.03858778211805555
LogReg,1,0.5,1.0,crp_dataset_8_1_1.csv,crp_dataset_8_1_7.csv,0.7579965873788014,0.8730158730124087,0.9999999999954546,220,32,0,4,0.0095703125,0.007886904761904762,0.001683407738095239
LogReg,1,0.5,1.0,crp_dataset_8_1_1.csv,crp_dataset_8_1_4.csv,0.7579965873788014,0.844262295075047,0.7862595419787309,103,19,28,106,0.023046875,0.0056352459016393444,0.017411629098360658
LogReg,1,0.5,1.0,crp_dataset_8_1_1.csv,crp_dataset_8_1_6.csv,0.7579965873788014,0.5468749999978638,0.9999999999928573,140,116,0,0,0.026928710937499996,0.026928710937499996,0.0
LogReg,1,0.5,1.0,crp_dataset_8_1_1.csv,crp_dataset_8_1_8.csv,0.7579965873788014,0.7910447761075963,0.38405797101170974,53,14,85,104,0.0283203125,0.005597014925373134,0.022723297574626867
LogReg,1,0.5,1.0,crp_dataset_8_1_1.csv,crp_dataset_8_1_2.csv,0.7579965873788014,0.9999999999090909,0.09243697478913918,11,0,108,137,0.039453125,0.001704545454545455,0.03774857954545455
LogReg,1,0.5,1.0,crp_dataset_8_1_1.csv,crp_dataset_8_1_3.csv,0.7579965873788014,0.9302325581341266,0.9248554913241338,160,12,13,71,0.0196044921875,0.003488372093023256,0.016116120094476744
LogReg,1,0.5,1.0,crp_dataset_8_1_8.csv,crp_dataset_8_1_5.csv,0.6766380717760566,0.4061135371161305,0.9299999999906999,93,136,7,20,0.039282226562499994,0.03875545851528384,0.0005267680472161515
LogReg,1,0.5,1.0,crp_dataset_8_1_8.csv,crp_dataset_8_1_7.csv,0.6766380717760566,0.9999999999655173,0.13181818181758265,29,0,191,36,0.0095703125,0.0,0.0095703125
LogReg,1,0.5,1.0,crp_dataset_8_1_8.csv,crp_dataset_8_1_4.csv,0.6766380717760566,0.9999999999833334,0.45801526717207625,60,0,71,125,0.023046875,0.0,0.023046875
LogReg,1,0.5,1.0,crp_dataset_8_1_8.csv,crp_dataset_8_1_6.csv,0.6766380717760566,0.9999999998888889,0.0642857142852551,9,0,131,116,0.026928710937499996,0.0,0.026928710937499996
LogReg,1,0.5,1.0,crp_dataset_8_1_8.csv,crp_dataset_8_1_1.csv,0.6766380717760566,0.9999999999772728,0.34920634920357774,44,0,82,130,0.0252685546875,0.0,0.0252685546875
LogReg,1,0.5,1.0,crp_dataset_8_1_8.csv,crp_dataset_8_1_2.csv,0.6766380717760566,0.5986394557782406,0.7394957983131134,88,59,31,78,0.039453125,0.025255102040816328,0.014198022959183671
LogReg,1,0.5,1.0,crp_dataset_8_1_8.csv,crp_dataset_8_1_3.csv,0.6766380717760566,0.9999999999767443,0.24855491329336096,43,0,130,83,0.0196044921875,0.0,0.0196044921875
LogReg,1,0.5,1.0,crp_dataset_8_1_2.csv,crp_dataset_8_1_5.csv,0.8090691153504017,0.8289473684101454,0.6299999999936999,63,13,37,143,0.039282226562499994,0.006003289473684211,0.03327893708881578
LogReg,1,0.5,1.0,crp_dataset_8_1_2.csv,crp_dataset_8_1_7.csv,0.8090691153504017,0.8593749999966431,0.9999999999954546,220,36,0,0,0.0095703125,0.0095703125,0.0
LogReg,1,0.5,1.0,crp_dataset_8_1_2.csv,crp_dataset_8_1_4.csv,0.8090691153504017,0.5117187499980012,0.9999999999923664,131,125,0,0,0.023046875,0.023046875,0.0
LogReg,1,0.5,1.0,crp_dataset_8_1_2.csv,crp_dataset_8_1_6.csv,0.8090691153504017,0.5468749999978638,0.9999999999928573,140,116,0,0,0.026928710937499996,0.026928710937499996,0.0
LogReg,1,0.5,1.0,crp_dataset_8_1_2.csv,crp_dataset_8_1_1.csv,0.8090691153504017,0.6028708133942446,0.9999999999920635,126,83,0,47,0.0252685546875,0.015879186602870812,0.009389368084629188
LogReg,1,0.5,1.0,crp_dataset_8_1_2.csv,crp_dataset_8_1_8.csv,0.8090691153504017,0.6790123456748209,0.7971014492695863,110,52,28,66,0.0283203125,0.017592592592592594,0.010727719907407406
LogReg,1,0.5,1.0,crp_dataset_8_1_2.csv,crp_dataset_8_1_3.csv,0.8090691153504017,0.6757812499973602,0.9999999999942197,173,83,0,0,0.0196044921875,0.0196044921875,0.0
LogReg,1,0.5,1.0,crp_dataset_8_1_3.csv,crp_dataset_8_1_5.csv,0.8458821228221471,0.0,0.0,0,0,100,156,0.039282226562499994,,
LogReg,1,0.5,1.0,crp_dataset_8_1_3.csv,crp_dataset_8_1_7.csv,0.8458821228221471,0.9634703196303038,0.9590909090865496,211,8,9,28,0.0095703125,0.0012271689497716895,0.008343143550228312
LogReg,1,0.5,1.0,crp_dataset_8_1_3.csv,crp_dataset_8_1_4.csv,0.8458821228221471,0.9999999999873417,0.6030534351099004,79,0,52,125,0.023046875,0.0,0.023046875
LogReg,1,0.5,1.0,crp_dataset_8_1_3.csv,crp_dataset_8_1_6.csv,0.8458821228221471,0.733333333328889,0.8642857142795409,121,44,19,72,0.026928710937499996,0.013257575757575758,0.013671135179924238
LogReg,1,0.5,1.0,crp_dataset_8_1_3.csv,crp_dataset_8_1_1.csv,0.8458821228221471,0.9999999999687501,0.25396825396623834,32,0,94,130,0.0252685546875,0.0,0.0252685546875
LogReg,1,0.5,1.0,crp_dataset_8_1_3.csv,crp_dataset_8_1_8.csv,0.8458821228221471,0.8124999999492187,0.09420289855004202,13,3,125,115,0.0283203125,0.004296875,0.0240234375
LogReg,1,0.5,1.0,crp_dataset_8_1_3.csv,crp_dataset_8_1_2.csv,0.8458821228221471,0.9999999989999999,0.008403361344467198,1,0,118,137,0.039453125,0.0,0.039453125
LogReg,2,0.5,1.0,crp_dataset_8_1_5.csv|crp_dataset_8_1_7.csv,crp_dataset_8_1_4.csv,0.7585889843564504,0.9611650485343576,0.7557251908339259,99,4,32,121,0.023046875,0.0012742718446601942,0.02177260315533981
LogReg,2,0.5,1.0,crp_dataset_8_1_5.csv|crp_dataset_8_1_7.csv,crp_dataset_8_1_6.csv,0.7585889843564504,0.9999999999870129,0.5499999999960715,77,0,63,116,0.026928710937499996,0.0,0.026928710937499996
LogReg,2,0.5,1.0,crp_dataset_8_1_5.csv|crp_dataset_8_1_7.csv,crp_dataset_8_1_1.csv,0.7585889843564504,0.9733333333203555,0.5793650793604812,73,2,53,128,0.0252685546875,0.0005,0.0247685546875
LogReg,2,0.5,1.0,crp_dataset_8_1_5.csv|crp_dataset_8_1_7.csv,crp_dataset_8_1_8.csv,0.7585889843564504,0.7954545454455062,0.5072463768079185,70,18,68,100,0.0283203125,0.005255681818181818,0.02306463068181818
LogReg,2,0.5,1.0,crp_dataset_8_1_5.csv|crp_dataset_8_1_7.csv,crp_dataset_8_1_2.csv,0.7585889843564504,0.9795918367147023,0.4033613445344255,48,1,71,136,0.039453125,0.0010204081632653062,0.038432716836734694
LogReg,2,0.5,1.0,crp_dataset_8_1_5.csv|crp_dataset_8_1_7.csv,crp_dataset_8_1_3.csv,0.7585889843564504,0.9809523809430385,0.5953757225399111,103,2,70,81,0.0196044921875,0.0011904761904761906,0.01841401599702381
LogReg,2,0.5,1.0,crp_dataset_8_1_5.csv|crp_dataset_8_1_4.csv,crp_dataset_8_1_7.csv,0.6265627793151812,0.9953917050645374,0.981818181813719,216,1,4,35,0.0095703125,0.00034562211981566826,0.009224690380184333
LogReg,2,0.5,1.0,crp_dataset_8_1_5.csv|crp_dataset_8_1_4.csv,crp_dataset_8_1_6.csv,0.6265627793151812,0.8888888888790123,0.5714285714244899,80,10,60,106,0.026928710937499996,0.004375,0.022553710937499995
LogReg,2,0.5,1.0,crp_dataset_8_1_5.csv|crp_dataset_8_1_4.csv,crp_dataset_8_1_1.csv,0.6265627793151812,0.9393939393797061,0.49206349205958677,62,4,64,126,0.0252685546875,0.0013257575757575758,0.023942797111742423
LogReg,2,0.5,1.0,crp_dataset_8_1_5.csv|crp_dataset_8_1_4.csv,crp_dataset_8_1_8.csv,0.6265627793151812,0.8157894736734764,0.449275362315585,62,14,76,104,0.0283203125,0.0053453947368421045,0.022974917763157895
LogReg,2,0.5,1.0,crp_dataset_8_1_5.csv|crp_dataset_8_1_4.csv,crp_dataset_8_1_2.csv,0.6265627793151812,0.9791666666462674,0.39495798318995834,47,1,72,136,0.039453125,0.0010416666666666667,0.03841145833333333
LogReg,2,0.5,1.0,crp_dataset_8_1_5.csv|crp_dataset_8_1_4.csv,crp_dataset_8_1_3.csv,0.6265627793151812,0.9999999999910714,0.6473988439268937,112,0,61,83,0.0196044921875,0.0,0.0196044921875
LogReg,2,0.5,1.0,crp_dataset_8_1_5.csv|crp_dataset_8_1_6.csv,crp_dataset_8_1_7.csv,0.6760953099695898,0.9770642201790043,0.9681818181774174,213,5,7,31,0.0095703125,0.0007167431192660551,0.008853569380733946
LogReg,2,0.5,1.0,crp_dataset_8_1_5.csv|crp_dataset_8_1_6.csv,crp_dataset_8_1_4.csv,0.6760953099695898,0.9714285714193197,0.7786259541925297,102,3,29,122,0.023046875,0.001011904761904762,0.02203497023809524
LogReg,2,0.5,1.0,crp_dataset_8_1_5.csv|crp_dataset_8_1_6.csv,crp_dataset_8_1_1.csv,0.6760953099695898,0.9444444444313271,0.5396825396782565,68,4,58,126,0.0252685546875,0.0012152777777777778,0.024053276909722223
LogReg,2,0.5,1.0,crp_dataset_8_1_5.csv|crp_dataset_8_1_6.csv,crp_dataset_8_1_8.csv,0.6760953099695898,0.7874999999901562,0.4565217391271267,63,17,75,101,0.0283203125,0.005546875,0.0227734375
LogReg,2,0.5,1.0,crp_dataset_8_1_5.csv|crp_dataset_8_1_6.csv,crp_dataset_8_1_2.csv,0.6760953099695898,0.9791666666462674,0.39495798318995834,47,1,72,136,0.039453125,0.0010416666666666667,0.03841145833333333
LogReg,2,0.5,1.0,crp_dataset_8_1_5.csv|crp_dataset_8_1_6.csv,crp_dataset_8_1_3.csv,0.6760953099695898,0.9814814814723937,0.6127167630022387,106,2,67,81,0.0196044921875,0.0011574074074074073,0.01844708478009259
LogReg,2,0.5,1.0,crp_dataset_8_1_5.csv|crp_dataset_8_1_1.csv,crp_dataset_8_1_7.csv,0.606220229227902,0.9053497942349574,0.9999999999954546,220,23,0,13,0.0095703125,0.0051440329218107,0.004426279578189301
LogReg,2,0.5,1.0,crp_dataset_8_1_5.csv|crp_dataset_8_1_1.csv,crp_dataset_8_1_4.csv,0.606220229227902,0.7659574468030784,0.8244274809097373,108,33,23,92,0.023046875,0.008909574468085105,0.014137300531914896
LogReg,2,0.5,1.0,crp_dataset_8_1_5.csv|crp_dataset_8_1_1.csv,crp_dataset_8_1_6.csv,0.606220229227902,0.7409638554172232,0.8785714285651531,123,43,17,73,0.026928710937499996,0.011859939759036145,0.015068771178463851
LogReg,2,0.5,1.0,crp_dataset_8_1_5.csv|crp_dataset_8_1_1.csv,crp_dataset_8_1_8.csv,0.606220229227902,0.8076923076845414,0.6086956521695023,84,20,54,98,0.0283203125,0.005108173076923077,0.023212139423076924
LogReg,2,0.5,1.0,crp_dataset_8_1_5.csv|crp_dataset_8_1_1.csv,crp_dataset_8_1_2.csv,0.606220229227902,0.9154929577335845,0.5462184873903679,65,6,54,131,0.039453125,0.0026408450704225356,0.03681227992957746
LogReg,2,0.5,1.0,crp_dataset_8_1_5.csv|crp_dataset_8_1_1.csv,crp_dataset_8_1_3.csv,0.606220229227902,0.9281437125692926,0.8959537572202546,155,12,18,71,0.0196044921875,0.0037050898203592818,0.015899402367140717
LogReg,2,0.5,1.0,crp_dataset_8_1_5.csv|crp_dataset_8_1_8.csv,crp_dataset_8_1_7.csv,0.671593232744652,0.8835341365426365,0.9999999999954546,220,29,0,7,0.0095703125,0.006977911646586347,0.002592400853413654
LogReg,2,0.5,1.0,crp_dataset_8_1_5.csv|crp_dataset_8_1_8.csv,crp_dataset_8_1_4.csv,0.671593232744652,0.7295597484230846,0.8854961831993474,116,43,15,82,0.023046875,0.010652515723270441,0.01239435927672956
LogReg,2,0.5,1.0,crp_dataset_8_1_5.csv|crp_dataset_8_1_8.csv,crp_dataset_8_1_6.csv,0.671593232744652,0.639269406389775,0.9999999999928573,140,79,0,37,0.026928710937499996,0.018493150684931507,0.008435560252568489
LogReg,2,0.5,1.0,crp_dataset_8_1_5.csv|crp_dataset_8_1_8.csv,crp_dataset_8_1_1.csv,0.671593232744652,0.8773584905577607,0.7380952380893802,93,13,33,117,0.0252685546875,0.004186320754716981,0.02108223393278302
LogReg,2,0.5,1.0,crp_dataset_8_1_5.csv|crp_dataset_8_1_8.csv,crp_dataset_8_1_2.csv,0.671593232744652,0.9999999999756098,0.3445378151231551,41,0,78,137,0.039453125,0.0010670731707317072,0.03838605182926829
LogReg,2,0.5,1.0,crp_dataset_8_1_5.csv|crp_dataset_8_1_8.csv,crp_dataset_8_1_3.csv,0.671593232744652,0.8324607329799348,0.919075144503358,159,32,14,51,0.0196044921875,0.008835078534031414,0.010769413653468585
LogReg,2,0.5,1.0,crp_dataset_8_1_5.csv|crp_dataset_8_1_2.csv,crp_dataset_8_1_7.csv,0.7411071455636499,0.8593749999966431,0.9999999999954546,220,36,0,0,0.0095703125,0.0095703125,0.0
LogReg,2,0.5,1.0,crp_dataset_8_1_5.csv|crp_dataset_8_1_2.csv,crp_dataset_8_1_4.csv,0.7411071455636499,0.5157480314940325,0.9999999999923664,131,123,0,2,0.023046875,0.022736220472440945,0.00031065452755905595
LogReg,2,0.5,1.0,crp_dataset_8_1_5.csv|crp_dataset_8_1_2.csv,crp_dataset_8_1_6.csv,0.7411071455636499,0.5468749999978638,0.9999999999928573,140,116,0,0,0.026928710937499996,0.026928710937499996,0.0
LogReg,2,0.5,1.0,crp_dataset_8_1_5.csv|crp_dataset_8_1_2.csv,crp_dataset_8_1_1.csv,0.7411071455636499,0.6089108910860945,0.9761904761827286,123,79,3,51,0.0252685546875,0.01636757425742574,0.00890098043007426
LogReg,2,0.5,1.0,crp_dataset_8_1_5.csv|crp_dataset_8_1_2.csv,crp_dataset_8_1_8.csv,0.7411071455636499,0.6812499999957422,0.7898550724580445,109,51,29,67,0.0283203125,0.015117187500000004,0.013203124999999996
LogReg,2,0.5,1.0,crp_dataset_8_1_5.csv|crp_dataset_8_1_2.csv,crp_dataset_8_1_3.csv,0.7411071455636499,0.6757812499973602,0.9999999999942197,173,83,0,0,0.0196044921875,0.0196044921875,0.0
LogReg,2,0.5,1.0,crp_dataset_8_1_5.csv|crp_dataset_8_1_3.csv,crp_dataset_8_1_7.csv,0.655285208412426,0.9361702127619738,0.9999999999954546,220,15,0,21,0.0095703125,0.0022872340425531914,0.00728307845744681
LogReg,2,0.5,1.0,crp_dataset_8_1_5.csv|crp_dataset_8_1_3.csv,crp_dataset_8_1_4.csv,0.655285208412426,0.8916666666592361,0.816793893123536,107,13,24,112,0.023046875,0.0038541666666666663,0.019192708333333336
LogReg,2,0.5,1.0,crp_dataset_8_1_5.csv|crp_dataset_8_1_3.csv,crp_dataset_8_1_6.csv,0.655285208412426,0.8492063491996095,0.7642857142802552,107,19,33,97,0.026928710937499996,0.006547619047619048,0.020381091889880947
LogReg,2,0.5,1.0,crp_dataset_8_1_5.csv|crp_dataset_8_1_3.csv,crp_dataset_8_1_1.csv,0.655285208412426,0.9555555555449382,0.6825396825342656,86,4,40,126,0.0252685546875,0.0010416666666666667,0.024226888020833334
LogReg,2,0.5,1.0,crp_dataset_8_1_5.csv|crp_dataset_8_1_3.csv,crp_dataset_8_1_8.csv,0.655285208412426,0.8043478260782135,0.5362318840540853,74,18,64,100,0.0283203125,0.005298913043478261,0.02302139945652174
LogReg,2,0.5,1.0,crp_dataset_8_1_5.csv|crp_dataset_8_1_3.csv,crp_dataset_8_1_2.csv,0.655285208412426,0.978260869543951,0.37815126050102393,45,1,74,136,0.039453125,0.0010869565217391304,0.03836616847826087
LogReg,2,0.5,1.0,crp_dataset_8_1_7.csv|crp_dataset_8_1_4.csv,crp_dataset_8_1_5.csv,0.7222337747255753,0.9999999999800001,0.499999999995,50,0,50,156,0.039282226562499994,0.00075,0.038532226562499994
LogReg,2,0.5,1.0,crp_dataset_8_1_7.csv|crp_dataset_8_1_4.csv,crp_dataset_8_1_6.csv,0.7222337747255753,0.886363636353564,0.5571428571388776,78,10,62,106,0.026928710937499996,0.004403409090909091,0.022525301846590906
LogReg,2,0.5,1.0,crp_dataset_8_1_7.csv|crp_dataset_8_1_4.csv,crp_dataset_8_1_1.csv,0.7222337747255753,0.9344262294928783,0.45238095237736203,57,4,69,126,0.0252685546875,0.0014344262295081967,0.023834128457991804
LogReg,2,0.5,1.0,crp_dataset_8_1_7.csv|crp_dataset_8_1_4.csv,crp_dataset_8_1_8.csv,0.7222337747255753,0.8571428571224491,0.260869565215501,36,6,102,112,0.0283203125,0.004464285714285714,0.023856026785714288
LogReg,2,0.5,1.0,crp_dataset_8_1_7.csv|crp_dataset_8_1_4.csv,crp_dataset_8_1_2.csv,0.7222337747255753,0.9999999999655173,0.24369747898954874,29,0,90,137,0.039453125,0.0008620689655172415,0.038591056034482756
LogReg,2,0.5,1.0,crp_dataset_8_1_7.csv|crp_dataset_8_1_4.csv,crp_dataset_8_1_3.csv,0.7222337747255753,0.9911504424691049,0.6473988439268937,112,1,61,82,0.0196044921875,0.00011061946902654868,0.01949387271847345
LogReg,2,0.5,1.0,crp_dataset_8_1_7.csv|crp_dataset_8_1_6.csv,crp_dataset_8_1_5.csv,0.7256926109702382,0.9999999996666666,0.0299999999997,3,0,97,156,0.039282226562499994,0.0,0.039282226562499994
LogReg,2,0.5,1.0,crp_dataset_8_1_7.csv|crp_dataset_8_1_6.csv,crp_dataset_8_1_4.csv,0.7256926109702382,0.999999999988764,0.6793893129719131,89,0,42,125,0.023046875,0.0,0.023046875
LogReg,2,0.5,1.0,crp_dataset_8_1_7.csv|crp_dataset_8_1_6.csv,crp_dataset_8_1_1.csv,0.7256926109702382,0.9999999999729731,0.2936507936484631,37,0,89,130,0.0252685546875,0.0,0.0252685546875
LogReg,2,0.5,1.0,crp_dataset_8_1_7.csv|crp_dataset_8_1_6.csv,crp_dataset_8_1_8.csv,0.7256926109702382,0.8387096773922997,0.18840579710008404,26,5,112,113,0.0283203125,0.004435483870967742,0.023884828629032257
LogReg,2,0.5,1.0,crp_dataset_8_1_7.csv|crp_dataset_8_1_6.csv,crp_dataset_8_1_2.csv,0.7256926109702382,0.9999999998571428,0.05882352941127039,7,0,112,137,0.039453125,0.0017857142857142859,0.03766741071428571
LogReg,2,0.5,1.0,crp_dataset_8_1_7.csv|crp_dataset_8_1_6.csv,crp_dataset_8_1_3.csv,0.7256926109702382,0.99999999999,0.5780346820775837,100,0,73,83,0.0196044921875,0.0,0.0196044921875
LogReg,2,0.5,1.0,crp_dataset_8_1_7.csv|crp_dataset_8_1_1.csv,crp_dataset_8_1_5.csv,0.6435506491282028,0.8815789473568213,0.6699999999933,67,9,33,147,0.039282226562499994,0.003700657894736842,0.03558156866776315
LogReg,2,0.5,1.0,crp_dataset_8_1_7.csv|crp_dataset_8_1_1.csv,crp_dataset_8_1_4.csv,0.6435506491282028,0.8938053097266034,0.7709923664063284,101,12,30,113,0.023046875,0.00420353982300885,0.01884333517699115
LogReg,2,0.5,1.0,crp_dataset_8_1_7.csv|crp_dataset_8_1_1.csv,crp_dataset_8_1_6.csv,0.6435506491282028,0.9892473118173198,0.6571428571381633,92,1,48,115,0.026928710937499996,0.0004032258064516129,0.026525485131048382
LogReg,2,0.5,1.0,crp_dataset_8_1_7.csv|crp_dataset_8_1_1.csv,crp_dataset_8_1_8.csv,0.6435506491282028,0.8058252427106231,0.6014492753579606,83,20,55,98,0.0283203125,0.005157766990291261,0.02316254550970874
LogReg,2,0.5,1.0,crp_dataset_8_1_7.csv|crp_dataset_8_1_1.csv,crp_dataset_8_1_2.csv,0.6435506491282028,0.9499999999841667,0.4789915966346303,57,3,62,134,0.039453125,0.0017708333333333332,0.037682291666666666
LogReg,2,0.5,1.0,crp_dataset_8_1_7.csv|crp_dataset_8_1_1.csv,crp_dataset_8_1_3.csv,0.6435506491282028,0.9666666666586111,0.670520231209997,116,4,57,79,0.0196044921875,0.0018229166666666667,0.017781575520833332
LogReg,2,0.5,1.0,crp_dataset_8_1_7.csv|crp_dataset_8_1_8.csv,crp_dataset_8_1_5.csv,0.6409461624581136,0.8260869565127599,0.7599999999924,76,16,24,140,0.039282226562499994,0.005027173913043478,0.03425505264945652
LogReg,2,0.5,1.0,crp_dataset_8_1_7.csv|crp_dataset_8_1_8.csv,crp_dataset_8_1_4.csv,0.6409461624581136,0.9237288135514938,0.8320610686959385,109,9,22,116,0.023046875,0.002542372881355932,0.020504502118644068
LogReg,2,0.5,1.0,crp_dataset_8_1_7.csv|crp_dataset_8_1_8.csv,crp_dataset_8_1_6.csv,0.6409461624581136,0.9487179487057856,0.5285714285676532,74,4,66,112,0.026928710937499996,0.0018429487179487181,0.025085762219551277
LogReg,2,0.5,1.0,crp_dataset_8_1_7.csv|crp_dataset_8_1_8.csv,crp_dataset_8_1_1.csv,0.6409461624581136,0.9259259259144947,0.5952380952333711,75,6,51,124,0.0252685546875,0.0015432098765432098,0.02372534481095679
LogReg,2,0.5,1.0,crp_dataset_8_1_7.csv|crp_dataset_8_1_8.csv,crp_dataset_8_1_2.csv,0.6409461624581136,0.9186046511521092,0.6638655462129087,79,7,40,130,0.039453125,0.0022529069767441862,0.037200218023255814
LogReg,2,0.5,1.0,crp_dataset_8_1_7.csv|crp_dataset_8_1_8.csv,crp_dataset_8_1_3.csv,0.6409461624581136,0.9911504424691049,0.6473988439268937,112,1,61,82,0.0196044921875,0.00022123893805309737,0.0193832532494469
LogReg,2,0.5,1.0,crp_dataset_8_1_7.csv|crp_dataset_8_1_2.csv,crp_dataset_8_1_5.csv,0.6259004426202783,0.793814432981507,0.7699999999923,77,20,23,136,0.039282226562499994,0.006314432989690722,0.032967793572809274
LogReg,2,0.5,1.0,crp_dataset_8_1_7.csv|crp_dataset_8_1_2.csv,crp_dataset_8_1_4.csv,0.6259004426202783,0.8661417322766445,0.8396946564821398,110,17,21,108,0.023046875,0.004625984251968504,0.018420890748031497
LogReg,2,0.5,1.0,crp_dataset_8_1_7.csv|crp_dataset_8_1_2.csv,crp_dataset_8_1_6.csv,0.6259004426202783,0.866666666657037,0.5571428571388776,78,12,62,104,0.026928710937499996,0.005625,0.021303710937499998
LogReg,2,0.5,1.0,crp_dataset_8_1_7.csv|crp_dataset_8_1_2.csv,crp_dataset_8_1_1.csv,0.6259004426202783,0.9080459770010569,0.6269841269791508,79,8,47,122,0.0252685546875,0.002227011494252873,0.023041543193247128
LogReg,2,0.5,1.0,crp_dataset_8_1_7.csv|crp_dataset_8_1_2.csv,crp_dataset_8_1_8.csv,0.6259004426202783,0.8224299065343698,0.637681159415669,88,19,50,99,0.0283203125,0.004906542056074765,0.023413770443925234
LogReg,2,0.5,1.0,crp_dataset_8_1_7.csv|crp_dataset_8_1_2.csv,crp_dataset_8_1_3.csv,0.6259004426202783,0.9572649572567755,0.6473988439268937,112,5,61,78,0.0196044921875,0.001388888888888889,0.018215603298611112
LogReg,2,0.5,1.0,crp_dataset_8_1_7.csv|crp_dataset_8_1_3.csv,crp_dataset_8_1_5.csv,0.6196755912124722,0.9999999998333333,0.0599999999994,6,0,94,156,0.039282226562499994,0.0,0.039282226562499994
LogReg,2,0.5,1.0,crp_dataset_8_1_7.csv|crp_dataset_8_1_3.csv,crp_dataset_8_1_4.csv,0.6196755912124722,0.9999999999893616,0.7175572519029194,94,0,37,125,0.023046875,0.0,0.023046875
LogReg,2,0.5,1.0,crp_dataset_8_1_7.csv|crp_dataset_8_1_3.csv,crp_dataset_8_1_6.csv,0.6196755912124722,0.669950738912956,0.9714285714216327,136,67,4,49,0.026928710937499996,0.015917487684729066,0.01101122325277093
LogReg,2,0.5,1.0,crp_dataset_8_1_7.csv|crp_dataset_8_1_3.csv,crp_dataset_8_1_1.csv,0.6196755912124722,0.9384615384471006,0.4841269841231418,61,4,65,126,0.0252685546875,0.001346153846153846,0.023922400841346152
LogReg,2,0.5,1.0,crp_dataset_8_1_7.csv|crp_dataset_8_1_3.csv,crp_dataset_8_1_8.csv,0.6196755912124722,0.7666666666538889,0.3333333333309179,46,14,92,104,0.0283203125,0.005729166666666665,0.022591145833333333
LogReg,2,0.5,1.0,crp_dataset_8_1_7.csv|crp_dataset_8_1_3.csv,crp_dataset_8_1_2.csv,0.6196755912124722,0.9999999998888889,0.07563025210020478,9,0,110,137,0.039453125,0.001388888888888889,0.03806423611111111
LogReg,2,0.5,1.0,crp_dataset_8_1_4.csv|crp_dataset_8_1_6.csv,crp_dataset_8_1_5.csv,0.6502056630236625,0.9999999999800001,0.499999999995,50,0,50,156,0.039282226562499994,0.0008750000000000001,0.038407226562499994
LogReg,2,0.5,1.0,crp_dataset_8_1_4.csv|crp_dataset_8_1_6.csv,crp_dataset_8_1_7.csv,0.6502056630236625,0.9953703703657623,0.9772727272682852,215,1,5,35,0.0095703125,0.00031828703703703706,0.009252025462962964
LogReg,2,0.5,1.0,crp_dataset_8_1_4.csv|crp_dataset_8_1_6.csv,crp_dataset_8_1_1.csv,0.6502056630236625,0.9365079364930714,0.46825396825025195,59,4,67,126,0.0252685546875,0.001388888888888889,0.023879665798611113
LogReg,2,0.5,1.0,crp_dataset_8_1_4.csv|crp_dataset_8_1_6.csv,crp_dataset_8_1_8.csv,0.6502056630236625,0.8214285714139031,0.3333333333309179,46,10,92,108,0.0283203125,0.005022321428571429,0.023297991071428572
LogReg,2,0.5,1.0,crp_dataset_8_1_4.csv|crp_dataset_8_1_6.csv,crp_dataset_8_1_2.csv,0.6502056630236625,0.99999999996,0.21008403361167996,25,0,94,137,0.039453125,0.0007500000000000001,0.038703125
LogReg,2,0.5,1.0,crp_dataset_8_1_4.csv|crp_dataset_8_1_6.csv,crp_dataset_8_1_3.csv,0.6502056630236625,0.9999999999910714,0.6473988439268937,112,0,61,83,0.0196044921875,0.0,0.0196044921875
LogReg,2,0.5,1.0,crp_dataset_8_1_4.csv|crp_dataset_8_1_1.csv,crp_dataset_8_1_5.csv,0.6324883069655518,0.9999999999787235,0.46999999999529996,47,0,53,156,0.039282226562499994,0.0009308510638297873,0.03835137549867021
LogReg,2,0.5,1.0,crp_dataset_8_1_4.csv|crp_dataset_8_1_1.csv,crp_dataset_8_1_7.csv,0.6324883069655518,0.9777777777734321,0.9999999999954546,220,5,0,31,0.0095703125,0.0008055555555555556,0.008764756944444445
LogReg,2,0.5,1.0,crp_dataset_8_1_4.csv|crp_dataset_8_1_1.csv,crp_dataset_8_1_6.csv,0.6324883069655518,0.814285714279898,0.814285714279898,114,26,26,90,0.026928710937499996,0.007499999999999999,0.019428710937499996
LogReg,2,0.5,1.0,crp_dataset_8_1_4.csv|crp_dataset_8_1_1.csv,crp_dataset_8_1_8.csv,0.6324883069655518,0.8108108107998538,0.4347826086925016,60,14,78,104,0.0283203125,0.005320945945945945,0.022999366554054053
LogReg,2,0.5,1.0,crp_dataset_8_1_4.csv|crp_dataset_8_1_1.csv,crp_dataset_8_1_2.csv,0.6324883069655518,0.99999999996,0.21008403361167996,25,0,94,137,0.039453125,0.001,0.038453125
LogReg,2,0.5,1.0,crp_dataset_8_1_4.csv|crp_dataset_8_1_1.csv,crp_dataset_8_1_3.csv,0.6324883069655518,0.9850746268583204,0.7630057803424104,132,2,41,81,0.0196044921875,0.0009328358208955224,0.018671656366604478
LogReg,2,0.5,1.0,crp_dataset_8_1_4.csv|crp_dataset_8_1_8.csv,crp_dataset_8_1_5.csv,0.6100700729324336,0.7699999999923,0.7699999999923,77,23,23,133,0.039282226562499994,0.0073125,0.031969726562499995
LogReg,2,0.5,1.0,crp_dataset_8_1_4.csv|crp_dataset_8_1_8.csv,crp_dataset_8_1_7.csv,0.6100700729324336,0.9999999999942529,0.7909090909054959,174,0,46,36,0.0095703125,0.0,0.0095703125
LogReg,2,0.5,1.0,crp_dataset_8_1_4.csv|crp_dataset_8_1_8.csv,crp_dataset_8_1_6.csv,0.6100700729324336,0.9999999999861111,0.5142857142820408,72,0,68,116,0.026928710937499996,0.0,0.026928710937499996
LogReg,2,0.5,1.0,crp_dataset_8_1_4.csv|crp_dataset_8_1_8.csv,crp_dataset_8_1_1.csv,0.6100700729324336,0.8970588235162197,0.4841269841231418,61,7,65,123,0.0252685546875,0.002205882352941177,0.023062672334558824
LogReg,2,0.5,1.0,crp_dataset_8_1_4.csv|crp_dataset_8_1_8.csv,crp_dataset_8_1_2.csv,0.6100700729324336,0.9367088607476366,0.6218487394905727,74,5,45,132,0.039453125,0.0019778481012658234,0.03747527689873417
LogReg,2,0.5,1.0,crp_dataset_8_1_4.csv|crp_dataset_8_1_8.csv,crp_dataset_8_1_3.csv,0.6100700729324336,0.9999999999906541,0.6184971098230145,107,0,66,83,0.0196044921875,0.0,0.0196044921875
LogReg,2,0.5,1.0,crp_dataset_8_1_4.csv|crp_dataset_8_1_2.csv,crp_dataset_8_1_5.csv,0.6173061488319472,0.827956989238409,0.7699999999923,77,16,23,140,0.039282226562499994,0.004905913978494624,0.03437631258400537
LogReg,2,0.5,1.0,crp_dataset_8_1_4.csv|crp_dataset_8_1_2.csv,crp_dataset_8_1_7.csv,0.6173061488319472,0.9999999999952607,0.9590909090865496,211,0,9,36,0.0095703125,0.00020734597156398107,0.00936296652843602
LogReg,2,0.5,1.0,crp_dataset_8_1_4.csv|crp_dataset_8_1_2.csv,crp_dataset_8_1_6.csv,0.6173061488319472,0.9624999999879688,0.5499999999960715,77,3,63,113,0.026928710937499996,0.001171875,0.025756835937499997
LogReg,2,0.5,1.0,crp_dataset_8_1_4.csv|crp_dataset_8_1_2.csv,crp_dataset_8_1_1.csv,0.6173061488319472,0.9066666666545777,0.5396825396782565,68,7,58,123,0.0252685546875,0.002,0.023268554687499998
LogReg,2,0.5,1.0,crp_dataset_8_1_4.csv|crp_dataset_8_1_2.csv,crp_dataset_8_1_8.csv,0.6173061488319472,0.8181818181735537,0.5869565217348772,81,18,57,100,0.0283203125,0.00505050505050505,0.02326980744949495
LogReg,2,0.5,1.0,crp_dataset_8_1_4.csv|crp_dataset_8_1_2.csv,crp_dataset_8_1_3.csv,0.6173061488319472,0.9999999999910714,0.6473988439268937,112,0,61,83,0.0196044921875,0.0,0.0196044921875
LogReg,2,0.5,1.0,crp_dataset_8_1_4.csv|crp_dataset_8_1_3.csv,crp_dataset_8_1_5.csv,0.6083707562071458,0.9999999995,0.0199999999998,2,0,98,156,0.039282226562499994,0.0,0.039282226562499994
LogReg,2,0.5,1.0,crp_dataset_8_1_4.csv|crp_dataset_8_1_3.csv,crp_dataset_8_1_7.csv,0.6083707562071458,0.9361702127619738,0.9999999999954546,220,15,0,21,0.0095703125,0.002154255319148936,0.007416057180851065
LogReg,2,0.5,1.0,crp_dataset_8_1_4.csv|crp_dataset_8_1_3.csv,crp_dataset_8_1_6.csv,0.6083707562071458,0.6113537117877234,0.9999999999928573,140,89,0,27,0.026928710937499996,0.02052401746724891,0.006404693470251088
LogReg,2,0.5,1.0,crp_dataset_8_1_4.csv|crp_dataset_8_1_3.csv,crp_dataset_8_1_1.csv,0.6083707562071458,0.9402985074486522,0.49999999999603173,63,4,63,126,0.0252685546875,0.0013059701492537312,0.02396258453824627
LogReg,2,0.5,1.0,crp_dataset_8_1_4.csv|crp_dataset_8_1_3.csv,crp_dataset_8_1_8.csv,0.6083707562071458,0.8285714285477552,0.21014492753470912,29,6,109,112,0.0283203125,0.005,0.0233203125
LogReg,2,0.5,1.0,crp_dataset_8_1_4.csv|crp_dataset_8_1_3.csv,crp_dataset_8_1_2.csv,0.6083707562071458,0.9999999998,0.04201680672233599,5,0,114,137,0.039453125,0.00125,0.038203125
LogReg,2,0.5,1.0,crp_dataset_8_1_6.csv|crp_dataset_8_1_1.csv,crp_dataset_8_1_5.csv,0.6260708561305658,0.9655172413626636,0.5599999999944,56,2,44,154,0.039282226562499994,0.0018318965517241381,0.037450330010775856
LogReg,2,0.5,1.0,crp_dataset_8_1_6.csv|crp_dataset_8_1_1.csv,crp_dataset_8_1_7.csv,0.6260708561305658,0.999999999995,0.9090909090867769,200,0,20,36,0.0095703125,9.375000000000002e-05,0.0094765625
LogReg,2,0.5,1.0,crp_dataset_8_1_6.csv|crp_dataset_8_1_1.csv,crp_dataset_8_1_4.csv,0.6260708561305658,0.906542056066294,0.7404580152615233,97,10,34,115,0.023046875,0.0033878504672897195,0.019659024532710283
LogReg,2,0.5,1.0,crp_dataset_8_1_6.csv|crp_dataset_8_1_1.csv,crp_dataset_8_1_8.csv,0.6260708561305658,0.7999999999899999,0.4637681159386684,64,16,74,102,0.0283203125,0.005234375,0.0230859375
LogReg,2,0.5,1.0,crp_dataset_8_1_6.csv|crp_dataset_8_1_1.csv,crp_dataset_8_1_2.csv,0.6260708561305658,0.909090909070248,0.33613445377868795,40,4,79,133,0.039453125,0.0026988636363636364,0.03675426136363636
LogReg,2,0.5,1.0,crp_dataset_8_1_6.csv|crp_dataset_8_1_1.csv,crp_dataset_8_1_3.csv,0.6260708561305658,0.9663865546137278,0.6647398843892212,115,4,58,79,0.0196044921875,0.001838235294117647,0.017766256893382352
LogReg,2,0.5,1.0,crp_dataset_8_1_6.csv|crp_dataset_8_1_8.csv,crp_dataset_8_1_5.csv,0.6189546467092722,0.7857142857062682,0.7699999999923,77,21,23,135,0.039282226562499994,0.006122448979591836,0.03315977758290816
LogReg,2,0.5,1.0,crp_dataset_8_1_6.csv|crp_dataset_8_1_8.csv,crp_dataset_8_1_7.csv,0.6189546467092722,0.990740740736154,0.9727272727228513,214,2,6,34,0.0095703125,0.0005497685185185186,0.009020543981481482
LogReg,2,0.5,1.0,crp_dataset_8_1_6.csv|crp_dataset_8_1_8.csv,crp_dataset_8_1_4.csv,0.6189546467092722,0.8346456692847666,0.8091603053373347,106,21,25,104,0.023046875,0.0063976377952755905,0.016649237204724412
LogReg,2,0.5,1.0,crp_dataset_8_1_6.csv|crp_dataset_8_1_8.csv,crp_dataset_8_1_1.csv,0.6189546467092722,0.9528301886702563,0.8015873015809397,101,5,25,125,0.0252685546875,0.0011792452830188679,0.024089309404481132
LogReg,2,0.5,1.0,crp_dataset_8_1_6.csv|crp_dataset_8_1_8.csv,crp_dataset_8_1_2.csv,0.6189546467092722,0.8899999999911,0.7478991596575807,89,11,30,126,0.039453125,0.0030624999999999997,0.036390624999999996
LogReg,2,0.5,1.0,crp_dataset_8_1_6.csv|crp_dataset_8_1_8.csv,crp_dataset_8_1_3.csv,0.6189546467092722,0.952755905504309,0.6994219653138762,121,6,52,77,0.0196044921875,0.0027066929133858267,0.016897799274114174
LogReg,2,0.5,1.0,crp_dataset_8_1_6.csv|crp_dataset_8_1_2.csv,crp_dataset_8_1_5.csv,0.693404312816398,0.8780487804770969,0.7199999999928,72,10,28,146,0.039282226562499994,0.003429878048780488,0.035852348513719504
LogReg,2,0.5,1.0,crp_dataset_8_1_6.csv|crp_dataset_8_1_2.csv,crp_dataset_8_1_7.csv,0.693404312816398,0.9777777777734321,0.9999999999954546,220,5,0,31,0.0095703125,0.0007222222222222223,0.008848090277777778
LogReg,2,0.5,1.0,crp_dataset_8_1_6.csv|crp_dataset_8_1_2.csv,crp_dataset_8_1_4.csv,0.693404312816398,0.9557522123809226,0.8244274809097373,108,5,23,120,0.023046875,0.0013274336283185843,0.021719441371681417
LogReg,2,0.5,1.0,crp_dataset_8_1_6.csv|crp_dataset_8_1_2.csv,crp_dataset_8_1_1.csv,0.693404312816398,0.9444444444313271,0.5396825396782565,68,4,58,126,0.0252685546875,0.0012152777777777778,0.024053276909722223
LogReg,2,0.5,1.0,crp_dataset_8_1_6.csv|crp_dataset_8_1_2.csv,crp_dataset_8_1_8.csv,0.693404312816398,0.8068181818090134,0.5144927536194602,71,17,67,101,0.0283203125,0.005255681818181818,0.02306463068181818
LogReg,2,0.5,1.0,crp_dataset_8_1_6.csv|crp_dataset_8_1_2.csv,crp_dataset_8_1_3.csv,0.693404312816398,0.9824561403422591,0.6473988439268937,112,2,61,81,0.0196044921875,0.0010964912280701754,0.018508000959429824
LogReg,2,0.5,1.0,crp_dataset_8_1_6.csv|crp_dataset_8_1_3.csv,crp_dataset_8_1_5.csv,0.6934587232174227,0.9795918367147023,0.4799999999952,48,1,52,155,0.039282226562499994,0.0011479591836734695,0.038134267378826525
LogReg,2,0.5,1.0,crp_dataset_8_1_6.csv|crp_dataset_8_1_3.csv,crp_dataset_8_1_7.csv,0.6934587232174227,0.9952606635023922,0.9545454545411157,210,1,10,35,0.0095703125,0.0002962085308056872,0.009274103969194314
LogReg,2,0.5,1.0,crp_dataset_8_1_6.csv|crp_dataset_8_1_3.csv,crp_dataset_8_1_4.csv,0.6934587232174227,0.9699999999903,0.7404580152615233,97,3,34,122,0.023046875,0.0009375,0.022109375
LogReg,2,0.5,1.0,crp_dataset_8_1_6.csv|crp_dataset_8_1_3.csv,crp_dataset_8_1_1.csv,0.6934587232174227,0.9480519480396357,0.5793650793604812,73,4,53,126,0.0252685546875,0.0011363636363636363,0.024132191051136363
LogReg,2,0.5,1.0,crp_dataset_8_1_6.csv|crp_dataset_8_1_3.csv,crp_dataset_8_1_8.csv,0.6934587232174227,0.7926829268196014,0.47101449275021007,65,17,73,101,0.0283203125,0.00548780487804878,0.02283250762195122
LogReg,2,0.5,1.0,crp_dataset_8_1_6.csv|crp_dataset_8_1_3.csv,crp_dataset_8_1_2.csv,0.6934587232174227,0.9999999999666667,0.252100840334016,30,0,89,137,0.039453125,0.0008333333333333334,0.03861979166666667
LogReg,2,0.5,1.0,crp_dataset_8_1_1.csv|crp_dataset_8_1_8.csv,crp_dataset_8_1_5.csv,0.6193889901791574,0.7118644067736283,0.8399999999916,84,34,16,122,0.039282226562499994,0.008527542372881357,0.030754684189618638
LogReg,2,0.5,1.0,crp_dataset_8_1_1.csv|crp_dataset_8_1_8.csv,crp_dataset_8_1_7.csv,0.6193889901791574,0.9999999999949496,0.8999999999959092,198,0,22,36,0.0095703125,0.00015782828282828284,0.009412484217171719
LogReg,2,0.5,1.0,crp_dataset_8_1_1.csv|crp_dataset_8_1_8.csv,crp_dataset_8_1_4.csv,0.6193889901791574,0.846153846146614,0.7557251908339259,99,18,32,107,0.023046875,0.006143162393162393,0.01690371260683761
LogReg,2,0.5,1.0,crp_dataset_8_1_1.csv|crp_dataset_8_1_8.csv,crp_dataset_8_1_6.csv,0.6193889901791574,0.9999999999868421,0.5428571428532654,76,0,64,116,0.026928710937499996,0.0,0.026928710937499996
LogReg,2,0.5,1.0,crp_dataset_8_1_1.csv|crp_dataset_8_1_8.csv,crp_dataset_8_1_2.csv,0.6193889901791574,0.692307692302851,0.8319327731022527,99,44,20,93,0.039453125,0.019405594405594404,0.020047530594405595
LogReg,2,0.5,1.0,crp_dataset_8_1_1.csv|crp_dataset_8_1_8.csv,crp_dataset_8_1_3.csv,0.6193889901791574,0.9504132231326412,0.6647398843892212,115,6,58,77,0.0196044921875,0.002840909090909091,0.016763583096590907
LogReg,2,0.5,1.0,crp_dataset_8_1_1.csv|crp_dataset_8_1_2.csv,crp_dataset_8_1_5.csv,0.6001756508622039,0.8461538461429979,0.6599999999934,66,12,34,144,0.039282226562499994,0.004487179487179488,0.03479504707532051
LogReg,2,0.5,1.0,crp_dataset_8_1_1.csv|crp_dataset_8_1_2.csv,crp_dataset_8_1_7.csv,0.6001756508622039,0.8764940239008905,0.9999999999954546,220,31,0,5,0.0095703125,0.0076942231075697205,0.0018760893924302802
LogReg,2,0.5,1.0,crp_dataset_8_1_1.csv|crp_dataset_8_1_2.csv,crp_dataset_8_1_4.csv,0.6001756508622039,0.7417218542997237,0.8549618320545423,112,39,19,86,0.023046875,0.01001655629139073,0.013030318708609271
LogReg,2,0.5,1.0,crp_dataset_8_1_1.csv|crp_dataset_8_1_2.csv,crp_dataset_8_1_6.csv,0.6001756508622039,0.6422018348594395,0.9999999999928573,140,78,0,38,0.026928710937499996,0.01774655963302752,0.009182151304472475
LogReg,2,0.5,1.0,crp_dataset_8_1_1.csv|crp_dataset_8_1_2.csv,crp_dataset_8_1_8.csv,0.6001756508622039,0.8130841121419338,0.6304347826041273,87,20,51,98,0.0283203125,0.004964953271028036,0.023355359228971966
LogReg,2,0.5,1.0,crp_dataset_8_1_1.csv|crp_dataset_8_1_2.csv,crp_dataset_8_1_3.csv,0.6001756508622039,0.9075144508618064,0.9075144508618064,157,16,16,67,0.0196044921875,0.004371387283236994,0.015233104904263006
LogReg,2,0.5,1.0,crp_dataset_8_1_1.csv|crp_dataset_8_1_3.csv,crp_dataset_8_1_5.csv,0.6766254462326051,0.999999999962963,0.2699999999973,27,0,73,156,0.039282226562499994,0.0,0.039282226562499994
LogReg,2,0.5,1.0,crp_dataset_8_1_1.csv|crp_dataset_8_1_3.csv,crp_dataset_8_1_7.csv,0.6766254462326051,0.9906976744139968,0.9681818181774174,213,2,7,34,0.0095703125,0.00043604651162790697,0.009134265988372093
LogReg,2,0.5,1.0,crp_dataset_8_1_1.csv|crp_dataset_8_1_3.csv,crp_dataset_8_1_4.csv,0.6766254462326051,0.922330097078424,0.7251908396891208,95,8,36,117,0.023046875,0.003033980582524272,0.02001289441747573
LogReg,2,0.5,1.0,crp_dataset_8_1_1.csv|crp_dataset_8_1_3.csv,crp_dataset_8_1_6.csv,0.6766254462326051,0.7654320987607073,0.8857142857079593,124,38,16,78,0.026928710937499996,0.010185185185185184,0.01674352575231481
LogReg,2,0.5,1.0,crp_dataset_8_1_1.csv|crp_dataset_8_1_3.csv,crp_dataset_8_1_8.csv,0.6766254462326051,0.7941176470471453,0.39130434782325146,54,14,84,104,0.0283203125,0.005422794117647058,0.022897518382352943
LogReg,2,0.5,1.0,crp_dataset_8_1_1.csv|crp_dataset_8_1_3.csv,crp_dataset_8_1_2.csv,0.6766254462326051,0.9999999999230769,0.10924369747807358,13,0,106,137,0.039453125,0.0014423076923076926,0.038010817307692304
LogReg,2,0.5,1.0,crp_dataset_8_1_8.csv|crp_dataset_8_1_2.csv,crp_dataset_8_1_5.csv,0.6193334172065033,0.7499999999927884,0.7799999999921999,78,26,22,130,0.039282226562499994,0.007872596153846154,0.03140963040865384
LogReg,2,0.5,1.0,crp_dataset_8_1_8.csv|crp_dataset_8_1_2.csv,crp_dataset_8_1_7.csv,0.6193334172065033,0.9951923076875232,0.9409090909048141,207,1,13,35,0.0095703125,0.0002704326923076923,0.009299879807692308
LogReg,2,0.5,1.0,crp_dataset_8_1_8.csv|crp_dataset_8_1_2.csv,crp_dataset_8_1_4.csv,0.6193334172065033,0.8384615384550889,0.8320610686959385,109,21,22,104,0.023046875,0.007115384615384616,0.015931490384615384
LogReg,2,0.5,1.0,crp_dataset_8_1_8.csv|crp_dataset_8_1_2.csv,crp_dataset_8_1_6.csv,0.6193334172065033,0.7678571428502869,0.6142857142813266,86,26,54,90,0.026928710937499996,0.011272321428571427,0.01565638950892857
LogReg,2,0.5,1.0,crp_dataset_8_1_8.csv|crp_dataset_8_1_2.csv,crp_dataset_8_1_1.csv,0.6193334172065033,0.8099999999919,0.6428571428520408,81,19,45,111,0.0252685546875,0.007875,0.0173935546875
LogReg,2,0.5,1.0,crp_dataset_8_1_8.csv|crp_dataset_8_1_2.csv,crp_dataset_8_1_3.csv,0.6193334172065033,0.9365079365005039,0.6820809248515487,118,8,55,75,0.0196044921875,0.003819444444444445,0.015785047743055555
LogReg,2,0.5,1.0,crp_dataset_8_1_8.csv|crp_dataset_8_1_3.csv,crp_dataset_8_1_5.csv,0.6035881615048525,0.8604651162690643,0.7399999999926,74,12,26,144,0.039282226562499994,0.00436046511627907,0.034921761446220924
LogReg,2,0.5,1.0,crp_dataset_8_1_8.csv|crp_dataset_8_1_3.csv,crp_dataset_8_1_7.csv,0.6035881615048525,0.9401709401669224,0.9999999999954546,220,14,0,22,0.0095703125,0.002510683760683761,0.00705962873931624
LogReg,2,0.5,1.0,crp_dataset_8_1_8.csv|crp_dataset_8_1_3.csv,crp_dataset_8_1_4.csv,0.6035881615048525,0.8148148148087793,0.8396946564821398,110,25,21,100,0.023046875,0.007083333333333334,0.015963541666666668
LogReg,2,0.5,1.0,crp_dataset_8_1_8.csv|crp_dataset_8_1_3.csv,crp_dataset_8_1_6.csv,0.6035881615048525,0.8347107437947544,0.7214285714234184,101,20,39,96,0.026928710937499996,0.007592975206611571,0.019335735730888426
LogReg,2,0.5,1.0,crp_dataset_8_1_8.csv|crp_dataset_8_1_3.csv,crp_dataset_8_1_1.csv,0.6035881615048525,0.9117647058734141,0.7380952380893802,93,9,33,121,0.0252685546875,0.002573529411764706,0.022695025275735293
LogReg,2,0.5,1.0,crp_dataset_8_1_8.csv|crp_dataset_8_1_3.csv,crp_dataset_8_1_2.csv,0.6035881615048525,0.8604651162690643,0.6218487394905727,74,12,45,125,0.039453125,0.0031249999999999997,0.036328124999999996
LogReg,2,0.5,1.0,crp_dataset_8_1_2.csv|crp_dataset_8_1_3.csv,crp_dataset_8_1_5.csv,0.6342620378718071,0.8536585365749554,0.699999999993,70,12,30,144,0.039282226562499994,0.004420731707317074,0.03486149485518292
LogReg,2,0.5,1.0,crp_dataset_8_1_2.csv|crp_dataset_8_1_3.csv,crp_dataset_8_1_7.csv,0.6342620378718071,0.9016393442585999,0.9999999999954546,220,24,0,12,0.0095703125,0.0048411885245901645,0.004729123975409836
LogReg,2,0.5,1.0,crp_dataset_8_1_2.csv|crp_dataset_8_1_3.csv,crp_dataset_8_1_4.csv,0.6342620378718071,0.804347826081128,0.8473282442683411,111,27,20,98,0.023046875,0.007291666666666668,0.015755208333333333
LogReg,2,0.5,1.0,crp_dataset_8_1_2.csv|crp_dataset_8_1_3.csv,crp_dataset_8_1_6.csv,0.6342620378718071,0.7828947368369547,0.8499999999939286,119,33,21,83,0.026928710937499996,0.010485197368421052,0.016443513569078944
LogReg,2,0.5,1.0,crp_dataset_8_1_2.csv|crp_dataset_8_1_3.csv,crp_dataset_8_1_1.csv,0.6342620378718071,0.9306930692977159,0.7460317460258251,94,7,32,123,0.0252685546875,0.001547029702970297,0.0237215249845297
LogReg,2,0.5,1.0,crp_dataset_8_1_2.csv|crp_dataset_8_1_3.csv,crp_dataset_8_1_8.csv,0.6342620378718071,0.8155339805746065,0.6086956521695023,84,19,54,99,0.0283203125,0.00503640776699029,0.02328390473300971
LogReg,3,0.5,1.0,crp_dataset_8_1_5.csv|crp_dataset_8_1_7.csv|crp_dataset_8_1_4.csv,crp_dataset_8_1_6.csv,0.6721587713462391,0.9390243902324509,0.5499999999960715,77,5,63,111,0.026928710937499996,0.001600609756097561,0.025328101181402433
LogReg,3,0.5,1.0,crp_dataset_8_1_5.csv|crp_dataset_8_1_7.csv|crp_dataset_8_1_4.csv,crp_dataset_8_1_1.csv,0.6721587713462391,0.9384615384471006,0.4841269841231418,61,4,65,126,0.0252685546875,0.0013461538461538463,0.023922400841346152
LogReg,3,0.5,1.0,crp_dataset_8_1_5.csv|crp_dataset_8_1_7.csv|crp_dataset_8_1_4.csv,crp_dataset_8_1_8.csv,0.6721587713462391,0.8148148148047554,0.4782608695617518,66,15,72,103,0.0283203125,0.005015432098765432,0.023304880401234566
LogReg,3,0.5,1.0,crp_dataset_8_1_5.csv|crp_dataset_8_1_7.csv|crp_dataset_8_1_4.csv,crp_dataset_8_1_2.csv,0.6721587713462391,0.9803921568435218,0.4201680672233599,50,1,69,136,0.039453125,0.000980392156862745,0.03847273284313725
LogReg,3,0.5,1.0,crp_dataset_8_1_5.csv|crp_dataset_8_1_7.csv|crp_dataset_8_1_4.csv,crp_dataset_8_1_3.csv,0.6721587713462391,0.9999999999910714,0.6473988439268937,112,0,61,83,0.0196044921875,0.0,0.0196044921875
LogReg,3,0.5,1.0,crp_dataset_8_1_5.csv|crp_dataset_8_1_7.csv|crp_dataset_8_1_6.csv,crp_dataset_8_1_4.csv,0.6353477564989278,0.9549549549463517,0.8091603053373347,106,5,25,120,0.023046875,0.0013513513513513512,0.02169552364864865
LogReg,3,0.5,1.0,crp_dataset_8_1_5.csv|crp_dataset_8_1_7.csv|crp_dataset_8_1_6.csv,crp_dataset_8_1_1.csv,0.6353477564989278,0.9493670885955776,0.5952380952333711,75,4,51,126,0.0252685546875,0.0011075949367088606,0.02416095975079114
LogReg,3,0.5,1.0,crp_dataset_8_1_5.csv|crp_dataset_8_1_7.csv|crp_dataset_8_1_6.csv,crp_dataset_8_1_8.csv,0.6353477564989278,0.8064516128945542,0.543478260865627,75,18,63,100,0.0283203125,0.005241935483870967,0.023078377016129033
LogReg,3,0.5,1.0,crp_dataset_8_1_5.csv|crp_dataset_8_1_7.csv|crp_dataset_8_1_6.csv,crp_dataset_8_1_2.csv,0.6353477564989278,0.9999999999800001,0.4201680672233599,50,0,69,137,0.039453125,0.0008750000000000001,0.038578125
LogReg,3,0.5,1.0,crp_dataset_8_1_5.csv|crp_dataset_8_1_7.csv|crp_dataset_8_1_6.csv,crp_dataset_8_1_3.csv,0.6353477564989278,0.9824561403422591,0.6473988439268937,112,2,61,81,0.0196044921875,0.0010964912280701754,0.018508000959429824
LogReg,3,0.5,1.0,crp_dataset_8_1_5.csv|crp_dataset_8_1_7.csv|crp_dataset_8_1_1.csv,crp_dataset_8_1_4.csv,0.7559459478661045,0.9326923076833394,0.7404580152615233,97,7,34,118,0.023046875,0.0025841346153846153,0.020462740384615385
LogReg,3,0.5,1.0,crp_dataset_8_1_5.csv|crp_dataset_8_1_7.csv|crp_dataset_8_1_1.csv,crp_dataset_8_1_6.csv,0.7559459478661045,0.9999999999891304,0.6571428571381633,92,0,48,116,0.026928710937499996,0.0,0.026928710937499996
LogReg,3,0.5,1.0,crp_dataset_8_1_5.csv|crp_dataset_8_1_7.csv|crp_dataset_8_1_1.csv,crp_dataset_8_1_8.csv,0.7559459478661045,0.8255813953392374,0.5144927536194602,71,15,67,103,0.0283203125,0.004941860465116279,0.023378452034883722
LogReg,3,0.5,1.0,crp_dataset_8_1_5.csv|crp_dataset_8_1_7.csv|crp_dataset_8_1_1.csv,crp_dataset_8_1_2.csv,0.7559459478661045,0.9999999999696971,0.27731092436741756,33,0,86,137,0.039453125,0.0011363636363636365,0.03831676136363636
LogReg,3,0.5,1.0,crp_dataset_8_1_5.csv|crp_dataset_8_1_7.csv|crp_dataset_8_1_1.csv,crp_dataset_8_1_3.csv,0.7559459478661045,0.9814814814723937,0.6127167630022387,106,2,67,81,0.0196044921875,0.0011574074074074073,0.01844708478009259
LogReg,3,0.5,1.0,crp_dataset_8_1_5.csv|crp_dataset_8_1_7.csv|crp_dataset_8_1_8.csv,crp_dataset_8_1_4.csv,0.6812576058055073,0.9469026548588769,0.816793893123536,107,6,24,119,0.023046875,0.0017146017699115042,0.021332273230088496
LogReg,3,0.5,1.0,crp_dataset_8_1_5.csv|crp_dataset_8_1_7.csv|crp_dataset_8_1_8.csv,crp_dataset_8_1_6.csv,0.6812576058055073,0.8514851485064209,0.6142857142813266,86,15,54,101,0.026928710937499996,0.0062499999999999995,0.020678710937499997
LogReg,3,0.5,1.0,crp_dataset_8_1_5.csv|crp_dataset_8_1_7.csv|crp_dataset_8_1_8.csv,crp_dataset_8_1_1.csv,0.6812576058055073,0.9342105263034972,0.5634920634875913,71,5,55,125,0.0252685546875,0.0013980263157894737,0.023870528371710525
LogReg,3,0.5,1.0,crp_dataset_8_1_5.csv|crp_dataset_8_1_7.csv|crp_dataset_8_1_8.csv,crp_dataset_8_1_2.csv,0.6812576058055073,0.9999999999803922,0.4285714285678271,51,0,68,137,0.039453125,0.0008578431372549021,0.0385952818627451
LogReg,3,0.5,1.0,crp_dataset_8_1_5.csv|crp_dataset_8_1_7.csv|crp_dataset_8_1_8.csv,crp_dataset_8_1_3.csv,0.6812576058055073,0.9824561403422591,0.6473988439268937,112,2,61,81,0.0196044921875,0.0002192982456140351,0.019385193941885964
LogReg,3,0.5,1.0,crp_dataset_8_1_5.csv|crp_dataset_8_1_7.csv|crp_dataset_8_1_2.csv,crp_dataset_8_1_4.csv,0.7032812367115869,0.9385964912198368,0.816793893123536,107,7,24,118,0.023046875,0.0020833333333333333,0.02096354166666667
LogReg,3,0.5,1.0,crp_dataset_8_1_5.csv|crp_dataset_8_1_7.csv|crp_dataset_8_1_2.csv,crp_dataset_8_1_6.csv,0.7032812367115869,0.8854166666574436,0.6071428571385205,85,11,55,105,0.026928710937499996,0.004687500000000001,0.022241210937499995
LogReg,3,0.5,1.0,crp_dataset_8_1_5.csv|crp_dataset_8_1_7.csv|crp_dataset_8_1_2.csv,crp_dataset_8_1_1.csv,0.7032812367115869,0.9277108433623167,0.611111111106261,77,6,49,124,0.0252685546875,0.0015813253012048193,0.02368722938629518
LogReg,3,0.5,1.0,crp_dataset_8_1_5.csv|crp_dataset_8_1_7.csv|crp_dataset_8_1_2.csv,crp_dataset_8_1_8.csv,0.7032812367115869,0.816326530603915,0.5797101449233355,80,18,58,100,0.0283203125,0.00510204081632653,0.02321827168367347
LogReg,3,0.5,1.0,crp_dataset_8_1_5.csv|crp_dataset_8_1_7.csv|crp_dataset_8_1_2.csv,crp_dataset_8_1_3.csv,0.7032812367115869,0.9999999999910714,0.6473988439268937,112,0,61,83,0.0196044921875,0.0,0.0196044921875
LogReg,3,0.5,1.0,crp_dataset_8_1_5.csv|crp_dataset_8_1_7.csv|crp_dataset_8_1_3.csv,crp_dataset_8_1_4.csv,0.6852803490726763,0.9285714285631377,0.7938931297649322,104,8,27,117,0.023046875,0.002678571428571429,0.020368303571428572
LogReg,3,0.5,1.0,crp_dataset_8_1_5.csv|crp_dataset_8_1_7.csv|crp_dataset_8_1_3.csv,crp_dataset_8_1_6.csv,0.6852803490726763,0.8849557522045579,0.7142857142806123,100,13,40,103,0.026928710937499996,0.004922566371681416,0.022006144565818578
LogReg,3,0.5,1.0,crp_dataset_8_1_5.csv|crp_dataset_8_1_7.csv|crp_dataset_8_1_3.csv,crp_dataset_8_1_1.csv,0.6852803490726763,0.951807228904195,0.6269841269791508,79,4,47,126,0.0252685546875,0.0010542168674698795,0.02421433782003012
LogReg,3,0.5,1.0,crp_dataset_8_1_5.csv|crp_dataset_8_1_7.csv|crp_dataset_8_1_3.csv,crp_dataset_8_1_8.csv,0.6852803490726763,0.8043478260782135,0.5362318840540853,74,18,64,100,0.0283203125,0.005298913043478261,0.02302139945652174
LogReg,3,0.5,1.0,crp_dataset_8_1_5.csv|crp_dataset_8_1_7.csv|crp_dataset_8_1_3.csv,crp_dataset_8_1_2.csv,0.6852803490726763,0.9756097560737657,0.33613445377868795,40,1,79,136,0.039453125,0.0010670731707317074,0.03838605182926829
LogReg,3,0.5,1.0,crp_dataset_8_1_5.csv|crp_dataset_8_1_4.csv|crp_dataset_8_1_6.csv,crp_dataset_8_1_7.csv,0.6023824526829935,0.9647577092468513,0.9954545454500207,219,8,1,28,0.0095703125,0.001183920704845815,0.008386391795154186
LogReg,3,0.5,1.0,crp_dataset_8_1_5.csv|crp_dataset_8_1_4.csv|crp_dataset_8_1_6.csv,crp_dataset_8_1_1.csv,0.6023824526829935,0.9480519480396357,0.5793650793604812,73,4,53,126,0.0252685546875,0.0011363636363636363,0.024132191051136363
LogReg,3,0.5,1.0,crp_dataset_8_1_5.csv|crp_dataset_8_1_4.csv|crp_dataset_8_1_6.csv,crp_dataset_8_1_8.csv,0.6023824526829935,0.7912087912000966,0.521739130431002,72,19,66,99,0.0283203125,0.005357142857142857,0.02296316964285714
LogReg,3,0.5,1.0,crp_dataset_8_1_5.csv|crp_dataset_8_1_4.csv|crp_dataset_8_1_6.csv,crp_dataset_8_1_2.csv,0.6023824526829935,0.8550724637557235,0.4957983193235647,59,10,60,127,0.039453125,0.003351449275362319,0.03610167572463768
LogReg,3,0.5,1.0,crp_dataset_8_1_5.csv|crp_dataset_8_1_4.csv|crp_dataset_8_1_6.csv,crp_dataset_8_1_3.csv,0.6023824526829935,0.9655172413709869,0.6473988439268937,112,4,61,79,0.0196044921875,0.0015086206896551724,0.018095871497844827
LogReg,3,0.5,1.0,crp_dataset_8_1_5.csv|crp_dataset_8_1_4.csv|crp_dataset_8_1_1.csv,crp_dataset_8_1_7.csv,0.6355484923596737,0.9819004524842448,0.9863636363591529,217,4,3,32,0.0095703125,0.0005938914027149322,0.008976421097285069
LogReg,3,0.5,1.0,crp_dataset_8_1_5.csv|crp_dataset_8_1_4.csv|crp_dataset_8_1_1.csv,crp_dataset_8_1_6.csv,0.6355484923596737,0.8859649122729301,0.7214285714234184,101,13,39,103,0.026928710937499996,0.004879385964912281,0.022049324972587714
LogReg,3,0.5,1.0,crp_dataset_8_1_5.csv|crp_dataset_8_1_4.csv|crp_dataset_8_1_1.csv,crp_dataset_8_1_8.csv,0.6355484923596737,0.7999999999915789,0.5507246376771687,76,19,62,99,0.0283203125,0.005328947368421051,0.02299136513157895
LogReg,3,0.5,1.0,crp_dataset_8_1_5.csv|crp_dataset_8_1_4.csv|crp_dataset_8_1_1.csv,crp_dataset_8_1_2.csv,0.6355484923596737,0.9318181817970042,0.3445378151231551,41,3,78,134,0.039453125,0.001988636363636364,0.03746448863636363
LogReg,3,0.5,1.0,crp_dataset_8_1_5.csv|crp_dataset_8_1_4.csv|crp_dataset_8_1_1.csv,crp_dataset_8_1_3.csv,0.6355484923596737,0.9846153846078107,0.7398843930593071,128,2,45,81,0.0196044921875,0.0009615384615384616,0.018642953725961538
LogReg,3,0.5,1.0,crp_dataset_8_1_5.csv|crp_dataset_8_1_4.csv|crp_dataset_8_1_8.csv,crp_dataset_8_1_7.csv,0.7288524891571998,0.9999999999950739,0.9227272727230785,203,0,17,36,0.0095703125,0.0001539408866995074,0.009416371613300493
LogReg,3,0.5,1.0,crp_dataset_8_1_5.csv|crp_dataset_8_1_4.csv|crp_dataset_8_1_8.csv,crp_dataset_8_1_6.csv,0.7288524891571998,0.9999999999861111,0.5142857142820408,72,0,68,116,0.026928710937499996,0.0,0.026928710937499996
LogReg,3,0.5,1.0,crp_dataset_8_1_5.csv|crp_dataset_8_1_4.csv|crp_dataset_8_1_8.csv,crp_dataset_8_1_1.csv,0.7288524891571998,0.9402985074486522,0.49999999999603173,63,4,63,126,0.0252685546875,0.0013059701492537312,0.02396258453824627
LogReg,3,0.5,1.0,crp_dataset_8_1_5.csv|crp_dataset_8_1_4.csv|crp_dataset_8_1_8.csv,crp_dataset_8_1_2.csv,0.7288524891571998,0.9607843137066514,0.41176470587889274,49,2,70,135,0.039453125,0.0014705882352941178,0.03798253676470588
LogReg,3,0.5,1.0,crp_dataset_8_1_5.csv|crp_dataset_8_1_4.csv|crp_dataset_8_1_8.csv,crp_dataset_8_1_3.csv,0.7288524891571998,0.999999999990566,0.6127167630022387,106,0,67,83,0.0196044921875,0.0,0.0196044921875
LogReg,3,0.5,1.0,crp_dataset_8_1_5.csv|crp_dataset_8_1_4.csv|crp_dataset_8_1_2.csv,crp_dataset_8_1_7.csv,0.6416918450923902,0.9954337899497926,0.9909090909045868,218,1,2,35,0.0095703125,0.0003424657534246576,0.009227846746575343
LogReg,3,0.5,1.0,crp_dataset_8_1_5.csv|crp_dataset_8_1_4.csv|crp_dataset_8_1_2.csv,crp_dataset_8_1_6.csv,0.6416918450923902,0.8602150537541912,0.5714285714244899,80,13,60,103,0.026928710937499996,0.00571236559139785,0.021216345346102145
LogReg,3,0.5,1.0,crp_dataset_8_1_5.csv|crp_dataset_8_1_4.csv|crp_dataset_8_1_2.csv,crp_dataset_8_1_1.csv,0.6416918450923902,0.9124999999885937,0.5793650793604812,73,7,53,123,0.0252685546875,0.001875,0.0233935546875
LogReg,3,0.5,1.0,crp_dataset_8_1_5.csv|crp_dataset_8_1_4.csv|crp_dataset_8_1_2.csv,crp_dataset_8_1_8.csv,0.6416918450923902,0.8124999999915364,0.5652173913002521,78,18,60,100,0.0283203125,0.005208333333333333,0.023111979166666668
LogReg,3,0.5,1.0,crp_dataset_8_1_5.csv|crp_dataset_8_1_4.csv|crp_dataset_8_1_2.csv,crp_dataset_8_1_3.csv,0.6416918450923902,0.9824561403422591,0.6473988439268937,112,2,61,81,0.0196044921875,0.0003837719298245614,0.019220720257675437
LogReg,3,0.5,1.0,crp_dataset_8_1_5.csv|crp_dataset_8_1_4.csv|crp_dataset_8_1_3.csv,crp_dataset_8_1_7.csv,0.6237183757043627,0.9691629955904443,0.9999999999954546,220,7,0,29,0.0095703125,0.0009361233480176211,0.00863418915198238
LogReg,3,0.5,1.0,crp_dataset_8_1_5.csv|crp_dataset_8_1_4.csv|crp_dataset_8_1_3.csv,crp_dataset_8_1_6.csv,0.6237183757043627,0.8606557376978634,0.749999999994643,105,17,35,99,0.026928710937499996,0.005942622950819672,0.020986087986680325
LogReg,3,0.5,1.0,crp_dataset_8_1_5.csv|crp_dataset_8_1_4.csv|crp_dataset_8_1_3.csv,crp_dataset_8_1_1.csv,0.6237183757043627,0.9493670885955776,0.5952380952333711,75,4,51,126,0.0252685546875,0.0011075949367088606,0.02416095975079114
LogReg,3,0.5,1.0,crp_dataset_8_1_5.csv|crp_dataset_8_1_4.csv|crp_dataset_8_1_3.csv,crp_dataset_8_1_8.csv,0.6237183757043627,0.799999999991111,0.521739130431002,72,18,66,100,0.0283203125,0.005416666666666667,0.022903645833333333
LogReg,3,0.5,1.0,crp_dataset_8_1_5.csv|crp_dataset_8_1_4.csv|crp_dataset_8_1_3.csv,crp_dataset_8_1_2.csv,0.6237183757043627,0.9999999999756098,0.3445378151231551,41,0,78,137,0.039453125,0.0007621951219512195,0.03869092987804878
LogReg,3,0.5,1.0,crp_dataset_8_1_5.csv|crp_dataset_8_1_6.csv|crp_dataset_8_1_1.csv,crp_dataset_8_1_7.csv,0.610235811226952,0.9606986899521367,0.9999999999954546,220,9,0,27,0.0095703125,0.0014737991266375546,0.008096513373362446
LogReg,3,0.5,1.0,crp_dataset_8_1_5.csv|crp_dataset_8_1_6.csv|crp_dataset_8_1_1.csv,crp_dataset_8_1_4.csv,0.610235811226952,0.890756302513523,0.8091603053373347,106,13,25,112,0.023046875,0.004464285714285714,0.01858258928571429
LogReg,3,0.5,1.0,crp_dataset_8_1_5.csv|crp_dataset_8_1_6.csv|crp_dataset_8_1_1.csv,crp_dataset_8_1_8.csv,0.610235811226952,0.8199999999918,0.5942028985464188,82,18,56,100,0.0283203125,0.005062499999999998,0.023257812500000002
LogReg,3,0.5,1.0,crp_dataset_8_1_5.csv|crp_dataset_8_1_6.csv|crp_dataset_8_1_1.csv,crp_dataset_8_1_2.csv,0.610235811226952,0.9499999999841667,0.4789915966346303,57,3,62,134,0.039453125,0.0017708333333333332,0.037682291666666666
LogReg,3,0.5,1.0,crp_dataset_8_1_5.csv|crp_dataset_8_1_6.csv|crp_dataset_8_1_1.csv,crp_dataset_8_1_3.csv,0.610235811226952,0.947761194022778,0.7341040462385312,127,7,46,76,0.0196044921875,0.0029384328358208955,0.016666059351679103
LogReg,3,0.5,1.0,crp_dataset_8_1_5.csv|crp_dataset_8_1_6.csv|crp_dataset_8_1_8.csv,crp_dataset_8_1_7.csv,0.6830728159286497,0.9909090909045868,0.9909090909045868,218,2,2,34,0.0095703125,0.00045454545454545465,0.009115767045454547
LogReg,3,0.5,1.0,crp_dataset_8_1_5.csv|crp_dataset_8_1_6.csv|crp_dataset_8_1_8.csv,crp_dataset_8_1_4.csv,0.6830728159286497,0.9716981131983802,0.7862595419787309,103,3,28,122,0.023046875,0.0009433962264150943,0.022103478773584907
LogReg,3,0.5,1.0,crp_dataset_8_1_5.csv|crp_dataset_8_1_6.csv|crp_dataset_8_1_8.csv,crp_dataset_8_1_1.csv,0.6830728159286497,0.9480519480396357,0.5793650793604812,73,4,53,126,0.0252685546875,0.0011363636363636363,0.024132191051136363
LogReg,3,0.5,1.0,crp_dataset_8_1_5.csv|crp_dataset_8_1_6.csv|crp_dataset_8_1_8.csv,crp_dataset_8_1_2.csv,0.6830728159286497,0.999999999978261,0.3865546218454911,46,0,73,137,0.039453125,0.0009510869565217392,0.03850203804347826
LogReg,3,0.5,1.0,crp_dataset_8_1_5.csv|crp_dataset_8_1_6.csv|crp_dataset_8_1_8.csv,crp_dataset_8_1_3.csv,0.6830728159286497,0.9824561403422591,0.6473988439268937,112,2,61,81,0.0196044921875,0.0010964912280701754,0.018508000959429824
LogReg,3,0.5,1.0,crp_dataset_8_1_5.csv|crp_dataset_8_1_6.csv|crp_dataset_8_1_2.csv,crp_dataset_8_1_7.csv,0.699077862736572,0.9777777777734321,0.9999999999954546,220,5,0,31,0.0095703125,0.0007222222222222223,0.008848090277777778
LogReg,3,0.5,1.0,crp_dataset_8_1_5.csv|crp_dataset_8_1_6.csv|crp_dataset_8_1_2.csv,crp_dataset_8_1_4.csv,0.699077862736572,0.9549549549463517,0.8091603053373347,106,5,25,120,0.023046875,0.0013513513513513512,0.02169552364864865
LogReg,3,0.5,1.0,crp_dataset_8_1_5.csv|crp_dataset_8_1_6.csv|crp_dataset_8_1_2.csv,crp_dataset_8_1_1.csv,0.699077862736572,0.949999999988125,0.6031746031698161,76,4,50,126,0.0252685546875,0.0010937499999999999,0.0241748046875
LogReg,3,0.5,1.0,crp_dataset_8_1_5.csv|crp_dataset_8_1_6.csv|crp_dataset_8_1_2.csv,crp_dataset_8_1_8.csv,0.699077862736572,0.8105263157809418,0.5579710144887104,77,18,61,100,0.0283203125,0.005263157894736841,0.02305715460526316
LogReg,3,0.5,1.0,crp_dataset_8_1_5.csv|crp_dataset_8_1_6.csv|crp_dataset_8_1_2.csv,crp_dataset_8_1_3.csv,0.699077862736572,0.9824561403422591,0.6473988439268937,112,2,61,81,0.0196044921875,0.0010964912280701754,0.018508000959429824
LogReg,3,0.5,1.0,crp_dataset_8_1_5.csv|crp_dataset_8_1_6.csv|crp_dataset_8_1_3.csv,crp_dataset_8_1_7.csv,0.6216613716835502,0.9690265486682786,0.9954545454500207,219,7,1,29,0.0095703125,0.0010785398230088495,0.00849177267699115
LogReg,3,0.5,1.0,crp_dataset_8_1_5.csv|crp_dataset_8_1_6.csv|crp_dataset_8_1_3.csv,crp_dataset_8_1_4.csv,0.6216613716835502,0.936936936928496,0.7938931297649322,104,7,27,118,0.023046875,0.0024211711711711716,0.02062570382882883
LogReg,3,0.5,1.0,crp_dataset_8_1_5.csv|crp_dataset_8_1_6.csv|crp_dataset_8_1_3.csv,crp_dataset_8_1_1.csv,0.6216613716835502,0.9493670885955776,0.5952380952333711,75,4,51,126,0.0252685546875,0.0011075949367088606,0.02416095975079114
LogReg,3,0.5,1.0,crp_dataset_8_1_5.csv|crp_dataset_8_1_6.csv|crp_dataset_8_1_3.csv,crp_dataset_8_1_8.csv,0.6216613716835502,0.8023255813860194,0.49999999999637684,69,17,69,101,0.0283203125,0.005377906976744185,0.022942405523255816
LogReg,3,0.5,1.0,crp_dataset_8_1_5.csv|crp_dataset_8_1_6.csv|crp_dataset_8_1_3.csv,crp_dataset_8_1_2.csv,0.6216613716835502,0.9772727272505166,0.36134453781208953,43,1,76,136,0.039453125,0.000994318181818182,0.03845880681818182
LogReg,3,0.5,1.0,crp_dataset_8_1_5.csv|crp_dataset_8_1_1.csv|crp_dataset_8_1_8.csv,crp_dataset_8_1_7.csv,0.6224950446922501,0.9016393442585999,0.9999999999954546,220,24,0,12,0.0095703125,0.00509733606557377,0.00447297643442623
LogReg,3,0.5,1.0,crp_dataset_8_1_5.csv|crp_dataset_8_1_1.csv|crp_dataset_8_1_8.csv,crp_dataset_8_1_4.csv,0.6224950446922501,0.7801418439660983,0.8396946564821398,110,31,21,94,0.023046875,0.008421985815602837,0.014624889184397164
LogReg,3,0.5,1.0,crp_dataset_8_1_5.csv|crp_dataset_8_1_1.csv|crp_dataset_8_1_8.csv,crp_dataset_8_1_6.csv,0.6224950446922501,0.6766169154195194,0.9714285714216327,136,65,4,51,0.026928710937499996,0.015609452736318408,0.011319258201181587
LogReg,3,0.5,1.0,crp_dataset_8_1_5.csv|crp_dataset_8_1_1.csv|crp_dataset_8_1_8.csv,crp_dataset_8_1_2.csv,0.6224950446922501,0.9298245613871962,0.4453781512567615,53,4,66,133,0.039453125,0.002412280701754386,0.03704084429824561
LogReg,3,0.5,1.0,crp_dataset_8_1_5.csv|crp_dataset_8_1_1.csv|crp_dataset_8_1_8.csv,crp_dataset_8_1_3.csv,0.6224950446922501,0.9195402298797728,0.9248554913241338,160,14,13,69,0.0196044921875,0.0035919540229885057,0.016012538164511494
LogReg,3,0.5,1.0,crp_dataset_8_1_5.csv|crp_dataset_8_1_1.csv|crp_dataset_8_1_2.csv,crp_dataset_8_1_7.csv,0.6608988921159523,0.8943089430857956,0.9999999999954546,220,26,0,10,0.0095703125,0.005716463414634146,0.0038538490853658545
LogReg,3,0.5,1.0,crp_dataset_8_1_5.csv|crp_dataset_8_1_1.csv|crp_dataset_8_1_2.csv,crp_dataset_8_1_4.csv,0.6608988921159523,0.7777777777723766,0.8549618320545423,112,32,19,93,0.023046875,0.008680555555555556,0.014366319444444445
LogReg,3,0.5,1.0,crp_dataset_8_1_5.csv|crp_dataset_8_1_1.csv|crp_dataset_8_1_2.csv,crp_dataset_8_1_6.csv,0.6608988921159523,0.7074468085068754,0.9499999999932144,133,55,7,61,0.026928710937499996,0.014062500000000002,0.012866210937499994
LogReg,3,0.5,1.0,crp_dataset_8_1_5.csv|crp_dataset_8_1_1.csv|crp_dataset_8_1_2.csv,crp_dataset_8_1_8.csv,0.6608988921159523,0.8076923076845414,0.6086956521695023,84,20,54,98,0.0283203125,0.005108173076923077,0.023212139423076924
LogReg,3,0.5,1.0,crp_dataset_8_1_5.csv|crp_dataset_8_1_1.csv|crp_dataset_8_1_2.csv,crp_dataset_8_1_3.csv,0.6608988921159523,0.9122807017490511,0.9017341040410305,156,15,17,68,0.0196044921875,0.003801169590643275,0.015803322596856725
LogReg,3,0.5,1.0,crp_dataset_8_1_5.csv|crp_dataset_8_1_1.csv|crp_dataset_8_1_3.csv,crp_dataset_8_1_7.csv,0.6005896441312886,0.9482758620648781,0.9999999999954546,220,12,0,24,0.0095703125,0.0016971982758620687,0.007873114224137933
LogReg,3,0.5,1.0,crp_dataset_8_1_5.csv|crp_dataset_8_1_1.csv|crp_dataset_8_1_3.csv,crp_dataset_8_1_4.csv,0.6005896441312886,0.8492063491996095,0.816793893123536,107,19,24,106,0.023046875,0.005605158730158729,0.01744171626984127
LogReg,3,0.5,1.0,crp_dataset_8_1_5.csv|crp_dataset_8_1_1.csv|crp_dataset_8_1_3.csv,crp_dataset_8_1_6.csv,0.6005896441312886,0.8409090909027205,0.7928571428514797,111,21,29,95,0.026928710937499996,0.006912878787878788,0.02001583214962121
LogReg,3,0.5,1.0,crp_dataset_8_1_5.csv|crp_dataset_8_1_1.csv|crp_dataset_8_1_3.csv,crp_dataset_8_1_8.csv,0.6005896441312886,0.8058252427106231,0.6014492753579606,83,20,55,98,0.0283203125,0.005157766990291261,0.02316254550970874
LogReg,3,0.5,1.0,crp_dataset_8_1_5.csv|crp_dataset_8_1_1.csv|crp_dataset_8_1_3.csv,crp_dataset_8_1_2.csv,0.6005896441312886,0.9310344827425684,0.45378151260122873,54,4,65,133,0.039453125,0.0021551724137931034,0.0372979525862069
LogReg,3,0.5,1.0,crp_dataset_8_1_5.csv|crp_dataset_8_1_8.csv|crp_dataset_8_1_2.csv,crp_dataset_8_1_7.csv,0.6097551587079355,0.8730158730124087,0.9999999999954546,220,32,0,4,0.0095703125,0.008134920634920634,0.001435391865079367
LogReg,3,0.5,1.0,crp_dataset_8_1_5.csv|crp_dataset_8_1_8.csv|crp_dataset_8_1_2.csv,crp_dataset_8_1_4.csv,0.6097551587079355,0.6613756613721621,0.9541984732751588,125,64,6,61,0.023046875,0.013492063492063491,0.00955481150793651
LogReg,3,0.5,1.0,crp_dataset_8_1_5.csv|crp_dataset_8_1_8.csv|crp_dataset_8_1_2.csv,crp_dataset_8_1_6.csv,0.6097551587079355,0.6969696969661769,0.985714285707245,138,60,2,56,0.026928710937499996,0.015151515151515152,0.011777195785984844
LogReg,3,0.5,1.0,crp_dataset_8_1_5.csv|crp_dataset_8_1_8.csv|crp_dataset_8_1_2.csv,crp_dataset_8_1_1.csv,0.6097551587079355,0.823999999993408,0.8174603174538296,103,22,23,108,0.0252685546875,0.0074,0.0178685546875
LogReg,3,0.5,1.0,crp_dataset_8_1_5.csv|crp_dataset_8_1_8.csv|crp_dataset_8_1_2.csv,crp_dataset_8_1_3.csv,0.6097551587079355,0.8069306930653123,0.9421965317864613,163,39,10,44,0.0196044921875,0.010581683168316832,0.009022809019183167
LogReg,3,0.5,1.0,crp_dataset_8_1_5.csv|crp_dataset_8_1_8.csv|crp_dataset_8_1_3.csv,crp_dataset_8_1_7.csv,0.6400035482633389,0.9649122806975223,0.9999999999954546,220,8,0,28,0.0095703125,0.001206140350877193,0.008364172149122807
LogReg,3,0.5,1.0,crp_dataset_8_1_5.csv|crp_dataset_8_1_8.csv|crp_dataset_8_1_3.csv,crp_dataset_8_1_4.csv,0.6400035482633389,0.8770491803206799,0.816793893123536,107,15,24,110,0.023046875,0.004559426229508197,0.018487448770491806
LogReg,3,0.5,1.0,crp_dataset_8_1_5.csv|crp_dataset_8_1_8.csv|crp_dataset_8_1_3.csv,crp_dataset_8_1_6.csv,0.6400035482633389,0.8217054263502194,0.757142857137449,106,23,34,93,0.026928710937499996,0.0069767441860465115,0.019951966751453484
LogReg,3,0.5,1.0,crp_dataset_8_1_5.csv|crp_dataset_8_1_8.csv|crp_dataset_8_1_3.csv,crp_dataset_8_1_1.csv,0.6400035482633389,0.9444444444339506,0.6746031745978206,85,5,41,125,0.0252685546875,0.0011805555555555558,0.024087999131944444
LogReg,3,0.5,1.0,crp_dataset_8_1_5.csv|crp_dataset_8_1_8.csv|crp_dataset_8_1_3.csv,crp_dataset_8_1_2.csv,0.6400035482633389,0.9999999999743591,0.3277310924342207,39,0,80,137,0.039453125,0.0009615384615384615,0.03849158653846154
LogReg,3,0.5,1.0,crp_dataset_8_1_5.csv|crp_dataset_8_1_2.csv|crp_dataset_8_1_3.csv,crp_dataset_8_1_7.csv,0.6867115354996796,0.9361702127619738,0.9999999999954546,220,15,0,21,0.0095703125,0.002154255319148936,0.007416057180851065
LogReg,3,0.5,1.0,crp_dataset_8_1_5.csv|crp_dataset_8_1_2.csv|crp_dataset_8_1_3.csv,crp_dataset_8_1_4.csv,0.6867115354996796,0.8333333333270203,0.8396946564821398,110,22,21,103,0.023046875,0.005965909090909091,0.01708096590909091
LogReg,3,0.5,1.0,crp_dataset_8_1_5.csv|crp_dataset_8_1_2.csv|crp_dataset_8_1_3.csv,crp_dataset_8_1_6.csv,0.6867115354996796,0.8270676691667138,0.7857142857086735,110,23,30,93,0.026928710937499996,0.007800751879699249,0.019127959057800747
LogReg,3,0.5,1.0,crp_dataset_8_1_5.csv|crp_dataset_8_1_2.csv|crp_dataset_8_1_3.csv,crp_dataset_8_1_1.csv,0.6867115354996796,0.9239130434682183,0.6746031745978206,85,7,41,123,0.0252685546875,0.0016304347826086956,0.023638119904891303
LogReg,3,0.5,1.0,crp_dataset_8_1_5.csv|crp_dataset_8_1_2.csv|crp_dataset_8_1_3.csv,crp_dataset_8_1_8.csv,0.6867115354996796,0.8137254901881007,0.6014492753579606,83,19,55,99,0.0283203125,0.0050857843137254895,0.02323452818627451
LogReg,3,0.5,1.0,crp_dataset_8_1_7.csv|crp_dataset_8_1_4.csv|crp_dataset_8_1_6.csv,crp_dataset_8_1_5.csv,0.6143160690891728,0.999999999978261,0.4599999999954,46,0,54,156,0.039282226562499994,0.000815217391304348,0.038467009171195644
LogReg,3,0.5,1.0,crp_dataset_8_1_7.csv|crp_dataset_8_1_4.csv|crp_dataset_8_1_6.csv,crp_dataset_8_1_1.csv,0.6143160690891728,0.9420289854935937,0.5158730158689216,65,4,61,126,0.0252685546875,0.0012681159420289854,0.024000438745471014
LogReg,3,0.5,1.0,crp_dataset_8_1_7.csv|crp_dataset_8_1_4.csv|crp_dataset_8_1_6.csv,crp_dataset_8_1_8.csv,0.6143160690891728,0.8032786885114217,0.35507246376554297,49,12,89,106,0.0283203125,0.005430327868852459,0.02288998463114754
LogReg,3,0.5,1.0,crp_dataset_8_1_7.csv|crp_dataset_8_1_4.csv|crp_dataset_8_1_6.csv,crp_dataset_8_1_2.csv,0.6143160690891728,0.9999999999545455,0.18487394957827835,22,0,97,137,0.039453125,0.0008522727272727274,0.03860085227272727
LogReg,3,0.5,1.0,crp_dataset_8_1_7.csv|crp_dataset_8_1_4.csv|crp_dataset_8_1_6.csv,crp_dataset_8_1_3.csv,0.6143160690891728,0.9999999999911504,0.6531791907476695,113,0,60,83,0.0196044921875,0.0,0.0196044921875
LogReg,3,0.5,1.0,crp_dataset_8_1_7.csv|crp_dataset_8_1_4.csv|crp_dataset_8_1_1.csv,crp_dataset_8_1_5.csv,0.6298519013872375,0.9253731343145466,0.6199999999938,62,5,38,151,0.039282226562499994,0.0025186567164179104,0.03676356984608208
LogReg,3,0.5,1.0,crp_dataset_8_1_7.csv|crp_dataset_8_1_4.csv|crp_dataset_8_1_1.csv,crp_dataset_8_1_6.csv,0.6298519013872375,0.9082568807256123,0.7071428571378062,99,10,41,106,0.026928710937499996,0.003956422018348624,0.022972288919151373
LogReg,3,0.5,1.0,crp_dataset_8_1_7.csv|crp_dataset_8_1_4.csv|crp_dataset_8_1_1.csv,crp_dataset_8_1_8.csv,0.6298519013872375,0.8020833333249783,0.5579710144887104,77,19,61,99,0.0283203125,0.005208333333333333,0.023111979166666668
LogReg,3,0.5,1.0,crp_dataset_8_1_7.csv|crp_dataset_8_1_4.csv|crp_dataset_8_1_1.csv,crp_dataset_8_1_2.csv,0.6298519013872375,0.9545454545237604,0.35294117646762235,42,2,77,135,0.039453125,0.0017045454545454545,0.03774857954545455
LogReg,3,0.5,1.0,crp_dataset_8_1_7.csv|crp_dataset_8_1_4.csv|crp_dataset_8_1_1.csv,crp_dataset_8_1_3.csv,0.6298519013872375,0.9679999999922559,0.6994219653138762,121,4,52,79,0.0196044921875,0.00175,0.017854492187499998
LogReg,3,0.5,1.0,crp_dataset_8_1_7.csv|crp_dataset_8_1_4.csv|crp_dataset_8_1_8.csv,crp_dataset_8_1_5.csv,0.6357102167104366,0.813186813177877,0.7399999999926,74,17,26,139,0.039282226562499994,0.005357142857142857,0.033925083705357136
LogReg,3,0.5,1.0,crp_dataset_8_1_7.csv|crp_dataset_8_1_4.csv|crp_dataset_8_1_8.csv,crp_dataset_8_1_6.csv,0.6357102167104366,0.9866666666535111,0.5285714285676532,74,1,66,115,0.026928710937499996,0.0001666666666666667,0.02676204427083333
LogReg,3,0.5,1.0,crp_dataset_8_1_7.csv|crp_dataset_8_1_4.csv|crp_dataset_8_1_8.csv,crp_dataset_8_1_1.csv,0.6357102167104366,0.9166666666539351,0.5238095238053666,66,6,60,124,0.0252685546875,0.001736111111111111,0.023532443576388888
LogReg,3,0.5,1.0,crp_dataset_8_1_7.csv|crp_dataset_8_1_4.csv|crp_dataset_8_1_8.csv,crp_dataset_8_1_2.csv,0.6357102167104366,0.9506172839388812,0.6470588235239743,77,4,42,133,0.039453125,0.0018518518518518517,0.037601273148148144
LogReg,3,0.5,1.0,crp_dataset_8_1_7.csv|crp_dataset_8_1_4.csv|crp_dataset_8_1_8.csv,crp_dataset_8_1_3.csv,0.6357102167104366,0.9999999999910714,0.6473988439268937,112,0,61,83,0.0196044921875,0.0,0.0196044921875
LogReg,3,0.5,1.0,crp_dataset_8_1_7.csv|crp_dataset_8_1_4.csv|crp_dataset_8_1_2.csv,crp_dataset_8_1_5.csv,0.7307447314550567,0.8780487804770969,0.7199999999928,72,10,28,146,0.039282226562499994,0.003429878048780488,0.035852348513719504
LogReg,3,0.5,1.0,crp_dataset_8_1_7.csv|crp_dataset_8_1_4.csv|crp_dataset_8_1_2.csv,crp_dataset_8_1_6.csv,0.7307447314550567,0.9506172839388812,0.5499999999960715,77,4,63,112,0.026928710937499996,0.001388888888888889,0.02553982204861111
LogReg,3,0.5,1.0,crp_dataset_8_1_7.csv|crp_dataset_8_1_4.csv|crp_dataset_8_1_2.csv,crp_dataset_8_1_1.csv,0.7307447314550567,0.9253731343145466,0.49206349205958677,62,5,64,125,0.0252685546875,0.0015858208955223882,0.023682733791977613
LogReg,3,0.5,1.0,crp_dataset_8_1_7.csv|crp_dataset_8_1_4.csv|crp_dataset_8_1_2.csv,crp_dataset_8_1_8.csv,0.7307447314550567,0.8275862068870392,0.521739130431002,72,15,66,103,0.0283203125,0.004885057471264367,0.023435255028735634
LogReg,3,0.5,1.0,crp_dataset_8_1_7.csv|crp_dataset_8_1_4.csv|crp_dataset_8_1_2.csv,crp_dataset_8_1_3.csv,0.7307447314550567,0.9999999999910714,0.6473988439268937,112,0,61,83,0.0196044921875,0.0,0.0196044921875
LogReg,3,0.5,1.0,crp_dataset_8_1_7.csv|crp_dataset_8_1_4.csv|crp_dataset_8_1_3.csv,crp_dataset_8_1_5.csv,0.7663989287325556,0.9999999998,0.0499999999995,5,0,95,156,0.039282226562499994,0.0,0.039282226562499994
LogReg,3,0.5,1.0,crp_dataset_8_1_7.csv|crp_dataset_8_1_4.csv|crp_dataset_8_1_3.csv,crp_dataset_8_1_6.csv,0.7663989287325556,0.8071428571370919,0.8071428571370919,113,27,27,89,0.026928710937499996,0.008928571428571428,0.018000139508928568
LogReg,3,0.5,1.0,crp_dataset_8_1_7.csv|crp_dataset_8_1_4.csv|crp_dataset_8_1_3.csv,crp_dataset_8_1_1.csv,0.7663989287325556,0.9607843137066514,0.3888888888858025,49,2,77,128,0.0252685546875,0.0007352941176470589,0.02453326056985294
LogReg,3,0.5,1.0,crp_dataset_8_1_7.csv|crp_dataset_8_1_4.csv|crp_dataset_8_1_3.csv,crp_dataset_8_1_8.csv,0.7663989287325556,0.7999999999733334,0.17391304347700065,24,6,114,112,0.0283203125,0.005416666666666668,0.022903645833333333
LogReg,3,0.5,1.0,crp_dataset_8_1_7.csv|crp_dataset_8_1_4.csv|crp_dataset_8_1_3.csv,crp_dataset_8_1_2.csv,0.7663989287325556,0.9999999998333333,0.05042016806680319,6,0,113,137,0.039453125,0.0010416666666666667,0.03841145833333333
LogReg,3,0.5,1.0,crp_dataset_8_1_7.csv|crp_dataset_8_1_6.csv|crp_dataset_8_1_1.csv,crp_dataset_8_1_5.csv,0.6094746918993968,0.8873239436494743,0.6299999999936999,63,8,37,148,0.039282226562499994,0.003169014084507043,0.03611321247799295
LogReg,3,0.5,1.0,crp_dataset_8_1_7.csv|crp_dataset_8_1_6.csv|crp_dataset_8_1_1.csv,crp_dataset_8_1_4.csv,0.6094746918993968,0.8849557522045579,0.7633587786201271,100,13,31,112,0.023046875,0.004314159292035398,0.018732715707964604
LogReg,3,0.5,1.0,crp_dataset_8_1_7.csv|crp_dataset_8_1_6.csv|crp_dataset_8_1_1.csv,crp_dataset_8_1_8.csv,0.6094746918993968,0.8058252427106231,0.6014492753579606,83,20,55,98,0.0283203125,0.005157766990291261,0.02316254550970874
LogReg,3,0.5,1.0,crp_dataset_8_1_7.csv|crp_dataset_8_1_6.csv|crp_dataset_8_1_1.csv,crp_dataset_8_1_2.csv,0.6094746918993968,0.9333333333177778,0.47058823529016314,56,4,63,133,0.039453125,0.0021875000000000006,0.037265625
LogReg,3,0.5,1.0,crp_dataset_8_1_7.csv|crp_dataset_8_1_6.csv|crp_dataset_8_1_1.csv,crp_dataset_8_1_3.csv,0.6094746918993968,0.9596774193470994,0.6878612716723246,119,5,54,78,0.0196044921875,0.0022681451612903227,0.017336347026209675
LogReg,3,0.5,1.0,crp_dataset_8_1_7.csv|crp_dataset_8_1_6.csv|crp_dataset_8_1_8.csv,crp_dataset_8_1_5.csv,0.6279152738524353,0.8536585365749554,0.699999999993,70,12,30,144,0.039282226562499994,0.004268292682926829,0.03501393387957317
LogReg,3,0.5,1.0,crp_dataset_8_1_7.csv|crp_dataset_8_1_6.csv|crp_dataset_8_1_8.csv,crp_dataset_8_1_4.csv,0.6279152738524353,0.8760330578439997,0.8091603053373347,106,15,25,110,0.023046875,0.005010330578512396,0.018036544421487603
LogReg,3,0.5,1.0,crp_dataset_8_1_7.csv|crp_dataset_8_1_6.csv|crp_dataset_8_1_8.csv,crp_dataset_8_1_1.csv,0.6279152738524353,0.9555555555449382,0.6825396825342656,86,4,40,126,0.0252685546875,0.0009722222222222222,0.02429633246527778
LogReg,3,0.5,1.0,crp_dataset_8_1_7.csv|crp_dataset_8_1_6.csv|crp_dataset_8_1_8.csv,crp_dataset_8_1_2.csv,0.6279152738524353,0.9558823529271193,0.5462184873903679,65,3,54,134,0.039453125,0.001838235294117647,0.03761488970588235
LogReg,3,0.5,1.0,crp_dataset_8_1_7.csv|crp_dataset_8_1_6.csv|crp_dataset_8_1_8.csv,crp_dataset_8_1_3.csv,0.6279152738524353,0.9836065573689868,0.6936416184931004,120,2,53,81,0.0196044921875,0.0010245901639344263,0.018579902023565572
LogReg,3,0.5,1.0,crp_dataset_8_1_7.csv|crp_dataset_8_1_6.csv|crp_dataset_8_1_2.csv,crp_dataset_8_1_5.csv,0.7805996796103284,0.9393939393797061,0.6199999999938,62,4,38,152,0.039282226562499994,0.001988636363636364,0.03729359019886363
LogReg,3,0.5,1.0,crp_dataset_8_1_7.csv|crp_dataset_8_1_6.csv|crp_dataset_8_1_2.csv,crp_dataset_8_1_4.csv,0.7805996796103284,0.9809523809430385,0.7862595419787309,103,2,28,123,0.023046875,0.0007142857142857144,0.022332589285714285
LogReg,3,0.5,1.0,crp_dataset_8_1_7.csv|crp_dataset_8_1_6.csv|crp_dataset_8_1_2.csv,crp_dataset_8_1_1.csv,0.7805996796103284,0.9420289854935937,0.5158730158689216,65,4,61,126,0.0252685546875,0.0012681159420289854,0.024000438745471014
LogReg,3,0.5,1.0,crp_dataset_8_1_7.csv|crp_dataset_8_1_6.csv|crp_dataset_8_1_2.csv,crp_dataset_8_1_8.csv,0.7805996796103284,0.8214285714187924,0.49999999999637684,69,15,69,103,0.0283203125,0.00505952380952381,0.02326078869047619
LogReg,3,0.5,1.0,crp_dataset_8_1_7.csv|crp_dataset_8_1_6.csv|crp_dataset_8_1_2.csv,crp_dataset_8_1_3.csv,0.7805996796103284,0.999999999990991,0.6416184971061178,111,0,62,83,0.0196044921875,0.0,0.0196044921875
LogReg,3,0.5,1.0,crp_dataset_8_1_7.csv|crp_dataset_8_1_6.csv|crp_dataset_8_1_3.csv,crp_dataset_8_1_5.csv,0.6793415994119154,0.9795918367147023,0.4799999999952,48,1,52,155,0.039282226562499994,0.0011479591836734695,0.038134267378826525
LogReg,3,0.5,1.0,crp_dataset_8_1_7.csv|crp_dataset_8_1_6.csv|crp_dataset_8_1_3.csv,crp_dataset_8_1_4.csv,0.6793415994119154,0.970588235284602,0.7557251908339259,99,3,32,122,0.023046875,0.0010416666666666667,0.022005208333333335
LogReg,3,0.5,1.0,crp_dataset_8_1_7.csv|crp_dataset_8_1_6.csv|crp_dataset_8_1_3.csv,crp_dataset_8_1_1.csv,0.6793415994119154,0.949999999988125,0.6031746031698161,76,4,50,126,0.0252685546875,0.0010937499999999999,0.0241748046875
LogReg,3,0.5,1.0,crp_dataset_8_1_7.csv|crp_dataset_8_1_6.csv|crp_dataset_8_1_3.csv,crp_dataset_8_1_8.csv,0.6793415994119154,0.8095238095141724,0.4927536231848352,68,16,70,102,0.0283203125,0.005357142857142856,0.022963169642857145
LogReg,3,0.5,1.0,crp_dataset_8_1_7.csv|crp_dataset_8_1_6.csv|crp_dataset_8_1_3.csv,crp_dataset_8_1_2.csv,0.6793415994119154,0.9999999999666667,0.252100840334016,30,0,89,137,0.039453125,0.0008333333333333334,0.03861979166666667
LogReg,3,0.5,1.0,crp_dataset_8_1_7.csv|crp_dataset_8_1_1.csv|crp_dataset_8_1_8.csv,crp_dataset_8_1_5.csv,0.6136629807721062,0.8518518518413352,0.6899999999931,69,12,31,144,0.039282226562499994,0.004320987654320988,0.03496123890817901
LogReg,3,0.5,1.0,crp_dataset_8_1_7.csv|crp_dataset_8_1_1.csv|crp_dataset_8_1_8.csv,crp_dataset_8_1_4.csv,0.6136629807721062,0.8467741935415583,0.8015267175511335,105,19,26,106,0.023046875,0.0070564516129032265,0.015990423387096775
LogReg,3,0.5,1.0,crp_dataset_8_1_7.csv|crp_dataset_8_1_1.csv|crp_dataset_8_1_8.csv,crp_dataset_8_1_6.csv,0.6136629807721062,0.9499999999905,0.6785714285665817,95,5,45,111,0.026928710937499996,0.0018125000000000003,0.025116210937499994
LogReg,3,0.5,1.0,crp_dataset_8_1_7.csv|crp_dataset_8_1_1.csv|crp_dataset_8_1_8.csv,crp_dataset_8_1_2.csv,0.6136629807721062,0.8999999999899999,0.6806722689018431,81,9,38,128,0.039453125,0.002986111111111111,0.036467013888888886
LogReg,3,0.5,1.0,crp_dataset_8_1_7.csv|crp_dataset_8_1_1.csv|crp_dataset_8_1_8.csv,crp_dataset_8_1_3.csv,0.6136629807721062,0.953488372085632,0.7109826589554279,123,6,50,77,0.0196044921875,0.0026647286821705426,0.016939763505329455
LogReg,3,0.5,1.0,crp_dataset_8_1_7.csv|crp_dataset_8_1_1.csv|crp_dataset_8_1_2.csv,crp_dataset_8_1_5.csv,0.628747771781377,0.8433734939657425,0.699999999993,70,13,30,143,0.039282226562499994,0.005045180722891567,0.034237045839608425
LogReg,3,0.5,1.0,crp_dataset_8_1_7.csv|crp_dataset_8_1_1.csv|crp_dataset_8_1_2.csv,crp_dataset_8_1_4.csv,0.628747771781377,0.842519685032736,0.816793893123536,107,20,24,105,0.023046875,0.00610236220472441,0.01694451279527559
LogReg,3,0.5,1.0,crp_dataset_8_1_7.csv|crp_dataset_8_1_1.csv|crp_dataset_8_1_2.csv,crp_dataset_8_1_6.csv,0.628747771781377,0.8909090909009917,0.6999999999950001,98,12,42,104,0.026928710937499996,0.004602272727272728,0.022326438210227267
LogReg,3,0.5,1.0,crp_dataset_8_1_7.csv|crp_dataset_8_1_1.csv|crp_dataset_8_1_2.csv,crp_dataset_8_1_8.csv,0.628747771781377,0.8108108108035061,0.6521739130387524,90,21,48,97,0.0283203125,0.00501126126126126,0.02330905123873874
LogReg,3,0.5,1.0,crp_dataset_8_1_7.csv|crp_dataset_8_1_1.csv|crp_dataset_8_1_2.csv,crp_dataset_8_1_3.csv,0.628747771781377,0.9612403100700679,0.7167630057762038,124,5,49,78,0.0196044921875,0.002180232558139535,0.017424259629360464
LogReg,3,0.5,1.0,crp_dataset_8_1_7.csv|crp_dataset_8_1_1.csv|crp_dataset_8_1_3.csv,crp_dataset_8_1_5.csv,0.6637836711777827,0.9999999999795919,0.48999999999509997,49,0,51,156,0.039282226562499994,0.0008928571428571429,0.038389369419642855
LogReg,3,0.5,1.0,crp_dataset_8_1_7.csv|crp_dataset_8_1_1.csv|crp_dataset_8_1_3.csv,crp_dataset_8_1_4.csv,0.6637836711777827,0.8761061946825123,0.7557251908339259,99,14,32,111,0.023046875,0.00497787610619469,0.01806899889380531
LogReg,3,0.5,1.0,crp_dataset_8_1_7.csv|crp_dataset_8_1_1.csv|crp_dataset_8_1_3.csv,crp_dataset_8_1_6.csv,0.6637836711777827,0.8503937007807055,0.7714285714230613,108,19,32,97,0.026928710937499996,0.0061515748031496075,0.020777136134350387
LogReg,3,0.5,1.0,crp_dataset_8_1_7.csv|crp_dataset_8_1_1.csv|crp_dataset_8_1_3.csv,crp_dataset_8_1_8.csv,0.6637836711777827,0.7906976744094104,0.4927536231848352,68,18,70,100,0.0283203125,0.005523255813953488,0.02279705668604651
LogReg,3,0.5,1.0,crp_dataset_8_1_7.csv|crp_dataset_8_1_1.csv|crp_dataset_8_1_3.csv,crp_dataset_8_1_2.csv,0.6637836711777827,0.9655172413460167,0.23529411764508157,28,1,91,136,0.039453125,0.0017241379310344825,0.03772898706896552
LogReg,3,0.5,1.0,crp_dataset_8_1_7.csv|crp_dataset_8_1_8.csv|crp_dataset_8_1_2.csv,crp_dataset_8_1_5.csv,0.6805975845439234,0.8043478260782135,0.7399999999926,74,18,26,138,0.039282226562499994,0.006182065217391305,0.03310016134510869
LogReg,3,0.5,1.0,crp_dataset_8_1_7.csv|crp_dataset_8_1_8.csv|crp_dataset_8_1_2.csv,crp_dataset_8_1_4.csv,0.6805975845439234,0.9083333333257638,0.8320610686959385,109,11,22,114,0.023046875,0.0032291666666666666,0.019817708333333336
LogReg,3,0.5,1.0,crp_dataset_8_1_7.csv|crp_dataset_8_1_8.csv|crp_dataset_8_1_2.csv,crp_dataset_8_1_6.csv,0.6805975845439234,0.8367346938690129,0.5857142857101021,82,16,58,100,0.026928710937499996,0.006951530612244898,0.019977180325255098
LogReg,3,0.5,1.0,crp_dataset_8_1_7.csv|crp_dataset_8_1_8.csv|crp_dataset_8_1_2.csv,crp_dataset_8_1_1.csv,0.6805975845439234,0.8977272727170712,0.6269841269791508,79,9,47,121,0.0252685546875,0.0026988636363636364,0.022569691051136362
LogReg,3,0.5,1.0,crp_dataset_8_1_7.csv|crp_dataset_8_1_8.csv|crp_dataset_8_1_2.csv,crp_dataset_8_1_3.csv,0.6805975845439234,0.9655172413709869,0.6473988439268937,112,4,61,79,0.0196044921875,0.0009159482758620691,0.01868854391163793
LogReg,3,0.5,1.0,crp_dataset_8_1_7.csv|crp_dataset_8_1_8.csv|crp_dataset_8_1_3.csv,crp_dataset_8_1_5.csv,0.6208604752789749,0.8641975308535284,0.699999999993,70,11,30,145,0.039282226562499994,0.00447530864197531,0.034806917920524684
LogReg,3,0.5,1.0,crp_dataset_8_1_7.csv|crp_dataset_8_1_8.csv|crp_dataset_8_1_3.csv,crp_dataset_8_1_4.csv,0.6208604752789749,0.8629032257994927,0.816793893123536,107,17,24,108,0.023046875,0.005241935483870967,0.017804939516129034
LogReg,3,0.5,1.0,crp_dataset_8_1_7.csv|crp_dataset_8_1_8.csv|crp_dataset_8_1_3.csv,crp_dataset_8_1_6.csv,0.6208604752789749,0.8727272727193388,0.6857142857093879,96,14,44,102,0.026928710937499996,0.005681818181818182,0.021246892755681812
LogReg,3,0.5,1.0,crp_dataset_8_1_7.csv|crp_dataset_8_1_8.csv|crp_dataset_8_1_3.csv,crp_dataset_8_1_1.csv,0.6208604752789749,0.9399999999905999,0.7460317460258251,94,6,32,124,0.0252685546875,0.00125,0.0240185546875
LogReg,3,0.5,1.0,crp_dataset_8_1_7.csv|crp_dataset_8_1_8.csv|crp_dataset_8_1_3.csv,crp_dataset_8_1_2.csv,0.6208604752789749,0.9558823529271193,0.5462184873903679,65,3,54,134,0.039453125,0.0017463235294117648,0.03770680147058823
LogReg,3,0.5,1.0,crp_dataset_8_1_7.csv|crp_dataset_8_1_2.csv|crp_dataset_8_1_3.csv,crp_dataset_8_1_5.csv,0.6474691962807009,0.8372093023158463,0.7199999999928,72,14,28,142,0.039282226562499994,0.005087209302325582,0.03419501726017441
LogReg,3,0.5,1.0,crp_dataset_8_1_7.csv|crp_dataset_8_1_2.csv|crp_dataset_8_1_3.csv,crp_dataset_8_1_4.csv,0.6474691962807009,0.8148148148087793,0.8396946564821398,110,25,21,100,0.023046875,0.006805555555555556,0.016241319444444444
LogReg,3,0.5,1.0,crp_dataset_8_1_7.csv|crp_dataset_8_1_2.csv|crp_dataset_8_1_3.csv,crp_dataset_8_1_6.csv,0.6474691962807009,0.8217054263502194,0.757142857137449,106,23,34,93,0.026928710937499996,0.008042635658914728,0.018886075278585268
LogReg,3,0.5,1.0,crp_dataset_8_1_7.csv|crp_dataset_8_1_2.csv|crp_dataset_8_1_3.csv,crp_dataset_8_1_1.csv,0.6474691962807009,0.8958333333240017,0.6825396825342656,86,10,40,120,0.0252685546875,0.0029296875,0.0223388671875
LogReg,3,0.5,1.0,crp_dataset_8_1_7.csv|crp_dataset_8_1_2.csv|crp_dataset_8_1_3.csv,crp_dataset_8_1_8.csv,0.6474691962807009,0.8113207547093272,0.6231884057925856,86,20,52,98,0.0283203125,0.005011792452830188,0.023308520047169812
LogReg,3,0.5,1.0,crp_dataset_8_1_4.csv|crp_dataset_8_1_6.csv|crp_dataset_8_1_1.csv,crp_dataset_8_1_5.csv,0.6771153606073759,0.9344262294928783,0.5699999999943,57,4,43,152,0.039282226562499994,0.00235655737704918,0.036925669185450816
LogReg,3,0.5,1.0,crp_dataset_8_1_4.csv|crp_dataset_8_1_6.csv|crp_dataset_8_1_1.csv,crp_dataset_8_1_7.csv,0.6771153606073759,0.9999999999951457,0.9363636363593802,206,0,14,36,0.0095703125,0.00024271844660194176,0.009327594053398058
LogReg,3,0.5,1.0,crp_dataset_8_1_4.csv|crp_dataset_8_1_6.csv|crp_dataset_8_1_1.csv,crp_dataset_8_1_8.csv,0.6771153606073759,0.8202247190919075,0.5289855072425437,73,16,65,102,0.0283203125,0.0050561797752808986,0.0232641327247191
LogReg,3,0.5,1.0,crp_dataset_8_1_4.csv|crp_dataset_8_1_6.csv|crp_dataset_8_1_1.csv,crp_dataset_8_1_2.csv,0.6771153606073759,0.9743589743339909,0.31932773108975354,38,1,81,136,0.039453125,0.0014423076923076924,0.038010817307692304
LogReg,3,0.5,1.0,crp_dataset_8_1_4.csv|crp_dataset_8_1_6.csv|crp_dataset_8_1_1.csv,crp_dataset_8_1_3.csv,0.6771153606073759,0.9819819819731352,0.6300578034645662,109,2,64,81,0.0196044921875,0.0011261261261261261,0.018478366061373874
LogReg,3,0.5,1.0,crp_dataset_8_1_4.csv|crp_dataset_8_1_6.csv|crp_dataset_8_1_8.csv,crp_dataset_8_1_5.csv,0.6056853869521179,0.8999999999871429,0.6299999999936999,63,7,37,149,0.039282226562499994,0.003035714285714286,0.03624651227678571
LogReg,3,0.5,1.0,crp_dataset_8_1_4.csv|crp_dataset_8_1_6.csv|crp_dataset_8_1_8.csv,crp_dataset_8_1_7.csv,0.6056853869521179,0.9953271027990873,0.9681818181774174,213,1,7,35,0.0095703125,0.0002920560747663551,0.009278256425233646
LogReg,3,0.5,1.0,crp_dataset_8_1_4.csv|crp_dataset_8_1_6.csv|crp_dataset_8_1_8.csv,crp_dataset_8_1_1.csv,0.6056853869521179,0.949999999988125,0.6031746031698161,76,4,50,126,0.0252685546875,0.0010937499999999999,0.0241748046875
LogReg,3,0.5,1.0,crp_dataset_8_1_4.csv|crp_dataset_8_1_6.csv|crp_dataset_8_1_8.csv,crp_dataset_8_1_2.csv,0.6056853869521179,0.9791666666462674,0.39495798318995834,47,1,72,136,0.039453125,0.001171875,0.038281249999999996
LogReg,3,0.5,1.0,crp_dataset_8_1_4.csv|crp_dataset_8_1_6.csv|crp_dataset_8_1_8.csv,crp_dataset_8_1_3.csv,0.6056853869521179,0.999999999990991,0.6416184971061178,111,0,62,83,0.0196044921875,0.0,0.0196044921875
LogReg,3,0.5,1.0,crp_dataset_8_1_4.csv|crp_dataset_8_1_6.csv|crp_dataset_8_1_2.csv,crp_dataset_8_1_5.csv,0.6004401833147307,0.8933333333214222,0.6699999999933,67,8,33,148,0.039282226562499994,0.0030000000000000005,0.03628222656249999
LogReg,3,0.5,1.0,crp_dataset_8_1_4.csv|crp_dataset_8_1_6.csv|crp_dataset_8_1_2.csv,crp_dataset_8_1_7.csv,0.6004401833147307,0.9606986899521367,0.9999999999954546,220,9,0,27,0.0095703125,0.001146288209606987,0.008424024290393014
LogReg,3,0.5,1.0,crp_dataset_8_1_4.csv|crp_dataset_8_1_6.csv|crp_dataset_8_1_2.csv,crp_dataset_8_1_1.csv,0.6004401833147307,0.9487179487057856,0.5873015872969262,74,4,52,126,0.0252685546875,0.0011217948717948717,0.02414675981570513
LogReg,3,0.5,1.0,crp_dataset_8_1_4.csv|crp_dataset_8_1_6.csv|crp_dataset_8_1_2.csv,crp_dataset_8_1_8.csv,0.6004401833147307,0.8064516128945542,0.543478260865627,75,18,63,100,0.0283203125,0.005309139784946236,0.023011172715053763
LogReg,3,0.5,1.0,crp_dataset_8_1_4.csv|crp_dataset_8_1_6.csv|crp_dataset_8_1_2.csv,crp_dataset_8_1_3.csv,0.6004401833147307,0.965811965803711,0.6531791907476695,113,4,60,79,0.0196044921875,0.001282051282051282,0.01832244090544872
LogReg,3,0.5,1.0,crp_dataset_8_1_4.csv|crp_dataset_8_1_6.csv|crp_dataset_8_1_3.csv,crp_dataset_8_1_5.csv,0.6049463843782641,0.9615384615199705,0.499999999995,50,2,50,154,0.039282226562499994,0.0016826923076923076,0.037599534254807686
LogReg,3,0.5,1.0,crp_dataset_8_1_4.csv|crp_dataset_8_1_6.csv|crp_dataset_8_1_3.csv,crp_dataset_8_1_7.csv,0.6049463843782641,0.9817351598128689,0.9772727272682852,215,4,5,32,0.0095703125,0.0005707762557077625,0.008999536244292238
LogReg,3,0.5,1.0,crp_dataset_8_1_4.csv|crp_dataset_8_1_6.csv|crp_dataset_8_1_3.csv,crp_dataset_8_1_1.csv,0.6049463843782641,0.9466666666540444,0.5634920634875913,71,4,55,126,0.0252685546875,0.0011666666666666665,0.024101888020833333
LogReg,3,0.5,1.0,crp_dataset_8_1_4.csv|crp_dataset_8_1_6.csv|crp_dataset_8_1_3.csv,crp_dataset_8_1_8.csv,0.6049463843782641,0.8024691357925621,0.47101449275021007,65,16,73,102,0.0283203125,0.005324074074074074,0.022996238425925925
LogReg,3,0.5,1.0,crp_dataset_8_1_4.csv|crp_dataset_8_1_6.csv|crp_dataset_8_1_3.csv,crp_dataset_8_1_2.csv,0.6049463843782641,0.9999999999687501,0.2689075630229503,32,0,87,137,0.039453125,0.00078125,0.038671875
LogReg,3,0.5,1.0,crp_dataset_8_1_4.csv|crp_dataset_8_1_1.csv|crp_dataset_8_1_8.csv,crp_dataset_8_1_5.csv,0.7465844535095971,0.9393939393797061,0.6199999999938,62,4,38,152,0.039282226562499994,0.001988636363636364,0.03729359019886363
LogReg,3,0.5,1.0,crp_dataset_8_1_4.csv|crp_dataset_8_1_1.csv|crp_dataset_8_1_8.csv,crp_dataset_8_1_7.csv,0.7465844535095971,0.9999999999946809,0.8545454545415703,188,0,32,36,0.0095703125,0.0,0.0095703125
LogReg,3,0.5,1.0,crp_dataset_8_1_4.csv|crp_dataset_8_1_1.csv|crp_dataset_8_1_8.csv,crp_dataset_8_1_6.csv,0.7465844535095971,0.9864864864731555,0.521428571424847,73,1,67,115,0.026928710937499996,0.0007601351351351352,0.02616857580236486
LogReg,3,0.5,1.0,crp_dataset_8_1_4.csv|crp_dataset_8_1_1.csv|crp_dataset_8_1_8.csv,crp_dataset_8_1_2.csv,0.7465844535095971,0.9999999999761906,0.35294117646762235,42,0,77,137,0.039453125,0.0008928571428571428,0.03856026785714286
LogReg,3,0.5,1.0,crp_dataset_8_1_4.csv|crp_dataset_8_1_1.csv|crp_dataset_8_1_8.csv,crp_dataset_8_1_3.csv,0.7465844535095971,0.999999999989899,0.5722543352568078,99,0,74,83,0.0196044921875,0.0,0.0196044921875
LogReg,3,0.5,1.0,crp_dataset_8_1_4.csv|crp_dataset_8_1_1.csv|crp_dataset_8_1_2.csv,crp_dataset_8_1_5.csv,0.6397171392544463,0.8815789473568213,0.6699999999933,67,9,33,147,0.039282226562499994,0.003700657894736842,0.03558156866776315
LogReg,3,0.5,1.0,crp_dataset_8_1_4.csv|crp_dataset_8_1_1.csv|crp_dataset_8_1_2.csv,crp_dataset_8_1_7.csv,0.6397171392544463,0.9953917050645374,0.981818181813719,216,1,4,35,0.0095703125,0.0003744239631336406,0.00919588853686636
LogReg,3,0.5,1.0,crp_dataset_8_1_4.csv|crp_dataset_8_1_1.csv|crp_dataset_8_1_2.csv,crp_dataset_8_1_6.csv,0.6397171392544463,0.9175257731864173,0.635714285709745,89,8,51,108,0.026928710937499996,0.003414948453608248,0.023513762483891747
LogReg,3,0.5,1.0,crp_dataset_8_1_4.csv|crp_dataset_8_1_1.csv|crp_dataset_8_1_2.csv,crp_dataset_8_1_8.csv,0.6397171392544463,0.8039215686195693,0.5942028985464188,82,20,56,98,0.0283203125,0.005208333333333332,0.023111979166666668
LogReg,3,0.5,1.0,crp_dataset_8_1_4.csv|crp_dataset_8_1_1.csv|crp_dataset_8_1_2.csv,crp_dataset_8_1_3.csv,0.6397171392544463,0.9834710743720374,0.6878612716723246,119,2,54,81,0.0196044921875,0.0010330578512396695,0.01857143433626033
LogReg,3,0.5,1.0,crp_dataset_8_1_4.csv|crp_dataset_8_1_1.csv|crp_dataset_8_1_3.csv,crp_dataset_8_1_5.csv,0.6241152080010575,0.9999999999761906,0.4199999999958,42,0,58,156,0.039282226562499994,0.000744047619047619,0.03853817894345238
LogReg,3,0.5,1.0,crp_dataset_8_1_4.csv|crp_dataset_8_1_1.csv|crp_dataset_8_1_3.csv,crp_dataset_8_1_7.csv,0.6241152080010575,0.9401709401669224,0.9999999999954546,220,14,0,22,0.0095703125,0.0019764957264957264,0.007593816773504274
LogReg,3,0.5,1.0,crp_dataset_8_1_4.csv|crp_dataset_8_1_1.csv|crp_dataset_8_1_3.csv,crp_dataset_8_1_6.csv,0.6241152080010575,0.7777777777729767,0.8999999999935715,126,36,14,80,0.026928710937499996,0.009375,0.017553710937499994
LogReg,3,0.5,1.0,crp_dataset_8_1_4.csv|crp_dataset_8_1_1.csv|crp_dataset_8_1_3.csv,crp_dataset_8_1_8.csv,0.6241152080010575,0.8055555555443672,0.42028985506941824,58,14,80,104,0.0283203125,0.00546875,0.0228515625
LogReg,3,0.5,1.0,crp_dataset_8_1_4.csv|crp_dataset_8_1_1.csv|crp_dataset_8_1_3.csv,crp_dataset_8_1_2.csv,0.6241152080010575,0.999999999952381,0.17647058823381118,21,0,98,137,0.039453125,0.0008928571428571429,0.03856026785714286
LogReg,3,0.5,1.0,crp_dataset_8_1_4.csv|crp_dataset_8_1_8.csv|crp_dataset_8_1_2.csv,crp_dataset_8_1_5.csv,0.6067564065403788,0.7789473684128532,0.7399999999926,74,21,26,135,0.039282226562499994,0.006907894736842107,0.03237433182565789
LogReg,3,0.5,1.0,crp_dataset_8_1_4.csv|crp_dataset_8_1_8.csv|crp_dataset_8_1_2.csv,crp_dataset_8_1_7.csv,0.6067564065403788,0.9999999999947369,0.863636363632438,190,0,30,36,0.0095703125,9.86842105263158e-05,0.009471628289473686
LogReg,3,0.5,1.0,crp_dataset_8_1_4.csv|crp_dataset_8_1_8.csv|crp_dataset_8_1_2.csv,crp_dataset_8_1_6.csv,0.6067564065403788,0.9268292682813801,0.5428571428532654,76,6,64,110,0.026928710937499996,0.0028201219512195125,0.024108588986280485
LogReg,3,0.5,1.0,crp_dataset_8_1_4.csv|crp_dataset_8_1_8.csv|crp_dataset_8_1_2.csv,crp_dataset_8_1_1.csv,0.6067564065403788,0.8860759493558724,0.5555555555511463,70,9,56,121,0.0252685546875,0.002768987341772152,0.022499567345727847
LogReg,3,0.5,1.0,crp_dataset_8_1_4.csv|crp_dataset_8_1_8.csv|crp_dataset_8_1_2.csv,crp_dataset_8_1_3.csv,0.6067564065403788,0.999999999991228,0.6589595375684454,114,0,59,83,0.0196044921875,5.482456140350877e-05,0.01954966762609649
LogReg,3,0.5,1.0,crp_dataset_8_1_4.csv|crp_dataset_8_1_8.csv|crp_dataset_8_1_3.csv,crp_dataset_8_1_5.csv,0.6679235021511783,0.8999999999871429,0.6299999999936999,63,7,37,149,0.039282226562499994,0.0034821428571428573,0.03580008370535714
LogReg,3,0.5,1.0,crp_dataset_8_1_4.csv|crp_dataset_8_1_8.csv|crp_dataset_8_1_3.csv,crp_dataset_8_1_7.csv,0.6679235021511783,0.9861111111065458,0.9681818181774174,213,3,7,33,0.0095703125,0.0004918981481481481,0.009078414351851853
LogReg,3,0.5,1.0,crp_dataset_8_1_4.csv|crp_dataset_8_1_8.csv|crp_dataset_8_1_3.csv,crp_dataset_8_1_6.csv,0.6679235021511783,0.8666666666584126,0.6499999999953572,91,14,49,102,0.026928710937499996,0.005535714285714286,0.02139299665178571
LogReg,3,0.5,1.0,crp_dataset_8_1_4.csv|crp_dataset_8_1_8.csv|crp_dataset_8_1_3.csv,crp_dataset_8_1_1.csv,0.6679235021511783,0.9493670885955776,0.5952380952333711,75,4,51,126,0.0252685546875,0.0011075949367088606,0.02416095975079114
LogReg,3,0.5,1.0,crp_dataset_8_1_4.csv|crp_dataset_8_1_8.csv|crp_dataset_8_1_3.csv,crp_dataset_8_1_2.csv,0.6679235021511783,0.9772727272505166,0.36134453781208953,43,1,76,136,0.039453125,0.0011363636363636365,0.03831676136363636
LogReg,3,0.5,1.0,crp_dataset_8_1_4.csv|crp_dataset_8_1_2.csv|crp_dataset_8_1_3.csv,crp_dataset_8_1_5.csv,0.6330328802164202,0.8947368420934902,0.6799999999931999,68,8,32,148,0.039282226562499994,0.0031249999999999997,0.03615722656249999
LogReg,3,0.5,1.0,crp_dataset_8_1_4.csv|crp_dataset_8_1_2.csv|crp_dataset_8_1_3.csv,crp_dataset_8_1_7.csv,0.6330328802164202,0.9649122806975223,0.9999999999954546,220,8,0,28,0.0095703125,0.0010416666666666667,0.008528645833333334
LogReg,3,0.5,1.0,crp_dataset_8_1_4.csv|crp_dataset_8_1_2.csv|crp_dataset_8_1_3.csv,crp_dataset_8_1_6.csv,0.6330328802164202,0.8807339449460483,0.6857142857093879,96,13,44,103,0.026928710937499996,0.005103211009174311,0.021825499928325685
LogReg,3,0.5,1.0,crp_dataset_8_1_4.csv|crp_dataset_8_1_2.csv|crp_dataset_8_1_3.csv,crp_dataset_8_1_1.csv,0.6330328802164202,0.9418604651053272,0.6428571428520408,81,5,45,125,0.0252685546875,0.0012354651162790698,0.02403308957122093
LogReg,3,0.5,1.0,crp_dataset_8_1_4.csv|crp_dataset_8_1_2.csv|crp_dataset_8_1_3.csv,crp_dataset_8_1_8.csv,0.6330328802164202,0.8181818181735537,0.5869565217348772,81,18,57,100,0.0283203125,0.005113636363636364,0.023206676136363638
LogReg,3,0.5,1.0,crp_dataset_8_1_6.csv|crp_dataset_8_1_1.csv|crp_dataset_8_1_8.csv,crp_dataset_8_1_5.csv,0.6283112813000957,0.8658536585260261,0.7099999999929,71,11,29,145,0.039282226562499994,0.0040396341463414635,0.03524259241615853
LogReg,3,0.5,1.0,crp_dataset_8_1_6.csv|crp_dataset_8_1_1.csv|crp_dataset_8_1_8.csv,crp_dataset_8_1_7.csv,0.6283112813000957,0.9646017699072363,0.9909090909045868,218,8,2,28,0.0095703125,0.0012444690265486725,0.008325843473451328
LogReg,3,0.5,1.0,crp_dataset_8_1_6.csv|crp_dataset_8_1_1.csv|crp_dataset_8_1_8.csv,crp_dataset_8_1_4.csv,0.6283112813000957,0.8739495798245887,0.7938931297649322,104,15,27,110,0.023046875,0.004989495798319327,0.018057379201680674
LogReg,3,0.5,1.0,crp_dataset_8_1_6.csv|crp_dataset_8_1_1.csv|crp_dataset_8_1_8.csv,crp_dataset_8_1_2.csv,0.6283112813000957,0.8924731182699733,0.6974789915907774,83,10,36,127,0.039453125,0.0029569892473118274,0.036496135752688175
LogReg,3,0.5,1.0,crp_dataset_8_1_6.csv|crp_dataset_8_1_1.csv|crp_dataset_8_1_8.csv,crp_dataset_8_1_3.csv,0.6283112813000957,0.9407407407337723,0.7341040462385312,127,8,46,75,0.0196044921875,0.0031944444444444446,0.016410047743055555
LogReg,3,0.5,1.0,crp_dataset_8_1_6.csv|crp_dataset_8_1_1.csv|crp_dataset_8_1_2.csv,crp_dataset_8_1_5.csv,0.6239495456881955,0.8918918918798393,0.6599999999934,66,8,34,148,0.039282226562499994,0.003040540540540541,0.03624168602195945
LogReg,3,0.5,1.0,crp_dataset_8_1_6.csv|crp_dataset_8_1_1.csv|crp_dataset_8_1_2.csv,crp_dataset_8_1_7.csv,0.6239495456881955,0.9646017699072363,0.9909090909045868,218,8,2,28,0.0095703125,0.0012168141592920352,0.008353498340707966
LogReg,3,0.5,1.0,crp_dataset_8_1_6.csv|crp_dataset_8_1_1.csv|crp_dataset_8_1_2.csv,crp_dataset_8_1_4.csv,0.6239495456881955,0.91304347825293,0.8015267175511335,105,10,26,115,0.023046875,0.0034239130434782607,0.01962296195652174
LogReg,3,0.5,1.0,crp_dataset_8_1_6.csv|crp_dataset_8_1_1.csv|crp_dataset_8_1_2.csv,crp_dataset_8_1_8.csv,0.6239495456881955,0.816326530603915,0.5797101449233355,80,18,58,100,0.0283203125,0.005165816326530612,0.023154496173469388
LogReg,3,0.5,1.0,crp_dataset_8_1_6.csv|crp_dataset_8_1_1.csv|crp_dataset_8_1_2.csv,crp_dataset_8_1_3.csv,0.6239495456881955,0.9761904761827286,0.7109826589554279,123,3,50,80,0.0196044921875,0.0013888888888888887,0.018215603298611112
LogReg,3,0.5,1.0,crp_dataset_8_1_6.csv|crp_dataset_8_1_1.csv|crp_dataset_8_1_3.csv,crp_dataset_8_1_5.csv,0.6010172802072535,0.8857142857016326,0.6199999999938,62,8,38,148,0.039282226562499994,0.003839285714285715,0.03544294084821428
LogReg,3,0.5,1.0,crp_dataset_8_1_6.csv|crp_dataset_8_1_1.csv|crp_dataset_8_1_3.csv,crp_dataset_8_1_7.csv,0.6010172802072535,0.9723502304102657,0.9590909090865496,211,6,9,30,0.0095703125,0.0009216589861751151,0.008648653513824886
LogReg,3,0.5,1.0,crp_dataset_8_1_6.csv|crp_dataset_8_1_1.csv|crp_dataset_8_1_3.csv,crp_dataset_8_1_4.csv,0.6010172802072535,0.880341880334356,0.7862595419787309,103,14,28,111,0.023046875,0.005021367521367522,0.01802550747863248
LogReg,3,0.5,1.0,crp_dataset_8_1_6.csv|crp_dataset_8_1_1.csv|crp_dataset_8_1_3.csv,crp_dataset_8_1_8.csv,0.6010172802072535,0.8041237113319162,0.5652173913002521,78,19,60,99,0.0283203125,0.005154639175257732,0.02316567332474227
LogReg,3,0.5,1.0,crp_dataset_8_1_6.csv|crp_dataset_8_1_1.csv|crp_dataset_8_1_3.csv,crp_dataset_8_1_2.csv,0.6010172802072535,0.9054054053931702,0.5630252100793023,67,7,52,130,0.039453125,0.0027027027027027033,0.036750422297297296
LogReg,3,0.5,1.0,crp_dataset_8_1_6.csv|crp_dataset_8_1_8.csv|crp_dataset_8_1_2.csv,crp_dataset_8_1_5.csv,0.604529884247273,0.8390804597604703,0.7299999999926999,73,14,27,142,0.039282226562499994,0.004597701149425287,0.03468452541307471
LogReg,3,0.5,1.0,crp_dataset_8_1_6.csv|crp_dataset_8_1_8.csv|crp_dataset_8_1_2.csv,crp_dataset_8_1_7.csv,0.604529884247273,0.9482758620648781,0.9999999999954546,220,12,0,24,0.0095703125,0.0016971982758620689,0.007873114224137931
LogReg,3,0.5,1.0,crp_dataset_8_1_6.csv|crp_dataset_8_1_8.csv|crp_dataset_8_1_2.csv,crp_dataset_8_1_4.csv,0.604529884247273,0.8730158730089443,0.8396946564821398,110,16,21,109,0.023046875,0.004365079365079365,0.018681795634920638
LogReg,3,0.5,1.0,crp_dataset_8_1_6.csv|crp_dataset_8_1_8.csv|crp_dataset_8_1_2.csv,crp_dataset_8_1_1.csv,0.604529884247273,0.919540229874488,0.6349206349155958,80,7,46,123,0.0252685546875,0.0017241379310344827,0.023544416756465517
LogReg,3,0.5,1.0,crp_dataset_8_1_6.csv|crp_dataset_8_1_8.csv|crp_dataset_8_1_2.csv,crp_dataset_8_1_3.csv,0.604529884247273,0.9457364341011959,0.705202312134652,122,7,51,76,0.0196044921875,0.001695736434108527,0.017908755753391473
LogReg,3,0.5,1.0,crp_dataset_8_1_6.csv|crp_dataset_8_1_8.csv|crp_dataset_8_1_3.csv,crp_dataset_8_1_5.csv,0.6235353176089826,0.8749999999890624,0.699999999993,70,10,30,146,0.039282226562499994,0.00390625,0.035375976562499994
LogReg,3,0.5,1.0,crp_dataset_8_1_6.csv|crp_dataset_8_1_8.csv|crp_dataset_8_1_3.csv,crp_dataset_8_1_7.csv,0.6235353176089826,0.990740740736154,0.9727272727228513,214,2,6,34,0.0095703125,0.00040509259259259264,0.009165219907407408
LogReg,3,0.5,1.0,crp_dataset_8_1_6.csv|crp_dataset_8_1_8.csv|crp_dataset_8_1_3.csv,crp_dataset_8_1_4.csv,0.6235353176089826,0.8888888888812915,0.7938931297649322,104,13,27,112,0.023046875,0.004754273504273505,0.018292601495726497
LogReg,3,0.5,1.0,crp_dataset_8_1_6.csv|crp_dataset_8_1_8.csv|crp_dataset_8_1_3.csv,crp_dataset_8_1_1.csv,0.6235353176089826,0.9569892473015377,0.7063492063436004,89,4,37,126,0.0252685546875,0.0009408602150537634,0.024327694472446235
LogReg,3,0.5,1.0,crp_dataset_8_1_6.csv|crp_dataset_8_1_8.csv|crp_dataset_8_1_3.csv,crp_dataset_8_1_2.csv,0.6235353176089826,0.9459459459331628,0.5882352941127039,70,4,49,133,0.039453125,0.0018581081081081082,0.03759501689189189
LogReg,3,0.5,1.0,crp_dataset_8_1_6.csv|crp_dataset_8_1_2.csv|crp_dataset_8_1_3.csv,crp_dataset_8_1_5.csv,0.6790433486774226,0.9014084506915294,0.6399999999936,64,7,36,149,0.039282226562499994,0.002992957746478873,0.03628926881602112
LogReg,3,0.5,1.0,crp_dataset_8_1_6.csv|crp_dataset_8_1_2.csv|crp_dataset_8_1_3.csv,crp_dataset_8_1_7.csv,0.6790433486774226,0.9734513274293211,0.9999999999954546,220,6,0,30,0.0095703125,0.0009126106194690265,0.008657701880530975
LogReg,3,0.5,1.0,crp_dataset_8_1_6.csv|crp_dataset_8_1_2.csv|crp_dataset_8_1_3.csv,crp_dataset_8_1_4.csv,0.6790433486774226,0.9217391304267675,0.8091603053373347,106,9,25,116,0.023046875,0.002989130434782609,0.020057744565217393
LogReg,3,0.5,1.0,crp_dataset_8_1_6.csv|crp_dataset_8_1_2.csv|crp_dataset_8_1_3.csv,crp_dataset_8_1_1.csv,0.6790433486774226,0.951807228904195,0.6269841269791508,79,4,47,126,0.0252685546875,0.0010542168674698795,0.02421433782003012
LogReg,3,0.5,1.0,crp_dataset_8_1_6.csv|crp_dataset_8_1_2.csv|crp_dataset_8_1_3.csv,crp_dataset_8_1_8.csv,0.6790433486774226,0.8124999999915364,0.5652173913002521,78,18,60,100,0.0283203125,0.005208333333333333,0.023111979166666668
LogReg,3,0.5,1.0,crp_dataset_8_1_1.csv|crp_dataset_8_1_8.csv|crp_dataset_8_1_2.csv,crp_dataset_8_1_5.csv,0.615134265248062,0.8414634146238845,0.6899999999931,69,13,31,143,0.039282226562499994,0.004573170731707317,0.03470905583079268
LogReg,3,0.5,1.0,crp_dataset_8_1_1.csv|crp_dataset_8_1_8.csv|crp_dataset_8_1_2.csv,crp_dataset_8_1_7.csv,0.615134265248062,0.9442060085796387,0.9999999999954546,220,13,0,23,0.0095703125,0.0018240343347639488,0.007746278165236052
LogReg,3,0.5,1.0,crp_dataset_8_1_1.csv|crp_dataset_8_1_8.csv|crp_dataset_8_1_2.csv,crp_dataset_8_1_4.csv,0.615134265248062,0.8222222222161317,0.8473282442683411,111,24,20,101,0.023046875,0.006666666666666668,0.016380208333333333
LogReg,3,0.5,1.0,crp_dataset_8_1_1.csv|crp_dataset_8_1_8.csv|crp_dataset_8_1_2.csv,crp_dataset_8_1_6.csv,0.615134265248062,0.8294573643346554,0.7642857142802552,107,22,33,94,0.026928710937499996,0.007751937984496124,0.019176772953003872
LogReg,3,0.5,1.0,crp_dataset_8_1_1.csv|crp_dataset_8_1_8.csv|crp_dataset_8_1_2.csv,crp_dataset_8_1_3.csv,0.615134265248062,0.9183673469325282,0.7803468208047379,135,12,38,71,0.0196044921875,0.0035714285714285718,0.016033063616071427
LogReg,3,0.5,1.0,crp_dataset_8_1_1.csv|crp_dataset_8_1_8.csv|crp_dataset_8_1_3.csv,crp_dataset_8_1_5.csv,0.6313533320632582,0.9242424242284205,0.6099999999939,61,5,39,151,0.039282226562499994,0.0023674242424242425,0.036914802320075754
LogReg,3,0.5,1.0,crp_dataset_8_1_1.csv|crp_dataset_8_1_8.csv|crp_dataset_8_1_3.csv,crp_dataset_8_1_7.csv,0.6313533320632582,0.9953703703657623,0.9772727272682852,215,1,5,35,0.0095703125,0.0003761574074074074,0.009194155092592594
LogReg,3,0.5,1.0,crp_dataset_8_1_1.csv|crp_dataset_8_1_8.csv|crp_dataset_8_1_3.csv,crp_dataset_8_1_4.csv,0.6313533320632582,0.8632478632404851,0.7709923664063284,101,16,30,109,0.023046875,0.005395299145299146,0.017651575854700854
LogReg,3,0.5,1.0,crp_dataset_8_1_1.csv|crp_dataset_8_1_8.csv|crp_dataset_8_1_3.csv,crp_dataset_8_1_6.csv,0.6313533320632582,0.8771929824484457,0.7142857142806123,100,14,40,102,0.026928710937499996,0.005482456140350877,0.02144625479714912
LogReg,3,0.5,1.0,crp_dataset_8_1_1.csv|crp_dataset_8_1_8.csv|crp_dataset_8_1_3.csv,crp_dataset_8_1_2.csv,0.6313533320632582,0.946428571411671,0.4453781512567615,53,3,66,134,0.039453125,0.0021205357142857146,0.037332589285714285
LogReg,3,0.5,1.0,crp_dataset_8_1_1.csv|crp_dataset_8_1_2.csv|crp_dataset_8_1_3.csv,crp_dataset_8_1_5.csv,0.6204220908273286,0.8684210526201523,0.6599999999934,66,10,34,146,0.039282226562499994,0.003947368421052632,0.035334858141447364
LogReg,3,0.5,1.0,crp_dataset_8_1_1.csv|crp_dataset_8_1_2.csv|crp_dataset_8_1_3.csv,crp_dataset_8_1_7.csv,0.6204220908273286,0.9322033898265585,0.9999999999954546,220,16,0,20,0.0095703125,0.0023834745762711866,0.007186837923728814
LogReg,3,0.5,1.0,crp_dataset_8_1_1.csv|crp_dataset_8_1_2.csv|crp_dataset_8_1_3.csv,crp_dataset_8_1_4.csv,0.6204220908273286,0.8283582089490422,0.8473282442683411,111,23,20,102,0.023046875,0.006623134328358209,0.016423740671641793
LogReg,3,0.5,1.0,crp_dataset_8_1_1.csv|crp_dataset_8_1_2.csv|crp_dataset_8_1_3.csv,crp_dataset_8_1_6.csv,0.6204220908273286,0.8057553956776565,0.7999999999942857,112,27,28,89,0.026928710937499996,0.009172661870503597,0.017756049066996397
LogReg,3,0.5,1.0,crp_dataset_8_1_1.csv|crp_dataset_8_1_2.csv|crp_dataset_8_1_3.csv,crp_dataset_8_1_8.csv,0.6204220908273286,0.8058252427106231,0.6014492753579606,83,20,55,98,0.0283203125,0.005157766990291261,0.02316254550970874
LogReg,3,0.5,1.0,crp_dataset_8_1_8.csv|crp_dataset_8_1_2.csv|crp_dataset_8_1_3.csv,crp_dataset_8_1_5.csv,0.6112094852179172,0.8452380952280328,0.7099999999929,71,13,29,143,0.039282226562499994,0.004538690476190476,0.03474353608630952
LogReg,3,0.5,1.0,crp_dataset_8_1_8.csv|crp_dataset_8_1_2.csv|crp_dataset_8_1_3.csv,crp_dataset_8_1_7.csv,0.6112094852179172,0.9523809523768295,0.9999999999954546,220,11,0,25,0.0095703125,0.001542207792207792,0.008028104707792208
LogReg,3,0.5,1.0,crp_dataset_8_1_8.csv|crp_dataset_8_1_2.csv|crp_dataset_8_1_3.csv,crp_dataset_8_1_4.csv,0.6112094852179172,0.8409090909027205,0.8473282442683411,111,21,20,104,0.023046875,0.005823863636363637,0.017223011363636364
LogReg,3,0.5,1.0,crp_dataset_8_1_8.csv|crp_dataset_8_1_2.csv|crp_dataset_8_1_3.csv,crp_dataset_8_1_6.csv,0.6112094852179172,0.8148148148087793,0.7857142857086735,110,25,30,91,0.026928710937499996,0.008472222222222223,0.018456488715277775
LogReg,3,0.5,1.0,crp_dataset_8_1_8.csv|crp_dataset_8_1_2.csv|crp_dataset_8_1_3.csv,crp_dataset_8_1_1.csv,0.6112094852179172,0.8888888888799101,0.6984126984071555,88,11,38,119,0.0252685546875,0.0031565656565656565,0.022111989030934344
LogReg,4,0.5,1.0,crp_dataset_8_1_5.csv|crp_dataset_8_1_7.csv|crp_dataset_8_1_4.csv|crp_dataset_8_1_6.csv,crp_dataset_8_1_1.csv,0.7192649261545323,0.9571428571291837,0.5317460317418116,67,3,59,127,0.0252685546875,0.0008928571428571428,0.024375697544642857
LogReg,4,0.5,1.0,crp_dataset_8_1_5.csv|crp_dataset_8_1_7.csv|crp_dataset_8_1_4.csv|crp_dataset_8_1_6.csv,crp_dataset_8_1_8.csv,0.7192649261545323,0.8076923076819527,0.4565217391271267,63,15,75,103,0.0283203125,0.005368589743589743,0.022951722756410258
LogReg,4,0.5,1.0,crp_dataset_8_1_5.csv|crp_dataset_8_1_7.csv|crp_dataset_8_1_4.csv|crp_dataset_8_1_6.csv,crp_dataset_8_1_2.csv,0.7192649261545323,0.9999999999722223,0.30252100840081914,36,0,83,137,0.039453125,0.0008680555555555555,0.038585069444444446
LogReg,4,0.5,1.0,crp_dataset_8_1_5.csv|crp_dataset_8_1_7.csv|crp_dataset_8_1_4.csv|crp_dataset_8_1_6.csv,crp_dataset_8_1_3.csv,0.7192649261545323,0.999999999990991,0.6416184971061178,111,0,62,83,0.0196044921875,0.0,0.0196044921875
LogReg,4,0.5,1.0,crp_dataset_8_1_5.csv|crp_dataset_8_1_7.csv|crp_dataset_8_1_4.csv|crp_dataset_8_1_1.csv,crp_dataset_8_1_6.csv,0.6268351766103631,0.9107142857061543,0.7285714285662246,102,10,38,106,0.026928710937499996,0.0038504464285714288,0.023078264508928567
LogReg,4,0.5,1.0,crp_dataset_8_1_5.csv|crp_dataset_8_1_7.csv|crp_dataset_8_1_4.csv|crp_dataset_8_1_1.csv,crp_dataset_8_1_8.csv,0.6268351766103631,0.8061224489713661,0.5724637681117938,79,19,59,99,0.0283203125,0.00510204081632653,0.02321827168367347
LogReg,4,0.5,1.0,crp_dataset_8_1_5.csv|crp_dataset_8_1_7.csv|crp_dataset_8_1_4.csv|crp_dataset_8_1_1.csv,crp_dataset_8_1_2.csv,0.6268351766103631,0.938775510184923,0.3865546218454911,46,3,73,134,0.039453125,0.0020408163265306124,0.03741230867346938
LogReg,4,0.5,1.0,crp_dataset_8_1_5.csv|crp_dataset_8_1_7.csv|crp_dataset_8_1_4.csv|crp_dataset_8_1_1.csv,crp_dataset_8_1_3.csv,0.6268351766103631,0.9677419354760666,0.6936416184931004,120,4,53,79,0.0196044921875,0.0017641129032258064,0.017840379284274194
LogReg,4,0.5,1.0,crp_dataset_8_1_5.csv|crp_dataset_8_1_7.csv|crp_dataset_8_1_4.csv|crp_dataset_8_1_8.csv,crp_dataset_8_1_6.csv,0.7742011770241548,0.9870129870001686,0.5428571428532654,76,1,64,115,0.026928710937499996,0.00024350649350649353,0.026685204443993502
LogReg,4,0.5,1.0,crp_dataset_8_1_5.csv|crp_dataset_8_1_7.csv|crp_dataset_8_1_4.csv|crp_dataset_8_1_8.csv,crp_dataset_8_1_1.csv,0.7742011770241548,0.9354838709526535,0.460317460313807,58,4,68,126,0.0252685546875,0.001411290322580645,0.023857264364919355
LogReg,4,0.5,1.0,crp_dataset_8_1_5.csv|crp_dataset_8_1_7.csv|crp_dataset_8_1_4.csv|crp_dataset_8_1_8.csv,crp_dataset_8_1_2.csv,0.7742011770241548,0.9999999999750001,0.33613445377868795,40,0,79,137,0.039453125,0.0009375000000000002,0.038515625
LogReg,4,0.5,1.0,crp_dataset_8_1_5.csv|crp_dataset_8_1_7.csv|crp_dataset_8_1_4.csv|crp_dataset_8_1_8.csv,crp_dataset_8_1_3.csv,0.7742011770241548,0.9999999999910714,0.6473988439268937,112,0,61,83,0.0196044921875,0.0,0.0196044921875
LogReg,4,0.5,1.0,crp_dataset_8_1_5.csv|crp_dataset_8_1_7.csv|crp_dataset_8_1_4.csv|crp_dataset_8_1_2.csv,crp_dataset_8_1_6.csv,0.7303160442898924,0.949999999988125,0.5428571428532654,76,4,64,112,0.026928710937499996,0.0011718749999999997,0.025756835937499997
LogReg,4,0.5,1.0,crp_dataset_8_1_5.csv|crp_dataset_8_1_7.csv|crp_dataset_8_1_4.csv|crp_dataset_8_1_2.csv,crp_dataset_8_1_1.csv,0.7303160442898924,0.9444444444313271,0.5396825396782565,68,4,58,126,0.0252685546875,0.0012152777777777778,0.024053276909722223
LogReg,4,0.5,1.0,crp_dataset_8_1_5.csv|crp_dataset_8_1_7.csv|crp_dataset_8_1_4.csv|crp_dataset_8_1_2.csv,crp_dataset_8_1_8.csv,0.7303160442898924,0.813186813177877,0.5362318840540853,74,17,64,101,0.0283203125,0.005151098901098901,0.0231692135989011
LogReg,4,0.5,1.0,crp_dataset_8_1_5.csv|crp_dataset_8_1_7.csv|crp_dataset_8_1_4.csv|crp_dataset_8_1_2.csv,crp_dataset_8_1_3.csv,0.7303160442898924,0.9999999999910714,0.6473988439268937,112,0,61,83,0.0196044921875,0.0,0.0196044921875
LogReg,4,0.5,1.0,crp_dataset_8_1_5.csv|crp_dataset_8_1_7.csv|crp_dataset_8_1_4.csv|crp_dataset_8_1_3.csv,crp_dataset_8_1_6.csv,0.6010555114905571,0.8595041322243016,0.7428571428518368,104,17,36,99,0.026928710937499996,0.005991735537190083,0.020936975400309914
LogReg,4,0.5,1.0,crp_dataset_8_1_5.csv|crp_dataset_8_1_7.csv|crp_dataset_8_1_4.csv|crp_dataset_8_1_3.csv,crp_dataset_8_1_1.csv,0.6010555114905571,0.951807228904195,0.6269841269791508,79,4,47,126,0.0252685546875,0.0010542168674698795,0.02421433782003012
LogReg,4,0.5,1.0,crp_dataset_8_1_5.csv|crp_dataset_8_1_7.csv|crp_dataset_8_1_4.csv|crp_dataset_8_1_3.csv,crp_dataset_8_1_8.csv,0.6010555114905571,0.8181818181735537,0.5869565217348772,81,18,57,100,0.0283203125,0.005113636363636364,0.023206676136363638
LogReg,4,0.5,1.0,crp_dataset_8_1_5.csv|crp_dataset_8_1_7.csv|crp_dataset_8_1_4.csv|crp_dataset_8_1_3.csv,crp_dataset_8_1_2.csv,0.6010555114905571,0.9799999999804001,0.41176470587889274,49,1,70,136,0.039453125,0.0011250000000000001,0.038328125
LogReg,4,0.5,1.0,crp_dataset_8_1_5.csv|crp_dataset_8_1_7.csv|crp_dataset_8_1_6.csv|crp_dataset_8_1_1.csv,crp_dataset_8_1_4.csv,0.6576758133000324,0.8938053097266034,0.7709923664063284,101,12,30,113,0.023046875,0.004314159292035399,0.0187327157079646
LogReg,4,0.5,1.0,crp_dataset_8_1_5.csv|crp_dataset_8_1_7.csv|crp_dataset_8_1_6.csv|crp_dataset_8_1_1.csv,crp_dataset_8_1_8.csv,0.6576758133000324,0.8144329896823254,0.5724637681117938,79,18,59,100,0.0283203125,0.0050902061855670104,0.02323010631443299
LogReg,4,0.5,1.0,crp_dataset_8_1_5.csv|crp_dataset_8_1_7.csv|crp_dataset_8_1_6.csv|crp_dataset_8_1_1.csv,crp_dataset_8_1_2.csv,0.6576758133000324,0.9347826086753309,0.36134453781208953,43,3,76,134,0.039453125,0.0019021739130434783,0.03755095108695652
LogReg,4,0.5,1.0,crp_dataset_8_1_5.csv|crp_dataset_8_1_7.csv|crp_dataset_8_1_6.csv|crp_dataset_8_1_1.csv,crp_dataset_8_1_3.csv,0.6576758133000324,0.9758064516050338,0.6994219653138762,121,3,52,80,0.0196044921875,0.001411290322580645,0.018193201864919354
LogReg,4,0.5,1.0,crp_dataset_8_1_5.csv|crp_dataset_8_1_7.csv|crp_dataset_8_1_6.csv|crp_dataset_8_1_8.csv,crp_dataset_8_1_4.csv,0.6999928982904751,0.9433962264061944,0.7633587786201271,100,6,31,119,0.023046875,0.0021226415094339627,0.02092423349056604
LogReg,4,0.5,1.0,crp_dataset_8_1_5.csv|crp_dataset_8_1_7.csv|crp_dataset_8_1_6.csv|crp_dataset_8_1_8.csv,crp_dataset_8_1_1.csv,0.6999928982904751,0.949999999988125,0.6031746031698161,76,4,50,126,0.0252685546875,0.0010937499999999999,0.0241748046875
LogReg,4,0.5,1.0,crp_dataset_8_1_5.csv|crp_dataset_8_1_7.csv|crp_dataset_8_1_6.csv|crp_dataset_8_1_8.csv,crp_dataset_8_1_2.csv,0.6999928982904751,0.9999999999767443,0.36134453781208953,43,0,76,137,0.039453125,0.0010174418604651165,0.03843568313953488
LogReg,4,0.5,1.0,crp_dataset_8_1_5.csv|crp_dataset_8_1_7.csv|crp_dataset_8_1_6.csv|crp_dataset_8_1_8.csv,crp_dataset_8_1_3.csv,0.6999928982904751,0.999999999990991,0.6416184971061178,111,0,62,83,0.0196044921875,0.0,0.0196044921875
LogReg,4,0.5,1.0,crp_dataset_8_1_5.csv|crp_dataset_8_1_7.csv|crp_dataset_8_1_6.csv|crp_dataset_8_1_2.csv,crp_dataset_8_1_4.csv,0.6781169938199446,0.9374999999916295,0.8015267175511335,105,7,26,118,0.023046875,0.0025111607142857145,0.020535714285714286
LogReg,4,0.5,1.0,crp_dataset_8_1_5.csv|crp_dataset_8_1_7.csv|crp_dataset_8_1_6.csv|crp_dataset_8_1_2.csv,crp_dataset_8_1_1.csv,0.6781169938199446,0.949999999988125,0.6031746031698161,76,4,50,126,0.0252685546875,0.0010937499999999999,0.0241748046875
LogReg,4,0.5,1.0,crp_dataset_8_1_5.csv|crp_dataset_8_1_7.csv|crp_dataset_8_1_6.csv|crp_dataset_8_1_2.csv,crp_dataset_8_1_8.csv,0.6781169938199446,0.8124999999915364,0.5652173913002521,78,18,60,100,0.0283203125,0.005208333333333333,0.023111979166666668
LogReg,4,0.5,1.0,crp_dataset_8_1_5.csv|crp_dataset_8_1_7.csv|crp_dataset_8_1_6.csv|crp_dataset_8_1_2.csv,crp_dataset_8_1_3.csv,0.6781169938199446,0.9824561403422591,0.6473988439268937,112,2,61,81,0.0196044921875,0.0010964912280701754,0.018508000959429824
LogReg,4,0.5,1.0,crp_dataset_8_1_5.csv|crp_dataset_8_1_7.csv|crp_dataset_8_1_6.csv|crp_dataset_8_1_3.csv,crp_dataset_8_1_4.csv,0.6264493367796025,0.9217391304267675,0.8091603053373347,106,9,25,116,0.023046875,0.002989130434782609,0.020057744565217393
LogReg,4,0.5,1.0,crp_dataset_8_1_5.csv|crp_dataset_8_1_7.csv|crp_dataset_8_1_6.csv|crp_dataset_8_1_3.csv,crp_dataset_8_1_1.csv,0.6264493367796025,0.9512195121835216,0.619047619042706,78,4,48,126,0.0252685546875,0.0010670731707317072,0.024201481516768292
LogReg,4,0.5,1.0,crp_dataset_8_1_5.csv|crp_dataset_8_1_7.csv|crp_dataset_8_1_6.csv|crp_dataset_8_1_3.csv,crp_dataset_8_1_8.csv,0.6264493367796025,0.8124999999915364,0.5652173913002521,78,18,60,100,0.0283203125,0.005208333333333333,0.023111979166666668
LogReg,4,0.5,1.0,crp_dataset_8_1_5.csv|crp_dataset_8_1_7.csv|crp_dataset_8_1_6.csv|crp_dataset_8_1_3.csv,crp_dataset_8_1_2.csv,0.6264493367796025,0.9799999999804001,0.41176470587889274,49,1,70,136,0.039453125,0.0011250000000000001,0.038328125
LogReg,4,0.5,1.0,crp_dataset_8_1_5.csv|crp_dataset_8_1_7.csv|crp_dataset_8_1_1.csv|crp_dataset_8_1_8.csv,crp_dataset_8_1_4.csv,0.6044420740168785,0.8617886178791724,0.8091603053373347,106,17,25,108,0.023046875,0.005894308943089431,0.01715256605691057
LogReg,4,0.5,1.0,crp_dataset_8_1_5.csv|crp_dataset_8_1_7.csv|crp_dataset_8_1_1.csv|crp_dataset_8_1_8.csv,crp_dataset_8_1_6.csv,0.6044420740168785,0.9082568807256123,0.7071428571378062,99,10,41,106,0.026928710937499996,0.0037270642201834864,0.02320164671731651
LogReg,4,0.5,1.0,crp_dataset_8_1_5.csv|crp_dataset_8_1_7.csv|crp_dataset_8_1_1.csv|crp_dataset_8_1_8.csv,crp_dataset_8_1_2.csv,0.6044420740168785,0.9344262294928783,0.4789915966346303,57,4,62,133,0.039453125,0.002254098360655738,0.03719902663934426
LogReg,4,0.5,1.0,crp_dataset_8_1_5.csv|crp_dataset_8_1_7.csv|crp_dataset_8_1_1.csv|crp_dataset_8_1_8.csv,crp_dataset_8_1_3.csv,0.6044420740168785,0.9545454545382233,0.7283236994177554,126,6,47,77,0.0196044921875,0.0026041666666666665,0.01700032552083333
LogReg,4,0.5,1.0,crp_dataset_8_1_5.csv|crp_dataset_8_1_7.csv|crp_dataset_8_1_1.csv|crp_dataset_8_1_2.csv,crp_dataset_8_1_4.csv,0.6103130431270499,0.8372093023190915,0.8244274809097373,108,21,23,104,0.023046875,0.006104651162790698,0.016942223837209305
LogReg,4,0.5,1.0,crp_dataset_8_1_5.csv|crp_dataset_8_1_7.csv|crp_dataset_8_1_1.csv|crp_dataset_8_1_2.csv,crp_dataset_8_1_6.csv,0.6103130431270499,0.8706896551649078,0.7214285714234184,101,15,39,101,0.026928710937499996,0.005549568965517242,0.021379141971982756
LogReg,4,0.5,1.0,crp_dataset_8_1_5.csv|crp_dataset_8_1_7.csv|crp_dataset_8_1_1.csv|crp_dataset_8_1_2.csv,crp_dataset_8_1_8.csv,0.6103130431270499,0.8076923076845414,0.6086956521695023,84,20,54,98,0.0283203125,0.005108173076923077,0.023212139423076924
LogReg,4,0.5,1.0,crp_dataset_8_1_5.csv|crp_dataset_8_1_7.csv|crp_dataset_8_1_1.csv|crp_dataset_8_1_2.csv,crp_dataset_8_1_3.csv,0.6103130431270499,0.9621212121139234,0.7341040462385312,127,5,46,78,0.0196044921875,0.0017518939393939394,0.01785259824810606
LogReg,4,0.5,1.0,crp_dataset_8_1_5.csv|crp_dataset_8_1_7.csv|crp_dataset_8_1_1.csv|crp_dataset_8_1_3.csv,crp_dataset_8_1_4.csv,0.6003355757861355,0.8467741935415583,0.8015267175511335,105,19,26,106,0.023046875,0.005695564516129033,0.01735131048387097
LogReg,4,0.5,1.0,crp_dataset_8_1_5.csv|crp_dataset_8_1_7.csv|crp_dataset_8_1_1.csv|crp_dataset_8_1_3.csv,crp_dataset_8_1_6.csv,0.6003355757861355,0.8688524590092717,0.757142857137449,106,16,34,100,0.026928710937499996,0.00543032786885246,0.021498383068647535
LogReg,4,0.5,1.0,crp_dataset_8_1_5.csv|crp_dataset_8_1_7.csv|crp_dataset_8_1_1.csv|crp_dataset_8_1_3.csv,crp_dataset_8_1_8.csv,0.6003355757861355,0.8019801980118616,0.5869565217348772,81,20,57,98,0.0283203125,0.005198019801980197,0.023122292698019804
LogReg,4,0.5,1.0,crp_dataset_8_1_5.csv|crp_dataset_8_1_7.csv|crp_dataset_8_1_1.csv|crp_dataset_8_1_3.csv,crp_dataset_8_1_2.csv,0.6003355757861355,0.9354838709526535,0.4873949579790975,58,4,61,133,0.039453125,0.0022177419354838714,0.037235383064516125
LogReg,4,0.5,1.0,crp_dataset_8_1_5.csv|crp_dataset_8_1_7.csv|crp_dataset_8_1_8.csv|crp_dataset_8_1_2.csv,crp_dataset_8_1_4.csv,0.6117124989337983,0.8396946564821398,0.8396946564821398,110,21,21,104,0.023046875,0.005916030534351145,0.017130844465648856
LogReg,4,0.5,1.0,crp_dataset_8_1_5.csv|crp_dataset_8_1_7.csv|crp_dataset_8_1_8.csv|crp_dataset_8_1_2.csv,crp_dataset_8_1_6.csv,0.6117124989337983,0.7999999999933333,0.6857142857093879,96,24,44,92,0.026928710937499996,0.008750000000000003,0.018178710937499995
LogReg,4,0.5,1.0,crp_dataset_8_1_5.csv|crp_dataset_8_1_7.csv|crp_dataset_8_1_8.csv|crp_dataset_8_1_2.csv,crp_dataset_8_1_1.csv,0.6117124989337983,0.8854166666574436,0.6746031745978206,85,11,41,119,0.0252685546875,0.0032552083333333335,0.022013346354166668
LogReg,4,0.5,1.0,crp_dataset_8_1_5.csv|crp_dataset_8_1_7.csv|crp_dataset_8_1_8.csv|crp_dataset_8_1_2.csv,crp_dataset_8_1_3.csv,0.6117124989337983,0.932835820888561,0.7225433525969795,125,9,48,74,0.0196044921875,0.0027518656716417913,0.01685262651585821
LogReg,4,0.5,1.0,crp_dataset_8_1_5.csv|crp_dataset_8_1_7.csv|crp_dataset_8_1_8.csv|crp_dataset_8_1_3.csv,crp_dataset_8_1_4.csv,0.6965509593831494,0.9633027522847403,0.8015267175511335,105,4,26,121,0.023046875,0.0014334862385321102,0.021613388761467893
LogReg,4,0.5,1.0,crp_dataset_8_1_5.csv|crp_dataset_8_1_7.csv|crp_dataset_8_1_8.csv|crp_dataset_8_1_3.csv,crp_dataset_8_1_6.csv,0.6965509593831494,0.8545454545376859,0.6714285714237755,94,16,46,100,0.026928710937499996,0.006193181818181818,0.020735529119318176
LogReg,4,0.5,1.0,crp_dataset_8_1_5.csv|crp_dataset_8_1_7.csv|crp_dataset_8_1_8.csv|crp_dataset_8_1_3.csv,crp_dataset_8_1_1.csv,0.6965509593831494,0.9512195121835216,0.619047619042706,78,4,48,126,0.0252685546875,0.0010670731707317072,0.024201481516768292
LogReg,4,0.5,1.0,crp_dataset_8_1_5.csv|crp_dataset_8_1_7.csv|crp_dataset_8_1_8.csv|crp_dataset_8_1_3.csv,crp_dataset_8_1_2.csv,0.6965509593831494,0.9999999999743591,0.3277310924342207,39,0,80,137,0.039453125,0.0009615384615384615,0.03849158653846154
LogReg,4,0.5,1.0,crp_dataset_8_1_5.csv|crp_dataset_8_1_7.csv|crp_dataset_8_1_2.csv|crp_dataset_8_1_3.csv,crp_dataset_8_1_4.csv,0.6672301601759435,0.8730158730089443,0.8396946564821398,110,16,21,109,0.023046875,0.004662698412698413,0.018384176587301588
LogReg,4,0.5,1.0,crp_dataset_8_1_5.csv|crp_dataset_8_1_7.csv|crp_dataset_8_1_2.csv|crp_dataset_8_1_3.csv,crp_dataset_8_1_6.csv,0.6672301601759435,0.844262295075047,0.7357142857090306,103,19,37,97,0.026928710937499996,0.006762295081967213,0.020166415855532784
LogReg,4,0.5,1.0,crp_dataset_8_1_5.csv|crp_dataset_8_1_7.csv|crp_dataset_8_1_2.csv|crp_dataset_8_1_3.csv,crp_dataset_8_1_1.csv,0.6672301601759435,0.9222222222119753,0.6587301587249307,83,7,43,123,0.0252685546875,0.001666666666666667,0.023601888020833333
LogReg,4,0.5,1.0,crp_dataset_8_1_5.csv|crp_dataset_8_1_7.csv|crp_dataset_8_1_2.csv|crp_dataset_8_1_3.csv,crp_dataset_8_1_8.csv,0.6672301601759435,0.8118811881107735,0.5942028985464188,82,19,56,99,0.0283203125,0.0051361386138613855,0.023184173886138616
LogReg,4,0.5,1.0,crp_dataset_8_1_5.csv|crp_dataset_8_1_4.csv|crp_dataset_8_1_6.csv|crp_dataset_8_1_1.csv,crp_dataset_8_1_7.csv,0.633367178496168,0.981818181813719,0.981818181813719,216,4,4,32,0.0095703125,0.0005681818181818182,0.009002130681818182
LogReg,4,0.5,1.0,crp_dataset_8_1_5.csv|crp_dataset_8_1_4.csv|crp_dataset_8_1_6.csv|crp_dataset_8_1_1.csv,crp_dataset_8_1_8.csv,0.633367178496168,0.8085106382892712,0.5507246376771687,76,18,62,100,0.0283203125,0.005252659574468085,0.023067652925531916
LogReg,4,0.5,1.0,crp_dataset_8_1_5.csv|crp_dataset_8_1_4.csv|crp_dataset_8_1_6.csv|crp_dataset_8_1_1.csv,crp_dataset_8_1_2.csv,0.633367178496168,0.9615384615199705,0.4201680672233599,50,2,69,135,0.039453125,0.0014423076923076922,0.038010817307692304
LogReg,4,0.5,1.0,crp_dataset_8_1_5.csv|crp_dataset_8_1_4.csv|crp_dataset_8_1_6.csv|crp_dataset_8_1_1.csv,crp_dataset_8_1_3.csv,0.633367178496168,0.9834710743720374,0.6878612716723246,119,2,54,81,0.0196044921875,0.0010330578512396695,0.01857143433626033
LogReg,4,0.5,1.0,crp_dataset_8_1_5.csv|crp_dataset_8_1_4.csv|crp_dataset_8_1_6.csv|crp_dataset_8_1_8.csv,crp_dataset_8_1_7.csv,0.6863945905403185,0.9999999999953052,0.9681818181774174,213,0,7,36,0.0095703125,0.00026408450704225355,0.009306227992957748
LogReg,4,0.5,1.0,crp_dataset_8_1_5.csv|crp_dataset_8_1_4.csv|crp_dataset_8_1_6.csv|crp_dataset_8_1_8.csv,crp_dataset_8_1_1.csv,0.6863945905403185,0.9473684210401662,0.5714285714240362,72,4,54,126,0.0252685546875,0.001151315789473684,0.024117238898026316
LogReg,4,0.5,1.0,crp_dataset_8_1_5.csv|crp_dataset_8_1_4.csv|crp_dataset_8_1_6.csv|crp_dataset_8_1_8.csv,crp_dataset_8_1_2.csv,0.6863945905403185,0.9999999999736843,0.31932773108975354,38,0,81,137,0.039453125,0.000986842105263158,0.03846628289473684
LogReg,4,0.5,1.0,crp_dataset_8_1_5.csv|crp_dataset_8_1_4.csv|crp_dataset_8_1_6.csv|crp_dataset_8_1_8.csv,crp_dataset_8_1_3.csv,0.6863945905403185,0.9909909909820631,0.635838150285342,110,1,63,82,0.0196044921875,0.0005630630630630631,0.019041429124436935
LogReg,4,0.5,1.0,crp_dataset_8_1_5.csv|crp_dataset_8_1_4.csv|crp_dataset_8_1_6.csv|crp_dataset_8_1_2.csv,crp_dataset_8_1_7.csv,0.6935647487338038,0.9865470851973698,0.9999999999954546,220,3,0,33,0.0095703125,0.0005605381165919282,0.009009774383408073
LogReg,4,0.5,1.0,crp_dataset_8_1_5.csv|crp_dataset_8_1_4.csv|crp_dataset_8_1_6.csv|crp_dataset_8_1_2.csv,crp_dataset_8_1_1.csv,0.6935647487338038,0.9487179487057856,0.5873015872969262,74,4,52,126,0.0252685546875,0.0011217948717948717,0.02414675981570513
LogReg,4,0.5,1.0,crp_dataset_8_1_5.csv|crp_dataset_8_1_4.csv|crp_dataset_8_1_6.csv|crp_dataset_8_1_2.csv,crp_dataset_8_1_8.csv,0.6935647487338038,0.8043478260782135,0.5362318840540853,74,18,64,100,0.0283203125,0.00529891304347826,0.023021399456521742
LogReg,4,0.5,1.0,crp_dataset_8_1_5.csv|crp_dataset_8_1_4.csv|crp_dataset_8_1_6.csv|crp_dataset_8_1_2.csv,crp_dataset_8_1_3.csv,0.6935647487338038,0.9999999999910714,0.6473988439268937,112,0,61,83,0.0196044921875,0.0,0.0196044921875
LogReg,4,0.5,1.0,crp_dataset_8_1_5.csv|crp_dataset_8_1_4.csv|crp_dataset_8_1_6.csv|crp_dataset_8_1_3.csv,crp_dataset_8_1_7.csv,0.603134534483724,0.9772727272682852,0.9772727272682852,215,5,5,31,0.0095703125,0.0006534090909090911,0.008916903409090909
LogReg,4,0.5,1.0,crp_dataset_8_1_5.csv|crp_dataset_8_1_4.csv|crp_dataset_8_1_6.csv|crp_dataset_8_1_3.csv,crp_dataset_8_1_1.csv,0.603134534483724,0.9487179487057856,0.5873015872969262,74,4,52,126,0.0252685546875,0.0011217948717948717,0.02414675981570513
LogReg,4,0.5,1.0,crp_dataset_8_1_5.csv|crp_dataset_8_1_4.csv|crp_dataset_8_1_6.csv|crp_dataset_8_1_3.csv,crp_dataset_8_1_8.csv,0.603134534483724,0.8023255813860194,0.49999999999637684,69,17,69,101,0.0283203125,0.005377906976744185,0.022942405523255816
LogReg,4,0.5,1.0,crp_dataset_8_1_5.csv|crp_dataset_8_1_4.csv|crp_dataset_8_1_6.csv|crp_dataset_8_1_3.csv,crp_dataset_8_1_2.csv,0.603134534483724,0.974999999975625,0.3277310924342207,39,1,80,136,0.039453125,0.0010937499999999999,0.038359375
LogReg,4,0.5,1.0,crp_dataset_8_1_5.csv|crp_dataset_8_1_4.csv|crp_dataset_8_1_1.csv|crp_dataset_8_1_8.csv,crp_dataset_8_1_7.csv,0.6145623942424198,0.9999999999952607,0.9590909090865496,211,0,9,36,0.0095703125,0.00023696682464454977,0.00933334567535545
LogReg,4,0.5,1.0,crp_dataset_8_1_5.csv|crp_dataset_8_1_4.csv|crp_dataset_8_1_1.csv|crp_dataset_8_1_8.csv,crp_dataset_8_1_6.csv,0.6145623942424198,0.9183673469294044,0.642857142852551,90,8,50,108,0.026928710937499996,0.00350765306122449,0.023421057876275506
LogReg,4,0.5,1.0,crp_dataset_8_1_5.csv|crp_dataset_8_1_4.csv|crp_dataset_8_1_1.csv|crp_dataset_8_1_8.csv,crp_dataset_8_1_2.csv,0.6145623942424198,0.9354838709526535,0.4873949579790975,58,4,61,133,0.039453125,0.002016129032258065,0.037436995967741936
LogReg,4,0.5,1.0,crp_dataset_8_1_5.csv|crp_dataset_8_1_4.csv|crp_dataset_8_1_1.csv|crp_dataset_8_1_8.csv,crp_dataset_8_1_3.csv,0.6145623942424198,0.9834710743720374,0.6878612716723246,119,2,54,81,0.0196044921875,0.0010330578512396695,0.01857143433626033
LogReg,4,0.5,1.0,crp_dataset_8_1_5.csv|crp_dataset_8_1_4.csv|crp_dataset_8_1_1.csv|crp_dataset_8_1_2.csv,crp_dataset_8_1_7.csv,0.6162162337081054,0.9734513274293211,0.9999999999954546,220,6,0,30,0.0095703125,0.0008849557522123893,0.008685356747787611
LogReg,4,0.5,1.0,crp_dataset_8_1_5.csv|crp_dataset_8_1_4.csv|crp_dataset_8_1_1.csv|crp_dataset_8_1_2.csv,crp_dataset_8_1_6.csv,0.6162162337081054,0.8695652173837429,0.7142857142806123,100,15,40,101,0.026928710937499996,0.005597826086956522,0.021330884850543474
LogReg,4,0.5,1.0,crp_dataset_8_1_5.csv|crp_dataset_8_1_4.csv|crp_dataset_8_1_1.csv|crp_dataset_8_1_2.csv,crp_dataset_8_1_8.csv,0.6162162337081054,0.8039215686195693,0.5942028985464188,82,20,56,98,0.0283203125,0.005208333333333332,0.023111979166666668
LogReg,4,0.5,1.0,crp_dataset_8_1_5.csv|crp_dataset_8_1_4.csv|crp_dataset_8_1_1.csv|crp_dataset_8_1_2.csv,crp_dataset_8_1_3.csv,0.6162162337081054,0.9765624999923707,0.7225433525969795,125,3,48,80,0.0196044921875,0.0013671875,0.0182373046875
LogReg,4,0.5,1.0,crp_dataset_8_1_5.csv|crp_dataset_8_1_4.csv|crp_dataset_8_1_1.csv|crp_dataset_8_1_3.csv,crp_dataset_8_1_7.csv,0.6111492649691399,0.9734513274293211,0.9999999999954546,220,6,0,30,0.0095703125,0.0008849557522123893,0.008685356747787611
LogReg,4,0.5,1.0,crp_dataset_8_1_5.csv|crp_dataset_8_1_4.csv|crp_dataset_8_1_1.csv|crp_dataset_8_1_3.csv,crp_dataset_8_1_6.csv,0.6111492649691399,0.8296296296234843,0.7999999999942857,112,23,28,93,0.026928710937499996,0.006944444444444444,0.019984266493055552
LogReg,4,0.5,1.0,crp_dataset_8_1_5.csv|crp_dataset_8_1_4.csv|crp_dataset_8_1_1.csv|crp_dataset_8_1_3.csv,crp_dataset_8_1_8.csv,0.6111492649691399,0.8172043010664817,0.5507246376771687,76,17,62,101,0.0283203125,0.005174731182795698,0.023145581317204303
LogReg,4,0.5,1.0,crp_dataset_8_1_5.csv|crp_dataset_8_1_4.csv|crp_dataset_8_1_1.csv|crp_dataset_8_1_3.csv,crp_dataset_8_1_2.csv,0.6111492649691399,0.9512195121719216,0.3277310924342207,39,2,80,135,0.039453125,0.0018292682926829267,0.03762385670731707
LogReg,4,0.5,1.0,crp_dataset_8_1_5.csv|crp_dataset_8_1_4.csv|crp_dataset_8_1_8.csv|crp_dataset_8_1_2.csv,crp_dataset_8_1_7.csv,0.6283663134869837,0.9906542056028474,0.9636363636319836,212,2,8,34,0.0095703125,0.0003504672897196262,0.009219845210280374
LogReg,4,0.5,1.0,crp_dataset_8_1_5.csv|crp_dataset_8_1_4.csv|crp_dataset_8_1_8.csv|crp_dataset_8_1_2.csv,crp_dataset_8_1_6.csv,0.6283663134869837,0.9090909090805784,0.5714285714244899,80,8,60,108,0.026928710937499996,0.003622159090909091,0.023306551846590903
LogReg,4,0.5,1.0,crp_dataset_8_1_5.csv|crp_dataset_8_1_4.csv|crp_dataset_8_1_8.csv|crp_dataset_8_1_2.csv,crp_dataset_8_1_1.csv,0.6283663134869837,0.9374999999882813,0.5952380952333711,75,5,51,125,0.0252685546875,0.001328125,0.0239404296875
LogReg,4,0.5,1.0,crp_dataset_8_1_5.csv|crp_dataset_8_1_4.csv|crp_dataset_8_1_8.csv|crp_dataset_8_1_2.csv,crp_dataset_8_1_3.csv,0.6283663134869837,0.973913043469792,0.6473988439268937,112,3,61,80,0.0196044921875,0.0005978260869565218,0.019006666100543478
LogReg,4,0.5,1.0,crp_dataset_8_1_5.csv|crp_dataset_8_1_4.csv|crp_dataset_8_1_8.csv|crp_dataset_8_1_3.csv,crp_dataset_8_1_7.csv,0.6292658662770757,0.9861751152028287,0.9727272727228513,214,3,6,33,0.0095703125,0.0006048387096774194,0.008965473790322582
LogReg,4,0.5,1.0,crp_dataset_8_1_5.csv|crp_dataset_8_1_4.csv|crp_dataset_8_1_8.csv|crp_dataset_8_1_3.csv,crp_dataset_8_1_6.csv,0.6292658662770757,0.8636363636285124,0.6785714285665817,95,15,45,101,0.026928710937499996,0.005852272727272728,0.02107643821022727
LogReg,4,0.5,1.0,crp_dataset_8_1_5.csv|crp_dataset_8_1_4.csv|crp_dataset_8_1_8.csv|crp_dataset_8_1_3.csv,crp_dataset_8_1_1.csv,0.6292658662770757,0.9534883720819362,0.6507936507884857,82,4,44,126,0.0252685546875,0.0010174418604651163,0.024251112827034883
LogReg,4,0.5,1.0,crp_dataset_8_1_5.csv|crp_dataset_8_1_4.csv|crp_dataset_8_1_8.csv|crp_dataset_8_1_3.csv,crp_dataset_8_1_2.csv,0.6292658662770757,0.9772727272505166,0.36134453781208953,43,1,76,136,0.039453125,0.001278409090909091,0.038174715909090905
LogReg,4,0.5,1.0,crp_dataset_8_1_5.csv|crp_dataset_8_1_4.csv|crp_dataset_8_1_2.csv|crp_dataset_8_1_3.csv,crp_dataset_8_1_7.csv,0.6126014072682524,0.9523809523768295,0.9999999999954546,220,11,0,25,0.0095703125,0.001433982683982684,0.008136329816017317
LogReg,4,0.5,1.0,crp_dataset_8_1_5.csv|crp_dataset_8_1_4.csv|crp_dataset_8_1_2.csv|crp_dataset_8_1_3.csv,crp_dataset_8_1_6.csv,0.6126014072682524,0.8666666666594445,0.7428571428518368,104,16,36,100,0.026928710937499996,0.005677083333333333,0.021251627604166663
LogReg,4,0.5,1.0,crp_dataset_8_1_5.csv|crp_dataset_8_1_4.csv|crp_dataset_8_1_2.csv|crp_dataset_8_1_3.csv,crp_dataset_8_1_1.csv,0.6126014072682524,0.9277108433623167,0.611111111106261,77,6,49,124,0.0252685546875,0.001581325301204819,0.02368722938629518
LogReg,4,0.5,1.0,crp_dataset_8_1_5.csv|crp_dataset_8_1_4.csv|crp_dataset_8_1_2.csv|crp_dataset_8_1_3.csv,crp_dataset_8_1_8.csv,0.6126014072682524,0.8124999999915364,0.5652173913002521,78,18,60,100,0.0283203125,0.005208333333333333,0.023111979166666668
LogReg,4,0.5,1.0,crp_dataset_8_1_5.csv|crp_dataset_8_1_6.csv|crp_dataset_8_1_1.csv|crp_dataset_8_1_8.csv,crp_dataset_8_1_7.csv,0.6309293567556499,0.9775784753319392,0.9909090909045868,218,5,2,31,0.0095703125,0.0007006726457399103,0.00886963985426009
LogReg,4,0.5,1.0,crp_dataset_8_1_5.csv|crp_dataset_8_1_6.csv|crp_dataset_8_1_1.csv|crp_dataset_8_1_8.csv,crp_dataset_8_1_4.csv,0.6309293567556499,0.9203539822927402,0.7938931297649322,104,9,27,116,0.023046875,0.0031526548672566367,0.019894220132743366
LogReg,4,0.5,1.0,crp_dataset_8_1_5.csv|crp_dataset_8_1_6.csv|crp_dataset_8_1_1.csv|crp_dataset_8_1_8.csv,crp_dataset_8_1_2.csv,0.6309293567556499,0.949152542356794,0.47058823529016314,56,3,63,134,0.039453125,0.0018008474576271187,0.03765227754237288
LogReg,4,0.5,1.0,crp_dataset_8_1_5.csv|crp_dataset_8_1_6.csv|crp_dataset_8_1_1.csv|crp_dataset_8_1_8.csv,crp_dataset_8_1_3.csv,0.6309293567556499,0.9754098360575786,0.6878612716723246,119,3,54,80,0.0196044921875,0.0014344262295081967,0.018170065957991803
LogReg,4,0.5,1.0,crp_dataset_8_1_5.csv|crp_dataset_8_1_6.csv|crp_dataset_8_1_1.csv|crp_dataset_8_1_2.csv,crp_dataset_8_1_7.csv,0.6002189533013839,0.9482758620648781,0.9999999999954546,220,12,0,24,0.0095703125,0.0016971982758620687,0.007873114224137933
LogReg,4,0.5,1.0,crp_dataset_8_1_5.csv|crp_dataset_8_1_6.csv|crp_dataset_8_1_1.csv|crp_dataset_8_1_2.csv,crp_dataset_8_1_4.csv,0.6002189533013839,0.8571428571360544,0.8244274809097373,108,18,23,107,0.023046875,0.005555555555555556,0.017491319444444445
LogReg,4,0.5,1.0,crp_dataset_8_1_5.csv|crp_dataset_8_1_6.csv|crp_dataset_8_1_1.csv|crp_dataset_8_1_2.csv,crp_dataset_8_1_8.csv,0.6002189533013839,0.8118811881107735,0.5942028985464188,82,19,56,99,0.0283203125,0.0051361386138613855,0.023184173886138616
LogReg,4,0.5,1.0,crp_dataset_8_1_5.csv|crp_dataset_8_1_6.csv|crp_dataset_8_1_1.csv|crp_dataset_8_1_2.csv,crp_dataset_8_1_3.csv,0.6002189533013839,0.9411764705813149,0.7398843930593071,128,8,45,75,0.0196044921875,0.0027113970588235298,0.01689309512867647
LogReg,4,0.5,1.0,crp_dataset_8_1_5.csv|crp_dataset_8_1_6.csv|crp_dataset_8_1_1.csv|crp_dataset_8_1_3.csv,crp_dataset_8_1_7.csv,0.6537697995008971,0.9732142857099411,0.9909090909045868,218,6,2,30,0.0095703125,0.0009765625,0.00859375
LogReg,4,0.5,1.0,crp_dataset_8_1_5.csv|crp_dataset_8_1_6.csv|crp_dataset_8_1_1.csv|crp_dataset_8_1_3.csv,crp_dataset_8_1_4.csv,0.6537697995008971,0.9009009008927846,0.7633587786201271,100,11,31,114,0.023046875,0.003772522522522523,0.01927435247747748
LogReg,4,0.5,1.0,crp_dataset_8_1_5.csv|crp_dataset_8_1_6.csv|crp_dataset_8_1_1.csv|crp_dataset_8_1_3.csv,crp_dataset_8_1_8.csv,0.6537697995008971,0.8064516128945542,0.543478260865627,75,18,63,100,0.0283203125,0.0053091397849462365,0.023011172715053763
LogReg,4,0.5,1.0,crp_dataset_8_1_5.csv|crp_dataset_8_1_6.csv|crp_dataset_8_1_1.csv|crp_dataset_8_1_3.csv,crp_dataset_8_1_2.csv,0.6537697995008971,0.9444444444269547,0.4285714285678271,51,3,68,134,0.039453125,0.0018518518518518517,0.037601273148148144
LogReg,4,0.5,1.0,crp_dataset_8_1_5.csv|crp_dataset_8_1_6.csv|crp_dataset_8_1_8.csv|crp_dataset_8_1_2.csv,crp_dataset_8_1_7.csv,0.6156807036022763,0.9442060085796387,0.9999999999954546,220,13,0,23,0.0095703125,0.0017972103004291844,0.007773102199570816
LogReg,4,0.5,1.0,crp_dataset_8_1_5.csv|crp_dataset_8_1_6.csv|crp_dataset_8_1_8.csv|crp_dataset_8_1_2.csv,crp_dataset_8_1_4.csv,0.6156807036022763,0.87999999999296,0.8396946564821398,110,15,21,110,0.023046875,0.0045,0.018546875
LogReg,4,0.5,1.0,crp_dataset_8_1_5.csv|crp_dataset_8_1_6.csv|crp_dataset_8_1_8.csv|crp_dataset_8_1_2.csv,crp_dataset_8_1_1.csv,0.6156807036022763,0.919540229874488,0.6349206349155958,80,7,46,123,0.0252685546875,0.0017241379310344827,0.023544416756465517
LogReg,4,0.5,1.0,crp_dataset_8_1_5.csv|crp_dataset_8_1_6.csv|crp_dataset_8_1_8.csv|crp_dataset_8_1_2.csv,crp_dataset_8_1_3.csv,0.6156807036022763,0.946969696962523,0.7225433525969795,125,7,48,76,0.0196044921875,0.0016571969696969697,0.01794729521780303
LogReg,4,0.5,1.0,crp_dataset_8_1_5.csv|crp_dataset_8_1_6.csv|crp_dataset_8_1_8.csv|crp_dataset_8_1_3.csv,crp_dataset_8_1_7.csv,0.6377798643170838,0.9908256880688495,0.981818181813719,216,2,4,34,0.0095703125,0.00043004587155963305,0.009140266628440367
LogReg,4,0.5,1.0,crp_dataset_8_1_5.csv|crp_dataset_8_1_6.csv|crp_dataset_8_1_8.csv|crp_dataset_8_1_3.csv,crp_dataset_8_1_4.csv,0.6377798643170838,0.9454545454459504,0.7938931297649322,104,6,27,119,0.023046875,0.0024999999999999996,0.020546875000000003
LogReg,4,0.5,1.0,crp_dataset_8_1_5.csv|crp_dataset_8_1_6.csv|crp_dataset_8_1_8.csv|crp_dataset_8_1_3.csv,crp_dataset_8_1_1.csv,0.6377798643170838,0.9534883720819362,0.6507936507884857,82,4,44,126,0.0252685546875,0.0010174418604651163,0.024251112827034883
LogReg,4,0.5,1.0,crp_dataset_8_1_5.csv|crp_dataset_8_1_6.csv|crp_dataset_8_1_8.csv|crp_dataset_8_1_3.csv,crp_dataset_8_1_2.csv,0.6377798643170838,0.9565217391096409,0.3697478991565567,44,2,75,135,0.039453125,0.001630434782608696,0.037822690217391305
LogReg,4,0.5,1.0,crp_dataset_8_1_5.csv|crp_dataset_8_1_6.csv|crp_dataset_8_1_2.csv|crp_dataset_8_1_3.csv,crp_dataset_8_1_7.csv,0.6798466334830012,0.9523809523768295,0.9999999999954546,220,11,0,25,0.0095703125,0.0015151515151515152,0.008055160984848486
LogReg,4,0.5,1.0,crp_dataset_8_1_5.csv|crp_dataset_8_1_6.csv|crp_dataset_8_1_2.csv|crp_dataset_8_1_3.csv,crp_dataset_8_1_4.csv,0.6798466334830012,0.9217391304267675,0.8091603053373347,106,9,25,116,0.023046875,0.002717391304347826,0.020329483695652177
LogReg,4,0.5,1.0,crp_dataset_8_1_5.csv|crp_dataset_8_1_6.csv|crp_dataset_8_1_2.csv|crp_dataset_8_1_3.csv,crp_dataset_8_1_1.csv,0.6798466334830012,0.949999999988125,0.6031746031698161,76,4,50,126,0.0252685546875,0.0010937499999999999,0.0241748046875
LogReg,4,0.5,1.0,crp_dataset_8_1_5.csv|crp_dataset_8_1_6.csv|crp_dataset_8_1_2.csv|crp_dataset_8_1_3.csv,crp_dataset_8_1_8.csv,0.6798466334830012,0.8105263157809418,0.5579710144887104,77,18,61,100,0.0283203125,0.005263157894736841,0.02305715460526316
LogReg,4,0.5,1.0,crp_dataset_8_1_5.csv|crp_dataset_8_1_1.csv|crp_dataset_8_1_8.csv|crp_dataset_8_1_2.csv,crp_dataset_8_1_7.csv,0.6357960520582736,0.9322033898265585,0.9999999999954546,220,16,0,20,0.0095703125,0.0023834745762711866,0.007186837923728814
LogReg,4,0.5,1.0,crp_dataset_8_1_5.csv|crp_dataset_8_1_1.csv|crp_dataset_8_1_8.csv|crp_dataset_8_1_2.csv,crp_dataset_8_1_4.csv,0.6357960520582736,0.8235294117586506,0.8549618320545423,112,24,19,101,0.023046875,0.006387867647058823,0.01665900735294118
LogReg,4,0.5,1.0,crp_dataset_8_1_5.csv|crp_dataset_8_1_1.csv|crp_dataset_8_1_8.csv|crp_dataset_8_1_2.csv,crp_dataset_8_1_6.csv,0.6357960520582736,0.7631578947318214,0.8285714285655102,116,36,24,80,0.026928710937499996,0.011101973684210526,0.01582673725328947
LogReg,4,0.5,1.0,crp_dataset_8_1_5.csv|crp_dataset_8_1_1.csv|crp_dataset_8_1_8.csv|crp_dataset_8_1_2.csv,crp_dataset_8_1_3.csv,0.6357960520582736,0.9259259259202104,0.8670520231163755,150,12,23,71,0.0196044921875,0.0030478395061728394,0.01655665268132716
LogReg,4,0.5,1.0,crp_dataset_8_1_5.csv|crp_dataset_8_1_1.csv|crp_dataset_8_1_8.csv|crp_dataset_8_1_3.csv,crp_dataset_8_1_7.csv,0.6248322954460958,0.9606986899521367,0.9999999999954546,220,9,0,27,0.0095703125,0.0012554585152838426,0.008314853984716158
LogReg,4,0.5,1.0,crp_dataset_8_1_5.csv|crp_dataset_8_1_1.csv|crp_dataset_8_1_8.csv|crp_dataset_8_1_3.csv,crp_dataset_8_1_4.csv,0.6248322954460958,0.8412698412631645,0.8091603053373347,106,20,25,105,0.023046875,0.006349206349206349,0.016697668650793654
LogReg,4,0.5,1.0,crp_dataset_8_1_5.csv|crp_dataset_8_1_1.csv|crp_dataset_8_1_8.csv|crp_dataset_8_1_3.csv,crp_dataset_8_1_6.csv,0.6248322954460958,0.8358208955161507,0.7999999999942857,112,22,28,94,0.026928710937499996,0.006763059701492537,0.02016565123600746
LogReg,4,0.5,1.0,crp_dataset_8_1_5.csv|crp_dataset_8_1_1.csv|crp_dataset_8_1_8.csv|crp_dataset_8_1_3.csv,crp_dataset_8_1_2.csv,0.6248322954460958,0.9137931034325208,0.4453781512567615,53,5,66,132,0.039453125,0.002478448275862069,0.03697467672413793
LogReg,4,0.5,1.0,crp_dataset_8_1_5.csv|crp_dataset_8_1_1.csv|crp_dataset_8_1_2.csv|crp_dataset_8_1_3.csv,crp_dataset_8_1_7.csv,0.6028605498518331,0.9401709401669224,0.9999999999954546,220,14,0,22,0.0095703125,0.0019764957264957264,0.007593816773504274
LogReg,4,0.5,1.0,crp_dataset_8_1_5.csv|crp_dataset_8_1_1.csv|crp_dataset_8_1_2.csv|crp_dataset_8_1_3.csv,crp_dataset_8_1_4.csv,0.6028605498518331,0.8222222222161317,0.8473282442683411,111,24,20,101,0.023046875,0.006435185185185185,0.016611689814814815
LogReg,4,0.5,1.0,crp_dataset_8_1_5.csv|crp_dataset_8_1_1.csv|crp_dataset_8_1_2.csv|crp_dataset_8_1_3.csv,crp_dataset_8_1_6.csv,0.6028605498518331,0.7891156462531353,0.8285714285655102,116,31,24,85,0.026928710937499996,0.008758503401360545,0.018170207536139453
LogReg,4,0.5,1.0,crp_dataset_8_1_5.csv|crp_dataset_8_1_1.csv|crp_dataset_8_1_2.csv|crp_dataset_8_1_3.csv,crp_dataset_8_1_8.csv,0.6028605498518331,0.8076923076845414,0.6086956521695023,84,20,54,98,0.0283203125,0.005168269230769231,0.02315204326923077
LogReg,4,0.5,1.0,crp_dataset_8_1_5.csv|crp_dataset_8_1_8.csv|crp_dataset_8_1_2.csv|crp_dataset_8_1_3.csv,crp_dataset_8_1_7.csv,0.6174134508304504,0.9401709401669224,0.9999999999954546,220,14,0,22,0.0095703125,0.0019764957264957264,0.007593816773504274
LogReg,4,0.5,1.0,crp_dataset_8_1_5.csv|crp_dataset_8_1_8.csv|crp_dataset_8_1_2.csv|crp_dataset_8_1_3.csv,crp_dataset_8_1_4.csv,0.6174134508304504,0.8396946564821398,0.8396946564821398,110,21,21,104,0.023046875,0.005820610687022901,0.0172262643129771
LogReg,4,0.5,1.0,crp_dataset_8_1_5.csv|crp_dataset_8_1_8.csv|crp_dataset_8_1_2.csv|crp_dataset_8_1_3.csv,crp_dataset_8_1_6.csv,0.6174134508304504,0.8102189780962759,0.7928571428514797,111,26,29,90,0.026928710937499996,0.008394160583941605,0.01853455035355839
LogReg,4,0.5,1.0,crp_dataset_8_1_5.csv|crp_dataset_8_1_8.csv|crp_dataset_8_1_2.csv|crp_dataset_8_1_3.csv,crp_dataset_8_1_1.csv,0.6174134508304504,0.9052631578852077,0.6825396825342656,86,9,40,121,0.0252685546875,0.0025,0.0227685546875
LogReg,4,0.5,1.0,crp_dataset_8_1_7.csv|crp_dataset_8_1_4.csv|crp_dataset_8_1_6.csv|crp_dataset_8_1_1.csv,crp_dataset_8_1_5.csv,0.6103491179831739,0.9264705882216695,0.6299999999936999,63,5,37,151,0.039282226562499994,0.002481617647058824,0.03680060891544117
LogReg,4,0.5,1.0,crp_dataset_8_1_7.csv|crp_dataset_8_1_4.csv|crp_dataset_8_1_6.csv|crp_dataset_8_1_1.csv,crp_dataset_8_1_8.csv,0.6103491179831739,0.8144329896823254,0.5724637681117938,79,18,59,100,0.0283203125,0.005154639175257732,0.02316567332474227
LogReg,4,0.5,1.0,crp_dataset_8_1_7.csv|crp_dataset_8_1_4.csv|crp_dataset_8_1_6.csv|crp_dataset_8_1_1.csv,crp_dataset_8_1_2.csv,0.6103491179831739,0.9607843137066514,0.41176470587889274,49,2,70,135,0.039453125,0.0014705882352941176,0.03798253676470588
LogReg,4,0.5,1.0,crp_dataset_8_1_7.csv|crp_dataset_8_1_4.csv|crp_dataset_8_1_6.csv|crp_dataset_8_1_1.csv,crp_dataset_8_1_3.csv,0.6103491179831739,0.983870967734001,0.705202312134652,122,2,51,81,0.0196044921875,0.0010080645161290322,0.018596427671370968
LogReg,4,0.5,1.0,crp_dataset_8_1_7.csv|crp_dataset_8_1_4.csv|crp_dataset_8_1_6.csv|crp_dataset_8_1_8.csv,crp_dataset_8_1_5.csv,0.6172329406007897,0.8933333333214222,0.6699999999933,67,8,33,148,0.039282226562499994,0.0030000000000000005,0.03628222656249999
LogReg,4,0.5,1.0,crp_dataset_8_1_7.csv|crp_dataset_8_1_4.csv|crp_dataset_8_1_6.csv|crp_dataset_8_1_8.csv,crp_dataset_8_1_1.csv,0.6172329406007897,0.951807228904195,0.6269841269791508,79,4,47,126,0.0252685546875,0.0010542168674698795,0.02421433782003012
LogReg,4,0.5,1.0,crp_dataset_8_1_7.csv|crp_dataset_8_1_4.csv|crp_dataset_8_1_6.csv|crp_dataset_8_1_8.csv,crp_dataset_8_1_2.csv,0.6172329406007897,0.9818181818003306,0.45378151260122873,54,1,65,136,0.039453125,0.0011363636363636365,0.03831676136363636
LogReg,4,0.5,1.0,crp_dataset_8_1_7.csv|crp_dataset_8_1_4.csv|crp_dataset_8_1_6.csv|crp_dataset_8_1_8.csv,crp_dataset_8_1_3.csv,0.6172329406007897,0.9826086956436294,0.6531791907476695,113,2,60,81,0.0196044921875,0.0010869565217391304,0.018517535665760868
LogReg,4,0.5,1.0,crp_dataset_8_1_7.csv|crp_dataset_8_1_4.csv|crp_dataset_8_1_6.csv|crp_dataset_8_1_2.csv,crp_dataset_8_1_5.csv,0.6271580858288779,0.8974358974243918,0.699999999993,70,8,30,148,0.039282226562499994,0.003044871794871795,0.036237354767628197
LogReg,4,0.5,1.0,crp_dataset_8_1_7.csv|crp_dataset_8_1_4.csv|crp_dataset_8_1_6.csv|crp_dataset_8_1_2.csv,crp_dataset_8_1_1.csv,0.6271580858288779,0.9493670885955776,0.5952380952333711,75,4,51,126,0.0252685546875,0.0011075949367088606,0.02416095975079114
LogReg,4,0.5,1.0,crp_dataset_8_1_7.csv|crp_dataset_8_1_4.csv|crp_dataset_8_1_6.csv|crp_dataset_8_1_2.csv,crp_dataset_8_1_8.csv,0.6271580858288779,0.8043478260782135,0.5362318840540853,74,18,64,100,0.0283203125,0.005230978260869565,0.023089334239130434
LogReg,4,0.5,1.0,crp_dataset_8_1_7.csv|crp_dataset_8_1_4.csv|crp_dataset_8_1_6.csv|crp_dataset_8_1_2.csv,crp_dataset_8_1_3.csv,0.6271580858288779,0.9655172413709869,0.6473988439268937,112,4,61,79,0.0196044921875,0.0015086206896551724,0.018095871497844827
LogReg,4,0.5,1.0,crp_dataset_8_1_7.csv|crp_dataset_8_1_4.csv|crp_dataset_8_1_6.csv|crp_dataset_8_1_3.csv,crp_dataset_8_1_5.csv,0.7496720531051008,0.9999999999767443,0.4299999999957,43,0,57,156,0.039282226562499994,0.0007267441860465116,0.03855548237645348
LogReg,4,0.5,1.0,crp_dataset_8_1_7.csv|crp_dataset_8_1_4.csv|crp_dataset_8_1_6.csv|crp_dataset_8_1_3.csv,crp_dataset_8_1_1.csv,0.7496720531051008,0.9420289854935937,0.5158730158689216,65,4,61,126,0.0252685546875,0.0012681159420289854,0.024000438745471014
LogReg,4,0.5,1.0,crp_dataset_8_1_7.csv|crp_dataset_8_1_4.csv|crp_dataset_8_1_6.csv|crp_dataset_8_1_3.csv,crp_dataset_8_1_8.csv,0.7496720531051008,0.7931034482621879,0.3333333333309179,46,12,92,106,0.0283203125,0.005603448275862069,0.02271686422413793
LogReg,4,0.5,1.0,crp_dataset_8_1_7.csv|crp_dataset_8_1_4.csv|crp_dataset_8_1_6.csv|crp_dataset_8_1_3.csv,crp_dataset_8_1_2.csv,0.7496720531051008,0.99999999995,0.16806722688934397,20,0,99,137,0.039453125,0.0009375000000000002,0.038515625
LogReg,4,0.5,1.0,crp_dataset_8_1_7.csv|crp_dataset_8_1_4.csv|crp_dataset_8_1_1.csv|crp_dataset_8_1_8.csv,crp_dataset_8_1_5.csv,0.6615960674951887,0.8624999999892187,0.6899999999931,69,11,31,145,0.039282226562499994,0.0036718750000000002,0.035610351562499996
LogReg,4,0.5,1.0,crp_dataset_8_1_7.csv|crp_dataset_8_1_4.csv|crp_dataset_8_1_1.csv|crp_dataset_8_1_8.csv,crp_dataset_8_1_6.csv,0.6615960674951887,0.9767441860351541,0.5999999999957143,84,2,56,114,0.026928710937499996,0.0006540697674418605,0.026274641170058136
LogReg,4,0.5,1.0,crp_dataset_8_1_7.csv|crp_dataset_8_1_4.csv|crp_dataset_8_1_1.csv|crp_dataset_8_1_8.csv,crp_dataset_8_1_2.csv,0.6615960674951887,0.9558823529271193,0.5462184873903679,65,3,54,134,0.039453125,0.0017463235294117648,0.03770680147058823
LogReg,4,0.5,1.0,crp_dataset_8_1_7.csv|crp_dataset_8_1_4.csv|crp_dataset_8_1_1.csv|crp_dataset_8_1_8.csv,crp_dataset_8_1_3.csv,0.6615960674951887,0.9912280701667436,0.6531791907476695,113,1,60,82,0.0196044921875,0.0005482456140350877,0.019056246573464913
LogReg,4,0.5,1.0,crp_dataset_8_1_7.csv|crp_dataset_8_1_4.csv|crp_dataset_8_1_1.csv|crp_dataset_8_1_2.csv,crp_dataset_8_1_5.csv,0.676239192692533,0.8658536585260261,0.7099999999929,71,11,29,145,0.039282226562499994,0.0041158536585365856,0.035166372903963405
LogReg,4,0.5,1.0,crp_dataset_8_1_7.csv|crp_dataset_8_1_4.csv|crp_dataset_8_1_1.csv|crp_dataset_8_1_2.csv,crp_dataset_8_1_6.csv,0.676239192692533,0.9222222222119753,0.5928571428529082,83,7,57,109,0.026928710937499996,0.002777777777777778,0.024150933159722218
LogReg,4,0.5,1.0,crp_dataset_8_1_7.csv|crp_dataset_8_1_4.csv|crp_dataset_8_1_1.csv|crp_dataset_8_1_2.csv,crp_dataset_8_1_8.csv,0.676239192692533,0.8118811881107735,0.5942028985464188,82,19,56,99,0.0283203125,0.0051361386138613855,0.023184173886138616
LogReg,4,0.5,1.0,crp_dataset_8_1_7.csv|crp_dataset_8_1_4.csv|crp_dataset_8_1_1.csv|crp_dataset_8_1_2.csv,crp_dataset_8_1_3.csv,0.676239192692533,0.9824561403422591,0.6473988439268937,112,2,61,81,0.0196044921875,0.0010964912280701754,0.018508000959429824
LogReg,4,0.5,1.0,crp_dataset_8_1_7.csv|crp_dataset_8_1_4.csv|crp_dataset_8_1_1.csv|crp_dataset_8_1_3.csv,crp_dataset_8_1_5.csv,0.6473721414451408,0.9999999999772728,0.43999999999559997,44,0,56,156,0.039282226562499994,0.0007102272727272727,0.03857199928977272
LogReg,4,0.5,1.0,crp_dataset_8_1_7.csv|crp_dataset_8_1_4.csv|crp_dataset_8_1_1.csv|crp_dataset_8_1_3.csv,crp_dataset_8_1_6.csv,0.6473721414451408,0.8248175182421547,0.8071428571370919,113,24,27,92,0.026928710937499996,0.007025547445255474,0.01990316349224452
LogReg,4,0.5,1.0,crp_dataset_8_1_7.csv|crp_dataset_8_1_4.csv|crp_dataset_8_1_1.csv|crp_dataset_8_1_3.csv,crp_dataset_8_1_8.csv,0.6473721414451408,0.8028169013971433,0.4130434782578765,57,14,81,104,0.0283203125,0.005457746478873238,0.02286256602112676
LogReg,4,0.5,1.0,crp_dataset_8_1_7.csv|crp_dataset_8_1_4.csv|crp_dataset_8_1_1.csv|crp_dataset_8_1_3.csv,crp_dataset_8_1_2.csv,0.6473721414451408,0.999999999952381,0.17647058823381118,21,0,98,137,0.039453125,0.0011904761904761906,0.038262648809523805
LogReg,4,0.5,1.0,crp_dataset_8_1_7.csv|crp_dataset_8_1_4.csv|crp_dataset_8_1_8.csv|crp_dataset_8_1_2.csv,crp_dataset_8_1_5.csv,0.60435196716708,0.7731958762806886,0.7499999999925,75,22,25,134,0.039282226562499994,0.007087628865979381,0.03219459769652061
LogReg,4,0.5,1.0,crp_dataset_8_1_7.csv|crp_dataset_8_1_4.csv|crp_dataset_8_1_8.csv|crp_dataset_8_1_2.csv,crp_dataset_8_1_6.csv,0.60435196716708,0.9285714285603741,0.5571428571388776,78,6,62,110,0.026928710937499996,0.0028273809523809527,0.024101329985119043
LogReg,4,0.5,1.0,crp_dataset_8_1_7.csv|crp_dataset_8_1_4.csv|crp_dataset_8_1_8.csv|crp_dataset_8_1_2.csv,crp_dataset_8_1_1.csv,0.60435196716708,0.9166666666557539,0.611111111106261,77,7,49,123,0.0252685546875,0.0017857142857142859,0.023482840401785714
LogReg,4,0.5,1.0,crp_dataset_8_1_7.csv|crp_dataset_8_1_4.csv|crp_dataset_8_1_8.csv|crp_dataset_8_1_2.csv,crp_dataset_8_1_3.csv,0.60435196716708,0.9999999999910714,0.6473988439268937,112,0,61,83,0.0196044921875,0.0,0.0196044921875
LogReg,4,0.5,1.0,crp_dataset_8_1_7.csv|crp_dataset_8_1_4.csv|crp_dataset_8_1_8.csv|crp_dataset_8_1_3.csv,crp_dataset_8_1_5.csv,0.6352349777498406,0.8433734939657425,0.699999999993,70,13,30,143,0.039282226562499994,0.004518072289156627,0.03476415427334337
LogReg,4,0.5,1.0,crp_dataset_8_1_7.csv|crp_dataset_8_1_4.csv|crp_dataset_8_1_8.csv|crp_dataset_8_1_3.csv,crp_dataset_8_1_6.csv,0.6352349777498406,0.8725490195992887,0.635714285709745,89,13,51,103,0.026928710937499996,0.0053308823529411775,0.021597828584558817
LogReg,4,0.5,1.0,crp_dataset_8_1_7.csv|crp_dataset_8_1_4.csv|crp_dataset_8_1_8.csv|crp_dataset_8_1_3.csv,crp_dataset_8_1_1.csv,0.6352349777498406,0.9247311827857555,0.6825396825342656,86,7,40,123,0.0252685546875,0.0016129032258064516,0.023655651461693548
LogReg,4,0.5,1.0,crp_dataset_8_1_7.csv|crp_dataset_8_1_4.csv|crp_dataset_8_1_8.csv|crp_dataset_8_1_3.csv,crp_dataset_8_1_2.csv,0.6352349777498406,0.9696969696822773,0.5378151260459006,64,2,55,135,0.039453125,0.0014204545454545455,0.038032670454545454
LogReg,4,0.5,1.0,crp_dataset_8_1_7.csv|crp_dataset_8_1_4.csv|crp_dataset_8_1_2.csv|crp_dataset_8_1_3.csv,crp_dataset_8_1_5.csv,0.6216644951015473,0.8961038960922584,0.6899999999931,69,8,31,148,0.039282226562499994,0.003084415584415584,0.03619781097808441
LogReg,4,0.5,1.0,crp_dataset_8_1_7.csv|crp_dataset_8_1_4.csv|crp_dataset_8_1_2.csv|crp_dataset_8_1_3.csv,crp_dataset_8_1_6.csv,0.6216644951015473,0.8596491227994767,0.6999999999950001,98,16,42,100,0.026928710937499996,0.0059758771929824565,0.02095283374451754
LogReg,4,0.5,1.0,crp_dataset_8_1_7.csv|crp_dataset_8_1_4.csv|crp_dataset_8_1_2.csv|crp_dataset_8_1_3.csv,crp_dataset_8_1_1.csv,0.6216644951015473,0.919540229874488,0.6349206349155958,80,7,46,123,0.0252685546875,0.0017241379310344827,0.023544416756465517
LogReg,4,0.5,1.0,crp_dataset_8_1_7.csv|crp_dataset_8_1_4.csv|crp_dataset_8_1_2.csv|crp_dataset_8_1_3.csv,crp_dataset_8_1_8.csv,0.6216644951015473,0.8144329896823254,0.5724637681117938,79,18,59,100,0.0283203125,0.005219072164948454,0.023101240335051544
LogReg,4,0.5,1.0,crp_dataset_8_1_7.csv|crp_dataset_8_1_6.csv|crp_dataset_8_1_1.csv|crp_dataset_8_1_8.csv,crp_dataset_8_1_5.csv,0.6252135589819277,0.8717948717836949,0.6799999999931999,68,10,32,146,0.039282226562499994,0.003846153846153846,0.03543607271634615
LogReg,4,0.5,1.0,crp_dataset_8_1_7.csv|crp_dataset_8_1_6.csv|crp_dataset_8_1_1.csv|crp_dataset_8_1_8.csv,crp_dataset_8_1_4.csv,0.6252135589819277,0.8728813559248061,0.7862595419787309,103,15,28,110,0.023046875,0.005508474576271186,0.017538400423728815
LogReg,4,0.5,1.0,crp_dataset_8_1_7.csv|crp_dataset_8_1_6.csv|crp_dataset_8_1_1.csv|crp_dataset_8_1_8.csv,crp_dataset_8_1_2.csv,0.6252135589819277,0.8999999999887499,0.6050420168016383,72,8,47,129,0.039453125,0.002890625,0.0365625
LogReg,4,0.5,1.0,crp_dataset_8_1_7.csv|crp_dataset_8_1_6.csv|crp_dataset_8_1_1.csv|crp_dataset_8_1_8.csv,crp_dataset_8_1_3.csv,0.6252135589819277,0.9519999999923839,0.6878612716723246,119,6,54,77,0.0196044921875,0.00275,0.0168544921875
LogReg,4,0.5,1.0,crp_dataset_8_1_7.csv|crp_dataset_8_1_6.csv|crp_dataset_8_1_1.csv|crp_dataset_8_1_2.csv,crp_dataset_8_1_5.csv,0.6524754812603438,0.8918918918798393,0.6599999999934,66,8,34,148,0.039282226562499994,0.003040540540540541,0.03624168602195945
LogReg,4,0.5,1.0,crp_dataset_8_1_7.csv|crp_dataset_8_1_6.csv|crp_dataset_8_1_1.csv|crp_dataset_8_1_2.csv,crp_dataset_8_1_4.csv,0.6524754812603438,0.897435897428227,0.8015267175511335,105,12,26,113,0.023046875,0.004059829059829059,0.018987045940170942
LogReg,4,0.5,1.0,crp_dataset_8_1_7.csv|crp_dataset_8_1_6.csv|crp_dataset_8_1_1.csv|crp_dataset_8_1_2.csv,crp_dataset_8_1_8.csv,0.6524754812603438,0.8181818181735537,0.5869565217348772,81,18,57,100,0.0283203125,0.005113636363636364,0.023206676136363638
LogReg,4,0.5,1.0,crp_dataset_8_1_7.csv|crp_dataset_8_1_6.csv|crp_dataset_8_1_1.csv|crp_dataset_8_1_2.csv,crp_dataset_8_1_3.csv,0.6524754812603438,0.9606299212522785,0.705202312134652,122,5,51,78,0.0196044921875,0.0022145669291338582,0.01738992525836614
LogReg,4,0.5,1.0,crp_dataset_8_1_7.csv|crp_dataset_8_1_6.csv|crp_dataset_8_1_1.csv|crp_dataset_8_1_3.csv,crp_dataset_8_1_5.csv,0.6012595356348516,0.8970588235162197,0.6099999999939,61,7,39,149,0.039282226562499994,0.003768382352941176,0.03551384420955882
LogReg,4,0.5,1.0,crp_dataset_8_1_7.csv|crp_dataset_8_1_6.csv|crp_dataset_8_1_1.csv|crp_dataset_8_1_3.csv,crp_dataset_8_1_4.csv,0.6012595356348516,0.8512396694144525,0.7862595419787309,103,18,28,107,0.023046875,0.005681818181818182,0.017365056818181818
LogReg,4,0.5,1.0,crp_dataset_8_1_7.csv|crp_dataset_8_1_6.csv|crp_dataset_8_1_1.csv|crp_dataset_8_1_3.csv,crp_dataset_8_1_8.csv,0.6012595356348516,0.799999999992,0.5797101449233355,80,20,58,98,0.0283203125,0.0052499999999999995,0.023070312500000002
LogReg,4,0.5,1.0,crp_dataset_8_1_7.csv|crp_dataset_8_1_6.csv|crp_dataset_8_1_1.csv|crp_dataset_8_1_3.csv,crp_dataset_8_1_2.csv,0.6012595356348516,0.9206349206203074,0.4873949579790975,58,5,61,132,0.039453125,0.0024801587301587305,0.03697296626984127
LogReg,4,0.5,1.0,crp_dataset_8_1_7.csv|crp_dataset_8_1_6.csv|crp_dataset_8_1_8.csv|crp_dataset_8_1_2.csv,crp_dataset_8_1_5.csv,0.6498550339485081,0.8433734939657425,0.699999999993,70,13,30,143,0.039282226562499994,0.005045180722891567,0.034237045839608425
LogReg,4,0.5,1.0,crp_dataset_8_1_7.csv|crp_dataset_8_1_6.csv|crp_dataset_8_1_8.csv|crp_dataset_8_1_2.csv,crp_dataset_8_1_4.csv,0.6498550339485081,0.8760330578439997,0.8091603053373347,106,15,25,110,0.023046875,0.004597107438016528,0.018449767561983473
LogReg,4,0.5,1.0,crp_dataset_8_1_7.csv|crp_dataset_8_1_6.csv|crp_dataset_8_1_8.csv|crp_dataset_8_1_2.csv,crp_dataset_8_1_1.csv,0.6498550339485081,0.9444444444339506,0.6746031745978206,85,5,41,125,0.0252685546875,0.0011805555555555554,0.024087999131944444
LogReg,4,0.5,1.0,crp_dataset_8_1_7.csv|crp_dataset_8_1_6.csv|crp_dataset_8_1_8.csv|crp_dataset_8_1_2.csv,crp_dataset_8_1_3.csv,0.6498550339485081,0.9836065573689868,0.6936416184931004,120,2,53,81,0.0196044921875,0.0010245901639344263,0.018579902023565572
LogReg,4,0.5,1.0,crp_dataset_8_1_7.csv|crp_dataset_8_1_6.csv|crp_dataset_8_1_8.csv|crp_dataset_8_1_3.csv,crp_dataset_8_1_5.csv,0.6103801037473067,0.8674698795076208,0.7199999999928,72,11,28,145,0.039282226562499994,0.004593373493975903,0.034688853068524095
LogReg,4,0.5,1.0,crp_dataset_8_1_7.csv|crp_dataset_8_1_6.csv|crp_dataset_8_1_8.csv|crp_dataset_8_1_3.csv,crp_dataset_8_1_4.csv,0.6103801037473067,0.8333333333267195,0.8015267175511335,105,21,26,104,0.023046875,0.006448412698412698,0.016598462301587305
LogReg,4,0.5,1.0,crp_dataset_8_1_7.csv|crp_dataset_8_1_6.csv|crp_dataset_8_1_8.csv|crp_dataset_8_1_3.csv,crp_dataset_8_1_1.csv,0.6103801037473067,0.9611650485343576,0.7857142857080499,99,4,27,126,0.0252685546875,0.0009101941747572816,0.02435836051274272
LogReg,4,0.5,1.0,crp_dataset_8_1_7.csv|crp_dataset_8_1_6.csv|crp_dataset_8_1_8.csv|crp_dataset_8_1_3.csv,crp_dataset_8_1_2.csv,0.6103801037473067,0.9148936170115437,0.7226890756241791,86,8,33,129,0.039453125,0.0025265957446808512,0.03692652925531915
LogReg,4,0.5,1.0,crp_dataset_8_1_7.csv|crp_dataset_8_1_6.csv|crp_dataset_8_1_2.csv|crp_dataset_8_1_3.csv,crp_dataset_8_1_5.csv,0.7200723855615863,0.9253731343145466,0.6199999999938,62,5,38,151,0.039282226562499994,0.002425373134328358,0.03685685342817164
LogReg,4,0.5,1.0,crp_dataset_8_1_7.csv|crp_dataset_8_1_6.csv|crp_dataset_8_1_2.csv|crp_dataset_8_1_3.csv,crp_dataset_8_1_4.csv,0.7200723855615863,0.9636363636276033,0.8091603053373347,106,4,25,121,0.023046875,0.00125,0.021796875
LogReg,4,0.5,1.0,crp_dataset_8_1_7.csv|crp_dataset_8_1_6.csv|crp_dataset_8_1_2.csv|crp_dataset_8_1_3.csv,crp_dataset_8_1_1.csv,0.7200723855615863,0.949999999988125,0.6031746031698161,76,4,50,126,0.0252685546875,0.0010937499999999999,0.0241748046875
LogReg,4,0.5,1.0,crp_dataset_8_1_7.csv|crp_dataset_8_1_6.csv|crp_dataset_8_1_2.csv|crp_dataset_8_1_3.csv,crp_dataset_8_1_8.csv,0.7200723855615863,0.8191489361614984,0.5579710144887104,77,17,61,101,0.0283203125,0.005186170212765957,0.023134142287234042
LogReg,4,0.5,1.0,crp_dataset_8_1_7.csv|crp_dataset_8_1_1.csv|crp_dataset_8_1_8.csv|crp_dataset_8_1_2.csv,crp_dataset_8_1_5.csv,0.6000062306806422,0.7956989247226268,0.7399999999926,74,19,26,137,0.039282226562499994,0.006384408602150539,0.032897817960349456
LogReg,4,0.5,1.0,crp_dataset_8_1_7.csv|crp_dataset_8_1_1.csv|crp_dataset_8_1_8.csv|crp_dataset_8_1_2.csv,crp_dataset_8_1_4.csv,0.6000062306806422,0.8208955223819336,0.8396946564821398,110,24,21,101,0.023046875,0.006483208955223882,0.016563666044776118
LogReg,4,0.5,1.0,crp_dataset_8_1_7.csv|crp_dataset_8_1_1.csv|crp_dataset_8_1_8.csv|crp_dataset_8_1_2.csv,crp_dataset_8_1_6.csv,0.6000062306806422,0.8558558558481454,0.6785714285665817,95,16,45,100,0.026928710937499996,0.006137387387387389,0.02079132355011261
LogReg,4,0.5,1.0,crp_dataset_8_1_7.csv|crp_dataset_8_1_1.csv|crp_dataset_8_1_8.csv|crp_dataset_8_1_2.csv,crp_dataset_8_1_3.csv,0.6000062306806422,0.9302325581323239,0.6936416184931004,120,9,53,74,0.0196044921875,0.002616279069767442,0.01698821311773256
LogReg,4,0.5,1.0,crp_dataset_8_1_7.csv|crp_dataset_8_1_1.csv|crp_dataset_8_1_8.csv|crp_dataset_8_1_3.csv,crp_dataset_8_1_5.csv,0.6535788251941855,0.8783783783665083,0.6499999999935,65,9,35,147,0.039282226562499994,0.003885135135135136,0.03539709142736486
LogReg,4,0.5,1.0,crp_dataset_8_1_7.csv|crp_dataset_8_1_1.csv|crp_dataset_8_1_8.csv|crp_dataset_8_1_3.csv,crp_dataset_8_1_4.csv,0.6535788251941855,0.855999999993152,0.816793893123536,107,18,24,107,0.023046875,0.00555,0.017496875000000002
LogReg,4,0.5,1.0,crp_dataset_8_1_7.csv|crp_dataset_8_1_1.csv|crp_dataset_8_1_8.csv|crp_dataset_8_1_3.csv,crp_dataset_8_1_6.csv,0.6535788251941855,0.8706896551649078,0.7214285714234184,101,15,39,101,0.026928710937499996,0.005549568965517242,0.021379141971982756
LogReg,4,0.5,1.0,crp_dataset_8_1_7.csv|crp_dataset_8_1_1.csv|crp_dataset_8_1_8.csv|crp_dataset_8_1_3.csv,crp_dataset_8_1_2.csv,0.6535788251941855,0.9178082191655095,0.5630252100793023,67,6,52,131,0.039453125,0.0023116438356164384,0.03714148116438356
LogReg,4,0.5,1.0,crp_dataset_8_1_7.csv|crp_dataset_8_1_1.csv|crp_dataset_8_1_2.csv|crp_dataset_8_1_3.csv,crp_dataset_8_1_5.csv,0.6059929850178254,0.8607594936599904,0.6799999999931999,68,11,32,145,0.039282226562499994,0.004588607594936709,0.03469361896756329
LogReg,4,0.5,1.0,crp_dataset_8_1_7.csv|crp_dataset_8_1_1.csv|crp_dataset_8_1_2.csv|crp_dataset_8_1_3.csv,crp_dataset_8_1_4.csv,0.6059929850178254,0.8294573643346554,0.816793893123536,107,22,24,103,0.023046875,0.00625,0.016796875000000003
LogReg,4,0.5,1.0,crp_dataset_8_1_7.csv|crp_dataset_8_1_1.csv|crp_dataset_8_1_2.csv|crp_dataset_8_1_3.csv,crp_dataset_8_1_6.csv,0.6059929850178254,0.8606557376978634,0.749999999994643,105,17,35,99,0.026928710937499996,0.005788934426229508,0.021139776511270487
LogReg,4,0.5,1.0,crp_dataset_8_1_7.csv|crp_dataset_8_1_1.csv|crp_dataset_8_1_2.csv|crp_dataset_8_1_3.csv,crp_dataset_8_1_8.csv,0.6059929850178254,0.8113207547093272,0.6231884057925856,86,20,52,98,0.0283203125,0.005070754716981132,0.02324955778301887
LogReg,4,0.5,1.0,crp_dataset_8_1_7.csv|crp_dataset_8_1_8.csv|crp_dataset_8_1_2.csv|crp_dataset_8_1_3.csv,crp_dataset_8_1_5.csv,0.6204137149120085,0.8372093023158463,0.7199999999928,72,14,28,142,0.039282226562499994,0.005087209302325582,0.03419501726017441
LogReg,4,0.5,1.0,crp_dataset_8_1_7.csv|crp_dataset_8_1_8.csv|crp_dataset_8_1_2.csv|crp_dataset_8_1_3.csv,crp_dataset_8_1_4.csv,0.6204137149120085,0.8461538461473374,0.8396946564821398,110,20,21,105,0.023046875,0.0057692307692307696,0.017277644230769232
LogReg,4,0.5,1.0,crp_dataset_8_1_7.csv|crp_dataset_8_1_8.csv|crp_dataset_8_1_2.csv|crp_dataset_8_1_3.csv,crp_dataset_8_1_6.csv,0.6204137149120085,0.8378378378302898,0.6642857142809694,93,18,47,98,0.026928710937499996,0.006644144144144145,0.02028456679335585
LogReg,4,0.5,1.0,crp_dataset_8_1_7.csv|crp_dataset_8_1_8.csv|crp_dataset_8_1_2.csv|crp_dataset_8_1_3.csv,crp_dataset_8_1_1.csv,0.6204137149120085,0.9052631578852077,0.6825396825342656,86,9,40,121,0.0252685546875,0.0025,0.0227685546875
LogReg,4,0.5,1.0,crp_dataset_8_1_4.csv|crp_dataset_8_1_6.csv|crp_dataset_8_1_1.csv|crp_dataset_8_1_8.csv,crp_dataset_8_1_5.csv,0.7614603187605774,0.9661016948988796,0.5699999999943,57,2,43,154,0.039282226562499994,0.0018008474576271187,0.037481379104872876
LogReg,4,0.5,1.0,crp_dataset_8_1_4.csv|crp_dataset_8_1_6.csv|crp_dataset_8_1_1.csv|crp_dataset_8_1_8.csv,crp_dataset_8_1_7.csv,0.7614603187605774,0.9999999999950981,0.9272727272685124,204,0,16,36,0.0095703125,0.00018382352941176473,0.009386488970588237
LogReg,4,0.5,1.0,crp_dataset_8_1_4.csv|crp_dataset_8_1_6.csv|crp_dataset_8_1_1.csv|crp_dataset_8_1_8.csv,crp_dataset_8_1_2.csv,0.7614603187605774,0.9999999999705883,0.28571428571188473,34,0,85,137,0.039453125,0.0009191176470588235,0.03853400735294118
LogReg,4,0.5,1.0,crp_dataset_8_1_4.csv|crp_dataset_8_1_6.csv|crp_dataset_8_1_1.csv|crp_dataset_8_1_8.csv,crp_dataset_8_1_3.csv,0.7614603187605774,0.9900990098911872,0.5780346820775837,100,1,73,82,0.0196044921875,0.0006188118811881188,0.01898568030631188
LogReg,4,0.5,1.0,crp_dataset_8_1_4.csv|crp_dataset_8_1_6.csv|crp_dataset_8_1_1.csv|crp_dataset_8_1_2.csv,crp_dataset_8_1_5.csv,0.6198194429287772,0.8684210526201523,0.6599999999934,66,10,34,146,0.039282226562499994,0.003453947368421053,0.03582827919407894
LogReg,4,0.5,1.0,crp_dataset_8_1_4.csv|crp_dataset_8_1_6.csv|crp_dataset_8_1_1.csv|crp_dataset_8_1_2.csv,crp_dataset_8_1_7.csv,0.6198194429287772,0.9606986899521367,0.9999999999954546,220,9,0,27,0.0095703125,0.001146288209606987,0.008424024290393014
LogReg,4,0.5,1.0,crp_dataset_8_1_4.csv|crp_dataset_8_1_6.csv|crp_dataset_8_1_1.csv|crp_dataset_8_1_2.csv,crp_dataset_8_1_8.csv,0.6198194429287772,0.8099999999919,0.5869565217348772,81,19,57,99,0.0283203125,0.005187499999999999,0.023132812500000002
LogReg,4,0.5,1.0,crp_dataset_8_1_4.csv|crp_dataset_8_1_6.csv|crp_dataset_8_1_1.csv|crp_dataset_8_1_2.csv,crp_dataset_8_1_3.csv,0.6198194429287772,0.9538461538388167,0.7167630057762038,124,6,49,77,0.0196044921875,0.0022596153846153847,0.017344876802884615
LogReg,4,0.5,1.0,crp_dataset_8_1_4.csv|crp_dataset_8_1_6.csv|crp_dataset_8_1_1.csv|crp_dataset_8_1_3.csv,crp_dataset_8_1_5.csv,0.6180099928780733,0.9636363636188431,0.5299999999946999,53,2,47,154,0.039282226562499994,0.0013636363636363637,0.03791859019886363
LogReg,4,0.5,1.0,crp_dataset_8_1_4.csv|crp_dataset_8_1_6.csv|crp_dataset_8_1_1.csv|crp_dataset_8_1_3.csv,crp_dataset_8_1_7.csv,0.6180099928780733,0.9999999999953052,0.9681818181774174,213,0,7,36,0.0095703125,0.00026408450704225355,0.009306227992957748
LogReg,4,0.5,1.0,crp_dataset_8_1_4.csv|crp_dataset_8_1_6.csv|crp_dataset_8_1_1.csv|crp_dataset_8_1_3.csv,crp_dataset_8_1_8.csv,0.6180099928780733,0.8160919540136081,0.5144927536194602,71,16,67,102,0.0283203125,0.005172413793103447,0.023147898706896552
LogReg,4,0.5,1.0,crp_dataset_8_1_4.csv|crp_dataset_8_1_6.csv|crp_dataset_8_1_1.csv|crp_dataset_8_1_3.csv,crp_dataset_8_1_2.csv,0.6180099928780733,0.9999999999714286,0.29411764705635196,35,0,84,137,0.039453125,0.0010714285714285715,0.03838169642857143
LogReg,4,0.5,1.0,crp_dataset_8_1_4.csv|crp_dataset_8_1_6.csv|crp_dataset_8_1_8.csv|crp_dataset_8_1_2.csv,crp_dataset_8_1_5.csv,0.6980909526761272,0.9264705882216695,0.6299999999936999,63,5,37,151,0.039282226562499994,0.002297794117647059,0.03698443244485294
LogReg,4,0.5,1.0,crp_dataset_8_1_4.csv|crp_dataset_8_1_6.csv|crp_dataset_8_1_8.csv|crp_dataset_8_1_2.csv,crp_dataset_8_1_7.csv,0.6980909526761272,0.9954128440321311,0.9863636363591529,217,1,3,35,0.0095703125,0.0004013761467889908,0.00916893635321101
LogReg,4,0.5,1.0,crp_dataset_8_1_4.csv|crp_dataset_8_1_6.csv|crp_dataset_8_1_8.csv|crp_dataset_8_1_2.csv,crp_dataset_8_1_1.csv,0.6980909526761272,0.9506172839388812,0.611111111106261,77,4,49,126,0.0252685546875,0.0010802469135802468,0.024188307773919754
LogReg,4,0.5,1.0,crp_dataset_8_1_4.csv|crp_dataset_8_1_6.csv|crp_dataset_8_1_8.csv|crp_dataset_8_1_2.csv,crp_dataset_8_1_3.csv,0.6980909526761272,0.9999999999910714,0.6473988439268937,112,0,61,83,0.0196044921875,0.0,0.0196044921875
LogReg,4,0.5,1.0,crp_dataset_8_1_4.csv|crp_dataset_8_1_6.csv|crp_dataset_8_1_8.csv|crp_dataset_8_1_3.csv,crp_dataset_8_1_5.csv,0.6001045509519987,0.8918918918798393,0.6599999999934,66,8,34,148,0.039282226562499994,0.003040540540540541,0.03624168602195945
LogReg,4,0.5,1.0,crp_dataset_8_1_4.csv|crp_dataset_8_1_6.csv|crp_dataset_8_1_8.csv|crp_dataset_8_1_3.csv,crp_dataset_8_1_7.csv,0.6001045509519987,0.9907834101336831,0.9772727272682852,215,2,5,34,0.0095703125,0.0004320276497695853,0.009138284850230416
LogReg,4,0.5,1.0,crp_dataset_8_1_4.csv|crp_dataset_8_1_6.csv|crp_dataset_8_1_8.csv|crp_dataset_8_1_3.csv,crp_dataset_8_1_1.csv,0.6001045509519987,0.9540229884947813,0.6587301587249307,83,4,43,126,0.0252685546875,0.0010057471264367816,0.024262807561063218
LogReg,4,0.5,1.0,crp_dataset_8_1_4.csv|crp_dataset_8_1_6.csv|crp_dataset_8_1_8.csv|crp_dataset_8_1_3.csv,crp_dataset_8_1_2.csv,0.6001045509519987,0.949152542356794,0.47058823529016314,56,3,63,134,0.039453125,0.0016949152542372883,0.03775820974576271
LogReg,4,0.5,1.0,crp_dataset_8_1_4.csv|crp_dataset_8_1_6.csv|crp_dataset_8_1_2.csv|crp_dataset_8_1_3.csv,crp_dataset_8_1_5.csv,0.6141807207228945,0.8974358974243918,0.699999999993,70,8,30,148,0.039282226562499994,0.003044871794871795,0.036237354767628197
LogReg,4,0.5,1.0,crp_dataset_8_1_4.csv|crp_dataset_8_1_6.csv|crp_dataset_8_1_2.csv|crp_dataset_8_1_3.csv,crp_dataset_8_1_7.csv,0.6141807207228945,0.9606986899521367,0.9999999999954546,220,9,0,27,0.0095703125,0.001146288209606987,0.008424024290393014
LogReg,4,0.5,1.0,crp_dataset_8_1_4.csv|crp_dataset_8_1_6.csv|crp_dataset_8_1_2.csv|crp_dataset_8_1_3.csv,crp_dataset_8_1_1.csv,0.6141807207228945,0.9512195121835216,0.619047619042706,78,4,48,126,0.0252685546875,0.0010670731707317072,0.024201481516768292
LogReg,4,0.5,1.0,crp_dataset_8_1_4.csv|crp_dataset_8_1_6.csv|crp_dataset_8_1_2.csv|crp_dataset_8_1_3.csv,crp_dataset_8_1_8.csv,0.6141807207228945,0.8124999999915364,0.5652173913002521,78,18,60,100,0.0283203125,0.005208333333333333,0.023111979166666668
LogReg,4,0.5,1.0,crp_dataset_8_1_4.csv|crp_dataset_8_1_1.csv|crp_dataset_8_1_8.csv|crp_dataset_8_1_2.csv,crp_dataset_8_1_5.csv,0.6024459820919704,0.8390804597604703,0.7299999999926999,73,14,27,142,0.039282226562499994,0.005028735632183908,0.034253490930316086
LogReg,4,0.5,1.0,crp_dataset_8_1_4.csv|crp_dataset_8_1_1.csv|crp_dataset_8_1_8.csv|crp_dataset_8_1_2.csv,crp_dataset_8_1_7.csv,0.6024459820919704,0.990740740736154,0.9727272727228513,214,2,6,34,0.0095703125,0.00040509259259259264,0.009165219907407408
LogReg,4,0.5,1.0,crp_dataset_8_1_4.csv|crp_dataset_8_1_1.csv|crp_dataset_8_1_8.csv|crp_dataset_8_1_2.csv,crp_dataset_8_1_6.csv,0.6024459820919704,0.8584905660296368,0.6499999999953572,91,15,49,101,0.026928710937499996,0.005837264150943396,0.0210914467865566
LogReg,4,0.5,1.0,crp_dataset_8_1_4.csv|crp_dataset_8_1_1.csv|crp_dataset_8_1_8.csv|crp_dataset_8_1_2.csv,crp_dataset_8_1_3.csv,0.6024459820919704,0.9833333333251388,0.6820809248515487,118,2,55,81,0.0196044921875,0.0010416666666666667,0.018562825520833333
LogReg,4,0.5,1.0,crp_dataset_8_1_4.csv|crp_dataset_8_1_1.csv|crp_dataset_8_1_8.csv|crp_dataset_8_1_3.csv,crp_dataset_8_1_5.csv,0.6165038593607105,0.8857142857016326,0.6199999999938,62,8,38,148,0.039282226562499994,0.003839285714285714,0.03544294084821428
LogReg,4,0.5,1.0,crp_dataset_8_1_4.csv|crp_dataset_8_1_1.csv|crp_dataset_8_1_8.csv|crp_dataset_8_1_3.csv,crp_dataset_8_1_7.csv,0.6165038593607105,0.9906976744139968,0.9681818181774174,213,2,7,34,0.0095703125,0.0004069767441860465,0.009163335755813955
LogReg,4,0.5,1.0,crp_dataset_8_1_4.csv|crp_dataset_8_1_1.csv|crp_dataset_8_1_8.csv|crp_dataset_8_1_3.csv,crp_dataset_8_1_6.csv,0.6165038593607105,0.8608695652099054,0.7071428571378062,99,16,41,100,0.026928710937499996,0.005923913043478261,0.021004797894021734
LogReg,4,0.5,1.0,crp_dataset_8_1_4.csv|crp_dataset_8_1_1.csv|crp_dataset_8_1_8.csv|crp_dataset_8_1_3.csv,crp_dataset_8_1_2.csv,0.6165038593607105,0.9298245613871962,0.4453781512567615,53,4,66,133,0.039453125,0.0020833333333333333,0.037369791666666666
LogReg,4,0.5,1.0,crp_dataset_8_1_4.csv|crp_dataset_8_1_1.csv|crp_dataset_8_1_2.csv|crp_dataset_8_1_3.csv,crp_dataset_8_1_5.csv,0.633856447399202,0.9041095890287107,0.6599999999934,66,7,34,149,0.039282226562499994,0.002910958904109589,0.036371267658390403
LogReg,4,0.5,1.0,crp_dataset_8_1_4.csv|crp_dataset_8_1_1.csv|crp_dataset_8_1_2.csv|crp_dataset_8_1_3.csv,crp_dataset_8_1_7.csv,0.633856447399202,0.956521739126276,0.9999999999954546,220,10,0,26,0.0095703125,0.0013315217391304346,0.008238790760869566
LogReg,4,0.5,1.0,crp_dataset_8_1_4.csv|crp_dataset_8_1_1.csv|crp_dataset_8_1_2.csv|crp_dataset_8_1_3.csv,crp_dataset_8_1_6.csv,0.633856447399202,0.8492063491996095,0.7642857142802552,107,19,33,97,0.026928710937499996,0.006597222222222222,0.020331488715277773
LogReg,4,0.5,1.0,crp_dataset_8_1_4.csv|crp_dataset_8_1_1.csv|crp_dataset_8_1_2.csv|crp_dataset_8_1_3.csv,crp_dataset_8_1_8.csv,0.633856447399202,0.8118811881107735,0.5942028985464188,82,19,56,99,0.0283203125,0.0051361386138613855,0.023184173886138616
LogReg,4,0.5,1.0,crp_dataset_8_1_4.csv|crp_dataset_8_1_8.csv|crp_dataset_8_1_2.csv|crp_dataset_8_1_3.csv,crp_dataset_8_1_5.csv,0.6008431320843406,0.8414634146238845,0.6899999999931,69,13,31,143,0.039282226562499994,0.005030487804878049,0.03425173875762195
LogReg,4,0.5,1.0,crp_dataset_8_1_4.csv|crp_dataset_8_1_8.csv|crp_dataset_8_1_2.csv|crp_dataset_8_1_3.csv,crp_dataset_8_1_7.csv,0.6008431320843406,0.9863013698585101,0.981818181813719,216,3,4,33,0.0095703125,0.0005422374429223744,0.009028075057077626
LogReg,4,0.5,1.0,crp_dataset_8_1_4.csv|crp_dataset_8_1_8.csv|crp_dataset_8_1_2.csv|crp_dataset_8_1_3.csv,crp_dataset_8_1_6.csv,0.6008431320843406,0.8518518518439643,0.6571428571381633,92,16,48,100,0.026928710937499996,0.006307870370370371,0.020620840567129626
LogReg,4,0.5,1.0,crp_dataset_8_1_4.csv|crp_dataset_8_1_8.csv|crp_dataset_8_1_2.csv|crp_dataset_8_1_3.csv,crp_dataset_8_1_1.csv,0.6008431320843406,0.9230769230667794,0.6666666666613756,84,7,42,123,0.0252685546875,0.0016483516483516486,0.02362020303914835
LogReg,4,0.5,1.0,crp_dataset_8_1_6.csv|crp_dataset_8_1_1.csv|crp_dataset_8_1_8.csv|crp_dataset_8_1_2.csv,crp_dataset_8_1_5.csv,0.6222496967325813,0.8554216867366816,0.7099999999929,71,12,29,144,0.039282226562499994,0.004367469879518072,0.034914756682981926
LogReg,4,0.5,1.0,crp_dataset_8_1_6.csv|crp_dataset_8_1_1.csv|crp_dataset_8_1_8.csv|crp_dataset_8_1_2.csv,crp_dataset_8_1_7.csv,0.6222496967325813,0.9691629955904443,0.9999999999954546,220,7,0,29,0.0095703125,0.0009636563876651982,0.008606656112334802
LogReg,4,0.5,1.0,crp_dataset_8_1_6.csv|crp_dataset_8_1_1.csv|crp_dataset_8_1_8.csv|crp_dataset_8_1_2.csv,crp_dataset_8_1_4.csv,0.6222496967325813,0.847999999993216,0.8091603053373347,106,19,25,106,0.023046875,0.00595,0.017096875
LogReg,4,0.5,1.0,crp_dataset_8_1_6.csv|crp_dataset_8_1_1.csv|crp_dataset_8_1_8.csv|crp_dataset_8_1_2.csv,crp_dataset_8_1_3.csv,0.6222496967325813,0.9531249999925538,0.705202312134652,122,6,51,77,0.0196044921875,0.002685546875,0.0169189453125
LogReg,4,0.5,1.0,crp_dataset_8_1_6.csv|crp_dataset_8_1_1.csv|crp_dataset_8_1_8.csv|crp_dataset_8_1_3.csv,crp_dataset_8_1_5.csv,0.6005939597616305,0.8624999999892187,0.6899999999931,69,11,31,145,0.039282226562499994,0.003984375,0.035297851562499996
LogReg,4,0.5,1.0,crp_dataset_8_1_6.csv|crp_dataset_8_1_1.csv|crp_dataset_8_1_8.csv|crp_dataset_8_1_3.csv,crp_dataset_8_1_7.csv,0.6005939597616305,0.9954128440321311,0.9863636363591529,217,1,3,35,0.0095703125,0.00040137614678899085,0.00916893635321101
LogReg,4,0.5,1.0,crp_dataset_8_1_6.csv|crp_dataset_8_1_1.csv|crp_dataset_8_1_8.csv|crp_dataset_8_1_3.csv,crp_dataset_8_1_4.csv,0.6005939597616305,0.844262295075047,0.7862595419787309,103,19,28,106,0.023046875,0.006352459016393442,0.01669441598360656
LogReg,4,0.5,1.0,crp_dataset_8_1_6.csv|crp_dataset_8_1_1.csv|crp_dataset_8_1_8.csv|crp_dataset_8_1_3.csv,crp_dataset_8_1_2.csv,0.6005939597616305,0.8977272727170712,0.6638655462129087,79,9,40,128,0.039453125,0.002911931818181818,0.03654119318181818
LogReg,4,0.5,1.0,crp_dataset_8_1_6.csv|crp_dataset_8_1_1.csv|crp_dataset_8_1_2.csv|crp_dataset_8_1_3.csv,crp_dataset_8_1_5.csv,0.6360024076581589,0.8815789473568213,0.6699999999933,67,9,33,147,0.039282226562499994,0.0032072368421052636,0.03607498972039473
LogReg,4,0.5,1.0,crp_dataset_8_1_6.csv|crp_dataset_8_1_1.csv|crp_dataset_8_1_2.csv|crp_dataset_8_1_3.csv,crp_dataset_8_1_7.csv,0.6360024076581589,0.9606986899521367,0.9999999999954546,220,9,0,27,0.0095703125,0.001146288209606987,0.008424024290393014
LogReg,4,0.5,1.0,crp_dataset_8_1_6.csv|crp_dataset_8_1_1.csv|crp_dataset_8_1_2.csv|crp_dataset_8_1_3.csv,crp_dataset_8_1_4.csv,0.6360024076581589,0.8699186991799194,0.816793893123536,107,16,24,109,0.023046875,0.005030487804878049,0.01801638719512195
LogReg,4,0.5,1.0,crp_dataset_8_1_6.csv|crp_dataset_8_1_1.csv|crp_dataset_8_1_2.csv|crp_dataset_8_1_3.csv,crp_dataset_8_1_8.csv,0.6360024076581589,0.8039215686195693,0.5942028985464188,82,20,56,98,0.0283203125,0.005208333333333332,0.023111979166666668
LogReg,4,0.5,1.0,crp_dataset_8_1_6.csv|crp_dataset_8_1_8.csv|crp_dataset_8_1_2.csv|crp_dataset_8_1_3.csv,crp_dataset_8_1_5.csv,0.6320756597178842,0.8624999999892187,0.6899999999931,69,11,31,145,0.039282226562499994,0.00375,0.03553222656249999
LogReg,4,0.5,1.0,crp_dataset_8_1_6.csv|crp_dataset_8_1_8.csv|crp_dataset_8_1_2.csv|crp_dataset_8_1_3.csv,crp_dataset_8_1_7.csv,0.6320756597178842,0.9649122806975223,0.9999999999954546,220,8,0,28,0.0095703125,0.0010416666666666667,0.008528645833333334
LogReg,4,0.5,1.0,crp_dataset_8_1_6.csv|crp_dataset_8_1_8.csv|crp_dataset_8_1_2.csv|crp_dataset_8_1_3.csv,crp_dataset_8_1_4.csv,0.6320756597178842,0.8709677419284599,0.8244274809097373,108,16,23,109,0.023046875,0.004788306451612903,0.0182585685483871
LogReg,4,0.5,1.0,crp_dataset_8_1_6.csv|crp_dataset_8_1_8.csv|crp_dataset_8_1_2.csv|crp_dataset_8_1_3.csv,crp_dataset_8_1_1.csv,0.6320756597178842,0.9438202247084964,0.6666666666613756,84,5,42,125,0.0252685546875,0.001193820224719101,0.024074734462780897
LogReg,4,0.5,1.0,crp_dataset_8_1_1.csv|crp_dataset_8_1_8.csv|crp_dataset_8_1_2.csv|crp_dataset_8_1_3.csv,crp_dataset_8_1_5.csv,0.6150128707004702,0.8734177215079314,0.6899999999931,69,10,31,146,0.039282226562499994,0.003955696202531646,0.03532653035996835
LogReg,4,0.5,1.0,crp_dataset_8_1_1.csv|crp_dataset_8_1_8.csv|crp_dataset_8_1_2.csv|crp_dataset_8_1_3.csv,crp_dataset_8_1_7.csv,0.6150128707004702,0.9282700421901762,0.9999999999954546,220,17,0,19,0.0095703125,0.002610759493670886,0.006959553006329115
LogReg,4,0.5,1.0,crp_dataset_8_1_1.csv|crp_dataset_8_1_8.csv|crp_dataset_8_1_2.csv|crp_dataset_8_1_3.csv,crp_dataset_8_1_4.csv,0.6150128707004702,0.8161764705822341,0.8473282442683411,111,25,20,100,0.023046875,0.006893382352941176,0.016153492647058825
LogReg,4,0.5,1.0,crp_dataset_8_1_1.csv|crp_dataset_8_1_8.csv|crp_dataset_8_1_2.csv|crp_dataset_8_1_3.csv,crp_dataset_8_1_6.csv,0.6150128707004702,0.7733333333281779,0.8285714285655102,116,34,24,82,0.026928710937499996,0.009916666666666666,0.017012044270833332
LogReg,5,0.5,1.0,crp_dataset_8_1_5.csv|crp_dataset_8_1_7.csv|crp_dataset_8_1_4.csv|crp_dataset_8_1_6.csv|crp_dataset_8_1_1.csv,crp_dataset_8_1_8.csv,0.6617220997404321,0.8085106382892712,0.5507246376771687,76,18,62,100,0.0283203125,0.005186170212765957,0.023134142287234042
LogReg,5,0.5,1.0,crp_dataset_8_1_5.csv|crp_dataset_8_1_7.csv|crp_dataset_8_1_4.csv|crp_dataset_8_1_6.csv|crp_dataset_8_1_1.csv,crp_dataset_8_1_2.csv,0.6617220997404321,0.9756097560737657,0.33613445377868795,40,1,79,136,0.039453125,0.0012195121951219512,0.038233612804878046
LogReg,5,0.5,1.0,crp_dataset_8_1_5.csv|crp_dataset_8_1_7.csv|crp_dataset_8_1_4.csv|crp_dataset_8_1_6.csv|crp_dataset_8_1_1.csv,crp_dataset_8_1_3.csv,0.6617220997404321,0.9826086956436294,0.6531791907476695,113,2,60,81,0.0196044921875,0.0010869565217391304,0.018517535665760868
LogReg,5,0.5,1.0,crp_dataset_8_1_5.csv|crp_dataset_8_1_7.csv|crp_dataset_8_1_4.csv|crp_dataset_8_1_6.csv|crp_dataset_8_1_8.csv,crp_dataset_8_1_1.csv,0.6177200991836729,0.949999999988125,0.6031746031698161,76,4,50,126,0.0252685546875,0.0010937499999999999,0.0241748046875
LogReg,5,0.5,1.0,crp_dataset_8_1_5.csv|crp_dataset_8_1_7.csv|crp_dataset_8_1_4.csv|crp_dataset_8_1_6.csv|crp_dataset_8_1_8.csv,crp_dataset_8_1_2.csv,0.6177200991836729,0.964285714268495,0.45378151260122873,54,2,65,135,0.039453125,0.0015625,0.037890625
LogReg,5,0.5,1.0,crp_dataset_8_1_5.csv|crp_dataset_8_1_7.csv|crp_dataset_8_1_4.csv|crp_dataset_8_1_6.csv|crp_dataset_8_1_8.csv,crp_dataset_8_1_3.csv,0.6177200991836729,0.9912280701667436,0.6531791907476695,113,1,60,82,0.0196044921875,0.0005482456140350877,0.019056246573464913
LogReg,5,0.5,1.0,crp_dataset_8_1_5.csv|crp_dataset_8_1_7.csv|crp_dataset_8_1_4.csv|crp_dataset_8_1_6.csv|crp_dataset_8_1_2.csv,crp_dataset_8_1_1.csv,0.6923350002156614,0.9480519480396357,0.5793650793604812,73,4,53,126,0.0252685546875,0.0011363636363636363,0.024132191051136363
LogReg,5,0.5,1.0,crp_dataset_8_1_5.csv|crp_dataset_8_1_7.csv|crp_dataset_8_1_4.csv|crp_dataset_8_1_6.csv|crp_dataset_8_1_2.csv,crp_dataset_8_1_8.csv,0.6923350002156614,0.8043478260782135,0.5362318840540853,74,18,64,100,0.0283203125,0.00529891304347826,0.023021399456521742
LogReg,5,0.5,1.0,crp_dataset_8_1_5.csv|crp_dataset_8_1_7.csv|crp_dataset_8_1_4.csv|crp_dataset_8_1_6.csv|crp_dataset_8_1_2.csv,crp_dataset_8_1_3.csv,0.6923350002156614,0.9912280701667436,0.6531791907476695,113,1,60,82,0.0196044921875,0.0005482456140350877,0.019056246573464913
LogReg,5,0.5,1.0,crp_dataset_8_1_5.csv|crp_dataset_8_1_7.csv|crp_dataset_8_1_4.csv|crp_dataset_8_1_6.csv|crp_dataset_8_1_3.csv,crp_dataset_8_1_1.csv,0.7157306131675331,0.9459459459331628,0.5555555555511463,70,4,56,126,0.0252685546875,0.0011824324324324323,0.02408612225506757
LogReg,5,0.5,1.0,crp_dataset_8_1_5.csv|crp_dataset_8_1_7.csv|crp_dataset_8_1_4.csv|crp_dataset_8_1_6.csv|crp_dataset_8_1_3.csv,crp_dataset_8_1_8.csv,0.7157306131675331,0.8181818181711924,0.4565217391271267,63,14,75,104,0.0283203125,0.005275974025974026,0.023044338474025976
LogReg,5,0.5,1.0,crp_dataset_8_1_5.csv|crp_dataset_8_1_7.csv|crp_dataset_8_1_4.csv|crp_dataset_8_1_6.csv|crp_dataset_8_1_3.csv,crp_dataset_8_1_2.csv,0.7157306131675331,0.9999999999655173,0.24369747898954874,29,0,90,137,0.039453125,0.0010775862068965517,0.038375538793103445
LogReg,5,0.5,1.0,crp_dataset_8_1_5.csv|crp_dataset_8_1_7.csv|crp_dataset_8_1_4.csv|crp_dataset_8_1_1.csv|crp_dataset_8_1_8.csv,crp_dataset_8_1_6.csv,0.6391899339571436,0.9368421052532964,0.635714285709745,89,6,51,110,0.026928710937499996,0.0027631578947368415,0.024165553042763153
LogReg,5,0.5,1.0,crp_dataset_8_1_5.csv|crp_dataset_8_1_7.csv|crp_dataset_8_1_4.csv|crp_dataset_8_1_1.csv|crp_dataset_8_1_8.csv,crp_dataset_8_1_2.csv,0.6391899339571436,0.9384615384471006,0.5126050420124991,61,4,58,133,0.039453125,0.0019230769230769232,0.037530048076923075
LogReg,5,0.5,1.0,crp_dataset_8_1_5.csv|crp_dataset_8_1_7.csv|crp_dataset_8_1_4.csv|crp_dataset_8_1_1.csv|crp_dataset_8_1_8.csv,crp_dataset_8_1_3.csv,0.6391899339571436,0.9836065573689868,0.6936416184931004,120,2,53,81,0.0196044921875,0.0010245901639344263,0.018579902023565572
LogReg,5,0.5,1.0,crp_dataset_8_1_5.csv|crp_dataset_8_1_7.csv|crp_dataset_8_1_4.csv|crp_dataset_8_1_1.csv|crp_dataset_8_1_2.csv,crp_dataset_8_1_6.csv,0.6535930828277526,0.9479166666567925,0.6499999999953572,91,5,49,111,0.026928710937499996,0.001953125,0.024975585937499996
LogReg,5,0.5,1.0,crp_dataset_8_1_5.csv|crp_dataset_8_1_7.csv|crp_dataset_8_1_4.csv|crp_dataset_8_1_1.csv|crp_dataset_8_1_2.csv,crp_dataset_8_1_8.csv,0.6535930828277526,0.8199999999918,0.5942028985464188,82,18,56,100,0.0283203125,0.005062499999999998,0.023257812500000002
LogReg,5,0.5,1.0,crp_dataset_8_1_5.csv|crp_dataset_8_1_7.csv|crp_dataset_8_1_4.csv|crp_dataset_8_1_1.csv|crp_dataset_8_1_2.csv,crp_dataset_8_1_3.csv,0.6535930828277526,0.9836065573689868,0.6936416184931004,120,2,53,81,0.0196044921875,0.0010245901639344263,0.018579902023565572
LogReg,5,0.5,1.0,crp_dataset_8_1_5.csv|crp_dataset_8_1_7.csv|crp_dataset_8_1_4.csv|crp_dataset_8_1_1.csv|crp_dataset_8_1_3.csv,crp_dataset_8_1_6.csv,0.7444420012269047,0.9082568807256123,0.7071428571378062,99,10,41,106,0.026928710937499996,0.003956422018348624,0.022972288919151373
LogReg,5,0.5,1.0,crp_dataset_8_1_5.csv|crp_dataset_8_1_7.csv|crp_dataset_8_1_4.csv|crp_dataset_8_1_1.csv|crp_dataset_8_1_3.csv,crp_dataset_8_1_8.csv,0.7444420012269047,0.8181818181711924,0.4565217391271267,63,14,75,104,0.0283203125,0.005113636363636363,0.023206676136363638
LogReg,5,0.5,1.0,crp_dataset_8_1_5.csv|crp_dataset_8_1_7.csv|crp_dataset_8_1_4.csv|crp_dataset_8_1_1.csv|crp_dataset_8_1_3.csv,crp_dataset_8_1_2.csv,0.7444420012269047,0.9999999999687501,0.2689075630229503,32,0,87,137,0.039453125,0.0011718750000000002,0.038281249999999996
LogReg,5,0.5,1.0,crp_dataset_8_1_5.csv|crp_dataset_8_1_7.csv|crp_dataset_8_1_4.csv|crp_dataset_8_1_8.csv|crp_dataset_8_1_2.csv,crp_dataset_8_1_6.csv,0.6187968175603973,0.8469387755015618,0.5928571428529082,83,15,57,101,0.026928710937499996,0.006568877551020409,0.020359833386479585
LogReg,5,0.5,1.0,crp_dataset_8_1_5.csv|crp_dataset_8_1_7.csv|crp_dataset_8_1_4.csv|crp_dataset_8_1_8.csv|crp_dataset_8_1_2.csv,crp_dataset_8_1_1.csv,0.6187968175603973,0.9186046511521092,0.6269841269791508,79,7,47,123,0.0252685546875,0.0017441860465116279,0.02352436864098837
LogReg,5,0.5,1.0,crp_dataset_8_1_5.csv|crp_dataset_8_1_7.csv|crp_dataset_8_1_4.csv|crp_dataset_8_1_8.csv|crp_dataset_8_1_2.csv,crp_dataset_8_1_3.csv,0.6187968175603973,0.9655172413709869,0.6473988439268937,112,4,61,79,0.0196044921875,0.0008620689655172415,0.018742423221982756
LogReg,5,0.5,1.0,crp_dataset_8_1_5.csv|crp_dataset_8_1_7.csv|crp_dataset_8_1_4.csv|crp_dataset_8_1_8.csv|crp_dataset_8_1_3.csv,crp_dataset_8_1_6.csv,0.6006420039109573,0.8558558558481454,0.6785714285665817,95,16,45,100,0.026928710937499996,0.006137387387387389,0.02079132355011261
LogReg,5,0.5,1.0,crp_dataset_8_1_5.csv|crp_dataset_8_1_7.csv|crp_dataset_8_1_4.csv|crp_dataset_8_1_8.csv|crp_dataset_8_1_3.csv,crp_dataset_8_1_1.csv,0.6006420039109573,0.9550561797645499,0.6746031745978206,85,4,41,126,0.0252685546875,0.0009831460674157302,0.02428540862008427
LogReg,5,0.5,1.0,crp_dataset_8_1_5.csv|crp_dataset_8_1_7.csv|crp_dataset_8_1_4.csv|crp_dataset_8_1_8.csv|crp_dataset_8_1_3.csv,crp_dataset_8_1_2.csv,0.6006420039109573,0.9814814814633059,0.4453781512567615,53,1,66,136,0.039453125,0.0011574074074074076,0.03829571759259259
LogReg,5,0.5,1.0,crp_dataset_8_1_5.csv|crp_dataset_8_1_7.csv|crp_dataset_8_1_4.csv|crp_dataset_8_1_2.csv|crp_dataset_8_1_3.csv,crp_dataset_8_1_6.csv,0.6219077343032013,0.8648648648570733,0.6857142857093879,96,15,44,101,0.026928710937499996,0.00579954954954955,0.021129161387950447
LogReg,5,0.5,1.0,crp_dataset_8_1_5.csv|crp_dataset_8_1_7.csv|crp_dataset_8_1_4.csv|crp_dataset_8_1_2.csv|crp_dataset_8_1_3.csv,crp_dataset_8_1_1.csv,0.6219077343032013,0.9302325581287182,0.6349206349155958,80,6,46,124,0.0252685546875,0.0015261627906976748,0.023742391896802325
LogReg,5,0.5,1.0,crp_dataset_8_1_5.csv|crp_dataset_8_1_7.csv|crp_dataset_8_1_4.csv|crp_dataset_8_1_2.csv|crp_dataset_8_1_3.csv,crp_dataset_8_1_8.csv,0.6219077343032013,0.816326530603915,0.5797101449233355,80,18,58,100,0.0283203125,0.00510204081632653,0.02321827168367347
LogReg,5,0.5,1.0,crp_dataset_8_1_5.csv|crp_dataset_8_1_7.csv|crp_dataset_8_1_6.csv|crp_dataset_8_1_1.csv|crp_dataset_8_1_8.csv,crp_dataset_8_1_4.csv,0.624144888946603,0.8888888888812915,0.7938931297649322,104,13,27,112,0.023046875,0.004754273504273504,0.018292601495726497
LogReg,5,0.5,1.0,crp_dataset_8_1_5.csv|crp_dataset_8_1_7.csv|crp_dataset_8_1_6.csv|crp_dataset_8_1_1.csv|crp_dataset_8_1_8.csv,crp_dataset_8_1_2.csv,0.624144888946603,0.9344262294928783,0.4789915966346303,57,4,62,133,0.039453125,0.002254098360655738,0.03719902663934426
LogReg,5,0.5,1.0,crp_dataset_8_1_5.csv|crp_dataset_8_1_7.csv|crp_dataset_8_1_6.csv|crp_dataset_8_1_1.csv|crp_dataset_8_1_8.csv,crp_dataset_8_1_3.csv,0.624144888946603,0.9774436090152072,0.7514450867008587,130,3,43,80,0.0196044921875,0.0013157894736842105,0.018288702713815788
LogReg,5,0.5,1.0,crp_dataset_8_1_5.csv|crp_dataset_8_1_7.csv|crp_dataset_8_1_6.csv|crp_dataset_8_1_1.csv|crp_dataset_8_1_2.csv,crp_dataset_8_1_4.csv,0.6059667394833408,0.8617886178791724,0.8091603053373347,106,17,25,108,0.023046875,0.005233739837398374,0.017813135162601627
LogReg,5,0.5,1.0,crp_dataset_8_1_5.csv|crp_dataset_8_1_7.csv|crp_dataset_8_1_6.csv|crp_dataset_8_1_1.csv|crp_dataset_8_1_2.csv,crp_dataset_8_1_8.csv,0.6059667394833408,0.8118811881107735,0.5942028985464188,82,19,56,99,0.0283203125,0.0051361386138613855,0.023184173886138616
LogReg,5,0.5,1.0,crp_dataset_8_1_5.csv|crp_dataset_8_1_7.csv|crp_dataset_8_1_6.csv|crp_dataset_8_1_1.csv|crp_dataset_8_1_2.csv,crp_dataset_8_1_3.csv,0.6059667394833408,0.9555555555484775,0.7456647398800829,129,6,44,77,0.0196044921875,0.0025462962962962965,0.017058195891203703
LogReg,5,0.5,1.0,crp_dataset_8_1_5.csv|crp_dataset_8_1_7.csv|crp_dataset_8_1_6.csv|crp_dataset_8_1_1.csv|crp_dataset_8_1_3.csv,crp_dataset_8_1_4.csv,0.6807794410832811,0.916666666658179,0.7557251908339259,99,9,32,116,0.023046875,0.00318287037037037,0.01986400462962963
LogReg,5,0.5,1.0,crp_dataset_8_1_5.csv|crp_dataset_8_1_7.csv|crp_dataset_8_1_6.csv|crp_dataset_8_1_1.csv|crp_dataset_8_1_3.csv,crp_dataset_8_1_8.csv,0.6807794410832811,0.8124999999915364,0.5652173913002521,78,18,60,100,0.0283203125,0.005143229166666667,0.023177083333333334
LogReg,5,0.5,1.0,crp_dataset_8_1_5.csv|crp_dataset_8_1_7.csv|crp_dataset_8_1_6.csv|crp_dataset_8_1_1.csv|crp_dataset_8_1_3.csv,crp_dataset_8_1_2.csv,0.6807794410832811,0.9259259259087792,0.4201680672233599,50,4,69,133,0.039453125,0.0020833333333333333,0.037369791666666666
LogReg,5,0.5,1.0,crp_dataset_8_1_5.csv|crp_dataset_8_1_7.csv|crp_dataset_8_1_6.csv|crp_dataset_8_1_8.csv|crp_dataset_8_1_2.csv,crp_dataset_8_1_4.csv,0.6007190493821682,0.8661417322766445,0.8396946564821398,110,17,21,108,0.023046875,0.004970472440944882,0.01807640255905512
LogReg,5,0.5,1.0,crp_dataset_8_1_5.csv|crp_dataset_8_1_7.csv|crp_dataset_8_1_6.csv|crp_dataset_8_1_8.csv|crp_dataset_8_1_2.csv,crp_dataset_8_1_1.csv,0.6007190493821682,0.9425287356213502,0.6507936507884857,82,5,44,125,0.0252685546875,0.0012212643678160922,0.024047290319683907
LogReg,5,0.5,1.0,crp_dataset_8_1_5.csv|crp_dataset_8_1_7.csv|crp_dataset_8_1_6.csv|crp_dataset_8_1_8.csv|crp_dataset_8_1_2.csv,crp_dataset_8_1_3.csv,0.6007190493821682,0.952755905504309,0.6994219653138762,121,6,52,77,0.0196044921875,0.0015748031496062994,0.0180296890378937
LogReg,5,0.5,1.0,crp_dataset_8_1_5.csv|crp_dataset_8_1_7.csv|crp_dataset_8_1_6.csv|crp_dataset_8_1_8.csv|crp_dataset_8_1_3.csv,crp_dataset_8_1_4.csv,0.6053135234590833,0.8760330578439997,0.8091603053373347,106,15,25,110,0.023046875,0.0049586776859504135,0.01808819731404959
LogReg,5,0.5,1.0,crp_dataset_8_1_5.csv|crp_dataset_8_1_7.csv|crp_dataset_8_1_6.csv|crp_dataset_8_1_8.csv|crp_dataset_8_1_3.csv,crp_dataset_8_1_1.csv,0.6053135234590833,0.9550561797645499,0.6746031745978206,85,4,41,126,0.0252685546875,0.0009831460674157302,0.02428540862008427
LogReg,5,0.5,1.0,crp_dataset_8_1_5.csv|crp_dataset_8_1_7.csv|crp_dataset_8_1_6.csv|crp_dataset_8_1_8.csv|crp_dataset_8_1_3.csv,crp_dataset_8_1_2.csv,0.6053135234590833,0.9538461538314792,0.5210084033569663,62,3,57,134,0.039453125,0.0017307692307692308,0.03772235576923077
LogReg,5,0.5,1.0,crp_dataset_8_1_5.csv|crp_dataset_8_1_7.csv|crp_dataset_8_1_6.csv|crp_dataset_8_1_2.csv|crp_dataset_8_1_3.csv,crp_dataset_8_1_4.csv,0.6535556518487362,0.9137931034403983,0.8091603053373347,106,10,25,115,0.023046875,0.003125,0.019921875000000002
LogReg,5,0.5,1.0,crp_dataset_8_1_5.csv|crp_dataset_8_1_7.csv|crp_dataset_8_1_6.csv|crp_dataset_8_1_2.csv|crp_dataset_8_1_3.csv,crp_dataset_8_1_1.csv,0.6535556518487362,0.9512195121835216,0.619047619042706,78,4,48,126,0.0252685546875,0.0010670731707317072,0.024201481516768292
LogReg,5,0.5,1.0,crp_dataset_8_1_5.csv|crp_dataset_8_1_7.csv|crp_dataset_8_1_6.csv|crp_dataset_8_1_2.csv|crp_dataset_8_1_3.csv,crp_dataset_8_1_8.csv,0.6535556518487362,0.8105263157809418,0.5579710144887104,77,18,61,100,0.0283203125,0.005263157894736841,0.02305715460526316
LogReg,5,0.5,1.0,crp_dataset_8_1_5.csv|crp_dataset_8_1_7.csv|crp_dataset_8_1_1.csv|crp_dataset_8_1_8.csv|crp_dataset_8_1_2.csv,crp_dataset_8_1_4.csv,0.6243730714537379,0.8770491803206799,0.816793893123536,107,15,24,110,0.023046875,0.0046618852459016395,0.01838498975409836
LogReg,5,0.5,1.0,crp_dataset_8_1_5.csv|crp_dataset_8_1_7.csv|crp_dataset_8_1_1.csv|crp_dataset_8_1_8.csv|crp_dataset_8_1_2.csv,crp_dataset_8_1_6.csv,0.6243730714537379,0.8596491227994767,0.6999999999950001,98,16,42,100,0.026928710937499996,0.005975877192982456,0.020952833744517542
LogReg,5,0.5,1.0,crp_dataset_8_1_5.csv|crp_dataset_8_1_7.csv|crp_dataset_8_1_1.csv|crp_dataset_8_1_8.csv|crp_dataset_8_1_2.csv,crp_dataset_8_1_3.csv,0.6243730714537379,0.9763779527482175,0.7167630057762038,124,3,49,80,0.0196044921875,0.0010826771653543307,0.018521815022145668
LogReg,5,0.5,1.0,crp_dataset_8_1_5.csv|crp_dataset_8_1_7.csv|crp_dataset_8_1_1.csv|crp_dataset_8_1_8.csv|crp_dataset_8_1_3.csv,crp_dataset_8_1_4.csv,0.6742281380544792,0.8749999999927083,0.8015267175511335,105,15,26,110,0.023046875,0.005052083333333333,0.01799479166666667
LogReg,5,0.5,1.0,crp_dataset_8_1_5.csv|crp_dataset_8_1_7.csv|crp_dataset_8_1_1.csv|crp_dataset_8_1_8.csv|crp_dataset_8_1_3.csv,crp_dataset_8_1_6.csv,0.6742281380544792,0.8655462184801215,0.7357142857090306,103,16,37,100,0.026928710937499996,0.005724789915966387,0.02120392102153361
LogReg,5,0.5,1.0,crp_dataset_8_1_5.csv|crp_dataset_8_1_7.csv|crp_dataset_8_1_1.csv|crp_dataset_8_1_8.csv|crp_dataset_8_1_3.csv,crp_dataset_8_1_2.csv,0.6742281380544792,0.9583333333133681,0.3865546218454911,46,2,73,135,0.039453125,0.0018229166666666665,0.03763020833333333
LogReg,5,0.5,1.0,crp_dataset_8_1_5.csv|crp_dataset_8_1_7.csv|crp_dataset_8_1_1.csv|crp_dataset_8_1_2.csv|crp_dataset_8_1_3.csv,crp_dataset_8_1_4.csv,0.7029440970169684,0.8617886178791724,0.8091603053373347,106,17,25,108,0.023046875,0.005182926829268292,0.01786394817073171
LogReg,5,0.5,1.0,crp_dataset_8_1_5.csv|crp_dataset_8_1_7.csv|crp_dataset_8_1_1.csv|crp_dataset_8_1_2.csv|crp_dataset_8_1_3.csv,crp_dataset_8_1_6.csv,0.7029440970169684,0.8706896551649078,0.7214285714234184,101,15,39,101,0.026928710937499996,0.005549568965517241,0.021379141971982756
LogReg,5,0.5,1.0,crp_dataset_8_1_5.csv|crp_dataset_8_1_7.csv|crp_dataset_8_1_1.csv|crp_dataset_8_1_2.csv|crp_dataset_8_1_3.csv,crp_dataset_8_1_8.csv,0.7029440970169684,0.8039215686195693,0.5942028985464188,82,20,56,98,0.0283203125,0.005208333333333332,0.023111979166666668
LogReg,5,0.5,1.0,crp_dataset_8_1_5.csv|crp_dataset_8_1_7.csv|crp_dataset_8_1_8.csv|crp_dataset_8_1_2.csv|crp_dataset_8_1_3.csv,crp_dataset_8_1_4.csv,0.6233229120604653,0.8527131782879636,0.8396946564821398,110,19,21,106,0.023046875,0.005087209302325582,0.017959665697674418
LogReg,5,0.5,1.0,crp_dataset_8_1_5.csv|crp_dataset_8_1_7.csv|crp_dataset_8_1_8.csv|crp_dataset_8_1_2.csv|crp_dataset_8_1_3.csv,crp_dataset_8_1_6.csv,0.6233229120604653,0.846153846146614,0.7071428571378062,99,18,41,98,0.026928710937499996,0.0065170940170940165,0.02041161692040598
LogReg,5,0.5,1.0,crp_dataset_8_1_5.csv|crp_dataset_8_1_7.csv|crp_dataset_8_1_8.csv|crp_dataset_8_1_2.csv|crp_dataset_8_1_3.csv,crp_dataset_8_1_1.csv,0.6233229120604653,0.9139784946138282,0.6746031745978206,85,8,41,122,0.0252685546875,0.0020833333333333333,0.023185221354166667
LogReg,5,0.5,1.0,crp_dataset_8_1_5.csv|crp_dataset_8_1_4.csv|crp_dataset_8_1_6.csv|crp_dataset_8_1_1.csv|crp_dataset_8_1_8.csv,crp_dataset_8_1_7.csv,0.6446391644570735,0.9775784753319392,0.9909090909045868,218,5,2,31,0.0095703125,0.0007567264573991032,0.008813586042600897
LogReg,5,0.5,1.0,crp_dataset_8_1_5.csv|crp_dataset_8_1_4.csv|crp_dataset_8_1_6.csv|crp_dataset_8_1_1.csv|crp_dataset_8_1_8.csv,crp_dataset_8_1_2.csv,0.6446391644570735,0.9473684210360112,0.45378151260122873,54,3,65,134,0.039453125,0.0018640350877192982,0.0375890899122807
LogReg,5,0.5,1.0,crp_dataset_8_1_5.csv|crp_dataset_8_1_4.csv|crp_dataset_8_1_6.csv|crp_dataset_8_1_1.csv|crp_dataset_8_1_8.csv,crp_dataset_8_1_3.csv,0.6446391644570735,0.9758064516050338,0.6994219653138762,121,3,52,80,0.0196044921875,0.001411290322580645,0.018193201864919354
LogReg,5,0.5,1.0,crp_dataset_8_1_5.csv|crp_dataset_8_1_4.csv|crp_dataset_8_1_6.csv|crp_dataset_8_1_1.csv|crp_dataset_8_1_2.csv,crp_dataset_8_1_7.csv,0.879975568795762,0.999999999995025,0.9136363636322108,201,0,19,36,0.0095703125,0.0001554726368159204,0.009414839863184081
LogReg,5,0.5,1.0,crp_dataset_8_1_5.csv|crp_dataset_8_1_4.csv|crp_dataset_8_1_6.csv|crp_dataset_8_1_1.csv|crp_dataset_8_1_2.csv,crp_dataset_8_1_8.csv,0.879975568795762,0.779661016935938,0.3333333333309179,46,13,92,105,0.0283203125,0.0055084745762711855,0.022811837923728814
LogReg,5,0.5,1.0,crp_dataset_8_1_5.csv|crp_dataset_8_1_4.csv|crp_dataset_8_1_6.csv|crp_dataset_8_1_1.csv|crp_dataset_8_1_2.csv,crp_dataset_8_1_3.csv,0.879975568795762,0.99999999999,0.5780346820775837,100,0,73,83,0.0196044921875,0.0,0.0196044921875
LogReg,5,0.5,1.0,crp_dataset_8_1_5.csv|crp_dataset_8_1_4.csv|crp_dataset_8_1_6.csv|crp_dataset_8_1_1.csv|crp_dataset_8_1_3.csv,crp_dataset_8_1_7.csv,0.6865128769481457,0.9906976744139968,0.9681818181774174,213,2,7,34,0.0095703125,0.0003779069767441861,0.009192405523255814
LogReg,5,0.5,1.0,crp_dataset_8_1_5.csv|crp_dataset_8_1_4.csv|crp_dataset_8_1_6.csv|crp_dataset_8_1_1.csv|crp_dataset_8_1_3.csv,crp_dataset_8_1_8.csv,0.6865128769481457,0.8095238095141724,0.4927536231848352,68,16,70,102,0.0283203125,0.005357142857142856,0.022963169642857145
LogReg,5,0.5,1.0,crp_dataset_8_1_5.csv|crp_dataset_8_1_4.csv|crp_dataset_8_1_6.csv|crp_dataset_8_1_1.csv|crp_dataset_8_1_3.csv,crp_dataset_8_1_2.csv,0.6865128769481457,0.9999999999705883,0.28571428571188473,34,0,85,137,0.039453125,0.0011029411764705884,0.03835018382352941
LogReg,5,0.5,1.0,crp_dataset_8_1_5.csv|crp_dataset_8_1_4.csv|crp_dataset_8_1_6.csv|crp_dataset_8_1_8.csv|crp_dataset_8_1_2.csv,crp_dataset_8_1_7.csv,0.6669716969896986,0.9954545454500207,0.9954545454500207,219,1,1,35,0.0095703125,0.0004261363636363636,0.009144176136363638
LogReg,5,0.5,1.0,crp_dataset_8_1_5.csv|crp_dataset_8_1_4.csv|crp_dataset_8_1_6.csv|crp_dataset_8_1_8.csv|crp_dataset_8_1_2.csv,crp_dataset_8_1_1.csv,0.6669716969896986,0.9493670885955776,0.5952380952333711,75,4,51,126,0.0252685546875,0.0011075949367088606,0.02416095975079114
LogReg,5,0.5,1.0,crp_dataset_8_1_5.csv|crp_dataset_8_1_4.csv|crp_dataset_8_1_6.csv|crp_dataset_8_1_8.csv|crp_dataset_8_1_2.csv,crp_dataset_8_1_3.csv,0.6669716969896986,0.9999999999910714,0.6473988439268937,112,0,61,83,0.0196044921875,0.0,0.0196044921875
LogReg,5,0.5,1.0,crp_dataset_8_1_5.csv|crp_dataset_8_1_4.csv|crp_dataset_8_1_6.csv|crp_dataset_8_1_8.csv|crp_dataset_8_1_3.csv,crp_dataset_8_1_7.csv,0.60128141756886,0.9819819819775587,0.9909090909045868,218,4,2,32,0.0095703125,0.0005912162162162161,0.008979096283783785
LogReg,5,0.5,1.0,crp_dataset_8_1_5.csv|crp_dataset_8_1_4.csv|crp_dataset_8_1_6.csv|crp_dataset_8_1_8.csv|crp_dataset_8_1_3.csv,crp_dataset_8_1_1.csv,0.60128141756886,0.9534883720819362,0.6507936507884857,82,4,44,126,0.0252685546875,0.0010174418604651163,0.024251112827034883
LogReg,5,0.5,1.0,crp_dataset_8_1_5.csv|crp_dataset_8_1_4.csv|crp_dataset_8_1_6.csv|crp_dataset_8_1_8.csv|crp_dataset_8_1_3.csv,crp_dataset_8_1_2.csv,0.60128141756886,0.9649122806848262,0.4621848739456959,55,2,64,135,0.039453125,0.0015350877192982458,0.037918037280701755
LogReg,5,0.5,1.0,crp_dataset_8_1_5.csv|crp_dataset_8_1_4.csv|crp_dataset_8_1_6.csv|crp_dataset_8_1_2.csv|crp_dataset_8_1_3.csv,crp_dataset_8_1_7.csv,0.6878380375622256,0.9777777777734321,0.9999999999954546,220,5,0,31,0.0095703125,0.0007222222222222223,0.008848090277777778
LogReg,5,0.5,1.0,crp_dataset_8_1_5.csv|crp_dataset_8_1_4.csv|crp_dataset_8_1_6.csv|crp_dataset_8_1_2.csv|crp_dataset_8_1_3.csv,crp_dataset_8_1_1.csv,0.6878380375622256,0.9487179487057856,0.5873015872969262,74,4,52,126,0.0252685546875,0.0011217948717948717,0.02414675981570513
LogReg,5,0.5,1.0,crp_dataset_8_1_5.csv|crp_dataset_8_1_4.csv|crp_dataset_8_1_6.csv|crp_dataset_8_1_2.csv|crp_dataset_8_1_3.csv,crp_dataset_8_1_8.csv,0.6878380375622256,0.8085106382892712,0.5507246376771687,76,18,62,100,0.0283203125,0.005319148936170212,0.023001163563829786
LogReg,5,0.5,1.0,crp_dataset_8_1_5.csv|crp_dataset_8_1_4.csv|crp_dataset_8_1_1.csv|crp_dataset_8_1_8.csv|crp_dataset_8_1_2.csv,crp_dataset_8_1_7.csv,0.7398548486055408,0.9953488372046728,0.9727272727228513,214,1,6,35,0.0095703125,0.00029069767441860465,0.009279614825581397
LogReg,5,0.5,1.0,crp_dataset_8_1_5.csv|crp_dataset_8_1_4.csv|crp_dataset_8_1_1.csv|crp_dataset_8_1_8.csv|crp_dataset_8_1_2.csv,crp_dataset_8_1_6.csv,0.7398548486055408,0.8773584905577607,0.6642857142809694,93,13,47,103,0.026928710937499996,0.005306603773584905,0.02162210716391509
LogReg,5,0.5,1.0,crp_dataset_8_1_5.csv|crp_dataset_8_1_4.csv|crp_dataset_8_1_1.csv|crp_dataset_8_1_8.csv|crp_dataset_8_1_2.csv,crp_dataset_8_1_3.csv,0.7398548486055408,0.9915966386471294,0.6820809248515487,118,1,55,82,0.0196044921875,0.0005252100840336134,0.019079282103466384
LogReg,5,0.5,1.0,crp_dataset_8_1_5.csv|crp_dataset_8_1_4.csv|crp_dataset_8_1_1.csv|crp_dataset_8_1_8.csv|crp_dataset_8_1_3.csv,crp_dataset_8_1_7.csv,0.6416941416457802,0.9819819819775587,0.9909090909045868,218,4,2,32,0.0095703125,0.0005912162162162161,0.008979096283783785
LogReg,5,0.5,1.0,crp_dataset_8_1_5.csv|crp_dataset_8_1_4.csv|crp_dataset_8_1_1.csv|crp_dataset_8_1_8.csv|crp_dataset_8_1_3.csv,crp_dataset_8_1_6.csv,0.6416941416457802,0.8644067796536914,0.7285714285662246,102,16,38,100,0.026928710937499996,0.005773305084745763,0.021155405852754234
LogReg,5,0.5,1.0,crp_dataset_8_1_5.csv|crp_dataset_8_1_4.csv|crp_dataset_8_1_1.csv|crp_dataset_8_1_8.csv|crp_dataset_8_1_3.csv,crp_dataset_8_1_2.csv,0.6416941416457802,0.955555555534321,0.36134453781208953,43,2,76,135,0.039453125,0.0018055555555555557,0.037647569444444445
LogReg,5,0.5,1.0,crp_dataset_8_1_5.csv|crp_dataset_8_1_4.csv|crp_dataset_8_1_1.csv|crp_dataset_8_1_2.csv|crp_dataset_8_1_3.csv,crp_dataset_8_1_7.csv,0.721463282885862,0.9777777777734321,0.9999999999954546,220,5,0,31,0.0095703125,0.0008055555555555556,0.008764756944444445
LogReg,5,0.5,1.0,crp_dataset_8_1_5.csv|crp_dataset_8_1_4.csv|crp_dataset_8_1_1.csv|crp_dataset_8_1_2.csv|crp_dataset_8_1_3.csv,crp_dataset_8_1_6.csv,0.721463282885862,0.8717948717874205,0.7285714285662246,102,15,38,101,0.026928710937499996,0.005502136752136752,0.021426574185363242
LogReg,5,0.5,1.0,crp_dataset_8_1_5.csv|crp_dataset_8_1_4.csv|crp_dataset_8_1_1.csv|crp_dataset_8_1_2.csv|crp_dataset_8_1_3.csv,crp_dataset_8_1_8.csv,0.721463282885862,0.8181818181735537,0.5869565217348772,81,18,57,100,0.0283203125,0.005113636363636364,0.023206676136363638
LogReg,5,0.5,1.0,crp_dataset_8_1_5.csv|crp_dataset_8_1_4.csv|crp_dataset_8_1_8.csv|crp_dataset_8_1_2.csv|crp_dataset_8_1_3.csv,crp_dataset_8_1_7.csv,0.608311250329927,0.9691629955904443,0.9999999999954546,220,7,0,29,0.0095703125,0.0009636563876651982,0.008606656112334802
LogReg,5,0.5,1.0,crp_dataset_8_1_5.csv|crp_dataset_8_1_4.csv|crp_dataset_8_1_8.csv|crp_dataset_8_1_2.csv|crp_dataset_8_1_3.csv,crp_dataset_8_1_6.csv,0.608311250329927,0.8608695652099054,0.7071428571378062,99,16,41,100,0.026928710937499996,0.005923913043478261,0.021004797894021734
LogReg,5,0.5,1.0,crp_dataset_8_1_5.csv|crp_dataset_8_1_4.csv|crp_dataset_8_1_8.csv|crp_dataset_8_1_2.csv|crp_dataset_8_1_3.csv,crp_dataset_8_1_1.csv,0.608311250329927,0.933333333322963,0.6666666666613756,84,6,42,124,0.0252685546875,0.0014583333333333334,0.023810221354166668
LogReg,5,0.5,1.0,crp_dataset_8_1_5.csv|crp_dataset_8_1_6.csv|crp_dataset_8_1_1.csv|crp_dataset_8_1_8.csv|crp_dataset_8_1_2.csv,crp_dataset_8_1_7.csv,0.6095107016828074,0.9606986899521367,0.9999999999954546,220,9,0,27,0.0095703125,0.0013646288209606986,0.008205683679039302
LogReg,5,0.5,1.0,crp_dataset_8_1_5.csv|crp_dataset_8_1_6.csv|crp_dataset_8_1_1.csv|crp_dataset_8_1_8.csv|crp_dataset_8_1_2.csv,crp_dataset_8_1_4.csv,0.6095107016828074,0.8688524590092717,0.8091603053373347,106,16,25,109,0.023046875,0.005225409836065575,0.017821465163934427
LogReg,5,0.5,1.0,crp_dataset_8_1_5.csv|crp_dataset_8_1_6.csv|crp_dataset_8_1_1.csv|crp_dataset_8_1_8.csv|crp_dataset_8_1_2.csv,crp_dataset_8_1_3.csv,0.6095107016828074,0.9618320610613601,0.7283236994177554,126,5,47,78,0.0196044921875,0.0021469465648854963,0.017457545622614503
LogReg,5,0.5,1.0,crp_dataset_8_1_5.csv|crp_dataset_8_1_6.csv|crp_dataset_8_1_1.csv|crp_dataset_8_1_8.csv|crp_dataset_8_1_3.csv,crp_dataset_8_1_7.csv,0.6032007665326541,0.9688888888845828,0.9909090909045868,218,7,2,29,0.0095703125,0.0009444444444444446,0.008625868055555557
LogReg,5,0.5,1.0,crp_dataset_8_1_5.csv|crp_dataset_8_1_6.csv|crp_dataset_8_1_1.csv|crp_dataset_8_1_8.csv|crp_dataset_8_1_3.csv,crp_dataset_8_1_4.csv,0.6032007665326541,0.8606557376978634,0.8015267175511335,105,17,26,108,0.023046875,0.005942622950819673,0.017104252049180327
LogReg,5,0.5,1.0,crp_dataset_8_1_5.csv|crp_dataset_8_1_6.csv|crp_dataset_8_1_1.csv|crp_dataset_8_1_8.csv|crp_dataset_8_1_3.csv,crp_dataset_8_1_2.csv,0.6032007665326541,0.9333333333208889,0.5882352941127039,70,5,49,132,0.039453125,0.0021666666666666666,0.037286458333333335
LogReg,5,0.5,1.0,crp_dataset_8_1_5.csv|crp_dataset_8_1_6.csv|crp_dataset_8_1_1.csv|crp_dataset_8_1_2.csv|crp_dataset_8_1_3.csv,crp_dataset_8_1_7.csv,0.6099779058289625,0.9482758620648781,0.9999999999954546,220,12,0,24,0.0095703125,0.0016971982758620687,0.007873114224137933
LogReg,5,0.5,1.0,crp_dataset_8_1_5.csv|crp_dataset_8_1_6.csv|crp_dataset_8_1_1.csv|crp_dataset_8_1_2.csv|crp_dataset_8_1_3.csv,crp_dataset_8_1_4.csv,0.6099779058289625,0.842519685032736,0.816793893123536,107,20,24,105,0.023046875,0.006200787401574804,0.016846087598425197
LogReg,5,0.5,1.0,crp_dataset_8_1_5.csv|crp_dataset_8_1_6.csv|crp_dataset_8_1_1.csv|crp_dataset_8_1_2.csv|crp_dataset_8_1_3.csv,crp_dataset_8_1_8.csv,0.6099779058289625,0.8039215686195693,0.5942028985464188,82,20,56,98,0.0283203125,0.005208333333333332,0.023111979166666668
LogReg,5,0.5,1.0,crp_dataset_8_1_5.csv|crp_dataset_8_1_6.csv|crp_dataset_8_1_8.csv|crp_dataset_8_1_2.csv|crp_dataset_8_1_3.csv,crp_dataset_8_1_7.csv,0.6080918152847135,0.956521739126276,0.9999999999954546,220,10,0,26,0.0095703125,0.0013315217391304346,0.008238790760869566
LogReg,5,0.5,1.0,crp_dataset_8_1_5.csv|crp_dataset_8_1_6.csv|crp_dataset_8_1_8.csv|crp_dataset_8_1_2.csv|crp_dataset_8_1_3.csv,crp_dataset_8_1_4.csv,0.6080918152847135,0.8449612403035275,0.8320610686959385,109,20,22,105,0.023046875,0.005862403100775194,0.017184471899224806
LogReg,5,0.5,1.0,crp_dataset_8_1_5.csv|crp_dataset_8_1_6.csv|crp_dataset_8_1_8.csv|crp_dataset_8_1_2.csv|crp_dataset_8_1_3.csv,crp_dataset_8_1_1.csv,0.6080918152847135,0.9347826086854915,0.6825396825342656,86,6,40,124,0.0252685546875,0.0014266304347826087,0.023841924252717393
LogReg,5,0.5,1.0,crp_dataset_8_1_5.csv|crp_dataset_8_1_1.csv|crp_dataset_8_1_8.csv|crp_dataset_8_1_2.csv|crp_dataset_8_1_3.csv,crp_dataset_8_1_7.csv,0.6167617295865031,0.9401709401669224,0.9999999999954546,220,14,0,22,0.0095703125,0.0019764957264957264,0.007593816773504274
LogReg,5,0.5,1.0,crp_dataset_8_1_5.csv|crp_dataset_8_1_1.csv|crp_dataset_8_1_8.csv|crp_dataset_8_1_2.csv|crp_dataset_8_1_3.csv,crp_dataset_8_1_4.csv,0.6167617295865031,0.8283582089490422,0.8473282442683411,111,23,20,102,0.023046875,0.006343283582089553,0.01670359141791045
LogReg,5,0.5,1.0,crp_dataset_8_1_5.csv|crp_dataset_8_1_1.csv|crp_dataset_8_1_8.csv|crp_dataset_8_1_2.csv|crp_dataset_8_1_3.csv,crp_dataset_8_1_6.csv,0.6167617295865031,0.8527131782879636,0.7857142857086735,110,19,30,97,0.026928710937499996,0.006153100775193798,0.020775610162306196
LogReg,5,0.5,1.0,crp_dataset_8_1_7.csv|crp_dataset_8_1_4.csv|crp_dataset_8_1_6.csv|crp_dataset_8_1_1.csv|crp_dataset_8_1_8.csv,crp_dataset_8_1_5.csv,0.6097946669490751,0.914285714272653,0.6399999999936,64,6,36,150,0.039282226562499994,0.0026785714285714286,0.03660365513392857
LogReg,5,0.5,1.0,crp_dataset_8_1_7.csv|crp_dataset_8_1_4.csv|crp_dataset_8_1_6.csv|crp_dataset_8_1_1.csv|crp_dataset_8_1_8.csv,crp_dataset_8_1_2.csv,0.6097946669490751,0.9482758620526159,0.4621848739456959,55,3,64,134,0.039453125,0.001831896551724138,0.03762122844827586
LogReg,5,0.5,1.0,crp_dataset_8_1_7.csv|crp_dataset_8_1_4.csv|crp_dataset_8_1_6.csv|crp_dataset_8_1_1.csv|crp_dataset_8_1_8.csv,crp_dataset_8_1_3.csv,0.6097946669490751,0.9679999999922559,0.6994219653138762,121,4,52,79,0.0196044921875,0.00175,0.017854492187499998
LogReg,5,0.5,1.0,crp_dataset_8_1_7.csv|crp_dataset_8_1_4.csv|crp_dataset_8_1_6.csv|crp_dataset_8_1_1.csv|crp_dataset_8_1_2.csv,crp_dataset_8_1_5.csv,0.6262019613440842,0.8918918918798393,0.6599999999934,66,8,34,148,0.039282226562499994,0.003040540540540541,0.03624168602195945
LogReg,5,0.5,1.0,crp_dataset_8_1_7.csv|crp_dataset_8_1_4.csv|crp_dataset_8_1_6.csv|crp_dataset_8_1_1.csv|crp_dataset_8_1_2.csv,crp_dataset_8_1_8.csv,0.6262019613440842,0.816326530603915,0.5797101449233355,80,18,58,100,0.0283203125,0.005165816326530612,0.023154496173469388
LogReg,5,0.5,1.0,crp_dataset_8_1_7.csv|crp_dataset_8_1_4.csv|crp_dataset_8_1_6.csv|crp_dataset_8_1_1.csv|crp_dataset_8_1_2.csv,crp_dataset_8_1_3.csv,0.6262019613440842,0.983999999992128,0.7109826589554279,123,2,50,81,0.0196044921875,0.001,0.0186044921875
LogReg,5,0.5,1.0,crp_dataset_8_1_7.csv|crp_dataset_8_1_4.csv|crp_dataset_8_1_6.csv|crp_dataset_8_1_1.csv|crp_dataset_8_1_3.csv,crp_dataset_8_1_5.csv,0.6030729574993258,0.9499999999841667,0.5699999999943,57,3,43,153,0.039282226562499994,0.0020833333333333333,0.03719889322916666
LogReg,5,0.5,1.0,crp_dataset_8_1_7.csv|crp_dataset_8_1_4.csv|crp_dataset_8_1_6.csv|crp_dataset_8_1_1.csv|crp_dataset_8_1_3.csv,crp_dataset_8_1_8.csv,0.6030729574993258,0.8021978021889868,0.5289855072425437,73,18,65,100,0.0283203125,0.005288461538461537,0.023031850961538463
LogReg,5,0.5,1.0,crp_dataset_8_1_7.csv|crp_dataset_8_1_4.csv|crp_dataset_8_1_6.csv|crp_dataset_8_1_1.csv|crp_dataset_8_1_3.csv,crp_dataset_8_1_2.csv,0.6030729574993258,0.936170212746039,0.3697478991565567,44,3,75,134,0.039453125,0.0021276595744680856,0.03732546542553191
LogReg,5,0.5,1.0,crp_dataset_8_1_7.csv|crp_dataset_8_1_4.csv|crp_dataset_8_1_6.csv|crp_dataset_8_1_8.csv|crp_dataset_8_1_2.csv,crp_dataset_8_1_5.csv,0.7444204736940826,0.9264705882216695,0.6299999999936999,63,5,37,151,0.039282226562499994,0.002481617647058824,0.03680060891544117
LogReg,5,0.5,1.0,crp_dataset_8_1_7.csv|crp_dataset_8_1_4.csv|crp_dataset_8_1_6.csv|crp_dataset_8_1_8.csv|crp_dataset_8_1_2.csv,crp_dataset_8_1_1.csv,0.7444204736940826,0.9444444444313271,0.5396825396782565,68,4,58,126,0.0252685546875,0.0012152777777777778,0.024053276909722223
LogReg,5,0.5,1.0,crp_dataset_8_1_7.csv|crp_dataset_8_1_4.csv|crp_dataset_8_1_6.csv|crp_dataset_8_1_8.csv|crp_dataset_8_1_2.csv,crp_dataset_8_1_3.csv,0.7444204736940826,0.9999999999910714,0.6473988439268937,112,0,61,83,0.0196044921875,0.0,0.0196044921875
LogReg,5,0.5,1.0,crp_dataset_8_1_7.csv|crp_dataset_8_1_4.csv|crp_dataset_8_1_6.csv|crp_dataset_8_1_8.csv|crp_dataset_8_1_3.csv,crp_dataset_8_1_5.csv,0.705453308168723,0.9508196721155604,0.5799999999941999,58,3,42,153,0.039282226562499994,0.0020491803278688526,0.03723304623463114
LogReg,5,0.5,1.0,crp_dataset_8_1_7.csv|crp_dataset_8_1_4.csv|crp_dataset_8_1_6.csv|crp_dataset_8_1_8.csv|crp_dataset_8_1_3.csv,crp_dataset_8_1_1.csv,0.705453308168723,0.9480519480396357,0.5793650793604812,73,4,53,126,0.0252685546875,0.0011363636363636363,0.024132191051136363
LogReg,5,0.5,1.0,crp_dataset_8_1_7.csv|crp_dataset_8_1_4.csv|crp_dataset_8_1_6.csv|crp_dataset_8_1_8.csv|crp_dataset_8_1_3.csv,crp_dataset_8_1_2.csv,0.705453308168723,0.9743589743339909,0.31932773108975354,38,1,81,136,0.039453125,0.001121794871794872,0.038331330128205124
LogReg,5,0.5,1.0,crp_dataset_8_1_7.csv|crp_dataset_8_1_4.csv|crp_dataset_8_1_6.csv|crp_dataset_8_1_2.csv|crp_dataset_8_1_3.csv,crp_dataset_8_1_5.csv,0.6118353021108196,0.8974358974243918,0.699999999993,70,8,30,148,0.039282226562499994,0.003044871794871795,0.036237354767628197
LogReg,5,0.5,1.0,crp_dataset_8_1_7.csv|crp_dataset_8_1_4.csv|crp_dataset_8_1_6.csv|crp_dataset_8_1_2.csv|crp_dataset_8_1_3.csv,crp_dataset_8_1_1.csv,0.6118353021108196,0.9512195121835216,0.619047619042706,78,4,48,126,0.0252685546875,0.0010670731707317072,0.024201481516768292
LogReg,5,0.5,1.0,crp_dataset_8_1_7.csv|crp_dataset_8_1_4.csv|crp_dataset_8_1_6.csv|crp_dataset_8_1_2.csv|crp_dataset_8_1_3.csv,crp_dataset_8_1_8.csv,0.6118353021108196,0.8124999999915364,0.5652173913002521,78,18,60,100,0.0283203125,0.005208333333333333,0.023111979166666668
LogReg,5,0.5,1.0,crp_dataset_8_1_7.csv|crp_dataset_8_1_4.csv|crp_dataset_8_1_1.csv|crp_dataset_8_1_8.csv|crp_dataset_8_1_2.csv,crp_dataset_8_1_5.csv,0.6305765458578552,0.8372093023158463,0.7199999999928,72,14,28,142,0.039282226562499994,0.005087209302325582,0.03419501726017441
LogReg,5,0.5,1.0,crp_dataset_8_1_7.csv|crp_dataset_8_1_4.csv|crp_dataset_8_1_1.csv|crp_dataset_8_1_8.csv|crp_dataset_8_1_2.csv,crp_dataset_8_1_6.csv,0.6305765458578552,0.8877551020317576,0.6214285714241327,87,11,53,105,0.026928710937499996,0.004846938775510204,0.022081772161989793
LogReg,5,0.5,1.0,crp_dataset_8_1_7.csv|crp_dataset_8_1_4.csv|crp_dataset_8_1_1.csv|crp_dataset_8_1_8.csv|crp_dataset_8_1_2.csv,crp_dataset_8_1_3.csv,0.6305765458578552,0.9915254237204107,0.6763005780307729,117,1,56,82,0.0196044921875,0.0005296610169491525,0.019074831170550848
LogReg,5,0.5,1.0,crp_dataset_8_1_7.csv|crp_dataset_8_1_4.csv|crp_dataset_8_1_1.csv|crp_dataset_8_1_8.csv|crp_dataset_8_1_3.csv,crp_dataset_8_1_5.csv,0.6278570936167149,0.9264705882216695,0.6299999999936999,63,5,37,151,0.039282226562499994,0.002481617647058824,0.03680060891544117
LogReg,5,0.5,1.0,crp_dataset_8_1_7.csv|crp_dataset_8_1_4.csv|crp_dataset_8_1_1.csv|crp_dataset_8_1_8.csv|crp_dataset_8_1_3.csv,crp_dataset_8_1_6.csv,0.6278570936167149,0.8849557522045579,0.7142857142806123,100,13,40,103,0.026928710937499996,0.004922566371681416,0.022006144565818578
LogReg,5,0.5,1.0,crp_dataset_8_1_7.csv|crp_dataset_8_1_4.csv|crp_dataset_8_1_1.csv|crp_dataset_8_1_8.csv|crp_dataset_8_1_3.csv,crp_dataset_8_1_2.csv,0.6278570936167149,0.9344262294928783,0.4789915966346303,57,4,62,133,0.039453125,0.002254098360655738,0.03719902663934426
LogReg,5,0.5,1.0,crp_dataset_8_1_7.csv|crp_dataset_8_1_4.csv|crp_dataset_8_1_1.csv|crp_dataset_8_1_2.csv|crp_dataset_8_1_3.csv,crp_dataset_8_1_5.csv,0.6368486496100995,0.8815789473568213,0.6699999999933,67,9,33,147,0.039282226562499994,0.003700657894736842,0.03558156866776315
LogReg,5,0.5,1.0,crp_dataset_8_1_7.csv|crp_dataset_8_1_4.csv|crp_dataset_8_1_1.csv|crp_dataset_8_1_2.csv|crp_dataset_8_1_3.csv,crp_dataset_8_1_6.csv,0.6368486496100995,0.8706896551649078,0.7214285714234184,101,15,39,101,0.026928710937499996,0.005549568965517242,0.021379141971982756
LogReg,5,0.5,1.0,crp_dataset_8_1_7.csv|crp_dataset_8_1_4.csv|crp_dataset_8_1_1.csv|crp_dataset_8_1_2.csv|crp_dataset_8_1_3.csv,crp_dataset_8_1_8.csv,0.6368486496100995,0.8039215686195693,0.5942028985464188,82,20,56,98,0.0283203125,0.005208333333333332,0.023111979166666668
LogReg,5,0.5,1.0,crp_dataset_8_1_7.csv|crp_dataset_8_1_4.csv|crp_dataset_8_1_8.csv|crp_dataset_8_1_2.csv|crp_dataset_8_1_3.csv,crp_dataset_8_1_5.csv,0.6543054294235829,0.8470588235194463,0.7199999999928,72,13,28,143,0.039282226562499994,0.004485294117647059,0.034796932444852935
LogReg,5,0.5,1.0,crp_dataset_8_1_7.csv|crp_dataset_8_1_4.csv|crp_dataset_8_1_8.csv|crp_dataset_8_1_2.csv|crp_dataset_8_1_3.csv,crp_dataset_8_1_6.csv,0.6543054294235829,0.8446601941665567,0.6214285714241327,87,16,53,100,0.026928710937499996,0.006614077669902914,0.020314633267597082
LogReg,5,0.5,1.0,crp_dataset_8_1_7.csv|crp_dataset_8_1_4.csv|crp_dataset_8_1_8.csv|crp_dataset_8_1_2.csv|crp_dataset_8_1_3.csv,crp_dataset_8_1_1.csv,0.6543054294235829,0.9222222222119753,0.6587301587249307,83,7,43,123,0.0252685546875,0.001666666666666667,0.023601888020833333
LogReg,5,0.5,1.0,crp_dataset_8_1_7.csv|crp_dataset_8_1_6.csv|crp_dataset_8_1_1.csv|crp_dataset_8_1_8.csv|crp_dataset_8_1_2.csv,crp_dataset_8_1_5.csv,0.6559723894499646,0.8536585365749554,0.699999999993,70,12,30,144,0.039282226562499994,0.004420731707317074,0.03486149485518292
LogReg,5,0.5,1.0,crp_dataset_8_1_7.csv|crp_dataset_8_1_6.csv|crp_dataset_8_1_1.csv|crp_dataset_8_1_8.csv|crp_dataset_8_1_2.csv,crp_dataset_8_1_4.csv,0.6559723894499646,0.8617886178791724,0.8091603053373347,106,17,25,108,0.023046875,0.005538617886178862,0.01750825711382114
LogReg,5,0.5,1.0,crp_dataset_8_1_7.csv|crp_dataset_8_1_6.csv|crp_dataset_8_1_1.csv|crp_dataset_8_1_8.csv|crp_dataset_8_1_2.csv,crp_dataset_8_1_3.csv,0.6559723894499646,0.9603174603098388,0.6994219653138762,121,5,52,78,0.0196044921875,0.002232142857142857,0.017372349330357143
LogReg,5,0.5,1.0,crp_dataset_8_1_7.csv|crp_dataset_8_1_6.csv|crp_dataset_8_1_1.csv|crp_dataset_8_1_8.csv|crp_dataset_8_1_3.csv,crp_dataset_8_1_5.csv,0.6101061282569785,0.8846153846040433,0.6899999999931,69,9,31,147,0.039282226562499994,0.003766025641025641,0.03551620092147435
LogReg,5,0.5,1.0,crp_dataset_8_1_7.csv|crp_dataset_8_1_6.csv|crp_dataset_8_1_1.csv|crp_dataset_8_1_8.csv|crp_dataset_8_1_3.csv,crp_dataset_8_1_4.csv,0.6101061282569785,0.847999999993216,0.8091603053373347,106,19,25,106,0.023046875,0.0056500000000000005,0.017396875
LogReg,5,0.5,1.0,crp_dataset_8_1_7.csv|crp_dataset_8_1_6.csv|crp_dataset_8_1_1.csv|crp_dataset_8_1_8.csv|crp_dataset_8_1_3.csv,crp_dataset_8_1_2.csv,0.6101061282569785,0.9342105263034972,0.5966386554571711,71,5,48,132,0.039453125,0.0021381578947368422,0.03731496710526316
LogReg,5,0.5,1.0,crp_dataset_8_1_7.csv|crp_dataset_8_1_6.csv|crp_dataset_8_1_1.csv|crp_dataset_8_1_2.csv|crp_dataset_8_1_3.csv,crp_dataset_8_1_5.csv,0.6287152031289954,0.8815789473568213,0.6699999999933,67,9,33,147,0.039282226562499994,0.003700657894736842,0.03558156866776315
LogReg,5,0.5,1.0,crp_dataset_8_1_7.csv|crp_dataset_8_1_6.csv|crp_dataset_8_1_1.csv|crp_dataset_8_1_2.csv|crp_dataset_8_1_3.csv,crp_dataset_8_1_4.csv,0.6287152031289954,0.8699186991799194,0.816793893123536,107,16,24,109,0.023046875,0.005233739837398374,0.017813135162601627
LogReg,5,0.5,1.0,crp_dataset_8_1_7.csv|crp_dataset_8_1_6.csv|crp_dataset_8_1_1.csv|crp_dataset_8_1_2.csv|crp_dataset_8_1_3.csv,crp_dataset_8_1_8.csv,0.6287152031289954,0.8039215686195693,0.5942028985464188,82,20,56,98,0.0283203125,0.005208333333333332,0.023111979166666668
LogReg,5,0.5,1.0,crp_dataset_8_1_7.csv|crp_dataset_8_1_6.csv|crp_dataset_8_1_8.csv|crp_dataset_8_1_2.csv|crp_dataset_8_1_3.csv,crp_dataset_8_1_5.csv,0.6358513430489485,0.8536585365749554,0.699999999993,70,12,30,144,0.039282226562499994,0.004420731707317074,0.03486149485518292
LogReg,5,0.5,1.0,crp_dataset_8_1_7.csv|crp_dataset_8_1_6.csv|crp_dataset_8_1_8.csv|crp_dataset_8_1_2.csv|crp_dataset_8_1_3.csv,crp_dataset_8_1_4.csv,0.6358513430489485,0.8760330578439997,0.8091603053373347,106,15,25,110,0.023046875,0.004597107438016528,0.018449767561983473
LogReg,5,0.5,1.0,crp_dataset_8_1_7.csv|crp_dataset_8_1_6.csv|crp_dataset_8_1_8.csv|crp_dataset_8_1_2.csv|crp_dataset_8_1_3.csv,crp_dataset_8_1_1.csv,0.6358513430489485,0.9438202247084964,0.6666666666613756,84,5,42,125,0.0252685546875,0.001193820224719101,0.024074734462780897
LogReg,5,0.5,1.0,crp_dataset_8_1_7.csv|crp_dataset_8_1_1.csv|crp_dataset_8_1_8.csv|crp_dataset_8_1_2.csv|crp_dataset_8_1_3.csv,crp_dataset_8_1_5.csv,0.611160913471661,0.8717948717836949,0.6799999999931999,68,10,32,146,0.039282226562499994,0.003926282051282051,0.03535594451121794
LogReg,5,0.5,1.0,crp_dataset_8_1_7.csv|crp_dataset_8_1_1.csv|crp_dataset_8_1_8.csv|crp_dataset_8_1_2.csv|crp_dataset_8_1_3.csv,crp_dataset_8_1_4.csv,0.611160913471661,0.8396946564821398,0.8396946564821398,110,21,21,104,0.023046875,0.005629770992366412,0.01741710400763359
LogReg,5,0.5,1.0,crp_dataset_8_1_7.csv|crp_dataset_8_1_1.csv|crp_dataset_8_1_8.csv|crp_dataset_8_1_2.csv|crp_dataset_8_1_3.csv,crp_dataset_8_1_6.csv,0.611160913471661,0.8666666666594445,0.7428571428518368,104,16,36,100,0.026928710937499996,0.005677083333333334,0.021251627604166663
LogReg,5,0.5,1.0,crp_dataset_8_1_4.csv|crp_dataset_8_1_6.csv|crp_dataset_8_1_1.csv|crp_dataset_8_1_8.csv|crp_dataset_8_1_2.csv,crp_dataset_8_1_5.csv,0.7315728132811278,0.9384615384471006,0.6099999999939,61,4,39,152,0.039282226562499994,0.0020192307692307693,0.03726299579326923
LogReg,5,0.5,1.0,crp_dataset_8_1_4.csv|crp_dataset_8_1_6.csv|crp_dataset_8_1_1.csv|crp_dataset_8_1_8.csv|crp_dataset_8_1_2.csv,crp_dataset_8_1_7.csv,0.7315728132811278,0.9954128440321311,0.9863636363591529,217,1,3,35,0.0095703125,0.00040137614678899085,0.00916893635321101
LogReg,5,0.5,1.0,crp_dataset_8_1_4.csv|crp_dataset_8_1_6.csv|crp_dataset_8_1_1.csv|crp_dataset_8_1_8.csv|crp_dataset_8_1_2.csv,crp_dataset_8_1_3.csv,0.7315728132811278,0.9909909909820631,0.635838150285342,110,1,63,82,0.0196044921875,0.0005630630630630631,0.019041429124436935
LogReg,5,0.5,1.0,crp_dataset_8_1_4.csv|crp_dataset_8_1_6.csv|crp_dataset_8_1_1.csv|crp_dataset_8_1_8.csv|crp_dataset_8_1_3.csv,crp_dataset_8_1_5.csv,0.6034509971750692,0.8799999999882666,0.6599999999934,66,9,34,147,0.039282226562499994,0.00375,0.03553222656249999
LogReg,5,0.5,1.0,crp_dataset_8_1_4.csv|crp_dataset_8_1_6.csv|crp_dataset_8_1_1.csv|crp_dataset_8_1_8.csv|crp_dataset_8_1_3.csv,crp_dataset_8_1_7.csv,0.6034509971750692,0.9907834101336831,0.9772727272682852,215,2,5,34,0.0095703125,0.0004320276497695853,0.009138284850230416
LogReg,5,0.5,1.0,crp_dataset_8_1_4.csv|crp_dataset_8_1_6.csv|crp_dataset_8_1_1.csv|crp_dataset_8_1_8.csv|crp_dataset_8_1_3.csv,crp_dataset_8_1_2.csv,0.6034509971750692,0.9264705882216695,0.5294117647014335,63,5,56,132,0.039453125,0.002205882352941177,0.03724724264705882
LogReg,5,0.5,1.0,crp_dataset_8_1_4.csv|crp_dataset_8_1_6.csv|crp_dataset_8_1_1.csv|crp_dataset_8_1_2.csv|crp_dataset_8_1_3.csv,crp_dataset_8_1_5.csv,0.6250048442500366,0.8904109588919121,0.6499999999935,65,8,35,148,0.039282226562499994,0.003082191780821918,0.036200034781678075
LogReg,5,0.5,1.0,crp_dataset_8_1_4.csv|crp_dataset_8_1_6.csv|crp_dataset_8_1_1.csv|crp_dataset_8_1_2.csv|crp_dataset_8_1_3.csv,crp_dataset_8_1_7.csv,0.6250048442500366,0.9606986899521367,0.9999999999954546,220,9,0,27,0.0095703125,0.001146288209606987,0.008424024290393014
LogReg,5,0.5,1.0,crp_dataset_8_1_4.csv|crp_dataset_8_1_6.csv|crp_dataset_8_1_1.csv|crp_dataset_8_1_2.csv|crp_dataset_8_1_3.csv,crp_dataset_8_1_8.csv,0.6250048442500366,0.8118811881107735,0.5942028985464188,82,19,56,99,0.0283203125,0.0051361386138613855,0.023184173886138616
LogReg,5,0.5,1.0,crp_dataset_8_1_4.csv|crp_dataset_8_1_6.csv|crp_dataset_8_1_8.csv|crp_dataset_8_1_2.csv|crp_dataset_8_1_3.csv,crp_dataset_8_1_5.csv,0.6321545459819704,0.8974358974243918,0.699999999993,70,8,30,148,0.039282226562499994,0.003044871794871795,0.036237354767628197
LogReg,5,0.5,1.0,crp_dataset_8_1_4.csv|crp_dataset_8_1_6.csv|crp_dataset_8_1_8.csv|crp_dataset_8_1_2.csv|crp_dataset_8_1_3.csv,crp_dataset_8_1_7.csv,0.6321545459819704,0.9734513274293211,0.9999999999954546,220,6,0,30,0.0095703125,0.0009126106194690265,0.008657701880530975
LogReg,5,0.5,1.0,crp_dataset_8_1_4.csv|crp_dataset_8_1_6.csv|crp_dataset_8_1_8.csv|crp_dataset_8_1_2.csv|crp_dataset_8_1_3.csv,crp_dataset_8_1_1.csv,0.6321545459819704,0.9397590361332558,0.619047619042706,78,5,48,125,0.0252685546875,0.0012801204819277109,0.023988434205572288
LogReg,5,0.5,1.0,crp_dataset_8_1_4.csv|crp_dataset_8_1_1.csv|crp_dataset_8_1_8.csv|crp_dataset_8_1_2.csv|crp_dataset_8_1_3.csv,crp_dataset_8_1_5.csv,0.6136909011885727,0.8783783783665083,0.6499999999935,65,9,35,147,0.039282226562499994,0.003800675675675676,0.035481550886824316
LogReg,5,0.5,1.0,crp_dataset_8_1_4.csv|crp_dataset_8_1_1.csv|crp_dataset_8_1_8.csv|crp_dataset_8_1_2.csv|crp_dataset_8_1_3.csv,crp_dataset_8_1_7.csv,0.6136909011885727,0.9606986899521367,0.9999999999954546,220,9,0,27,0.0095703125,0.001146288209606987,0.008424024290393014
LogReg,5,0.5,1.0,crp_dataset_8_1_4.csv|crp_dataset_8_1_1.csv|crp_dataset_8_1_8.csv|crp_dataset_8_1_2.csv|crp_dataset_8_1_3.csv,crp_dataset_8_1_6.csv,0.6136909011885727,0.8515624999933472,0.7785714285658674,109,19,31,97,0.026928710937499996,0.00615234375,0.020776367187499995
LogReg,5,0.5,1.0,crp_dataset_8_1_6.csv|crp_dataset_8_1_1.csv|crp_dataset_8_1_8.csv|crp_dataset_8_1_2.csv|crp_dataset_8_1_3.csv,crp_dataset_8_1_5.csv,0.6291867755737589,0.8589743589633464,0.6699999999933,67,11,33,145,0.039282226562499994,0.004086538461538462,0.035195688100961534
LogReg,5,0.5,1.0,crp_dataset_8_1_6.csv|crp_dataset_8_1_1.csv|crp_dataset_8_1_8.csv|crp_dataset_8_1_2.csv|crp_dataset_8_1_3.csv,crp_dataset_8_1_7.csv,0.6291867755737589,0.9691629955904443,0.9999999999954546,220,7,0,29,0.0095703125,0.0009911894273127754,0.008579123072687225
LogReg,5,0.5,1.0,crp_dataset_8_1_6.csv|crp_dataset_8_1_1.csv|crp_dataset_8_1_8.csv|crp_dataset_8_1_2.csv|crp_dataset_8_1_3.csv,crp_dataset_8_1_4.csv,0.6291867755737589,0.855999999993152,0.816793893123536,107,18,24,107,0.023046875,0.0058000000000000005,0.017246875000000002
LogReg,6,0.5,1.0,crp_dataset_8_1_5.csv|crp_dataset_8_1_7.csv|crp_dataset_8_1_4.csv|crp_dataset_8_1_6.csv|crp_dataset_8_1_1.csv|crp_dataset_8_1_8.csv,crp_dataset_8_1_2.csv,0.6655516013142856,0.978260869543951,0.37815126050102393,45,1,74,136,0.039453125,0.0013586956521739134,0.038094429347826086
LogReg,6,0.5,1.0,crp_dataset_8_1_5.csv|crp_dataset_8_1_7.csv|crp_dataset_8_1_4.csv|crp_dataset_8_1_6.csv|crp_dataset_8_1_1.csv|crp_dataset_8_1_8.csv,crp_dataset_8_1_3.csv,0.6655516013142856,0.9830508474492962,0.670520231209997,116,2,57,81,0.0196044921875,0.001059322033898305,0.018545170153601694
LogReg,6,0.5,1.0,crp_dataset_8_1_5.csv|crp_dataset_8_1_7.csv|crp_dataset_8_1_4.csv|crp_dataset_8_1_6.csv|crp_dataset_8_1_1.csv|crp_dataset_8_1_2.csv,crp_dataset_8_1_8.csv,0.6043157320805523,0.8181818181735537,0.5869565217348772,81,18,57,100,0.0283203125,0.005113636363636364,0.023206676136363638
LogReg,6,0.5,1.0,crp_dataset_8_1_5.csv|crp_dataset_8_1_7.csv|crp_dataset_8_1_4.csv|crp_dataset_8_1_6.csv|crp_dataset_8_1_1.csv|crp_dataset_8_1_2.csv,crp_dataset_8_1_3.csv,0.6043157320805523,0.9770992366337626,0.7398843930593071,128,3,45,80,0.0196044921875,0.0013358778625954199,0.018268614324904578
LogReg,6,0.5,1.0,crp_dataset_8_1_5.csv|crp_dataset_8_1_7.csv|crp_dataset_8_1_4.csv|crp_dataset_8_1_6.csv|crp_dataset_8_1_1.csv|crp_dataset_8_1_3.csv,crp_dataset_8_1_8.csv,0.6236156077852314,0.8064516128945542,0.543478260865627,75,18,63,100,0.0283203125,0.0053091397849462365,0.023011172715053763
LogReg,6,0.5,1.0,crp_dataset_8_1_5.csv|crp_dataset_8_1_7.csv|crp_dataset_8_1_4.csv|crp_dataset_8_1_6.csv|crp_dataset_8_1_1.csv|crp_dataset_8_1_3.csv,crp_dataset_8_1_2.csv,0.6236156077852314,0.9565217391096409,0.3697478991565567,44,2,75,135,0.039453125,0.0019021739130434783,0.03755095108695652
LogReg,6,0.5,1.0,crp_dataset_8_1_5.csv|crp_dataset_8_1_7.csv|crp_dataset_8_1_4.csv|crp_dataset_8_1_6.csv|crp_dataset_8_1_8.csv|crp_dataset_8_1_2.csv,crp_dataset_8_1_1.csv,0.6105091239885858,0.9512195121835216,0.619047619042706,78,4,48,126,0.0252685546875,0.0010670731707317072,0.024201481516768292
LogReg,6,0.5,1.0,crp_dataset_8_1_5.csv|crp_dataset_8_1_7.csv|crp_dataset_8_1_4.csv|crp_dataset_8_1_6.csv|crp_dataset_8_1_8.csv|crp_dataset_8_1_2.csv,crp_dataset_8_1_3.csv,0.6105091239885858,0.974789915958195,0.670520231209997,116,3,57,80,0.0196044921875,0.0011554621848739496,0.01844903000262605
LogReg,6,0.5,1.0,crp_dataset_8_1_5.csv|crp_dataset_8_1_7.csv|crp_dataset_8_1_4.csv|crp_dataset_8_1_6.csv|crp_dataset_8_1_8.csv|crp_dataset_8_1_3.csv,crp_dataset_8_1_1.csv,0.6147364164695297,0.9411764705771626,0.6349206349155958,80,5,46,125,0.0252685546875,0.00125,0.0240185546875
LogReg,6,0.5,1.0,crp_dataset_8_1_5.csv|crp_dataset_8_1_7.csv|crp_dataset_8_1_4.csv|crp_dataset_8_1_6.csv|crp_dataset_8_1_8.csv|crp_dataset_8_1_3.csv,crp_dataset_8_1_2.csv,0.6147364164695297,0.9827586206727111,0.4789915966346303,57,1,62,136,0.039453125,0.001185344827586207,0.03826778017241379
LogReg,6,0.5,1.0,crp_dataset_8_1_5.csv|crp_dataset_8_1_7.csv|crp_dataset_8_1_4.csv|crp_dataset_8_1_6.csv|crp_dataset_8_1_2.csv|crp_dataset_8_1_3.csv,crp_dataset_8_1_1.csv,0.6841886630714971,0.9493670885955776,0.5952380952333711,75,4,51,126,0.0252685546875,0.0011075949367088606,0.02416095975079114
LogReg,6,0.5,1.0,crp_dataset_8_1_5.csv|crp_dataset_8_1_7.csv|crp_dataset_8_1_4.csv|crp_dataset_8_1_6.csv|crp_dataset_8_1_2.csv|crp_dataset_8_1_3.csv,crp_dataset_8_1_8.csv,0.6841886630714971,0.8105263157809418,0.5579710144887104,77,18,61,100,0.0283203125,0.005263157894736841,0.02305715460526316
LogReg,6,0.5,1.0,crp_dataset_8_1_5.csv|crp_dataset_8_1_7.csv|crp_dataset_8_1_4.csv|crp_dataset_8_1_1.csv|crp_dataset_8_1_8.csv|crp_dataset_8_1_2.csv,crp_dataset_8_1_6.csv,0.6963329838274938,0.8921568627363514,0.6499999999953572,91,11,49,105,0.026928710937499996,0.004289215686274509,0.022639495251225487
LogReg,6,0.5,1.0,crp_dataset_8_1_5.csv|crp_dataset_8_1_7.csv|crp_dataset_8_1_4.csv|crp_dataset_8_1_1.csv|crp_dataset_8_1_8.csv|crp_dataset_8_1_2.csv,crp_dataset_8_1_3.csv,0.6963329838274938,0.9913793103362811,0.6647398843892212,115,1,58,82,0.0196044921875,0.0005387931034482759,0.019065699084051722
LogReg,6,0.5,1.0,crp_dataset_8_1_5.csv|crp_dataset_8_1_7.csv|crp_dataset_8_1_4.csv|crp_dataset_8_1_1.csv|crp_dataset_8_1_8.csv|crp_dataset_8_1_3.csv,crp_dataset_8_1_6.csv,0.626379280369948,0.8666666666594445,0.7428571428518368,104,16,36,100,0.026928710937499996,0.005677083333333333,0.021251627604166663
LogReg,6,0.5,1.0,crp_dataset_8_1_5.csv|crp_dataset_8_1_7.csv|crp_dataset_8_1_4.csv|crp_dataset_8_1_1.csv|crp_dataset_8_1_8.csv|crp_dataset_8_1_3.csv,crp_dataset_8_1_2.csv,0.626379280369948,0.9795918367147023,0.4033613445344255,48,1,71,136,0.039453125,0.001530612244897959,0.03792251275510204
LogReg,6,0.5,1.0,crp_dataset_8_1_5.csv|crp_dataset_8_1_7.csv|crp_dataset_8_1_4.csv|crp_dataset_8_1_1.csv|crp_dataset_8_1_2.csv|crp_dataset_8_1_3.csv,crp_dataset_8_1_6.csv,0.6869320056625169,0.8717948717874205,0.7285714285662246,102,15,38,101,0.026928710937499996,0.0055021367521367525,0.021426574185363242
LogReg,6,0.5,1.0,crp_dataset_8_1_5.csv|crp_dataset_8_1_7.csv|crp_dataset_8_1_4.csv|crp_dataset_8_1_1.csv|crp_dataset_8_1_2.csv|crp_dataset_8_1_3.csv,crp_dataset_8_1_8.csv,0.6869320056625169,0.8199999999918,0.5942028985464188,82,18,56,100,0.0283203125,0.005062499999999998,0.023257812500000002
LogReg,6,0.5,1.0,crp_dataset_8_1_5.csv|crp_dataset_8_1_7.csv|crp_dataset_8_1_4.csv|crp_dataset_8_1_8.csv|crp_dataset_8_1_2.csv|crp_dataset_8_1_3.csv,crp_dataset_8_1_6.csv,0.6493985693560796,0.8558558558481454,0.6785714285665817,95,16,45,100,0.026928710937499996,0.006137387387387389,0.02079132355011261
LogReg,6,0.5,1.0,crp_dataset_8_1_5.csv|crp_dataset_8_1_7.csv|crp_dataset_8_1_4.csv|crp_dataset_8_1_8.csv|crp_dataset_8_1_2.csv|crp_dataset_8_1_3.csv,crp_dataset_8_1_1.csv,0.6493985693560796,0.919540229874488,0.6349206349155958,80,7,46,123,0.0252685546875,0.0017241379310344827,0.023544416756465517
LogReg,6,0.5,1.0,crp_dataset_8_1_5.csv|crp_dataset_8_1_7.csv|crp_dataset_8_1_6.csv|crp_dataset_8_1_1.csv|crp_dataset_8_1_8.csv|crp_dataset_8_1_2.csv,crp_dataset_8_1_4.csv,0.6146466235128495,0.8760330578439997,0.8091603053373347,106,15,25,110,0.023046875,0.0049586776859504135,0.01808819731404959
LogReg,6,0.5,1.0,crp_dataset_8_1_5.csv|crp_dataset_8_1_7.csv|crp_dataset_8_1_6.csv|crp_dataset_8_1_1.csv|crp_dataset_8_1_8.csv|crp_dataset_8_1_2.csv,crp_dataset_8_1_3.csv,0.6146466235128495,0.983999999992128,0.7109826589554279,123,2,50,81,0.0196044921875,0.001,0.0186044921875
LogReg,6,0.5,1.0,crp_dataset_8_1_5.csv|crp_dataset_8_1_7.csv|crp_dataset_8_1_6.csv|crp_dataset_8_1_1.csv|crp_dataset_8_1_8.csv|crp_dataset_8_1_3.csv,crp_dataset_8_1_4.csv,0.6421246524258674,0.9043478260790926,0.7938931297649322,104,11,27,114,0.023046875,0.004130434782608695,0.018916440217391306
LogReg,6,0.5,1.0,crp_dataset_8_1_5.csv|crp_dataset_8_1_7.csv|crp_dataset_8_1_6.csv|crp_dataset_8_1_1.csv|crp_dataset_8_1_8.csv|crp_dataset_8_1_3.csv,crp_dataset_8_1_2.csv,0.6421246524258674,0.9423076922895711,0.41176470587889274,49,3,70,134,0.039453125,0.0019230769230769232,0.037530048076923075
LogReg,6,0.5,1.0,crp_dataset_8_1_5.csv|crp_dataset_8_1_7.csv|crp_dataset_8_1_6.csv|crp_dataset_8_1_1.csv|crp_dataset_8_1_2.csv|crp_dataset_8_1_3.csv,crp_dataset_8_1_4.csv,0.6347925547349376,0.8833333333259722,0.8091603053373347,106,14,25,111,0.023046875,0.0046875,0.018359375
LogReg,6,0.5,1.0,crp_dataset_8_1_5.csv|crp_dataset_8_1_7.csv|crp_dataset_8_1_6.csv|crp_dataset_8_1_1.csv|crp_dataset_8_1_2.csv|crp_dataset_8_1_3.csv,crp_dataset_8_1_8.csv,0.6347925547349376,0.8039215686195693,0.5942028985464188,82,20,56,98,0.0283203125,0.005208333333333332,0.023111979166666668
LogReg,6,0.5,1.0,crp_dataset_8_1_5.csv|crp_dataset_8_1_7.csv|crp_dataset_8_1_6.csv|crp_dataset_8_1_8.csv|crp_dataset_8_1_2.csv|crp_dataset_8_1_3.csv,crp_dataset_8_1_4.csv,0.6222516337272628,0.8780487804806663,0.8244274809097373,108,15,23,110,0.023046875,0.004725609756097562,0.01832126524390244
LogReg,6,0.5,1.0,crp_dataset_8_1_5.csv|crp_dataset_8_1_7.csv|crp_dataset_8_1_6.csv|crp_dataset_8_1_8.csv|crp_dataset_8_1_2.csv|crp_dataset_8_1_3.csv,crp_dataset_8_1_1.csv,0.6222516337272628,0.9438202247084964,0.6666666666613756,84,5,42,125,0.0252685546875,0.001193820224719101,0.024074734462780897
LogReg,6,0.5,1.0,crp_dataset_8_1_5.csv|crp_dataset_8_1_7.csv|crp_dataset_8_1_1.csv|crp_dataset_8_1_8.csv|crp_dataset_8_1_2.csv|crp_dataset_8_1_3.csv,crp_dataset_8_1_4.csv,0.6143421371455532,0.8437499999934083,0.8244274809097373,108,20,23,105,0.023046875,0.00576171875,0.017285156250000003
LogReg,6,0.5,1.0,crp_dataset_8_1_5.csv|crp_dataset_8_1_7.csv|crp_dataset_8_1_1.csv|crp_dataset_8_1_8.csv|crp_dataset_8_1_2.csv|crp_dataset_8_1_3.csv,crp_dataset_8_1_6.csv,0.6143421371455532,0.8595041322243016,0.7428571428518368,104,17,36,99,0.026928710937499996,0.005836776859504133,0.021091934077995863
LogReg,6,0.5,1.0,crp_dataset_8_1_5.csv|crp_dataset_8_1_4.csv|crp_dataset_8_1_6.csv|crp_dataset_8_1_1.csv|crp_dataset_8_1_8.csv|crp_dataset_8_1_2.csv,crp_dataset_8_1_7.csv,0.6033150961519578,0.9649122806975223,0.9999999999954546,220,8,0,28,0.0095703125,0.0010416666666666667,0.008528645833333334
LogReg,6,0.5,1.0,crp_dataset_8_1_5.csv|crp_dataset_8_1_4.csv|crp_dataset_8_1_6.csv|crp_dataset_8_1_1.csv|crp_dataset_8_1_8.csv|crp_dataset_8_1_2.csv,crp_dataset_8_1_3.csv,0.6033150961519578,0.9756097560896292,0.6936416184931004,120,3,53,80,0.0196044921875,0.0011178861788617887,0.01848660600863821
LogReg,6,0.5,1.0,crp_dataset_8_1_5.csv|crp_dataset_8_1_4.csv|crp_dataset_8_1_6.csv|crp_dataset_8_1_1.csv|crp_dataset_8_1_8.csv|crp_dataset_8_1_3.csv,crp_dataset_8_1_7.csv,0.6275077107320725,0.9909090909045868,0.9909090909045868,218,2,2,34,0.0095703125,0.00045454545454545465,0.009115767045454547
LogReg,6,0.5,1.0,crp_dataset_8_1_5.csv|crp_dataset_8_1_4.csv|crp_dataset_8_1_6.csv|crp_dataset_8_1_1.csv|crp_dataset_8_1_8.csv|crp_dataset_8_1_3.csv,crp_dataset_8_1_2.csv,0.6275077107320725,0.9622641509252403,0.4285714285678271,51,2,68,135,0.039453125,0.0015330188679245284,0.03792010613207547
LogReg,6,0.5,1.0,crp_dataset_8_1_5.csv|crp_dataset_8_1_4.csv|crp_dataset_8_1_6.csv|crp_dataset_8_1_1.csv|crp_dataset_8_1_2.csv|crp_dataset_8_1_3.csv,crp_dataset_8_1_7.csv,0.623815519947361,0.9691629955904443,0.9999999999954546,220,7,0,29,0.0095703125,0.0009911894273127754,0.008579123072687225
LogReg,6,0.5,1.0,crp_dataset_8_1_5.csv|crp_dataset_8_1_4.csv|crp_dataset_8_1_6.csv|crp_dataset_8_1_1.csv|crp_dataset_8_1_2.csv|crp_dataset_8_1_3.csv,crp_dataset_8_1_8.csv,0.623815519947361,0.8144329896823254,0.5724637681117938,79,18,59,100,0.0283203125,0.005219072164948454,0.023101240335051544
LogReg,6,0.5,1.0,crp_dataset_8_1_5.csv|crp_dataset_8_1_4.csv|crp_dataset_8_1_6.csv|crp_dataset_8_1_8.csv|crp_dataset_8_1_2.csv|crp_dataset_8_1_3.csv,crp_dataset_8_1_7.csv,0.6261122136400361,0.9649122806975223,0.9999999999954546,220,8,0,28,0.0095703125,0.0010690789473684211,0.00850123355263158
LogReg,6,0.5,1.0,crp_dataset_8_1_5.csv|crp_dataset_8_1_4.csv|crp_dataset_8_1_6.csv|crp_dataset_8_1_8.csv|crp_dataset_8_1_2.csv|crp_dataset_8_1_3.csv,crp_dataset_8_1_1.csv,0.6261122136400361,0.929411764694948,0.6269841269791508,79,6,47,124,0.0252685546875,0.0015441176470588239,0.023724437040441176
LogReg,6,0.5,1.0,crp_dataset_8_1_5.csv|crp_dataset_8_1_4.csv|crp_dataset_8_1_1.csv|crp_dataset_8_1_8.csv|crp_dataset_8_1_2.csv|crp_dataset_8_1_3.csv,crp_dataset_8_1_7.csv,0.6048662398488563,0.9523809523768295,0.9999999999954546,220,11,0,25,0.0095703125,0.0014339826839826842,0.008136329816017317
LogReg,6,0.5,1.0,crp_dataset_8_1_5.csv|crp_dataset_8_1_4.csv|crp_dataset_8_1_1.csv|crp_dataset_8_1_8.csv|crp_dataset_8_1_2.csv|crp_dataset_8_1_3.csv,crp_dataset_8_1_6.csv,0.6048662398488563,0.8548387096705254,0.757142857137449,106,18,34,98,0.026928710937499996,0.006149193548387096,0.0207795173891129
LogReg,6,0.5,1.0,crp_dataset_8_1_5.csv|crp_dataset_8_1_6.csv|crp_dataset_8_1_1.csv|crp_dataset_8_1_8.csv|crp_dataset_8_1_2.csv|crp_dataset_8_1_3.csv,crp_dataset_8_1_7.csv,0.7358988067022061,0.9776785714242069,0.9954545454500207,219,5,1,31,0.0095703125,0.0007812499999999999,0.0087890625
LogReg,6,0.5,1.0,crp_dataset_8_1_5.csv|crp_dataset_8_1_6.csv|crp_dataset_8_1_1.csv|crp_dataset_8_1_8.csv|crp_dataset_8_1_2.csv|crp_dataset_8_1_3.csv,crp_dataset_8_1_4.csv,0.7358988067022061,0.9285714285631377,0.7938931297649322,104,8,27,117,0.023046875,0.0026785714285714286,0.020368303571428572
LogReg,6,0.5,1.0,crp_dataset_8_1_7.csv|crp_dataset_8_1_4.csv|crp_dataset_8_1_6.csv|crp_dataset_8_1_1.csv|crp_dataset_8_1_8.csv|crp_dataset_8_1_2.csv,crp_dataset_8_1_5.csv,0.6341582894940349,0.8767123287551135,0.6399999999936,64,9,36,147,0.039282226562499994,0.003424657534246575,0.03585756902825342
LogReg,6,0.5,1.0,crp_dataset_8_1_7.csv|crp_dataset_8_1_4.csv|crp_dataset_8_1_6.csv|crp_dataset_8_1_1.csv|crp_dataset_8_1_8.csv|crp_dataset_8_1_2.csv,crp_dataset_8_1_3.csv,0.6341582894940349,0.9761904761827286,0.7109826589554279,123,3,50,80,0.0196044921875,0.0010912698412698413,0.01851322234623016
LogReg,6,0.5,1.0,crp_dataset_8_1_7.csv|crp_dataset_8_1_4.csv|crp_dataset_8_1_6.csv|crp_dataset_8_1_1.csv|crp_dataset_8_1_8.csv|crp_dataset_8_1_3.csv,crp_dataset_8_1_5.csv,0.6485601239772267,0.913043478247637,0.6299999999936999,63,6,37,150,0.039282226562499994,0.002717391304347826,0.03656483525815217
LogReg,6,0.5,1.0,crp_dataset_8_1_7.csv|crp_dataset_8_1_4.csv|crp_dataset_8_1_6.csv|crp_dataset_8_1_1.csv|crp_dataset_8_1_8.csv|crp_dataset_8_1_3.csv,crp_dataset_8_1_2.csv,0.6485601239772267,0.9310344827425684,0.45378151260122873,54,4,65,133,0.039453125,0.002262931034482759,0.03719019396551724
LogReg,6,0.5,1.0,crp_dataset_8_1_7.csv|crp_dataset_8_1_4.csv|crp_dataset_8_1_6.csv|crp_dataset_8_1_1.csv|crp_dataset_8_1_2.csv|crp_dataset_8_1_3.csv,crp_dataset_8_1_5.csv,0.6047364979522637,0.8701298701185697,0.6699999999933,67,10,33,146,0.039282226562499994,0.003896103896103896,0.0353861226663961
LogReg,6,0.5,1.0,crp_dataset_8_1_7.csv|crp_dataset_8_1_4.csv|crp_dataset_8_1_6.csv|crp_dataset_8_1_1.csv|crp_dataset_8_1_2.csv|crp_dataset_8_1_3.csv,crp_dataset_8_1_8.csv,0.6047364979522637,0.8039215686195693,0.5942028985464188,82,20,56,98,0.0283203125,0.005208333333333332,0.023111979166666668
LogReg,6,0.5,1.0,crp_dataset_8_1_7.csv|crp_dataset_8_1_4.csv|crp_dataset_8_1_6.csv|crp_dataset_8_1_8.csv|crp_dataset_8_1_2.csv|crp_dataset_8_1_3.csv,crp_dataset_8_1_5.csv,0.7180402941959113,0.9014084506915294,0.6399999999936,64,7,36,149,0.039282226562499994,0.002992957746478873,0.03628926881602112
LogReg,6,0.5,1.0,crp_dataset_8_1_7.csv|crp_dataset_8_1_4.csv|crp_dataset_8_1_6.csv|crp_dataset_8_1_8.csv|crp_dataset_8_1_2.csv|crp_dataset_8_1_3.csv,crp_dataset_8_1_1.csv,0.7180402941959113,0.949999999988125,0.6031746031698161,76,4,50,126,0.0252685546875,0.0010937499999999999,0.0241748046875
LogReg,6,0.5,1.0,crp_dataset_8_1_7.csv|crp_dataset_8_1_4.csv|crp_dataset_8_1_1.csv|crp_dataset_8_1_8.csv|crp_dataset_8_1_2.csv|crp_dataset_8_1_3.csv,crp_dataset_8_1_5.csv,0.6083286039875676,0.8624999999892187,0.6899999999931,69,11,31,145,0.039282226562499994,0.004140625,0.03514160156249999
LogReg,6,0.5,1.0,crp_dataset_8_1_7.csv|crp_dataset_8_1_4.csv|crp_dataset_8_1_1.csv|crp_dataset_8_1_8.csv|crp_dataset_8_1_2.csv|crp_dataset_8_1_3.csv,crp_dataset_8_1_6.csv,0.6083286039875676,0.8558558558481454,0.6785714285665817,95,16,45,100,0.026928710937499996,0.006137387387387389,0.02079132355011261
LogReg,6,0.5,1.0,crp_dataset_8_1_7.csv|crp_dataset_8_1_6.csv|crp_dataset_8_1_1.csv|crp_dataset_8_1_8.csv|crp_dataset_8_1_2.csv|crp_dataset_8_1_3.csv,crp_dataset_8_1_5.csv,0.6254859316554441,0.8536585365749554,0.699999999993,70,12,30,144,0.039282226562499994,0.004420731707317074,0.03486149485518292
LogReg,6,0.5,1.0,crp_dataset_8_1_7.csv|crp_dataset_8_1_6.csv|crp_dataset_8_1_1.csv|crp_dataset_8_1_8.csv|crp_dataset_8_1_2.csv|crp_dataset_8_1_3.csv,crp_dataset_8_1_4.csv,0.6254859316554441,0.8548387096705254,0.8091603053373347,106,18,25,107,0.023046875,0.005544354838709679,0.017502520161290322
LogReg,6,0.5,1.0,crp_dataset_8_1_4.csv|crp_dataset_8_1_6.csv|crp_dataset_8_1_1.csv|crp_dataset_8_1_8.csv|crp_dataset_8_1_2.csv|crp_dataset_8_1_3.csv,crp_dataset_8_1_5.csv,0.6547290942358698,0.8933333333214222,0.6699999999933,67,8,33,148,0.039282226562499994,0.0030000000000000005,0.03628222656249999
LogReg,6,0.5,1.0,crp_dataset_8_1_4.csv|crp_dataset_8_1_6.csv|crp_dataset_8_1_1.csv|crp_dataset_8_1_8.csv|crp_dataset_8_1_2.csv|crp_dataset_8_1_3.csv,crp_dataset_8_1_7.csv,0.6547290942358698,0.9864864864820428,0.9954545454500207,219,3,1,33,0.0095703125,0.0005349099099099099,0.009035402590090091
LogReg,7,0.5,1.0,crp_dataset_8_1_5.csv|crp_dataset_8_1_7.csv|crp_dataset_8_1_4.csv|crp_dataset_8_1_6.csv|crp_dataset_8_1_1.csv|crp_dataset_8_1_8.csv|crp_dataset_8_1_2.csv,crp_dataset_8_1_3.csv,0.6416050100071272,0.9837398373903761,0.6994219653138762,121,2,52,81,0.0196044921875,0.0010162601626016261,0.018588232024898375
LogReg,7,0.5,1.0,crp_dataset_8_1_5.csv|crp_dataset_8_1_7.csv|crp_dataset_8_1_4.csv|crp_dataset_8_1_6.csv|crp_dataset_8_1_1.csv|crp_dataset_8_1_8.csv|crp_dataset_8_1_3.csv,crp_dataset_8_1_2.csv,0.6360801105747903,0.9245283018693485,0.41176470587889274,49,4,70,133,0.039453125,0.0022405660377358494,0.03721255896226415
LogReg,7,0.5,1.0,crp_dataset_8_1_5.csv|crp_dataset_8_1_7.csv|crp_dataset_8_1_4.csv|crp_dataset_8_1_6.csv|crp_dataset_8_1_1.csv|crp_dataset_8_1_2.csv|crp_dataset_8_1_3.csv,crp_dataset_8_1_8.csv,0.629253221563875,0.8181818181735537,0.5869565217348772,81,18,57,100,0.0283203125,0.005113636363636364,0.023206676136363638
LogReg,7,0.5,1.0,crp_dataset_8_1_5.csv|crp_dataset_8_1_7.csv|crp_dataset_8_1_4.csv|crp_dataset_8_1_6.csv|crp_dataset_8_1_8.csv|crp_dataset_8_1_2.csv|crp_dataset_8_1_3.csv,crp_dataset_8_1_1.csv,0.6768668678466585,0.951807228904195,0.6269841269791508,79,4,47,126,0.0252685546875,0.0010542168674698795,0.02421433782003012
LogReg,7,0.5,1.0,crp_dataset_8_1_5.csv|crp_dataset_8_1_7.csv|crp_dataset_8_1_4.csv|crp_dataset_8_1_1.csv|crp_dataset_8_1_8.csv|crp_dataset_8_1_2.csv|crp_dataset_8_1_3.csv,crp_dataset_8_1_6.csv,0.6112000307254861,0.8644067796536914,0.7285714285662246,102,16,38,100,0.026928710937499996,0.005773305084745762,0.021155405852754234
LogReg,7,0.5,1.0,crp_dataset_8_1_5.csv|crp_dataset_8_1_7.csv|crp_dataset_8_1_6.csv|crp_dataset_8_1_1.csv|crp_dataset_8_1_8.csv|crp_dataset_8_1_2.csv|crp_dataset_8_1_3.csv,crp_dataset_8_1_4.csv,0.61439912768288,0.8492063491996095,0.816793893123536,107,19,24,106,0.023046875,0.005952380952380952,0.01709449404761905
LogReg,7,0.5,1.0,crp_dataset_8_1_5.csv|crp_dataset_8_1_4.csv|crp_dataset_8_1_6.csv|crp_dataset_8_1_1.csv|crp_dataset_8_1_8.csv|crp_dataset_8_1_2.csv|crp_dataset_8_1_3.csv,crp_dataset_8_1_7.csv,0.6494560959676187,0.9865470851973698,0.9999999999954546,220,3,0,33,0.0095703125,0.000672645739910314,0.008897666760089686
LogReg,7,0.5,1.0,crp_dataset_8_1_7.csv|crp_dataset_8_1_4.csv|crp_dataset_8_1_6.csv|crp_dataset_8_1_1.csv|crp_dataset_8_1_8.csv|crp_dataset_8_1_2.csv|crp_dataset_8_1_3.csv,crp_dataset_8_1_5.csv,0.7214258109019337,0.8999999999871429,0.6299999999936999,63,7,37,149,0.039282226562499994,0.003035714285714286,0.03624651227678571
