model,k_train_datasets,train_pct,test_pct,train_set,test_dataset,best_threshold,precision,recall,TP,FP,FN,TN,old_ber,new_ber,ber_reduction
MLP,1,0.25,1.0,crp_dataset_8_1_2.csv,crp_dataset_8_1_3.csv,0.7317075133323669,0.0,0.0,0,0,173,83,0.0196044921875,,
MLP,1,0.25,1.0,crp_dataset_8_1_2.csv,crp_dataset_8_1_1.csv,0.7317075133323669,0.0,0.0,0,1,126,129,0.0252685546875,0.0625,-0.0372314453125
MLP,1,0.25,1.0,crp_dataset_8_1_2.csv,crp_dataset_8_1_5.csv,0.7317075133323669,0.9999999989999999,0.0099999999999,1,0,99,156,0.039282226562499994,0.0,0.039282226562499994
MLP,1,0.25,1.0,crp_dataset_8_1_2.csv,crp_dataset_8_1_4.csv,0.7317075133323669,0.0,0.0,0,0,131,125,0.023046875,,
MLP,1,0.25,1.0,crp_dataset_8_1_2.csv,crp_dataset_8_1_8.csv,0.7317075133323669,0.9999999989999999,0.007246376811541694,1,0,137,118,0.0283203125,0.0,0.0283203125
MLP,1,0.25,1.0,crp_dataset_8_1_2.csv,crp_dataset_8_1_7.csv,0.7317075133323669,0.0,0.0,0,0,220,36,0.0095703125,,
MLP,1,0.25,1.0,crp_dataset_8_1_2.csv,crp_dataset_8_1_6.csv,0.7317075133323669,0.0,0.0,0,1,140,115,0.026928710937499996,0.01875,0.008178710937499997
MLP,1,0.25,1.0,crp_dataset_8_1_3.csv,crp_dataset_8_1_2.csv,0.6250085830688477,0.41573033707398055,0.31092436974528637,37,52,82,85,0.039453125,0.037008426966292134,0.002444698033707865
MLP,1,0.25,1.0,crp_dataset_8_1_3.csv,crp_dataset_8_1_1.csv,0.6250085830688477,0.46739130434274573,0.3412698412671328,43,49,83,81,0.0252685546875,0.026154891304347828,-0.0008863366168478277
MLP,1,0.25,1.0,crp_dataset_8_1_3.csv,crp_dataset_8_1_5.csv,0.6250085830688477,0.43269230768814715,0.4499999999955,45,59,55,97,0.039282226562499994,0.03671875,0.002563476562499993
MLP,1,0.25,1.0,crp_dataset_8_1_3.csv,crp_dataset_8_1_4.csv,0.6250085830688477,0.6145833333269314,0.450381679385875,59,37,72,88,0.023046875,0.01803385416666667,0.005013020833333333
MLP,1,0.25,1.0,crp_dataset_8_1_3.csv,crp_dataset_8_1_8.csv,0.6250085830688477,0.6020408163203873,0.4275362318809599,59,39,79,79,0.0283203125,0.024489795918367346,0.0038305165816326543
MLP,1,0.25,1.0,crp_dataset_8_1_3.csv,crp_dataset_8_1_7.csv,0.6250085830688477,0.9156626505913775,0.3454545454529752,76,7,144,29,0.0095703125,0.0051204819277108436,0.004449830572289157
MLP,1,0.25,1.0,crp_dataset_8_1_3.csv,crp_dataset_8_1_6.csv,0.6250085830688477,0.6190476190402494,0.3714285714259184,52,32,88,84,0.026928710937499996,0.021279761904761905,0.00564894903273809
MLP,1,0.25,1.0,crp_dataset_8_1_1.csv,crp_dataset_8_1_2.csv,0.6226553916931152,0.9999999998,0.04201680672233599,5,0,114,137,0.039453125,0.0025,0.036953124999999996
MLP,1,0.25,1.0,crp_dataset_8_1_1.csv,crp_dataset_8_1_3.csv,0.6226553916931152,0.3333333332222222,0.005780346820775837,1,2,172,81,0.0196044921875,0.05416666666666667,-0.034562174479166666
MLP,1,0.25,1.0,crp_dataset_8_1_1.csv,crp_dataset_8_1_5.csv,0.6226553916931152,0.4285714285102041,0.0299999999997,3,4,97,152,0.039282226562499994,0.022321428571428572,0.016960797991071423
MLP,1,0.25,1.0,crp_dataset_8_1_1.csv,crp_dataset_8_1_4.csv,0.6226553916931152,0.6666666665555555,0.030534351144805082,4,2,127,123,0.023046875,0.011458333333333334,0.011588541666666667
MLP,1,0.25,1.0,crp_dataset_8_1_1.csv,crp_dataset_8_1_8.csv,0.6226553916931152,0.2499999999375,0.007246376811541694,1,3,137,115,0.0283203125,0.0640625,-0.035742187499999994
MLP,1,0.25,1.0,crp_dataset_8_1_1.csv,crp_dataset_8_1_7.csv,0.6226553916931152,0.89999999991,0.04090909090890496,9,1,211,35,0.0095703125,0.0043749999999999995,0.005195312500000001
MLP,1,0.25,1.0,crp_dataset_8_1_1.csv,crp_dataset_8_1_6.csv,0.6226553916931152,0.7142857141836735,0.03571428571403062,5,2,135,114,0.026928710937499996,0.01517857142857143,0.011750139508928566
MLP,1,0.25,1.0,crp_dataset_8_1_5.csv,crp_dataset_8_1_2.csv,0.5,0.49999999991666666,0.025210084033401595,3,3,116,134,0.039453125,0.024999999999999998,0.014453125
MLP,1,0.25,1.0,crp_dataset_8_1_5.csv,crp_dataset_8_1_3.csv,0.5,0.9999999989999999,0.005780346820775837,1,0,172,83,0.0196044921875,0.0,0.0196044921875
MLP,1,0.25,1.0,crp_dataset_8_1_5.csv,crp_dataset_8_1_1.csv,0.5,0.9999999995,0.015873015872889897,2,0,124,130,0.0252685546875,0.0,0.0252685546875
MLP,1,0.25,1.0,crp_dataset_8_1_5.csv,crp_dataset_8_1_4.csv,0.5,0.9999999989999999,0.007633587786201271,1,0,130,125,0.023046875,0.0,0.023046875
MLP,1,0.25,1.0,crp_dataset_8_1_5.csv,crp_dataset_8_1_8.csv,0.5,0.0,0.0,0,1,138,117,0.0283203125,0.0125,0.0158203125
MLP,1,0.25,1.0,crp_dataset_8_1_5.csv,crp_dataset_8_1_7.csv,0.5,0.99999999975,0.01818181818173554,4,0,216,36,0.0095703125,0.0,0.0095703125
MLP,1,0.25,1.0,crp_dataset_8_1_5.csv,crp_dataset_8_1_6.csv,0.5,0.49999999975,0.007142857142806123,1,1,139,115,0.026928710937499996,0.00625,0.020678710937499997
MLP,1,0.25,1.0,crp_dataset_8_1_4.csv,crp_dataset_8_1_2.csv,0.6290633678436279,0.692307692281065,0.15126050420040957,18,8,101,129,0.039453125,0.012499999999999999,0.026953125
MLP,1,0.25,1.0,crp_dataset_8_1_4.csv,crp_dataset_8_1_3.csv,0.6290633678436279,0.8799999999648,0.1271676300570684,22,3,151,80,0.0196044921875,0.00425,0.015354492187499999
MLP,1,0.25,1.0,crp_dataset_8_1_4.csv,crp_dataset_8_1_1.csv,0.6290633678436279,0.5909090908822314,0.10317460317378432,13,9,113,121,0.0252685546875,0.01789772727272727,0.00737082741477273
MLP,1,0.25,1.0,crp_dataset_8_1_4.csv,crp_dataset_8_1_5.csv,0.6290633678436279,0.5789473683905817,0.10999999999889999,11,8,89,148,0.039282226562499994,0.03256578947368421,0.006716437088815787
MLP,1,0.25,1.0,crp_dataset_8_1_4.csv,crp_dataset_8_1_8.csv,0.6290633678436279,0.6249999999609375,0.07246376811541694,10,6,128,112,0.0283203125,0.02421875,0.004101562499999999
MLP,1,0.25,1.0,crp_dataset_8_1_4.csv,crp_dataset_8_1_7.csv,0.6290633678436279,0.9374999999414062,0.06818181818150827,15,1,205,35,0.0095703125,0.007421875,0.002148437500000001
MLP,1,0.25,1.0,crp_dataset_8_1_4.csv,crp_dataset_8_1_6.csv,0.6290633678436279,0.8749999999635417,0.14999999999892857,21,3,119,113,0.026928710937499996,0.007291666666666666,0.01963704427083333
MLP,1,0.25,1.0,crp_dataset_8_1_8.csv,crp_dataset_8_1_2.csv,0.62298983335495,0.46739130434274573,0.36134453781208953,43,49,76,88,0.039453125,0.038111413043478266,0.0013417119565217323
MLP,1,0.25,1.0,crp_dataset_8_1_8.csv,crp_dataset_8_1_3.csv,0.62298983335495,0.7083333333234954,0.29479768785956767,51,21,122,62,0.0196044921875,0.01840277777777778,0.001201714409722221
MLP,1,0.25,1.0,crp_dataset_8_1_8.csv,crp_dataset_8_1_1.csv,0.62298983335495,0.5588235294035467,0.30158730158490804,38,30,88,100,0.0252685546875,0.023437499999999997,0.0018310546875000035
MLP,1,0.25,1.0,crp_dataset_8_1_8.csv,crp_dataset_8_1_5.csv,0.62298983335495,0.5217391304234404,0.2399999999976,24,22,76,134,0.039282226562499994,0.028260869565217388,0.011021356997282607
MLP,1,0.25,1.0,crp_dataset_8_1_8.csv,crp_dataset_8_1_4.csv,0.62298983335495,0.4999999999924242,0.25190839694464195,33,33,98,92,0.023046875,0.026136363636363638,-0.0030894886363636367
MLP,1,0.25,1.0,crp_dataset_8_1_8.csv,crp_dataset_8_1_7.csv,0.62298983335495,0.8925619834636979,0.4909090909068595,108,13,112,23,0.0095703125,0.008471074380165288,0.0010992381198347122
MLP,1,0.25,1.0,crp_dataset_8_1_8.csv,crp_dataset_8_1_6.csv,0.62298983335495,0.43434343433904704,0.3071428571406633,43,56,97,60,0.026928710937499996,0.035416666666666666,-0.00848795572916667
MLP,1,0.25,1.0,crp_dataset_8_1_7.csv,crp_dataset_8_1_2.csv,0.7277742028236389,0.45643153526781566,0.9243697478913918,110,131,9,6,0.039453125,0.0404045643153527,-0.0009514393153527007
MLP,1,0.25,1.0,crp_dataset_8_1_7.csv,crp_dataset_8_1_3.csv,0.7277742028236389,0.6772908366506881,0.9826589595318922,170,81,3,2,0.0196044921875,0.019721115537848607,-0.00011662335034860749
MLP,1,0.25,1.0,crp_dataset_8_1_7.csv,crp_dataset_8_1_1.csv,0.7277742028236389,0.49186991869718755,0.9603174603098388,121,125,5,5,0.0252685546875,0.02545731707317073,-0.00018876238567073003
MLP,1,0.25,1.0,crp_dataset_8_1_7.csv,crp_dataset_8_1_5.csv,0.7277742028236389,0.39256198346945226,0.9499999999905,95,147,5,9,0.039282226562499994,0.040289256198347105,-0.0010070296358471106
MLP,1,0.25,1.0,crp_dataset_8_1_7.csv,crp_dataset_8_1_4.csv,0.7277742028236389,0.5123966942127587,0.9465648854889576,124,118,7,7,0.023046875,0.023011363636363635,3.5511363636366033e-05
MLP,1,0.25,1.0,crp_dataset_8_1_7.csv,crp_dataset_8_1_8.csv,0.7277742028236389,0.543568464728035,0.9492753623119619,131,110,7,8,0.0283203125,0.028189834024896266,0.00013047847510373398
MLP,1,0.25,1.0,crp_dataset_8_1_7.csv,crp_dataset_8_1_6.csv,0.7277742028236389,0.5614754098337644,0.9785714285644388,137,107,3,9,0.026928710937499996,0.026408811475409834,0.000519899462090162
MLP,1,0.25,1.0,crp_dataset_8_1_6.csv,crp_dataset_8_1_2.csv,0.600810170173645,0.5714285714081633,0.13445378151147516,16,12,103,125,0.039453125,0.02321428571428571,0.016238839285714287
MLP,1,0.25,1.0,crp_dataset_8_1_6.csv,crp_dataset_8_1_3.csv,0.600810170173645,0.6756756756574143,0.14450867051939592,25,12,148,71,0.0196044921875,0.01554054054054054,0.00406395164695946
MLP,1,0.25,1.0,crp_dataset_8_1_6.csv,crp_dataset_8_1_1.csv,0.600810170173645,0.4848484848337925,0.12698412698311917,16,17,110,113,0.0252685546875,0.03143939393939394,-0.006170839251893941
MLP,1,0.25,1.0,crp_dataset_8_1_6.csv,crp_dataset_8_1_5.csv,0.600810170173645,0.4680851063730195,0.21999999999779998,22,25,78,131,0.039282226562499994,0.028723404255319152,0.010558822307180842
MLP,1,0.25,1.0,crp_dataset_8_1_6.csv,crp_dataset_8_1_4.csv,0.600810170173645,0.6363636363491736,0.2137404580136356,28,16,103,109,0.023046875,0.015909090909090907,0.007137784090909094
MLP,1,0.25,1.0,crp_dataset_8_1_6.csv,crp_dataset_8_1_8.csv,0.600810170173645,0.5641025640881,0.15942028985391726,22,17,116,101,0.0283203125,0.030769230769230778,-0.002448918269230778
MLP,1,0.25,1.0,crp_dataset_8_1_6.csv,crp_dataset_8_1_7.csv,0.600810170173645,0.8529411764455018,0.13181818181758265,29,5,191,31,0.0095703125,0.007536764705882352,0.0020335477941176485
MLP,2,0.25,1.0,crp_dataset_8_1_2.csv|crp_dataset_8_1_3.csv,crp_dataset_8_1_1.csv,0.6024887561798096,0.49729729729460925,0.7301587301529352,92,93,34,37,0.0252685546875,0.02543918918918919,-0.00017063450168918956
MLP,2,0.25,1.0,crp_dataset_8_1_2.csv|crp_dataset_8_1_3.csv,crp_dataset_8_1_5.csv,0.6024887561798096,0.3990384615365431,0.8299999999916999,83,125,17,31,0.039282226562499994,0.03978365384615385,-0.0005014272836538561
MLP,2,0.25,1.0,crp_dataset_8_1_2.csv|crp_dataset_8_1_3.csv,crp_dataset_8_1_4.csv,0.6024887561798096,0.6051282051251019,0.90076335877175,118,77,13,48,0.023046875,0.019262820512820515,0.0037840544871794862
MLP,2,0.25,1.0,crp_dataset_8_1_2.csv|crp_dataset_8_1_3.csv,crp_dataset_8_1_8.csv,0.6024887561798096,0.5384615384587772,0.7608695652118778,105,90,33,28,0.0283203125,0.02903846153846154,-0.0007181490384615408
MLP,2,0.25,1.0,crp_dataset_8_1_2.csv|crp_dataset_8_1_3.csv,crp_dataset_8_1_7.csv,0.6024887561798096,0.8586956521692463,0.7181818181785538,158,26,62,10,0.0095703125,0.008254076086956523,0.001316236413043478
MLP,2,0.25,1.0,crp_dataset_8_1_2.csv|crp_dataset_8_1_3.csv,crp_dataset_8_1_6.csv,0.6024887561798096,0.654320987650282,0.757142857137449,106,56,34,60,0.026928710937499996,0.020138888888888887,0.006789822048611109
MLP,2,0.25,1.0,crp_dataset_8_1_2.csv|crp_dataset_8_1_1.csv,crp_dataset_8_1_3.csv,0.603593111038208,0.8235294117485583,0.24277456647258513,42,9,131,74,0.0196044921875,0.00980392156862745,0.009800570618872548
MLP,2,0.25,1.0,crp_dataset_8_1_2.csv|crp_dataset_8_1_1.csv,crp_dataset_8_1_5.csv,0.603593111038208,0.4754098360577802,0.28999999999709997,29,32,71,124,0.039282226562499994,0.03104508196721312,0.008237144595286874
MLP,2,0.25,1.0,crp_dataset_8_1_2.csv|crp_dataset_8_1_1.csv,crp_dataset_8_1_4.csv,0.603593111038208,0.6086956521650914,0.32061068702045337,42,27,89,98,0.023046875,0.0213768115942029,0.0016700634057971002
MLP,2,0.25,1.0,crp_dataset_8_1_2.csv|crp_dataset_8_1_1.csv,crp_dataset_8_1_8.csv,0.603593111038208,0.4999999999891305,0.16666666666545896,23,23,115,95,0.0283203125,0.03152173913043478,-0.003201426630434781
MLP,2,0.25,1.0,crp_dataset_8_1_2.csv|crp_dataset_8_1_1.csv,crp_dataset_8_1_7.csv,0.603593111038208,0.9199999999816001,0.2090909090899587,46,4,174,32,0.0095703125,0.003875000000000001,0.0056953125
MLP,2,0.25,1.0,crp_dataset_8_1_2.csv|crp_dataset_8_1_1.csv,crp_dataset_8_1_6.csv,0.603593111038208,0.7333333333088888,0.1571428571417347,22,8,118,108,0.026928710937499996,0.018541666666666668,0.008387044270833328
MLP,2,0.25,1.0,crp_dataset_8_1_2.csv|crp_dataset_8_1_5.csv,crp_dataset_8_1_3.csv,0.5,0.6603773584781061,0.20231213872715428,35,18,138,65,0.0196044921875,0.017806603773584905,0.0017978884139150941
MLP,2,0.25,1.0,crp_dataset_8_1_2.csv|crp_dataset_8_1_5.csv,crp_dataset_8_1_1.csv,0.5,0.6333333333227779,0.30158730158490804,38,22,88,108,0.0252685546875,0.018645833333333337,0.006622721354166663
MLP,2,0.25,1.0,crp_dataset_8_1_2.csv|crp_dataset_8_1_5.csv,crp_dataset_8_1_4.csv,0.5,0.5818181818076034,0.24427480915844066,32,23,99,102,0.023046875,0.01988636363636364,0.003160511363636362
MLP,2,0.25,1.0,crp_dataset_8_1_2.csv|crp_dataset_8_1_5.csv,crp_dataset_8_1_8.csv,0.5,0.6170212765826166,0.21014492753470912,29,18,109,100,0.0283203125,0.023803191489361705,0.004517121010638295
MLP,2,0.25,1.0,crp_dataset_8_1_2.csv|crp_dataset_8_1_5.csv,crp_dataset_8_1_7.csv,0.5,0.902173913033672,0.3772727272710124,83,9,137,27,0.0095703125,0.0069972826086956525,0.002573029891304348
MLP,2,0.25,1.0,crp_dataset_8_1_2.csv|crp_dataset_8_1_5.csv,crp_dataset_8_1_6.csv,0.5,0.5862068965416172,0.2428571428554082,34,24,106,92,0.026928710937499996,0.028987068965517244,-0.002058358028017248
MLP,2,0.25,1.0,crp_dataset_8_1_2.csv|crp_dataset_8_1_4.csv,crp_dataset_8_1_3.csv,0.6218059659004211,0.8636363636167356,0.2196531791894818,38,6,135,77,0.0196044921875,0.006676136363636364,0.012928355823863636
MLP,2,0.25,1.0,crp_dataset_8_1_2.csv|crp_dataset_8_1_4.csv,crp_dataset_8_1_1.csv,0.6218059659004211,0.7083333333038194,0.13492063491956413,17,7,109,123,0.0252685546875,0.01015625,0.0151123046875
MLP,2,0.25,1.0,crp_dataset_8_1_2.csv|crp_dataset_8_1_4.csv,crp_dataset_8_1_5.csv,0.6218059659004211,0.7241379310095125,0.2099999999979,21,8,79,148,0.039282226562499994,0.01767241379310345,0.021609812769396546
MLP,2,0.25,1.0,crp_dataset_8_1_2.csv|crp_dataset_8_1_4.csv,crp_dataset_8_1_8.csv,0.6218059659004211,0.5862068965315101,0.1231884057962088,17,12,121,106,0.0283203125,0.031896551724137925,-0.0035762392241379254
MLP,2,0.25,1.0,crp_dataset_8_1_2.csv|crp_dataset_8_1_4.csv,crp_dataset_8_1_7.csv,0.6218059659004211,0.8928571428252551,0.11363636363584712,25,3,195,33,0.0095703125,0.004241071428571429,0.005329241071428572
MLP,2,0.25,1.0,crp_dataset_8_1_2.csv|crp_dataset_8_1_4.csv,crp_dataset_8_1_6.csv,0.6218059659004211,0.7647058823304499,0.1857142857129592,26,8,114,108,0.026928710937499996,0.016911764705882352,0.010016946231617644
MLP,2,0.25,1.0,crp_dataset_8_1_2.csv|crp_dataset_8_1_8.csv,crp_dataset_8_1_3.csv,0.6241980791091919,0.8269230769071746,0.24855491329336096,43,9,130,74,0.0196044921875,0.012139423076923079,0.00746506911057692
MLP,2,0.25,1.0,crp_dataset_8_1_2.csv|crp_dataset_8_1_8.csv,crp_dataset_8_1_1.csv,0.6241980791091919,0.6399999999872,0.25396825396623834,32,18,94,112,0.0252685546875,0.0175,0.007768554687499998
MLP,2,0.25,1.0,crp_dataset_8_1_2.csv|crp_dataset_8_1_8.csv,crp_dataset_8_1_5.csv,0.6241980791091919,0.5405405405259314,0.199999999998,20,17,80,139,0.039282226562499994,0.01942567567567568,0.019856550886824316
MLP,2,0.25,1.0,crp_dataset_8_1_2.csv|crp_dataset_8_1_8.csv,crp_dataset_8_1_4.csv,0.6241980791091919,0.474576271178397,0.2137404580136356,28,31,103,94,0.023046875,0.026483050847457622,-0.003436175847457621
MLP,2,0.25,1.0,crp_dataset_8_1_2.csv|crp_dataset_8_1_8.csv,crp_dataset_8_1_7.csv,0.6241980791091919,0.8867924528218227,0.42727272727078514,94,12,126,24,0.0095703125,0.008018867924528302,0.0015514445754716989
MLP,2,0.25,1.0,crp_dataset_8_1_2.csv|crp_dataset_8_1_8.csv,crp_dataset_8_1_6.csv,0.6241980791091919,0.40909090908471074,0.19285714285576533,27,39,113,77,0.026928710937499996,0.03759469696969697,-0.010665986032196977
MLP,2,0.25,1.0,crp_dataset_8_1_2.csv|crp_dataset_8_1_7.csv,crp_dataset_8_1_3.csv,0.6294260025024414,0.6966824644516745,0.849710982654048,147,64,26,19,0.0196044921875,0.018750000000000003,0.0008544921874999965
MLP,2,0.25,1.0,crp_dataset_8_1_2.csv|crp_dataset_8_1_7.csv,crp_dataset_8_1_1.csv,0.6294260025024414,0.4771573604036693,0.7460317460258251,94,103,32,27,0.0252685546875,0.025190355329949236,7.819935755076432e-05
MLP,2,0.25,1.0,crp_dataset_8_1_2.csv|crp_dataset_8_1_7.csv,crp_dataset_8_1_5.csv,0.6294260025024414,0.3981481481463049,0.8599999999914,86,130,14,26,0.039282226562499994,0.03828125,0.0010009765624999917
MLP,2,0.25,1.0,crp_dataset_8_1_2.csv|crp_dataset_8_1_7.csv,crp_dataset_8_1_4.csv,0.6294260025024414,0.5545023696656185,0.8931297709855487,117,94,14,31,0.023046875,0.021267772511848346,0.0017791024881516557
MLP,2,0.25,1.0,crp_dataset_8_1_2.csv|crp_dataset_8_1_7.csv,crp_dataset_8_1_8.csv,0.6294260025024414,0.5255813953463927,0.8188405797042113,113,102,25,16,0.0283203125,0.02991279069767442,-0.0015924781976744198
MLP,2,0.25,1.0,crp_dataset_8_1_2.csv|crp_dataset_8_1_7.csv,crp_dataset_8_1_6.csv,0.6294260025024414,0.5951219512166092,0.871428571422347,122,83,18,33,0.026928710937499996,0.02445121951219512,0.0024774914253048765
MLP,2,0.25,1.0,crp_dataset_8_1_2.csv|crp_dataset_8_1_6.csv,crp_dataset_8_1_3.csv,0.6217642426490784,0.7934782608609404,0.42196531791663605,73,19,100,64,0.0196044921875,0.011005434782608695,0.008599057404891305
MLP,2,0.25,1.0,crp_dataset_8_1_2.csv|crp_dataset_8_1_6.csv,crp_dataset_8_1_1.csv,0.6217642426490784,0.5483870967682969,0.40476190475869234,51,42,75,88,0.0252685546875,0.018615591397849462,0.0066529632896505375
MLP,2,0.25,1.0,crp_dataset_8_1_2.csv|crp_dataset_8_1_6.csv,crp_dataset_8_1_5.csv,0.6217642426490784,0.4108527131751097,0.5299999999946999,53,76,47,80,0.039282226562499994,0.04132751937984496,-0.0020452928173449667
MLP,2,0.25,1.0,crp_dataset_8_1_2.csv|crp_dataset_8_1_6.csv,crp_dataset_8_1_4.csv,0.6217642426490784,0.7070707070635649,0.534351145034089,70,29,61,96,0.023046875,0.013257575757575758,0.009789299242424243
MLP,2,0.25,1.0,crp_dataset_8_1_2.csv|crp_dataset_8_1_6.csv,crp_dataset_8_1_8.csv,0.6217642426490784,0.4337349397538104,0.260869565215501,36,47,102,71,0.0283203125,0.037575301204819285,-0.009254988704819285
MLP,2,0.25,1.0,crp_dataset_8_1_2.csv|crp_dataset_8_1_6.csv,crp_dataset_8_1_7.csv,0.6217642426490784,0.9393939393797061,0.2818181818169008,62,4,158,32,0.0095703125,0.0035984848484848487,0.005971827651515152
MLP,2,0.25,1.0,crp_dataset_8_1_3.csv|crp_dataset_8_1_1.csv,crp_dataset_8_1_2.csv,0.6042037606239319,0.6249999999939904,0.5462184873903679,65,39,54,98,0.039453125,0.028725961538461537,0.010727163461538462
MLP,2,0.25,1.0,crp_dataset_8_1_3.csv|crp_dataset_8_1_1.csv,crp_dataset_8_1_5.csv,0.6042037606239319,0.43749999999658207,0.5599999999944,56,72,44,84,0.039282226562499994,0.034375,0.004907226562499992
MLP,2,0.25,1.0,crp_dataset_8_1_3.csv|crp_dataset_8_1_1.csv,crp_dataset_8_1_4.csv,0.6042037606239319,0.6694915254180551,0.6030534351099004,79,39,52,86,0.023046875,0.015942796610169493,0.007104078389830508
MLP,2,0.25,1.0,crp_dataset_8_1_3.csv|crp_dataset_8_1_1.csv,crp_dataset_8_1_8.csv,0.6042037606239319,0.49473684210005536,0.3405797101424596,47,48,91,70,0.0283203125,0.034342105263157896,-0.006021792763157896
MLP,2,0.25,1.0,crp_dataset_8_1_3.csv|crp_dataset_8_1_1.csv,crp_dataset_8_1_7.csv,0.6042037606239319,0.9105691056836539,0.5090909090885951,112,11,108,25,0.0095703125,0.00426829268292683,0.005302019817073171
MLP,2,0.25,1.0,crp_dataset_8_1_3.csv|crp_dataset_8_1_1.csv,crp_dataset_8_1_6.csv,0.6042037606239319,0.7211538461469119,0.5357142857104592,75,29,65,87,0.026928710937499996,0.014302884615384613,0.012625826322115383
MLP,2,0.25,1.0,crp_dataset_8_1_3.csv|crp_dataset_8_1_5.csv,crp_dataset_8_1_2.csv,0.6047574877738953,0.6170212765826166,0.24369747898954874,29,18,90,119,0.039453125,0.028590425531914897,0.010862699468085102
MLP,2,0.25,1.0,crp_dataset_8_1_3.csv|crp_dataset_8_1_5.csv,crp_dataset_8_1_1.csv,0.6047574877738953,0.7878787878549128,0.20634920634756865,26,7,100,123,0.0252685546875,0.009280303030303031,0.01598825165719697
MLP,2,0.25,1.0,crp_dataset_8_1_3.csv|crp_dataset_8_1_5.csv,crp_dataset_8_1_4.csv,0.6047574877738953,0.541666666655382,0.19847328244123305,26,22,105,103,0.023046875,0.020572916666666666,0.002473958333333335
MLP,2,0.25,1.0,crp_dataset_8_1_3.csv|crp_dataset_8_1_5.csv,crp_dataset_8_1_8.csv,0.6047574877738953,0.6060606060422407,0.14492753623083388,20,13,118,105,0.0283203125,0.017992424242424244,0.010327888257575756
MLP,2,0.25,1.0,crp_dataset_8_1_3.csv|crp_dataset_8_1_5.csv,crp_dataset_8_1_7.csv,0.6047574877738953,0.9382716049266879,0.3454545454529752,76,5,144,31,0.0095703125,0.0054783950617283955,0.004091917438271605
MLP,2,0.25,1.0,crp_dataset_8_1_3.csv|crp_dataset_8_1_5.csv,crp_dataset_8_1_6.csv,0.6047574877738953,0.6304347825949906,0.20714285714137756,29,17,111,99,0.026928710937499996,0.020108695652173915,0.006820015285326081
MLP,2,0.25,1.0,crp_dataset_8_1_3.csv|crp_dataset_8_1_4.csv,crp_dataset_8_1_2.csv,0.7222757935523987,0.6458333333198785,0.26050420167848315,31,17,88,120,0.039453125,0.011979166666666666,0.027473958333333333
MLP,2,0.25,1.0,crp_dataset_8_1_3.csv|crp_dataset_8_1_4.csv,crp_dataset_8_1_1.csv,0.7222757935523987,0.7659574467922138,0.2857142857120181,36,11,90,119,0.0252685546875,0.011303191489361705,0.013965363198138295
MLP,2,0.25,1.0,crp_dataset_8_1_3.csv|crp_dataset_8_1_4.csv,crp_dataset_8_1_5.csv,0.7222757935523987,0.5901639344165547,0.3599999999964,36,25,64,131,0.039282226562499994,0.020389344262295085,0.01889288230020491
MLP,2,0.25,1.0,crp_dataset_8_1_3.csv|crp_dataset_8_1_4.csv,crp_dataset_8_1_8.csv,0.7222757935523987,0.5849056603663225,0.2246376811577925,31,22,107,96,0.0283203125,0.02806603773584906,0.0002542747641509392
MLP,2,0.25,1.0,crp_dataset_8_1_3.csv|crp_dataset_8_1_4.csv,crp_dataset_8_1_7.csv,0.7222757935523987,0.8571428571275511,0.21818181818082646,48,8,172,28,0.0095703125,0.004799107142857142,0.004771205357142858
MLP,2,0.25,1.0,crp_dataset_8_1_3.csv|crp_dataset_8_1_4.csv,crp_dataset_8_1_6.csv,0.7222757935523987,0.849056603757565,0.3214285714262755,45,8,95,108,0.026928710937499996,0.00554245283018868,0.021386258107311318
MLP,2,0.25,1.0,crp_dataset_8_1_3.csv|crp_dataset_8_1_8.csv,crp_dataset_8_1_2.csv,0.6137282252311707,0.6436781609121416,0.47058823529016314,56,31,63,106,0.039453125,0.027873563218390802,0.011579561781609196
MLP,2,0.25,1.0,crp_dataset_8_1_3.csv|crp_dataset_8_1_8.csv,crp_dataset_8_1_1.csv,0.6137282252311707,0.5308641975243102,0.3412698412671328,43,38,83,92,0.0252685546875,0.02307098765432099,0.002197567033179009
MLP,2,0.25,1.0,crp_dataset_8_1_3.csv|crp_dataset_8_1_8.csv,crp_dataset_8_1_5.csv,0.6137282252311707,0.4999999999940476,0.4199999999958,42,42,58,114,0.039282226562499994,0.02574404761904762,0.013538178943452373
MLP,2,0.25,1.0,crp_dataset_8_1_3.csv|crp_dataset_8_1_8.csv,crp_dataset_8_1_4.csv,0.6137282252311707,0.5657894736767659,0.32824427480665463,43,33,88,92,0.023046875,0.019901315789473684,0.0031455592105263178
MLP,2,0.25,1.0,crp_dataset_8_1_3.csv|crp_dataset_8_1_8.csv,crp_dataset_8_1_7.csv,0.6137282252311707,0.8558558558481454,0.431818181816219,95,16,125,20,0.0095703125,0.00945945945945946,0.00011085304054054071
MLP,2,0.25,1.0,crp_dataset_8_1_3.csv|crp_dataset_8_1_8.csv,crp_dataset_8_1_6.csv,0.6137282252311707,0.662162162153214,0.34999999999750003,49,25,91,91,0.026928710937499996,0.019341216216216216,0.007587494721283779
MLP,2,0.25,1.0,crp_dataset_8_1_3.csv|crp_dataset_8_1_7.csv,crp_dataset_8_1_2.csv,0.6463104486465454,0.48416289592541106,0.8991596638579902,107,114,12,23,0.039453125,0.03648190045248869,0.0029712245475113086
MLP,2,0.25,1.0,crp_dataset_8_1_3.csv|crp_dataset_8_1_7.csv,crp_dataset_8_1_1.csv,0.6463104486465454,0.4814814814792524,0.8253968253902746,104,112,22,18,0.0252685546875,0.02552083333333334,-0.0002522786458333398
MLP,2,0.25,1.0,crp_dataset_8_1_3.csv|crp_dataset_8_1_7.csv,crp_dataset_8_1_5.csv,0.6463104486465454,0.38839285714112326,0.8699999999913,87,137,13,19,0.039282226562499994,0.03928571428571429,-3.4877232142974113e-06
MLP,2,0.25,1.0,crp_dataset_8_1_3.csv|crp_dataset_8_1_7.csv,crp_dataset_8_1_4.csv,0.6463104486465454,0.5374449339183373,0.931297709916555,122,105,9,20,0.023046875,0.02221916299559471,0.0008277120044052899
MLP,2,0.25,1.0,crp_dataset_8_1_3.csv|crp_dataset_8_1_7.csv,crp_dataset_8_1_8.csv,0.6463104486465454,0.5493562231736079,0.9275362318773368,128,105,10,13,0.0283203125,0.027333690987124466,0.0009866215128755337
MLP,2,0.25,1.0,crp_dataset_8_1_3.csv|crp_dataset_8_1_7.csv,crp_dataset_8_1_6.csv,0.6463104486465454,0.5502392344471281,0.8214285714227041,115,94,25,22,0.026928710937499996,0.027153110047846894,-0.0002243991103468984
MLP,2,0.25,1.0,crp_dataset_8_1_3.csv|crp_dataset_8_1_6.csv,crp_dataset_8_1_2.csv,0.6037838459014893,0.5681818181775138,0.6302521008350399,75,57,44,80,0.039453125,0.026657196969696973,0.012795928030303026
MLP,2,0.25,1.0,crp_dataset_8_1_3.csv|crp_dataset_8_1_6.csv,crp_dataset_8_1_1.csv,0.6037838459014893,0.4777070063663841,0.5952380952333711,75,82,51,48,0.0252685546875,0.024641719745222928,0.0006268349422770721
MLP,2,0.25,1.0,crp_dataset_8_1_3.csv|crp_dataset_8_1_6.csv,crp_dataset_8_1_5.csv,0.6037838459014893,0.43956043955802443,0.799999999992,80,102,20,54,0.039282226562499994,0.039285714285714285,-3.4877232142904724e-06
MLP,2,0.25,1.0,crp_dataset_8_1_3.csv|crp_dataset_8_1_6.csv,crp_dataset_8_1_4.csv,0.6037838459014893,0.6433121019067305,0.7709923664063284,101,56,30,69,0.023046875,0.01687898089171975,0.006167894108280253
MLP,2,0.25,1.0,crp_dataset_8_1_3.csv|crp_dataset_8_1_6.csv,crp_dataset_8_1_8.csv,0.6037838459014893,0.47204968943806186,0.5507246376771687,76,85,62,33,0.0283203125,0.0344332298136646,-0.006112917313664597
MLP,2,0.25,1.0,crp_dataset_8_1_3.csv|crp_dataset_8_1_6.csv,crp_dataset_8_1_7.csv,0.6037838459014893,0.8717948717874205,0.4636363636342562,102,15,118,21,0.0095703125,0.005822649572649573,0.003747662927350428
MLP,2,0.25,1.0,crp_dataset_8_1_1.csv|crp_dataset_8_1_5.csv,crp_dataset_8_1_2.csv,0.5,0.499999999875,0.016806722688934395,2,2,117,135,0.039453125,0.03906250000000001,0.0003906249999999917
MLP,2,0.25,1.0,crp_dataset_8_1_1.csv|crp_dataset_8_1_5.csv,crp_dataset_8_1_3.csv,0.5,0.0,0.0,0,2,173,81,0.0196044921875,0.0625,-0.0428955078125
MLP,2,0.25,1.0,crp_dataset_8_1_1.csv|crp_dataset_8_1_5.csv,crp_dataset_8_1_4.csv,0.5,0.9999999998,0.038167938931006354,5,0,126,125,0.023046875,0.0,0.023046875
MLP,2,0.25,1.0,crp_dataset_8_1_1.csv|crp_dataset_8_1_5.csv,crp_dataset_8_1_8.csv,0.5,0.0,0.0,0,0,138,118,0.0283203125,,
MLP,2,0.25,1.0,crp_dataset_8_1_1.csv|crp_dataset_8_1_5.csv,crp_dataset_8_1_7.csv,0.5,0.7499999998125,0.013636363636301654,3,1,217,35,0.0095703125,0.003125,0.0064453125000000005
MLP,2,0.25,1.0,crp_dataset_8_1_1.csv|crp_dataset_8_1_5.csv,crp_dataset_8_1_6.csv,0.5,0.0,0.0,0,3,140,113,0.026928710937499996,0.05000000000000001,-0.023071289062500014
MLP,2,0.25,1.0,crp_dataset_8_1_1.csv|crp_dataset_8_1_4.csv,crp_dataset_8_1_2.csv,0.6090981364250183,0.7407407407133059,0.16806722688934397,20,7,99,130,0.039453125,0.01412037037037037,0.02533275462962963
MLP,2,0.25,1.0,crp_dataset_8_1_1.csv|crp_dataset_8_1_4.csv,crp_dataset_8_1_3.csv,0.6090981364250183,0.8571428570816326,0.06936416184931003,12,2,161,81,0.0196044921875,0.005803571428571428,0.01380092075892857
MLP,2,0.25,1.0,crp_dataset_8_1_1.csv|crp_dataset_8_1_4.csv,crp_dataset_8_1_5.csv,0.6090981364250183,0.4210526315567867,0.0799999999992,8,11,92,145,0.039282226562499994,0.026644736842105266,0.012637489720394728
MLP,2,0.25,1.0,crp_dataset_8_1_1.csv|crp_dataset_8_1_4.csv,crp_dataset_8_1_8.csv,0.6090981364250183,0.4285714285102041,0.02173913043462508,3,4,135,114,0.0283203125,0.028571428571428574,-0.000251116071428574
MLP,2,0.25,1.0,crp_dataset_8_1_1.csv|crp_dataset_8_1_4.csv,crp_dataset_8_1_7.csv,0.6090981364250183,0.8749999999453125,0.06363636363607439,14,2,206,34,0.0095703125,0.00703125,0.0025390625000000005
MLP,2,0.25,1.0,crp_dataset_8_1_1.csv|crp_dataset_8_1_4.csv,crp_dataset_8_1_6.csv,0.6090981364250183,0.8181818181074381,0.0642857142852551,9,2,131,114,0.026928710937499996,0.007386363636363635,0.01954234730113636
MLP,2,0.25,1.0,crp_dataset_8_1_1.csv|crp_dataset_8_1_8.csv,crp_dataset_8_1_2.csv,0.5,0.5031847133725912,0.6638655462129087,79,78,40,59,0.039453125,0.03746019108280255,0.0019929339171974453
MLP,2,0.25,1.0,crp_dataset_8_1_1.csv|crp_dataset_8_1_8.csv,crp_dataset_8_1_3.csv,0.5,0.654320987650282,0.6127167630022387,106,56,67,27,0.0196044921875,0.02199074074074074,-0.002386248553240742
MLP,2,0.25,1.0,crp_dataset_8_1_1.csv|crp_dataset_8_1_8.csv,crp_dataset_8_1_5.csv,0.5,0.42176870748012407,0.6199999999938,62,85,38,71,0.039282226562499994,0.03843537414965987,0.0008468524128401253
MLP,2,0.25,1.0,crp_dataset_8_1_1.csv|crp_dataset_8_1_8.csv,crp_dataset_8_1_4.csv,0.5,0.4930555555521316,0.5419847328202902,71,73,60,52,0.023046875,0.0234375,-0.0003906249999999986
MLP,2,0.25,1.0,crp_dataset_8_1_1.csv|crp_dataset_8_1_8.csv,crp_dataset_8_1_7.csv,0.5,0.8817204301027864,0.7454545454511571,164,22,56,14,0.0095703125,0.007358870967741935,0.0022114415322580655
MLP,2,0.25,1.0,crp_dataset_8_1_1.csv|crp_dataset_8_1_8.csv,crp_dataset_8_1_6.csv,0.5,0.6026490066185255,0.6499999999953572,91,60,49,56,0.026928710937499996,0.02313741721854305,0.003791293718956947
MLP,2,0.25,1.0,crp_dataset_8_1_1.csv|crp_dataset_8_1_7.csv,crp_dataset_8_1_2.csv,0.634971559047699,0.5555555555508072,0.5462184873903679,65,52,54,85,0.039453125,0.03034188034188035,0.00911124465811965
MLP,2,0.25,1.0,crp_dataset_8_1_1.csv|crp_dataset_8_1_7.csv,crp_dataset_8_1_3.csv,0.634971559047699,0.6697247706360575,0.42196531791663605,73,36,100,47,0.0196044921875,0.020928899082568807,-0.0013244068950688075
MLP,2,0.25,1.0,crp_dataset_8_1_1.csv|crp_dataset_8_1_7.csv,crp_dataset_8_1_5.csv,0.634971559047699,0.476190476185941,0.499999999995,50,55,50,101,0.039282226562499994,0.03273809523809524,0.006544131324404755
MLP,2,0.25,1.0,crp_dataset_8_1_1.csv|crp_dataset_8_1_7.csv,crp_dataset_8_1_4.csv,0.634971559047699,0.5390624999957886,0.5267175572478877,69,59,62,66,0.023046875,0.020947265625,0.002099609375000002
MLP,2,0.25,1.0,crp_dataset_8_1_1.csv|crp_dataset_8_1_7.csv,crp_dataset_8_1_8.csv,0.634971559047699,0.5480769230716531,0.4130434782578765,57,47,81,71,0.0283203125,0.02980769230769231,-0.0014873798076923093
MLP,2,0.25,1.0,crp_dataset_8_1_1.csv|crp_dataset_8_1_7.csv,crp_dataset_8_1_6.csv,0.634971559047699,0.6343283582042215,0.6071428571385205,85,49,55,67,0.026928710937499996,0.02271455223880597,0.004214158698694025
MLP,2,0.25,1.0,crp_dataset_8_1_1.csv|crp_dataset_8_1_6.csv,crp_dataset_8_1_2.csv,0.6040073037147522,0.6981132075339979,0.31092436974528637,37,16,82,121,0.039453125,0.012028301886792452,0.02742482311320755
MLP,2,0.25,1.0,crp_dataset_8_1_1.csv|crp_dataset_8_1_6.csv,crp_dataset_8_1_3.csv,0.6040073037147522,0.7820512820412557,0.352601156067326,61,17,112,66,0.0196044921875,0.012580128205128206,0.007024363982371794
MLP,2,0.25,1.0,crp_dataset_8_1_1.csv|crp_dataset_8_1_6.csv,crp_dataset_8_1_5.csv,0.6040073037147522,0.5753424657455433,0.4199999999958,42,31,58,125,0.039282226562499994,0.030136986301369864,0.00914524026113013
MLP,2,0.25,1.0,crp_dataset_8_1_1.csv|crp_dataset_8_1_6.csv,crp_dataset_8_1_4.csv,0.6040073037147522,0.7605633802709779,0.41221374045486864,54,17,77,108,0.023046875,0.012411971830985913,0.010634903169014089
MLP,2,0.25,1.0,crp_dataset_8_1_1.csv|crp_dataset_8_1_6.csv,crp_dataset_8_1_8.csv,0.6040073037147522,0.49999999999137934,0.21014492753470912,29,29,109,89,0.0283203125,0.03157327586206897,-0.0032529633620689696
MLP,2,0.25,1.0,crp_dataset_8_1_1.csv|crp_dataset_8_1_6.csv,crp_dataset_8_1_7.csv,0.6040073037147522,0.913043478247637,0.28636363636233475,63,6,157,30,0.0095703125,0.004619565217391304,0.004950747282608697
MLP,2,0.25,1.0,crp_dataset_8_1_5.csv|crp_dataset_8_1_4.csv,crp_dataset_8_1_2.csv,0.6012532114982605,0.6666666664444444,0.016806722688934395,2,1,117,136,0.039453125,0.004166666666666667,0.03528645833333333
MLP,2,0.25,1.0,crp_dataset_8_1_5.csv|crp_dataset_8_1_4.csv,crp_dataset_8_1_3.csv,0.6012532114982605,0.59999999988,0.017341040462327508,3,2,170,81,0.0196044921875,0.01875,0.0008544921875
MLP,2,0.25,1.0,crp_dataset_8_1_5.csv|crp_dataset_8_1_4.csv,crp_dataset_8_1_1.csv,0.6012532114982605,0.6666666664444444,0.015873015872889897,2,1,124,129,0.0252685546875,0.004166666666666667,0.021101888020833334
MLP,2,0.25,1.0,crp_dataset_8_1_5.csv|crp_dataset_8_1_4.csv,crp_dataset_8_1_8.csv,0.6012532114982605,0.2499999999375,0.007246376811541694,1,3,137,115,0.0283203125,0.025,0.0033203124999999986
MLP,2,0.25,1.0,crp_dataset_8_1_5.csv|crp_dataset_8_1_4.csv,crp_dataset_8_1_7.csv,0.6012532114982605,0.999999999875,0.03636363636347108,8,0,212,36,0.0095703125,0.00078125,0.0087890625
MLP,2,0.25,1.0,crp_dataset_8_1_5.csv|crp_dataset_8_1_4.csv,crp_dataset_8_1_6.csv,0.6012532114982605,0.7499999998125,0.02142857142841837,3,1,137,115,0.026928710937499996,0.026562500000000003,0.00036621093749999306
MLP,2,0.25,1.0,crp_dataset_8_1_5.csv|crp_dataset_8_1_8.csv,crp_dataset_8_1_2.csv,0.5,0.4639175257684132,0.37815126050102393,45,52,74,85,0.039453125,0.04336340206185567,-0.00391027706185567
MLP,2,0.25,1.0,crp_dataset_8_1_5.csv|crp_dataset_8_1_8.csv,crp_dataset_8_1_3.csv,0.5,0.7444444444361729,0.38728323699198103,67,23,106,60,0.0196044921875,0.01840277777777778,0.001201714409722221
MLP,2,0.25,1.0,crp_dataset_8_1_5.csv|crp_dataset_8_1_8.csv,crp_dataset_8_1_1.csv,0.5,0.5573770491711906,0.26984126983912826,34,27,92,103,0.0252685546875,0.021618852459016392,0.0036497022284836082
MLP,2,0.25,1.0,crp_dataset_8_1_5.csv|crp_dataset_8_1_8.csv,crp_dataset_8_1_4.csv,0.5,0.5749999999928125,0.35114503816525844,46,34,85,91,0.023046875,0.021796875,0.0012500000000000011
MLP,2,0.25,1.0,crp_dataset_8_1_5.csv|crp_dataset_8_1_8.csv,crp_dataset_8_1_7.csv,0.5,0.8707482993138045,0.5818181818155372,128,19,92,17,0.0095703125,0.008290816326530613,0.001279496173469388
MLP,2,0.25,1.0,crp_dataset_8_1_5.csv|crp_dataset_8_1_8.csv,crp_dataset_8_1_6.csv,0.5,0.44660194174323686,0.32857142856908167,46,57,94,59,0.026928710937499996,0.03398058252427184,-0.007051871586771848
MLP,2,0.25,1.0,crp_dataset_8_1_5.csv|crp_dataset_8_1_7.csv,crp_dataset_8_1_2.csv,0.603854775428772,0.5327868852415345,0.5462184873903679,65,57,54,80,0.039453125,0.03529713114754099,0.00415599385245901
MLP,2,0.25,1.0,crp_dataset_8_1_5.csv|crp_dataset_8_1_7.csv,crp_dataset_8_1_3.csv,0.603854775428772,0.7295081967153318,0.5144508670490494,89,33,84,50,0.0196044921875,0.017264344262295082,0.002340147925204917
MLP,2,0.25,1.0,crp_dataset_8_1_5.csv|crp_dataset_8_1_7.csv,crp_dataset_8_1_1.csv,0.603854775428772,0.69999999999,0.3888888888858025,49,21,77,109,0.0252685546875,0.015892857142857143,0.009375697544642857
MLP,2,0.25,1.0,crp_dataset_8_1_5.csv|crp_dataset_8_1_7.csv,crp_dataset_8_1_4.csv,0.603854775428772,0.5333333333274074,0.36641221373766103,48,42,83,83,0.023046875,0.023194444444444445,-0.00014756944444444323
MLP,2,0.25,1.0,crp_dataset_8_1_5.csv|crp_dataset_8_1_7.csv,crp_dataset_8_1_8.csv,0.603854775428772,0.7820512820412557,0.4420289855040433,61,17,77,101,0.0283203125,0.008173076923076922,0.020147235576923078
MLP,2,0.25,1.0,crp_dataset_8_1_5.csv|crp_dataset_8_1_7.csv,crp_dataset_8_1_6.csv,0.603854775428772,0.4573643410817259,0.4214285714255613,59,70,81,46,0.026928710937499996,0.03430232558139535,-0.007373614643895354
MLP,2,0.25,1.0,crp_dataset_8_1_5.csv|crp_dataset_8_1_6.csv,crp_dataset_8_1_2.csv,0.6032669544219971,0.5714285713469388,0.03361344537786879,4,3,115,134,0.039453125,0.019642857142857146,0.019810267857142853
MLP,2,0.25,1.0,crp_dataset_8_1_5.csv|crp_dataset_8_1_6.csv,crp_dataset_8_1_3.csv,0.6032669544219971,0.79999999992,0.04624277456620669,8,2,165,81,0.0196044921875,0.018125000000000002,0.001479492187499997
MLP,2,0.25,1.0,crp_dataset_8_1_5.csv|crp_dataset_8_1_6.csv,crp_dataset_8_1_1.csv,0.6032669544219971,0.5714285713469388,0.03174603174577979,4,3,122,127,0.0252685546875,0.016964285714285713,0.008304268973214287
MLP,2,0.25,1.0,crp_dataset_8_1_5.csv|crp_dataset_8_1_6.csv,crp_dataset_8_1_4.csv,0.6032669544219971,0.59999999988,0.022900763358603814,3,2,128,123,0.023046875,0.025,-0.001953125
MLP,2,0.25,1.0,crp_dataset_8_1_5.csv|crp_dataset_8_1_6.csv,crp_dataset_8_1_8.csv,0.6032669544219971,0.4285714285102041,0.02173913043462508,3,4,135,114,0.0283203125,0.01517857142857143,0.01314174107142857
MLP,2,0.25,1.0,crp_dataset_8_1_5.csv|crp_dataset_8_1_6.csv,crp_dataset_8_1_7.csv,0.6032669544219971,0.8333333332638889,0.04545454545433884,10,2,210,34,0.0095703125,0.005208333333333333,0.004361979166666668
MLP,2,0.25,1.0,crp_dataset_8_1_4.csv|crp_dataset_8_1_8.csv,crp_dataset_8_1_2.csv,0.6052878499031067,0.5689655172364744,0.5546218487348351,66,50,53,87,0.039453125,0.03340517241379311,0.006047952586206891
MLP,2,0.25,1.0,crp_dataset_8_1_4.csv|crp_dataset_8_1_8.csv,crp_dataset_8_1_3.csv,0.6052878499031067,0.7338709677360171,0.5260115606906012,91,33,82,50,0.0196044921875,0.016129032258064516,0.0034754599294354836
MLP,2,0.25,1.0,crp_dataset_8_1_4.csv|crp_dataset_8_1_8.csv,crp_dataset_8_1_1.csv,0.6052878499031067,0.6190476190417233,0.5158730158689216,65,40,61,90,0.0252685546875,0.018154761904761903,0.007113792782738097
MLP,2,0.25,1.0,crp_dataset_8_1_4.csv|crp_dataset_8_1_8.csv,crp_dataset_8_1_5.csv,0.6052878499031067,0.525862068960984,0.6099999999939,61,55,39,101,0.039282226562499994,0.023545258620689652,0.015736967941810343
MLP,2,0.25,1.0,crp_dataset_8_1_4.csv|crp_dataset_8_1_8.csv,crp_dataset_8_1_7.csv,0.6052878499031067,0.8854961831993474,0.5272727272703306,116,15,104,21,0.0095703125,0.006774809160305343,0.0027955033396946573
MLP,2,0.25,1.0,crp_dataset_8_1_4.csv|crp_dataset_8_1_8.csv,crp_dataset_8_1_6.csv,0.6052878499031067,0.5799999999941999,0.4142857142827551,58,42,82,74,0.026928710937499996,0.02275,0.0041787109374999964
MLP,2,0.25,1.0,crp_dataset_8_1_4.csv|crp_dataset_8_1_7.csv,crp_dataset_8_1_2.csv,0.6005663275718689,0.5269461077812758,0.7394957983131134,88,79,31,58,0.039453125,0.03218562874251497,0.007267496257485032
MLP,2,0.25,1.0,crp_dataset_8_1_4.csv|crp_dataset_8_1_7.csv,crp_dataset_8_1_3.csv,0.6005663275718689,0.7556818181775246,0.7687861271631863,133,43,40,40,0.0196044921875,0.014914772727272728,0.004689719460227271
MLP,2,0.25,1.0,crp_dataset_8_1_4.csv|crp_dataset_8_1_7.csv,crp_dataset_8_1_1.csv,0.6005663275718689,0.5741935483833923,0.7063492063436004,89,66,37,64,0.0252685546875,0.019838709677419356,0.005429845010080644
MLP,2,0.25,1.0,crp_dataset_8_1_4.csv|crp_dataset_8_1_7.csv,crp_dataset_8_1_5.csv,0.6005663275718689,0.4636871508353984,0.8299999999916999,83,96,17,60,0.039282226562499994,0.03254189944134078,0.006740327121159212
MLP,2,0.25,1.0,crp_dataset_8_1_4.csv|crp_dataset_8_1_7.csv,crp_dataset_8_1_8.csv,0.6005663275718689,0.5439560439530552,0.7173913043426277,99,83,39,35,0.0283203125,0.028708791208791218,-0.0003884787087912178
MLP,2,0.25,1.0,crp_dataset_8_1_4.csv|crp_dataset_8_1_7.csv,crp_dataset_8_1_6.csv,0.6005663275718689,0.5928143712539353,0.7071428571378062,99,68,41,48,0.026928710937499996,0.02211826347305389,0.0048104474644461055
MLP,2,0.25,1.0,crp_dataset_8_1_4.csv|crp_dataset_8_1_6.csv,crp_dataset_8_1_2.csv,0.6184946298599243,0.6124999999923437,0.41176470587889274,49,31,70,106,0.039453125,0.018125000000000002,0.021328124999999996
MLP,2,0.25,1.0,crp_dataset_8_1_4.csv|crp_dataset_8_1_6.csv,crp_dataset_8_1_3.csv,0.6184946298599243,0.7727272727184917,0.39306358381275686,68,20,105,63,0.0196044921875,0.012357954545454545,0.007246537642045454
MLP,2,0.25,1.0,crp_dataset_8_1_4.csv|crp_dataset_8_1_6.csv,crp_dataset_8_1_1.csv,0.6184946298599243,0.56790123456089,0.3650793650764676,46,35,80,95,0.0252685546875,0.019598765432098764,0.005669789255401236
MLP,2,0.25,1.0,crp_dataset_8_1_4.csv|crp_dataset_8_1_6.csv,crp_dataset_8_1_5.csv,0.6184946298599243,0.43103448275490486,0.499999999995,50,66,50,90,0.039282226562499994,0.03712284482758621,0.0021593817349137845
MLP,2,0.25,1.0,crp_dataset_8_1_4.csv|crp_dataset_8_1_6.csv,crp_dataset_8_1_8.csv,0.6184946298599243,0.5353535353481277,0.38405797101170974,53,46,85,72,0.0283203125,0.029356060606060608,-0.0010357481060606077
MLP,2,0.25,1.0,crp_dataset_8_1_4.csv|crp_dataset_8_1_6.csv,crp_dataset_8_1_7.csv,0.6184946298599243,0.8974358974243918,0.3181818181803719,70,8,150,28,0.0095703125,0.004727564102564102,0.0048427483974358984
MLP,2,0.25,1.0,crp_dataset_8_1_8.csv|crp_dataset_8_1_7.csv,crp_dataset_8_1_2.csv,0.6333786845207214,0.505494505491728,0.7731092436909822,92,90,27,47,0.039453125,0.04103708791208791,-0.0015839629120879134
MLP,2,0.25,1.0,crp_dataset_8_1_8.csv|crp_dataset_8_1_7.csv,crp_dataset_8_1_3.csv,0.6333786845207214,0.7142857142814626,0.6936416184931004,120,48,53,35,0.0196044921875,0.01681547619047619,0.0027890159970238096
MLP,2,0.25,1.0,crp_dataset_8_1_8.csv|crp_dataset_8_1_7.csv,crp_dataset_8_1_1.csv,0.6333786845207214,0.5867768594992828,0.5634920634875913,71,50,55,80,0.0252685546875,0.021435950413223142,0.003832604274276858
MLP,2,0.25,1.0,crp_dataset_8_1_8.csv|crp_dataset_8_1_7.csv,crp_dataset_8_1_5.csv,0.6333786845207214,0.6016949152491382,0.7099999999929,71,47,29,109,0.039282226562499994,0.02070974576271186,0.018572480799788134
MLP,2,0.25,1.0,crp_dataset_8_1_8.csv|crp_dataset_8_1_7.csv,crp_dataset_8_1_4.csv,0.6333786845207214,0.5526315789437327,0.6412213740409067,84,68,47,57,0.023046875,0.02261513157894737,0.00043174342105263205
MLP,2,0.25,1.0,crp_dataset_8_1_8.csv|crp_dataset_8_1_7.csv,crp_dataset_8_1_6.csv,0.6333786845207214,0.5031847133725912,0.5642857142816837,79,78,61,38,0.026928710937499996,0.030692675159235665,-0.0037639642217356696
MLP,2,0.25,1.0,crp_dataset_8_1_8.csv|crp_dataset_8_1_6.csv,crp_dataset_8_1_2.csv,0.6056627035140991,0.6181818181705786,0.28571428571188473,34,21,85,116,0.039453125,0.018977272727272728,0.02047585227272727
MLP,2,0.25,1.0,crp_dataset_8_1_8.csv|crp_dataset_8_1_6.csv,crp_dataset_8_1_3.csv,0.6056627035140991,0.7462686567052795,0.28901734103879184,50,17,123,66,0.0196044921875,0.013526119402985074,0.0060783727845149255
MLP,2,0.25,1.0,crp_dataset_8_1_8.csv|crp_dataset_8_1_6.csv,crp_dataset_8_1_1.csv,0.6056627035140991,0.5499999999908334,0.2619047619026833,33,27,93,103,0.0252685546875,0.02,0.0052685546875
MLP,2,0.25,1.0,crp_dataset_8_1_8.csv|crp_dataset_8_1_6.csv,crp_dataset_8_1_5.csv,0.6056627035140991,0.478873239429875,0.33999999999659997,34,37,66,119,0.039282226562499994,0.03389084507042254,0.005391381492077456
MLP,2,0.25,1.0,crp_dataset_8_1_8.csv|crp_dataset_8_1_6.csv,crp_dataset_8_1_4.csv,0.6056627035140991,0.6266666666583111,0.3587786259514597,47,28,84,97,0.023046875,0.015,0.008046875000000002
MLP,2,0.25,1.0,crp_dataset_8_1_8.csv|crp_dataset_8_1_6.csv,crp_dataset_8_1_7.csv,0.6056627035140991,0.8124999999746094,0.118181818181281,26,6,194,30,0.0095703125,0.0052734374999999995,0.004296875000000001
MLP,2,0.25,1.0,crp_dataset_8_1_7.csv|crp_dataset_8_1_6.csv,crp_dataset_8_1_2.csv,0.6422258615493774,0.4757281553374965,0.8235294117577855,98,108,21,29,0.039453125,0.03483009708737864,0.004623027912621355
MLP,2,0.25,1.0,crp_dataset_8_1_7.csv|crp_dataset_8_1_6.csv,crp_dataset_8_1_3.csv,0.6422258615493774,0.6940639269374701,0.8786127167579272,152,67,21,16,0.0196044921875,0.01692351598173516,0.0026809762057648408
MLP,2,0.25,1.0,crp_dataset_8_1_7.csv|crp_dataset_8_1_6.csv,crp_dataset_8_1_1.csv,0.6422258615493774,0.4611650485414507,0.7539682539622701,95,111,31,19,0.0252685546875,0.026516990291262137,-0.0012484356037621366
MLP,2,0.25,1.0,crp_dataset_8_1_7.csv|crp_dataset_8_1_6.csv,crp_dataset_8_1_5.csv,0.6422258615493774,0.3959183673453228,0.9699999999903,97,148,3,8,0.039282226562499994,0.03864795918367347,0.0006342673788265266
MLP,2,0.25,1.0,crp_dataset_8_1_7.csv|crp_dataset_8_1_6.csv,crp_dataset_8_1_4.csv,0.6422258615493774,0.5570776255682326,0.931297709916555,122,97,9,28,0.023046875,0.020976027397260275,0.002070847602739727
MLP,2,0.25,1.0,crp_dataset_8_1_7.csv|crp_dataset_8_1_6.csv,crp_dataset_8_1_8.csv,0.6422258615493774,0.5338983050824835,0.9130434782542534,126,110,12,8,0.0283203125,0.029502118644067796,-0.0011818061440677964
MLP,3,0.25,1.0,crp_dataset_8_1_2.csv|crp_dataset_8_1_3.csv|crp_dataset_8_1_1.csv,crp_dataset_8_1_5.csv,0.6049370169639587,0.5384615384563609,0.5599999999944,56,48,44,108,0.039282226562499994,0.032151442307692304,0.00713078425480769
MLP,3,0.25,1.0,crp_dataset_8_1_2.csv|crp_dataset_8_1_3.csv|crp_dataset_8_1_1.csv,crp_dataset_8_1_4.csv,0.6049370169639587,0.7701149425198837,0.5114503816754852,67,20,64,105,0.023046875,0.011853448275862068,0.011193426724137933
MLP,3,0.25,1.0,crp_dataset_8_1_2.csv|crp_dataset_8_1_3.csv|crp_dataset_8_1_1.csv,crp_dataset_8_1_8.csv,0.6049370169639587,0.4470588235241522,0.27536231883858436,38,47,100,71,0.0283203125,0.03411764705882354,-0.005797334558823537
MLP,3,0.25,1.0,crp_dataset_8_1_2.csv|crp_dataset_8_1_3.csv|crp_dataset_8_1_1.csv,crp_dataset_8_1_7.csv,0.6049370169639587,0.9139784946138282,0.3863636363618802,85,8,135,28,0.0095703125,0.004838709677419355,0.004731602822580646
MLP,3,0.25,1.0,crp_dataset_8_1_2.csv|crp_dataset_8_1_3.csv|crp_dataset_8_1_1.csv,crp_dataset_8_1_6.csv,0.6049370169639587,0.7906976744094104,0.4857142857108164,68,18,72,98,0.026928710937499996,0.012354651162790697,0.014574059774709299
MLP,3,0.25,1.0,crp_dataset_8_1_2.csv|crp_dataset_8_1_3.csv|crp_dataset_8_1_5.csv,crp_dataset_8_1_1.csv,0.6019881367683411,0.7142857142517007,0.11904761904667423,15,6,111,124,0.0252685546875,0.01755952380952381,0.00770903087797619
MLP,3,0.25,1.0,crp_dataset_8_1_2.csv|crp_dataset_8_1_3.csv|crp_dataset_8_1_5.csv,crp_dataset_8_1_4.csv,0.6019881367683411,0.8064516128772112,0.19083969465503178,25,6,106,119,0.023046875,0.00564516129032258,0.01740171370967742
MLP,3,0.25,1.0,crp_dataset_8_1_2.csv|crp_dataset_8_1_3.csv|crp_dataset_8_1_5.csv,crp_dataset_8_1_8.csv,0.6019881367683411,0.7272727272506888,0.17391304347700065,24,9,114,109,0.0283203125,0.010606060606060607,0.017714251893939395
MLP,3,0.25,1.0,crp_dataset_8_1_2.csv|crp_dataset_8_1_3.csv|crp_dataset_8_1_5.csv,crp_dataset_8_1_7.csv,0.6019881367683411,0.8939393939258493,0.26818181818059916,59,7,161,29,0.0095703125,0.005018939393939395,0.004551373106060606
MLP,3,0.25,1.0,crp_dataset_8_1_2.csv|crp_dataset_8_1_3.csv|crp_dataset_8_1_5.csv,crp_dataset_8_1_6.csv,0.6019881367683411,0.6976744185884263,0.2142857142841837,30,13,110,103,0.026928710937499996,0.01933139534883721,0.0075973155886627855
MLP,3,0.25,1.0,crp_dataset_8_1_2.csv|crp_dataset_8_1_3.csv|crp_dataset_8_1_4.csv,crp_dataset_8_1_1.csv,0.6092055439949036,0.5775862068915725,0.5317460317418116,67,49,59,81,0.0252685546875,0.01977370689655172,0.00549484779094828
MLP,3,0.25,1.0,crp_dataset_8_1_2.csv|crp_dataset_8_1_3.csv|crp_dataset_8_1_4.csv,crp_dataset_8_1_5.csv,0.6092055439949036,0.5078124999960327,0.6499999999935,65,63,35,93,0.039282226562499994,0.029345703125,0.009936523437499994
MLP,3,0.25,1.0,crp_dataset_8_1_2.csv|crp_dataset_8_1_3.csv|crp_dataset_8_1_4.csv,crp_dataset_8_1_8.csv,0.6092055439949036,0.5327868852415345,0.47101449275021007,65,57,73,61,0.0283203125,0.03130122950819672,-0.0029809170081967207
MLP,3,0.25,1.0,crp_dataset_8_1_2.csv|crp_dataset_8_1_3.csv|crp_dataset_8_1_4.csv,crp_dataset_8_1_7.csv,0.6092055439949036,0.8984374999929811,0.5227272727248967,115,13,105,23,0.0095703125,0.004541015625,0.005029296875
MLP,3,0.25,1.0,crp_dataset_8_1_2.csv|crp_dataset_8_1_3.csv|crp_dataset_8_1_4.csv,crp_dataset_8_1_6.csv,0.6092055439949036,0.7410714285648118,0.5928571428529082,83,29,57,87,0.026928710937499996,0.013895089285714287,0.01303362165178571
MLP,3,0.25,1.0,crp_dataset_8_1_2.csv|crp_dataset_8_1_3.csv|crp_dataset_8_1_8.csv,crp_dataset_8_1_1.csv,0.6018869876861572,0.7142857142778649,0.5158730158689216,65,26,61,104,0.0252685546875,0.011675824175824176,0.013592730511675824
MLP,3,0.25,1.0,crp_dataset_8_1_2.csv|crp_dataset_8_1_3.csv|crp_dataset_8_1_8.csv,crp_dataset_8_1_5.csv,0.6018869876861572,0.5982142857089445,0.6699999999933,67,45,33,111,0.039282226562499994,0.020758928571428574,0.01852329799107142
MLP,3,0.25,1.0,crp_dataset_8_1_2.csv|crp_dataset_8_1_3.csv|crp_dataset_8_1_8.csv,crp_dataset_8_1_4.csv,0.6018869876861572,0.7339449541217069,0.6106870228961017,80,29,51,96,0.023046875,0.01221330275229358,0.010833572247706421
MLP,3,0.25,1.0,crp_dataset_8_1_2.csv|crp_dataset_8_1_3.csv|crp_dataset_8_1_8.csv,crp_dataset_8_1_7.csv,0.6018869876861572,0.9212121212065382,0.6909090909059504,152,13,68,23,0.0095703125,0.004356060606060606,0.005214251893939394
MLP,3,0.25,1.0,crp_dataset_8_1_2.csv|crp_dataset_8_1_3.csv|crp_dataset_8_1_8.csv,crp_dataset_8_1_6.csv,0.6018869876861572,0.6923076923000845,0.44999999999678575,63,28,77,88,0.026928710937499996,0.019024725274725277,0.00790398566277472
MLP,3,0.25,1.0,crp_dataset_8_1_2.csv|crp_dataset_8_1_3.csv|crp_dataset_8_1_7.csv,crp_dataset_8_1_1.csv,0.600094735622406,0.502415458934771,0.8253968253902746,104,103,22,27,0.0252685546875,0.02315821256038647,0.002110342127113529
MLP,3,0.25,1.0,crp_dataset_8_1_2.csv|crp_dataset_8_1_3.csv|crp_dataset_8_1_7.csv,crp_dataset_8_1_5.csv,0.600094735622406,0.3911290322564874,0.9699999999903,97,151,3,5,0.039282226562499994,0.03966733870967743,-0.00038511214717743686
MLP,3,0.25,1.0,crp_dataset_8_1_2.csv|crp_dataset_8_1_3.csv|crp_dataset_8_1_7.csv,crp_dataset_8_1_4.csv,0.600094735622406,0.5599999999975112,0.9618320610613601,126,99,5,26,0.023046875,0.01969444444444444,0.00335243055555556
MLP,3,0.25,1.0,crp_dataset_8_1_2.csv|crp_dataset_8_1_3.csv|crp_dataset_8_1_7.csv,crp_dataset_8_1_8.csv,0.600094735622406,0.5278969957058889,0.8913043478196283,123,110,15,8,0.0283203125,0.029265021459227467,-0.0009447089592274673
MLP,3,0.25,1.0,crp_dataset_8_1_2.csv|crp_dataset_8_1_3.csv|crp_dataset_8_1_7.csv,crp_dataset_8_1_6.csv,0.600094735622406,0.6162162162128854,0.814285714279898,114,71,26,45,0.026928710937499996,0.022804054054054054,0.004124656883445942
MLP,3,0.25,1.0,crp_dataset_8_1_2.csv|crp_dataset_8_1_3.csv|crp_dataset_8_1_6.csv,crp_dataset_8_1_1.csv,0.6021783947944641,0.5630252100793023,0.5317460317418116,67,52,59,78,0.0252685546875,0.022163865546218485,0.003104689141281515
MLP,3,0.25,1.0,crp_dataset_8_1_2.csv|crp_dataset_8_1_3.csv|crp_dataset_8_1_6.csv,crp_dataset_8_1_5.csv,0.6021783947944641,0.43181818181572834,0.7599999999924,76,100,24,56,0.039282226562499994,0.03686079545454545,0.002421431107954543
MLP,3,0.25,1.0,crp_dataset_8_1_2.csv|crp_dataset_8_1_3.csv|crp_dataset_8_1_6.csv,crp_dataset_8_1_4.csv,0.6021783947944641,0.6643835616392851,0.7404580152615233,97,49,34,76,0.023046875,0.014940068493150684,0.008106806506849317
MLP,3,0.25,1.0,crp_dataset_8_1_2.csv|crp_dataset_8_1_3.csv|crp_dataset_8_1_6.csv,crp_dataset_8_1_8.csv,0.6021783947944641,0.5163398692776711,0.5724637681117938,79,74,59,44,0.0283203125,0.03349673202614379,-0.00517641952614379
MLP,3,0.25,1.0,crp_dataset_8_1_2.csv|crp_dataset_8_1_3.csv|crp_dataset_8_1_6.csv,crp_dataset_8_1_7.csv,0.6021783947944641,0.918032786877721,0.5090909090885951,112,10,108,26,0.0095703125,0.0034836065573770497,0.0060867059426229515
MLP,3,0.25,1.0,crp_dataset_8_1_2.csv|crp_dataset_8_1_1.csv|crp_dataset_8_1_5.csv,crp_dataset_8_1_3.csv,0.6052360534667969,0.9999999989999999,0.005780346820775837,1,0,172,83,0.0196044921875,0.0,0.0196044921875
MLP,3,0.25,1.0,crp_dataset_8_1_2.csv|crp_dataset_8_1_1.csv|crp_dataset_8_1_5.csv,crp_dataset_8_1_4.csv,0.6052360534667969,0.7142857141836735,0.038167938931006354,5,2,126,123,0.023046875,0.0071428571428571435,0.015904017857142856
MLP,3,0.25,1.0,crp_dataset_8_1_2.csv|crp_dataset_8_1_1.csv|crp_dataset_8_1_5.csv,crp_dataset_8_1_8.csv,0.6052360534667969,0.8333333331944445,0.03623188405770847,5,1,133,117,0.0283203125,0.004166666666666667,0.024153645833333334
MLP,3,0.25,1.0,crp_dataset_8_1_2.csv|crp_dataset_8_1_1.csv|crp_dataset_8_1_5.csv,crp_dataset_8_1_7.csv,0.6052360534667969,0.9523809523356009,0.09090909090867769,20,1,200,35,0.0095703125,0.0005952380952380953,0.008975074404761906
MLP,3,0.25,1.0,crp_dataset_8_1_2.csv|crp_dataset_8_1_1.csv|crp_dataset_8_1_5.csv,crp_dataset_8_1_6.csv,0.6052360534667969,0.7499999998125,0.02142857142841837,3,1,137,115,0.026928710937499996,0.012499999999999999,0.014428710937499997
MLP,3,0.25,1.0,crp_dataset_8_1_2.csv|crp_dataset_8_1_1.csv|crp_dataset_8_1_4.csv,crp_dataset_8_1_3.csv,0.6947225332260132,0.8723404255133546,0.2369942196518093,41,6,132,77,0.0196044921875,0.007313829787234043,0.012290662400265957
MLP,3,0.25,1.0,crp_dataset_8_1_2.csv|crp_dataset_8_1_1.csv|crp_dataset_8_1_4.csv,crp_dataset_8_1_5.csv,0.6947225332260132,0.6101694915150819,0.3599999999964,36,23,64,133,0.039282226562499994,0.022775423728813558,0.016506802833686437
MLP,3,0.25,1.0,crp_dataset_8_1_2.csv|crp_dataset_8_1_1.csv|crp_dataset_8_1_4.csv,crp_dataset_8_1_8.csv,0.6947225332260132,0.49999999997916666,0.08695652173850033,12,12,126,106,0.0283203125,0.022135416666666668,0.006184895833333332
MLP,3,0.25,1.0,crp_dataset_8_1_2.csv|crp_dataset_8_1_1.csv|crp_dataset_8_1_4.csv,crp_dataset_8_1_7.csv,0.6947225332260132,0.999999999962963,0.12272727272671488,27,0,193,36,0.0095703125,0.0002314814814814815,0.009338831018518519
MLP,3,0.25,1.0,crp_dataset_8_1_2.csv|crp_dataset_8_1_1.csv|crp_dataset_8_1_4.csv,crp_dataset_8_1_6.csv,0.6947225332260132,0.872727272711405,0.34285714285469393,48,7,92,109,0.026928710937499996,0.005454545454545454,0.02147416548295454
MLP,3,0.25,1.0,crp_dataset_8_1_2.csv|crp_dataset_8_1_1.csv|crp_dataset_8_1_8.csv,crp_dataset_8_1_3.csv,0.6638885140419006,0.9090909090082645,0.05780346820775836,10,1,163,82,0.0196044921875,0.0011363636363636365,0.018468128551136363
MLP,3,0.25,1.0,crp_dataset_8_1_2.csv|crp_dataset_8_1_1.csv|crp_dataset_8_1_8.csv,crp_dataset_8_1_5.csv,0.6638885140419006,0.59999999988,0.0299999999997,3,2,97,154,0.039282226562499994,0.0125,0.026782226562499994
MLP,3,0.25,1.0,crp_dataset_8_1_2.csv|crp_dataset_8_1_1.csv|crp_dataset_8_1_8.csv,crp_dataset_8_1_4.csv,0.6638885140419006,0.6666666665925925,0.04580152671720763,6,3,125,122,0.023046875,0.013194444444444444,0.009852430555555557
MLP,3,0.25,1.0,crp_dataset_8_1_2.csv|crp_dataset_8_1_1.csv|crp_dataset_8_1_8.csv,crp_dataset_8_1_7.csv,0.6638885140419006,0.913043478221172,0.09545454545411157,21,2,199,34,0.0095703125,0.001630434782608696,0.007939877717391304
MLP,3,0.25,1.0,crp_dataset_8_1_2.csv|crp_dataset_8_1_1.csv|crp_dataset_8_1_8.csv,crp_dataset_8_1_6.csv,0.6638885140419006,0.9230769230059171,0.08571428571367348,12,1,128,115,0.026928710937499996,0.0014423076923076922,0.025486403245192305
MLP,3,0.25,1.0,crp_dataset_8_1_2.csv|crp_dataset_8_1_1.csv|crp_dataset_8_1_7.csv,crp_dataset_8_1_3.csv,0.6341532468795776,0.7999999999923809,0.48554913294517027,84,21,89,62,0.0196044921875,0.012321428571428568,0.007283063616071431
MLP,3,0.25,1.0,crp_dataset_8_1_2.csv|crp_dataset_8_1_1.csv|crp_dataset_8_1_7.csv,crp_dataset_8_1_5.csv,0.6341532468795776,0.5624999999941406,0.5399999999946,54,42,46,114,0.039282226562499994,0.024739583333333332,0.014542643229166662
MLP,3,0.25,1.0,crp_dataset_8_1_2.csv|crp_dataset_8_1_1.csv|crp_dataset_8_1_7.csv,crp_dataset_8_1_4.csv,0.6341532468795776,0.6874999999938616,0.5877862595374979,77,35,54,90,0.023046875,0.013895089285714287,0.009151785714285715
MLP,3,0.25,1.0,crp_dataset_8_1_2.csv|crp_dataset_8_1_1.csv|crp_dataset_8_1_7.csv,crp_dataset_8_1_8.csv,0.6341532468795776,0.6578947368334487,0.3623188405770847,50,26,88,92,0.0283203125,0.019572368421052633,0.008747944078947367
MLP,3,0.25,1.0,crp_dataset_8_1_2.csv|crp_dataset_8_1_1.csv|crp_dataset_8_1_7.csv,crp_dataset_8_1_6.csv,0.6341532468795776,0.6576576576517328,0.521428571424847,73,38,67,78,0.026928710937499996,0.020551801801801804,0.006376909135698192
MLP,3,0.25,1.0,crp_dataset_8_1_2.csv|crp_dataset_8_1_1.csv|crp_dataset_8_1_6.csv,crp_dataset_8_1_3.csv,0.602409303188324,0.8524590163864553,0.601156069360687,104,18,69,65,0.0196044921875,0.008350409836065572,0.011254082351434427
MLP,3,0.25,1.0,crp_dataset_8_1_2.csv|crp_dataset_8_1_1.csv|crp_dataset_8_1_6.csv,crp_dataset_8_1_5.csv,0.602409303188324,0.458064516126077,0.7099999999929,71,84,29,72,0.039282226562499994,0.03383064516129033,0.005451581401209667
MLP,3,0.25,1.0,crp_dataset_8_1_2.csv|crp_dataset_8_1_1.csv|crp_dataset_8_1_6.csv,crp_dataset_8_1_4.csv,0.602409303188324,0.7099236641167181,0.7099236641167181,93,38,38,87,0.023046875,0.01340648854961832,0.00964038645038168
MLP,3,0.25,1.0,crp_dataset_8_1_2.csv|crp_dataset_8_1_1.csv|crp_dataset_8_1_6.csv,crp_dataset_8_1_8.csv,0.602409303188324,0.5174825174788987,0.5362318840540853,74,69,64,49,0.0283203125,0.032910839160839166,-0.004590526660839166
MLP,3,0.25,1.0,crp_dataset_8_1_2.csv|crp_dataset_8_1_1.csv|crp_dataset_8_1_6.csv,crp_dataset_8_1_7.csv,0.602409303188324,0.9008264462735469,0.4954545454522934,109,12,111,24,0.0095703125,0.003925619834710744,0.005644692665289257
MLP,3,0.25,1.0,crp_dataset_8_1_2.csv|crp_dataset_8_1_5.csv|crp_dataset_8_1_4.csv,crp_dataset_8_1_3.csv,0.6578614115715027,0.9999999999166667,0.06936416184931003,12,0,161,83,0.0196044921875,0.0,0.0196044921875
MLP,3,0.25,1.0,crp_dataset_8_1_2.csv|crp_dataset_8_1_5.csv|crp_dataset_8_1_4.csv,crp_dataset_8_1_1.csv,0.6578614115715027,0.6666666664444444,0.015873015872889897,2,1,124,129,0.0252685546875,0.0375,-0.012231445312499999
MLP,3,0.25,1.0,crp_dataset_8_1_2.csv|crp_dataset_8_1_5.csv|crp_dataset_8_1_4.csv,crp_dataset_8_1_8.csv,0.6578614115715027,0.624999999921875,0.03623188405770847,5,3,133,115,0.0283203125,0.00625,0.0220703125
MLP,3,0.25,1.0,crp_dataset_8_1_2.csv|crp_dataset_8_1_5.csv|crp_dataset_8_1_4.csv,crp_dataset_8_1_7.csv,0.6578614115715027,0.8888888888395061,0.07272727272694215,16,2,204,34,0.0095703125,0.0041666666666666675,0.005403645833333333
MLP,3,0.25,1.0,crp_dataset_8_1_2.csv|crp_dataset_8_1_5.csv|crp_dataset_8_1_4.csv,crp_dataset_8_1_6.csv,0.6578614115715027,0.9999999998571428,0.04999999999964286,7,0,133,116,0.026928710937499996,0.0,0.026928710937499996
MLP,3,0.25,1.0,crp_dataset_8_1_2.csv|crp_dataset_8_1_5.csv|crp_dataset_8_1_8.csv,crp_dataset_8_1_3.csv,0.6074342131614685,0.6666666666560846,0.24277456647258513,42,21,131,62,0.0196044921875,0.020734126984126987,-0.0011296347966269875
MLP,3,0.25,1.0,crp_dataset_8_1_2.csv|crp_dataset_8_1_5.csv|crp_dataset_8_1_8.csv,crp_dataset_8_1_1.csv,0.6074342131614685,0.7254901960642062,0.2936507936484631,37,14,89,116,0.0252685546875,0.014460784313725489,0.010807770373774511
MLP,3,0.25,1.0,crp_dataset_8_1_2.csv|crp_dataset_8_1_5.csv|crp_dataset_8_1_8.csv,crp_dataset_8_1_4.csv,0.6074342131614685,0.6315789473573408,0.27480916030324576,36,21,95,104,0.023046875,0.015570175438596491,0.00747669956140351
MLP,3,0.25,1.0,crp_dataset_8_1_2.csv|crp_dataset_8_1_5.csv|crp_dataset_8_1_8.csv,crp_dataset_8_1_7.csv,0.6074342131614685,0.8867924528246114,0.6409090909061778,141,18,79,18,0.0095703125,0.007625786163522012,0.001944526336477989
MLP,3,0.25,1.0,crp_dataset_8_1_2.csv|crp_dataset_8_1_5.csv|crp_dataset_8_1_8.csv,crp_dataset_8_1_6.csv,0.6074342131614685,0.5476190476125283,0.32857142856908167,46,38,94,78,0.026928710937499996,0.02983630952380952,-0.0029075985863095226
MLP,3,0.25,1.0,crp_dataset_8_1_2.csv|crp_dataset_8_1_5.csv|crp_dataset_8_1_7.csv,crp_dataset_8_1_3.csv,0.6072584986686707,0.7499999999930556,0.46820809248284273,81,27,92,56,0.0196044921875,0.016724537037037038,0.0028799551504629615
MLP,3,0.25,1.0,crp_dataset_8_1_2.csv|crp_dataset_8_1_5.csv|crp_dataset_8_1_7.csv,crp_dataset_8_1_1.csv,0.6072584986686707,0.6811594202799831,0.37301587301291256,47,22,79,108,0.0252685546875,0.01648550724637681,0.008783047441123189
MLP,3,0.25,1.0,crp_dataset_8_1_2.csv|crp_dataset_8_1_5.csv|crp_dataset_8_1_7.csv,crp_dataset_8_1_4.csv,0.6072584986686707,0.6385542168597764,0.40458015266866737,53,30,78,95,0.023046875,0.016114457831325302,0.006932417168674699
MLP,3,0.25,1.0,crp_dataset_8_1_2.csv|crp_dataset_8_1_5.csv|crp_dataset_8_1_7.csv,crp_dataset_8_1_8.csv,0.6072584986686707,0.6901408450607022,0.35507246376554297,49,22,89,96,0.0283203125,0.010035211267605634,0.018285101232394366
MLP,3,0.25,1.0,crp_dataset_8_1_2.csv|crp_dataset_8_1_5.csv|crp_dataset_8_1_7.csv,crp_dataset_8_1_6.csv,0.6072584986686707,0.5826086956471077,0.4785714285680102,67,48,73,68,0.026928710937499996,0.02728260869565217,-0.0003538977581521753
MLP,3,0.25,1.0,crp_dataset_8_1_2.csv|crp_dataset_8_1_5.csv|crp_dataset_8_1_6.csv,crp_dataset_8_1_3.csv,0.636621356010437,0.9444444443919753,0.09826589595318921,17,1,156,82,0.0196044921875,0.0006944444444444445,0.018910047743055554
MLP,3,0.25,1.0,crp_dataset_8_1_2.csv|crp_dataset_8_1_5.csv|crp_dataset_8_1_6.csv,crp_dataset_8_1_1.csv,0.636621356010437,0.8235294117162629,0.11111111111022927,14,3,112,127,0.0252685546875,0.009191176470588236,0.016077378216911763
MLP,3,0.25,1.0,crp_dataset_8_1_2.csv|crp_dataset_8_1_5.csv|crp_dataset_8_1_6.csv,crp_dataset_8_1_4.csv,0.636621356010437,0.7692307692011834,0.15267175572402542,20,6,111,119,0.023046875,0.010817307692307694,0.012229567307692308
MLP,3,0.25,1.0,crp_dataset_8_1_2.csv|crp_dataset_8_1_5.csv|crp_dataset_8_1_6.csv,crp_dataset_8_1_8.csv,0.636621356010437,0.79999999992,0.05797101449233355,8,2,130,116,0.0283203125,0.02125,0.0070703124999999985
MLP,3,0.25,1.0,crp_dataset_8_1_2.csv|crp_dataset_8_1_5.csv|crp_dataset_8_1_6.csv,crp_dataset_8_1_7.csv,0.636621356010437,0.8846153845813609,0.10454545454497935,23,3,197,33,0.0095703125,0.004807692307692308,0.004762620192307693
MLP,3,0.25,1.0,crp_dataset_8_1_2.csv|crp_dataset_8_1_4.csv|crp_dataset_8_1_8.csv,crp_dataset_8_1_3.csv,0.6435000896453857,0.8749999999453125,0.08092485549086172,14,2,159,81,0.0196044921875,0.00703125,0.0125732421875
MLP,3,0.25,1.0,crp_dataset_8_1_2.csv|crp_dataset_8_1_4.csv|crp_dataset_8_1_8.csv,crp_dataset_8_1_1.csv,0.6435000896453857,0.6666666666111111,0.06349206349155959,8,4,118,126,0.0252685546875,0.015104166666666669,0.010164388020833331
MLP,3,0.25,1.0,crp_dataset_8_1_2.csv|crp_dataset_8_1_4.csv|crp_dataset_8_1_8.csv,crp_dataset_8_1_5.csv,0.6435000896453857,0.5555555554938272,0.0499999999995,5,4,95,152,0.039282226562499994,0.03402777777777778,0.005254448784722213
MLP,3,0.25,1.0,crp_dataset_8_1_2.csv|crp_dataset_8_1_4.csv|crp_dataset_8_1_8.csv,crp_dataset_8_1_7.csv,0.6435000896453857,0.8124999999492187,0.0590909090906405,13,3,207,33,0.0095703125,0.007031249999999999,0.0025390625000000014
MLP,3,0.25,1.0,crp_dataset_8_1_2.csv|crp_dataset_8_1_4.csv|crp_dataset_8_1_8.csv,crp_dataset_8_1_6.csv,0.6435000896453857,0.89999999991,0.0642857142852551,9,1,131,115,0.026928710937499996,0.008125,0.018803710937499996
MLP,3,0.25,1.0,crp_dataset_8_1_2.csv|crp_dataset_8_1_4.csv|crp_dataset_8_1_7.csv,crp_dataset_8_1_3.csv,0.6032121181488037,0.7913669064691269,0.635838150285342,110,29,63,54,0.0196044921875,0.012365107913669064,0.007239384273830935
MLP,3,0.25,1.0,crp_dataset_8_1_2.csv|crp_dataset_8_1_4.csv|crp_dataset_8_1_7.csv,crp_dataset_8_1_1.csv,0.6032121181488037,0.5929203539770538,0.5317460317418116,67,46,59,84,0.0252685546875,0.019966814159292037,0.005301740528207963
MLP,3,0.25,1.0,crp_dataset_8_1_2.csv|crp_dataset_8_1_4.csv|crp_dataset_8_1_7.csv,crp_dataset_8_1_5.csv,0.6032121181488037,0.5194805194771462,0.799999999992,80,74,20,82,0.039282226562499994,0.02808441558441558,0.011197810978084415
MLP,3,0.25,1.0,crp_dataset_8_1_2.csv|crp_dataset_8_1_4.csv|crp_dataset_8_1_7.csv,crp_dataset_8_1_8.csv,0.6032121181488037,0.5299145299100008,0.449275362315585,62,55,76,63,0.0283203125,0.029647435897435896,-0.0013271233974358962
MLP,3,0.25,1.0,crp_dataset_8_1_2.csv|crp_dataset_8_1_4.csv|crp_dataset_8_1_7.csv,crp_dataset_8_1_6.csv,0.6032121181488037,0.7054263565836789,0.6499999999953572,91,38,49,78,0.026928710937499996,0.015552325581395349,0.011376385356104647
MLP,3,0.25,1.0,crp_dataset_8_1_2.csv|crp_dataset_8_1_4.csv|crp_dataset_8_1_6.csv,crp_dataset_8_1_3.csv,0.6115469336509705,0.8181818181743802,0.5202312138698253,90,20,83,63,0.0196044921875,0.009602272727272728,0.010002219460227271
MLP,3,0.25,1.0,crp_dataset_8_1_2.csv|crp_dataset_8_1_4.csv|crp_dataset_8_1_6.csv,crp_dataset_8_1_1.csv,0.6115469336509705,0.6111111111054527,0.5238095238053666,66,42,60,88,0.0252685546875,0.01695601851851852,0.00831253616898148
MLP,3,0.25,1.0,crp_dataset_8_1_2.csv|crp_dataset_8_1_4.csv|crp_dataset_8_1_6.csv,crp_dataset_8_1_5.csv,0.6115469336509705,0.477941176467074,0.6499999999935,65,71,35,85,0.039282226562499994,0.032812499999999994,0.0064697265625
MLP,3,0.25,1.0,crp_dataset_8_1_2.csv|crp_dataset_8_1_4.csv|crp_dataset_8_1_6.csv,crp_dataset_8_1_8.csv,0.6115469336509705,0.471999999996224,0.4275362318809599,59,66,79,52,0.0283203125,0.03364999999999999,-0.005329687499999992
MLP,3,0.25,1.0,crp_dataset_8_1_2.csv|crp_dataset_8_1_4.csv|crp_dataset_8_1_6.csv,crp_dataset_8_1_7.csv,0.6115469336509705,0.9139784946138282,0.3863636363618802,85,8,135,28,0.0095703125,0.0031586021505376344,0.006411710349462366
MLP,3,0.25,1.0,crp_dataset_8_1_2.csv|crp_dataset_8_1_8.csv|crp_dataset_8_1_7.csv,crp_dataset_8_1_3.csv,0.63625168800354,0.7055837563415961,0.8034682080878413,139,58,34,25,0.0196044921875,0.01741751269035533,0.002186979497144668
MLP,3,0.25,1.0,crp_dataset_8_1_2.csv|crp_dataset_8_1_8.csv|crp_dataset_8_1_7.csv,crp_dataset_8_1_1.csv,0.63625168800354,0.5628742514936356,0.7460317460258251,94,73,32,57,0.0252685546875,0.020958083832335328,0.004310470855164672
MLP,3,0.25,1.0,crp_dataset_8_1_2.csv|crp_dataset_8_1_8.csv|crp_dataset_8_1_7.csv,crp_dataset_8_1_5.csv,0.63625168800354,0.47204968943806186,0.7599999999924,76,85,24,71,0.039282226562499994,0.03233695652173913,0.006945270040760863
MLP,3,0.25,1.0,crp_dataset_8_1_2.csv|crp_dataset_8_1_8.csv|crp_dataset_8_1_7.csv,crp_dataset_8_1_4.csv,0.63625168800354,0.5736842105232964,0.8320610686959385,109,81,22,44,0.023046875,0.02069078947368421,0.0023560855263157904
MLP,3,0.25,1.0,crp_dataset_8_1_2.csv|crp_dataset_8_1_8.csv|crp_dataset_8_1_7.csv,crp_dataset_8_1_6.csv,0.63625168800354,0.5566502463026767,0.8071428571370919,113,90,27,26,0.026928710937499996,0.025523399014778327,0.0014053119227216693
MLP,3,0.25,1.0,crp_dataset_8_1_2.csv|crp_dataset_8_1_8.csv|crp_dataset_8_1_6.csv,crp_dataset_8_1_3.csv,0.6002705693244934,0.771929824547861,0.2543352601141368,44,13,129,70,0.0196044921875,0.011842105263157895,0.007762386924342104
MLP,3,0.25,1.0,crp_dataset_8_1_2.csv|crp_dataset_8_1_8.csv|crp_dataset_8_1_6.csv,crp_dataset_8_1_1.csv,0.6002705693244934,0.6315789473573408,0.2857142857120181,36,21,90,109,0.0252685546875,0.01644736842105263,0.00882118626644737
MLP,3,0.25,1.0,crp_dataset_8_1_2.csv|crp_dataset_8_1_8.csv|crp_dataset_8_1_6.csv,crp_dataset_8_1_5.csv,0.6002705693244934,0.5468749999914551,0.3499999999965,35,29,65,127,0.039282226562499994,0.02421875,0.015063476562499994
MLP,3,0.25,1.0,crp_dataset_8_1_2.csv|crp_dataset_8_1_8.csv|crp_dataset_8_1_6.csv,crp_dataset_8_1_4.csv,0.6002705693244934,0.727272727261708,0.36641221373766103,48,18,83,107,0.023046875,0.012405303030303032,0.01064157196969697
MLP,3,0.25,1.0,crp_dataset_8_1_2.csv|crp_dataset_8_1_8.csv|crp_dataset_8_1_6.csv,crp_dataset_8_1_7.csv,0.6002705693244934,0.912280701738381,0.236363636362562,52,5,168,31,0.0095703125,0.003399122807017544,0.006171189692982457
MLP,3,0.25,1.0,crp_dataset_8_1_2.csv|crp_dataset_8_1_7.csv|crp_dataset_8_1_6.csv,crp_dataset_8_1_3.csv,0.6221043467521667,0.8275862068908443,0.6936416184931004,120,25,53,58,0.0196044921875,0.008663793103448277,0.010940699084051722
MLP,3,0.25,1.0,crp_dataset_8_1_2.csv|crp_dataset_8_1_7.csv|crp_dataset_8_1_6.csv,crp_dataset_8_1_1.csv,0.6221043467521667,0.5826771653497427,0.5873015872969262,74,53,52,77,0.0252685546875,0.018700787401574805,0.006567767285925195
MLP,3,0.25,1.0,crp_dataset_8_1_2.csv|crp_dataset_8_1_7.csv|crp_dataset_8_1_6.csv,crp_dataset_8_1_5.csv,0.6221043467521667,0.4678362573072057,0.799999999992,80,91,20,65,0.039282226562499994,0.03494152046783626,0.004340706094663735
MLP,3,0.25,1.0,crp_dataset_8_1_2.csv|crp_dataset_8_1_7.csv|crp_dataset_8_1_6.csv,crp_dataset_8_1_4.csv,0.6221043467521667,0.6621621621576882,0.7480916030477246,98,50,33,75,0.023046875,0.015202702702702704,0.007844172297297298
MLP,3,0.25,1.0,crp_dataset_8_1_2.csv|crp_dataset_8_1_7.csv|crp_dataset_8_1_6.csv,crp_dataset_8_1_8.csv,0.6221043467521667,0.5098039215652954,0.5652173913002521,78,75,60,43,0.0283203125,0.03010620915032679,-0.001785896650326791
MLP,3,0.25,1.0,crp_dataset_8_1_3.csv|crp_dataset_8_1_1.csv|crp_dataset_8_1_5.csv,crp_dataset_8_1_2.csv,0.6274607181549072,0.568181818168905,0.21008403361167996,25,19,94,118,0.039453125,0.03210227272727273,0.007350852272727269
MLP,3,0.25,1.0,crp_dataset_8_1_3.csv|crp_dataset_8_1_1.csv|crp_dataset_8_1_5.csv,crp_dataset_8_1_4.csv,0.6274607181549072,0.7017543859526009,0.30534351144805083,40,17,91,108,0.023046875,0.01206140350877193,0.010985471491228072
MLP,3,0.25,1.0,crp_dataset_8_1_3.csv|crp_dataset_8_1_1.csv|crp_dataset_8_1_5.csv,crp_dataset_8_1_8.csv,0.6274607181549072,0.6585365853497919,0.19565217391162573,27,14,111,104,0.0283203125,0.01753048780487805,0.01078982469512195
MLP,3,0.25,1.0,crp_dataset_8_1_3.csv|crp_dataset_8_1_1.csv|crp_dataset_8_1_5.csv,crp_dataset_8_1_7.csv,0.6274607181549072,0.9411764705771626,0.36363636363471075,80,5,140,31,0.0095703125,0.0025,0.0070703125
MLP,3,0.25,1.0,crp_dataset_8_1_3.csv|crp_dataset_8_1_1.csv|crp_dataset_8_1_5.csv,crp_dataset_8_1_6.csv,0.6274607181549072,0.7499999999875,0.3214285714262755,45,15,95,101,0.026928710937499996,0.016979166666666667,0.009949544270833329
MLP,3,0.25,1.0,crp_dataset_8_1_3.csv|crp_dataset_8_1_1.csv|crp_dataset_8_1_4.csv,crp_dataset_8_1_2.csv,0.6027922034263611,0.749999999985577,0.3277310924342207,39,13,80,124,0.039453125,0.014543269230769228,0.02490985576923077
MLP,3,0.25,1.0,crp_dataset_8_1_3.csv|crp_dataset_8_1_1.csv|crp_dataset_8_1_4.csv,crp_dataset_8_1_5.csv,0.6027922034263611,0.571428571422292,0.5199999999948,52,39,48,117,0.039282226562499994,0.028090659340659338,0.011191567221840656
MLP,3,0.25,1.0,crp_dataset_8_1_3.csv|crp_dataset_8_1_1.csv|crp_dataset_8_1_4.csv,crp_dataset_8_1_8.csv,0.6027922034263611,0.5714285714217687,0.3478260869540013,48,36,90,82,0.0283203125,0.028199404761904766,0.0001209077380952342
MLP,3,0.25,1.0,crp_dataset_8_1_3.csv|crp_dataset_8_1_1.csv|crp_dataset_8_1_4.csv,crp_dataset_8_1_7.csv,0.6027922034263611,0.9277108433623167,0.3499999999984091,77,6,143,30,0.0095703125,0.00391566265060241,0.005654649849397591
MLP,3,0.25,1.0,crp_dataset_8_1_3.csv|crp_dataset_8_1_1.csv|crp_dataset_8_1_4.csv,crp_dataset_8_1_6.csv,0.6027922034263611,0.7441860465029746,0.45714285713959185,64,22,76,94,0.026928710937499996,0.014680232558139538,0.012248478379360458
MLP,3,0.25,1.0,crp_dataset_8_1_3.csv|crp_dataset_8_1_1.csv|crp_dataset_8_1_8.csv,crp_dataset_8_1_2.csv,0.6019181609153748,0.48091603053068005,0.5294117647014335,63,68,56,69,0.039453125,0.03869274809160305,0.000760376908396948
MLP,3,0.25,1.0,crp_dataset_8_1_3.csv|crp_dataset_8_1_1.csv|crp_dataset_8_1_8.csv,crp_dataset_8_1_5.csv,0.6019181609153748,0.47244094487816973,0.599999999994,60,67,40,89,0.039282226562499994,0.03415354330708661,0.005128683255413387
MLP,3,0.25,1.0,crp_dataset_8_1_3.csv|crp_dataset_8_1_1.csv|crp_dataset_8_1_8.csv,crp_dataset_8_1_4.csv,0.6019181609153748,0.6406249999949952,0.6259541984685042,82,46,49,79,0.023046875,0.016552734375,0.006494140625000002
MLP,3,0.25,1.0,crp_dataset_8_1_3.csv|crp_dataset_8_1_1.csv|crp_dataset_8_1_8.csv,crp_dataset_8_1_7.csv,0.6019181609153748,0.8911564625789717,0.5954545454518388,131,16,89,20,0.0095703125,0.007950680272108844,0.0016196322278911567
MLP,3,0.25,1.0,crp_dataset_8_1_3.csv|crp_dataset_8_1_1.csv|crp_dataset_8_1_8.csv,crp_dataset_8_1_6.csv,0.6019181609153748,0.6499999999935,0.464285714282398,65,35,75,81,0.026928710937499996,0.0221875,0.004741210937499997
MLP,3,0.25,1.0,crp_dataset_8_1_3.csv|crp_dataset_8_1_1.csv|crp_dataset_8_1_7.csv,crp_dataset_8_1_2.csv,0.6029137969017029,0.5487804878015319,0.7563025210020479,90,74,29,63,0.039453125,0.03170731707317074,0.0077458079268292596
MLP,3,0.25,1.0,crp_dataset_8_1_3.csv|crp_dataset_8_1_1.csv|crp_dataset_8_1_7.csv,crp_dataset_8_1_5.csv,0.6029137969017029,0.4364640883953787,0.7899999999921,79,102,21,54,0.039282226562499994,0.03539364640883978,0.003888580153660212
MLP,3,0.25,1.0,crp_dataset_8_1_3.csv|crp_dataset_8_1_1.csv|crp_dataset_8_1_7.csv,crp_dataset_8_1_4.csv,0.6029137969017029,0.5786802030427478,0.8702290076269449,114,83,17,42,0.023046875,0.01976522842639594,0.0032816465736040627
MLP,3,0.25,1.0,crp_dataset_8_1_3.csv|crp_dataset_8_1_1.csv|crp_dataset_8_1_7.csv,crp_dataset_8_1_8.csv,0.6029137969017029,0.5722891566230586,0.6884057970964609,95,71,43,47,0.0283203125,0.02646837349397591,0.0018519390060240913
MLP,3,0.25,1.0,crp_dataset_8_1_3.csv|crp_dataset_8_1_1.csv|crp_dataset_8_1_7.csv,crp_dataset_8_1_6.csv,0.6029137969017029,0.6423841059560107,0.6928571428521939,97,54,43,62,0.026928710937499996,0.022061258278145694,0.004867452659354302
MLP,3,0.25,1.0,crp_dataset_8_1_3.csv|crp_dataset_8_1_1.csv|crp_dataset_8_1_6.csv,crp_dataset_8_1_2.csv,0.6315515637397766,0.6923076922970414,0.37815126050102393,45,20,74,117,0.039453125,0.015096153846153848,0.02435697115384615
MLP,3,0.25,1.0,crp_dataset_8_1_3.csv|crp_dataset_8_1_1.csv|crp_dataset_8_1_6.csv,crp_dataset_8_1_5.csv,0.6315515637397766,0.5494505494445115,0.499999999995,50,41,50,115,0.039282226562499994,0.023557692307692307,0.015724534254807687
MLP,3,0.25,1.0,crp_dataset_8_1_3.csv|crp_dataset_8_1_1.csv|crp_dataset_8_1_6.csv,crp_dataset_8_1_4.csv,0.6315515637397766,0.7582417582334259,0.5267175572478877,69,22,62,103,0.023046875,0.010164835164835165,0.012882039835164836
MLP,3,0.25,1.0,crp_dataset_8_1_3.csv|crp_dataset_8_1_1.csv|crp_dataset_8_1_6.csv,crp_dataset_8_1_8.csv,0.6315515637397766,0.5593220338888251,0.2391304347808759,33,26,105,92,0.0283203125,0.029766949152542375,-0.0014466366525423754
MLP,3,0.25,1.0,crp_dataset_8_1_3.csv|crp_dataset_8_1_1.csv|crp_dataset_8_1_6.csv,crp_dataset_8_1_7.csv,0.6315515637397766,0.9565217391165721,0.29999999999863636,66,3,154,33,0.0095703125,0.002626811594202899,0.006943500905797102
MLP,3,0.25,1.0,crp_dataset_8_1_3.csv|crp_dataset_8_1_5.csv|crp_dataset_8_1_4.csv,crp_dataset_8_1_2.csv,0.649376630783081,0.7931034482485136,0.19327731092274555,23,6,96,131,0.039453125,0.007543103448275862,0.031910021551724135
MLP,3,0.25,1.0,crp_dataset_8_1_3.csv|crp_dataset_8_1_5.csv|crp_dataset_8_1_4.csv,crp_dataset_8_1_1.csv,0.649376630783081,0.8965517241070154,0.20634920634756865,26,3,100,127,0.0252685546875,0.005387931034482759,0.01988062365301724
MLP,3,0.25,1.0,crp_dataset_8_1_3.csv|crp_dataset_8_1_5.csv|crp_dataset_8_1_4.csv,crp_dataset_8_1_8.csv,0.649376630783081,0.5217391304120983,0.08695652173850033,12,11,126,107,0.0283203125,0.01875,0.0095703125
MLP,3,0.25,1.0,crp_dataset_8_1_3.csv|crp_dataset_8_1_5.csv|crp_dataset_8_1_4.csv,crp_dataset_8_1_7.csv,0.649376630783081,0.9534883720708491,0.18636363636278927,41,2,179,34,0.0095703125,0.0015988372093023258,0.007971475290697675
MLP,3,0.25,1.0,crp_dataset_8_1_3.csv|crp_dataset_8_1_5.csv|crp_dataset_8_1_4.csv,crp_dataset_8_1_6.csv,0.649376630783081,0.939393939365473,0.22142857142698982,31,2,109,114,0.026928710937499996,0.0011363636363636365,0.02579234730113636
MLP,3,0.25,1.0,crp_dataset_8_1_3.csv|crp_dataset_8_1_5.csv|crp_dataset_8_1_8.csv,crp_dataset_8_1_2.csv,0.6015490889549255,0.7142857142346939,0.08403361344467199,10,4,109,133,0.039453125,0.027232142857142854,0.012220982142857145
MLP,3,0.25,1.0,crp_dataset_8_1_3.csv|crp_dataset_8_1_5.csv|crp_dataset_8_1_8.csv,crp_dataset_8_1_1.csv,0.6015490889549255,0.7142857142346939,0.07936507936444948,10,4,116,126,0.0252685546875,0.012053571428571429,0.013214983258928571
MLP,3,0.25,1.0,crp_dataset_8_1_3.csv|crp_dataset_8_1_5.csv|crp_dataset_8_1_8.csv,crp_dataset_8_1_4.csv,0.6015490889549255,0.6666666666444444,0.15267175572402542,20,10,111,115,0.023046875,0.017499999999999998,0.005546875000000003
MLP,3,0.25,1.0,crp_dataset_8_1_3.csv|crp_dataset_8_1_5.csv|crp_dataset_8_1_8.csv,crp_dataset_8_1_7.csv,0.6015490889549255,0.9027777777652392,0.2954545454532025,65,7,155,29,0.0095703125,0.006597222222222222,0.0029730902777777785
MLP,3,0.25,1.0,crp_dataset_8_1_3.csv|crp_dataset_8_1_5.csv|crp_dataset_8_1_8.csv,crp_dataset_8_1_6.csv,0.6015490889549255,0.7199999999712,0.1285714285705102,18,7,122,109,0.026928710937499996,0.01975,0.007178710937499996
MLP,3,0.25,1.0,crp_dataset_8_1_3.csv|crp_dataset_8_1_5.csv|crp_dataset_8_1_7.csv,crp_dataset_8_1_2.csv,0.6047861576080322,0.5688073394443228,0.5210084033569663,62,47,57,90,0.039453125,0.03216743119266056,0.007285693807339441
MLP,3,0.25,1.0,crp_dataset_8_1_3.csv|crp_dataset_8_1_5.csv|crp_dataset_8_1_7.csv,crp_dataset_8_1_1.csv,0.6047861576080322,0.727272727261708,0.3809523809493575,48,18,78,112,0.0252685546875,0.013257575757575758,0.012010978929924242
MLP,3,0.25,1.0,crp_dataset_8_1_3.csv|crp_dataset_8_1_5.csv|crp_dataset_8_1_7.csv,crp_dataset_8_1_4.csv,0.6047861576080322,0.6999999999936364,0.5877862595374979,77,33,54,92,0.023046875,0.017102272727272726,0.005944602272727275
MLP,3,0.25,1.0,crp_dataset_8_1_3.csv|crp_dataset_8_1_5.csv|crp_dataset_8_1_7.csv,crp_dataset_8_1_8.csv,0.6047861576080322,0.7183098591448125,0.36956521738862635,51,20,87,98,0.0283203125,0.013292253521126758,0.015028058978873242
MLP,3,0.25,1.0,crp_dataset_8_1_3.csv|crp_dataset_8_1_5.csv|crp_dataset_8_1_7.csv,crp_dataset_8_1_6.csv,0.6047861576080322,0.5609756097515368,0.4928571428536225,69,54,71,62,0.026928710937499996,0.028760162601626012,-0.001831451664126016
MLP,3,0.25,1.0,crp_dataset_8_1_3.csv|crp_dataset_8_1_5.csv|crp_dataset_8_1_6.csv,crp_dataset_8_1_2.csv,0.6015050411224365,0.6448598130780854,0.5798319327682366,69,38,50,99,0.039453125,0.022313084112149533,0.017140040887850466
MLP,3,0.25,1.0,crp_dataset_8_1_3.csv|crp_dataset_8_1_5.csv|crp_dataset_8_1_6.csv,crp_dataset_8_1_1.csv,0.6015050411224365,0.5794392523310332,0.49206349205958677,62,45,64,85,0.0252685546875,0.02032710280373832,0.004941451883761681
MLP,3,0.25,1.0,crp_dataset_8_1_3.csv|crp_dataset_8_1_5.csv|crp_dataset_8_1_6.csv,crp_dataset_8_1_4.csv,0.6015050411224365,0.7380952380893802,0.7099236641167181,93,33,38,92,0.023046875,0.011458333333333334,0.011588541666666667
MLP,3,0.25,1.0,crp_dataset_8_1_3.csv|crp_dataset_8_1_5.csv|crp_dataset_8_1_6.csv,crp_dataset_8_1_8.csv,0.6015050411224365,0.5811965811916137,0.4927536231848352,68,49,70,69,0.0283203125,0.03060897435897436,-0.0022886618589743613
MLP,3,0.25,1.0,crp_dataset_8_1_3.csv|crp_dataset_8_1_5.csv|crp_dataset_8_1_6.csv,crp_dataset_8_1_7.csv,0.6015050411224365,0.8911564625789717,0.5954545454518388,131,16,89,20,0.0095703125,0.005952380952380952,0.0036179315476190486
MLP,3,0.25,1.0,crp_dataset_8_1_3.csv|crp_dataset_8_1_4.csv|crp_dataset_8_1_8.csv,crp_dataset_8_1_2.csv,0.6314818263053894,0.5636363636261157,0.26050420167848315,31,24,88,113,0.039453125,0.028636363636363644,0.010816761363636355
MLP,3,0.25,1.0,crp_dataset_8_1_3.csv|crp_dataset_8_1_4.csv|crp_dataset_8_1_8.csv,crp_dataset_8_1_1.csv,0.6314818263053894,0.6538461538335799,0.26984126983912826,34,18,92,112,0.0252685546875,0.014903846153846155,0.010364708533653845
MLP,3,0.25,1.0,crp_dataset_8_1_3.csv|crp_dataset_8_1_4.csv|crp_dataset_8_1_8.csv,crp_dataset_8_1_5.csv,0.6314818263053894,0.4927536231812644,0.33999999999659997,34,35,66,121,0.039282226562499994,0.03677536231884057,0.0025068642436594235
MLP,3,0.25,1.0,crp_dataset_8_1_3.csv|crp_dataset_8_1_4.csv|crp_dataset_8_1_8.csv,crp_dataset_8_1_7.csv,0.6314818263053894,0.913043478247637,0.28636363636233475,63,6,157,30,0.0095703125,0.003351449275362319,0.0062188632246376815
MLP,3,0.25,1.0,crp_dataset_8_1_3.csv|crp_dataset_8_1_4.csv|crp_dataset_8_1_8.csv,crp_dataset_8_1_6.csv,0.6314818263053894,0.7368421052502309,0.29999999999785715,42,15,98,101,0.026928710937499996,0.01425438596491228,0.012674324972587716
MLP,3,0.25,1.0,crp_dataset_8_1_3.csv|crp_dataset_8_1_4.csv|crp_dataset_8_1_7.csv,crp_dataset_8_1_2.csv,0.6319100856781006,0.5636363636329477,0.7815126050354495,93,72,26,65,0.039453125,0.029924242424242423,0.009528882575757576
MLP,3,0.25,1.0,crp_dataset_8_1_3.csv|crp_dataset_8_1_4.csv|crp_dataset_8_1_7.csv,crp_dataset_8_1_1.csv,0.6319100856781006,0.5286624203787984,0.6587301587249307,83,74,43,56,0.0252685546875,0.02046178343949044,0.004806771248009559
MLP,3,0.25,1.0,crp_dataset_8_1_3.csv|crp_dataset_8_1_4.csv|crp_dataset_8_1_7.csv,crp_dataset_8_1_5.csv,0.6319100856781006,0.42452830188478996,0.899999999991,90,122,10,34,0.039282226562499994,0.03699882075471698,0.0022834058077830163
MLP,3,0.25,1.0,crp_dataset_8_1_3.csv|crp_dataset_8_1_4.csv|crp_dataset_8_1_7.csv,crp_dataset_8_1_8.csv,0.6319100856781006,0.5148514851459661,0.7536231884003362,104,98,34,20,0.0283203125,0.0296720297029703,-0.001351717202970299
MLP,3,0.25,1.0,crp_dataset_8_1_3.csv|crp_dataset_8_1_4.csv|crp_dataset_8_1_7.csv,crp_dataset_8_1_6.csv,0.6319100856781006,0.6622516556247533,0.7142857142806123,100,51,40,65,0.026928710937499996,0.01841887417218543,0.008509836765314565
MLP,3,0.25,1.0,crp_dataset_8_1_3.csv|crp_dataset_8_1_4.csv|crp_dataset_8_1_6.csv,crp_dataset_8_1_2.csv,0.6004685163497925,0.6969696969626569,0.5798319327682366,69,30,50,107,0.039453125,0.018244949494949494,0.021208175505050504
MLP,3,0.25,1.0,crp_dataset_8_1_3.csv|crp_dataset_8_1_4.csv|crp_dataset_8_1_6.csv,crp_dataset_8_1_1.csv,0.6004685163497925,0.5641025640977427,0.5238095238053666,66,51,60,79,0.0252685546875,0.019444444444444445,0.005824110243055555
MLP,3,0.25,1.0,crp_dataset_8_1_3.csv|crp_dataset_8_1_4.csv|crp_dataset_8_1_6.csv,crp_dataset_8_1_5.csv,0.6004685163497925,0.4251497005962566,0.7099999999929,71,96,29,60,0.039282226562499994,0.03993263473053892,-0.0006504081680389281
MLP,3,0.25,1.0,crp_dataset_8_1_3.csv|crp_dataset_8_1_4.csv|crp_dataset_8_1_6.csv,crp_dataset_8_1_8.csv,0.6004685163497925,0.48175182481400186,0.4782608695617518,66,71,72,47,0.0283203125,0.035583941605839414,-0.007263629105839414
MLP,3,0.25,1.0,crp_dataset_8_1_3.csv|crp_dataset_8_1_4.csv|crp_dataset_8_1_6.csv,crp_dataset_8_1_7.csv,0.6004685163497925,0.903846153837463,0.42727272727078514,94,10,126,26,0.0095703125,0.005108173076923077,0.004462139423076924
MLP,3,0.25,1.0,crp_dataset_8_1_3.csv|crp_dataset_8_1_8.csv|crp_dataset_8_1_7.csv,crp_dataset_8_1_2.csv,0.6028109192848206,0.48214285714070476,0.9075630252024575,108,116,11,21,0.039453125,0.03621651785714286,0.0032366071428571383
MLP,3,0.25,1.0,crp_dataset_8_1_3.csv|crp_dataset_8_1_8.csv|crp_dataset_8_1_7.csv,crp_dataset_8_1_1.csv,0.6028109192848206,0.5141509433938012,0.8650793650724994,109,103,17,27,0.0252685546875,0.024262971698113207,0.0010055829893867926
MLP,3,0.25,1.0,crp_dataset_8_1_3.csv|crp_dataset_8_1_8.csv|crp_dataset_8_1_7.csv,crp_dataset_8_1_5.csv,0.6028109192848206,0.41592920353798263,0.9399999999905999,94,132,6,24,0.039282226562499994,0.03719579646017699,0.0020864301023230045
MLP,3,0.25,1.0,crp_dataset_8_1_3.csv|crp_dataset_8_1_8.csv|crp_dataset_8_1_7.csv,crp_dataset_8_1_4.csv,0.6028109192848206,0.5405405405381057,0.9160305343441525,120,102,11,23,0.023046875,0.02128378378378378,0.00176309121621622
MLP,3,0.25,1.0,crp_dataset_8_1_3.csv|crp_dataset_8_1_8.csv|crp_dataset_8_1_7.csv,crp_dataset_8_1_6.csv,0.6028109192848206,0.5694444444418082,0.8785714285651531,123,93,17,23,0.026928710937499996,0.024855324074074075,0.002073386863425921
MLP,3,0.25,1.0,crp_dataset_8_1_3.csv|crp_dataset_8_1_8.csv|crp_dataset_8_1_6.csv,crp_dataset_8_1_2.csv,0.60304856300354,0.6811594202799831,0.39495798318995834,47,22,72,115,0.039453125,0.015670289855072468,0.02378283514492753
MLP,3,0.25,1.0,crp_dataset_8_1_3.csv|crp_dataset_8_1_8.csv|crp_dataset_8_1_6.csv,crp_dataset_8_1_1.csv,0.60304856300354,0.6901408450607022,0.3888888888858025,49,22,77,108,0.0252685546875,0.014876760563380284,0.010391794124119716
MLP,3,0.25,1.0,crp_dataset_8_1_3.csv|crp_dataset_8_1_8.csv|crp_dataset_8_1_6.csv,crp_dataset_8_1_5.csv,0.60304856300354,0.5833333333272569,0.5599999999944,56,40,44,116,0.039282226562499994,0.025520833333333336,0.013761393229166658
MLP,3,0.25,1.0,crp_dataset_8_1_3.csv|crp_dataset_8_1_8.csv|crp_dataset_8_1_6.csv,crp_dataset_8_1_4.csv,0.60304856300354,0.7640449438116399,0.5190839694616864,68,21,63,104,0.023046875,0.010323033707865168,0.012723841292134833
MLP,3,0.25,1.0,crp_dataset_8_1_3.csv|crp_dataset_8_1_8.csv|crp_dataset_8_1_6.csv,crp_dataset_8_1_7.csv,0.60304856300354,0.9239130434682183,0.3863636363618802,85,7,135,29,0.0095703125,0.005434782608695652,0.004135529891304349
MLP,3,0.25,1.0,crp_dataset_8_1_3.csv|crp_dataset_8_1_7.csv|crp_dataset_8_1_6.csv,crp_dataset_8_1_2.csv,0.6544522643089294,0.5443786982216309,0.7731092436909822,92,77,27,60,0.039453125,0.02821745562130178,0.011235669378698219
MLP,3,0.25,1.0,crp_dataset_8_1_3.csv|crp_dataset_8_1_7.csv|crp_dataset_8_1_6.csv,crp_dataset_8_1_1.csv,0.6544522643089294,0.48837209302041645,0.6666666666613756,84,88,42,42,0.0252685546875,0.023837209302325583,0.0014313453851744172
MLP,3,0.25,1.0,crp_dataset_8_1_3.csv|crp_dataset_8_1_7.csv|crp_dataset_8_1_6.csv,crp_dataset_8_1_5.csv,0.6544522643089294,0.4125560538098092,0.9199999999908,92,131,8,25,0.039282226562499994,0.03834080717488789,0.000941419387612101
MLP,3,0.25,1.0,crp_dataset_8_1_3.csv|crp_dataset_8_1_7.csv|crp_dataset_8_1_6.csv,crp_dataset_8_1_4.csv,0.6544522643089294,0.630208333330051,0.9236641221303538,121,71,10,54,0.023046875,0.016503906250000002,0.006542968749999999
MLP,3,0.25,1.0,crp_dataset_8_1_3.csv|crp_dataset_8_1_7.csv|crp_dataset_8_1_6.csv,crp_dataset_8_1_8.csv,0.6544522643089294,0.5145631067936186,0.7681159420234195,106,100,32,18,0.0283203125,0.030916262135922332,-0.0025959496359223323
MLP,3,0.25,1.0,crp_dataset_8_1_1.csv|crp_dataset_8_1_5.csv|crp_dataset_8_1_4.csv,crp_dataset_8_1_2.csv,0.5,0.7101449275259399,0.41176470587889274,49,20,70,117,0.039453125,0.019021739130434784,0.020431385869565215
MLP,3,0.25,1.0,crp_dataset_8_1_1.csv|crp_dataset_8_1_5.csv|crp_dataset_8_1_4.csv,crp_dataset_8_1_3.csv,0.5,0.8658536585260261,0.4104046242750844,71,11,102,72,0.0196044921875,0.0064786585365853655,0.013125833650914635
MLP,3,0.25,1.0,crp_dataset_8_1_1.csv|crp_dataset_8_1_5.csv|crp_dataset_8_1_4.csv,crp_dataset_8_1_8.csv,0.5,0.5652173912961562,0.28260869565012603,39,30,99,88,0.0283203125,0.02590579710144928,0.0024145153985507192
MLP,3,0.25,1.0,crp_dataset_8_1_1.csv|crp_dataset_8_1_5.csv|crp_dataset_8_1_4.csv,crp_dataset_8_1_7.csv,0.5,0.9361702127559981,0.3999999999981818,88,6,132,30,0.0095703125,0.0029255319148936173,0.006644780585106383
MLP,3,0.25,1.0,crp_dataset_8_1_1.csv|crp_dataset_8_1_5.csv|crp_dataset_8_1_4.csv,crp_dataset_8_1_6.csv,0.5,0.7464788732289228,0.3785714285687245,53,18,87,98,0.026928710937499996,0.014964788732394369,0.011963922205105627
MLP,3,0.25,1.0,crp_dataset_8_1_1.csv|crp_dataset_8_1_5.csv|crp_dataset_8_1_8.csv,crp_dataset_8_1_2.csv,0.6306286454200745,0.36363636360330576,0.03361344537786879,4,7,115,130,0.039453125,0.04318181818181818,-0.0037286931818181837
MLP,3,0.25,1.0,crp_dataset_8_1_1.csv|crp_dataset_8_1_5.csv|crp_dataset_8_1_8.csv,crp_dataset_8_1_3.csv,0.6306286454200745,0.5833333332847223,0.04046242774543086,7,5,166,78,0.0196044921875,0.027083333333333334,-0.007478841145833335
MLP,3,0.25,1.0,crp_dataset_8_1_1.csv|crp_dataset_8_1_5.csv|crp_dataset_8_1_8.csv,crp_dataset_8_1_4.csv,0.6306286454200745,0.5555555554938272,0.038167938931006354,5,4,126,121,0.023046875,0.03263888888888889,-0.00959201388888889
MLP,3,0.25,1.0,crp_dataset_8_1_1.csv|crp_dataset_8_1_5.csv|crp_dataset_8_1_8.csv,crp_dataset_8_1_7.csv,0.6306286454200745,0.9454545454373554,0.236363636362562,52,3,168,33,0.0095703125,0.0036363636363636364,0.005933948863636364
MLP,3,0.25,1.0,crp_dataset_8_1_1.csv|crp_dataset_8_1_5.csv|crp_dataset_8_1_8.csv,crp_dataset_8_1_6.csv,0.6306286454200745,0.37931034481450654,0.07857142857086735,11,18,129,98,0.026928710937499996,0.034482758620689655,-0.007554047683189659
MLP,3,0.25,1.0,crp_dataset_8_1_1.csv|crp_dataset_8_1_5.csv|crp_dataset_8_1_7.csv,crp_dataset_8_1_2.csv,0.6305442452430725,0.5833333333171297,0.17647058823381118,21,15,98,122,0.039453125,0.023263888888888886,0.016189236111111113
MLP,3,0.25,1.0,crp_dataset_8_1_1.csv|crp_dataset_8_1_5.csv|crp_dataset_8_1_7.csv,crp_dataset_8_1_3.csv,0.6305442452430725,0.8039215686116878,0.2369942196518093,41,10,132,73,0.0196044921875,0.012867647058823529,0.0067368451286764705
MLP,3,0.25,1.0,crp_dataset_8_1_1.csv|crp_dataset_8_1_5.csv|crp_dataset_8_1_7.csv,crp_dataset_8_1_4.csv,0.6305442452430725,0.574999999985625,0.17557251908262922,23,17,108,108,0.023046875,0.021718750000000002,0.0013281249999999994
MLP,3,0.25,1.0,crp_dataset_8_1_1.csv|crp_dataset_8_1_5.csv|crp_dataset_8_1_7.csv,crp_dataset_8_1_8.csv,0.6305442452430725,0.7999999999733334,0.17391304347700065,24,6,114,112,0.0283203125,0.014791666666666667,0.013528645833333333
MLP,3,0.25,1.0,crp_dataset_8_1_1.csv|crp_dataset_8_1_5.csv|crp_dataset_8_1_7.csv,crp_dataset_8_1_6.csv,0.6305442452430725,0.5526315789328256,0.14999999999892857,21,17,119,99,0.026928710937499996,0.02648026315789474,0.0004484477796052565
MLP,3,0.25,1.0,crp_dataset_8_1_1.csv|crp_dataset_8_1_5.csv|crp_dataset_8_1_6.csv,crp_dataset_8_1_2.csv,0.5,0.8048780487608567,0.27731092436741756,33,8,86,129,0.039453125,0.009451219512195123,0.030001905487804875
MLP,3,0.25,1.0,crp_dataset_8_1_1.csv|crp_dataset_8_1_5.csv|crp_dataset_8_1_6.csv,crp_dataset_8_1_3.csv,0.5,0.7692307692159763,0.23121387283103345,40,12,133,71,0.0196044921875,0.011057692307692308,0.008546799879807691
MLP,3,0.25,1.0,crp_dataset_8_1_1.csv|crp_dataset_8_1_5.csv|crp_dataset_8_1_6.csv,crp_dataset_8_1_4.csv,0.5,0.749999999985577,0.29770992366184956,39,13,92,112,0.023046875,0.010456730769230769,0.012590144230769233
MLP,3,0.25,1.0,crp_dataset_8_1_1.csv|crp_dataset_8_1_5.csv|crp_dataset_8_1_6.csv,crp_dataset_8_1_8.csv,0.5,0.6111111110941359,0.15942028985391726,22,14,116,104,0.0283203125,0.022743055555555555,0.0055772569444444454
MLP,3,0.25,1.0,crp_dataset_8_1_1.csv|crp_dataset_8_1_5.csv|crp_dataset_8_1_6.csv,crp_dataset_8_1_7.csv,0.5,0.9277108433623167,0.3499999999984091,77,6,143,30,0.0095703125,0.004292168674698795,0.005278143825301206
MLP,3,0.25,1.0,crp_dataset_8_1_1.csv|crp_dataset_8_1_4.csv|crp_dataset_8_1_8.csv,crp_dataset_8_1_2.csv,0.6134799718856812,0.6271186440571676,0.31092436974528637,37,22,82,115,0.039453125,0.022775423728813565,0.016677701271186434
MLP,3,0.25,1.0,crp_dataset_8_1_1.csv|crp_dataset_8_1_4.csv|crp_dataset_8_1_8.csv,crp_dataset_8_1_3.csv,0.6134799718856812,0.7424242424129935,0.283236994218016,49,17,124,66,0.0196044921875,0.014109848484848486,0.005494643702651514
MLP,3,0.25,1.0,crp_dataset_8_1_1.csv|crp_dataset_8_1_4.csv|crp_dataset_8_1_8.csv,crp_dataset_8_1_5.csv,0.6134799718856812,0.44594594593991965,0.3299999999967,33,41,67,115,0.039282226562499994,0.03420608108108108,0.005076145481418916
MLP,3,0.25,1.0,crp_dataset_8_1_1.csv|crp_dataset_8_1_4.csv|crp_dataset_8_1_8.csv,crp_dataset_8_1_7.csv,0.6134799718856812,0.9342105263034972,0.3227272727258058,71,5,149,31,0.0095703125,0.0024671052631578946,0.007103207236842106
MLP,3,0.25,1.0,crp_dataset_8_1_1.csv|crp_dataset_8_1_4.csv|crp_dataset_8_1_8.csv,crp_dataset_8_1_6.csv,0.6134799718856812,0.7735849056457814,0.29285714285505104,41,12,99,104,0.026928710937499996,0.01367924528301887,0.013249465654481126
MLP,3,0.25,1.0,crp_dataset_8_1_1.csv|crp_dataset_8_1_4.csv|crp_dataset_8_1_7.csv,crp_dataset_8_1_2.csv,0.6002281904220581,0.5999999999914285,0.35294117646762235,42,28,77,109,0.039453125,0.031964285714285716,0.007488839285714283
MLP,3,0.25,1.0,crp_dataset_8_1_1.csv|crp_dataset_8_1_4.csv|crp_dataset_8_1_7.csv,crp_dataset_8_1_3.csv,0.6002281904220581,0.7999999999866667,0.27745664739724013,48,12,125,71,0.0196044921875,0.011875,0.007729492187499999
MLP,3,0.25,1.0,crp_dataset_8_1_1.csv|crp_dataset_8_1_4.csv|crp_dataset_8_1_7.csv,crp_dataset_8_1_5.csv,0.6002281904220581,0.599999999988,0.299999999997,30,20,70,136,0.039282226562499994,0.019750000000000004,0.01953222656249999
MLP,3,0.25,1.0,crp_dataset_8_1_1.csv|crp_dataset_8_1_4.csv|crp_dataset_8_1_7.csv,crp_dataset_8_1_8.csv,0.6002281904220581,0.6739130434636106,0.2246376811577925,31,15,107,103,0.0283203125,0.022690217391304352,0.005630095108695648
MLP,3,0.25,1.0,crp_dataset_8_1_1.csv|crp_dataset_8_1_4.csv|crp_dataset_8_1_7.csv,crp_dataset_8_1_6.csv,0.6002281904220581,0.661538461528284,0.3071428571406633,43,22,97,94,0.026928710937499996,0.019903846153846157,0.0070248647836538385
MLP,3,0.25,1.0,crp_dataset_8_1_1.csv|crp_dataset_8_1_4.csv|crp_dataset_8_1_6.csv,crp_dataset_8_1_2.csv,0.6028487086296082,0.8095238094852608,0.14285714285594237,17,4,102,133,0.039453125,0.01011904761904762,0.02933407738095238
MLP,3,0.25,1.0,crp_dataset_8_1_1.csv|crp_dataset_8_1_4.csv|crp_dataset_8_1_6.csv,crp_dataset_8_1_3.csv,0.6028487086296082,0.9047619047188209,0.1098265895947409,19,2,154,81,0.0196044921875,0.0035714285714285718,0.016033063616071427
MLP,3,0.25,1.0,crp_dataset_8_1_1.csv|crp_dataset_8_1_4.csv|crp_dataset_8_1_6.csv,crp_dataset_8_1_5.csv,0.6028487086296082,0.46666666663555556,0.0699999999993,7,8,93,148,0.039282226562499994,0.04041666666666667,-0.0011344401041666757
MLP,3,0.25,1.0,crp_dataset_8_1_1.csv|crp_dataset_8_1_4.csv|crp_dataset_8_1_6.csv,crp_dataset_8_1_8.csv,0.6028487086296082,0.42857142855102043,0.06521739130387524,9,12,129,106,0.0283203125,0.030952380952380946,-0.0026320684523809465
MLP,3,0.25,1.0,crp_dataset_8_1_1.csv|crp_dataset_8_1_4.csv|crp_dataset_8_1_6.csv,crp_dataset_8_1_7.csv,0.6028487086296082,0.941176470532872,0.07272727272694215,16,1,204,35,0.0095703125,0.0007352941176470588,0.008835018382352941
MLP,3,0.25,1.0,crp_dataset_8_1_1.csv|crp_dataset_8_1_8.csv|crp_dataset_8_1_7.csv,crp_dataset_8_1_2.csv,0.6047541499137878,0.548387096769771,0.5714285714237695,68,56,51,81,0.039453125,0.03477822580645161,0.004674899193548389
MLP,3,0.25,1.0,crp_dataset_8_1_1.csv|crp_dataset_8_1_8.csv|crp_dataset_8_1_7.csv,crp_dataset_8_1_3.csv,0.6047541499137878,0.7164179104424149,0.5549132947944803,96,38,77,45,0.0196044921875,0.018656716417910446,0.0009477757695895532
MLP,3,0.25,1.0,crp_dataset_8_1_1.csv|crp_dataset_8_1_8.csv|crp_dataset_8_1_7.csv,crp_dataset_8_1_5.csv,0.6047541499137878,0.595505617970837,0.5299999999946999,53,36,47,120,0.039282226562499994,0.01720505617977528,0.022077170382724713
MLP,3,0.25,1.0,crp_dataset_8_1_1.csv|crp_dataset_8_1_8.csv|crp_dataset_8_1_7.csv,crp_dataset_8_1_4.csv,0.6047541499137878,0.5299145299100008,0.4732824427444788,62,55,69,70,0.023046875,0.02243589743589744,0.0006109775641025619
MLP,3,0.25,1.0,crp_dataset_8_1_1.csv|crp_dataset_8_1_8.csv|crp_dataset_8_1_7.csv,crp_dataset_8_1_6.csv,0.6047541499137878,0.5681818181775138,0.5357142857104592,75,57,65,59,0.026928710937499996,0.02571022727272727,0.0012184836647727258
MLP,3,0.25,1.0,crp_dataset_8_1_1.csv|crp_dataset_8_1_8.csv|crp_dataset_8_1_6.csv,crp_dataset_8_1_2.csv,0.6430535912513733,0.8636363635971074,0.15966386554487677,19,3,100,134,0.039453125,0.009090909090909092,0.030362215909090905
MLP,3,0.25,1.0,crp_dataset_8_1_1.csv|crp_dataset_8_1_8.csv|crp_dataset_8_1_6.csv,crp_dataset_8_1_3.csv,0.6430535912513733,0.8518518518203018,0.13294797687784424,23,4,150,79,0.0196044921875,0.0025462962962962965,0.017058195891203703
MLP,3,0.25,1.0,crp_dataset_8_1_1.csv|crp_dataset_8_1_8.csv|crp_dataset_8_1_6.csv,crp_dataset_8_1_5.csv,0.6430535912513733,0.8181818181446281,0.1799999999982,18,4,82,152,0.039282226562499994,0.013636363636363634,0.02564586292613636
MLP,3,0.25,1.0,crp_dataset_8_1_1.csv|crp_dataset_8_1_8.csv|crp_dataset_8_1_6.csv,crp_dataset_8_1_4.csv,0.6430535912513733,0.9032258064224766,0.2137404580136356,28,3,103,122,0.023046875,0.0030241935483870967,0.020022681451612904
MLP,3,0.25,1.0,crp_dataset_8_1_1.csv|crp_dataset_8_1_8.csv|crp_dataset_8_1_6.csv,crp_dataset_8_1_7.csv,0.6430535912513733,0.941176470532872,0.07272727272694215,16,1,204,35,0.0095703125,0.001838235294117647,0.007732077205882353
MLP,3,0.25,1.0,crp_dataset_8_1_1.csv|crp_dataset_8_1_7.csv|crp_dataset_8_1_6.csv,crp_dataset_8_1_2.csv,0.6155620217323303,0.5877192982404585,0.5630252100793023,67,47,52,90,0.039453125,0.02510964912280702,0.01434347587719298
MLP,3,0.25,1.0,crp_dataset_8_1_1.csv|crp_dataset_8_1_7.csv|crp_dataset_8_1_6.csv,crp_dataset_8_1_3.csv,0.6155620217323303,0.8240740740664437,0.5144508670490494,89,19,84,64,0.0196044921875,0.008854166666666666,0.010750325520833333
MLP,3,0.25,1.0,crp_dataset_8_1_1.csv|crp_dataset_8_1_7.csv|crp_dataset_8_1_6.csv,crp_dataset_8_1_5.csv,0.6155620217323303,0.6160714285659279,0.6899999999931,69,43,31,113,0.039282226562499994,0.02516741071428571,0.014114815848214283
MLP,3,0.25,1.0,crp_dataset_8_1_1.csv|crp_dataset_8_1_7.csv|crp_dataset_8_1_6.csv,crp_dataset_8_1_4.csv,0.6155620217323303,0.7165354330652242,0.6946564885443156,91,36,40,89,0.023046875,0.013779527559055118,0.009267347440944883
MLP,3,0.25,1.0,crp_dataset_8_1_1.csv|crp_dataset_8_1_7.csv|crp_dataset_8_1_6.csv,crp_dataset_8_1_8.csv,0.6155620217323303,0.5999999999936841,0.4130434782578765,57,38,81,80,0.0283203125,0.02822368421052632,9.662828947367905e-05
MLP,3,0.25,1.0,crp_dataset_8_1_5.csv|crp_dataset_8_1_4.csv|crp_dataset_8_1_8.csv,crp_dataset_8_1_2.csv,0.5,0.5353535353481277,0.4453781512567615,53,46,66,91,0.039453125,0.03276515151515152,0.006687973484848481
MLP,3,0.25,1.0,crp_dataset_8_1_5.csv|crp_dataset_8_1_4.csv|crp_dataset_8_1_8.csv,crp_dataset_8_1_3.csv,0.5,0.7590361445691682,0.3641618497088777,63,20,110,63,0.0196044921875,0.015737951807228916,0.0038665403802710836
MLP,3,0.25,1.0,crp_dataset_8_1_5.csv|crp_dataset_8_1_4.csv|crp_dataset_8_1_8.csv,crp_dataset_8_1_1.csv,0.5,0.5294117646980968,0.2857142857120181,36,32,90,98,0.0252685546875,0.021047794117647057,0.004220760569852943
MLP,3,0.25,1.0,crp_dataset_8_1_5.csv|crp_dataset_8_1_4.csv|crp_dataset_8_1_8.csv,crp_dataset_8_1_7.csv,0.5,0.8724832214706545,0.590909090906405,130,19,90,17,0.0095703125,0.008934563758389262,0.0006357487416107383
MLP,3,0.25,1.0,crp_dataset_8_1_5.csv|crp_dataset_8_1_4.csv|crp_dataset_8_1_8.csv,crp_dataset_8_1_6.csv,0.5,0.5238095238032879,0.3142857142834694,44,40,96,76,0.026928710937499996,0.029166666666666664,-0.002237955729166668
MLP,3,0.25,1.0,crp_dataset_8_1_5.csv|crp_dataset_8_1_4.csv|crp_dataset_8_1_7.csv,crp_dataset_8_1_2.csv,0.6001648902893066,0.547826086951758,0.5294117647014335,63,52,56,85,0.039453125,0.03125000000000001,0.008203124999999992
MLP,3,0.25,1.0,crp_dataset_8_1_5.csv|crp_dataset_8_1_4.csv|crp_dataset_8_1_7.csv,crp_dataset_8_1_3.csv,0.6001648902893066,0.735999999994112,0.531791907511377,92,33,81,50,0.0196044921875,0.01465,0.0049544921874999995
MLP,3,0.25,1.0,crp_dataset_8_1_5.csv|crp_dataset_8_1_4.csv|crp_dataset_8_1_7.csv,crp_dataset_8_1_1.csv,0.6001648902893066,0.605769230763406,0.49999999999603173,63,41,63,89,0.0252685546875,0.02055288461538462,0.004715670072115381
MLP,3,0.25,1.0,crp_dataset_8_1_5.csv|crp_dataset_8_1_4.csv|crp_dataset_8_1_7.csv,crp_dataset_8_1_8.csv,0.6001648902893066,0.6732673267260072,0.4927536231848352,68,33,70,85,0.0283203125,0.0176980198019802,0.0106222926980198
MLP,3,0.25,1.0,crp_dataset_8_1_5.csv|crp_dataset_8_1_4.csv|crp_dataset_8_1_7.csv,crp_dataset_8_1_6.csv,0.6001648902893066,0.6249999999951172,0.5714285714244899,80,48,60,68,0.026928710937499996,0.0240234375,0.0029052734374999944
MLP,3,0.25,1.0,crp_dataset_8_1_5.csv|crp_dataset_8_1_4.csv|crp_dataset_8_1_6.csv,crp_dataset_8_1_2.csv,0.6120205521583557,0.7647058823304499,0.21848739495614716,26,8,93,129,0.039453125,0.007536764705882352,0.031916360294117645
MLP,3,0.25,1.0,crp_dataset_8_1_5.csv|crp_dataset_8_1_4.csv|crp_dataset_8_1_6.csv,crp_dataset_8_1_3.csv,0.6120205521583557,0.8695652173724008,0.23121387283103345,40,6,133,77,0.0196044921875,0.005027173913043478,0.014577318274456522
MLP,3,0.25,1.0,crp_dataset_8_1_5.csv|crp_dataset_8_1_4.csv|crp_dataset_8_1_6.csv,crp_dataset_8_1_1.csv,0.6120205521583557,0.7111111110953087,0.25396825396623834,32,13,94,117,0.0252685546875,0.01,0.0152685546875
MLP,3,0.25,1.0,crp_dataset_8_1_5.csv|crp_dataset_8_1_4.csv|crp_dataset_8_1_6.csv,crp_dataset_8_1_8.csv,0.6120205521583557,0.580645161271592,0.1304347826077505,18,13,120,105,0.0283203125,0.026411290322580643,0.0019090221774193568
MLP,3,0.25,1.0,crp_dataset_8_1_5.csv|crp_dataset_8_1_4.csv|crp_dataset_8_1_6.csv,crp_dataset_8_1_7.csv,0.6120205521583557,0.8888888888691359,0.18181818181735537,40,5,180,31,0.0095703125,0.002638888888888889,0.006931423611111112
MLP,3,0.25,1.0,crp_dataset_8_1_5.csv|crp_dataset_8_1_8.csv|crp_dataset_8_1_7.csv,crp_dataset_8_1_2.csv,0.6551795601844788,0.4938271604877305,0.33613445377868795,40,41,79,96,0.039453125,0.03248456790123457,0.006968557098765427
MLP,3,0.25,1.0,crp_dataset_8_1_5.csv|crp_dataset_8_1_8.csv|crp_dataset_8_1_7.csv,crp_dataset_8_1_3.csv,0.6551795601844788,0.7528089887555864,0.38728323699198103,67,22,106,61,0.0196044921875,0.01776685393258427,0.00183763825491573
MLP,3,0.25,1.0,crp_dataset_8_1_5.csv|crp_dataset_8_1_8.csv|crp_dataset_8_1_7.csv,crp_dataset_8_1_1.csv,0.6551795601844788,0.7272727272595042,0.3174603174577979,40,15,86,115,0.0252685546875,0.015454545454545453,0.009814009232954547
MLP,3,0.25,1.0,crp_dataset_8_1_5.csv|crp_dataset_8_1_8.csv|crp_dataset_8_1_7.csv,crp_dataset_8_1_4.csv,0.6551795601844788,0.5277777777704475,0.2900763358756483,38,34,93,91,0.023046875,0.022569444444444444,0.00047743055555555733
MLP,3,0.25,1.0,crp_dataset_8_1_5.csv|crp_dataset_8_1_8.csv|crp_dataset_8_1_7.csv,crp_dataset_8_1_6.csv,0.6551795601844788,0.4851485148466817,0.34999999999750003,49,52,91,64,0.026928710937499996,0.03316831683168316,-0.006239605894183167
MLP,3,0.25,1.0,crp_dataset_8_1_5.csv|crp_dataset_8_1_8.csv|crp_dataset_8_1_6.csv,crp_dataset_8_1_2.csv,0.6011742949485779,0.43749999997265626,0.05882352941127039,7,9,112,128,0.039453125,0.03906249999999999,0.00039062500000000555
MLP,3,0.25,1.0,crp_dataset_8_1_5.csv|crp_dataset_8_1_8.csv|crp_dataset_8_1_6.csv,crp_dataset_8_1_3.csv,0.6011742949485779,0.5555555555246914,0.05780346820775836,10,8,163,75,0.0196044921875,0.027777777777777776,-0.008173285590277777
MLP,3,0.25,1.0,crp_dataset_8_1_5.csv|crp_dataset_8_1_8.csv|crp_dataset_8_1_6.csv,crp_dataset_8_1_1.csv,0.6011742949485779,0.89999999991,0.07142857142800453,9,1,117,129,0.0252685546875,0.01,0.0152685546875
MLP,3,0.25,1.0,crp_dataset_8_1_5.csv|crp_dataset_8_1_8.csv|crp_dataset_8_1_6.csv,crp_dataset_8_1_4.csv,0.6011742949485779,0.4615384615029586,0.04580152671720763,6,7,125,118,0.023046875,0.02355769230769231,-0.0005108173076923093
MLP,3,0.25,1.0,crp_dataset_8_1_5.csv|crp_dataset_8_1_8.csv|crp_dataset_8_1_6.csv,crp_dataset_8_1_7.csv,0.6011742949485779,0.8857142856889797,0.1409090909084504,31,4,189,32,0.0095703125,0.006785714285714286,0.0027845982142857143
MLP,3,0.25,1.0,crp_dataset_8_1_5.csv|crp_dataset_8_1_7.csv|crp_dataset_8_1_6.csv,crp_dataset_8_1_2.csv,0.6041160225868225,0.6860465116199297,0.4957983193235647,59,27,60,110,0.039453125,0.020058139534883723,0.019394985465116275
MLP,3,0.25,1.0,crp_dataset_8_1_5.csv|crp_dataset_8_1_7.csv|crp_dataset_8_1_6.csv,crp_dataset_8_1_3.csv,0.6041160225868225,0.8378378378302898,0.5375722543321528,93,18,80,65,0.0196044921875,0.007713963963963963,0.011890528223536036
MLP,3,0.25,1.0,crp_dataset_8_1_5.csv|crp_dataset_8_1_7.csv|crp_dataset_8_1_6.csv,crp_dataset_8_1_1.csv,0.6041160225868225,0.7014925373029628,0.37301587301291256,47,20,79,110,0.0252685546875,0.015018656716417911,0.010249897971082089
MLP,3,0.25,1.0,crp_dataset_8_1_5.csv|crp_dataset_8_1_7.csv|crp_dataset_8_1_6.csv,crp_dataset_8_1_4.csv,0.6041160225868225,0.7676767676690134,0.5801526717512966,76,23,55,102,0.023046875,0.011300505050505052,0.01174636994949495
MLP,3,0.25,1.0,crp_dataset_8_1_5.csv|crp_dataset_8_1_7.csv|crp_dataset_8_1_6.csv,crp_dataset_8_1_8.csv,0.6041160225868225,0.6626506024016547,0.39855072463479313,55,28,83,90,0.0283203125,0.019126506024096386,0.009193806475903614
MLP,3,0.25,1.0,crp_dataset_8_1_4.csv|crp_dataset_8_1_8.csv|crp_dataset_8_1_7.csv,crp_dataset_8_1_2.csv,0.6307986974716187,0.511627906970795,0.3697478991565567,44,42,75,95,0.039453125,0.04244186046511628,-0.002988735465116278
MLP,3,0.25,1.0,crp_dataset_8_1_4.csv|crp_dataset_8_1_8.csv|crp_dataset_8_1_7.csv,crp_dataset_8_1_3.csv,0.6307986974716187,0.7654320987559823,0.3583815028881019,62,19,111,64,0.0196044921875,0.013271604938271604,0.0063328872492283955
MLP,3,0.25,1.0,crp_dataset_8_1_4.csv|crp_dataset_8_1_8.csv|crp_dataset_8_1_7.csv,crp_dataset_8_1_1.csv,0.6307986974716187,0.7142857142729593,0.3174603174577979,40,16,86,114,0.0252685546875,0.015290178571428571,0.009978376116071429
MLP,3,0.25,1.0,crp_dataset_8_1_4.csv|crp_dataset_8_1_8.csv|crp_dataset_8_1_7.csv,crp_dataset_8_1_5.csv,0.6307986974716187,0.7749999999806251,0.3099999999969,31,9,69,147,0.039282226562499994,0.013750000000000002,0.025532226562499993
MLP,3,0.25,1.0,crp_dataset_8_1_4.csv|crp_dataset_8_1_8.csv|crp_dataset_8_1_7.csv,crp_dataset_8_1_6.csv,0.6307986974716187,0.5432098765365035,0.3142857142834694,44,37,96,79,0.026928710937499996,0.029089506172839508,-0.002160795235339512
MLP,3,0.25,1.0,crp_dataset_8_1_4.csv|crp_dataset_8_1_8.csv|crp_dataset_8_1_6.csv,crp_dataset_8_1_2.csv,0.6026808619499207,0.8076923076612426,0.17647058823381118,21,5,98,132,0.039453125,0.00576923076923077,0.03368389423076923
MLP,3,0.25,1.0,crp_dataset_8_1_4.csv|crp_dataset_8_1_8.csv|crp_dataset_8_1_6.csv,crp_dataset_8_1_3.csv,0.6026808619499207,0.8095238095045352,0.19653179190637843,34,8,139,75,0.0196044921875,0.007291666666666667,0.012312825520833333
MLP,3,0.25,1.0,crp_dataset_8_1_4.csv|crp_dataset_8_1_8.csv|crp_dataset_8_1_6.csv,crp_dataset_8_1_1.csv,0.6026808619499207,0.7599999999696,0.15079365079245402,19,6,107,124,0.0252685546875,0.011000000000000001,0.014268554687499999
MLP,3,0.25,1.0,crp_dataset_8_1_4.csv|crp_dataset_8_1_8.csv|crp_dataset_8_1_6.csv,crp_dataset_8_1_5.csv,0.6026808619499207,0.6071428571211734,0.16999999999829998,17,11,83,145,0.039282226562499994,0.0203125,0.018969726562499994
MLP,3,0.25,1.0,crp_dataset_8_1_4.csv|crp_dataset_8_1_8.csv|crp_dataset_8_1_6.csv,crp_dataset_8_1_7.csv,0.6026808619499207,0.9999999999166667,0.054545454545206616,12,0,208,36,0.0095703125,0.0010416666666666667,0.008528645833333334
MLP,3,0.25,1.0,crp_dataset_8_1_4.csv|crp_dataset_8_1_7.csv|crp_dataset_8_1_6.csv,crp_dataset_8_1_2.csv,0.6115715503692627,0.6637168141534184,0.6302521008350399,75,38,44,99,0.039453125,0.018584070796460177,0.020869054203539822
MLP,3,0.25,1.0,crp_dataset_8_1_4.csv|crp_dataset_8_1_7.csv|crp_dataset_8_1_6.csv,crp_dataset_8_1_3.csv,0.6115715503692627,0.7883211678774575,0.6242774566437903,108,29,65,54,0.0196044921875,0.012363138686131387,0.007241353501368612
MLP,3,0.25,1.0,crp_dataset_8_1_4.csv|crp_dataset_8_1_7.csv|crp_dataset_8_1_6.csv,crp_dataset_8_1_1.csv,0.6115715503692627,0.5702479338795847,0.5476190476147014,69,52,57,78,0.0252685546875,0.020454545454545454,0.004814009232954546
MLP,3,0.25,1.0,crp_dataset_8_1_4.csv|crp_dataset_8_1_7.csv|crp_dataset_8_1_6.csv,crp_dataset_8_1_5.csv,0.6115715503692627,0.45454545454269973,0.7499999999925,75,90,25,66,0.039282226562499994,0.033749999999999995,0.005532226562499999
MLP,3,0.25,1.0,crp_dataset_8_1_4.csv|crp_dataset_8_1_7.csv|crp_dataset_8_1_6.csv,crp_dataset_8_1_8.csv,0.6115715503692627,0.503144654084886,0.5797101449233355,80,79,58,39,0.0283203125,0.031485849056603774,-0.0031655365566037735
MLP,3,0.25,1.0,crp_dataset_8_1_8.csv|crp_dataset_8_1_7.csv|crp_dataset_8_1_6.csv,crp_dataset_8_1_2.csv,0.6601025462150574,0.5958904109548228,0.7310924369686462,87,59,32,78,0.039453125,0.027482876712328776,0.011970248287671223
MLP,3,0.25,1.0,crp_dataset_8_1_8.csv|crp_dataset_8_1_7.csv|crp_dataset_8_1_6.csv,crp_dataset_8_1_3.csv,0.6601025462150574,0.791999999993664,0.5722543352568078,99,26,74,57,0.0196044921875,0.0127,0.0069044921875
MLP,3,0.25,1.0,crp_dataset_8_1_8.csv|crp_dataset_8_1_7.csv|crp_dataset_8_1_6.csv,crp_dataset_8_1_1.csv,0.6601025462150574,0.5862068965466706,0.5396825396782565,68,48,58,82,0.0252685546875,0.021390086206896555,0.0038784684806034454
MLP,3,0.25,1.0,crp_dataset_8_1_8.csv|crp_dataset_8_1_7.csv|crp_dataset_8_1_6.csv,crp_dataset_8_1_5.csv,0.6601025462150574,0.5428571428532654,0.7599999999924,76,64,24,92,0.039282226562499994,0.026964285714285715,0.01231794084821428
MLP,3,0.25,1.0,crp_dataset_8_1_8.csv|crp_dataset_8_1_7.csv|crp_dataset_8_1_6.csv,crp_dataset_8_1_4.csv,0.6601025462150574,0.6690140845023309,0.7251908396891208,95,47,36,78,0.023046875,0.015757042253521127,0.007289832746478875
MLP,4,0.25,1.0,crp_dataset_8_1_2.csv|crp_dataset_8_1_3.csv|crp_dataset_8_1_1.csv|crp_dataset_8_1_5.csv,crp_dataset_8_1_4.csv,0.6522653102874756,0.8571428570816326,0.09160305343441526,12,2,119,123,0.023046875,0.008482142857142856,0.014564732142857145
MLP,4,0.25,1.0,crp_dataset_8_1_2.csv|crp_dataset_8_1_3.csv|crp_dataset_8_1_1.csv|crp_dataset_8_1_5.csv,crp_dataset_8_1_8.csv,0.6522653102874756,0.6666666665925925,0.04347826086925016,6,3,132,115,0.0283203125,0.006944444444444446,0.021375868055555552
MLP,4,0.25,1.0,crp_dataset_8_1_2.csv|crp_dataset_8_1_3.csv|crp_dataset_8_1_1.csv|crp_dataset_8_1_5.csv,crp_dataset_8_1_7.csv,0.6522653102874756,0.941176470532872,0.07272727272694215,16,1,204,35,0.0095703125,0.001838235294117647,0.007732077205882353
MLP,4,0.25,1.0,crp_dataset_8_1_2.csv|crp_dataset_8_1_3.csv|crp_dataset_8_1_1.csv|crp_dataset_8_1_5.csv,crp_dataset_8_1_6.csv,0.6522653102874756,0.8571428570816326,0.08571428571367348,12,2,128,114,0.026928710937499996,0.008035714285714287,0.01889299665178571
MLP,4,0.25,1.0,crp_dataset_8_1_2.csv|crp_dataset_8_1_3.csv|crp_dataset_8_1_1.csv|crp_dataset_8_1_4.csv,crp_dataset_8_1_5.csv,0.6142019629478455,0.6406249999899902,0.4099999999959,41,23,59,133,0.039282226562499994,0.018261718750000003,0.02102050781249999
MLP,4,0.25,1.0,crp_dataset_8_1_2.csv|crp_dataset_8_1_3.csv|crp_dataset_8_1_1.csv|crp_dataset_8_1_4.csv,crp_dataset_8_1_8.csv,0.6142019629478455,0.48936170211724767,0.16666666666545896,23,24,115,94,0.0283203125,0.038297872340425546,-0.009977559840425546
MLP,4,0.25,1.0,crp_dataset_8_1_2.csv|crp_dataset_8_1_3.csv|crp_dataset_8_1_1.csv|crp_dataset_8_1_4.csv,crp_dataset_8_1_7.csv,0.6142019629478455,0.9298245613871962,0.2409090909079959,53,4,167,32,0.0095703125,0.001644736842105263,0.007925575657894738
MLP,4,0.25,1.0,crp_dataset_8_1_2.csv|crp_dataset_8_1_3.csv|crp_dataset_8_1_1.csv|crp_dataset_8_1_4.csv,crp_dataset_8_1_6.csv,0.6142019629478455,0.8196721311341038,0.35714285714030614,50,11,90,105,0.026928710937499996,0.010143442622950822,0.016785268314549174
MLP,4,0.25,1.0,crp_dataset_8_1_2.csv|crp_dataset_8_1_3.csv|crp_dataset_8_1_1.csv|crp_dataset_8_1_8.csv,crp_dataset_8_1_5.csv,0.6056777834892273,0.595238095231009,0.499999999995,50,34,50,122,0.039282226562499994,0.020461309523809524,0.01882091703869047
MLP,4,0.25,1.0,crp_dataset_8_1_2.csv|crp_dataset_8_1_3.csv|crp_dataset_8_1_1.csv|crp_dataset_8_1_8.csv,crp_dataset_8_1_4.csv,0.6056777834892273,0.7575757575681052,0.5725190839650953,75,24,56,101,0.023046875,0.011174242424242427,0.011872632575757575
MLP,4,0.25,1.0,crp_dataset_8_1_2.csv|crp_dataset_8_1_3.csv|crp_dataset_8_1_1.csv|crp_dataset_8_1_8.csv,crp_dataset_8_1_7.csv,0.6056777834892273,0.9333333333255556,0.5090909090885951,112,8,108,28,0.0095703125,0.0037500000000000003,0.005820312500000001
MLP,4,0.25,1.0,crp_dataset_8_1_2.csv|crp_dataset_8_1_3.csv|crp_dataset_8_1_1.csv|crp_dataset_8_1_8.csv,crp_dataset_8_1_6.csv,0.6056777834892273,0.8437499999868163,0.38571428571153066,54,10,86,106,0.026928710937499996,0.008984375,0.017944335937499997
MLP,4,0.25,1.0,crp_dataset_8_1_2.csv|crp_dataset_8_1_3.csv|crp_dataset_8_1_1.csv|crp_dataset_8_1_7.csv,crp_dataset_8_1_5.csv,0.6146093010902405,0.554347826080931,0.5099999999949,51,41,49,115,0.039282226562499994,0.021467391304347824,0.01781483525815217
MLP,4,0.25,1.0,crp_dataset_8_1_2.csv|crp_dataset_8_1_3.csv|crp_dataset_8_1_1.csv|crp_dataset_8_1_7.csv,crp_dataset_8_1_4.csv,0.6146093010902405,0.7777777777705761,0.6412213740409067,84,24,47,101,0.023046875,0.009722222222222224,0.013324652777777777
MLP,4,0.25,1.0,crp_dataset_8_1_2.csv|crp_dataset_8_1_3.csv|crp_dataset_8_1_1.csv|crp_dataset_8_1_7.csv,crp_dataset_8_1_8.csv,0.6146093010902405,0.5744680851002716,0.39130434782325146,54,40,84,78,0.0283203125,0.02652925531914894,0.0017910571808510585
MLP,4,0.25,1.0,crp_dataset_8_1_2.csv|crp_dataset_8_1_3.csv|crp_dataset_8_1_1.csv|crp_dataset_8_1_7.csv,crp_dataset_8_1_6.csv,0.6146093010902405,0.6635514018629575,0.5071428571392347,71,36,69,80,0.026928710937499996,0.01810747663551402,0.008821234301985975
MLP,4,0.25,1.0,crp_dataset_8_1_2.csv|crp_dataset_8_1_3.csv|crp_dataset_8_1_1.csv|crp_dataset_8_1_6.csv,crp_dataset_8_1_5.csv,0.6017653942108154,0.6336633663303598,0.6399999999936,64,37,36,119,0.039282226562499994,0.021225247524752473,0.01805697903774752
MLP,4,0.25,1.0,crp_dataset_8_1_2.csv|crp_dataset_8_1_3.csv|crp_dataset_8_1_1.csv|crp_dataset_8_1_6.csv,crp_dataset_8_1_4.csv,0.6017653942108154,0.8118811881107735,0.6259541984685042,82,19,49,106,0.023046875,0.007363861386138614,0.015683013613861388
MLP,4,0.25,1.0,crp_dataset_8_1_2.csv|crp_dataset_8_1_3.csv|crp_dataset_8_1_1.csv|crp_dataset_8_1_6.csv,crp_dataset_8_1_8.csv,0.6017653942108154,0.5340909090848398,0.3405797101424596,47,41,91,77,0.0283203125,0.03125,-0.0029296875
MLP,4,0.25,1.0,crp_dataset_8_1_2.csv|crp_dataset_8_1_3.csv|crp_dataset_8_1_1.csv|crp_dataset_8_1_6.csv,crp_dataset_8_1_7.csv,0.6017653942108154,0.9438202247084964,0.3818181818164463,84,5,136,31,0.0095703125,0.0016151685393258426,0.007955143960674158
MLP,4,0.25,1.0,crp_dataset_8_1_2.csv|crp_dataset_8_1_3.csv|crp_dataset_8_1_5.csv|crp_dataset_8_1_4.csv,crp_dataset_8_1_1.csv,0.6071245074272156,0.7499999999889706,0.40476190475869234,51,17,75,113,0.0252685546875,0.009650735294117647,0.015617819393382353
MLP,4,0.25,1.0,crp_dataset_8_1_2.csv|crp_dataset_8_1_3.csv|crp_dataset_8_1_5.csv|crp_dataset_8_1_4.csv,crp_dataset_8_1_8.csv,0.6071245074272156,0.661538461528284,0.3115942028962928,43,22,95,96,0.0283203125,0.021923076923076924,0.006397235576923076
MLP,4,0.25,1.0,crp_dataset_8_1_2.csv|crp_dataset_8_1_3.csv|crp_dataset_8_1_5.csv|crp_dataset_8_1_4.csv,crp_dataset_8_1_7.csv,0.6071245074272156,0.9051724137853002,0.47727272727055786,105,11,115,25,0.0095703125,0.005226293103448277,0.004344019396551724
MLP,4,0.25,1.0,crp_dataset_8_1_2.csv|crp_dataset_8_1_3.csv|crp_dataset_8_1_5.csv|crp_dataset_8_1_4.csv,crp_dataset_8_1_6.csv,0.6071245074272156,0.8285714285595918,0.4142857142827551,58,12,82,104,0.026928710937499996,0.009375,0.017553710937499994
MLP,4,0.25,1.0,crp_dataset_8_1_2.csv|crp_dataset_8_1_3.csv|crp_dataset_8_1_5.csv|crp_dataset_8_1_8.csv,crp_dataset_8_1_1.csv,0.6200698614120483,0.6249999999888394,0.27777777777557316,35,21,91,109,0.0252685546875,0.019754464285714285,0.005514090401785715
MLP,4,0.25,1.0,crp_dataset_8_1_2.csv|crp_dataset_8_1_3.csv|crp_dataset_8_1_5.csv|crp_dataset_8_1_8.csv,crp_dataset_8_1_4.csv,0.6200698614120483,0.6197183098504264,0.3358778625928559,44,27,87,98,0.023046875,0.01602112676056338,0.007025748239436622
MLP,4,0.25,1.0,crp_dataset_8_1_2.csv|crp_dataset_8_1_3.csv|crp_dataset_8_1_5.csv|crp_dataset_8_1_8.csv,crp_dataset_8_1_7.csv,0.6200698614120483,0.887999999992896,0.5045454545431611,111,14,109,22,0.0095703125,0.006900000000000001,0.0026703125
MLP,4,0.25,1.0,crp_dataset_8_1_2.csv|crp_dataset_8_1_3.csv|crp_dataset_8_1_5.csv|crp_dataset_8_1_8.csv,crp_dataset_8_1_6.csv,0.6200698614120483,0.6206896551652794,0.38571428571153066,54,33,86,83,0.026928710937499996,0.022198275862068968,0.004730435075431028
MLP,4,0.25,1.0,crp_dataset_8_1_2.csv|crp_dataset_8_1_3.csv|crp_dataset_8_1_5.csv|crp_dataset_8_1_7.csv,crp_dataset_8_1_1.csv,0.6235081553459167,0.7326732673194785,0.5873015872969262,74,27,52,103,0.0252685546875,0.010705445544554456,0.014563109142945544
MLP,4,0.25,1.0,crp_dataset_8_1_2.csv|crp_dataset_8_1_3.csv|crp_dataset_8_1_5.csv|crp_dataset_8_1_7.csv,crp_dataset_8_1_4.csv,0.6235081553459167,0.7123287671184088,0.7938931297649322,104,42,27,83,0.023046875,0.013441780821917807,0.009605094178082195
MLP,4,0.25,1.0,crp_dataset_8_1_2.csv|crp_dataset_8_1_3.csv|crp_dataset_8_1_5.csv|crp_dataset_8_1_7.csv,crp_dataset_8_1_8.csv,0.6235081553459167,0.642857142850583,0.4565217391271267,63,35,75,83,0.0283203125,0.022895408163265307,0.0054249043367346934
MLP,4,0.25,1.0,crp_dataset_8_1_2.csv|crp_dataset_8_1_3.csv|crp_dataset_8_1_5.csv|crp_dataset_8_1_7.csv,crp_dataset_8_1_6.csv,0.6235081553459167,0.6893939393887167,0.6499999999953572,91,41,49,75,0.026928710937499996,0.018465909090909092,0.008462801846590904
MLP,4,0.25,1.0,crp_dataset_8_1_2.csv|crp_dataset_8_1_3.csv|crp_dataset_8_1_5.csv|crp_dataset_8_1_6.csv,crp_dataset_8_1_1.csv,0.6052972078323364,0.6451612903121748,0.3174603174577979,40,22,86,108,0.0252685546875,0.015725806451612905,0.009542748235887095
MLP,4,0.25,1.0,crp_dataset_8_1_2.csv|crp_dataset_8_1_3.csv|crp_dataset_8_1_5.csv|crp_dataset_8_1_6.csv,crp_dataset_8_1_4.csv,0.6052972078323364,0.703703703695016,0.43511450381347244,57,24,74,101,0.023046875,0.012808641975308644,0.010238233024691358
MLP,4,0.25,1.0,crp_dataset_8_1_2.csv|crp_dataset_8_1_3.csv|crp_dataset_8_1_5.csv|crp_dataset_8_1_6.csv,crp_dataset_8_1_8.csv,0.6052972078323364,0.5517241379215221,0.2318840579693342,32,26,106,92,0.0283203125,0.030387931034482757,-0.002067618534482757
MLP,4,0.25,1.0,crp_dataset_8_1_2.csv|crp_dataset_8_1_3.csv|crp_dataset_8_1_5.csv|crp_dataset_8_1_6.csv,crp_dataset_8_1_7.csv,0.6052972078323364,0.9368421052532964,0.40454545454361573,89,6,131,30,0.0095703125,0.003157894736842105,0.0064124177631578955
MLP,4,0.25,1.0,crp_dataset_8_1_2.csv|crp_dataset_8_1_3.csv|crp_dataset_8_1_4.csv|crp_dataset_8_1_8.csv,crp_dataset_8_1_1.csv,0.6068247556686401,0.5714285714227405,0.4444444444409171,56,42,70,88,0.0252685546875,0.019323979591836734,0.005944575095663266
MLP,4,0.25,1.0,crp_dataset_8_1_2.csv|crp_dataset_8_1_3.csv|crp_dataset_8_1_4.csv|crp_dataset_8_1_8.csv,crp_dataset_8_1_5.csv,0.6068247556686401,0.5099999999949,0.5099999999949,51,49,49,107,0.039282226562499994,0.027249999999999996,0.012032226562499998
MLP,4,0.25,1.0,crp_dataset_8_1_2.csv|crp_dataset_8_1_3.csv|crp_dataset_8_1_4.csv|crp_dataset_8_1_8.csv,crp_dataset_8_1_7.csv,0.6068247556686401,0.8970588235228159,0.5545454545429339,122,14,98,22,0.0095703125,0.007720588235294118,0.0018497242647058827
MLP,4,0.25,1.0,crp_dataset_8_1_2.csv|crp_dataset_8_1_3.csv|crp_dataset_8_1_4.csv|crp_dataset_8_1_8.csv,crp_dataset_8_1_6.csv,0.6068247556686401,0.7191011235874258,0.45714285713959185,64,25,76,91,0.026928710937499996,0.016502808988764044,0.010425901948735952
MLP,4,0.25,1.0,crp_dataset_8_1_2.csv|crp_dataset_8_1_3.csv|crp_dataset_8_1_4.csv|crp_dataset_8_1_7.csv,crp_dataset_8_1_1.csv,0.6483857035636902,0.5476190476147014,0.5476190476147014,69,57,57,73,0.0252685546875,0.021428571428571425,0.0038399832589285747
MLP,4,0.25,1.0,crp_dataset_8_1_2.csv|crp_dataset_8_1_3.csv|crp_dataset_8_1_4.csv|crp_dataset_8_1_7.csv,crp_dataset_8_1_5.csv,0.6483857035636902,0.49700598802097606,0.8299999999916999,83,84,17,72,0.039282226562499994,0.032410179640718566,0.006872046921781429
MLP,4,0.25,1.0,crp_dataset_8_1_2.csv|crp_dataset_8_1_3.csv|crp_dataset_8_1_4.csv|crp_dataset_8_1_7.csv,crp_dataset_8_1_8.csv,0.6483857035636902,0.582278481008973,0.6666666666618358,92,66,46,52,0.0283203125,0.02804588607594937,0.00027442642405062917
MLP,4,0.25,1.0,crp_dataset_8_1_2.csv|crp_dataset_8_1_3.csv|crp_dataset_8_1_4.csv|crp_dataset_8_1_7.csv,crp_dataset_8_1_6.csv,0.6483857035636902,0.6615384615333728,0.6142857142813266,86,44,54,72,0.026928710937499996,0.01783653846153846,0.009092172475961537
MLP,4,0.25,1.0,crp_dataset_8_1_2.csv|crp_dataset_8_1_3.csv|crp_dataset_8_1_4.csv|crp_dataset_8_1_6.csv,crp_dataset_8_1_1.csv,0.6202455163002014,0.6559139784875708,0.4841269841231418,61,32,65,98,0.0252685546875,0.013172043010752688,0.012096511676747312
MLP,4,0.25,1.0,crp_dataset_8_1_2.csv|crp_dataset_8_1_3.csv|crp_dataset_8_1_4.csv|crp_dataset_8_1_6.csv,crp_dataset_8_1_5.csv,0.6202455163002014,0.5042735042691943,0.5899999999941,59,58,41,98,0.039282226562499994,0.030822649572649574,0.00845957698985042
MLP,4,0.25,1.0,crp_dataset_8_1_2.csv|crp_dataset_8_1_3.csv|crp_dataset_8_1_4.csv|crp_dataset_8_1_6.csv,crp_dataset_8_1_8.csv,0.6202455163002014,0.5257731958708683,0.36956521738862635,51,46,87,72,0.0283203125,0.03247422680412371,-0.004153914304123707
MLP,4,0.25,1.0,crp_dataset_8_1_2.csv|crp_dataset_8_1_3.csv|crp_dataset_8_1_4.csv|crp_dataset_8_1_6.csv,crp_dataset_8_1_7.csv,0.6202455163002014,0.9090909090791027,0.3181818181803719,70,7,150,29,0.0095703125,0.0029220779220779218,0.006648234577922079
MLP,4,0.25,1.0,crp_dataset_8_1_2.csv|crp_dataset_8_1_3.csv|crp_dataset_8_1_8.csv|crp_dataset_8_1_7.csv,crp_dataset_8_1_1.csv,0.6031265258789062,0.5833333333298611,0.777777777771605,98,70,28,60,0.0252685546875,0.021056547619047617,0.004212007068452383
MLP,4,0.25,1.0,crp_dataset_8_1_2.csv|crp_dataset_8_1_3.csv|crp_dataset_8_1_8.csv|crp_dataset_8_1_7.csv,crp_dataset_8_1_5.csv,0.6031265258789062,0.512499999996797,0.8199999999918,82,78,18,78,0.039282226562499994,0.028476562500000004,0.01080566406249999
MLP,4,0.25,1.0,crp_dataset_8_1_2.csv|crp_dataset_8_1_3.csv|crp_dataset_8_1_8.csv|crp_dataset_8_1_7.csv,crp_dataset_8_1_4.csv,0.6031265258789062,0.61224489795606,0.9160305343441525,120,76,11,49,0.023046875,0.01875,0.004296875000000002
MLP,4,0.25,1.0,crp_dataset_8_1_2.csv|crp_dataset_8_1_3.csv|crp_dataset_8_1_8.csv|crp_dataset_8_1_7.csv,crp_dataset_8_1_6.csv,0.6031265258789062,0.577889447233277,0.8214285714227041,115,84,25,32,0.026928710937499996,0.025314070351758793,0.0016146405857412026
MLP,4,0.25,1.0,crp_dataset_8_1_2.csv|crp_dataset_8_1_3.csv|crp_dataset_8_1_8.csv|crp_dataset_8_1_6.csv,crp_dataset_8_1_1.csv,0.6058967709541321,0.5317460317418116,0.5317460317418116,67,59,59,71,0.0252685546875,0.020436507936507933,0.004832046750992067
MLP,4,0.25,1.0,crp_dataset_8_1_2.csv|crp_dataset_8_1_3.csv|crp_dataset_8_1_8.csv|crp_dataset_8_1_6.csv,crp_dataset_8_1_5.csv,0.6058967709541321,0.45142857142599185,0.7899999999921,79,96,21,60,0.039282226562499994,0.03635714285714286,0.0029250837053571357
MLP,4,0.25,1.0,crp_dataset_8_1_2.csv|crp_dataset_8_1_3.csv|crp_dataset_8_1_8.csv|crp_dataset_8_1_6.csv,crp_dataset_8_1_4.csv,0.6058967709541321,0.7034482758572177,0.7786259541925297,102,43,29,82,0.023046875,0.014008620689655173,0.009038254310344829
MLP,4,0.25,1.0,crp_dataset_8_1_2.csv|crp_dataset_8_1_3.csv|crp_dataset_8_1_8.csv|crp_dataset_8_1_6.csv,crp_dataset_8_1_7.csv,0.6058967709541321,0.921259842512431,0.5318181818157645,117,10,103,26,0.0095703125,0.003986220472440944,0.005584092027559056
MLP,4,0.25,1.0,crp_dataset_8_1_2.csv|crp_dataset_8_1_3.csv|crp_dataset_8_1_7.csv|crp_dataset_8_1_6.csv,crp_dataset_8_1_1.csv,0.609139621257782,0.548872180447001,0.5793650793604812,73,60,53,70,0.0252685546875,0.02175751879699248,0.003511035890507521
MLP,4,0.25,1.0,crp_dataset_8_1_2.csv|crp_dataset_8_1_3.csv|crp_dataset_8_1_7.csv|crp_dataset_8_1_6.csv,crp_dataset_8_1_5.csv,0.609139621257782,0.4666666666640741,0.8399999999916,84,96,16,60,0.039282226562499994,0.036284722222222225,0.0029975043402777693
MLP,4,0.25,1.0,crp_dataset_8_1_2.csv|crp_dataset_8_1_3.csv|crp_dataset_8_1_7.csv|crp_dataset_8_1_6.csv,crp_dataset_8_1_4.csv,0.609139621257782,0.6937499999956641,0.8473282442683411,111,49,20,76,0.023046875,0.0128125,0.010234375000000002
MLP,4,0.25,1.0,crp_dataset_8_1_2.csv|crp_dataset_8_1_3.csv|crp_dataset_8_1_7.csv|crp_dataset_8_1_6.csv,crp_dataset_8_1_8.csv,0.609139621257782,0.5555555555523067,0.6884057970964609,95,76,43,42,0.0283203125,0.028581871345029236,-0.0002615588450292361
MLP,4,0.25,1.0,crp_dataset_8_1_2.csv|crp_dataset_8_1_1.csv|crp_dataset_8_1_5.csv|crp_dataset_8_1_4.csv,crp_dataset_8_1_3.csv,0.6471508145332336,0.79999999996,0.09248554913241339,16,4,157,79,0.0196044921875,0.006562499999999999,0.0130419921875
MLP,4,0.25,1.0,crp_dataset_8_1_2.csv|crp_dataset_8_1_1.csv|crp_dataset_8_1_5.csv|crp_dataset_8_1_4.csv,crp_dataset_8_1_8.csv,0.6471508145332336,0.9333333332711111,0.10144927536158371,14,1,124,117,0.0283203125,0.0025,0.0258203125
MLP,4,0.25,1.0,crp_dataset_8_1_2.csv|crp_dataset_8_1_1.csv|crp_dataset_8_1_5.csv|crp_dataset_8_1_4.csv,crp_dataset_8_1_7.csv,0.6471508145332336,0.9999999999787235,0.21363636363539257,47,0,173,36,0.0095703125,0.00026595744680851064,0.00930435505319149
MLP,4,0.25,1.0,crp_dataset_8_1_2.csv|crp_dataset_8_1_1.csv|crp_dataset_8_1_5.csv|crp_dataset_8_1_4.csv,crp_dataset_8_1_6.csv,0.6471508145332336,0.9999999999333333,0.10714285714209185,15,0,125,116,0.026928710937499996,0.0004166666666666667,0.02651204427083333
MLP,4,0.25,1.0,crp_dataset_8_1_2.csv|crp_dataset_8_1_1.csv|crp_dataset_8_1_5.csv|crp_dataset_8_1_8.csv,crp_dataset_8_1_3.csv,0.6483330130577087,0.9999999998,0.02890173410387918,5,0,168,83,0.0196044921875,0.0,0.0196044921875
MLP,4,0.25,1.0,crp_dataset_8_1_2.csv|crp_dataset_8_1_1.csv|crp_dataset_8_1_5.csv|crp_dataset_8_1_8.csv,crp_dataset_8_1_4.csv,0.6483330130577087,0.9999999995,0.015267175572402541,2,0,129,125,0.023046875,0.0,0.023046875
MLP,4,0.25,1.0,crp_dataset_8_1_2.csv|crp_dataset_8_1_1.csv|crp_dataset_8_1_5.csv|crp_dataset_8_1_8.csv,crp_dataset_8_1_7.csv,0.6483330130577087,0.9999999999375,0.07272727272694215,16,0,204,36,0.0095703125,0.0,0.0095703125
MLP,4,0.25,1.0,crp_dataset_8_1_2.csv|crp_dataset_8_1_1.csv|crp_dataset_8_1_5.csv|crp_dataset_8_1_8.csv,crp_dataset_8_1_6.csv,0.6483330130577087,0.99999999975,0.02857142857122449,4,0,136,116,0.026928710937499996,0.0,0.026928710937499996
MLP,4,0.25,1.0,crp_dataset_8_1_2.csv|crp_dataset_8_1_1.csv|crp_dataset_8_1_5.csv|crp_dataset_8_1_7.csv,crp_dataset_8_1_3.csv,0.607097327709198,0.8192771084238641,0.39306358381275686,68,15,105,68,0.0196044921875,0.009864457831325302,0.009740034356174697
MLP,4,0.25,1.0,crp_dataset_8_1_2.csv|crp_dataset_8_1_1.csv|crp_dataset_8_1_5.csv|crp_dataset_8_1_7.csv,crp_dataset_8_1_4.csv,0.607097327709198,0.7029702970227428,0.5419847328202902,71,30,60,95,0.023046875,0.012438118811881189,0.010608756188118813
MLP,4,0.25,1.0,crp_dataset_8_1_2.csv|crp_dataset_8_1_1.csv|crp_dataset_8_1_5.csv|crp_dataset_8_1_7.csv,crp_dataset_8_1_8.csv,0.607097327709198,0.6133333333251555,0.3333333333309179,46,29,92,89,0.0283203125,0.017166666666666667,0.011153645833333333
MLP,4,0.25,1.0,crp_dataset_8_1_2.csv|crp_dataset_8_1_1.csv|crp_dataset_8_1_5.csv|crp_dataset_8_1_7.csv,crp_dataset_8_1_6.csv,0.607097327709198,0.7045454545374483,0.44285714285397965,62,26,78,90,0.026928710937499996,0.016051136363636365,0.010877574573863631
MLP,4,0.25,1.0,crp_dataset_8_1_2.csv|crp_dataset_8_1_1.csv|crp_dataset_8_1_5.csv|crp_dataset_8_1_6.csv,crp_dataset_8_1_3.csv,0.605370819568634,0.8823529411245675,0.08670520231163754,15,2,158,81,0.0196044921875,0.0125,0.007104492187499999
MLP,4,0.25,1.0,crp_dataset_8_1_2.csv|crp_dataset_8_1_1.csv|crp_dataset_8_1_5.csv|crp_dataset_8_1_6.csv,crp_dataset_8_1_4.csv,0.605370819568634,0.6428571428112245,0.06870229007581144,9,5,122,120,0.023046875,0.020089285714285716,0.0029575892857142856
MLP,4,0.25,1.0,crp_dataset_8_1_2.csv|crp_dataset_8_1_1.csv|crp_dataset_8_1_5.csv|crp_dataset_8_1_6.csv,crp_dataset_8_1_8.csv,0.605370819568634,0.6428571428112245,0.06521739130387524,9,5,129,113,0.0283203125,0.026785714285714277,0.0015345982142857227
MLP,4,0.25,1.0,crp_dataset_8_1_2.csv|crp_dataset_8_1_1.csv|crp_dataset_8_1_5.csv|crp_dataset_8_1_6.csv,crp_dataset_8_1_7.csv,0.605370819568634,0.9090909090495868,0.09090909090867769,20,2,200,34,0.0095703125,0.003977272727272727,0.005593039772727274
MLP,4,0.25,1.0,crp_dataset_8_1_2.csv|crp_dataset_8_1_1.csv|crp_dataset_8_1_4.csv|crp_dataset_8_1_8.csv,crp_dataset_8_1_3.csv,0.6182859539985657,0.9166666665902777,0.0635838150285342,11,1,162,82,0.0196044921875,0.005208333333333333,0.014396158854166667
MLP,4,0.25,1.0,crp_dataset_8_1_2.csv|crp_dataset_8_1_1.csv|crp_dataset_8_1_4.csv|crp_dataset_8_1_8.csv,crp_dataset_8_1_5.csv,0.6182859539985657,0.74999999990625,0.0599999999994,6,2,94,154,0.039282226562499994,0.0171875,0.022094726562499993
MLP,4,0.25,1.0,crp_dataset_8_1_2.csv|crp_dataset_8_1_1.csv|crp_dataset_8_1_4.csv|crp_dataset_8_1_8.csv,crp_dataset_8_1_7.csv,0.6182859539985657,0.8888888887901234,0.03636363636347108,8,1,212,35,0.0095703125,0.004166666666666667,0.005403645833333334
MLP,4,0.25,1.0,crp_dataset_8_1_2.csv|crp_dataset_8_1_1.csv|crp_dataset_8_1_4.csv|crp_dataset_8_1_8.csv,crp_dataset_8_1_6.csv,0.6182859539985657,0.8571428570204082,0.04285714285683674,6,1,134,115,0.026928710937499996,0.005357142857142857,0.021571568080357137
MLP,4,0.25,1.0,crp_dataset_8_1_2.csv|crp_dataset_8_1_1.csv|crp_dataset_8_1_4.csv|crp_dataset_8_1_7.csv,crp_dataset_8_1_3.csv,0.6020476222038269,0.8421052631468143,0.36994219652965354,64,12,109,71,0.0196044921875,0.00805921052631579,0.011545281661184209
MLP,4,0.25,1.0,crp_dataset_8_1_2.csv|crp_dataset_8_1_1.csv|crp_dataset_8_1_4.csv|crp_dataset_8_1_7.csv,crp_dataset_8_1_5.csv,0.6020476222038269,0.5797101449191346,0.399999999996,40,29,60,127,0.039282226562499994,0.02798913043478261,0.011293096127717384
MLP,4,0.25,1.0,crp_dataset_8_1_2.csv|crp_dataset_8_1_1.csv|crp_dataset_8_1_4.csv|crp_dataset_8_1_7.csv,crp_dataset_8_1_8.csv,0.6020476222038269,0.6363636363553719,0.35507246376554297,49,28,89,90,0.0283203125,0.01793831168831169,0.01038200081168831
MLP,4,0.25,1.0,crp_dataset_8_1_2.csv|crp_dataset_8_1_1.csv|crp_dataset_8_1_4.csv|crp_dataset_8_1_7.csv,crp_dataset_8_1_6.csv,0.6020476222038269,0.7868852458887396,0.34285714285469393,48,13,92,103,0.026928710937499996,0.01331967213114754,0.013609038806352456
MLP,4,0.25,1.0,crp_dataset_8_1_2.csv|crp_dataset_8_1_1.csv|crp_dataset_8_1_4.csv|crp_dataset_8_1_6.csv,crp_dataset_8_1_3.csv,0.603997528553009,0.8333333333226496,0.37572254335042937,65,13,108,70,0.0196044921875,0.00921474358974359,0.01038974859775641
MLP,4,0.25,1.0,crp_dataset_8_1_2.csv|crp_dataset_8_1_1.csv|crp_dataset_8_1_4.csv|crp_dataset_8_1_6.csv,crp_dataset_8_1_5.csv,0.603997528553009,0.5595238095171485,0.46999999999529996,47,37,53,119,0.039282226562499994,0.02507440476190476,0.014207821800595235
MLP,4,0.25,1.0,crp_dataset_8_1_2.csv|crp_dataset_8_1_1.csv|crp_dataset_8_1_4.csv|crp_dataset_8_1_6.csv,crp_dataset_8_1_8.csv,0.603997528553009,0.42857142856377556,0.17391304347700065,24,32,114,86,0.0283203125,0.04475446428571428,-0.01643415178571428
MLP,4,0.25,1.0,crp_dataset_8_1_2.csv|crp_dataset_8_1_1.csv|crp_dataset_8_1_4.csv|crp_dataset_8_1_6.csv,crp_dataset_8_1_7.csv,0.603997528553009,0.9285714285581632,0.2954545454532025,65,5,155,31,0.0095703125,0.0035714285714285713,0.00599888392857143
MLP,4,0.25,1.0,crp_dataset_8_1_2.csv|crp_dataset_8_1_1.csv|crp_dataset_8_1_8.csv|crp_dataset_8_1_7.csv,crp_dataset_8_1_3.csv,0.6169221997261047,0.7142857142784256,0.40462427745430857,70,28,103,55,0.0196044921875,0.017346938775510204,0.0022575534119897954
MLP,4,0.25,1.0,crp_dataset_8_1_2.csv|crp_dataset_8_1_1.csv|crp_dataset_8_1_8.csv|crp_dataset_8_1_7.csv,crp_dataset_8_1_5.csv,0.6169221997261047,0.6744186046354786,0.28999999999709997,29,14,71,142,0.039282226562499994,0.009738372093023256,0.029543854469476737
MLP,4,0.25,1.0,crp_dataset_8_1_2.csv|crp_dataset_8_1_1.csv|crp_dataset_8_1_8.csv|crp_dataset_8_1_7.csv,crp_dataset_8_1_4.csv,0.6169221997261047,0.5205479451983487,0.2900763358756483,38,35,93,90,0.023046875,0.027825342465753425,-0.0047784674657534235
MLP,4,0.25,1.0,crp_dataset_8_1_2.csv|crp_dataset_8_1_1.csv|crp_dataset_8_1_8.csv|crp_dataset_8_1_7.csv,crp_dataset_8_1_6.csv,0.6169221997261047,0.43243243242853663,0.34285714285469393,48,63,92,53,0.026928710937499996,0.03496621621621621,-0.008037505278716217
MLP,4,0.25,1.0,crp_dataset_8_1_2.csv|crp_dataset_8_1_1.csv|crp_dataset_8_1_8.csv|crp_dataset_8_1_6.csv,crp_dataset_8_1_3.csv,0.6428337693214417,0.9117647058689445,0.3583815028881019,62,6,111,77,0.0196044921875,0.004871323529411765,0.014733168658088235
MLP,4,0.25,1.0,crp_dataset_8_1_2.csv|crp_dataset_8_1_1.csv|crp_dataset_8_1_8.csv|crp_dataset_8_1_6.csv,crp_dataset_8_1_5.csv,0.6428337693214417,0.6956521739029615,0.4799999999952,48,21,52,135,0.039282226562499994,0.012681159420289856,0.02660106714221014
MLP,4,0.25,1.0,crp_dataset_8_1_2.csv|crp_dataset_8_1_1.csv|crp_dataset_8_1_8.csv|crp_dataset_8_1_6.csv,crp_dataset_8_1_4.csv,0.6428337693214417,0.7391304347718967,0.38931297709626483,51,18,80,107,0.023046875,0.012137681159420289,0.010909193840579713
MLP,4,0.25,1.0,crp_dataset_8_1_2.csv|crp_dataset_8_1_1.csv|crp_dataset_8_1_8.csv|crp_dataset_8_1_6.csv,crp_dataset_8_1_7.csv,0.6428337693214417,0.9349593495858947,0.5227272727248967,115,8,105,28,0.0095703125,0.0021849593495934963,0.007385353150406504
MLP,4,0.25,1.0,crp_dataset_8_1_2.csv|crp_dataset_8_1_1.csv|crp_dataset_8_1_7.csv|crp_dataset_8_1_6.csv,crp_dataset_8_1_3.csv,0.6720274090766907,0.8235294117586506,0.6473988439268937,112,24,61,59,0.0196044921875,0.009145220588235293,0.010459271599264706
MLP,4,0.25,1.0,crp_dataset_8_1_2.csv|crp_dataset_8_1_1.csv|crp_dataset_8_1_7.csv|crp_dataset_8_1_6.csv,crp_dataset_8_1_5.csv,0.6720274090766907,0.5413533834545763,0.7199999999928,72,61,28,95,0.039282226562499994,0.03120300751879699,0.008079219043703005
MLP,4,0.25,1.0,crp_dataset_8_1_2.csv|crp_dataset_8_1_1.csv|crp_dataset_8_1_7.csv|crp_dataset_8_1_6.csv,crp_dataset_8_1_4.csv,0.6720274090766907,0.780303030297119,0.7862595419787309,103,29,28,96,0.023046875,0.010227272727272727,0.012819602272727274
MLP,4,0.25,1.0,crp_dataset_8_1_2.csv|crp_dataset_8_1_1.csv|crp_dataset_8_1_7.csv|crp_dataset_8_1_6.csv,crp_dataset_8_1_8.csv,0.6720274090766907,0.5772357723530306,0.5144927536194602,71,52,67,66,0.0283203125,0.028099593495934962,0.00022071900406503767
MLP,4,0.25,1.0,crp_dataset_8_1_2.csv|crp_dataset_8_1_5.csv|crp_dataset_8_1_4.csv|crp_dataset_8_1_8.csv,crp_dataset_8_1_3.csv,0.6916877031326294,0.9999999989999999,0.005780346820775837,1,0,172,83,0.0196044921875,0.0,0.0196044921875
MLP,4,0.25,1.0,crp_dataset_8_1_2.csv|crp_dataset_8_1_5.csv|crp_dataset_8_1_4.csv|crp_dataset_8_1_8.csv,crp_dataset_8_1_1.csv,0.6916877031326294,0.0,0.0,0,0,126,130,0.0252685546875,,
MLP,4,0.25,1.0,crp_dataset_8_1_2.csv|crp_dataset_8_1_5.csv|crp_dataset_8_1_4.csv|crp_dataset_8_1_8.csv,crp_dataset_8_1_7.csv,0.6916877031326294,0.89999999991,0.04090909090890496,9,1,211,35,0.0095703125,0.0025,0.0070703125
MLP,4,0.25,1.0,crp_dataset_8_1_2.csv|crp_dataset_8_1_5.csv|crp_dataset_8_1_4.csv|crp_dataset_8_1_8.csv,crp_dataset_8_1_6.csv,0.6916877031326294,0.9999999996666666,0.02142857142841837,3,0,137,116,0.026928710937499996,0.0020833333333333333,0.024845377604166663
MLP,4,0.25,1.0,crp_dataset_8_1_2.csv|crp_dataset_8_1_5.csv|crp_dataset_8_1_4.csv|crp_dataset_8_1_7.csv,crp_dataset_8_1_3.csv,0.6439309120178223,0.9230769230650887,0.4161849710958602,72,6,101,77,0.0196044921875,0.004006410256410256,0.015598081931089743
MLP,4,0.25,1.0,crp_dataset_8_1_2.csv|crp_dataset_8_1_5.csv|crp_dataset_8_1_4.csv|crp_dataset_8_1_7.csv,crp_dataset_8_1_1.csv,0.6439309120178223,0.848484848459137,0.22222222222045854,28,5,98,125,0.0252685546875,0.004734848484848485,0.020533706202651516
MLP,4,0.25,1.0,crp_dataset_8_1_2.csv|crp_dataset_8_1_5.csv|crp_dataset_8_1_4.csv|crp_dataset_8_1_7.csv,crp_dataset_8_1_8.csv,0.6439309120178223,0.7777777777633745,0.30434782608475114,42,12,96,106,0.0283203125,0.011921296296296294,0.016399016203703706
MLP,4,0.25,1.0,crp_dataset_8_1_2.csv|crp_dataset_8_1_5.csv|crp_dataset_8_1_4.csv|crp_dataset_8_1_7.csv,crp_dataset_8_1_6.csv,0.6439309120178223,0.7678571428434312,0.3071428571406633,43,13,97,103,0.026928710937499996,0.01171875,0.015209960937499996
MLP,4,0.25,1.0,crp_dataset_8_1_2.csv|crp_dataset_8_1_5.csv|crp_dataset_8_1_4.csv|crp_dataset_8_1_6.csv,crp_dataset_8_1_3.csv,0.6278121471405029,0.9111111110908643,0.2369942196518093,41,4,132,79,0.0196044921875,0.002361111111111111,0.017243381076388887
MLP,4,0.25,1.0,crp_dataset_8_1_2.csv|crp_dataset_8_1_5.csv|crp_dataset_8_1_4.csv|crp_dataset_8_1_6.csv,crp_dataset_8_1_1.csv,0.6278121471405029,0.7692307692110454,0.23809523809334845,30,9,96,121,0.0252685546875,0.010256410256410256,0.015012144431089744
MLP,4,0.25,1.0,crp_dataset_8_1_2.csv|crp_dataset_8_1_5.csv|crp_dataset_8_1_4.csv|crp_dataset_8_1_6.csv,crp_dataset_8_1_8.csv,0.6278121471405029,0.8124999999492187,0.09420289855004202,13,3,125,115,0.0283203125,0.01640625,0.0119140625
MLP,4,0.25,1.0,crp_dataset_8_1_2.csv|crp_dataset_8_1_5.csv|crp_dataset_8_1_4.csv|crp_dataset_8_1_6.csv,crp_dataset_8_1_7.csv,0.6278121471405029,0.9111111110908643,0.18636363636278927,41,4,179,32,0.0095703125,0.005277777777777778,0.004292534722222223
MLP,4,0.25,1.0,crp_dataset_8_1_2.csv|crp_dataset_8_1_5.csv|crp_dataset_8_1_8.csv|crp_dataset_8_1_7.csv,crp_dataset_8_1_3.csv,0.6005282998085022,0.7272727272661157,0.4624277456620669,80,30,93,53,0.0196044921875,0.01806818181818182,0.0015363103693181793
MLP,4,0.25,1.0,crp_dataset_8_1_2.csv|crp_dataset_8_1_5.csv|crp_dataset_8_1_8.csv|crp_dataset_8_1_7.csv,crp_dataset_8_1_1.csv,0.6005282998085022,0.7704918032660576,0.37301587301291256,47,14,79,116,0.0252685546875,0.01362704918032787,0.01164150550717213
MLP,4,0.25,1.0,crp_dataset_8_1_2.csv|crp_dataset_8_1_5.csv|crp_dataset_8_1_8.csv|crp_dataset_8_1_7.csv,crp_dataset_8_1_4.csv,0.6005282998085022,0.5168539325784623,0.35114503816525844,46,43,85,82,0.023046875,0.02549157303370787,-0.0024446980337078685
MLP,4,0.25,1.0,crp_dataset_8_1_2.csv|crp_dataset_8_1_5.csv|crp_dataset_8_1_8.csv|crp_dataset_8_1_7.csv,crp_dataset_8_1_6.csv,0.6005282998085022,0.486956521734896,0.39999999999714286,56,59,84,57,0.026928710937499996,0.03065217391304348,-0.003723462975543483
MLP,4,0.25,1.0,crp_dataset_8_1_2.csv|crp_dataset_8_1_5.csv|crp_dataset_8_1_8.csv|crp_dataset_8_1_6.csv,crp_dataset_8_1_3.csv,0.6105568408966064,0.9666666666344444,0.16763005780249926,29,1,144,82,0.0196044921875,0.0035416666666666665,0.016062825520833334
MLP,4,0.25,1.0,crp_dataset_8_1_2.csv|crp_dataset_8_1_5.csv|crp_dataset_8_1_8.csv|crp_dataset_8_1_6.csv,crp_dataset_8_1_1.csv,0.6105568408966064,0.6774193548168574,0.1666666666653439,21,10,105,120,0.0252685546875,0.014112903225806453,0.011155651461693547
MLP,4,0.25,1.0,crp_dataset_8_1_2.csv|crp_dataset_8_1_5.csv|crp_dataset_8_1_8.csv|crp_dataset_8_1_6.csv,crp_dataset_8_1_4.csv,0.6105568408966064,0.7916666666336806,0.14503816793782415,19,5,112,120,0.023046875,0.009114583333333334,0.013932291666666667
MLP,4,0.25,1.0,crp_dataset_8_1_2.csv|crp_dataset_8_1_5.csv|crp_dataset_8_1_8.csv|crp_dataset_8_1_6.csv,crp_dataset_8_1_7.csv,0.6105568408966064,0.9374999999804688,0.2045454545445248,45,3,175,33,0.0095703125,0.0016927083333333334,0.007877604166666666
MLP,4,0.25,1.0,crp_dataset_8_1_2.csv|crp_dataset_8_1_5.csv|crp_dataset_8_1_7.csv|crp_dataset_8_1_6.csv,crp_dataset_8_1_3.csv,0.6009809970855713,0.9245283018693485,0.283236994218016,49,4,124,79,0.0196044921875,0.0031839622641509436,0.016420529923349057
MLP,4,0.25,1.0,crp_dataset_8_1_2.csv|crp_dataset_8_1_5.csv|crp_dataset_8_1_7.csv|crp_dataset_8_1_6.csv,crp_dataset_8_1_1.csv,0.6009809970855713,0.9230769230414201,0.19047619047467876,24,2,102,128,0.0252685546875,0.0021634615384615386,0.023105093149038462
MLP,4,0.25,1.0,crp_dataset_8_1_2.csv|crp_dataset_8_1_5.csv|crp_dataset_8_1_7.csv|crp_dataset_8_1_6.csv,crp_dataset_8_1_4.csv,0.6009809970855713,0.8518518518360769,0.35114503816525844,46,8,85,117,0.023046875,0.005439814814814815,0.017607060185185187
MLP,4,0.25,1.0,crp_dataset_8_1_2.csv|crp_dataset_8_1_5.csv|crp_dataset_8_1_7.csv|crp_dataset_8_1_6.csv,crp_dataset_8_1_8.csv,0.6009809970855713,0.6969696969485768,0.16666666666545896,23,10,115,108,0.0283203125,0.0206439393939394,0.0076763731060606015
MLP,4,0.25,1.0,crp_dataset_8_1_2.csv|crp_dataset_8_1_4.csv|crp_dataset_8_1_8.csv|crp_dataset_8_1_7.csv,crp_dataset_8_1_3.csv,0.6074357628822327,0.7786259541925297,0.5895953757191353,102,29,71,54,0.0196044921875,0.013931297709923662,0.005673194477576337
MLP,4,0.25,1.0,crp_dataset_8_1_2.csv|crp_dataset_8_1_4.csv|crp_dataset_8_1_8.csv|crp_dataset_8_1_7.csv,crp_dataset_8_1_1.csv,0.6074357628822327,0.6415094339562122,0.5396825396782565,68,38,58,92,0.0252685546875,0.019162735849056603,0.006105818838443397
MLP,4,0.25,1.0,crp_dataset_8_1_2.csv|crp_dataset_8_1_4.csv|crp_dataset_8_1_8.csv|crp_dataset_8_1_7.csv,crp_dataset_8_1_5.csv,0.6074357628822327,0.634408602143716,0.5899999999941,59,34,41,122,0.039282226562499994,0.018682795698924733,0.020599430863575262
MLP,4,0.25,1.0,crp_dataset_8_1_2.csv|crp_dataset_8_1_4.csv|crp_dataset_8_1_8.csv|crp_dataset_8_1_7.csv,crp_dataset_8_1_6.csv,0.6074357628822327,0.6050420168016383,0.5142857142820408,72,47,68,69,0.026928710937499996,0.023056722689075625,0.003871988248424371
MLP,4,0.25,1.0,crp_dataset_8_1_2.csv|crp_dataset_8_1_4.csv|crp_dataset_8_1_8.csv|crp_dataset_8_1_6.csv,crp_dataset_8_1_3.csv,0.6209537982940674,0.8533333333219555,0.36994219652965354,64,11,109,72,0.0196044921875,0.006166666666666667,0.013437825520833332
MLP,4,0.25,1.0,crp_dataset_8_1_2.csv|crp_dataset_8_1_4.csv|crp_dataset_8_1_8.csv|crp_dataset_8_1_6.csv,crp_dataset_8_1_1.csv,0.6209537982940674,0.759259259245199,0.32539682539424286,41,13,85,117,0.0252685546875,0.010416666666666666,0.014851888020833334
MLP,4,0.25,1.0,crp_dataset_8_1_2.csv|crp_dataset_8_1_4.csv|crp_dataset_8_1_8.csv|crp_dataset_8_1_6.csv,crp_dataset_8_1_5.csv,0.6209537982940674,0.5652173912961562,0.38999999999609997,39,30,61,126,0.039282226562499994,0.03152173913043479,0.0077604874320652065
MLP,4,0.25,1.0,crp_dataset_8_1_2.csv|crp_dataset_8_1_4.csv|crp_dataset_8_1_8.csv|crp_dataset_8_1_6.csv,crp_dataset_8_1_7.csv,0.6209537982940674,0.9433962263972945,0.22727272727169423,50,3,170,33,0.0095703125,0.0015330188679245286,0.008037293632075473
MLP,4,0.25,1.0,crp_dataset_8_1_2.csv|crp_dataset_8_1_4.csv|crp_dataset_8_1_7.csv|crp_dataset_8_1_6.csv,crp_dataset_8_1_3.csv,0.6260926127433777,0.8124999999943577,0.6763005780307729,117,27,56,56,0.0196044921875,0.009765625,0.0098388671875
MLP,4,0.25,1.0,crp_dataset_8_1_2.csv|crp_dataset_8_1_4.csv|crp_dataset_8_1_7.csv|crp_dataset_8_1_6.csv,crp_dataset_8_1_1.csv,0.6260926127433777,0.5423728813513358,0.5079365079324767,64,54,62,76,0.0252685546875,0.02018008474576271,0.0050884699417372906
MLP,4,0.25,1.0,crp_dataset_8_1_2.csv|crp_dataset_8_1_4.csv|crp_dataset_8_1_7.csv|crp_dataset_8_1_6.csv,crp_dataset_8_1_5.csv,0.6260926127433777,0.5060975609725238,0.8299999999916999,83,81,17,75,0.039282226562499994,0.03205030487804878,0.007231921684451213
MLP,4,0.25,1.0,crp_dataset_8_1_2.csv|crp_dataset_8_1_4.csv|crp_dataset_8_1_7.csv|crp_dataset_8_1_6.csv,crp_dataset_8_1_8.csv,0.6260926127433777,0.4965517241345066,0.521739130431002,72,73,66,45,0.0283203125,0.03198275862068966,-0.0036624461206896594
MLP,4,0.25,1.0,crp_dataset_8_1_2.csv|crp_dataset_8_1_8.csv|crp_dataset_8_1_7.csv|crp_dataset_8_1_6.csv,crp_dataset_8_1_3.csv,0.6697282791137695,0.8347107437947544,0.5838150288983595,101,20,72,63,0.0196044921875,0.010175619834710745,0.009428872352789254
MLP,4,0.25,1.0,crp_dataset_8_1_2.csv|crp_dataset_8_1_8.csv|crp_dataset_8_1_7.csv|crp_dataset_8_1_6.csv,crp_dataset_8_1_1.csv,0.6697282791137695,0.6249999999928977,0.43650793650447217,55,33,71,97,0.0252685546875,0.01690340909090909,0.00836514559659091
MLP,4,0.25,1.0,crp_dataset_8_1_2.csv|crp_dataset_8_1_8.csv|crp_dataset_8_1_7.csv|crp_dataset_8_1_6.csv,crp_dataset_8_1_5.csv,0.6697282791137695,0.5537190082598866,0.6699999999933,67,54,33,102,0.039282226562499994,0.027582644628099173,0.011699581934400821
MLP,4,0.25,1.0,crp_dataset_8_1_2.csv|crp_dataset_8_1_8.csv|crp_dataset_8_1_7.csv|crp_dataset_8_1_6.csv,crp_dataset_8_1_4.csv,0.6697282791137695,0.7421874999942017,0.7251908396891208,95,33,36,92,0.023046875,0.0107421875,0.012304687500000001
MLP,4,0.25,1.0,crp_dataset_8_1_3.csv|crp_dataset_8_1_1.csv|crp_dataset_8_1_5.csv|crp_dataset_8_1_4.csv,crp_dataset_8_1_2.csv,0.6024914383888245,0.6526315789404986,0.5210084033569663,62,33,57,104,0.039453125,0.018947368421052633,0.020505756578947366
MLP,4,0.25,1.0,crp_dataset_8_1_3.csv|crp_dataset_8_1_1.csv|crp_dataset_8_1_5.csv|crp_dataset_8_1_4.csv,crp_dataset_8_1_8.csv,0.6024914383888245,0.5308641975243102,0.3115942028962928,43,38,95,80,0.0283203125,0.02762345679012346,0.0006968557098765392
MLP,4,0.25,1.0,crp_dataset_8_1_3.csv|crp_dataset_8_1_1.csv|crp_dataset_8_1_5.csv|crp_dataset_8_1_4.csv,crp_dataset_8_1_7.csv,0.6024914383888245,0.9256756756694212,0.6227272727244422,137,11,83,25,0.0095703125,0.002533783783783784,0.007036528716216217
MLP,4,0.25,1.0,crp_dataset_8_1_3.csv|crp_dataset_8_1_1.csv|crp_dataset_8_1_5.csv|crp_dataset_8_1_4.csv,crp_dataset_8_1_6.csv,0.6024914383888245,0.7472527472445356,0.4857142857108164,68,23,72,93,0.026928710937499996,0.014629120879120877,0.012299590058379118
MLP,4,0.25,1.0,crp_dataset_8_1_3.csv|crp_dataset_8_1_1.csv|crp_dataset_8_1_5.csv|crp_dataset_8_1_8.csv,crp_dataset_8_1_2.csv,0.6066465377807617,0.5087719298156356,0.24369747898954874,29,28,90,109,0.039453125,0.03322368421052632,0.006229440789473677
MLP,4,0.25,1.0,crp_dataset_8_1_3.csv|crp_dataset_8_1_1.csv|crp_dataset_8_1_5.csv|crp_dataset_8_1_8.csv,crp_dataset_8_1_4.csv,0.6066465377807617,0.568181818168905,0.19083969465503178,25,19,106,106,0.023046875,0.020880681818181816,0.002166193181818186
MLP,4,0.25,1.0,crp_dataset_8_1_3.csv|crp_dataset_8_1_1.csv|crp_dataset_8_1_5.csv|crp_dataset_8_1_8.csv,crp_dataset_8_1_7.csv,0.6066465377807617,0.89830508473815,0.4818181818159918,106,12,114,24,0.0095703125,0.0066207627118644065,0.002949549788135594
MLP,4,0.25,1.0,crp_dataset_8_1_3.csv|crp_dataset_8_1_1.csv|crp_dataset_8_1_5.csv|crp_dataset_8_1_8.csv,crp_dataset_8_1_6.csv,0.6066465377807617,0.4999999999916667,0.2142857142841837,30,30,110,86,0.026928710937499996,0.03208333333333333,-0.005154622395833336
MLP,4,0.25,1.0,crp_dataset_8_1_3.csv|crp_dataset_8_1_1.csv|crp_dataset_8_1_5.csv|crp_dataset_8_1_7.csv,crp_dataset_8_1_2.csv,0.6079719066619873,0.679487179478468,0.4453781512567615,53,25,66,112,0.039453125,0.020673076923076922,0.018780048076923076
MLP,4,0.25,1.0,crp_dataset_8_1_3.csv|crp_dataset_8_1_1.csv|crp_dataset_8_1_5.csv|crp_dataset_8_1_7.csv,crp_dataset_8_1_4.csv,0.6079719066619873,0.649999999991875,0.3969465648824661,52,28,79,97,0.023046875,0.01953125,0.0035156250000000014
MLP,4,0.25,1.0,crp_dataset_8_1_3.csv|crp_dataset_8_1_1.csv|crp_dataset_8_1_5.csv|crp_dataset_8_1_7.csv,crp_dataset_8_1_8.csv,0.6079719066619873,0.7945205479343216,0.42028985506941824,58,15,80,103,0.0283203125,0.009845890410958904,0.018474422089041098
MLP,4,0.25,1.0,crp_dataset_8_1_3.csv|crp_dataset_8_1_1.csv|crp_dataset_8_1_5.csv|crp_dataset_8_1_7.csv,crp_dataset_8_1_6.csv,0.6079719066619873,0.554347826080931,0.3642857142831123,51,41,89,75,0.026928710937499996,0.026630434782608698,0.0002982761548912978
MLP,4,0.25,1.0,crp_dataset_8_1_3.csv|crp_dataset_8_1_1.csv|crp_dataset_8_1_5.csv|crp_dataset_8_1_6.csv,crp_dataset_8_1_2.csv,0.6259476542472839,0.6842105263037859,0.3277310924342207,39,18,80,119,0.039453125,0.01019736842105263,0.02925575657894737
MLP,4,0.25,1.0,crp_dataset_8_1_3.csv|crp_dataset_8_1_1.csv|crp_dataset_8_1_5.csv|crp_dataset_8_1_6.csv,crp_dataset_8_1_4.csv,0.6259476542472839,0.8214285714187924,0.5267175572478877,69,15,62,110,0.023046875,0.008854166666666666,0.014192708333333335
MLP,4,0.25,1.0,crp_dataset_8_1_3.csv|crp_dataset_8_1_1.csv|crp_dataset_8_1_5.csv|crp_dataset_8_1_6.csv,crp_dataset_8_1_8.csv,0.6259476542472839,0.679245283006052,0.260869565215501,36,17,102,101,0.0283203125,0.022641509433962266,0.005678803066037734
MLP,4,0.25,1.0,crp_dataset_8_1_3.csv|crp_dataset_8_1_1.csv|crp_dataset_8_1_5.csv|crp_dataset_8_1_6.csv,crp_dataset_8_1_7.csv,0.6259476542472839,0.9215686274419453,0.42727272727078514,94,8,126,28,0.0095703125,0.002634803921568628,0.006935508578431372
MLP,4,0.25,1.0,crp_dataset_8_1_3.csv|crp_dataset_8_1_1.csv|crp_dataset_8_1_4.csv|crp_dataset_8_1_8.csv,crp_dataset_8_1_2.csv,0.6471565961837769,0.8333333331944445,0.04201680672233599,5,1,114,136,0.039453125,0.0020833333333333333,0.037369791666666666
MLP,4,0.25,1.0,crp_dataset_8_1_3.csv|crp_dataset_8_1_1.csv|crp_dataset_8_1_4.csv|crp_dataset_8_1_8.csv,crp_dataset_8_1_5.csv,0.6471565961837769,0.99999999975,0.0399999999996,4,0,96,156,0.039282226562499994,0.0,0.039282226562499994
MLP,4,0.25,1.0,crp_dataset_8_1_3.csv|crp_dataset_8_1_1.csv|crp_dataset_8_1_4.csv|crp_dataset_8_1_8.csv,crp_dataset_8_1_7.csv,0.6471565961837769,0.9999999995,0.00909090909086777,2,0,218,36,0.0095703125,0.003125,0.0064453125000000005
MLP,4,0.25,1.0,crp_dataset_8_1_3.csv|crp_dataset_8_1_1.csv|crp_dataset_8_1_4.csv|crp_dataset_8_1_8.csv,crp_dataset_8_1_6.csv,0.6471565961837769,0.9090909090082645,0.07142857142806124,10,1,130,115,0.026928710937499996,0.0011363636363636365,0.02579234730113636
MLP,4,0.25,1.0,crp_dataset_8_1_3.csv|crp_dataset_8_1_1.csv|crp_dataset_8_1_4.csv|crp_dataset_8_1_7.csv,crp_dataset_8_1_2.csv,0.6004028916358948,0.7209302325497566,0.5210084033569663,62,24,57,113,0.039453125,0.016642441860465117,0.022810683139534882
MLP,4,0.25,1.0,crp_dataset_8_1_3.csv|crp_dataset_8_1_1.csv|crp_dataset_8_1_4.csv|crp_dataset_8_1_7.csv,crp_dataset_8_1_5.csv,0.6004028916358948,0.7325581395263656,0.6299999999936999,63,23,37,133,0.039282226562499994,0.013008720930232559,0.026273505632267435
MLP,4,0.25,1.0,crp_dataset_8_1_3.csv|crp_dataset_8_1_1.csv|crp_dataset_8_1_4.csv|crp_dataset_8_1_7.csv,crp_dataset_8_1_8.csv,0.6004028916358948,0.6969696969591368,0.3333333333309179,46,20,92,98,0.0283203125,0.014678030303030304,0.013642282196969696
MLP,4,0.25,1.0,crp_dataset_8_1_3.csv|crp_dataset_8_1_1.csv|crp_dataset_8_1_4.csv|crp_dataset_8_1_7.csv,crp_dataset_8_1_6.csv,0.6004028916358948,0.8441558441448811,0.464285714282398,65,12,75,104,0.026928710937499996,0.008766233766233767,0.018162477171266227
MLP,4,0.25,1.0,crp_dataset_8_1_3.csv|crp_dataset_8_1_1.csv|crp_dataset_8_1_4.csv|crp_dataset_8_1_6.csv,crp_dataset_8_1_2.csv,0.6207133531570435,0.7439024390153183,0.5126050420124991,61,21,58,116,0.039453125,0.014329268292682927,0.025123856707317073
MLP,4,0.25,1.0,crp_dataset_8_1_3.csv|crp_dataset_8_1_1.csv|crp_dataset_8_1_4.csv|crp_dataset_8_1_6.csv,crp_dataset_8_1_5.csv,0.6207133531570435,0.5660377358437166,0.599999999994,60,46,40,110,0.039282226562499994,0.026709905660377356,0.012572320902122638
MLP,4,0.25,1.0,crp_dataset_8_1_3.csv|crp_dataset_8_1_1.csv|crp_dataset_8_1_4.csv|crp_dataset_8_1_6.csv,crp_dataset_8_1_8.csv,0.6207133531570435,0.5348837209240129,0.3333333333309179,46,40,92,78,0.0283203125,0.028633720930232563,-0.0003134084302325625
MLP,4,0.25,1.0,crp_dataset_8_1_3.csv|crp_dataset_8_1_1.csv|crp_dataset_8_1_4.csv|crp_dataset_8_1_6.csv,crp_dataset_8_1_7.csv,0.6207133531570435,0.9320388349424074,0.43636363636165293,96,7,124,29,0.0095703125,0.0023058252427184465,0.007264487257281554
MLP,4,0.25,1.0,crp_dataset_8_1_3.csv|crp_dataset_8_1_1.csv|crp_dataset_8_1_8.csv|crp_dataset_8_1_7.csv,crp_dataset_8_1_2.csv,0.6083760857582092,0.5763888888848863,0.6974789915907774,83,61,36,76,0.039453125,0.029210069444444445,0.010243055555555554
MLP,4,0.25,1.0,crp_dataset_8_1_3.csv|crp_dataset_8_1_1.csv|crp_dataset_8_1_8.csv|crp_dataset_8_1_7.csv,crp_dataset_8_1_5.csv,0.6083760857582092,0.5748031496017731,0.7299999999926999,73,54,27,102,0.039282226562499994,0.02312992125984252,0.016152305302657474
MLP,4,0.25,1.0,crp_dataset_8_1_3.csv|crp_dataset_8_1_1.csv|crp_dataset_8_1_8.csv|crp_dataset_8_1_7.csv,crp_dataset_8_1_4.csv,0.6083760857582092,0.6571428571381633,0.7022900763305169,92,48,39,77,0.023046875,0.016874999999999998,0.006171875000000004
MLP,4,0.25,1.0,crp_dataset_8_1_3.csv|crp_dataset_8_1_1.csv|crp_dataset_8_1_8.csv|crp_dataset_8_1_7.csv,crp_dataset_8_1_6.csv,0.6083760857582092,0.6275862068922236,0.6499999999953572,91,54,49,62,0.026928710937499996,0.021508620689655176,0.00542009024784482
MLP,4,0.25,1.0,crp_dataset_8_1_3.csv|crp_dataset_8_1_1.csv|crp_dataset_8_1_8.csv|crp_dataset_8_1_6.csv,crp_dataset_8_1_2.csv,0.6324667930603027,0.6666666666570048,0.3865546218454911,46,23,73,114,0.039453125,0.017753623188405798,0.0216995018115942
MLP,4,0.25,1.0,crp_dataset_8_1_3.csv|crp_dataset_8_1_1.csv|crp_dataset_8_1_8.csv|crp_dataset_8_1_6.csv,crp_dataset_8_1_5.csv,0.6324667930603027,0.48214285713855226,0.5399999999946,54,58,46,98,0.039282226562499994,0.03482142857142857,0.004460797991071422
MLP,4,0.25,1.0,crp_dataset_8_1_3.csv|crp_dataset_8_1_1.csv|crp_dataset_8_1_8.csv|crp_dataset_8_1_6.csv,crp_dataset_8_1_4.csv,0.6324667930603027,0.7199999999928,0.5496183206064915,72,28,59,97,0.023046875,0.012124999999999999,0.010921875000000003
MLP,4,0.25,1.0,crp_dataset_8_1_3.csv|crp_dataset_8_1_1.csv|crp_dataset_8_1_8.csv|crp_dataset_8_1_6.csv,crp_dataset_8_1_7.csv,0.6324667930603027,0.9102564102447402,0.3227272727258058,71,7,149,29,0.0095703125,0.004407051282051282,0.005163261217948719
MLP,4,0.25,1.0,crp_dataset_8_1_3.csv|crp_dataset_8_1_1.csv|crp_dataset_8_1_7.csv|crp_dataset_8_1_6.csv,crp_dataset_8_1_2.csv,0.6134410500526428,0.7403846153774962,0.6470588235239743,77,27,42,110,0.039453125,0.014783653846153847,0.02466947115384615
MLP,4,0.25,1.0,crp_dataset_8_1_3.csv|crp_dataset_8_1_1.csv|crp_dataset_8_1_7.csv|crp_dataset_8_1_6.csv,crp_dataset_8_1_5.csv,0.6134410500526428,0.663461538455159,0.6899999999931,69,35,31,121,0.039282226562499994,0.017548076923076923,0.02173414963942307
MLP,4,0.25,1.0,crp_dataset_8_1_3.csv|crp_dataset_8_1_1.csv|crp_dataset_8_1_7.csv|crp_dataset_8_1_6.csv,crp_dataset_8_1_4.csv,0.6134410500526428,0.7522123893738742,0.648854961827108,85,28,46,97,0.023046875,0.0103429203539823,0.012703954646017701
MLP,4,0.25,1.0,crp_dataset_8_1_3.csv|crp_dataset_8_1_1.csv|crp_dataset_8_1_7.csv|crp_dataset_8_1_6.csv,crp_dataset_8_1_8.csv,0.6134410500526428,0.6249999999934895,0.4347826086925016,60,36,78,82,0.0283203125,0.026171874999999997,0.0021484375000000028
MLP,4,0.25,1.0,crp_dataset_8_1_3.csv|crp_dataset_8_1_5.csv|crp_dataset_8_1_4.csv|crp_dataset_8_1_8.csv,crp_dataset_8_1_2.csv,0.6175999045372009,0.89999999991,0.07563025210020478,9,1,110,136,0.039453125,0.00125,0.038203125
MLP,4,0.25,1.0,crp_dataset_8_1_3.csv|crp_dataset_8_1_5.csv|crp_dataset_8_1_4.csv|crp_dataset_8_1_8.csv,crp_dataset_8_1_1.csv,0.6175999045372009,0.8333333331944445,0.03968253968222474,5,1,121,129,0.0252685546875,0.0020833333333333333,0.023185221354166667
MLP,4,0.25,1.0,crp_dataset_8_1_3.csv|crp_dataset_8_1_5.csv|crp_dataset_8_1_4.csv|crp_dataset_8_1_8.csv,crp_dataset_8_1_7.csv,0.6175999045372009,0.9767441860237968,0.19090909090822314,42,1,178,35,0.0095703125,0.002180232558139535,0.007390079941860465
MLP,4,0.25,1.0,crp_dataset_8_1_3.csv|crp_dataset_8_1_5.csv|crp_dataset_8_1_4.csv|crp_dataset_8_1_8.csv,crp_dataset_8_1_6.csv,0.6175999045372009,0.89999999991,0.0642857142852551,9,1,131,115,0.026928710937499996,0.0125,0.014428710937499995
MLP,4,0.25,1.0,crp_dataset_8_1_3.csv|crp_dataset_8_1_5.csv|crp_dataset_8_1_4.csv|crp_dataset_8_1_7.csv,crp_dataset_8_1_2.csv,0.6081063151359558,0.6266666666583111,0.39495798318995834,47,28,72,109,0.039453125,0.026083333333333333,0.013369791666666665
MLP,4,0.25,1.0,crp_dataset_8_1_3.csv|crp_dataset_8_1_5.csv|crp_dataset_8_1_4.csv|crp_dataset_8_1_7.csv,crp_dataset_8_1_1.csv,0.6081063151359558,0.6461538461439053,0.3333333333306878,42,23,84,107,0.0252685546875,0.01798076923076923,0.007287785456730769
MLP,4,0.25,1.0,crp_dataset_8_1_3.csv|crp_dataset_8_1_5.csv|crp_dataset_8_1_4.csv|crp_dataset_8_1_7.csv,crp_dataset_8_1_8.csv,0.6081063151359558,0.6769230769126627,0.3188405797078345,44,21,94,97,0.0283203125,0.01653846153846154,0.01178185096153846
MLP,4,0.25,1.0,crp_dataset_8_1_3.csv|crp_dataset_8_1_5.csv|crp_dataset_8_1_4.csv|crp_dataset_8_1_7.csv,crp_dataset_8_1_6.csv,0.6081063151359558,0.7441860465029746,0.45714285713959185,64,22,76,94,0.026928710937499996,0.013008720930232557,0.013919990007267439
MLP,4,0.25,1.0,crp_dataset_8_1_3.csv|crp_dataset_8_1_5.csv|crp_dataset_8_1_4.csv|crp_dataset_8_1_6.csv,crp_dataset_8_1_2.csv,0.6482908725738525,0.7441860464943213,0.2689075630229503,32,11,87,126,0.039453125,0.012790697674418606,0.02666242732558139
MLP,4,0.25,1.0,crp_dataset_8_1_3.csv|crp_dataset_8_1_5.csv|crp_dataset_8_1_4.csv|crp_dataset_8_1_6.csv,crp_dataset_8_1_1.csv,0.6482908725738525,0.7619047618866214,0.25396825396623834,32,10,94,120,0.0252685546875,0.011011904761904763,0.014256649925595237
MLP,4,0.25,1.0,crp_dataset_8_1_3.csv|crp_dataset_8_1_5.csv|crp_dataset_8_1_4.csv|crp_dataset_8_1_6.csv,crp_dataset_8_1_8.csv,0.6482908725738525,0.6896551723900118,0.14492753623083388,20,9,118,109,0.0283203125,0.01875,0.0095703125
MLP,4,0.25,1.0,crp_dataset_8_1_3.csv|crp_dataset_8_1_5.csv|crp_dataset_8_1_4.csv|crp_dataset_8_1_6.csv,crp_dataset_8_1_7.csv,0.6482908725738525,0.9583333333133681,0.2090909090899587,46,2,174,34,0.0095703125,0.0013020833333333333,0.008268229166666667
MLP,4,0.25,1.0,crp_dataset_8_1_3.csv|crp_dataset_8_1_5.csv|crp_dataset_8_1_8.csv|crp_dataset_8_1_7.csv,crp_dataset_8_1_2.csv,0.6015901565551758,0.5955882352897384,0.6806722689018431,81,55,38,82,0.039453125,0.02807904411764706,0.011374080882352939
MLP,4,0.25,1.0,crp_dataset_8_1_3.csv|crp_dataset_8_1_5.csv|crp_dataset_8_1_8.csv|crp_dataset_8_1_7.csv,crp_dataset_8_1_1.csv,0.6015901565551758,0.6999999999936364,0.611111111106261,77,33,49,97,0.0252685546875,0.01539772727272727,0.00987082741477273
MLP,4,0.25,1.0,crp_dataset_8_1_3.csv|crp_dataset_8_1_5.csv|crp_dataset_8_1_8.csv|crp_dataset_8_1_7.csv,crp_dataset_8_1_4.csv,0.6015901565551758,0.6758620689608562,0.7480916030477246,98,47,33,78,0.023046875,0.014913793103448276,0.008133081896551726
MLP,4,0.25,1.0,crp_dataset_8_1_3.csv|crp_dataset_8_1_5.csv|crp_dataset_8_1_8.csv|crp_dataset_8_1_7.csv,crp_dataset_8_1_6.csv,0.6015901565551758,0.5890410958863764,0.6142857142813266,86,60,54,56,0.026928710937499996,0.023330479452054794,0.0035982314854452017
MLP,4,0.25,1.0,crp_dataset_8_1_3.csv|crp_dataset_8_1_5.csv|crp_dataset_8_1_8.csv|crp_dataset_8_1_6.csv,crp_dataset_8_1_2.csv,0.6005489230155945,0.6237623762314479,0.5294117647014335,63,38,56,99,0.039453125,0.024257425742574258,0.01519569925742574
MLP,4,0.25,1.0,crp_dataset_8_1_3.csv|crp_dataset_8_1_5.csv|crp_dataset_8_1_8.csv|crp_dataset_8_1_6.csv,crp_dataset_8_1_1.csv,0.6005489230155945,0.6199999999938,0.49206349205958677,62,38,64,92,0.0252685546875,0.0185625,0.006706054687500001
MLP,4,0.25,1.0,crp_dataset_8_1_3.csv|crp_dataset_8_1_5.csv|crp_dataset_8_1_8.csv|crp_dataset_8_1_6.csv,crp_dataset_8_1_4.csv,0.6005489230155945,0.7395833333256293,0.5419847328202902,71,25,60,100,0.023046875,0.010677083333333332,0.01236979166666667
MLP,4,0.25,1.0,crp_dataset_8_1_3.csv|crp_dataset_8_1_5.csv|crp_dataset_8_1_8.csv|crp_dataset_8_1_6.csv,crp_dataset_8_1_7.csv,0.6005489230155945,0.8928571428507653,0.5681818181792355,125,15,95,21,0.0095703125,0.006562500000000001,0.0030078125
MLP,4,0.25,1.0,crp_dataset_8_1_3.csv|crp_dataset_8_1_5.csv|crp_dataset_8_1_7.csv|crp_dataset_8_1_6.csv,crp_dataset_8_1_2.csv,0.6272899508476257,0.7179487179425816,0.7058823529352447,84,33,35,104,0.039453125,0.01581196581196581,0.023641159188034187
MLP,4,0.25,1.0,crp_dataset_8_1_3.csv|crp_dataset_8_1_5.csv|crp_dataset_8_1_7.csv|crp_dataset_8_1_6.csv,crp_dataset_8_1_1.csv,0.6272899508476257,0.7261904761818311,0.4841269841231418,61,23,65,107,0.0252685546875,0.010416666666666668,0.014851888020833332
MLP,4,0.25,1.0,crp_dataset_8_1_3.csv|crp_dataset_8_1_5.csv|crp_dataset_8_1_7.csv|crp_dataset_8_1_6.csv,crp_dataset_8_1_4.csv,0.6272899508476257,0.7878787878728192,0.7938931297649322,104,28,27,97,0.023046875,0.009706439393939394,0.013340435606060607
MLP,4,0.25,1.0,crp_dataset_8_1_3.csv|crp_dataset_8_1_5.csv|crp_dataset_8_1_7.csv|crp_dataset_8_1_6.csv,crp_dataset_8_1_8.csv,0.6272899508476257,0.634408602143716,0.4275362318809599,59,34,79,84,0.0283203125,0.019623655913978494,0.008696656586021506
MLP,4,0.25,1.0,crp_dataset_8_1_3.csv|crp_dataset_8_1_4.csv|crp_dataset_8_1_8.csv|crp_dataset_8_1_7.csv,crp_dataset_8_1_2.csv,0.6201030611991882,0.5099009900964857,0.8655462184801215,103,99,16,38,0.039453125,0.037685643564356434,0.0017674814356435642
MLP,4,0.25,1.0,crp_dataset_8_1_3.csv|crp_dataset_8_1_4.csv|crp_dataset_8_1_8.csv|crp_dataset_8_1_7.csv,crp_dataset_8_1_1.csv,0.6201030611991882,0.4846938775485475,0.7539682539622701,95,101,31,29,0.0252685546875,0.02452168367346939,0.0007468710140306097
MLP,4,0.25,1.0,crp_dataset_8_1_3.csv|crp_dataset_8_1_4.csv|crp_dataset_8_1_8.csv|crp_dataset_8_1_7.csv,crp_dataset_8_1_5.csv,0.6201030611991882,0.4285714285693174,0.8699999999913,87,116,13,40,0.039282226562499994,0.03666871921182266,0.0026135073506773354
MLP,4,0.25,1.0,crp_dataset_8_1_3.csv|crp_dataset_8_1_4.csv|crp_dataset_8_1_8.csv|crp_dataset_8_1_7.csv,crp_dataset_8_1_6.csv,0.6201030611991882,0.5956284152972917,0.7785714285658674,109,74,31,42,0.026928710937499996,0.022882513661202187,0.004046197276297809
MLP,4,0.25,1.0,crp_dataset_8_1_3.csv|crp_dataset_8_1_4.csv|crp_dataset_8_1_8.csv|crp_dataset_8_1_6.csv,crp_dataset_8_1_2.csv,0.6043888926506042,0.5862068965476813,0.7142857142797119,85,60,34,77,0.039453125,0.027112068965517242,0.012341056034482756
MLP,4,0.25,1.0,crp_dataset_8_1_3.csv|crp_dataset_8_1_4.csv|crp_dataset_8_1_8.csv|crp_dataset_8_1_6.csv,crp_dataset_8_1_1.csv,0.6043888926506042,0.5058823529382007,0.6825396825342656,86,84,40,46,0.0252685546875,0.02356617647058824,0.0017023782169117603
MLP,4,0.25,1.0,crp_dataset_8_1_3.csv|crp_dataset_8_1_4.csv|crp_dataset_8_1_8.csv|crp_dataset_8_1_6.csv,crp_dataset_8_1_5.csv,0.6043888926506042,0.41706161137243103,0.8799999999911999,88,123,12,33,0.039282226562499994,0.03838862559241707,0.000893600970082925
MLP,4,0.25,1.0,crp_dataset_8_1_3.csv|crp_dataset_8_1_4.csv|crp_dataset_8_1_8.csv|crp_dataset_8_1_6.csv,crp_dataset_8_1_7.csv,0.6043888926506042,0.8944099378826434,0.6545454545424794,144,17,76,19,0.0095703125,0.00516304347826087,0.004407269021739131
MLP,4,0.25,1.0,crp_dataset_8_1_3.csv|crp_dataset_8_1_4.csv|crp_dataset_8_1_7.csv|crp_dataset_8_1_6.csv,crp_dataset_8_1_2.csv,0.6011772155761719,0.7264150943327696,0.6470588235239743,77,29,42,108,0.039453125,0.012441037735849057,0.02701208726415094
MLP,4,0.25,1.0,crp_dataset_8_1_3.csv|crp_dataset_8_1_4.csv|crp_dataset_8_1_7.csv|crp_dataset_8_1_6.csv,crp_dataset_8_1_1.csv,0.6011772155761719,0.7624999999904687,0.4841269841231418,61,19,65,111,0.0252685546875,0.00796875,0.0172998046875
MLP,4,0.25,1.0,crp_dataset_8_1_3.csv|crp_dataset_8_1_4.csv|crp_dataset_8_1_7.csv|crp_dataset_8_1_6.csv,crp_dataset_8_1_5.csv,0.6011772155761719,0.6697247706360575,0.7299999999926999,73,36,27,120,0.039282226562499994,0.017373853211009174,0.02190837335149082
MLP,4,0.25,1.0,crp_dataset_8_1_3.csv|crp_dataset_8_1_4.csv|crp_dataset_8_1_7.csv|crp_dataset_8_1_6.csv,crp_dataset_8_1_8.csv,0.6011772155761719,0.5699999999943,0.4130434782578765,57,43,81,75,0.0283203125,0.026500000000000003,0.0018203124999999973
MLP,4,0.25,1.0,crp_dataset_8_1_3.csv|crp_dataset_8_1_8.csv|crp_dataset_8_1_7.csv|crp_dataset_8_1_6.csv,crp_dataset_8_1_2.csv,0.6039672493934631,0.5499999999969445,0.8319327731022527,99,81,20,56,0.039453125,0.027152777777777783,0.012300347222222216
MLP,4,0.25,1.0,crp_dataset_8_1_3.csv|crp_dataset_8_1_8.csv|crp_dataset_8_1_7.csv|crp_dataset_8_1_6.csv,crp_dataset_8_1_1.csv,0.6039672493934631,0.49999999999705885,0.6746031745978206,85,85,41,45,0.0252685546875,0.02411764705882353,0.0011509076286764716
MLP,4,0.25,1.0,crp_dataset_8_1_3.csv|crp_dataset_8_1_8.csv|crp_dataset_8_1_7.csv|crp_dataset_8_1_6.csv,crp_dataset_8_1_5.csv,0.6039672493934631,0.41706161137243103,0.8799999999911999,88,123,12,33,0.039282226562499994,0.03752962085308057,0.0017526057094194233
MLP,4,0.25,1.0,crp_dataset_8_1_3.csv|crp_dataset_8_1_8.csv|crp_dataset_8_1_7.csv|crp_dataset_8_1_6.csv,crp_dataset_8_1_4.csv,0.6039672493934631,0.6142131979664254,0.9236641221303538,121,76,10,49,0.023046875,0.01751269035532995,0.005534184644670051
MLP,4,0.25,1.0,crp_dataset_8_1_1.csv|crp_dataset_8_1_5.csv|crp_dataset_8_1_4.csv|crp_dataset_8_1_8.csv,crp_dataset_8_1_2.csv,0.6094000935554504,0.6666666666419753,0.15126050420040957,18,9,101,128,0.039453125,0.02638888888888889,0.01306423611111111
MLP,4,0.25,1.0,crp_dataset_8_1_1.csv|crp_dataset_8_1_5.csv|crp_dataset_8_1_4.csv|crp_dataset_8_1_8.csv,crp_dataset_8_1_3.csv,0.6094000935554504,0.913043478221172,0.12138728323629257,21,2,152,81,0.0196044921875,0.006793478260869565,0.012811013926630435
MLP,4,0.25,1.0,crp_dataset_8_1_1.csv|crp_dataset_8_1_5.csv|crp_dataset_8_1_4.csv|crp_dataset_8_1_8.csv,crp_dataset_8_1_7.csv,0.6094000935554504,0.8955223880463354,0.2727272727260331,60,7,160,29,0.0095703125,0.008022388059701492,0.0015479244402985086
MLP,4,0.25,1.0,crp_dataset_8_1_1.csv|crp_dataset_8_1_5.csv|crp_dataset_8_1_4.csv|crp_dataset_8_1_8.csv,crp_dataset_8_1_6.csv,0.6094000935554504,0.6399999999744,0.11428571428489796,16,9,124,107,0.026928710937499996,0.017,0.009928710937499995
MLP,4,0.25,1.0,crp_dataset_8_1_1.csv|crp_dataset_8_1_5.csv|crp_dataset_8_1_4.csv|crp_dataset_8_1_7.csv,crp_dataset_8_1_2.csv,0.6013146638870239,0.7894736841897507,0.252100840334016,30,8,89,129,0.039453125,0.014967105263157891,0.024486019736842106
MLP,4,0.25,1.0,crp_dataset_8_1_1.csv|crp_dataset_8_1_5.csv|crp_dataset_8_1_4.csv|crp_dataset_8_1_7.csv,crp_dataset_8_1_3.csv,0.6013146638870239,0.8148148147997257,0.2543352601141368,44,10,129,73,0.0196044921875,0.01064814814814815,0.00895634403935185
MLP,4,0.25,1.0,crp_dataset_8_1_1.csv|crp_dataset_8_1_5.csv|crp_dataset_8_1_4.csv|crp_dataset_8_1_7.csv,crp_dataset_8_1_8.csv,0.6013146638870239,0.6666666666444444,0.14492753623083388,20,10,118,108,0.0283203125,0.015625,0.0126953125
MLP,4,0.25,1.0,crp_dataset_8_1_1.csv|crp_dataset_8_1_5.csv|crp_dataset_8_1_4.csv|crp_dataset_8_1_7.csv,crp_dataset_8_1_6.csv,0.6013146638870239,0.7435897435706772,0.20714285714137756,29,10,111,106,0.026928710937499996,0.016025641025641024,0.010903069911858972
MLP,4,0.25,1.0,crp_dataset_8_1_1.csv|crp_dataset_8_1_5.csv|crp_dataset_8_1_4.csv|crp_dataset_8_1_6.csv,crp_dataset_8_1_2.csv,0.6082326173782349,0.7837837837626005,0.24369747898954874,29,8,90,129,0.039453125,0.008108108108108109,0.03134501689189189
MLP,4,0.25,1.0,crp_dataset_8_1_1.csv|crp_dataset_8_1_5.csv|crp_dataset_8_1_4.csv|crp_dataset_8_1_6.csv,crp_dataset_8_1_3.csv,0.6082326173782349,0.8867924528134568,0.2716763005764643,47,6,126,77,0.0196044921875,0.00884433962264151,0.01076015256485849
MLP,4,0.25,1.0,crp_dataset_8_1_1.csv|crp_dataset_8_1_5.csv|crp_dataset_8_1_4.csv|crp_dataset_8_1_6.csv,crp_dataset_8_1_8.csv,0.6082326173782349,0.49999999997727274,0.07971014492695863,11,11,127,107,0.0283203125,0.02159090909090909,0.006729403409090909
MLP,4,0.25,1.0,crp_dataset_8_1_1.csv|crp_dataset_8_1_5.csv|crp_dataset_8_1_4.csv|crp_dataset_8_1_6.csv,crp_dataset_8_1_7.csv,0.6082326173782349,0.9836065573609245,0.2727272727260331,60,1,160,35,0.0095703125,0.0007172131147540983,0.008853099385245903
MLP,4,0.25,1.0,crp_dataset_8_1_1.csv|crp_dataset_8_1_5.csv|crp_dataset_8_1_8.csv|crp_dataset_8_1_7.csv,crp_dataset_8_1_2.csv,0.6086962223052979,0.539473684203428,0.3445378151231551,41,35,78,102,0.039453125,0.03388157894736842,0.005571546052631576
MLP,4,0.25,1.0,crp_dataset_8_1_1.csv|crp_dataset_8_1_5.csv|crp_dataset_8_1_8.csv|crp_dataset_8_1_7.csv,crp_dataset_8_1_3.csv,0.6086962223052979,0.8072289156529249,0.38728323699198103,67,16,106,67,0.0196044921875,0.012575301204819278,0.007029190982680721
MLP,4,0.25,1.0,crp_dataset_8_1_1.csv|crp_dataset_8_1_5.csv|crp_dataset_8_1_8.csv|crp_dataset_8_1_7.csv,crp_dataset_8_1_4.csv,0.6086962223052979,0.557142857134898,0.29770992366184956,39,31,92,94,0.023046875,0.022946428571428572,0.00010044642857142891
MLP,4,0.25,1.0,crp_dataset_8_1_1.csv|crp_dataset_8_1_5.csv|crp_dataset_8_1_8.csv|crp_dataset_8_1_7.csv,crp_dataset_8_1_6.csv,0.6086962223052979,0.49074074073619683,0.3785714285687245,53,55,87,61,0.026928710937499996,0.03125,-0.004321289062500004
MLP,4,0.25,1.0,crp_dataset_8_1_1.csv|crp_dataset_8_1_5.csv|crp_dataset_8_1_8.csv|crp_dataset_8_1_6.csv,crp_dataset_8_1_2.csv,0.6200018525123596,0.59999999988,0.025210084033401595,3,2,116,135,0.039453125,0.0075000000000000015,0.031953125
MLP,4,0.25,1.0,crp_dataset_8_1_1.csv|crp_dataset_8_1_5.csv|crp_dataset_8_1_8.csv|crp_dataset_8_1_6.csv,crp_dataset_8_1_3.csv,0.6200018525123596,0.9999999996666666,0.017341040462327508,3,0,170,83,0.0196044921875,0.0,0.0196044921875
MLP,4,0.25,1.0,crp_dataset_8_1_1.csv|crp_dataset_8_1_5.csv|crp_dataset_8_1_8.csv|crp_dataset_8_1_6.csv,crp_dataset_8_1_4.csv,0.6200018525123596,0.9999999996666666,0.022900763358603814,3,0,128,125,0.023046875,0.0,0.023046875
MLP,4,0.25,1.0,crp_dataset_8_1_1.csv|crp_dataset_8_1_5.csv|crp_dataset_8_1_8.csv|crp_dataset_8_1_6.csv,crp_dataset_8_1_7.csv,0.6200018525123596,0.8888888887901234,0.03636363636347108,8,1,212,35,0.0095703125,0.002777777777777778,0.006792534722222222
MLP,4,0.25,1.0,crp_dataset_8_1_1.csv|crp_dataset_8_1_5.csv|crp_dataset_8_1_7.csv|crp_dataset_8_1_6.csv,crp_dataset_8_1_2.csv,0.6009320020675659,0.7333333333211112,0.3697478991565567,44,16,75,121,0.039453125,0.0125,0.026953124999999998
MLP,4,0.25,1.0,crp_dataset_8_1_1.csv|crp_dataset_8_1_5.csv|crp_dataset_8_1_7.csv|crp_dataset_8_1_6.csv,crp_dataset_8_1_3.csv,0.6009320020675659,0.9245283018693485,0.283236994218016,49,4,124,79,0.0196044921875,0.00554245283018868,0.01406203935731132
MLP,4,0.25,1.0,crp_dataset_8_1_1.csv|crp_dataset_8_1_5.csv|crp_dataset_8_1_7.csv|crp_dataset_8_1_6.csv,crp_dataset_8_1_4.csv,0.6009320020675659,0.7857142857002551,0.3358778625928559,44,12,87,113,0.023046875,0.006473214285714286,0.016573660714285714
MLP,4,0.25,1.0,crp_dataset_8_1_1.csv|crp_dataset_8_1_5.csv|crp_dataset_8_1_7.csv|crp_dataset_8_1_6.csv,crp_dataset_8_1_8.csv,0.6009320020675659,0.5999999999866668,0.19565217391162573,27,18,111,100,0.0283203125,0.0225,0.005820312500000001
MLP,4,0.25,1.0,crp_dataset_8_1_1.csv|crp_dataset_8_1_4.csv|crp_dataset_8_1_8.csv|crp_dataset_8_1_7.csv,crp_dataset_8_1_2.csv,0.6362106800079346,0.5647058823462976,0.4033613445344255,48,37,71,100,0.039453125,0.03316176470588235,0.00629136029411765
MLP,4,0.25,1.0,crp_dataset_8_1_1.csv|crp_dataset_8_1_4.csv|crp_dataset_8_1_8.csv|crp_dataset_8_1_7.csv,crp_dataset_8_1_3.csv,0.6362106800079346,0.7904761904686621,0.47976878612439444,83,22,90,61,0.0196044921875,0.011488095238095238,0.008116396949404761
MLP,4,0.25,1.0,crp_dataset_8_1_1.csv|crp_dataset_8_1_4.csv|crp_dataset_8_1_8.csv|crp_dataset_8_1_7.csv,crp_dataset_8_1_5.csv,0.6362106800079346,0.49367088606970033,0.38999999999609997,39,40,61,116,0.039282226562499994,0.02903481012658228,0.010247416435917714
MLP,4,0.25,1.0,crp_dataset_8_1_1.csv|crp_dataset_8_1_4.csv|crp_dataset_8_1_8.csv|crp_dataset_8_1_7.csv,crp_dataset_8_1_6.csv,0.6362106800079346,0.58823529411188,0.4285714285683674,60,42,80,74,0.026928710937499996,0.024142156862745092,0.0027865540747549038
MLP,4,0.25,1.0,crp_dataset_8_1_1.csv|crp_dataset_8_1_4.csv|crp_dataset_8_1_8.csv|crp_dataset_8_1_6.csv,crp_dataset_8_1_2.csv,0.6060497760772705,0.6326530612115786,0.26050420167848315,31,18,88,119,0.039453125,0.021683673469387755,0.017769451530612244
MLP,4,0.25,1.0,crp_dataset_8_1_1.csv|crp_dataset_8_1_4.csv|crp_dataset_8_1_8.csv|crp_dataset_8_1_6.csv,crp_dataset_8_1_3.csv,0.6060497760772705,0.8571428571253645,0.24277456647258513,42,7,131,76,0.0196044921875,0.0068877551020408165,0.012716737085459184
MLP,4,0.25,1.0,crp_dataset_8_1_1.csv|crp_dataset_8_1_4.csv|crp_dataset_8_1_8.csv|crp_dataset_8_1_6.csv,crp_dataset_8_1_5.csv,0.6060497760772705,0.5483870967653486,0.33999999999659997,34,28,66,128,0.039282226562499994,0.02752016129032258,0.011762065272177415
MLP,4,0.25,1.0,crp_dataset_8_1_1.csv|crp_dataset_8_1_4.csv|crp_dataset_8_1_8.csv|crp_dataset_8_1_6.csv,crp_dataset_8_1_7.csv,0.6060497760772705,0.9523809523582767,0.18181818181735537,40,2,180,34,0.0095703125,0.001636904761904762,0.00793340773809524
MLP,4,0.25,1.0,crp_dataset_8_1_1.csv|crp_dataset_8_1_4.csv|crp_dataset_8_1_7.csv|crp_dataset_8_1_6.csv,crp_dataset_8_1_2.csv,0.6068917512893677,0.7169811320687077,0.6386554621795071,76,30,43,107,0.039453125,0.013148584905660378,0.02630454009433962
MLP,4,0.25,1.0,crp_dataset_8_1_1.csv|crp_dataset_8_1_4.csv|crp_dataset_8_1_7.csv|crp_dataset_8_1_6.csv,crp_dataset_8_1_3.csv,0.6068917512893677,0.897435897428227,0.6069364161814629,105,12,68,71,0.0196044921875,0.0057158119658119655,0.013888680221688033
MLP,4,0.25,1.0,crp_dataset_8_1_1.csv|crp_dataset_8_1_4.csv|crp_dataset_8_1_7.csv|crp_dataset_8_1_6.csv,crp_dataset_8_1_5.csv,0.6068917512893677,0.4785714285680102,0.6699999999933,67,73,33,83,0.039282226562499994,0.030892857142857146,0.008389369419642849
MLP,4,0.25,1.0,crp_dataset_8_1_1.csv|crp_dataset_8_1_4.csv|crp_dataset_8_1_7.csv|crp_dataset_8_1_6.csv,crp_dataset_8_1_8.csv,0.6068917512893677,0.5585585585535264,0.449275362315585,62,49,76,69,0.0283203125,0.030236486486486486,-0.0019161739864864864
MLP,4,0.25,1.0,crp_dataset_8_1_1.csv|crp_dataset_8_1_8.csv|crp_dataset_8_1_7.csv|crp_dataset_8_1_6.csv,crp_dataset_8_1_2.csv,0.6085163354873657,0.6964285714223533,0.6554621848684414,78,34,41,103,0.039453125,0.020703124999999996,0.018750000000000003
MLP,4,0.25,1.0,crp_dataset_8_1_1.csv|crp_dataset_8_1_8.csv|crp_dataset_8_1_7.csv|crp_dataset_8_1_6.csv,crp_dataset_8_1_3.csv,0.6085163354873657,0.8596491227994767,0.566473988436032,98,16,75,67,0.0196044921875,0.008717105263157896,0.010887386924342103
MLP,4,0.25,1.0,crp_dataset_8_1_1.csv|crp_dataset_8_1_8.csv|crp_dataset_8_1_7.csv|crp_dataset_8_1_6.csv,crp_dataset_8_1_5.csv,0.6085163354873657,0.5865384615328217,0.6099999999939,61,43,39,113,0.039282226562499994,0.024879807692307694,0.0144024188701923
MLP,4,0.25,1.0,crp_dataset_8_1_1.csv|crp_dataset_8_1_8.csv|crp_dataset_8_1_7.csv|crp_dataset_8_1_6.csv,crp_dataset_8_1_4.csv,0.6085163354873657,0.7352941176416523,0.7633587786201271,100,36,31,89,0.023046875,0.011167279411764706,0.011879595588235295
MLP,4,0.25,1.0,crp_dataset_8_1_5.csv|crp_dataset_8_1_4.csv|crp_dataset_8_1_8.csv|crp_dataset_8_1_7.csv,crp_dataset_8_1_2.csv,0.6046501994132996,0.6818181817871901,0.126050420167008,15,7,104,130,0.039453125,0.01278409090909091,0.026669034090909087
MLP,4,0.25,1.0,crp_dataset_8_1_5.csv|crp_dataset_8_1_4.csv|crp_dataset_8_1_8.csv|crp_dataset_8_1_7.csv,crp_dataset_8_1_3.csv,0.6046501994132996,0.848484848459137,0.16184971098172343,28,5,145,78,0.0196044921875,0.006439393939393939,0.01316509824810606
MLP,4,0.25,1.0,crp_dataset_8_1_5.csv|crp_dataset_8_1_4.csv|crp_dataset_8_1_8.csv|crp_dataset_8_1_7.csv,crp_dataset_8_1_1.csv,0.6046501994132996,0.928571428505102,0.10317460317378432,13,1,113,129,0.0252685546875,0.00625,0.0190185546875
MLP,4,0.25,1.0,crp_dataset_8_1_5.csv|crp_dataset_8_1_4.csv|crp_dataset_8_1_8.csv|crp_dataset_8_1_7.csv,crp_dataset_8_1_6.csv,0.6046501994132996,0.5833333333171297,0.14999999999892857,21,15,119,101,0.026928710937499996,0.022916666666666665,0.004012044270833331
MLP,4,0.25,1.0,crp_dataset_8_1_5.csv|crp_dataset_8_1_4.csv|crp_dataset_8_1_8.csv|crp_dataset_8_1_6.csv,crp_dataset_8_1_2.csv,0.6563220620155334,0.690909090896529,0.31932773108975354,38,17,81,120,0.039453125,0.015568181818181816,0.023884943181818184
MLP,4,0.25,1.0,crp_dataset_8_1_5.csv|crp_dataset_8_1_4.csv|crp_dataset_8_1_8.csv|crp_dataset_8_1_6.csv,crp_dataset_8_1_3.csv,0.6563220620155334,0.8730158730020157,0.317919075142671,55,8,118,75,0.0196044921875,0.005555555555555555,0.014048936631944444
MLP,4,0.25,1.0,crp_dataset_8_1_5.csv|crp_dataset_8_1_4.csv|crp_dataset_8_1_8.csv|crp_dataset_8_1_6.csv,crp_dataset_8_1_1.csv,0.6563220620155334,0.8421052631357342,0.25396825396623834,32,6,94,124,0.0252685546875,0.005921052631578947,0.019347502055921055
MLP,4,0.25,1.0,crp_dataset_8_1_5.csv|crp_dataset_8_1_4.csv|crp_dataset_8_1_8.csv|crp_dataset_8_1_6.csv,crp_dataset_8_1_7.csv,0.6563220620155334,0.9380530973368314,0.4818181818159918,106,7,114,29,0.0095703125,0.002488938053097345,0.007081374446902655
MLP,4,0.25,1.0,crp_dataset_8_1_5.csv|crp_dataset_8_1_4.csv|crp_dataset_8_1_7.csv|crp_dataset_8_1_6.csv,crp_dataset_8_1_2.csv,0.6498449444770813,0.8636363636167356,0.31932773108975354,38,6,81,131,0.039453125,0.006960227272727272,0.03249289772727273
MLP,4,0.25,1.0,crp_dataset_8_1_5.csv|crp_dataset_8_1_4.csv|crp_dataset_8_1_7.csv|crp_dataset_8_1_6.csv,crp_dataset_8_1_3.csv,0.6498449444770813,0.9411764705743945,0.36994219652965354,64,4,109,79,0.0196044921875,0.002481617647058824,0.017122874540441174
MLP,4,0.25,1.0,crp_dataset_8_1_5.csv|crp_dataset_8_1_4.csv|crp_dataset_8_1_7.csv|crp_dataset_8_1_6.csv,crp_dataset_8_1_1.csv,0.6498449444770813,0.8181818181570248,0.2142857142840136,27,6,99,124,0.0252685546875,0.007765151515151515,0.017503403172348483
MLP,4,0.25,1.0,crp_dataset_8_1_5.csv|crp_dataset_8_1_4.csv|crp_dataset_8_1_7.csv|crp_dataset_8_1_6.csv,crp_dataset_8_1_8.csv,0.6498449444770813,0.7857142856955783,0.2391304347808759,33,9,105,109,0.0283203125,0.011011904761904761,0.01730840773809524
MLP,4,0.25,1.0,crp_dataset_8_1_5.csv|crp_dataset_8_1_8.csv|crp_dataset_8_1_7.csv|crp_dataset_8_1_6.csv,crp_dataset_8_1_2.csv,0.6050586104393005,0.6595744680780896,0.5210084033569663,62,32,57,105,0.039453125,0.019547872340425536,0.019905252659574463
MLP,4,0.25,1.0,crp_dataset_8_1_5.csv|crp_dataset_8_1_8.csv|crp_dataset_8_1_7.csv|crp_dataset_8_1_6.csv,crp_dataset_8_1_3.csv,0.6050586104393005,0.8252427184385899,0.4913294797659461,85,18,88,65,0.0196044921875,0.009587378640776698,0.010017113546723301
MLP,4,0.25,1.0,crp_dataset_8_1_5.csv|crp_dataset_8_1_8.csv|crp_dataset_8_1_7.csv|crp_dataset_8_1_6.csv,crp_dataset_8_1_1.csv,0.6050586104393005,0.7826086956408317,0.4285714285680272,54,15,72,115,0.0252685546875,0.01141304347826087,0.01385551120923913
MLP,4,0.25,1.0,crp_dataset_8_1_5.csv|crp_dataset_8_1_8.csv|crp_dataset_8_1_7.csv|crp_dataset_8_1_6.csv,crp_dataset_8_1_4.csv,0.6050586104393005,0.7425742574183903,0.5725190839650953,75,26,56,99,0.023046875,0.012004950495049507,0.011041924504950494
MLP,4,0.25,1.0,crp_dataset_8_1_4.csv|crp_dataset_8_1_8.csv|crp_dataset_8_1_7.csv|crp_dataset_8_1_6.csv,crp_dataset_8_1_2.csv,0.6893050074577332,0.6292134831389976,0.47058823529016314,56,33,63,104,0.039453125,0.02085674157303371,0.01859638342696629
MLP,4,0.25,1.0,crp_dataset_8_1_4.csv|crp_dataset_8_1_8.csv|crp_dataset_8_1_7.csv|crp_dataset_8_1_6.csv,crp_dataset_8_1_3.csv,0.6893050074577332,0.8691588784965499,0.5375722543321528,93,14,80,69,0.0196044921875,0.007535046728971962,0.012069445458528037
MLP,4,0.25,1.0,crp_dataset_8_1_4.csv|crp_dataset_8_1_8.csv|crp_dataset_8_1_7.csv|crp_dataset_8_1_6.csv,crp_dataset_8_1_1.csv,0.6893050074577332,0.7333333333235555,0.43650793650447217,55,20,71,110,0.0252685546875,0.011166666666666667,0.014101888020833333
MLP,4,0.25,1.0,crp_dataset_8_1_4.csv|crp_dataset_8_1_8.csv|crp_dataset_8_1_7.csv|crp_dataset_8_1_6.csv,crp_dataset_8_1_5.csv,0.6893050074577332,0.6146788990769295,0.6699999999933,67,42,33,114,0.039282226562499994,0.02018348623853211,0.019098740323967883
MLP,5,0.25,1.0,crp_dataset_8_1_2.csv|crp_dataset_8_1_3.csv|crp_dataset_8_1_1.csv|crp_dataset_8_1_5.csv|crp_dataset_8_1_4.csv,crp_dataset_8_1_8.csv,0.6219065189361572,0.6623376623290606,0.36956521738862635,51,26,87,92,0.0283203125,0.01444805194805195,0.01387226055194805
MLP,5,0.25,1.0,crp_dataset_8_1_2.csv|crp_dataset_8_1_3.csv|crp_dataset_8_1_1.csv|crp_dataset_8_1_5.csv|crp_dataset_8_1_4.csv,crp_dataset_8_1_7.csv,0.6219065189361572,0.9183673469325282,0.6136363636335744,135,12,85,24,0.0095703125,0.003954081632653062,0.005616230867346939
MLP,5,0.25,1.0,crp_dataset_8_1_2.csv|crp_dataset_8_1_3.csv|crp_dataset_8_1_1.csv|crp_dataset_8_1_5.csv|crp_dataset_8_1_4.csv,crp_dataset_8_1_6.csv,0.6219065189361572,0.7945205479343216,0.4142857142827551,58,15,82,101,0.026928710937499996,0.009845890410958904,0.017082820526541094
MLP,5,0.25,1.0,crp_dataset_8_1_2.csv|crp_dataset_8_1_3.csv|crp_dataset_8_1_1.csv|crp_dataset_8_1_5.csv|crp_dataset_8_1_8.csv,crp_dataset_8_1_4.csv,0.6931878924369812,0.8571428571020409,0.13740458015162288,18,3,113,122,0.023046875,0.00625,0.016796875000000003
MLP,5,0.25,1.0,crp_dataset_8_1_2.csv|crp_dataset_8_1_3.csv|crp_dataset_8_1_1.csv|crp_dataset_8_1_5.csv|crp_dataset_8_1_8.csv,crp_dataset_8_1_7.csv,0.6931878924369812,0.933333333322963,0.3818181818164463,84,6,136,30,0.0095703125,0.003402777777777778,0.006167534722222223
MLP,5,0.25,1.0,crp_dataset_8_1_2.csv|crp_dataset_8_1_3.csv|crp_dataset_8_1_1.csv|crp_dataset_8_1_5.csv|crp_dataset_8_1_8.csv,crp_dataset_8_1_6.csv,0.6931878924369812,0.5909090908822314,0.0928571428564796,13,9,127,107,0.026928710937499996,0.029829545454545456,-0.00290083451704546
MLP,5,0.25,1.0,crp_dataset_8_1_2.csv|crp_dataset_8_1_3.csv|crp_dataset_8_1_1.csv|crp_dataset_8_1_5.csv|crp_dataset_8_1_7.csv,crp_dataset_8_1_4.csv,0.6058188080787659,0.7111111111032099,0.4885496183168813,64,26,67,99,0.023046875,0.014097222222222223,0.008949652777777779
MLP,5,0.25,1.0,crp_dataset_8_1_2.csv|crp_dataset_8_1_3.csv|crp_dataset_8_1_1.csv|crp_dataset_8_1_5.csv|crp_dataset_8_1_7.csv,crp_dataset_8_1_8.csv,0.6058188080787659,0.7142857142743765,0.3260869565193762,45,18,93,100,0.0283203125,0.010119047619047616,0.018201264880952382
MLP,5,0.25,1.0,crp_dataset_8_1_2.csv|crp_dataset_8_1_3.csv|crp_dataset_8_1_1.csv|crp_dataset_8_1_5.csv|crp_dataset_8_1_7.csv,crp_dataset_8_1_6.csv,0.6058188080787659,0.7333333333263492,0.5499999999960715,77,28,63,88,0.026928710937499996,0.017797619047619048,0.009131091889880948
MLP,5,0.25,1.0,crp_dataset_8_1_2.csv|crp_dataset_8_1_3.csv|crp_dataset_8_1_1.csv|crp_dataset_8_1_5.csv|crp_dataset_8_1_6.csv,crp_dataset_8_1_4.csv,0.6029284000396729,0.8305084745621948,0.3740458015238623,49,10,82,115,0.023046875,0.006885593220338982,0.01616128177966102
MLP,5,0.25,1.0,crp_dataset_8_1_2.csv|crp_dataset_8_1_3.csv|crp_dataset_8_1_1.csv|crp_dataset_8_1_5.csv|crp_dataset_8_1_6.csv,crp_dataset_8_1_8.csv,0.6029284000396729,0.6749999999831251,0.19565217391162573,27,13,111,105,0.0283203125,0.02,0.0083203125
MLP,5,0.25,1.0,crp_dataset_8_1_2.csv|crp_dataset_8_1_3.csv|crp_dataset_8_1_1.csv|crp_dataset_8_1_5.csv|crp_dataset_8_1_6.csv,crp_dataset_8_1_7.csv,0.6029284000396729,0.9531249999851074,0.27727272727146696,61,3,159,33,0.0095703125,0.00205078125,0.007519531250000001
MLP,5,0.25,1.0,crp_dataset_8_1_2.csv|crp_dataset_8_1_3.csv|crp_dataset_8_1_1.csv|crp_dataset_8_1_4.csv|crp_dataset_8_1_8.csv,crp_dataset_8_1_5.csv,0.6084730625152588,0.739726027387127,0.5399999999946,54,19,46,137,0.039282226562499994,0.011900684931506849,0.027381541630993145
MLP,5,0.25,1.0,crp_dataset_8_1_2.csv|crp_dataset_8_1_3.csv|crp_dataset_8_1_1.csv|crp_dataset_8_1_4.csv|crp_dataset_8_1_8.csv,crp_dataset_8_1_7.csv,0.6084730625152588,0.9421487603227922,0.5181818181794628,114,7,106,29,0.0095703125,0.0023243801652892563,0.007245932334710744
MLP,5,0.25,1.0,crp_dataset_8_1_2.csv|crp_dataset_8_1_3.csv|crp_dataset_8_1_1.csv|crp_dataset_8_1_4.csv|crp_dataset_8_1_8.csv,crp_dataset_8_1_6.csv,0.6084730625152588,0.8124999999873046,0.3714285714259184,52,12,88,104,0.026928710937499996,0.0109375,0.015991210937499997
MLP,5,0.25,1.0,crp_dataset_8_1_2.csv|crp_dataset_8_1_3.csv|crp_dataset_8_1_1.csv|crp_dataset_8_1_4.csv|crp_dataset_8_1_7.csv,crp_dataset_8_1_5.csv,0.6086423397064209,0.6403508771873653,0.7299999999926999,73,41,27,115,0.039282226562499994,0.019024122807017544,0.02025810375548245
MLP,5,0.25,1.0,crp_dataset_8_1_2.csv|crp_dataset_8_1_3.csv|crp_dataset_8_1_1.csv|crp_dataset_8_1_4.csv|crp_dataset_8_1_7.csv,crp_dataset_8_1_8.csv,0.6086423397064209,0.5199999999948,0.3768115942001681,52,48,86,70,0.0283203125,0.0291875,-0.0008671875000000016
MLP,5,0.25,1.0,crp_dataset_8_1_2.csv|crp_dataset_8_1_3.csv|crp_dataset_8_1_1.csv|crp_dataset_8_1_4.csv|crp_dataset_8_1_7.csv,crp_dataset_8_1_6.csv,0.6086423397064209,0.781249999991862,0.5357142857104592,75,21,65,95,0.026928710937499996,0.012369791666666666,0.01455891927083333
MLP,5,0.25,1.0,crp_dataset_8_1_2.csv|crp_dataset_8_1_3.csv|crp_dataset_8_1_1.csv|crp_dataset_8_1_4.csv|crp_dataset_8_1_6.csv,crp_dataset_8_1_5.csv,0.6113320589065552,0.5575221238888715,0.6299999999936999,63,50,37,106,0.039282226562499994,0.027267699115044248,0.012014527447455747
MLP,5,0.25,1.0,crp_dataset_8_1_2.csv|crp_dataset_8_1_3.csv|crp_dataset_8_1_1.csv|crp_dataset_8_1_4.csv|crp_dataset_8_1_6.csv,crp_dataset_8_1_8.csv,0.6113320589065552,0.48148148147553727,0.28260869565012603,39,42,99,76,0.0283203125,0.03325617283950617,-0.004935860339506173
MLP,5,0.25,1.0,crp_dataset_8_1_2.csv|crp_dataset_8_1_3.csv|crp_dataset_8_1_1.csv|crp_dataset_8_1_4.csv|crp_dataset_8_1_6.csv,crp_dataset_8_1_7.csv,0.6113320589065552,0.911999999992704,0.5181818181794628,114,11,106,25,0.0095703125,0.0047,0.0048703125000000005
MLP,5,0.25,1.0,crp_dataset_8_1_2.csv|crp_dataset_8_1_3.csv|crp_dataset_8_1_1.csv|crp_dataset_8_1_8.csv|crp_dataset_8_1_7.csv,crp_dataset_8_1_5.csv,0.6023242473602295,0.5746268656673535,0.7699999999923,77,57,23,99,0.039282226562499994,0.026772388059701495,0.0125098385027985
MLP,5,0.25,1.0,crp_dataset_8_1_2.csv|crp_dataset_8_1_3.csv|crp_dataset_8_1_1.csv|crp_dataset_8_1_8.csv|crp_dataset_8_1_7.csv,crp_dataset_8_1_4.csv,0.6023242473602295,0.6802721088389098,0.7633587786201271,100,47,31,78,0.023046875,0.014158163265306124,0.008888711734693877
MLP,5,0.25,1.0,crp_dataset_8_1_2.csv|crp_dataset_8_1_3.csv|crp_dataset_8_1_1.csv|crp_dataset_8_1_8.csv|crp_dataset_8_1_7.csv,crp_dataset_8_1_6.csv,0.6023242473602295,0.6911764705831531,0.6714285714237755,94,42,46,74,0.026928710937499996,0.017601102941176474,0.009327607996323522
MLP,5,0.25,1.0,crp_dataset_8_1_2.csv|crp_dataset_8_1_3.csv|crp_dataset_8_1_1.csv|crp_dataset_8_1_8.csv|crp_dataset_8_1_6.csv,crp_dataset_8_1_5.csv,0.6162508726119995,0.5510204081576426,0.5399999999946,54,44,46,112,0.039282226562499994,0.027933673469387754,0.011348553093112241
MLP,5,0.25,1.0,crp_dataset_8_1_2.csv|crp_dataset_8_1_3.csv|crp_dataset_8_1_1.csv|crp_dataset_8_1_8.csv|crp_dataset_8_1_6.csv,crp_dataset_8_1_4.csv,0.6162508726119995,0.7899999999921,0.6030534351099004,79,21,52,104,0.023046875,0.011062500000000001,0.011984375
MLP,5,0.25,1.0,crp_dataset_8_1_2.csv|crp_dataset_8_1_3.csv|crp_dataset_8_1_1.csv|crp_dataset_8_1_8.csv|crp_dataset_8_1_6.csv,crp_dataset_8_1_7.csv,0.6162508726119995,0.9510489510423005,0.6181818181790083,136,7,84,29,0.0095703125,0.002666083916083916,0.006904228583916085
MLP,5,0.25,1.0,crp_dataset_8_1_2.csv|crp_dataset_8_1_3.csv|crp_dataset_8_1_1.csv|crp_dataset_8_1_7.csv|crp_dataset_8_1_6.csv,crp_dataset_8_1_5.csv,0.6365388631820679,0.5652173913002521,0.7799999999921999,78,60,22,96,0.039282226562499994,0.026268115942028984,0.01301411062047101
MLP,5,0.25,1.0,crp_dataset_8_1_2.csv|crp_dataset_8_1_3.csv|crp_dataset_8_1_1.csv|crp_dataset_8_1_7.csv|crp_dataset_8_1_6.csv,crp_dataset_8_1_4.csv,0.6365388631820679,0.7236842105215547,0.8396946564821398,110,42,21,83,0.023046875,0.011924342105263159,0.011122532894736843
MLP,5,0.25,1.0,crp_dataset_8_1_2.csv|crp_dataset_8_1_3.csv|crp_dataset_8_1_1.csv|crp_dataset_8_1_7.csv|crp_dataset_8_1_6.csv,crp_dataset_8_1_8.csv,0.6365388631820679,0.5801526717512966,0.5507246376771687,76,55,62,63,0.0283203125,0.023187022900763358,0.005133289599236642
MLP,5,0.25,1.0,crp_dataset_8_1_2.csv|crp_dataset_8_1_3.csv|crp_dataset_8_1_5.csv|crp_dataset_8_1_4.csv|crp_dataset_8_1_8.csv,crp_dataset_8_1_1.csv,0.6376866102218628,0.7794117646944204,0.42063492063158225,53,15,73,115,0.0252685546875,0.00818014705882353,0.017088407628676472
MLP,5,0.25,1.0,crp_dataset_8_1_2.csv|crp_dataset_8_1_3.csv|crp_dataset_8_1_5.csv|crp_dataset_8_1_4.csv|crp_dataset_8_1_8.csv,crp_dataset_8_1_7.csv,0.6376866102218628,0.9399999999953,0.8545454545415703,188,12,32,24,0.0095703125,0.00265625,0.0069140625
MLP,5,0.25,1.0,crp_dataset_8_1_2.csv|crp_dataset_8_1_3.csv|crp_dataset_8_1_5.csv|crp_dataset_8_1_4.csv|crp_dataset_8_1_8.csv,crp_dataset_8_1_6.csv,0.6376866102218628,0.8481012658120494,0.4785714285680102,67,12,73,104,0.026928710937499996,0.007357594936708861,0.019571116000791134
MLP,5,0.25,1.0,crp_dataset_8_1_2.csv|crp_dataset_8_1_3.csv|crp_dataset_8_1_5.csv|crp_dataset_8_1_4.csv|crp_dataset_8_1_7.csv,crp_dataset_8_1_1.csv,0.6038095951080322,0.7469879517982291,0.49206349205958677,62,21,64,109,0.0252685546875,0.012349397590361445,0.012919157097138555
MLP,5,0.25,1.0,crp_dataset_8_1_2.csv|crp_dataset_8_1_3.csv|crp_dataset_8_1_5.csv|crp_dataset_8_1_4.csv|crp_dataset_8_1_7.csv,crp_dataset_8_1_8.csv,0.6038095951080322,0.62105263157241,0.4275362318809599,59,36,79,82,0.0283203125,0.019342105263157897,0.008978207236842103
MLP,5,0.25,1.0,crp_dataset_8_1_2.csv|crp_dataset_8_1_3.csv|crp_dataset_8_1_5.csv|crp_dataset_8_1_4.csv|crp_dataset_8_1_7.csv,crp_dataset_8_1_6.csv,0.6038095951080322,0.7899999999921,0.5642857142816837,79,21,61,95,0.026928710937499996,0.010687499999999999,0.016241210937499997
MLP,5,0.25,1.0,crp_dataset_8_1_2.csv|crp_dataset_8_1_3.csv|crp_dataset_8_1_5.csv|crp_dataset_8_1_4.csv|crp_dataset_8_1_6.csv,crp_dataset_8_1_1.csv,0.6253016591072083,0.849056603757565,0.35714285714002264,45,8,81,122,0.0252685546875,0.004834905660377358,0.020433649027122643
MLP,5,0.25,1.0,crp_dataset_8_1_2.csv|crp_dataset_8_1_3.csv|crp_dataset_8_1_5.csv|crp_dataset_8_1_4.csv|crp_dataset_8_1_6.csv,crp_dataset_8_1_8.csv,0.6253016591072083,0.690909090896529,0.27536231883858436,38,17,100,101,0.0283203125,0.013522727272727271,0.014797585227272729
MLP,5,0.25,1.0,crp_dataset_8_1_2.csv|crp_dataset_8_1_3.csv|crp_dataset_8_1_5.csv|crp_dataset_8_1_4.csv|crp_dataset_8_1_6.csv,crp_dataset_8_1_7.csv,0.6253016591072083,0.970873786398341,0.45454545454338846,100,3,120,33,0.0095703125,0.001881067961165049,0.007689244538834952
MLP,5,0.25,1.0,crp_dataset_8_1_2.csv|crp_dataset_8_1_3.csv|crp_dataset_8_1_5.csv|crp_dataset_8_1_8.csv|crp_dataset_8_1_7.csv,crp_dataset_8_1_1.csv,0.6026248335838318,0.6406249999899902,0.32539682539424286,41,23,85,107,0.0252685546875,0.0158203125,0.0094482421875
MLP,5,0.25,1.0,crp_dataset_8_1_2.csv|crp_dataset_8_1_3.csv|crp_dataset_8_1_5.csv|crp_dataset_8_1_8.csv|crp_dataset_8_1_7.csv,crp_dataset_8_1_4.csv,0.6026248335838318,0.7450980392083814,0.5801526717512966,76,26,55,99,0.023046875,0.01219362745098039,0.010853247549019611
MLP,5,0.25,1.0,crp_dataset_8_1_2.csv|crp_dataset_8_1_3.csv|crp_dataset_8_1_5.csv|crp_dataset_8_1_8.csv|crp_dataset_8_1_7.csv,crp_dataset_8_1_6.csv,0.6026248335838318,0.6989247311752803,0.464285714282398,65,28,75,88,0.026928710937499996,0.01935483870967742,0.007573872227822576
MLP,5,0.25,1.0,crp_dataset_8_1_2.csv|crp_dataset_8_1_3.csv|crp_dataset_8_1_5.csv|crp_dataset_8_1_8.csv|crp_dataset_8_1_6.csv,crp_dataset_8_1_1.csv,0.622758686542511,0.7446808510479855,0.27777777777557316,35,12,91,118,0.0252685546875,0.01343085106382979,0.01183770362367021
MLP,5,0.25,1.0,crp_dataset_8_1_2.csv|crp_dataset_8_1_3.csv|crp_dataset_8_1_5.csv|crp_dataset_8_1_8.csv|crp_dataset_8_1_6.csv,crp_dataset_8_1_4.csv,0.622758686542511,0.864406779646366,0.38931297709626483,51,8,80,117,0.023046875,0.004766949152542373,0.018279925847457627
MLP,5,0.25,1.0,crp_dataset_8_1_2.csv|crp_dataset_8_1_3.csv|crp_dataset_8_1_5.csv|crp_dataset_8_1_8.csv|crp_dataset_8_1_6.csv,crp_dataset_8_1_7.csv,0.622758686542511,0.9029126213504571,0.42272727272535127,93,10,127,26,0.0095703125,0.0045509708737864075,0.005019341626213593
MLP,5,0.25,1.0,crp_dataset_8_1_2.csv|crp_dataset_8_1_3.csv|crp_dataset_8_1_5.csv|crp_dataset_8_1_7.csv|crp_dataset_8_1_6.csv,crp_dataset_8_1_1.csv,0.6245189309120178,0.822580645148023,0.40476190475869234,51,11,75,119,0.0252685546875,0.007560483870967742,0.017708070816532258
MLP,5,0.25,1.0,crp_dataset_8_1_2.csv|crp_dataset_8_1_3.csv|crp_dataset_8_1_5.csv|crp_dataset_8_1_7.csv|crp_dataset_8_1_6.csv,crp_dataset_8_1_4.csv,0.6245189309120178,0.8631578947277562,0.6259541984685042,82,13,49,112,0.023046875,0.004671052631578947,0.018375822368421054
MLP,5,0.25,1.0,crp_dataset_8_1_2.csv|crp_dataset_8_1_3.csv|crp_dataset_8_1_5.csv|crp_dataset_8_1_7.csv|crp_dataset_8_1_6.csv,crp_dataset_8_1_8.csv,0.6245189309120178,0.5857142857059183,0.2971014492732094,41,29,97,89,0.0283203125,0.021875000000000002,0.006445312499999998
MLP,5,0.25,1.0,crp_dataset_8_1_2.csv|crp_dataset_8_1_3.csv|crp_dataset_8_1_4.csv|crp_dataset_8_1_8.csv|crp_dataset_8_1_7.csv,crp_dataset_8_1_1.csv,0.6056801676750183,0.6823529411684429,0.460317460313807,58,27,68,103,0.0252685546875,0.013529411764705884,0.011739142922794116
MLP,5,0.25,1.0,crp_dataset_8_1_2.csv|crp_dataset_8_1_3.csv|crp_dataset_8_1_4.csv|crp_dataset_8_1_8.csv|crp_dataset_8_1_7.csv,crp_dataset_8_1_5.csv,0.6056801676750183,0.5746268656673535,0.7699999999923,77,57,23,99,0.039282226562499994,0.027098880597014922,0.012183345965485072
MLP,5,0.25,1.0,crp_dataset_8_1_2.csv|crp_dataset_8_1_3.csv|crp_dataset_8_1_4.csv|crp_dataset_8_1_8.csv|crp_dataset_8_1_7.csv,crp_dataset_8_1_6.csv,0.6056801676750183,0.717171717164473,0.5071428571392347,71,28,69,88,0.026928710937499996,0.014583333333333334,0.012345377604166662
MLP,5,0.25,1.0,crp_dataset_8_1_2.csv|crp_dataset_8_1_3.csv|crp_dataset_8_1_4.csv|crp_dataset_8_1_8.csv|crp_dataset_8_1_6.csv,crp_dataset_8_1_1.csv,0.6181556582450867,0.5688073394443228,0.49206349205958677,62,47,64,83,0.0252685546875,0.019610091743119267,0.005658462944380733
MLP,5,0.25,1.0,crp_dataset_8_1_2.csv|crp_dataset_8_1_3.csv|crp_dataset_8_1_4.csv|crp_dataset_8_1_8.csv|crp_dataset_8_1_6.csv,crp_dataset_8_1_5.csv,0.6181556582450867,0.4135802469110273,0.6699999999933,67,95,33,61,0.039282226562499994,0.039467592592592596,-0.00018536603009260133
MLP,5,0.25,1.0,crp_dataset_8_1_2.csv|crp_dataset_8_1_3.csv|crp_dataset_8_1_4.csv|crp_dataset_8_1_8.csv|crp_dataset_8_1_6.csv,crp_dataset_8_1_7.csv,0.6181556582450867,0.9468085106282254,0.40454545454361573,89,5,131,31,0.0095703125,0.003324468085106383,0.006245844414893618
MLP,5,0.25,1.0,crp_dataset_8_1_2.csv|crp_dataset_8_1_3.csv|crp_dataset_8_1_4.csv|crp_dataset_8_1_7.csv|crp_dataset_8_1_6.csv,crp_dataset_8_1_1.csv,0.6295742392539978,0.7499999999906249,0.4761904761866969,60,20,66,110,0.0252685546875,0.009687499999999998,0.015581054687500002
MLP,5,0.25,1.0,crp_dataset_8_1_2.csv|crp_dataset_8_1_3.csv|crp_dataset_8_1_4.csv|crp_dataset_8_1_7.csv|crp_dataset_8_1_6.csv,crp_dataset_8_1_5.csv,0.6295742392539978,0.6274509803860053,0.6399999999936,64,38,36,118,0.039282226562499994,0.020098039215686272,0.019184187346813722
MLP,5,0.25,1.0,crp_dataset_8_1_2.csv|crp_dataset_8_1_3.csv|crp_dataset_8_1_4.csv|crp_dataset_8_1_7.csv|crp_dataset_8_1_6.csv,crp_dataset_8_1_8.csv,0.6295742392539978,0.6363636363553719,0.35507246376554297,49,28,89,90,0.0283203125,0.019237012987012993,0.009083299512987007
MLP,5,0.25,1.0,crp_dataset_8_1_2.csv|crp_dataset_8_1_3.csv|crp_dataset_8_1_8.csv|crp_dataset_8_1_7.csv|crp_dataset_8_1_6.csv,crp_dataset_8_1_1.csv,0.6332743167877197,0.7654320987559823,0.49206349205958677,62,19,64,111,0.0252685546875,0.00933641975308642,0.015932134934413582
MLP,5,0.25,1.0,crp_dataset_8_1_2.csv|crp_dataset_8_1_3.csv|crp_dataset_8_1_8.csv|crp_dataset_8_1_7.csv|crp_dataset_8_1_6.csv,crp_dataset_8_1_5.csv,0.6332743167877197,0.5999999999951999,0.7499999999925,75,50,25,106,0.039282226562499994,0.0213,0.017982226562499995
MLP,5,0.25,1.0,crp_dataset_8_1_2.csv|crp_dataset_8_1_3.csv|crp_dataset_8_1_8.csv|crp_dataset_8_1_7.csv|crp_dataset_8_1_6.csv,crp_dataset_8_1_4.csv,0.6332743167877197,0.7829457364280392,0.7709923664063284,101,28,30,97,0.023046875,0.008963178294573644,0.014083696705426358
MLP,5,0.25,1.0,crp_dataset_8_1_2.csv|crp_dataset_8_1_1.csv|crp_dataset_8_1_5.csv|crp_dataset_8_1_4.csv|crp_dataset_8_1_8.csv,crp_dataset_8_1_3.csv,0.6106727719306946,0.9333333333022222,0.16184971098172343,28,2,145,81,0.0196044921875,0.005625000000000001,0.013979492187499998
MLP,5,0.25,1.0,crp_dataset_8_1_2.csv|crp_dataset_8_1_1.csv|crp_dataset_8_1_5.csv|crp_dataset_8_1_4.csv|crp_dataset_8_1_8.csv,crp_dataset_8_1_7.csv,0.6106727719306946,0.9655172413682124,0.3818181818164463,84,3,136,33,0.0095703125,0.0010775862068965517,0.008492726293103449
MLP,5,0.25,1.0,crp_dataset_8_1_2.csv|crp_dataset_8_1_1.csv|crp_dataset_8_1_5.csv|crp_dataset_8_1_4.csv|crp_dataset_8_1_8.csv,crp_dataset_8_1_6.csv,0.6106727719306946,0.9333333332711111,0.09999999999928572,14,1,126,115,0.026928710937499996,0.004166666666666667,0.02276204427083333
MLP,5,0.25,1.0,crp_dataset_8_1_2.csv|crp_dataset_8_1_1.csv|crp_dataset_8_1_5.csv|crp_dataset_8_1_4.csv|crp_dataset_8_1_7.csv,crp_dataset_8_1_3.csv,0.6079186797142029,0.9302325581287182,0.4624277456620669,80,6,93,77,0.0196044921875,0.0031976744186046516,0.016406817768895347
MLP,5,0.25,1.0,crp_dataset_8_1_2.csv|crp_dataset_8_1_1.csv|crp_dataset_8_1_5.csv|crp_dataset_8_1_4.csv|crp_dataset_8_1_7.csv,crp_dataset_8_1_8.csv,0.6079186797142029,0.6999999999883334,0.30434782608475114,42,18,96,100,0.0283203125,0.011041666666666667,0.017278645833333335
MLP,5,0.25,1.0,crp_dataset_8_1_2.csv|crp_dataset_8_1_1.csv|crp_dataset_8_1_5.csv|crp_dataset_8_1_4.csv|crp_dataset_8_1_7.csv,crp_dataset_8_1_6.csv,0.6079186797142029,0.8260869565097668,0.407142857139949,57,12,83,104,0.026928710937499996,0.008786231884057971,0.018142479053442025
MLP,5,0.25,1.0,crp_dataset_8_1_2.csv|crp_dataset_8_1_1.csv|crp_dataset_8_1_5.csv|crp_dataset_8_1_4.csv|crp_dataset_8_1_6.csv,crp_dataset_8_1_3.csv,0.6023644208908081,0.8666666666522223,0.3005780346803435,52,8,121,75,0.0196044921875,0.005729166666666666,0.013875325520833332
MLP,5,0.25,1.0,crp_dataset_8_1_2.csv|crp_dataset_8_1_1.csv|crp_dataset_8_1_5.csv|crp_dataset_8_1_4.csv|crp_dataset_8_1_6.csv,crp_dataset_8_1_8.csv,0.6023644208908081,0.64999999998375,0.18840579710008404,26,14,112,104,0.0283203125,0.012812500000000001,0.015507812499999999
MLP,5,0.25,1.0,crp_dataset_8_1_2.csv|crp_dataset_8_1_1.csv|crp_dataset_8_1_5.csv|crp_dataset_8_1_4.csv|crp_dataset_8_1_6.csv,crp_dataset_8_1_7.csv,0.6023644208908081,0.9439252336360381,0.45909090908882233,101,6,119,30,0.0095703125,0.0032126168224299065,0.006357695677570094
MLP,5,0.25,1.0,crp_dataset_8_1_2.csv|crp_dataset_8_1_1.csv|crp_dataset_8_1_5.csv|crp_dataset_8_1_8.csv|crp_dataset_8_1_7.csv,crp_dataset_8_1_3.csv,0.631725013256073,0.8888888888765432,0.36994219652965354,64,8,109,75,0.0196044921875,0.006684027777777778,0.012920464409722221
MLP,5,0.25,1.0,crp_dataset_8_1_2.csv|crp_dataset_8_1_1.csv|crp_dataset_8_1_5.csv|crp_dataset_8_1_8.csv|crp_dataset_8_1_7.csv,crp_dataset_8_1_4.csv,0.631725013256073,0.7567567567465303,0.4274809160272712,56,18,75,107,0.023046875,0.01275337837837838,0.010293496621621621
MLP,5,0.25,1.0,crp_dataset_8_1_2.csv|crp_dataset_8_1_1.csv|crp_dataset_8_1_5.csv|crp_dataset_8_1_8.csv|crp_dataset_8_1_7.csv,crp_dataset_8_1_6.csv,0.631725013256073,0.6338028168924816,0.3214285714262755,45,26,95,90,0.026928710937499996,0.024735915492957748,0.0021927954445422476
MLP,5,0.25,1.0,crp_dataset_8_1_2.csv|crp_dataset_8_1_1.csv|crp_dataset_8_1_5.csv|crp_dataset_8_1_8.csv|crp_dataset_8_1_6.csv,crp_dataset_8_1_3.csv,0.6265082359313965,0.9508196721155604,0.3352601156049985,58,3,115,80,0.0196044921875,0.0025614754098360654,0.017043016777663934
MLP,5,0.25,1.0,crp_dataset_8_1_2.csv|crp_dataset_8_1_1.csv|crp_dataset_8_1_5.csv|crp_dataset_8_1_8.csv|crp_dataset_8_1_6.csv,crp_dataset_8_1_4.csv,0.6265082359313965,0.7758620689521404,0.34351145037905717,45,13,86,112,0.023046875,0.009482758620689657,0.013564116379310345
MLP,5,0.25,1.0,crp_dataset_8_1_2.csv|crp_dataset_8_1_1.csv|crp_dataset_8_1_5.csv|crp_dataset_8_1_8.csv|crp_dataset_8_1_6.csv,crp_dataset_8_1_7.csv,0.6265082359313965,0.9159663865469246,0.4954545454522934,109,10,111,26,0.0095703125,0.004149159663865546,0.0054211528361344545
MLP,5,0.25,1.0,crp_dataset_8_1_2.csv|crp_dataset_8_1_1.csv|crp_dataset_8_1_5.csv|crp_dataset_8_1_7.csv|crp_dataset_8_1_6.csv,crp_dataset_8_1_3.csv,0.6375679969787598,0.8454545454468595,0.5375722543321528,93,17,80,66,0.0196044921875,0.008977272727272728,0.010627219460227271
MLP,5,0.25,1.0,crp_dataset_8_1_2.csv|crp_dataset_8_1_1.csv|crp_dataset_8_1_5.csv|crp_dataset_8_1_7.csv|crp_dataset_8_1_6.csv,crp_dataset_8_1_4.csv,0.6375679969787598,0.7798165137543136,0.648854961827108,85,24,46,101,0.023046875,0.010091743119266054,0.012955131880733948
MLP,5,0.25,1.0,crp_dataset_8_1_2.csv|crp_dataset_8_1_1.csv|crp_dataset_8_1_5.csv|crp_dataset_8_1_7.csv|crp_dataset_8_1_6.csv,crp_dataset_8_1_8.csv,0.6375679969787598,0.705128205119165,0.39855072463479313,55,23,83,95,0.0283203125,0.014262820512820516,0.014057491987179484
MLP,5,0.25,1.0,crp_dataset_8_1_2.csv|crp_dataset_8_1_1.csv|crp_dataset_8_1_4.csv|crp_dataset_8_1_8.csv|crp_dataset_8_1_7.csv,crp_dataset_8_1_3.csv,0.6050817966461182,0.8317757009268059,0.5144508670490494,89,18,84,65,0.0196044921875,0.008761682242990653,0.010842809944509346
MLP,5,0.25,1.0,crp_dataset_8_1_2.csv|crp_dataset_8_1_1.csv|crp_dataset_8_1_4.csv|crp_dataset_8_1_8.csv|crp_dataset_8_1_7.csv,crp_dataset_8_1_5.csv,0.6050817966461182,0.7499999999906249,0.599999999994,60,20,40,136,0.039282226562499994,0.011640625000000002,0.027641601562499993
MLP,5,0.25,1.0,crp_dataset_8_1_2.csv|crp_dataset_8_1_1.csv|crp_dataset_8_1_4.csv|crp_dataset_8_1_8.csv|crp_dataset_8_1_7.csv,crp_dataset_8_1_6.csv,0.6050817966461182,0.7160493827072092,0.4142857142827551,58,23,82,93,0.026928710937499996,0.016512345679012344,0.010416365258487652
MLP,5,0.25,1.0,crp_dataset_8_1_2.csv|crp_dataset_8_1_1.csv|crp_dataset_8_1_4.csv|crp_dataset_8_1_8.csv|crp_dataset_8_1_6.csv,crp_dataset_8_1_3.csv,0.6011627912521362,0.8586956521645793,0.4566473988412911,79,13,94,70,0.0196044921875,0.008016304347826086,0.011588187839673914
MLP,5,0.25,1.0,crp_dataset_8_1_2.csv|crp_dataset_8_1_1.csv|crp_dataset_8_1_4.csv|crp_dataset_8_1_8.csv|crp_dataset_8_1_6.csv,crp_dataset_8_1_5.csv,0.6011627912521362,0.6184210526234418,0.46999999999529996,47,29,53,127,0.039282226562499994,0.021710526315789472,0.017571700246710523
MLP,5,0.25,1.0,crp_dataset_8_1_2.csv|crp_dataset_8_1_1.csv|crp_dataset_8_1_4.csv|crp_dataset_8_1_8.csv|crp_dataset_8_1_6.csv,crp_dataset_8_1_7.csv,0.6011627912521362,0.95604395603345,0.39545454545274794,87,4,133,32,0.0095703125,0.0014423076923076924,0.008128004807692308
MLP,5,0.25,1.0,crp_dataset_8_1_2.csv|crp_dataset_8_1_1.csv|crp_dataset_8_1_4.csv|crp_dataset_8_1_7.csv|crp_dataset_8_1_6.csv,crp_dataset_8_1_3.csv,0.6412712931632996,0.8653846153762943,0.5202312138698253,90,14,83,69,0.0196044921875,0.007151442307692308,0.012453049879807691
MLP,5,0.25,1.0,crp_dataset_8_1_2.csv|crp_dataset_8_1_1.csv|crp_dataset_8_1_4.csv|crp_dataset_8_1_7.csv|crp_dataset_8_1_6.csv,crp_dataset_8_1_5.csv,0.6412712931632996,0.6464646464581165,0.6399999999936,64,35,36,121,0.039282226562499994,0.018750000000000003,0.02053222656249999
MLP,5,0.25,1.0,crp_dataset_8_1_2.csv|crp_dataset_8_1_1.csv|crp_dataset_8_1_4.csv|crp_dataset_8_1_7.csv|crp_dataset_8_1_6.csv,crp_dataset_8_1_8.csv,0.6412712931632996,0.5810810810732286,0.3115942028962928,43,31,95,87,0.0283203125,0.02331081081081081,0.005009501689189191
MLP,5,0.25,1.0,crp_dataset_8_1_2.csv|crp_dataset_8_1_1.csv|crp_dataset_8_1_8.csv|crp_dataset_8_1_7.csv|crp_dataset_8_1_6.csv,crp_dataset_8_1_3.csv,0.6171680688858032,0.8909090909009917,0.566473988436032,98,12,75,71,0.0196044921875,0.005056818181818181,0.014547674005681818
MLP,5,0.25,1.0,crp_dataset_8_1_2.csv|crp_dataset_8_1_1.csv|crp_dataset_8_1_8.csv|crp_dataset_8_1_7.csv|crp_dataset_8_1_6.csv,crp_dataset_8_1_5.csv,0.6171680688858032,0.7954545454455062,0.699999999993,70,18,30,138,0.039282226562499994,0.007244318181818182,0.03203790838068181
MLP,5,0.25,1.0,crp_dataset_8_1_2.csv|crp_dataset_8_1_1.csv|crp_dataset_8_1_8.csv|crp_dataset_8_1_7.csv|crp_dataset_8_1_6.csv,crp_dataset_8_1_4.csv,0.6171680688858032,0.7936507936444949,0.7633587786201271,100,26,31,99,0.023046875,0.008333333333333331,0.01471354166666667
MLP,5,0.25,1.0,crp_dataset_8_1_2.csv|crp_dataset_8_1_5.csv|crp_dataset_8_1_4.csv|crp_dataset_8_1_8.csv|crp_dataset_8_1_7.csv,crp_dataset_8_1_3.csv,0.6211298108100891,0.9010989010889989,0.4739884393036186,82,9,91,74,0.0196044921875,0.0057692307692307696,0.01383526141826923
MLP,5,0.25,1.0,crp_dataset_8_1_2.csv|crp_dataset_8_1_5.csv|crp_dataset_8_1_4.csv|crp_dataset_8_1_8.csv|crp_dataset_8_1_7.csv,crp_dataset_8_1_1.csv,0.6211298108100891,0.8771929824407511,0.39682539682224743,50,7,76,123,0.0252685546875,0.004166666666666667,0.021101888020833334
MLP,5,0.25,1.0,crp_dataset_8_1_2.csv|crp_dataset_8_1_5.csv|crp_dataset_8_1_4.csv|crp_dataset_8_1_8.csv|crp_dataset_8_1_7.csv,crp_dataset_8_1_6.csv,0.6211298108100891,0.6853932584192652,0.4357142857111735,61,28,79,88,0.026928710937499996,0.01818820224719101,0.008740508690308985
MLP,5,0.25,1.0,crp_dataset_8_1_2.csv|crp_dataset_8_1_5.csv|crp_dataset_8_1_4.csv|crp_dataset_8_1_8.csv|crp_dataset_8_1_6.csv,crp_dataset_8_1_3.csv,0.6223964691162109,0.904761904753288,0.5491329479737045,95,10,78,73,0.0196044921875,0.004642857142857143,0.014961635044642856
MLP,5,0.25,1.0,crp_dataset_8_1_2.csv|crp_dataset_8_1_5.csv|crp_dataset_8_1_4.csv|crp_dataset_8_1_8.csv|crp_dataset_8_1_6.csv,crp_dataset_8_1_1.csv,0.6223964691162109,0.8620689655023782,0.39682539682224743,50,8,76,122,0.0252685546875,0.007435344827586206,0.017833209859913796
MLP,5,0.25,1.0,crp_dataset_8_1_2.csv|crp_dataset_8_1_5.csv|crp_dataset_8_1_4.csv|crp_dataset_8_1_8.csv|crp_dataset_8_1_6.csv,crp_dataset_8_1_7.csv,0.6223964691162109,0.9261363636311015,0.7409090909057232,163,13,57,23,0.0095703125,0.0030539772727272724,0.006516335227272728
MLP,5,0.25,1.0,crp_dataset_8_1_2.csv|crp_dataset_8_1_5.csv|crp_dataset_8_1_4.csv|crp_dataset_8_1_7.csv|crp_dataset_8_1_6.csv,crp_dataset_8_1_3.csv,0.6322654485702515,0.8888888888799101,0.5086705202282736,88,11,85,72,0.0196044921875,0.006123737373737373,0.013480754813762626
MLP,5,0.25,1.0,crp_dataset_8_1_2.csv|crp_dataset_8_1_5.csv|crp_dataset_8_1_4.csv|crp_dataset_8_1_7.csv|crp_dataset_8_1_6.csv,crp_dataset_8_1_1.csv,0.6322654485702515,0.833333333320707,0.43650793650447217,55,11,71,119,0.0252685546875,0.005965909090909091,0.01930264559659091
MLP,5,0.25,1.0,crp_dataset_8_1_2.csv|crp_dataset_8_1_5.csv|crp_dataset_8_1_4.csv|crp_dataset_8_1_7.csv|crp_dataset_8_1_6.csv,crp_dataset_8_1_8.csv,0.6322654485702515,0.6710526315701177,0.36956521738862635,51,25,87,93,0.0283203125,0.01940789473684211,0.00891241776315789
MLP,5,0.25,1.0,crp_dataset_8_1_2.csv|crp_dataset_8_1_5.csv|crp_dataset_8_1_8.csv|crp_dataset_8_1_7.csv|crp_dataset_8_1_6.csv,crp_dataset_8_1_3.csv,0.6480250358581543,0.8899999999911,0.5144508670490494,89,11,84,72,0.0196044921875,0.00475,0.014854492187499999
MLP,5,0.25,1.0,crp_dataset_8_1_2.csv|crp_dataset_8_1_5.csv|crp_dataset_8_1_8.csv|crp_dataset_8_1_7.csv|crp_dataset_8_1_6.csv,crp_dataset_8_1_1.csv,0.6480250358581543,0.7999999999876922,0.4126984126951373,52,13,74,117,0.0252685546875,0.008173076923076924,0.017095477764423078
MLP,5,0.25,1.0,crp_dataset_8_1_2.csv|crp_dataset_8_1_5.csv|crp_dataset_8_1_8.csv|crp_dataset_8_1_7.csv|crp_dataset_8_1_6.csv,crp_dataset_8_1_4.csv,0.6480250358581543,0.8557692307610022,0.6793893129719131,89,15,42,110,0.023046875,0.0054687500000000005,0.017578125
MLP,5,0.25,1.0,crp_dataset_8_1_2.csv|crp_dataset_8_1_4.csv|crp_dataset_8_1_8.csv|crp_dataset_8_1_7.csv|crp_dataset_8_1_6.csv,crp_dataset_8_1_3.csv,0.6066144704818726,0.8666666666602469,0.6763005780307729,117,18,56,65,0.0196044921875,0.0059722222222222225,0.013632269965277777
MLP,5,0.25,1.0,crp_dataset_8_1_2.csv|crp_dataset_8_1_4.csv|crp_dataset_8_1_8.csv|crp_dataset_8_1_7.csv|crp_dataset_8_1_6.csv,crp_dataset_8_1_1.csv,0.6066144704818726,0.7126436781527282,0.49206349205958677,62,25,64,105,0.0252685546875,0.012499999999999999,0.012768554687500001
MLP,5,0.25,1.0,crp_dataset_8_1_2.csv|crp_dataset_8_1_4.csv|crp_dataset_8_1_8.csv|crp_dataset_8_1_7.csv|crp_dataset_8_1_6.csv,crp_dataset_8_1_5.csv,0.6066144704818726,0.6697247706360575,0.7299999999926999,73,36,27,120,0.039282226562499994,0.015825688073394496,0.023456538489105498
MLP,5,0.25,1.0,crp_dataset_8_1_3.csv|crp_dataset_8_1_1.csv|crp_dataset_8_1_5.csv|crp_dataset_8_1_4.csv|crp_dataset_8_1_8.csv,crp_dataset_8_1_2.csv,0.6068326830863953,0.7922077921975038,0.5126050420124991,61,16,58,121,0.039453125,0.008522727272727272,0.030930397727272727
MLP,5,0.25,1.0,crp_dataset_8_1_3.csv|crp_dataset_8_1_1.csv|crp_dataset_8_1_5.csv|crp_dataset_8_1_4.csv|crp_dataset_8_1_8.csv,crp_dataset_8_1_7.csv,0.6068326830863953,0.9148936170164101,0.7818181818146281,172,16,48,20,0.0095703125,0.005452127659574467,0.004118184840425533
MLP,5,0.25,1.0,crp_dataset_8_1_3.csv|crp_dataset_8_1_1.csv|crp_dataset_8_1_5.csv|crp_dataset_8_1_4.csv|crp_dataset_8_1_8.csv,crp_dataset_8_1_6.csv,0.6068326830863953,0.7945205479343216,0.4142857142827551,58,15,82,101,0.026928710937499996,0.011386986301369863,0.015541724636130133
MLP,5,0.25,1.0,crp_dataset_8_1_3.csv|crp_dataset_8_1_1.csv|crp_dataset_8_1_5.csv|crp_dataset_8_1_4.csv|crp_dataset_8_1_7.csv,crp_dataset_8_1_2.csv,0.6001340746879578,0.7564102564005588,0.4957983193235647,59,19,60,118,0.039453125,0.009214743589743588,0.03023838141025641
MLP,5,0.25,1.0,crp_dataset_8_1_3.csv|crp_dataset_8_1_1.csv|crp_dataset_8_1_5.csv|crp_dataset_8_1_4.csv|crp_dataset_8_1_7.csv,crp_dataset_8_1_8.csv,0.6001340746879578,0.6911764705780709,0.3405797101424596,47,21,91,97,0.0283203125,0.017003676470588237,0.011316636029411763
MLP,5,0.25,1.0,crp_dataset_8_1_3.csv|crp_dataset_8_1_1.csv|crp_dataset_8_1_5.csv|crp_dataset_8_1_4.csv|crp_dataset_8_1_7.csv,crp_dataset_8_1_6.csv,0.6001340746879578,0.7733333333230222,0.4142857142827551,58,17,82,99,0.026928710937499996,0.012333333333333333,0.014595377604166663
MLP,5,0.25,1.0,crp_dataset_8_1_3.csv|crp_dataset_8_1_1.csv|crp_dataset_8_1_5.csv|crp_dataset_8_1_4.csv|crp_dataset_8_1_6.csv,crp_dataset_8_1_2.csv,0.6154459118843079,0.8813559321884517,0.4369747899122943,52,7,67,130,0.039453125,0.005614406779661016,0.03383871822033898
MLP,5,0.25,1.0,crp_dataset_8_1_3.csv|crp_dataset_8_1_1.csv|crp_dataset_8_1_5.csv|crp_dataset_8_1_4.csv|crp_dataset_8_1_6.csv,crp_dataset_8_1_8.csv,0.6154459118843079,0.6538461538335799,0.2463768115924176,34,18,104,100,0.0283203125,0.022115384615384624,0.0062049278846153764
MLP,5,0.25,1.0,crp_dataset_8_1_3.csv|crp_dataset_8_1_1.csv|crp_dataset_8_1_5.csv|crp_dataset_8_1_4.csv|crp_dataset_8_1_6.csv,crp_dataset_8_1_7.csv,0.6154459118843079,0.9159663865469246,0.4954545454522934,109,10,111,26,0.0095703125,0.0036239495798319325,0.005946362920168069
MLP,5,0.25,1.0,crp_dataset_8_1_3.csv|crp_dataset_8_1_1.csv|crp_dataset_8_1_5.csv|crp_dataset_8_1_8.csv|crp_dataset_8_1_7.csv,crp_dataset_8_1_2.csv,0.6074315309524536,0.6306306306249493,0.5882352941127039,70,41,49,96,0.039453125,0.028040540540540546,0.011412584459459453
MLP,5,0.25,1.0,crp_dataset_8_1_3.csv|crp_dataset_8_1_1.csv|crp_dataset_8_1_5.csv|crp_dataset_8_1_8.csv|crp_dataset_8_1_7.csv,crp_dataset_8_1_4.csv,0.6074315309524536,0.7398373983679688,0.6946564885443156,91,32,40,93,0.023046875,0.01204268292682927,0.011004192073170731
MLP,5,0.25,1.0,crp_dataset_8_1_3.csv|crp_dataset_8_1_1.csv|crp_dataset_8_1_5.csv|crp_dataset_8_1_8.csv|crp_dataset_8_1_7.csv,crp_dataset_8_1_6.csv,0.6074315309524536,0.6275862068922236,0.6499999999953572,91,54,49,62,0.026928710937499996,0.023577586206896553,0.003351124730603443
MLP,5,0.25,1.0,crp_dataset_8_1_3.csv|crp_dataset_8_1_1.csv|crp_dataset_8_1_5.csv|crp_dataset_8_1_8.csv|crp_dataset_8_1_6.csv,crp_dataset_8_1_2.csv,0.6260890364646912,0.815384615372071,0.4453781512567615,53,12,66,125,0.039453125,0.009903846153846154,0.029549278846153847
MLP,5,0.25,1.0,crp_dataset_8_1_3.csv|crp_dataset_8_1_1.csv|crp_dataset_8_1_5.csv|crp_dataset_8_1_8.csv|crp_dataset_8_1_6.csv,crp_dataset_8_1_4.csv,0.6260890364646912,0.8493150684815162,0.4732824427444788,62,11,69,114,0.023046875,0.0065068493150684924,0.016540025684931507
MLP,5,0.25,1.0,crp_dataset_8_1_3.csv|crp_dataset_8_1_1.csv|crp_dataset_8_1_5.csv|crp_dataset_8_1_8.csv|crp_dataset_8_1_6.csv,crp_dataset_8_1_7.csv,0.6260890364646912,0.9724770642112617,0.4818181818159918,106,3,114,33,0.0095703125,0.001261467889908257,0.008308844610091744
MLP,5,0.25,1.0,crp_dataset_8_1_3.csv|crp_dataset_8_1_1.csv|crp_dataset_8_1_5.csv|crp_dataset_8_1_7.csv|crp_dataset_8_1_6.csv,crp_dataset_8_1_2.csv,0.622712254524231,0.7628865979302795,0.6218487394905727,74,23,45,114,0.039453125,0.00940721649484536,0.030045908505154637
MLP,5,0.25,1.0,crp_dataset_8_1_3.csv|crp_dataset_8_1_1.csv|crp_dataset_8_1_5.csv|crp_dataset_8_1_7.csv|crp_dataset_8_1_6.csv,crp_dataset_8_1_4.csv,0.622712254524231,0.8217054263502194,0.8091603053373347,106,23,25,102,0.023046875,0.007703488372093024,0.015343386627906977
MLP,5,0.25,1.0,crp_dataset_8_1_3.csv|crp_dataset_8_1_1.csv|crp_dataset_8_1_5.csv|crp_dataset_8_1_7.csv|crp_dataset_8_1_6.csv,crp_dataset_8_1_8.csv,0.622712254524231,0.703703703695016,0.4130434782578765,57,24,81,94,0.0283203125,0.014043209876543209,0.014277102623456791
MLP,5,0.25,1.0,crp_dataset_8_1_3.csv|crp_dataset_8_1_1.csv|crp_dataset_8_1_4.csv|crp_dataset_8_1_8.csv|crp_dataset_8_1_7.csv,crp_dataset_8_1_2.csv,0.652114987373352,0.7446808510559076,0.5882352941127039,70,24,49,113,0.039453125,0.01150265957446809,0.02795046542553191
MLP,5,0.25,1.0,crp_dataset_8_1_3.csv|crp_dataset_8_1_1.csv|crp_dataset_8_1_4.csv|crp_dataset_8_1_8.csv|crp_dataset_8_1_7.csv,crp_dataset_8_1_5.csv,0.652114987373352,0.7272727272644628,0.6399999999936,64,24,36,132,0.039282226562499994,0.011292613636363637,0.02798961292613636
MLP,5,0.25,1.0,crp_dataset_8_1_3.csv|crp_dataset_8_1_1.csv|crp_dataset_8_1_4.csv|crp_dataset_8_1_8.csv|crp_dataset_8_1_7.csv,crp_dataset_8_1_6.csv,0.652114987373352,0.8734177215079314,0.4928571428536225,69,10,71,106,0.026928710937499996,0.005142405063291139,0.021786305874208857
MLP,5,0.25,1.0,crp_dataset_8_1_3.csv|crp_dataset_8_1_1.csv|crp_dataset_8_1_4.csv|crp_dataset_8_1_8.csv|crp_dataset_8_1_6.csv,crp_dataset_8_1_2.csv,0.6044616103172302,0.7073170731621059,0.4873949579790975,58,24,61,113,0.039453125,0.015625,0.023828125
MLP,5,0.25,1.0,crp_dataset_8_1_3.csv|crp_dataset_8_1_1.csv|crp_dataset_8_1_4.csv|crp_dataset_8_1_8.csv|crp_dataset_8_1_6.csv,crp_dataset_8_1_5.csv,0.6044616103172302,0.5304347826040832,0.6099999999939,61,54,39,102,0.039282226562499994,0.02864130434782609,0.010640922214673904
MLP,5,0.25,1.0,crp_dataset_8_1_3.csv|crp_dataset_8_1_1.csv|crp_dataset_8_1_4.csv|crp_dataset_8_1_8.csv|crp_dataset_8_1_6.csv,crp_dataset_8_1_7.csv,0.6044616103172302,0.9249999999922917,0.5045454545431611,111,9,109,27,0.0095703125,0.003229166666666667,0.006341145833333334
MLP,5,0.25,1.0,crp_dataset_8_1_3.csv|crp_dataset_8_1_1.csv|crp_dataset_8_1_4.csv|crp_dataset_8_1_7.csv|crp_dataset_8_1_6.csv,crp_dataset_8_1_2.csv,0.6303331851959229,0.6608695652116446,0.6386554621795071,76,39,43,98,0.039453125,0.01809782608695652,0.02135529891304348
MLP,5,0.25,1.0,crp_dataset_8_1_3.csv|crp_dataset_8_1_1.csv|crp_dataset_8_1_4.csv|crp_dataset_8_1_7.csv|crp_dataset_8_1_6.csv,crp_dataset_8_1_5.csv,0.6303331851959229,0.5798319327682366,0.6899999999931,69,50,31,106,0.039282226562499994,0.021165966386554616,0.01811626017594538
MLP,5,0.25,1.0,crp_dataset_8_1_3.csv|crp_dataset_8_1_1.csv|crp_dataset_8_1_4.csv|crp_dataset_8_1_7.csv|crp_dataset_8_1_6.csv,crp_dataset_8_1_8.csv,0.6303331851959229,0.5315315315267429,0.4275362318809599,59,52,79,66,0.0283203125,0.028772522522522527,-0.000452210022522527
MLP,5,0.25,1.0,crp_dataset_8_1_3.csv|crp_dataset_8_1_1.csv|crp_dataset_8_1_8.csv|crp_dataset_8_1_7.csv|crp_dataset_8_1_6.csv,crp_dataset_8_1_2.csv,0.6054208874702454,0.6370967741884105,0.6638655462129087,79,45,40,92,0.039453125,0.024798387096774194,0.014654737903225804
MLP,5,0.25,1.0,crp_dataset_8_1_3.csv|crp_dataset_8_1_1.csv|crp_dataset_8_1_8.csv|crp_dataset_8_1_7.csv|crp_dataset_8_1_6.csv,crp_dataset_8_1_5.csv,0.6054208874702454,0.6015624999953003,0.7699999999923,77,51,23,105,0.039282226562499994,0.024658203125,0.014624023437499994
MLP,5,0.25,1.0,crp_dataset_8_1_3.csv|crp_dataset_8_1_1.csv|crp_dataset_8_1_8.csv|crp_dataset_8_1_7.csv|crp_dataset_8_1_6.csv,crp_dataset_8_1_4.csv,0.6054208874702454,0.7333333333279013,0.7557251908339259,99,36,32,89,0.023046875,0.011435185185185187,0.011611689814814814
MLP,5,0.25,1.0,crp_dataset_8_1_3.csv|crp_dataset_8_1_5.csv|crp_dataset_8_1_4.csv|crp_dataset_8_1_8.csv|crp_dataset_8_1_7.csv,crp_dataset_8_1_2.csv,0.6017871499061584,0.7499999999901316,0.4789915966346303,57,19,62,118,0.039453125,0.01175986842105263,0.02769325657894737
MLP,5,0.25,1.0,crp_dataset_8_1_3.csv|crp_dataset_8_1_5.csv|crp_dataset_8_1_4.csv|crp_dataset_8_1_8.csv|crp_dataset_8_1_7.csv,crp_dataset_8_1_1.csv,0.6017871499061584,0.7555555555387655,0.26984126983912826,34,11,92,119,0.0252685546875,0.013055555555555556,0.012212999131944444
MLP,5,0.25,1.0,crp_dataset_8_1_3.csv|crp_dataset_8_1_5.csv|crp_dataset_8_1_4.csv|crp_dataset_8_1_8.csv|crp_dataset_8_1_7.csv,crp_dataset_8_1_6.csv,0.6017871499061584,0.7976190476095522,0.4785714285680102,67,17,73,99,0.026928710937499996,0.011904761904761904,0.015023949032738092
MLP,5,0.25,1.0,crp_dataset_8_1_3.csv|crp_dataset_8_1_5.csv|crp_dataset_8_1_4.csv|crp_dataset_8_1_8.csv|crp_dataset_8_1_6.csv,crp_dataset_8_1_2.csv,0.6001680493354797,0.7411764705795155,0.5294117647014335,63,22,56,115,0.039453125,0.010735294117647056,0.02871783088235294
MLP,5,0.25,1.0,crp_dataset_8_1_3.csv|crp_dataset_8_1_5.csv|crp_dataset_8_1_4.csv|crp_dataset_8_1_8.csv|crp_dataset_8_1_6.csv,crp_dataset_8_1_1.csv,0.6001680493354797,0.7971014492638101,0.43650793650447217,55,14,71,116,0.0252685546875,0.007699275362318841,0.01756927932518116
MLP,5,0.25,1.0,crp_dataset_8_1_3.csv|crp_dataset_8_1_5.csv|crp_dataset_8_1_4.csv|crp_dataset_8_1_8.csv|crp_dataset_8_1_6.csv,crp_dataset_8_1_7.csv,0.6001680493354797,0.9290322580585224,0.6545454545424794,144,11,76,25,0.0095703125,0.0033467741935483872,0.006223538306451613
MLP,5,0.25,1.0,crp_dataset_8_1_3.csv|crp_dataset_8_1_5.csv|crp_dataset_8_1_4.csv|crp_dataset_8_1_7.csv|crp_dataset_8_1_6.csv,crp_dataset_8_1_2.csv,0.6296940445899963,0.7439024390153183,0.5126050420124991,61,21,58,116,0.039453125,0.013795731707317075,0.025657393292682924
MLP,5,0.25,1.0,crp_dataset_8_1_3.csv|crp_dataset_8_1_5.csv|crp_dataset_8_1_4.csv|crp_dataset_8_1_7.csv|crp_dataset_8_1_6.csv,crp_dataset_8_1_1.csv,0.6296940445899963,0.8064516128902186,0.39682539682224743,50,12,76,118,0.0252685546875,0.007459677419354839,0.01780887726814516
MLP,5,0.25,1.0,crp_dataset_8_1_3.csv|crp_dataset_8_1_5.csv|crp_dataset_8_1_4.csv|crp_dataset_8_1_7.csv|crp_dataset_8_1_6.csv,crp_dataset_8_1_8.csv,0.6296940445899963,0.672413793091855,0.28260869565012603,39,19,99,99,0.0283203125,0.015301724137931034,0.013018588362068966
MLP,5,0.25,1.0,crp_dataset_8_1_3.csv|crp_dataset_8_1_5.csv|crp_dataset_8_1_8.csv|crp_dataset_8_1_7.csv|crp_dataset_8_1_6.csv,crp_dataset_8_1_2.csv,0.6394990682601929,0.7272727272632822,0.47058823529016314,56,21,63,116,0.039453125,0.017532467532467535,0.021920657467532464
MLP,5,0.25,1.0,crp_dataset_8_1_3.csv|crp_dataset_8_1_5.csv|crp_dataset_8_1_8.csv|crp_dataset_8_1_7.csv|crp_dataset_8_1_6.csv,crp_dataset_8_1_1.csv,0.6394990682601929,0.7758620689521404,0.35714285714002264,45,13,81,117,0.0252685546875,0.009482758620689657,0.015785796066810343
MLP,5,0.25,1.0,crp_dataset_8_1_3.csv|crp_dataset_8_1_5.csv|crp_dataset_8_1_8.csv|crp_dataset_8_1_7.csv|crp_dataset_8_1_6.csv,crp_dataset_8_1_4.csv,0.6394990682601929,0.7211538461469119,0.5725190839650953,75,29,56,96,0.023046875,0.013341346153846153,0.009705528846153848
MLP,5,0.25,1.0,crp_dataset_8_1_3.csv|crp_dataset_8_1_4.csv|crp_dataset_8_1_8.csv|crp_dataset_8_1_7.csv|crp_dataset_8_1_6.csv,crp_dataset_8_1_2.csv,0.6140591502189636,0.6880733944891002,0.6302521008350399,75,34,44,103,0.039453125,0.016456422018348627,0.022996702981651372
MLP,5,0.25,1.0,crp_dataset_8_1_3.csv|crp_dataset_8_1_4.csv|crp_dataset_8_1_8.csv|crp_dataset_8_1_7.csv|crp_dataset_8_1_6.csv,crp_dataset_8_1_1.csv,0.6140591502189636,0.7011494252792971,0.4841269841231418,61,26,65,104,0.0252685546875,0.014511494252873562,0.010757060434626438
MLP,5,0.25,1.0,crp_dataset_8_1_3.csv|crp_dataset_8_1_4.csv|crp_dataset_8_1_8.csv|crp_dataset_8_1_7.csv|crp_dataset_8_1_6.csv,crp_dataset_8_1_5.csv,0.6140591502189636,0.5671641791002451,0.7599999999924,76,58,24,98,0.039282226562499994,0.02775186567164179,0.011530360890858203
MLP,5,0.25,1.0,crp_dataset_8_1_1.csv|crp_dataset_8_1_5.csv|crp_dataset_8_1_4.csv|crp_dataset_8_1_8.csv|crp_dataset_8_1_7.csv,crp_dataset_8_1_2.csv,0.6086870431900024,0.5585585585535264,0.5210084033569663,62,49,57,88,0.039453125,0.02905405405405406,0.01039907094594594
MLP,5,0.25,1.0,crp_dataset_8_1_1.csv|crp_dataset_8_1_5.csv|crp_dataset_8_1_4.csv|crp_dataset_8_1_8.csv|crp_dataset_8_1_7.csv,crp_dataset_8_1_3.csv,0.6086870431900024,0.761904761898715,0.5549132947944803,96,30,77,53,0.0196044921875,0.014087301587301586,0.0055171906001984135
MLP,5,0.25,1.0,crp_dataset_8_1_1.csv|crp_dataset_8_1_5.csv|crp_dataset_8_1_4.csv|crp_dataset_8_1_8.csv|crp_dataset_8_1_7.csv,crp_dataset_8_1_6.csv,0.6086870431900024,0.6666666666609686,0.5571428571388776,78,39,62,77,0.026928710937499996,0.019764957264957264,0.007163753672542732
MLP,5,0.25,1.0,crp_dataset_8_1_1.csv|crp_dataset_8_1_5.csv|crp_dataset_8_1_4.csv|crp_dataset_8_1_8.csv|crp_dataset_8_1_6.csv,crp_dataset_8_1_2.csv,0.6046329736709595,0.7428571428359184,0.21848739495614716,26,9,93,128,0.039453125,0.014464285714285714,0.024988839285714284
MLP,5,0.25,1.0,crp_dataset_8_1_1.csv|crp_dataset_8_1_5.csv|crp_dataset_8_1_4.csv|crp_dataset_8_1_8.csv|crp_dataset_8_1_6.csv,crp_dataset_8_1_3.csv,0.6046329736709595,0.9148936170018108,0.24855491329336096,43,4,130,79,0.0196044921875,0.002127659574468085,0.017476832613031915
MLP,5,0.25,1.0,crp_dataset_8_1_1.csv|crp_dataset_8_1_5.csv|crp_dataset_8_1_4.csv|crp_dataset_8_1_8.csv|crp_dataset_8_1_6.csv,crp_dataset_8_1_7.csv,0.6046329736709595,0.9848484848335628,0.2954545454532025,65,1,155,35,0.0095703125,0.0004734848484848485,0.009096827651515153
MLP,5,0.25,1.0,crp_dataset_8_1_1.csv|crp_dataset_8_1_5.csv|crp_dataset_8_1_4.csv|crp_dataset_8_1_7.csv|crp_dataset_8_1_6.csv,crp_dataset_8_1_2.csv,0.6125237345695496,0.7934782608609404,0.6134453781461054,73,19,46,118,0.039453125,0.006929347826086957,0.03252377717391304
MLP,5,0.25,1.0,crp_dataset_8_1_1.csv|crp_dataset_8_1_5.csv|crp_dataset_8_1_4.csv|crp_dataset_8_1_7.csv|crp_dataset_8_1_6.csv,crp_dataset_8_1_3.csv,0.6125237345695496,0.8547008546935495,0.5780346820775837,100,17,73,66,0.0196044921875,0.007692307692307693,0.011912184495192307
MLP,5,0.25,1.0,crp_dataset_8_1_1.csv|crp_dataset_8_1_5.csv|crp_dataset_8_1_4.csv|crp_dataset_8_1_7.csv|crp_dataset_8_1_6.csv,crp_dataset_8_1_8.csv,0.6125237345695496,0.65476190475411,0.39855072463479313,55,29,83,89,0.0283203125,0.019122023809523814,0.009198288690476186
MLP,5,0.25,1.0,crp_dataset_8_1_1.csv|crp_dataset_8_1_5.csv|crp_dataset_8_1_8.csv|crp_dataset_8_1_7.csv|crp_dataset_8_1_6.csv,crp_dataset_8_1_2.csv,0.6185527443885803,0.7099999999929,0.5966386554571711,71,29,48,108,0.039453125,0.014750000000000003,0.024703124999999996
MLP,5,0.25,1.0,crp_dataset_8_1_1.csv|crp_dataset_8_1_5.csv|crp_dataset_8_1_8.csv|crp_dataset_8_1_7.csv|crp_dataset_8_1_6.csv,crp_dataset_8_1_3.csv,0.6185527443885803,0.8932038834864737,0.531791907511377,92,11,81,72,0.0196044921875,0.0051577669902912624,0.014446725197208736
MLP,5,0.25,1.0,crp_dataset_8_1_1.csv|crp_dataset_8_1_5.csv|crp_dataset_8_1_8.csv|crp_dataset_8_1_7.csv|crp_dataset_8_1_6.csv,crp_dataset_8_1_4.csv,0.6185527443885803,0.852941176462226,0.6641221373995105,87,15,44,110,0.023046875,0.006004901960784314,0.017041973039215688
MLP,5,0.25,1.0,crp_dataset_8_1_1.csv|crp_dataset_8_1_4.csv|crp_dataset_8_1_8.csv|crp_dataset_8_1_7.csv|crp_dataset_8_1_6.csv,crp_dataset_8_1_2.csv,0.6783756017684937,0.8113207547016732,0.36134453781208953,43,10,76,127,0.039453125,0.004834905660377358,0.03461821933962264
MLP,5,0.25,1.0,crp_dataset_8_1_1.csv|crp_dataset_8_1_4.csv|crp_dataset_8_1_8.csv|crp_dataset_8_1_7.csv|crp_dataset_8_1_6.csv,crp_dataset_8_1_3.csv,0.6783756017684937,0.8915662650494992,0.4277456647374119,74,9,99,74,0.0196044921875,0.004292168674698795,0.015312323512801203
MLP,5,0.25,1.0,crp_dataset_8_1_1.csv|crp_dataset_8_1_4.csv|crp_dataset_8_1_8.csv|crp_dataset_8_1_7.csv|crp_dataset_8_1_6.csv,crp_dataset_8_1_5.csv,0.6783756017684937,0.6849315068399324,0.499999999995,50,23,50,133,0.039282226562499994,0.014212328767123288,0.025069897795376706
MLP,5,0.25,1.0,crp_dataset_8_1_5.csv|crp_dataset_8_1_4.csv|crp_dataset_8_1_8.csv|crp_dataset_8_1_7.csv|crp_dataset_8_1_6.csv,crp_dataset_8_1_2.csv,0.6024176478385925,0.6999999999922222,0.5294117647014335,63,27,56,110,0.039453125,0.016805555555555556,0.022647569444444442
MLP,5,0.25,1.0,crp_dataset_8_1_5.csv|crp_dataset_8_1_4.csv|crp_dataset_8_1_8.csv|crp_dataset_8_1_7.csv|crp_dataset_8_1_6.csv,crp_dataset_8_1_3.csv,0.6024176478385925,0.84615384614571,0.5086705202282736,88,16,85,67,0.0196044921875,0.009134615384615383,0.010469876802884616
MLP,5,0.25,1.0,crp_dataset_8_1_5.csv|crp_dataset_8_1_4.csv|crp_dataset_8_1_8.csv|crp_dataset_8_1_7.csv|crp_dataset_8_1_6.csv,crp_dataset_8_1_1.csv,0.6024176478385925,0.7230769230657987,0.37301587301291256,47,18,79,112,0.0252685546875,0.013557692307692307,0.011710862379807693
MLP,6,0.25,1.0,crp_dataset_8_1_2.csv|crp_dataset_8_1_3.csv|crp_dataset_8_1_1.csv|crp_dataset_8_1_5.csv|crp_dataset_8_1_4.csv|crp_dataset_8_1_8.csv,crp_dataset_8_1_7.csv,0.6010531783103943,0.9266666666604889,0.6318181818153099,139,11,81,25,0.0095703125,0.004625000000000001,0.0049453125
MLP,6,0.25,1.0,crp_dataset_8_1_2.csv|crp_dataset_8_1_3.csv|crp_dataset_8_1_1.csv|crp_dataset_8_1_5.csv|crp_dataset_8_1_4.csv|crp_dataset_8_1_8.csv,crp_dataset_8_1_6.csv,0.6010531783103943,0.8253968253837239,0.3714285714259184,52,11,88,105,0.026928710937499996,0.008432539682539682,0.018496171254960315
MLP,6,0.25,1.0,crp_dataset_8_1_2.csv|crp_dataset_8_1_3.csv|crp_dataset_8_1_1.csv|crp_dataset_8_1_5.csv|crp_dataset_8_1_4.csv|crp_dataset_8_1_7.csv,crp_dataset_8_1_8.csv,0.7003044486045837,0.6461538461439053,0.30434782608475114,42,23,96,95,0.0283203125,0.017884615384615388,0.010435697115384612
MLP,6,0.25,1.0,crp_dataset_8_1_2.csv|crp_dataset_8_1_3.csv|crp_dataset_8_1_1.csv|crp_dataset_8_1_5.csv|crp_dataset_8_1_4.csv|crp_dataset_8_1_7.csv,crp_dataset_8_1_6.csv,0.7003044486045837,0.8533333333219555,0.45714285713959185,64,11,76,105,0.026928710937499996,0.008666666666666666,0.01826204427083333
MLP,6,0.25,1.0,crp_dataset_8_1_2.csv|crp_dataset_8_1_3.csv|crp_dataset_8_1_1.csv|crp_dataset_8_1_5.csv|crp_dataset_8_1_4.csv|crp_dataset_8_1_6.csv,crp_dataset_8_1_8.csv,0.6132189035415649,0.6984126984016126,0.3188405797078345,44,19,94,99,0.0283203125,0.01626984126984127,0.012050471230158729
MLP,6,0.25,1.0,crp_dataset_8_1_2.csv|crp_dataset_8_1_3.csv|crp_dataset_8_1_1.csv|crp_dataset_8_1_5.csv|crp_dataset_8_1_4.csv|crp_dataset_8_1_6.csv,crp_dataset_8_1_7.csv,0.6132189035415649,0.9302325581323239,0.5454545454520662,120,9,100,27,0.0095703125,0.003391472868217054,0.0061788396317829465
MLP,6,0.25,1.0,crp_dataset_8_1_2.csv|crp_dataset_8_1_3.csv|crp_dataset_8_1_1.csv|crp_dataset_8_1_5.csv|crp_dataset_8_1_8.csv|crp_dataset_8_1_7.csv,crp_dataset_8_1_4.csv,0.6100767254829407,0.7999999999933333,0.7328244274753221,96,24,35,101,0.023046875,0.008333333333333333,0.014713541666666668
MLP,6,0.25,1.0,crp_dataset_8_1_2.csv|crp_dataset_8_1_3.csv|crp_dataset_8_1_1.csv|crp_dataset_8_1_5.csv|crp_dataset_8_1_8.csv|crp_dataset_8_1_7.csv,crp_dataset_8_1_6.csv,0.6100767254829407,0.7586206896486326,0.6285714285669388,88,28,52,88,0.026928710937499996,0.014655172413793105,0.01227353852370689
MLP,6,0.25,1.0,crp_dataset_8_1_2.csv|crp_dataset_8_1_3.csv|crp_dataset_8_1_1.csv|crp_dataset_8_1_5.csv|crp_dataset_8_1_8.csv|crp_dataset_8_1_6.csv,crp_dataset_8_1_4.csv,0.6077617406845093,0.7868852458887396,0.36641221373766103,48,13,83,112,0.023046875,0.010040983606557377,0.013005891393442624
MLP,6,0.25,1.0,crp_dataset_8_1_2.csv|crp_dataset_8_1_3.csv|crp_dataset_8_1_1.csv|crp_dataset_8_1_5.csv|crp_dataset_8_1_8.csv|crp_dataset_8_1_6.csv,crp_dataset_8_1_7.csv,0.6077617406845093,0.9509803921475394,0.4409090909070868,97,5,123,31,0.0095703125,0.0026960784313725494,0.006874234068627451
MLP,6,0.25,1.0,crp_dataset_8_1_2.csv|crp_dataset_8_1_3.csv|crp_dataset_8_1_1.csv|crp_dataset_8_1_5.csv|crp_dataset_8_1_7.csv|crp_dataset_8_1_6.csv,crp_dataset_8_1_4.csv,0.610355794429779,0.8348623853134416,0.6946564885443156,91,18,40,107,0.023046875,0.006594036697247707,0.016452838302752293
MLP,6,0.25,1.0,crp_dataset_8_1_2.csv|crp_dataset_8_1_3.csv|crp_dataset_8_1_1.csv|crp_dataset_8_1_5.csv|crp_dataset_8_1_7.csv|crp_dataset_8_1_6.csv,crp_dataset_8_1_8.csv,0.610355794429779,0.7534246575239256,0.39855072463479313,55,18,83,100,0.0283203125,0.010188356164383561,0.01813195633561644
MLP,6,0.25,1.0,crp_dataset_8_1_2.csv|crp_dataset_8_1_3.csv|crp_dataset_8_1_1.csv|crp_dataset_8_1_4.csv|crp_dataset_8_1_8.csv|crp_dataset_8_1_7.csv,crp_dataset_8_1_5.csv,0.645382821559906,0.7019230769163276,0.7299999999926999,73,31,27,125,0.039282226562499994,0.013521634615384616,0.02576059194711538
MLP,6,0.25,1.0,crp_dataset_8_1_2.csv|crp_dataset_8_1_3.csv|crp_dataset_8_1_1.csv|crp_dataset_8_1_4.csv|crp_dataset_8_1_8.csv|crp_dataset_8_1_7.csv,crp_dataset_8_1_6.csv,0.645382821559906,0.7777777777705761,0.5999999999957143,84,24,56,92,0.026928710937499996,0.014120370370370372,0.012808340567129624
MLP,6,0.25,1.0,crp_dataset_8_1_2.csv|crp_dataset_8_1_3.csv|crp_dataset_8_1_1.csv|crp_dataset_8_1_4.csv|crp_dataset_8_1_8.csv|crp_dataset_8_1_6.csv,crp_dataset_8_1_5.csv,0.6046931147575378,0.5575221238888715,0.6299999999936999,63,50,37,106,0.039282226562499994,0.025995575221238937,0.013286651341261058
MLP,6,0.25,1.0,crp_dataset_8_1_2.csv|crp_dataset_8_1_3.csv|crp_dataset_8_1_1.csv|crp_dataset_8_1_4.csv|crp_dataset_8_1_8.csv|crp_dataset_8_1_6.csv,crp_dataset_8_1_7.csv,0.6046931147575378,0.9385964912198368,0.48636363636142566,107,7,113,29,0.0095703125,0.0035087719298245615,0.006061540570175439
MLP,6,0.25,1.0,crp_dataset_8_1_2.csv|crp_dataset_8_1_3.csv|crp_dataset_8_1_1.csv|crp_dataset_8_1_4.csv|crp_dataset_8_1_7.csv|crp_dataset_8_1_6.csv,crp_dataset_8_1_5.csv,0.6012038588523865,0.6969696969626569,0.6899999999931,69,30,31,126,0.039282226562499994,0.014835858585858586,0.02444636797664141
MLP,6,0.25,1.0,crp_dataset_8_1_2.csv|crp_dataset_8_1_3.csv|crp_dataset_8_1_1.csv|crp_dataset_8_1_4.csv|crp_dataset_8_1_7.csv|crp_dataset_8_1_6.csv,crp_dataset_8_1_8.csv,0.6012038588523865,0.6136363636293904,0.39130434782325146,54,34,84,84,0.0283203125,0.023721590909090907,0.0045987215909090925
MLP,6,0.25,1.0,crp_dataset_8_1_2.csv|crp_dataset_8_1_3.csv|crp_dataset_8_1_1.csv|crp_dataset_8_1_8.csv|crp_dataset_8_1_7.csv|crp_dataset_8_1_6.csv,crp_dataset_8_1_5.csv,0.6377187967300415,0.6886792452765219,0.7299999999926999,73,33,27,123,0.039282226562499994,0.01373820754716981,0.025544019015330183
MLP,6,0.25,1.0,crp_dataset_8_1_2.csv|crp_dataset_8_1_3.csv|crp_dataset_8_1_1.csv|crp_dataset_8_1_8.csv|crp_dataset_8_1_7.csv|crp_dataset_8_1_6.csv,crp_dataset_8_1_4.csv,0.6377187967300415,0.8188976377888275,0.7938931297649322,104,23,27,102,0.023046875,0.008562992125984251,0.01448388287401575
MLP,6,0.25,1.0,crp_dataset_8_1_2.csv|crp_dataset_8_1_3.csv|crp_dataset_8_1_5.csv|crp_dataset_8_1_4.csv|crp_dataset_8_1_8.csv|crp_dataset_8_1_7.csv,crp_dataset_8_1_1.csv,0.662821888923645,0.7903225806324142,0.3888888888858025,49,13,77,117,0.0252685546875,0.008064516129032258,0.017204038558467742
MLP,6,0.25,1.0,crp_dataset_8_1_2.csv|crp_dataset_8_1_3.csv|crp_dataset_8_1_5.csv|crp_dataset_8_1_4.csv|crp_dataset_8_1_8.csv|crp_dataset_8_1_7.csv,crp_dataset_8_1_6.csv,0.662821888923645,0.8461538461445477,0.5499999999960715,77,14,63,102,0.026928710937499996,0.009821428571428571,0.017107282366071425
MLP,6,0.25,1.0,crp_dataset_8_1_2.csv|crp_dataset_8_1_3.csv|crp_dataset_8_1_5.csv|crp_dataset_8_1_4.csv|crp_dataset_8_1_8.csv|crp_dataset_8_1_6.csv,crp_dataset_8_1_1.csv,0.6112583875656128,0.8305084745621948,0.3888888888858025,49,10,77,120,0.0252685546875,0.005296610169491525,0.019971944518008475
MLP,6,0.25,1.0,crp_dataset_8_1_2.csv|crp_dataset_8_1_3.csv|crp_dataset_8_1_5.csv|crp_dataset_8_1_4.csv|crp_dataset_8_1_8.csv|crp_dataset_8_1_6.csv,crp_dataset_8_1_7.csv,0.6112583875656128,0.9006622516496645,0.6181818181790083,136,15,84,21,0.0095703125,0.005753311258278146,0.0038170012417218548
MLP,6,0.25,1.0,crp_dataset_8_1_2.csv|crp_dataset_8_1_3.csv|crp_dataset_8_1_5.csv|crp_dataset_8_1_4.csv|crp_dataset_8_1_7.csv|crp_dataset_8_1_6.csv,crp_dataset_8_1_1.csv,0.620472252368927,0.7701149425198837,0.5317460317418116,67,20,59,110,0.0252685546875,0.01307471264367816,0.01219384204382184
MLP,6,0.25,1.0,crp_dataset_8_1_2.csv|crp_dataset_8_1_3.csv|crp_dataset_8_1_5.csv|crp_dataset_8_1_4.csv|crp_dataset_8_1_7.csv|crp_dataset_8_1_6.csv,crp_dataset_8_1_8.csv,0.620472252368927,0.6228070175383964,0.5144927536194602,71,43,67,75,0.0283203125,0.02286184210526316,0.00545847039473684
MLP,6,0.25,1.0,crp_dataset_8_1_2.csv|crp_dataset_8_1_3.csv|crp_dataset_8_1_5.csv|crp_dataset_8_1_8.csv|crp_dataset_8_1_7.csv|crp_dataset_8_1_6.csv,crp_dataset_8_1_1.csv,0.6038105487823486,0.8499999999858334,0.40476190475869234,51,9,75,121,0.0252685546875,0.004270833333333333,0.020997721354166665
MLP,6,0.25,1.0,crp_dataset_8_1_2.csv|crp_dataset_8_1_3.csv|crp_dataset_8_1_5.csv|crp_dataset_8_1_8.csv|crp_dataset_8_1_7.csv|crp_dataset_8_1_6.csv,crp_dataset_8_1_4.csv,0.6038105487823486,0.795275590544919,0.7709923664063284,101,26,30,99,0.023046875,0.009498031496062992,0.01354884350393701
MLP,6,0.25,1.0,crp_dataset_8_1_2.csv|crp_dataset_8_1_3.csv|crp_dataset_8_1_4.csv|crp_dataset_8_1_8.csv|crp_dataset_8_1_7.csv|crp_dataset_8_1_6.csv,crp_dataset_8_1_1.csv,0.6049590110778809,0.7111111111032099,0.5079365079324767,64,26,62,104,0.0252685546875,0.012013888888888886,0.013254665798611114
MLP,6,0.25,1.0,crp_dataset_8_1_2.csv|crp_dataset_8_1_3.csv|crp_dataset_8_1_4.csv|crp_dataset_8_1_8.csv|crp_dataset_8_1_7.csv|crp_dataset_8_1_6.csv,crp_dataset_8_1_5.csv,0.6049590110778809,0.6209677419304761,0.7699999999923,77,47,23,109,0.039282226562499994,0.019102822580645166,0.02017940398185483
MLP,6,0.25,1.0,crp_dataset_8_1_2.csv|crp_dataset_8_1_1.csv|crp_dataset_8_1_5.csv|crp_dataset_8_1_4.csv|crp_dataset_8_1_8.csv|crp_dataset_8_1_7.csv,crp_dataset_8_1_3.csv,0.6165264248847961,0.8795180722785599,0.42196531791663605,73,10,100,73,0.0196044921875,0.006174698795180723,0.013429793392319277
MLP,6,0.25,1.0,crp_dataset_8_1_2.csv|crp_dataset_8_1_1.csv|crp_dataset_8_1_5.csv|crp_dataset_8_1_4.csv|crp_dataset_8_1_8.csv|crp_dataset_8_1_7.csv,crp_dataset_8_1_6.csv,0.6165264248847961,0.8115942028867884,0.39999999999714286,56,13,84,103,0.026928710937499996,0.009420289855072464,0.017508421082427533
MLP,6,0.25,1.0,crp_dataset_8_1_2.csv|crp_dataset_8_1_1.csv|crp_dataset_8_1_5.csv|crp_dataset_8_1_4.csv|crp_dataset_8_1_8.csv|crp_dataset_8_1_6.csv,crp_dataset_8_1_3.csv,0.6173434257507324,0.8793103448124258,0.29479768785956767,51,7,122,76,0.0196044921875,0.006681034482758621,0.01292345770474138
MLP,6,0.25,1.0,crp_dataset_8_1_2.csv|crp_dataset_8_1_1.csv|crp_dataset_8_1_5.csv|crp_dataset_8_1_4.csv|crp_dataset_8_1_8.csv|crp_dataset_8_1_6.csv,crp_dataset_8_1_7.csv,0.6173434257507324,0.9399999999812001,0.21363636363539257,47,3,173,33,0.0095703125,0.0032500000000000003,0.0063203125
MLP,6,0.25,1.0,crp_dataset_8_1_2.csv|crp_dataset_8_1_1.csv|crp_dataset_8_1_5.csv|crp_dataset_8_1_4.csv|crp_dataset_8_1_7.csv|crp_dataset_8_1_6.csv,crp_dataset_8_1_3.csv,0.6014319658279419,0.8947368420974146,0.5895953757191353,102,12,71,71,0.0196044921875,0.005043859649122808,0.01456063253837719
MLP,6,0.25,1.0,crp_dataset_8_1_2.csv|crp_dataset_8_1_1.csv|crp_dataset_8_1_5.csv|crp_dataset_8_1_4.csv|crp_dataset_8_1_7.csv|crp_dataset_8_1_6.csv,crp_dataset_8_1_8.csv,0.6014319658279419,0.6276595744614079,0.4275362318809599,59,35,79,83,0.0283203125,0.018417553191489366,0.009902759308510634
MLP,6,0.25,1.0,crp_dataset_8_1_2.csv|crp_dataset_8_1_1.csv|crp_dataset_8_1_5.csv|crp_dataset_8_1_8.csv|crp_dataset_8_1_7.csv|crp_dataset_8_1_6.csv,crp_dataset_8_1_3.csv,0.626352846622467,0.8636363636285124,0.5491329479737045,95,15,78,68,0.0196044921875,0.006988636363636364,0.012615855823863636
MLP,6,0.25,1.0,crp_dataset_8_1_2.csv|crp_dataset_8_1_1.csv|crp_dataset_8_1_5.csv|crp_dataset_8_1_8.csv|crp_dataset_8_1_7.csv|crp_dataset_8_1_6.csv,crp_dataset_8_1_4.csv,0.626352846622467,0.8073394495338776,0.6717557251857118,88,21,43,104,0.023046875,0.009288990825688072,0.01375788417431193
MLP,6,0.25,1.0,crp_dataset_8_1_2.csv|crp_dataset_8_1_1.csv|crp_dataset_8_1_4.csv|crp_dataset_8_1_8.csv|crp_dataset_8_1_7.csv|crp_dataset_8_1_6.csv,crp_dataset_8_1_3.csv,0.628365159034729,0.8640776698945235,0.5144508670490494,89,14,84,69,0.0196044921875,0.007949029126213591,0.011655463061286408
MLP,6,0.25,1.0,crp_dataset_8_1_2.csv|crp_dataset_8_1_1.csv|crp_dataset_8_1_4.csv|crp_dataset_8_1_8.csv|crp_dataset_8_1_7.csv|crp_dataset_8_1_6.csv,crp_dataset_8_1_5.csv,0.628365159034729,0.6555555555482716,0.5899999999941,59,31,41,125,0.039282226562499994,0.019583333333333335,0.01969889322916666
MLP,6,0.25,1.0,crp_dataset_8_1_2.csv|crp_dataset_8_1_5.csv|crp_dataset_8_1_4.csv|crp_dataset_8_1_8.csv|crp_dataset_8_1_7.csv|crp_dataset_8_1_6.csv,crp_dataset_8_1_3.csv,0.6057300567626953,0.9764705882238062,0.47976878612439444,83,2,90,81,0.0196044921875,0.0015441176470588236,0.018060374540441175
MLP,6,0.25,1.0,crp_dataset_8_1_2.csv|crp_dataset_8_1_5.csv|crp_dataset_8_1_4.csv|crp_dataset_8_1_8.csv|crp_dataset_8_1_7.csv|crp_dataset_8_1_6.csv,crp_dataset_8_1_1.csv,0.6057300567626953,0.8499999999858334,0.40476190475869234,51,9,75,121,0.0252685546875,0.006041666666666667,0.019226888020833333
MLP,6,0.25,1.0,crp_dataset_8_1_3.csv|crp_dataset_8_1_1.csv|crp_dataset_8_1_5.csv|crp_dataset_8_1_4.csv|crp_dataset_8_1_8.csv|crp_dataset_8_1_7.csv,crp_dataset_8_1_2.csv,0.6301692128181458,0.6699029126148552,0.5798319327682366,69,34,50,103,0.039453125,0.02305825242718447,0.01639487257281553
MLP,6,0.25,1.0,crp_dataset_8_1_3.csv|crp_dataset_8_1_1.csv|crp_dataset_8_1_5.csv|crp_dataset_8_1_4.csv|crp_dataset_8_1_8.csv|crp_dataset_8_1_7.csv,crp_dataset_8_1_6.csv,0.6301692128181458,0.7727272727202479,0.6071428571385205,85,25,55,91,0.026928710937499996,0.013295454545454546,0.01363325639204545
MLP,6,0.25,1.0,crp_dataset_8_1_3.csv|crp_dataset_8_1_1.csv|crp_dataset_8_1_5.csv|crp_dataset_8_1_4.csv|crp_dataset_8_1_8.csv|crp_dataset_8_1_6.csv,crp_dataset_8_1_2.csv,0.603022038936615,0.7191011235874258,0.5378151260459006,64,25,55,112,0.039453125,0.009971910112359551,0.029481214887640446
MLP,6,0.25,1.0,crp_dataset_8_1_3.csv|crp_dataset_8_1_1.csv|crp_dataset_8_1_5.csv|crp_dataset_8_1_4.csv|crp_dataset_8_1_8.csv|crp_dataset_8_1_6.csv,crp_dataset_8_1_7.csv,0.603022038936615,0.9162011173133173,0.7454545454511571,164,15,56,21,0.0095703125,0.0034916201117318434,0.006078692388268157
MLP,6,0.25,1.0,crp_dataset_8_1_3.csv|crp_dataset_8_1_1.csv|crp_dataset_8_1_5.csv|crp_dataset_8_1_4.csv|crp_dataset_8_1_7.csv|crp_dataset_8_1_6.csv,crp_dataset_8_1_2.csv,0.6283671259880066,0.7865168539237469,0.5882352941127039,70,19,49,118,0.039453125,0.008075842696629214,0.031377282303370786
MLP,6,0.25,1.0,crp_dataset_8_1_3.csv|crp_dataset_8_1_1.csv|crp_dataset_8_1_5.csv|crp_dataset_8_1_4.csv|crp_dataset_8_1_7.csv|crp_dataset_8_1_6.csv,crp_dataset_8_1_8.csv,0.6283671259880066,0.7179487179395134,0.40579710144633485,56,22,82,96,0.0283203125,0.012740384615384613,0.015579927884615387
MLP,6,0.25,1.0,crp_dataset_8_1_3.csv|crp_dataset_8_1_1.csv|crp_dataset_8_1_5.csv|crp_dataset_8_1_8.csv|crp_dataset_8_1_7.csv|crp_dataset_8_1_6.csv,crp_dataset_8_1_2.csv,0.63368159532547,0.7586206896464526,0.5546218487348351,66,21,53,116,0.039453125,0.014080459770114946,0.02537266522988505
MLP,6,0.25,1.0,crp_dataset_8_1_3.csv|crp_dataset_8_1_1.csv|crp_dataset_8_1_5.csv|crp_dataset_8_1_8.csv|crp_dataset_8_1_7.csv|crp_dataset_8_1_6.csv,crp_dataset_8_1_4.csv,0.63368159532547,0.8399999999916,0.6412213740409067,84,16,47,109,0.023046875,0.007125000000000001,0.015921875000000002
MLP,6,0.25,1.0,crp_dataset_8_1_3.csv|crp_dataset_8_1_1.csv|crp_dataset_8_1_4.csv|crp_dataset_8_1_8.csv|crp_dataset_8_1_7.csv|crp_dataset_8_1_6.csv,crp_dataset_8_1_2.csv,0.6085468530654907,0.6782608695593194,0.6554621848684414,78,37,41,100,0.039453125,0.021032608695652176,0.018420516304347823
MLP,6,0.25,1.0,crp_dataset_8_1_3.csv|crp_dataset_8_1_1.csv|crp_dataset_8_1_4.csv|crp_dataset_8_1_8.csv|crp_dataset_8_1_7.csv|crp_dataset_8_1_6.csv,crp_dataset_8_1_5.csv,0.6085468530654907,0.575999999995392,0.7199999999928,72,53,28,103,0.039282226562499994,0.02525,0.014032226562499993
MLP,6,0.25,1.0,crp_dataset_8_1_3.csv|crp_dataset_8_1_5.csv|crp_dataset_8_1_4.csv|crp_dataset_8_1_8.csv|crp_dataset_8_1_7.csv|crp_dataset_8_1_6.csv,crp_dataset_8_1_2.csv,0.6008340120315552,0.822580645148023,0.4285714285678271,51,11,68,126,0.039453125,0.006350806451612902,0.0331023185483871
MLP,6,0.25,1.0,crp_dataset_8_1_3.csv|crp_dataset_8_1_5.csv|crp_dataset_8_1_4.csv|crp_dataset_8_1_8.csv|crp_dataset_8_1_7.csv|crp_dataset_8_1_6.csv,crp_dataset_8_1_1.csv,0.6008340120315552,0.7692307692159763,0.3174603174577979,40,12,86,118,0.0252685546875,0.010096153846153847,0.015172400841346153
MLP,6,0.25,1.0,crp_dataset_8_1_1.csv|crp_dataset_8_1_5.csv|crp_dataset_8_1_4.csv|crp_dataset_8_1_8.csv|crp_dataset_8_1_7.csv|crp_dataset_8_1_6.csv,crp_dataset_8_1_2.csv,0.6181468963623047,0.764705882345444,0.6554621848684414,78,24,41,113,0.039453125,0.013909313725490197,0.025543811274509803
MLP,6,0.25,1.0,crp_dataset_8_1_1.csv|crp_dataset_8_1_5.csv|crp_dataset_8_1_4.csv|crp_dataset_8_1_8.csv|crp_dataset_8_1_7.csv|crp_dataset_8_1_6.csv,crp_dataset_8_1_3.csv,0.6181468963623047,0.887999999992896,0.6416184971061178,111,14,62,69,0.0196044921875,0.006900000000000001,0.0127044921875
MLP,7,0.25,1.0,crp_dataset_8_1_2.csv|crp_dataset_8_1_3.csv|crp_dataset_8_1_1.csv|crp_dataset_8_1_5.csv|crp_dataset_8_1_4.csv|crp_dataset_8_1_8.csv|crp_dataset_8_1_7.csv,crp_dataset_8_1_6.csv,0.6634266376495361,0.8775510203992086,0.6142857142813266,86,12,54,104,0.026928710937499996,0.006568877551020409,0.020359833386479585
MLP,7,0.25,1.0,crp_dataset_8_1_2.csv|crp_dataset_8_1_3.csv|crp_dataset_8_1_1.csv|crp_dataset_8_1_5.csv|crp_dataset_8_1_4.csv|crp_dataset_8_1_8.csv|crp_dataset_8_1_6.csv,crp_dataset_8_1_7.csv,0.6143299341201782,0.9239130434732397,0.7727272727237604,170,14,50,22,0.0095703125,0.0035665760869565215,0.006003736413043479
MLP,7,0.25,1.0,crp_dataset_8_1_2.csv|crp_dataset_8_1_3.csv|crp_dataset_8_1_1.csv|crp_dataset_8_1_5.csv|crp_dataset_8_1_4.csv|crp_dataset_8_1_7.csv|crp_dataset_8_1_6.csv,crp_dataset_8_1_8.csv,0.6803919076919556,0.7073170731621059,0.42028985506941824,58,24,80,94,0.0283203125,0.016692073170731708,0.011628239329268292
MLP,7,0.25,1.0,crp_dataset_8_1_2.csv|crp_dataset_8_1_3.csv|crp_dataset_8_1_1.csv|crp_dataset_8_1_5.csv|crp_dataset_8_1_8.csv|crp_dataset_8_1_7.csv|crp_dataset_8_1_6.csv,crp_dataset_8_1_4.csv,0.6183735132217407,0.8655462184801215,0.7862595419787309,103,16,28,109,0.023046875,0.0063025210084033615,0.01674435399159664
MLP,7,0.25,1.0,crp_dataset_8_1_2.csv|crp_dataset_8_1_3.csv|crp_dataset_8_1_1.csv|crp_dataset_8_1_4.csv|crp_dataset_8_1_8.csv|crp_dataset_8_1_7.csv|crp_dataset_8_1_6.csv,crp_dataset_8_1_5.csv,0.620989978313446,0.7333333333263492,0.7699999999923,77,28,23,128,0.039282226562499994,0.010833333333333335,0.02844889322916666
MLP,7,0.25,1.0,crp_dataset_8_1_2.csv|crp_dataset_8_1_3.csv|crp_dataset_8_1_5.csv|crp_dataset_8_1_4.csv|crp_dataset_8_1_8.csv|crp_dataset_8_1_7.csv|crp_dataset_8_1_6.csv,crp_dataset_8_1_1.csv,0.6612659096717834,0.9038461538287722,0.37301587301291256,47,5,79,125,0.0252685546875,0.0031249999999999997,0.0221435546875
MLP,7,0.25,1.0,crp_dataset_8_1_2.csv|crp_dataset_8_1_1.csv|crp_dataset_8_1_5.csv|crp_dataset_8_1_4.csv|crp_dataset_8_1_8.csv|crp_dataset_8_1_7.csv|crp_dataset_8_1_6.csv,crp_dataset_8_1_3.csv,0.6384492516517639,0.8849557522045579,0.5780346820775837,100,13,73,70,0.0196044921875,0.005088495575221239,0.01451599661227876
MLP,7,0.25,1.0,crp_dataset_8_1_3.csv|crp_dataset_8_1_1.csv|crp_dataset_8_1_5.csv|crp_dataset_8_1_4.csv|crp_dataset_8_1_8.csv|crp_dataset_8_1_7.csv|crp_dataset_8_1_6.csv,crp_dataset_8_1_2.csv,0.6804729104042053,0.8499999999893749,0.5714285714237695,68,12,51,125,0.039453125,0.0053125,0.034140625
