model,k_train_datasets,train_pct,test_pct,train_set,test_dataset,best_threshold,precision,recall,TP,FP,FN,TN,old_ber,new_ber,ber_reduction
MLP,1,0.75,1.0,crp_dataset_8_1_3.csv,crp_dataset_8_1_5.csv,0.6612994,0.49565217390873345,0.5699999999943,57,58,43,98,0.039282226562499994,0.03255434782608696,0.006727878736413034
MLP,1,0.75,1.0,crp_dataset_8_1_3.csv,crp_dataset_8_1_6.csv,0.6612994,0.7244897959109746,0.5071428571392347,71,27,69,89,0.026928710937499996,0.01600765306122449,0.010921057876275505
MLP,1,0.75,1.0,crp_dataset_8_1_3.csv,crp_dataset_8_1_7.csv,0.6612994,0.9171974522234574,0.6545454545424794,144,13,76,23,0.0095703125,0.005214968152866242,0.004355344347133759
MLP,1,0.75,1.0,crp_dataset_8_1_3.csv,crp_dataset_8_1_2.csv,0.6612994,0.6363636363572084,0.5294117647014335,63,36,56,101,0.039453125,0.024431818181818186,0.015021306818181812
MLP,1,0.75,1.0,crp_dataset_8_1_3.csv,crp_dataset_8_1_4.csv,0.6612994,0.6567164179055469,0.6717557251857118,88,46,43,79,0.023046875,0.0166044776119403,0.0064423973880597014
MLP,1,0.75,1.0,crp_dataset_8_1_3.csv,crp_dataset_8_1_1.csv,0.6612994,0.5643564356379767,0.45238095237736203,57,44,69,86,0.0252685546875,0.023700495049504947,0.0015680596379950527
MLP,1,0.75,1.0,crp_dataset_8_1_3.csv,crp_dataset_8_1_8.csv,0.6612994,0.580357142851961,0.47101449275021007,65,47,73,71,0.0283203125,0.023995535714285716,0.004324776785714284
MLP,1,0.75,1.0,crp_dataset_8_1_5.csv,crp_dataset_8_1_3.csv,0.66217405,0.9999999999444444,0.10404624277396506,18,0,155,83,0.0196044921875,0.0,0.0196044921875
MLP,1,0.75,1.0,crp_dataset_8_1_5.csv,crp_dataset_8_1_6.csv,0.66217405,0.624999999921875,0.03571428571403062,5,3,135,113,0.026928710937499996,0.02421875,0.002709960937499995
MLP,1,0.75,1.0,crp_dataset_8_1_5.csv,crp_dataset_8_1_7.csv,0.66217405,0.9402985074486522,0.28636363636233475,63,4,157,32,0.0095703125,0.0029850746268656717,0.0065852378731343295
MLP,1,0.75,1.0,crp_dataset_8_1_5.csv,crp_dataset_8_1_2.csv,0.66217405,0.7826086956181475,0.15126050420040957,18,5,101,132,0.039453125,0.011141304347826087,0.028311820652173914
MLP,1,0.75,1.0,crp_dataset_8_1_5.csv,crp_dataset_8_1_4.csv,0.66217405,0.941176470532872,0.12213740457922033,16,1,115,124,0.023046875,0.006985294117647059,0.016061580882352943
MLP,1,0.75,1.0,crp_dataset_8_1_5.csv,crp_dataset_8_1_1.csv,0.66217405,0.8333333331944445,0.03968253968222474,5,1,121,129,0.0252685546875,0.0020833333333333333,0.023185221354166667
MLP,1,0.75,1.0,crp_dataset_8_1_5.csv,crp_dataset_8_1_8.csv,0.66217405,0.8181818181074381,0.06521739130387524,9,2,129,116,0.0283203125,0.015340909090909094,0.012979403409090906
MLP,1,0.75,1.0,crp_dataset_8_1_6.csv,crp_dataset_8_1_3.csv,0.6838078,0.8165137614603989,0.5144508670490494,89,20,84,63,0.0196044921875,0.009461009174311927,0.010143483013188072
MLP,1,0.75,1.0,crp_dataset_8_1_6.csv,crp_dataset_8_1_5.csv,0.6838078,0.460992907798149,0.6499999999935,65,76,35,80,0.039282226562499994,0.0351063829787234,0.004175843583776595
MLP,1,0.75,1.0,crp_dataset_8_1_6.csv,crp_dataset_8_1_7.csv,0.6838078,0.9183673469294044,0.4090909090890496,90,8,130,28,0.0095703125,0.0026147959183673466,0.006955516581632654
MLP,1,0.75,1.0,crp_dataset_8_1_6.csv,crp_dataset_8_1_2.csv,0.6838078,0.6172839506096631,0.4201680672233599,50,31,69,106,0.039453125,0.021064814814814814,0.018388310185185185
MLP,1,0.75,1.0,crp_dataset_8_1_6.csv,crp_dataset_8_1_4.csv,0.6838078,0.703124999994507,0.6870229007581143,90,38,41,87,0.023046875,0.013769531250000001,0.00927734375
MLP,1,0.75,1.0,crp_dataset_8_1_6.csv,crp_dataset_8_1_1.csv,0.6838078,0.5137614678851948,0.4444444444409171,56,53,70,77,0.0252685546875,0.021444954128440365,0.0038236005590596353
MLP,1,0.75,1.0,crp_dataset_8_1_6.csv,crp_dataset_8_1_8.csv,0.6838078,0.49230769230390536,0.4637681159386684,64,66,74,52,0.0283203125,0.03360576923076923,-0.005285456730769231
MLP,1,0.75,1.0,crp_dataset_8_1_7.csv,crp_dataset_8_1_3.csv,0.75001746,0.706666666663526,0.919075144503358,159,66,14,17,0.0196044921875,0.017527777777777778,0.0020767144097222218
MLP,1,0.75,1.0,crp_dataset_8_1_7.csv,crp_dataset_8_1_5.csv,0.75001746,0.39912280701579333,0.9099999999909,91,137,9,19,0.039282226562499994,0.03952850877192982,-0.0002462822094298281
MLP,1,0.75,1.0,crp_dataset_8_1_7.csv,crp_dataset_8_1_6.csv,0.75001746,0.5511111111086617,0.8857142857079593,124,101,16,15,0.026928710937499996,0.02663888888888889,0.0002898220486111068
MLP,1,0.75,1.0,crp_dataset_8_1_7.csv,crp_dataset_8_1_2.csv,0.75001746,0.46521739130232515,0.8991596638579902,107,123,12,14,0.039453125,0.03932065217391304,0.00013247282608695732
MLP,1,0.75,1.0,crp_dataset_8_1_7.csv,crp_dataset_8_1_4.csv,0.75001746,0.5327510917007303,0.931297709916555,122,107,9,18,0.023046875,0.021943231441048035,0.001103643558951966
MLP,1,0.75,1.0,crp_dataset_8_1_7.csv,crp_dataset_8_1_1.csv,0.75001746,0.48230088495361817,0.8650793650724994,109,117,17,13,0.0252685546875,0.02577433628318584,-0.0005057815956858412
MLP,1,0.75,1.0,crp_dataset_8_1_7.csv,crp_dataset_8_1_8.csv,0.75001746,0.5265486725640418,0.8623188405734615,119,107,19,11,0.0283203125,0.0293141592920354,-0.0009938467920353987
MLP,1,0.75,1.0,crp_dataset_8_1_2.csv,crp_dataset_8_1_3.csv,0.6161198,0.80851063828067,0.2196531791894818,38,9,135,74,0.0196044921875,0.010372340425531914,0.009232151761968085
MLP,1,0.75,1.0,crp_dataset_8_1_2.csv,crp_dataset_8_1_5.csv,0.6161198,0.49056603772659313,0.2599999999974,26,27,74,129,0.039282226562499994,0.03537735849056604,0.0039048680719339576
MLP,1,0.75,1.0,crp_dataset_8_1_2.csv,crp_dataset_8_1_6.csv,0.6161198,0.8627450980222992,0.3142857142834694,44,7,96,109,0.026928710937499996,0.007352941176470588,0.019575769761029406
MLP,1,0.75,1.0,crp_dataset_8_1_2.csv,crp_dataset_8_1_7.csv,0.6161198,0.9285714285382654,0.118181818181281,26,2,194,34,0.0095703125,0.0033482142857142855,0.006222098214285715
MLP,1,0.75,1.0,crp_dataset_8_1_2.csv,crp_dataset_8_1_4.csv,0.6161198,0.7045454545294422,0.2366412213722394,31,13,100,112,0.023046875,0.011363636363636364,0.011683238636363637
MLP,1,0.75,1.0,crp_dataset_8_1_2.csv,crp_dataset_8_1_1.csv,0.6161198,0.6190476190328799,0.20634920634756865,26,16,100,114,0.0252685546875,0.015625,0.0096435546875
MLP,1,0.75,1.0,crp_dataset_8_1_2.csv,crp_dataset_8_1_8.csv,0.6161198,0.4666666666511111,0.10144927536158371,14,16,124,102,0.0283203125,0.022916666666666665,0.005403645833333335
MLP,1,0.75,1.0,crp_dataset_8_1_4.csv,crp_dataset_8_1_3.csv,0.6431252,0.8974358974243918,0.40462427745430857,70,8,103,75,0.0196044921875,0.004567307692307692,0.015037184495192308
MLP,1,0.75,1.0,crp_dataset_8_1_4.csv,crp_dataset_8_1_5.csv,0.6431252,0.5999999999933333,0.5399999999946,54,36,46,120,0.039282226562499994,0.02861111111111111,0.010671115451388883
MLP,1,0.75,1.0,crp_dataset_8_1_4.csv,crp_dataset_8_1_6.csv,0.6431252,0.8552631578834834,0.464285714282398,65,11,75,105,0.026928710937499996,0.008305921052631579,0.018622789884868415
MLP,1,0.75,1.0,crp_dataset_8_1_4.csv,crp_dataset_8_1_7.csv,0.6431252,0.9399999999812001,0.21363636363539257,47,3,173,33,0.0095703125,0.003,0.006570312500000001
MLP,1,0.75,1.0,crp_dataset_8_1_4.csv,crp_dataset_8_1_2.csv,0.6431252,0.7260273972503284,0.4453781512567615,53,20,66,117,0.039453125,0.013356164383561643,0.026096960616438354
MLP,1,0.75,1.0,crp_dataset_8_1_4.csv,crp_dataset_8_1_1.csv,0.6431252,0.6944444444347994,0.39682539682224743,50,22,76,108,0.0252685546875,0.01154513888888889,0.01372341579861111
MLP,1,0.75,1.0,crp_dataset_8_1_4.csv,crp_dataset_8_1_8.csv,0.6431252,0.5714285714195012,0.260869565215501,36,27,102,91,0.0283203125,0.030654761904761907,-0.002334449404761907
MLP,1,0.75,1.0,crp_dataset_8_1_1.csv,crp_dataset_8_1_3.csv,0.6206619,0.7187499999775392,0.13294797687784424,23,9,150,74,0.0196044921875,0.0201171875,-0.0005126953125000021
MLP,1,0.75,1.0,crp_dataset_8_1_1.csv,crp_dataset_8_1_5.csv,0.6206619,0.5652173912797731,0.1299999999987,13,10,87,146,0.039282226562499994,0.033695652173913036,0.005586574388586958
MLP,1,0.75,1.0,crp_dataset_8_1_1.csv,crp_dataset_8_1_6.csv,0.6206619,0.6190476190181405,0.0928571428564796,13,8,127,108,0.026928710937499996,0.023809523809523808,0.0031191871279761876
MLP,1,0.75,1.0,crp_dataset_8_1_1.csv,crp_dataset_8_1_7.csv,0.6206619,0.9399999999812001,0.21363636363539257,47,3,173,33,0.0095703125,0.004375,0.0051953125
MLP,1,0.75,1.0,crp_dataset_8_1_1.csv,crp_dataset_8_1_2.csv,0.6206619,0.4062499999873047,0.10924369747807358,13,19,106,118,0.039453125,0.0431640625,-0.003710937500000004
MLP,1,0.75,1.0,crp_dataset_8_1_1.csv,crp_dataset_8_1_4.csv,0.6206619,0.6756756756574143,0.19083969465503178,25,12,106,113,0.023046875,0.011824324324324325,0.011222550675675676
MLP,1,0.75,1.0,crp_dataset_8_1_1.csv,crp_dataset_8_1_8.csv,0.6206619,0.7391304347504726,0.1231884057962088,17,6,121,112,0.0283203125,0.01032608695652174,0.017994225543478258
MLP,1,0.75,1.0,crp_dataset_8_1_8.csv,crp_dataset_8_1_3.csv,0.61847454,0.6902654867195551,0.45086705202051525,78,35,95,48,0.0196044921875,0.020077433628318583,-0.00047294144081858405
MLP,1,0.75,1.0,crp_dataset_8_1_8.csv,crp_dataset_8_1_5.csv,0.61847454,0.5303030302949954,0.3499999999965,35,31,65,125,0.039282226562499994,0.02215909090909091,0.017123135653409085
MLP,1,0.75,1.0,crp_dataset_8_1_8.csv,crp_dataset_8_1_6.csv,0.61847454,0.45098039215244135,0.32857142856908167,46,56,94,60,0.026928710937499996,0.033026960784313726,-0.00609824984681373
MLP,1,0.75,1.0,crp_dataset_8_1_8.csv,crp_dataset_8_1_7.csv,0.61847454,0.8869047618994828,0.6772727272696488,149,19,71,17,0.0095703125,0.008519345238095237,0.0010509672619047634
MLP,1,0.75,1.0,crp_dataset_8_1_8.csv,crp_dataset_8_1_2.csv,0.61847454,0.43478260869187146,0.4201680672233599,50,65,69,72,0.039453125,0.04543478260869565,-0.005981657608695651
MLP,1,0.75,1.0,crp_dataset_8_1_8.csv,crp_dataset_8_1_4.csv,0.61847454,0.41304347825637994,0.2900763358756483,38,54,93,71,0.023046875,0.029144021739130433,-0.006097146739130432
MLP,1,0.75,1.0,crp_dataset_8_1_8.csv,crp_dataset_8_1_1.csv,0.61847454,0.5882352941107266,0.39682539682224743,50,35,76,95,0.0252685546875,0.022426470588235287,0.0028420840992647127
MLP,2,0.75,1.0,crp_dataset_8_1_3.csv|crp_dataset_8_1_5.csv,crp_dataset_8_1_6.csv,0.6316347,0.7747747747677948,0.6142857142813266,86,25,54,91,0.026928710937499996,0.01525900900900901,0.011669701928490987
MLP,2,0.75,1.0,crp_dataset_8_1_3.csv|crp_dataset_8_1_5.csv,crp_dataset_8_1_7.csv,0.6316347,0.8987341772113978,0.9681818181774174,213,24,7,12,0.0095703125,0.006065400843881856,0.0035049116561181445
MLP,2,0.75,1.0,crp_dataset_8_1_3.csv|crp_dataset_8_1_5.csv,crp_dataset_8_1_2.csv,0.6316347,0.781249999991862,0.6302521008350399,75,21,44,116,0.039453125,0.009309895833333333,0.030143229166666667
MLP,2,0.75,1.0,crp_dataset_8_1_3.csv|crp_dataset_8_1_5.csv,crp_dataset_8_1_4.csv,0.6316347,0.8288288288213619,0.7022900763305169,92,19,39,106,0.023046875,0.008164414414414413,0.014882460585585589
MLP,2,0.75,1.0,crp_dataset_8_1_3.csv|crp_dataset_8_1_5.csv,crp_dataset_8_1_1.csv,0.6316347,0.8939393939258493,0.46825396825025195,59,7,67,123,0.0252685546875,0.0035984848484848482,0.021670069839015153
MLP,2,0.75,1.0,crp_dataset_8_1_3.csv|crp_dataset_8_1_5.csv,crp_dataset_8_1_8.csv,0.6316347,0.7624999999904687,0.4420289855040433,61,19,77,99,0.0283203125,0.005859375,0.0224609375
MLP,2,0.75,1.0,crp_dataset_8_1_3.csv|crp_dataset_8_1_6.csv,crp_dataset_8_1_5.csv,0.62586355,0.5467625899241241,0.7599999999924,76,63,24,93,0.039282226562499994,0.025719424460431652,0.013562802102068342
MLP,2,0.75,1.0,crp_dataset_8_1_3.csv|crp_dataset_8_1_6.csv,crp_dataset_8_1_7.csv,0.62586355,0.9148936170164101,0.7818181818146281,172,16,48,20,0.0095703125,0.004155585106382979,0.005414727393617022
MLP,2,0.75,1.0,crp_dataset_8_1_3.csv|crp_dataset_8_1_6.csv,crp_dataset_8_1_2.csv,0.62586355,0.6864406779602844,0.6806722689018431,81,37,38,100,0.039453125,0.015625000000000003,0.023828124999999995
MLP,2,0.75,1.0,crp_dataset_8_1_3.csv|crp_dataset_8_1_6.csv,crp_dataset_8_1_4.csv,0.62586355,0.7482014388435382,0.7938931297649322,104,35,27,90,0.023046875,0.012320143884892087,0.010726731115107914
MLP,2,0.75,1.0,crp_dataset_8_1_3.csv|crp_dataset_8_1_6.csv,crp_dataset_8_1_1.csv,0.62586355,0.6310679611589216,0.5158730158689216,65,38,61,92,0.0252685546875,0.016383495145631068,0.008885059541868932
MLP,2,0.75,1.0,crp_dataset_8_1_3.csv|crp_dataset_8_1_6.csv,crp_dataset_8_1_8.csv,0.62586355,0.5714285714240362,0.521739130431002,72,54,66,64,0.0283203125,0.03134920634920635,-0.003028893849206349
MLP,2,0.75,1.0,crp_dataset_8_1_3.csv|crp_dataset_8_1_7.csv,crp_dataset_8_1_5.csv,0.70880604,0.7472527472445356,0.6799999999931999,68,23,32,133,0.039282226562499994,0.011675824175824176,0.02760640238667582
MLP,2,0.75,1.0,crp_dataset_8_1_3.csv|crp_dataset_8_1_7.csv,crp_dataset_8_1_6.csv,0.70880604,0.8809523809418934,0.5285714285676532,74,10,66,106,0.026928710937499996,0.006175595238095239,0.02075311569940476
MLP,2,0.75,1.0,crp_dataset_8_1_3.csv|crp_dataset_8_1_7.csv,crp_dataset_8_1_2.csv,0.70880604,0.7475728155267226,0.6470588235239743,77,26,42,111,0.039453125,0.010376213592233013,0.029076911407766984
MLP,2,0.75,1.0,crp_dataset_8_1_3.csv|crp_dataset_8_1_7.csv,crp_dataset_8_1_4.csv,0.70880604,0.887931034475104,0.7862595419787309,103,13,28,112,0.023046875,0.004310344827586207,0.018736530172413793
MLP,2,0.75,1.0,crp_dataset_8_1_3.csv|crp_dataset_8_1_7.csv,crp_dataset_8_1_1.csv,0.70880604,0.8533333333219555,0.5079365079324767,64,11,62,119,0.0252685546875,0.004916666666666667,0.020351888020833334
MLP,2,0.75,1.0,crp_dataset_8_1_3.csv|crp_dataset_8_1_7.csv,crp_dataset_8_1_8.csv,0.70880604,0.6835443037888158,0.39130434782325146,54,25,84,93,0.0283203125,0.012025316455696202,0.016294996044303796
MLP,2,0.75,1.0,crp_dataset_8_1_3.csv|crp_dataset_8_1_2.csv,crp_dataset_8_1_5.csv,0.6166073,0.6034482758568668,0.699999999993,70,46,30,110,0.039282226562499994,0.02252155172413793,0.016760674838362064
MLP,2,0.75,1.0,crp_dataset_8_1_3.csv|crp_dataset_8_1_2.csv,crp_dataset_8_1_6.csv,0.6166073,0.7857142857062682,0.5499999999960715,77,21,63,95,0.026928710937499996,0.011734693877551019,0.015194017059948977
MLP,2,0.75,1.0,crp_dataset_8_1_3.csv|crp_dataset_8_1_2.csv,crp_dataset_8_1_7.csv,0.6166073,0.9208633093458931,0.5818181818155372,128,11,92,25,0.0095703125,0.0029676258992805756,0.0066026866007194256
MLP,2,0.75,1.0,crp_dataset_8_1_3.csv|crp_dataset_8_1_2.csv,crp_dataset_8_1_4.csv,0.6166073,0.761904761898715,0.7328244274753221,96,30,35,95,0.023046875,0.011061507936507937,0.011985367063492064
MLP,2,0.75,1.0,crp_dataset_8_1_3.csv|crp_dataset_8_1_2.csv,crp_dataset_8_1_1.csv,0.6166073,0.7195121951131767,0.46825396825025195,59,23,67,107,0.0252685546875,0.011432926829268292,0.013835627858231708
MLP,2,0.75,1.0,crp_dataset_8_1_3.csv|crp_dataset_8_1_2.csv,crp_dataset_8_1_8.csv,0.6166073,0.6082474226741418,0.4275362318809599,59,38,79,80,0.0283203125,0.026288659793814437,0.0020316527061855633
MLP,2,0.75,1.0,crp_dataset_8_1_3.csv|crp_dataset_8_1_4.csv,crp_dataset_8_1_5.csv,0.62165403,0.6631578947298614,0.6299999999936999,63,32,37,124,0.039282226562499994,0.01651315789473684,0.022769068667763154
MLP,2,0.75,1.0,crp_dataset_8_1_3.csv|crp_dataset_8_1_4.csv,crp_dataset_8_1_6.csv,0.62165403,0.8947368420934902,0.4857142857108164,68,8,72,108,0.026928710937499996,0.004194078947368421,0.022734631990131576
MLP,2,0.75,1.0,crp_dataset_8_1_3.csv|crp_dataset_8_1_4.csv,crp_dataset_8_1_7.csv,0.62165403,0.9462365591296104,0.3999999999981818,88,5,132,31,0.0095703125,0.0017473118279569893,0.007823000672043012
MLP,2,0.75,1.0,crp_dataset_8_1_3.csv|crp_dataset_8_1_4.csv,crp_dataset_8_1_2.csv,0.62165403,0.7792207792106595,0.504201680668032,60,17,59,120,0.039453125,0.007305194805194804,0.03214793019480519
MLP,2,0.75,1.0,crp_dataset_8_1_3.csv|crp_dataset_8_1_4.csv,crp_dataset_8_1_1.csv,0.62165403,0.8260869565097668,0.45238095237736203,57,12,69,118,0.0252685546875,0.006612318840579711,0.01865623584692029
MLP,2,0.75,1.0,crp_dataset_8_1_3.csv|crp_dataset_8_1_4.csv,crp_dataset_8_1_8.csv,0.62165403,0.661538461528284,0.3115942028962928,43,22,95,96,0.0283203125,0.02086538461538462,0.007454927884615381
MLP,2,0.75,1.0,crp_dataset_8_1_3.csv|crp_dataset_8_1_1.csv,crp_dataset_8_1_5.csv,0.6124334,0.6181818181761983,0.6799999999931999,68,42,32,114,0.039282226562499994,0.019204545454545457,0.020077681107954538
MLP,2,0.75,1.0,crp_dataset_8_1_3.csv|crp_dataset_8_1_1.csv,crp_dataset_8_1_6.csv,0.6124334,0.7735849056530794,0.5857142857101021,82,24,58,92,0.026928710937499996,0.011674528301886792,0.015254182635613204
MLP,2,0.75,1.0,crp_dataset_8_1_3.csv|crp_dataset_8_1_1.csv,crp_dataset_8_1_7.csv,0.6124334,0.8999999999955001,0.8181818181780992,180,20,40,16,0.0095703125,0.006312500000000001,0.0032578124999999994
MLP,2,0.75,1.0,crp_dataset_8_1_3.csv|crp_dataset_8_1_1.csv,crp_dataset_8_1_2.csv,0.6124334,0.6525423728758258,0.6470588235239743,77,41,42,96,0.039453125,0.018802966101694914,0.020650158898305085
MLP,2,0.75,1.0,crp_dataset_8_1_3.csv|crp_dataset_8_1_1.csv,crp_dataset_8_1_4.csv,0.6124334,0.7479674796687157,0.7022900763305169,92,31,39,94,0.023046875,0.011331300813008129,0.011715574186991873
MLP,2,0.75,1.0,crp_dataset_8_1_3.csv|crp_dataset_8_1_1.csv,crp_dataset_8_1_8.csv,0.6124334,0.5999999999936841,0.4130434782578765,57,38,81,80,0.0283203125,0.021973684210526315,0.006346628289473685
MLP,2,0.75,1.0,crp_dataset_8_1_3.csv|crp_dataset_8_1_8.csv,crp_dataset_8_1_5.csv,0.65458393,0.7571428571320408,0.5299999999946999,53,17,47,139,0.039282226562499994,0.010178571428571431,0.029103655133928562
MLP,2,0.75,1.0,crp_dataset_8_1_3.csv|crp_dataset_8_1_8.csv,crp_dataset_8_1_6.csv,0.65458393,0.6627906976667117,0.407142857139949,57,29,83,87,0.026928710937499996,0.019476744186046512,0.007451966751453484
MLP,2,0.75,1.0,crp_dataset_8_1_3.csv|crp_dataset_8_1_8.csv,crp_dataset_8_1_7.csv,0.65458393,0.8934010152238914,0.7999999999963636,176,21,44,15,0.0095703125,0.006123096446700508,0.0034472160532994928
MLP,2,0.75,1.0,crp_dataset_8_1_3.csv|crp_dataset_8_1_8.csv,crp_dataset_8_1_2.csv,0.65458393,0.6966292134753187,0.5210084033569663,62,27,57,110,0.039453125,0.019452247191011237,0.02000087780898876
MLP,2,0.75,1.0,crp_dataset_8_1_3.csv|crp_dataset_8_1_8.csv,crp_dataset_8_1_4.csv,0.65458393,0.7173913043400283,0.5038167938892839,66,26,65,99,0.023046875,0.013790760869565216,0.009256114130434786
MLP,2,0.75,1.0,crp_dataset_8_1_3.csv|crp_dataset_8_1_8.csv,crp_dataset_8_1_1.csv,0.65458393,0.6825396825288487,0.3412698412671328,43,20,83,110,0.0252685546875,0.019543650793650794,0.005724903893849206
MLP,2,0.75,1.0,crp_dataset_8_1_5.csv|crp_dataset_8_1_6.csv,crp_dataset_8_1_3.csv,0.634545,0.946428571411671,0.3063583815011193,53,3,120,80,0.0196044921875,0.0013392857142857143,0.018265206473214286
MLP,2,0.75,1.0,crp_dataset_8_1_5.csv|crp_dataset_8_1_6.csv,crp_dataset_8_1_7.csv,0.634545,0.9642857142742347,0.36818181818014467,81,3,139,33,0.0095703125,0.0018601190476190475,0.007710193452380953
MLP,2,0.75,1.0,crp_dataset_8_1_5.csv|crp_dataset_8_1_6.csv,crp_dataset_8_1_2.csv,0.634545,0.8823529411505191,0.252100840334016,30,4,89,133,0.039453125,0.003308823529411765,0.03614430147058823
MLP,2,0.75,1.0,crp_dataset_8_1_5.csv|crp_dataset_8_1_6.csv,crp_dataset_8_1_4.csv,0.634545,0.9166666666475695,0.3358778625928559,44,4,87,121,0.023046875,0.004036458333333334,0.01901041666666667
MLP,2,0.75,1.0,crp_dataset_8_1_5.csv|crp_dataset_8_1_6.csv,crp_dataset_8_1_1.csv,0.634545,0.8823529411505191,0.23809523809334845,30,4,96,126,0.0252685546875,0.003125,0.0221435546875
MLP,2,0.75,1.0,crp_dataset_8_1_5.csv|crp_dataset_8_1_6.csv,crp_dataset_8_1_8.csv,0.634545,0.7272727272506888,0.17391304347700065,24,9,114,109,0.0283203125,0.008522727272727274,0.019797585227272728
MLP,2,0.75,1.0,crp_dataset_8_1_5.csv|crp_dataset_8_1_7.csv,crp_dataset_8_1_3.csv,0.60353136,0.7681159420234195,0.6127167630022387,106,32,67,51,0.0196044921875,0.014266304347826086,0.005338187839673913
MLP,2,0.75,1.0,crp_dataset_8_1_5.csv|crp_dataset_8_1_7.csv,crp_dataset_8_1_6.csv,0.60353136,0.5590062111766522,0.642857142852551,90,71,50,45,0.026928710937499996,0.0265916149068323,0.0003370960306676961
MLP,2,0.75,1.0,crp_dataset_8_1_5.csv|crp_dataset_8_1_7.csv,crp_dataset_8_1_2.csv,0.60353136,0.5255474452516384,0.6050420168016383,72,65,47,72,0.039453125,0.03590328467153285,0.003549840328467148
MLP,2,0.75,1.0,crp_dataset_8_1_5.csv|crp_dataset_8_1_7.csv,crp_dataset_8_1_4.csv,0.60353136,0.6060606060560148,0.6106870228961017,80,52,51,73,0.023046875,0.01912878787878788,0.003918087121212121
MLP,2,0.75,1.0,crp_dataset_8_1_5.csv|crp_dataset_8_1_7.csv,crp_dataset_8_1_1.csv,0.60353136,0.7634408602068447,0.5634920634875913,71,22,55,108,0.0252685546875,0.017405913978494624,0.007862640709005376
MLP,2,0.75,1.0,crp_dataset_8_1_5.csv|crp_dataset_8_1_7.csv,crp_dataset_8_1_8.csv,0.60353136,0.7634408602068447,0.5144927536194602,71,22,67,96,0.0283203125,0.008938172043010752,0.019382140456989248
MLP,2,0.75,1.0,crp_dataset_8_1_5.csv|crp_dataset_8_1_2.csv,crp_dataset_8_1_3.csv,0.6516957,0.9756097560737657,0.23121387283103345,40,1,133,82,0.0196044921875,0.0003048780487804878,0.01929961413871951
MLP,2,0.75,1.0,crp_dataset_8_1_5.csv|crp_dataset_8_1_2.csv,crp_dataset_8_1_6.csv,0.6516957,0.9333333333022222,0.19999999999857143,28,2,112,114,0.026928710937499996,0.002916666666666667,0.024012044270833328
MLP,2,0.75,1.0,crp_dataset_8_1_5.csv|crp_dataset_8_1_2.csv,crp_dataset_8_1_7.csv,0.6516957,0.9589041095759053,0.3181818181803719,70,3,150,33,0.0095703125,0.002910958904109589,0.0066593535958904115
MLP,2,0.75,1.0,crp_dataset_8_1_5.csv|crp_dataset_8_1_2.csv,crp_dataset_8_1_4.csv,0.6516957,0.9117647058555364,0.2366412213722394,31,3,100,122,0.023046875,0.0031249999999999993,0.019921875000000002
MLP,2,0.75,1.0,crp_dataset_8_1_5.csv|crp_dataset_8_1_2.csv,crp_dataset_8_1_1.csv,0.6516957,0.9230769230059171,0.09523809523733938,12,1,114,129,0.0252685546875,0.002403846153846154,0.022864708533653848
MLP,2,0.75,1.0,crp_dataset_8_1_5.csv|crp_dataset_8_1_2.csv,crp_dataset_8_1_8.csv,0.6516957,0.6896551723900118,0.14492753623083388,20,9,118,109,0.0283203125,0.009482758620689653,0.018837553879310347
MLP,2,0.75,1.0,crp_dataset_8_1_5.csv|crp_dataset_8_1_4.csv,crp_dataset_8_1_3.csv,0.6013162,0.9459459459331628,0.40462427745430857,70,4,103,79,0.0196044921875,0.001097972972972973,0.018506519214527027
MLP,2,0.75,1.0,crp_dataset_8_1_5.csv|crp_dataset_8_1_4.csv,crp_dataset_8_1_6.csv,0.6013162,0.8833333333186112,0.3785714285687245,53,7,87,109,0.026928710937499996,0.005729166666666666,0.02119954427083333
MLP,2,0.75,1.0,crp_dataset_8_1_5.csv|crp_dataset_8_1_4.csv,crp_dataset_8_1_7.csv,0.6013162,0.9719626168133461,0.472727272725124,104,3,116,33,0.0095703125,0.0017523364485981308,0.00781797605140187
MLP,2,0.75,1.0,crp_dataset_8_1_5.csv|crp_dataset_8_1_4.csv,crp_dataset_8_1_2.csv,0.6013162,0.892857142841199,0.4201680672233599,50,6,69,131,0.039453125,0.004799107142857142,0.03465401785714286
MLP,2,0.75,1.0,crp_dataset_8_1_5.csv|crp_dataset_8_1_4.csv,crp_dataset_8_1_1.csv,0.6013162,0.9591836734498127,0.37301587301291256,47,2,79,128,0.0252685546875,0.0007653061224489797,0.02450324856505102
MLP,2,0.75,1.0,crp_dataset_8_1_5.csv|crp_dataset_8_1_4.csv,crp_dataset_8_1_8.csv,0.6013162,0.7659574467922138,0.260869565215501,36,11,102,107,0.0283203125,0.013696808510638297,0.014623503989361703
MLP,2,0.75,1.0,crp_dataset_8_1_5.csv|crp_dataset_8_1_1.csv,crp_dataset_8_1_3.csv,0.6151999,0.8345864661591386,0.6416184971061178,111,22,62,61,0.0196044921875,0.008834586466165414,0.010769905721334586
MLP,2,0.75,1.0,crp_dataset_8_1_5.csv|crp_dataset_8_1_1.csv,crp_dataset_8_1_6.csv,0.6151999,0.6484374999949342,0.5928571428529082,83,45,57,71,0.026928710937499996,0.022851562500000002,0.004077148437499994
MLP,2,0.75,1.0,crp_dataset_8_1_5.csv|crp_dataset_8_1_1.csv,crp_dataset_8_1_7.csv,0.6151999,0.8945147679287152,0.9636363636319836,212,25,8,11,0.0095703125,0.006223628691983122,0.0033466838080168787
MLP,2,0.75,1.0,crp_dataset_8_1_5.csv|crp_dataset_8_1_1.csv,crp_dataset_8_1_2.csv,0.6151999,0.6499999999935,0.5462184873903679,65,35,54,102,0.039453125,0.0238125,0.015640625
MLP,2,0.75,1.0,crp_dataset_8_1_5.csv|crp_dataset_8_1_1.csv,crp_dataset_8_1_4.csv,0.6151999,0.7398373983679688,0.6946564885443156,91,32,40,93,0.023046875,0.013008130081300813,0.010038744918699188
MLP,2,0.75,1.0,crp_dataset_8_1_5.csv|crp_dataset_8_1_1.csv,crp_dataset_8_1_8.csv,0.6151999,0.7555555555471605,0.4927536231848352,68,22,70,96,0.0283203125,0.008194444444444447,0.02012586805555555
MLP,2,0.75,1.0,crp_dataset_8_1_5.csv|crp_dataset_8_1_8.csv,crp_dataset_8_1_3.csv,0.6101518,0.7452830188608935,0.4566473988412911,79,27,94,56,0.0196044921875,0.0169811320754717,0.002623360112028298
MLP,2,0.75,1.0,crp_dataset_8_1_5.csv|crp_dataset_8_1_8.csv,crp_dataset_8_1_6.csv,0.6101518,0.4173228346423833,0.3785714285687245,53,74,87,42,0.026928710937499996,0.036466535433070865,-0.00953782449557087
MLP,2,0.75,1.0,crp_dataset_8_1_5.csv|crp_dataset_8_1_8.csv,crp_dataset_8_1_7.csv,0.6101518,0.8779342722963478,0.8499999999961364,187,26,33,10,0.0095703125,0.008773474178403755,0.0007968383215962455
MLP,2,0.75,1.0,crp_dataset_8_1_5.csv|crp_dataset_8_1_8.csv,crp_dataset_8_1_2.csv,0.6101518,0.508064516124935,0.5294117647014335,63,61,56,76,0.039453125,0.04032258064516129,-0.0008694556451612906
MLP,2,0.75,1.0,crp_dataset_8_1_5.csv|crp_dataset_8_1_8.csv,crp_dataset_8_1_4.csv,0.6101518,0.46999999999529996,0.3587786259514597,47,53,84,72,0.023046875,0.026750000000000003,-0.0037031250000000016
MLP,2,0.75,1.0,crp_dataset_8_1_5.csv|crp_dataset_8_1_8.csv,crp_dataset_8_1_1.csv,0.6101518,0.7297297297198685,0.4285714285680272,54,20,72,110,0.0252685546875,0.015118243243243241,0.010150311444256759
MLP,2,0.75,1.0,crp_dataset_8_1_6.csv|crp_dataset_8_1_7.csv,crp_dataset_8_1_3.csv,0.69875014,0.8368794326181782,0.6820809248515487,118,23,55,60,0.0196044921875,0.008776595744680852,0.010827896442819148
MLP,2,0.75,1.0,crp_dataset_8_1_6.csv|crp_dataset_8_1_7.csv,crp_dataset_8_1_5.csv,0.69875014,0.4880952380923328,0.8199999999918,82,86,18,70,0.039282226562499994,0.029873511904761903,0.009408714657738092
MLP,2,0.75,1.0,crp_dataset_8_1_6.csv|crp_dataset_8_1_7.csv,crp_dataset_8_1_2.csv,0.69875014,0.674999999994375,0.6806722689018431,81,39,38,98,0.039453125,0.018125,0.021328125
MLP,2,0.75,1.0,crp_dataset_8_1_6.csv|crp_dataset_8_1_7.csv,crp_dataset_8_1_4.csv,0.69875014,0.6894409937845377,0.8473282442683411,111,50,20,75,0.023046875,0.015100931677018634,0.007945943322981368
MLP,2,0.75,1.0,crp_dataset_8_1_6.csv|crp_dataset_8_1_7.csv,crp_dataset_8_1_1.csv,0.69875014,0.5702479338795847,0.5476190476147014,69,52,57,78,0.0252685546875,0.018853305785123967,0.006415248902376033
MLP,2,0.75,1.0,crp_dataset_8_1_6.csv|crp_dataset_8_1_7.csv,crp_dataset_8_1_8.csv,0.69875014,0.5135135135100438,0.5507246376771687,76,72,62,46,0.0283203125,0.03196790540540541,-0.0036475929054054085
MLP,2,0.75,1.0,crp_dataset_8_1_6.csv|crp_dataset_8_1_2.csv,crp_dataset_8_1_3.csv,0.61723244,0.8799999999911999,0.5086705202282736,88,12,85,71,0.0196044921875,0.0061875,0.013416992187499999
MLP,2,0.75,1.0,crp_dataset_8_1_6.csv|crp_dataset_8_1_2.csv,crp_dataset_8_1_5.csv,0.61723244,0.5809523809468481,0.6099999999939,61,44,39,112,0.039282226562499994,0.026904761904761907,0.012377464657738087
MLP,2,0.75,1.0,crp_dataset_8_1_6.csv|crp_dataset_8_1_2.csv,crp_dataset_8_1_7.csv,0.61723244,0.9347826086854915,0.39090909090731407,86,6,134,30,0.0095703125,0.0030570652173913045,0.006513247282608697
MLP,2,0.75,1.0,crp_dataset_8_1_6.csv|crp_dataset_8_1_2.csv,crp_dataset_8_1_4.csv,0.61723244,0.7547169811249554,0.6106870228961017,80,26,51,99,0.023046875,0.009610849056603773,0.013436025943396228
MLP,2,0.75,1.0,crp_dataset_8_1_6.csv|crp_dataset_8_1_2.csv,crp_dataset_8_1_1.csv,0.61723244,0.6629213483071582,0.46825396825025195,59,30,67,100,0.0252685546875,0.013342696629213486,0.011925858058286514
MLP,2,0.75,1.0,crp_dataset_8_1_6.csv|crp_dataset_8_1_2.csv,crp_dataset_8_1_8.csv,0.61723244,0.5949367088532286,0.3405797101424596,47,32,91,86,0.0283203125,0.027768987341772158,0.0005513251582278424
MLP,2,0.75,1.0,crp_dataset_8_1_6.csv|crp_dataset_8_1_4.csv,crp_dataset_8_1_3.csv,0.60995245,0.9159663865469246,0.6300578034645662,109,10,64,73,0.0196044921875,0.004044117647058824,0.015560374540441176
MLP,2,0.75,1.0,crp_dataset_8_1_6.csv|crp_dataset_8_1_4.csv,crp_dataset_8_1_5.csv,0.60995245,0.5808823529369054,0.7899999999921,79,57,21,99,0.039282226562499994,0.026608455882352944,0.01267377068014705
MLP,2,0.75,1.0,crp_dataset_8_1_6.csv|crp_dataset_8_1_4.csv,crp_dataset_8_1_7.csv,0.60995245,0.9265536723111495,0.7454545454511571,164,13,56,23,0.0095703125,0.002824858757062147,0.006745453742937854
MLP,2,0.75,1.0,crp_dataset_8_1_6.csv|crp_dataset_8_1_4.csv,crp_dataset_8_1_2.csv,0.60995245,0.705357142850845,0.6638655462129087,79,33,40,104,0.039453125,0.014453125,0.024999999999999998
MLP,2,0.75,1.0,crp_dataset_8_1_6.csv|crp_dataset_8_1_4.csv,crp_dataset_8_1_1.csv,0.60995245,0.6666666666594981,0.49206349205958677,62,31,64,99,0.0252685546875,0.015524193548387098,0.009744361139112902
MLP,2,0.75,1.0,crp_dataset_8_1_6.csv|crp_dataset_8_1_4.csv,crp_dataset_8_1_8.csv,0.60995245,0.5446428571379942,0.4420289855040433,61,51,77,67,0.0283203125,0.02873883928571428,-0.00041852678571428076
MLP,2,0.75,1.0,crp_dataset_8_1_6.csv|crp_dataset_8_1_1.csv,crp_dataset_8_1_3.csv,0.62417823,0.8695652173724008,0.23121387283103345,40,6,133,77,0.0196044921875,0.005434782608695652,0.014169709578804347
MLP,2,0.75,1.0,crp_dataset_8_1_6.csv|crp_dataset_8_1_1.csv,crp_dataset_8_1_5.csv,0.62417823,0.7999999999771429,0.2799999999972,28,7,72,149,0.039282226562499994,0.009642857142857144,0.02963936941964285
MLP,2,0.75,1.0,crp_dataset_8_1_6.csv|crp_dataset_8_1_1.csv,crp_dataset_8_1_7.csv,0.62417823,0.9677419354526535,0.13636363636301654,30,1,190,35,0.0095703125,0.002217741935483871,0.007352570564516129
MLP,2,0.75,1.0,crp_dataset_8_1_6.csv|crp_dataset_8_1_1.csv,crp_dataset_8_1_2.csv,0.62417823,0.8214285713992346,0.19327731092274555,23,5,96,132,0.039453125,0.0062499999999999995,0.033203125
MLP,2,0.75,1.0,crp_dataset_8_1_6.csv|crp_dataset_8_1_1.csv,crp_dataset_8_1_4.csv,0.62417823,0.8749999999817709,0.32061068702045337,42,6,89,119,0.023046875,0.0026041666666666665,0.020442708333333334
MLP,2,0.75,1.0,crp_dataset_8_1_6.csv|crp_dataset_8_1_1.csv,crp_dataset_8_1_8.csv,0.62417823,0.79999999996,0.1159420289846671,16,4,122,114,0.0283203125,0.012187500000000002,0.016132812499999996
MLP,2,0.75,1.0,crp_dataset_8_1_6.csv|crp_dataset_8_1_8.csv,crp_dataset_8_1_3.csv,0.61551005,0.8773584905577607,0.5375722543321528,93,13,80,70,0.0196044921875,0.005778301886792453,0.013826190300707546
MLP,2,0.75,1.0,crp_dataset_8_1_6.csv|crp_dataset_8_1_8.csv,crp_dataset_8_1_5.csv,0.61551005,0.6181818181761983,0.6799999999931999,68,42,32,114,0.039282226562499994,0.02102272727272727,0.018259499289772725
MLP,2,0.75,1.0,crp_dataset_8_1_6.csv|crp_dataset_8_1_8.csv,crp_dataset_8_1_7.csv,0.61551005,0.9209039547970571,0.7409090909057232,163,14,57,22,0.0095703125,0.0038488700564971745,0.005721442443502827
MLP,2,0.75,1.0,crp_dataset_8_1_6.csv|crp_dataset_8_1_8.csv,crp_dataset_8_1_2.csv,0.61551005,0.599999999995,0.6050420168016383,72,48,47,89,0.039453125,0.028854166666666667,0.010598958333333332
MLP,2,0.75,1.0,crp_dataset_8_1_6.csv|crp_dataset_8_1_8.csv,crp_dataset_8_1_4.csv,0.61551005,0.7264957264895171,0.648854961827108,85,32,46,93,0.023046875,0.013835470085470085,0.009211404914529916
MLP,2,0.75,1.0,crp_dataset_8_1_6.csv|crp_dataset_8_1_8.csv,crp_dataset_8_1_1.csv,0.61551005,0.6702127659503169,0.49999999999603173,63,31,63,99,0.0252685546875,0.015757978723404256,0.009510575964095744
MLP,2,0.75,1.0,crp_dataset_8_1_7.csv|crp_dataset_8_1_2.csv,crp_dataset_8_1_3.csv,0.69920343,0.8888888888818341,0.6473988439268937,112,14,61,69,0.0196044921875,0.005208333333333333,0.014396158854166667
MLP,2,0.75,1.0,crp_dataset_8_1_7.csv|crp_dataset_8_1_2.csv,crp_dataset_8_1_5.csv,0.69920343,0.7029702970227428,0.7099999999929,71,30,29,126,0.039282226562499994,0.014294554455445545,0.02498767210705445
MLP,2,0.75,1.0,crp_dataset_8_1_7.csv|crp_dataset_8_1_2.csv,crp_dataset_8_1_6.csv,0.69920343,0.7979797979717376,0.5642857142816837,79,20,61,96,0.026928710937499996,0.010416666666666666,0.01651204427083333
MLP,2,0.75,1.0,crp_dataset_8_1_7.csv|crp_dataset_8_1_2.csv,crp_dataset_8_1_4.csv,0.69920343,0.8281249999935304,0.8091603053373347,106,22,25,103,0.023046875,0.006591796875,0.016455078125
MLP,2,0.75,1.0,crp_dataset_8_1_7.csv|crp_dataset_8_1_2.csv,crp_dataset_8_1_1.csv,0.69920343,0.8059701492417018,0.4285714285680272,54,13,72,117,0.0252685546875,0.008582089552238806,0.016686465135261196
MLP,2,0.75,1.0,crp_dataset_8_1_7.csv|crp_dataset_8_1_2.csv,crp_dataset_8_1_8.csv,0.69920343,0.678160919532435,0.4275362318809599,59,28,79,90,0.0283203125,0.018750000000000003,0.009570312499999997
MLP,2,0.75,1.0,crp_dataset_8_1_7.csv|crp_dataset_8_1_4.csv,crp_dataset_8_1_3.csv,0.6500846,0.9122807017463834,0.601156069360687,104,10,69,73,0.0196044921875,0.0037280701754385964,0.0158764220120614
MLP,2,0.75,1.0,crp_dataset_8_1_7.csv|crp_dataset_8_1_4.csv,crp_dataset_8_1_5.csv,0.6500846,0.7099999999929,0.7099999999929,71,29,29,127,0.039282226562499994,0.012624999999999999,0.026657226562499997
MLP,2,0.75,1.0,crp_dataset_8_1_7.csv|crp_dataset_8_1_4.csv,crp_dataset_8_1_6.csv,0.6500846,0.8902439024281678,0.521428571424847,73,9,67,107,0.026928710937499996,0.005792682926829269,0.021136028010670726
MLP,2,0.75,1.0,crp_dataset_8_1_7.csv|crp_dataset_8_1_4.csv,crp_dataset_8_1_2.csv,0.6500846,0.7599999999924,0.6386554621795071,76,24,43,113,0.039453125,0.010625000000000002,0.028828124999999996
MLP,2,0.75,1.0,crp_dataset_8_1_7.csv|crp_dataset_8_1_4.csv,crp_dataset_8_1_1.csv,0.6500846,0.874999999986328,0.4444444444409171,56,8,70,122,0.0252685546875,0.00400390625,0.0212646484375
MLP,2,0.75,1.0,crp_dataset_8_1_7.csv|crp_dataset_8_1_4.csv,crp_dataset_8_1_8.csv,0.6500846,0.6987951807144723,0.42028985506941824,58,25,80,93,0.0283203125,0.014608433734939764,0.013711878765060236
MLP,2,0.75,1.0,crp_dataset_8_1_7.csv|crp_dataset_8_1_1.csv,crp_dataset_8_1_3.csv,0.70990986,0.8863636363569216,0.6763005780307729,117,15,56,68,0.0196044921875,0.006676136363636363,0.012928355823863636
MLP,2,0.75,1.0,crp_dataset_8_1_7.csv|crp_dataset_8_1_1.csv,crp_dataset_8_1_5.csv,0.70990986,0.7926829268196014,0.6499999999935,65,17,35,139,0.039282226562499994,0.008003048780487805,0.03127917778201219
MLP,2,0.75,1.0,crp_dataset_8_1_7.csv|crp_dataset_8_1_1.csv,crp_dataset_8_1_6.csv,0.70990986,0.7364341085214231,0.6785714285665817,95,34,45,82,0.026928710937499996,0.015213178294573642,0.011715532642926354
MLP,2,0.75,1.0,crp_dataset_8_1_7.csv|crp_dataset_8_1_1.csv,crp_dataset_8_1_2.csv,0.70990986,0.6874999999938616,0.6470588235239743,77,35,42,102,0.039453125,0.023828125000000002,0.015624999999999997
MLP,2,0.75,1.0,crp_dataset_8_1_7.csv|crp_dataset_8_1_1.csv,crp_dataset_8_1_4.csv,0.70990986,0.7933884297455092,0.7328244274753221,96,25,35,100,0.023046875,0.009917355371900827,0.013129519628099174
MLP,2,0.75,1.0,crp_dataset_8_1_7.csv|crp_dataset_8_1_1.csv,crp_dataset_8_1_8.csv,0.70990986,0.7173913043400283,0.4782608695617518,66,26,72,92,0.0283203125,0.012703804347826088,0.015616508152173912
MLP,2,0.75,1.0,crp_dataset_8_1_7.csv|crp_dataset_8_1_8.csv,crp_dataset_8_1_3.csv,0.61413974,0.7407407407352539,0.5780346820775837,100,35,73,48,0.0196044921875,0.016435185185185185,0.0031693070023148147
MLP,2,0.75,1.0,crp_dataset_8_1_7.csv|crp_dataset_8_1_8.csv,crp_dataset_8_1_5.csv,0.61413974,0.7241379310219976,0.4199999999958,42,16,58,140,0.039282226562499994,0.007866379310344828,0.03141584725215517
MLP,2,0.75,1.0,crp_dataset_8_1_7.csv|crp_dataset_8_1_8.csv,crp_dataset_8_1_6.csv,0.61413974,0.467153284668123,0.45714285713959185,64,73,76,43,0.026928710937499996,0.03412408759124088,-0.007195376653740884
MLP,2,0.75,1.0,crp_dataset_8_1_7.csv|crp_dataset_8_1_8.csv,crp_dataset_8_1_2.csv,0.61413974,0.5199999999965333,0.6554621848684414,78,72,41,65,0.039453125,0.037750000000000006,0.0017031249999999928
MLP,2,0.75,1.0,crp_dataset_8_1_7.csv|crp_dataset_8_1_8.csv,crp_dataset_8_1_4.csv,0.61413974,0.4571428571385034,0.36641221373766103,48,57,83,68,0.023046875,0.027202380952380954,-0.004155505952380952
MLP,2,0.75,1.0,crp_dataset_8_1_7.csv|crp_dataset_8_1_8.csv,crp_dataset_8_1_1.csv,0.61413974,0.678160919532435,0.46825396825025195,59,28,67,102,0.0252685546875,0.01910919540229885,0.0061593592852011506
MLP,2,0.75,1.0,crp_dataset_8_1_2.csv|crp_dataset_8_1_4.csv,crp_dataset_8_1_3.csv,0.6319795,0.8699999999913,0.5028901734074978,87,13,86,70,0.0196044921875,0.006687500000000001,0.012916992187499999
MLP,2,0.75,1.0,crp_dataset_8_1_2.csv|crp_dataset_8_1_4.csv,crp_dataset_8_1_5.csv,0.6319795,0.5982905982854847,0.699999999993,70,47,30,109,0.039282226562499994,0.025587606837606837,0.013694619724893158
MLP,2,0.75,1.0,crp_dataset_8_1_2.csv|crp_dataset_8_1_4.csv,crp_dataset_8_1_6.csv,0.6319795,0.827956989238409,0.5499999999960715,77,16,63,100,0.026928710937499996,0.010685483870967741,0.016243227066532254
MLP,2,0.75,1.0,crp_dataset_8_1_2.csv|crp_dataset_8_1_4.csv,crp_dataset_8_1_7.csv,0.6319795,0.936363636355124,0.4681818181796901,103,7,117,29,0.0095703125,0.0030113636363636362,0.006558948863636364
MLP,2,0.75,1.0,crp_dataset_8_1_2.csv|crp_dataset_8_1_4.csv,crp_dataset_8_1_1.csv,0.6319795,0.708860759484698,0.4444444444409171,56,23,70,107,0.0252685546875,0.012341772151898736,0.012926782535601264
MLP,2,0.75,1.0,crp_dataset_8_1_2.csv|crp_dataset_8_1_4.csv,crp_dataset_8_1_8.csv,0.6319795,0.5465116279006219,0.3405797101424596,47,39,91,79,0.0283203125,0.031831395348837214,-0.0035110828488372145
MLP,2,0.75,1.0,crp_dataset_8_1_2.csv|crp_dataset_8_1_1.csv,crp_dataset_8_1_3.csv,0.6093744,0.9322033898147085,0.317919075142671,55,4,118,79,0.0196044921875,0.004555084745762712,0.015049407441737286
MLP,2,0.75,1.0,crp_dataset_8_1_2.csv|crp_dataset_8_1_1.csv,crp_dataset_8_1_5.csv,0.6093744,0.8367346938604748,0.4099999999959,41,8,59,148,0.039282226562499994,0.004209183673469388,0.035073042889030605
MLP,2,0.75,1.0,crp_dataset_8_1_2.csv|crp_dataset_8_1_1.csv,crp_dataset_8_1_6.csv,0.6093744,0.9268292682700774,0.2714285714266327,38,3,102,113,0.026928710937499996,0.0025914634146341465,0.02433724752286585
MLP,2,0.75,1.0,crp_dataset_8_1_2.csv|crp_dataset_8_1_1.csv,crp_dataset_8_1_7.csv,0.6093744,0.9716981131983802,0.4681818181796901,103,3,117,33,0.0095703125,0.0009433962264150943,0.008626916273584907
MLP,2,0.75,1.0,crp_dataset_8_1_2.csv|crp_dataset_8_1_1.csv,crp_dataset_8_1_4.csv,0.6093744,0.8307692307564497,0.41221374045486864,54,11,77,114,0.023046875,0.0047115384615384615,0.01833533653846154
MLP,2,0.75,1.0,crp_dataset_8_1_2.csv|crp_dataset_8_1_1.csv,crp_dataset_8_1_8.csv,0.6093744,0.7924528301737274,0.30434782608475114,42,11,96,107,0.0283203125,0.006839622641509434,0.021480689858490568
MLP,2,0.75,1.0,crp_dataset_8_1_2.csv|crp_dataset_8_1_8.csv,crp_dataset_8_1_3.csv,0.61266965,0.9111111110908643,0.2369942196518093,41,4,132,79,0.0196044921875,0.005833333333333334,0.013771158854166667
MLP,2,0.75,1.0,crp_dataset_8_1_2.csv|crp_dataset_8_1_8.csv,crp_dataset_8_1_5.csv,0.61266965,0.810810810788897,0.299999999997,30,7,70,149,0.039282226562499994,0.004222972972972973,0.03505925358952702
MLP,2,0.75,1.0,crp_dataset_8_1_2.csv|crp_dataset_8_1_8.csv,crp_dataset_8_1_6.csv,0.61266965,0.8095238094852608,0.1214285714277041,17,4,123,112,0.026928710937499996,0.013988095238095239,0.012940615699404757
MLP,2,0.75,1.0,crp_dataset_8_1_2.csv|crp_dataset_8_1_8.csv,crp_dataset_8_1_7.csv,0.61266965,0.9280575539501579,0.5863636363609711,129,10,91,26,0.0095703125,0.00400179856115108,0.005568513938848921
MLP,2,0.75,1.0,crp_dataset_8_1_2.csv|crp_dataset_8_1_8.csv,crp_dataset_8_1_4.csv,0.61266965,0.846153846137574,0.3358778625928559,44,8,87,117,0.023046875,0.0063701923076923085,0.016676682692307692
MLP,2,0.75,1.0,crp_dataset_8_1_2.csv|crp_dataset_8_1_8.csv,crp_dataset_8_1_1.csv,0.61266965,0.7916666666336806,0.15079365079245402,19,5,107,125,0.0252685546875,0.009375,0.0158935546875
MLP,2,0.75,1.0,crp_dataset_8_1_4.csv|crp_dataset_8_1_1.csv,crp_dataset_8_1_3.csv,0.665436,0.9459459459331628,0.40462427745430857,70,4,103,79,0.0196044921875,0.0009290540540540541,0.018675438133445944
MLP,2,0.75,1.0,crp_dataset_8_1_4.csv|crp_dataset_8_1_1.csv,crp_dataset_8_1_5.csv,0.665436,0.7374999999907812,0.5899999999941,59,21,41,135,0.039282226562499994,0.012343749999999999,0.026938476562499994
MLP,2,0.75,1.0,crp_dataset_8_1_4.csv|crp_dataset_8_1_1.csv,crp_dataset_8_1_6.csv,0.665436,0.9622641509252403,0.3642857142831123,51,2,89,114,0.026928710937499996,0.0010613207547169811,0.025867390182783015
MLP,2,0.75,1.0,crp_dataset_8_1_4.csv|crp_dataset_8_1_1.csv,crp_dataset_8_1_7.csv,0.665436,0.974789915958195,0.5272727272703306,116,3,104,33,0.0095703125,0.00047268907563025216,0.009097623424369749
MLP,2,0.75,1.0,crp_dataset_8_1_4.csv|crp_dataset_8_1_1.csv,crp_dataset_8_1_2.csv,0.665436,0.7931034482621879,0.3865546218454911,46,12,73,125,0.039453125,0.008189655172413792,0.03126346982758621
MLP,2,0.75,1.0,crp_dataset_8_1_4.csv|crp_dataset_8_1_1.csv,crp_dataset_8_1_8.csv,0.665436,0.6896551724019025,0.28985507246166775,40,18,98,100,0.0283203125,0.01745689655172414,0.010863415948275858
MLP,2,0.75,1.0,crp_dataset_8_1_4.csv|crp_dataset_8_1_8.csv,crp_dataset_8_1_3.csv,0.6020339,0.9480519480396357,0.42196531791663605,73,4,100,79,0.0196044921875,0.0023538961038961042,0.017250596083603895
MLP,2,0.75,1.0,crp_dataset_8_1_4.csv|crp_dataset_8_1_8.csv,crp_dataset_8_1_5.csv,0.6020339,0.7432432432331993,0.5499999999945,55,19,45,137,0.039282226562499994,0.01393581081081081,0.025346415751689184
MLP,2,0.75,1.0,crp_dataset_8_1_4.csv|crp_dataset_8_1_8.csv,crp_dataset_8_1_6.csv,0.6020339,0.9574468084902672,0.3214285714262755,45,2,95,114,0.026928710937499996,0.0022606382978723407,0.024668072639627656
MLP,2,0.75,1.0,crp_dataset_8_1_4.csv|crp_dataset_8_1_8.csv,crp_dataset_8_1_7.csv,0.6020339,0.9494949494853586,0.42727272727078514,94,5,126,31,0.0095703125,0.0026515151515151517,0.0069187973484848495
MLP,2,0.75,1.0,crp_dataset_8_1_4.csv|crp_dataset_8_1_8.csv,crp_dataset_8_1_2.csv,0.6020339,0.8307692307564497,0.45378151260122873,54,11,65,126,0.039453125,0.006634615384615384,0.032818509615384614
MLP,2,0.75,1.0,crp_dataset_8_1_4.csv|crp_dataset_8_1_8.csv,crp_dataset_8_1_1.csv,0.6020339,0.8297872340248982,0.309523809521353,39,8,87,122,0.0252685546875,0.007579787234042554,0.017688767453457446
MLP,2,0.75,1.0,crp_dataset_8_1_1.csv|crp_dataset_8_1_8.csv,crp_dataset_8_1_3.csv,0.62730813,0.7499999999943182,0.5722543352568078,99,33,74,50,0.0196044921875,0.017803030303030307,0.0018014618844696927
MLP,2,0.75,1.0,crp_dataset_8_1_1.csv|crp_dataset_8_1_8.csv,crp_dataset_8_1_5.csv,0.62730813,0.7049180327753293,0.4299999999957,43,18,57,138,0.039282226562499994,0.008811475409836065,0.030470751152663927
MLP,2,0.75,1.0,crp_dataset_8_1_1.csv|crp_dataset_8_1_8.csv,crp_dataset_8_1_6.csv,0.62730813,0.4596774193511316,0.407142857139949,57,67,83,49,0.026928710937499996,0.03346774193548387,-0.006539030997983877
MLP,2,0.75,1.0,crp_dataset_8_1_1.csv|crp_dataset_8_1_8.csv,crp_dataset_8_1_7.csv,0.62730813,0.8799999999960889,0.8999999999959092,198,27,22,9,0.0095703125,0.00836111111111111,0.0012092013888888899
MLP,2,0.75,1.0,crp_dataset_8_1_1.csv|crp_dataset_8_1_8.csv,crp_dataset_8_1_2.csv,0.62730813,0.47651006711089594,0.5966386554571711,71,78,48,59,0.039453125,0.04093959731543625,-0.0014864723154362491
MLP,2,0.75,1.0,crp_dataset_8_1_1.csv|crp_dataset_8_1_8.csv,crp_dataset_8_1_4.csv,0.62730813,0.4793388429712451,0.4427480915996737,58,63,73,62,0.023046875,0.025929752066115704,-0.002882877066115702
MLP,3,0.75,1.0,crp_dataset_8_1_3.csv|crp_dataset_8_1_5.csv|crp_dataset_8_1_6.csv,crp_dataset_8_1_7.csv,0.60192764,0.8897959183637152,0.9909090909045868,218,27,2,9,0.0095703125,0.005892857142857143,0.0036774553571428574
MLP,3,0.75,1.0,crp_dataset_8_1_3.csv|crp_dataset_8_1_5.csv|crp_dataset_8_1_6.csv,crp_dataset_8_1_2.csv,0.60192764,0.7522935779747496,0.6890756302463102,82,27,37,110,0.039453125,0.010951834862385323,0.028501290137614675
MLP,3,0.75,1.0,crp_dataset_8_1_3.csv|crp_dataset_8_1_5.csv|crp_dataset_8_1_6.csv,crp_dataset_8_1_4.csv,0.60192764,0.8106060605999197,0.816793893123536,107,25,24,100,0.023046875,0.009706439393939394,0.013340435606060607
MLP,3,0.75,1.0,crp_dataset_8_1_3.csv|crp_dataset_8_1_5.csv|crp_dataset_8_1_6.csv,crp_dataset_8_1_1.csv,0.60192764,0.8076923076819527,0.49999999999603173,63,15,63,115,0.0252685546875,0.008092948717948717,0.017175605969551283
MLP,3,0.75,1.0,crp_dataset_8_1_3.csv|crp_dataset_8_1_5.csv|crp_dataset_8_1_6.csv,crp_dataset_8_1_8.csv,0.60192764,0.6888888888812346,0.449275362315585,62,28,76,90,0.0283203125,0.01826388888888889,0.010056423611111111
MLP,3,0.75,1.0,crp_dataset_8_1_3.csv|crp_dataset_8_1_5.csv|crp_dataset_8_1_7.csv,crp_dataset_8_1_6.csv,0.6276031,0.7073170731649812,0.6214285714241327,87,36,53,80,0.026928710937499996,0.01773373983739837,0.009194971100101625
MLP,3,0.75,1.0,crp_dataset_8_1_3.csv|crp_dataset_8_1_5.csv|crp_dataset_8_1_7.csv,crp_dataset_8_1_2.csv,0.6276031,0.7378640776627392,0.6386554621795071,76,27,43,110,0.039453125,0.012742718446601946,0.026710406553398052
MLP,3,0.75,1.0,crp_dataset_8_1_3.csv|crp_dataset_8_1_5.csv|crp_dataset_8_1_7.csv,crp_dataset_8_1_4.csv,0.6276031,0.8083333333265972,0.7404580152615233,97,23,34,102,0.023046875,0.007552083333333334,0.015494791666666667
MLP,3,0.75,1.0,crp_dataset_8_1_3.csv|crp_dataset_8_1_5.csv|crp_dataset_8_1_7.csv,crp_dataset_8_1_1.csv,0.6276031,0.8630136986183148,0.49999999999603173,63,10,63,120,0.0252685546875,0.0061643835616438354,0.019104171125856165
MLP,3,0.75,1.0,crp_dataset_8_1_3.csv|crp_dataset_8_1_5.csv|crp_dataset_8_1_7.csv,crp_dataset_8_1_8.csv,0.6276031,0.7176470588150865,0.4420289855040433,61,24,77,94,0.0283203125,0.013382352941176472,0.014937959558823528
MLP,3,0.75,1.0,crp_dataset_8_1_3.csv|crp_dataset_8_1_5.csv|crp_dataset_8_1_2.csv,crp_dataset_8_1_6.csv,0.65096146,0.8795180722785599,0.521428571424847,73,10,67,106,0.026928710937499996,0.005948795180722892,0.020979915756777105
MLP,3,0.75,1.0,crp_dataset_8_1_3.csv|crp_dataset_8_1_5.csv|crp_dataset_8_1_2.csv,crp_dataset_8_1_7.csv,0.65096146,0.9210526315749077,0.9545454545411157,210,18,10,18,0.0095703125,0.0037828947368421053,0.005787417763157896
MLP,3,0.75,1.0,crp_dataset_8_1_3.csv|crp_dataset_8_1_5.csv|crp_dataset_8_1_2.csv,crp_dataset_8_1_4.csv,0.65096146,0.8793103448200059,0.7786259541925297,102,14,29,111,0.023046875,0.0049030172413793115,0.01814385775862069
MLP,3,0.75,1.0,crp_dataset_8_1_3.csv|crp_dataset_8_1_5.csv|crp_dataset_8_1_2.csv,crp_dataset_8_1_1.csv,0.65096146,0.8405797101327451,0.460317460313807,58,11,68,119,0.0252685546875,0.00588768115942029,0.019380873528079712
MLP,3,0.75,1.0,crp_dataset_8_1_3.csv|crp_dataset_8_1_5.csv|crp_dataset_8_1_2.csv,crp_dataset_8_1_8.csv,0.65096146,0.7402597402501264,0.4130434782578765,57,20,81,98,0.0283203125,0.012581168831168832,0.015739143668831168
MLP,3,0.75,1.0,crp_dataset_8_1_3.csv|crp_dataset_8_1_5.csv|crp_dataset_8_1_4.csv,crp_dataset_8_1_6.csv,0.76965344,0.9473684210401662,0.5142857142820408,72,4,68,112,0.026928710937499996,0.002055921052631579,0.024872789884868417
MLP,3,0.75,1.0,crp_dataset_8_1_3.csv|crp_dataset_8_1_5.csv|crp_dataset_8_1_4.csv,crp_dataset_8_1_7.csv,0.76965344,0.9653465346486865,0.8863636363596075,195,7,25,29,0.0095703125,0.001021039603960396,0.008549272896039604
MLP,3,0.75,1.0,crp_dataset_8_1_3.csv|crp_dataset_8_1_5.csv|crp_dataset_8_1_4.csv,crp_dataset_8_1_2.csv,0.76965344,0.8589743589633464,0.5630252100793023,67,11,52,126,0.039453125,0.003846153846153846,0.03560697115384615
MLP,3,0.75,1.0,crp_dataset_8_1_3.csv|crp_dataset_8_1_5.csv|crp_dataset_8_1_4.csv,crp_dataset_8_1_1.csv,0.76965344,0.894736842089566,0.40476190475869234,51,6,75,124,0.0252685546875,0.002521929824561404,0.022746624862938596
MLP,3,0.75,1.0,crp_dataset_8_1_3.csv|crp_dataset_8_1_5.csv|crp_dataset_8_1_4.csv,crp_dataset_8_1_8.csv,0.76965344,0.7540983606433754,0.3333333333309179,46,15,92,103,0.0283203125,0.007889344262295081,0.02043096823770492
MLP,3,0.75,1.0,crp_dataset_8_1_3.csv|crp_dataset_8_1_5.csv|crp_dataset_8_1_1.csv,crp_dataset_8_1_6.csv,0.69657046,0.6625766871124996,0.7714285714230613,108,55,32,61,0.026928710937499996,0.020283742331288344,0.006644968606211651
MLP,3,0.75,1.0,crp_dataset_8_1_3.csv|crp_dataset_8_1_5.csv|crp_dataset_8_1_1.csv,crp_dataset_8_1_7.csv,0.69657046,0.9049586776822109,0.9954545454500207,219,23,1,13,0.0095703125,0.005475206611570247,0.004095105888429753
MLP,3,0.75,1.0,crp_dataset_8_1_3.csv|crp_dataset_8_1_5.csv|crp_dataset_8_1_1.csv,crp_dataset_8_1_2.csv,0.69657046,0.6885245901582908,0.7058823529352447,84,38,35,99,0.039453125,0.01823770491803279,0.02121542008196721
MLP,3,0.75,1.0,crp_dataset_8_1_3.csv|crp_dataset_8_1_5.csv|crp_dataset_8_1_1.csv,crp_dataset_8_1_4.csv,0.69657046,0.7985074626806082,0.816793893123536,107,27,24,98,0.023046875,0.009888059701492537,0.013158815298507464
MLP,3,0.75,1.0,crp_dataset_8_1_3.csv|crp_dataset_8_1_5.csv|crp_dataset_8_1_1.csv,crp_dataset_8_1_8.csv,0.69657046,0.7263157894660388,0.49999999999637684,69,26,69,92,0.0283203125,0.012105263157894739,0.016215049342105263
MLP,3,0.75,1.0,crp_dataset_8_1_3.csv|crp_dataset_8_1_5.csv|crp_dataset_8_1_8.csv,crp_dataset_8_1_6.csv,0.61826426,0.6164383561601614,0.642857142852551,90,56,50,60,0.026928710937499996,0.02281678082191781,0.004111930115582186
MLP,3,0.75,1.0,crp_dataset_8_1_3.csv|crp_dataset_8_1_5.csv|crp_dataset_8_1_8.csv,crp_dataset_8_1_7.csv,0.61826426,0.8842975206575029,0.9727272727228513,214,28,6,8,0.0095703125,0.007076446280991735,0.0024938662190082655
MLP,3,0.75,1.0,crp_dataset_8_1_3.csv|crp_dataset_8_1_5.csv|crp_dataset_8_1_8.csv,crp_dataset_8_1_2.csv,0.61826426,0.6803278688468826,0.6974789915907774,83,39,36,98,0.039453125,0.0170594262295082,0.0223936987704918
MLP,3,0.75,1.0,crp_dataset_8_1_3.csv|crp_dataset_8_1_5.csv|crp_dataset_8_1_8.csv,crp_dataset_8_1_4.csv,0.61826426,0.7016129032201482,0.6641221373995105,87,37,44,88,0.023046875,0.015221774193548388,0.007825100806451614
MLP,3,0.75,1.0,crp_dataset_8_1_3.csv|crp_dataset_8_1_5.csv|crp_dataset_8_1_8.csv,crp_dataset_8_1_1.csv,0.61826426,0.8674698795076208,0.5714285714240362,72,11,54,119,0.0252685546875,0.007228915662650602,0.018039639024849397
MLP,3,0.75,1.0,crp_dataset_8_1_3.csv|crp_dataset_8_1_6.csv|crp_dataset_8_1_7.csv,crp_dataset_8_1_5.csv,0.7117559,0.7211538461469119,0.7499999999925,75,29,25,127,0.039282226562499994,0.010216346153846154,0.029065880408653842
MLP,3,0.75,1.0,crp_dataset_8_1_3.csv|crp_dataset_8_1_6.csv|crp_dataset_8_1_7.csv,crp_dataset_8_1_2.csv,0.7117559,0.754545454538595,0.6974789915907774,83,27,36,110,0.039453125,0.01022727272727273,0.029225852272727268
MLP,3,0.75,1.0,crp_dataset_8_1_3.csv|crp_dataset_8_1_6.csv|crp_dataset_8_1_7.csv,crp_dataset_8_1_4.csv,0.7117559,0.8253968253902746,0.7938931297649322,104,22,27,103,0.023046875,0.00689484126984127,0.016152033730158732
MLP,3,0.75,1.0,crp_dataset_8_1_3.csv|crp_dataset_8_1_6.csv|crp_dataset_8_1_7.csv,crp_dataset_8_1_1.csv,0.7117559,0.8840579710016803,0.4841269841231418,61,8,65,122,0.0252685546875,0.0028079710144927536,0.022460583673007246
MLP,3,0.75,1.0,crp_dataset_8_1_3.csv|crp_dataset_8_1_6.csv|crp_dataset_8_1_7.csv,crp_dataset_8_1_8.csv,0.7117559,0.6777777777702468,0.4420289855040433,61,29,77,89,0.0283203125,0.017361111111111112,0.010959201388888888
MLP,3,0.75,1.0,crp_dataset_8_1_3.csv|crp_dataset_8_1_6.csv|crp_dataset_8_1_2.csv,crp_dataset_8_1_5.csv,0.6015443,0.6168224299007773,0.6599999999934,66,41,34,115,0.039282226562499994,0.02061915887850467,0.018663067683995324
MLP,3,0.75,1.0,crp_dataset_8_1_3.csv|crp_dataset_8_1_6.csv|crp_dataset_8_1_2.csv,crp_dataset_8_1_7.csv,0.6015443,0.9396551724056926,0.4954545454522934,109,7,111,29,0.0095703125,0.0016163793103448276,0.007953933189655173
MLP,3,0.75,1.0,crp_dataset_8_1_3.csv|crp_dataset_8_1_6.csv|crp_dataset_8_1_2.csv,crp_dataset_8_1_4.csv,0.6015443,0.7967479674731971,0.7480916030477246,98,25,33,100,0.023046875,0.009298780487804878,0.013748094512195124
MLP,3,0.75,1.0,crp_dataset_8_1_3.csv|crp_dataset_8_1_6.csv|crp_dataset_8_1_2.csv,crp_dataset_8_1_1.csv,0.6015443,0.7374999999907812,0.46825396825025195,59,21,67,109,0.0252685546875,0.010859375,0.0144091796875
MLP,3,0.75,1.0,crp_dataset_8_1_3.csv|crp_dataset_8_1_6.csv|crp_dataset_8_1_2.csv,crp_dataset_8_1_8.csv,0.6015443,0.6136363636293904,0.39130434782325146,54,34,84,84,0.0283203125,0.02826704545454545,5.326704545454905e-05
MLP,3,0.75,1.0,crp_dataset_8_1_3.csv|crp_dataset_8_1_6.csv|crp_dataset_8_1_4.csv,crp_dataset_8_1_5.csv,0.6070189,0.6907216494774152,0.6699999999933,67,30,33,126,0.039282226562499994,0.014884020618556702,0.02439820594394329
MLP,3,0.75,1.0,crp_dataset_8_1_3.csv|crp_dataset_8_1_6.csv|crp_dataset_8_1_4.csv,crp_dataset_8_1_7.csv,0.6070189,0.9389312977027563,0.5590909090883678,123,8,97,28,0.0095703125,0.0022423664122137405,0.00732794608778626
MLP,3,0.75,1.0,crp_dataset_8_1_3.csv|crp_dataset_8_1_6.csv|crp_dataset_8_1_4.csv,crp_dataset_8_1_2.csv,0.6070189,0.7419354838629899,0.5798319327682366,69,24,50,113,0.039453125,0.012298387096774197,0.0271547379032258
MLP,3,0.75,1.0,crp_dataset_8_1_3.csv|crp_dataset_8_1_6.csv|crp_dataset_8_1_4.csv,crp_dataset_8_1_1.csv,0.6070189,0.8208955223758075,0.43650793650447217,55,12,71,118,0.0252685546875,0.005410447761194029,0.01985810692630597
MLP,3,0.75,1.0,crp_dataset_8_1_3.csv|crp_dataset_8_1_6.csv|crp_dataset_8_1_4.csv,crp_dataset_8_1_8.csv,0.6070189,0.6486486486398831,0.3478260869540013,48,26,90,92,0.0283203125,0.021537162162162164,0.006783150337837836
MLP,3,0.75,1.0,crp_dataset_8_1_3.csv|crp_dataset_8_1_6.csv|crp_dataset_8_1_1.csv,crp_dataset_8_1_5.csv,0.62710667,0.7346938775435236,0.7199999999928,72,26,28,130,0.039282226562499994,0.01039540816326531,0.028886818399234685
MLP,3,0.75,1.0,crp_dataset_8_1_3.csv|crp_dataset_8_1_6.csv|crp_dataset_8_1_1.csv,crp_dataset_8_1_7.csv,0.62710667,0.9298245613994306,0.9636363636319836,212,16,8,20,0.0095703125,0.004468201754385965,0.005102110745614036
MLP,3,0.75,1.0,crp_dataset_8_1_3.csv|crp_dataset_8_1_6.csv|crp_dataset_8_1_1.csv,crp_dataset_8_1_2.csv,0.62710667,0.764705882345444,0.6554621848684414,78,24,41,113,0.039453125,0.012009803921568628,0.027443321078431372
MLP,3,0.75,1.0,crp_dataset_8_1_3.csv|crp_dataset_8_1_6.csv|crp_dataset_8_1_1.csv,crp_dataset_8_1_4.csv,0.62710667,0.786764705876568,0.816793893123536,107,29,24,96,0.023046875,0.008593749999999999,0.014453125000000002
MLP,3,0.75,1.0,crp_dataset_8_1_3.csv|crp_dataset_8_1_6.csv|crp_dataset_8_1_1.csv,crp_dataset_8_1_8.csv,0.62710667,0.7045454545374483,0.449275362315585,62,26,76,92,0.0283203125,0.011150568181818183,0.017169744318181815
MLP,3,0.75,1.0,crp_dataset_8_1_3.csv|crp_dataset_8_1_6.csv|crp_dataset_8_1_8.csv,crp_dataset_8_1_5.csv,0.6190264,0.7922077921975038,0.6099999999939,61,16,39,140,0.039282226562499994,0.0071428571428571435,0.03213936941964285
MLP,3,0.75,1.0,crp_dataset_8_1_3.csv|crp_dataset_8_1_6.csv|crp_dataset_8_1_8.csv,crp_dataset_8_1_7.csv,0.6190264,0.9526315789423546,0.8227272727235331,181,9,39,27,0.0095703125,0.002269736842105263,0.007300575657894737
MLP,3,0.75,1.0,crp_dataset_8_1_3.csv|crp_dataset_8_1_6.csv|crp_dataset_8_1_8.csv,crp_dataset_8_1_2.csv,0.6190264,0.8068181818090134,0.5966386554571711,71,17,48,120,0.039453125,0.00830965909090909,0.03114346590909091
MLP,3,0.75,1.0,crp_dataset_8_1_3.csv|crp_dataset_8_1_6.csv|crp_dataset_8_1_8.csv,crp_dataset_8_1_4.csv,0.6190264,0.9299999999906999,0.7099236641167181,93,7,38,118,0.023046875,0.002,0.021046875
MLP,3,0.75,1.0,crp_dataset_8_1_3.csv|crp_dataset_8_1_6.csv|crp_dataset_8_1_8.csv,crp_dataset_8_1_1.csv,0.6190264,0.870967741921436,0.4285714285680272,54,8,72,122,0.0252685546875,0.0034274193548387098,0.021841135332661292
MLP,3,0.75,1.0,crp_dataset_8_1_3.csv|crp_dataset_8_1_7.csv|crp_dataset_8_1_2.csv,crp_dataset_8_1_5.csv,0.6300964,0.7129629629563614,0.7699999999923,77,31,23,125,0.039282226562499994,0.01244212962962963,0.026840096932870365
MLP,3,0.75,1.0,crp_dataset_8_1_3.csv|crp_dataset_8_1_7.csv|crp_dataset_8_1_2.csv,crp_dataset_8_1_6.csv,0.6300964,0.8080808080726456,0.5714285714244899,80,19,60,97,0.026928710937499996,0.011426767676767677,0.015501943260732318
MLP,3,0.75,1.0,crp_dataset_8_1_3.csv|crp_dataset_8_1_7.csv|crp_dataset_8_1_2.csv,crp_dataset_8_1_4.csv,0.6300964,0.8106060605999197,0.816793893123536,107,25,24,100,0.023046875,0.007149621212121212,0.01589725378787879
MLP,3,0.75,1.0,crp_dataset_8_1_3.csv|crp_dataset_8_1_7.csv|crp_dataset_8_1_2.csv,crp_dataset_8_1_1.csv,0.6300964,0.7710843373401074,0.5079365079324767,64,19,62,111,0.0252685546875,0.009412650602409638,0.015855904085090362
MLP,3,0.75,1.0,crp_dataset_8_1_3.csv|crp_dataset_8_1_7.csv|crp_dataset_8_1_2.csv,crp_dataset_8_1_8.csv,0.6300964,0.6494845360757785,0.4565217391271267,63,34,75,84,0.0283203125,0.01643041237113402,0.011889900128865979
MLP,3,0.75,1.0,crp_dataset_8_1_3.csv|crp_dataset_8_1_7.csv|crp_dataset_8_1_4.csv,crp_dataset_8_1_5.csv,0.6545878,0.7352941176398501,0.7499999999925,75,27,25,129,0.039282226562499994,0.011090686274509804,0.02819154028799019
MLP,3,0.75,1.0,crp_dataset_8_1_3.csv|crp_dataset_8_1_7.csv|crp_dataset_8_1_4.csv,crp_dataset_8_1_6.csv,0.6545878,0.8749999999900567,0.5499999999960715,77,11,63,105,0.026928710937499996,0.005397727272727273,0.021530983664772723
MLP,3,0.75,1.0,crp_dataset_8_1_3.csv|crp_dataset_8_1_7.csv|crp_dataset_8_1_4.csv,crp_dataset_8_1_2.csv,0.6545878,0.7809523809449432,0.6890756302463102,82,23,37,114,0.039453125,0.008809523809523809,0.03064360119047619
MLP,3,0.75,1.0,crp_dataset_8_1_3.csv|crp_dataset_8_1_7.csv|crp_dataset_8_1_4.csv,crp_dataset_8_1_1.csv,0.6545878,0.8333333333217592,0.4761904761866969,60,12,66,118,0.0252685546875,0.00546875,0.0197998046875
MLP,3,0.75,1.0,crp_dataset_8_1_3.csv|crp_dataset_8_1_7.csv|crp_dataset_8_1_4.csv,crp_dataset_8_1_8.csv,0.6545878,0.7045454545374483,0.449275362315585,62,26,76,92,0.0283203125,0.012997159090909092,0.015323153409090908
MLP,3,0.75,1.0,crp_dataset_8_1_3.csv|crp_dataset_8_1_7.csv|crp_dataset_8_1_1.csv,crp_dataset_8_1_5.csv,0.60943925,0.7079646017636463,0.799999999992,80,33,20,123,0.039282226562499994,0.013938053097345133,0.025344173465154864
MLP,3,0.75,1.0,crp_dataset_8_1_3.csv|crp_dataset_8_1_7.csv|crp_dataset_8_1_1.csv,crp_dataset_8_1_6.csv,0.60943925,0.6379310344790924,0.7928571428514797,111,63,29,53,0.026928710937499996,0.022054597701149425,0.00487411323635057
MLP,3,0.75,1.0,crp_dataset_8_1_3.csv|crp_dataset_8_1_7.csv|crp_dataset_8_1_1.csv,crp_dataset_8_1_2.csv,0.60943925,0.6293706293662282,0.7563025210020479,90,53,29,84,0.039453125,0.02097902097902098,0.01847410402097902
MLP,3,0.75,1.0,crp_dataset_8_1_3.csv|crp_dataset_8_1_7.csv|crp_dataset_8_1_1.csv,crp_dataset_8_1_4.csv,0.60943925,0.6871165644129625,0.8549618320545423,112,51,19,74,0.023046875,0.015337423312883436,0.007709451687116566
MLP,3,0.75,1.0,crp_dataset_8_1_3.csv|crp_dataset_8_1_7.csv|crp_dataset_8_1_1.csv,crp_dataset_8_1_8.csv,0.60943925,0.6694214875977733,0.5869565217348772,81,40,57,78,0.0283203125,0.01709710743801653,0.01122320506198347
MLP,3,0.75,1.0,crp_dataset_8_1_3.csv|crp_dataset_8_1_7.csv|crp_dataset_8_1_8.csv,crp_dataset_8_1_5.csv,0.6197569,0.8181818181725207,0.7199999999928,72,16,28,140,0.039282226562499994,0.006036931818181818,0.03324529474431818
MLP,3,0.75,1.0,crp_dataset_8_1_3.csv|crp_dataset_8_1_7.csv|crp_dataset_8_1_8.csv,crp_dataset_8_1_6.csv,0.6197569,0.6756756756711103,0.7142857142806123,100,48,40,68,0.026928710937499996,0.02005912162162162,0.006869589315878374
MLP,3,0.75,1.0,crp_dataset_8_1_3.csv|crp_dataset_8_1_7.csv|crp_dataset_8_1_8.csv,crp_dataset_8_1_2.csv,0.6197569,0.7058823529352447,0.7058823529352447,84,35,35,102,0.039453125,0.017279411764705887,0.02217371323529411
MLP,3,0.75,1.0,crp_dataset_8_1_3.csv|crp_dataset_8_1_7.csv|crp_dataset_8_1_8.csv,crp_dataset_8_1_4.csv,0.6197569,0.7520661156962639,0.6946564885443156,91,30,40,95,0.023046875,0.0121900826446281,0.0108567923553719
MLP,3,0.75,1.0,crp_dataset_8_1_3.csv|crp_dataset_8_1_7.csv|crp_dataset_8_1_8.csv,crp_dataset_8_1_1.csv,0.6197569,0.8588235294016608,0.5793650793604812,73,12,53,118,0.0252685546875,0.00786764705882353,0.017400907628676472
MLP,3,0.75,1.0,crp_dataset_8_1_3.csv|crp_dataset_8_1_2.csv|crp_dataset_8_1_4.csv,crp_dataset_8_1_5.csv,0.60367626,0.6280991735485281,0.7599999999924,76,45,24,111,0.039282226562499994,0.020712809917355367,0.018569416645144627
MLP,3,0.75,1.0,crp_dataset_8_1_3.csv|crp_dataset_8_1_2.csv|crp_dataset_8_1_4.csv,crp_dataset_8_1_6.csv,0.60367626,0.8282828282744618,0.5857142857101021,82,17,58,99,0.026928710937499996,0.008333333333333333,0.018595377604166664
MLP,3,0.75,1.0,crp_dataset_8_1_3.csv|crp_dataset_8_1_2.csv|crp_dataset_8_1_4.csv,crp_dataset_8_1_7.csv,0.60367626,0.9399999999953,0.8545454545415703,188,12,32,24,0.0095703125,0.0018437500000000001,0.007726562500000001
MLP,3,0.75,1.0,crp_dataset_8_1_3.csv|crp_dataset_8_1_2.csv|crp_dataset_8_1_4.csv,crp_dataset_8_1_1.csv,0.60367626,0.8026315789368075,0.4841269841231418,61,15,65,115,0.0252685546875,0.006907894736842104,0.018360659950657894
MLP,3,0.75,1.0,crp_dataset_8_1_3.csv|crp_dataset_8_1_2.csv|crp_dataset_8_1_4.csv,crp_dataset_8_1_8.csv,0.60367626,0.6153846153786982,0.4637681159386684,64,40,74,78,0.0283203125,0.026201923076923078,0.0021183894230769225
MLP,3,0.75,1.0,crp_dataset_8_1_3.csv|crp_dataset_8_1_2.csv|crp_dataset_8_1_1.csv,crp_dataset_8_1_5.csv,0.6713171,0.8133333333224888,0.6099999999939,61,14,39,142,0.039282226562499994,0.00575,0.033532226562499996
MLP,3,0.75,1.0,crp_dataset_8_1_3.csv|crp_dataset_8_1_2.csv|crp_dataset_8_1_1.csv,crp_dataset_8_1_6.csv,0.6713171,0.8764044943721752,0.5571428571388776,78,11,62,105,0.026928710937499996,0.0049859550561797755,0.02194275588132022
MLP,3,0.75,1.0,crp_dataset_8_1_3.csv|crp_dataset_8_1_2.csv|crp_dataset_8_1_1.csv,crp_dataset_8_1_7.csv,0.6713171,0.9320388349469318,0.8727272727233059,192,14,28,22,0.0095703125,0.003519417475728155,0.0060508950242718455
MLP,3,0.75,1.0,crp_dataset_8_1_3.csv|crp_dataset_8_1_2.csv|crp_dataset_8_1_1.csv,crp_dataset_8_1_4.csv,0.6713171,0.8584905660296368,0.6946564885443156,91,15,40,110,0.023046875,0.005660377358490566,0.017386497641509437
MLP,3,0.75,1.0,crp_dataset_8_1_3.csv|crp_dataset_8_1_2.csv|crp_dataset_8_1_1.csv,crp_dataset_8_1_8.csv,0.6713171,0.7323943661868676,0.3768115942001681,52,19,86,99,0.0283203125,0.011531690140845069,0.01678862235915493
MLP,3,0.75,1.0,crp_dataset_8_1_3.csv|crp_dataset_8_1_2.csv|crp_dataset_8_1_8.csv,crp_dataset_8_1_5.csv,0.6381674,0.8295454545360279,0.7299999999926999,73,15,27,141,0.039282226562499994,0.005326704545454545,0.03395552201704545
MLP,3,0.75,1.0,crp_dataset_8_1_3.csv|crp_dataset_8_1_2.csv|crp_dataset_8_1_8.csv,crp_dataset_8_1_6.csv,0.6381674,0.8541666666577691,0.5857142857101021,82,14,58,102,0.026928710937499996,0.008593749999999999,0.0183349609375
MLP,3,0.75,1.0,crp_dataset_8_1_3.csv|crp_dataset_8_1_2.csv|crp_dataset_8_1_8.csv,crp_dataset_8_1_7.csv,0.6381674,0.9148936170173835,0.9772727272682852,215,20,5,16,0.0095703125,0.0050531914893617025,0.004517121010638298
MLP,3,0.75,1.0,crp_dataset_8_1_3.csv|crp_dataset_8_1_2.csv|crp_dataset_8_1_8.csv,crp_dataset_8_1_4.csv,0.6381674,0.8455284552776786,0.7938931297649322,104,19,27,106,0.023046875,0.007418699186991871,0.01562817581300813
MLP,3,0.75,1.0,crp_dataset_8_1_3.csv|crp_dataset_8_1_2.csv|crp_dataset_8_1_8.csv,crp_dataset_8_1_1.csv,0.6381674,0.8285714285595918,0.460317460313807,58,12,68,118,0.0252685546875,0.005267857142857144,0.020000697544642856
MLP,3,0.75,1.0,crp_dataset_8_1_3.csv|crp_dataset_8_1_4.csv|crp_dataset_8_1_1.csv,crp_dataset_8_1_5.csv,0.6069263,0.742857142850068,0.7799999999921999,78,27,22,129,0.039282226562499994,0.009642857142857144,0.02963936941964285
MLP,3,0.75,1.0,crp_dataset_8_1_3.csv|crp_dataset_8_1_4.csv|crp_dataset_8_1_1.csv,crp_dataset_8_1_6.csv,0.6069263,0.857142857133438,0.5571428571388776,78,13,62,103,0.026928710937499996,0.007829670329670331,0.019099040607829666
MLP,3,0.75,1.0,crp_dataset_8_1_3.csv|crp_dataset_8_1_4.csv|crp_dataset_8_1_1.csv,crp_dataset_8_1_7.csv,0.6069263,0.9344978165898057,0.9727272727228513,214,15,6,21,0.0095703125,0.003384279475982533,0.006186033024017467
MLP,3,0.75,1.0,crp_dataset_8_1_3.csv|crp_dataset_8_1_4.csv|crp_dataset_8_1_1.csv,crp_dataset_8_1_2.csv,0.6069263,0.740740740733882,0.6722689075573759,80,28,39,109,0.039453125,0.011458333333333336,0.027994791666666664
MLP,3,0.75,1.0,crp_dataset_8_1_3.csv|crp_dataset_8_1_4.csv|crp_dataset_8_1_1.csv,crp_dataset_8_1_8.csv,0.6069263,0.6595744680780896,0.449275362315585,62,32,76,86,0.0283203125,0.01436170212765958,0.01395861037234042
MLP,3,0.75,1.0,crp_dataset_8_1_3.csv|crp_dataset_8_1_4.csv|crp_dataset_8_1_8.csv,crp_dataset_8_1_5.csv,0.7462638,0.8641975308535284,0.699999999993,70,11,30,145,0.039282226562499994,0.0038580246913580245,0.035424201871141967
MLP,3,0.75,1.0,crp_dataset_8_1_3.csv|crp_dataset_8_1_4.csv|crp_dataset_8_1_8.csv,crp_dataset_8_1_6.csv,0.7462638,0.9436619718176948,0.4785714285680102,67,4,73,112,0.026928710937499996,0.0018485915492957748,0.02508011938820422
MLP,3,0.75,1.0,crp_dataset_8_1_3.csv|crp_dataset_8_1_4.csv|crp_dataset_8_1_8.csv,crp_dataset_8_1_7.csv,0.7462638,0.9526066350665754,0.9136363636322108,201,10,19,26,0.0095703125,0.0014218009478672985,0.008148511552132701
MLP,3,0.75,1.0,crp_dataset_8_1_3.csv|crp_dataset_8_1_4.csv|crp_dataset_8_1_8.csv,crp_dataset_8_1_2.csv,0.7462638,0.8095238095141724,0.5714285714237695,68,16,51,121,0.039453125,0.006175595238095237,0.03327752976190476
MLP,3,0.75,1.0,crp_dataset_8_1_3.csv|crp_dataset_8_1_4.csv|crp_dataset_8_1_8.csv,crp_dataset_8_1_1.csv,0.7462638,0.8679245282855109,0.3650793650764676,46,7,80,123,0.0252685546875,0.003066037735849057,0.022202516951650944
MLP,3,0.75,1.0,crp_dataset_8_1_3.csv|crp_dataset_8_1_1.csv|crp_dataset_8_1_8.csv,crp_dataset_8_1_5.csv,0.60253066,0.7523809523737868,0.7899999999921,79,26,21,130,0.039282226562499994,0.009642857142857144,0.02963936941964285
MLP,3,0.75,1.0,crp_dataset_8_1_3.csv|crp_dataset_8_1_1.csv|crp_dataset_8_1_8.csv,crp_dataset_8_1_6.csv,0.60253066,0.6081871344993673,0.7428571428518368,104,67,36,49,0.026928710937499996,0.024817251461988307,0.0021114594755116886
MLP,3,0.75,1.0,crp_dataset_8_1_3.csv|crp_dataset_8_1_1.csv|crp_dataset_8_1_8.csv,crp_dataset_8_1_7.csv,0.60253066,0.8725099601558864,0.9954545454500207,219,32,1,4,0.0095703125,0.00796812749003984,0.0016021850099601602
MLP,3,0.75,1.0,crp_dataset_8_1_3.csv|crp_dataset_8_1_1.csv|crp_dataset_8_1_8.csv,crp_dataset_8_1_2.csv,0.60253066,0.5945945945905771,0.7394957983131134,88,60,31,77,0.039453125,0.0323902027027027,0.007062922297297297
MLP,3,0.75,1.0,crp_dataset_8_1_3.csv|crp_dataset_8_1_1.csv|crp_dataset_8_1_8.csv,crp_dataset_8_1_4.csv,0.60253066,0.6730769230726086,0.8015267175511335,105,51,26,74,0.023046875,0.016826923076923076,0.006219951923076925
MLP,3,0.75,1.0,crp_dataset_8_1_5.csv|crp_dataset_8_1_6.csv|crp_dataset_8_1_7.csv,crp_dataset_8_1_3.csv,0.6444708,0.9636363636276033,0.6127167630022387,106,4,67,79,0.0196044921875,0.000625,0.0189794921875
MLP,3,0.75,1.0,crp_dataset_8_1_5.csv|crp_dataset_8_1_6.csv|crp_dataset_8_1_7.csv,crp_dataset_8_1_2.csv,0.6444708,0.8749999999890624,0.5882352941127039,70,10,49,127,0.039453125,0.0028125,0.036640624999999996
MLP,3,0.75,1.0,crp_dataset_8_1_5.csv|crp_dataset_8_1_6.csv|crp_dataset_8_1_7.csv,crp_dataset_8_1_4.csv,0.6444708,0.9272727272642974,0.7786259541925297,102,8,29,117,0.023046875,0.0024999999999999996,0.020546875000000003
MLP,3,0.75,1.0,crp_dataset_8_1_5.csv|crp_dataset_8_1_6.csv|crp_dataset_8_1_7.csv,crp_dataset_8_1_1.csv,0.6444708,0.9454545454373554,0.4126984126951373,52,3,74,127,0.0252685546875,0.0010227272727272728,0.024245827414772728
MLP,3,0.75,1.0,crp_dataset_8_1_5.csv|crp_dataset_8_1_6.csv|crp_dataset_8_1_7.csv,crp_dataset_8_1_8.csv,0.6444708,0.7466666666567111,0.40579710144633485,56,19,82,99,0.0283203125,0.008166666666666666,0.020153645833333334
MLP,3,0.75,1.0,crp_dataset_8_1_5.csv|crp_dataset_8_1_6.csv|crp_dataset_8_1_2.csv,crp_dataset_8_1_3.csv,0.63492215,0.9122807017463834,0.601156069360687,104,10,69,73,0.0196044921875,0.0043311403508771934,0.015273351836622807
MLP,3,0.75,1.0,crp_dataset_8_1_5.csv|crp_dataset_8_1_6.csv|crp_dataset_8_1_2.csv,crp_dataset_8_1_7.csv,0.63492215,0.9299065420517294,0.904545454541343,199,15,21,21,0.0095703125,0.002394859813084112,0.007175452686915889
MLP,3,0.75,1.0,crp_dataset_8_1_5.csv|crp_dataset_8_1_6.csv|crp_dataset_8_1_2.csv,crp_dataset_8_1_4.csv,0.63492215,0.8947368420974146,0.7786259541925297,102,12,29,113,0.023046875,0.00405701754385965,0.018989857456140354
MLP,3,0.75,1.0,crp_dataset_8_1_5.csv|crp_dataset_8_1_6.csv|crp_dataset_8_1_2.csv,crp_dataset_8_1_1.csv,0.63492215,0.8656716417781243,0.460317460313807,58,9,68,121,0.0252685546875,0.004291044776119403,0.020977509911380598
MLP,3,0.75,1.0,crp_dataset_8_1_5.csv|crp_dataset_8_1_6.csv|crp_dataset_8_1_2.csv,crp_dataset_8_1_8.csv,0.63492215,0.6749999999915625,0.39130434782325146,54,26,84,92,0.0283203125,0.016796875,0.0115234375
MLP,3,0.75,1.0,crp_dataset_8_1_5.csv|crp_dataset_8_1_6.csv|crp_dataset_8_1_4.csv,crp_dataset_8_1_3.csv,0.6402852,0.9357798165051763,0.5895953757191353,102,7,71,76,0.0196044921875,0.001834862385321101,0.0177696298021789
MLP,3,0.75,1.0,crp_dataset_8_1_5.csv|crp_dataset_8_1_6.csv|crp_dataset_8_1_4.csv,crp_dataset_8_1_7.csv,0.6402852,0.9531249999950359,0.8318181818144008,183,9,37,27,0.0095703125,0.0024739583333333332,0.0070963541666666675
MLP,3,0.75,1.0,crp_dataset_8_1_5.csv|crp_dataset_8_1_6.csv|crp_dataset_8_1_4.csv,crp_dataset_8_1_2.csv,0.6402852,0.8433734939657425,0.5882352941127039,70,13,49,124,0.039453125,0.003915662650602409,0.035537462349397586
MLP,3,0.75,1.0,crp_dataset_8_1_5.csv|crp_dataset_8_1_6.csv|crp_dataset_8_1_4.csv,crp_dataset_8_1_1.csv,0.6402852,0.8571428571292518,0.4285714285680272,54,9,72,121,0.0252685546875,0.0042658730158730155,0.021002681671626985
MLP,3,0.75,1.0,crp_dataset_8_1_5.csv|crp_dataset_8_1_6.csv|crp_dataset_8_1_4.csv,crp_dataset_8_1_8.csv,0.6402852,0.7605633802709779,0.39130434782325146,54,17,84,101,0.0283203125,0.010123239436619719,0.01819707306338028
MLP,3,0.75,1.0,crp_dataset_8_1_5.csv|crp_dataset_8_1_6.csv|crp_dataset_8_1_1.csv,crp_dataset_8_1_3.csv,0.6028144,0.9357798165051763,0.5895953757191353,102,7,71,76,0.0196044921875,0.0028669724770642203,0.01673751971043578
MLP,3,0.75,1.0,crp_dataset_8_1_5.csv|crp_dataset_8_1_6.csv|crp_dataset_8_1_1.csv,crp_dataset_8_1_7.csv,0.6028144,0.9324324324282324,0.9409090909048141,207,15,13,21,0.0095703125,0.0028716216216216213,0.006698690878378379
MLP,3,0.75,1.0,crp_dataset_8_1_5.csv|crp_dataset_8_1_6.csv|crp_dataset_8_1_1.csv,crp_dataset_8_1_2.csv,0.6028144,0.8260869565127599,0.6386554621795071,76,16,43,121,0.039453125,0.005842391304347826,0.03361073369565217
MLP,3,0.75,1.0,crp_dataset_8_1_5.csv|crp_dataset_8_1_6.csv|crp_dataset_8_1_1.csv,crp_dataset_8_1_4.csv,0.6028144,0.8644067796536914,0.7786259541925297,102,16,29,109,0.023046875,0.0055084745762711855,0.017538400423728815
MLP,3,0.75,1.0,crp_dataset_8_1_5.csv|crp_dataset_8_1_6.csv|crp_dataset_8_1_1.csv,crp_dataset_8_1_8.csv,0.6028144,0.8028169013971433,0.4130434782578765,57,14,81,104,0.0283203125,0.00818661971830986,0.020133692781690138
MLP,3,0.75,1.0,crp_dataset_8_1_5.csv|crp_dataset_8_1_6.csv|crp_dataset_8_1_8.csv,crp_dataset_8_1_3.csv,0.6044839,0.9326923076833394,0.5606936416152561,97,7,76,76,0.0196044921875,0.003125,0.0164794921875
MLP,3,0.75,1.0,crp_dataset_8_1_5.csv|crp_dataset_8_1_6.csv|crp_dataset_8_1_8.csv,crp_dataset_8_1_7.csv,0.6044839,0.9396984924575895,0.8499999999961364,187,12,33,24,0.0095703125,0.0035804020100502518,0.0059899104899497485
MLP,3,0.75,1.0,crp_dataset_8_1_5.csv|crp_dataset_8_1_6.csv|crp_dataset_8_1_8.csv,crp_dataset_8_1_2.csv,0.6044839,0.8571428571306122,0.504201680668032,60,10,59,127,0.039453125,0.004732142857142856,0.03472098214285714
MLP,3,0.75,1.0,crp_dataset_8_1_5.csv|crp_dataset_8_1_6.csv|crp_dataset_8_1_8.csv,crp_dataset_8_1_4.csv,0.6044839,0.8446601941665567,0.6641221373995105,87,16,44,109,0.023046875,0.006614077669902913,0.016432797330097088
MLP,3,0.75,1.0,crp_dataset_8_1_5.csv|crp_dataset_8_1_6.csv|crp_dataset_8_1_8.csv,crp_dataset_8_1_1.csv,0.6044839,0.8571428571253645,0.3333333333306878,42,7,84,123,0.0252685546875,0.00471938775510204,0.020549166932397958
MLP,3,0.75,1.0,crp_dataset_8_1_5.csv|crp_dataset_8_1_7.csv|crp_dataset_8_1_2.csv,crp_dataset_8_1_3.csv,0.6009994,0.9115044247706946,0.5953757225399111,103,10,70,73,0.0196044921875,0.0033738938053097345,0.016230598382190264
MLP,3,0.75,1.0,crp_dataset_8_1_5.csv|crp_dataset_8_1_7.csv|crp_dataset_8_1_2.csv,crp_dataset_8_1_6.csv,0.6009994,0.8260869565145558,0.6785714285665817,95,20,45,96,0.026928710937499996,0.009347826086956524,0.017580884850543474
MLP,3,0.75,1.0,crp_dataset_8_1_5.csv|crp_dataset_8_1_7.csv|crp_dataset_8_1_2.csv,crp_dataset_8_1_4.csv,0.6009994,0.9115044247706946,0.7862595419787309,103,10,28,115,0.023046875,0.0038716814159292035,0.0191751935840708
MLP,3,0.75,1.0,crp_dataset_8_1_5.csv|crp_dataset_8_1_7.csv|crp_dataset_8_1_2.csv,crp_dataset_8_1_1.csv,0.6009994,0.9230769230627218,0.4761904761866969,60,5,66,125,0.0252685546875,0.0019230769230769232,0.023345477764423077
MLP,3,0.75,1.0,crp_dataset_8_1_5.csv|crp_dataset_8_1_7.csv|crp_dataset_8_1_2.csv,crp_dataset_8_1_8.csv,0.6009994,0.759493670876462,0.4347826086925016,60,19,78,99,0.0283203125,0.007832278481012657,0.02048803401898734
MLP,3,0.75,1.0,crp_dataset_8_1_5.csv|crp_dataset_8_1_7.csv|crp_dataset_8_1_4.csv,crp_dataset_8_1_3.csv,0.70653147,0.9722222222132201,0.6069364161814629,105,3,68,80,0.0196044921875,0.0004050925925925926,0.019199399594907407
MLP,3,0.75,1.0,crp_dataset_8_1_5.csv|crp_dataset_8_1_7.csv|crp_dataset_8_1_4.csv,crp_dataset_8_1_6.csv,0.70653147,0.9861111110974151,0.5071428571392347,71,1,69,115,0.026928710937499996,0.0010416666666666669,0.02588704427083333
MLP,3,0.75,1.0,crp_dataset_8_1_5.csv|crp_dataset_8_1_7.csv|crp_dataset_8_1_4.csv,crp_dataset_8_1_2.csv,0.70653147,0.8470588235194463,0.6050420168016383,72,13,47,124,0.039453125,0.004044117647058823,0.035409007352941176
MLP,3,0.75,1.0,crp_dataset_8_1_5.csv|crp_dataset_8_1_7.csv|crp_dataset_8_1_4.csv,crp_dataset_8_1_1.csv,0.70653147,0.9152542372726229,0.4285714285680272,54,5,72,125,0.0252685546875,0.0019067796610169492,0.02336177502648305
MLP,3,0.75,1.0,crp_dataset_8_1_5.csv|crp_dataset_8_1_7.csv|crp_dataset_8_1_4.csv,crp_dataset_8_1_8.csv,0.70653147,0.7945205479343216,0.42028985506941824,58,15,80,103,0.0283203125,0.007876712328767122,0.020443600171232878
MLP,3,0.75,1.0,crp_dataset_8_1_5.csv|crp_dataset_8_1_7.csv|crp_dataset_8_1_1.csv,crp_dataset_8_1_3.csv,0.62697315,0.838028169008183,0.6878612716723246,119,23,54,60,0.0196044921875,0.00915492957746479,0.010449562610035209
MLP,3,0.75,1.0,crp_dataset_8_1_5.csv|crp_dataset_8_1_7.csv|crp_dataset_8_1_1.csv,crp_dataset_8_1_6.csv,0.62697315,0.7343749999942628,0.6714285714237755,94,34,46,82,0.026928710937499996,0.014990234375000001,0.011938476562499994
MLP,3,0.75,1.0,crp_dataset_8_1_5.csv|crp_dataset_8_1_7.csv|crp_dataset_8_1_1.csv,crp_dataset_8_1_2.csv,0.62697315,0.6936936936874442,0.6470588235239743,77,34,42,103,0.039453125,0.019256756756756758,0.02019636824324324
MLP,3,0.75,1.0,crp_dataset_8_1_5.csv|crp_dataset_8_1_7.csv|crp_dataset_8_1_1.csv,crp_dataset_8_1_4.csv,0.62697315,0.7839999999937279,0.7480916030477246,98,27,33,98,0.023046875,0.0095,0.013546875000000002
MLP,3,0.75,1.0,crp_dataset_8_1_5.csv|crp_dataset_8_1_7.csv|crp_dataset_8_1_1.csv,crp_dataset_8_1_8.csv,0.62697315,0.705263157887313,0.48550724637329346,67,28,71,90,0.0283203125,0.010921052631578948,0.01739925986842105
MLP,3,0.75,1.0,crp_dataset_8_1_5.csv|crp_dataset_8_1_7.csv|crp_dataset_8_1_8.csv,crp_dataset_8_1_3.csv,0.60593027,0.7852760736148143,0.7398843930593071,128,35,45,48,0.0196044921875,0.01388036809815951,0.005724124089340489
MLP,3,0.75,1.0,crp_dataset_8_1_5.csv|crp_dataset_8_1_7.csv|crp_dataset_8_1_8.csv,crp_dataset_8_1_6.csv,0.60593027,0.5759493670849624,0.6499999999953572,91,67,49,49,0.026928710937499996,0.026344936708860758,0.0005837742286392382
MLP,3,0.75,1.0,crp_dataset_8_1_5.csv|crp_dataset_8_1_7.csv|crp_dataset_8_1_8.csv,crp_dataset_8_1_2.csv,0.60593027,0.5060240963824939,0.7058823529352447,84,82,35,55,0.039453125,0.03723644578313253,0.0022166792168674676
MLP,3,0.75,1.0,crp_dataset_8_1_5.csv|crp_dataset_8_1_7.csv|crp_dataset_8_1_8.csv,crp_dataset_8_1_4.csv,0.60593027,0.5673758865207988,0.6106870228961017,80,61,51,64,0.023046875,0.022517730496453902,0.0005291445035460994
MLP,3,0.75,1.0,crp_dataset_8_1_5.csv|crp_dataset_8_1_7.csv|crp_dataset_8_1_8.csv,crp_dataset_8_1_1.csv,0.60593027,0.8144329896823254,0.6269841269791508,79,18,47,112,0.0252685546875,0.010824742268041235,0.014443812419458765
MLP,3,0.75,1.0,crp_dataset_8_1_5.csv|crp_dataset_8_1_2.csv|crp_dataset_8_1_4.csv,crp_dataset_8_1_3.csv,0.6574472,0.9473684210426593,0.5202312138698253,90,5,83,78,0.0196044921875,0.001644736842105263,0.017959755345394735
MLP,3,0.75,1.0,crp_dataset_8_1_5.csv|crp_dataset_8_1_2.csv|crp_dataset_8_1_4.csv,crp_dataset_8_1_6.csv,0.6574472,0.9705882352798443,0.4714285714252041,66,2,74,114,0.026928710937499996,0.0005514705882352941,0.0263772403492647
MLP,3,0.75,1.0,crp_dataset_8_1_5.csv|crp_dataset_8_1_2.csv|crp_dataset_8_1_4.csv,crp_dataset_8_1_7.csv,0.6574472,0.9533333333269779,0.6499999999970455,143,7,77,29,0.0095703125,0.0013333333333333335,0.008236979166666667
MLP,3,0.75,1.0,crp_dataset_8_1_5.csv|crp_dataset_8_1_2.csv|crp_dataset_8_1_4.csv,crp_dataset_8_1_1.csv,0.6574472,0.8281249999870605,0.42063492063158225,53,11,73,119,0.0252685546875,0.006054687499999999,0.0192138671875
MLP,3,0.75,1.0,crp_dataset_8_1_5.csv|crp_dataset_8_1_2.csv|crp_dataset_8_1_4.csv,crp_dataset_8_1_8.csv,0.6574472,0.7647058823416955,0.3768115942001681,52,16,86,102,0.0283203125,0.009191176470588236,0.019129136029411763
MLP,3,0.75,1.0,crp_dataset_8_1_5.csv|crp_dataset_8_1_2.csv|crp_dataset_8_1_1.csv,crp_dataset_8_1_3.csv,0.60094553,0.9326923076833394,0.5606936416152561,97,7,76,76,0.0196044921875,0.00234375,0.0172607421875
MLP,3,0.75,1.0,crp_dataset_8_1_5.csv|crp_dataset_8_1_2.csv|crp_dataset_8_1_1.csv,crp_dataset_8_1_6.csv,0.60094553,0.9166666666539351,0.4714285714252041,66,6,74,110,0.026928710937499996,0.005121527777777778,0.02180718315972222
MLP,3,0.75,1.0,crp_dataset_8_1_5.csv|crp_dataset_8_1_2.csv|crp_dataset_8_1_1.csv,crp_dataset_8_1_7.csv,0.60094553,0.9365853658490899,0.8727272727233059,192,13,28,23,0.0095703125,0.0035365853658536586,0.0060337271341463425
MLP,3,0.75,1.0,crp_dataset_8_1_5.csv|crp_dataset_8_1_2.csv|crp_dataset_8_1_1.csv,crp_dataset_8_1_4.csv,0.60094553,0.958762886588054,0.7099236641167181,93,4,38,121,0.023046875,0.0014175257731958765,0.021629349226804123
MLP,3,0.75,1.0,crp_dataset_8_1_5.csv|crp_dataset_8_1_2.csv|crp_dataset_8_1_1.csv,crp_dataset_8_1_8.csv,0.60094553,0.7887323943550882,0.40579710144633485,56,15,82,103,0.0283203125,0.00783450704225352,0.020485805457746482
MLP,3,0.75,1.0,crp_dataset_8_1_5.csv|crp_dataset_8_1_2.csv|crp_dataset_8_1_8.csv,crp_dataset_8_1_3.csv,0.6060258,0.8773584905577607,0.5375722543321528,93,13,80,70,0.0196044921875,0.00642688679245283,0.01317760539504717
MLP,3,0.75,1.0,crp_dataset_8_1_5.csv|crp_dataset_8_1_2.csv|crp_dataset_8_1_8.csv,crp_dataset_8_1_6.csv,0.6060258,0.7395833333256293,0.5071428571392347,71,25,69,91,0.026928710937499996,0.014778645833333335,0.012150065104166661
MLP,3,0.75,1.0,crp_dataset_8_1_5.csv|crp_dataset_8_1_2.csv|crp_dataset_8_1_8.csv,crp_dataset_8_1_7.csv,0.6060258,0.894736842101339,0.9272727272685124,204,24,16,12,0.0095703125,0.005701754385964912,0.003868558114035089
MLP,3,0.75,1.0,crp_dataset_8_1_5.csv|crp_dataset_8_1_2.csv|crp_dataset_8_1_8.csv,crp_dataset_8_1_4.csv,0.6060258,0.8260869565127599,0.5801526717512966,76,16,55,109,0.023046875,0.00971467391304348,0.013332201086956522
MLP,3,0.75,1.0,crp_dataset_8_1_5.csv|crp_dataset_8_1_2.csv|crp_dataset_8_1_8.csv,crp_dataset_8_1_1.csv,0.6060258,0.9322033898147085,0.43650793650447217,55,4,71,126,0.0252685546875,0.0013771186440677966,0.023891436043432204
MLP,3,0.75,1.0,crp_dataset_8_1_5.csv|crp_dataset_8_1_4.csv|crp_dataset_8_1_1.csv,crp_dataset_8_1_3.csv,0.6330069,0.8999999999925,0.6242774566437903,108,12,65,71,0.0196044921875,0.004635416666666667,0.014969075520833333
MLP,3,0.75,1.0,crp_dataset_8_1_5.csv|crp_dataset_8_1_4.csv|crp_dataset_8_1_1.csv,crp_dataset_8_1_6.csv,0.6330069,0.8252427184385899,0.6071428571385205,85,18,55,98,0.026928710937499996,0.009708737864077669,0.017219973073422327
MLP,3,0.75,1.0,crp_dataset_8_1_5.csv|crp_dataset_8_1_4.csv|crp_dataset_8_1_1.csv,crp_dataset_8_1_7.csv,0.6330069,0.9075630252062707,0.981818181813719,216,22,4,14,0.0095703125,0.004411764705882352,0.005158547794117649
MLP,3,0.75,1.0,crp_dataset_8_1_5.csv|crp_dataset_8_1_4.csv|crp_dataset_8_1_1.csv,crp_dataset_8_1_2.csv,0.6330069,0.7669902912546894,0.6638655462129087,79,24,40,113,0.039453125,0.009405339805825242,0.030047785194174757
MLP,3,0.75,1.0,crp_dataset_8_1_5.csv|crp_dataset_8_1_4.csv|crp_dataset_8_1_1.csv,crp_dataset_8_1_8.csv,0.6330069,0.7176470588150865,0.4420289855040433,61,24,77,94,0.0283203125,0.013382352941176475,0.014937959558823525
MLP,3,0.75,1.0,crp_dataset_8_1_5.csv|crp_dataset_8_1_4.csv|crp_dataset_8_1_8.csv,crp_dataset_8_1_3.csv,0.60148513,0.8775510203992086,0.4971098265867219,86,12,87,71,0.0196044921875,0.007334183673469388,0.01227030851403061
MLP,3,0.75,1.0,crp_dataset_8_1_5.csv|crp_dataset_8_1_4.csv|crp_dataset_8_1_8.csv,crp_dataset_8_1_6.csv,0.60148513,0.7906976744094104,0.4857142857108164,68,18,72,98,0.026928710937499996,0.012572674418604652,0.014356036518895344
MLP,3,0.75,1.0,crp_dataset_8_1_5.csv|crp_dataset_8_1_4.csv|crp_dataset_8_1_8.csv,crp_dataset_8_1_7.csv,0.60148513,0.9387755101992921,0.8363636363598348,184,12,36,24,0.0095703125,0.0030612244897959186,0.006509088010204082
MLP,3,0.75,1.0,crp_dataset_8_1_5.csv|crp_dataset_8_1_4.csv|crp_dataset_8_1_8.csv,crp_dataset_8_1_2.csv,0.60148513,0.7558139534795836,0.5462184873903679,65,21,54,116,0.039453125,0.013372093023255816,0.026081031976744183
MLP,3,0.75,1.0,crp_dataset_8_1_5.csv|crp_dataset_8_1_4.csv|crp_dataset_8_1_8.csv,crp_dataset_8_1_1.csv,0.60148513,0.9047619047403629,0.30158730158490804,38,4,88,126,0.0252685546875,0.0026785714285714286,0.02258998325892857
MLP,3,0.75,1.0,crp_dataset_8_1_5.csv|crp_dataset_8_1_1.csv|crp_dataset_8_1_8.csv,crp_dataset_8_1_3.csv,0.601252,0.8356164383504411,0.705202312134652,122,24,51,59,0.0196044921875,0.010659246575342465,0.008945245612157534
MLP,3,0.75,1.0,crp_dataset_8_1_5.csv|crp_dataset_8_1_1.csv|crp_dataset_8_1_8.csv,crp_dataset_8_1_6.csv,0.601252,0.602739726023269,0.6285714285669388,88,58,52,58,0.026928710937499996,0.02435787671232877,0.0025708342251712264
MLP,3,0.75,1.0,crp_dataset_8_1_5.csv|crp_dataset_8_1_1.csv|crp_dataset_8_1_8.csv,crp_dataset_8_1_7.csv,0.601252,0.893442622947158,0.9909090909045868,218,26,2,10,0.0095703125,0.0073258196721311475,0.002244492827868853
MLP,3,0.75,1.0,crp_dataset_8_1_5.csv|crp_dataset_8_1_1.csv|crp_dataset_8_1_8.csv,crp_dataset_8_1_2.csv,0.601252,0.6180555555512636,0.7478991596575807,89,55,30,82,0.039453125,0.027647569444444443,0.011805555555555555
MLP,3,0.75,1.0,crp_dataset_8_1_5.csv|crp_dataset_8_1_1.csv|crp_dataset_8_1_8.csv,crp_dataset_8_1_4.csv,0.601252,0.6788321167833662,0.7099236641167181,93,44,38,81,0.023046875,0.017016423357664234,0.006030451642335767
MLP,3,0.75,1.0,crp_dataset_8_1_6.csv|crp_dataset_8_1_7.csv|crp_dataset_8_1_2.csv,crp_dataset_8_1_3.csv,0.6159926,0.9304347826006049,0.6184971098230145,107,8,66,75,0.0196044921875,0.0027717391304347824,0.016832753057065216
MLP,3,0.75,1.0,crp_dataset_8_1_6.csv|crp_dataset_8_1_7.csv|crp_dataset_8_1_2.csv,crp_dataset_8_1_5.csv,0.6159926,0.7604166666587456,0.7299999999926999,73,23,27,133,0.039282226562499994,0.008268229166666667,0.031013997395833326
MLP,3,0.75,1.0,crp_dataset_8_1_6.csv|crp_dataset_8_1_7.csv|crp_dataset_8_1_2.csv,crp_dataset_8_1_4.csv,0.6159926,0.8859649122729301,0.7709923664063284,101,13,30,112,0.023046875,0.0038377192982456147,0.019209155701754386
MLP,3,0.75,1.0,crp_dataset_8_1_6.csv|crp_dataset_8_1_7.csv|crp_dataset_8_1_2.csv,crp_dataset_8_1_1.csv,0.6159926,0.8484848484719926,0.4444444444409171,56,10,70,120,0.0252685546875,0.005397727272727274,0.019870827414772727
MLP,3,0.75,1.0,crp_dataset_8_1_6.csv|crp_dataset_8_1_7.csv|crp_dataset_8_1_2.csv,crp_dataset_8_1_8.csv,0.6159926,0.6874999999914062,0.39855072463479313,55,25,83,93,0.0283203125,0.012968750000000001,0.015351562499999999
MLP,3,0.75,1.0,crp_dataset_8_1_6.csv|crp_dataset_8_1_7.csv|crp_dataset_8_1_4.csv,crp_dataset_8_1_3.csv,0.6120205,0.911290322573296,0.6531791907476695,113,11,60,72,0.0196044921875,0.0038306451612903224,0.015773847026209677
MLP,3,0.75,1.0,crp_dataset_8_1_6.csv|crp_dataset_8_1_7.csv|crp_dataset_8_1_4.csv,crp_dataset_8_1_5.csv,0.6120205,0.7383177570024456,0.7899999999921,79,28,21,128,0.039282226562499994,0.01074766355140187,0.028534563011098125
MLP,3,0.75,1.0,crp_dataset_8_1_6.csv|crp_dataset_8_1_7.csv|crp_dataset_8_1_4.csv,crp_dataset_8_1_2.csv,0.6120205,0.7570093457873176,0.6806722689018431,81,26,38,111,0.039453125,0.009929906542056078,0.029523218457943923
MLP,3,0.75,1.0,crp_dataset_8_1_6.csv|crp_dataset_8_1_7.csv|crp_dataset_8_1_4.csv,crp_dataset_8_1_1.csv,0.6120205,0.8399999999887999,0.49999999999603173,63,12,63,118,0.0252685546875,0.006333333333333335,0.018935221354166663
MLP,3,0.75,1.0,crp_dataset_8_1_6.csv|crp_dataset_8_1_7.csv|crp_dataset_8_1_4.csv,crp_dataset_8_1_8.csv,0.6120205,0.7032967032889748,0.4637681159386684,64,27,74,91,0.0283203125,0.015109890109890112,0.013210422390109888
MLP,3,0.75,1.0,crp_dataset_8_1_6.csv|crp_dataset_8_1_7.csv|crp_dataset_8_1_1.csv,crp_dataset_8_1_3.csv,0.6206655,0.9249999999922917,0.6416184971061178,111,9,62,74,0.0196044921875,0.0027083333333333334,0.016896158854166666
MLP,3,0.75,1.0,crp_dataset_8_1_6.csv|crp_dataset_8_1_7.csv|crp_dataset_8_1_1.csv,crp_dataset_8_1_5.csv,0.6206655,0.7857142857062682,0.7699999999923,77,21,23,135,0.039282226562499994,0.007908163265306122,0.031374063297193874
MLP,3,0.75,1.0,crp_dataset_8_1_6.csv|crp_dataset_8_1_7.csv|crp_dataset_8_1_1.csv,crp_dataset_8_1_2.csv,0.6206655,0.7304347826023441,0.7058823529352447,84,31,35,106,0.039453125,0.01456521739130435,0.02488790760869565
MLP,3,0.75,1.0,crp_dataset_8_1_6.csv|crp_dataset_8_1_7.csv|crp_dataset_8_1_1.csv,crp_dataset_8_1_4.csv,0.6206655,0.8244274809097373,0.8244274809097373,108,23,23,102,0.023046875,0.006965648854961832,0.01608122614503817
MLP,3,0.75,1.0,crp_dataset_8_1_6.csv|crp_dataset_8_1_7.csv|crp_dataset_8_1_1.csv,crp_dataset_8_1_8.csv,0.6206655,0.7045454545374483,0.449275362315585,62,26,76,92,0.0283203125,0.01640625,0.0119140625
MLP,3,0.75,1.0,crp_dataset_8_1_6.csv|crp_dataset_8_1_7.csv|crp_dataset_8_1_8.csv,crp_dataset_8_1_3.csv,0.6609676,0.9099099099017125,0.5838150288983595,101,10,72,73,0.0196044921875,0.003941441441441441,0.01566305074605856
MLP,3,0.75,1.0,crp_dataset_8_1_6.csv|crp_dataset_8_1_7.csv|crp_dataset_8_1_8.csv,crp_dataset_8_1_5.csv,0.6609676,0.8111111111020988,0.7299999999926999,73,17,27,139,0.039282226562499994,0.006388888888888888,0.032893337673611106
MLP,3,0.75,1.0,crp_dataset_8_1_6.csv|crp_dataset_8_1_7.csv|crp_dataset_8_1_8.csv,crp_dataset_8_1_2.csv,0.6609676,0.7959183673388172,0.6554621848684414,78,20,41,117,0.039453125,0.008545918367346937,0.03090720663265306
MLP,3,0.75,1.0,crp_dataset_8_1_6.csv|crp_dataset_8_1_7.csv|crp_dataset_8_1_8.csv,crp_dataset_8_1_4.csv,0.6609676,0.8761061946825123,0.7557251908339259,99,14,32,111,0.023046875,0.005033185840707965,0.018013689159292037
MLP,3,0.75,1.0,crp_dataset_8_1_6.csv|crp_dataset_8_1_7.csv|crp_dataset_8_1_8.csv,crp_dataset_8_1_1.csv,0.6609676,0.9032258064370448,0.4444444444409171,56,6,70,124,0.0252685546875,0.0028225806451612906,0.02244597404233871
MLP,3,0.75,1.0,crp_dataset_8_1_6.csv|crp_dataset_8_1_2.csv|crp_dataset_8_1_4.csv,crp_dataset_8_1_3.csv,0.6854107,0.9042553191393164,0.4913294797659461,85,9,88,74,0.0196044921875,0.004587765957446809,0.01501672623005319
MLP,3,0.75,1.0,crp_dataset_8_1_6.csv|crp_dataset_8_1_2.csv|crp_dataset_8_1_4.csv,crp_dataset_8_1_5.csv,0.6854107,0.7011494252792971,0.6099999999939,61,26,39,130,0.039282226562499994,0.015086206896551725,0.024196019665948268
MLP,3,0.75,1.0,crp_dataset_8_1_6.csv|crp_dataset_8_1_2.csv|crp_dataset_8_1_4.csv,crp_dataset_8_1_7.csv,0.6854107,0.9833333333169445,0.26818181818059916,59,1,161,35,0.0095703125,0.0005208333333333333,0.009049479166666667
MLP,3,0.75,1.0,crp_dataset_8_1_6.csv|crp_dataset_8_1_2.csv|crp_dataset_8_1_4.csv,crp_dataset_8_1_1.csv,0.6854107,0.8028169013971433,0.45238095237736203,57,14,69,116,0.0252685546875,0.006866197183098591,0.01840235750440141
MLP,3,0.75,1.0,crp_dataset_8_1_6.csv|crp_dataset_8_1_2.csv|crp_dataset_8_1_4.csv,crp_dataset_8_1_8.csv,0.6854107,0.6399999999872,0.2318840579693342,32,18,106,100,0.0283203125,0.024000000000000004,0.004320312499999996
MLP,3,0.75,1.0,crp_dataset_8_1_6.csv|crp_dataset_8_1_2.csv|crp_dataset_8_1_1.csv,crp_dataset_8_1_3.csv,0.61541206,0.8934426229434963,0.6300578034645662,109,13,64,70,0.0196044921875,0.004764344262295083,0.014840147925204918
MLP,3,0.75,1.0,crp_dataset_8_1_6.csv|crp_dataset_8_1_2.csv|crp_dataset_8_1_1.csv,crp_dataset_8_1_5.csv,0.61541206,0.7425742574183903,0.7499999999925,75,26,25,130,0.039282226562499994,0.009591584158415843,0.02969064240408415
MLP,3,0.75,1.0,crp_dataset_8_1_6.csv|crp_dataset_8_1_2.csv|crp_dataset_8_1_1.csv,crp_dataset_8_1_7.csv,0.61541206,0.9433962264106444,0.9090909090867769,200,12,20,24,0.0095703125,0.0020931603773584905,0.007477152122641511
MLP,3,0.75,1.0,crp_dataset_8_1_6.csv|crp_dataset_8_1_2.csv|crp_dataset_8_1_1.csv,crp_dataset_8_1_4.csv,0.61541206,0.8770491803206799,0.816793893123536,107,15,24,110,0.023046875,0.005276639344262295,0.017770235655737706
MLP,3,0.75,1.0,crp_dataset_8_1_6.csv|crp_dataset_8_1_2.csv|crp_dataset_8_1_1.csv,crp_dataset_8_1_8.csv,0.61541206,0.7195121951131767,0.4275362318809599,59,23,79,95,0.0283203125,0.015091463414634148,0.013228849085365852
MLP,3,0.75,1.0,crp_dataset_8_1_6.csv|crp_dataset_8_1_2.csv|crp_dataset_8_1_8.csv,crp_dataset_8_1_3.csv,0.62107563,0.9122807017463834,0.601156069360687,104,10,69,73,0.0196044921875,0.005208333333333333,0.014396158854166667
MLP,3,0.75,1.0,crp_dataset_8_1_6.csv|crp_dataset_8_1_2.csv|crp_dataset_8_1_8.csv,crp_dataset_8_1_5.csv,0.62107563,0.7777777777691358,0.699999999993,70,20,30,136,0.039282226562499994,0.008819444444444446,0.03046278211805555
MLP,3,0.75,1.0,crp_dataset_8_1_6.csv|crp_dataset_8_1_2.csv|crp_dataset_8_1_8.csv,crp_dataset_8_1_7.csv,0.62107563,0.9263157894688089,0.7999999999963636,176,14,44,22,0.0095703125,0.0035526315789473684,0.006017680921052633
MLP,3,0.75,1.0,crp_dataset_8_1_6.csv|crp_dataset_8_1_2.csv|crp_dataset_8_1_8.csv,crp_dataset_8_1_4.csv,0.62107563,0.8818181818101652,0.7404580152615233,97,13,34,112,0.023046875,0.0038636363636363642,0.019183238636363637
MLP,3,0.75,1.0,crp_dataset_8_1_6.csv|crp_dataset_8_1_2.csv|crp_dataset_8_1_8.csv,crp_dataset_8_1_1.csv,0.62107563,0.870967741921436,0.4285714285680272,54,8,72,122,0.0252685546875,0.004334677419354839,0.020933877268145162
MLP,3,0.75,1.0,crp_dataset_8_1_6.csv|crp_dataset_8_1_4.csv|crp_dataset_8_1_1.csv,crp_dataset_8_1_3.csv,0.69184744,0.922330097078424,0.5491329479737045,95,8,78,75,0.0196044921875,0.00345873786407767,0.01614575432342233
MLP,3,0.75,1.0,crp_dataset_8_1_6.csv|crp_dataset_8_1_4.csv|crp_dataset_8_1_1.csv,crp_dataset_8_1_5.csv,0.69184744,0.7613636363549845,0.6699999999933,67,21,33,135,0.039282226562499994,0.008735795454545454,0.03054643110795454
MLP,3,0.75,1.0,crp_dataset_8_1_6.csv|crp_dataset_8_1_4.csv|crp_dataset_8_1_1.csv,crp_dataset_8_1_7.csv,0.69184744,0.9612903225744434,0.6772727272696488,149,6,71,30,0.0095703125,0.0008870967741935484,0.008683215725806452
MLP,3,0.75,1.0,crp_dataset_8_1_6.csv|crp_dataset_8_1_4.csv|crp_dataset_8_1_1.csv,crp_dataset_8_1_2.csv,0.69184744,0.7831325301110466,0.5462184873903679,65,18,54,119,0.039453125,0.007454819277108434,0.031998305722891564
MLP,3,0.75,1.0,crp_dataset_8_1_6.csv|crp_dataset_8_1_4.csv|crp_dataset_8_1_1.csv,crp_dataset_8_1_8.csv,0.69184744,0.6999999999883334,0.30434782608475114,42,18,96,100,0.0283203125,0.014583333333333332,0.013736979166666668
MLP,3,0.75,1.0,crp_dataset_8_1_6.csv|crp_dataset_8_1_4.csv|crp_dataset_8_1_8.csv,crp_dataset_8_1_3.csv,0.65187603,0.9174311926521336,0.5780346820775837,100,9,73,74,0.0196044921875,0.002981651376146789,0.01662284081135321
MLP,3,0.75,1.0,crp_dataset_8_1_6.csv|crp_dataset_8_1_4.csv|crp_dataset_8_1_8.csv,crp_dataset_8_1_5.csv,0.65187603,0.7010309278278244,0.6799999999931999,68,29,32,127,0.039282226562499994,0.014497422680412372,0.024784803882087623
MLP,3,0.75,1.0,crp_dataset_8_1_6.csv|crp_dataset_8_1_4.csv|crp_dataset_8_1_8.csv,crp_dataset_8_1_7.csv,0.65187603,0.9360465116224649,0.7318181818148554,161,11,59,25,0.0095703125,0.0030886627906976743,0.006481649709302326
MLP,3,0.75,1.0,crp_dataset_8_1_6.csv|crp_dataset_8_1_4.csv|crp_dataset_8_1_8.csv,crp_dataset_8_1_2.csv,0.65187603,0.7789473684128532,0.6218487394905727,74,21,45,116,0.039453125,0.007828947368421052,0.031624177631578945
MLP,3,0.75,1.0,crp_dataset_8_1_6.csv|crp_dataset_8_1_4.csv|crp_dataset_8_1_8.csv,crp_dataset_8_1_1.csv,0.65187603,0.7702702702598612,0.45238095237736203,57,17,69,113,0.0252685546875,0.009881756756756756,0.015386797930743244
MLP,3,0.75,1.0,crp_dataset_8_1_6.csv|crp_dataset_8_1_1.csv|crp_dataset_8_1_8.csv,crp_dataset_8_1_3.csv,0.64781487,0.9404761904649943,0.4566473988412911,79,5,94,78,0.0196044921875,0.002232142857142857,0.017372349330357143
MLP,3,0.75,1.0,crp_dataset_8_1_6.csv|crp_dataset_8_1_1.csv|crp_dataset_8_1_8.csv,crp_dataset_8_1_5.csv,0.64781487,0.7704918032660576,0.46999999999529996,47,14,53,142,0.039282226562499994,0.0063524590163934426,0.032929767546106554
MLP,3,0.75,1.0,crp_dataset_8_1_6.csv|crp_dataset_8_1_1.csv|crp_dataset_8_1_8.csv,crp_dataset_8_1_7.csv,0.64781487,0.9329896907168403,0.8227272727235331,181,13,39,23,0.0095703125,0.0028994845360824743,0.006670827963917526
MLP,3,0.75,1.0,crp_dataset_8_1_6.csv|crp_dataset_8_1_1.csv|crp_dataset_8_1_8.csv,crp_dataset_8_1_2.csv,0.64781487,0.7611940298393851,0.4285714285678271,51,16,68,121,0.039453125,0.009421641791044775,0.030031483208955226
MLP,3,0.75,1.0,crp_dataset_8_1_6.csv|crp_dataset_8_1_1.csv|crp_dataset_8_1_8.csv,crp_dataset_8_1_4.csv,0.64781487,0.866666666657037,0.5954198473236991,78,12,53,113,0.023046875,0.004930555555555555,0.018116319444444445
MLP,3,0.75,1.0,crp_dataset_8_1_7.csv|crp_dataset_8_1_2.csv|crp_dataset_8_1_4.csv,crp_dataset_8_1_3.csv,0.6784684,0.9237288135514938,0.6300578034645662,109,9,64,74,0.0196044921875,0.0036546610169491526,0.015949831170550845
MLP,3,0.75,1.0,crp_dataset_8_1_7.csv|crp_dataset_8_1_2.csv|crp_dataset_8_1_4.csv,crp_dataset_8_1_5.csv,0.6784684,0.705882352934256,0.7199999999928,72,30,28,126,0.039282226562499994,0.012806372549019607,0.026475854013480387
MLP,3,0.75,1.0,crp_dataset_8_1_7.csv|crp_dataset_8_1_2.csv|crp_dataset_8_1_4.csv,crp_dataset_8_1_6.csv,0.6784684,0.8444444444350617,0.5428571428532654,76,14,64,102,0.026928710937499996,0.007847222222222222,0.019081488715277775
MLP,3,0.75,1.0,crp_dataset_8_1_7.csv|crp_dataset_8_1_2.csv|crp_dataset_8_1_4.csv,crp_dataset_8_1_1.csv,0.6784684,0.7887323943550882,0.4444444444409171,56,15,70,115,0.0252685546875,0.007130281690140845,0.018138272997359154
MLP,3,0.75,1.0,crp_dataset_8_1_7.csv|crp_dataset_8_1_2.csv|crp_dataset_8_1_4.csv,crp_dataset_8_1_8.csv,0.6784684,0.6626506024016547,0.39855072463479313,55,28,83,90,0.0283203125,0.017093373493975904,0.011226939006024096
MLP,3,0.75,1.0,crp_dataset_8_1_7.csv|crp_dataset_8_1_2.csv|crp_dataset_8_1_1.csv,crp_dataset_8_1_3.csv,0.74316114,0.902439024382907,0.6416184971061178,111,12,62,71,0.0196044921875,0.004471544715447155,0.015132947472052845
MLP,3,0.75,1.0,crp_dataset_8_1_7.csv|crp_dataset_8_1_2.csv|crp_dataset_8_1_1.csv,crp_dataset_8_1_5.csv,0.74316114,0.785714285704932,0.6599999999934,66,18,34,138,0.039282226562499994,0.006324404761904762,0.032957821800595234
MLP,3,0.75,1.0,crp_dataset_8_1_7.csv|crp_dataset_8_1_2.csv|crp_dataset_8_1_1.csv,crp_dataset_8_1_6.csv,0.74316114,0.8631578947277562,0.5857142857101021,82,13,58,103,0.026928710937499996,0.005657894736842105,0.02127081620065789
MLP,3,0.75,1.0,crp_dataset_8_1_7.csv|crp_dataset_8_1_2.csv|crp_dataset_8_1_1.csv,crp_dataset_8_1_4.csv,0.74316114,0.8938053097266034,0.7709923664063284,101,12,30,113,0.023046875,0.003926991150442477,0.019119883849557526
MLP,3,0.75,1.0,crp_dataset_8_1_7.csv|crp_dataset_8_1_2.csv|crp_dataset_8_1_1.csv,crp_dataset_8_1_8.csv,0.74316114,0.7857142857030612,0.39855072463479313,55,15,83,103,0.0283203125,0.005535714285714285,0.022784598214285714
MLP,3,0.75,1.0,crp_dataset_8_1_7.csv|crp_dataset_8_1_2.csv|crp_dataset_8_1_8.csv,crp_dataset_8_1_3.csv,0.60637176,0.8859649122729301,0.5838150288983595,101,13,72,70,0.0196044921875,0.006140350877192983,0.013464141310307015
MLP,3,0.75,1.0,crp_dataset_8_1_7.csv|crp_dataset_8_1_2.csv|crp_dataset_8_1_8.csv,crp_dataset_8_1_5.csv,0.60637176,0.784090909081999,0.6899999999931,69,19,31,137,0.039282226562499994,0.007031249999999999,0.03225097656249999
MLP,3,0.75,1.0,crp_dataset_8_1_7.csv|crp_dataset_8_1_2.csv|crp_dataset_8_1_8.csv,crp_dataset_8_1_6.csv,0.60637176,0.8210526315703047,0.5571428571388776,78,17,62,99,0.026928710937499996,0.010065789473684212,0.016862921463815784
MLP,3,0.75,1.0,crp_dataset_8_1_7.csv|crp_dataset_8_1_2.csv|crp_dataset_8_1_8.csv,crp_dataset_8_1_4.csv,0.60637176,0.8434782608622305,0.7404580152615233,97,18,34,107,0.023046875,0.0065760869565217395,0.016470788043478263
MLP,3,0.75,1.0,crp_dataset_8_1_7.csv|crp_dataset_8_1_2.csv|crp_dataset_8_1_8.csv,crp_dataset_8_1_1.csv,0.60637176,0.9298245613871962,0.42063492063158225,53,4,73,126,0.0252685546875,0.002850877192982456,0.022417677494517545
MLP,3,0.75,1.0,crp_dataset_8_1_7.csv|crp_dataset_8_1_4.csv|crp_dataset_8_1_1.csv,crp_dataset_8_1_3.csv,0.63803405,0.909090909083396,0.635838150285342,110,11,63,72,0.0196044921875,0.0038739669421487604,0.015730525245351238
MLP,3,0.75,1.0,crp_dataset_8_1_7.csv|crp_dataset_8_1_4.csv|crp_dataset_8_1_1.csv,crp_dataset_8_1_5.csv,0.63803405,0.7549019607769127,0.7699999999923,77,25,23,131,0.039282226562499994,0.009620098039215687,0.029662128523284308
MLP,3,0.75,1.0,crp_dataset_8_1_7.csv|crp_dataset_8_1_4.csv|crp_dataset_8_1_1.csv,crp_dataset_8_1_6.csv,0.63803405,0.8695652173818526,0.5714285714244899,80,12,60,104,0.026928710937499996,0.00794836956521739,0.018980341372282605
MLP,3,0.75,1.0,crp_dataset_8_1_7.csv|crp_dataset_8_1_4.csv|crp_dataset_8_1_1.csv,crp_dataset_8_1_2.csv,0.63803405,0.7297297297231555,0.6806722689018431,81,30,38,107,0.039453125,0.011261261261261266,0.028191863738738734
MLP,3,0.75,1.0,crp_dataset_8_1_7.csv|crp_dataset_8_1_4.csv|crp_dataset_8_1_1.csv,crp_dataset_8_1_8.csv,0.63803405,0.6774193548314256,0.4565217391271267,63,30,75,88,0.0283203125,0.015389784946236563,0.012930527553763437
MLP,3,0.75,1.0,crp_dataset_8_1_7.csv|crp_dataset_8_1_4.csv|crp_dataset_8_1_8.csv,crp_dataset_8_1_3.csv,0.62122166,0.8602941176407332,0.6763005780307729,117,19,56,64,0.0196044921875,0.008042279411764705,0.011562212775735294
MLP,3,0.75,1.0,crp_dataset_8_1_7.csv|crp_dataset_8_1_4.csv|crp_dataset_8_1_8.csv,crp_dataset_8_1_5.csv,0.62122166,0.7474747474671972,0.7399999999926,74,25,26,131,0.039282226562499994,0.010858585858585857,0.028423640703914135
MLP,3,0.75,1.0,crp_dataset_8_1_7.csv|crp_dataset_8_1_4.csv|crp_dataset_8_1_8.csv,crp_dataset_8_1_6.csv,0.62122166,0.7586206896486326,0.6285714285669388,88,28,52,88,0.026928710937499996,0.013523706896551725,0.01340500404094827
MLP,3,0.75,1.0,crp_dataset_8_1_7.csv|crp_dataset_8_1_4.csv|crp_dataset_8_1_8.csv,crp_dataset_8_1_2.csv,0.62122166,0.6842105263097876,0.6554621848684414,78,36,41,101,0.039453125,0.02012061403508772,0.01933251096491228
MLP,3,0.75,1.0,crp_dataset_8_1_7.csv|crp_dataset_8_1_4.csv|crp_dataset_8_1_8.csv,crp_dataset_8_1_1.csv,0.62122166,0.8902439024281678,0.5793650793604812,73,9,53,121,0.0252685546875,0.003887195121951219,0.02138135956554878
MLP,3,0.75,1.0,crp_dataset_8_1_7.csv|crp_dataset_8_1_1.csv|crp_dataset_8_1_8.csv,crp_dataset_8_1_3.csv,0.67970127,0.8214285714212373,0.531791907511377,92,20,81,63,0.0196044921875,0.011104910714285713,0.008499581473214286
MLP,3,0.75,1.0,crp_dataset_8_1_7.csv|crp_dataset_8_1_1.csv|crp_dataset_8_1_8.csv,crp_dataset_8_1_5.csv,0.67970127,0.793650793638196,0.499999999995,50,13,50,143,0.039282226562499994,0.007043650793650793,0.0322385757688492
MLP,3,0.75,1.0,crp_dataset_8_1_7.csv|crp_dataset_8_1_1.csv|crp_dataset_8_1_8.csv,crp_dataset_8_1_6.csv,0.67970127,0.6597938144261877,0.45714285713959185,64,33,76,83,0.026928710937499996,0.021456185567010306,0.00547252537048969
MLP,3,0.75,1.0,crp_dataset_8_1_7.csv|crp_dataset_8_1_1.csv|crp_dataset_8_1_8.csv,crp_dataset_8_1_2.csv,0.67970127,0.7951807228819857,0.5546218487348351,66,17,53,120,0.039453125,0.012575301204819278,0.026877823795180722
MLP,3,0.75,1.0,crp_dataset_8_1_7.csv|crp_dataset_8_1_1.csv|crp_dataset_8_1_8.csv,crp_dataset_8_1_4.csv,0.67970127,0.7142857142784256,0.534351145034089,70,28,61,97,0.023046875,0.014732142857142859,0.008314732142857143
MLP,3,0.75,1.0,crp_dataset_8_1_2.csv|crp_dataset_8_1_4.csv|crp_dataset_8_1_1.csv,crp_dataset_8_1_3.csv,0.61381114,0.916666666658179,0.5722543352568078,99,9,74,74,0.0196044921875,0.003414351851851852,0.016190140335648147
MLP,3,0.75,1.0,crp_dataset_8_1_2.csv|crp_dataset_8_1_4.csv|crp_dataset_8_1_1.csv,crp_dataset_8_1_5.csv,0.61381114,0.8021978021889868,0.7299999999926999,73,18,27,138,0.039282226562499994,0.007005494505494507,0.032276732057005486
MLP,3,0.75,1.0,crp_dataset_8_1_2.csv|crp_dataset_8_1_4.csv|crp_dataset_8_1_1.csv,crp_dataset_8_1_6.csv,0.61381114,0.883116883105414,0.4857142857108164,68,9,72,107,0.026928710937499996,0.005275974025974026,0.02165273691152597
MLP,3,0.75,1.0,crp_dataset_8_1_2.csv|crp_dataset_8_1_4.csv|crp_dataset_8_1_1.csv,crp_dataset_8_1_7.csv,0.61381114,0.972789115639641,0.6499999999970455,143,4,77,32,0.0095703125,0.0008503401360544217,0.00871997236394558
MLP,3,0.75,1.0,crp_dataset_8_1_2.csv|crp_dataset_8_1_4.csv|crp_dataset_8_1_1.csv,crp_dataset_8_1_8.csv,0.61381114,0.731343283571174,0.35507246376554297,49,18,89,100,0.0283203125,0.0103544776119403,0.017965834888059702
MLP,3,0.75,1.0,crp_dataset_8_1_2.csv|crp_dataset_8_1_4.csv|crp_dataset_8_1_8.csv,crp_dataset_8_1_3.csv,0.6448796,0.9651162790585451,0.47976878612439444,83,3,90,80,0.0196044921875,0.0006540697674418603,0.01895042242005814
MLP,3,0.75,1.0,crp_dataset_8_1_2.csv|crp_dataset_8_1_4.csv|crp_dataset_8_1_8.csv,crp_dataset_8_1_5.csv,0.6448796,0.7922077921975038,0.6099999999939,61,16,39,140,0.039282226562499994,0.008847402597402599,0.030434823965097398
MLP,3,0.75,1.0,crp_dataset_8_1_2.csv|crp_dataset_8_1_4.csv|crp_dataset_8_1_8.csv,crp_dataset_8_1_6.csv,0.6448796,0.9193548386948491,0.407142857139949,57,5,83,111,0.026928710937499996,0.0037298387096774193,0.023198872227822576
MLP,3,0.75,1.0,crp_dataset_8_1_2.csv|crp_dataset_8_1_4.csv|crp_dataset_8_1_8.csv,crp_dataset_8_1_7.csv,0.6448796,0.9732142857055963,0.4954545454522934,109,3,111,33,0.0095703125,0.0006696428571428571,0.008900669642857144
MLP,3,0.75,1.0,crp_dataset_8_1_2.csv|crp_dataset_8_1_4.csv|crp_dataset_8_1_8.csv,crp_dataset_8_1_1.csv,0.6448796,0.8909090908928926,0.3888888888858025,49,6,77,124,0.0252685546875,0.0031818181818181815,0.02208673650568182
MLP,3,0.75,1.0,crp_dataset_8_1_2.csv|crp_dataset_8_1_1.csv|crp_dataset_8_1_8.csv,crp_dataset_8_1_3.csv,0.6073082,0.8771929824484457,0.5780346820775837,100,14,73,69,0.0196044921875,0.005756578947368421,0.013847913240131578
MLP,3,0.75,1.0,crp_dataset_8_1_2.csv|crp_dataset_8_1_1.csv|crp_dataset_8_1_8.csv,crp_dataset_8_1_5.csv,0.6073082,0.8101265822682262,0.6399999999936,64,15,36,141,0.039282226562499994,0.006803797468354431,0.03247842909414556
MLP,3,0.75,1.0,crp_dataset_8_1_2.csv|crp_dataset_8_1_1.csv|crp_dataset_8_1_8.csv,crp_dataset_8_1_6.csv,0.6073082,0.8510638297781802,0.5714285714244899,80,14,60,102,0.026928710937499996,0.008111702127659576,0.01881700880984042
MLP,3,0.75,1.0,crp_dataset_8_1_2.csv|crp_dataset_8_1_1.csv|crp_dataset_8_1_8.csv,crp_dataset_8_1_7.csv,0.6073082,0.9118942731237362,0.9409090909048141,207,20,13,16,0.0095703125,0.0045704845814977975,0.004999827918502203
MLP,3,0.75,1.0,crp_dataset_8_1_2.csv|crp_dataset_8_1_1.csv|crp_dataset_8_1_8.csv,crp_dataset_8_1_4.csv,0.6073082,0.8050847457558891,0.7251908396891208,95,23,36,102,0.023046875,0.008315677966101694,0.014731197033898307
MLP,3,0.75,1.0,crp_dataset_8_1_4.csv|crp_dataset_8_1_1.csv|crp_dataset_8_1_8.csv,crp_dataset_8_1_3.csv,0.609287,0.9026548672486491,0.5895953757191353,102,11,71,72,0.0196044921875,0.004922566371681416,0.014681925815818583
MLP,3,0.75,1.0,crp_dataset_8_1_4.csv|crp_dataset_8_1_1.csv|crp_dataset_8_1_8.csv,crp_dataset_8_1_5.csv,0.609287,0.813186813177877,0.7399999999926,74,17,26,139,0.039282226562499994,0.005288461538461539,0.033993765024038454
MLP,3,0.75,1.0,crp_dataset_8_1_4.csv|crp_dataset_8_1_1.csv|crp_dataset_8_1_8.csv,crp_dataset_8_1_6.csv,0.609287,0.827956989238409,0.5499999999960715,77,16,63,100,0.026928710937499996,0.010685483870967743,0.01624322706653225
MLP,3,0.75,1.0,crp_dataset_8_1_4.csv|crp_dataset_8_1_1.csv|crp_dataset_8_1_8.csv,crp_dataset_8_1_7.csv,0.609287,0.9273504273464643,0.9863636363591529,217,17,3,19,0.0095703125,0.003952991452991453,0.005617321047008548
MLP,3,0.75,1.0,crp_dataset_8_1_4.csv|crp_dataset_8_1_1.csv|crp_dataset_8_1_8.csv,crp_dataset_8_1_2.csv,0.609287,0.7207207207142278,0.6722689075573759,80,31,39,106,0.039453125,0.015090090090090094,0.024363034909909903
MLP,4,0.75,1.0,crp_dataset_8_1_3.csv|crp_dataset_8_1_5.csv|crp_dataset_8_1_6.csv|crp_dataset_8_1_7.csv,crp_dataset_8_1_2.csv,0.76010704,0.8478260869473062,0.6554621848684414,78,14,41,123,0.039453125,0.004415760869565217,0.03503736413043478
MLP,4,0.75,1.0,crp_dataset_8_1_3.csv|crp_dataset_8_1_5.csv|crp_dataset_8_1_6.csv|crp_dataset_8_1_7.csv,crp_dataset_8_1_4.csv,0.76010704,0.9292035398147858,0.8015267175511335,105,8,26,117,0.023046875,0.002323008849557522,0.02072386615044248
MLP,4,0.75,1.0,crp_dataset_8_1_3.csv|crp_dataset_8_1_5.csv|crp_dataset_8_1_6.csv|crp_dataset_8_1_7.csv,crp_dataset_8_1_1.csv,0.76010704,0.9803921568435218,0.39682539682224743,50,1,76,129,0.0252685546875,0.0004901960784313725,0.02477835860906863
MLP,4,0.75,1.0,crp_dataset_8_1_3.csv|crp_dataset_8_1_5.csv|crp_dataset_8_1_6.csv|crp_dataset_8_1_7.csv,crp_dataset_8_1_8.csv,0.76010704,0.8142857142740816,0.4130434782578765,57,13,81,105,0.0283203125,0.00544642857142857,0.02287388392857143
MLP,4,0.75,1.0,crp_dataset_8_1_3.csv|crp_dataset_8_1_5.csv|crp_dataset_8_1_6.csv|crp_dataset_8_1_2.csv,crp_dataset_8_1_7.csv,0.6505748,0.9240506329074935,0.9954545454500207,219,18,1,18,0.0095703125,0.0032172995780590714,0.00635301292194093
MLP,4,0.75,1.0,crp_dataset_8_1_3.csv|crp_dataset_8_1_5.csv|crp_dataset_8_1_6.csv|crp_dataset_8_1_2.csv,crp_dataset_8_1_4.csv,0.6505748,0.8730158730089443,0.8396946564821398,110,16,21,109,0.023046875,0.005158730158730159,0.017888144841269844
MLP,4,0.75,1.0,crp_dataset_8_1_3.csv|crp_dataset_8_1_5.csv|crp_dataset_8_1_6.csv|crp_dataset_8_1_2.csv,crp_dataset_8_1_1.csv,0.6505748,0.869565217378702,0.4761904761866969,60,9,66,121,0.0252685546875,0.004528985507246377,0.020739569180253624
MLP,4,0.75,1.0,crp_dataset_8_1_3.csv|crp_dataset_8_1_5.csv|crp_dataset_8_1_6.csv|crp_dataset_8_1_2.csv,crp_dataset_8_1_8.csv,0.6505748,0.6987951807144723,0.42028985506941824,58,25,80,93,0.0283203125,0.013403614457831326,0.014916698042168674
MLP,4,0.75,1.0,crp_dataset_8_1_3.csv|crp_dataset_8_1_5.csv|crp_dataset_8_1_6.csv|crp_dataset_8_1_4.csv,crp_dataset_8_1_7.csv,0.77622247,0.9553571428528779,0.9727272727228513,214,10,6,26,0.0095703125,0.002176339285714286,0.007393973214285715
MLP,4,0.75,1.0,crp_dataset_8_1_3.csv|crp_dataset_8_1_5.csv|crp_dataset_8_1_6.csv|crp_dataset_8_1_4.csv,crp_dataset_8_1_2.csv,0.77622247,0.8369565217300331,0.6470588235239743,77,15,42,122,0.039453125,0.004076086956521739,0.03537703804347826
MLP,4,0.75,1.0,crp_dataset_8_1_3.csv|crp_dataset_8_1_5.csv|crp_dataset_8_1_6.csv|crp_dataset_8_1_4.csv,crp_dataset_8_1_1.csv,0.77622247,0.8955223880463354,0.4761904761866969,60,7,66,123,0.0252685546875,0.0029850746268656717,0.02228348006063433
MLP,4,0.75,1.0,crp_dataset_8_1_3.csv|crp_dataset_8_1_5.csv|crp_dataset_8_1_6.csv|crp_dataset_8_1_4.csv,crp_dataset_8_1_8.csv,0.77622247,0.7307692307598619,0.4130434782578765,57,21,81,97,0.0283203125,0.007852564102564102,0.020467748397435898
MLP,4,0.75,1.0,crp_dataset_8_1_3.csv|crp_dataset_8_1_5.csv|crp_dataset_8_1_6.csv|crp_dataset_8_1_1.csv,crp_dataset_8_1_7.csv,0.6052017,0.9240506329074935,0.9954545454500207,219,18,1,18,0.0095703125,0.0038238396624472575,0.005746472837552743
MLP,4,0.75,1.0,crp_dataset_8_1_3.csv|crp_dataset_8_1_5.csv|crp_dataset_8_1_6.csv|crp_dataset_8_1_1.csv,crp_dataset_8_1_2.csv,0.6052017,0.8019801980118616,0.6806722689018431,81,20,38,117,0.039453125,0.005878712871287129,0.03357441212871287
MLP,4,0.75,1.0,crp_dataset_8_1_3.csv|crp_dataset_8_1_5.csv|crp_dataset_8_1_6.csv|crp_dataset_8_1_1.csv,crp_dataset_8_1_4.csv,0.6052017,0.8833333333259722,0.8091603053373347,106,14,25,111,0.023046875,0.00390625,0.019140625
MLP,4,0.75,1.0,crp_dataset_8_1_3.csv|crp_dataset_8_1_5.csv|crp_dataset_8_1_6.csv|crp_dataset_8_1_1.csv,crp_dataset_8_1_8.csv,0.6052017,0.7325581395263656,0.4565217391271267,63,23,75,95,0.0283203125,0.009229651162790698,0.019090661337209304
MLP,4,0.75,1.0,crp_dataset_8_1_3.csv|crp_dataset_8_1_5.csv|crp_dataset_8_1_6.csv|crp_dataset_8_1_8.csv,crp_dataset_8_1_7.csv,0.71807235,0.9517543859607379,0.9863636363591529,217,11,3,25,0.0095703125,0.0021929824561403508,0.00737733004385965
MLP,4,0.75,1.0,crp_dataset_8_1_3.csv|crp_dataset_8_1_5.csv|crp_dataset_8_1_6.csv|crp_dataset_8_1_8.csv,crp_dataset_8_1_2.csv,0.71807235,0.8275862068870392,0.6050420168016383,72,15,47,122,0.039453125,0.004525862068965517,0.03492726293103448
MLP,4,0.75,1.0,crp_dataset_8_1_3.csv|crp_dataset_8_1_5.csv|crp_dataset_8_1_6.csv|crp_dataset_8_1_8.csv,crp_dataset_8_1_4.csv,0.71807235,0.970588235284602,0.7557251908339259,99,3,32,122,0.023046875,0.0007965686274509804,0.02225030637254902
MLP,4,0.75,1.0,crp_dataset_8_1_3.csv|crp_dataset_8_1_5.csv|crp_dataset_8_1_6.csv|crp_dataset_8_1_8.csv,crp_dataset_8_1_1.csv,0.71807235,0.9482758620526159,0.43650793650447217,55,3,71,127,0.0252685546875,0.0009698275862068966,0.024298727101293105
MLP,4,0.75,1.0,crp_dataset_8_1_3.csv|crp_dataset_8_1_5.csv|crp_dataset_8_1_7.csv|crp_dataset_8_1_2.csv,crp_dataset_8_1_6.csv,0.6970167,0.881720430098046,0.5857142857101021,82,11,58,105,0.026928710937499996,0.005040322580645161,0.021888388356854836
MLP,4,0.75,1.0,crp_dataset_8_1_3.csv|crp_dataset_8_1_5.csv|crp_dataset_8_1_7.csv|crp_dataset_8_1_2.csv,crp_dataset_8_1_4.csv,0.6970167,0.9067796610092645,0.816793893123536,107,11,24,114,0.023046875,0.0036016949152542378,0.019445180084745765
MLP,4,0.75,1.0,crp_dataset_8_1_3.csv|crp_dataset_8_1_5.csv|crp_dataset_8_1_7.csv|crp_dataset_8_1_2.csv,crp_dataset_8_1_1.csv,0.6970167,0.8888888888747796,0.4444444444409171,56,7,70,123,0.0252685546875,0.004166666666666667,0.021101888020833334
MLP,4,0.75,1.0,crp_dataset_8_1_3.csv|crp_dataset_8_1_5.csv|crp_dataset_8_1_7.csv|crp_dataset_8_1_2.csv,crp_dataset_8_1_8.csv,0.6970167,0.7631578947268005,0.42028985506941824,58,18,80,100,0.0283203125,0.008470394736842102,0.0198499177631579
MLP,4,0.75,1.0,crp_dataset_8_1_3.csv|crp_dataset_8_1_5.csv|crp_dataset_8_1_7.csv|crp_dataset_8_1_4.csv,crp_dataset_8_1_6.csv,0.60261184,0.9047619047511337,0.5428571428532654,76,8,64,108,0.026928710937499996,0.004613095238095237,0.02231561569940476
MLP,4,0.75,1.0,crp_dataset_8_1_3.csv|crp_dataset_8_1_5.csv|crp_dataset_8_1_7.csv|crp_dataset_8_1_4.csv,crp_dataset_8_1_2.csv,0.60261184,0.8350515463831437,0.6806722689018431,81,16,38,121,0.039453125,0.005734536082474227,0.03371858891752577
MLP,4,0.75,1.0,crp_dataset_8_1_3.csv|crp_dataset_8_1_5.csv|crp_dataset_8_1_7.csv|crp_dataset_8_1_4.csv,crp_dataset_8_1_1.csv,0.60261184,0.9062499999858398,0.460317460313807,58,6,68,124,0.0252685546875,0.003515625,0.0217529296875
MLP,4,0.75,1.0,crp_dataset_8_1_3.csv|crp_dataset_8_1_5.csv|crp_dataset_8_1_7.csv|crp_dataset_8_1_4.csv,crp_dataset_8_1_8.csv,0.60261184,0.7692307692209073,0.4347826086925016,60,18,78,100,0.0283203125,0.009615384615384616,0.018704927884615384
MLP,4,0.75,1.0,crp_dataset_8_1_3.csv|crp_dataset_8_1_5.csv|crp_dataset_8_1_7.csv|crp_dataset_8_1_1.csv,crp_dataset_8_1_6.csv,0.6176853,0.8030303030242195,0.757142857137449,106,26,34,90,0.026928710937499996,0.010748106060606062,0.016180604876893934
MLP,4,0.75,1.0,crp_dataset_8_1_3.csv|crp_dataset_8_1_5.csv|crp_dataset_8_1_7.csv|crp_dataset_8_1_1.csv,crp_dataset_8_1_2.csv,0.6176853,0.7522123893738742,0.7142857142797119,85,28,34,109,0.039453125,0.009623893805309734,0.029829231194690265
MLP,4,0.75,1.0,crp_dataset_8_1_3.csv|crp_dataset_8_1_5.csv|crp_dataset_8_1_7.csv|crp_dataset_8_1_1.csv,crp_dataset_8_1_4.csv,0.6176853,0.8195488721742892,0.8320610686959385,109,24,22,101,0.023046875,0.006907894736842106,0.016138980263157895
MLP,4,0.75,1.0,crp_dataset_8_1_3.csv|crp_dataset_8_1_5.csv|crp_dataset_8_1_7.csv|crp_dataset_8_1_1.csv,crp_dataset_8_1_8.csv,0.6176853,0.7582417582334259,0.49999999999637684,69,22,69,96,0.0283203125,0.01037087912087912,0.01794943337912088
MLP,4,0.75,1.0,crp_dataset_8_1_3.csv|crp_dataset_8_1_5.csv|crp_dataset_8_1_7.csv|crp_dataset_8_1_8.csv,crp_dataset_8_1_6.csv,0.72454786,0.8936170212670892,0.5999999999957143,84,10,56,106,0.026928710937499996,0.006382978723404255,0.02054573221409574
MLP,4,0.75,1.0,crp_dataset_8_1_3.csv|crp_dataset_8_1_5.csv|crp_dataset_8_1_7.csv|crp_dataset_8_1_8.csv,crp_dataset_8_1_2.csv,0.72454786,0.8904109588919121,0.5462184873903679,65,8,54,129,0.039453125,0.003938356164383561,0.03551476883561644
MLP,4,0.75,1.0,crp_dataset_8_1_3.csv|crp_dataset_8_1_5.csv|crp_dataset_8_1_7.csv|crp_dataset_8_1_8.csv,crp_dataset_8_1_4.csv,0.72454786,0.8653846153762943,0.6870229007581143,90,14,41,111,0.023046875,0.005709134615384615,0.017337740384615385
MLP,4,0.75,1.0,crp_dataset_8_1_3.csv|crp_dataset_8_1_5.csv|crp_dataset_8_1_7.csv|crp_dataset_8_1_8.csv,crp_dataset_8_1_1.csv,0.72454786,0.978260869543951,0.35714285714002264,45,1,81,129,0.0252685546875,0.000407608695652174,0.024860945991847825
MLP,4,0.75,1.0,crp_dataset_8_1_3.csv|crp_dataset_8_1_5.csv|crp_dataset_8_1_2.csv|crp_dataset_8_1_4.csv,crp_dataset_8_1_6.csv,0.670257,0.9249999999884374,0.5285714285676532,74,6,66,110,0.026928710937499996,0.0025,0.024428710937499997
MLP,4,0.75,1.0,crp_dataset_8_1_3.csv|crp_dataset_8_1_5.csv|crp_dataset_8_1_2.csv|crp_dataset_8_1_4.csv,crp_dataset_8_1_7.csv,0.670257,0.9377777777736099,0.9590909090865496,211,14,9,22,0.0095703125,0.002361111111111111,0.00720920138888889
MLP,4,0.75,1.0,crp_dataset_8_1_3.csv|crp_dataset_8_1_5.csv|crp_dataset_8_1_2.csv|crp_dataset_8_1_4.csv,crp_dataset_8_1_1.csv,0.670257,0.8769230769095857,0.45238095237736203,57,8,69,122,0.0252685546875,0.0036538461538461542,0.021614708533653847
MLP,4,0.75,1.0,crp_dataset_8_1_3.csv|crp_dataset_8_1_5.csv|crp_dataset_8_1_2.csv|crp_dataset_8_1_4.csv,crp_dataset_8_1_8.csv,0.670257,0.7702702702598612,0.4130434782578765,57,17,81,101,0.0283203125,0.007432432432432431,0.020887880067567567
MLP,4,0.75,1.0,crp_dataset_8_1_3.csv|crp_dataset_8_1_5.csv|crp_dataset_8_1_2.csv|crp_dataset_8_1_1.csv,crp_dataset_8_1_6.csv,0.74762416,0.8878504672814219,0.6785714285665817,95,12,45,104,0.026928710937499996,0.005432242990654206,0.02149646794684579
MLP,4,0.75,1.0,crp_dataset_8_1_3.csv|crp_dataset_8_1_5.csv|crp_dataset_8_1_2.csv|crp_dataset_8_1_1.csv,crp_dataset_8_1_7.csv,0.74762416,0.935622317592551,0.9909090909045868,218,15,2,21,0.0095703125,0.0027896995708154514,0.006780612929184549
MLP,4,0.75,1.0,crp_dataset_8_1_3.csv|crp_dataset_8_1_5.csv|crp_dataset_8_1_2.csv|crp_dataset_8_1_1.csv,crp_dataset_8_1_4.csv,0.74762416,0.914529914522098,0.816793893123536,107,10,24,115,0.023046875,0.003151709401709402,0.0198951655982906
MLP,4,0.75,1.0,crp_dataset_8_1_3.csv|crp_dataset_8_1_5.csv|crp_dataset_8_1_2.csv|crp_dataset_8_1_1.csv,crp_dataset_8_1_8.csv,0.74762416,0.7532467532369708,0.42028985506941824,58,19,80,99,0.0283203125,0.007467532467532466,0.020852780032467533
MLP,4,0.75,1.0,crp_dataset_8_1_3.csv|crp_dataset_8_1_5.csv|crp_dataset_8_1_2.csv|crp_dataset_8_1_8.csv,crp_dataset_8_1_6.csv,0.6129425,0.7622950819609647,0.6642857142809694,93,29,47,87,0.026928710937499996,0.01408811475409836,0.012840596183401635
MLP,4,0.75,1.0,crp_dataset_8_1_3.csv|crp_dataset_8_1_5.csv|crp_dataset_8_1_2.csv|crp_dataset_8_1_8.csv,crp_dataset_8_1_7.csv,0.6129425,0.911764705878522,0.9863636363591529,217,21,3,15,0.0095703125,0.004831932773109243,0.004738379726890758
MLP,4,0.75,1.0,crp_dataset_8_1_3.csv|crp_dataset_8_1_5.csv|crp_dataset_8_1_2.csv|crp_dataset_8_1_8.csv,crp_dataset_8_1_4.csv,0.6129425,0.8623853210930056,0.7175572519029194,94,15,37,110,0.023046875,0.0065366972477064215,0.01651017775229358
MLP,4,0.75,1.0,crp_dataset_8_1_3.csv|crp_dataset_8_1_5.csv|crp_dataset_8_1_2.csv|crp_dataset_8_1_8.csv,crp_dataset_8_1_1.csv,0.6129425,0.9538461538314792,0.49206349205958677,62,3,64,127,0.0252685546875,0.0014423076923076924,0.023826246995192306
MLP,4,0.75,1.0,crp_dataset_8_1_3.csv|crp_dataset_8_1_5.csv|crp_dataset_8_1_4.csv|crp_dataset_8_1_1.csv,crp_dataset_8_1_6.csv,0.6700941,0.8431372548936947,0.6142857142813266,86,16,54,100,0.026928710937499996,0.009436274509803921,0.017492436427696073
MLP,4,0.75,1.0,crp_dataset_8_1_3.csv|crp_dataset_8_1_5.csv|crp_dataset_8_1_4.csv|crp_dataset_8_1_1.csv,crp_dataset_8_1_7.csv,0.6700941,0.9316239316199504,0.9909090909045868,218,16,2,20,0.0095703125,0.0030448717948717945,0.006525440705128206
MLP,4,0.75,1.0,crp_dataset_8_1_3.csv|crp_dataset_8_1_5.csv|crp_dataset_8_1_4.csv|crp_dataset_8_1_1.csv,crp_dataset_8_1_2.csv,0.6700941,0.816326530603915,0.6722689075573759,80,18,39,119,0.039453125,0.004846938775510204,0.03460618622448979
MLP,4,0.75,1.0,crp_dataset_8_1_3.csv|crp_dataset_8_1_5.csv|crp_dataset_8_1_4.csv|crp_dataset_8_1_1.csv,crp_dataset_8_1_8.csv,0.6700941,0.7662337662238151,0.4275362318809599,59,18,79,100,0.0283203125,0.006818181818181817,0.021502130681818183
MLP,4,0.75,1.0,crp_dataset_8_1_3.csv|crp_dataset_8_1_5.csv|crp_dataset_8_1_4.csv|crp_dataset_8_1_8.csv,crp_dataset_8_1_6.csv,0.6650074,0.8404255319059529,0.5642857142816837,79,15,61,101,0.026928710937499996,0.01023936170212766,0.016689349235372335
MLP,4,0.75,1.0,crp_dataset_8_1_3.csv|crp_dataset_8_1_5.csv|crp_dataset_8_1_4.csv|crp_dataset_8_1_8.csv,crp_dataset_8_1_7.csv,0.6650074,0.9198312236248108,0.9909090909045868,218,19,2,17,0.0095703125,0.003823839662447258,0.005746472837552743
MLP,4,0.75,1.0,crp_dataset_8_1_3.csv|crp_dataset_8_1_5.csv|crp_dataset_8_1_4.csv|crp_dataset_8_1_8.csv,crp_dataset_8_1_2.csv,0.6650074,0.7745098039139754,0.6638655462129087,79,23,40,114,0.039453125,0.009252450980392157,0.03020067401960784
MLP,4,0.75,1.0,crp_dataset_8_1_3.csv|crp_dataset_8_1_5.csv|crp_dataset_8_1_4.csv|crp_dataset_8_1_8.csv,crp_dataset_8_1_1.csv,0.6650074,0.8732394366074191,0.49206349205958677,62,9,64,121,0.0252685546875,0.00352112676056338,0.02174742792693662
MLP,4,0.75,1.0,crp_dataset_8_1_3.csv|crp_dataset_8_1_5.csv|crp_dataset_8_1_1.csv|crp_dataset_8_1_8.csv,crp_dataset_8_1_6.csv,0.6010656,0.69178082191307,0.7214285714234184,101,45,39,71,0.026928710937499996,0.01780821917808219,0.009120491759417804
MLP,4,0.75,1.0,crp_dataset_8_1_3.csv|crp_dataset_8_1_5.csv|crp_dataset_8_1_1.csv|crp_dataset_8_1_8.csv,crp_dataset_8_1_7.csv,0.6010656,0.8971193415600942,0.9909090909045868,218,25,2,11,0.0095703125,0.005555555555555556,0.004014756944444445
MLP,4,0.75,1.0,crp_dataset_8_1_3.csv|crp_dataset_8_1_5.csv|crp_dataset_8_1_1.csv|crp_dataset_8_1_8.csv,crp_dataset_8_1_2.csv,0.6010656,0.740740740733882,0.6722689075573759,80,28,39,109,0.039453125,0.011805555555555557,0.027647569444444443
MLP,4,0.75,1.0,crp_dataset_8_1_3.csv|crp_dataset_8_1_5.csv|crp_dataset_8_1_1.csv|crp_dataset_8_1_8.csv,crp_dataset_8_1_4.csv,0.6010656,0.8278688524522305,0.7709923664063284,101,21,30,104,0.023046875,0.007274590163934427,0.015772284836065575
MLP,4,0.75,1.0,crp_dataset_8_1_3.csv|crp_dataset_8_1_6.csv|crp_dataset_8_1_7.csv|crp_dataset_8_1_2.csv,crp_dataset_8_1_5.csv,0.77088606,0.8295454545360279,0.7299999999926999,73,15,27,141,0.039282226562499994,0.005326704545454545,0.03395552201704545
MLP,4,0.75,1.0,crp_dataset_8_1_3.csv|crp_dataset_8_1_6.csv|crp_dataset_8_1_7.csv|crp_dataset_8_1_2.csv,crp_dataset_8_1_4.csv,0.77088606,0.9304347826006049,0.816793893123536,107,8,24,117,0.023046875,0.0017391304347826085,0.021307744565217394
MLP,4,0.75,1.0,crp_dataset_8_1_3.csv|crp_dataset_8_1_6.csv|crp_dataset_8_1_7.csv|crp_dataset_8_1_2.csv,crp_dataset_8_1_1.csv,0.77088606,0.9032258064370448,0.4444444444409171,56,6,70,124,0.0252685546875,0.002721774193548387,0.02254678049395161
MLP,4,0.75,1.0,crp_dataset_8_1_3.csv|crp_dataset_8_1_6.csv|crp_dataset_8_1_7.csv|crp_dataset_8_1_2.csv,crp_dataset_8_1_8.csv,0.77088606,0.7916666666556712,0.4130434782578765,57,15,81,103,0.0283203125,0.006510416666666667,0.021809895833333332
MLP,4,0.75,1.0,crp_dataset_8_1_3.csv|crp_dataset_8_1_6.csv|crp_dataset_8_1_7.csv|crp_dataset_8_1_4.csv,crp_dataset_8_1_5.csv,0.7509706,0.8372093023158463,0.7199999999928,72,14,28,142,0.039282226562499994,0.004651162790697674,0.03463106377180232
MLP,4,0.75,1.0,crp_dataset_8_1_3.csv|crp_dataset_8_1_6.csv|crp_dataset_8_1_7.csv|crp_dataset_8_1_4.csv,crp_dataset_8_1_2.csv,0.7509706,0.8085106382892712,0.6386554621795071,76,18,43,119,0.039453125,0.006183510638297872,0.03326961436170213
MLP,4,0.75,1.0,crp_dataset_8_1_3.csv|crp_dataset_8_1_6.csv|crp_dataset_8_1_7.csv|crp_dataset_8_1_4.csv,crp_dataset_8_1_1.csv,0.7509706,0.9218749999855956,0.46825396825025195,59,5,67,125,0.0252685546875,0.0027343750000000003,0.0225341796875
MLP,4,0.75,1.0,crp_dataset_8_1_3.csv|crp_dataset_8_1_6.csv|crp_dataset_8_1_7.csv|crp_dataset_8_1_4.csv,crp_dataset_8_1_8.csv,0.7509706,0.7435897435802103,0.42028985506941824,58,20,80,98,0.0283203125,0.008012820512820512,0.020307491987179488
MLP,4,0.75,1.0,crp_dataset_8_1_3.csv|crp_dataset_8_1_6.csv|crp_dataset_8_1_7.csv|crp_dataset_8_1_1.csv,crp_dataset_8_1_5.csv,0.7242801,0.8152173912954868,0.7499999999925,75,17,25,139,0.039282226562499994,0.005298913043478261,0.033983313519021736
MLP,4,0.75,1.0,crp_dataset_8_1_3.csv|crp_dataset_8_1_6.csv|crp_dataset_8_1_7.csv|crp_dataset_8_1_1.csv,crp_dataset_8_1_2.csv,0.7242801,0.7899999999921,0.6638655462129087,79,21,40,116,0.039453125,0.006187499999999999,0.033265625
MLP,4,0.75,1.0,crp_dataset_8_1_3.csv|crp_dataset_8_1_6.csv|crp_dataset_8_1_7.csv|crp_dataset_8_1_1.csv,crp_dataset_8_1_4.csv,0.7242801,0.9067796610092645,0.816793893123536,107,11,24,114,0.023046875,0.0030720338983050845,0.019974841101694917
MLP,4,0.75,1.0,crp_dataset_8_1_3.csv|crp_dataset_8_1_6.csv|crp_dataset_8_1_7.csv|crp_dataset_8_1_1.csv,crp_dataset_8_1_8.csv,0.7242801,0.7624999999904687,0.4420289855040433,61,19,77,99,0.0283203125,0.007734375,0.0205859375
MLP,4,0.75,1.0,crp_dataset_8_1_3.csv|crp_dataset_8_1_6.csv|crp_dataset_8_1_7.csv|crp_dataset_8_1_8.csv,crp_dataset_8_1_5.csv,0.6644925,0.8043478260782135,0.7399999999926,74,18,26,138,0.039282226562499994,0.0056385869565217395,0.03364363960597826
MLP,4,0.75,1.0,crp_dataset_8_1_3.csv|crp_dataset_8_1_6.csv|crp_dataset_8_1_7.csv|crp_dataset_8_1_8.csv,crp_dataset_8_1_2.csv,0.6644925,0.8387096774103364,0.6554621848684414,78,15,41,122,0.039453125,0.004973118279569892,0.034480006720430105
MLP,4,0.75,1.0,crp_dataset_8_1_3.csv|crp_dataset_8_1_6.csv|crp_dataset_8_1_7.csv|crp_dataset_8_1_8.csv,crp_dataset_8_1_4.csv,0.6644925,0.903508771921899,0.7862595419787309,103,11,28,114,0.023046875,0.003453947368421053,0.01959292763157895
MLP,4,0.75,1.0,crp_dataset_8_1_3.csv|crp_dataset_8_1_6.csv|crp_dataset_8_1_7.csv|crp_dataset_8_1_8.csv,crp_dataset_8_1_1.csv,0.6644925,0.9333333333177778,0.4444444444409171,56,4,70,126,0.0252685546875,0.0013541666666666667,0.023914388020833333
MLP,4,0.75,1.0,crp_dataset_8_1_3.csv|crp_dataset_8_1_6.csv|crp_dataset_8_1_2.csv|crp_dataset_8_1_4.csv,crp_dataset_8_1_5.csv,0.72867274,0.7934782608609404,0.7299999999926999,73,19,27,137,0.039282226562499994,0.006046195652173914,0.03323603091032608
MLP,4,0.75,1.0,crp_dataset_8_1_3.csv|crp_dataset_8_1_6.csv|crp_dataset_8_1_2.csv|crp_dataset_8_1_4.csv,crp_dataset_8_1_7.csv,0.72867274,0.961748633874526,0.7999999999963636,176,7,44,29,0.0095703125,0.0011953551912568306,0.00837495730874317
MLP,4,0.75,1.0,crp_dataset_8_1_3.csv|crp_dataset_8_1_6.csv|crp_dataset_8_1_2.csv|crp_dataset_8_1_4.csv,crp_dataset_8_1_1.csv,0.72867274,0.8656716417781243,0.460317460313807,58,9,68,121,0.0252685546875,0.0036380597014925376,0.021630494986007463
MLP,4,0.75,1.0,crp_dataset_8_1_3.csv|crp_dataset_8_1_6.csv|crp_dataset_8_1_2.csv|crp_dataset_8_1_4.csv,crp_dataset_8_1_8.csv,0.72867274,0.7534246575239256,0.39855072463479313,55,18,83,100,0.0283203125,0.007791095890410959,0.020529216609589042
MLP,4,0.75,1.0,crp_dataset_8_1_3.csv|crp_dataset_8_1_6.csv|crp_dataset_8_1_2.csv|crp_dataset_8_1_1.csv,crp_dataset_8_1_5.csv,0.6005991,0.7599999999924,0.7599999999924,76,24,24,132,0.039282226562499994,0.00875,0.030532226562499994
MLP,4,0.75,1.0,crp_dataset_8_1_3.csv|crp_dataset_8_1_6.csv|crp_dataset_8_1_2.csv|crp_dataset_8_1_1.csv,crp_dataset_8_1_7.csv,0.6005991,0.9166666666628472,0.9999999999954546,220,20,0,16,0.0095703125,0.004296875,0.0052734375
MLP,4,0.75,1.0,crp_dataset_8_1_3.csv|crp_dataset_8_1_6.csv|crp_dataset_8_1_2.csv|crp_dataset_8_1_1.csv,crp_dataset_8_1_4.csv,0.6005991,0.8582677165286751,0.8320610686959385,109,18,22,107,0.023046875,0.005364173228346457,0.017682701771653545
MLP,4,0.75,1.0,crp_dataset_8_1_3.csv|crp_dataset_8_1_6.csv|crp_dataset_8_1_2.csv|crp_dataset_8_1_1.csv,crp_dataset_8_1_8.csv,0.6005991,0.6966292134753187,0.449275362315585,62,27,76,91,0.0283203125,0.013342696629213486,0.014977615870786514
MLP,4,0.75,1.0,crp_dataset_8_1_3.csv|crp_dataset_8_1_6.csv|crp_dataset_8_1_2.csv|crp_dataset_8_1_8.csv,crp_dataset_8_1_5.csv,0.60273314,0.7623762376162141,0.7699999999923,77,24,23,132,0.039282226562499994,0.008972772277227722,0.03030945428527227
MLP,4,0.75,1.0,crp_dataset_8_1_3.csv|crp_dataset_8_1_6.csv|crp_dataset_8_1_2.csv|crp_dataset_8_1_8.csv,crp_dataset_8_1_7.csv,0.60273314,0.9053497942349574,0.9999999999954546,220,23,0,13,0.0095703125,0.004886831275720165,0.004683481224279836
MLP,4,0.75,1.0,crp_dataset_8_1_3.csv|crp_dataset_8_1_6.csv|crp_dataset_8_1_2.csv|crp_dataset_8_1_8.csv,crp_dataset_8_1_4.csv,0.60273314,0.8593749999932863,0.8396946564821398,110,18,21,107,0.023046875,0.0066894531250000005,0.016357421875
MLP,4,0.75,1.0,crp_dataset_8_1_3.csv|crp_dataset_8_1_6.csv|crp_dataset_8_1_2.csv|crp_dataset_8_1_8.csv,crp_dataset_8_1_1.csv,0.60273314,0.8399999999887999,0.49999999999603173,63,12,63,118,0.0252685546875,0.005333333333333334,0.019935221354166664
MLP,4,0.75,1.0,crp_dataset_8_1_3.csv|crp_dataset_8_1_6.csv|crp_dataset_8_1_4.csv|crp_dataset_8_1_1.csv,crp_dataset_8_1_5.csv,0.6142749,0.7777777777699214,0.7699999999923,77,22,23,134,0.039282226562499994,0.007133838383838385,0.03214838817866161
MLP,4,0.75,1.0,crp_dataset_8_1_3.csv|crp_dataset_8_1_6.csv|crp_dataset_8_1_4.csv|crp_dataset_8_1_1.csv,crp_dataset_8_1_7.csv,0.6142749,0.9279661016909833,0.9954545454500207,219,17,1,19,0.0095703125,0.002754237288135593,0.0068160752118644075
MLP,4,0.75,1.0,crp_dataset_8_1_3.csv|crp_dataset_8_1_6.csv|crp_dataset_8_1_4.csv|crp_dataset_8_1_1.csv,crp_dataset_8_1_2.csv,0.6142749,0.8019801980118616,0.6806722689018431,81,20,38,117,0.039453125,0.007116336633663365,0.03233678836633663
MLP,4,0.75,1.0,crp_dataset_8_1_3.csv|crp_dataset_8_1_6.csv|crp_dataset_8_1_4.csv|crp_dataset_8_1_1.csv,crp_dataset_8_1_8.csv,0.6142749,0.7407407407315958,0.4347826086925016,60,21,78,97,0.0283203125,0.008796296296296297,0.019524016203703705
MLP,4,0.75,1.0,crp_dataset_8_1_3.csv|crp_dataset_8_1_6.csv|crp_dataset_8_1_4.csv|crp_dataset_8_1_8.csv,crp_dataset_8_1_5.csv,0.7310859,0.8181818181725207,0.7199999999928,72,16,28,140,0.039282226562499994,0.005894886363636364,0.03338734019886363
MLP,4,0.75,1.0,crp_dataset_8_1_3.csv|crp_dataset_8_1_6.csv|crp_dataset_8_1_4.csv|crp_dataset_8_1_8.csv,crp_dataset_8_1_7.csv,0.7310859,0.9395348837165604,0.9181818181776447,202,13,18,23,0.0095703125,0.0021511627906976747,0.007419149709302326
MLP,4,0.75,1.0,crp_dataset_8_1_3.csv|crp_dataset_8_1_6.csv|crp_dataset_8_1_4.csv|crp_dataset_8_1_8.csv,crp_dataset_8_1_2.csv,0.7310859,0.8085106382892712,0.6386554621795071,76,18,43,119,0.039453125,0.005651595744680851,0.033801529255319145
MLP,4,0.75,1.0,crp_dataset_8_1_3.csv|crp_dataset_8_1_6.csv|crp_dataset_8_1_4.csv|crp_dataset_8_1_8.csv,crp_dataset_8_1_1.csv,0.7310859,0.8550724637557235,0.46825396825025195,59,10,67,120,0.0252685546875,0.004438405797101449,0.02083014889039855
MLP,4,0.75,1.0,crp_dataset_8_1_3.csv|crp_dataset_8_1_6.csv|crp_dataset_8_1_1.csv|crp_dataset_8_1_8.csv,crp_dataset_8_1_5.csv,0.6086008,0.8020833333249783,0.7699999999923,77,19,23,137,0.039282226562499994,0.006705729166666667,0.03257649739583333
MLP,4,0.75,1.0,crp_dataset_8_1_3.csv|crp_dataset_8_1_6.csv|crp_dataset_8_1_1.csv|crp_dataset_8_1_8.csv,crp_dataset_8_1_7.csv,0.6086008,0.9128630705356313,0.9999999999954546,220,21,0,15,0.0095703125,0.004279045643153527,0.005291266856846473
MLP,4,0.75,1.0,crp_dataset_8_1_3.csv|crp_dataset_8_1_6.csv|crp_dataset_8_1_1.csv|crp_dataset_8_1_8.csv,crp_dataset_8_1_2.csv,0.6086008,0.7798165137543136,0.7142857142797119,85,24,34,113,0.039453125,0.008543577981651375,0.030909547018348624
MLP,4,0.75,1.0,crp_dataset_8_1_3.csv|crp_dataset_8_1_6.csv|crp_dataset_8_1_1.csv|crp_dataset_8_1_8.csv,crp_dataset_8_1_4.csv,0.6086008,0.8257575757513201,0.8320610686959385,109,23,22,102,0.023046875,0.007907196969696969,0.015139678030303033
MLP,4,0.75,1.0,crp_dataset_8_1_3.csv|crp_dataset_8_1_7.csv|crp_dataset_8_1_2.csv|crp_dataset_8_1_4.csv,crp_dataset_8_1_5.csv,0.76574475,0.8255813953392374,0.7099999999929,71,15,29,141,0.039282226562499994,0.004941860465116279,0.034340366097383716
MLP,4,0.75,1.0,crp_dataset_8_1_3.csv|crp_dataset_8_1_7.csv|crp_dataset_8_1_2.csv|crp_dataset_8_1_4.csv,crp_dataset_8_1_6.csv,0.76574475,0.9240506328996955,0.521428571424847,73,6,67,110,0.026928710937499996,0.002531645569620253,0.024397065367879743
MLP,4,0.75,1.0,crp_dataset_8_1_3.csv|crp_dataset_8_1_7.csv|crp_dataset_8_1_2.csv|crp_dataset_8_1_4.csv,crp_dataset_8_1_1.csv,0.76574475,0.8571428571292518,0.4285714285680272,54,9,72,121,0.0252685546875,0.004265873015873016,0.021002681671626985
MLP,4,0.75,1.0,crp_dataset_8_1_3.csv|crp_dataset_8_1_7.csv|crp_dataset_8_1_2.csv|crp_dataset_8_1_4.csv,crp_dataset_8_1_8.csv,0.76574475,0.7307692307598619,0.4130434782578765,57,21,81,97,0.0283203125,0.008814102564102564,0.019506209935897436
MLP,4,0.75,1.0,crp_dataset_8_1_3.csv|crp_dataset_8_1_7.csv|crp_dataset_8_1_2.csv|crp_dataset_8_1_1.csv,crp_dataset_8_1_5.csv,0.607437,0.8111111111020988,0.7299999999926999,73,17,27,139,0.039282226562499994,0.005416666666666667,0.03386555989583333
MLP,4,0.75,1.0,crp_dataset_8_1_3.csv|crp_dataset_8_1_7.csv|crp_dataset_8_1_2.csv|crp_dataset_8_1_1.csv,crp_dataset_8_1_6.csv,0.607437,0.8275862068894173,0.6857142857093879,96,20,44,96,0.026928710937499996,0.009590517241379309,0.017338193696120687
MLP,4,0.75,1.0,crp_dataset_8_1_3.csv|crp_dataset_8_1_7.csv|crp_dataset_8_1_2.csv|crp_dataset_8_1_1.csv,crp_dataset_8_1_4.csv,0.607437,0.9203539822927402,0.7938931297649322,104,9,27,116,0.023046875,0.0020464601769911504,0.02100041482300885
MLP,4,0.75,1.0,crp_dataset_8_1_3.csv|crp_dataset_8_1_7.csv|crp_dataset_8_1_2.csv|crp_dataset_8_1_1.csv,crp_dataset_8_1_8.csv,0.607437,0.7820512820412557,0.4420289855040433,61,17,77,101,0.0283203125,0.005849358974358974,0.022470953525641026
MLP,4,0.75,1.0,crp_dataset_8_1_3.csv|crp_dataset_8_1_7.csv|crp_dataset_8_1_2.csv|crp_dataset_8_1_8.csv,crp_dataset_8_1_5.csv,0.60911345,0.8043478260782135,0.7399999999926,74,18,26,138,0.039282226562499994,0.00577445652173913,0.033507770040760866
MLP,4,0.75,1.0,crp_dataset_8_1_3.csv|crp_dataset_8_1_7.csv|crp_dataset_8_1_2.csv|crp_dataset_8_1_8.csv,crp_dataset_8_1_6.csv,0.60911345,0.8666666666584126,0.6499999999953572,91,14,49,102,0.026928710937499996,0.006904761904761905,0.02002394903273809
MLP,4,0.75,1.0,crp_dataset_8_1_3.csv|crp_dataset_8_1_7.csv|crp_dataset_8_1_2.csv|crp_dataset_8_1_8.csv,crp_dataset_8_1_4.csv,0.60911345,0.8780487804806663,0.8244274809097373,108,15,23,110,0.023046875,0.0042174796747967485,0.018829395325203252
MLP,4,0.75,1.0,crp_dataset_8_1_3.csv|crp_dataset_8_1_7.csv|crp_dataset_8_1_2.csv|crp_dataset_8_1_8.csv,crp_dataset_8_1_1.csv,0.60911345,0.8823529411634947,0.4761904761866969,60,8,66,122,0.0252685546875,0.003216911764705882,0.02205164292279412
MLP,4,0.75,1.0,crp_dataset_8_1_3.csv|crp_dataset_8_1_7.csv|crp_dataset_8_1_4.csv|crp_dataset_8_1_1.csv,crp_dataset_8_1_5.csv,0.7061943,0.827956989238409,0.7699999999923,77,16,23,140,0.039282226562499994,0.0049059139784946235,0.03437631258400537
MLP,4,0.75,1.0,crp_dataset_8_1_3.csv|crp_dataset_8_1_7.csv|crp_dataset_8_1_4.csv|crp_dataset_8_1_1.csv,crp_dataset_8_1_6.csv,0.7061943,0.9493670885955776,0.5357142857104592,75,4,65,112,0.026928710937499996,0.002056962025316456,0.02487174891218354
MLP,4,0.75,1.0,crp_dataset_8_1_3.csv|crp_dataset_8_1_7.csv|crp_dataset_8_1_4.csv|crp_dataset_8_1_1.csv,crp_dataset_8_1_2.csv,0.7061943,0.8350515463831437,0.6806722689018431,81,16,38,121,0.039453125,0.0045747422680412365,0.034878382731958764
MLP,4,0.75,1.0,crp_dataset_8_1_3.csv|crp_dataset_8_1_7.csv|crp_dataset_8_1_4.csv|crp_dataset_8_1_1.csv,crp_dataset_8_1_8.csv,0.7061943,0.7763157894634695,0.4275362318809599,59,17,79,101,0.0283203125,0.006907894736842104,0.021412417763157894
MLP,4,0.75,1.0,crp_dataset_8_1_3.csv|crp_dataset_8_1_7.csv|crp_dataset_8_1_4.csv|crp_dataset_8_1_8.csv,crp_dataset_8_1_5.csv,0.6717244,0.8105263157809418,0.7699999999923,77,18,23,138,0.039282226562499994,0.005065789473684211,0.03421643708881578
MLP,4,0.75,1.0,crp_dataset_8_1_3.csv|crp_dataset_8_1_7.csv|crp_dataset_8_1_4.csv|crp_dataset_8_1_8.csv,crp_dataset_8_1_6.csv,0.6717244,0.9036144578204384,0.5357142857104592,75,8,65,108,0.026928710937499996,0.004141566265060241,0.022787144672439755
MLP,4,0.75,1.0,crp_dataset_8_1_3.csv|crp_dataset_8_1_7.csv|crp_dataset_8_1_4.csv|crp_dataset_8_1_8.csv,crp_dataset_8_1_2.csv,0.6717244,0.7821782178140378,0.6638655462129087,79,22,40,115,0.039453125,0.010334158415841588,0.029118966584158412
MLP,4,0.75,1.0,crp_dataset_8_1_3.csv|crp_dataset_8_1_7.csv|crp_dataset_8_1_4.csv|crp_dataset_8_1_8.csv,crp_dataset_8_1_1.csv,0.6717244,0.8985507246246587,0.49206349205958677,62,7,64,123,0.0252685546875,0.002626811594202899,0.0226417430932971
MLP,4,0.75,1.0,crp_dataset_8_1_3.csv|crp_dataset_8_1_7.csv|crp_dataset_8_1_1.csv|crp_dataset_8_1_8.csv,crp_dataset_8_1_5.csv,0.65804595,0.7857142857062682,0.7699999999923,77,21,23,135,0.039282226562499994,0.006696428571428571,0.032585797991071426
MLP,4,0.75,1.0,crp_dataset_8_1_3.csv|crp_dataset_8_1_7.csv|crp_dataset_8_1_1.csv|crp_dataset_8_1_8.csv,crp_dataset_8_1_6.csv,0.65804595,0.7013888888840182,0.7214285714234184,101,43,39,73,0.026928710937499996,0.018359374999999997,0.008569335937499999
MLP,4,0.75,1.0,crp_dataset_8_1_3.csv|crp_dataset_8_1_7.csv|crp_dataset_8_1_1.csv|crp_dataset_8_1_8.csv,crp_dataset_8_1_2.csv,0.65804595,0.6614173228294377,0.7058823529352447,84,43,35,94,0.039453125,0.02209645669291339,0.01735666830708661
MLP,4,0.75,1.0,crp_dataset_8_1_3.csv|crp_dataset_8_1_7.csv|crp_dataset_8_1_1.csv|crp_dataset_8_1_8.csv,crp_dataset_8_1_4.csv,0.65804595,0.8088235294058176,0.8396946564821398,110,26,21,99,0.023046875,0.008869485294117645,0.014177389705882356
MLP,4,0.75,1.0,crp_dataset_8_1_3.csv|crp_dataset_8_1_2.csv|crp_dataset_8_1_4.csv|crp_dataset_8_1_1.csv,crp_dataset_8_1_5.csv,0.72092706,0.7659574468003622,0.7199999999928,72,22,28,134,0.039282226562499994,0.007446808510638298,0.0318354180518617
MLP,4,0.75,1.0,crp_dataset_8_1_3.csv|crp_dataset_8_1_2.csv|crp_dataset_8_1_4.csv|crp_dataset_8_1_1.csv,crp_dataset_8_1_6.csv,0.72092706,0.9024390243792385,0.5285714285676532,74,8,66,108,0.026928710937499996,0.003963414634146341,0.022965296303353654
MLP,4,0.75,1.0,crp_dataset_8_1_3.csv|crp_dataset_8_1_2.csv|crp_dataset_8_1_4.csv|crp_dataset_8_1_1.csv,crp_dataset_8_1_7.csv,0.72092706,0.9411764705839766,0.945454545450248,208,13,12,23,0.0095703125,0.0025169683257918554,0.007053344174208146
MLP,4,0.75,1.0,crp_dataset_8_1_3.csv|crp_dataset_8_1_2.csv|crp_dataset_8_1_4.csv|crp_dataset_8_1_1.csv,crp_dataset_8_1_8.csv,0.72092706,0.7142857142772109,0.4347826086925016,60,24,78,94,0.0283203125,0.011830357142857144,0.016489955357142858
MLP,4,0.75,1.0,crp_dataset_8_1_3.csv|crp_dataset_8_1_2.csv|crp_dataset_8_1_4.csv|crp_dataset_8_1_8.csv,crp_dataset_8_1_5.csv,0.6082866,0.7912087912000966,0.7199999999928,72,19,28,137,0.039282226562499994,0.006936813186813188,0.032345413375686805
MLP,4,0.75,1.0,crp_dataset_8_1_3.csv|crp_dataset_8_1_2.csv|crp_dataset_8_1_4.csv|crp_dataset_8_1_8.csv,crp_dataset_8_1_6.csv,0.6082866,0.9024390243792385,0.5285714285676532,74,8,66,108,0.026928710937499996,0.004954268292682927,0.021974442644817068
MLP,4,0.75,1.0,crp_dataset_8_1_3.csv|crp_dataset_8_1_2.csv|crp_dataset_8_1_4.csv|crp_dataset_8_1_8.csv,crp_dataset_8_1_7.csv,0.6082866,0.9377777777736099,0.9590909090865496,211,14,9,22,0.0095703125,0.0022777777777777774,0.007292534722222223
MLP,4,0.75,1.0,crp_dataset_8_1_3.csv|crp_dataset_8_1_2.csv|crp_dataset_8_1_4.csv|crp_dataset_8_1_8.csv,crp_dataset_8_1_1.csv,0.6082866,0.8870967741792404,0.43650793650447217,55,7,71,123,0.0252685546875,0.00342741935483871,0.02184113533266129
MLP,4,0.75,1.0,crp_dataset_8_1_3.csv|crp_dataset_8_1_2.csv|crp_dataset_8_1_1.csv|crp_dataset_8_1_8.csv,crp_dataset_8_1_5.csv,0.6352593,0.8021978021889868,0.7299999999926999,73,18,27,138,0.039282226562499994,0.005631868131868133,0.03365035843063186
MLP,4,0.75,1.0,crp_dataset_8_1_3.csv|crp_dataset_8_1_2.csv|crp_dataset_8_1_1.csv|crp_dataset_8_1_8.csv,crp_dataset_8_1_6.csv,0.6352593,0.8016528925553582,0.6928571428521939,97,24,43,92,0.026928710937499996,0.011363636363636364,0.015565074573863632
MLP,4,0.75,1.0,crp_dataset_8_1_3.csv|crp_dataset_8_1_2.csv|crp_dataset_8_1_1.csv|crp_dataset_8_1_8.csv,crp_dataset_8_1_7.csv,0.6352593,0.9159663865507733,0.9909090909045868,218,20,2,16,0.0095703125,0.003939075630252101,0.0056312368697479
MLP,4,0.75,1.0,crp_dataset_8_1_3.csv|crp_dataset_8_1_2.csv|crp_dataset_8_1_1.csv|crp_dataset_8_1_8.csv,crp_dataset_8_1_4.csv,0.6352593,0.8749999999927083,0.8015267175511335,105,15,26,110,0.023046875,0.005729166666666666,0.017317708333333334
MLP,4,0.75,1.0,crp_dataset_8_1_3.csv|crp_dataset_8_1_4.csv|crp_dataset_8_1_1.csv|crp_dataset_8_1_8.csv,crp_dataset_8_1_5.csv,0.71455485,0.799999999991111,0.7199999999928,72,18,28,138,0.039282226562499994,0.0060416666666666665,0.03324055989583333
MLP,4,0.75,1.0,crp_dataset_8_1_3.csv|crp_dataset_8_1_4.csv|crp_dataset_8_1_1.csv|crp_dataset_8_1_8.csv,crp_dataset_8_1_6.csv,0.71455485,0.8988764044842823,0.5714285714244899,80,9,60,107,0.026928710937499996,0.0057584269662921345,0.021170283971207862
MLP,4,0.75,1.0,crp_dataset_8_1_3.csv|crp_dataset_8_1_4.csv|crp_dataset_8_1_1.csv|crp_dataset_8_1_8.csv,crp_dataset_8_1_7.csv,0.71455485,0.9257641921356954,0.9636363636319836,212,17,8,19,0.0095703125,0.0034934497816593887,0.0060768627183406115
MLP,4,0.75,1.0,crp_dataset_8_1_3.csv|crp_dataset_8_1_4.csv|crp_dataset_8_1_1.csv|crp_dataset_8_1_8.csv,crp_dataset_8_1_2.csv,0.71455485,0.7714285714212245,0.6806722689018431,81,24,38,113,0.039453125,0.007976190476190477,0.03147693452380952
MLP,4,0.75,1.0,crp_dataset_8_1_5.csv|crp_dataset_8_1_6.csv|crp_dataset_8_1_7.csv|crp_dataset_8_1_2.csv,crp_dataset_8_1_3.csv,0.7516036,0.9249999999922917,0.6416184971061178,111,9,62,74,0.0196044921875,0.00296875,0.0166357421875
MLP,4,0.75,1.0,crp_dataset_8_1_5.csv|crp_dataset_8_1_6.csv|crp_dataset_8_1_7.csv|crp_dataset_8_1_2.csv,crp_dataset_8_1_4.csv,0.7516036,0.919642857134646,0.7862595419787309,103,9,28,116,0.023046875,0.002232142857142857,0.020814732142857145
MLP,4,0.75,1.0,crp_dataset_8_1_5.csv|crp_dataset_8_1_6.csv|crp_dataset_8_1_7.csv|crp_dataset_8_1_2.csv,crp_dataset_8_1_1.csv,0.7516036,0.899999999985,0.4285714285680272,54,6,72,124,0.0252685546875,0.003541666666666667,0.021726888020833335
MLP,4,0.75,1.0,crp_dataset_8_1_5.csv|crp_dataset_8_1_6.csv|crp_dataset_8_1_7.csv|crp_dataset_8_1_2.csv,crp_dataset_8_1_8.csv,0.7516036,0.783783783773192,0.42028985506941824,58,16,80,102,0.0283203125,0.005827702702702702,0.022492609797297298
MLP,4,0.75,1.0,crp_dataset_8_1_5.csv|crp_dataset_8_1_6.csv|crp_dataset_8_1_7.csv|crp_dataset_8_1_4.csv,crp_dataset_8_1_3.csv,0.6370186,0.918032786877721,0.6473988439268937,112,10,61,73,0.0196044921875,0.003329918032786886,0.016274574154713114
MLP,4,0.75,1.0,crp_dataset_8_1_5.csv|crp_dataset_8_1_6.csv|crp_dataset_8_1_7.csv|crp_dataset_8_1_4.csv,crp_dataset_8_1_2.csv,0.6370186,0.8099999999919,0.6806722689018431,81,19,38,118,0.039453125,0.005187499999999999,0.034265625
MLP,4,0.75,1.0,crp_dataset_8_1_5.csv|crp_dataset_8_1_6.csv|crp_dataset_8_1_7.csv|crp_dataset_8_1_4.csv,crp_dataset_8_1_1.csv,0.6370186,0.8823529411634947,0.4761904761866969,60,8,66,122,0.0252685546875,0.003216911764705882,0.02205164292279412
MLP,4,0.75,1.0,crp_dataset_8_1_5.csv|crp_dataset_8_1_6.csv|crp_dataset_8_1_7.csv|crp_dataset_8_1_4.csv,crp_dataset_8_1_8.csv,0.6370186,0.753086419743789,0.4420289855040433,61,20,77,98,0.0283203125,0.007175925925925927,0.021144386574074074
MLP,4,0.75,1.0,crp_dataset_8_1_5.csv|crp_dataset_8_1_6.csv|crp_dataset_8_1_7.csv|crp_dataset_8_1_1.csv,crp_dataset_8_1_3.csv,0.64716196,0.9210526315708679,0.6069364161814629,105,9,68,74,0.0196044921875,0.003179824561403509,0.01642466762609649
MLP,4,0.75,1.0,crp_dataset_8_1_5.csv|crp_dataset_8_1_6.csv|crp_dataset_8_1_7.csv|crp_dataset_8_1_1.csv,crp_dataset_8_1_2.csv,0.64716196,0.833333333324074,0.6302521008350399,75,15,44,122,0.039453125,0.0044444444444444444,0.03500868055555555
MLP,4,0.75,1.0,crp_dataset_8_1_5.csv|crp_dataset_8_1_6.csv|crp_dataset_8_1_7.csv|crp_dataset_8_1_1.csv,crp_dataset_8_1_4.csv,0.64716196,0.9203539822927402,0.7938931297649322,104,9,27,116,0.023046875,0.002378318584070797,0.020668556415929205
MLP,4,0.75,1.0,crp_dataset_8_1_5.csv|crp_dataset_8_1_6.csv|crp_dataset_8_1_7.csv|crp_dataset_8_1_1.csv,crp_dataset_8_1_8.csv,0.64716196,0.7702702702598612,0.4130434782578765,57,17,81,101,0.0283203125,0.006587837837837838,0.02173247466216216
MLP,4,0.75,1.0,crp_dataset_8_1_5.csv|crp_dataset_8_1_6.csv|crp_dataset_8_1_7.csv|crp_dataset_8_1_8.csv,crp_dataset_8_1_3.csv,0.73319185,0.970588235284602,0.5722543352568078,99,3,74,80,0.0196044921875,0.0009191176470588235,0.018685374540441176
MLP,4,0.75,1.0,crp_dataset_8_1_5.csv|crp_dataset_8_1_6.csv|crp_dataset_8_1_7.csv|crp_dataset_8_1_8.csv,crp_dataset_8_1_2.csv,0.73319185,0.8933333333214222,0.5630252100793023,67,8,52,129,0.039453125,0.0027500000000000003,0.036703124999999996
MLP,4,0.75,1.0,crp_dataset_8_1_5.csv|crp_dataset_8_1_6.csv|crp_dataset_8_1_7.csv|crp_dataset_8_1_8.csv,crp_dataset_8_1_4.csv,0.73319185,0.9313725490104767,0.7251908396891208,95,7,36,118,0.023046875,0.002818627450980392,0.02022824754901961
MLP,4,0.75,1.0,crp_dataset_8_1_5.csv|crp_dataset_8_1_6.csv|crp_dataset_8_1_7.csv|crp_dataset_8_1_8.csv,crp_dataset_8_1_1.csv,0.73319185,0.9130434782410208,0.3333333333306878,42,4,84,126,0.0252685546875,0.002309782608695652,0.022958772078804347
MLP,4,0.75,1.0,crp_dataset_8_1_5.csv|crp_dataset_8_1_6.csv|crp_dataset_8_1_2.csv|crp_dataset_8_1_4.csv,crp_dataset_8_1_3.csv,0.6088384,0.9557522123809226,0.6242774566437903,108,5,65,78,0.0196044921875,0.000829646017699115,0.018774846169800883
MLP,4,0.75,1.0,crp_dataset_8_1_5.csv|crp_dataset_8_1_6.csv|crp_dataset_8_1_2.csv|crp_dataset_8_1_4.csv,crp_dataset_8_1_7.csv,0.6088384,0.9571428571382994,0.9136363636322108,201,9,19,27,0.0095703125,0.0013095238095238097,0.008260788690476192
MLP,4,0.75,1.0,crp_dataset_8_1_5.csv|crp_dataset_8_1_6.csv|crp_dataset_8_1_2.csv|crp_dataset_8_1_4.csv,crp_dataset_8_1_1.csv,0.6088384,0.9062499999858398,0.460317460313807,58,6,68,124,0.0252685546875,0.0023437500000000003,0.0229248046875
MLP,4,0.75,1.0,crp_dataset_8_1_5.csv|crp_dataset_8_1_6.csv|crp_dataset_8_1_2.csv|crp_dataset_8_1_4.csv,crp_dataset_8_1_8.csv,0.6088384,0.7499999999889706,0.36956521738862635,51,17,87,101,0.0283203125,0.007352941176470587,0.020967371323529414
MLP,4,0.75,1.0,crp_dataset_8_1_5.csv|crp_dataset_8_1_6.csv|crp_dataset_8_1_2.csv|crp_dataset_8_1_1.csv,crp_dataset_8_1_3.csv,0.61927414,0.9224137930954964,0.6184971098230145,107,9,66,74,0.0196044921875,0.003232758620689655,0.016371733566810345
MLP,4,0.75,1.0,crp_dataset_8_1_5.csv|crp_dataset_8_1_6.csv|crp_dataset_8_1_2.csv|crp_dataset_8_1_1.csv,crp_dataset_8_1_7.csv,0.61927414,0.9553571428528779,0.9727272727228513,214,10,6,26,0.0095703125,0.001646205357142857,0.007924107142857144
MLP,4,0.75,1.0,crp_dataset_8_1_5.csv|crp_dataset_8_1_6.csv|crp_dataset_8_1_2.csv|crp_dataset_8_1_1.csv,crp_dataset_8_1_4.csv,0.61927414,0.9217391304267675,0.8091603053373347,106,9,25,116,0.023046875,0.001847826086956522,0.02119904891304348
MLP,4,0.75,1.0,crp_dataset_8_1_5.csv|crp_dataset_8_1_6.csv|crp_dataset_8_1_2.csv|crp_dataset_8_1_1.csv,crp_dataset_8_1_8.csv,0.61927414,0.7466666666567111,0.40579710144633485,56,19,82,99,0.0283203125,0.007749999999999999,0.0205703125
MLP,4,0.75,1.0,crp_dataset_8_1_5.csv|crp_dataset_8_1_6.csv|crp_dataset_8_1_2.csv|crp_dataset_8_1_8.csv,crp_dataset_8_1_3.csv,0.6237402,0.9677419354734651,0.5202312138698253,90,3,83,80,0.0196044921875,0.0006720430107526882,0.01893244917674731
MLP,4,0.75,1.0,crp_dataset_8_1_5.csv|crp_dataset_8_1_6.csv|crp_dataset_8_1_2.csv|crp_dataset_8_1_8.csv,crp_dataset_8_1_7.csv,0.6237402,0.9898989898939905,0.8909090909050413,196,2,24,34,0.0095703125,0.0004103535353535354,0.009159958964646466
MLP,4,0.75,1.0,crp_dataset_8_1_5.csv|crp_dataset_8_1_6.csv|crp_dataset_8_1_2.csv|crp_dataset_8_1_8.csv,crp_dataset_8_1_4.csv,0.6237402,0.9891304347718572,0.6946564885443156,91,1,40,124,0.023046875,0.000407608695652174,0.022639266304347826
MLP,4,0.75,1.0,crp_dataset_8_1_5.csv|crp_dataset_8_1_6.csv|crp_dataset_8_1_2.csv|crp_dataset_8_1_8.csv,crp_dataset_8_1_1.csv,0.6237402,0.9166666666412038,0.2619047619026833,33,3,93,127,0.0252685546875,0.0026041666666666665,0.022664388020833332
MLP,4,0.75,1.0,crp_dataset_8_1_5.csv|crp_dataset_8_1_6.csv|crp_dataset_8_1_4.csv|crp_dataset_8_1_1.csv,crp_dataset_8_1_3.csv,0.66260326,0.9137931034403983,0.6127167630022387,106,10,67,73,0.0196044921875,0.003448275862068966,0.016156216325431034
MLP,4,0.75,1.0,crp_dataset_8_1_5.csv|crp_dataset_8_1_6.csv|crp_dataset_8_1_4.csv|crp_dataset_8_1_1.csv,crp_dataset_8_1_7.csv,0.66260326,0.9543378995390214,0.9499999999956819,209,10,11,26,0.0095703125,0.0014554794520547944,0.008114833047945207
MLP,4,0.75,1.0,crp_dataset_8_1_5.csv|crp_dataset_8_1_6.csv|crp_dataset_8_1_4.csv|crp_dataset_8_1_1.csv,crp_dataset_8_1_2.csv,0.66260326,0.8369565217300331,0.6470588235239743,77,15,42,122,0.039453125,0.00686141304347826,0.03259171195652174
MLP,4,0.75,1.0,crp_dataset_8_1_5.csv|crp_dataset_8_1_6.csv|crp_dataset_8_1_4.csv|crp_dataset_8_1_1.csv,crp_dataset_8_1_8.csv,0.66260326,0.7733333333230222,0.42028985506941824,58,17,80,101,0.0283203125,0.007833333333333333,0.02048697916666667
MLP,4,0.75,1.0,crp_dataset_8_1_5.csv|crp_dataset_8_1_6.csv|crp_dataset_8_1_4.csv|crp_dataset_8_1_8.csv,crp_dataset_8_1_3.csv,0.72918344,0.9473684210443213,0.6242774566437903,108,6,65,77,0.0196044921875,0.0020833333333333333,0.017521158854166666
MLP,4,0.75,1.0,crp_dataset_8_1_5.csv|crp_dataset_8_1_6.csv|crp_dataset_8_1_4.csv|crp_dataset_8_1_8.csv,crp_dataset_8_1_7.csv,0.72918344,0.9495412843993141,0.9409090909048141,207,11,13,25,0.0095703125,0.0017488532110091742,0.007821459288990827
MLP,4,0.75,1.0,crp_dataset_8_1_5.csv|crp_dataset_8_1_6.csv|crp_dataset_8_1_4.csv|crp_dataset_8_1_8.csv,crp_dataset_8_1_2.csv,0.72918344,0.8651685393161217,0.6470588235239743,77,12,42,125,0.039453125,0.0034410112359550566,0.036012113764044944
MLP,4,0.75,1.0,crp_dataset_8_1_5.csv|crp_dataset_8_1_6.csv|crp_dataset_8_1_4.csv|crp_dataset_8_1_8.csv,crp_dataset_8_1_1.csv,0.72918344,0.916666666651389,0.43650793650447217,55,5,71,125,0.0252685546875,0.0020833333333333333,0.023185221354166667
MLP,4,0.75,1.0,crp_dataset_8_1_5.csv|crp_dataset_8_1_6.csv|crp_dataset_8_1_1.csv|crp_dataset_8_1_8.csv,crp_dataset_8_1_3.csv,0.60128915,0.899999999993077,0.6763005780307729,117,13,56,70,0.0196044921875,0.004951923076923077,0.014652569110576923
MLP,4,0.75,1.0,crp_dataset_8_1_5.csv|crp_dataset_8_1_6.csv|crp_dataset_8_1_1.csv|crp_dataset_8_1_8.csv,crp_dataset_8_1_7.csv,0.60128915,0.9033613445340195,0.9772727272682852,215,23,5,13,0.0095703125,0.0051470588235294126,0.004423253676470588
MLP,4,0.75,1.0,crp_dataset_8_1_5.csv|crp_dataset_8_1_6.csv|crp_dataset_8_1_1.csv|crp_dataset_8_1_8.csv,crp_dataset_8_1_2.csv,0.60128915,0.7714285714212245,0.6806722689018431,81,24,38,113,0.039453125,0.009940476190476192,0.029512648809523805
MLP,4,0.75,1.0,crp_dataset_8_1_5.csv|crp_dataset_8_1_6.csv|crp_dataset_8_1_1.csv|crp_dataset_8_1_8.csv,crp_dataset_8_1_4.csv,0.60128915,0.8307692307628403,0.8244274809097373,108,22,23,103,0.023046875,0.006009615384615385,0.017037259615384617
MLP,4,0.75,1.0,crp_dataset_8_1_5.csv|crp_dataset_8_1_7.csv|crp_dataset_8_1_2.csv|crp_dataset_8_1_4.csv,crp_dataset_8_1_3.csv,0.70912653,0.932773109235859,0.6416184971061178,111,8,62,75,0.0196044921875,0.0029411764705882353,0.016663315716911764
MLP,4,0.75,1.0,crp_dataset_8_1_5.csv|crp_dataset_8_1_7.csv|crp_dataset_8_1_2.csv|crp_dataset_8_1_4.csv,crp_dataset_8_1_6.csv,0.70912653,0.905882352930519,0.5499999999960715,77,8,63,108,0.026928710937499996,0.0037500000000000003,0.023178710937499996
MLP,4,0.75,1.0,crp_dataset_8_1_5.csv|crp_dataset_8_1_7.csv|crp_dataset_8_1_2.csv|crp_dataset_8_1_4.csv,crp_dataset_8_1_1.csv,0.70912653,0.8823529411634947,0.4761904761866969,60,8,66,122,0.0252685546875,0.003860294117647059,0.02140826056985294
MLP,4,0.75,1.0,crp_dataset_8_1_5.csv|crp_dataset_8_1_7.csv|crp_dataset_8_1_2.csv|crp_dataset_8_1_4.csv,crp_dataset_8_1_8.csv,0.70912653,0.759493670876462,0.4347826086925016,60,19,78,99,0.0283203125,0.007911392405063292,0.02040892009493671
MLP,4,0.75,1.0,crp_dataset_8_1_5.csv|crp_dataset_8_1_7.csv|crp_dataset_8_1_2.csv|crp_dataset_8_1_1.csv,crp_dataset_8_1_3.csv,0.6038838,0.9217391304267675,0.6127167630022387,106,9,67,74,0.0196044921875,0.0033695652173913043,0.016234926970108695
MLP,4,0.75,1.0,crp_dataset_8_1_5.csv|crp_dataset_8_1_7.csv|crp_dataset_8_1_2.csv|crp_dataset_8_1_1.csv,crp_dataset_8_1_6.csv,0.6038838,0.84615384614571,0.6285714285669388,88,16,52,100,0.026928710937499996,0.00811298076923077,0.018815730168269228
MLP,4,0.75,1.0,crp_dataset_8_1_5.csv|crp_dataset_8_1_7.csv|crp_dataset_8_1_2.csv|crp_dataset_8_1_1.csv,crp_dataset_8_1_4.csv,0.6038838,0.9433962264061944,0.7633587786201271,100,6,31,119,0.023046875,0.00277122641509434,0.020275648584905662
MLP,4,0.75,1.0,crp_dataset_8_1_5.csv|crp_dataset_8_1_7.csv|crp_dataset_8_1_2.csv|crp_dataset_8_1_1.csv,crp_dataset_8_1_8.csv,0.6038838,0.7866666666561778,0.4275362318809599,59,16,79,102,0.0283203125,0.006583333333333334,0.021736979166666667
MLP,4,0.75,1.0,crp_dataset_8_1_5.csv|crp_dataset_8_1_7.csv|crp_dataset_8_1_2.csv|crp_dataset_8_1_8.csv,crp_dataset_8_1_3.csv,0.64754677,0.9039999999927679,0.6531791907476695,113,12,60,71,0.0196044921875,0.00445,0.0151544921875
MLP,4,0.75,1.0,crp_dataset_8_1_5.csv|crp_dataset_8_1_7.csv|crp_dataset_8_1_2.csv|crp_dataset_8_1_8.csv,crp_dataset_8_1_6.csv,0.64754677,0.8534482758547116,0.7071428571378062,99,17,41,99,0.026928710937499996,0.008189655172413794,0.0187390557650862
MLP,4,0.75,1.0,crp_dataset_8_1_5.csv|crp_dataset_8_1_7.csv|crp_dataset_8_1_2.csv|crp_dataset_8_1_8.csv,crp_dataset_8_1_4.csv,0.64754677,0.8728813559248061,0.7862595419787309,103,15,28,110,0.023046875,0.005879237288135593,0.017167637711864407
MLP,4,0.75,1.0,crp_dataset_8_1_5.csv|crp_dataset_8_1_7.csv|crp_dataset_8_1_2.csv|crp_dataset_8_1_8.csv,crp_dataset_8_1_1.csv,0.64754677,0.9365079364930714,0.46825396825025195,59,4,67,126,0.0252685546875,0.0012896825396825394,0.02397887214781746
MLP,4,0.75,1.0,crp_dataset_8_1_5.csv|crp_dataset_8_1_7.csv|crp_dataset_8_1_4.csv|crp_dataset_8_1_1.csv,crp_dataset_8_1_3.csv,0.71933645,0.9230769230690336,0.6242774566437903,108,9,65,74,0.0196044921875,0.002938034188034188,0.01666645799946581
MLP,4,0.75,1.0,crp_dataset_8_1_5.csv|crp_dataset_8_1_7.csv|crp_dataset_8_1_4.csv|crp_dataset_8_1_1.csv,crp_dataset_8_1_6.csv,0.71933645,0.9523809523696145,0.5714285714244899,80,4,60,112,0.026928710937499996,0.001488095238095238,0.025440615699404756
MLP,4,0.75,1.0,crp_dataset_8_1_5.csv|crp_dataset_8_1_7.csv|crp_dataset_8_1_4.csv|crp_dataset_8_1_1.csv,crp_dataset_8_1_2.csv,0.71933645,0.7977528089798005,0.5966386554571711,71,18,48,119,0.039453125,0.006390449438202247,0.033062675561797754
MLP,4,0.75,1.0,crp_dataset_8_1_5.csv|crp_dataset_8_1_7.csv|crp_dataset_8_1_4.csv|crp_dataset_8_1_1.csv,crp_dataset_8_1_8.csv,0.71933645,0.805194805184348,0.449275362315585,62,15,76,103,0.0283203125,0.005762987012987012,0.02255732548701299
MLP,4,0.75,1.0,crp_dataset_8_1_5.csv|crp_dataset_8_1_7.csv|crp_dataset_8_1_4.csv|crp_dataset_8_1_8.csv,crp_dataset_8_1_3.csv,0.6874871,0.9680851063726799,0.5260115606906012,91,3,82,80,0.0196044921875,0.0011303191489361703,0.01847417303856383
MLP,4,0.75,1.0,crp_dataset_8_1_5.csv|crp_dataset_8_1_7.csv|crp_dataset_8_1_4.csv|crp_dataset_8_1_8.csv,crp_dataset_8_1_6.csv,0.6874871,0.9315068493023081,0.4857142857108164,68,5,72,111,0.026928710937499996,0.003339041095890411,0.023589669841609585
MLP,4,0.75,1.0,crp_dataset_8_1_5.csv|crp_dataset_8_1_7.csv|crp_dataset_8_1_4.csv|crp_dataset_8_1_8.csv,crp_dataset_8_1_2.csv,0.6874871,0.8783783783665083,0.5462184873903679,65,9,54,128,0.039453125,0.0029560810810810812,0.03649704391891892
MLP,4,0.75,1.0,crp_dataset_8_1_5.csv|crp_dataset_8_1_7.csv|crp_dataset_8_1_4.csv|crp_dataset_8_1_8.csv,crp_dataset_8_1_1.csv,0.6874871,0.9999999999772728,0.34920634920357774,44,0,82,130,0.0252685546875,0.0,0.0252685546875
MLP,4,0.75,1.0,crp_dataset_8_1_5.csv|crp_dataset_8_1_7.csv|crp_dataset_8_1_1.csv|crp_dataset_8_1_8.csv,crp_dataset_8_1_3.csv,0.6005193,0.8691588784965499,0.5375722543321528,93,14,80,69,0.0196044921875,0.007943925233644861,0.011660566953855138
MLP,4,0.75,1.0,crp_dataset_8_1_5.csv|crp_dataset_8_1_7.csv|crp_dataset_8_1_1.csv|crp_dataset_8_1_8.csv,crp_dataset_8_1_6.csv,0.6005193,0.7070707070635649,0.49999999999642863,70,29,70,87,0.026928710937499996,0.017992424242424244,0.008936286695075752
MLP,4,0.75,1.0,crp_dataset_8_1_5.csv|crp_dataset_8_1_7.csv|crp_dataset_8_1_1.csv|crp_dataset_8_1_8.csv,crp_dataset_8_1_2.csv,0.6005193,0.7499999999914773,0.5546218487348351,66,22,53,115,0.039453125,0.012428977272727272,0.027024147727272727
MLP,4,0.75,1.0,crp_dataset_8_1_5.csv|crp_dataset_8_1_7.csv|crp_dataset_8_1_1.csv|crp_dataset_8_1_8.csv,crp_dataset_8_1_4.csv,0.6005193,0.7765957446725894,0.5572519083926928,73,21,58,104,0.023046875,0.01170212765957447,0.011344747340425532
MLP,4,0.75,1.0,crp_dataset_8_1_5.csv|crp_dataset_8_1_2.csv|crp_dataset_8_1_4.csv|crp_dataset_8_1_1.csv,crp_dataset_8_1_3.csv,0.6366311,0.932773109235859,0.6416184971061178,111,8,62,75,0.0196044921875,0.002310924369747899,0.0172935678177521
MLP,4,0.75,1.0,crp_dataset_8_1_5.csv|crp_dataset_8_1_2.csv|crp_dataset_8_1_4.csv|crp_dataset_8_1_1.csv,crp_dataset_8_1_6.csv,0.6366311,0.9135802469023014,0.5285714285676532,74,7,66,109,0.026928710937499996,0.0038580246913580245,0.02307068624614197
MLP,4,0.75,1.0,crp_dataset_8_1_5.csv|crp_dataset_8_1_2.csv|crp_dataset_8_1_4.csv|crp_dataset_8_1_1.csv,crp_dataset_8_1_7.csv,0.6366311,0.9298245613994306,0.9636363636319836,212,16,8,20,0.0095703125,0.00268640350877193,0.006883908991228071
MLP,4,0.75,1.0,crp_dataset_8_1_5.csv|crp_dataset_8_1_2.csv|crp_dataset_8_1_4.csv|crp_dataset_8_1_1.csv,crp_dataset_8_1_8.csv,0.6366311,0.759493670876462,0.4347826086925016,60,19,78,99,0.0283203125,0.0075949367088607575,0.02072537579113924
MLP,4,0.75,1.0,crp_dataset_8_1_5.csv|crp_dataset_8_1_2.csv|crp_dataset_8_1_4.csv|crp_dataset_8_1_8.csv,crp_dataset_8_1_3.csv,0.6032122,0.917355371893245,0.6416184971061178,111,10,62,73,0.0196044921875,0.003099173553719009,0.01650531863378099
MLP,4,0.75,1.0,crp_dataset_8_1_5.csv|crp_dataset_8_1_2.csv|crp_dataset_8_1_4.csv|crp_dataset_8_1_8.csv,crp_dataset_8_1_6.csv,0.6032122,0.8850574712541946,0.5499999999960715,77,10,63,106,0.026928710937499996,0.005028735632183908,0.021899975305316087
MLP,4,0.75,1.0,crp_dataset_8_1_5.csv|crp_dataset_8_1_2.csv|crp_dataset_8_1_4.csv|crp_dataset_8_1_8.csv,crp_dataset_8_1_7.csv,0.6032122,0.9288888888847605,0.9499999999956819,209,16,11,20,0.0095703125,0.0031666666666666666,0.006403645833333334
MLP,4,0.75,1.0,crp_dataset_8_1_5.csv|crp_dataset_8_1_2.csv|crp_dataset_8_1_4.csv|crp_dataset_8_1_8.csv,crp_dataset_8_1_1.csv,0.6032122,0.8285714285595918,0.460317460313807,58,12,68,118,0.0252685546875,0.005535714285714286,0.019732840401785714
MLP,4,0.75,1.0,crp_dataset_8_1_5.csv|crp_dataset_8_1_2.csv|crp_dataset_8_1_1.csv|crp_dataset_8_1_8.csv,crp_dataset_8_1_3.csv,0.62280613,0.8656716417845846,0.670520231209997,116,18,57,65,0.0196044921875,0.008395522388059701,0.011208969799440298
MLP,4,0.75,1.0,crp_dataset_8_1_5.csv|crp_dataset_8_1_2.csv|crp_dataset_8_1_1.csv|crp_dataset_8_1_8.csv,crp_dataset_8_1_6.csv,0.62280613,0.6938775510156879,0.7285714285662246,102,45,38,71,0.026928710937499996,0.01926020408163265,0.007668506855867344
MLP,4,0.75,1.0,crp_dataset_8_1_5.csv|crp_dataset_8_1_2.csv|crp_dataset_8_1_1.csv|crp_dataset_8_1_8.csv,crp_dataset_8_1_7.csv,0.62280613,0.867999999996528,0.9863636363591529,217,33,3,3,0.0095703125,0.00865,0.000920312500000001
MLP,4,0.75,1.0,crp_dataset_8_1_5.csv|crp_dataset_8_1_2.csv|crp_dataset_8_1_1.csv|crp_dataset_8_1_8.csv,crp_dataset_8_1_4.csv,0.62280613,0.7968749999937745,0.7786259541925297,102,26,29,99,0.023046875,0.010791015625,0.012255859375
MLP,4,0.75,1.0,crp_dataset_8_1_5.csv|crp_dataset_8_1_4.csv|crp_dataset_8_1_1.csv|crp_dataset_8_1_8.csv,crp_dataset_8_1_3.csv,0.6293627,0.9243697478913918,0.635838150285342,110,9,63,74,0.0196044921875,0.003361344537815126,0.016243147649684875
MLP,4,0.75,1.0,crp_dataset_8_1_5.csv|crp_dataset_8_1_4.csv|crp_dataset_8_1_1.csv|crp_dataset_8_1_8.csv,crp_dataset_8_1_6.csv,0.6293627,0.9090909090791027,0.49999999999642863,70,7,70,109,0.026928710937499996,0.0050324675324675315,0.021896243405032465
MLP,4,0.75,1.0,crp_dataset_8_1_5.csv|crp_dataset_8_1_4.csv|crp_dataset_8_1_1.csv|crp_dataset_8_1_8.csv,crp_dataset_8_1_7.csv,0.6293627,0.911764705878522,0.9863636363591529,217,21,3,15,0.0095703125,0.004884453781512605,0.004685858718487396
MLP,4,0.75,1.0,crp_dataset_8_1_5.csv|crp_dataset_8_1_4.csv|crp_dataset_8_1_1.csv|crp_dataset_8_1_8.csv,crp_dataset_8_1_2.csv,0.6293627,0.7692307692233727,0.6722689075573759,80,24,39,113,0.039453125,0.010817307692307692,0.028635817307692307
MLP,4,0.75,1.0,crp_dataset_8_1_6.csv|crp_dataset_8_1_7.csv|crp_dataset_8_1_2.csv|crp_dataset_8_1_4.csv,crp_dataset_8_1_3.csv,0.7322164,0.9473684210443213,0.6242774566437903,108,6,65,77,0.0196044921875,0.0017543859649122807,0.01785010622258772
MLP,4,0.75,1.0,crp_dataset_8_1_6.csv|crp_dataset_8_1_7.csv|crp_dataset_8_1_2.csv|crp_dataset_8_1_4.csv,crp_dataset_8_1_5.csv,0.7322164,0.8295454545360279,0.7299999999926999,73,15,27,141,0.039282226562499994,0.004545454545454546,0.03473677201704545
MLP,4,0.75,1.0,crp_dataset_8_1_6.csv|crp_dataset_8_1_7.csv|crp_dataset_8_1_2.csv|crp_dataset_8_1_4.csv,crp_dataset_8_1_1.csv,0.7322164,0.8593749999865722,0.43650793650447217,55,9,71,121,0.0252685546875,0.00419921875,0.0210693359375
MLP,4,0.75,1.0,crp_dataset_8_1_6.csv|crp_dataset_8_1_7.csv|crp_dataset_8_1_2.csv|crp_dataset_8_1_4.csv,crp_dataset_8_1_8.csv,0.7322164,0.7733333333230222,0.42028985506941824,58,17,80,101,0.0283203125,0.008916666666666666,0.019403645833333334
MLP,4,0.75,1.0,crp_dataset_8_1_6.csv|crp_dataset_8_1_7.csv|crp_dataset_8_1_2.csv|crp_dataset_8_1_1.csv,crp_dataset_8_1_3.csv,0.63540304,0.931623931615969,0.6300578034645662,109,8,64,75,0.0196044921875,0.0027243589743589742,0.016880133213141024
MLP,4,0.75,1.0,crp_dataset_8_1_6.csv|crp_dataset_8_1_7.csv|crp_dataset_8_1_2.csv|crp_dataset_8_1_1.csv,crp_dataset_8_1_5.csv,0.63540304,0.8444444444350617,0.7599999999924,76,14,24,142,0.039282226562499994,0.0044444444444444444,0.03483778211805555
MLP,4,0.75,1.0,crp_dataset_8_1_6.csv|crp_dataset_8_1_7.csv|crp_dataset_8_1_2.csv|crp_dataset_8_1_1.csv,crp_dataset_8_1_4.csv,0.63540304,0.9137931034403983,0.8091603053373347,106,10,25,115,0.023046875,0.0033943965517241378,0.019652478448275862
MLP,4,0.75,1.0,crp_dataset_8_1_6.csv|crp_dataset_8_1_7.csv|crp_dataset_8_1_2.csv|crp_dataset_8_1_1.csv,crp_dataset_8_1_8.csv,0.63540304,0.7499999999906249,0.4347826086925016,60,20,78,98,0.0283203125,0.007656250000000001,0.0206640625
MLP,4,0.75,1.0,crp_dataset_8_1_6.csv|crp_dataset_8_1_7.csv|crp_dataset_8_1_2.csv|crp_dataset_8_1_8.csv,crp_dataset_8_1_3.csv,0.7013024,0.9711538461445081,0.5838150288983595,101,3,72,80,0.0196044921875,0.0008413461538461538,0.018763146033653845
MLP,4,0.75,1.0,crp_dataset_8_1_6.csv|crp_dataset_8_1_7.csv|crp_dataset_8_1_2.csv|crp_dataset_8_1_8.csv,crp_dataset_8_1_5.csv,0.7013024,0.8641975308535284,0.699999999993,70,11,30,145,0.039282226562499994,0.003935185185185186,0.03534704137731481
MLP,4,0.75,1.0,crp_dataset_8_1_6.csv|crp_dataset_8_1_7.csv|crp_dataset_8_1_2.csv|crp_dataset_8_1_8.csv,crp_dataset_8_1_4.csv,0.7013024,0.9259259259173525,0.7633587786201271,100,8,31,117,0.023046875,0.002025462962962963,0.02102141203703704
MLP,4,0.75,1.0,crp_dataset_8_1_6.csv|crp_dataset_8_1_7.csv|crp_dataset_8_1_2.csv|crp_dataset_8_1_8.csv,crp_dataset_8_1_1.csv,0.7013024,0.9499999999841667,0.45238095237736203,57,3,69,127,0.0252685546875,0.0010416666666666667,0.024226888020833334
MLP,4,0.75,1.0,crp_dataset_8_1_6.csv|crp_dataset_8_1_7.csv|crp_dataset_8_1_4.csv|crp_dataset_8_1_1.csv,crp_dataset_8_1_3.csv,0.6322923,0.9401709401629045,0.635838150285342,110,7,63,76,0.0196044921875,0.00219017094017094,0.01741432124732906
MLP,4,0.75,1.0,crp_dataset_8_1_6.csv|crp_dataset_8_1_7.csv|crp_dataset_8_1_4.csv|crp_dataset_8_1_1.csv,crp_dataset_8_1_5.csv,0.6322923,0.793814432981507,0.7699999999923,77,20,23,136,0.039282226562499994,0.006121134020618557,0.03316109254188144
MLP,4,0.75,1.0,crp_dataset_8_1_6.csv|crp_dataset_8_1_7.csv|crp_dataset_8_1_4.csv|crp_dataset_8_1_1.csv,crp_dataset_8_1_2.csv,0.6322923,0.7920792079129497,0.6722689075573759,80,21,39,116,0.039453125,0.006435643564356436,0.033017481435643564
MLP,4,0.75,1.0,crp_dataset_8_1_6.csv|crp_dataset_8_1_7.csv|crp_dataset_8_1_4.csv|crp_dataset_8_1_1.csv,crp_dataset_8_1_8.csv,0.6322923,0.7624999999904687,0.4420289855040433,61,19,77,99,0.0283203125,0.007109375000000001,0.0212109375
MLP,4,0.75,1.0,crp_dataset_8_1_6.csv|crp_dataset_8_1_7.csv|crp_dataset_8_1_4.csv|crp_dataset_8_1_8.csv,crp_dataset_8_1_3.csv,0.61012733,0.9401709401629045,0.635838150285342,110,7,63,76,0.0196044921875,0.0018696581196581197,0.01773483406784188
MLP,4,0.75,1.0,crp_dataset_8_1_6.csv|crp_dataset_8_1_7.csv|crp_dataset_8_1_4.csv|crp_dataset_8_1_8.csv,crp_dataset_8_1_5.csv,0.61012733,0.7755102040737193,0.7599999999924,76,22,24,134,0.039282226562499994,0.006887755102040816,0.03239447146045918
MLP,4,0.75,1.0,crp_dataset_8_1_6.csv|crp_dataset_8_1_7.csv|crp_dataset_8_1_4.csv|crp_dataset_8_1_8.csv,crp_dataset_8_1_2.csv,0.61012733,0.7920792079129497,0.6722689075573759,80,21,39,116,0.039453125,0.007054455445544555,0.032398669554455445
MLP,4,0.75,1.0,crp_dataset_8_1_6.csv|crp_dataset_8_1_7.csv|crp_dataset_8_1_4.csv|crp_dataset_8_1_8.csv,crp_dataset_8_1_1.csv,0.61012733,0.9242424242284205,0.4841269841231418,61,5,65,125,0.0252685546875,0.001988636363636364,0.023279918323863637
MLP,4,0.75,1.0,crp_dataset_8_1_6.csv|crp_dataset_8_1_7.csv|crp_dataset_8_1_1.csv|crp_dataset_8_1_8.csv,crp_dataset_8_1_3.csv,0.6003891,0.899999999993077,0.6763005780307729,117,13,56,70,0.0196044921875,0.0047115384615384615,0.014892953725961538
MLP,4,0.75,1.0,crp_dataset_8_1_6.csv|crp_dataset_8_1_7.csv|crp_dataset_8_1_1.csv|crp_dataset_8_1_8.csv,crp_dataset_8_1_5.csv,0.6003891,0.7333333333263492,0.7699999999923,77,28,23,128,0.039282226562499994,0.009464285714285715,0.029817940848214278
MLP,4,0.75,1.0,crp_dataset_8_1_6.csv|crp_dataset_8_1_7.csv|crp_dataset_8_1_1.csv|crp_dataset_8_1_8.csv,crp_dataset_8_1_2.csv,0.6003891,0.6885245901582908,0.7058823529352447,84,38,35,99,0.039453125,0.020338114754098365,0.019115010245901634
MLP,4,0.75,1.0,crp_dataset_8_1_6.csv|crp_dataset_8_1_7.csv|crp_dataset_8_1_1.csv|crp_dataset_8_1_8.csv,crp_dataset_8_1_4.csv,0.6003891,0.7956204379503969,0.8320610686959385,109,28,22,97,0.023046875,0.009352189781021899,0.013694685218978103
MLP,4,0.75,1.0,crp_dataset_8_1_6.csv|crp_dataset_8_1_2.csv|crp_dataset_8_1_4.csv|crp_dataset_8_1_1.csv,crp_dataset_8_1_3.csv,0.64949846,0.9633027522847403,0.6069364161814629,105,4,68,79,0.0196044921875,0.0006880733944954128,0.018916418793004586
MLP,4,0.75,1.0,crp_dataset_8_1_6.csv|crp_dataset_8_1_2.csv|crp_dataset_8_1_4.csv|crp_dataset_8_1_1.csv,crp_dataset_8_1_5.csv,0.64949846,0.7741935483787721,0.7199999999928,72,21,28,135,0.039282226562499994,0.007258064516129034,0.03202416204637096
MLP,4,0.75,1.0,crp_dataset_8_1_6.csv|crp_dataset_8_1_2.csv|crp_dataset_8_1_4.csv|crp_dataset_8_1_1.csv,crp_dataset_8_1_7.csv,0.64949846,0.9710982658903405,0.7636363636328926,168,5,52,31,0.0095703125,0.0010476878612716764,0.008522624638728325
MLP,4,0.75,1.0,crp_dataset_8_1_6.csv|crp_dataset_8_1_2.csv|crp_dataset_8_1_4.csv|crp_dataset_8_1_1.csv,crp_dataset_8_1_8.csv,0.64949846,0.7297297297198685,0.39130434782325146,54,20,84,98,0.0283203125,0.011317567567567568,0.01700274493243243
MLP,4,0.75,1.0,crp_dataset_8_1_6.csv|crp_dataset_8_1_2.csv|crp_dataset_8_1_4.csv|crp_dataset_8_1_8.csv,crp_dataset_8_1_3.csv,0.65072864,0.9433962264061944,0.5780346820775837,100,6,73,77,0.0196044921875,0.002299528301886793,0.017304963885613207
MLP,4,0.75,1.0,crp_dataset_8_1_6.csv|crp_dataset_8_1_2.csv|crp_dataset_8_1_4.csv|crp_dataset_8_1_8.csv,crp_dataset_8_1_5.csv,0.65072864,0.8205128205023011,0.6399999999936,64,14,36,142,0.039282226562499994,0.005128205128205128,0.034154021434294864
MLP,4,0.75,1.0,crp_dataset_8_1_6.csv|crp_dataset_8_1_2.csv|crp_dataset_8_1_4.csv|crp_dataset_8_1_8.csv,crp_dataset_8_1_7.csv,0.65072864,0.9488636363582451,0.7590909090874587,167,9,53,27,0.0095703125,0.0015624999999999999,0.008007812500000001
MLP,4,0.75,1.0,crp_dataset_8_1_6.csv|crp_dataset_8_1_2.csv|crp_dataset_8_1_4.csv|crp_dataset_8_1_8.csv,crp_dataset_8_1_1.csv,0.65072864,0.8888888888747796,0.4444444444409171,56,7,70,123,0.0252685546875,0.0036706349206349206,0.02159791976686508
MLP,4,0.75,1.0,crp_dataset_8_1_6.csv|crp_dataset_8_1_2.csv|crp_dataset_8_1_1.csv|crp_dataset_8_1_8.csv,crp_dataset_8_1_3.csv,0.63416356,0.8976377952685225,0.6589595375684454,114,13,59,70,0.0196044921875,0.005019685039370079,0.01458480714812992
MLP,4,0.75,1.0,crp_dataset_8_1_6.csv|crp_dataset_8_1_2.csv|crp_dataset_8_1_1.csv|crp_dataset_8_1_8.csv,crp_dataset_8_1_5.csv,0.63416356,0.7358490565968316,0.7799999999921999,78,28,22,128,0.039282226562499994,0.009375,0.029907226562499993
MLP,4,0.75,1.0,crp_dataset_8_1_6.csv|crp_dataset_8_1_2.csv|crp_dataset_8_1_1.csv|crp_dataset_8_1_8.csv,crp_dataset_8_1_7.csv,0.63416356,0.8979591836698043,0.9999999999954546,220,25,0,11,0.0095703125,0.005612244897959183,0.003958067602040817
MLP,4,0.75,1.0,crp_dataset_8_1_6.csv|crp_dataset_8_1_2.csv|crp_dataset_8_1_1.csv|crp_dataset_8_1_8.csv,crp_dataset_8_1_4.csv,0.63416356,0.8120300751818645,0.8244274809097373,108,25,23,100,0.023046875,0.007424812030075188,0.015622062969924813
MLP,4,0.75,1.0,crp_dataset_8_1_6.csv|crp_dataset_8_1_4.csv|crp_dataset_8_1_1.csv|crp_dataset_8_1_8.csv,crp_dataset_8_1_3.csv,0.6184817,0.9396551724056926,0.6300578034645662,109,7,64,76,0.0196044921875,0.001939655172413793,0.017664837015086206
MLP,4,0.75,1.0,crp_dataset_8_1_6.csv|crp_dataset_8_1_4.csv|crp_dataset_8_1_1.csv|crp_dataset_8_1_8.csv,crp_dataset_8_1_5.csv,0.6184817,0.7474747474671972,0.7399999999926,74,25,26,131,0.039282226562499994,0.008585858585858586,0.03069636797664141
MLP,4,0.75,1.0,crp_dataset_8_1_6.csv|crp_dataset_8_1_4.csv|crp_dataset_8_1_1.csv|crp_dataset_8_1_8.csv,crp_dataset_8_1_7.csv,0.6184817,0.9417040358702167,0.9545454545411157,210,13,10,23,0.0095703125,0.0019899103139013456,0.0075804021860986556
MLP,4,0.75,1.0,crp_dataset_8_1_6.csv|crp_dataset_8_1_4.csv|crp_dataset_8_1_1.csv|crp_dataset_8_1_8.csv,crp_dataset_8_1_2.csv,0.6184817,0.7777777777699214,0.6470588235239743,77,22,42,115,0.039453125,0.007891414141414142,0.031561710858585855
MLP,4,0.75,1.0,crp_dataset_8_1_7.csv|crp_dataset_8_1_2.csv|crp_dataset_8_1_4.csv|crp_dataset_8_1_1.csv,crp_dataset_8_1_3.csv,0.6322054,0.9083333333257638,0.6300578034645662,109,11,64,72,0.0196044921875,0.0040625,0.0155419921875
MLP,4,0.75,1.0,crp_dataset_8_1_7.csv|crp_dataset_8_1_2.csv|crp_dataset_8_1_4.csv|crp_dataset_8_1_1.csv,crp_dataset_8_1_5.csv,0.6322054,0.7894736842022161,0.7499999999925,75,20,25,136,0.039282226562499994,0.006973684210526317,0.032308542351973675
MLP,4,0.75,1.0,crp_dataset_8_1_7.csv|crp_dataset_8_1_2.csv|crp_dataset_8_1_4.csv|crp_dataset_8_1_1.csv,crp_dataset_8_1_6.csv,0.6322054,0.9418604651053272,0.5785714285672959,81,5,59,111,0.026928710937499996,0.002325581395348837,0.02460312954215116
MLP,4,0.75,1.0,crp_dataset_8_1_7.csv|crp_dataset_8_1_2.csv|crp_dataset_8_1_4.csv|crp_dataset_8_1_1.csv,crp_dataset_8_1_8.csv,0.6322054,0.7126436781527282,0.449275362315585,62,25,76,93,0.0283203125,0.011925287356321843,0.016395025143678157
MLP,4,0.75,1.0,crp_dataset_8_1_7.csv|crp_dataset_8_1_2.csv|crp_dataset_8_1_4.csv|crp_dataset_8_1_8.csv,crp_dataset_8_1_3.csv,0.7589413,0.9549549549463517,0.6127167630022387,106,5,67,78,0.0196044921875,0.0014076576576576578,0.018196834529842342
MLP,4,0.75,1.0,crp_dataset_8_1_7.csv|crp_dataset_8_1_2.csv|crp_dataset_8_1_4.csv|crp_dataset_8_1_8.csv,crp_dataset_8_1_5.csv,0.7589413,0.8333333333226496,0.6499999999935,65,13,35,143,0.039282226562499994,0.004727564102564103,0.034554662459935895
MLP,4,0.75,1.0,crp_dataset_8_1_7.csv|crp_dataset_8_1_2.csv|crp_dataset_8_1_4.csv|crp_dataset_8_1_8.csv,crp_dataset_8_1_6.csv,0.7589413,0.9999999999857142,0.49999999999642863,70,0,70,116,0.026928710937499996,0.0,0.026928710937499996
MLP,4,0.75,1.0,crp_dataset_8_1_7.csv|crp_dataset_8_1_2.csv|crp_dataset_8_1_4.csv|crp_dataset_8_1_8.csv,crp_dataset_8_1_1.csv,0.7589413,0.964285714268495,0.4285714285680272,54,2,72,128,0.0252685546875,0.0006696428571428573,0.024598911830357142
MLP,4,0.75,1.0,crp_dataset_8_1_7.csv|crp_dataset_8_1_2.csv|crp_dataset_8_1_1.csv|crp_dataset_8_1_8.csv,crp_dataset_8_1_3.csv,0.6380081,0.9555555555449382,0.4971098265867219,86,4,87,79,0.0196044921875,0.0027083333333333334,0.016896158854166666
MLP,4,0.75,1.0,crp_dataset_8_1_7.csv|crp_dataset_8_1_2.csv|crp_dataset_8_1_1.csv|crp_dataset_8_1_8.csv,crp_dataset_8_1_5.csv,0.6380081,0.8730158730020157,0.5499999999945,55,8,45,148,0.039282226562499994,0.003968253968253968,0.035313972594246026
MLP,4,0.75,1.0,crp_dataset_8_1_7.csv|crp_dataset_8_1_2.csv|crp_dataset_8_1_1.csv|crp_dataset_8_1_8.csv,crp_dataset_8_1_6.csv,0.6380081,0.9452054794391067,0.4928571428536225,69,4,71,112,0.026928710937499996,0.002568493150684932,0.024360217786815064
MLP,4,0.75,1.0,crp_dataset_8_1_7.csv|crp_dataset_8_1_2.csv|crp_dataset_8_1_1.csv|crp_dataset_8_1_8.csv,crp_dataset_8_1_4.csv,0.6380081,0.9176470588127336,0.5954198473236991,78,7,53,118,0.023046875,0.0032352941176470593,0.019811580882352943
MLP,4,0.75,1.0,crp_dataset_8_1_7.csv|crp_dataset_8_1_4.csv|crp_dataset_8_1_1.csv|crp_dataset_8_1_8.csv,crp_dataset_8_1_3.csv,0.6509009,0.9545454545367769,0.6069364161814629,105,5,68,78,0.0196044921875,0.0018181818181818182,0.01778631036931818
MLP,4,0.75,1.0,crp_dataset_8_1_7.csv|crp_dataset_8_1_4.csv|crp_dataset_8_1_1.csv|crp_dataset_8_1_8.csv,crp_dataset_8_1_5.csv,0.6509009,0.8674698795076208,0.7199999999928,72,11,28,145,0.039282226562499994,0.003614457831325301,0.03566776873117469
MLP,4,0.75,1.0,crp_dataset_8_1_7.csv|crp_dataset_8_1_4.csv|crp_dataset_8_1_1.csv|crp_dataset_8_1_8.csv,crp_dataset_8_1_6.csv,0.6509009,0.9325842696524428,0.5928571428529082,83,6,57,110,0.026928710937499996,0.003300561797752809,0.023628149139747187
MLP,4,0.75,1.0,crp_dataset_8_1_7.csv|crp_dataset_8_1_4.csv|crp_dataset_8_1_1.csv|crp_dataset_8_1_8.csv,crp_dataset_8_1_2.csv,0.6509009,0.8191489361614984,0.6470588235239743,77,17,42,120,0.039453125,0.005053191489361702,0.034399933510638296
MLP,4,0.75,1.0,crp_dataset_8_1_2.csv|crp_dataset_8_1_4.csv|crp_dataset_8_1_1.csv|crp_dataset_8_1_8.csv,crp_dataset_8_1_3.csv,0.6046572,0.9385964912198368,0.6184971098230145,107,7,66,76,0.0196044921875,0.001918859649122807,0.017685632538377193
MLP,4,0.75,1.0,crp_dataset_8_1_2.csv|crp_dataset_8_1_4.csv|crp_dataset_8_1_1.csv|crp_dataset_8_1_8.csv,crp_dataset_8_1_5.csv,0.6046572,0.8369565217300331,0.7699999999923,77,15,23,141,0.039282226562499994,0.0049592391304347835,0.03432298743206521
MLP,4,0.75,1.0,crp_dataset_8_1_2.csv|crp_dataset_8_1_4.csv|crp_dataset_8_1_1.csv|crp_dataset_8_1_8.csv,crp_dataset_8_1_6.csv,0.6046572,0.8999999999899999,0.5785714285672959,81,9,59,107,0.026928710937499996,0.00701388888888889,0.019914822048611107
MLP,4,0.75,1.0,crp_dataset_8_1_2.csv|crp_dataset_8_1_4.csv|crp_dataset_8_1_1.csv|crp_dataset_8_1_8.csv,crp_dataset_8_1_7.csv,0.6046572,0.9434782608654632,0.9863636363591529,217,13,3,23,0.0095703125,0.001956521739130435,0.007613790760869566
MLP,5,0.75,1.0,crp_dataset_8_1_3.csv|crp_dataset_8_1_5.csv|crp_dataset_8_1_6.csv|crp_dataset_8_1_7.csv|crp_dataset_8_1_2.csv,crp_dataset_8_1_4.csv,0.87636465,0.931623931615969,0.8320610686959385,109,8,22,117,0.023046875,0.0017094017094017094,0.02133747329059829
MLP,5,0.75,1.0,crp_dataset_8_1_3.csv|crp_dataset_8_1_5.csv|crp_dataset_8_1_6.csv|crp_dataset_8_1_7.csv|crp_dataset_8_1_2.csv,crp_dataset_8_1_1.csv,0.87636465,0.8787878787745638,0.460317460313807,58,8,68,122,0.0252685546875,0.0029356060606060604,0.022332948626893938
MLP,5,0.75,1.0,crp_dataset_8_1_3.csv|crp_dataset_8_1_5.csv|crp_dataset_8_1_6.csv|crp_dataset_8_1_7.csv|crp_dataset_8_1_2.csv,crp_dataset_8_1_8.csv,0.87636465,0.7662337662238151,0.4275362318809599,59,18,79,100,0.0283203125,0.008279220779220779,0.02004109172077922
MLP,5,0.75,1.0,crp_dataset_8_1_3.csv|crp_dataset_8_1_5.csv|crp_dataset_8_1_6.csv|crp_dataset_8_1_7.csv|crp_dataset_8_1_4.csv,crp_dataset_8_1_2.csv,0.64869934,0.8437499999912109,0.6806722689018431,81,15,38,122,0.039453125,0.0044921875000000005,0.0349609375
MLP,5,0.75,1.0,crp_dataset_8_1_3.csv|crp_dataset_8_1_5.csv|crp_dataset_8_1_6.csv|crp_dataset_8_1_7.csv|crp_dataset_8_1_4.csv,crp_dataset_8_1_1.csv,0.64869934,0.8939393939258493,0.46825396825025195,59,7,67,123,0.0252685546875,0.002935606060606061,0.022332948626893938
MLP,5,0.75,1.0,crp_dataset_8_1_3.csv|crp_dataset_8_1_5.csv|crp_dataset_8_1_6.csv|crp_dataset_8_1_7.csv|crp_dataset_8_1_4.csv,crp_dataset_8_1_8.csv,0.64869934,0.7894736842001384,0.4347826086925016,60,16,78,102,0.0283203125,0.006578947368421052,0.021741365131578948
MLP,5,0.75,1.0,crp_dataset_8_1_3.csv|crp_dataset_8_1_5.csv|crp_dataset_8_1_6.csv|crp_dataset_8_1_7.csv|crp_dataset_8_1_1.csv,crp_dataset_8_1_2.csv,0.70040524,0.8124999999915364,0.6554621848684414,78,18,41,119,0.039453125,0.005013020833333334,0.034440104166666666
MLP,5,0.75,1.0,crp_dataset_8_1_3.csv|crp_dataset_8_1_5.csv|crp_dataset_8_1_6.csv|crp_dataset_8_1_7.csv|crp_dataset_8_1_1.csv,crp_dataset_8_1_4.csv,0.70040524,0.9075630252024575,0.8244274809097373,108,11,23,114,0.023046875,0.0026260504201680674,0.020420824579831933
MLP,5,0.75,1.0,crp_dataset_8_1_3.csv|crp_dataset_8_1_5.csv|crp_dataset_8_1_6.csv|crp_dataset_8_1_7.csv|crp_dataset_8_1_1.csv,crp_dataset_8_1_8.csv,0.70040524,0.8219178082079189,0.4347826086925016,60,13,78,105,0.0283203125,0.0056506849315068495,0.02266962756849315
MLP,5,0.75,1.0,crp_dataset_8_1_3.csv|crp_dataset_8_1_5.csv|crp_dataset_8_1_6.csv|crp_dataset_8_1_7.csv|crp_dataset_8_1_8.csv,crp_dataset_8_1_2.csv,0.7822109,0.8390804597604703,0.6134453781461054,73,14,46,123,0.039453125,0.004454022988505746,0.034999102011494254
MLP,5,0.75,1.0,crp_dataset_8_1_3.csv|crp_dataset_8_1_5.csv|crp_dataset_8_1_6.csv|crp_dataset_8_1_7.csv|crp_dataset_8_1_8.csv,crp_dataset_8_1_4.csv,0.7822109,0.9326923076833394,0.7404580152615233,97,7,34,118,0.023046875,0.0018629807692307691,0.021183894230769232
MLP,5,0.75,1.0,crp_dataset_8_1_3.csv|crp_dataset_8_1_5.csv|crp_dataset_8_1_6.csv|crp_dataset_8_1_7.csv|crp_dataset_8_1_8.csv,crp_dataset_8_1_1.csv,0.7822109,0.9821428571253189,0.43650793650447217,55,1,71,129,0.0252685546875,0.00044642857142857147,0.02482212611607143
MLP,5,0.75,1.0,crp_dataset_8_1_3.csv|crp_dataset_8_1_5.csv|crp_dataset_8_1_6.csv|crp_dataset_8_1_2.csv|crp_dataset_8_1_4.csv,crp_dataset_8_1_7.csv,0.795575,0.9537037036992885,0.9363636363593802,206,10,14,26,0.0095703125,0.002025462962962963,0.007544849537037037
MLP,5,0.75,1.0,crp_dataset_8_1_3.csv|crp_dataset_8_1_5.csv|crp_dataset_8_1_6.csv|crp_dataset_8_1_2.csv|crp_dataset_8_1_4.csv,crp_dataset_8_1_1.csv,0.795575,0.9152542372726229,0.4285714285680272,54,5,72,125,0.0252685546875,0.0030720338983050853,0.022196520789194915
MLP,5,0.75,1.0,crp_dataset_8_1_3.csv|crp_dataset_8_1_5.csv|crp_dataset_8_1_6.csv|crp_dataset_8_1_2.csv|crp_dataset_8_1_4.csv,crp_dataset_8_1_8.csv,0.795575,0.80952380951096,0.36956521738862635,51,12,87,106,0.0283203125,0.0060515873015873,0.0222687251984127
MLP,5,0.75,1.0,crp_dataset_8_1_3.csv|crp_dataset_8_1_5.csv|crp_dataset_8_1_6.csv|crp_dataset_8_1_2.csv|crp_dataset_8_1_1.csv,crp_dataset_8_1_7.csv,0.60900795,0.9087136929422875,0.9954545454500207,219,22,1,14,0.0095703125,0.00487551867219917,0.0046947938278008305
MLP,5,0.75,1.0,crp_dataset_8_1_3.csv|crp_dataset_8_1_5.csv|crp_dataset_8_1_6.csv|crp_dataset_8_1_2.csv|crp_dataset_8_1_1.csv,crp_dataset_8_1_4.csv,0.60900795,0.8790322580574271,0.8320610686959385,109,15,22,110,0.023046875,0.004586693548387096,0.018460181451612906
MLP,5,0.75,1.0,crp_dataset_8_1_3.csv|crp_dataset_8_1_5.csv|crp_dataset_8_1_6.csv|crp_dataset_8_1_2.csv|crp_dataset_8_1_1.csv,crp_dataset_8_1_8.csv,0.60900795,0.729411764697301,0.449275362315585,62,23,76,95,0.0283203125,0.010220588235294117,0.018099724264705883
MLP,5,0.75,1.0,crp_dataset_8_1_3.csv|crp_dataset_8_1_5.csv|crp_dataset_8_1_6.csv|crp_dataset_8_1_2.csv|crp_dataset_8_1_8.csv,crp_dataset_8_1_7.csv,0.68933165,0.9361702127619738,0.9999999999954546,220,15,0,21,0.0095703125,0.0026063829787234044,0.006963929521276596
MLP,5,0.75,1.0,crp_dataset_8_1_3.csv|crp_dataset_8_1_5.csv|crp_dataset_8_1_6.csv|crp_dataset_8_1_2.csv|crp_dataset_8_1_8.csv,crp_dataset_8_1_4.csv,0.68933165,0.909090909083396,0.8396946564821398,110,11,21,114,0.023046875,0.002995867768595041,0.02005100723140496
MLP,5,0.75,1.0,crp_dataset_8_1_3.csv|crp_dataset_8_1_5.csv|crp_dataset_8_1_6.csv|crp_dataset_8_1_2.csv|crp_dataset_8_1_8.csv,crp_dataset_8_1_1.csv,0.68933165,0.9117647058689445,0.49206349205958677,62,6,64,124,0.0252685546875,0.0027573529411764708,0.02251120174632353
MLP,5,0.75,1.0,crp_dataset_8_1_3.csv|crp_dataset_8_1_5.csv|crp_dataset_8_1_6.csv|crp_dataset_8_1_4.csv|crp_dataset_8_1_1.csv,crp_dataset_8_1_7.csv,0.6949167,0.9358974358934363,0.9954545454500207,219,15,1,21,0.0095703125,0.002697649572649573,0.006872662927350427
MLP,5,0.75,1.0,crp_dataset_8_1_3.csv|crp_dataset_8_1_5.csv|crp_dataset_8_1_6.csv|crp_dataset_8_1_4.csv|crp_dataset_8_1_1.csv,crp_dataset_8_1_2.csv,0.6949167,0.8555555555460493,0.6470588235239743,77,13,42,124,0.039453125,0.0037499999999999994,0.035703125
MLP,5,0.75,1.0,crp_dataset_8_1_3.csv|crp_dataset_8_1_5.csv|crp_dataset_8_1_6.csv|crp_dataset_8_1_4.csv|crp_dataset_8_1_1.csv,crp_dataset_8_1_8.csv,0.6949167,0.7662337662238151,0.4275362318809599,59,18,79,100,0.0283203125,0.006168831168831167,0.022151481331168833
MLP,5,0.75,1.0,crp_dataset_8_1_3.csv|crp_dataset_8_1_5.csv|crp_dataset_8_1_6.csv|crp_dataset_8_1_4.csv|crp_dataset_8_1_8.csv,crp_dataset_8_1_7.csv,0.60925436,0.9198312236248108,0.9909090909045868,218,19,2,17,0.0095703125,0.003665611814345992,0.005904700685654008
MLP,5,0.75,1.0,crp_dataset_8_1_3.csv|crp_dataset_8_1_5.csv|crp_dataset_8_1_6.csv|crp_dataset_8_1_4.csv|crp_dataset_8_1_8.csv,crp_dataset_8_1_2.csv,0.60925436,0.8217821782096852,0.6974789915907774,83,18,36,119,0.039453125,0.005878712871287128,0.03357441212871287
MLP,5,0.75,1.0,crp_dataset_8_1_3.csv|crp_dataset_8_1_5.csv|crp_dataset_8_1_6.csv|crp_dataset_8_1_4.csv|crp_dataset_8_1_8.csv,crp_dataset_8_1_1.csv,0.60925436,0.8955223880463354,0.4761904761866969,60,7,66,123,0.0252685546875,0.0029850746268656717,0.02228348006063433
MLP,5,0.75,1.0,crp_dataset_8_1_3.csv|crp_dataset_8_1_5.csv|crp_dataset_8_1_6.csv|crp_dataset_8_1_1.csv|crp_dataset_8_1_8.csv,crp_dataset_8_1_7.csv,0.60155416,0.9124999999961979,0.9954545454500207,219,21,1,15,0.0095703125,0.004427083333333333,0.0051432291666666675
MLP,5,0.75,1.0,crp_dataset_8_1_3.csv|crp_dataset_8_1_5.csv|crp_dataset_8_1_6.csv|crp_dataset_8_1_1.csv|crp_dataset_8_1_8.csv,crp_dataset_8_1_2.csv,0.60155416,0.8404255319059529,0.6638655462129087,79,15,40,122,0.039453125,0.004986702127659573,0.034466422872340426
MLP,5,0.75,1.0,crp_dataset_8_1_3.csv|crp_dataset_8_1_5.csv|crp_dataset_8_1_6.csv|crp_dataset_8_1_1.csv|crp_dataset_8_1_8.csv,crp_dataset_8_1_4.csv,0.60155416,0.9059829059751625,0.8091603053373347,106,11,25,114,0.023046875,0.0038995726495726496,0.019147302350427352
MLP,5,0.75,1.0,crp_dataset_8_1_3.csv|crp_dataset_8_1_5.csv|crp_dataset_8_1_7.csv|crp_dataset_8_1_2.csv|crp_dataset_8_1_4.csv,crp_dataset_8_1_6.csv,0.6830401,0.9493670885955776,0.5357142857104592,75,4,65,112,0.026928710937499996,0.0015822784810126586,0.025346432456487336
MLP,5,0.75,1.0,crp_dataset_8_1_3.csv|crp_dataset_8_1_5.csv|crp_dataset_8_1_7.csv|crp_dataset_8_1_2.csv|crp_dataset_8_1_4.csv,crp_dataset_8_1_1.csv,0.6830401,0.9666666666505556,0.460317460313807,58,2,68,128,0.0252685546875,0.0007291666666666667,0.024539388020833334
MLP,5,0.75,1.0,crp_dataset_8_1_3.csv|crp_dataset_8_1_5.csv|crp_dataset_8_1_7.csv|crp_dataset_8_1_2.csv|crp_dataset_8_1_4.csv,crp_dataset_8_1_8.csv,0.6830401,0.8055555555443672,0.42028985506941824,58,14,80,104,0.0283203125,0.005729166666666666,0.022591145833333333
MLP,5,0.75,1.0,crp_dataset_8_1_3.csv|crp_dataset_8_1_5.csv|crp_dataset_8_1_7.csv|crp_dataset_8_1_2.csv|crp_dataset_8_1_1.csv,crp_dataset_8_1_6.csv,0.7434628,0.8648648648570733,0.6857142857093879,96,15,44,101,0.026928710937499996,0.007150900900900901,0.019777810036599095
MLP,5,0.75,1.0,crp_dataset_8_1_3.csv|crp_dataset_8_1_5.csv|crp_dataset_8_1_7.csv|crp_dataset_8_1_2.csv|crp_dataset_8_1_1.csv,crp_dataset_8_1_4.csv,0.7434628,0.9067796610092645,0.816793893123536,107,11,24,114,0.023046875,0.003283898305084746,0.019762976694915255
MLP,5,0.75,1.0,crp_dataset_8_1_3.csv|crp_dataset_8_1_5.csv|crp_dataset_8_1_7.csv|crp_dataset_8_1_2.csv|crp_dataset_8_1_1.csv,crp_dataset_8_1_8.csv,0.7434628,0.7380952380864512,0.449275362315585,62,22,76,96,0.0283203125,0.007514880952380951,0.02080543154761905
MLP,5,0.75,1.0,crp_dataset_8_1_3.csv|crp_dataset_8_1_5.csv|crp_dataset_8_1_7.csv|crp_dataset_8_1_2.csv|crp_dataset_8_1_8.csv,crp_dataset_8_1_6.csv,0.6737684,0.8712871287042446,0.6285714285669388,88,13,52,103,0.026928710937499996,0.006559405940594059,0.020369304996905938
MLP,5,0.75,1.0,crp_dataset_8_1_3.csv|crp_dataset_8_1_5.csv|crp_dataset_8_1_7.csv|crp_dataset_8_1_2.csv|crp_dataset_8_1_8.csv,crp_dataset_8_1_4.csv,0.6737684,0.863999999993088,0.8244274809097373,108,17,23,108,0.023046875,0.0051,0.017946875
MLP,5,0.75,1.0,crp_dataset_8_1_3.csv|crp_dataset_8_1_5.csv|crp_dataset_8_1_7.csv|crp_dataset_8_1_2.csv|crp_dataset_8_1_8.csv,crp_dataset_8_1_1.csv,0.6737684,0.8493150684815162,0.49206349205958677,62,11,64,119,0.0252685546875,0.004537671232876713,0.02073088345462329
MLP,5,0.75,1.0,crp_dataset_8_1_3.csv|crp_dataset_8_1_5.csv|crp_dataset_8_1_7.csv|crp_dataset_8_1_4.csv|crp_dataset_8_1_1.csv,crp_dataset_8_1_6.csv,0.63047814,0.7591240875856999,0.7428571428518368,104,33,36,83,0.026928710937499996,0.01468978102189781,0.012238929915602185
MLP,5,0.75,1.0,crp_dataset_8_1_3.csv|crp_dataset_8_1_5.csv|crp_dataset_8_1_7.csv|crp_dataset_8_1_4.csv|crp_dataset_8_1_1.csv,crp_dataset_8_1_2.csv,0.63047814,0.8039215686195693,0.6890756302463102,82,20,37,117,0.039453125,0.005575980392156863,0.033877144607843135
MLP,5,0.75,1.0,crp_dataset_8_1_3.csv|crp_dataset_8_1_5.csv|crp_dataset_8_1_7.csv|crp_dataset_8_1_4.csv|crp_dataset_8_1_1.csv,crp_dataset_8_1_8.csv,0.63047814,0.7159090909009556,0.4565217391271267,63,25,75,93,0.0283203125,0.009943181818181818,0.018377130681818184
MLP,5,0.75,1.0,crp_dataset_8_1_3.csv|crp_dataset_8_1_5.csv|crp_dataset_8_1_7.csv|crp_dataset_8_1_4.csv|crp_dataset_8_1_8.csv,crp_dataset_8_1_6.csv,0.62817824,0.9156626505913775,0.5428571428532654,76,7,64,109,0.026928710937499996,0.0024096385542168677,0.024519072383283127
MLP,5,0.75,1.0,crp_dataset_8_1_3.csv|crp_dataset_8_1_5.csv|crp_dataset_8_1_7.csv|crp_dataset_8_1_4.csv|crp_dataset_8_1_8.csv,crp_dataset_8_1_2.csv,0.62817824,0.7979797979717376,0.6638655462129087,79,20,40,117,0.039453125,0.008143939393939393,0.03130918560606061
MLP,5,0.75,1.0,crp_dataset_8_1_3.csv|crp_dataset_8_1_5.csv|crp_dataset_8_1_7.csv|crp_dataset_8_1_4.csv|crp_dataset_8_1_8.csv,crp_dataset_8_1_1.csv,0.62817824,0.9062499999858398,0.460317460313807,58,6,68,124,0.0252685546875,0.002734375,0.0225341796875
MLP,5,0.75,1.0,crp_dataset_8_1_3.csv|crp_dataset_8_1_5.csv|crp_dataset_8_1_7.csv|crp_dataset_8_1_1.csv|crp_dataset_8_1_8.csv,crp_dataset_8_1_6.csv,0.6276101,0.7210884353692444,0.757142857137449,106,41,34,75,0.026928710937499996,0.016411564625850337,0.010517146311649659
MLP,5,0.75,1.0,crp_dataset_8_1_3.csv|crp_dataset_8_1_5.csv|crp_dataset_8_1_7.csv|crp_dataset_8_1_1.csv|crp_dataset_8_1_8.csv,crp_dataset_8_1_2.csv,0.6276101,0.7433628318518286,0.7058823529352447,84,29,35,108,0.039453125,0.011891592920353982,0.02756153207964602
MLP,5,0.75,1.0,crp_dataset_8_1_3.csv|crp_dataset_8_1_5.csv|crp_dataset_8_1_7.csv|crp_dataset_8_1_1.csv|crp_dataset_8_1_8.csv,crp_dataset_8_1_4.csv,0.6276101,0.7999999999940741,0.8244274809097373,108,27,23,98,0.023046875,0.009675925925925926,0.013370949074074075
MLP,5,0.75,1.0,crp_dataset_8_1_3.csv|crp_dataset_8_1_5.csv|crp_dataset_8_1_2.csv|crp_dataset_8_1_4.csv|crp_dataset_8_1_1.csv,crp_dataset_8_1_6.csv,0.60543174,0.8910891089020684,0.642857142852551,90,11,50,105,0.026928710937499996,0.005012376237623763,0.021916334699876232
MLP,5,0.75,1.0,crp_dataset_8_1_3.csv|crp_dataset_8_1_5.csv|crp_dataset_8_1_2.csv|crp_dataset_8_1_4.csv|crp_dataset_8_1_1.csv,crp_dataset_8_1_7.csv,0.60543174,0.9166666666628472,0.9999999999954546,220,20,0,16,0.0095703125,0.0044531250000000005,0.0051171875
MLP,5,0.75,1.0,crp_dataset_8_1_3.csv|crp_dataset_8_1_5.csv|crp_dataset_8_1_2.csv|crp_dataset_8_1_4.csv|crp_dataset_8_1_1.csv,crp_dataset_8_1_8.csv,0.60543174,0.7820512820412557,0.4420289855040433,61,17,77,101,0.0283203125,0.007051282051282049,0.021269030448717953
MLP,5,0.75,1.0,crp_dataset_8_1_3.csv|crp_dataset_8_1_5.csv|crp_dataset_8_1_2.csv|crp_dataset_8_1_4.csv|crp_dataset_8_1_8.csv,crp_dataset_8_1_6.csv,0.65871924,0.9069767441755002,0.5571428571388776,78,8,62,108,0.026928710937499996,0.00370639534883721,0.023222315588662786
MLP,5,0.75,1.0,crp_dataset_8_1_3.csv|crp_dataset_8_1_5.csv|crp_dataset_8_1_2.csv|crp_dataset_8_1_4.csv|crp_dataset_8_1_8.csv,crp_dataset_8_1_7.csv,0.65871924,0.9205020920463578,0.9999999999954546,220,19,0,17,0.0095703125,0.00368723849372385,0.005883074006276151
MLP,5,0.75,1.0,crp_dataset_8_1_3.csv|crp_dataset_8_1_5.csv|crp_dataset_8_1_2.csv|crp_dataset_8_1_4.csv|crp_dataset_8_1_8.csv,crp_dataset_8_1_1.csv,0.65871924,0.9384615384471006,0.4841269841231418,61,4,65,126,0.0252685546875,0.0016346153846153845,0.023633939302884616
MLP,5,0.75,1.0,crp_dataset_8_1_3.csv|crp_dataset_8_1_5.csv|crp_dataset_8_1_2.csv|crp_dataset_8_1_1.csv|crp_dataset_8_1_8.csv,crp_dataset_8_1_6.csv,0.6392621,0.775999999993792,0.6928571428521939,97,28,43,88,0.026928710937499996,0.0129,0.014028710937499996
MLP,5,0.75,1.0,crp_dataset_8_1_3.csv|crp_dataset_8_1_5.csv|crp_dataset_8_1_2.csv|crp_dataset_8_1_1.csv|crp_dataset_8_1_8.csv,crp_dataset_8_1_7.csv,0.6392621,0.9087136929422875,0.9954545454500207,219,22,1,14,0.0095703125,0.004927385892116182,0.004642926607883818
MLP,5,0.75,1.0,crp_dataset_8_1_3.csv|crp_dataset_8_1_5.csv|crp_dataset_8_1_2.csv|crp_dataset_8_1_1.csv|crp_dataset_8_1_8.csv,crp_dataset_8_1_4.csv,0.6392621,0.8749999999927083,0.8015267175511335,105,15,26,110,0.023046875,0.00546875,0.017578125
MLP,5,0.75,1.0,crp_dataset_8_1_3.csv|crp_dataset_8_1_5.csv|crp_dataset_8_1_4.csv|crp_dataset_8_1_1.csv|crp_dataset_8_1_8.csv,crp_dataset_8_1_6.csv,0.6005719,0.7222222222172069,0.7428571428518368,104,40,36,76,0.026928710937499996,0.016796875000000003,0.010131835937499993
MLP,5,0.75,1.0,crp_dataset_8_1_3.csv|crp_dataset_8_1_5.csv|crp_dataset_8_1_4.csv|crp_dataset_8_1_1.csv|crp_dataset_8_1_8.csv,crp_dataset_8_1_7.csv,0.6005719,0.8870967741899715,0.9999999999954546,220,28,0,8,0.0095703125,0.006930443548387096,0.002639868951612905
MLP,5,0.75,1.0,crp_dataset_8_1_3.csv|crp_dataset_8_1_5.csv|crp_dataset_8_1_4.csv|crp_dataset_8_1_1.csv|crp_dataset_8_1_8.csv,crp_dataset_8_1_2.csv,0.6005719,0.7304347826023441,0.7058823529352447,84,31,35,106,0.039453125,0.013913043478260872,0.025540081521739127
MLP,5,0.75,1.0,crp_dataset_8_1_3.csv|crp_dataset_8_1_6.csv|crp_dataset_8_1_7.csv|crp_dataset_8_1_2.csv|crp_dataset_8_1_4.csv,crp_dataset_8_1_5.csv,0.6138014,0.8085106382892712,0.7599999999924,76,18,24,138,0.039282226562499994,0.005784574468085107,0.03349765209441489
MLP,5,0.75,1.0,crp_dataset_8_1_3.csv|crp_dataset_8_1_6.csv|crp_dataset_8_1_7.csv|crp_dataset_8_1_2.csv|crp_dataset_8_1_4.csv,crp_dataset_8_1_1.csv,0.6138014,0.8823529411634947,0.4761904761866969,60,8,66,122,0.0252685546875,0.0028492647058823532,0.022419289981617647
MLP,5,0.75,1.0,crp_dataset_8_1_3.csv|crp_dataset_8_1_6.csv|crp_dataset_8_1_7.csv|crp_dataset_8_1_2.csv|crp_dataset_8_1_4.csv,crp_dataset_8_1_8.csv,0.6138014,0.7407407407315958,0.4347826086925016,60,21,78,97,0.0283203125,0.008333333333333333,0.01998697916666667
MLP,5,0.75,1.0,crp_dataset_8_1_3.csv|crp_dataset_8_1_6.csv|crp_dataset_8_1_7.csv|crp_dataset_8_1_2.csv|crp_dataset_8_1_1.csv,crp_dataset_8_1_5.csv,0.6272389,0.8172043010664817,0.7599999999924,76,17,24,139,0.039282226562499994,0.005443548387096774,0.03383867817540322
MLP,5,0.75,1.0,crp_dataset_8_1_3.csv|crp_dataset_8_1_6.csv|crp_dataset_8_1_7.csv|crp_dataset_8_1_2.csv|crp_dataset_8_1_1.csv,crp_dataset_8_1_4.csv,0.6272389,0.9083333333257638,0.8320610686959385,109,11,22,114,0.023046875,0.0027083333333333334,0.020338541666666668
MLP,5,0.75,1.0,crp_dataset_8_1_3.csv|crp_dataset_8_1_6.csv|crp_dataset_8_1_7.csv|crp_dataset_8_1_2.csv|crp_dataset_8_1_1.csv,crp_dataset_8_1_8.csv,0.6272389,0.7439024390153183,0.4420289855040433,61,21,77,97,0.0283203125,0.007926829268292683,0.020393483231707317
MLP,5,0.75,1.0,crp_dataset_8_1_3.csv|crp_dataset_8_1_6.csv|crp_dataset_8_1_7.csv|crp_dataset_8_1_2.csv|crp_dataset_8_1_8.csv,crp_dataset_8_1_5.csv,0.63858145,0.8260869565127599,0.7599999999924,76,16,24,140,0.039282226562499994,0.004823369565217392,0.0344588569972826
MLP,5,0.75,1.0,crp_dataset_8_1_3.csv|crp_dataset_8_1_6.csv|crp_dataset_8_1_7.csv|crp_dataset_8_1_2.csv|crp_dataset_8_1_8.csv,crp_dataset_8_1_4.csv,0.63858145,0.8861788617814131,0.8320610686959385,109,14,22,111,0.023046875,0.004623983739837399,0.018422891260162604
MLP,5,0.75,1.0,crp_dataset_8_1_3.csv|crp_dataset_8_1_6.csv|crp_dataset_8_1_7.csv|crp_dataset_8_1_2.csv|crp_dataset_8_1_8.csv,crp_dataset_8_1_1.csv,0.63858145,0.910447761180441,0.4841269841231418,61,6,65,124,0.0252685546875,0.0019589552238805973,0.023309599463619404
MLP,5,0.75,1.0,crp_dataset_8_1_3.csv|crp_dataset_8_1_6.csv|crp_dataset_8_1_7.csv|crp_dataset_8_1_4.csv|crp_dataset_8_1_1.csv,crp_dataset_8_1_5.csv,0.63281536,0.781249999991862,0.7499999999925,75,21,25,135,0.039282226562499994,0.007161458333333333,0.03212076822916666
MLP,5,0.75,1.0,crp_dataset_8_1_3.csv|crp_dataset_8_1_6.csv|crp_dataset_8_1_7.csv|crp_dataset_8_1_4.csv|crp_dataset_8_1_1.csv,crp_dataset_8_1_2.csv,0.63281536,0.7961165048466396,0.6890756302463102,82,21,37,116,0.039453125,0.007220873786407767,0.03223225121359223
MLP,5,0.75,1.0,crp_dataset_8_1_3.csv|crp_dataset_8_1_6.csv|crp_dataset_8_1_7.csv|crp_dataset_8_1_4.csv|crp_dataset_8_1_1.csv,crp_dataset_8_1_8.csv,0.63281536,0.7228915662563506,0.4347826086925016,60,23,78,95,0.0283203125,0.009713855421686747,0.01860645707831325
MLP,5,0.75,1.0,crp_dataset_8_1_3.csv|crp_dataset_8_1_6.csv|crp_dataset_8_1_7.csv|crp_dataset_8_1_4.csv|crp_dataset_8_1_8.csv,crp_dataset_8_1_5.csv,0.7350842,0.8426966292040146,0.7499999999925,75,14,25,142,0.039282226562499994,0.0046348314606741575,0.03464739510182584
MLP,5,0.75,1.0,crp_dataset_8_1_3.csv|crp_dataset_8_1_6.csv|crp_dataset_8_1_7.csv|crp_dataset_8_1_4.csv|crp_dataset_8_1_8.csv,crp_dataset_8_1_2.csv,0.7350842,0.8369565217300331,0.6470588235239743,77,15,42,122,0.039453125,0.004347826086956522,0.035105298913043474
MLP,5,0.75,1.0,crp_dataset_8_1_3.csv|crp_dataset_8_1_6.csv|crp_dataset_8_1_7.csv|crp_dataset_8_1_4.csv|crp_dataset_8_1_8.csv,crp_dataset_8_1_1.csv,0.7350842,0.949152542356794,0.4444444444409171,56,3,70,127,0.0252685546875,0.0009533898305084745,0.024315164856991527
MLP,5,0.75,1.0,crp_dataset_8_1_3.csv|crp_dataset_8_1_6.csv|crp_dataset_8_1_7.csv|crp_dataset_8_1_1.csv|crp_dataset_8_1_8.csv,crp_dataset_8_1_5.csv,0.6770638,0.7999999999915789,0.7599999999924,76,19,24,137,0.039282226562499994,0.0059868421052631585,0.033295384457236836
MLP,5,0.75,1.0,crp_dataset_8_1_3.csv|crp_dataset_8_1_6.csv|crp_dataset_8_1_7.csv|crp_dataset_8_1_1.csv|crp_dataset_8_1_8.csv,crp_dataset_8_1_2.csv,0.6770638,0.7809523809449432,0.6890756302463102,82,23,37,114,0.039453125,0.009821428571428573,0.029631696428571427
MLP,5,0.75,1.0,crp_dataset_8_1_3.csv|crp_dataset_8_1_6.csv|crp_dataset_8_1_7.csv|crp_dataset_8_1_1.csv|crp_dataset_8_1_8.csv,crp_dataset_8_1_4.csv,0.6770638,0.8916666666592361,0.816793893123536,107,13,24,112,0.023046875,0.0036458333333333334,0.019401041666666667
MLP,5,0.75,1.0,crp_dataset_8_1_3.csv|crp_dataset_8_1_6.csv|crp_dataset_8_1_2.csv|crp_dataset_8_1_4.csv|crp_dataset_8_1_1.csv,crp_dataset_8_1_5.csv,0.67429334,0.8152173912954868,0.7499999999925,75,17,25,139,0.039282226562499994,0.005502717391304349,0.03377950917119565
MLP,5,0.75,1.0,crp_dataset_8_1_3.csv|crp_dataset_8_1_6.csv|crp_dataset_8_1_2.csv|crp_dataset_8_1_4.csv|crp_dataset_8_1_1.csv,crp_dataset_8_1_7.csv,0.67429334,0.9515418502160725,0.981818181813719,216,11,4,25,0.0095703125,0.002092511013215859,0.007477801486784142
MLP,5,0.75,1.0,crp_dataset_8_1_3.csv|crp_dataset_8_1_6.csv|crp_dataset_8_1_2.csv|crp_dataset_8_1_4.csv|crp_dataset_8_1_1.csv,crp_dataset_8_1_8.csv,0.67429334,0.7435897435802103,0.42028985506941824,58,20,80,98,0.0283203125,0.007852564102564102,0.020467748397435898
MLP,5,0.75,1.0,crp_dataset_8_1_3.csv|crp_dataset_8_1_6.csv|crp_dataset_8_1_2.csv|crp_dataset_8_1_4.csv|crp_dataset_8_1_8.csv,crp_dataset_8_1_5.csv,0.64737576,0.8020833333249783,0.7699999999923,77,19,23,137,0.039282226562499994,0.0056640625,0.0336181640625
MLP,5,0.75,1.0,crp_dataset_8_1_3.csv|crp_dataset_8_1_6.csv|crp_dataset_8_1_2.csv|crp_dataset_8_1_4.csv|crp_dataset_8_1_8.csv,crp_dataset_8_1_7.csv,0.64737576,0.9316239316199504,0.9909090909045868,218,16,2,20,0.0095703125,0.003712606837606838,0.005857705662393162
MLP,5,0.75,1.0,crp_dataset_8_1_3.csv|crp_dataset_8_1_6.csv|crp_dataset_8_1_2.csv|crp_dataset_8_1_4.csv|crp_dataset_8_1_8.csv,crp_dataset_8_1_1.csv,0.64737576,0.869565217378702,0.4761904761866969,60,9,66,121,0.0252685546875,0.003351449275362319,0.02191710541213768
MLP,5,0.75,1.0,crp_dataset_8_1_3.csv|crp_dataset_8_1_6.csv|crp_dataset_8_1_2.csv|crp_dataset_8_1_1.csv|crp_dataset_8_1_8.csv,crp_dataset_8_1_5.csv,0.6230519,0.8085106382892712,0.7599999999924,76,18,24,138,0.039282226562499994,0.0055851063829787245,0.03369712017952127
MLP,5,0.75,1.0,crp_dataset_8_1_3.csv|crp_dataset_8_1_6.csv|crp_dataset_8_1_2.csv|crp_dataset_8_1_1.csv|crp_dataset_8_1_8.csv,crp_dataset_8_1_7.csv,0.6230519,0.9237288135554079,0.9909090909045868,218,18,2,18,0.0095703125,0.0031779661016949155,0.006392346398305085
MLP,5,0.75,1.0,crp_dataset_8_1_3.csv|crp_dataset_8_1_6.csv|crp_dataset_8_1_2.csv|crp_dataset_8_1_1.csv|crp_dataset_8_1_8.csv,crp_dataset_8_1_4.csv,0.6230519,0.9075630252024575,0.8244274809097373,108,11,23,114,0.023046875,0.003781512605042017,0.019265362394957984
MLP,5,0.75,1.0,crp_dataset_8_1_3.csv|crp_dataset_8_1_6.csv|crp_dataset_8_1_4.csv|crp_dataset_8_1_1.csv|crp_dataset_8_1_8.csv,crp_dataset_8_1_5.csv,0.6330266,0.7755102040737193,0.7599999999924,76,22,24,134,0.039282226562499994,0.007716836734693878,0.031565389827806115
MLP,5,0.75,1.0,crp_dataset_8_1_3.csv|crp_dataset_8_1_6.csv|crp_dataset_8_1_4.csv|crp_dataset_8_1_1.csv|crp_dataset_8_1_8.csv,crp_dataset_8_1_7.csv,0.6330266,0.9519650654980264,0.9909090909045868,218,11,2,25,0.0095703125,0.0015829694323144107,0.00798734306768559
MLP,5,0.75,1.0,crp_dataset_8_1_3.csv|crp_dataset_8_1_6.csv|crp_dataset_8_1_4.csv|crp_dataset_8_1_1.csv|crp_dataset_8_1_8.csv,crp_dataset_8_1_2.csv,0.6330266,0.8039215686195693,0.6890756302463102,82,20,37,117,0.039453125,0.0058823529411764705,0.03357077205882353
MLP,5,0.75,1.0,crp_dataset_8_1_3.csv|crp_dataset_8_1_7.csv|crp_dataset_8_1_2.csv|crp_dataset_8_1_4.csv|crp_dataset_8_1_1.csv,crp_dataset_8_1_5.csv,0.6955824,0.7916666666584201,0.7599999999924,76,20,24,136,0.039282226562499994,0.0060546875,0.03322753906249999
MLP,5,0.75,1.0,crp_dataset_8_1_3.csv|crp_dataset_8_1_7.csv|crp_dataset_8_1_2.csv|crp_dataset_8_1_4.csv|crp_dataset_8_1_1.csv,crp_dataset_8_1_6.csv,0.6955824,0.919540229874488,0.5714285714244899,80,7,60,109,0.026928710937499996,0.0036637931034482762,0.02326491783405172
MLP,5,0.75,1.0,crp_dataset_8_1_3.csv|crp_dataset_8_1_7.csv|crp_dataset_8_1_2.csv|crp_dataset_8_1_4.csv|crp_dataset_8_1_1.csv,crp_dataset_8_1_8.csv,0.6955824,0.7792207792106595,0.4347826086925016,60,17,78,101,0.0283203125,0.008116883116883116,0.020203429383116884
MLP,5,0.75,1.0,crp_dataset_8_1_3.csv|crp_dataset_8_1_7.csv|crp_dataset_8_1_2.csv|crp_dataset_8_1_4.csv|crp_dataset_8_1_8.csv,crp_dataset_8_1_5.csv,0.6895873,0.8941176470483044,0.7599999999924,76,9,24,147,0.039282226562499994,0.0038970588235294115,0.03538516773897058
MLP,5,0.75,1.0,crp_dataset_8_1_3.csv|crp_dataset_8_1_7.csv|crp_dataset_8_1_2.csv|crp_dataset_8_1_4.csv|crp_dataset_8_1_8.csv,crp_dataset_8_1_6.csv,0.6895873,0.9736842105135041,0.5285714285676532,74,2,66,114,0.026928710937499996,0.0011513157894736843,0.02577739514802631
MLP,5,0.75,1.0,crp_dataset_8_1_3.csv|crp_dataset_8_1_7.csv|crp_dataset_8_1_2.csv|crp_dataset_8_1_4.csv|crp_dataset_8_1_8.csv,crp_dataset_8_1_1.csv,0.6895873,0.9365079364930714,0.46825396825025195,59,4,67,126,0.0252685546875,0.001587301587301587,0.02368125310019841
MLP,5,0.75,1.0,crp_dataset_8_1_3.csv|crp_dataset_8_1_7.csv|crp_dataset_8_1_2.csv|crp_dataset_8_1_1.csv|crp_dataset_8_1_8.csv,crp_dataset_8_1_5.csv,0.64033633,0.8152173912954868,0.7499999999925,75,17,25,139,0.039282226562499994,0.005163043478260869,0.03411918308423913
MLP,5,0.75,1.0,crp_dataset_8_1_3.csv|crp_dataset_8_1_7.csv|crp_dataset_8_1_2.csv|crp_dataset_8_1_1.csv|crp_dataset_8_1_8.csv,crp_dataset_8_1_6.csv,0.64033633,0.8571428571352041,0.6857142857093879,96,16,44,100,0.026928710937499996,0.0071428571428571435,0.01978585379464285
MLP,5,0.75,1.0,crp_dataset_8_1_3.csv|crp_dataset_8_1_7.csv|crp_dataset_8_1_2.csv|crp_dataset_8_1_1.csv|crp_dataset_8_1_8.csv,crp_dataset_8_1_4.csv,0.64033633,0.9083333333257638,0.8320610686959385,109,11,22,114,0.023046875,0.004322916666666667,0.018723958333333336
MLP,5,0.75,1.0,crp_dataset_8_1_3.csv|crp_dataset_8_1_7.csv|crp_dataset_8_1_4.csv|crp_dataset_8_1_1.csv|crp_dataset_8_1_8.csv,crp_dataset_8_1_5.csv,0.7008209,0.7872340425448167,0.7399999999926,74,20,26,136,0.039282226562499994,0.005917553191489362,0.033364673371010636
MLP,5,0.75,1.0,crp_dataset_8_1_3.csv|crp_dataset_8_1_7.csv|crp_dataset_8_1_4.csv|crp_dataset_8_1_1.csv|crp_dataset_8_1_8.csv,crp_dataset_8_1_6.csv,0.7008209,0.916666666657118,0.6285714285669388,88,8,52,108,0.026928710937499996,0.0038411458333333336,0.023087565104166662
MLP,5,0.75,1.0,crp_dataset_8_1_3.csv|crp_dataset_8_1_7.csv|crp_dataset_8_1_4.csv|crp_dataset_8_1_1.csv|crp_dataset_8_1_8.csv,crp_dataset_8_1_2.csv,0.7008209,0.8229166666580946,0.6638655462129087,79,17,40,120,0.039453125,0.0049479166666666664,0.03450520833333333
MLP,5,0.75,1.0,crp_dataset_8_1_3.csv|crp_dataset_8_1_2.csv|crp_dataset_8_1_4.csv|crp_dataset_8_1_1.csv|crp_dataset_8_1_8.csv,crp_dataset_8_1_5.csv,0.68375397,0.7835051546310978,0.7599999999924,76,21,24,135,0.039282226562499994,0.006829896907216496,0.032452329655283496
MLP,5,0.75,1.0,crp_dataset_8_1_3.csv|crp_dataset_8_1_2.csv|crp_dataset_8_1_4.csv|crp_dataset_8_1_1.csv|crp_dataset_8_1_8.csv,crp_dataset_8_1_6.csv,0.68375397,0.8559322033825768,0.7214285714234184,101,17,39,99,0.026928710937499996,0.0073622881355932205,0.019566422801906777
MLP,5,0.75,1.0,crp_dataset_8_1_3.csv|crp_dataset_8_1_2.csv|crp_dataset_8_1_4.csv|crp_dataset_8_1_1.csv|crp_dataset_8_1_8.csv,crp_dataset_8_1_7.csv,0.68375397,0.9442060085796387,0.9999999999954546,220,13,0,23,0.0095703125,0.0027092274678111586,0.006861085032188842
MLP,5,0.75,1.0,crp_dataset_8_1_5.csv|crp_dataset_8_1_6.csv|crp_dataset_8_1_7.csv|crp_dataset_8_1_2.csv|crp_dataset_8_1_4.csv,crp_dataset_8_1_3.csv,0.67623955,0.9322033898226084,0.635838150285342,110,8,63,75,0.0196044921875,0.0026483050847457626,0.016956187102754237
MLP,5,0.75,1.0,crp_dataset_8_1_5.csv|crp_dataset_8_1_6.csv|crp_dataset_8_1_7.csv|crp_dataset_8_1_2.csv|crp_dataset_8_1_4.csv,crp_dataset_8_1_1.csv,0.67623955,0.8571428571306122,0.4761904761866969,60,10,66,120,0.0252685546875,0.004107142857142857,0.021161411830357142
MLP,5,0.75,1.0,crp_dataset_8_1_5.csv|crp_dataset_8_1_6.csv|crp_dataset_8_1_7.csv|crp_dataset_8_1_2.csv|crp_dataset_8_1_4.csv,crp_dataset_8_1_8.csv,0.67623955,0.753086419743789,0.4420289855040433,61,20,77,98,0.0283203125,0.007253086419753085,0.021067226080246915
MLP,5,0.75,1.0,crp_dataset_8_1_5.csv|crp_dataset_8_1_6.csv|crp_dataset_8_1_7.csv|crp_dataset_8_1_2.csv|crp_dataset_8_1_1.csv,crp_dataset_8_1_3.csv,0.640917,0.940677966093723,0.6416184971061178,111,7,62,76,0.0196044921875,0.0021716101694915254,0.017432882018008473
MLP,5,0.75,1.0,crp_dataset_8_1_5.csv|crp_dataset_8_1_6.csv|crp_dataset_8_1_7.csv|crp_dataset_8_1_2.csv|crp_dataset_8_1_1.csv,crp_dataset_8_1_4.csv,0.640917,0.8861788617814131,0.8320610686959385,109,14,22,111,0.023046875,0.003861788617886179,0.019185086382113824
MLP,5,0.75,1.0,crp_dataset_8_1_5.csv|crp_dataset_8_1_6.csv|crp_dataset_8_1_7.csv|crp_dataset_8_1_2.csv|crp_dataset_8_1_1.csv,crp_dataset_8_1_8.csv,0.640917,0.7439024390153183,0.4420289855040433,61,21,77,97,0.0283203125,0.00891768292682927,0.01940262957317073
MLP,5,0.75,1.0,crp_dataset_8_1_5.csv|crp_dataset_8_1_6.csv|crp_dataset_8_1_7.csv|crp_dataset_8_1_2.csv|crp_dataset_8_1_8.csv,crp_dataset_8_1_3.csv,0.64612895,0.917355371893245,0.6416184971061178,111,10,62,73,0.0196044921875,0.003047520661157025,0.016556971526342973
MLP,5,0.75,1.0,crp_dataset_8_1_5.csv|crp_dataset_8_1_6.csv|crp_dataset_8_1_7.csv|crp_dataset_8_1_2.csv|crp_dataset_8_1_8.csv,crp_dataset_8_1_4.csv,0.64612895,0.89830508473815,0.8091603053373347,106,12,25,113,0.023046875,0.002754237288135593,0.02029263771186441
MLP,5,0.75,1.0,crp_dataset_8_1_5.csv|crp_dataset_8_1_6.csv|crp_dataset_8_1_7.csv|crp_dataset_8_1_2.csv|crp_dataset_8_1_8.csv,crp_dataset_8_1_1.csv,0.64612895,0.8888888888747796,0.4444444444409171,56,7,70,123,0.0252685546875,0.003273809523809524,0.021994745163690477
MLP,5,0.75,1.0,crp_dataset_8_1_5.csv|crp_dataset_8_1_6.csv|crp_dataset_8_1_7.csv|crp_dataset_8_1_4.csv|crp_dataset_8_1_1.csv,crp_dataset_8_1_3.csv,0.68778926,0.940677966093723,0.6416184971061178,111,7,62,76,0.0196044921875,0.0017478813559322034,0.017856610831567796
MLP,5,0.75,1.0,crp_dataset_8_1_5.csv|crp_dataset_8_1_6.csv|crp_dataset_8_1_7.csv|crp_dataset_8_1_4.csv|crp_dataset_8_1_1.csv,crp_dataset_8_1_2.csv,0.68778926,0.8247422680327345,0.6722689075573759,80,17,39,120,0.039453125,0.004639175257731959,0.03481394974226804
MLP,5,0.75,1.0,crp_dataset_8_1_5.csv|crp_dataset_8_1_6.csv|crp_dataset_8_1_7.csv|crp_dataset_8_1_4.csv|crp_dataset_8_1_1.csv,crp_dataset_8_1_8.csv,0.68778926,0.7624999999904687,0.4420289855040433,61,19,77,99,0.0283203125,0.006562500000000001,0.0217578125
MLP,5,0.75,1.0,crp_dataset_8_1_5.csv|crp_dataset_8_1_6.csv|crp_dataset_8_1_7.csv|crp_dataset_8_1_4.csv|crp_dataset_8_1_8.csv,crp_dataset_8_1_3.csv,0.747774,0.961538461529216,0.5780346820775837,100,4,73,79,0.0196044921875,0.0010216346153846154,0.018582857572115384
MLP,5,0.75,1.0,crp_dataset_8_1_5.csv|crp_dataset_8_1_6.csv|crp_dataset_8_1_7.csv|crp_dataset_8_1_4.csv|crp_dataset_8_1_8.csv,crp_dataset_8_1_2.csv,0.747774,0.8426966292040146,0.6302521008350399,75,14,44,123,0.039453125,0.0037219101123595506,0.035731214887640445
MLP,5,0.75,1.0,crp_dataset_8_1_5.csv|crp_dataset_8_1_6.csv|crp_dataset_8_1_7.csv|crp_dataset_8_1_4.csv|crp_dataset_8_1_8.csv,crp_dataset_8_1_1.csv,0.747774,0.9615384615199705,0.39682539682224743,50,2,76,128,0.0252685546875,0.001201923076923077,0.024066631610576924
MLP,5,0.75,1.0,crp_dataset_8_1_5.csv|crp_dataset_8_1_6.csv|crp_dataset_8_1_7.csv|crp_dataset_8_1_1.csv|crp_dataset_8_1_8.csv,crp_dataset_8_1_3.csv,0.66544974,0.9059829059751625,0.6127167630022387,106,11,67,72,0.0196044921875,0.00405982905982906,0.01554466312767094
MLP,5,0.75,1.0,crp_dataset_8_1_5.csv|crp_dataset_8_1_6.csv|crp_dataset_8_1_7.csv|crp_dataset_8_1_1.csv|crp_dataset_8_1_8.csv,crp_dataset_8_1_2.csv,0.66544974,0.8172043010664817,0.6386554621795071,76,17,43,120,0.039453125,0.0047043010752688165,0.03474882392473118
MLP,5,0.75,1.0,crp_dataset_8_1_5.csv|crp_dataset_8_1_6.csv|crp_dataset_8_1_7.csv|crp_dataset_8_1_1.csv|crp_dataset_8_1_8.csv,crp_dataset_8_1_4.csv,0.66544974,0.9009009008927846,0.7633587786201271,100,11,31,114,0.023046875,0.003490990990990991,0.01955588400900901
MLP,5,0.75,1.0,crp_dataset_8_1_5.csv|crp_dataset_8_1_6.csv|crp_dataset_8_1_2.csv|crp_dataset_8_1_4.csv|crp_dataset_8_1_1.csv,crp_dataset_8_1_3.csv,0.61201847,0.9568965517158888,0.6416184971061178,111,5,62,78,0.0196044921875,0.0014008620689655174,0.018203630118534483
MLP,5,0.75,1.0,crp_dataset_8_1_5.csv|crp_dataset_8_1_6.csv|crp_dataset_8_1_2.csv|crp_dataset_8_1_4.csv|crp_dataset_8_1_1.csv,crp_dataset_8_1_7.csv,0.61201847,0.9596412556010779,0.9727272727228513,214,9,6,27,0.0095703125,0.0014573991031390132,0.008112913396860988
MLP,5,0.75,1.0,crp_dataset_8_1_5.csv|crp_dataset_8_1_6.csv|crp_dataset_8_1_2.csv|crp_dataset_8_1_4.csv|crp_dataset_8_1_1.csv,crp_dataset_8_1_8.csv,0.61201847,0.7887323943550882,0.40579710144633485,56,15,82,103,0.0283203125,0.005369718309859154,0.022950594190140845
MLP,5,0.75,1.0,crp_dataset_8_1_5.csv|crp_dataset_8_1_6.csv|crp_dataset_8_1_2.csv|crp_dataset_8_1_4.csv|crp_dataset_8_1_8.csv,crp_dataset_8_1_3.csv,0.63665545,0.9549549549463517,0.6127167630022387,106,5,67,78,0.0196044921875,0.0011824324324324323,0.01842205975506757
MLP,5,0.75,1.0,crp_dataset_8_1_5.csv|crp_dataset_8_1_6.csv|crp_dataset_8_1_2.csv|crp_dataset_8_1_4.csv|crp_dataset_8_1_8.csv,crp_dataset_8_1_7.csv,0.63665545,0.9636363636319836,0.9636363636319836,212,8,8,28,0.0095703125,0.001193181818181818,0.008377130681818182
MLP,5,0.75,1.0,crp_dataset_8_1_5.csv|crp_dataset_8_1_6.csv|crp_dataset_8_1_2.csv|crp_dataset_8_1_4.csv|crp_dataset_8_1_8.csv,crp_dataset_8_1_1.csv,0.63665545,0.9272727272558678,0.40476190475869234,51,4,75,126,0.0252685546875,0.0019318181818181815,0.02333673650568182
MLP,5,0.75,1.0,crp_dataset_8_1_5.csv|crp_dataset_8_1_6.csv|crp_dataset_8_1_2.csv|crp_dataset_8_1_1.csv|crp_dataset_8_1_8.csv,crp_dataset_8_1_3.csv,0.6054437,0.9249999999922917,0.6416184971061178,111,9,62,74,0.0196044921875,0.0029166666666666664,0.01668782552083333
MLP,5,0.75,1.0,crp_dataset_8_1_5.csv|crp_dataset_8_1_6.csv|crp_dataset_8_1_2.csv|crp_dataset_8_1_1.csv|crp_dataset_8_1_8.csv,crp_dataset_8_1_7.csv,0.6054437,0.9237288135554079,0.9909090909045868,218,18,2,18,0.0095703125,0.003495762711864407,0.0060745497881355935
MLP,5,0.75,1.0,crp_dataset_8_1_5.csv|crp_dataset_8_1_6.csv|crp_dataset_8_1_2.csv|crp_dataset_8_1_1.csv|crp_dataset_8_1_8.csv,crp_dataset_8_1_4.csv,0.6054437,0.9059829059751625,0.8091603053373347,106,11,25,114,0.023046875,0.002403846153846154,0.02064302884615385
MLP,5,0.75,1.0,crp_dataset_8_1_5.csv|crp_dataset_8_1_6.csv|crp_dataset_8_1_4.csv|crp_dataset_8_1_1.csv|crp_dataset_8_1_8.csv,crp_dataset_8_1_3.csv,0.643687,0.917355371893245,0.6416184971061178,111,10,62,73,0.0196044921875,0.003202479338842975,0.016402012848657024
MLP,5,0.75,1.0,crp_dataset_8_1_5.csv|crp_dataset_8_1_6.csv|crp_dataset_8_1_4.csv|crp_dataset_8_1_1.csv|crp_dataset_8_1_8.csv,crp_dataset_8_1_7.csv,0.643687,0.9358974358934363,0.9954545454500207,219,15,1,21,0.0095703125,0.002403846153846154,0.007166466346153847
MLP,5,0.75,1.0,crp_dataset_8_1_5.csv|crp_dataset_8_1_6.csv|crp_dataset_8_1_4.csv|crp_dataset_8_1_1.csv|crp_dataset_8_1_8.csv,crp_dataset_8_1_2.csv,0.643687,0.8282828282744618,0.6890756302463102,82,17,37,120,0.039453125,0.004419191919191919,0.03503393308080808
MLP,5,0.75,1.0,crp_dataset_8_1_5.csv|crp_dataset_8_1_7.csv|crp_dataset_8_1_2.csv|crp_dataset_8_1_4.csv|crp_dataset_8_1_1.csv,crp_dataset_8_1_3.csv,0.67824185,0.9401709401629045,0.635838150285342,110,7,63,76,0.0196044921875,0.002136752136752137,0.017467740050747863
MLP,5,0.75,1.0,crp_dataset_8_1_5.csv|crp_dataset_8_1_7.csv|crp_dataset_8_1_2.csv|crp_dataset_8_1_4.csv|crp_dataset_8_1_1.csv,crp_dataset_8_1_6.csv,0.67824185,0.9425287356213502,0.5857142857101021,82,5,58,111,0.026928710937499996,0.0017241379310344827,0.025204573006465513
MLP,5,0.75,1.0,crp_dataset_8_1_5.csv|crp_dataset_8_1_7.csv|crp_dataset_8_1_2.csv|crp_dataset_8_1_4.csv|crp_dataset_8_1_1.csv,crp_dataset_8_1_8.csv,0.67824185,0.7721518987244032,0.4420289855040433,61,18,77,100,0.0283203125,0.006487341772151898,0.0218329707278481
MLP,5,0.75,1.0,crp_dataset_8_1_5.csv|crp_dataset_8_1_7.csv|crp_dataset_8_1_2.csv|crp_dataset_8_1_4.csv|crp_dataset_8_1_8.csv,crp_dataset_8_1_3.csv,0.61102974,0.9565217391221171,0.635838150285342,110,5,63,78,0.0196044921875,0.0008152173913043478,0.018789274796195653
MLP,5,0.75,1.0,crp_dataset_8_1_5.csv|crp_dataset_8_1_7.csv|crp_dataset_8_1_2.csv|crp_dataset_8_1_4.csv|crp_dataset_8_1_8.csv,crp_dataset_8_1_6.csv,0.61102974,0.9382716049266879,0.5428571428532654,76,5,64,111,0.026928710937499996,0.002006172839506173,0.024922538097993822
MLP,5,0.75,1.0,crp_dataset_8_1_5.csv|crp_dataset_8_1_7.csv|crp_dataset_8_1_2.csv|crp_dataset_8_1_4.csv|crp_dataset_8_1_8.csv,crp_dataset_8_1_1.csv,0.61102974,0.9661016948988796,0.45238095237736203,57,2,69,128,0.0252685546875,0.0008474576271186442,0.024421097060381355
MLP,5,0.75,1.0,crp_dataset_8_1_5.csv|crp_dataset_8_1_7.csv|crp_dataset_8_1_2.csv|crp_dataset_8_1_1.csv|crp_dataset_8_1_8.csv,crp_dataset_8_1_3.csv,0.65159255,0.911999999992704,0.6589595375684454,114,11,59,72,0.0196044921875,0.0038000000000000004,0.015804492187499998
MLP,5,0.75,1.0,crp_dataset_8_1_5.csv|crp_dataset_8_1_7.csv|crp_dataset_8_1_2.csv|crp_dataset_8_1_1.csv|crp_dataset_8_1_8.csv,crp_dataset_8_1_6.csv,0.65159255,0.775999999993792,0.6928571428521939,97,28,43,88,0.026928710937499996,0.01275,0.014178710937499997
MLP,5,0.75,1.0,crp_dataset_8_1_5.csv|crp_dataset_8_1_7.csv|crp_dataset_8_1_2.csv|crp_dataset_8_1_1.csv|crp_dataset_8_1_8.csv,crp_dataset_8_1_4.csv,0.65159255,0.8965517241302021,0.7938931297649322,104,12,27,113,0.023046875,0.0054956896551724135,0.017551185344827587
MLP,5,0.75,1.0,crp_dataset_8_1_5.csv|crp_dataset_8_1_7.csv|crp_dataset_8_1_4.csv|crp_dataset_8_1_1.csv|crp_dataset_8_1_8.csv,crp_dataset_8_1_3.csv,0.64344746,0.9310344827505945,0.6242774566437903,108,8,65,75,0.0196044921875,0.0030711206896551725,0.016533371497844826
MLP,5,0.75,1.0,crp_dataset_8_1_5.csv|crp_dataset_8_1_7.csv|crp_dataset_8_1_4.csv|crp_dataset_8_1_1.csv|crp_dataset_8_1_8.csv,crp_dataset_8_1_6.csv,0.64344746,0.9404761904649943,0.5642857142816837,79,5,61,111,0.026928710937499996,0.0020089285714285717,0.024919782366071425
MLP,5,0.75,1.0,crp_dataset_8_1_5.csv|crp_dataset_8_1_7.csv|crp_dataset_8_1_4.csv|crp_dataset_8_1_1.csv|crp_dataset_8_1_8.csv,crp_dataset_8_1_2.csv,0.64344746,0.8124999999915364,0.6554621848684414,78,18,41,119,0.039453125,0.006250000000000001,0.033203125
MLP,5,0.75,1.0,crp_dataset_8_1_5.csv|crp_dataset_8_1_2.csv|crp_dataset_8_1_4.csv|crp_dataset_8_1_1.csv|crp_dataset_8_1_8.csv,crp_dataset_8_1_3.csv,0.6460547,0.9636363636276033,0.6127167630022387,106,4,67,79,0.0196044921875,0.0010795454545454546,0.018524946732954545
MLP,5,0.75,1.0,crp_dataset_8_1_5.csv|crp_dataset_8_1_2.csv|crp_dataset_8_1_4.csv|crp_dataset_8_1_1.csv|crp_dataset_8_1_8.csv,crp_dataset_8_1_6.csv,0.6460547,0.9534883720819362,0.5857142857101021,82,4,58,112,0.026928710937499996,0.001308139534883721,0.025620571402616275
MLP,5,0.75,1.0,crp_dataset_8_1_5.csv|crp_dataset_8_1_2.csv|crp_dataset_8_1_4.csv|crp_dataset_8_1_1.csv|crp_dataset_8_1_8.csv,crp_dataset_8_1_7.csv,0.6460547,0.9350649350608872,0.981818181813719,216,15,4,21,0.0095703125,0.0024891774891774893,0.007081135010822512
MLP,5,0.75,1.0,crp_dataset_8_1_6.csv|crp_dataset_8_1_7.csv|crp_dataset_8_1_2.csv|crp_dataset_8_1_4.csv|crp_dataset_8_1_1.csv,crp_dataset_8_1_3.csv,0.6868121,0.9333333333255556,0.6473988439268937,112,8,61,75,0.0196044921875,0.002239583333333334,0.017364908854166666
MLP,5,0.75,1.0,crp_dataset_8_1_6.csv|crp_dataset_8_1_7.csv|crp_dataset_8_1_2.csv|crp_dataset_8_1_4.csv|crp_dataset_8_1_1.csv,crp_dataset_8_1_5.csv,0.6868121,0.8720930232456733,0.7499999999925,75,11,25,145,0.039282226562499994,0.00377906976744186,0.03550315679505813
MLP,5,0.75,1.0,crp_dataset_8_1_6.csv|crp_dataset_8_1_7.csv|crp_dataset_8_1_2.csv|crp_dataset_8_1_4.csv|crp_dataset_8_1_1.csv,crp_dataset_8_1_8.csv,0.6868121,0.7499999999906249,0.4347826086925016,60,20,78,98,0.0283203125,0.008203125,0.0201171875
MLP,5,0.75,1.0,crp_dataset_8_1_6.csv|crp_dataset_8_1_7.csv|crp_dataset_8_1_2.csv|crp_dataset_8_1_4.csv|crp_dataset_8_1_8.csv,crp_dataset_8_1_3.csv,0.72216624,0.932773109235859,0.6416184971061178,111,8,62,75,0.0196044921875,0.0022584033613445376,0.017346088826155463
MLP,5,0.75,1.0,crp_dataset_8_1_6.csv|crp_dataset_8_1_7.csv|crp_dataset_8_1_2.csv|crp_dataset_8_1_4.csv|crp_dataset_8_1_8.csv,crp_dataset_8_1_5.csv,0.72216624,0.813186813177877,0.7399999999926,74,17,26,139,0.039282226562499994,0.005013736263736263,0.034268490298763735
MLP,5,0.75,1.0,crp_dataset_8_1_6.csv|crp_dataset_8_1_7.csv|crp_dataset_8_1_2.csv|crp_dataset_8_1_4.csv|crp_dataset_8_1_8.csv,crp_dataset_8_1_1.csv,0.72216624,0.9374999999853515,0.4761904761866969,60,4,66,126,0.0252685546875,0.00205078125,0.0232177734375
MLP,5,0.75,1.0,crp_dataset_8_1_6.csv|crp_dataset_8_1_7.csv|crp_dataset_8_1_2.csv|crp_dataset_8_1_1.csv|crp_dataset_8_1_8.csv,crp_dataset_8_1_3.csv,0.60717785,0.9249999999922917,0.6416184971061178,111,9,62,74,0.0196044921875,0.003072916666666667,0.01653157552083333
MLP,5,0.75,1.0,crp_dataset_8_1_6.csv|crp_dataset_8_1_7.csv|crp_dataset_8_1_2.csv|crp_dataset_8_1_1.csv|crp_dataset_8_1_8.csv,crp_dataset_8_1_5.csv,0.60717785,0.8222222222130864,0.7399999999926,74,16,26,140,0.039282226562499994,0.00513888888888889,0.03414333767361111
MLP,5,0.75,1.0,crp_dataset_8_1_6.csv|crp_dataset_8_1_7.csv|crp_dataset_8_1_2.csv|crp_dataset_8_1_1.csv|crp_dataset_8_1_8.csv,crp_dataset_8_1_4.csv,0.60717785,0.8833333333259722,0.8091603053373347,106,14,25,111,0.023046875,0.0038541666666666668,0.019192708333333336
MLP,5,0.75,1.0,crp_dataset_8_1_6.csv|crp_dataset_8_1_7.csv|crp_dataset_8_1_4.csv|crp_dataset_8_1_1.csv|crp_dataset_8_1_8.csv,crp_dataset_8_1_3.csv,0.63532585,0.9304347826006049,0.6184971098230145,107,8,66,75,0.0196044921875,0.003097826086956522,0.016506666100543476
MLP,5,0.75,1.0,crp_dataset_8_1_6.csv|crp_dataset_8_1_7.csv|crp_dataset_8_1_4.csv|crp_dataset_8_1_1.csv|crp_dataset_8_1_8.csv,crp_dataset_8_1_5.csv,0.63532585,0.8111111111020988,0.7299999999926999,73,17,27,139,0.039282226562499994,0.005069444444444444,0.03421278211805555
MLP,5,0.75,1.0,crp_dataset_8_1_6.csv|crp_dataset_8_1_7.csv|crp_dataset_8_1_4.csv|crp_dataset_8_1_1.csv|crp_dataset_8_1_8.csv,crp_dataset_8_1_2.csv,0.63532585,0.7979797979717376,0.6638655462129087,79,20,40,117,0.039453125,0.006313131313131313,0.033139993686868686
MLP,5,0.75,1.0,crp_dataset_8_1_6.csv|crp_dataset_8_1_2.csv|crp_dataset_8_1_4.csv|crp_dataset_8_1_1.csv|crp_dataset_8_1_8.csv,crp_dataset_8_1_3.csv,0.670881,0.9642857142771045,0.6242774566437903,108,4,65,79,0.0196044921875,0.0008928571428571429,0.018711635044642856
MLP,5,0.75,1.0,crp_dataset_8_1_6.csv|crp_dataset_8_1_2.csv|crp_dataset_8_1_4.csv|crp_dataset_8_1_1.csv|crp_dataset_8_1_8.csv,crp_dataset_8_1_5.csv,0.670881,0.8085106382892712,0.7599999999924,76,18,24,138,0.039282226562499994,0.00571808510638298,0.03356414145611701
MLP,5,0.75,1.0,crp_dataset_8_1_6.csv|crp_dataset_8_1_2.csv|crp_dataset_8_1_4.csv|crp_dataset_8_1_1.csv|crp_dataset_8_1_8.csv,crp_dataset_8_1_7.csv,0.670881,0.9499999999956819,0.9499999999956819,209,11,11,25,0.0095703125,0.0019034090909090908,0.00766690340909091
MLP,5,0.75,1.0,crp_dataset_8_1_7.csv|crp_dataset_8_1_2.csv|crp_dataset_8_1_4.csv|crp_dataset_8_1_1.csv|crp_dataset_8_1_8.csv,crp_dataset_8_1_3.csv,0.63127565,0.914529914522098,0.6184971098230145,107,10,66,73,0.0196044921875,0.0034188034188034184,0.016185688768696582
MLP,5,0.75,1.0,crp_dataset_8_1_7.csv|crp_dataset_8_1_2.csv|crp_dataset_8_1_4.csv|crp_dataset_8_1_1.csv|crp_dataset_8_1_8.csv,crp_dataset_8_1_5.csv,0.63127565,0.8522727272630424,0.7499999999925,75,13,25,143,0.039282226562499994,0.003977272727272727,0.03530495383522727
MLP,5,0.75,1.0,crp_dataset_8_1_7.csv|crp_dataset_8_1_2.csv|crp_dataset_8_1_4.csv|crp_dataset_8_1_1.csv|crp_dataset_8_1_8.csv,crp_dataset_8_1_6.csv,0.63127565,0.871559633019527,0.6785714285665817,95,14,45,102,0.026928710937499996,0.006135321100917431,0.020793389836582566
MLP,6,0.75,1.0,crp_dataset_8_1_3.csv|crp_dataset_8_1_5.csv|crp_dataset_8_1_6.csv|crp_dataset_8_1_7.csv|crp_dataset_8_1_2.csv|crp_dataset_8_1_4.csv,crp_dataset_8_1_1.csv,0.60265267,0.9433962263972945,0.39682539682224743,50,3,76,127,0.0252685546875,0.0010613207547169813,0.02420723393278302
MLP,6,0.75,1.0,crp_dataset_8_1_3.csv|crp_dataset_8_1_5.csv|crp_dataset_8_1_6.csv|crp_dataset_8_1_7.csv|crp_dataset_8_1_2.csv|crp_dataset_8_1_4.csv,crp_dataset_8_1_8.csv,0.60265267,0.8484848484719926,0.40579710144633485,56,10,82,108,0.0283203125,0.005587121212121212,0.02273319128787879
MLP,6,0.75,1.0,crp_dataset_8_1_3.csv|crp_dataset_8_1_5.csv|crp_dataset_8_1_6.csv|crp_dataset_8_1_7.csv|crp_dataset_8_1_2.csv|crp_dataset_8_1_1.csv,crp_dataset_8_1_4.csv,0.6152401,0.91304347825293,0.8015267175511335,105,10,26,115,0.023046875,0.0023913043478260873,0.020655570652173914
MLP,6,0.75,1.0,crp_dataset_8_1_3.csv|crp_dataset_8_1_5.csv|crp_dataset_8_1_6.csv|crp_dataset_8_1_7.csv|crp_dataset_8_1_2.csv|crp_dataset_8_1_1.csv,crp_dataset_8_1_8.csv,0.6152401,0.7820512820412557,0.4420289855040433,61,17,77,101,0.0283203125,0.005769230769230768,0.02255108173076923
MLP,6,0.75,1.0,crp_dataset_8_1_3.csv|crp_dataset_8_1_5.csv|crp_dataset_8_1_6.csv|crp_dataset_8_1_7.csv|crp_dataset_8_1_2.csv|crp_dataset_8_1_8.csv,crp_dataset_8_1_4.csv,0.66963816,0.9067796610092645,0.816793893123536,107,11,24,114,0.023046875,0.002701271186440678,0.020345603813559324
MLP,6,0.75,1.0,crp_dataset_8_1_3.csv|crp_dataset_8_1_5.csv|crp_dataset_8_1_6.csv|crp_dataset_8_1_7.csv|crp_dataset_8_1_2.csv|crp_dataset_8_1_8.csv,crp_dataset_8_1_1.csv,0.66963816,0.9117647058689445,0.49206349205958677,62,6,64,124,0.0252685546875,0.002205882352941177,0.023062672334558824
MLP,6,0.75,1.0,crp_dataset_8_1_3.csv|crp_dataset_8_1_5.csv|crp_dataset_8_1_6.csv|crp_dataset_8_1_7.csv|crp_dataset_8_1_4.csv|crp_dataset_8_1_1.csv,crp_dataset_8_1_2.csv,0.76191217,0.8602150537541912,0.6722689075573759,80,13,39,124,0.039453125,0.004032258064516128,0.03542086693548387
MLP,6,0.75,1.0,crp_dataset_8_1_3.csv|crp_dataset_8_1_5.csv|crp_dataset_8_1_6.csv|crp_dataset_8_1_7.csv|crp_dataset_8_1_4.csv|crp_dataset_8_1_1.csv,crp_dataset_8_1_8.csv,0.76191217,0.783783783773192,0.42028985506941824,58,16,80,102,0.0283203125,0.0071790540540540545,0.021141258445945946
MLP,6,0.75,1.0,crp_dataset_8_1_3.csv|crp_dataset_8_1_5.csv|crp_dataset_8_1_6.csv|crp_dataset_8_1_7.csv|crp_dataset_8_1_4.csv|crp_dataset_8_1_8.csv,crp_dataset_8_1_2.csv,0.68222237,0.8210526315703047,0.6554621848684414,78,17,41,120,0.039453125,0.004276315789473683,0.035176809210526315
MLP,6,0.75,1.0,crp_dataset_8_1_3.csv|crp_dataset_8_1_5.csv|crp_dataset_8_1_6.csv|crp_dataset_8_1_7.csv|crp_dataset_8_1_4.csv|crp_dataset_8_1_8.csv,crp_dataset_8_1_1.csv,0.68222237,0.9482758620526159,0.43650793650447217,55,3,71,127,0.0252685546875,0.0009698275862068964,0.024298727101293105
MLP,6,0.75,1.0,crp_dataset_8_1_3.csv|crp_dataset_8_1_5.csv|crp_dataset_8_1_6.csv|crp_dataset_8_1_7.csv|crp_dataset_8_1_1.csv|crp_dataset_8_1_8.csv,crp_dataset_8_1_2.csv,0.6207496,0.7809523809449432,0.6890756302463102,82,23,37,114,0.039453125,0.009345238095238096,0.030107886904761905
MLP,6,0.75,1.0,crp_dataset_8_1_3.csv|crp_dataset_8_1_5.csv|crp_dataset_8_1_6.csv|crp_dataset_8_1_7.csv|crp_dataset_8_1_1.csv|crp_dataset_8_1_8.csv,crp_dataset_8_1_4.csv,0.6207496,0.8461538461473374,0.8396946564821398,110,20,21,105,0.023046875,0.007211538461538463,0.015835336538461538
MLP,6,0.75,1.0,crp_dataset_8_1_3.csv|crp_dataset_8_1_5.csv|crp_dataset_8_1_6.csv|crp_dataset_8_1_2.csv|crp_dataset_8_1_4.csv|crp_dataset_8_1_1.csv,crp_dataset_8_1_7.csv,0.7096231,0.9719626168178881,0.945454545450248,208,6,12,30,0.0095703125,0.0007885514018691589,0.008781761098130841
MLP,6,0.75,1.0,crp_dataset_8_1_3.csv|crp_dataset_8_1_5.csv|crp_dataset_8_1_6.csv|crp_dataset_8_1_2.csv|crp_dataset_8_1_4.csv|crp_dataset_8_1_1.csv,crp_dataset_8_1_8.csv,0.7096231,0.7605633802709779,0.39130434782325146,54,17,84,101,0.0283203125,0.006338028169014084,0.021982284330985917
MLP,6,0.75,1.0,crp_dataset_8_1_3.csv|crp_dataset_8_1_5.csv|crp_dataset_8_1_6.csv|crp_dataset_8_1_2.csv|crp_dataset_8_1_4.csv|crp_dataset_8_1_8.csv,crp_dataset_8_1_7.csv,0.60170937,0.9517543859607379,0.9863636363591529,217,11,3,25,0.0095703125,0.0013980263157894737,0.008172286184210526
MLP,6,0.75,1.0,crp_dataset_8_1_3.csv|crp_dataset_8_1_5.csv|crp_dataset_8_1_6.csv|crp_dataset_8_1_2.csv|crp_dataset_8_1_4.csv|crp_dataset_8_1_8.csv,crp_dataset_8_1_1.csv,0.60170937,0.8906249999860839,0.45238095237736203,57,7,69,123,0.0252685546875,0.00302734375,0.0222412109375
MLP,6,0.75,1.0,crp_dataset_8_1_3.csv|crp_dataset_8_1_5.csv|crp_dataset_8_1_6.csv|crp_dataset_8_1_2.csv|crp_dataset_8_1_1.csv|crp_dataset_8_1_8.csv,crp_dataset_8_1_7.csv,0.61459184,0.9243697478952758,0.9999999999954546,220,18,0,18,0.0095703125,0.0033613445378151263,0.0062089679621848744
MLP,6,0.75,1.0,crp_dataset_8_1_3.csv|crp_dataset_8_1_5.csv|crp_dataset_8_1_6.csv|crp_dataset_8_1_2.csv|crp_dataset_8_1_1.csv|crp_dataset_8_1_8.csv,crp_dataset_8_1_4.csv,0.61459184,0.9152542372803791,0.8244274809097373,108,10,23,115,0.023046875,0.002807203389830509,0.020239671610169492
MLP,6,0.75,1.0,crp_dataset_8_1_3.csv|crp_dataset_8_1_5.csv|crp_dataset_8_1_6.csv|crp_dataset_8_1_4.csv|crp_dataset_8_1_1.csv|crp_dataset_8_1_8.csv,crp_dataset_8_1_7.csv,0.65272665,0.935622317592551,0.9909090909045868,218,15,2,21,0.0095703125,0.0030042918454935624,0.006566020654506438
MLP,6,0.75,1.0,crp_dataset_8_1_3.csv|crp_dataset_8_1_5.csv|crp_dataset_8_1_6.csv|crp_dataset_8_1_4.csv|crp_dataset_8_1_1.csv|crp_dataset_8_1_8.csv,crp_dataset_8_1_2.csv,0.65272665,0.816326530603915,0.6722689075573759,80,18,39,119,0.039453125,0.00510204081632653,0.03435108418367347
MLP,6,0.75,1.0,crp_dataset_8_1_3.csv|crp_dataset_8_1_5.csv|crp_dataset_8_1_7.csv|crp_dataset_8_1_2.csv|crp_dataset_8_1_4.csv|crp_dataset_8_1_1.csv,crp_dataset_8_1_6.csv,0.61221886,0.8532110091664843,0.6642857142809694,93,16,47,100,0.026928710937499996,0.006938073394495412,0.019990637543004584
MLP,6,0.75,1.0,crp_dataset_8_1_3.csv|crp_dataset_8_1_5.csv|crp_dataset_8_1_7.csv|crp_dataset_8_1_2.csv|crp_dataset_8_1_4.csv|crp_dataset_8_1_1.csv,crp_dataset_8_1_8.csv,0.61221886,0.753086419743789,0.4420289855040433,61,20,77,98,0.0283203125,0.007253086419753085,0.021067226080246915
MLP,6,0.75,1.0,crp_dataset_8_1_3.csv|crp_dataset_8_1_5.csv|crp_dataset_8_1_7.csv|crp_dataset_8_1_2.csv|crp_dataset_8_1_4.csv|crp_dataset_8_1_8.csv,crp_dataset_8_1_6.csv,0.7863657,0.9493670885955776,0.5357142857104592,75,4,65,112,0.026928710937499996,0.0023734177215189874,0.02455529321598101
MLP,6,0.75,1.0,crp_dataset_8_1_3.csv|crp_dataset_8_1_5.csv|crp_dataset_8_1_7.csv|crp_dataset_8_1_2.csv|crp_dataset_8_1_4.csv|crp_dataset_8_1_8.csv,crp_dataset_8_1_1.csv,0.7863657,0.9508196721155604,0.460317460313807,58,3,68,127,0.0252685546875,0.0010245901639344263,0.024243964523565573
MLP,6,0.75,1.0,crp_dataset_8_1_3.csv|crp_dataset_8_1_5.csv|crp_dataset_8_1_7.csv|crp_dataset_8_1_2.csv|crp_dataset_8_1_1.csv|crp_dataset_8_1_8.csv,crp_dataset_8_1_6.csv,0.63706654,0.8888888888806584,0.6857142857093879,96,12,44,104,0.026928710937499996,0.006018518518518519,0.020910192418981476
MLP,6,0.75,1.0,crp_dataset_8_1_3.csv|crp_dataset_8_1_5.csv|crp_dataset_8_1_7.csv|crp_dataset_8_1_2.csv|crp_dataset_8_1_1.csv|crp_dataset_8_1_8.csv,crp_dataset_8_1_4.csv,0.63706654,0.91304347825293,0.8015267175511335,105,10,26,115,0.023046875,0.002771739130434783,0.020275135869565218
MLP,6,0.75,1.0,crp_dataset_8_1_3.csv|crp_dataset_8_1_5.csv|crp_dataset_8_1_7.csv|crp_dataset_8_1_4.csv|crp_dataset_8_1_1.csv|crp_dataset_8_1_8.csv,crp_dataset_8_1_6.csv,0.61003083,0.9361702127559981,0.6285714285669388,88,6,52,110,0.026928710937499996,0.00425531914893617,0.022673391788563826
MLP,6,0.75,1.0,crp_dataset_8_1_3.csv|crp_dataset_8_1_5.csv|crp_dataset_8_1_7.csv|crp_dataset_8_1_4.csv|crp_dataset_8_1_1.csv|crp_dataset_8_1_8.csv,crp_dataset_8_1_2.csv,0.61003083,0.8144329896823254,0.6638655462129087,79,18,40,119,0.039453125,0.00586340206185567,0.03358972293814433
MLP,6,0.75,1.0,crp_dataset_8_1_3.csv|crp_dataset_8_1_5.csv|crp_dataset_8_1_2.csv|crp_dataset_8_1_4.csv|crp_dataset_8_1_1.csv|crp_dataset_8_1_8.csv,crp_dataset_8_1_6.csv,0.6025494,0.9009900990009803,0.6499999999953572,91,10,49,106,0.026928710937499996,0.0048267326732673276,0.02210197826423267
MLP,6,0.75,1.0,crp_dataset_8_1_3.csv|crp_dataset_8_1_5.csv|crp_dataset_8_1_2.csv|crp_dataset_8_1_4.csv|crp_dataset_8_1_1.csv|crp_dataset_8_1_8.csv,crp_dataset_8_1_7.csv,0.6025494,0.948051948047844,0.9954545454500207,219,12,1,24,0.0095703125,0.0025432900432900427,0.007027022456709958
MLP,6,0.75,1.0,crp_dataset_8_1_3.csv|crp_dataset_8_1_6.csv|crp_dataset_8_1_7.csv|crp_dataset_8_1_2.csv|crp_dataset_8_1_4.csv|crp_dataset_8_1_1.csv,crp_dataset_8_1_5.csv,0.62231874,0.7777777777699214,0.7699999999923,77,22,23,134,0.039282226562499994,0.006881313131313132,0.03240091343118686
MLP,6,0.75,1.0,crp_dataset_8_1_3.csv|crp_dataset_8_1_6.csv|crp_dataset_8_1_7.csv|crp_dataset_8_1_2.csv|crp_dataset_8_1_4.csv|crp_dataset_8_1_1.csv,crp_dataset_8_1_8.csv,0.62231874,0.7261904761818311,0.4420289855040433,61,23,77,95,0.0283203125,0.009449404761904761,0.018870907738095237
MLP,6,0.75,1.0,crp_dataset_8_1_3.csv|crp_dataset_8_1_6.csv|crp_dataset_8_1_7.csv|crp_dataset_8_1_2.csv|crp_dataset_8_1_4.csv|crp_dataset_8_1_8.csv,crp_dataset_8_1_5.csv,0.7375523,0.8795180722785599,0.7299999999926999,73,10,27,146,0.039282226562499994,0.0036897590361445786,0.03559246752635541
MLP,6,0.75,1.0,crp_dataset_8_1_3.csv|crp_dataset_8_1_6.csv|crp_dataset_8_1_7.csv|crp_dataset_8_1_2.csv|crp_dataset_8_1_4.csv|crp_dataset_8_1_8.csv,crp_dataset_8_1_1.csv,0.7375523,0.9666666666505556,0.460317460313807,58,2,68,128,0.0252685546875,0.0007291666666666666,0.024539388020833334
MLP,6,0.75,1.0,crp_dataset_8_1_3.csv|crp_dataset_8_1_6.csv|crp_dataset_8_1_7.csv|crp_dataset_8_1_2.csv|crp_dataset_8_1_1.csv|crp_dataset_8_1_8.csv,crp_dataset_8_1_5.csv,0.71146977,0.8961038960922584,0.6899999999931,69,8,31,148,0.039282226562499994,0.003084415584415584,0.03619781097808441
MLP,6,0.75,1.0,crp_dataset_8_1_3.csv|crp_dataset_8_1_6.csv|crp_dataset_8_1_7.csv|crp_dataset_8_1_2.csv|crp_dataset_8_1_1.csv|crp_dataset_8_1_8.csv,crp_dataset_8_1_4.csv,0.71146977,0.9259259259173525,0.7633587786201271,100,8,31,117,0.023046875,0.0017939814814814815,0.02125289351851852
MLP,6,0.75,1.0,crp_dataset_8_1_3.csv|crp_dataset_8_1_6.csv|crp_dataset_8_1_7.csv|crp_dataset_8_1_4.csv|crp_dataset_8_1_1.csv|crp_dataset_8_1_8.csv,crp_dataset_8_1_5.csv,0.625218,0.7999999999915789,0.7599999999924,76,19,24,137,0.039282226562499994,0.005592105263157895,0.033690121299342096
MLP,6,0.75,1.0,crp_dataset_8_1_3.csv|crp_dataset_8_1_6.csv|crp_dataset_8_1_7.csv|crp_dataset_8_1_4.csv|crp_dataset_8_1_1.csv|crp_dataset_8_1_8.csv,crp_dataset_8_1_2.csv,0.625218,0.8019801980118616,0.6806722689018431,81,20,38,117,0.039453125,0.005754950495049504,0.033698174504950495
MLP,6,0.75,1.0,crp_dataset_8_1_3.csv|crp_dataset_8_1_6.csv|crp_dataset_8_1_2.csv|crp_dataset_8_1_4.csv|crp_dataset_8_1_1.csv|crp_dataset_8_1_8.csv,crp_dataset_8_1_5.csv,0.700635,0.8372093023158463,0.7199999999928,72,14,28,142,0.039282226562499994,0.004651162790697674,0.03463106377180232
MLP,6,0.75,1.0,crp_dataset_8_1_3.csv|crp_dataset_8_1_6.csv|crp_dataset_8_1_2.csv|crp_dataset_8_1_4.csv|crp_dataset_8_1_1.csv|crp_dataset_8_1_8.csv,crp_dataset_8_1_7.csv,0.700635,0.9563318777250815,0.9954545454500207,219,10,1,26,0.0095703125,0.0013646288209606986,0.008205683679039302
MLP,6,0.75,1.0,crp_dataset_8_1_3.csv|crp_dataset_8_1_7.csv|crp_dataset_8_1_2.csv|crp_dataset_8_1_4.csv|crp_dataset_8_1_1.csv|crp_dataset_8_1_8.csv,crp_dataset_8_1_5.csv,0.6092956,0.8539325842600681,0.7599999999924,76,13,24,143,0.039282226562499994,0.0044241573033707874,0.03485806925912921
MLP,6,0.75,1.0,crp_dataset_8_1_3.csv|crp_dataset_8_1_7.csv|crp_dataset_8_1_2.csv|crp_dataset_8_1_4.csv|crp_dataset_8_1_1.csv|crp_dataset_8_1_8.csv,crp_dataset_8_1_6.csv,0.6092956,0.949999999988125,0.5428571428532654,76,4,64,112,0.026928710937499996,0.00140625,0.025522460937499995
MLP,6,0.75,1.0,crp_dataset_8_1_5.csv|crp_dataset_8_1_6.csv|crp_dataset_8_1_7.csv|crp_dataset_8_1_2.csv|crp_dataset_8_1_4.csv|crp_dataset_8_1_1.csv,crp_dataset_8_1_3.csv,0.72033054,0.9487179487098399,0.6416184971061178,111,6,62,77,0.0196044921875,0.0016025641025641025,0.018001928084935895
MLP,6,0.75,1.0,crp_dataset_8_1_5.csv|crp_dataset_8_1_6.csv|crp_dataset_8_1_7.csv|crp_dataset_8_1_2.csv|crp_dataset_8_1_4.csv|crp_dataset_8_1_1.csv,crp_dataset_8_1_8.csv,0.72033054,0.797297297286523,0.4275362318809599,59,15,79,103,0.0283203125,0.005236486486486487,0.02308382601351351
MLP,6,0.75,1.0,crp_dataset_8_1_5.csv|crp_dataset_8_1_6.csv|crp_dataset_8_1_7.csv|crp_dataset_8_1_2.csv|crp_dataset_8_1_4.csv|crp_dataset_8_1_8.csv,crp_dataset_8_1_3.csv,0.6477501,0.9310344827505945,0.6242774566437903,108,8,65,75,0.0196044921875,0.0024784482758620687,0.017126043911637932
MLP,6,0.75,1.0,crp_dataset_8_1_5.csv|crp_dataset_8_1_6.csv|crp_dataset_8_1_7.csv|crp_dataset_8_1_2.csv|crp_dataset_8_1_4.csv|crp_dataset_8_1_8.csv,crp_dataset_8_1_1.csv,0.6477501,0.9523809523658353,0.4761904761866969,60,3,66,127,0.0252685546875,0.0008928571428571427,0.024375697544642857
MLP,6,0.75,1.0,crp_dataset_8_1_5.csv|crp_dataset_8_1_6.csv|crp_dataset_8_1_7.csv|crp_dataset_8_1_2.csv|crp_dataset_8_1_1.csv|crp_dataset_8_1_8.csv,crp_dataset_8_1_3.csv,0.63854843,0.9478260869482797,0.6300578034645662,109,6,64,77,0.0196044921875,0.0015217391304347826,0.018082753057065217
MLP,6,0.75,1.0,crp_dataset_8_1_5.csv|crp_dataset_8_1_6.csv|crp_dataset_8_1_7.csv|crp_dataset_8_1_2.csv|crp_dataset_8_1_1.csv|crp_dataset_8_1_8.csv,crp_dataset_8_1_4.csv,0.63854843,0.9224137930954964,0.816793893123536,107,9,24,116,0.023046875,0.003232758620689655,0.019814116379310347
MLP,6,0.75,1.0,crp_dataset_8_1_5.csv|crp_dataset_8_1_6.csv|crp_dataset_8_1_7.csv|crp_dataset_8_1_4.csv|crp_dataset_8_1_1.csv|crp_dataset_8_1_8.csv,crp_dataset_8_1_3.csv,0.64410675,0.9565217391221171,0.635838150285342,110,5,63,78,0.0196044921875,0.001141304347826087,0.018463187839673913
MLP,6,0.75,1.0,crp_dataset_8_1_5.csv|crp_dataset_8_1_6.csv|crp_dataset_8_1_7.csv|crp_dataset_8_1_4.csv|crp_dataset_8_1_1.csv|crp_dataset_8_1_8.csv,crp_dataset_8_1_2.csv,0.64410675,0.8144329896823254,0.6638655462129087,79,18,40,119,0.039453125,0.0050902061855670104,0.034362918814432986
MLP,6,0.75,1.0,crp_dataset_8_1_5.csv|crp_dataset_8_1_6.csv|crp_dataset_8_1_2.csv|crp_dataset_8_1_4.csv|crp_dataset_8_1_1.csv|crp_dataset_8_1_8.csv,crp_dataset_8_1_3.csv,0.6142072,0.954128440358219,0.601156069360687,104,5,69,78,0.0196044921875,0.0016055045871559632,0.017998987600344036
MLP,6,0.75,1.0,crp_dataset_8_1_5.csv|crp_dataset_8_1_6.csv|crp_dataset_8_1_2.csv|crp_dataset_8_1_4.csv|crp_dataset_8_1_1.csv|crp_dataset_8_1_8.csv,crp_dataset_8_1_7.csv,0.6142072,0.9563318777250815,0.9954545454500207,219,10,1,26,0.0095703125,0.0014192139737991265,0.008151098526200874
MLP,6,0.75,1.0,crp_dataset_8_1_5.csv|crp_dataset_8_1_7.csv|crp_dataset_8_1_2.csv|crp_dataset_8_1_4.csv|crp_dataset_8_1_1.csv|crp_dataset_8_1_8.csv,crp_dataset_8_1_3.csv,0.7030603,0.9385964912198368,0.6184971098230145,107,7,66,76,0.0196044921875,0.0030701754385964912,0.01653431674890351
MLP,6,0.75,1.0,crp_dataset_8_1_5.csv|crp_dataset_8_1_7.csv|crp_dataset_8_1_2.csv|crp_dataset_8_1_4.csv|crp_dataset_8_1_1.csv|crp_dataset_8_1_8.csv,crp_dataset_8_1_6.csv,0.7030603,0.9733333333203555,0.521428571424847,73,2,67,114,0.026928710937499996,0.0009166666666666668,0.02601204427083333
MLP,6,0.75,1.0,crp_dataset_8_1_6.csv|crp_dataset_8_1_7.csv|crp_dataset_8_1_2.csv|crp_dataset_8_1_4.csv|crp_dataset_8_1_1.csv|crp_dataset_8_1_8.csv,crp_dataset_8_1_3.csv,0.66380197,0.9322033898226084,0.635838150285342,110,8,63,75,0.0196044921875,0.002966101694915254,0.016638390492584747
MLP,6,0.75,1.0,crp_dataset_8_1_6.csv|crp_dataset_8_1_7.csv|crp_dataset_8_1_2.csv|crp_dataset_8_1_4.csv|crp_dataset_8_1_1.csv|crp_dataset_8_1_8.csv,crp_dataset_8_1_5.csv,0.66380197,0.8837209302222823,0.7599999999924,76,10,24,146,0.039282226562499994,0.003343023255813954,0.03593920330668604
MLP,7,0.75,1.0,crp_dataset_8_1_3.csv|crp_dataset_8_1_5.csv|crp_dataset_8_1_6.csv|crp_dataset_8_1_7.csv|crp_dataset_8_1_2.csv|crp_dataset_8_1_4.csv|crp_dataset_8_1_1.csv,crp_dataset_8_1_8.csv,0.7165657,0.8472222222104552,0.4420289855040433,61,11,77,107,0.0283203125,0.004774305555555556,0.023546006944444444
MLP,7,0.75,1.0,crp_dataset_8_1_3.csv|crp_dataset_8_1_5.csv|crp_dataset_8_1_6.csv|crp_dataset_8_1_7.csv|crp_dataset_8_1_2.csv|crp_dataset_8_1_4.csv|crp_dataset_8_1_8.csv,crp_dataset_8_1_1.csv,0.69250804,0.9499999999841667,0.45238095237736203,57,3,69,127,0.0252685546875,0.0010416666666666667,0.024226888020833334
MLP,7,0.75,1.0,crp_dataset_8_1_3.csv|crp_dataset_8_1_5.csv|crp_dataset_8_1_6.csv|crp_dataset_8_1_7.csv|crp_dataset_8_1_2.csv|crp_dataset_8_1_1.csv|crp_dataset_8_1_8.csv,crp_dataset_8_1_4.csv,0.6526404,0.9203539822927402,0.7938931297649322,104,9,27,116,0.023046875,0.0025442477876106194,0.020502627212389383
MLP,7,0.75,1.0,crp_dataset_8_1_3.csv|crp_dataset_8_1_5.csv|crp_dataset_8_1_6.csv|crp_dataset_8_1_7.csv|crp_dataset_8_1_4.csv|crp_dataset_8_1_1.csv|crp_dataset_8_1_8.csv,crp_dataset_8_1_2.csv,0.63602227,0.8282828282744618,0.6890756302463102,82,17,37,120,0.039453125,0.0046717171717171714,0.034781407828282825
MLP,7,0.75,1.0,crp_dataset_8_1_3.csv|crp_dataset_8_1_5.csv|crp_dataset_8_1_6.csv|crp_dataset_8_1_2.csv|crp_dataset_8_1_4.csv|crp_dataset_8_1_1.csv|crp_dataset_8_1_8.csv,crp_dataset_8_1_7.csv,0.7167652,0.9471365638724796,0.9772727272682852,215,12,5,24,0.0095703125,0.0017621145374449342,0.007808197962555066
MLP,7,0.75,1.0,crp_dataset_8_1_3.csv|crp_dataset_8_1_5.csv|crp_dataset_8_1_7.csv|crp_dataset_8_1_2.csv|crp_dataset_8_1_4.csv|crp_dataset_8_1_1.csv|crp_dataset_8_1_8.csv,crp_dataset_8_1_6.csv,0.69359225,0.9072164948360081,0.6285714285669388,88,9,52,107,0.026928710937499996,0.0039304123711340205,0.022998298566365975
MLP,7,0.75,1.0,crp_dataset_8_1_3.csv|crp_dataset_8_1_6.csv|crp_dataset_8_1_7.csv|crp_dataset_8_1_2.csv|crp_dataset_8_1_4.csv|crp_dataset_8_1_1.csv|crp_dataset_8_1_8.csv,crp_dataset_8_1_5.csv,0.771106,0.8780487804770969,0.7199999999928,72,10,28,146,0.039282226562499994,0.003429878048780488,0.035852348513719504
MLP,7,0.75,1.0,crp_dataset_8_1_5.csv|crp_dataset_8_1_6.csv|crp_dataset_8_1_7.csv|crp_dataset_8_1_2.csv|crp_dataset_8_1_4.csv|crp_dataset_8_1_1.csv|crp_dataset_8_1_8.csv,crp_dataset_8_1_3.csv,0.78683025,0.9568965517158888,0.6416184971061178,111,5,62,78,0.0196044921875,0.0008081896551724138,0.018796302532327586
