model,k_train_datasets,train_pct,test_pct,train_set,test_dataset,best_threshold,precision,recall,TP,FP,FN,TN,old_ber,new_ber,ber_reduction
MLP,1,0.1,1.0,crp_dataset_8_1_3.csv,crp_dataset_8_1_2.csv,0.5,0.5714285714231292,0.504201680668032,60,45,59,92,0.039453125,0.029583333333333336,0.009869791666666662
MLP,1,0.1,1.0,crp_dataset_8_1_3.csv,crp_dataset_8_1_5.csv,0.5,0.44881889763426125,0.5699999999943,57,70,43,86,0.039282226562499994,0.03508858267716535,0.004193643885334643
MLP,1,0.1,1.0,crp_dataset_8_1_3.csv,crp_dataset_8_1_7.csv,0.5,0.8962962962896571,0.5499999999975,121,14,99,22,0.0095703125,0.006805555555555557,0.002764756944444444
MLP,1,0.1,1.0,crp_dataset_8_1_3.csv,crp_dataset_8_1_8.csv,0.5,0.48175182481400186,0.4782608695617518,66,71,72,47,0.0283203125,0.03298357664233577,-0.0046632641423357685
MLP,1,0.1,1.0,crp_dataset_8_1_3.csv,crp_dataset_8_1_4.csv,0.5,0.5902777777736786,0.648854961827108,85,59,46,66,0.023046875,0.019270833333333334,0.003776041666666667
MLP,1,0.1,1.0,crp_dataset_8_1_3.csv,crp_dataset_8_1_6.csv,0.5,0.6521739130378071,0.5357142857104592,75,40,65,76,0.026928710937499996,0.01989130434782609,0.0070374065896739064
MLP,1,0.1,1.0,crp_dataset_8_1_3.csv,crp_dataset_8_1_1.csv,0.5,0.5363636363587603,0.46825396825025195,59,51,67,79,0.0252685546875,0.022386363636363635,0.002882191051136365
MLP,1,0.1,1.0,crp_dataset_8_1_2.csv,crp_dataset_8_1_3.csv,0.5,0.705882352899654,0.06936416184931003,12,5,161,78,0.0196044921875,0.015073529411764708,0.0045309627757352915
MLP,1,0.1,1.0,crp_dataset_8_1_2.csv,crp_dataset_8_1_5.csv,0.5,0.79999999992,0.0799999999992,8,2,92,154,0.039282226562499994,0.010625,0.028657226562499992
MLP,1,0.1,1.0,crp_dataset_8_1_2.csv,crp_dataset_8_1_7.csv,0.5,0.89999999991,0.04090909090890496,9,1,211,35,0.0095703125,0.010624999999999999,-0.0010546874999999983
MLP,1,0.1,1.0,crp_dataset_8_1_2.csv,crp_dataset_8_1_8.csv,0.5,0.4285714285408163,0.04347826086925016,6,8,132,110,0.0283203125,0.03794642857142857,-0.009626116071428568
MLP,1,0.1,1.0,crp_dataset_8_1_2.csv,crp_dataset_8_1_4.csv,0.5,0.624999999921875,0.038167938931006354,5,3,126,122,0.023046875,0.0140625,0.008984375000000001
MLP,1,0.1,1.0,crp_dataset_8_1_2.csv,crp_dataset_8_1_6.csv,0.5,0.7499999998125,0.02142857142841837,3,1,137,115,0.026928710937499996,0.009375,0.017553710937499994
MLP,1,0.1,1.0,crp_dataset_8_1_2.csv,crp_dataset_8_1_1.csv,0.5,0.45454545450413225,0.03968253968222474,5,6,121,124,0.0252685546875,0.019886363636363636,0.005382191051136364
MLP,1,0.1,1.0,crp_dataset_8_1_5.csv,crp_dataset_8_1_3.csv,0.5,0.0,0.0,0,0,173,83,0.0196044921875,,
MLP,1,0.1,1.0,crp_dataset_8_1_5.csv,crp_dataset_8_1_2.csv,0.5,0.0,0.0,0,0,119,137,0.039453125,,
MLP,1,0.1,1.0,crp_dataset_8_1_5.csv,crp_dataset_8_1_7.csv,0.5,0.9999999995,0.00909090909086777,2,0,218,36,0.0095703125,0.0,0.0095703125
MLP,1,0.1,1.0,crp_dataset_8_1_5.csv,crp_dataset_8_1_8.csv,0.5,0.0,0.0,0,0,138,118,0.0283203125,,
MLP,1,0.1,1.0,crp_dataset_8_1_5.csv,crp_dataset_8_1_4.csv,0.5,0.0,0.0,0,0,131,125,0.023046875,,
MLP,1,0.1,1.0,crp_dataset_8_1_5.csv,crp_dataset_8_1_6.csv,0.5,0.0,0.0,0,0,140,116,0.026928710937499996,,
MLP,1,0.1,1.0,crp_dataset_8_1_5.csv,crp_dataset_8_1_1.csv,0.5,0.49999999975,0.007936507936444948,1,1,125,129,0.0252685546875,0.0125,0.0127685546875
MLP,1,0.1,1.0,crp_dataset_8_1_7.csv,crp_dataset_8_1_3.csv,0.8692702054977417,0.7088607594891845,0.6473988439268937,112,46,61,37,0.0196044921875,0.01934335443037975,0.00026113775712025
MLP,1,0.1,1.0,crp_dataset_8_1_7.csv,crp_dataset_8_1_2.csv,0.8692702054977417,0.48502994011685613,0.6806722689018431,81,86,38,51,0.039453125,0.03521706586826348,0.004236059131736518
MLP,1,0.1,1.0,crp_dataset_8_1_7.csv,crp_dataset_8_1_5.csv,0.8692702054977417,0.38709677419105104,0.599999999994,60,95,40,61,0.039282226562499994,0.0392741935483871,8.03301411289592e-06
MLP,1,0.1,1.0,crp_dataset_8_1_7.csv,crp_dataset_8_1_8.csv,0.8692702054977417,0.5151515151483931,0.615942028981044,85,80,53,38,0.0283203125,0.030151515151515155,-0.0018312026515151549
MLP,1,0.1,1.0,crp_dataset_8_1_7.csv,crp_dataset_8_1_4.csv,0.8692702054977417,0.5165562913873076,0.5954198473236991,78,73,53,52,0.023046875,0.022392384105960263,0.0006544908940397387
MLP,1,0.1,1.0,crp_dataset_8_1_7.csv,crp_dataset_8_1_6.csv,0.8692702054977417,0.581081081077155,0.6142857142813266,86,62,54,54,0.026928710937499996,0.025971283783783782,0.0009574271537162136
MLP,1,0.1,1.0,crp_dataset_8_1_7.csv,crp_dataset_8_1_1.csv,0.8692702054977417,0.5100671140905365,0.6031746031698161,76,73,50,57,0.0252685546875,0.024958053691275166,0.00031050099622483354
MLP,1,0.1,1.0,crp_dataset_8_1_8.csv,crp_dataset_8_1_3.csv,0.6602393388748169,0.6206896551510107,0.10404624277396506,18,11,155,72,0.0196044921875,0.03017241379310345,-0.01056792160560345
MLP,1,0.1,1.0,crp_dataset_8_1_8.csv,crp_dataset_8_1_2.csv,0.6602393388748169,0.4634146341350387,0.15966386554487677,19,22,100,115,0.039453125,0.04435975609756098,-0.004906631097560982
MLP,1,0.1,1.0,crp_dataset_8_1_8.csv,crp_dataset_8_1_5.csv,0.6602393388748169,0.43478260867674856,0.099999999999,10,13,90,143,0.039282226562499994,0.027989130434782607,0.011293096127717388
MLP,1,0.1,1.0,crp_dataset_8_1_8.csv,crp_dataset_8_1_7.csv,0.6602393388748169,0.7804878048590126,0.1454545454538843,32,9,188,27,0.0095703125,0.01524390243902439,-0.005673589939024389
MLP,1,0.1,1.0,crp_dataset_8_1_8.csv,crp_dataset_8_1_4.csv,0.6602393388748169,0.38235294116522495,0.09923664122061653,13,21,118,104,0.023046875,0.027941176470588233,-0.004894301470588232
MLP,1,0.1,1.0,crp_dataset_8_1_8.csv,crp_dataset_8_1_6.csv,0.6602393388748169,0.558139534870741,0.17142857142734697,24,19,116,97,0.026928710937499996,0.02340116279069767,0.0035275481468023256
MLP,1,0.1,1.0,crp_dataset_8_1_8.csv,crp_dataset_8_1_1.csv,0.6602393388748169,0.3636363636253444,0.09523809523733938,12,21,114,109,0.0252685546875,0.028787878787878786,-0.003519324100378786
MLP,1,0.1,1.0,crp_dataset_8_1_4.csv,crp_dataset_8_1_3.csv,0.5,0.7364864864815103,0.6300578034645662,109,39,64,44,0.0196044921875,0.01583614864864865,0.0037683435388513493
MLP,1,0.1,1.0,crp_dataset_8_1_4.csv,crp_dataset_8_1_2.csv,0.5,0.5537190082598866,0.5630252100793023,67,54,52,83,0.039453125,0.02871900826446281,0.010734116735537189
MLP,1,0.1,1.0,crp_dataset_8_1_4.csv,crp_dataset_8_1_5.csv,0.5,0.4409937888171367,0.7099999999929,71,90,29,66,0.039282226562499994,0.03656832298136646,0.002713903581133534
MLP,1,0.1,1.0,crp_dataset_8_1_4.csv,crp_dataset_8_1_7.csv,0.5,0.901515151508322,0.5409090909066323,119,13,101,23,0.0095703125,0.006628787878787879,0.0029415246212121217
MLP,1,0.1,1.0,crp_dataset_8_1_4.csv,crp_dataset_8_1_8.csv,0.5,0.5167785234864646,0.5579710144887104,77,72,61,46,0.0283203125,0.03074664429530202,-0.002426331795302019
MLP,1,0.1,1.0,crp_dataset_8_1_4.csv,crp_dataset_8_1_6.csv,0.5,0.6991869918642343,0.6142857142813266,86,37,54,79,0.026928710937499996,0.017378048780487803,0.009550662157012193
MLP,1,0.1,1.0,crp_dataset_8_1_4.csv,crp_dataset_8_1_1.csv,0.5,0.5396825396782565,0.5396825396782565,68,58,58,72,0.0252685546875,0.022668650793650796,0.0025999038938492036
MLP,1,0.1,1.0,crp_dataset_8_1_6.csv,crp_dataset_8_1_3.csv,0.7128565311431885,0.7586206896290131,0.1271676300570684,22,7,151,76,0.0196044921875,0.012499999999999999,0.0071044921875
MLP,1,0.1,1.0,crp_dataset_8_1_6.csv,crp_dataset_8_1_2.csv,0.7128565311431885,0.59999999996,0.07563025210020478,9,6,110,131,0.039453125,0.013333333333333336,0.026119791666666663
MLP,1,0.1,1.0,crp_dataset_8_1_6.csv,crp_dataset_8_1_5.csv,0.7128565311431885,0.3157894736759003,0.1199999999988,12,26,88,130,0.039282226562499994,0.042598684210526316,-0.003316457648026322
MLP,1,0.1,1.0,crp_dataset_8_1_6.csv,crp_dataset_8_1_7.csv,0.7128565311431885,0.9999999999166667,0.054545454545206616,12,0,208,36,0.0095703125,0.0,0.0095703125
MLP,1,0.1,1.0,crp_dataset_8_1_6.csv,crp_dataset_8_1_8.csv,0.7128565311431885,0.5238095237845805,0.07971014492695863,11,10,127,108,0.0283203125,0.033928571428571426,-0.005608258928571426
MLP,1,0.1,1.0,crp_dataset_8_1_6.csv,crp_dataset_8_1_4.csv,0.7128565311431885,0.6511627906825311,0.2137404580136356,28,15,103,110,0.023046875,0.0126453488372093,0.0104015261627907
MLP,1,0.1,1.0,crp_dataset_8_1_6.csv,crp_dataset_8_1_1.csv,0.7128565311431885,0.5555555555401235,0.15873015872889895,20,16,106,114,0.0252685546875,0.016493055555555556,0.008775499131944444
MLP,1,0.1,1.0,crp_dataset_8_1_1.csv,crp_dataset_8_1_3.csv,0.6842919588088989,0.0,0.0,0,0,173,83,0.0196044921875,,
MLP,1,0.1,1.0,crp_dataset_8_1_1.csv,crp_dataset_8_1_2.csv,0.6842919588088989,0.9999999995,0.016806722688934395,2,0,117,137,0.039453125,0.003125,0.036328124999999996
MLP,1,0.1,1.0,crp_dataset_8_1_1.csv,crp_dataset_8_1_5.csv,0.6842919588088989,0.0,0.0,0,2,100,154,0.039282226562499994,0.0125,0.026782226562499994
MLP,1,0.1,1.0,crp_dataset_8_1_1.csv,crp_dataset_8_1_7.csv,0.6842919588088989,0.49999999975,0.004545454545433885,1,1,219,35,0.0095703125,0.03125,-0.0216796875
MLP,1,0.1,1.0,crp_dataset_8_1_1.csv,crp_dataset_8_1_8.csv,0.6842919588088989,0.3333333332222222,0.007246376811541694,1,2,137,116,0.0283203125,0.01875,0.0095703125
MLP,1,0.1,1.0,crp_dataset_8_1_1.csv,crp_dataset_8_1_4.csv,0.6842919588088989,0.9999999995,0.015267175572402541,2,0,129,125,0.023046875,0.0,0.023046875
MLP,1,0.1,1.0,crp_dataset_8_1_1.csv,crp_dataset_8_1_6.csv,0.6842919588088989,0.19999999996,0.007142857142806123,1,4,139,112,0.026928710937499996,0.0375,-0.010571289062500003
MLP,2,0.1,1.0,crp_dataset_8_1_3.csv|crp_dataset_8_1_2.csv,crp_dataset_8_1_5.csv,0.6254684925079346,0.44444444442798353,0.1199999999988,12,15,88,141,0.039282226562499994,0.02986111111111111,0.009421115451388885
MLP,2,0.1,1.0,crp_dataset_8_1_3.csv|crp_dataset_8_1_2.csv,crp_dataset_8_1_7.csv,0.6254684925079346,0.899999999955,0.08181818181780992,18,2,202,34,0.0095703125,0.008437499999999999,0.0011328125000000019
MLP,2,0.1,1.0,crp_dataset_8_1_3.csv|crp_dataset_8_1_2.csv,crp_dataset_8_1_8.csv,0.6254684925079346,0.5416666666440972,0.09420289855004202,13,11,125,107,0.0283203125,0.03229166666666666,-0.003971354166666663
MLP,2,0.1,1.0,crp_dataset_8_1_3.csv|crp_dataset_8_1_2.csv,crp_dataset_8_1_4.csv,0.6254684925079346,0.59999999997,0.09160305343441526,12,8,119,117,0.023046875,0.025625000000000002,-0.0025781250000000006
MLP,2,0.1,1.0,crp_dataset_8_1_3.csv|crp_dataset_8_1_2.csv,crp_dataset_8_1_6.csv,0.6254684925079346,0.6818181817871901,0.10714285714209185,15,7,125,109,0.026928710937499996,0.011647727272727275,0.015280983664772721
MLP,2,0.1,1.0,crp_dataset_8_1_3.csv|crp_dataset_8_1_2.csv,crp_dataset_8_1_1.csv,0.6254684925079346,0.749999999953125,0.09523809523733938,12,4,114,126,0.0252685546875,0.0171875,0.008081054687499999
MLP,2,0.1,1.0,crp_dataset_8_1_3.csv|crp_dataset_8_1_5.csv,crp_dataset_8_1_2.csv,0.5,0.59999999988,0.025210084033401595,3,2,116,135,0.039453125,0.026250000000000002,0.013203124999999996
MLP,2,0.1,1.0,crp_dataset_8_1_3.csv|crp_dataset_8_1_5.csv,crp_dataset_8_1_7.csv,0.5,0.8333333331944445,0.02272727272716942,5,1,215,35,0.0095703125,0.012499999999999999,-0.0029296874999999983
MLP,2,0.1,1.0,crp_dataset_8_1_3.csv|crp_dataset_8_1_5.csv,crp_dataset_8_1_8.csv,0.5,0.6666666664444444,0.014492753623083388,2,1,136,117,0.0283203125,0.008333333333333333,0.01998697916666667
MLP,2,0.1,1.0,crp_dataset_8_1_3.csv|crp_dataset_8_1_5.csv,crp_dataset_8_1_4.csv,0.5,0.59999999988,0.022900763358603814,3,2,128,123,0.023046875,0.0075000000000000015,0.015546875
MLP,2,0.1,1.0,crp_dataset_8_1_3.csv|crp_dataset_8_1_5.csv,crp_dataset_8_1_6.csv,0.5,0.9999999998,0.03571428571403062,5,0,135,116,0.026928710937499996,0.0,0.026928710937499996
MLP,2,0.1,1.0,crp_dataset_8_1_3.csv|crp_dataset_8_1_5.csv,crp_dataset_8_1_1.csv,0.5,0.624999999921875,0.03968253968222474,5,3,121,127,0.0252685546875,0.022656250000000003,0.0026123046874999972
MLP,2,0.1,1.0,crp_dataset_8_1_3.csv|crp_dataset_8_1_7.csv,crp_dataset_8_1_2.csv,0.6687827110290527,0.48648648648385684,0.7563025210020479,90,95,29,42,0.039453125,0.03675675675675676,0.0026963682432432357
MLP,2,0.1,1.0,crp_dataset_8_1_3.csv|crp_dataset_8_1_7.csv,crp_dataset_8_1_5.csv,0.6687827110290527,0.39499999999802504,0.7899999999921,79,121,21,35,0.039282226562499994,0.0389375,0.00034472656249999456
MLP,2,0.1,1.0,crp_dataset_8_1_3.csv|crp_dataset_8_1_7.csv,crp_dataset_8_1_8.csv,0.6687827110290527,0.5527638190926997,0.7971014492695863,110,89,28,29,0.0283203125,0.02760678391959799,0.0007135285804020092
MLP,2,0.1,1.0,crp_dataset_8_1_3.csv|crp_dataset_8_1_7.csv,crp_dataset_8_1_4.csv,0.6687827110290527,0.5454545454517906,0.8244274809097373,108,90,23,35,0.023046875,0.021464646464646464,0.0015822285353535373
MLP,2,0.1,1.0,crp_dataset_8_1_3.csv|crp_dataset_8_1_7.csv,crp_dataset_8_1_6.csv,0.6687827110290527,0.5373134328331477,0.7714285714230613,108,93,32,23,0.026928710937499996,0.027922885572139303,-0.0009941746346393068
MLP,2,0.1,1.0,crp_dataset_8_1_3.csv|crp_dataset_8_1_7.csv,crp_dataset_8_1_1.csv,0.6687827110290527,0.5080213903716149,0.7539682539622701,95,92,31,38,0.0252685546875,0.023195187165775403,0.002073367521724597
MLP,2,0.1,1.0,crp_dataset_8_1_3.csv|crp_dataset_8_1_8.csv,crp_dataset_8_1_2.csv,0.6701265573501587,0.5851063829724988,0.4621848739456959,55,39,64,98,0.039453125,0.028191489361702137,0.011261635638297861
MLP,2,0.1,1.0,crp_dataset_8_1_3.csv|crp_dataset_8_1_8.csv,crp_dataset_8_1_5.csv,0.6701265573501587,0.4831460674103017,0.4299999999957,43,46,57,110,0.039282226562499994,0.03441011235955056,0.004872114202949432
MLP,2,0.1,1.0,crp_dataset_8_1_3.csv|crp_dataset_8_1_8.csv,crp_dataset_8_1_7.csv,0.6701265573501587,0.8316831683085971,0.3818181818164463,84,17,136,19,0.0095703125,0.011757425742574257,-0.0021871132425742568
MLP,2,0.1,1.0,crp_dataset_8_1_3.csv|crp_dataset_8_1_8.csv,crp_dataset_8_1_4.csv,0.6701265573501587,0.602409638546959,0.38167938931006357,50,33,81,92,0.023046875,0.018900602409638555,0.004146272590361447
MLP,2,0.1,1.0,crp_dataset_8_1_3.csv|crp_dataset_8_1_8.csv,crp_dataset_8_1_6.csv,0.6701265573501587,0.6097560975535395,0.35714285714030614,50,32,90,84,0.026928710937499996,0.02416158536585366,0.0027671255716463367
MLP,2,0.1,1.0,crp_dataset_8_1_3.csv|crp_dataset_8_1_8.csv,crp_dataset_8_1_1.csv,0.6701265573501587,0.5049504950445054,0.40476190475869234,51,50,75,80,0.0252685546875,0.022834158415841584,0.0024343962716584164
MLP,2,0.1,1.0,crp_dataset_8_1_3.csv|crp_dataset_8_1_4.csv,crp_dataset_8_1_2.csv,0.6824237704277039,0.8571428570816326,0.10084033613360638,12,2,107,135,0.039453125,0.005357142857142858,0.03409598214285714
MLP,2,0.1,1.0,crp_dataset_8_1_3.csv|crp_dataset_8_1_4.csv,crp_dataset_8_1_5.csv,0.6824237704277039,0.562499999982422,0.1799999999982,18,14,82,142,0.039282226562499994,0.029296875,0.009985351562499994
MLP,2,0.1,1.0,crp_dataset_8_1_3.csv|crp_dataset_8_1_4.csv,crp_dataset_8_1_7.csv,0.6824237704277039,0.9444444443919753,0.07727272727237604,17,1,203,35,0.0095703125,0.0006944444444444445,0.008875868055555557
MLP,2,0.1,1.0,crp_dataset_8_1_3.csv|crp_dataset_8_1_4.csv,crp_dataset_8_1_8.csv,0.6824237704277039,0.35714285711734695,0.03623188405770847,5,9,133,109,0.0283203125,0.03928571428571429,-0.010965401785714292
MLP,2,0.1,1.0,crp_dataset_8_1_3.csv|crp_dataset_8_1_4.csv,crp_dataset_8_1_6.csv,0.6824237704277039,0.8571428570816326,0.08571428571367348,12,2,128,114,0.026928710937499996,0.010714285714285714,0.01621442522321428
MLP,2,0.1,1.0,crp_dataset_8_1_3.csv|crp_dataset_8_1_4.csv,crp_dataset_8_1_1.csv,0.6824237704277039,0.6956521738827978,0.12698412698311917,16,7,110,123,0.0252685546875,0.007880434782608695,0.017388119904891305
MLP,2,0.1,1.0,crp_dataset_8_1_3.csv|crp_dataset_8_1_6.csv,crp_dataset_8_1_2.csv,0.6563620567321777,0.6290322580543705,0.3277310924342207,39,23,80,114,0.039453125,0.025201612903225815,0.014251512096774183
MLP,2,0.1,1.0,crp_dataset_8_1_3.csv|crp_dataset_8_1_6.csv,crp_dataset_8_1_5.csv,0.6563620567321777,0.3888888888845679,0.3499999999965,35,55,65,101,0.039282226562499994,0.042847222222222224,-0.0035649956597222296
MLP,2,0.1,1.0,crp_dataset_8_1_3.csv|crp_dataset_8_1_6.csv,crp_dataset_8_1_7.csv,0.6563620567321777,0.9499999999762501,0.1727272727264876,38,2,182,34,0.0095703125,0.00671875,0.002851562500000001
MLP,2,0.1,1.0,crp_dataset_8_1_3.csv|crp_dataset_8_1_6.csv,crp_dataset_8_1_8.csv,0.6563620567321777,0.4583333333269676,0.2391304347808759,33,39,105,79,0.0283203125,0.036805555555555564,-0.008485243055555564
MLP,2,0.1,1.0,crp_dataset_8_1_3.csv|crp_dataset_8_1_6.csv,crp_dataset_8_1_4.csv,0.6563620567321777,0.6847826086882088,0.48091603053068005,63,29,68,96,0.023046875,0.015489130434782611,0.00755774456521739
MLP,2,0.1,1.0,crp_dataset_8_1_3.csv|crp_dataset_8_1_6.csv,crp_dataset_8_1_1.csv,0.6563620567321777,0.5696202531573465,0.35714285714002264,45,34,81,96,0.0252685546875,0.020094936708860762,0.0051736179786392375
MLP,2,0.1,1.0,crp_dataset_8_1_3.csv|crp_dataset_8_1_1.csv,crp_dataset_8_1_2.csv,0.6132640242576599,0.638888888871142,0.19327731092274555,23,13,96,124,0.039453125,0.029861111111111116,0.009592013888888883
MLP,2,0.1,1.0,crp_dataset_8_1_3.csv|crp_dataset_8_1_1.csv,crp_dataset_8_1_5.csv,0.6132640242576599,0.49999999998611117,0.1799999999982,18,18,82,138,0.039282226562499994,0.033680555555555554,0.005601671006944441
MLP,2,0.1,1.0,crp_dataset_8_1_3.csv|crp_dataset_8_1_1.csv,crp_dataset_8_1_7.csv,0.6132640242576599,0.9523809523582767,0.18181818181735537,40,2,180,34,0.0095703125,0.003422619047619048,0.006147693452380953
MLP,2,0.1,1.0,crp_dataset_8_1_3.csv|crp_dataset_8_1_1.csv,crp_dataset_8_1_8.csv,0.6132640242576599,0.5227272727153927,0.16666666666545896,23,21,115,97,0.0283203125,0.035227272727272725,-0.006906960227272725
MLP,2,0.1,1.0,crp_dataset_8_1_3.csv|crp_dataset_8_1_1.csv,crp_dataset_8_1_4.csv,0.6132640242576599,0.7222222222088478,0.29770992366184956,39,15,92,110,0.023046875,0.012152777777777778,0.010894097222222223
MLP,2,0.1,1.0,crp_dataset_8_1_3.csv|crp_dataset_8_1_1.csv,crp_dataset_8_1_6.csv,0.6132640242576599,0.7435897435706772,0.20714285714137756,29,10,111,106,0.026928710937499996,0.01282051282051282,0.014108198116987176
MLP,2,0.1,1.0,crp_dataset_8_1_2.csv|crp_dataset_8_1_5.csv,crp_dataset_8_1_3.csv,0.5,0.9999999996666666,0.017341040462327508,3,0,170,83,0.0196044921875,0.0,0.0196044921875
MLP,2,0.1,1.0,crp_dataset_8_1_2.csv|crp_dataset_8_1_5.csv,crp_dataset_8_1_7.csv,0.5,0.49999999975,0.004545454545433885,1,1,219,35,0.0095703125,0.053125,-0.043554687499999994
MLP,2,0.1,1.0,crp_dataset_8_1_2.csv|crp_dataset_8_1_5.csv,crp_dataset_8_1_8.csv,0.5,0.0,0.0,0,1,138,117,0.0283203125,0.1375,-0.10917968750000001
MLP,2,0.1,1.0,crp_dataset_8_1_2.csv|crp_dataset_8_1_5.csv,crp_dataset_8_1_4.csv,0.5,0.0,0.0,0,0,131,125,0.023046875,,
MLP,2,0.1,1.0,crp_dataset_8_1_2.csv|crp_dataset_8_1_5.csv,crp_dataset_8_1_6.csv,0.5,0.6666666664444444,0.014285714285612245,2,1,138,115,0.026928710937499996,0.014583333333333332,0.012345377604166664
MLP,2,0.1,1.0,crp_dataset_8_1_2.csv|crp_dataset_8_1_5.csv,crp_dataset_8_1_1.csv,0.5,0.0,0.0,0,1,126,129,0.0252685546875,0.0625,-0.0372314453125
MLP,2,0.1,1.0,crp_dataset_8_1_2.csv|crp_dataset_8_1_7.csv,crp_dataset_8_1_3.csv,0.6058145761489868,0.7560975609694626,0.5375722543321528,93,30,80,53,0.0196044921875,0.013262195121951221,0.006342297065548778
MLP,2,0.1,1.0,crp_dataset_8_1_2.csv|crp_dataset_8_1_7.csv,crp_dataset_8_1_5.csv,0.6058145761489868,0.5058823529352249,0.4299999999957,43,42,57,114,0.039282226562499994,0.03338235294117647,0.005899873621323527
MLP,2,0.1,1.0,crp_dataset_8_1_2.csv|crp_dataset_8_1_7.csv,crp_dataset_8_1_8.csv,0.6058145761489868,0.5277777777728909,0.4130434782578765,57,51,81,67,0.0283203125,0.02789351851851852,0.0004267939814814811
MLP,2,0.1,1.0,crp_dataset_8_1_2.csv|crp_dataset_8_1_7.csv,crp_dataset_8_1_4.csv,0.6058145761489868,0.5689655172364744,0.5038167938892839,66,50,65,75,0.023046875,0.020743534482758622,0.002303340517241379
MLP,2,0.1,1.0,crp_dataset_8_1_2.csv|crp_dataset_8_1_7.csv,crp_dataset_8_1_6.csv,0.6058145761489868,0.6016949152491382,0.5071428571392347,71,47,69,69,0.026928710937499996,0.024364406779661018,0.002564304157838978
MLP,2,0.1,1.0,crp_dataset_8_1_2.csv|crp_dataset_8_1_7.csv,crp_dataset_8_1_1.csv,0.6058145761489868,0.5555555555504115,0.4761904761866969,60,48,66,82,0.0252685546875,0.02106481481481481,0.0042037398726851895
MLP,2,0.1,1.0,crp_dataset_8_1_2.csv|crp_dataset_8_1_8.csv,crp_dataset_8_1_3.csv,0.6074013710021973,0.6451612903017689,0.11560693641551673,20,11,153,72,0.0196044921875,0.017540322580645164,0.002064169606854835
MLP,2,0.1,1.0,crp_dataset_8_1_2.csv|crp_dataset_8_1_8.csv,crp_dataset_8_1_5.csv,0.6074013710021973,0.3636363636198347,0.0799999999992,8,14,92,142,0.039282226562499994,0.03721590909090909,0.0020663174715909033
MLP,2,0.1,1.0,crp_dataset_8_1_2.csv|crp_dataset_8_1_8.csv,crp_dataset_8_1_7.csv,0.6074013710021973,0.8867924528134568,0.21363636363539257,47,6,173,30,0.0095703125,0.009433962264150943,0.00013635023584905766
MLP,2,0.1,1.0,crp_dataset_8_1_2.csv|crp_dataset_8_1_8.csv,crp_dataset_8_1_4.csv,0.6074013710021973,0.3870967741810614,0.09160305343441526,12,19,119,106,0.023046875,0.02862903225806452,-0.0055821572580645185
MLP,2,0.1,1.0,crp_dataset_8_1_2.csv|crp_dataset_8_1_8.csv,crp_dataset_8_1_6.csv,0.6074013710021973,0.5428571428416327,0.13571428571331634,19,16,121,100,0.026928710937499996,0.02625,0.0006787109374999968
MLP,2,0.1,1.0,crp_dataset_8_1_2.csv|crp_dataset_8_1_8.csv,crp_dataset_8_1_1.csv,0.6074013710021973,0.3636363636198347,0.06349206349155959,8,14,118,116,0.0252685546875,0.03210227272727273,-0.006833718039772729
MLP,2,0.1,1.0,crp_dataset_8_1_2.csv|crp_dataset_8_1_4.csv,crp_dataset_8_1_3.csv,0.5,0.8356164383447175,0.352601156067326,61,12,112,71,0.0196044921875,0.011044520547945205,0.008559971639554794
MLP,2,0.1,1.0,crp_dataset_8_1_2.csv|crp_dataset_8_1_4.csv,crp_dataset_8_1_5.csv,0.5,0.4069767441813142,0.3499999999965,35,51,65,105,0.039282226562499994,0.03604651162790697,0.0032357149345930217
MLP,2,0.1,1.0,crp_dataset_8_1_2.csv|crp_dataset_8_1_4.csv,crp_dataset_8_1_7.csv,0.5,0.913043478247637,0.28636363636233475,63,6,157,30,0.0095703125,0.004800724637681159,0.004769587862318842
MLP,2,0.1,1.0,crp_dataset_8_1_2.csv|crp_dataset_8_1_4.csv,crp_dataset_8_1_8.csv,0.5,0.46753246752639566,0.260869565215501,36,41,102,77,0.0283203125,0.03961038961038962,-0.011290077110389617
MLP,2,0.1,1.0,crp_dataset_8_1_2.csv|crp_dataset_8_1_4.csv,crp_dataset_8_1_6.csv,0.5,0.7014925373029628,0.33571428571188777,47,20,93,96,0.026928710937499996,0.015764925373134328,0.011163785564365668
MLP,2,0.1,1.0,crp_dataset_8_1_2.csv|crp_dataset_8_1_4.csv,crp_dataset_8_1_1.csv,0.5,0.4767441860409681,0.32539682539424286,41,45,85,85,0.0252685546875,0.022819767441860463,0.0024487872456395374
MLP,2,0.1,1.0,crp_dataset_8_1_2.csv|crp_dataset_8_1_6.csv,crp_dataset_8_1_3.csv,0.6256150603294373,0.8260869564858223,0.1098265895947409,19,4,154,79,0.0196044921875,0.010869565217391304,0.008734926970108695
MLP,2,0.1,1.0,crp_dataset_8_1_2.csv|crp_dataset_8_1_6.csv,crp_dataset_8_1_5.csv,0.6256150603294373,0.2916666666545139,0.0699999999993,7,17,93,139,0.039282226562499994,0.040364583333333336,-0.0010823567708333412
MLP,2,0.1,1.0,crp_dataset_8_1_2.csv|crp_dataset_8_1_6.csv,crp_dataset_8_1_7.csv,0.6256150603294373,0.8571428570816326,0.054545454545206616,12,2,208,34,0.0095703125,0.011160714285714286,-0.0015904017857142853
MLP,2,0.1,1.0,crp_dataset_8_1_2.csv|crp_dataset_8_1_6.csv,crp_dataset_8_1_8.csv,0.6256150603294373,0.4210526315567867,0.05797101449233355,8,11,130,107,0.0283203125,0.025986842105263162,0.0023334703947368376
MLP,2,0.1,1.0,crp_dataset_8_1_2.csv|crp_dataset_8_1_6.csv,crp_dataset_8_1_4.csv,0.6256150603294373,0.6249999999739584,0.11450381679301906,15,9,116,116,0.023046875,0.017968750000000002,0.005078124999999999
MLP,2,0.1,1.0,crp_dataset_8_1_2.csv|crp_dataset_8_1_6.csv,crp_dataset_8_1_1.csv,0.6256150603294373,0.44444444441975306,0.06349206349155959,8,10,118,120,0.0252685546875,0.02048611111111111,0.004782443576388889
MLP,2,0.1,1.0,crp_dataset_8_1_2.csv|crp_dataset_8_1_1.csv,crp_dataset_8_1_3.csv,0.5,0.7142857142755101,0.28901734103879184,50,20,123,63,0.0196044921875,0.018303571428571433,0.0013009207589285664
MLP,2,0.1,1.0,crp_dataset_8_1_2.csv|crp_dataset_8_1_1.csv,crp_dataset_8_1_5.csv,0.5,0.3924050632861721,0.3099999999969,31,48,69,108,0.039282226562499994,0.03979430379746836,-0.0005120772349683639
MLP,2,0.1,1.0,crp_dataset_8_1_2.csv|crp_dataset_8_1_1.csv,crp_dataset_8_1_7.csv,0.5,0.8947368420817176,0.15454545454475208,34,4,186,32,0.0095703125,0.007401315789473684,0.002168996710526317
MLP,2,0.1,1.0,crp_dataset_8_1_2.csv|crp_dataset_8_1_1.csv,crp_dataset_8_1_8.csv,0.5,0.4461538461469822,0.21014492753470912,29,36,109,82,0.0283203125,0.03788461538461539,-0.009564302884615392
MLP,2,0.1,1.0,crp_dataset_8_1_2.csv|crp_dataset_8_1_1.csv,crp_dataset_8_1_4.csv,0.5,0.6714285714189796,0.3587786259514597,47,23,84,102,0.023046875,0.013928571428571429,0.009118303571428572
MLP,2,0.1,1.0,crp_dataset_8_1_2.csv|crp_dataset_8_1_1.csv,crp_dataset_8_1_6.csv,0.5,0.655737704907283,0.28571428571224494,40,21,100,95,0.026928710937499996,0.020491803278688523,0.006436907658811473
MLP,2,0.1,1.0,crp_dataset_8_1_5.csv|crp_dataset_8_1_7.csv,crp_dataset_8_1_3.csv,0.6248801946640015,0.6444444444301235,0.16763005780249926,29,16,144,67,0.0196044921875,0.02375,-0.004145507812500001
MLP,2,0.1,1.0,crp_dataset_8_1_5.csv|crp_dataset_8_1_7.csv,crp_dataset_8_1_2.csv,0.6248801946640015,0.43749999999088546,0.17647058823381118,21,27,98,110,0.039453125,0.044401041666666675,-0.004947916666666677
MLP,2,0.1,1.0,crp_dataset_8_1_5.csv|crp_dataset_8_1_7.csv,crp_dataset_8_1_8.csv,0.6248801946640015,0.6129032257866805,0.13768115941929218,19,12,119,106,0.0283203125,0.016129032258064516,0.012191280241935484
MLP,2,0.1,1.0,crp_dataset_8_1_5.csv|crp_dataset_8_1_7.csv,crp_dataset_8_1_4.csv,0.6248801946640015,0.512195121938727,0.16030534351022668,21,20,110,105,0.023046875,0.023018292682926832,2.8582317073169022e-05
MLP,2,0.1,1.0,crp_dataset_8_1_5.csv|crp_dataset_8_1_7.csv,crp_dataset_8_1_6.csv,0.6248801946640015,0.37878787878213954,0.17857142857015307,25,41,115,75,0.026928710937499996,0.03929924242424242,-0.012370531486742421
MLP,2,0.1,1.0,crp_dataset_8_1_5.csv|crp_dataset_8_1_7.csv,crp_dataset_8_1_1.csv,0.6248801946640015,0.5937499999814454,0.15079365079245402,19,13,107,117,0.0252685546875,0.021679687500000003,0.0035888671874999972
MLP,2,0.1,1.0,crp_dataset_8_1_5.csv|crp_dataset_8_1_8.csv,crp_dataset_8_1_3.csv,0.5,0.6056338028083713,0.24855491329336096,43,28,130,55,0.0196044921875,0.02632042253521127,-0.006715930347711271
MLP,2,0.1,1.0,crp_dataset_8_1_5.csv|crp_dataset_8_1_8.csv,crp_dataset_8_1_2.csv,0.5,0.3387096774138918,0.17647058823381118,21,41,98,96,0.039453125,0.06502016129032258,-0.02556703629032258
MLP,2,0.1,1.0,crp_dataset_8_1_5.csv|crp_dataset_8_1_8.csv,crp_dataset_8_1_7.csv,0.5,0.8876404494282287,0.3590909090892769,79,10,141,26,0.0095703125,0.00919943820224719,0.00037087429775281046
MLP,2,0.1,1.0,crp_dataset_8_1_5.csv|crp_dataset_8_1_8.csv,crp_dataset_8_1_4.csv,0.5,0.3620689655109988,0.16030534351022668,21,37,110,88,0.023046875,0.02898706896551724,-0.005940193965517239
MLP,2,0.1,1.0,crp_dataset_8_1_5.csv|crp_dataset_8_1_8.csv,crp_dataset_8_1_6.csv,0.5,0.5168539325784623,0.32857142856908167,46,43,94,73,0.026928710937499996,0.031390449438202246,-0.00446173850070225
MLP,2,0.1,1.0,crp_dataset_8_1_5.csv|crp_dataset_8_1_8.csv,crp_dataset_8_1_1.csv,0.5,0.6181818181705786,0.26984126983912826,34,21,92,109,0.0252685546875,0.01840909090909091,0.00685946377840909
MLP,2,0.1,1.0,crp_dataset_8_1_5.csv|crp_dataset_8_1_4.csv,crp_dataset_8_1_3.csv,0.5,0.8260869565037808,0.2196531791894818,38,8,135,75,0.0196044921875,0.010869565217391304,0.008734926970108695
MLP,2,0.1,1.0,crp_dataset_8_1_5.csv|crp_dataset_8_1_4.csv,crp_dataset_8_1_2.csv,0.5,0.32142857141709186,0.07563025210020478,9,19,110,118,0.039453125,0.0375,0.001953125
MLP,2,0.1,1.0,crp_dataset_8_1_5.csv|crp_dataset_8_1_4.csv,crp_dataset_8_1_7.csv,0.5,0.8888888888559671,0.10909090909041323,24,3,196,33,0.0095703125,0.005787037037037037,0.003783275462962964
MLP,2,0.1,1.0,crp_dataset_8_1_5.csv|crp_dataset_8_1_4.csv,crp_dataset_8_1_8.csv,0.5,0.5348837209177935,0.16666666666545896,23,20,115,98,0.0283203125,0.028779069767441868,-0.00045875726744186787
MLP,2,0.1,1.0,crp_dataset_8_1_5.csv|crp_dataset_8_1_4.csv,crp_dataset_8_1_6.csv,0.5,0.59999999998,0.1285714285705102,18,12,122,104,0.026928710937499996,0.022291666666666664,0.004637044270833331
MLP,2,0.1,1.0,crp_dataset_8_1_5.csv|crp_dataset_8_1_4.csv,crp_dataset_8_1_1.csv,0.5,0.49999999998750005,0.15873015872889895,20,20,106,110,0.0252685546875,0.0309375,-0.0056689453125
MLP,2,0.1,1.0,crp_dataset_8_1_5.csv|crp_dataset_8_1_6.csv,crp_dataset_8_1_3.csv,0.5,0.7692307692110454,0.1734104046232751,30,9,143,74,0.0196044921875,0.01217948717948718,0.00742500500801282
MLP,2,0.1,1.0,crp_dataset_8_1_5.csv|crp_dataset_8_1_6.csv,crp_dataset_8_1_2.csv,0.5,0.6923076922899409,0.22689075630061437,27,12,92,125,0.039453125,0.019871794871794874,0.019581330128205125
MLP,2,0.1,1.0,crp_dataset_8_1_5.csv|crp_dataset_8_1_6.csv,crp_dataset_8_1_7.csv,0.5,0.8260869565037808,0.1727272727264876,38,8,182,28,0.0095703125,0.011005434782608698,-0.0014351222826086973
MLP,2,0.1,1.0,crp_dataset_8_1_5.csv|crp_dataset_8_1_6.csv,crp_dataset_8_1_8.csv,0.5,0.46666666665629636,0.15217391304237557,21,24,117,94,0.0283203125,0.03875,-0.0104296875
MLP,2,0.1,1.0,crp_dataset_8_1_5.csv|crp_dataset_8_1_6.csv,crp_dataset_8_1_4.csv,0.5,0.6862745097904652,0.2671755725170445,35,16,96,109,0.023046875,0.015931372549019607,0.007115502450980395
MLP,2,0.1,1.0,crp_dataset_8_1_5.csv|crp_dataset_8_1_6.csv,crp_dataset_8_1_1.csv,0.5,0.6140350877085258,0.27777777777557316,35,22,91,108,0.0252685546875,0.01732456140350877,0.00794399328399123
MLP,2,0.1,1.0,crp_dataset_8_1_5.csv|crp_dataset_8_1_1.csv,crp_dataset_8_1_3.csv,0.5,0.6666666666111111,0.04624277456620669,8,4,165,79,0.0196044921875,0.022395833333333337,-0.0027913411458333377
MLP,2,0.1,1.0,crp_dataset_8_1_5.csv|crp_dataset_8_1_1.csv,crp_dataset_8_1_2.csv,0.5,0.624999999921875,0.04201680672233599,5,3,114,134,0.039453125,0.02578125,0.013671875
MLP,2,0.1,1.0,crp_dataset_8_1_5.csv|crp_dataset_8_1_1.csv,crp_dataset_8_1_7.csv,0.5,0.7499999998125,0.013636363636301654,3,1,217,35,0.0095703125,0.0109375,-0.0013671874999999986
MLP,2,0.1,1.0,crp_dataset_8_1_5.csv|crp_dataset_8_1_1.csv,crp_dataset_8_1_8.csv,0.5,0.49999999995,0.03623188405770847,5,5,133,113,0.0283203125,0.027500000000000004,0.0008203124999999964
MLP,2,0.1,1.0,crp_dataset_8_1_5.csv|crp_dataset_8_1_1.csv,crp_dataset_8_1_4.csv,0.5,0.8571428570816326,0.09160305343441526,12,2,119,123,0.023046875,0.004464285714285714,0.01858258928571429
MLP,2,0.1,1.0,crp_dataset_8_1_5.csv|crp_dataset_8_1_1.csv,crp_dataset_8_1_6.csv,0.5,0.8888888887901234,0.05714285714244898,8,1,132,115,0.026928710937499996,0.006944444444444444,0.019984266493055552
MLP,2,0.1,1.0,crp_dataset_8_1_7.csv|crp_dataset_8_1_8.csv,crp_dataset_8_1_3.csv,0.8039242029190063,0.74657534246064,0.6300578034645662,109,37,64,46,0.0196044921875,0.016010273972602743,0.003594218214897256
MLP,2,0.1,1.0,crp_dataset_8_1_7.csv|crp_dataset_8_1_8.csv,crp_dataset_8_1_2.csv,0.8039242029190063,0.48936170212418895,0.5798319327682366,69,72,50,65,0.039453125,0.03789893617021277,0.00155418882978723
MLP,2,0.1,1.0,crp_dataset_8_1_7.csv|crp_dataset_8_1_8.csv,crp_dataset_8_1_5.csv,0.8039242029190063,0.4873949579790975,0.5799999999941999,58,61,42,95,0.039282226562499994,0.03266806722689076,0.006614159335609236
MLP,2,0.1,1.0,crp_dataset_8_1_7.csv|crp_dataset_8_1_8.csv,crp_dataset_8_1_4.csv,0.8039242029190063,0.47482014388147614,0.5038167938892839,66,73,65,52,0.023046875,0.024865107913669065,-0.0018182329136690635
MLP,2,0.1,1.0,crp_dataset_8_1_7.csv|crp_dataset_8_1_8.csv,crp_dataset_8_1_6.csv,0.8039242029190063,0.5637583892579614,0.5999999999957143,84,65,56,51,0.026928710937499996,0.0263003355704698,0.0006283753670301949
MLP,2,0.1,1.0,crp_dataset_8_1_7.csv|crp_dataset_8_1_8.csv,crp_dataset_8_1_1.csv,0.8039242029190063,0.5436241610701771,0.6428571428520408,81,68,45,62,0.0252685546875,0.02307046979865772,0.0021980848888422805
MLP,2,0.1,1.0,crp_dataset_8_1_7.csv|crp_dataset_8_1_4.csv,crp_dataset_8_1_3.csv,0.6701395511627197,0.6747967479619935,0.47976878612439444,83,40,90,43,0.0196044921875,0.01941056910569106,0.0001939230818089402
MLP,2,0.1,1.0,crp_dataset_8_1_7.csv|crp_dataset_8_1_4.csv,crp_dataset_8_1_2.csv,0.6701395511627197,0.5213675213630652,0.5126050420124991,61,56,58,81,0.039453125,0.033760683760683766,0.005692441239316233
MLP,2,0.1,1.0,crp_dataset_8_1_7.csv|crp_dataset_8_1_4.csv,crp_dataset_8_1_5.csv,0.6701395511627197,0.39603960395647486,0.399999999996,40,61,60,95,0.039282226562499994,0.036757425742574255,0.002524800819925739
MLP,2,0.1,1.0,crp_dataset_8_1_7.csv|crp_dataset_8_1_4.csv,crp_dataset_8_1_8.csv,0.6701395511627197,0.5145631067911207,0.38405797101170974,53,50,85,68,0.0283203125,0.028033980582524282,0.0002863319174757177
MLP,2,0.1,1.0,crp_dataset_8_1_7.csv|crp_dataset_8_1_4.csv,crp_dataset_8_1_6.csv,0.6701395511627197,0.5597014925331366,0.5357142857104592,75,59,65,57,0.026928710937499996,0.025932835820895526,0.0009958751166044694
MLP,2,0.1,1.0,crp_dataset_8_1_7.csv|crp_dataset_8_1_4.csv,crp_dataset_8_1_1.csv,0.6701395511627197,0.4999999999957627,0.46825396825025195,59,59,67,71,0.0252685546875,0.023622881355932206,0.0016456733315677943
MLP,2,0.1,1.0,crp_dataset_8_1_7.csv|crp_dataset_8_1_6.csv,crp_dataset_8_1_3.csv,0.6539209485054016,0.7238095238026303,0.4393063583789636,76,29,97,54,0.0196044921875,0.016250000000000004,0.0033544921874999953
MLP,2,0.1,1.0,crp_dataset_8_1_7.csv|crp_dataset_8_1_6.csv,crp_dataset_8_1_2.csv,0.6539209485054016,0.5760869565154773,0.4453781512567615,53,39,66,98,0.039453125,0.027581521739130442,0.011871603260869557
MLP,2,0.1,1.0,crp_dataset_8_1_7.csv|crp_dataset_8_1_6.csv,crp_dataset_8_1_5.csv,0.6539209485054016,0.4508196721274523,0.5499999999945,55,67,45,89,0.039282226562499994,0.03417008196721311,0.005112144595286881
MLP,2,0.1,1.0,crp_dataset_8_1_7.csv|crp_dataset_8_1_6.csv,crp_dataset_8_1_8.csv,0.6539209485054016,0.5178571428525192,0.42028985506941824,58,54,80,64,0.0283203125,0.032477678571428574,-0.004157366071428574
MLP,2,0.1,1.0,crp_dataset_8_1_7.csv|crp_dataset_8_1_6.csv,crp_dataset_8_1_4.csv,0.6539209485054016,0.6460176991093273,0.5572519083926928,73,40,58,85,0.023046875,0.016703539823008852,0.0063433351769911495
MLP,2,0.1,1.0,crp_dataset_8_1_7.csv|crp_dataset_8_1_6.csv,crp_dataset_8_1_1.csv,0.6539209485054016,0.5096153846104845,0.42063492063158225,53,51,73,79,0.0252685546875,0.02199519230769231,0.0032733623798076907
MLP,2,0.1,1.0,crp_dataset_8_1_7.csv|crp_dataset_8_1_1.csv,crp_dataset_8_1_3.csv,0.6249614953994751,0.7096774193502602,0.635838150285342,110,45,63,38,0.0196044921875,0.017217741935483873,0.0023867502520161267
MLP,2,0.1,1.0,crp_dataset_8_1_7.csv|crp_dataset_8_1_1.csv,crp_dataset_8_1_2.csv,0.6249614953994751,0.4965034965000245,0.5966386554571711,71,72,48,65,0.039453125,0.03570804195804197,0.0037450830419580305
MLP,2,0.1,1.0,crp_dataset_8_1_7.csv|crp_dataset_8_1_1.csv,crp_dataset_8_1_5.csv,0.6249614953994751,0.4527027026996439,0.6699999999933,67,81,33,75,0.039282226562499994,0.03310810810810811,0.0061741184543918845
MLP,2,0.1,1.0,crp_dataset_8_1_7.csv|crp_dataset_8_1_1.csv,crp_dataset_8_1_8.csv,0.6249614953994751,0.5448717948683022,0.615942028981044,85,71,53,47,0.0283203125,0.027203525641025645,0.001116786858974355
MLP,2,0.1,1.0,crp_dataset_8_1_7.csv|crp_dataset_8_1_1.csv,crp_dataset_8_1_4.csv,0.6249614953994751,0.5541401273850055,0.6641221373995105,87,70,44,55,0.023046875,0.021058917197452228,0.0019879578025477733
MLP,2,0.1,1.0,crp_dataset_8_1_7.csv|crp_dataset_8_1_1.csv,crp_dataset_8_1_6.csv,0.6249614953994751,0.5983606557328003,0.521428571424847,73,49,67,67,0.026928710937499996,0.02341188524590164,0.003516825691598356
MLP,2,0.1,1.0,crp_dataset_8_1_8.csv|crp_dataset_8_1_4.csv,crp_dataset_8_1_3.csv,0.5,0.6855670103057445,0.7687861271631863,133,61,40,22,0.0196044921875,0.019426546391752578,0.00017794579574742161
MLP,2,0.1,1.0,crp_dataset_8_1_8.csv|crp_dataset_8_1_4.csv,crp_dataset_8_1_2.csv,0.5,0.492227979272061,0.7983193277243839,95,98,24,39,0.039453125,0.03409974093264248,0.005353384067357518
MLP,2,0.1,1.0,crp_dataset_8_1_8.csv|crp_dataset_8_1_4.csv,crp_dataset_8_1_5.csv,0.5,0.3940886699487976,0.799999999992,80,123,20,33,0.039282226562499994,0.03814655172413793,0.0011356748383620635
MLP,2,0.1,1.0,crp_dataset_8_1_8.csv|crp_dataset_8_1_4.csv,crp_dataset_8_1_7.csv,0.5,0.8731707317030577,0.8136363636326653,179,26,41,10,0.0095703125,0.00902439024390244,0.0005459222560975606
MLP,2,0.1,1.0,crp_dataset_8_1_8.csv|crp_dataset_8_1_4.csv,crp_dataset_8_1_6.csv,0.5,0.5675675675644997,0.749999999994643,105,80,35,36,0.026928710937499996,0.025912162162162165,0.0010165487753378312
MLP,2,0.1,1.0,crp_dataset_8_1_8.csv|crp_dataset_8_1_4.csv,crp_dataset_8_1_1.csv,0.5,0.49740932642229324,0.761904761898715,96,97,30,33,0.0252685546875,0.02577720207253886,-0.0005086473850388594
MLP,2,0.1,1.0,crp_dataset_8_1_8.csv|crp_dataset_8_1_6.csv,crp_dataset_8_1_3.csv,0.6633186340332031,0.6428571428112245,0.05202312138698253,9,5,164,78,0.0196044921875,0.013839285714285715,0.005765206473214284
MLP,2,0.1,1.0,crp_dataset_8_1_8.csv|crp_dataset_8_1_6.csv,crp_dataset_8_1_2.csv,0.6633186340332031,0.6666666666222222,0.08403361344467199,10,5,109,132,0.039453125,0.035833333333333335,0.0036197916666666635
MLP,2,0.1,1.0,crp_dataset_8_1_8.csv|crp_dataset_8_1_6.csv,crp_dataset_8_1_5.csv,0.6633186340332031,0.4285714285408163,0.0599999999994,6,8,94,148,0.039282226562499994,0.03839285714285714,0.0008893694196428562
MLP,2,0.1,1.0,crp_dataset_8_1_8.csv|crp_dataset_8_1_6.csv,crp_dataset_8_1_7.csv,0.6633186340332031,0.79999999992,0.03636363636347108,8,2,212,34,0.0095703125,0.013125000000000001,-0.0035546875000000006
MLP,2,0.1,1.0,crp_dataset_8_1_8.csv|crp_dataset_8_1_6.csv,crp_dataset_8_1_4.csv,0.6633186340332031,0.6666666666349206,0.1068702290068178,14,7,117,118,0.023046875,0.009523809523809525,0.013523065476190477
MLP,2,0.1,1.0,crp_dataset_8_1_8.csv|crp_dataset_8_1_6.csv,crp_dataset_8_1_1.csv,0.6633186340332031,0.41666666663194446,0.03968253968222474,5,7,121,123,0.0252685546875,0.0234375,0.0018310546875
MLP,2,0.1,1.0,crp_dataset_8_1_8.csv|crp_dataset_8_1_1.csv,crp_dataset_8_1_3.csv,0.6282985806465149,0.5999999999929412,0.29479768785956767,51,34,122,49,0.0196044921875,0.025735294117647058,-0.006130801930147058
MLP,2,0.1,1.0,crp_dataset_8_1_8.csv|crp_dataset_8_1_1.csv,crp_dataset_8_1_2.csv,0.6282985806465149,0.4729729729665814,0.29411764705635196,35,39,84,98,0.039453125,0.040033783783783784,-0.0005806587837837857
MLP,2,0.1,1.0,crp_dataset_8_1_8.csv|crp_dataset_8_1_1.csv,crp_dataset_8_1_5.csv,0.6282985806465149,0.32857142856673466,0.2299999999977,23,47,77,109,0.039282226562499994,0.04366071428571428,-0.004378487723214287
MLP,2,0.1,1.0,crp_dataset_8_1_8.csv|crp_dataset_8_1_1.csv,crp_dataset_8_1_7.csv,0.6282985806465149,0.8979591836643065,0.3999999999981818,88,10,132,26,0.0095703125,0.007844387755102041,0.0017259247448979595
MLP,2,0.1,1.0,crp_dataset_8_1_8.csv|crp_dataset_8_1_1.csv,crp_dataset_8_1_4.csv,0.6282985806465149,0.5517241379246928,0.36641221373766103,48,39,83,86,0.023046875,0.022054597701149425,0.000992277298850576
MLP,2,0.1,1.0,crp_dataset_8_1_8.csv|crp_dataset_8_1_1.csv,crp_dataset_8_1_6.csv,0.6282985806465149,0.5624999999929687,0.3214285714262755,45,35,95,81,0.026928710937499996,0.023671875000000002,0.003256835937499994
MLP,2,0.1,1.0,crp_dataset_8_1_4.csv|crp_dataset_8_1_6.csv,crp_dataset_8_1_3.csv,0.6832183599472046,0.79999999984,0.023121387283103347,4,1,169,82,0.0196044921875,0.02,-0.0003955078125000011
MLP,2,0.1,1.0,crp_dataset_8_1_4.csv|crp_dataset_8_1_6.csv,crp_dataset_8_1_2.csv,0.6832183599472046,0.59999999988,0.025210084033401595,3,2,116,135,0.039453125,0.00875,0.030703124999999998
MLP,2,0.1,1.0,crp_dataset_8_1_4.csv|crp_dataset_8_1_6.csv,crp_dataset_8_1_5.csv,0.6832183599472046,0.3333333332222222,0.0099999999999,1,2,99,154,0.039282226562499994,0.041666666666666664,-0.00238444010416667
MLP,2,0.1,1.0,crp_dataset_8_1_4.csv|crp_dataset_8_1_6.csv,crp_dataset_8_1_7.csv,0.6832183599472046,0.9999999995,0.00909090909086777,2,0,218,36,0.0095703125,0.0,0.0095703125
MLP,2,0.1,1.0,crp_dataset_8_1_4.csv|crp_dataset_8_1_6.csv,crp_dataset_8_1_8.csv,0.6832183599472046,0.7499999998125,0.02173913043462508,3,1,135,117,0.0283203125,0.0140625,0.0142578125
MLP,2,0.1,1.0,crp_dataset_8_1_4.csv|crp_dataset_8_1_6.csv,crp_dataset_8_1_1.csv,0.6832183599472046,0.8333333331944445,0.03968253968222474,5,1,121,129,0.0252685546875,0.0031249999999999997,0.0221435546875
MLP,2,0.1,1.0,crp_dataset_8_1_4.csv|crp_dataset_8_1_1.csv,crp_dataset_8_1_3.csv,0.5,0.7345132743297831,0.47976878612439444,83,30,90,53,0.0196044921875,0.016371681415929203,0.003232810771570796
MLP,2,0.1,1.0,crp_dataset_8_1_4.csv|crp_dataset_8_1_1.csv,crp_dataset_8_1_2.csv,0.5,0.5899999999941,0.4957983193235647,59,41,60,96,0.039453125,0.03187500000000001,0.007578124999999991
MLP,2,0.1,1.0,crp_dataset_8_1_4.csv|crp_dataset_8_1_1.csv,crp_dataset_8_1_5.csv,0.5,0.4227642276388393,0.5199999999948,52,71,48,85,0.039282226562499994,0.03882113821138212,0.0004610883511178762
MLP,2,0.1,1.0,crp_dataset_8_1_4.csv|crp_dataset_8_1_1.csv,crp_dataset_8_1_7.csv,0.5,0.8684210526201523,0.29999999999863636,66,10,154,26,0.0095703125,0.009375,0.00019531250000000104
MLP,2,0.1,1.0,crp_dataset_8_1_4.csv|crp_dataset_8_1_1.csv,crp_dataset_8_1_8.csv,0.5,0.4363636363596694,0.3478260869540013,48,62,90,56,0.0283203125,0.03255681818181819,-0.004236505681818187
MLP,2,0.1,1.0,crp_dataset_8_1_4.csv|crp_dataset_8_1_1.csv,crp_dataset_8_1_6.csv,0.5,0.6629213483071582,0.4214285714255613,59,30,81,86,0.026928710937499996,0.01832865168539326,0.008600059252106735
MLP,2,0.1,1.0,crp_dataset_8_1_6.csv|crp_dataset_8_1_1.csv,crp_dataset_8_1_3.csv,0.6954163908958435,0.7499999998125,0.017341040462327508,3,1,170,82,0.0196044921875,0.0140625,0.005541992187499999
MLP,2,0.1,1.0,crp_dataset_8_1_6.csv|crp_dataset_8_1_1.csv,crp_dataset_8_1_2.csv,0.6954163908958435,0.49999999975,0.008403361344467198,1,1,118,136,0.039453125,0.065625,-0.026171875000000004
MLP,2,0.1,1.0,crp_dataset_8_1_6.csv|crp_dataset_8_1_1.csv,crp_dataset_8_1_5.csv,0.6954163908958435,0.0,0.0,0,2,100,154,0.039282226562499994,0.04375,-0.004467773437500003
MLP,2,0.1,1.0,crp_dataset_8_1_6.csv|crp_dataset_8_1_1.csv,crp_dataset_8_1_7.csv,0.6954163908958435,0.9999999995,0.00909090909086777,2,0,218,36,0.0095703125,0.0,0.0095703125
MLP,2,0.1,1.0,crp_dataset_8_1_6.csv|crp_dataset_8_1_1.csv,crp_dataset_8_1_8.csv,0.6954163908958435,0.3333333332222222,0.007246376811541694,1,2,137,116,0.0283203125,0.041666666666666664,-0.013346354166666664
MLP,2,0.1,1.0,crp_dataset_8_1_6.csv|crp_dataset_8_1_1.csv,crp_dataset_8_1_4.csv,0.6954163908958435,0.9999999996666666,0.022900763358603814,3,0,128,125,0.023046875,0.0,0.023046875
MLP,3,0.1,1.0,crp_dataset_8_1_3.csv|crp_dataset_8_1_2.csv|crp_dataset_8_1_5.csv,crp_dataset_8_1_7.csv,0.5,0.9066666666545777,0.30909090908950415,68,7,152,29,0.0095703125,0.0055000000000000005,0.0040703125
MLP,3,0.1,1.0,crp_dataset_8_1_3.csv|crp_dataset_8_1_2.csv|crp_dataset_8_1_5.csv,crp_dataset_8_1_8.csv,0.5,0.5555555555478395,0.28985507246166775,40,32,98,86,0.0283203125,0.028645833333333332,-0.0003255208333333322
MLP,3,0.1,1.0,crp_dataset_8_1_3.csv|crp_dataset_8_1_2.csv|crp_dataset_8_1_5.csv,crp_dataset_8_1_4.csv,0.5,0.6708860759408748,0.40458015266866737,53,26,78,99,0.023046875,0.014636075949367092,0.00841079905063291
MLP,3,0.1,1.0,crp_dataset_8_1_3.csv|crp_dataset_8_1_2.csv|crp_dataset_8_1_5.csv,crp_dataset_8_1_6.csv,0.5,0.6461538461439053,0.29999999999785715,42,23,98,93,0.026928710937499996,0.02480769230769231,0.0021210186298076875
MLP,3,0.1,1.0,crp_dataset_8_1_3.csv|crp_dataset_8_1_2.csv|crp_dataset_8_1_5.csv,crp_dataset_8_1_1.csv,0.5,0.6451612903121748,0.3174603174577979,40,22,86,108,0.0252685546875,0.015423387096774197,0.009845167590725803
MLP,3,0.1,1.0,crp_dataset_8_1_3.csv|crp_dataset_8_1_2.csv|crp_dataset_8_1_7.csv,crp_dataset_8_1_5.csv,0.6036843657493591,0.4183006535920373,0.6399999999936,64,89,36,67,0.039282226562499994,0.0375,0.0017822265624999958
MLP,3,0.1,1.0,crp_dataset_8_1_3.csv|crp_dataset_8_1_2.csv|crp_dataset_8_1_7.csv,crp_dataset_8_1_8.csv,0.6036843657493591,0.5352112676018648,0.5507246376771687,76,66,62,52,0.0283203125,0.02918133802816902,-0.0008610255281690203
MLP,3,0.1,1.0,crp_dataset_8_1_3.csv|crp_dataset_8_1_2.csv|crp_dataset_8_1_7.csv,crp_dataset_8_1_4.csv,0.6036843657493591,0.5714285714246842,0.6412213740409067,84,63,47,62,0.023046875,0.019642857142857142,0.003404017857142859
MLP,3,0.1,1.0,crp_dataset_8_1_3.csv|crp_dataset_8_1_2.csv|crp_dataset_8_1_7.csv,crp_dataset_8_1_6.csv,0.6036843657493591,0.5526315789437327,0.5999999999957143,84,68,56,48,0.026928710937499996,0.02598684210526316,0.000941868832236837
MLP,3,0.1,1.0,crp_dataset_8_1_3.csv|crp_dataset_8_1_2.csv|crp_dataset_8_1_7.csv,crp_dataset_8_1_1.csv,0.6036843657493591,0.5328467153245778,0.5793650793604812,73,64,53,66,0.0252685546875,0.02281021897810219,0.0024583357093978103
MLP,3,0.1,1.0,crp_dataset_8_1_3.csv|crp_dataset_8_1_2.csv|crp_dataset_8_1_8.csv,crp_dataset_8_1_5.csv,0.6845952272415161,0.48148148146364883,0.1299999999987,13,14,87,142,0.039282226562499994,0.042824074074074084,-0.0035418475115740894
MLP,3,0.1,1.0,crp_dataset_8_1_3.csv|crp_dataset_8_1_2.csv|crp_dataset_8_1_8.csv,crp_dataset_8_1_7.csv,0.6845952272415161,0.8823529411245675,0.06818181818150827,15,2,205,34,0.0095703125,0.004779411764705883,0.004790900735294118
MLP,3,0.1,1.0,crp_dataset_8_1_3.csv|crp_dataset_8_1_2.csv|crp_dataset_8_1_8.csv,crp_dataset_8_1_4.csv,0.6845952272415161,0.8399999999664,0.16030534351022668,21,4,110,121,0.023046875,0.005,0.018046875
MLP,3,0.1,1.0,crp_dataset_8_1_3.csv|crp_dataset_8_1_2.csv|crp_dataset_8_1_8.csv,crp_dataset_8_1_6.csv,0.6845952272415161,0.8235294117162629,0.09999999999928572,14,3,126,113,0.026928710937499996,0.009558823529411765,0.01736988740808823
MLP,3,0.1,1.0,crp_dataset_8_1_3.csv|crp_dataset_8_1_2.csv|crp_dataset_8_1_8.csv,crp_dataset_8_1_1.csv,0.6845952272415161,0.7142857142346939,0.07936507936444948,10,4,116,126,0.0252685546875,0.006696428571428571,0.018572126116071428
MLP,3,0.1,1.0,crp_dataset_8_1_3.csv|crp_dataset_8_1_2.csv|crp_dataset_8_1_4.csv,crp_dataset_8_1_5.csv,0.6067185401916504,0.44117647058174736,0.299999999997,30,38,70,118,0.039282226562499994,0.033731617647058836,0.005550608915441159
MLP,3,0.1,1.0,crp_dataset_8_1_3.csv|crp_dataset_8_1_2.csv|crp_dataset_8_1_4.csv,crp_dataset_8_1_7.csv,0.6067185401916504,0.9117647058555364,0.1409090909084504,31,3,189,33,0.0095703125,0.0023897058823529414,0.007180606617647059
MLP,3,0.1,1.0,crp_dataset_8_1_3.csv|crp_dataset_8_1_2.csv|crp_dataset_8_1_4.csv,crp_dataset_8_1_8.csv,0.6067185401916504,0.42857142855918373,0.1086956521731254,15,20,123,98,0.0283203125,0.045,-0.0166796875
MLP,3,0.1,1.0,crp_dataset_8_1_3.csv|crp_dataset_8_1_2.csv|crp_dataset_8_1_4.csv,crp_dataset_8_1_6.csv,0.6067185401916504,0.7799999999844001,0.2785714285694388,39,11,101,105,0.026928710937499996,0.009625,0.017303710937499994
MLP,3,0.1,1.0,crp_dataset_8_1_3.csv|crp_dataset_8_1_2.csv|crp_dataset_8_1_4.csv,crp_dataset_8_1_1.csv,0.6067185401916504,0.6730769230639794,0.27777777777557316,35,17,91,113,0.0252685546875,0.012139423076923077,0.013129131610576923
MLP,3,0.1,1.0,crp_dataset_8_1_3.csv|crp_dataset_8_1_2.csv|crp_dataset_8_1_6.csv,crp_dataset_8_1_5.csv,0.6078342795372009,0.435483870960718,0.2699999999973,27,35,73,121,0.039282226562499994,0.04647177419354839,-0.0071895476310483986
MLP,3,0.1,1.0,crp_dataset_8_1_3.csv|crp_dataset_8_1_2.csv|crp_dataset_8_1_6.csv,crp_dataset_8_1_7.csv,0.6078342795372009,0.9666666666344444,0.13181818181758265,29,1,191,35,0.0095703125,0.0014583333333333332,0.008111979166666668
MLP,3,0.1,1.0,crp_dataset_8_1_3.csv|crp_dataset_8_1_2.csv|crp_dataset_8_1_6.csv,crp_dataset_8_1_8.csv,0.6078342795372009,0.5526315789328256,0.15217391304237557,21,17,117,101,0.0283203125,0.02648026315789474,0.0018400493421052606
MLP,3,0.1,1.0,crp_dataset_8_1_3.csv|crp_dataset_8_1_2.csv|crp_dataset_8_1_6.csv,crp_dataset_8_1_4.csv,0.6078342795372009,0.7037037036906721,0.2900763358756483,38,16,93,109,0.023046875,0.015046296296296295,0.008000578703703706
MLP,3,0.1,1.0,crp_dataset_8_1_3.csv|crp_dataset_8_1_2.csv|crp_dataset_8_1_6.csv,crp_dataset_8_1_1.csv,0.6078342795372009,0.5535714285615434,0.24603174602979339,31,25,95,105,0.0252685546875,0.019419642857142854,0.005848911830357146
MLP,3,0.1,1.0,crp_dataset_8_1_3.csv|crp_dataset_8_1_2.csv|crp_dataset_8_1_1.csv,crp_dataset_8_1_5.csv,0.6320876479148865,0.29729729728926224,0.10999999999889999,11,26,89,130,0.039282226562499994,0.04375,-0.004467773437500003
MLP,3,0.1,1.0,crp_dataset_8_1_3.csv|crp_dataset_8_1_2.csv|crp_dataset_8_1_1.csv,crp_dataset_8_1_7.csv,0.6320876479148865,0.913043478221172,0.09545454545411157,21,2,199,34,0.0095703125,0.002989130434782609,0.006581182065217392
MLP,3,0.1,1.0,crp_dataset_8_1_3.csv|crp_dataset_8_1_2.csv|crp_dataset_8_1_1.csv,crp_dataset_8_1_8.csv,0.6320876479148865,0.5238095237845805,0.07971014492695863,11,10,127,108,0.0283203125,0.04732142857142857,-0.01900111607142857
MLP,3,0.1,1.0,crp_dataset_8_1_3.csv|crp_dataset_8_1_2.csv|crp_dataset_8_1_1.csv,crp_dataset_8_1_4.csv,0.6320876479148865,0.6999999999766666,0.16030534351022668,21,9,110,116,0.023046875,0.0125,0.010546875
MLP,3,0.1,1.0,crp_dataset_8_1_3.csv|crp_dataset_8_1_2.csv|crp_dataset_8_1_1.csv,crp_dataset_8_1_6.csv,0.6320876479148865,0.74999999996875,0.1285714285705102,18,6,122,110,0.026928710937499996,0.015364583333333334,0.011564127604166662
MLP,3,0.1,1.0,crp_dataset_8_1_3.csv|crp_dataset_8_1_5.csv|crp_dataset_8_1_7.csv,crp_dataset_8_1_2.csv,0.617688000202179,0.5660377358383767,0.252100840334016,30,23,89,114,0.039453125,0.027712264150943397,0.011740860849056602
MLP,3,0.1,1.0,crp_dataset_8_1_3.csv|crp_dataset_8_1_5.csv|crp_dataset_8_1_7.csv,crp_dataset_8_1_8.csv,0.617688000202179,0.5753424657455433,0.30434782608475114,42,31,96,87,0.0283203125,0.02577054794520548,0.002549764554794519
MLP,3,0.1,1.0,crp_dataset_8_1_3.csv|crp_dataset_8_1_5.csv|crp_dataset_8_1_7.csv,crp_dataset_8_1_4.csv,0.617688000202179,0.49206349205568156,0.2366412213722394,31,32,100,93,0.023046875,0.020833333333333336,0.0022135416666666657
MLP,3,0.1,1.0,crp_dataset_8_1_3.csv|crp_dataset_8_1_5.csv|crp_dataset_8_1_7.csv,crp_dataset_8_1_6.csv,0.617688000202179,0.5714285714211502,0.3142857142834694,44,33,96,83,0.026928710937499996,0.021834415584415585,0.005094295353084411
MLP,3,0.1,1.0,crp_dataset_8_1_3.csv|crp_dataset_8_1_5.csv|crp_dataset_8_1_7.csv,crp_dataset_8_1_1.csv,0.617688000202179,0.671874999989502,0.3412698412671328,43,21,83,109,0.0252685546875,0.0193359375,0.005932617187499999
MLP,3,0.1,1.0,crp_dataset_8_1_3.csv|crp_dataset_8_1_5.csv|crp_dataset_8_1_8.csv,crp_dataset_8_1_2.csv,0.5,0.46153846152958583,0.20168067226721276,24,28,95,109,0.039453125,0.03581730769230769,0.0036358173076923087
MLP,3,0.1,1.0,crp_dataset_8_1_3.csv|crp_dataset_8_1_5.csv|crp_dataset_8_1_8.csv,crp_dataset_8_1_7.csv,0.5,0.8840579710016803,0.27727272727146696,61,8,159,28,0.0095703125,0.00625,0.0033203125000000003
MLP,3,0.1,1.0,crp_dataset_8_1_3.csv|crp_dataset_8_1_5.csv|crp_dataset_8_1_8.csv,crp_dataset_8_1_4.csv,0.5,0.6041666666540799,0.22137404579983685,29,19,102,106,0.023046875,0.016276041666666668,0.0067708333333333336
MLP,3,0.1,1.0,crp_dataset_8_1_3.csv|crp_dataset_8_1_5.csv|crp_dataset_8_1_8.csv,crp_dataset_8_1_6.csv,0.5,0.6428571428418368,0.19285714285576533,27,15,113,101,0.026928710937499996,0.015625,0.011303710937499996
MLP,3,0.1,1.0,crp_dataset_8_1_3.csv|crp_dataset_8_1_5.csv|crp_dataset_8_1_8.csv,crp_dataset_8_1_1.csv,0.5,0.5576923076815828,0.2301587301569035,29,23,97,107,0.0252685546875,0.018870192307692307,0.006398362379807693
MLP,3,0.1,1.0,crp_dataset_8_1_3.csv|crp_dataset_8_1_5.csv|crp_dataset_8_1_4.csv,crp_dataset_8_1_2.csv,0.7290390729904175,0.9999999989999999,0.008403361344467198,1,0,118,137,0.039453125,0.00625,0.033203125
MLP,3,0.1,1.0,crp_dataset_8_1_3.csv|crp_dataset_8_1_5.csv|crp_dataset_8_1_4.csv,crp_dataset_8_1_7.csv,0.7290390729904175,0.9999999989999999,0.004545454545433885,1,0,219,36,0.0095703125,0.0,0.0095703125
MLP,3,0.1,1.0,crp_dataset_8_1_3.csv|crp_dataset_8_1_5.csv|crp_dataset_8_1_4.csv,crp_dataset_8_1_8.csv,0.7290390729904175,0.9999999989999999,0.007246376811541694,1,0,137,118,0.0283203125,0.0,0.0283203125
MLP,3,0.1,1.0,crp_dataset_8_1_3.csv|crp_dataset_8_1_5.csv|crp_dataset_8_1_4.csv,crp_dataset_8_1_6.csv,0.7290390729904175,0.0,0.0,0,0,140,116,0.026928710937499996,,
MLP,3,0.1,1.0,crp_dataset_8_1_3.csv|crp_dataset_8_1_5.csv|crp_dataset_8_1_4.csv,crp_dataset_8_1_1.csv,0.7290390729904175,0.9999999989999999,0.007936507936444948,1,0,125,130,0.0252685546875,0.0,0.0252685546875
MLP,3,0.1,1.0,crp_dataset_8_1_3.csv|crp_dataset_8_1_5.csv|crp_dataset_8_1_6.csv,crp_dataset_8_1_2.csv,0.6039795279502869,0.6666666666349206,0.11764705882254078,14,7,105,130,0.039453125,0.023511904761904765,0.015941220238095234
MLP,3,0.1,1.0,crp_dataset_8_1_3.csv|crp_dataset_8_1_5.csv|crp_dataset_8_1_6.csv,crp_dataset_8_1_7.csv,0.6039795279502869,0.8867924528134568,0.21363636363539257,47,6,173,30,0.0095703125,0.006957547169811321,0.0026127653301886797
MLP,3,0.1,1.0,crp_dataset_8_1_3.csv|crp_dataset_8_1_5.csv|crp_dataset_8_1_6.csv,crp_dataset_8_1_8.csv,0.6039795279502869,0.5526315789328256,0.15217391304237557,21,17,117,101,0.0283203125,0.03125000000000001,-0.002929687500000007
MLP,3,0.1,1.0,crp_dataset_8_1_3.csv|crp_dataset_8_1_5.csv|crp_dataset_8_1_6.csv,crp_dataset_8_1_4.csv,0.6039795279502869,0.7073170731534801,0.22137404579983685,29,12,102,113,0.023046875,0.012042682926829269,0.011004192073170733
MLP,3,0.1,1.0,crp_dataset_8_1_3.csv|crp_dataset_8_1_5.csv|crp_dataset_8_1_6.csv,crp_dataset_8_1_1.csv,0.6039795279502869,0.6944444444251544,0.19841269841112372,25,11,101,119,0.0252685546875,0.01753472222222222,0.007733832465277781
MLP,3,0.1,1.0,crp_dataset_8_1_3.csv|crp_dataset_8_1_5.csv|crp_dataset_8_1_1.csv,crp_dataset_8_1_2.csv,0.5,0.6543209876462429,0.4453781512567615,53,28,66,109,0.039453125,0.019058641975308637,0.02039448302469136
MLP,3,0.1,1.0,crp_dataset_8_1_3.csv|crp_dataset_8_1_5.csv|crp_dataset_8_1_1.csv,crp_dataset_8_1_7.csv,0.5,0.9242424242284205,0.27727272727146696,61,5,159,31,0.0095703125,0.0062499999999999995,0.003320312500000001
MLP,3,0.1,1.0,crp_dataset_8_1_3.csv|crp_dataset_8_1_5.csv|crp_dataset_8_1_1.csv,crp_dataset_8_1_8.csv,0.5,0.5365853658471148,0.3188405797078345,44,38,94,80,0.0283203125,0.028353658536585367,-3.334603658536675e-05
MLP,3,0.1,1.0,crp_dataset_8_1_3.csv|crp_dataset_8_1_5.csv|crp_dataset_8_1_1.csv,crp_dataset_8_1_4.csv,0.5,0.6666666666594981,0.4732824427444788,62,31,69,94,0.023046875,0.015188172043010754,0.007858702956989247
MLP,3,0.1,1.0,crp_dataset_8_1_3.csv|crp_dataset_8_1_5.csv|crp_dataset_8_1_1.csv,crp_dataset_8_1_6.csv,0.5,0.6666666666560846,0.29999999999785715,42,21,98,95,0.026928710937499996,0.017261904761904756,0.00966680617559524
MLP,3,0.1,1.0,crp_dataset_8_1_3.csv|crp_dataset_8_1_7.csv|crp_dataset_8_1_8.csv,crp_dataset_8_1_2.csv,0.6386845111846924,0.47488584474669004,0.8739495798245887,104,115,15,22,0.039453125,0.03881278538812785,0.0006403396118721469
MLP,3,0.1,1.0,crp_dataset_8_1_3.csv|crp_dataset_8_1_7.csv|crp_dataset_8_1_8.csv,crp_dataset_8_1_5.csv,0.6386845111846924,0.4063926940620713,0.8899999999911,89,130,11,26,0.039282226562499994,0.036101598173515985,0.0031806283889840095
MLP,3,0.1,1.0,crp_dataset_8_1_3.csv|crp_dataset_8_1_7.csv|crp_dataset_8_1_8.csv,crp_dataset_8_1_4.csv,0.6386845111846924,0.5135135135112004,0.8702290076269449,114,108,17,17,0.023046875,0.023254504504504503,-0.00020762950450450152
MLP,3,0.1,1.0,crp_dataset_8_1_3.csv|crp_dataset_8_1_7.csv|crp_dataset_8_1_8.csv,crp_dataset_8_1_6.csv,0.6386845111846924,0.5701357466037551,0.8999999999935715,126,95,14,21,0.026928710937499996,0.026018099547511313,0.0009106113899886824
MLP,3,0.1,1.0,crp_dataset_8_1_3.csv|crp_dataset_8_1_7.csv|crp_dataset_8_1_8.csv,crp_dataset_8_1_1.csv,0.6386845111846924,0.5022831050205375,0.8730158730089443,110,109,16,21,0.0252685546875,0.02482876712328767,0.00043978756421233015
MLP,3,0.1,1.0,crp_dataset_8_1_3.csv|crp_dataset_8_1_7.csv|crp_dataset_8_1_4.csv,crp_dataset_8_1_2.csv,0.615205705165863,0.5652173912994328,0.5462184873903679,65,50,54,87,0.039453125,0.03239130434782609,0.0070618206521739085
MLP,3,0.1,1.0,crp_dataset_8_1_3.csv|crp_dataset_8_1_7.csv|crp_dataset_8_1_4.csv,crp_dataset_8_1_5.csv,0.615205705165863,0.4366197183067844,0.6199999999938,62,80,38,76,0.039282226562499994,0.03767605633802817,0.001606170224471827
MLP,3,0.1,1.0,crp_dataset_8_1_3.csv|crp_dataset_8_1_7.csv|crp_dataset_8_1_4.csv,crp_dataset_8_1_8.csv,0.615205705165863,0.5046728971915451,0.39130434782325146,54,53,84,65,0.0283203125,0.03136682242990655,-0.0030465099299065504
MLP,3,0.1,1.0,crp_dataset_8_1_3.csv|crp_dataset_8_1_7.csv|crp_dataset_8_1_4.csv,crp_dataset_8_1_6.csv,0.615205705165863,0.660377358484336,0.49999999999642863,70,36,70,80,0.026928710937499996,0.01857311320754717,0.008355597729952827
MLP,3,0.1,1.0,crp_dataset_8_1_3.csv|crp_dataset_8_1_7.csv|crp_dataset_8_1_4.csv,crp_dataset_8_1_1.csv,0.615205705165863,0.5084745762668773,0.4761904761866969,60,58,66,72,0.0252685546875,0.024152542372881353,0.0011160123146186467
MLP,3,0.1,1.0,crp_dataset_8_1_3.csv|crp_dataset_8_1_7.csv|crp_dataset_8_1_6.csv,crp_dataset_8_1_2.csv,0.6080040335655212,0.5430463576122977,0.6890756302463102,82,69,37,68,0.039453125,0.02913907284768212,0.010314052152317878
MLP,3,0.1,1.0,crp_dataset_8_1_3.csv|crp_dataset_8_1_7.csv|crp_dataset_8_1_6.csv,crp_dataset_8_1_5.csv,0.6080040335655212,0.4037558685427054,0.8599999999914,86,127,14,29,0.039282226562499994,0.0397593896713615,-0.0004771631088615058
MLP,3,0.1,1.0,crp_dataset_8_1_3.csv|crp_dataset_8_1_7.csv|crp_dataset_8_1_6.csv,crp_dataset_8_1_8.csv,0.6080040335655212,0.5078534031387024,0.7028985507195442,97,94,41,24,0.0283203125,0.029384816753926707,-0.0010645042539267069
MLP,3,0.1,1.0,crp_dataset_8_1_3.csv|crp_dataset_8_1_7.csv|crp_dataset_8_1_6.csv,crp_dataset_8_1_4.csv,0.6080040335655212,0.6067415730302992,0.8244274809097373,108,70,23,55,0.023046875,0.018293539325842698,0.004753335674157304
MLP,3,0.1,1.0,crp_dataset_8_1_3.csv|crp_dataset_8_1_7.csv|crp_dataset_8_1_6.csv,crp_dataset_8_1_1.csv,0.6080040335655212,0.49090909090611573,0.6428571428520408,81,84,45,46,0.0252685546875,0.02412878787878788,0.0011397668087121185
MLP,3,0.1,1.0,crp_dataset_8_1_3.csv|crp_dataset_8_1_7.csv|crp_dataset_8_1_1.csv,crp_dataset_8_1_2.csv,0.6366146206855774,0.5280898876345158,0.39495798318995834,47,42,72,95,0.039453125,0.03181179775280899,0.007641327247191007
MLP,3,0.1,1.0,crp_dataset_8_1_3.csv|crp_dataset_8_1_7.csv|crp_dataset_8_1_1.csv,crp_dataset_8_1_5.csv,0.6366146206855774,0.3894736842064266,0.3699999999963,37,58,63,98,0.039282226562499994,0.03546052631578947,0.0038217002467105243
MLP,3,0.1,1.0,crp_dataset_8_1_3.csv|crp_dataset_8_1_7.csv|crp_dataset_8_1_1.csv,crp_dataset_8_1_8.csv,0.6366146206855774,0.5463917525716867,0.38405797101170974,53,44,85,74,0.0283203125,0.02731958762886598,0.0010007248711340205
MLP,3,0.1,1.0,crp_dataset_8_1_3.csv|crp_dataset_8_1_7.csv|crp_dataset_8_1_1.csv,crp_dataset_8_1_4.csv,0.6366146206855774,0.554347826080931,0.38931297709626483,51,41,80,84,0.023046875,0.018885869565217393,0.004161005434782608
MLP,3,0.1,1.0,crp_dataset_8_1_3.csv|crp_dataset_8_1_7.csv|crp_dataset_8_1_1.csv,crp_dataset_8_1_6.csv,0.6366146206855774,0.618556701024551,0.4285714285683674,60,37,80,79,0.026928710937499996,0.023969072164948455,0.0029596387725515406
MLP,3,0.1,1.0,crp_dataset_8_1_3.csv|crp_dataset_8_1_8.csv|crp_dataset_8_1_4.csv,crp_dataset_8_1_2.csv,0.5,0.5161290322547347,0.6722689075573759,80,75,39,62,0.039453125,0.03491935483870968,0.004533770161290321
MLP,3,0.1,1.0,crp_dataset_8_1_3.csv|crp_dataset_8_1_8.csv|crp_dataset_8_1_4.csv,crp_dataset_8_1_5.csv,0.5,0.44217687074529133,0.6499999999935,65,82,35,74,0.039282226562499994,0.034991496598639454,0.00429072996386054
MLP,3,0.1,1.0,crp_dataset_8_1_3.csv|crp_dataset_8_1_8.csv|crp_dataset_8_1_4.csv,crp_dataset_8_1_7.csv,0.5,0.8602150537588161,0.7272727272694215,160,26,60,10,0.0095703125,0.008736559139784945,0.0008337533602150553
MLP,3,0.1,1.0,crp_dataset_8_1_3.csv|crp_dataset_8_1_8.csv|crp_dataset_8_1_4.csv,crp_dataset_8_1_6.csv,0.5,0.5238095238059605,0.5499999999960715,77,70,63,46,0.026928710937499996,0.02844387755102041,-0.0015151666135204134
MLP,3,0.1,1.0,crp_dataset_8_1_3.csv|crp_dataset_8_1_8.csv|crp_dataset_8_1_4.csv,crp_dataset_8_1_1.csv,0.5,0.5563380281650963,0.6269841269791508,79,63,47,67,0.0252685546875,0.02244718309859155,0.0028213715889084494
MLP,3,0.1,1.0,crp_dataset_8_1_3.csv|crp_dataset_8_1_8.csv|crp_dataset_8_1_6.csv,crp_dataset_8_1_2.csv,0.603701651096344,0.5471698113104307,0.24369747898954874,29,24,90,113,0.039453125,0.028891509433962265,0.010561615566037734
MLP,3,0.1,1.0,crp_dataset_8_1_3.csv|crp_dataset_8_1_8.csv|crp_dataset_8_1_6.csv,crp_dataset_8_1_5.csv,0.603701651096344,0.4177215189820541,0.3299999999967,33,46,67,110,0.039282226562499994,0.03860759493670886,0.0006746316257911361
MLP,3,0.1,1.0,crp_dataset_8_1_3.csv|crp_dataset_8_1_8.csv|crp_dataset_8_1_6.csv,crp_dataset_8_1_7.csv,0.603701651096344,0.8367346938604748,0.18636363636278927,41,8,179,28,0.0095703125,0.009821428571428571,-0.00025111607142857054
MLP,3,0.1,1.0,crp_dataset_8_1_3.csv|crp_dataset_8_1_8.csv|crp_dataset_8_1_6.csv,crp_dataset_8_1_4.csv,0.603701651096344,0.6363636363539945,0.32061068702045337,42,24,89,101,0.023046875,0.01590909090909091,0.0071377840909090905
MLP,3,0.1,1.0,crp_dataset_8_1_3.csv|crp_dataset_8_1_8.csv|crp_dataset_8_1_6.csv,crp_dataset_8_1_1.csv,0.603701651096344,0.5081967213031443,0.24603174602979339,31,30,95,100,0.0252685546875,0.02233606557377049,0.0029324891137295084
MLP,3,0.1,1.0,crp_dataset_8_1_3.csv|crp_dataset_8_1_8.csv|crp_dataset_8_1_1.csv,crp_dataset_8_1_2.csv,0.666147768497467,0.471999999996224,0.4957983193235647,59,66,60,71,0.039453125,0.03785000000000001,0.00160312499999999
MLP,3,0.1,1.0,crp_dataset_8_1_3.csv|crp_dataset_8_1_8.csv|crp_dataset_8_1_1.csv,crp_dataset_8_1_5.csv,0.666147768497467,0.3801652892530565,0.4599999999954,46,75,54,81,0.039282226562499994,0.03972107438016529,-0.00043884781766529574
MLP,3,0.1,1.0,crp_dataset_8_1_3.csv|crp_dataset_8_1_8.csv|crp_dataset_8_1_1.csv,crp_dataset_8_1_7.csv,0.666147768497467,0.8370370370308369,0.513636363634029,113,22,107,14,0.0095703125,0.011296296296296297,-0.0017259837962962966
MLP,3,0.1,1.0,crp_dataset_8_1_3.csv|crp_dataset_8_1_8.csv|crp_dataset_8_1_1.csv,crp_dataset_8_1_4.csv,0.666147768497467,0.5840707964550083,0.5038167938892839,66,47,65,78,0.023046875,0.021736725663716813,0.0013101493362831888
MLP,3,0.1,1.0,crp_dataset_8_1_3.csv|crp_dataset_8_1_8.csv|crp_dataset_8_1_1.csv,crp_dataset_8_1_6.csv,0.666147768497467,0.5575221238888715,0.44999999999678575,63,50,77,66,0.026928710937499996,0.024723451327433626,0.00220525961006637
MLP,3,0.1,1.0,crp_dataset_8_1_3.csv|crp_dataset_8_1_4.csv|crp_dataset_8_1_6.csv,crp_dataset_8_1_2.csv,0.6504355669021606,0.9999999996666666,0.025210084033401595,3,0,116,137,0.039453125,0.0020833333333333333,0.037369791666666666
MLP,3,0.1,1.0,crp_dataset_8_1_3.csv|crp_dataset_8_1_4.csv|crp_dataset_8_1_6.csv,crp_dataset_8_1_5.csv,0.6504355669021606,0.6249999999609375,0.099999999999,10,6,90,150,0.039282226562499994,0.019921875,0.019360351562499996
MLP,3,0.1,1.0,crp_dataset_8_1_3.csv|crp_dataset_8_1_4.csv|crp_dataset_8_1_6.csv,crp_dataset_8_1_7.csv,0.6504355669021606,0.9999999998333333,0.027272727272603308,6,0,214,36,0.0095703125,0.0,0.0095703125
MLP,3,0.1,1.0,crp_dataset_8_1_3.csv|crp_dataset_8_1_4.csv|crp_dataset_8_1_6.csv,crp_dataset_8_1_8.csv,0.6504355669021606,0.874999999890625,0.050724637680791856,7,1,131,117,0.0283203125,0.0046875,0.0236328125
MLP,3,0.1,1.0,crp_dataset_8_1_3.csv|crp_dataset_8_1_4.csv|crp_dataset_8_1_6.csv,crp_dataset_8_1_1.csv,0.6504355669021606,0.36363636360330576,0.03174603174577979,4,7,122,123,0.0252685546875,0.024999999999999998,0.0002685546875000021
MLP,3,0.1,1.0,crp_dataset_8_1_3.csv|crp_dataset_8_1_4.csv|crp_dataset_8_1_1.csv,crp_dataset_8_1_2.csv,0.6240829229354858,0.5365853658471148,0.3697478991565567,44,38,75,99,0.039453125,0.03269817073170732,0.00675495426829268
MLP,3,0.1,1.0,crp_dataset_8_1_3.csv|crp_dataset_8_1_4.csv|crp_dataset_8_1_1.csv,crp_dataset_8_1_5.csv,0.6240829229354858,0.46078431372097267,0.46999999999529996,47,55,53,101,0.039282226562499994,0.03547794117647058,0.0038042853860294143
MLP,3,0.1,1.0,crp_dataset_8_1_3.csv|crp_dataset_8_1_4.csv|crp_dataset_8_1_1.csv,crp_dataset_8_1_7.csv,0.6240829229354858,0.9310344827425684,0.24545454545342976,54,4,166,32,0.0095703125,0.007650862068965517,0.0019194504310344838
MLP,3,0.1,1.0,crp_dataset_8_1_3.csv|crp_dataset_8_1_4.csv|crp_dataset_8_1_1.csv,crp_dataset_8_1_8.csv,0.6240829229354858,0.5760869565154773,0.38405797101170974,53,39,85,79,0.0283203125,0.026290760869565225,0.002029551630434775
MLP,3,0.1,1.0,crp_dataset_8_1_3.csv|crp_dataset_8_1_4.csv|crp_dataset_8_1_1.csv,crp_dataset_8_1_6.csv,0.6240829229354858,0.6623376623290606,0.3642857142831123,51,26,89,90,0.026928710937499996,0.01923701298701299,0.007691697950487006
MLP,3,0.1,1.0,crp_dataset_8_1_3.csv|crp_dataset_8_1_6.csv|crp_dataset_8_1_1.csv,crp_dataset_8_1_2.csv,0.6321271657943726,0.49999999995,0.04201680672233599,5,5,114,132,0.039453125,0.025,0.014453124999999997
MLP,3,0.1,1.0,crp_dataset_8_1_3.csv|crp_dataset_8_1_6.csv|crp_dataset_8_1_1.csv,crp_dataset_8_1_5.csv,0.6321271657943726,0.4999999999807692,0.1299999999987,13,13,87,143,0.039282226562499994,0.040865384615384616,-0.0015831580528846215
MLP,3,0.1,1.0,crp_dataset_8_1_3.csv|crp_dataset_8_1_6.csv|crp_dataset_8_1_1.csv,crp_dataset_8_1_7.csv,0.6321271657943726,0.8461538460887574,0.049999999999772726,11,2,209,34,0.0095703125,0.021153846153846155,-0.011583533653846154
MLP,3,0.1,1.0,crp_dataset_8_1_3.csv|crp_dataset_8_1_6.csv|crp_dataset_8_1_1.csv,crp_dataset_8_1_8.csv,0.6321271657943726,0.4210526315567867,0.05797101449233355,8,11,130,107,0.0283203125,0.05230263157894737,-0.02398231907894737
MLP,3,0.1,1.0,crp_dataset_8_1_3.csv|crp_dataset_8_1_6.csv|crp_dataset_8_1_1.csv,crp_dataset_8_1_4.csv,0.6321271657943726,0.44444444441975306,0.061068702289610165,8,10,123,115,0.023046875,0.01666666666666667,0.0063802083333333315
MLP,3,0.1,1.0,crp_dataset_8_1_2.csv|crp_dataset_8_1_5.csv|crp_dataset_8_1_7.csv,crp_dataset_8_1_3.csv,0.5,0.7199999999928,0.4161849710958602,72,28,101,55,0.0196044921875,0.0171875,0.002416992187499998
MLP,3,0.1,1.0,crp_dataset_8_1_2.csv|crp_dataset_8_1_5.csv|crp_dataset_8_1_7.csv,crp_dataset_8_1_8.csv,0.5,0.5494505494445115,0.3623188405770847,50,41,88,77,0.0283203125,0.02575549450549451,0.002564817994505489
MLP,3,0.1,1.0,crp_dataset_8_1_2.csv|crp_dataset_8_1_5.csv|crp_dataset_8_1_7.csv,crp_dataset_8_1_4.csv,0.5,0.534653465341241,0.41221374045486864,54,47,77,78,0.023046875,0.022957920792079214,8.895420792078695e-05
MLP,3,0.1,1.0,crp_dataset_8_1_2.csv|crp_dataset_8_1_5.csv|crp_dataset_8_1_7.csv,crp_dataset_8_1_6.csv,0.5,0.5566037735796546,0.4214285714255613,59,47,81,69,0.026928710937499996,0.0263561320754717,0.0005725788620282966
MLP,3,0.1,1.0,crp_dataset_8_1_2.csv|crp_dataset_8_1_5.csv|crp_dataset_8_1_7.csv,crp_dataset_8_1_1.csv,0.5,0.6962025316367569,0.43650793650447217,55,24,71,106,0.0252685546875,0.017246835443037976,0.008021719244462024
MLP,3,0.1,1.0,crp_dataset_8_1_2.csv|crp_dataset_8_1_5.csv|crp_dataset_8_1_8.csv,crp_dataset_8_1_3.csv,0.5,0.6867469879435332,0.3294797687842227,57,26,116,57,0.0196044921875,0.01957831325301205,2.6178934487950528e-05
MLP,3,0.1,1.0,crp_dataset_8_1_2.csv|crp_dataset_8_1_5.csv|crp_dataset_8_1_8.csv,crp_dataset_8_1_7.csv,0.5,0.935185185176526,0.45909090908882233,101,7,119,29,0.0095703125,0.0032986111111111115,0.006271701388888889
MLP,3,0.1,1.0,crp_dataset_8_1_2.csv|crp_dataset_8_1_5.csv|crp_dataset_8_1_8.csv,crp_dataset_8_1_4.csv,0.5,0.49999999999342104,0.2900763358756483,38,38,93,87,0.023046875,0.023766447368421054,-0.0007195723684210523
MLP,3,0.1,1.0,crp_dataset_8_1_2.csv|crp_dataset_8_1_5.csv|crp_dataset_8_1_8.csv,crp_dataset_8_1_6.csv,0.5,0.5176470588174394,0.3142857142834694,44,41,96,75,0.026928710937499996,0.030882352941176472,-0.003953642003676476
MLP,3,0.1,1.0,crp_dataset_8_1_2.csv|crp_dataset_8_1_5.csv|crp_dataset_8_1_8.csv,crp_dataset_8_1_1.csv,0.5,0.49295774647193014,0.27777777777557316,35,36,91,94,0.0252685546875,0.02455985915492958,0.0007086955325704206
MLP,3,0.1,1.0,crp_dataset_8_1_2.csv|crp_dataset_8_1_5.csv|crp_dataset_8_1_4.csv,crp_dataset_8_1_3.csv,0.5,0.7916666666336806,0.1098265895947409,19,5,154,78,0.0196044921875,0.009114583333333334,0.010489908854166665
MLP,3,0.1,1.0,crp_dataset_8_1_2.csv|crp_dataset_8_1_5.csv|crp_dataset_8_1_4.csv,crp_dataset_8_1_7.csv,0.5,0.9545454545020661,0.09545454545411157,21,1,199,35,0.0095703125,0.005681818181818182,0.0038884943181818187
MLP,3,0.1,1.0,crp_dataset_8_1_2.csv|crp_dataset_8_1_5.csv|crp_dataset_8_1_4.csv,crp_dataset_8_1_8.csv,0.5,0.7083333333038194,0.1231884057962088,17,7,121,111,0.0283203125,0.0234375,0.0048828125
MLP,3,0.1,1.0,crp_dataset_8_1_2.csv|crp_dataset_8_1_5.csv|crp_dataset_8_1_4.csv,crp_dataset_8_1_6.csv,0.5,0.6399999999744,0.11428571428489796,16,9,124,107,0.026928710937499996,0.0165,0.010428710937499995
MLP,3,0.1,1.0,crp_dataset_8_1_2.csv|crp_dataset_8_1_5.csv|crp_dataset_8_1_4.csv,crp_dataset_8_1_1.csv,0.5,0.49999999996428574,0.055555555555114634,7,7,119,123,0.0252685546875,0.02723214285714286,-0.001963588169642861
MLP,3,0.1,1.0,crp_dataset_8_1_2.csv|crp_dataset_8_1_5.csv|crp_dataset_8_1_6.csv,crp_dataset_8_1_3.csv,0.5,0.0,0.0,0,1,173,82,0.0196044921875,0.05625,-0.036645507812500006
MLP,3,0.1,1.0,crp_dataset_8_1_2.csv|crp_dataset_8_1_5.csv|crp_dataset_8_1_6.csv,crp_dataset_8_1_7.csv,0.5,0.6666666664444444,0.00909090909086777,2,1,218,35,0.0095703125,0.0062499999999999995,0.003320312500000001
MLP,3,0.1,1.0,crp_dataset_8_1_2.csv|crp_dataset_8_1_5.csv|crp_dataset_8_1_6.csv,crp_dataset_8_1_8.csv,0.5,0.0,0.0,0,0,138,118,0.0283203125,,
MLP,3,0.1,1.0,crp_dataset_8_1_2.csv|crp_dataset_8_1_5.csv|crp_dataset_8_1_6.csv,crp_dataset_8_1_4.csv,0.5,0.9999999995,0.015267175572402541,2,0,129,125,0.023046875,0.0,0.023046875
MLP,3,0.1,1.0,crp_dataset_8_1_2.csv|crp_dataset_8_1_5.csv|crp_dataset_8_1_6.csv,crp_dataset_8_1_1.csv,0.5,0.9999999989999999,0.007936507936444948,1,0,125,130,0.0252685546875,0.0,0.0252685546875
MLP,3,0.1,1.0,crp_dataset_8_1_2.csv|crp_dataset_8_1_5.csv|crp_dataset_8_1_1.csv,crp_dataset_8_1_3.csv,0.5,0.9230769230059171,0.06936416184931003,12,1,161,82,0.0196044921875,0.004326923076923077,0.015277569110576922
MLP,3,0.1,1.0,crp_dataset_8_1_2.csv|crp_dataset_8_1_5.csv|crp_dataset_8_1_1.csv,crp_dataset_8_1_7.csv,0.5,0.59999999988,0.013636363636301654,3,2,217,34,0.0095703125,0.03875,-0.0291796875
MLP,3,0.1,1.0,crp_dataset_8_1_2.csv|crp_dataset_8_1_5.csv|crp_dataset_8_1_1.csv,crp_dataset_8_1_8.csv,0.5,0.47826086954442343,0.07971014492695863,11,12,127,106,0.0283203125,0.02445652173913043,0.003863790760869571
MLP,3,0.1,1.0,crp_dataset_8_1_2.csv|crp_dataset_8_1_5.csv|crp_dataset_8_1_1.csv,crp_dataset_8_1_4.csv,0.5,0.7647058823079584,0.09923664122061653,13,4,118,121,0.023046875,0.018014705882352943,0.005032169117647058
MLP,3,0.1,1.0,crp_dataset_8_1_2.csv|crp_dataset_8_1_5.csv|crp_dataset_8_1_1.csv,crp_dataset_8_1_6.csv,0.5,0.705882352899654,0.08571428571367348,12,5,128,111,0.026928710937499996,0.015441176470588236,0.01148753446691176
MLP,3,0.1,1.0,crp_dataset_8_1_2.csv|crp_dataset_8_1_7.csv|crp_dataset_8_1_8.csv,crp_dataset_8_1_3.csv,0.62962806224823,0.6858407079615672,0.8959537572202546,155,71,18,12,0.0196044921875,0.019247787610619467,0.0003567045768805323
MLP,3,0.1,1.0,crp_dataset_8_1_2.csv|crp_dataset_8_1_7.csv|crp_dataset_8_1_8.csv,crp_dataset_8_1_5.csv,0.62962806224823,0.40182648401643,0.8799999999911999,88,131,12,25,0.039282226562499994,0.037699771689497716,0.0015824548730022786
MLP,3,0.1,1.0,crp_dataset_8_1_2.csv|crp_dataset_8_1_7.csv|crp_dataset_8_1_8.csv,crp_dataset_8_1_4.csv,0.62962806224823,0.5180180180156846,0.8778625954131462,115,107,16,18,0.023046875,0.022494369369369372,0.0005525056306306293
MLP,3,0.1,1.0,crp_dataset_8_1_2.csv|crp_dataset_8_1_7.csv|crp_dataset_8_1_8.csv,crp_dataset_8_1_6.csv,0.62962806224823,0.5560747663525417,0.8499999999939286,119,95,21,21,0.026928710937499996,0.025496495327102808,0.0014322156103971882
MLP,3,0.1,1.0,crp_dataset_8_1_2.csv|crp_dataset_8_1_7.csv|crp_dataset_8_1_8.csv,crp_dataset_8_1_1.csv,0.62962806224823,0.502439024387793,0.8174603174538296,103,102,23,28,0.0252685546875,0.02545731707317073,-0.00018876238567073003
MLP,3,0.1,1.0,crp_dataset_8_1_2.csv|crp_dataset_8_1_7.csv|crp_dataset_8_1_4.csv,crp_dataset_8_1_3.csv,0.6454389095306396,0.6363636363520662,0.20231213872715428,35,20,138,63,0.0196044921875,0.02215909090909091,-0.0025545987215909102
MLP,3,0.1,1.0,crp_dataset_8_1_2.csv|crp_dataset_8_1_7.csv|crp_dataset_8_1_4.csv,crp_dataset_8_1_5.csv,0.6454389095306396,0.37254901960053827,0.1899999999981,19,32,81,124,0.039282226562499994,0.0428921568627451,-0.003609930300245104
MLP,3,0.1,1.0,crp_dataset_8_1_2.csv|crp_dataset_8_1_7.csv|crp_dataset_8_1_4.csv,crp_dataset_8_1_8.csv,0.6454389095306396,0.5102040816222407,0.18115942028854234,25,24,113,94,0.0283203125,0.028443877551020413,-0.00012356505102041268
MLP,3,0.1,1.0,crp_dataset_8_1_2.csv|crp_dataset_8_1_7.csv|crp_dataset_8_1_4.csv,crp_dataset_8_1_6.csv,0.6454389095306396,0.5686274509692426,0.20714285714137756,29,22,111,94,0.026928710937499996,0.02708333333333333,-0.00015462239583333495
MLP,3,0.1,1.0,crp_dataset_8_1_2.csv|crp_dataset_8_1_7.csv|crp_dataset_8_1_4.csv,crp_dataset_8_1_1.csv,0.6454389095306396,0.5744680850941603,0.2142857142840136,27,20,99,110,0.0252685546875,0.020877659574468087,0.0043908951130319125
MLP,3,0.1,1.0,crp_dataset_8_1_2.csv|crp_dataset_8_1_7.csv|crp_dataset_8_1_6.csv,crp_dataset_8_1_3.csv,0.6382874846458435,0.717105263153177,0.6300578034645662,109,43,64,40,0.0196044921875,0.016282894736842107,0.003321597450657892
MLP,3,0.1,1.0,crp_dataset_8_1_2.csv|crp_dataset_8_1_7.csv|crp_dataset_8_1_6.csv,crp_dataset_8_1_5.csv,0.6382874846458435,0.44999999999718754,0.7199999999928,72,88,28,68,0.039282226562499994,0.033828125,0.005454101562499994
MLP,3,0.1,1.0,crp_dataset_8_1_2.csv|crp_dataset_8_1_7.csv|crp_dataset_8_1_6.csv,crp_dataset_8_1_8.csv,0.6382874846458435,0.5448717948683022,0.615942028981044,85,71,53,47,0.0283203125,0.02916666666666667,-0.0008463541666666706
MLP,3,0.1,1.0,crp_dataset_8_1_2.csv|crp_dataset_8_1_7.csv|crp_dataset_8_1_6.csv,crp_dataset_8_1_4.csv,0.6382874846458435,0.6308724832172425,0.7175572519029194,94,55,37,70,0.023046875,0.017785234899328862,0.0052616401006711395
MLP,3,0.1,1.0,crp_dataset_8_1_2.csv|crp_dataset_8_1_7.csv|crp_dataset_8_1_6.csv,crp_dataset_8_1_1.csv,0.6382874846458435,0.4930555555521316,0.5634920634875913,71,73,55,57,0.0252685546875,0.023480902777777774,0.0017876519097222258
MLP,3,0.1,1.0,crp_dataset_8_1_2.csv|crp_dataset_8_1_7.csv|crp_dataset_8_1_1.csv,crp_dataset_8_1_3.csv,0.6410186290740967,0.682926829251636,0.16184971098172343,28,13,145,70,0.0196044921875,0.019817073170731708,-0.00021258098323170826
MLP,3,0.1,1.0,crp_dataset_8_1_2.csv|crp_dataset_8_1_7.csv|crp_dataset_8_1_1.csv,crp_dataset_8_1_5.csv,0.6410186290740967,0.3939393939274564,0.1299999999987,13,20,87,136,0.039282226562499994,0.03787878787878789,0.0014034386837121077
MLP,3,0.1,1.0,crp_dataset_8_1_2.csv|crp_dataset_8_1_7.csv|crp_dataset_8_1_1.csv,crp_dataset_8_1_8.csv,0.6410186290740967,0.6666666666419753,0.1304347826077505,18,9,120,109,0.0283203125,0.015046296296296294,0.013274016203703706
MLP,3,0.1,1.0,crp_dataset_8_1_2.csv|crp_dataset_8_1_7.csv|crp_dataset_8_1_1.csv,crp_dataset_8_1_4.csv,0.6410186290740967,0.7179487179303091,0.2137404580136356,28,11,103,114,0.023046875,0.011698717948717947,0.011348157051282054
MLP,3,0.1,1.0,crp_dataset_8_1_2.csv|crp_dataset_8_1_7.csv|crp_dataset_8_1_1.csv,crp_dataset_8_1_6.csv,0.6410186290740967,0.6097560975461036,0.17857142857015307,25,16,115,100,0.026928710937499996,0.019054878048780487,0.007873832888719508
MLP,3,0.1,1.0,crp_dataset_8_1_2.csv|crp_dataset_8_1_8.csv|crp_dataset_8_1_4.csv,crp_dataset_8_1_3.csv,0.6065642833709717,0.7804878048685306,0.36994219652965354,64,18,109,65,0.0196044921875,0.014176829268292683,0.005427662919207316
MLP,3,0.1,1.0,crp_dataset_8_1_2.csv|crp_dataset_8_1_8.csv|crp_dataset_8_1_4.csv,crp_dataset_8_1_5.csv,0.6065642833709717,0.4393939393872819,0.28999999999709997,29,37,71,119,0.039282226562499994,0.028125,0.011157226562499994
MLP,3,0.1,1.0,crp_dataset_8_1_2.csv|crp_dataset_8_1_8.csv|crp_dataset_8_1_4.csv,crp_dataset_8_1_7.csv,0.6065642833709717,0.8481012658120494,0.3045454545440703,67,12,153,24,0.0095703125,0.00949367088607595,7.664161392405104e-05
MLP,3,0.1,1.0,crp_dataset_8_1_2.csv|crp_dataset_8_1_8.csv|crp_dataset_8_1_4.csv,crp_dataset_8_1_6.csv,0.6065642833709717,0.5882352941089966,0.28571428571224494,40,28,100,88,0.026928710937499996,0.024448529411764702,0.0024801815257352935
MLP,3,0.1,1.0,crp_dataset_8_1_2.csv|crp_dataset_8_1_8.csv|crp_dataset_8_1_4.csv,crp_dataset_8_1_1.csv,0.6065642833709717,0.46753246752639566,0.2857142857120181,36,41,90,89,0.0252685546875,0.028490259740259743,-0.003221705052759743
MLP,3,0.1,1.0,crp_dataset_8_1_2.csv|crp_dataset_8_1_8.csv|crp_dataset_8_1_6.csv,crp_dataset_8_1_3.csv,0.7630252242088318,0.0,0.0,0,0,173,83,0.0196044921875,,
MLP,3,0.1,1.0,crp_dataset_8_1_2.csv|crp_dataset_8_1_8.csv|crp_dataset_8_1_6.csv,crp_dataset_8_1_5.csv,0.7630252242088318,0.0,0.0,0,0,100,156,0.039282226562499994,,
MLP,3,0.1,1.0,crp_dataset_8_1_2.csv|crp_dataset_8_1_8.csv|crp_dataset_8_1_6.csv,crp_dataset_8_1_7.csv,0.7630252242088318,0.0,0.0,0,0,220,36,0.0095703125,,
MLP,3,0.1,1.0,crp_dataset_8_1_2.csv|crp_dataset_8_1_8.csv|crp_dataset_8_1_6.csv,crp_dataset_8_1_4.csv,0.7630252242088318,0.0,0.0,0,0,131,125,0.023046875,,
MLP,3,0.1,1.0,crp_dataset_8_1_2.csv|crp_dataset_8_1_8.csv|crp_dataset_8_1_6.csv,crp_dataset_8_1_1.csv,0.7630252242088318,0.49999999975,0.007936507936444948,1,1,125,129,0.0252685546875,0.009375,0.0158935546875
MLP,3,0.1,1.0,crp_dataset_8_1_2.csv|crp_dataset_8_1_8.csv|crp_dataset_8_1_1.csv,crp_dataset_8_1_3.csv,0.6353786587715149,0.7837837837626005,0.16763005780249926,29,8,144,75,0.0196044921875,0.010472972972972972,0.009131519214527027
MLP,3,0.1,1.0,crp_dataset_8_1_2.csv|crp_dataset_8_1_8.csv|crp_dataset_8_1_1.csv,crp_dataset_8_1_5.csv,0.6353786587715149,0.21428571427806123,0.0599999999994,6,22,94,134,0.039282226562499994,0.05379464285714286,-0.014512416294642866
MLP,3,0.1,1.0,crp_dataset_8_1_2.csv|crp_dataset_8_1_8.csv|crp_dataset_8_1_1.csv,crp_dataset_8_1_7.csv,0.6353786587715149,0.8461538460887574,0.049999999999772726,11,2,209,34,0.0095703125,0.004807692307692308,0.004762620192307693
MLP,3,0.1,1.0,crp_dataset_8_1_2.csv|crp_dataset_8_1_8.csv|crp_dataset_8_1_1.csv,crp_dataset_8_1_4.csv,0.6353786587715149,0.7499999999765626,0.18320610686883051,24,8,107,117,0.023046875,0.017578125,0.005468750000000001
MLP,3,0.1,1.0,crp_dataset_8_1_2.csv|crp_dataset_8_1_8.csv|crp_dataset_8_1_1.csv,crp_dataset_8_1_6.csv,0.6353786587715149,0.5937499999814454,0.13571428571331634,19,13,121,103,0.026928710937499996,0.0185546875,0.008374023437499996
MLP,3,0.1,1.0,crp_dataset_8_1_2.csv|crp_dataset_8_1_4.csv|crp_dataset_8_1_6.csv,crp_dataset_8_1_3.csv,0.6356582641601562,0.8235294117162629,0.08092485549086172,14,3,159,80,0.0196044921875,0.009558823529411765,0.010045668658088234
MLP,3,0.1,1.0,crp_dataset_8_1_2.csv|crp_dataset_8_1_4.csv|crp_dataset_8_1_6.csv,crp_dataset_8_1_5.csv,0.6356582641601562,0.35714285711734695,0.0499999999995,5,9,95,147,0.039282226562499994,0.029910714285714287,0.009371512276785707
MLP,3,0.1,1.0,crp_dataset_8_1_2.csv|crp_dataset_8_1_4.csv|crp_dataset_8_1_6.csv,crp_dataset_8_1_7.csv,0.6356582641601562,0.8888888887901234,0.03636363636347108,8,1,212,35,0.0095703125,0.002777777777777778,0.006792534722222222
MLP,3,0.1,1.0,crp_dataset_8_1_2.csv|crp_dataset_8_1_4.csv|crp_dataset_8_1_6.csv,crp_dataset_8_1_8.csv,0.6356582641601562,0.6666666665925925,0.04347826086925016,6,3,132,115,0.0283203125,0.041666666666666664,-0.013346354166666664
MLP,3,0.1,1.0,crp_dataset_8_1_2.csv|crp_dataset_8_1_4.csv|crp_dataset_8_1_6.csv,crp_dataset_8_1_1.csv,0.6356582641601562,0.6842105262797784,0.10317460317378432,13,6,113,124,0.0252685546875,0.008223684210526315,0.017044870476973686
MLP,3,0.1,1.0,crp_dataset_8_1_2.csv|crp_dataset_8_1_4.csv|crp_dataset_8_1_1.csv,crp_dataset_8_1_3.csv,0.6575989127159119,0.8571428571122449,0.13872832369862007,24,4,149,79,0.0196044921875,0.007366071428571428,0.012238420758928571
MLP,3,0.1,1.0,crp_dataset_8_1_2.csv|crp_dataset_8_1_4.csv|crp_dataset_8_1_1.csv,crp_dataset_8_1_5.csv,0.6575989127159119,0.3448275861950059,0.099999999999,10,19,90,137,0.039282226562499994,0.048060344827586206,-0.008778118265086211
MLP,3,0.1,1.0,crp_dataset_8_1_2.csv|crp_dataset_8_1_4.csv|crp_dataset_8_1_1.csv,crp_dataset_8_1_7.csv,0.6575989127159119,0.928571428505102,0.0590909090906405,13,1,207,35,0.0095703125,0.011160714285714286,-0.0015904017857142853
MLP,3,0.1,1.0,crp_dataset_8_1_2.csv|crp_dataset_8_1_4.csv|crp_dataset_8_1_1.csv,crp_dataset_8_1_8.csv,0.6575989127159119,0.47368421050138504,0.06521739130387524,9,10,129,108,0.0283203125,0.03453947368421053,-0.00621916118421053
MLP,3,0.1,1.0,crp_dataset_8_1_2.csv|crp_dataset_8_1_4.csv|crp_dataset_8_1_1.csv,crp_dataset_8_1_6.csv,0.6575989127159119,0.7777777777489712,0.14999999999892857,21,6,119,110,0.026928710937499996,0.01273148148148148,0.014197229456018515
MLP,3,0.1,1.0,crp_dataset_8_1_2.csv|crp_dataset_8_1_6.csv|crp_dataset_8_1_1.csv,crp_dataset_8_1_3.csv,0.5,0.7831325301110466,0.37572254335042937,65,18,108,65,0.0196044921875,0.012198795180722893,0.007405697006777106
MLP,3,0.1,1.0,crp_dataset_8_1_2.csv|crp_dataset_8_1_6.csv|crp_dataset_8_1_1.csv,crp_dataset_8_1_5.csv,0.5,0.4038461538422707,0.4199999999958,42,62,58,94,0.039282226562499994,0.04417067307692308,-0.004888446514423085
MLP,3,0.1,1.0,crp_dataset_8_1_2.csv|crp_dataset_8_1_6.csv|crp_dataset_8_1_1.csv,crp_dataset_8_1_7.csv,0.5,0.8965517241224733,0.236363636362562,52,6,168,30,0.0095703125,0.005818965517241379,0.003751346982758622
MLP,3,0.1,1.0,crp_dataset_8_1_2.csv|crp_dataset_8_1_6.csv|crp_dataset_8_1_1.csv,crp_dataset_8_1_8.csv,0.5,0.441558441552707,0.2463768115924176,34,43,104,75,0.0283203125,0.03961038961038962,-0.011290077110389617
MLP,3,0.1,1.0,crp_dataset_8_1_2.csv|crp_dataset_8_1_6.csv|crp_dataset_8_1_1.csv,crp_dataset_8_1_4.csv,0.5,0.6067415730268905,0.41221374045486864,54,35,77,90,0.023046875,0.017064606741573035,0.005982268258426966
MLP,3,0.1,1.0,crp_dataset_8_1_5.csv|crp_dataset_8_1_7.csv|crp_dataset_8_1_8.csv,crp_dataset_8_1_3.csv,0.6172400116920471,0.662162162153214,0.283236994218016,49,25,124,58,0.0196044921875,0.02381756756756757,-0.004213075380067571
MLP,3,0.1,1.0,crp_dataset_8_1_5.csv|crp_dataset_8_1_7.csv|crp_dataset_8_1_8.csv,crp_dataset_8_1_2.csv,0.6172400116920471,0.48648648647991233,0.30252100840081914,36,38,83,99,0.039453125,0.034290540540540544,0.005162584459459454
MLP,3,0.1,1.0,crp_dataset_8_1_5.csv|crp_dataset_8_1_7.csv|crp_dataset_8_1_8.csv,crp_dataset_8_1_4.csv,0.6172400116920471,0.4590163934350981,0.2137404580136356,28,33,103,92,0.023046875,0.02653688524590164,-0.0034900102459016376
MLP,3,0.1,1.0,crp_dataset_8_1_5.csv|crp_dataset_8_1_7.csv|crp_dataset_8_1_8.csv,crp_dataset_8_1_6.csv,0.6172400116920471,0.5479452054719459,0.28571428571224494,40,33,100,83,0.026928710937499996,0.02748287671232877,-0.0005541657748287729
MLP,3,0.1,1.0,crp_dataset_8_1_5.csv|crp_dataset_8_1_7.csv|crp_dataset_8_1_8.csv,crp_dataset_8_1_1.csv,0.6172400116920471,0.5322580645075442,0.2619047619026833,33,29,93,101,0.0252685546875,0.025806451612903226,-0.0005378969254032258
MLP,3,0.1,1.0,crp_dataset_8_1_5.csv|crp_dataset_8_1_7.csv|crp_dataset_8_1_4.csv,crp_dataset_8_1_3.csv,0.6703601479530334,0.59999999988,0.017341040462327508,3,2,170,81,0.0196044921875,0.017499999999999998,0.002104492187500001
MLP,3,0.1,1.0,crp_dataset_8_1_5.csv|crp_dataset_8_1_7.csv|crp_dataset_8_1_4.csv,crp_dataset_8_1_2.csv,0.6703601479530334,0.6666666664444444,0.016806722688934395,2,1,117,136,0.039453125,0.020833333333333332,0.018619791666666666
MLP,3,0.1,1.0,crp_dataset_8_1_5.csv|crp_dataset_8_1_7.csv|crp_dataset_8_1_4.csv,crp_dataset_8_1_8.csv,0.6703601479530334,0.9999999996666666,0.02173913043462508,3,0,135,118,0.0283203125,0.0020833333333333333,0.026236979166666667
MLP,3,0.1,1.0,crp_dataset_8_1_5.csv|crp_dataset_8_1_7.csv|crp_dataset_8_1_4.csv,crp_dataset_8_1_6.csv,0.6703601479530334,0.0,0.0,0,3,140,113,0.026928710937499996,0.06874999999999999,-0.041821289062499996
MLP,3,0.1,1.0,crp_dataset_8_1_5.csv|crp_dataset_8_1_7.csv|crp_dataset_8_1_4.csv,crp_dataset_8_1_1.csv,0.6703601479530334,0.0,0.0,0,3,126,127,0.0252685546875,0.03958333333333334,-0.014314778645833338
MLP,3,0.1,1.0,crp_dataset_8_1_5.csv|crp_dataset_8_1_7.csv|crp_dataset_8_1_6.csv,crp_dataset_8_1_3.csv,0.6043410301208496,0.8888888888559671,0.13872832369862007,24,3,149,80,0.0196044921875,0.004629629629629629,0.01497486255787037
MLP,3,0.1,1.0,crp_dataset_8_1_5.csv|crp_dataset_8_1_7.csv|crp_dataset_8_1_6.csv,crp_dataset_8_1_2.csv,0.6043410301208496,0.5652173912797731,0.10924369747807358,13,10,106,127,0.039453125,0.022826086956521736,0.016627038043478263
MLP,3,0.1,1.0,crp_dataset_8_1_5.csv|crp_dataset_8_1_7.csv|crp_dataset_8_1_6.csv,crp_dataset_8_1_8.csv,0.6043410301208496,0.6111111110941359,0.15942028985391726,22,14,116,104,0.0283203125,0.027604166666666666,0.0007161458333333343
MLP,3,0.1,1.0,crp_dataset_8_1_5.csv|crp_dataset_8_1_7.csv|crp_dataset_8_1_6.csv,crp_dataset_8_1_4.csv,0.6043410301208496,0.6052631578788089,0.17557251908262922,23,15,108,110,0.023046875,0.017269736842105265,0.005777138157894737
MLP,3,0.1,1.0,crp_dataset_8_1_5.csv|crp_dataset_8_1_7.csv|crp_dataset_8_1_6.csv,crp_dataset_8_1_1.csv,0.6043410301208496,0.6249999999804688,0.15873015872889895,20,12,106,118,0.0252685546875,0.0224609375,0.0028076171875
MLP,3,0.1,1.0,crp_dataset_8_1_5.csv|crp_dataset_8_1_7.csv|crp_dataset_8_1_1.csv,crp_dataset_8_1_3.csv,0.6281985640525818,0.682926829251636,0.16184971098172343,28,13,145,70,0.0196044921875,0.016310975609756098,0.003293516577743901
MLP,3,0.1,1.0,crp_dataset_8_1_5.csv|crp_dataset_8_1_7.csv|crp_dataset_8_1_1.csv,crp_dataset_8_1_2.csv,0.6281985640525818,0.5428571428416327,0.15966386554487677,19,16,100,121,0.039453125,0.03767857142857143,0.0017745535714285693
MLP,3,0.1,1.0,crp_dataset_8_1_5.csv|crp_dataset_8_1_7.csv|crp_dataset_8_1_1.csv,crp_dataset_8_1_8.csv,0.6281985640525818,0.6842105262797784,0.09420289855004202,13,6,125,112,0.0283203125,0.019078947368421053,0.009241365131578947
MLP,3,0.1,1.0,crp_dataset_8_1_5.csv|crp_dataset_8_1_7.csv|crp_dataset_8_1_1.csv,crp_dataset_8_1_4.csv,0.6281985640525818,0.6666666666419753,0.13740458015162288,18,9,113,116,0.023046875,0.013888888888888888,0.009157986111111113
MLP,3,0.1,1.0,crp_dataset_8_1_5.csv|crp_dataset_8_1_7.csv|crp_dataset_8_1_1.csv,crp_dataset_8_1_6.csv,0.6281985640525818,0.6111111110997943,0.23571428571260206,33,21,107,95,0.026928710937499996,0.024884259259259262,0.0020444516782407336
MLP,3,0.1,1.0,crp_dataset_8_1_5.csv|crp_dataset_8_1_8.csv|crp_dataset_8_1_4.csv,crp_dataset_8_1_3.csv,0.5,0.6949152542255099,0.2369942196518093,41,18,132,65,0.0196044921875,0.02002118644067797,-0.00041669425317797035
MLP,3,0.1,1.0,crp_dataset_8_1_5.csv|crp_dataset_8_1_8.csv|crp_dataset_8_1_4.csv,crp_dataset_8_1_2.csv,0.5,0.46874999999267575,0.252100840334016,30,34,89,103,0.039453125,0.04072265625,-0.0012695312500000042
MLP,3,0.1,1.0,crp_dataset_8_1_5.csv|crp_dataset_8_1_8.csv|crp_dataset_8_1_4.csv,crp_dataset_8_1_7.csv,0.5,0.9014084506915294,0.2909090909077686,64,7,156,29,0.0095703125,0.007042253521126761,0.00252805897887324
MLP,3,0.1,1.0,crp_dataset_8_1_5.csv|crp_dataset_8_1_8.csv|crp_dataset_8_1_4.csv,crp_dataset_8_1_6.csv,0.5,0.5178571428478954,0.20714285714137756,29,27,111,89,0.026928710937499996,0.025781250000000002,0.0011474609374999938
MLP,3,0.1,1.0,crp_dataset_8_1_5.csv|crp_dataset_8_1_8.csv|crp_dataset_8_1_4.csv,crp_dataset_8_1_1.csv,0.5,0.5454545454446281,0.23809523809334845,30,25,96,105,0.0252685546875,0.026022727272727274,-0.0007541725852272738
MLP,3,0.1,1.0,crp_dataset_8_1_5.csv|crp_dataset_8_1_8.csv|crp_dataset_8_1_6.csv,crp_dataset_8_1_3.csv,0.611506462097168,0.6666666666111111,0.04624277456620669,8,4,165,79,0.0196044921875,0.024479166666666663,-0.004874674479166664
MLP,3,0.1,1.0,crp_dataset_8_1_5.csv|crp_dataset_8_1_8.csv|crp_dataset_8_1_6.csv,crp_dataset_8_1_2.csv,0.611506462097168,0.5333333332977778,0.06722689075573758,8,7,111,130,0.039453125,0.043750000000000004,-0.0042968750000000056
MLP,3,0.1,1.0,crp_dataset_8_1_5.csv|crp_dataset_8_1_8.csv|crp_dataset_8_1_6.csv,crp_dataset_8_1_7.csv,0.611506462097168,0.8823529411245675,0.06818181818150827,15,2,205,34,0.0095703125,0.009191176470588236,0.0003791360294117651
MLP,3,0.1,1.0,crp_dataset_8_1_5.csv|crp_dataset_8_1_8.csv|crp_dataset_8_1_6.csv,crp_dataset_8_1_4.csv,0.611506462097168,0.9090909090082645,0.07633587786201271,10,1,121,124,0.023046875,0.003977272727272727,0.019069602272727276
MLP,3,0.1,1.0,crp_dataset_8_1_5.csv|crp_dataset_8_1_8.csv|crp_dataset_8_1_6.csv,crp_dataset_8_1_1.csv,0.611506462097168,0.69999999993,0.055555555555114634,7,3,119,127,0.0252685546875,0.005,0.0202685546875
MLP,3,0.1,1.0,crp_dataset_8_1_5.csv|crp_dataset_8_1_8.csv|crp_dataset_8_1_1.csv,crp_dataset_8_1_3.csv,0.5,0.6896551724019025,0.23121387283103345,40,18,133,65,0.0196044921875,0.017780172413793104,0.001824319773706895
MLP,3,0.1,1.0,crp_dataset_8_1_5.csv|crp_dataset_8_1_8.csv|crp_dataset_8_1_1.csv,crp_dataset_8_1_2.csv,0.5,0.46774193547632675,0.24369747898954874,29,33,90,104,0.039453125,0.03760080645161291,0.0018523185483870913
MLP,3,0.1,1.0,crp_dataset_8_1_5.csv|crp_dataset_8_1_8.csv|crp_dataset_8_1_1.csv,crp_dataset_8_1_7.csv,0.5,0.8965517241276258,0.354545454543843,78,9,142,27,0.0095703125,0.0056752873563218394,0.0038950251436781613
MLP,3,0.1,1.0,crp_dataset_8_1_5.csv|crp_dataset_8_1_8.csv|crp_dataset_8_1_1.csv,crp_dataset_8_1_4.csv,0.5,0.531914893605704,0.19083969465503178,25,22,106,103,0.023046875,0.021675531914893617,0.0013713430851063843
MLP,3,0.1,1.0,crp_dataset_8_1_5.csv|crp_dataset_8_1_8.csv|crp_dataset_8_1_1.csv,crp_dataset_8_1_6.csv,0.5,0.5483870967653486,0.2428571428554082,34,28,106,88,0.026928710937499996,0.025403225806451612,0.001525485131048384
MLP,3,0.1,1.0,crp_dataset_8_1_5.csv|crp_dataset_8_1_4.csv|crp_dataset_8_1_6.csv,crp_dataset_8_1_3.csv,0.5,0.6666666665925925,0.034682080924655016,6,3,167,80,0.0196044921875,0.015277777777777779,0.00432671440972222
MLP,3,0.1,1.0,crp_dataset_8_1_5.csv|crp_dataset_8_1_4.csv|crp_dataset_8_1_6.csv,crp_dataset_8_1_2.csv,0.5,0.749999999953125,0.10084033613360638,12,4,107,133,0.039453125,0.024218749999999997,0.015234375000000001
MLP,3,0.1,1.0,crp_dataset_8_1_5.csv|crp_dataset_8_1_4.csv|crp_dataset_8_1_6.csv,crp_dataset_8_1_7.csv,0.5,0.7857142856581633,0.049999999999772726,11,3,209,33,0.0095703125,0.020535714285714286,-0.010965401785714285
MLP,3,0.1,1.0,crp_dataset_8_1_5.csv|crp_dataset_8_1_4.csv|crp_dataset_8_1_6.csv,crp_dataset_8_1_8.csv,0.5,0.59999999994,0.04347826086925016,6,4,132,114,0.0283203125,0.024375,0.003945312499999999
MLP,3,0.1,1.0,crp_dataset_8_1_5.csv|crp_dataset_8_1_4.csv|crp_dataset_8_1_6.csv,crp_dataset_8_1_1.csv,0.5,0.588235294083045,0.07936507936444948,10,7,116,123,0.0252685546875,0.018014705882352943,0.007253848805147057
MLP,3,0.1,1.0,crp_dataset_8_1_5.csv|crp_dataset_8_1_4.csv|crp_dataset_8_1_1.csv,crp_dataset_8_1_3.csv,0.5,0.5714285713469388,0.023121387283103347,4,3,169,80,0.0196044921875,0.03482142857142857,-0.015216936383928573
MLP,3,0.1,1.0,crp_dataset_8_1_5.csv|crp_dataset_8_1_4.csv|crp_dataset_8_1_1.csv,crp_dataset_8_1_2.csv,0.5,0.8333333331944445,0.04201680672233599,5,1,114,136,0.039453125,0.0020833333333333333,0.037369791666666666
MLP,3,0.1,1.0,crp_dataset_8_1_5.csv|crp_dataset_8_1_4.csv|crp_dataset_8_1_1.csv,crp_dataset_8_1_7.csv,0.5,0.9999999998,0.02272727272716942,5,0,215,36,0.0095703125,0.0,0.0095703125
MLP,3,0.1,1.0,crp_dataset_8_1_5.csv|crp_dataset_8_1_4.csv|crp_dataset_8_1_1.csv,crp_dataset_8_1_8.csv,0.5,0.5714285713469388,0.028985507246166775,4,3,134,115,0.0283203125,0.043750000000000004,-0.015429687500000004
MLP,3,0.1,1.0,crp_dataset_8_1_5.csv|crp_dataset_8_1_4.csv|crp_dataset_8_1_1.csv,crp_dataset_8_1_6.csv,0.5,0.6666666665555555,0.02857142857122449,4,2,136,114,0.026928710937499996,0.019791666666666666,0.00713704427083333
MLP,3,0.1,1.0,crp_dataset_8_1_5.csv|crp_dataset_8_1_6.csv|crp_dataset_8_1_1.csv,crp_dataset_8_1_3.csv,0.5,0.8333333331944445,0.02890173410387918,5,1,168,82,0.0196044921875,0.008333333333333333,0.011271158854166666
MLP,3,0.1,1.0,crp_dataset_8_1_5.csv|crp_dataset_8_1_6.csv|crp_dataset_8_1_1.csv,crp_dataset_8_1_2.csv,0.5,0.6666666665925925,0.05042016806680319,6,3,113,134,0.039453125,0.029166666666666667,0.010286458333333331
MLP,3,0.1,1.0,crp_dataset_8_1_5.csv|crp_dataset_8_1_6.csv|crp_dataset_8_1_1.csv,crp_dataset_8_1_7.csv,0.5,0.7142857141836735,0.02272727272716942,5,2,215,34,0.0095703125,0.008928571428571428,0.0006417410714285726
MLP,3,0.1,1.0,crp_dataset_8_1_5.csv|crp_dataset_8_1_6.csv|crp_dataset_8_1_1.csv,crp_dataset_8_1_8.csv,0.5,0.624999999921875,0.03623188405770847,5,3,133,115,0.0283203125,0.02421875,0.004101562499999999
MLP,3,0.1,1.0,crp_dataset_8_1_5.csv|crp_dataset_8_1_6.csv|crp_dataset_8_1_1.csv,crp_dataset_8_1_4.csv,0.5,0.89999999991,0.06870229007581144,9,1,122,124,0.023046875,0.00625,0.016796875000000003
MLP,3,0.1,1.0,crp_dataset_8_1_7.csv|crp_dataset_8_1_8.csv|crp_dataset_8_1_4.csv,crp_dataset_8_1_3.csv,0.6369942426681519,0.6666666666608186,0.4393063583789636,76,38,97,45,0.0196044921875,0.021546052631578945,-0.0019415604440789457
MLP,3,0.1,1.0,crp_dataset_8_1_7.csv|crp_dataset_8_1_8.csv|crp_dataset_8_1_4.csv,crp_dataset_8_1_2.csv,0.6369942426681519,0.4263565891439818,0.4621848739456959,55,74,64,63,0.039453125,0.04583333333333334,-0.006380208333333338
MLP,3,0.1,1.0,crp_dataset_8_1_7.csv|crp_dataset_8_1_8.csv|crp_dataset_8_1_4.csv,crp_dataset_8_1_5.csv,0.6369942426681519,0.4199999999958,0.4199999999958,42,58,58,98,0.039282226562499994,0.0379375,0.0013447265624999954
MLP,3,0.1,1.0,crp_dataset_8_1_7.csv|crp_dataset_8_1_8.csv|crp_dataset_8_1_4.csv,crp_dataset_8_1_6.csv,0.6369942426681519,0.5327868852415345,0.464285714282398,65,57,75,59,0.026928710937499996,0.027305327868852456,-0.0003766169313524602
MLP,3,0.1,1.0,crp_dataset_8_1_7.csv|crp_dataset_8_1_8.csv|crp_dataset_8_1_4.csv,crp_dataset_8_1_1.csv,0.6369942426681519,0.5338983050802212,0.49999999999603173,63,55,63,75,0.0252685546875,0.023516949152542377,0.0017516055349576232
MLP,3,0.1,1.0,crp_dataset_8_1_7.csv|crp_dataset_8_1_8.csv|crp_dataset_8_1_6.csv,crp_dataset_8_1_3.csv,0.6099496483802795,0.7407407407361684,0.6936416184931004,120,42,53,41,0.0196044921875,0.015432098765432098,0.004172393422067901
MLP,3,0.1,1.0,crp_dataset_8_1_7.csv|crp_dataset_8_1_8.csv|crp_dataset_8_1_6.csv,crp_dataset_8_1_2.csv,0.6099496483802795,0.5442176870711278,0.6722689075573759,80,67,39,70,0.039453125,0.03218537414965987,0.007267750850340128
MLP,3,0.1,1.0,crp_dataset_8_1_7.csv|crp_dataset_8_1_8.csv|crp_dataset_8_1_6.csv,crp_dataset_8_1_5.csv,0.6099496483802795,0.40404040403836344,0.799999999992,80,118,20,38,0.039282226562499994,0.0382260101010101,0.0010562164614898936
MLP,3,0.1,1.0,crp_dataset_8_1_7.csv|crp_dataset_8_1_8.csv|crp_dataset_8_1_6.csv,crp_dataset_8_1_4.csv,0.6099496483802795,0.6363636363600207,0.8549618320545423,112,64,19,61,0.023046875,0.01573153409090909,0.00731534090909091
MLP,3,0.1,1.0,crp_dataset_8_1_7.csv|crp_dataset_8_1_8.csv|crp_dataset_8_1_6.csv,crp_dataset_8_1_1.csv,0.6099496483802795,0.4873417721488143,0.611111111106261,77,81,49,49,0.0252685546875,0.02543512658227848,-0.00016657189477848125
MLP,3,0.1,1.0,crp_dataset_8_1_7.csv|crp_dataset_8_1_8.csv|crp_dataset_8_1_1.csv,crp_dataset_8_1_3.csv,0.633158266544342,0.7878787878668503,0.3005780346803435,52,14,121,69,0.0196044921875,0.015151515151515152,0.004452977035984847
MLP,3,0.1,1.0,crp_dataset_8_1_7.csv|crp_dataset_8_1_8.csv|crp_dataset_8_1_1.csv,crp_dataset_8_1_2.csv,0.633158266544342,0.4534883720877501,0.3277310924342207,39,47,80,90,0.039453125,0.04164244186046512,-0.0021893168604651195
MLP,3,0.1,1.0,crp_dataset_8_1_7.csv|crp_dataset_8_1_8.csv|crp_dataset_8_1_1.csv,crp_dataset_8_1_5.csv,0.633158266544342,0.5714285714169096,0.2799999999972,28,21,72,135,0.039282226562499994,0.02181122448979592,0.017471002072704075
MLP,3,0.1,1.0,crp_dataset_8_1_7.csv|crp_dataset_8_1_8.csv|crp_dataset_8_1_1.csv,crp_dataset_8_1_4.csv,0.633158266544342,0.5396825396739733,0.2595419847308432,34,29,97,96,0.023046875,0.022817460317460316,0.0002294146825396852
MLP,3,0.1,1.0,crp_dataset_8_1_7.csv|crp_dataset_8_1_8.csv|crp_dataset_8_1_1.csv,crp_dataset_8_1_6.csv,0.633158266544342,0.5111111111054321,0.32857142856908167,46,44,94,72,0.026928710937499996,0.028680555555555553,-0.001751844618055557
MLP,3,0.1,1.0,crp_dataset_8_1_7.csv|crp_dataset_8_1_4.csv|crp_dataset_8_1_6.csv,crp_dataset_8_1_3.csv,0.6192020773887634,0.742857142850068,0.45086705202051525,78,27,95,56,0.0196044921875,0.014285714285714285,0.005318777901785714
MLP,3,0.1,1.0,crp_dataset_8_1_7.csv|crp_dataset_8_1_4.csv|crp_dataset_8_1_6.csv,crp_dataset_8_1_2.csv,0.6192020773887634,0.49999999999418604,0.36134453781208953,43,43,76,94,0.039453125,0.035973837209302334,0.0034792877906976646
MLP,3,0.1,1.0,crp_dataset_8_1_7.csv|crp_dataset_8_1_4.csv|crp_dataset_8_1_6.csv,crp_dataset_8_1_5.csv,0.6192020773887634,0.4508196721274523,0.5499999999945,55,67,45,89,0.039282226562499994,0.03447745901639345,0.004804767546106543
MLP,3,0.1,1.0,crp_dataset_8_1_7.csv|crp_dataset_8_1_4.csv|crp_dataset_8_1_6.csv,crp_dataset_8_1_8.csv,0.6192020773887634,0.5396825396782565,0.4927536231848352,68,58,70,60,0.0283203125,0.02906746031746032,-0.0007471478174603183
MLP,3,0.1,1.0,crp_dataset_8_1_7.csv|crp_dataset_8_1_4.csv|crp_dataset_8_1_6.csv,crp_dataset_8_1_1.csv,0.6192020773887634,0.4799999999952,0.3809523809493575,48,52,78,78,0.0252685546875,0.023874999999999997,0.001393554687500003
MLP,3,0.1,1.0,crp_dataset_8_1_7.csv|crp_dataset_8_1_4.csv|crp_dataset_8_1_1.csv,crp_dataset_8_1_3.csv,0.732621967792511,0.6428571428418368,0.15606936416094758,27,15,146,68,0.0196044921875,0.02142857142857143,-0.0018240792410714295
MLP,3,0.1,1.0,crp_dataset_8_1_7.csv|crp_dataset_8_1_4.csv|crp_dataset_8_1_1.csv,crp_dataset_8_1_2.csv,0.732621967792511,0.48648648647333825,0.15126050420040957,18,19,101,118,0.039453125,0.03361486486486487,0.00583826013513513
MLP,3,0.1,1.0,crp_dataset_8_1_7.csv|crp_dataset_8_1_4.csv|crp_dataset_8_1_1.csv,crp_dataset_8_1_5.csv,0.732621967792511,0.33333333332323234,0.10999999999889999,11,22,89,134,0.039282226562499994,0.03977272727272727,-0.0004905007102272776
MLP,3,0.1,1.0,crp_dataset_8_1_7.csv|crp_dataset_8_1_4.csv|crp_dataset_8_1_1.csv,crp_dataset_8_1_8.csv,0.732621967792511,0.624999999984375,0.18115942028854234,25,15,113,103,0.0283203125,0.029218749999999998,-0.0008984374999999982
MLP,3,0.1,1.0,crp_dataset_8_1_7.csv|crp_dataset_8_1_4.csv|crp_dataset_8_1_1.csv,crp_dataset_8_1_6.csv,0.732621967792511,0.5090909090816529,0.19999999999857143,28,27,112,89,0.026928710937499996,0.02772727272727273,-0.000798561789772733
MLP,3,0.1,1.0,crp_dataset_8_1_7.csv|crp_dataset_8_1_6.csv|crp_dataset_8_1_1.csv,crp_dataset_8_1_3.csv,0.6697690486907959,0.7752808988676935,0.39884393063353274,69,20,104,63,0.0196044921875,0.0125,0.007104492187499999
MLP,3,0.1,1.0,crp_dataset_8_1_7.csv|crp_dataset_8_1_6.csv|crp_dataset_8_1_1.csv,crp_dataset_8_1_2.csv,0.6697690486907959,0.5342465753351473,0.3277310924342207,39,34,80,103,0.039453125,0.03219178082191781,0.007261344178082191
MLP,3,0.1,1.0,crp_dataset_8_1_7.csv|crp_dataset_8_1_6.csv|crp_dataset_8_1_1.csv,crp_dataset_8_1_5.csv,0.6697690486907959,0.4404761904709467,0.3699999999963,37,47,63,109,0.039282226562499994,0.0337797619047619,0.005502464657738092
MLP,3,0.1,1.0,crp_dataset_8_1_7.csv|crp_dataset_8_1_6.csv|crp_dataset_8_1_1.csv,crp_dataset_8_1_8.csv,0.6697690486907959,0.5238095238012094,0.2391304347808759,33,30,105,88,0.0283203125,0.026190476190476195,0.0021298363095238054
MLP,3,0.1,1.0,crp_dataset_8_1_7.csv|crp_dataset_8_1_6.csv|crp_dataset_8_1_1.csv,crp_dataset_8_1_4.csv,0.6697690486907959,0.6799999999909333,0.38931297709626483,51,24,80,101,0.023046875,0.01425,0.008796875000000001
MLP,3,0.1,1.0,crp_dataset_8_1_8.csv|crp_dataset_8_1_4.csv|crp_dataset_8_1_6.csv,crp_dataset_8_1_3.csv,0.5,0.7663551401797537,0.4739884393036186,82,25,91,58,0.0196044921875,0.01191588785046729,0.007688604337032709
MLP,3,0.1,1.0,crp_dataset_8_1_8.csv|crp_dataset_8_1_4.csv|crp_dataset_8_1_6.csv,crp_dataset_8_1_2.csv,0.5,0.504424778756598,0.4789915966346303,57,56,62,81,0.039453125,0.037002212389380534,0.0024509126106194642
MLP,3,0.1,1.0,crp_dataset_8_1_8.csv|crp_dataset_8_1_4.csv|crp_dataset_8_1_6.csv,crp_dataset_8_1_5.csv,0.5,0.4374999999969618,0.6299999999936999,63,81,37,75,0.039282226562499994,0.03780381944444444,0.0014784071180555525
MLP,3,0.1,1.0,crp_dataset_8_1_8.csv|crp_dataset_8_1_4.csv|crp_dataset_8_1_6.csv,crp_dataset_8_1_7.csv,0.5,0.8737864077585069,0.4090909090890496,90,13,130,23,0.0095703125,0.009344660194174757,0.0002256523058252434
MLP,3,0.1,1.0,crp_dataset_8_1_8.csv|crp_dataset_8_1_4.csv|crp_dataset_8_1_6.csv,crp_dataset_8_1_1.csv,0.5,0.5575221238888715,0.49999999999603173,63,50,63,80,0.0252685546875,0.01913716814159292,0.006131386545907079
MLP,3,0.1,1.0,crp_dataset_8_1_8.csv|crp_dataset_8_1_4.csv|crp_dataset_8_1_1.csv,crp_dataset_8_1_3.csv,0.6009442806243896,0.7777777777633745,0.24277456647258513,42,12,131,71,0.0196044921875,0.013541666666666665,0.006062825520833334
MLP,3,0.1,1.0,crp_dataset_8_1_8.csv|crp_dataset_8_1_4.csv|crp_dataset_8_1_1.csv,crp_dataset_8_1_2.csv,0.6009442806243896,0.4878048780368828,0.16806722688934397,20,21,99,116,0.039453125,0.03795731707317073,0.0014958079268292679
MLP,3,0.1,1.0,crp_dataset_8_1_8.csv|crp_dataset_8_1_4.csv|crp_dataset_8_1_1.csv,crp_dataset_8_1_5.csv,0.6009442806243896,0.3913043478175804,0.1799999999982,18,28,82,128,0.039282226562499994,0.04619565217391304,-0.006913425611413046
MLP,3,0.1,1.0,crp_dataset_8_1_8.csv|crp_dataset_8_1_4.csv|crp_dataset_8_1_1.csv,crp_dataset_8_1_7.csv,0.6009442806243896,0.9218749999855956,0.26818181818059916,59,5,161,31,0.0095703125,0.006640625000000001,0.0029296875
MLP,3,0.1,1.0,crp_dataset_8_1_8.csv|crp_dataset_8_1_4.csv|crp_dataset_8_1_1.csv,crp_dataset_8_1_6.csv,0.6009442806243896,0.5624999999882813,0.19285714285576533,27,21,113,95,0.026928710937499996,0.02200520833333333,0.004923502604166664
MLP,3,0.1,1.0,crp_dataset_8_1_8.csv|crp_dataset_8_1_6.csv|crp_dataset_8_1_1.csv,crp_dataset_8_1_3.csv,0.6180332899093628,0.7777777777654321,0.283236994218016,49,14,124,69,0.0196044921875,0.012996031746031745,0.006608460441468254
MLP,3,0.1,1.0,crp_dataset_8_1_8.csv|crp_dataset_8_1_6.csv|crp_dataset_8_1_1.csv,crp_dataset_8_1_2.csv,0.6180332899093628,0.6585365853497919,0.22689075630061437,27,14,92,123,0.039453125,0.018292682926829267,0.02116044207317073
MLP,3,0.1,1.0,crp_dataset_8_1_8.csv|crp_dataset_8_1_6.csv|crp_dataset_8_1_1.csv,crp_dataset_8_1_5.csv,0.6180332899093628,0.509433962254539,0.2699999999973,27,26,73,130,0.039282226562499994,0.0277122641509434,0.011569962411556594
MLP,3,0.1,1.0,crp_dataset_8_1_8.csv|crp_dataset_8_1_6.csv|crp_dataset_8_1_1.csv,crp_dataset_8_1_7.csv,0.6180332899093628,0.860465116259059,0.16818181818105374,37,6,183,30,0.0095703125,0.005959302325581395,0.003611010174418606
MLP,3,0.1,1.0,crp_dataset_8_1_8.csv|crp_dataset_8_1_6.csv|crp_dataset_8_1_1.csv,crp_dataset_8_1_4.csv,0.6180332899093628,0.6428571428456633,0.27480916030324576,36,20,95,105,0.023046875,0.01595982142857143,0.0070870535714285705
MLP,3,0.1,1.0,crp_dataset_8_1_4.csv|crp_dataset_8_1_6.csv|crp_dataset_8_1_1.csv,crp_dataset_8_1_3.csv,0.723838746547699,0.0,0.0,0,0,173,83,0.0196044921875,,
MLP,3,0.1,1.0,crp_dataset_8_1_4.csv|crp_dataset_8_1_6.csv|crp_dataset_8_1_1.csv,crp_dataset_8_1_2.csv,0.723838746547699,0.0,0.0,0,0,119,137,0.039453125,,
MLP,3,0.1,1.0,crp_dataset_8_1_4.csv|crp_dataset_8_1_6.csv|crp_dataset_8_1_1.csv,crp_dataset_8_1_5.csv,0.723838746547699,0.0,0.0,0,0,100,156,0.039282226562499994,,
MLP,3,0.1,1.0,crp_dataset_8_1_4.csv|crp_dataset_8_1_6.csv|crp_dataset_8_1_1.csv,crp_dataset_8_1_7.csv,0.723838746547699,0.0,0.0,0,0,220,36,0.0095703125,,
MLP,3,0.1,1.0,crp_dataset_8_1_4.csv|crp_dataset_8_1_6.csv|crp_dataset_8_1_1.csv,crp_dataset_8_1_8.csv,0.723838746547699,0.0,0.0,0,0,138,118,0.0283203125,,
MLP,4,0.1,1.0,crp_dataset_8_1_3.csv|crp_dataset_8_1_2.csv|crp_dataset_8_1_5.csv|crp_dataset_8_1_7.csv,crp_dataset_8_1_8.csv,0.6080380082130432,0.7142857142346939,0.07246376811541694,10,4,128,114,0.0283203125,0.013839285714285712,0.014481026785714288
MLP,4,0.1,1.0,crp_dataset_8_1_3.csv|crp_dataset_8_1_2.csv|crp_dataset_8_1_5.csv|crp_dataset_8_1_7.csv,crp_dataset_8_1_4.csv,0.6080380082130432,0.499999999975,0.07633587786201271,10,10,121,115,0.023046875,0.027499999999999997,-0.004453124999999995
MLP,4,0.1,1.0,crp_dataset_8_1_3.csv|crp_dataset_8_1_2.csv|crp_dataset_8_1_5.csv|crp_dataset_8_1_7.csv,crp_dataset_8_1_6.csv,0.6080380082130432,0.7857142856581633,0.07857142857086735,11,3,129,113,0.026928710937499996,0.016517857142857143,0.010410853794642853
MLP,4,0.1,1.0,crp_dataset_8_1_3.csv|crp_dataset_8_1_2.csv|crp_dataset_8_1_5.csv|crp_dataset_8_1_7.csv,crp_dataset_8_1_1.csv,0.6080380082130432,0.7222222221820987,0.10317460317378432,13,5,113,125,0.0252685546875,0.016319444444444445,0.008949110243055555
MLP,4,0.1,1.0,crp_dataset_8_1_3.csv|crp_dataset_8_1_2.csv|crp_dataset_8_1_5.csv|crp_dataset_8_1_8.csv,crp_dataset_8_1_7.csv,0.5,0.8725490195992887,0.40454545454361573,89,13,131,23,0.0095703125,0.009375,0.00019531250000000104
MLP,4,0.1,1.0,crp_dataset_8_1_3.csv|crp_dataset_8_1_2.csv|crp_dataset_8_1_5.csv|crp_dataset_8_1_8.csv,crp_dataset_8_1_4.csv,0.5,0.5740740740687585,0.4732824427444788,62,46,69,79,0.023046875,0.019502314814814813,0.0035445601851851888
MLP,4,0.1,1.0,crp_dataset_8_1_3.csv|crp_dataset_8_1_2.csv|crp_dataset_8_1_5.csv|crp_dataset_8_1_8.csv,crp_dataset_8_1_6.csv,0.5,0.6321839080387105,0.39285714285433676,55,32,85,84,0.026928710937499996,0.020905172413793104,0.006023538523706892
MLP,4,0.1,1.0,crp_dataset_8_1_3.csv|crp_dataset_8_1_2.csv|crp_dataset_8_1_5.csv|crp_dataset_8_1_8.csv,crp_dataset_8_1_1.csv,0.5,0.5999999999929412,0.40476190475869234,51,34,75,96,0.0252685546875,0.01875,0.006518554687500001
MLP,4,0.1,1.0,crp_dataset_8_1_3.csv|crp_dataset_8_1_2.csv|crp_dataset_8_1_5.csv|crp_dataset_8_1_4.csv,crp_dataset_8_1_7.csv,0.6270748376846313,0.9199999999816001,0.2090909090899587,46,4,174,32,0.0095703125,0.00575,0.003820312500000001
MLP,4,0.1,1.0,crp_dataset_8_1_3.csv|crp_dataset_8_1_2.csv|crp_dataset_8_1_5.csv|crp_dataset_8_1_4.csv,crp_dataset_8_1_8.csv,0.6270748376846313,0.7222222222021606,0.18840579710008404,26,10,112,108,0.0283203125,0.01701388888888889,0.011306423611111109
MLP,4,0.1,1.0,crp_dataset_8_1_3.csv|crp_dataset_8_1_2.csv|crp_dataset_8_1_5.csv|crp_dataset_8_1_4.csv,crp_dataset_8_1_6.csv,0.6270748376846313,0.9130434782410208,0.29999999999785715,42,4,98,112,0.026928710937499996,0.002717391304347826,0.02421131963315217
MLP,4,0.1,1.0,crp_dataset_8_1_3.csv|crp_dataset_8_1_2.csv|crp_dataset_8_1_5.csv|crp_dataset_8_1_4.csv,crp_dataset_8_1_1.csv,0.6270748376846313,0.6666666666464647,0.17460317460178887,22,11,104,119,0.0252685546875,0.016098484848484848,0.009170069839015152
MLP,4,0.1,1.0,crp_dataset_8_1_3.csv|crp_dataset_8_1_2.csv|crp_dataset_8_1_5.csv|crp_dataset_8_1_6.csv,crp_dataset_8_1_7.csv,0.6777665019035339,0.9999999989999999,0.004545454545433885,1,0,219,36,0.0095703125,0.0,0.0095703125
MLP,4,0.1,1.0,crp_dataset_8_1_3.csv|crp_dataset_8_1_2.csv|crp_dataset_8_1_5.csv|crp_dataset_8_1_6.csv,crp_dataset_8_1_8.csv,0.6777665019035339,0.9999999989999999,0.007246376811541694,1,0,137,118,0.0283203125,0.00625,0.0220703125
MLP,4,0.1,1.0,crp_dataset_8_1_3.csv|crp_dataset_8_1_2.csv|crp_dataset_8_1_5.csv|crp_dataset_8_1_6.csv,crp_dataset_8_1_4.csv,0.6777665019035339,0.74999999990625,0.04580152671720763,6,2,125,123,0.023046875,0.01796875,0.005078125000000003
MLP,4,0.1,1.0,crp_dataset_8_1_3.csv|crp_dataset_8_1_2.csv|crp_dataset_8_1_5.csv|crp_dataset_8_1_6.csv,crp_dataset_8_1_1.csv,0.6777665019035339,0.6666666665555555,0.03174603174577979,4,2,122,128,0.0252685546875,0.011458333333333334,0.013810221354166666
MLP,4,0.1,1.0,crp_dataset_8_1_3.csv|crp_dataset_8_1_2.csv|crp_dataset_8_1_5.csv|crp_dataset_8_1_1.csv,crp_dataset_8_1_7.csv,0.6443953514099121,0.0,0.0,0,0,220,36,0.0095703125,,
MLP,4,0.1,1.0,crp_dataset_8_1_3.csv|crp_dataset_8_1_2.csv|crp_dataset_8_1_5.csv|crp_dataset_8_1_1.csv,crp_dataset_8_1_8.csv,0.6443953514099121,0.0,0.0,0,2,138,116,0.0283203125,0.075,-0.0466796875
MLP,4,0.1,1.0,crp_dataset_8_1_3.csv|crp_dataset_8_1_2.csv|crp_dataset_8_1_5.csv|crp_dataset_8_1_1.csv,crp_dataset_8_1_4.csv,0.6443953514099121,0.49999999975,0.007633587786201271,1,1,130,124,0.023046875,0.00625,0.016796875000000003
MLP,4,0.1,1.0,crp_dataset_8_1_3.csv|crp_dataset_8_1_2.csv|crp_dataset_8_1_5.csv|crp_dataset_8_1_1.csv,crp_dataset_8_1_6.csv,0.6443953514099121,0.0,0.0,0,0,140,116,0.026928710937499996,,
MLP,4,0.1,1.0,crp_dataset_8_1_3.csv|crp_dataset_8_1_2.csv|crp_dataset_8_1_7.csv|crp_dataset_8_1_8.csv,crp_dataset_8_1_5.csv,0.6012091040611267,0.4453781512567615,0.5299999999946999,53,66,47,90,0.039282226562499994,0.03707983193277311,0.002202394629726885
MLP,4,0.1,1.0,crp_dataset_8_1_3.csv|crp_dataset_8_1_2.csv|crp_dataset_8_1_7.csv|crp_dataset_8_1_8.csv,crp_dataset_8_1_4.csv,0.6012091040611267,0.6371681415872816,0.5496183206064915,72,41,59,84,0.023046875,0.0163716814159292,0.0066751935840708015
MLP,4,0.1,1.0,crp_dataset_8_1_3.csv|crp_dataset_8_1_2.csv|crp_dataset_8_1_7.csv|crp_dataset_8_1_8.csv,crp_dataset_8_1_6.csv,0.6012091040611267,0.6162790697602758,0.3785714285687245,53,33,87,83,0.026928710937499996,0.023909883720930225,0.0030188272165697708
MLP,4,0.1,1.0,crp_dataset_8_1_3.csv|crp_dataset_8_1_2.csv|crp_dataset_8_1_7.csv|crp_dataset_8_1_8.csv,crp_dataset_8_1_1.csv,0.6012091040611267,0.5888888888823457,0.42063492063158225,53,37,73,93,0.0252685546875,0.021805555555555554,0.0034629991319444463
MLP,4,0.1,1.0,crp_dataset_8_1_3.csv|crp_dataset_8_1_2.csv|crp_dataset_8_1_7.csv|crp_dataset_8_1_4.csv,crp_dataset_8_1_5.csv,0.6264453530311584,0.42236024844458164,0.6799999999931999,68,93,32,63,0.039282226562499994,0.03858695652173913,0.0006952700407608647
MLP,4,0.1,1.0,crp_dataset_8_1_3.csv|crp_dataset_8_1_2.csv|crp_dataset_8_1_7.csv|crp_dataset_8_1_4.csv,crp_dataset_8_1_8.csv,0.6264453530311584,0.5666666666628889,0.615942028981044,85,65,53,53,0.0283203125,0.025208333333333336,0.003111979166666664
MLP,4,0.1,1.0,crp_dataset_8_1_3.csv|crp_dataset_8_1_2.csv|crp_dataset_8_1_7.csv|crp_dataset_8_1_4.csv,crp_dataset_8_1_6.csv,0.6264453530311584,0.634482758616314,0.6571428571381633,92,53,48,63,0.026928710937499996,0.020689655172413793,0.006239055765086203
MLP,4,0.1,1.0,crp_dataset_8_1_3.csv|crp_dataset_8_1_2.csv|crp_dataset_8_1_7.csv|crp_dataset_8_1_4.csv,crp_dataset_8_1_1.csv,0.6264453530311584,0.548872180447001,0.5793650793604812,73,60,53,70,0.0252685546875,0.01978383458646617,0.005484720101033829
MLP,4,0.1,1.0,crp_dataset_8_1_3.csv|crp_dataset_8_1_2.csv|crp_dataset_8_1_7.csv|crp_dataset_8_1_6.csv,crp_dataset_8_1_5.csv,0.6057354807853699,0.4121621621593773,0.6099999999939,61,87,39,69,0.039282226562499994,0.036951013513513514,0.00233121304898648
MLP,4,0.1,1.0,crp_dataset_8_1_3.csv|crp_dataset_8_1_2.csv|crp_dataset_8_1_7.csv|crp_dataset_8_1_6.csv,crp_dataset_8_1_8.csv,0.6057354807853699,0.47580645160906604,0.4275362318809599,59,65,79,53,0.0283203125,0.03306451612903225,-0.004744203629032252
MLP,4,0.1,1.0,crp_dataset_8_1_3.csv|crp_dataset_8_1_2.csv|crp_dataset_8_1_7.csv|crp_dataset_8_1_6.csv,crp_dataset_8_1_4.csv,0.6057354807853699,0.6821705426303708,0.6717557251857118,88,41,43,84,0.023046875,0.013905038759689922,0.00914183624031008
MLP,4,0.1,1.0,crp_dataset_8_1_3.csv|crp_dataset_8_1_2.csv|crp_dataset_8_1_7.csv|crp_dataset_8_1_6.csv,crp_dataset_8_1_1.csv,0.6057354807853699,0.5699999999943,0.45238095237736203,57,43,69,87,0.0252685546875,0.01875,0.006518554687500001
MLP,4,0.1,1.0,crp_dataset_8_1_3.csv|crp_dataset_8_1_2.csv|crp_dataset_8_1_7.csv|crp_dataset_8_1_1.csv,crp_dataset_8_1_5.csv,0.664838433265686,0.4769230769157396,0.3099999999969,31,34,69,122,0.039282226562499994,0.03442307692307692,0.004859149639423077
MLP,4,0.1,1.0,crp_dataset_8_1_3.csv|crp_dataset_8_1_2.csv|crp_dataset_8_1_7.csv|crp_dataset_8_1_1.csv,crp_dataset_8_1_8.csv,0.664838433265686,0.509433962254539,0.19565217391162573,27,26,111,92,0.0283203125,0.03938679245283019,-0.011066479952830187
MLP,4,0.1,1.0,crp_dataset_8_1_3.csv|crp_dataset_8_1_2.csv|crp_dataset_8_1_7.csv|crp_dataset_8_1_1.csv,crp_dataset_8_1_4.csv,0.664838433265686,0.690909090896529,0.2900763358756483,38,17,93,108,0.023046875,0.012727272727272726,0.010319602272727275
MLP,4,0.1,1.0,crp_dataset_8_1_3.csv|crp_dataset_8_1_2.csv|crp_dataset_8_1_7.csv|crp_dataset_8_1_1.csv,crp_dataset_8_1_6.csv,0.664838433265686,0.679245283006052,0.2571428571410204,36,17,104,99,0.026928710937499996,0.016745283018867924,0.010183427918632072
MLP,4,0.1,1.0,crp_dataset_8_1_3.csv|crp_dataset_8_1_2.csv|crp_dataset_8_1_8.csv|crp_dataset_8_1_4.csv,crp_dataset_8_1_5.csv,0.6164122819900513,0.608695652147448,0.1399999999986,14,9,86,147,0.039282226562499994,0.034782608695652174,0.00449961786684782
MLP,4,0.1,1.0,crp_dataset_8_1_3.csv|crp_dataset_8_1_2.csv|crp_dataset_8_1_8.csv|crp_dataset_8_1_4.csv,crp_dataset_8_1_7.csv,0.6164122819900513,0.9285714285493198,0.1772727272719215,39,3,181,33,0.0095703125,0.002976190476190476,0.006594122023809525
MLP,4,0.1,1.0,crp_dataset_8_1_3.csv|crp_dataset_8_1_2.csv|crp_dataset_8_1_8.csv|crp_dataset_8_1_4.csv,crp_dataset_8_1_6.csv,0.6164122819900513,0.781249999975586,0.17857142857015307,25,7,115,109,0.026928710937499996,0.008007812500000001,0.018920898437499993
MLP,4,0.1,1.0,crp_dataset_8_1_3.csv|crp_dataset_8_1_2.csv|crp_dataset_8_1_8.csv|crp_dataset_8_1_4.csv,crp_dataset_8_1_1.csv,0.6164122819900513,0.6071428571211734,0.13492063491956413,17,11,109,119,0.0252685546875,0.01941964285714286,0.005848911830357139
MLP,4,0.1,1.0,crp_dataset_8_1_3.csv|crp_dataset_8_1_2.csv|crp_dataset_8_1_8.csv|crp_dataset_8_1_6.csv,crp_dataset_8_1_5.csv,0.6366780400276184,0.45631067960722027,0.46999999999529996,47,56,53,100,0.039282226562499994,0.031067961165048542,0.008214265397451452
MLP,4,0.1,1.0,crp_dataset_8_1_3.csv|crp_dataset_8_1_2.csv|crp_dataset_8_1_8.csv|crp_dataset_8_1_6.csv,crp_dataset_8_1_7.csv,0.6366780400276184,0.8999999999871429,0.28636363636233475,63,7,157,29,0.0095703125,0.006160714285714285,0.0034095982142857157
MLP,4,0.1,1.0,crp_dataset_8_1_3.csv|crp_dataset_8_1_2.csv|crp_dataset_8_1_8.csv|crp_dataset_8_1_6.csv,crp_dataset_8_1_4.csv,0.6366780400276184,0.7142857142784256,0.534351145034089,70,28,61,97,0.023046875,0.012563775510204081,0.01048309948979592
MLP,4,0.1,1.0,crp_dataset_8_1_3.csv|crp_dataset_8_1_2.csv|crp_dataset_8_1_8.csv|crp_dataset_8_1_6.csv,crp_dataset_8_1_1.csv,0.6366780400276184,0.6049382715974698,0.3888888888858025,49,32,77,98,0.0252685546875,0.016589506172839507,0.008679048514660493
MLP,4,0.1,1.0,crp_dataset_8_1_3.csv|crp_dataset_8_1_2.csv|crp_dataset_8_1_8.csv|crp_dataset_8_1_1.csv,crp_dataset_8_1_5.csv,0.6064601540565491,0.4725274725222799,0.4299999999957,43,48,57,108,0.039282226562499994,0.033104395604395605,0.00617783095810439
MLP,4,0.1,1.0,crp_dataset_8_1_3.csv|crp_dataset_8_1_2.csv|crp_dataset_8_1_8.csv|crp_dataset_8_1_1.csv,crp_dataset_8_1_7.csv,0.6064601540565491,0.9066666666545777,0.30909090908950415,68,7,152,29,0.0095703125,0.0072499999999999995,0.002320312500000001
MLP,4,0.1,1.0,crp_dataset_8_1_3.csv|crp_dataset_8_1_2.csv|crp_dataset_8_1_8.csv|crp_dataset_8_1_1.csv,crp_dataset_8_1_4.csv,0.6064601540565491,0.6744186046433207,0.4427480915996737,58,28,73,97,0.023046875,0.013808139534883721,0.00923873546511628
MLP,4,0.1,1.0,crp_dataset_8_1_3.csv|crp_dataset_8_1_2.csv|crp_dataset_8_1_8.csv|crp_dataset_8_1_1.csv,crp_dataset_8_1_6.csv,0.6064601540565491,0.7166666666547222,0.3071428571406633,43,17,97,99,0.026928710937499996,0.016666666666666666,0.01026204427083333
MLP,4,0.1,1.0,crp_dataset_8_1_3.csv|crp_dataset_8_1_2.csv|crp_dataset_8_1_4.csv|crp_dataset_8_1_6.csv,crp_dataset_8_1_5.csv,0.60930997133255,0.41860465115305573,0.1799999999982,18,25,82,131,0.039282226562499994,0.03313953488372093,0.006142691678779066
MLP,4,0.1,1.0,crp_dataset_8_1_3.csv|crp_dataset_8_1_2.csv|crp_dataset_8_1_4.csv|crp_dataset_8_1_6.csv,crp_dataset_8_1_7.csv,0.60930997133255,0.9999999998888889,0.04090909090890496,9,0,211,36,0.0095703125,0.0006944444444444445,0.008875868055555557
MLP,4,0.1,1.0,crp_dataset_8_1_3.csv|crp_dataset_8_1_2.csv|crp_dataset_8_1_4.csv|crp_dataset_8_1_6.csv,crp_dataset_8_1_8.csv,0.60930997133255,0.46153846152662725,0.1304347826077505,18,21,120,97,0.0283203125,0.04070512820512821,-0.012384815705128213
MLP,4,0.1,1.0,crp_dataset_8_1_3.csv|crp_dataset_8_1_2.csv|crp_dataset_8_1_4.csv|crp_dataset_8_1_6.csv,crp_dataset_8_1_1.csv,0.60930997133255,0.5428571428416327,0.15079365079245402,19,16,107,114,0.0252685546875,0.022321428571428572,0.002947126116071428
MLP,4,0.1,1.0,crp_dataset_8_1_3.csv|crp_dataset_8_1_2.csv|crp_dataset_8_1_4.csv|crp_dataset_8_1_1.csv,crp_dataset_8_1_5.csv,0.6429746747016907,0.4827586206841062,0.4199999999958,42,45,58,111,0.039282226562499994,0.0339080459770115,0.005374180585488497
MLP,4,0.1,1.0,crp_dataset_8_1_3.csv|crp_dataset_8_1_2.csv|crp_dataset_8_1_4.csv|crp_dataset_8_1_1.csv,crp_dataset_8_1_7.csv,0.6429746747016907,0.9074074073906037,0.22272727272626033,49,5,171,31,0.0095703125,0.004050925925925926,0.005519386574074075
MLP,4,0.1,1.0,crp_dataset_8_1_3.csv|crp_dataset_8_1_2.csv|crp_dataset_8_1_4.csv|crp_dataset_8_1_1.csv,crp_dataset_8_1_8.csv,0.6429746747016907,0.44927536231232934,0.2246376811577925,31,38,107,80,0.0283203125,0.042934782608695654,-0.014614470108695654
MLP,4,0.1,1.0,crp_dataset_8_1_3.csv|crp_dataset_8_1_2.csv|crp_dataset_8_1_4.csv|crp_dataset_8_1_1.csv,crp_dataset_8_1_6.csv,0.6429746747016907,0.7209302325497566,0.44285714285397965,62,24,78,92,0.026928710937499996,0.01366279069767442,0.013265920239825577
MLP,4,0.1,1.0,crp_dataset_8_1_3.csv|crp_dataset_8_1_2.csv|crp_dataset_8_1_6.csv|crp_dataset_8_1_1.csv,crp_dataset_8_1_5.csv,0.6082029342651367,0.44036697247302414,0.4799999999952,48,61,52,95,0.039282226562499994,0.03537844036697248,0.003903786195527517
MLP,4,0.1,1.0,crp_dataset_8_1_3.csv|crp_dataset_8_1_2.csv|crp_dataset_8_1_6.csv|crp_dataset_8_1_1.csv,crp_dataset_8_1_7.csv,0.6082029342651367,0.8730158730020157,0.24999999999886366,55,8,165,28,0.0095703125,0.005952380952380952,0.0036179315476190486
MLP,4,0.1,1.0,crp_dataset_8_1_3.csv|crp_dataset_8_1_2.csv|crp_dataset_8_1_6.csv|crp_dataset_8_1_1.csv,crp_dataset_8_1_8.csv,0.6082029342651367,0.4639175257684132,0.3260869565193762,45,52,93,66,0.0283203125,0.03350515463917526,-0.005184842139175257
MLP,4,0.1,1.0,crp_dataset_8_1_3.csv|crp_dataset_8_1_2.csv|crp_dataset_8_1_6.csv|crp_dataset_8_1_1.csv,crp_dataset_8_1_4.csv,0.6082029342651367,0.653061224483132,0.4885496183168813,64,34,67,91,0.023046875,0.01588010204081633,0.007166772959183672
MLP,4,0.1,1.0,crp_dataset_8_1_3.csv|crp_dataset_8_1_5.csv|crp_dataset_8_1_7.csv|crp_dataset_8_1_8.csv,crp_dataset_8_1_2.csv,0.6342852115631104,0.5740740740634431,0.26050420167848315,31,23,88,114,0.039453125,0.031018518518518525,0.008434606481481473
MLP,4,0.1,1.0,crp_dataset_8_1_3.csv|crp_dataset_8_1_5.csv|crp_dataset_8_1_7.csv|crp_dataset_8_1_8.csv,crp_dataset_8_1_4.csv,0.6342852115631104,0.5106382978614759,0.18320610686883051,24,23,107,102,0.023046875,0.027127659574468083,-0.004080784574468081
MLP,4,0.1,1.0,crp_dataset_8_1_3.csv|crp_dataset_8_1_5.csv|crp_dataset_8_1_7.csv|crp_dataset_8_1_8.csv,crp_dataset_8_1_6.csv,0.6342852115631104,0.49206349205568156,0.22142857142698982,31,32,109,84,0.026928710937499996,0.029662698412698415,-0.002733987475198419
MLP,4,0.1,1.0,crp_dataset_8_1_3.csv|crp_dataset_8_1_5.csv|crp_dataset_8_1_7.csv|crp_dataset_8_1_8.csv,crp_dataset_8_1_1.csv,0.6342852115631104,0.5757575757401286,0.15079365079245402,19,14,107,116,0.0252685546875,0.02556818181818182,-0.00029962713068181976
MLP,4,0.1,1.0,crp_dataset_8_1_3.csv|crp_dataset_8_1_5.csv|crp_dataset_8_1_7.csv|crp_dataset_8_1_4.csv,crp_dataset_8_1_2.csv,0.6171700954437256,0.437499999993164,0.23529411764508157,28,36,91,101,0.039453125,0.044238281250000004,-0.0047851562500000056
MLP,4,0.1,1.0,crp_dataset_8_1_3.csv|crp_dataset_8_1_5.csv|crp_dataset_8_1_7.csv|crp_dataset_8_1_4.csv,crp_dataset_8_1_8.csv,0.6171700954437256,0.5735294117562716,0.28260869565012603,39,29,99,89,0.0283203125,0.021783088235294117,0.006537224264705883
MLP,4,0.1,1.0,crp_dataset_8_1_3.csv|crp_dataset_8_1_5.csv|crp_dataset_8_1_7.csv|crp_dataset_8_1_4.csv,crp_dataset_8_1_6.csv,0.6171700954437256,0.5405405405332359,0.28571428571224494,40,34,100,82,0.026928710937499996,0.02736486486486487,-0.000436153927364874
MLP,4,0.1,1.0,crp_dataset_8_1_3.csv|crp_dataset_8_1_5.csv|crp_dataset_8_1_7.csv|crp_dataset_8_1_4.csv,crp_dataset_8_1_1.csv,0.6171700954437256,0.6896551724019025,0.3174603174577979,40,18,86,112,0.0252685546875,0.015948275862068966,0.009320278825431034
MLP,4,0.1,1.0,crp_dataset_8_1_3.csv|crp_dataset_8_1_5.csv|crp_dataset_8_1_7.csv|crp_dataset_8_1_6.csv,crp_dataset_8_1_2.csv,0.6119138598442078,0.6888888888735804,0.26050420167848315,31,14,88,123,0.039453125,0.020694444444444446,0.018758680555555553
MLP,4,0.1,1.0,crp_dataset_8_1_3.csv|crp_dataset_8_1_5.csv|crp_dataset_8_1_7.csv|crp_dataset_8_1_6.csv,crp_dataset_8_1_8.csv,0.6119138598442078,0.6428571428418368,0.19565217391162573,27,15,111,103,0.0283203125,0.022470238095238095,0.005850074404761905
MLP,4,0.1,1.0,crp_dataset_8_1_3.csv|crp_dataset_8_1_5.csv|crp_dataset_8_1_7.csv|crp_dataset_8_1_6.csv,crp_dataset_8_1_4.csv,0.6119138598442078,0.7884615384463758,0.3129770992342521,41,11,90,114,0.023046875,0.009134615384615387,0.013912259615384615
MLP,4,0.1,1.0,crp_dataset_8_1_3.csv|crp_dataset_8_1_5.csv|crp_dataset_8_1_7.csv|crp_dataset_8_1_6.csv,crp_dataset_8_1_1.csv,0.6119138598442078,0.6315789473518006,0.19047619047467876,24,14,102,116,0.0252685546875,0.01430921052631579,0.01095934416118421
MLP,4,0.1,1.0,crp_dataset_8_1_3.csv|crp_dataset_8_1_5.csv|crp_dataset_8_1_7.csv|crp_dataset_8_1_1.csv,crp_dataset_8_1_2.csv,0.6003985404968262,0.6239316239262912,0.6134453781461054,73,44,46,93,0.039453125,0.024519230769230772,0.014933894230769226
MLP,4,0.1,1.0,crp_dataset_8_1_3.csv|crp_dataset_8_1_5.csv|crp_dataset_8_1_7.csv|crp_dataset_8_1_1.csv,crp_dataset_8_1_8.csv,0.6003985404968262,0.559322033893565,0.4782608695617518,66,52,72,66,0.0283203125,0.022934322033898308,0.005385990466101692
MLP,4,0.1,1.0,crp_dataset_8_1_3.csv|crp_dataset_8_1_5.csv|crp_dataset_8_1_7.csv|crp_dataset_8_1_1.csv,crp_dataset_8_1_4.csv,0.6003985404968262,0.648648648644266,0.7328244274753221,96,52,35,73,0.023046875,0.016807432432432434,0.006239442567567567
MLP,4,0.1,1.0,crp_dataset_8_1_3.csv|crp_dataset_8_1_5.csv|crp_dataset_8_1_7.csv|crp_dataset_8_1_1.csv,crp_dataset_8_1_6.csv,0.6003985404968262,0.7168141592856919,0.5785714285672959,81,32,59,84,0.026928710937499996,0.017367256637168142,0.009561454300331854
MLP,4,0.1,1.0,crp_dataset_8_1_3.csv|crp_dataset_8_1_5.csv|crp_dataset_8_1_8.csv|crp_dataset_8_1_4.csv,crp_dataset_8_1_2.csv,0.686665415763855,0.6666666664444444,0.016806722688934395,2,1,117,136,0.039453125,0.02291666666666667,0.01653645833333333
MLP,4,0.1,1.0,crp_dataset_8_1_3.csv|crp_dataset_8_1_5.csv|crp_dataset_8_1_8.csv|crp_dataset_8_1_4.csv,crp_dataset_8_1_7.csv,0.686665415763855,0.9999999998,0.02272727272716942,5,0,215,36,0.0095703125,0.00125,0.008320312500000001
MLP,4,0.1,1.0,crp_dataset_8_1_3.csv|crp_dataset_8_1_5.csv|crp_dataset_8_1_8.csv|crp_dataset_8_1_4.csv,crp_dataset_8_1_6.csv,0.686665415763855,0.499999999875,0.014285714285612245,2,2,138,114,0.026928710937499996,0.05,-0.023071289062500007
MLP,4,0.1,1.0,crp_dataset_8_1_3.csv|crp_dataset_8_1_5.csv|crp_dataset_8_1_8.csv|crp_dataset_8_1_4.csv,crp_dataset_8_1_1.csv,0.686665415763855,0.9999999996666666,0.023809523809334845,3,0,123,130,0.0252685546875,0.0,0.0252685546875
MLP,4,0.1,1.0,crp_dataset_8_1_3.csv|crp_dataset_8_1_5.csv|crp_dataset_8_1_8.csv|crp_dataset_8_1_6.csv,crp_dataset_8_1_2.csv,0.6108930706977844,0.5483870967565037,0.14285714285594237,17,14,102,123,0.039453125,0.02318548387096774,0.01626764112903226
MLP,4,0.1,1.0,crp_dataset_8_1_3.csv|crp_dataset_8_1_5.csv|crp_dataset_8_1_8.csv|crp_dataset_8_1_6.csv,crp_dataset_8_1_7.csv,0.6108930706977844,0.9487179486936227,0.16818181818105374,37,2,183,34,0.0095703125,0.0054487179487179484,0.004121594551282052
MLP,4,0.1,1.0,crp_dataset_8_1_3.csv|crp_dataset_8_1_5.csv|crp_dataset_8_1_8.csv|crp_dataset_8_1_6.csv,crp_dataset_8_1_4.csv,0.6108930706977844,0.7187499999775392,0.17557251908262922,23,9,108,116,0.023046875,0.01171875,0.011328125000000001
MLP,4,0.1,1.0,crp_dataset_8_1_3.csv|crp_dataset_8_1_5.csv|crp_dataset_8_1_8.csv|crp_dataset_8_1_6.csv,crp_dataset_8_1_1.csv,0.6108930706977844,0.7142857142517007,0.11904761904667423,15,6,111,124,0.0252685546875,0.0125,0.0127685546875
MLP,4,0.1,1.0,crp_dataset_8_1_3.csv|crp_dataset_8_1_5.csv|crp_dataset_8_1_8.csv|crp_dataset_8_1_1.csv,crp_dataset_8_1_2.csv,0.5,0.5396825396739733,0.28571428571188473,34,29,85,108,0.039453125,0.031349206349206356,0.008103918650793643
MLP,4,0.1,1.0,crp_dataset_8_1_3.csv|crp_dataset_8_1_5.csv|crp_dataset_8_1_8.csv|crp_dataset_8_1_1.csv,crp_dataset_8_1_7.csv,0.5,0.8208955223758075,0.24999999999886366,55,12,165,24,0.0095703125,0.01166044776119403,-0.00209013526119403
MLP,4,0.1,1.0,crp_dataset_8_1_3.csv|crp_dataset_8_1_5.csv|crp_dataset_8_1_8.csv|crp_dataset_8_1_1.csv,crp_dataset_8_1_4.csv,0.5,0.6575342465663351,0.36641221373766103,48,25,83,100,0.023046875,0.0175513698630137,0.005495505136986302
MLP,4,0.1,1.0,crp_dataset_8_1_3.csv|crp_dataset_8_1_5.csv|crp_dataset_8_1_8.csv|crp_dataset_8_1_1.csv,crp_dataset_8_1_6.csv,0.5,0.6999999999883334,0.29999999999785715,42,18,98,98,0.026928710937499996,0.0175,0.009428710937499994
MLP,4,0.1,1.0,crp_dataset_8_1_3.csv|crp_dataset_8_1_5.csv|crp_dataset_8_1_4.csv|crp_dataset_8_1_6.csv,crp_dataset_8_1_2.csv,0.5,0.6153846153609468,0.13445378151147516,16,10,103,127,0.039453125,0.023076923076923075,0.016376201923076924
MLP,4,0.1,1.0,crp_dataset_8_1_3.csv|crp_dataset_8_1_5.csv|crp_dataset_8_1_4.csv|crp_dataset_8_1_6.csv,crp_dataset_8_1_7.csv,0.5,0.999999999962963,0.12272727272671488,27,0,193,36,0.0095703125,0.0,0.0095703125
MLP,4,0.1,1.0,crp_dataset_8_1_3.csv|crp_dataset_8_1_5.csv|crp_dataset_8_1_4.csv|crp_dataset_8_1_6.csv,crp_dataset_8_1_8.csv,0.5,0.6363636363443527,0.15217391304237557,21,12,117,106,0.0283203125,0.03409090909090909,-0.005770596590909088
MLP,4,0.1,1.0,crp_dataset_8_1_3.csv|crp_dataset_8_1_5.csv|crp_dataset_8_1_4.csv|crp_dataset_8_1_6.csv,crp_dataset_8_1_1.csv,0.5,0.8571428571122449,0.19047619047467876,24,4,102,126,0.0252685546875,0.006473214285714285,0.018795340401785716
MLP,4,0.1,1.0,crp_dataset_8_1_3.csv|crp_dataset_8_1_5.csv|crp_dataset_8_1_4.csv|crp_dataset_8_1_1.csv,crp_dataset_8_1_2.csv,0.6310600638389587,0.6363636363057851,0.05882352941127039,7,4,112,133,0.039453125,0.02443181818181818,0.015021306818181819
MLP,4,0.1,1.0,crp_dataset_8_1_3.csv|crp_dataset_8_1_5.csv|crp_dataset_8_1_4.csv|crp_dataset_8_1_1.csv,crp_dataset_8_1_7.csv,0.6310600638389587,0.8124999999492187,0.0590909090906405,13,3,207,33,0.0095703125,0.007421875,0.002148437500000001
MLP,4,0.1,1.0,crp_dataset_8_1_3.csv|crp_dataset_8_1_5.csv|crp_dataset_8_1_4.csv|crp_dataset_8_1_1.csv,crp_dataset_8_1_8.csv,0.6310600638389587,0.5454545454049586,0.04347826086925016,6,5,132,113,0.0283203125,0.038636363636363635,-0.010316051136363635
MLP,4,0.1,1.0,crp_dataset_8_1_3.csv|crp_dataset_8_1_5.csv|crp_dataset_8_1_4.csv|crp_dataset_8_1_1.csv,crp_dataset_8_1_6.csv,0.6310600638389587,0.5624999999648438,0.0642857142852551,9,7,131,109,0.026928710937499996,0.0203125,0.006616210937499995
MLP,4,0.1,1.0,crp_dataset_8_1_3.csv|crp_dataset_8_1_5.csv|crp_dataset_8_1_6.csv|crp_dataset_8_1_1.csv,crp_dataset_8_1_2.csv,0.6341608762741089,0.9999999989999999,0.008403361344467198,1,0,118,137,0.039453125,0.0,0.039453125
MLP,4,0.1,1.0,crp_dataset_8_1_3.csv|crp_dataset_8_1_5.csv|crp_dataset_8_1_6.csv|crp_dataset_8_1_1.csv,crp_dataset_8_1_7.csv,0.6341608762741089,0.49999999975,0.004545454545433885,1,1,219,35,0.0095703125,0.00625,0.0033203125000000003
MLP,4,0.1,1.0,crp_dataset_8_1_3.csv|crp_dataset_8_1_5.csv|crp_dataset_8_1_6.csv|crp_dataset_8_1_1.csv,crp_dataset_8_1_8.csv,0.6341608762741089,0.0,0.0,0,0,138,118,0.0283203125,,
MLP,4,0.1,1.0,crp_dataset_8_1_3.csv|crp_dataset_8_1_5.csv|crp_dataset_8_1_6.csv|crp_dataset_8_1_1.csv,crp_dataset_8_1_4.csv,0.6341608762741089,0.7499999998125,0.022900763358603814,3,1,128,124,0.023046875,0.0265625,-0.003515624999999998
MLP,4,0.1,1.0,crp_dataset_8_1_3.csv|crp_dataset_8_1_7.csv|crp_dataset_8_1_8.csv|crp_dataset_8_1_4.csv,crp_dataset_8_1_2.csv,0.6022993922233582,0.546296296291238,0.4957983193235647,59,49,60,88,0.039453125,0.029803240740740745,0.009649884259259254
MLP,4,0.1,1.0,crp_dataset_8_1_3.csv|crp_dataset_8_1_7.csv|crp_dataset_8_1_8.csv|crp_dataset_8_1_4.csv,crp_dataset_8_1_5.csv,0.6022993922233582,0.5108695652118384,0.46999999999529996,47,45,53,111,0.039282226562499994,0.026562499999999996,0.012719726562499999
MLP,4,0.1,1.0,crp_dataset_8_1_3.csv|crp_dataset_8_1_7.csv|crp_dataset_8_1_8.csv|crp_dataset_8_1_4.csv,crp_dataset_8_1_6.csv,0.6022993922233582,0.553571428566486,0.44285714285397965,62,50,78,66,0.026928710937499996,0.027622767857142856,-0.0006940569196428603
MLP,4,0.1,1.0,crp_dataset_8_1_3.csv|crp_dataset_8_1_7.csv|crp_dataset_8_1_8.csv|crp_dataset_8_1_4.csv,crp_dataset_8_1_1.csv,0.6022993922233582,0.5783132530050805,0.3809523809493575,48,35,78,95,0.0252685546875,0.022740963855421688,0.002527590832078312
MLP,4,0.1,1.0,crp_dataset_8_1_3.csv|crp_dataset_8_1_7.csv|crp_dataset_8_1_8.csv|crp_dataset_8_1_6.csv,crp_dataset_8_1_2.csv,0.6186292767524719,0.5652173912982041,0.4369747899122943,52,40,67,97,0.039453125,0.028872282608695652,0.010580842391304347
MLP,4,0.1,1.0,crp_dataset_8_1_3.csv|crp_dataset_8_1_7.csv|crp_dataset_8_1_8.csv|crp_dataset_8_1_6.csv,crp_dataset_8_1_5.csv,0.6186292767524719,0.46808510637799905,0.43999999999559997,44,50,56,106,0.039282226562499994,0.03317819148936171,0.006104035073138288
MLP,4,0.1,1.0,crp_dataset_8_1_3.csv|crp_dataset_8_1_7.csv|crp_dataset_8_1_8.csv|crp_dataset_8_1_6.csv,crp_dataset_8_1_4.csv,0.6186292767524719,0.6341463414556812,0.3969465648824661,52,30,79,95,0.023046875,0.015396341463414634,0.0076505335365853674
MLP,4,0.1,1.0,crp_dataset_8_1_3.csv|crp_dataset_8_1_7.csv|crp_dataset_8_1_8.csv|crp_dataset_8_1_6.csv,crp_dataset_8_1_1.csv,0.6186292767524719,0.6666666666590038,0.460317460313807,58,29,68,101,0.0252685546875,0.012859195402298853,0.012409359285201147
MLP,4,0.1,1.0,crp_dataset_8_1_3.csv|crp_dataset_8_1_7.csv|crp_dataset_8_1_8.csv|crp_dataset_8_1_1.csv,crp_dataset_8_1_2.csv,0.6158910989761353,0.5945945945892379,0.5546218487348351,66,45,53,92,0.039453125,0.030349099099099105,0.009104025900900894
MLP,4,0.1,1.0,crp_dataset_8_1_3.csv|crp_dataset_8_1_7.csv|crp_dataset_8_1_8.csv|crp_dataset_8_1_1.csv,crp_dataset_8_1_5.csv,0.6158910989761353,0.599999999994,0.599999999994,60,40,40,116,0.039282226562499994,0.028125,0.011157226562499994
MLP,4,0.1,1.0,crp_dataset_8_1_3.csv|crp_dataset_8_1_7.csv|crp_dataset_8_1_8.csv|crp_dataset_8_1_1.csv,crp_dataset_8_1_4.csv,0.6158910989761353,0.7049180327811072,0.6564885496133093,86,36,45,89,0.023046875,0.015420081967213116,0.007626793032786886
MLP,4,0.1,1.0,crp_dataset_8_1_3.csv|crp_dataset_8_1_7.csv|crp_dataset_8_1_8.csv|crp_dataset_8_1_1.csv,crp_dataset_8_1_6.csv,0.6158910989761353,0.6666666666601307,0.4857142857108164,68,34,72,82,0.026928710937499996,0.018872549019607842,0.008056161917892154
MLP,4,0.1,1.0,crp_dataset_8_1_3.csv|crp_dataset_8_1_7.csv|crp_dataset_8_1_4.csv|crp_dataset_8_1_6.csv,crp_dataset_8_1_2.csv,0.617717444896698,0.5688622754456955,0.7983193277243839,95,72,24,65,0.039453125,0.029341317365269463,0.010111807634730536
MLP,4,0.1,1.0,crp_dataset_8_1_3.csv|crp_dataset_8_1_7.csv|crp_dataset_8_1_4.csv|crp_dataset_8_1_6.csv,crp_dataset_8_1_5.csv,0.617717444896698,0.44059405940375945,0.8899999999911,89,113,11,43,0.039282226562499994,0.03712871287128713,0.0021535136912128675
MLP,4,0.1,1.0,crp_dataset_8_1_3.csv|crp_dataset_8_1_7.csv|crp_dataset_8_1_4.csv|crp_dataset_8_1_6.csv,crp_dataset_8_1_8.csv,0.617717444896698,0.5307262569802753,0.6884057970964609,95,84,43,34,0.0283203125,0.03016759776536313,-0.0018472852653631314
MLP,4,0.1,1.0,crp_dataset_8_1_3.csv|crp_dataset_8_1_7.csv|crp_dataset_8_1_4.csv|crp_dataset_8_1_6.csv,crp_dataset_8_1_1.csv,0.617717444896698,0.48554913294517027,0.6666666666613756,84,89,42,41,0.0252685546875,0.024674855491329473,0.0005936991961705274
MLP,4,0.1,1.0,crp_dataset_8_1_3.csv|crp_dataset_8_1_7.csv|crp_dataset_8_1_4.csv|crp_dataset_8_1_1.csv,crp_dataset_8_1_2.csv,0.6240559816360474,0.6599999999868,0.27731092436741756,33,17,86,120,0.039453125,0.02475,0.014703124999999997
MLP,4,0.1,1.0,crp_dataset_8_1_3.csv|crp_dataset_8_1_7.csv|crp_dataset_8_1_4.csv|crp_dataset_8_1_1.csv,crp_dataset_8_1_5.csv,0.6240559816360474,0.4655172413712842,0.2699999999973,27,31,73,125,0.039282226562499994,0.03125,0.008032226562499994
MLP,4,0.1,1.0,crp_dataset_8_1_3.csv|crp_dataset_8_1_7.csv|crp_dataset_8_1_4.csv|crp_dataset_8_1_1.csv,crp_dataset_8_1_8.csv,0.6240559816360474,0.6410256410092046,0.18115942028854234,25,14,113,104,0.0283203125,0.02371794871794872,0.00460236378205128
MLP,4,0.1,1.0,crp_dataset_8_1_3.csv|crp_dataset_8_1_7.csv|crp_dataset_8_1_4.csv|crp_dataset_8_1_1.csv,crp_dataset_8_1_6.csv,0.6240559816360474,0.79999999998,0.22857142856979593,32,8,108,108,0.026928710937499996,0.011875,0.015053710937499996
MLP,4,0.1,1.0,crp_dataset_8_1_3.csv|crp_dataset_8_1_7.csv|crp_dataset_8_1_6.csv|crp_dataset_8_1_1.csv,crp_dataset_8_1_2.csv,0.6148197650909424,0.5794392523310332,0.5210084033569663,62,45,57,92,0.039453125,0.026226635514018694,0.013226489485981305
MLP,4,0.1,1.0,crp_dataset_8_1_3.csv|crp_dataset_8_1_7.csv|crp_dataset_8_1_6.csv|crp_dataset_8_1_1.csv,crp_dataset_8_1_5.csv,0.6148197650909424,0.4852941176434905,0.6599999999934,66,70,34,86,0.039282226562499994,0.031525735294117646,0.007756491268382348
MLP,4,0.1,1.0,crp_dataset_8_1_3.csv|crp_dataset_8_1_7.csv|crp_dataset_8_1_6.csv|crp_dataset_8_1_1.csv,crp_dataset_8_1_8.csv,0.6148197650909424,0.4695652173872212,0.39130434782325146,54,61,84,57,0.0283203125,0.03353260869565218,-0.00521229619565218
MLP,4,0.1,1.0,crp_dataset_8_1_3.csv|crp_dataset_8_1_7.csv|crp_dataset_8_1_6.csv|crp_dataset_8_1_1.csv,crp_dataset_8_1_4.csv,0.6148197650909424,0.6884057970964609,0.7251908396891208,95,43,36,82,0.023046875,0.013994565217391305,0.009052309782608696
MLP,4,0.1,1.0,crp_dataset_8_1_3.csv|crp_dataset_8_1_8.csv|crp_dataset_8_1_4.csv|crp_dataset_8_1_6.csv,crp_dataset_8_1_2.csv,0.6314548254013062,0.6249999999804688,0.16806722688934397,20,12,99,125,0.039453125,0.027539062500000003,0.011914062499999996
MLP,4,0.1,1.0,crp_dataset_8_1_3.csv|crp_dataset_8_1_8.csv|crp_dataset_8_1_4.csv|crp_dataset_8_1_6.csv,crp_dataset_8_1_5.csv,0.6314548254013062,0.42857142856122454,0.1799999999982,18,24,82,132,0.039282226562499994,0.037351190476190475,0.0019310360863095191
MLP,4,0.1,1.0,crp_dataset_8_1_3.csv|crp_dataset_8_1_8.csv|crp_dataset_8_1_4.csv|crp_dataset_8_1_6.csv,crp_dataset_8_1_7.csv,0.6314548254013062,0.9333333333022222,0.12727272727214878,28,2,192,34,0.0095703125,0.003541666666666667,0.006028645833333334
MLP,4,0.1,1.0,crp_dataset_8_1_3.csv|crp_dataset_8_1_8.csv|crp_dataset_8_1_4.csv|crp_dataset_8_1_6.csv,crp_dataset_8_1_1.csv,0.6314548254013062,0.6774193548168574,0.1666666666653439,21,10,105,120,0.0252685546875,0.014112903225806451,0.011155651461693549
MLP,4,0.1,1.0,crp_dataset_8_1_3.csv|crp_dataset_8_1_8.csv|crp_dataset_8_1_4.csv|crp_dataset_8_1_1.csv,crp_dataset_8_1_2.csv,0.6929393410682678,0.8181818181074381,0.07563025210020478,9,2,110,135,0.039453125,0.013068181818181819,0.02638494318181818
MLP,4,0.1,1.0,crp_dataset_8_1_3.csv|crp_dataset_8_1_8.csv|crp_dataset_8_1_4.csv|crp_dataset_8_1_1.csv,crp_dataset_8_1_5.csv,0.6929393410682678,0.45454545450413225,0.0499999999995,5,6,95,150,0.039282226562499994,0.04261363636363636,-0.003331409801136366
MLP,4,0.1,1.0,crp_dataset_8_1_3.csv|crp_dataset_8_1_8.csv|crp_dataset_8_1_4.csv|crp_dataset_8_1_1.csv,crp_dataset_8_1_7.csv,0.6929393410682678,0.8571428570816326,0.054545454545206616,12,2,208,34,0.0095703125,0.005357142857142858,0.004213169642857143
MLP,4,0.1,1.0,crp_dataset_8_1_3.csv|crp_dataset_8_1_8.csv|crp_dataset_8_1_4.csv|crp_dataset_8_1_1.csv,crp_dataset_8_1_6.csv,0.6929393410682678,0.8888888888395061,0.11428571428489796,16,2,124,114,0.026928710937499996,0.007291666666666667,0.019637044270833327
MLP,4,0.1,1.0,crp_dataset_8_1_3.csv|crp_dataset_8_1_8.csv|crp_dataset_8_1_6.csv|crp_dataset_8_1_1.csv,crp_dataset_8_1_2.csv,0.606838047504425,0.7173913043322306,0.27731092436741756,33,13,86,124,0.039453125,0.01779891304347826,0.02165421195652174
MLP,4,0.1,1.0,crp_dataset_8_1_3.csv|crp_dataset_8_1_8.csv|crp_dataset_8_1_6.csv|crp_dataset_8_1_1.csv,crp_dataset_8_1_5.csv,0.606838047504425,0.4239130434736531,0.38999999999609997,39,53,61,103,0.039282226562499994,0.03797554347826087,0.0013066830842391255
MLP,4,0.1,1.0,crp_dataset_8_1_3.csv|crp_dataset_8_1_8.csv|crp_dataset_8_1_6.csv|crp_dataset_8_1_1.csv,crp_dataset_8_1_7.csv,0.606838047504425,0.8823529411505191,0.13636363636301654,30,4,190,32,0.0095703125,0.002757352941176471,0.0068129595588235295
MLP,4,0.1,1.0,crp_dataset_8_1_3.csv|crp_dataset_8_1_8.csv|crp_dataset_8_1_6.csv|crp_dataset_8_1_1.csv,crp_dataset_8_1_4.csv,0.606838047504425,0.6842105263067867,0.3969465648824661,52,24,79,101,0.023046875,0.018914473684210526,0.004132401315789475
MLP,4,0.1,1.0,crp_dataset_8_1_3.csv|crp_dataset_8_1_4.csv|crp_dataset_8_1_6.csv|crp_dataset_8_1_1.csv,crp_dataset_8_1_2.csv,0.6540272235870361,0.6184210526234418,0.39495798318995834,47,29,72,108,0.039453125,0.020723684210526314,0.018729440789473684
MLP,4,0.1,1.0,crp_dataset_8_1_3.csv|crp_dataset_8_1_4.csv|crp_dataset_8_1_6.csv|crp_dataset_8_1_1.csv,crp_dataset_8_1_5.csv,0.6540272235870361,0.41818181817801653,0.4599999999954,46,64,54,92,0.039282226562499994,0.041022727272727266,-0.0017405007102272718
MLP,4,0.1,1.0,crp_dataset_8_1_3.csv|crp_dataset_8_1_4.csv|crp_dataset_8_1_6.csv|crp_dataset_8_1_1.csv,crp_dataset_8_1_7.csv,0.6540272235870361,0.8988764044842823,0.36363636363471075,80,9,140,27,0.0095703125,0.007022471910112361,0.0025478405898876396
MLP,4,0.1,1.0,crp_dataset_8_1_3.csv|crp_dataset_8_1_4.csv|crp_dataset_8_1_6.csv|crp_dataset_8_1_1.csv,crp_dataset_8_1_8.csv,0.6540272235870361,0.5052631578894182,0.3478260869540013,48,47,90,71,0.0283203125,0.036381578947368425,-0.008061266447368425
MLP,4,0.1,1.0,crp_dataset_8_1_2.csv|crp_dataset_8_1_5.csv|crp_dataset_8_1_7.csv|crp_dataset_8_1_8.csv,crp_dataset_8_1_3.csv,0.6148587465286255,0.6623376623290606,0.29479768785956767,51,26,122,57,0.0196044921875,0.02126623376623377,-0.0016617415787337705
MLP,4,0.1,1.0,crp_dataset_8_1_2.csv|crp_dataset_8_1_5.csv|crp_dataset_8_1_7.csv|crp_dataset_8_1_8.csv,crp_dataset_8_1_4.csv,0.6148587465286255,0.5256410256342866,0.3129770992342521,41,37,90,88,0.023046875,0.019711538461538464,0.003335336538461537
MLP,4,0.1,1.0,crp_dataset_8_1_2.csv|crp_dataset_8_1_5.csv|crp_dataset_8_1_7.csv|crp_dataset_8_1_8.csv,crp_dataset_8_1_6.csv,0.6148587465286255,0.5106382978669081,0.34285714285469393,48,46,92,70,0.026928710937499996,0.029454787234042552,-0.0025260762965425565
MLP,4,0.1,1.0,crp_dataset_8_1_2.csv|crp_dataset_8_1_5.csv|crp_dataset_8_1_7.csv|crp_dataset_8_1_8.csv,crp_dataset_8_1_1.csv,0.6148587465286255,0.557142857134898,0.309523809521353,39,31,87,99,0.0252685546875,0.019642857142857142,0.0056256975446428575
MLP,4,0.1,1.0,crp_dataset_8_1_2.csv|crp_dataset_8_1_5.csv|crp_dataset_8_1_7.csv|crp_dataset_8_1_4.csv,crp_dataset_8_1_3.csv,0.6305942535400391,0.7317073170553243,0.1734104046232751,30,11,143,72,0.0196044921875,0.014176829268292683,0.005427662919207316
MLP,4,0.1,1.0,crp_dataset_8_1_2.csv|crp_dataset_8_1_5.csv|crp_dataset_8_1_7.csv|crp_dataset_8_1_4.csv,crp_dataset_8_1_8.csv,0.6305942535400391,0.7586206896290131,0.15942028985391726,22,7,116,111,0.0283203125,0.009698275862068964,0.018622036637931036
MLP,4,0.1,1.0,crp_dataset_8_1_2.csv|crp_dataset_8_1_5.csv|crp_dataset_8_1_7.csv|crp_dataset_8_1_4.csv,crp_dataset_8_1_6.csv,0.6305942535400391,0.6206896551510107,0.1285714285705102,18,11,122,105,0.026928710937499996,0.01810344827586207,0.008825262661637925
MLP,4,0.1,1.0,crp_dataset_8_1_2.csv|crp_dataset_8_1_5.csv|crp_dataset_8_1_7.csv|crp_dataset_8_1_4.csv,crp_dataset_8_1_1.csv,0.6305942535400391,0.49999999998529415,0.13492063491956413,17,17,109,113,0.0252685546875,0.022426470588235298,0.0028420840992647023
MLP,4,0.1,1.0,crp_dataset_8_1_2.csv|crp_dataset_8_1_5.csv|crp_dataset_8_1_7.csv|crp_dataset_8_1_6.csv,crp_dataset_8_1_3.csv,0.8192075490951538,0.0,0.0,0,0,173,83,0.0196044921875,,
MLP,4,0.1,1.0,crp_dataset_8_1_2.csv|crp_dataset_8_1_5.csv|crp_dataset_8_1_7.csv|crp_dataset_8_1_6.csv,crp_dataset_8_1_8.csv,0.8192075490951538,0.0,0.0,0,0,138,118,0.0283203125,,
MLP,4,0.1,1.0,crp_dataset_8_1_2.csv|crp_dataset_8_1_5.csv|crp_dataset_8_1_7.csv|crp_dataset_8_1_6.csv,crp_dataset_8_1_4.csv,0.8192075490951538,0.0,0.0,0,0,131,125,0.023046875,,
MLP,4,0.1,1.0,crp_dataset_8_1_2.csv|crp_dataset_8_1_5.csv|crp_dataset_8_1_7.csv|crp_dataset_8_1_6.csv,crp_dataset_8_1_1.csv,0.8192075490951538,0.0,0.0,0,0,126,130,0.0252685546875,,
MLP,4,0.1,1.0,crp_dataset_8_1_2.csv|crp_dataset_8_1_5.csv|crp_dataset_8_1_7.csv|crp_dataset_8_1_1.csv,crp_dataset_8_1_3.csv,0.6165629625320435,0.7333333332844444,0.0635838150285342,11,4,162,79,0.0196044921875,0.015000000000000001,0.004604492187499998
MLP,4,0.1,1.0,crp_dataset_8_1_2.csv|crp_dataset_8_1_5.csv|crp_dataset_8_1_7.csv|crp_dataset_8_1_1.csv,crp_dataset_8_1_8.csv,0.6165629625320435,0.69999999993,0.050724637680791856,7,3,131,115,0.0283203125,0.031875,-0.0035546875000000006
MLP,4,0.1,1.0,crp_dataset_8_1_2.csv|crp_dataset_8_1_5.csv|crp_dataset_8_1_7.csv|crp_dataset_8_1_1.csv,crp_dataset_8_1_4.csv,0.6165629625320435,0.6666666666111111,0.061068702289610165,8,4,123,121,0.023046875,0.010937500000000001,0.012109375
MLP,4,0.1,1.0,crp_dataset_8_1_2.csv|crp_dataset_8_1_5.csv|crp_dataset_8_1_7.csv|crp_dataset_8_1_1.csv,crp_dataset_8_1_6.csv,0.6165629625320435,0.7142857142346939,0.07142857142806124,10,4,130,112,0.026928710937499996,0.020089285714285716,0.00683942522321428
MLP,4,0.1,1.0,crp_dataset_8_1_2.csv|crp_dataset_8_1_5.csv|crp_dataset_8_1_8.csv|crp_dataset_8_1_4.csv,crp_dataset_8_1_3.csv,0.6244586706161499,0.9999999996666666,0.017341040462327508,3,0,170,83,0.0196044921875,0.0,0.0196044921875
MLP,4,0.1,1.0,crp_dataset_8_1_2.csv|crp_dataset_8_1_5.csv|crp_dataset_8_1_8.csv|crp_dataset_8_1_4.csv,crp_dataset_8_1_7.csv,0.6244586706161499,0.9999999996666666,0.013636363636301654,3,0,217,36,0.0095703125,0.0,0.0095703125
MLP,4,0.1,1.0,crp_dataset_8_1_2.csv|crp_dataset_8_1_5.csv|crp_dataset_8_1_8.csv|crp_dataset_8_1_4.csv,crp_dataset_8_1_6.csv,0.6244586706161499,0.7499999998125,0.02142857142841837,3,1,137,115,0.026928710937499996,0.0140625,0.012866210937499995
MLP,4,0.1,1.0,crp_dataset_8_1_2.csv|crp_dataset_8_1_5.csv|crp_dataset_8_1_8.csv|crp_dataset_8_1_4.csv,crp_dataset_8_1_1.csv,0.6244586706161499,0.49999999975,0.007936507936444948,1,1,125,129,0.0252685546875,0.05625,-0.0309814453125
MLP,4,0.1,1.0,crp_dataset_8_1_2.csv|crp_dataset_8_1_5.csv|crp_dataset_8_1_8.csv|crp_dataset_8_1_6.csv,crp_dataset_8_1_3.csv,0.6255411505699158,0.6923076922544379,0.05202312138698253,9,4,164,79,0.0196044921875,0.021634615384615384,-0.0020301231971153848
MLP,4,0.1,1.0,crp_dataset_8_1_2.csv|crp_dataset_8_1_5.csv|crp_dataset_8_1_8.csv|crp_dataset_8_1_6.csv,crp_dataset_8_1_7.csv,0.6255411505699158,0.8888888887901234,0.03636363636347108,8,1,212,35,0.0095703125,0.017361111111111112,-0.007790798611111111
MLP,4,0.1,1.0,crp_dataset_8_1_2.csv|crp_dataset_8_1_5.csv|crp_dataset_8_1_8.csv|crp_dataset_8_1_6.csv,crp_dataset_8_1_4.csv,0.6255411505699158,0.7999999999466667,0.09160305343441526,12,3,119,122,0.023046875,0.0033333333333333335,0.019713541666666667
MLP,4,0.1,1.0,crp_dataset_8_1_2.csv|crp_dataset_8_1_5.csv|crp_dataset_8_1_8.csv|crp_dataset_8_1_6.csv,crp_dataset_8_1_1.csv,0.6255411505699158,0.7499999999375,0.07142857142800453,9,3,117,127,0.0252685546875,0.008854166666666666,0.016414388020833334
MLP,4,0.1,1.0,crp_dataset_8_1_2.csv|crp_dataset_8_1_5.csv|crp_dataset_8_1_8.csv|crp_dataset_8_1_1.csv,crp_dataset_8_1_3.csv,0.6157451868057251,0.7307692307411242,0.1098265895947409,19,7,154,76,0.0196044921875,0.01706730769230769,0.0025371844951923087
MLP,4,0.1,1.0,crp_dataset_8_1_2.csv|crp_dataset_8_1_5.csv|crp_dataset_8_1_8.csv|crp_dataset_8_1_1.csv,crp_dataset_8_1_7.csv,0.6157451868057251,0.848484848459137,0.12727272727214878,28,5,192,31,0.0095703125,0.008333333333333333,0.0012369791666666675
MLP,4,0.1,1.0,crp_dataset_8_1_2.csv|crp_dataset_8_1_5.csv|crp_dataset_8_1_8.csv|crp_dataset_8_1_1.csv,crp_dataset_8_1_4.csv,0.6157451868057251,0.8333333332638889,0.07633587786201271,10,2,121,123,0.023046875,0.003645833333333333,0.019401041666666667
MLP,4,0.1,1.0,crp_dataset_8_1_2.csv|crp_dataset_8_1_5.csv|crp_dataset_8_1_8.csv|crp_dataset_8_1_1.csv,crp_dataset_8_1_6.csv,0.6157451868057251,0.69999999993,0.04999999999964286,7,3,133,113,0.026928710937499996,0.0175,0.009428710937499994
MLP,4,0.1,1.0,crp_dataset_8_1_2.csv|crp_dataset_8_1_5.csv|crp_dataset_8_1_4.csv|crp_dataset_8_1_6.csv,crp_dataset_8_1_3.csv,0.6132877469062805,0.795454545436467,0.20231213872715428,35,9,138,74,0.0196044921875,0.011079545454545455,0.008524946732954545
MLP,4,0.1,1.0,crp_dataset_8_1_2.csv|crp_dataset_8_1_5.csv|crp_dataset_8_1_4.csv|crp_dataset_8_1_6.csv,crp_dataset_8_1_7.csv,0.6132877469062805,0.931034482726516,0.12272727272671488,27,2,193,34,0.0095703125,0.004525862068965518,0.005044450431034483
MLP,4,0.1,1.0,crp_dataset_8_1_2.csv|crp_dataset_8_1_5.csv|crp_dataset_8_1_4.csv|crp_dataset_8_1_6.csv,crp_dataset_8_1_8.csv,0.6132877469062805,0.47499999998812503,0.13768115941929218,19,21,119,97,0.0283203125,0.035625,-0.007304687499999997
MLP,4,0.1,1.0,crp_dataset_8_1_2.csv|crp_dataset_8_1_5.csv|crp_dataset_8_1_4.csv|crp_dataset_8_1_6.csv,crp_dataset_8_1_1.csv,0.6132877469062805,0.5166666666580556,0.24603174602979339,31,29,95,101,0.0252685546875,0.021770833333333336,0.0034977213541666635
MLP,4,0.1,1.0,crp_dataset_8_1_2.csv|crp_dataset_8_1_5.csv|crp_dataset_8_1_4.csv|crp_dataset_8_1_1.csv,crp_dataset_8_1_3.csv,0.5,0.7857142856862245,0.1271676300570684,22,6,151,77,0.0196044921875,0.014062500000000002,0.005541992187499997
MLP,4,0.1,1.0,crp_dataset_8_1_2.csv|crp_dataset_8_1_5.csv|crp_dataset_8_1_4.csv|crp_dataset_8_1_1.csv,crp_dataset_8_1_7.csv,0.5,0.7857142856581633,0.049999999999772726,11,3,209,33,0.0095703125,0.009374999999999998,0.00019531250000000278
MLP,4,0.1,1.0,crp_dataset_8_1_2.csv|crp_dataset_8_1_5.csv|crp_dataset_8_1_4.csv|crp_dataset_8_1_1.csv,crp_dataset_8_1_8.csv,0.5,0.49999999998437505,0.1159420289846671,16,16,122,102,0.0283203125,0.0421875,-0.013867187500000003
MLP,4,0.1,1.0,crp_dataset_8_1_2.csv|crp_dataset_8_1_5.csv|crp_dataset_8_1_4.csv|crp_dataset_8_1_1.csv,crp_dataset_8_1_6.csv,0.5,0.7826086956181475,0.1285714285705102,18,5,122,111,0.026928710937499996,0.010597826086956523,0.016330884850543473
MLP,4,0.1,1.0,crp_dataset_8_1_2.csv|crp_dataset_8_1_5.csv|crp_dataset_8_1_6.csv|crp_dataset_8_1_1.csv,crp_dataset_8_1_3.csv,0.6573860049247742,0.999999999875,0.04624277456620669,8,0,165,83,0.0196044921875,0.0,0.0196044921875
MLP,4,0.1,1.0,crp_dataset_8_1_2.csv|crp_dataset_8_1_5.csv|crp_dataset_8_1_6.csv|crp_dataset_8_1_1.csv,crp_dataset_8_1_7.csv,0.6573860049247742,0.9999999989999999,0.004545454545433885,1,0,219,36,0.0095703125,0.0,0.0095703125
MLP,4,0.1,1.0,crp_dataset_8_1_2.csv|crp_dataset_8_1_5.csv|crp_dataset_8_1_6.csv|crp_dataset_8_1_1.csv,crp_dataset_8_1_8.csv,0.6573860049247742,0.7499999998125,0.02173913043462508,3,1,135,117,0.0283203125,0.009375,0.0189453125
MLP,4,0.1,1.0,crp_dataset_8_1_2.csv|crp_dataset_8_1_5.csv|crp_dataset_8_1_6.csv|crp_dataset_8_1_1.csv,crp_dataset_8_1_4.csv,0.6573860049247742,0.8571428570204082,0.04580152671720763,6,1,125,124,0.023046875,0.0017857142857142859,0.021261160714285715
MLP,4,0.1,1.0,crp_dataset_8_1_2.csv|crp_dataset_8_1_7.csv|crp_dataset_8_1_8.csv|crp_dataset_8_1_4.csv,crp_dataset_8_1_3.csv,0.6163991689682007,0.8048780487739441,0.5722543352568078,99,24,74,59,0.0196044921875,0.01295731707317073,0.00664717511432927
MLP,4,0.1,1.0,crp_dataset_8_1_2.csv|crp_dataset_8_1_7.csv|crp_dataset_8_1_8.csv|crp_dataset_8_1_4.csv,crp_dataset_8_1_5.csv,0.6163991689682007,0.4999999999948979,0.48999999999509997,49,49,51,107,0.039282226562499994,0.02844387755102041,0.010838349011479585
MLP,4,0.1,1.0,crp_dataset_8_1_2.csv|crp_dataset_8_1_7.csv|crp_dataset_8_1_8.csv|crp_dataset_8_1_4.csv,crp_dataset_8_1_6.csv,0.6163991689682007,0.6310679611589216,0.464285714282398,65,38,75,78,0.026928710937499996,0.02178398058252427,0.005144730354975726
MLP,4,0.1,1.0,crp_dataset_8_1_2.csv|crp_dataset_8_1_7.csv|crp_dataset_8_1_8.csv|crp_dataset_8_1_4.csv,crp_dataset_8_1_1.csv,0.6163991689682007,0.5473684210468698,0.4126984126951373,52,43,74,87,0.0252685546875,0.02013157894736842,0.0051369757401315795
MLP,4,0.1,1.0,crp_dataset_8_1_2.csv|crp_dataset_8_1_7.csv|crp_dataset_8_1_8.csv|crp_dataset_8_1_6.csv,crp_dataset_8_1_3.csv,0.6146935224533081,0.7889908256808349,0.4971098265867219,86,23,87,60,0.0196044921875,0.00974770642201835,0.00985678576548165
MLP,4,0.1,1.0,crp_dataset_8_1_2.csv|crp_dataset_8_1_7.csv|crp_dataset_8_1_8.csv|crp_dataset_8_1_6.csv,crp_dataset_8_1_5.csv,0.6146935224533081,0.4112149532671849,0.43999999999559997,44,63,56,93,0.039282226562499994,0.03644859813084112,0.002833628431658873
MLP,4,0.1,1.0,crp_dataset_8_1_2.csv|crp_dataset_8_1_7.csv|crp_dataset_8_1_8.csv|crp_dataset_8_1_6.csv,crp_dataset_8_1_4.csv,0.6146935224533081,0.6293103448221611,0.5572519083926928,73,43,58,82,0.023046875,0.016918103448275865,0.006128771551724137
MLP,4,0.1,1.0,crp_dataset_8_1_2.csv|crp_dataset_8_1_7.csv|crp_dataset_8_1_8.csv|crp_dataset_8_1_6.csv,crp_dataset_8_1_1.csv,0.6146935224533081,0.5510204081576426,0.4285714285680272,54,44,72,86,0.0252685546875,0.020663265306122454,0.004605289381377546
MLP,4,0.1,1.0,crp_dataset_8_1_2.csv|crp_dataset_8_1_7.csv|crp_dataset_8_1_8.csv|crp_dataset_8_1_1.csv,crp_dataset_8_1_3.csv,0.6149369478225708,0.6862745097904652,0.20231213872715428,35,16,138,67,0.0196044921875,0.015808823529411764,0.0037956686580882353
MLP,4,0.1,1.0,crp_dataset_8_1_2.csv|crp_dataset_8_1_7.csv|crp_dataset_8_1_8.csv|crp_dataset_8_1_1.csv,crp_dataset_8_1_5.csv,0.6149369478225708,0.4814814814725652,0.2599999999974,26,28,74,128,0.039282226562499994,0.034143518518518524,0.00513870804398147
MLP,4,0.1,1.0,crp_dataset_8_1_2.csv|crp_dataset_8_1_7.csv|crp_dataset_8_1_8.csv|crp_dataset_8_1_1.csv,crp_dataset_8_1_4.csv,0.6149369478225708,0.594202898542113,0.3129770992342521,41,28,90,97,0.023046875,0.015670289855072465,0.007376585144927537
MLP,4,0.1,1.0,crp_dataset_8_1_2.csv|crp_dataset_8_1_7.csv|crp_dataset_8_1_8.csv|crp_dataset_8_1_1.csv,crp_dataset_8_1_6.csv,0.6149369478225708,0.6037735848942685,0.22857142856979593,32,21,108,95,0.026928710937499996,0.02382075471698113,0.0031079562205188656
MLP,4,0.1,1.0,crp_dataset_8_1_2.csv|crp_dataset_8_1_7.csv|crp_dataset_8_1_4.csv|crp_dataset_8_1_6.csv,crp_dataset_8_1_3.csv,0.6212208867073059,0.7741935483787721,0.4161849710958602,72,21,101,62,0.0196044921875,0.014045698924731185,0.005558793262768815
MLP,4,0.1,1.0,crp_dataset_8_1_2.csv|crp_dataset_8_1_7.csv|crp_dataset_8_1_4.csv|crp_dataset_8_1_6.csv,crp_dataset_8_1_5.csv,0.6212208867073059,0.4661016949113042,0.5499999999945,55,63,45,93,0.039282226562499994,0.03326271186440678,0.006019514698093212
MLP,4,0.1,1.0,crp_dataset_8_1_2.csv|crp_dataset_8_1_7.csv|crp_dataset_8_1_4.csv|crp_dataset_8_1_6.csv,crp_dataset_8_1_8.csv,0.6212208867073059,0.5523809523756916,0.42028985506941824,58,47,80,71,0.0283203125,0.027976190476190477,0.0003441220238095226
MLP,4,0.1,1.0,crp_dataset_8_1_2.csv|crp_dataset_8_1_7.csv|crp_dataset_8_1_4.csv|crp_dataset_8_1_6.csv,crp_dataset_8_1_1.csv,0.6212208867073059,0.5299999999946999,0.42063492063158225,53,47,73,83,0.0252685546875,0.020375000000000004,0.004893554687499996
MLP,4,0.1,1.0,crp_dataset_8_1_2.csv|crp_dataset_8_1_7.csv|crp_dataset_8_1_4.csv|crp_dataset_8_1_1.csv,crp_dataset_8_1_3.csv,0.6021671295166016,0.7538461538403551,0.566473988436032,98,32,75,51,0.0196044921875,0.01528846153846154,0.004316030649038459
MLP,4,0.1,1.0,crp_dataset_8_1_2.csv|crp_dataset_8_1_7.csv|crp_dataset_8_1_4.csv|crp_dataset_8_1_1.csv,crp_dataset_8_1_5.csv,0.6021671295166016,0.46323529411424097,0.6299999999936999,63,73,37,83,0.039282226562499994,0.0328125,0.006469726562499993
MLP,4,0.1,1.0,crp_dataset_8_1_2.csv|crp_dataset_8_1_7.csv|crp_dataset_8_1_4.csv|crp_dataset_8_1_1.csv,crp_dataset_8_1_8.csv,0.6021671295166016,0.564885496178894,0.5362318840540853,74,57,64,61,0.0283203125,0.0258587786259542,0.0024615338740457994
MLP,4,0.1,1.0,crp_dataset_8_1_2.csv|crp_dataset_8_1_7.csv|crp_dataset_8_1_4.csv|crp_dataset_8_1_1.csv,crp_dataset_8_1_6.csv,0.6021671295166016,0.6218487394905727,0.5285714285676532,74,45,66,71,0.026928710937499996,0.023581932773109243,0.0033467781643907527
MLP,4,0.1,1.0,crp_dataset_8_1_2.csv|crp_dataset_8_1_7.csv|crp_dataset_8_1_6.csv|crp_dataset_8_1_1.csv,crp_dataset_8_1_3.csv,0.6119523644447327,0.7402597402501264,0.3294797687842227,57,20,116,63,0.0196044921875,0.013961038961038964,0.005643453226461035
MLP,4,0.1,1.0,crp_dataset_8_1_2.csv|crp_dataset_8_1_7.csv|crp_dataset_8_1_6.csv|crp_dataset_8_1_1.csv,crp_dataset_8_1_5.csv,0.6119523644447327,0.40860215053324084,0.3799999999962,38,55,62,101,0.039282226562499994,0.04005376344086021,-0.0007715368783602142
MLP,4,0.1,1.0,crp_dataset_8_1_2.csv|crp_dataset_8_1_7.csv|crp_dataset_8_1_6.csv|crp_dataset_8_1_1.csv,crp_dataset_8_1_8.csv,0.6119523644447327,0.4133333333278222,0.2246376811577925,31,44,107,74,0.0283203125,0.03925000000000001,-0.010929687500000007
MLP,4,0.1,1.0,crp_dataset_8_1_2.csv|crp_dataset_8_1_7.csv|crp_dataset_8_1_6.csv|crp_dataset_8_1_1.csv,crp_dataset_8_1_4.csv,0.6119523644447327,0.6732673267260072,0.5190839694616864,68,33,63,92,0.023046875,0.01534653465346535,0.007700340346534652
MLP,4,0.1,1.0,crp_dataset_8_1_2.csv|crp_dataset_8_1_8.csv|crp_dataset_8_1_4.csv|crp_dataset_8_1_6.csv,crp_dataset_8_1_3.csv,0.6043059825897217,0.8857142856889797,0.17919075144405094,31,4,142,79,0.0196044921875,0.007142857142857143,0.012461635044642858
MLP,4,0.1,1.0,crp_dataset_8_1_2.csv|crp_dataset_8_1_8.csv|crp_dataset_8_1_4.csv|crp_dataset_8_1_6.csv,crp_dataset_8_1_5.csv,0.6043059825897217,0.5384615384477318,0.2099999999979,21,18,79,138,0.039282226562499994,0.04342948717948718,-0.004147260616987183
MLP,4,0.1,1.0,crp_dataset_8_1_2.csv|crp_dataset_8_1_8.csv|crp_dataset_8_1_4.csv|crp_dataset_8_1_6.csv,crp_dataset_8_1_7.csv,0.6043059825897217,0.9333333332711111,0.06363636363607439,14,1,206,35,0.0095703125,0.00125,0.008320312500000001
MLP,4,0.1,1.0,crp_dataset_8_1_2.csv|crp_dataset_8_1_8.csv|crp_dataset_8_1_4.csv|crp_dataset_8_1_6.csv,crp_dataset_8_1_1.csv,0.6043059825897217,0.568181818168905,0.19841269841112372,25,19,101,111,0.0252685546875,0.01946022727272728,0.005808327414772722
MLP,4,0.1,1.0,crp_dataset_8_1_2.csv|crp_dataset_8_1_8.csv|crp_dataset_8_1_4.csv|crp_dataset_8_1_1.csv,crp_dataset_8_1_3.csv,0.6437880396842957,0.0,0.0,0,1,173,82,0.0196044921875,0.05625,-0.036645507812500006
MLP,4,0.1,1.0,crp_dataset_8_1_2.csv|crp_dataset_8_1_8.csv|crp_dataset_8_1_4.csv|crp_dataset_8_1_1.csv,crp_dataset_8_1_5.csv,0.6437880396842957,0.9999999995,0.0199999999998,2,0,98,156,0.039282226562499994,0.00625,0.033032226562499996
MLP,4,0.1,1.0,crp_dataset_8_1_2.csv|crp_dataset_8_1_8.csv|crp_dataset_8_1_4.csv|crp_dataset_8_1_1.csv,crp_dataset_8_1_7.csv,0.6437880396842957,0.9999999996666666,0.013636363636301654,3,0,217,36,0.0095703125,0.0,0.0095703125
MLP,4,0.1,1.0,crp_dataset_8_1_2.csv|crp_dataset_8_1_8.csv|crp_dataset_8_1_4.csv|crp_dataset_8_1_1.csv,crp_dataset_8_1_6.csv,0.6437880396842957,0.0,0.0,0,0,140,116,0.026928710937499996,,
MLP,4,0.1,1.0,crp_dataset_8_1_2.csv|crp_dataset_8_1_8.csv|crp_dataset_8_1_6.csv|crp_dataset_8_1_1.csv,crp_dataset_8_1_3.csv,0.6551656126976013,0.9999999989999999,0.005780346820775837,1,0,172,83,0.0196044921875,0.0,0.0196044921875
MLP,4,0.1,1.0,crp_dataset_8_1_2.csv|crp_dataset_8_1_8.csv|crp_dataset_8_1_6.csv|crp_dataset_8_1_1.csv,crp_dataset_8_1_5.csv,0.6551656126976013,0.0,0.0,0,3,100,153,0.039282226562499994,0.041666666666666664,-0.00238444010416667
MLP,4,0.1,1.0,crp_dataset_8_1_2.csv|crp_dataset_8_1_8.csv|crp_dataset_8_1_6.csv|crp_dataset_8_1_1.csv,crp_dataset_8_1_7.csv,0.6551656126976013,0.0,0.0,0,0,220,36,0.0095703125,,
MLP,4,0.1,1.0,crp_dataset_8_1_2.csv|crp_dataset_8_1_8.csv|crp_dataset_8_1_6.csv|crp_dataset_8_1_1.csv,crp_dataset_8_1_4.csv,0.6551656126976013,0.6666666664444444,0.015267175572402541,2,1,129,124,0.023046875,0.016666666666666666,0.006380208333333335
MLP,4,0.1,1.0,crp_dataset_8_1_2.csv|crp_dataset_8_1_4.csv|crp_dataset_8_1_6.csv|crp_dataset_8_1_1.csv,crp_dataset_8_1_3.csv,0.628192663192749,0.8846153845813609,0.13294797687784424,23,3,150,80,0.0196044921875,0.004807692307692308,0.014796799879807691
MLP,4,0.1,1.0,crp_dataset_8_1_2.csv|crp_dataset_8_1_4.csv|crp_dataset_8_1_6.csv|crp_dataset_8_1_1.csv,crp_dataset_8_1_5.csv,0.628192663192749,0.5151515151359045,0.16999999999829998,17,16,83,140,0.039282226562499994,0.03522727272727274,0.0040549538352272554
MLP,4,0.1,1.0,crp_dataset_8_1_2.csv|crp_dataset_8_1_4.csv|crp_dataset_8_1_6.csv|crp_dataset_8_1_1.csv,crp_dataset_8_1_7.csv,0.628192663192749,0.9166666665902777,0.049999999999772726,11,1,209,35,0.0095703125,0.0015625000000000003,0.008007812500000001
MLP,4,0.1,1.0,crp_dataset_8_1_2.csv|crp_dataset_8_1_4.csv|crp_dataset_8_1_6.csv|crp_dataset_8_1_1.csv,crp_dataset_8_1_8.csv,0.628192663192749,0.545454545429752,0.08695652173850033,12,10,126,108,0.0283203125,0.04232954545454545,-0.014009232954545453
MLP,4,0.1,1.0,crp_dataset_8_1_5.csv|crp_dataset_8_1_7.csv|crp_dataset_8_1_8.csv|crp_dataset_8_1_4.csv,crp_dataset_8_1_3.csv,0.6166569590568542,0.7083333333185764,0.19653179190637843,34,14,139,69,0.0196044921875,0.01953125,7.32421874999993e-05
MLP,4,0.1,1.0,crp_dataset_8_1_5.csv|crp_dataset_8_1_7.csv|crp_dataset_8_1_8.csv|crp_dataset_8_1_4.csv,crp_dataset_8_1_2.csv,0.6166569590568542,0.5098039215586313,0.21848739495614716,26,25,93,112,0.039453125,0.03897058823529412,0.00048253676470588064
MLP,4,0.1,1.0,crp_dataset_8_1_5.csv|crp_dataset_8_1_7.csv|crp_dataset_8_1_8.csv|crp_dataset_8_1_4.csv,crp_dataset_8_1_6.csv,0.6166569590568542,0.4912280701668206,0.19999999999857143,28,29,112,87,0.026928710937499996,0.03278508771929824,-0.005856376781798248
MLP,4,0.1,1.0,crp_dataset_8_1_5.csv|crp_dataset_8_1_7.csv|crp_dataset_8_1_8.csv|crp_dataset_8_1_4.csv,crp_dataset_8_1_1.csv,0.6166569590568542,0.7199999999712,0.14285714285600906,18,7,108,123,0.0252685546875,0.01375,0.0115185546875
MLP,4,0.1,1.0,crp_dataset_8_1_5.csv|crp_dataset_8_1_7.csv|crp_dataset_8_1_8.csv|crp_dataset_8_1_6.csv,crp_dataset_8_1_3.csv,0.6607306003570557,0.7368421052437674,0.16184971098172343,28,10,145,73,0.0196044921875,0.01595394736842105,0.003650544819078949
MLP,4,0.1,1.0,crp_dataset_8_1_5.csv|crp_dataset_8_1_7.csv|crp_dataset_8_1_8.csv|crp_dataset_8_1_6.csv,crp_dataset_8_1_2.csv,0.6607306003570557,0.6176470588053634,0.17647058823381118,21,13,98,124,0.039453125,0.029044117647058824,0.010409007352941174
MLP,4,0.1,1.0,crp_dataset_8_1_5.csv|crp_dataset_8_1_7.csv|crp_dataset_8_1_8.csv|crp_dataset_8_1_6.csv,crp_dataset_8_1_4.csv,0.6607306003570557,0.7419354838470343,0.17557251908262922,23,8,108,117,0.023046875,0.013306451612903225,0.009740423387096776
MLP,4,0.1,1.0,crp_dataset_8_1_5.csv|crp_dataset_8_1_7.csv|crp_dataset_8_1_8.csv|crp_dataset_8_1_6.csv,crp_dataset_8_1_1.csv,0.6607306003570557,0.6956521738827978,0.12698412698311917,16,7,110,123,0.0252685546875,0.0125,0.0127685546875
MLP,4,0.1,1.0,crp_dataset_8_1_5.csv|crp_dataset_8_1_7.csv|crp_dataset_8_1_8.csv|crp_dataset_8_1_1.csv,crp_dataset_8_1_3.csv,0.6062495708465576,0.706896551718044,0.4739884393036186,82,34,91,49,0.0196044921875,0.018372844827586207,0.0012316473599137921
MLP,4,0.1,1.0,crp_dataset_8_1_5.csv|crp_dataset_8_1_7.csv|crp_dataset_8_1_8.csv|crp_dataset_8_1_1.csv,crp_dataset_8_1_2.csv,0.6062495708465576,0.4957983193235647,0.4957983193235647,59,60,60,77,0.039453125,0.03723739495798319,0.002215730042016806
MLP,4,0.1,1.0,crp_dataset_8_1_5.csv|crp_dataset_8_1_7.csv|crp_dataset_8_1_8.csv|crp_dataset_8_1_1.csv,crp_dataset_8_1_4.csv,0.6062495708465576,0.5196078431321607,0.40458015266866737,53,49,78,76,0.023046875,0.024571078431372555,-0.001524203431372554
MLP,4,0.1,1.0,crp_dataset_8_1_5.csv|crp_dataset_8_1_7.csv|crp_dataset_8_1_8.csv|crp_dataset_8_1_1.csv,crp_dataset_8_1_6.csv,0.6062495708465576,0.5259259259220302,0.5071428571392347,71,64,69,52,0.026928710937499996,0.028935185185185185,-0.0020064742476851895
MLP,4,0.1,1.0,crp_dataset_8_1_5.csv|crp_dataset_8_1_7.csv|crp_dataset_8_1_4.csv|crp_dataset_8_1_6.csv,crp_dataset_8_1_3.csv,0.6104916930198669,0.89999999991,0.05202312138698253,9,1,164,82,0.0196044921875,0.00125,0.018354492187499998
MLP,4,0.1,1.0,crp_dataset_8_1_5.csv|crp_dataset_8_1_7.csv|crp_dataset_8_1_4.csv|crp_dataset_8_1_6.csv,crp_dataset_8_1_2.csv,0.6104916930198669,0.39999999996,0.03361344537786879,4,6,115,131,0.039453125,0.03937500000000001,7.81249999999914e-05
MLP,4,0.1,1.0,crp_dataset_8_1_5.csv|crp_dataset_8_1_7.csv|crp_dataset_8_1_4.csv|crp_dataset_8_1_6.csv,crp_dataset_8_1_8.csv,0.6104916930198669,0.39999999992,0.014492753623083388,2,3,136,115,0.0283203125,0.0125,0.0158203125
MLP,4,0.1,1.0,crp_dataset_8_1_5.csv|crp_dataset_8_1_7.csv|crp_dataset_8_1_4.csv|crp_dataset_8_1_6.csv,crp_dataset_8_1_1.csv,0.6104916930198669,0.59999999988,0.023809523809334845,3,2,123,128,0.0252685546875,0.01,0.0152685546875
MLP,4,0.1,1.0,crp_dataset_8_1_5.csv|crp_dataset_8_1_7.csv|crp_dataset_8_1_4.csv|crp_dataset_8_1_1.csv,crp_dataset_8_1_3.csv,0.6628891825675964,0.7647058823304499,0.15028901734017175,26,8,147,75,0.0196044921875,0.014889705882352944,0.0047147863051470555
MLP,4,0.1,1.0,crp_dataset_8_1_5.csv|crp_dataset_8_1_7.csv|crp_dataset_8_1_4.csv|crp_dataset_8_1_1.csv,crp_dataset_8_1_2.csv,0.6628891825675964,0.59999999996,0.07563025210020478,9,6,110,131,0.039453125,0.027083333333333334,0.012369791666666664
MLP,4,0.1,1.0,crp_dataset_8_1_5.csv|crp_dataset_8_1_7.csv|crp_dataset_8_1_4.csv|crp_dataset_8_1_1.csv,crp_dataset_8_1_8.csv,0.6628891825675964,0.749999999953125,0.08695652173850033,12,4,126,114,0.0283203125,0.008203125,0.0201171875
MLP,4,0.1,1.0,crp_dataset_8_1_5.csv|crp_dataset_8_1_7.csv|crp_dataset_8_1_4.csv|crp_dataset_8_1_1.csv,crp_dataset_8_1_6.csv,0.6628891825675964,0.699999999965,0.09999999999928572,14,6,126,110,0.026928710937499996,0.01625,0.010678710937499995
MLP,4,0.1,1.0,crp_dataset_8_1_5.csv|crp_dataset_8_1_7.csv|crp_dataset_8_1_6.csv|crp_dataset_8_1_1.csv,crp_dataset_8_1_3.csv,0.6555265188217163,0.7674418604472688,0.1907514450856026,33,10,140,73,0.0196044921875,0.014389534883720929,0.005214957303779071
MLP,4,0.1,1.0,crp_dataset_8_1_5.csv|crp_dataset_8_1_7.csv|crp_dataset_8_1_6.csv|crp_dataset_8_1_1.csv,crp_dataset_8_1_2.csv,0.6555265188217163,0.5384615384408284,0.11764705882254078,14,12,105,125,0.039453125,0.020432692307692308,0.01902043269230769
MLP,4,0.1,1.0,crp_dataset_8_1_5.csv|crp_dataset_8_1_7.csv|crp_dataset_8_1_6.csv|crp_dataset_8_1_1.csv,crp_dataset_8_1_8.csv,0.6555265188217163,0.7096774193319458,0.15942028985391726,22,9,116,109,0.0283203125,0.019959677419354834,0.008360635080645166
MLP,4,0.1,1.0,crp_dataset_8_1_5.csv|crp_dataset_8_1_7.csv|crp_dataset_8_1_6.csv|crp_dataset_8_1_1.csv,crp_dataset_8_1_4.csv,0.6555265188217163,0.7567567567363039,0.2137404580136356,28,9,103,116,0.023046875,0.011824324324324325,0.011222550675675676
MLP,4,0.1,1.0,crp_dataset_8_1_5.csv|crp_dataset_8_1_8.csv|crp_dataset_8_1_4.csv|crp_dataset_8_1_6.csv,crp_dataset_8_1_3.csv,0.6302224397659302,0.9666666666344444,0.16763005780249926,29,1,144,82,0.0196044921875,0.0004166666666666667,0.019187825520833333
MLP,4,0.1,1.0,crp_dataset_8_1_5.csv|crp_dataset_8_1_8.csv|crp_dataset_8_1_4.csv|crp_dataset_8_1_6.csv,crp_dataset_8_1_2.csv,0.6302224397659302,0.7727272726921488,0.14285714285594237,17,5,102,132,0.039453125,0.016477272727272726,0.022975852272727273
MLP,4,0.1,1.0,crp_dataset_8_1_5.csv|crp_dataset_8_1_8.csv|crp_dataset_8_1_4.csv|crp_dataset_8_1_6.csv,crp_dataset_8_1_7.csv,0.6302224397659302,0.8636363635971074,0.0863636363632438,19,3,201,33,0.0095703125,0.004545454545454546,0.005024857954545455
MLP,4,0.1,1.0,crp_dataset_8_1_5.csv|crp_dataset_8_1_8.csv|crp_dataset_8_1_4.csv|crp_dataset_8_1_6.csv,crp_dataset_8_1_1.csv,0.6302224397659302,0.63157894733518,0.09523809523733938,12,7,114,123,0.0252685546875,0.014144736842105262,0.011123817845394738
MLP,4,0.1,1.0,crp_dataset_8_1_5.csv|crp_dataset_8_1_8.csv|crp_dataset_8_1_4.csv|crp_dataset_8_1_1.csv,crp_dataset_8_1_3.csv,0.6233672499656677,0.8571428570816326,0.06936416184931003,12,2,161,81,0.0196044921875,0.007589285714285714,0.012015206473214284
MLP,4,0.1,1.0,crp_dataset_8_1_5.csv|crp_dataset_8_1_8.csv|crp_dataset_8_1_4.csv|crp_dataset_8_1_1.csv,crp_dataset_8_1_2.csv,0.6233672499656677,0.6153846153372781,0.06722689075573758,8,5,111,132,0.039453125,0.02980769230769231,0.00964543269230769
MLP,4,0.1,1.0,crp_dataset_8_1_5.csv|crp_dataset_8_1_8.csv|crp_dataset_8_1_4.csv|crp_dataset_8_1_1.csv,crp_dataset_8_1_7.csv,0.6233672499656677,0.99999999995,0.09090909090867769,20,0,200,36,0.0095703125,0.000625,0.0089453125
MLP,4,0.1,1.0,crp_dataset_8_1_5.csv|crp_dataset_8_1_8.csv|crp_dataset_8_1_4.csv|crp_dataset_8_1_1.csv,crp_dataset_8_1_6.csv,0.6233672499656677,0.5833333332847223,0.04999999999964286,7,5,133,111,0.026928710937499996,0.0234375,0.003491210937499996
MLP,4,0.1,1.0,crp_dataset_8_1_5.csv|crp_dataset_8_1_8.csv|crp_dataset_8_1_6.csv|crp_dataset_8_1_1.csv,crp_dataset_8_1_3.csv,0.5,0.8172043010664817,0.4393063583789636,76,17,97,66,0.0196044921875,0.011155913978494624,0.008448578209005375
MLP,4,0.1,1.0,crp_dataset_8_1_5.csv|crp_dataset_8_1_8.csv|crp_dataset_8_1_6.csv|crp_dataset_8_1_1.csv,crp_dataset_8_1_2.csv,0.5,0.5975609756024688,0.41176470587889274,49,33,70,104,0.039453125,0.021875000000000006,0.017578124999999993
MLP,4,0.1,1.0,crp_dataset_8_1_5.csv|crp_dataset_8_1_8.csv|crp_dataset_8_1_6.csv|crp_dataset_8_1_1.csv,crp_dataset_8_1_7.csv,0.5,0.886363636353564,0.354545454543843,78,10,142,26,0.0095703125,0.007457386363636364,0.0021129261363636367
MLP,4,0.1,1.0,crp_dataset_8_1_5.csv|crp_dataset_8_1_8.csv|crp_dataset_8_1_6.csv|crp_dataset_8_1_1.csv,crp_dataset_8_1_4.csv,0.5,0.6063829787169533,0.43511450381347244,57,37,74,88,0.023046875,0.014960106382978724,0.008086768617021277
MLP,4,0.1,1.0,crp_dataset_8_1_5.csv|crp_dataset_8_1_4.csv|crp_dataset_8_1_6.csv|crp_dataset_8_1_1.csv,crp_dataset_8_1_3.csv,0.6398041844367981,0.765624999988037,0.283236994218016,49,15,124,68,0.0196044921875,0.014257812500000001,0.005346679687499998
MLP,4,0.1,1.0,crp_dataset_8_1_5.csv|crp_dataset_8_1_4.csv|crp_dataset_8_1_6.csv|crp_dataset_8_1_1.csv,crp_dataset_8_1_2.csv,0.6398041844367981,0.714285714260204,0.16806722688934397,20,8,99,129,0.039453125,0.022767857142857142,0.016685267857142857
MLP,4,0.1,1.0,crp_dataset_8_1_5.csv|crp_dataset_8_1_4.csv|crp_dataset_8_1_6.csv|crp_dataset_8_1_1.csv,crp_dataset_8_1_7.csv,0.6398041844367981,0.8666666666474074,0.1772727272719215,39,6,181,30,0.0095703125,0.004583333333333333,0.004986979166666667
MLP,4,0.1,1.0,crp_dataset_8_1_5.csv|crp_dataset_8_1_4.csv|crp_dataset_8_1_6.csv|crp_dataset_8_1_1.csv,crp_dataset_8_1_8.csv,0.6398041844367981,0.3863636363548554,0.1231884057962088,17,27,121,91,0.0283203125,0.0387784090909091,-0.0104580965909091
MLP,4,0.1,1.0,crp_dataset_8_1_7.csv|crp_dataset_8_1_8.csv|crp_dataset_8_1_4.csv|crp_dataset_8_1_6.csv,crp_dataset_8_1_3.csv,0.6083759665489197,0.7499999999951924,0.6763005780307729,117,39,56,44,0.0196044921875,0.014302884615384617,0.005301607572115383
MLP,4,0.1,1.0,crp_dataset_8_1_7.csv|crp_dataset_8_1_8.csv|crp_dataset_8_1_4.csv|crp_dataset_8_1_6.csv,crp_dataset_8_1_2.csv,0.6083759665489197,0.512499999996797,0.6890756302463102,82,78,37,59,0.039453125,0.0375390625,0.0019140625000000008
MLP,4,0.1,1.0,crp_dataset_8_1_7.csv|crp_dataset_8_1_8.csv|crp_dataset_8_1_4.csv|crp_dataset_8_1_6.csv,crp_dataset_8_1_5.csv,0.6083759665489197,0.4189944134054805,0.7499999999925,75,104,25,52,0.039282226562499994,0.038477653631284914,0.0008045729312150807
MLP,4,0.1,1.0,crp_dataset_8_1_7.csv|crp_dataset_8_1_8.csv|crp_dataset_8_1_4.csv|crp_dataset_8_1_6.csv,crp_dataset_8_1_1.csv,0.6083759665489197,0.5119047619017149,0.6825396825342656,86,82,40,48,0.0252685546875,0.025,0.0002685546874999986
MLP,4,0.1,1.0,crp_dataset_8_1_7.csv|crp_dataset_8_1_8.csv|crp_dataset_8_1_4.csv|crp_dataset_8_1_1.csv,crp_dataset_8_1_3.csv,0.6239007711410522,0.7256637168077374,0.4739884393036186,82,31,91,52,0.0196044921875,0.016648230088495575,0.002956262099004424
MLP,4,0.1,1.0,crp_dataset_8_1_7.csv|crp_dataset_8_1_8.csv|crp_dataset_8_1_4.csv|crp_dataset_8_1_1.csv,crp_dataset_8_1_2.csv,0.6239007711410522,0.5045871559586735,0.4621848739456959,55,54,64,83,0.039453125,0.041055045871559635,-0.0016019208715596367
MLP,4,0.1,1.0,crp_dataset_8_1_7.csv|crp_dataset_8_1_8.csv|crp_dataset_8_1_4.csv|crp_dataset_8_1_1.csv,crp_dataset_8_1_5.csv,0.6239007711410522,0.5483870967682969,0.5099999999949,51,42,49,114,0.039282226562499994,0.030779569892473116,0.008502656670026879
MLP,4,0.1,1.0,crp_dataset_8_1_7.csv|crp_dataset_8_1_8.csv|crp_dataset_8_1_4.csv|crp_dataset_8_1_1.csv,crp_dataset_8_1_6.csv,0.6239007711410522,0.5961538461481138,0.44285714285397965,62,42,78,74,0.026928710937499996,0.02403846153846154,0.002890249399038456
MLP,4,0.1,1.0,crp_dataset_8_1_7.csv|crp_dataset_8_1_8.csv|crp_dataset_8_1_6.csv|crp_dataset_8_1_1.csv,crp_dataset_8_1_3.csv,0.6152247786521912,0.7079646017636463,0.4624277456620669,80,33,93,50,0.0196044921875,0.017920353982300883,0.0016841382051991163
MLP,4,0.1,1.0,crp_dataset_8_1_7.csv|crp_dataset_8_1_8.csv|crp_dataset_8_1_6.csv|crp_dataset_8_1_1.csv,crp_dataset_8_1_2.csv,0.6152247786521912,0.6346153846092826,0.5546218487348351,66,38,53,99,0.039453125,0.026322115384615388,0.01313100961538461
MLP,4,0.1,1.0,crp_dataset_8_1_7.csv|crp_dataset_8_1_8.csv|crp_dataset_8_1_6.csv|crp_dataset_8_1_1.csv,crp_dataset_8_1_5.csv,0.6152247786521912,0.4871794871753232,0.5699999999943,57,60,43,96,0.039282226562499994,0.03311965811965812,0.0061625684428418745
MLP,4,0.1,1.0,crp_dataset_8_1_7.csv|crp_dataset_8_1_8.csv|crp_dataset_8_1_6.csv|crp_dataset_8_1_1.csv,crp_dataset_8_1_4.csv,0.6152247786521912,0.6428571428520408,0.6183206106823029,81,45,50,80,0.023046875,0.016269841269841268,0.006777033730158734
MLP,4,0.1,1.0,crp_dataset_8_1_7.csv|crp_dataset_8_1_4.csv|crp_dataset_8_1_6.csv|crp_dataset_8_1_1.csv,crp_dataset_8_1_3.csv,0.6355372667312622,0.8181818181632232,0.2080924855479301,36,8,137,75,0.0196044921875,0.012784090909090912,0.006820401278409088
MLP,4,0.1,1.0,crp_dataset_8_1_7.csv|crp_dataset_8_1_4.csv|crp_dataset_8_1_6.csv|crp_dataset_8_1_1.csv,crp_dataset_8_1_2.csv,0.6355372667312622,0.5454545454380166,0.15126050420040957,18,15,101,122,0.039453125,0.03825757575757576,0.0011955492424242375
MLP,4,0.1,1.0,crp_dataset_8_1_7.csv|crp_dataset_8_1_4.csv|crp_dataset_8_1_6.csv|crp_dataset_8_1_1.csv,crp_dataset_8_1_5.csv,0.6355372667312622,0.4594594594470417,0.16999999999829998,17,20,83,136,0.039282226562499994,0.03158783783783784,0.007694388724662153
MLP,4,0.1,1.0,crp_dataset_8_1_7.csv|crp_dataset_8_1_4.csv|crp_dataset_8_1_6.csv|crp_dataset_8_1_1.csv,crp_dataset_8_1_8.csv,0.6355372667312622,0.49999999998437505,0.1159420289846671,16,16,122,102,0.0283203125,0.0279296875,0.0003906249999999986
MLP,4,0.1,1.0,crp_dataset_8_1_8.csv|crp_dataset_8_1_4.csv|crp_dataset_8_1_6.csv|crp_dataset_8_1_1.csv,crp_dataset_8_1_3.csv,0.6104445457458496,0.7857142857062682,0.4450867051997394,77,21,96,62,0.0196044921875,0.0132015306122449,0.006402961575255099
MLP,4,0.1,1.0,crp_dataset_8_1_8.csv|crp_dataset_8_1_4.csv|crp_dataset_8_1_6.csv|crp_dataset_8_1_1.csv,crp_dataset_8_1_2.csv,0.6104445457458496,0.6249999999928977,0.4621848739456959,55,33,64,104,0.039453125,0.025710227272727273,0.013742897727272725
MLP,4,0.1,1.0,crp_dataset_8_1_8.csv|crp_dataset_8_1_4.csv|crp_dataset_8_1_6.csv|crp_dataset_8_1_1.csv,crp_dataset_8_1_5.csv,0.6104445457458496,0.45517241378996437,0.6599999999934,66,79,34,77,0.039282226562499994,0.039224137931034485,5.808863146550963e-05
MLP,4,0.1,1.0,crp_dataset_8_1_8.csv|crp_dataset_8_1_4.csv|crp_dataset_8_1_6.csv|crp_dataset_8_1_1.csv,crp_dataset_8_1_7.csv,0.6104445457458496,0.9124999999885937,0.33181818181667355,73,7,147,29,0.0095703125,0.003125,0.0064453125000000005
MLP,5,0.1,1.0,crp_dataset_8_1_3.csv|crp_dataset_8_1_2.csv|crp_dataset_8_1_5.csv|crp_dataset_8_1_7.csv|crp_dataset_8_1_8.csv,crp_dataset_8_1_4.csv,0.6190301179885864,0.9599999999616,0.18320610686883051,24,1,107,124,0.023046875,0.00525,0.017796875
MLP,5,0.1,1.0,crp_dataset_8_1_3.csv|crp_dataset_8_1_2.csv|crp_dataset_8_1_5.csv|crp_dataset_8_1_7.csv|crp_dataset_8_1_8.csv,crp_dataset_8_1_6.csv,0.6190301179885864,0.8461538461213017,0.1571428571417347,22,4,118,112,0.026928710937499996,0.004807692307692308,0.022121018629807688
MLP,5,0.1,1.0,crp_dataset_8_1_3.csv|crp_dataset_8_1_2.csv|crp_dataset_8_1_5.csv|crp_dataset_8_1_7.csv|crp_dataset_8_1_8.csv,crp_dataset_8_1_1.csv,0.6190301179885864,0.9090909090495868,0.15873015872889895,20,2,106,128,0.0252685546875,0.003693181818181818,0.021575372869318182
MLP,5,0.1,1.0,crp_dataset_8_1_3.csv|crp_dataset_8_1_2.csv|crp_dataset_8_1_5.csv|crp_dataset_8_1_7.csv|crp_dataset_8_1_4.csv,crp_dataset_8_1_8.csv,0.6143477559089661,0.7499999999732143,0.15217391304237557,21,7,117,111,0.0283203125,0.013392857142857142,0.014927455357142858
MLP,5,0.1,1.0,crp_dataset_8_1_3.csv|crp_dataset_8_1_2.csv|crp_dataset_8_1_5.csv|crp_dataset_8_1_7.csv|crp_dataset_8_1_4.csv,crp_dataset_8_1_6.csv,0.6143477559089661,0.4999999999722222,0.0642857142852551,9,9,131,107,0.026928710937499996,0.030902777777777772,-0.003974066840277776
MLP,5,0.1,1.0,crp_dataset_8_1_3.csv|crp_dataset_8_1_2.csv|crp_dataset_8_1_5.csv|crp_dataset_8_1_7.csv|crp_dataset_8_1_4.csv,crp_dataset_8_1_1.csv,0.6143477559089661,0.7222222221820987,0.10317460317378432,13,5,113,125,0.0252685546875,0.010416666666666666,0.014851888020833334
MLP,5,0.1,1.0,crp_dataset_8_1_3.csv|crp_dataset_8_1_2.csv|crp_dataset_8_1_5.csv|crp_dataset_8_1_7.csv|crp_dataset_8_1_6.csv,crp_dataset_8_1_8.csv,0.7006547451019287,0.511627906964846,0.15942028985391726,22,21,116,97,0.0283203125,0.03299418604651163,-0.00467387354651163
MLP,5,0.1,1.0,crp_dataset_8_1_3.csv|crp_dataset_8_1_2.csv|crp_dataset_8_1_5.csv|crp_dataset_8_1_7.csv|crp_dataset_8_1_6.csv,crp_dataset_8_1_4.csv,0.7006547451019287,0.8135593220201092,0.36641221373766103,48,11,83,114,0.023046875,0.007838983050847457,0.015207891949152544
MLP,5,0.1,1.0,crp_dataset_8_1_3.csv|crp_dataset_8_1_2.csv|crp_dataset_8_1_5.csv|crp_dataset_8_1_7.csv|crp_dataset_8_1_6.csv,crp_dataset_8_1_1.csv,0.7006547451019287,0.7619047618866214,0.25396825396623834,32,10,94,120,0.0252685546875,0.011904761904761904,0.013363792782738096
MLP,5,0.1,1.0,crp_dataset_8_1_3.csv|crp_dataset_8_1_2.csv|crp_dataset_8_1_5.csv|crp_dataset_8_1_7.csv|crp_dataset_8_1_1.csv,crp_dataset_8_1_8.csv,0.6344272494316101,0.705882352899654,0.08695652173850033,12,5,126,113,0.0283203125,0.018750000000000003,0.009570312499999997
MLP,5,0.1,1.0,crp_dataset_8_1_3.csv|crp_dataset_8_1_2.csv|crp_dataset_8_1_5.csv|crp_dataset_8_1_7.csv|crp_dataset_8_1_1.csv,crp_dataset_8_1_4.csv,0.6344272494316101,0.9999999999285715,0.1068702290068178,14,0,117,125,0.023046875,0.0,0.023046875
MLP,5,0.1,1.0,crp_dataset_8_1_3.csv|crp_dataset_8_1_2.csv|crp_dataset_8_1_5.csv|crp_dataset_8_1_7.csv|crp_dataset_8_1_1.csv,crp_dataset_8_1_6.csv,0.6344272494316101,0.8888888887901234,0.05714285714244898,8,1,132,115,0.026928710937499996,0.009027777777777779,0.017900933159722215
MLP,5,0.1,1.0,crp_dataset_8_1_3.csv|crp_dataset_8_1_2.csv|crp_dataset_8_1_5.csv|crp_dataset_8_1_8.csv|crp_dataset_8_1_4.csv,crp_dataset_8_1_7.csv,0.601763129234314,0.8888888887901234,0.03636363636347108,8,1,212,35,0.0095703125,0.0020833333333333333,0.007486979166666668
MLP,5,0.1,1.0,crp_dataset_8_1_3.csv|crp_dataset_8_1_2.csv|crp_dataset_8_1_5.csv|crp_dataset_8_1_8.csv|crp_dataset_8_1_4.csv,crp_dataset_8_1_6.csv,0.601763129234314,0.9999999989999999,0.007142857142806123,1,0,139,116,0.026928710937499996,0.0,0.026928710937499996
MLP,5,0.1,1.0,crp_dataset_8_1_3.csv|crp_dataset_8_1_2.csv|crp_dataset_8_1_5.csv|crp_dataset_8_1_8.csv|crp_dataset_8_1_4.csv,crp_dataset_8_1_1.csv,0.601763129234314,0.0,0.0,0,0,126,130,0.0252685546875,,
MLP,5,0.1,1.0,crp_dataset_8_1_3.csv|crp_dataset_8_1_2.csv|crp_dataset_8_1_5.csv|crp_dataset_8_1_8.csv|crp_dataset_8_1_6.csv,crp_dataset_8_1_7.csv,0.5,0.9333333333125927,0.19090909090822314,42,3,178,33,0.0095703125,0.003472222222222222,0.006098090277777779
MLP,5,0.1,1.0,crp_dataset_8_1_3.csv|crp_dataset_8_1_2.csv|crp_dataset_8_1_5.csv|crp_dataset_8_1_8.csv|crp_dataset_8_1_6.csv,crp_dataset_8_1_4.csv,0.5,0.764705882337947,0.29770992366184956,39,12,92,113,0.023046875,0.009558823529411765,0.013488051470588236
MLP,5,0.1,1.0,crp_dataset_8_1_3.csv|crp_dataset_8_1_2.csv|crp_dataset_8_1_5.csv|crp_dataset_8_1_8.csv|crp_dataset_8_1_6.csv,crp_dataset_8_1_1.csv,0.5,0.6511627906825311,0.22222222222045854,28,15,98,115,0.0252685546875,0.018313953488372094,0.006954601199127906
MLP,5,0.1,1.0,crp_dataset_8_1_3.csv|crp_dataset_8_1_2.csv|crp_dataset_8_1_5.csv|crp_dataset_8_1_8.csv|crp_dataset_8_1_1.csv,crp_dataset_8_1_7.csv,0.5,0.874999999986328,0.25454545454429756,56,8,164,28,0.0095703125,0.005078125,0.0044921875000000005
MLP,5,0.1,1.0,crp_dataset_8_1_3.csv|crp_dataset_8_1_2.csv|crp_dataset_8_1_5.csv|crp_dataset_8_1_8.csv|crp_dataset_8_1_1.csv,crp_dataset_8_1_4.csv,0.5,0.6799999999909333,0.38931297709626483,51,24,80,101,0.023046875,0.013083333333333332,0.00996354166666667
MLP,5,0.1,1.0,crp_dataset_8_1_3.csv|crp_dataset_8_1_2.csv|crp_dataset_8_1_5.csv|crp_dataset_8_1_8.csv|crp_dataset_8_1_1.csv,crp_dataset_8_1_6.csv,0.5,0.6969696969591368,0.32857142856908167,46,20,94,96,0.026928710937499996,0.015814393939393937,0.011114316998106059
MLP,5,0.1,1.0,crp_dataset_8_1_3.csv|crp_dataset_8_1_2.csv|crp_dataset_8_1_5.csv|crp_dataset_8_1_4.csv|crp_dataset_8_1_6.csv,crp_dataset_8_1_7.csv,0.5,0.909090909063361,0.13636363636301654,30,3,190,33,0.0095703125,0.006060606060606061,0.00350970643939394
MLP,5,0.1,1.0,crp_dataset_8_1_3.csv|crp_dataset_8_1_2.csv|crp_dataset_8_1_5.csv|crp_dataset_8_1_4.csv|crp_dataset_8_1_6.csv,crp_dataset_8_1_8.csv,0.5,0.5833333333171297,0.15217391304237557,21,15,117,103,0.0283203125,0.01927083333333333,0.00904947916666667
MLP,5,0.1,1.0,crp_dataset_8_1_3.csv|crp_dataset_8_1_2.csv|crp_dataset_8_1_5.csv|crp_dataset_8_1_4.csv|crp_dataset_8_1_6.csv,crp_dataset_8_1_1.csv,0.5,0.5531914893499321,0.20634920634756865,26,21,100,109,0.0252685546875,0.017154255319148937,0.008114299368351063
MLP,5,0.1,1.0,crp_dataset_8_1_3.csv|crp_dataset_8_1_2.csv|crp_dataset_8_1_5.csv|crp_dataset_8_1_4.csv|crp_dataset_8_1_1.csv,crp_dataset_8_1_7.csv,0.6092253923416138,0.8333333331944445,0.02272727272716942,5,1,215,35,0.0095703125,0.004166666666666667,0.005403645833333334
MLP,5,0.1,1.0,crp_dataset_8_1_3.csv|crp_dataset_8_1_2.csv|crp_dataset_8_1_5.csv|crp_dataset_8_1_4.csv|crp_dataset_8_1_1.csv,crp_dataset_8_1_8.csv,0.6092253923416138,0.7272727272066115,0.05797101449233355,8,3,130,115,0.0283203125,0.020454545454545458,0.007865767045454542
MLP,5,0.1,1.0,crp_dataset_8_1_3.csv|crp_dataset_8_1_2.csv|crp_dataset_8_1_5.csv|crp_dataset_8_1_4.csv|crp_dataset_8_1_1.csv,crp_dataset_8_1_6.csv,0.6092253923416138,0.9999999998888889,0.0642857142852551,9,0,131,116,0.026928710937499996,0.0006944444444444445,0.02623426649305555
MLP,5,0.1,1.0,crp_dataset_8_1_3.csv|crp_dataset_8_1_2.csv|crp_dataset_8_1_5.csv|crp_dataset_8_1_6.csv|crp_dataset_8_1_1.csv,crp_dataset_8_1_7.csv,0.6185438632965088,0.9999999998571428,0.031818181818037194,7,0,213,36,0.0095703125,0.0008928571428571429,0.008677455357142858
MLP,5,0.1,1.0,crp_dataset_8_1_3.csv|crp_dataset_8_1_2.csv|crp_dataset_8_1_5.csv|crp_dataset_8_1_6.csv|crp_dataset_8_1_1.csv,crp_dataset_8_1_8.csv,0.6185438632965088,0.5833333332847223,0.050724637680791856,7,5,131,113,0.0283203125,0.027083333333333334,0.0012369791666666657
MLP,5,0.1,1.0,crp_dataset_8_1_3.csv|crp_dataset_8_1_2.csv|crp_dataset_8_1_5.csv|crp_dataset_8_1_6.csv|crp_dataset_8_1_1.csv,crp_dataset_8_1_4.csv,0.6185438632965088,0.7499999999765626,0.18320610686883051,24,8,107,117,0.023046875,0.010546875,0.0125
MLP,5,0.1,1.0,crp_dataset_8_1_3.csv|crp_dataset_8_1_2.csv|crp_dataset_8_1_7.csv|crp_dataset_8_1_8.csv|crp_dataset_8_1_4.csv,crp_dataset_8_1_5.csv,0.6150828003883362,0.50746268655959,0.33999999999659997,34,33,66,123,0.039282226562499994,0.027052238805970148,0.012229987756529847
MLP,5,0.1,1.0,crp_dataset_8_1_3.csv|crp_dataset_8_1_2.csv|crp_dataset_8_1_7.csv|crp_dataset_8_1_8.csv|crp_dataset_8_1_4.csv,crp_dataset_8_1_6.csv,0.6150828003883362,0.6555555555482716,0.4214285714255613,59,31,81,85,0.026928710937499996,0.02263888888888889,0.004289822048611107
MLP,5,0.1,1.0,crp_dataset_8_1_3.csv|crp_dataset_8_1_2.csv|crp_dataset_8_1_7.csv|crp_dataset_8_1_8.csv|crp_dataset_8_1_4.csv,crp_dataset_8_1_1.csv,0.6150828003883362,0.6666666666565656,0.34920634920357774,44,22,82,108,0.0252685546875,0.014488636363636363,0.010779918323863637
MLP,5,0.1,1.0,crp_dataset_8_1_3.csv|crp_dataset_8_1_2.csv|crp_dataset_8_1_7.csv|crp_dataset_8_1_8.csv|crp_dataset_8_1_6.csv,crp_dataset_8_1_5.csv,0.6080073118209839,0.41499999999792503,0.8299999999916999,83,117,17,39,0.039282226562499994,0.03840625,0.0008759765624999916
MLP,5,0.1,1.0,crp_dataset_8_1_3.csv|crp_dataset_8_1_2.csv|crp_dataset_8_1_7.csv|crp_dataset_8_1_8.csv|crp_dataset_8_1_6.csv,crp_dataset_8_1_4.csv,0.6080073118209839,0.6277777777742901,0.8625954198407436,113,67,18,58,0.023046875,0.017013888888888887,0.006032986111111114
MLP,5,0.1,1.0,crp_dataset_8_1_3.csv|crp_dataset_8_1_2.csv|crp_dataset_8_1_7.csv|crp_dataset_8_1_8.csv|crp_dataset_8_1_6.csv,crp_dataset_8_1_1.csv,0.6080073118209839,0.5238095238059605,0.611111111106261,77,70,49,60,0.0252685546875,0.024022108843537414,0.0012464458439625861
MLP,5,0.1,1.0,crp_dataset_8_1_3.csv|crp_dataset_8_1_2.csv|crp_dataset_8_1_7.csv|crp_dataset_8_1_8.csv|crp_dataset_8_1_1.csv,crp_dataset_8_1_5.csv,0.6014941334724426,0.47101449275021007,0.6499999999935,65,73,35,83,0.039282226562499994,0.03215579710144927,0.007126429461050722
MLP,5,0.1,1.0,crp_dataset_8_1_3.csv|crp_dataset_8_1_2.csv|crp_dataset_8_1_7.csv|crp_dataset_8_1_8.csv|crp_dataset_8_1_1.csv,crp_dataset_8_1_4.csv,0.6014941334724426,0.6258064516088658,0.7404580152615233,97,58,34,67,0.023046875,0.017620967741935487,0.005425907258064515
MLP,5,0.1,1.0,crp_dataset_8_1_3.csv|crp_dataset_8_1_2.csv|crp_dataset_8_1_7.csv|crp_dataset_8_1_8.csv|crp_dataset_8_1_1.csv,crp_dataset_8_1_6.csv,0.6014941334724426,0.6363636363591864,0.6499999999953572,91,52,49,64,0.026928710937499996,0.02071678321678322,0.006211927720716777
MLP,5,0.1,1.0,crp_dataset_8_1_3.csv|crp_dataset_8_1_2.csv|crp_dataset_8_1_7.csv|crp_dataset_8_1_4.csv|crp_dataset_8_1_6.csv,crp_dataset_8_1_5.csv,0.614730954170227,0.5405405405332359,0.399999999996,40,34,60,122,0.039282226562499994,0.03640202702702703,0.0028801995354729645
MLP,5,0.1,1.0,crp_dataset_8_1_3.csv|crp_dataset_8_1_2.csv|crp_dataset_8_1_7.csv|crp_dataset_8_1_4.csv|crp_dataset_8_1_6.csv,crp_dataset_8_1_8.csv,0.614730954170227,0.49152542372048263,0.21014492753470912,29,30,109,88,0.0283203125,0.036016949152542374,-0.007696636652542374
MLP,5,0.1,1.0,crp_dataset_8_1_3.csv|crp_dataset_8_1_2.csv|crp_dataset_8_1_7.csv|crp_dataset_8_1_4.csv|crp_dataset_8_1_6.csv,crp_dataset_8_1_1.csv,0.614730954170227,0.6595744680710729,0.24603174602979339,31,16,95,114,0.0252685546875,0.013563829787234045,0.011704724900265955
MLP,5,0.1,1.0,crp_dataset_8_1_3.csv|crp_dataset_8_1_2.csv|crp_dataset_8_1_7.csv|crp_dataset_8_1_4.csv|crp_dataset_8_1_1.csv,crp_dataset_8_1_5.csv,0.6213191151618958,0.4833333333252778,0.28999999999709997,29,31,71,125,0.039282226562499994,0.03229166666666667,0.0069905598958333245
MLP,5,0.1,1.0,crp_dataset_8_1_3.csv|crp_dataset_8_1_2.csv|crp_dataset_8_1_7.csv|crp_dataset_8_1_4.csv|crp_dataset_8_1_1.csv,crp_dataset_8_1_8.csv,0.6213191151618958,0.4999999999907408,0.19565217391162573,27,27,111,91,0.0283203125,0.025231481481481483,0.003088831018518517
MLP,5,0.1,1.0,crp_dataset_8_1_3.csv|crp_dataset_8_1_2.csv|crp_dataset_8_1_7.csv|crp_dataset_8_1_4.csv|crp_dataset_8_1_1.csv,crp_dataset_8_1_6.csv,0.6213191151618958,0.7714285714065306,0.19285714285576533,27,8,113,108,0.026928710937499996,0.01589285714285714,0.011035853794642857
MLP,5,0.1,1.0,crp_dataset_8_1_3.csv|crp_dataset_8_1_2.csv|crp_dataset_8_1_7.csv|crp_dataset_8_1_6.csv|crp_dataset_8_1_1.csv,crp_dataset_8_1_5.csv,0.6306579113006592,0.4711538461493158,0.48999999999509997,49,55,51,101,0.039282226562499994,0.03617788461538462,0.0031043419471153758
MLP,5,0.1,1.0,crp_dataset_8_1_3.csv|crp_dataset_8_1_2.csv|crp_dataset_8_1_7.csv|crp_dataset_8_1_6.csv|crp_dataset_8_1_1.csv,crp_dataset_8_1_8.csv,0.6306579113006592,0.5797101449191346,0.28985507246166775,40,29,98,89,0.0283203125,0.026811594202898557,0.0015087182971014433
MLP,5,0.1,1.0,crp_dataset_8_1_3.csv|crp_dataset_8_1_2.csv|crp_dataset_8_1_7.csv|crp_dataset_8_1_6.csv|crp_dataset_8_1_1.csv,crp_dataset_8_1_4.csv,0.6306579113006592,0.6826923076857433,0.5419847328202902,71,33,60,92,0.023046875,0.01622596153846154,0.006820913461538462
MLP,5,0.1,1.0,crp_dataset_8_1_3.csv|crp_dataset_8_1_2.csv|crp_dataset_8_1_8.csv|crp_dataset_8_1_4.csv|crp_dataset_8_1_6.csv,crp_dataset_8_1_5.csv,0.6778093576431274,0.5238095237970521,0.21999999999779998,22,20,78,136,0.039282226562499994,0.03392857142857143,0.0053536551339285615
MLP,5,0.1,1.0,crp_dataset_8_1_3.csv|crp_dataset_8_1_2.csv|crp_dataset_8_1_8.csv|crp_dataset_8_1_4.csv|crp_dataset_8_1_6.csv,crp_dataset_8_1_7.csv,0.6778093576431274,0.8888888888395061,0.07272727272694215,16,2,204,34,0.0095703125,0.0045138888888888885,0.005056423611111112
MLP,5,0.1,1.0,crp_dataset_8_1_3.csv|crp_dataset_8_1_2.csv|crp_dataset_8_1_8.csv|crp_dataset_8_1_4.csv|crp_dataset_8_1_6.csv,crp_dataset_8_1_1.csv,0.6778093576431274,0.6285714285534695,0.17460317460178887,22,13,104,117,0.0252685546875,0.009642857142857142,0.01562569754464286
MLP,5,0.1,1.0,crp_dataset_8_1_3.csv|crp_dataset_8_1_2.csv|crp_dataset_8_1_8.csv|crp_dataset_8_1_4.csv|crp_dataset_8_1_1.csv,crp_dataset_8_1_5.csv,0.6125973463058472,0.5454545454049586,0.0599999999994,6,5,94,151,0.039282226562499994,0.028409090909090915,0.01087313565340908
MLP,5,0.1,1.0,crp_dataset_8_1_3.csv|crp_dataset_8_1_2.csv|crp_dataset_8_1_8.csv|crp_dataset_8_1_4.csv|crp_dataset_8_1_1.csv,crp_dataset_8_1_7.csv,0.6125973463058472,0.874999999890625,0.031818181818037194,7,1,213,35,0.0095703125,0.00703125,0.0025390625000000005
MLP,5,0.1,1.0,crp_dataset_8_1_3.csv|crp_dataset_8_1_2.csv|crp_dataset_8_1_8.csv|crp_dataset_8_1_4.csv|crp_dataset_8_1_1.csv,crp_dataset_8_1_6.csv,0.6125973463058472,0.7647058823079584,0.0928571428564796,13,4,127,112,0.026928710937499996,0.014705882352941176,0.01222282858455882
MLP,5,0.1,1.0,crp_dataset_8_1_3.csv|crp_dataset_8_1_2.csv|crp_dataset_8_1_8.csv|crp_dataset_8_1_6.csv|crp_dataset_8_1_1.csv,crp_dataset_8_1_5.csv,0.6029314994812012,0.6122448979466889,0.299999999997,30,19,70,137,0.039282226562499994,0.018112244897959182,0.021169981664540812
MLP,5,0.1,1.0,crp_dataset_8_1_3.csv|crp_dataset_8_1_2.csv|crp_dataset_8_1_8.csv|crp_dataset_8_1_6.csv|crp_dataset_8_1_1.csv,crp_dataset_8_1_7.csv,0.6029314994812012,0.9032258064224766,0.12727272727214878,28,3,192,33,0.0095703125,0.004637096774193549,0.004933215725806452
MLP,5,0.1,1.0,crp_dataset_8_1_3.csv|crp_dataset_8_1_2.csv|crp_dataset_8_1_8.csv|crp_dataset_8_1_6.csv|crp_dataset_8_1_1.csv,crp_dataset_8_1_4.csv,0.6029314994812012,0.7435897435706772,0.22137404579983685,29,10,102,115,0.023046875,0.009455128205128206,0.013591746794871795
MLP,5,0.1,1.0,crp_dataset_8_1_3.csv|crp_dataset_8_1_2.csv|crp_dataset_8_1_4.csv|crp_dataset_8_1_6.csv|crp_dataset_8_1_1.csv,crp_dataset_8_1_5.csv,0.6050485968589783,0.4999999999959677,0.6199999999938,62,62,38,94,0.039282226562499994,0.03578629032258065,0.0034959362399193464
MLP,5,0.1,1.0,crp_dataset_8_1_3.csv|crp_dataset_8_1_2.csv|crp_dataset_8_1_4.csv|crp_dataset_8_1_6.csv|crp_dataset_8_1_1.csv,crp_dataset_8_1_7.csv,0.6050485968589783,0.9605263157768351,0.33181818181667355,73,3,147,33,0.0095703125,0.003453947368421053,0.006116365131578948
MLP,5,0.1,1.0,crp_dataset_8_1_3.csv|crp_dataset_8_1_2.csv|crp_dataset_8_1_4.csv|crp_dataset_8_1_6.csv|crp_dataset_8_1_1.csv,crp_dataset_8_1_8.csv,0.6050485968589783,0.4395604395556092,0.28985507246166775,40,51,98,67,0.0283203125,0.039766483516483514,-0.011446171016483514
MLP,5,0.1,1.0,crp_dataset_8_1_3.csv|crp_dataset_8_1_5.csv|crp_dataset_8_1_7.csv|crp_dataset_8_1_8.csv|crp_dataset_8_1_4.csv,crp_dataset_8_1_2.csv,0.6003019213676453,0.5199999999930667,0.3277310924342207,39,36,80,101,0.039453125,0.030750000000000003,0.008703124999999996
MLP,5,0.1,1.0,crp_dataset_8_1_3.csv|crp_dataset_8_1_5.csv|crp_dataset_8_1_7.csv|crp_dataset_8_1_8.csv|crp_dataset_8_1_4.csv,crp_dataset_8_1_6.csv,0.6003019213676453,0.5151515151437098,0.2428571428554082,34,32,106,84,0.026928710937499996,0.03238636363636363,-0.005457652698863634
MLP,5,0.1,1.0,crp_dataset_8_1_3.csv|crp_dataset_8_1_5.csv|crp_dataset_8_1_7.csv|crp_dataset_8_1_8.csv|crp_dataset_8_1_4.csv,crp_dataset_8_1_1.csv,0.6003019213676453,0.5857142857059183,0.32539682539424286,41,29,85,101,0.0252685546875,0.020535714285714282,0.004732840401785718
MLP,5,0.1,1.0,crp_dataset_8_1_3.csv|crp_dataset_8_1_5.csv|crp_dataset_8_1_7.csv|crp_dataset_8_1_8.csv|crp_dataset_8_1_6.csv,crp_dataset_8_1_2.csv,0.6012910604476929,0.5775862068915725,0.5630252100793023,67,49,52,88,0.039453125,0.02995689655172414,0.00949622844827586
MLP,5,0.1,1.0,crp_dataset_8_1_3.csv|crp_dataset_8_1_5.csv|crp_dataset_8_1_7.csv|crp_dataset_8_1_8.csv|crp_dataset_8_1_6.csv,crp_dataset_8_1_4.csv,0.6012910604476929,0.6218487394905727,0.564885496178894,74,45,57,80,0.023046875,0.01680672268907563,0.006240152310924372
MLP,5,0.1,1.0,crp_dataset_8_1_3.csv|crp_dataset_8_1_5.csv|crp_dataset_8_1_7.csv|crp_dataset_8_1_8.csv|crp_dataset_8_1_6.csv,crp_dataset_8_1_1.csv,0.6012910604476929,0.5937499999938151,0.45238095237736203,57,39,69,91,0.0252685546875,0.018684895833333333,0.006583658854166667
MLP,5,0.1,1.0,crp_dataset_8_1_3.csv|crp_dataset_8_1_5.csv|crp_dataset_8_1_7.csv|crp_dataset_8_1_8.csv|crp_dataset_8_1_1.csv,crp_dataset_8_1_2.csv,0.6103262901306152,0.6164383561559391,0.37815126050102393,45,28,74,109,0.039453125,0.026455479452054797,0.012997645547945202
MLP,5,0.1,1.0,crp_dataset_8_1_3.csv|crp_dataset_8_1_5.csv|crp_dataset_8_1_7.csv|crp_dataset_8_1_8.csv|crp_dataset_8_1_1.csv,crp_dataset_8_1_4.csv,0.6103262901306152,0.7407407407315958,0.45801526717207625,60,21,71,104,0.023046875,0.013580246913580249,0.009466628086419753
MLP,5,0.1,1.0,crp_dataset_8_1_3.csv|crp_dataset_8_1_5.csv|crp_dataset_8_1_7.csv|crp_dataset_8_1_8.csv|crp_dataset_8_1_1.csv,crp_dataset_8_1_6.csv,0.6103262901306152,0.6478873239345367,0.32857142856908167,46,25,94,91,0.026928710937499996,0.0210387323943662,0.0058899785431337955
MLP,5,0.1,1.0,crp_dataset_8_1_3.csv|crp_dataset_8_1_5.csv|crp_dataset_8_1_7.csv|crp_dataset_8_1_4.csv|crp_dataset_8_1_6.csv,crp_dataset_8_1_2.csv,0.6492500901222229,0.7833333333202778,0.39495798318995834,47,13,72,124,0.039453125,0.009479166666666667,0.02997395833333333
MLP,5,0.1,1.0,crp_dataset_8_1_3.csv|crp_dataset_8_1_5.csv|crp_dataset_8_1_7.csv|crp_dataset_8_1_4.csv|crp_dataset_8_1_6.csv,crp_dataset_8_1_8.csv,0.6492500901222229,0.5294117646980968,0.260869565215501,36,32,102,86,0.0283203125,0.028125000000000008,0.00019531249999999237
MLP,5,0.1,1.0,crp_dataset_8_1_3.csv|crp_dataset_8_1_5.csv|crp_dataset_8_1_7.csv|crp_dataset_8_1_4.csv|crp_dataset_8_1_6.csv,crp_dataset_8_1_1.csv,0.6492500901222229,0.6428571428479591,0.35714285714002264,45,25,81,105,0.0252685546875,0.01410714285714286,0.01116141183035714
MLP,5,0.1,1.0,crp_dataset_8_1_3.csv|crp_dataset_8_1_5.csv|crp_dataset_8_1_7.csv|crp_dataset_8_1_4.csv|crp_dataset_8_1_1.csv,crp_dataset_8_1_2.csv,0.6240056753158569,0.6818181817871901,0.126050420167008,15,7,104,130,0.039453125,0.023295454545454543,0.016157670454545456
MLP,5,0.1,1.0,crp_dataset_8_1_3.csv|crp_dataset_8_1_5.csv|crp_dataset_8_1_7.csv|crp_dataset_8_1_4.csv|crp_dataset_8_1_1.csv,crp_dataset_8_1_8.csv,0.6240056753158569,0.6956521738827978,0.1159420289846671,16,7,122,111,0.0283203125,0.014130434782608694,0.014189877717391306
MLP,5,0.1,1.0,crp_dataset_8_1_3.csv|crp_dataset_8_1_5.csv|crp_dataset_8_1_7.csv|crp_dataset_8_1_4.csv|crp_dataset_8_1_1.csv,crp_dataset_8_1_6.csv,0.6240056753158569,0.7619047618684808,0.11428571428489796,16,5,124,111,0.026928710937499996,0.008928571428571428,0.018000139508928568
MLP,5,0.1,1.0,crp_dataset_8_1_3.csv|crp_dataset_8_1_5.csv|crp_dataset_8_1_7.csv|crp_dataset_8_1_6.csv|crp_dataset_8_1_1.csv,crp_dataset_8_1_2.csv,0.6055741310119629,0.6865671641688572,0.3865546218454911,46,21,73,116,0.039453125,0.012966417910447761,0.02648670708955224
MLP,5,0.1,1.0,crp_dataset_8_1_3.csv|crp_dataset_8_1_5.csv|crp_dataset_8_1_7.csv|crp_dataset_8_1_6.csv|crp_dataset_8_1_1.csv,crp_dataset_8_1_8.csv,0.6055741310119629,0.5135135135065741,0.27536231883858436,38,36,100,82,0.0283203125,0.02508445945945946,0.00323585304054054
MLP,5,0.1,1.0,crp_dataset_8_1_3.csv|crp_dataset_8_1_5.csv|crp_dataset_8_1_7.csv|crp_dataset_8_1_6.csv|crp_dataset_8_1_1.csv,crp_dataset_8_1_4.csv,0.6055741310119629,0.7529411764617301,0.4885496183168813,64,21,67,104,0.023046875,0.008014705882352941,0.01503216911764706
MLP,5,0.1,1.0,crp_dataset_8_1_3.csv|crp_dataset_8_1_5.csv|crp_dataset_8_1_8.csv|crp_dataset_8_1_4.csv|crp_dataset_8_1_6.csv,crp_dataset_8_1_2.csv,0.5,0.5522388059619069,0.31092436974528637,37,30,82,107,0.039453125,0.02789179104477612,0.01156133395522388
MLP,5,0.1,1.0,crp_dataset_8_1_3.csv|crp_dataset_8_1_5.csv|crp_dataset_8_1_8.csv|crp_dataset_8_1_4.csv|crp_dataset_8_1_6.csv,crp_dataset_8_1_7.csv,0.5,0.9263157894639334,0.3999999999981818,88,7,132,29,0.0095703125,0.0036842105263157894,0.005886101973684211
MLP,5,0.1,1.0,crp_dataset_8_1_3.csv|crp_dataset_8_1_5.csv|crp_dataset_8_1_8.csv|crp_dataset_8_1_4.csv|crp_dataset_8_1_6.csv,crp_dataset_8_1_1.csv,0.5,0.5972222222139274,0.3412698412671328,43,29,83,101,0.0252685546875,0.020312499999999997,0.004956054687500003
MLP,5,0.1,1.0,crp_dataset_8_1_3.csv|crp_dataset_8_1_5.csv|crp_dataset_8_1_8.csv|crp_dataset_8_1_4.csv|crp_dataset_8_1_1.csv,crp_dataset_8_1_2.csv,0.6309007406234741,0.7272727272066115,0.06722689075573758,8,3,111,134,0.039453125,0.010227272727272725,0.029225852272727275
MLP,5,0.1,1.0,crp_dataset_8_1_3.csv|crp_dataset_8_1_5.csv|crp_dataset_8_1_8.csv|crp_dataset_8_1_4.csv|crp_dataset_8_1_1.csv,crp_dataset_8_1_7.csv,0.6309007406234741,0.8636363635971074,0.0863636363632438,19,3,201,33,0.0095703125,0.008806818181818181,0.0007634943181818194
MLP,5,0.1,1.0,crp_dataset_8_1_3.csv|crp_dataset_8_1_5.csv|crp_dataset_8_1_8.csv|crp_dataset_8_1_4.csv|crp_dataset_8_1_1.csv,crp_dataset_8_1_6.csv,0.6309007406234741,0.8749999999453125,0.09999999999928572,14,2,126,114,0.026928710937499996,0.0074218750000000005,0.019506835937499994
MLP,5,0.1,1.0,crp_dataset_8_1_3.csv|crp_dataset_8_1_5.csv|crp_dataset_8_1_8.csv|crp_dataset_8_1_6.csv|crp_dataset_8_1_1.csv,crp_dataset_8_1_2.csv,0.6046990156173706,0.9565217390888469,0.18487394957827835,22,1,97,136,0.039453125,0.0019021739130434783,0.03755095108695652
MLP,5,0.1,1.0,crp_dataset_8_1_3.csv|crp_dataset_8_1_5.csv|crp_dataset_8_1_8.csv|crp_dataset_8_1_6.csv|crp_dataset_8_1_1.csv,crp_dataset_8_1_7.csv,0.6046990156173706,0.8620689654875149,0.11363636363584712,25,4,195,32,0.0095703125,0.009267241379310344,0.00030307112068965643
MLP,5,0.1,1.0,crp_dataset_8_1_3.csv|crp_dataset_8_1_5.csv|crp_dataset_8_1_8.csv|crp_dataset_8_1_6.csv|crp_dataset_8_1_1.csv,crp_dataset_8_1_4.csv,0.6046990156173706,0.7567567567363039,0.2137404580136356,28,9,103,116,0.023046875,0.008277027027027027,0.014769847972972974
MLP,5,0.1,1.0,crp_dataset_8_1_3.csv|crp_dataset_8_1_5.csv|crp_dataset_8_1_4.csv|crp_dataset_8_1_6.csv|crp_dataset_8_1_1.csv,crp_dataset_8_1_2.csv,0.6423115134239197,0.6923076922544379,0.07563025210020478,9,4,110,133,0.039453125,0.013942307692307691,0.025510817307692307
MLP,5,0.1,1.0,crp_dataset_8_1_3.csv|crp_dataset_8_1_5.csv|crp_dataset_8_1_4.csv|crp_dataset_8_1_6.csv|crp_dataset_8_1_1.csv,crp_dataset_8_1_7.csv,0.6423115134239197,0.99999999975,0.01818181818173554,4,0,216,36,0.0095703125,0.0,0.0095703125
MLP,5,0.1,1.0,crp_dataset_8_1_3.csv|crp_dataset_8_1_5.csv|crp_dataset_8_1_4.csv|crp_dataset_8_1_6.csv|crp_dataset_8_1_1.csv,crp_dataset_8_1_8.csv,0.6423115134239197,0.3333333332962963,0.02173913043462508,3,6,135,112,0.0283203125,0.052083333333333336,-0.023763020833333336
MLP,5,0.1,1.0,crp_dataset_8_1_3.csv|crp_dataset_8_1_7.csv|crp_dataset_8_1_8.csv|crp_dataset_8_1_4.csv|crp_dataset_8_1_6.csv,crp_dataset_8_1_2.csv,0.6032429933547974,0.5620437956163354,0.6470588235239743,77,60,42,77,0.039453125,0.027874087591240878,0.01157903740875912
MLP,5,0.1,1.0,crp_dataset_8_1_3.csv|crp_dataset_8_1_7.csv|crp_dataset_8_1_8.csv|crp_dataset_8_1_4.csv|crp_dataset_8_1_6.csv,crp_dataset_8_1_5.csv,0.6032429933547974,0.43749999999726563,0.699999999993,70,90,30,66,0.039282226562499994,0.037343749999999995,0.0019384765624999994
MLP,5,0.1,1.0,crp_dataset_8_1_3.csv|crp_dataset_8_1_7.csv|crp_dataset_8_1_8.csv|crp_dataset_8_1_4.csv|crp_dataset_8_1_6.csv,crp_dataset_8_1_1.csv,0.6032429933547974,0.5546218487348351,0.5238095238053666,66,53,60,77,0.0252685546875,0.020325630252100838,0.0049429244353991625
MLP,5,0.1,1.0,crp_dataset_8_1_3.csv|crp_dataset_8_1_7.csv|crp_dataset_8_1_8.csv|crp_dataset_8_1_4.csv|crp_dataset_8_1_1.csv,crp_dataset_8_1_2.csv,0.6133919954299927,0.5783132530050805,0.4033613445344255,48,35,71,102,0.039453125,0.03170180722891567,0.007751317771084329
MLP,5,0.1,1.0,crp_dataset_8_1_3.csv|crp_dataset_8_1_7.csv|crp_dataset_8_1_8.csv|crp_dataset_8_1_4.csv|crp_dataset_8_1_1.csv,crp_dataset_8_1_5.csv,0.6133919954299927,0.49473684210005536,0.46999999999529996,47,48,53,108,0.039282226562499994,0.030921052631578946,0.008361173930921048
MLP,5,0.1,1.0,crp_dataset_8_1_3.csv|crp_dataset_8_1_7.csv|crp_dataset_8_1_8.csv|crp_dataset_8_1_4.csv|crp_dataset_8_1_1.csv,crp_dataset_8_1_6.csv,0.6133919954299927,0.6969696969591368,0.32857142856908167,46,20,94,96,0.026928710937499996,0.015435606060606061,0.011493104876893935
MLP,5,0.1,1.0,crp_dataset_8_1_3.csv|crp_dataset_8_1_7.csv|crp_dataset_8_1_8.csv|crp_dataset_8_1_6.csv|crp_dataset_8_1_1.csv,crp_dataset_8_1_2.csv,0.6103047132492065,0.5495495495445987,0.5126050420124991,61,50,58,87,0.039453125,0.029448198198198206,0.010004926801801792
MLP,5,0.1,1.0,crp_dataset_8_1_3.csv|crp_dataset_8_1_7.csv|crp_dataset_8_1_8.csv|crp_dataset_8_1_6.csv|crp_dataset_8_1_1.csv,crp_dataset_8_1_5.csv,0.6103047132492065,0.46153846153523403,0.6599999999934,66,77,34,79,0.039282226562499994,0.03448426573426574,0.004797960828234256
MLP,5,0.1,1.0,crp_dataset_8_1_3.csv|crp_dataset_8_1_7.csv|crp_dataset_8_1_8.csv|crp_dataset_8_1_6.csv|crp_dataset_8_1_1.csv,crp_dataset_8_1_4.csv,0.6103047132492065,0.6999999999946155,0.6946564885443156,91,39,40,86,0.023046875,0.013557692307692309,0.009489182692307693
MLP,5,0.1,1.0,crp_dataset_8_1_3.csv|crp_dataset_8_1_7.csv|crp_dataset_8_1_4.csv|crp_dataset_8_1_6.csv|crp_dataset_8_1_1.csv,crp_dataset_8_1_2.csv,0.6152704358100891,0.5454545454446281,0.252100840334016,30,25,89,112,0.039453125,0.026363636363636367,0.013089488636363632
MLP,5,0.1,1.0,crp_dataset_8_1_3.csv|crp_dataset_8_1_7.csv|crp_dataset_8_1_4.csv|crp_dataset_8_1_6.csv|crp_dataset_8_1_1.csv,crp_dataset_8_1_5.csv,0.6152704358100891,0.49450549450006037,0.4499999999955,45,46,55,110,0.039282226562499994,0.031868131868131866,0.0074140946943681285
MLP,5,0.1,1.0,crp_dataset_8_1_3.csv|crp_dataset_8_1_7.csv|crp_dataset_8_1_4.csv|crp_dataset_8_1_6.csv|crp_dataset_8_1_1.csv,crp_dataset_8_1_8.csv,0.6152704358100891,0.5633802816822059,0.28985507246166775,40,31,98,87,0.0283203125,0.0290492957746479,-0.0007289832746479007
MLP,5,0.1,1.0,crp_dataset_8_1_3.csv|crp_dataset_8_1_8.csv|crp_dataset_8_1_4.csv|crp_dataset_8_1_6.csv|crp_dataset_8_1_1.csv,crp_dataset_8_1_2.csv,0.6221599578857422,0.684210526297784,0.21848739495614716,26,12,93,125,0.039453125,0.013651315789473683,0.025801809210526314
MLP,5,0.1,1.0,crp_dataset_8_1_3.csv|crp_dataset_8_1_8.csv|crp_dataset_8_1_4.csv|crp_dataset_8_1_6.csv|crp_dataset_8_1_1.csv,crp_dataset_8_1_5.csv,0.6221599578857422,0.5714285714169096,0.2799999999972,28,21,72,135,0.039282226562499994,0.023469387755102038,0.015812838807397957
MLP,5,0.1,1.0,crp_dataset_8_1_3.csv|crp_dataset_8_1_8.csv|crp_dataset_8_1_4.csv|crp_dataset_8_1_6.csv|crp_dataset_8_1_1.csv,crp_dataset_8_1_7.csv,0.6221599578857422,0.9655172413460167,0.12727272727214878,28,1,192,35,0.0095703125,0.0021551724137931034,0.007415140086206897
MLP,5,0.1,1.0,crp_dataset_8_1_2.csv|crp_dataset_8_1_5.csv|crp_dataset_8_1_7.csv|crp_dataset_8_1_8.csv|crp_dataset_8_1_4.csv,crp_dataset_8_1_3.csv,0.6240947842597961,0.8857142856889797,0.17919075144405094,31,4,142,79,0.0196044921875,0.008214285714285714,0.011390206473214285
MLP,5,0.1,1.0,crp_dataset_8_1_2.csv|crp_dataset_8_1_5.csv|crp_dataset_8_1_7.csv|crp_dataset_8_1_8.csv|crp_dataset_8_1_4.csv,crp_dataset_8_1_6.csv,0.6240947842597961,0.7199999999712,0.1285714285705102,18,7,122,109,0.026928710937499996,0.01775,0.009178710937499997
MLP,5,0.1,1.0,crp_dataset_8_1_2.csv|crp_dataset_8_1_5.csv|crp_dataset_8_1_7.csv|crp_dataset_8_1_8.csv|crp_dataset_8_1_4.csv,crp_dataset_8_1_1.csv,0.6240947842597961,0.705882352899654,0.09523809523733938,12,5,114,125,0.0252685546875,0.011029411764705883,0.014239142922794117
MLP,5,0.1,1.0,crp_dataset_8_1_2.csv|crp_dataset_8_1_5.csv|crp_dataset_8_1_7.csv|crp_dataset_8_1_8.csv|crp_dataset_8_1_6.csv,crp_dataset_8_1_3.csv,0.6205667853355408,0.931034482726516,0.15606936416094758,27,2,146,81,0.0196044921875,0.004094827586206896,0.015509664601293103
MLP,5,0.1,1.0,crp_dataset_8_1_2.csv|crp_dataset_8_1_5.csv|crp_dataset_8_1_7.csv|crp_dataset_8_1_8.csv|crp_dataset_8_1_6.csv,crp_dataset_8_1_4.csv,0.6205667853355408,0.8124999999746094,0.19847328244123305,26,6,105,119,0.023046875,0.005859375,0.0171875
MLP,5,0.1,1.0,crp_dataset_8_1_2.csv|crp_dataset_8_1_5.csv|crp_dataset_8_1_7.csv|crp_dataset_8_1_8.csv|crp_dataset_8_1_6.csv,crp_dataset_8_1_1.csv,0.6205667853355408,0.7777777777345679,0.11111111111022927,14,4,112,126,0.0252685546875,0.009375000000000001,0.0158935546875
MLP,5,0.1,1.0,crp_dataset_8_1_2.csv|crp_dataset_8_1_5.csv|crp_dataset_8_1_7.csv|crp_dataset_8_1_8.csv|crp_dataset_8_1_1.csv,crp_dataset_8_1_3.csv,0.6300532221794128,0.7931034482485136,0.13294797687784424,23,6,150,77,0.0196044921875,0.013362068965517242,0.006242423221982757
MLP,5,0.1,1.0,crp_dataset_8_1_2.csv|crp_dataset_8_1_5.csv|crp_dataset_8_1_7.csv|crp_dataset_8_1_8.csv|crp_dataset_8_1_1.csv,crp_dataset_8_1_4.csv,0.6300532221794128,0.7586206896290131,0.16793893129642795,22,7,109,118,0.023046875,0.009698275862068966,0.013348599137931036
MLP,5,0.1,1.0,crp_dataset_8_1_2.csv|crp_dataset_8_1_5.csv|crp_dataset_8_1_7.csv|crp_dataset_8_1_8.csv|crp_dataset_8_1_1.csv,crp_dataset_8_1_6.csv,0.6300532221794128,0.6666666666518519,0.2142857142841837,30,15,110,101,0.026928710937499996,0.021944444444444444,0.004984266493055552
MLP,5,0.1,1.0,crp_dataset_8_1_2.csv|crp_dataset_8_1_5.csv|crp_dataset_8_1_7.csv|crp_dataset_8_1_4.csv|crp_dataset_8_1_6.csv,crp_dataset_8_1_3.csv,0.6413728594779968,0.9166666665902777,0.0635838150285342,11,1,162,82,0.0196044921875,0.004166666666666667,0.015437825520833334
MLP,5,0.1,1.0,crp_dataset_8_1_2.csv|crp_dataset_8_1_5.csv|crp_dataset_8_1_7.csv|crp_dataset_8_1_4.csv|crp_dataset_8_1_6.csv,crp_dataset_8_1_8.csv,0.6413728594779968,0.5555555554938272,0.03623188405770847,5,4,133,114,0.0283203125,0.03263888888888889,-0.004318576388888891
MLP,5,0.1,1.0,crp_dataset_8_1_2.csv|crp_dataset_8_1_5.csv|crp_dataset_8_1_7.csv|crp_dataset_8_1_4.csv|crp_dataset_8_1_6.csv,crp_dataset_8_1_1.csv,0.6413728594779968,0.89999999991,0.07142857142800453,9,1,117,129,0.0252685546875,0.0025,0.0227685546875
MLP,5,0.1,1.0,crp_dataset_8_1_2.csv|crp_dataset_8_1_5.csv|crp_dataset_8_1_7.csv|crp_dataset_8_1_4.csv|crp_dataset_8_1_1.csv,crp_dataset_8_1_3.csv,0.6000703573226929,0.9230769230059171,0.06936416184931003,12,1,161,82,0.0196044921875,0.00625,0.013354492187499999
MLP,5,0.1,1.0,crp_dataset_8_1_2.csv|crp_dataset_8_1_5.csv|crp_dataset_8_1_7.csv|crp_dataset_8_1_4.csv|crp_dataset_8_1_1.csv,crp_dataset_8_1_8.csv,0.6000703573226929,0.99999999975,0.028985507246166775,4,0,134,118,0.0283203125,0.003125,0.0251953125
MLP,5,0.1,1.0,crp_dataset_8_1_2.csv|crp_dataset_8_1_5.csv|crp_dataset_8_1_7.csv|crp_dataset_8_1_4.csv|crp_dataset_8_1_1.csv,crp_dataset_8_1_6.csv,0.6000703573226929,0.8888888887901234,0.05714285714244898,8,1,132,115,0.026928710937499996,0.011111111111111112,0.015817599826388883
MLP,5,0.1,1.0,crp_dataset_8_1_2.csv|crp_dataset_8_1_5.csv|crp_dataset_8_1_7.csv|crp_dataset_8_1_6.csv|crp_dataset_8_1_1.csv,crp_dataset_8_1_3.csv,0.616556704044342,0.8833333333186112,0.3063583815011193,53,7,120,76,0.0196044921875,0.005833333333333333,0.013771158854166667
MLP,5,0.1,1.0,crp_dataset_8_1_2.csv|crp_dataset_8_1_5.csv|crp_dataset_8_1_7.csv|crp_dataset_8_1_6.csv|crp_dataset_8_1_1.csv,crp_dataset_8_1_8.csv,0.616556704044342,0.6486486486311177,0.17391304347700065,24,13,114,105,0.0283203125,0.01807432432432432,0.01024598817567568
MLP,5,0.1,1.0,crp_dataset_8_1_2.csv|crp_dataset_8_1_5.csv|crp_dataset_8_1_7.csv|crp_dataset_8_1_6.csv|crp_dataset_8_1_1.csv,crp_dataset_8_1_4.csv,0.616556704044342,0.775510204065806,0.2900763358756483,38,11,93,114,0.023046875,0.009311224489795919,0.013735650510204082
MLP,5,0.1,1.0,crp_dataset_8_1_2.csv|crp_dataset_8_1_5.csv|crp_dataset_8_1_8.csv|crp_dataset_8_1_4.csv|crp_dataset_8_1_6.csv,crp_dataset_8_1_3.csv,0.6108604669570923,0.7799999999844001,0.22543352601025762,39,11,134,72,0.0196044921875,0.007625,0.0119794921875
MLP,5,0.1,1.0,crp_dataset_8_1_2.csv|crp_dataset_8_1_5.csv|crp_dataset_8_1_8.csv|crp_dataset_8_1_4.csv|crp_dataset_8_1_6.csv,crp_dataset_8_1_7.csv,0.6108604669570923,0.9148936170018108,0.19545454545365704,43,4,177,32,0.0095703125,0.00625,0.0033203125000000003
MLP,5,0.1,1.0,crp_dataset_8_1_2.csv|crp_dataset_8_1_5.csv|crp_dataset_8_1_8.csv|crp_dataset_8_1_4.csv|crp_dataset_8_1_6.csv,crp_dataset_8_1_1.csv,0.6108604669570923,0.5833333333171297,0.1666666666653439,21,15,105,115,0.0252685546875,0.019444444444444445,0.005824110243055555
MLP,5,0.1,1.0,crp_dataset_8_1_2.csv|crp_dataset_8_1_5.csv|crp_dataset_8_1_8.csv|crp_dataset_8_1_4.csv|crp_dataset_8_1_1.csv,crp_dataset_8_1_3.csv,0.6338472366333008,0.9999999998571428,0.04046242774543086,7,0,166,83,0.0196044921875,0.0,0.0196044921875
MLP,5,0.1,1.0,crp_dataset_8_1_2.csv|crp_dataset_8_1_5.csv|crp_dataset_8_1_8.csv|crp_dataset_8_1_4.csv|crp_dataset_8_1_1.csv,crp_dataset_8_1_7.csv,0.6338472366333008,0.99999999975,0.01818181818173554,4,0,216,36,0.0095703125,0.0,0.0095703125
MLP,5,0.1,1.0,crp_dataset_8_1_2.csv|crp_dataset_8_1_5.csv|crp_dataset_8_1_8.csv|crp_dataset_8_1_4.csv|crp_dataset_8_1_1.csv,crp_dataset_8_1_6.csv,0.6338472366333008,0.7499999998125,0.02142857142841837,3,1,137,115,0.026928710937499996,0.0125,0.014428710937499995
MLP,5,0.1,1.0,crp_dataset_8_1_2.csv|crp_dataset_8_1_5.csv|crp_dataset_8_1_8.csv|crp_dataset_8_1_6.csv|crp_dataset_8_1_1.csv,crp_dataset_8_1_3.csv,0.5,0.8253968253837239,0.3005780346803435,52,11,121,72,0.0196044921875,0.008829365079365077,0.010775127108134922
MLP,5,0.1,1.0,crp_dataset_8_1_2.csv|crp_dataset_8_1_5.csv|crp_dataset_8_1_8.csv|crp_dataset_8_1_6.csv|crp_dataset_8_1_1.csv,crp_dataset_8_1_7.csv,0.5,0.8936170212575827,0.19090909090822314,42,5,178,31,0.0095703125,0.005851063829787233,0.0037192486702127677
MLP,5,0.1,1.0,crp_dataset_8_1_2.csv|crp_dataset_8_1_5.csv|crp_dataset_8_1_8.csv|crp_dataset_8_1_6.csv|crp_dataset_8_1_1.csv,crp_dataset_8_1_4.csv,0.5,0.7142857142755101,0.38167938931006357,50,20,81,105,0.023046875,0.010982142857142857,0.012064732142857144
MLP,5,0.1,1.0,crp_dataset_8_1_2.csv|crp_dataset_8_1_5.csv|crp_dataset_8_1_4.csv|crp_dataset_8_1_6.csv|crp_dataset_8_1_1.csv,crp_dataset_8_1_3.csv,0.6606058478355408,0.9999999989999999,0.005780346820775837,1,0,172,83,0.0196044921875,0.0,0.0196044921875
MLP,5,0.1,1.0,crp_dataset_8_1_2.csv|crp_dataset_8_1_5.csv|crp_dataset_8_1_4.csv|crp_dataset_8_1_6.csv|crp_dataset_8_1_1.csv,crp_dataset_8_1_7.csv,0.6606058478355408,0.9999999989999999,0.004545454545433885,1,0,219,36,0.0095703125,0.0,0.0095703125
MLP,5,0.1,1.0,crp_dataset_8_1_2.csv|crp_dataset_8_1_5.csv|crp_dataset_8_1_4.csv|crp_dataset_8_1_6.csv|crp_dataset_8_1_1.csv,crp_dataset_8_1_8.csv,0.6606058478355408,0.0,0.0,0,0,138,118,0.0283203125,,
MLP,5,0.1,1.0,crp_dataset_8_1_2.csv|crp_dataset_8_1_7.csv|crp_dataset_8_1_8.csv|crp_dataset_8_1_4.csv|crp_dataset_8_1_6.csv,crp_dataset_8_1_3.csv,0.604564905166626,0.7938931297649322,0.601156069360687,104,27,69,56,0.0196044921875,0.011688931297709924,0.007915560889790075
MLP,5,0.1,1.0,crp_dataset_8_1_2.csv|crp_dataset_8_1_7.csv|crp_dataset_8_1_8.csv|crp_dataset_8_1_4.csv|crp_dataset_8_1_6.csv,crp_dataset_8_1_5.csv,0.604564905166626,0.4691358024662399,0.7599999999924,76,86,24,70,0.039282226562499994,0.03429783950617284,0.004984387056327151
MLP,5,0.1,1.0,crp_dataset_8_1_2.csv|crp_dataset_8_1_7.csv|crp_dataset_8_1_8.csv|crp_dataset_8_1_4.csv|crp_dataset_8_1_6.csv,crp_dataset_8_1_1.csv,0.604564905166626,0.5371900826401885,0.5158730158689216,65,56,61,74,0.0252685546875,0.021849173553719008,0.0034193811337809923
MLP,5,0.1,1.0,crp_dataset_8_1_2.csv|crp_dataset_8_1_7.csv|crp_dataset_8_1_8.csv|crp_dataset_8_1_4.csv|crp_dataset_8_1_1.csv,crp_dataset_8_1_3.csv,0.6143922805786133,0.7391304347761815,0.4913294797659461,85,30,88,53,0.0196044921875,0.015108695652173914,0.004495796535326085
MLP,5,0.1,1.0,crp_dataset_8_1_2.csv|crp_dataset_8_1_7.csv|crp_dataset_8_1_8.csv|crp_dataset_8_1_4.csv|crp_dataset_8_1_1.csv,crp_dataset_8_1_5.csv,0.6143922805786133,0.47058823529016314,0.5599999999944,56,63,44,93,0.039282226562499994,0.03466386554621849,0.004618361016281505
MLP,5,0.1,1.0,crp_dataset_8_1_2.csv|crp_dataset_8_1_7.csv|crp_dataset_8_1_8.csv|crp_dataset_8_1_4.csv|crp_dataset_8_1_1.csv,crp_dataset_8_1_6.csv,0.6143922805786133,0.6931818181739411,0.4357142857111735,61,27,79,89,0.026928710937499996,0.020667613636363637,0.006261097301136359
MLP,5,0.1,1.0,crp_dataset_8_1_2.csv|crp_dataset_8_1_7.csv|crp_dataset_8_1_8.csv|crp_dataset_8_1_6.csv|crp_dataset_8_1_1.csv,crp_dataset_8_1_3.csv,0.6066200733184814,0.7777777777705761,0.48554913294517027,84,24,89,59,0.0196044921875,0.01261574074074074,0.0069887514467592594
MLP,5,0.1,1.0,crp_dataset_8_1_2.csv|crp_dataset_8_1_7.csv|crp_dataset_8_1_8.csv|crp_dataset_8_1_6.csv|crp_dataset_8_1_1.csv,crp_dataset_8_1_5.csv,0.6066200733184814,0.4999999999960938,0.6399999999936,64,64,36,92,0.039282226562499994,0.033837890625000006,0.005444335937499989
MLP,5,0.1,1.0,crp_dataset_8_1_2.csv|crp_dataset_8_1_7.csv|crp_dataset_8_1_8.csv|crp_dataset_8_1_6.csv|crp_dataset_8_1_1.csv,crp_dataset_8_1_4.csv,0.6066200733184814,0.6693548387042794,0.6335877862547055,83,41,48,84,0.023046875,0.01678427419354839,0.0062626008064516105
MLP,5,0.1,1.0,crp_dataset_8_1_2.csv|crp_dataset_8_1_7.csv|crp_dataset_8_1_4.csv|crp_dataset_8_1_6.csv|crp_dataset_8_1_1.csv,crp_dataset_8_1_3.csv,0.6779680848121643,0.8695652173724008,0.23121387283103345,40,6,133,77,0.0196044921875,0.0076086956521739125,0.011995796535326087
MLP,5,0.1,1.0,crp_dataset_8_1_2.csv|crp_dataset_8_1_7.csv|crp_dataset_8_1_4.csv|crp_dataset_8_1_6.csv|crp_dataset_8_1_1.csv,crp_dataset_8_1_5.csv,0.6779680848121643,0.5833333333211806,0.2799999999972,28,20,72,136,0.039282226562499994,0.019401041666666664,0.01988118489583333
MLP,5,0.1,1.0,crp_dataset_8_1_2.csv|crp_dataset_8_1_7.csv|crp_dataset_8_1_4.csv|crp_dataset_8_1_6.csv|crp_dataset_8_1_1.csv,crp_dataset_8_1_8.csv,0.6779680848121643,0.5833333333171297,0.15217391304237557,21,15,117,103,0.0283203125,0.03333333333333335,-0.005013020833333347
MLP,5,0.1,1.0,crp_dataset_8_1_2.csv|crp_dataset_8_1_8.csv|crp_dataset_8_1_4.csv|crp_dataset_8_1_6.csv|crp_dataset_8_1_1.csv,crp_dataset_8_1_3.csv,0.6716358661651611,0.9473684210027701,0.10404624277396506,18,1,155,82,0.0196044921875,0.0036184210526315794,0.01598607113486842
MLP,5,0.1,1.0,crp_dataset_8_1_2.csv|crp_dataset_8_1_8.csv|crp_dataset_8_1_4.csv|crp_dataset_8_1_6.csv|crp_dataset_8_1_1.csv,crp_dataset_8_1_5.csv,0.6716358661651611,0.5357142856951531,0.1499999999985,15,13,85,143,0.039282226562499994,0.027901785714285716,0.011380440848214279
MLP,5,0.1,1.0,crp_dataset_8_1_2.csv|crp_dataset_8_1_8.csv|crp_dataset_8_1_4.csv|crp_dataset_8_1_6.csv|crp_dataset_8_1_1.csv,crp_dataset_8_1_7.csv,0.6716358661651611,0.99999999975,0.01818181818173554,4,0,216,36,0.0095703125,0.0,0.0095703125
MLP,5,0.1,1.0,crp_dataset_8_1_5.csv|crp_dataset_8_1_7.csv|crp_dataset_8_1_8.csv|crp_dataset_8_1_4.csv|crp_dataset_8_1_6.csv,crp_dataset_8_1_3.csv,0.6500886678695679,0.9032258064224766,0.16184971098172343,28,3,145,80,0.0196044921875,0.006653225806451613,0.012951266381048387
MLP,5,0.1,1.0,crp_dataset_8_1_5.csv|crp_dataset_8_1_7.csv|crp_dataset_8_1_8.csv|crp_dataset_8_1_4.csv|crp_dataset_8_1_6.csv,crp_dataset_8_1_2.csv,0.6500886678695679,0.48148148146364883,0.10924369747807358,13,14,106,123,0.039453125,0.04305555555555556,-0.0036024305555555636
MLP,5,0.1,1.0,crp_dataset_8_1_5.csv|crp_dataset_8_1_7.csv|crp_dataset_8_1_8.csv|crp_dataset_8_1_4.csv|crp_dataset_8_1_6.csv,crp_dataset_8_1_1.csv,0.6500886678695679,0.7222222221820987,0.10317460317378432,13,5,113,125,0.0252685546875,0.015625,0.0096435546875
MLP,5,0.1,1.0,crp_dataset_8_1_5.csv|crp_dataset_8_1_7.csv|crp_dataset_8_1_8.csv|crp_dataset_8_1_4.csv|crp_dataset_8_1_1.csv,crp_dataset_8_1_3.csv,0.6288314461708069,0.7090909090780165,0.22543352601025762,39,16,134,67,0.0196044921875,0.01636363636363636,0.003240855823863638
MLP,5,0.1,1.0,crp_dataset_8_1_5.csv|crp_dataset_8_1_7.csv|crp_dataset_8_1_8.csv|crp_dataset_8_1_4.csv|crp_dataset_8_1_1.csv,crp_dataset_8_1_2.csv,0.6288314461708069,0.568181818168905,0.21008403361167996,25,19,94,118,0.039453125,0.03650568181818182,0.0029474431818181795
MLP,5,0.1,1.0,crp_dataset_8_1_5.csv|crp_dataset_8_1_7.csv|crp_dataset_8_1_8.csv|crp_dataset_8_1_4.csv|crp_dataset_8_1_1.csv,crp_dataset_8_1_6.csv,0.6288314461708069,0.5490196078323722,0.19999999999857143,28,23,112,93,0.026928710937499996,0.03002450980392157,-0.0030957988664215737
MLP,5,0.1,1.0,crp_dataset_8_1_5.csv|crp_dataset_8_1_7.csv|crp_dataset_8_1_8.csv|crp_dataset_8_1_6.csv|crp_dataset_8_1_1.csv,crp_dataset_8_1_3.csv,0.6186501979827881,0.8913043478067109,0.2369942196518093,41,5,132,78,0.0196044921875,0.007065217391304348,0.01253927479619565
MLP,5,0.1,1.0,crp_dataset_8_1_5.csv|crp_dataset_8_1_7.csv|crp_dataset_8_1_8.csv|crp_dataset_8_1_6.csv|crp_dataset_8_1_1.csv,crp_dataset_8_1_2.csv,0.6186501979827881,0.7142857142687076,0.252100840334016,30,12,89,125,0.039453125,0.024553571428571435,0.014899553571428564
MLP,5,0.1,1.0,crp_dataset_8_1_5.csv|crp_dataset_8_1_7.csv|crp_dataset_8_1_8.csv|crp_dataset_8_1_6.csv|crp_dataset_8_1_1.csv,crp_dataset_8_1_4.csv,0.6186501979827881,0.7608695652008507,0.2671755725170445,35,11,96,114,0.023046875,0.01358695652173913,0.009459918478260871
MLP,5,0.1,1.0,crp_dataset_8_1_5.csv|crp_dataset_8_1_7.csv|crp_dataset_8_1_4.csv|crp_dataset_8_1_6.csv|crp_dataset_8_1_1.csv,crp_dataset_8_1_3.csv,0.6707198023796082,0.8181818181446281,0.10404624277396506,18,4,155,79,0.0196044921875,0.0125,0.007104492187499999
MLP,5,0.1,1.0,crp_dataset_8_1_5.csv|crp_dataset_8_1_7.csv|crp_dataset_8_1_4.csv|crp_dataset_8_1_6.csv|crp_dataset_8_1_1.csv,crp_dataset_8_1_2.csv,0.6707198023796082,0.7777777777345679,0.11764705882254078,14,4,105,133,0.039453125,0.015625,0.023828125
MLP,5,0.1,1.0,crp_dataset_8_1_5.csv|crp_dataset_8_1_7.csv|crp_dataset_8_1_4.csv|crp_dataset_8_1_6.csv|crp_dataset_8_1_1.csv,crp_dataset_8_1_8.csv,0.6707198023796082,0.5333333332977778,0.05797101449233355,8,7,130,111,0.0283203125,0.012500000000000002,0.015820312499999996
MLP,5,0.1,1.0,crp_dataset_8_1_5.csv|crp_dataset_8_1_8.csv|crp_dataset_8_1_4.csv|crp_dataset_8_1_6.csv|crp_dataset_8_1_1.csv,crp_dataset_8_1_3.csv,0.5,0.771428571417551,0.31213872832189515,54,16,119,67,0.0196044921875,0.011607142857142856,0.007997349330357144
MLP,5,0.1,1.0,crp_dataset_8_1_5.csv|crp_dataset_8_1_8.csv|crp_dataset_8_1_4.csv|crp_dataset_8_1_6.csv|crp_dataset_8_1_1.csv,crp_dataset_8_1_2.csv,0.5,0.5675675675522279,0.17647058823381118,21,16,98,121,0.039453125,0.02550675675675676,0.013946368243243239
MLP,5,0.1,1.0,crp_dataset_8_1_5.csv|crp_dataset_8_1_8.csv|crp_dataset_8_1_4.csv|crp_dataset_8_1_6.csv|crp_dataset_8_1_1.csv,crp_dataset_8_1_7.csv,0.5,0.8888888888641976,0.1454545454538843,32,4,188,32,0.0095703125,0.006944444444444444,0.0026258680555555566
MLP,5,0.1,1.0,crp_dataset_8_1_7.csv|crp_dataset_8_1_8.csv|crp_dataset_8_1_4.csv|crp_dataset_8_1_6.csv|crp_dataset_8_1_1.csv,crp_dataset_8_1_3.csv,0.6571293473243713,0.8210526315703047,0.45086705202051525,78,17,95,66,0.0196044921875,0.01,0.009604492187499999
MLP,5,0.1,1.0,crp_dataset_8_1_7.csv|crp_dataset_8_1_8.csv|crp_dataset_8_1_4.csv|crp_dataset_8_1_6.csv|crp_dataset_8_1_1.csv,crp_dataset_8_1_2.csv,0.6571293473243713,0.6385542168597764,0.4453781512567615,53,30,66,107,0.039453125,0.02944277108433735,0.01001035391566265
MLP,5,0.1,1.0,crp_dataset_8_1_7.csv|crp_dataset_8_1_8.csv|crp_dataset_8_1_4.csv|crp_dataset_8_1_6.csv|crp_dataset_8_1_1.csv,crp_dataset_8_1_5.csv,0.6571293473243713,0.4919354838670005,0.6099999999939,61,63,39,93,0.039282226562499994,0.031502016129032265,0.00778021043346773
MLP,6,0.1,1.0,crp_dataset_8_1_3.csv|crp_dataset_8_1_2.csv|crp_dataset_8_1_5.csv|crp_dataset_8_1_7.csv|crp_dataset_8_1_8.csv|crp_dataset_8_1_4.csv,crp_dataset_8_1_6.csv,0.6020165085792542,0.6363636363491736,0.19999999999857143,28,16,112,100,0.026928710937499996,0.024147727272727272,0.0027809836647727237
MLP,6,0.1,1.0,crp_dataset_8_1_3.csv|crp_dataset_8_1_2.csv|crp_dataset_8_1_5.csv|crp_dataset_8_1_7.csv|crp_dataset_8_1_8.csv|crp_dataset_8_1_4.csv,crp_dataset_8_1_1.csv,0.6020165085792542,0.7666666666411112,0.1825396825382338,23,7,103,123,0.0252685546875,0.015208333333333332,0.010060221354166668
MLP,6,0.1,1.0,crp_dataset_8_1_3.csv|crp_dataset_8_1_2.csv|crp_dataset_8_1_5.csv|crp_dataset_8_1_7.csv|crp_dataset_8_1_8.csv|crp_dataset_8_1_6.csv,crp_dataset_8_1_4.csv,0.6058844327926636,0.6666666666535949,0.2595419847308432,34,17,97,108,0.023046875,0.013357843137254903,0.009689031862745098
MLP,6,0.1,1.0,crp_dataset_8_1_3.csv|crp_dataset_8_1_2.csv|crp_dataset_8_1_5.csv|crp_dataset_8_1_7.csv|crp_dataset_8_1_8.csv|crp_dataset_8_1_6.csv,crp_dataset_8_1_1.csv,0.6058844327926636,0.7575757575528008,0.19841269841112372,25,8,101,122,0.0252685546875,0.0125,0.0127685546875
MLP,6,0.1,1.0,crp_dataset_8_1_3.csv|crp_dataset_8_1_2.csv|crp_dataset_8_1_5.csv|crp_dataset_8_1_7.csv|crp_dataset_8_1_8.csv|crp_dataset_8_1_1.csv,crp_dataset_8_1_4.csv,0.6043064594268799,0.7361111111008873,0.40458015266866737,53,19,78,106,0.023046875,0.011458333333333333,0.011588541666666669
MLP,6,0.1,1.0,crp_dataset_8_1_3.csv|crp_dataset_8_1_2.csv|crp_dataset_8_1_5.csv|crp_dataset_8_1_7.csv|crp_dataset_8_1_8.csv|crp_dataset_8_1_1.csv,crp_dataset_8_1_6.csv,0.6043064594268799,0.8055555555443672,0.4142857142827551,58,14,82,102,0.026928710937499996,0.0078125,0.019116210937499996
MLP,6,0.1,1.0,crp_dataset_8_1_3.csv|crp_dataset_8_1_2.csv|crp_dataset_8_1_5.csv|crp_dataset_8_1_7.csv|crp_dataset_8_1_4.csv|crp_dataset_8_1_6.csv,crp_dataset_8_1_8.csv,0.7028805613517761,0.9999999989999999,0.007246376811541694,1,0,137,118,0.0283203125,0.0,0.0283203125
MLP,6,0.1,1.0,crp_dataset_8_1_3.csv|crp_dataset_8_1_2.csv|crp_dataset_8_1_5.csv|crp_dataset_8_1_7.csv|crp_dataset_8_1_4.csv|crp_dataset_8_1_6.csv,crp_dataset_8_1_1.csv,0.7028805613517761,0.9999999996666666,0.023809523809334845,3,0,123,130,0.0252685546875,0.0,0.0252685546875
MLP,6,0.1,1.0,crp_dataset_8_1_3.csv|crp_dataset_8_1_2.csv|crp_dataset_8_1_5.csv|crp_dataset_8_1_7.csv|crp_dataset_8_1_4.csv|crp_dataset_8_1_1.csv,crp_dataset_8_1_8.csv,0.6057614684104919,0.7317073170553243,0.2173913043462508,30,11,108,107,0.0283203125,0.01844512195121951,0.009875190548780489
MLP,6,0.1,1.0,crp_dataset_8_1_3.csv|crp_dataset_8_1_2.csv|crp_dataset_8_1_5.csv|crp_dataset_8_1_7.csv|crp_dataset_8_1_4.csv|crp_dataset_8_1_1.csv,crp_dataset_8_1_6.csv,0.6057614684104919,0.7714285714065306,0.19285714285576533,27,8,113,108,0.026928710937499996,0.009464285714285715,0.01746442522321428
MLP,6,0.1,1.0,crp_dataset_8_1_3.csv|crp_dataset_8_1_2.csv|crp_dataset_8_1_5.csv|crp_dataset_8_1_7.csv|crp_dataset_8_1_6.csv|crp_dataset_8_1_1.csv,crp_dataset_8_1_8.csv,0.6009379625320435,0.545454545429752,0.08695652173850033,12,10,126,108,0.0283203125,0.03352272727272727,-0.0052024147727272665
MLP,6,0.1,1.0,crp_dataset_8_1_3.csv|crp_dataset_8_1_2.csv|crp_dataset_8_1_5.csv|crp_dataset_8_1_7.csv|crp_dataset_8_1_6.csv|crp_dataset_8_1_1.csv,crp_dataset_8_1_4.csv,0.6009379625320435,0.6904761904597506,0.22137404579983685,29,13,102,112,0.023046875,0.012648809523809524,0.010398065476190477
MLP,6,0.1,1.0,crp_dataset_8_1_3.csv|crp_dataset_8_1_2.csv|crp_dataset_8_1_5.csv|crp_dataset_8_1_8.csv|crp_dataset_8_1_4.csv|crp_dataset_8_1_6.csv,crp_dataset_8_1_7.csv,0.6002565622329712,0.9714285714008164,0.15454545454475208,34,1,186,35,0.0095703125,0.0017857142857142857,0.007784598214285715
MLP,6,0.1,1.0,crp_dataset_8_1_3.csv|crp_dataset_8_1_2.csv|crp_dataset_8_1_5.csv|crp_dataset_8_1_8.csv|crp_dataset_8_1_4.csv|crp_dataset_8_1_6.csv,crp_dataset_8_1_1.csv,0.6002565622329712,0.7727272727097108,0.26984126983912826,34,10,92,120,0.0252685546875,0.010369318181818181,0.014899236505681819
MLP,6,0.1,1.0,crp_dataset_8_1_3.csv|crp_dataset_8_1_2.csv|crp_dataset_8_1_5.csv|crp_dataset_8_1_8.csv|crp_dataset_8_1_4.csv|crp_dataset_8_1_1.csv,crp_dataset_8_1_7.csv,0.6022557020187378,0.9999999998333333,0.027272727272603308,6,0,214,36,0.0095703125,0.0,0.0095703125
MLP,6,0.1,1.0,crp_dataset_8_1_3.csv|crp_dataset_8_1_2.csv|crp_dataset_8_1_5.csv|crp_dataset_8_1_8.csv|crp_dataset_8_1_4.csv|crp_dataset_8_1_1.csv,crp_dataset_8_1_6.csv,0.6022557020187378,0.5714285713469388,0.02857142857122449,4,3,136,113,0.026928710937499996,0.019642857142857146,0.00728585379464285
MLP,6,0.1,1.0,crp_dataset_8_1_3.csv|crp_dataset_8_1_2.csv|crp_dataset_8_1_5.csv|crp_dataset_8_1_8.csv|crp_dataset_8_1_6.csv|crp_dataset_8_1_1.csv,crp_dataset_8_1_7.csv,0.6158680319786072,0.941176470532872,0.07272727272694215,16,1,204,35,0.0095703125,0.002573529411764706,0.006996783088235295
MLP,6,0.1,1.0,crp_dataset_8_1_3.csv|crp_dataset_8_1_2.csv|crp_dataset_8_1_5.csv|crp_dataset_8_1_8.csv|crp_dataset_8_1_6.csv|crp_dataset_8_1_1.csv,crp_dataset_8_1_4.csv,0.6158680319786072,0.7499999999866072,0.32061068702045337,42,14,89,111,0.023046875,0.011049107142857144,0.011997767857142858
MLP,6,0.1,1.0,crp_dataset_8_1_3.csv|crp_dataset_8_1_2.csv|crp_dataset_8_1_5.csv|crp_dataset_8_1_4.csv|crp_dataset_8_1_6.csv|crp_dataset_8_1_1.csv,crp_dataset_8_1_7.csv,0.6072804927825928,0.9999999999090909,0.049999999999772726,11,0,209,36,0.0095703125,0.0011363636363636365,0.008433948863636364
MLP,6,0.1,1.0,crp_dataset_8_1_3.csv|crp_dataset_8_1_2.csv|crp_dataset_8_1_5.csv|crp_dataset_8_1_4.csv|crp_dataset_8_1_6.csv|crp_dataset_8_1_1.csv,crp_dataset_8_1_8.csv,0.6072804927825928,0.49999999995833333,0.04347826086925016,6,6,132,112,0.0283203125,0.030208333333333334,-0.0018880208333333336
MLP,6,0.1,1.0,crp_dataset_8_1_3.csv|crp_dataset_8_1_2.csv|crp_dataset_8_1_7.csv|crp_dataset_8_1_8.csv|crp_dataset_8_1_4.csv|crp_dataset_8_1_6.csv,crp_dataset_8_1_5.csv,0.6214185357093811,0.4958677685909432,0.599999999994,60,61,40,95,0.039282226562499994,0.03207644628099173,0.007205780281508263
MLP,6,0.1,1.0,crp_dataset_8_1_3.csv|crp_dataset_8_1_2.csv|crp_dataset_8_1_7.csv|crp_dataset_8_1_8.csv|crp_dataset_8_1_4.csv|crp_dataset_8_1_6.csv,crp_dataset_8_1_1.csv,0.6214185357093811,0.6111111111054527,0.5238095238053666,66,42,60,88,0.0252685546875,0.01556712962962963,0.00970142505787037
MLP,6,0.1,1.0,crp_dataset_8_1_3.csv|crp_dataset_8_1_2.csv|crp_dataset_8_1_7.csv|crp_dataset_8_1_8.csv|crp_dataset_8_1_4.csv|crp_dataset_8_1_1.csv,crp_dataset_8_1_5.csv,0.616232693195343,0.5789473684134349,0.43999999999559997,44,32,56,124,0.039282226562499994,0.026644736842105263,0.012637489720394732
MLP,6,0.1,1.0,crp_dataset_8_1_3.csv|crp_dataset_8_1_2.csv|crp_dataset_8_1_7.csv|crp_dataset_8_1_8.csv|crp_dataset_8_1_4.csv|crp_dataset_8_1_1.csv,crp_dataset_8_1_6.csv,0.616232693195343,0.7540983606433754,0.32857142856908167,46,15,94,101,0.026928710937499996,0.011372950819672132,0.015555760117827864
MLP,6,0.1,1.0,crp_dataset_8_1_3.csv|crp_dataset_8_1_2.csv|crp_dataset_8_1_7.csv|crp_dataset_8_1_8.csv|crp_dataset_8_1_6.csv|crp_dataset_8_1_1.csv,crp_dataset_8_1_5.csv,0.6096876263618469,0.46086956521338374,0.5299999999946999,53,62,47,94,0.039282226562499994,0.03706521739130435,0.002217009171195647
MLP,6,0.1,1.0,crp_dataset_8_1_3.csv|crp_dataset_8_1_2.csv|crp_dataset_8_1_7.csv|crp_dataset_8_1_8.csv|crp_dataset_8_1_6.csv|crp_dataset_8_1_1.csv,crp_dataset_8_1_4.csv,0.6096876263618469,0.7333333333272222,0.6717557251857118,88,32,43,93,0.023046875,0.013072916666666667,0.009973958333333335
MLP,6,0.1,1.0,crp_dataset_8_1_3.csv|crp_dataset_8_1_2.csv|crp_dataset_8_1_7.csv|crp_dataset_8_1_4.csv|crp_dataset_8_1_6.csv|crp_dataset_8_1_1.csv,crp_dataset_8_1_5.csv,0.6181852221488953,0.6022727272658832,0.5299999999946999,53,35,47,121,0.039282226562499994,0.025994318181818184,0.01328790838068181
MLP,6,0.1,1.0,crp_dataset_8_1_3.csv|crp_dataset_8_1_2.csv|crp_dataset_8_1_7.csv|crp_dataset_8_1_4.csv|crp_dataset_8_1_6.csv|crp_dataset_8_1_1.csv,crp_dataset_8_1_8.csv,0.6181852221488953,0.5844155844079946,0.3260869565193762,45,32,93,86,0.0283203125,0.028896103896103902,-0.0005757913961039023
MLP,6,0.1,1.0,crp_dataset_8_1_3.csv|crp_dataset_8_1_2.csv|crp_dataset_8_1_8.csv|crp_dataset_8_1_4.csv|crp_dataset_8_1_6.csv|crp_dataset_8_1_1.csv,crp_dataset_8_1_5.csv,0.6408162713050842,0.5499999999725,0.10999999999889999,11,9,89,147,0.039282226562499994,0.026875,0.012407226562499995
MLP,6,0.1,1.0,crp_dataset_8_1_3.csv|crp_dataset_8_1_2.csv|crp_dataset_8_1_8.csv|crp_dataset_8_1_4.csv|crp_dataset_8_1_6.csv|crp_dataset_8_1_1.csv,crp_dataset_8_1_7.csv,0.6408162713050842,0.8571428570204082,0.027272727272603308,6,1,214,35,0.0095703125,0.0017857142857142859,0.007784598214285714
MLP,6,0.1,1.0,crp_dataset_8_1_3.csv|crp_dataset_8_1_5.csv|crp_dataset_8_1_7.csv|crp_dataset_8_1_8.csv|crp_dataset_8_1_4.csv|crp_dataset_8_1_6.csv,crp_dataset_8_1_2.csv,0.6037559509277344,0.6279069767295836,0.22689075630061437,27,16,92,121,0.039453125,0.03502906976744186,0.004424055232558136
MLP,6,0.1,1.0,crp_dataset_8_1_3.csv|crp_dataset_8_1_5.csv|crp_dataset_8_1_7.csv|crp_dataset_8_1_8.csv|crp_dataset_8_1_4.csv|crp_dataset_8_1_6.csv,crp_dataset_8_1_1.csv,0.6037559509277344,0.6585365853497919,0.2142857142840136,27,14,99,116,0.0252685546875,0.014481707317073171,0.010786847370426829
MLP,6,0.1,1.0,crp_dataset_8_1_3.csv|crp_dataset_8_1_5.csv|crp_dataset_8_1_7.csv|crp_dataset_8_1_8.csv|crp_dataset_8_1_4.csv|crp_dataset_8_1_1.csv,crp_dataset_8_1_2.csv,0.6233848929405212,0.59999999996,0.07563025210020478,9,6,110,131,0.039453125,0.008333333333333333,0.031119791666666667
MLP,6,0.1,1.0,crp_dataset_8_1_3.csv|crp_dataset_8_1_5.csv|crp_dataset_8_1_7.csv|crp_dataset_8_1_8.csv|crp_dataset_8_1_4.csv|crp_dataset_8_1_1.csv,crp_dataset_8_1_6.csv,0.6233848929405212,0.7222222221820987,0.0928571428564796,13,5,127,111,0.026928710937499996,0.018750000000000003,0.008178710937499993
MLP,6,0.1,1.0,crp_dataset_8_1_3.csv|crp_dataset_8_1_5.csv|crp_dataset_8_1_7.csv|crp_dataset_8_1_8.csv|crp_dataset_8_1_6.csv|crp_dataset_8_1_1.csv,crp_dataset_8_1_2.csv,0.6015158295631409,0.8064516128772112,0.21008403361167996,25,6,94,131,0.039453125,0.012701612903225808,0.02675151209677419
MLP,6,0.1,1.0,crp_dataset_8_1_3.csv|crp_dataset_8_1_5.csv|crp_dataset_8_1_7.csv|crp_dataset_8_1_8.csv|crp_dataset_8_1_6.csv|crp_dataset_8_1_1.csv,crp_dataset_8_1_4.csv,0.6015158295631409,0.7714285714065306,0.20610687022743432,27,8,104,117,0.023046875,0.011428571428571429,0.011618303571428573
MLP,6,0.1,1.0,crp_dataset_8_1_3.csv|crp_dataset_8_1_5.csv|crp_dataset_8_1_7.csv|crp_dataset_8_1_4.csv|crp_dataset_8_1_6.csv|crp_dataset_8_1_1.csv,crp_dataset_8_1_2.csv,0.6135051250457764,0.8437499999736329,0.22689075630061437,27,5,92,132,0.039453125,0.009765625,0.0296875
MLP,6,0.1,1.0,crp_dataset_8_1_3.csv|crp_dataset_8_1_5.csv|crp_dataset_8_1_7.csv|crp_dataset_8_1_4.csv|crp_dataset_8_1_6.csv|crp_dataset_8_1_1.csv,crp_dataset_8_1_8.csv,0.6135051250457764,0.7419354838470343,0.16666666666545896,23,8,115,110,0.0283203125,0.015725806451612902,0.012594506048387098
MLP,6,0.1,1.0,crp_dataset_8_1_3.csv|crp_dataset_8_1_5.csv|crp_dataset_8_1_8.csv|crp_dataset_8_1_4.csv|crp_dataset_8_1_6.csv|crp_dataset_8_1_1.csv,crp_dataset_8_1_2.csv,0.6537657380104065,0.49999999975,0.008403361344467198,1,1,118,136,0.039453125,0.05,-0.010546875000000004
MLP,6,0.1,1.0,crp_dataset_8_1_3.csv|crp_dataset_8_1_5.csv|crp_dataset_8_1_8.csv|crp_dataset_8_1_4.csv|crp_dataset_8_1_6.csv|crp_dataset_8_1_1.csv,crp_dataset_8_1_7.csv,0.6537657380104065,0.9999999989999999,0.004545454545433885,1,0,219,36,0.0095703125,0.0,0.0095703125
MLP,6,0.1,1.0,crp_dataset_8_1_3.csv|crp_dataset_8_1_7.csv|crp_dataset_8_1_8.csv|crp_dataset_8_1_4.csv|crp_dataset_8_1_6.csv|crp_dataset_8_1_1.csv,crp_dataset_8_1_2.csv,0.6014584302902222,0.58558558558031,0.5462184873903679,65,46,54,91,0.039453125,0.027364864864864866,0.012088260135135132
MLP,6,0.1,1.0,crp_dataset_8_1_3.csv|crp_dataset_8_1_7.csv|crp_dataset_8_1_8.csv|crp_dataset_8_1_4.csv|crp_dataset_8_1_6.csv|crp_dataset_8_1_1.csv,crp_dataset_8_1_5.csv,0.6014584302902222,0.3949044585962108,0.6199999999938,62,95,38,61,0.039282226562499994,0.04068471337579618,-0.0014024868132961887
MLP,6,0.1,1.0,crp_dataset_8_1_2.csv|crp_dataset_8_1_5.csv|crp_dataset_8_1_7.csv|crp_dataset_8_1_8.csv|crp_dataset_8_1_4.csv|crp_dataset_8_1_6.csv,crp_dataset_8_1_3.csv,0.6029777526855469,0.8611111110871914,0.17919075144405094,31,5,142,78,0.0196044921875,0.008333333333333335,0.011271158854166664
MLP,6,0.1,1.0,crp_dataset_8_1_2.csv|crp_dataset_8_1_5.csv|crp_dataset_8_1_7.csv|crp_dataset_8_1_8.csv|crp_dataset_8_1_4.csv|crp_dataset_8_1_6.csv,crp_dataset_8_1_1.csv,0.6029777526855469,0.6799999999728,0.13492063491956413,17,8,109,122,0.0252685546875,0.01525,0.0100185546875
MLP,6,0.1,1.0,crp_dataset_8_1_2.csv|crp_dataset_8_1_5.csv|crp_dataset_8_1_7.csv|crp_dataset_8_1_8.csv|crp_dataset_8_1_4.csv|crp_dataset_8_1_1.csv,crp_dataset_8_1_3.csv,0.6542375683784485,0.9310344827425684,0.31213872832189515,54,4,119,79,0.0196044921875,0.004418103448275862,0.015186388739224137
MLP,6,0.1,1.0,crp_dataset_8_1_2.csv|crp_dataset_8_1_5.csv|crp_dataset_8_1_7.csv|crp_dataset_8_1_8.csv|crp_dataset_8_1_4.csv|crp_dataset_8_1_1.csv,crp_dataset_8_1_6.csv,0.6542375683784485,0.7708333333172743,0.2642857142838266,37,11,103,105,0.026928710937499996,0.01328125,0.013647460937499996
MLP,6,0.1,1.0,crp_dataset_8_1_2.csv|crp_dataset_8_1_5.csv|crp_dataset_8_1_7.csv|crp_dataset_8_1_8.csv|crp_dataset_8_1_6.csv|crp_dataset_8_1_1.csv,crp_dataset_8_1_3.csv,0.6170594096183777,0.7999999999822223,0.2080924855479301,36,9,137,74,0.0196044921875,0.008194444444444445,0.011410047743055554
MLP,6,0.1,1.0,crp_dataset_8_1_2.csv|crp_dataset_8_1_5.csv|crp_dataset_8_1_7.csv|crp_dataset_8_1_8.csv|crp_dataset_8_1_6.csv|crp_dataset_8_1_1.csv,crp_dataset_8_1_4.csv,0.6170594096183777,0.7758620689521404,0.34351145037905717,45,13,86,112,0.023046875,0.010021551724137932,0.01302532327586207
MLP,6,0.1,1.0,crp_dataset_8_1_2.csv|crp_dataset_8_1_5.csv|crp_dataset_8_1_7.csv|crp_dataset_8_1_4.csv|crp_dataset_8_1_6.csv|crp_dataset_8_1_1.csv,crp_dataset_8_1_3.csv,0.607481062412262,0.8749999999878472,0.3641618497088777,63,9,110,74,0.0196044921875,0.00546875,0.0141357421875
MLP,6,0.1,1.0,crp_dataset_8_1_2.csv|crp_dataset_8_1_5.csv|crp_dataset_8_1_7.csv|crp_dataset_8_1_4.csv|crp_dataset_8_1_6.csv|crp_dataset_8_1_1.csv,crp_dataset_8_1_8.csv,0.607481062412262,0.6382978723268448,0.2173913043462508,30,17,108,101,0.0283203125,0.012765957446808505,0.015554355053191495
MLP,6,0.1,1.0,crp_dataset_8_1_2.csv|crp_dataset_8_1_5.csv|crp_dataset_8_1_8.csv|crp_dataset_8_1_4.csv|crp_dataset_8_1_6.csv|crp_dataset_8_1_1.csv,crp_dataset_8_1_3.csv,0.5,0.8529411764580449,0.3352601156049985,58,10,115,73,0.0196044921875,0.008915441176470588,0.010689051011029412
MLP,6,0.1,1.0,crp_dataset_8_1_2.csv|crp_dataset_8_1_5.csv|crp_dataset_8_1_8.csv|crp_dataset_8_1_4.csv|crp_dataset_8_1_6.csv|crp_dataset_8_1_1.csv,crp_dataset_8_1_7.csv,0.5,0.9183673469200334,0.2045454545445248,45,4,175,32,0.0095703125,0.005994897959183673,0.0035754145408163273
MLP,6,0.1,1.0,crp_dataset_8_1_2.csv|crp_dataset_8_1_7.csv|crp_dataset_8_1_8.csv|crp_dataset_8_1_4.csv|crp_dataset_8_1_6.csv|crp_dataset_8_1_1.csv,crp_dataset_8_1_3.csv,0.615390419960022,0.8648648648531775,0.36994219652965354,64,10,109,73,0.0196044921875,0.006925675675675675,0.012678816511824325
MLP,6,0.1,1.0,crp_dataset_8_1_2.csv|crp_dataset_8_1_7.csv|crp_dataset_8_1_8.csv|crp_dataset_8_1_4.csv|crp_dataset_8_1_6.csv|crp_dataset_8_1_1.csv,crp_dataset_8_1_5.csv,0.615390419960022,0.602409638546959,0.499999999995,50,33,50,123,0.039282226562499994,0.021762048192771086,0.017520178369728908
MLP,6,0.1,1.0,crp_dataset_8_1_5.csv|crp_dataset_8_1_7.csv|crp_dataset_8_1_8.csv|crp_dataset_8_1_4.csv|crp_dataset_8_1_6.csv|crp_dataset_8_1_1.csv,crp_dataset_8_1_3.csv,0.6055742502212524,0.8518518518360769,0.2658959537556885,46,8,127,75,0.0196044921875,0.006712962962962964,0.012891529224537035
MLP,6,0.1,1.0,crp_dataset_8_1_5.csv|crp_dataset_8_1_7.csv|crp_dataset_8_1_8.csv|crp_dataset_8_1_4.csv|crp_dataset_8_1_6.csv|crp_dataset_8_1_1.csv,crp_dataset_8_1_2.csv,0.6055742502212524,0.7045454545294422,0.26050420167848315,31,13,88,124,0.039453125,0.013494318181818179,0.025958806818181822
MLP,7,0.1,1.0,crp_dataset_8_1_3.csv|crp_dataset_8_1_2.csv|crp_dataset_8_1_5.csv|crp_dataset_8_1_7.csv|crp_dataset_8_1_8.csv|crp_dataset_8_1_4.csv|crp_dataset_8_1_6.csv,crp_dataset_8_1_1.csv,0.604200541973114,0.7419354838470343,0.1825396825382338,23,8,103,122,0.0252685546875,0.015120967741935484,0.010147586945564516
MLP,7,0.1,1.0,crp_dataset_8_1_3.csv|crp_dataset_8_1_2.csv|crp_dataset_8_1_5.csv|crp_dataset_8_1_7.csv|crp_dataset_8_1_8.csv|crp_dataset_8_1_4.csv|crp_dataset_8_1_1.csv,crp_dataset_8_1_6.csv,0.602656900882721,0.7692307692011834,0.14285714285612247,20,6,120,110,0.026928710937499996,0.009375000000000001,0.017553710937499994
MLP,7,0.1,1.0,crp_dataset_8_1_3.csv|crp_dataset_8_1_2.csv|crp_dataset_8_1_5.csv|crp_dataset_8_1_7.csv|crp_dataset_8_1_8.csv|crp_dataset_8_1_6.csv|crp_dataset_8_1_1.csv,crp_dataset_8_1_4.csv,0.6018418073654175,0.7968749999875487,0.38931297709626483,51,13,80,112,0.023046875,0.00869140625,0.014355468750000001
MLP,7,0.1,1.0,crp_dataset_8_1_3.csv|crp_dataset_8_1_2.csv|crp_dataset_8_1_5.csv|crp_dataset_8_1_7.csv|crp_dataset_8_1_4.csv|crp_dataset_8_1_6.csv|crp_dataset_8_1_1.csv,crp_dataset_8_1_8.csv,0.6001490354537964,0.749999999953125,0.08695652173850033,12,4,126,114,0.0283203125,0.0171875,0.011132812499999999
MLP,7,0.1,1.0,crp_dataset_8_1_3.csv|crp_dataset_8_1_2.csv|crp_dataset_8_1_5.csv|crp_dataset_8_1_8.csv|crp_dataset_8_1_4.csv|crp_dataset_8_1_6.csv|crp_dataset_8_1_1.csv,crp_dataset_8_1_7.csv,0.6052424907684326,0.9487179486936227,0.16818181818105374,37,2,183,34,0.0095703125,0.002243589743589744,0.007326722756410256
MLP,7,0.1,1.0,crp_dataset_8_1_3.csv|crp_dataset_8_1_2.csv|crp_dataset_8_1_7.csv|crp_dataset_8_1_8.csv|crp_dataset_8_1_4.csv|crp_dataset_8_1_6.csv|crp_dataset_8_1_1.csv,crp_dataset_8_1_5.csv,0.6015003323554993,0.44785276073344876,0.7299999999926999,73,90,27,66,0.039282226562499994,0.039072085889570556,0.0002101406729294389
MLP,7,0.1,1.0,crp_dataset_8_1_3.csv|crp_dataset_8_1_5.csv|crp_dataset_8_1_7.csv|crp_dataset_8_1_8.csv|crp_dataset_8_1_4.csv|crp_dataset_8_1_6.csv|crp_dataset_8_1_1.csv,crp_dataset_8_1_2.csv,0.6126222014427185,0.6666666666481482,0.20168067226721276,24,12,95,125,0.039453125,0.01684027777777778,0.022612847222222218
MLP,7,0.1,1.0,crp_dataset_8_1_2.csv|crp_dataset_8_1_5.csv|crp_dataset_8_1_7.csv|crp_dataset_8_1_8.csv|crp_dataset_8_1_4.csv|crp_dataset_8_1_6.csv|crp_dataset_8_1_1.csv,crp_dataset_8_1_3.csv,0.6471177339553833,0.9090909090495868,0.11560693641551673,20,2,153,81,0.0196044921875,0.002840909090909091,0.016763583096590907
