model,k_train_datasets,train_pct,test_pct,train_set,test_dataset,best_threshold,precision,recall,TP,FP,FN,TN,old_ber,new_ber,ber_reduction
MLP,1,0.5,1.0,crp_dataset_8_1_2.csv,crp_dataset_8_1_7.csv,0.6046367287635803,0.94594594592038,0.15909090909018594,35,2,185,34,0.0095703125,0.0013513513513513514,0.00821896114864865
MLP,1,0.5,1.0,crp_dataset_8_1_2.csv,crp_dataset_8_1_4.csv,0.6046367287635803,0.8679245282855109,0.35114503816525844,46,7,85,118,0.023046875,0.003066037735849057,0.019980837264150945
MLP,1,0.5,1.0,crp_dataset_8_1_2.csv,crp_dataset_8_1_8.csv,0.6046367287635803,0.5609756097424152,0.16666666666545896,23,18,115,100,0.0283203125,0.029420731707317075,-0.001100419207317075
MLP,1,0.5,1.0,crp_dataset_8_1_2.csv,crp_dataset_8_1_3.csv,0.6046367287635803,0.7777777777604938,0.20231213872715428,35,10,138,73,0.0196044921875,0.010972222222222225,0.008632269965277774
MLP,1,0.5,1.0,crp_dataset_8_1_2.csv,crp_dataset_8_1_1.csv,0.6046367287635803,0.699999999986,0.27777777777557316,35,15,91,115,0.0252685546875,0.011750000000000003,0.013518554687499997
MLP,1,0.5,1.0,crp_dataset_8_1_2.csv,crp_dataset_8_1_6.csv,0.6046367287635803,0.8684210526087258,0.23571428571260206,33,5,107,111,0.026928710937499996,0.004111842105263158,0.02281686883223684
MLP,1,0.5,1.0,crp_dataset_8_1_2.csv,crp_dataset_8_1_5.csv,0.6046367287635803,0.5272727272631406,0.28999999999709997,29,26,71,130,0.039282226562499994,0.03579545454545455,0.0034867720170454475
MLP,1,0.5,1.0,crp_dataset_8_1_7.csv,crp_dataset_8_1_2.csv,0.7369640469551086,0.47499999999802084,0.9579831932692606,114,126,5,11,0.039453125,0.037760416666666664,0.0016927083333333343
MLP,1,0.5,1.0,crp_dataset_8_1_7.csv,crp_dataset_8_1_4.csv,0.7369640469551086,0.5140562248975339,0.9770992366337626,128,121,3,4,0.023046875,0.022891566265060243,0.0001553087349397582
MLP,1,0.5,1.0,crp_dataset_8_1_7.csv,crp_dataset_8_1_8.csv,0.7369640469551086,0.5338645418305424,0.9710144927465869,134,117,4,1,0.0283203125,0.0288097609561753,-0.0004894484561752989
MLP,1,0.5,1.0,crp_dataset_8_1_7.csv,crp_dataset_8_1_3.csv,0.7369640469551086,0.6916666666637847,0.9595375722487889,166,74,7,9,0.0196044921875,0.018463541666666663,0.0011409505208333365
MLP,1,0.5,1.0,crp_dataset_8_1_7.csv,crp_dataset_8_1_1.csv,0.7369640469551086,0.48132780082787835,0.920634920627614,116,125,10,5,0.0252685546875,0.02590767634854772,-0.0006391216610477195
MLP,1,0.5,1.0,crp_dataset_8_1_7.csv,crp_dataset_8_1_6.csv,0.7369640469551086,0.5569620253141057,0.9428571428504082,132,105,8,11,0.026928710937499996,0.027399789029535868,-0.00047107809203587175
MLP,1,0.5,1.0,crp_dataset_8_1_7.csv,crp_dataset_8_1_5.csv,0.7369640469551086,0.3911290322564874,0.9699999999903,97,151,3,5,0.039282226562499994,0.03971774193548387,-0.0004355153729838773
MLP,1,0.5,1.0,crp_dataset_8_1_4.csv,crp_dataset_8_1_2.csv,0.6092318296432495,0.727272727261708,0.4033613445344255,48,18,71,119,0.039453125,0.01571969696969697,0.02373342803030303
MLP,1,0.5,1.0,crp_dataset_8_1_4.csv,crp_dataset_8_1_7.csv,0.6092318296432495,0.949152542356794,0.25454545454429756,56,3,164,33,0.0095703125,0.0020127118644067796,0.0075576006355932215
MLP,1,0.5,1.0,crp_dataset_8_1_4.csv,crp_dataset_8_1_8.csv,0.6092318296432495,0.43835616437755676,0.2318840579693342,32,41,106,77,0.0283203125,0.036815068493150686,-0.008494755993150686
MLP,1,0.5,1.0,crp_dataset_8_1_4.csv,crp_dataset_8_1_3.csv,0.6092318296432495,0.8481012658120494,0.38728323699198103,67,12,106,71,0.0196044921875,0.008860759493670886,0.010743732693829113
MLP,1,0.5,1.0,crp_dataset_8_1_4.csv,crp_dataset_8_1_1.csv,0.6092318296432495,0.5874999999926562,0.37301587301291256,47,33,79,97,0.0252685546875,0.01875,0.006518554687500001
MLP,1,0.5,1.0,crp_dataset_8_1_4.csv,crp_dataset_8_1_6.csv,0.6092318296432495,0.8124999999873046,0.3714285714259184,52,12,88,104,0.026928710937499996,0.00751953125,0.019409179687499997
MLP,1,0.5,1.0,crp_dataset_8_1_4.csv,crp_dataset_8_1_5.csv,0.6092318296432495,0.43809523809106576,0.4599999999954,46,59,54,97,0.039282226562499994,0.0368452380952381,0.002436988467261897
MLP,1,0.5,1.0,crp_dataset_8_1_8.csv,crp_dataset_8_1_2.csv,0.6089038252830505,0.4652406417087421,0.7310924369686462,87,100,32,37,0.039453125,0.041109625668449196,-0.001656500668449197
MLP,1,0.5,1.0,crp_dataset_8_1_8.csv,crp_dataset_8_1_7.csv,0.6089038252830505,0.8660714285675623,0.8818181818141736,194,30,26,6,0.0095703125,0.009514508928571428,5.5803571428572965e-05
MLP,1,0.5,1.0,crp_dataset_8_1_8.csv,crp_dataset_8_1_4.csv,0.6089038252830505,0.4999999999968355,0.6030534351099004,79,79,52,46,0.023046875,0.02397151898734177,-0.0009246439873417701
MLP,1,0.5,1.0,crp_dataset_8_1_8.csv,crp_dataset_8_1_3.csv,0.6089038252830505,0.7160493827116293,0.670520231209997,116,46,57,37,0.0196044921875,0.018055555555555557,0.001548936631944442
MLP,1,0.5,1.0,crp_dataset_8_1_8.csv,crp_dataset_8_1_1.csv,0.6089038252830505,0.5734265734225635,0.6507936507884857,82,61,44,69,0.0252685546875,0.020716783216783212,0.004551771470716788
MLP,1,0.5,1.0,crp_dataset_8_1_8.csv,crp_dataset_8_1_6.csv,0.6089038252830505,0.4746835443007932,0.5357142857104592,75,83,65,33,0.026928710937499996,0.03295094936708861,-0.006022238429588614
MLP,1,0.5,1.0,crp_dataset_8_1_8.csv,crp_dataset_8_1_5.csv,0.6089038252830505,0.46874999999633793,0.599999999994,60,68,40,88,0.039282226562499994,0.028515625000000003,0.010766601562499992
MLP,1,0.5,1.0,crp_dataset_8_1_3.csv,crp_dataset_8_1_2.csv,0.6156061887741089,0.5555555555521262,0.7563025210020479,90,72,29,65,0.039453125,0.030787037037037036,0.008666087962962962
MLP,1,0.5,1.0,crp_dataset_8_1_3.csv,crp_dataset_8_1_7.csv,0.6156061887741089,0.9009900990054407,0.827272727268967,182,20,38,16,0.0095703125,0.007147277227722772,0.002423035272277229
MLP,1,0.5,1.0,crp_dataset_8_1_3.csv,crp_dataset_8_1_4.csv,0.6156061887741089,0.6166666666632408,0.8473282442683411,111,69,20,56,0.023046875,0.018611111111111113,0.004435763888888888
MLP,1,0.5,1.0,crp_dataset_8_1_3.csv,crp_dataset_8_1_8.csv,0.6156061887741089,0.5491329479737045,0.6884057970964609,95,78,43,40,0.0283203125,0.027167630057803475,0.0011526824421965245
MLP,1,0.5,1.0,crp_dataset_8_1_3.csv,crp_dataset_8_1_1.csv,0.6156061887741089,0.5476190476157881,0.7301587301529352,92,76,34,54,0.0252685546875,0.022172619047619052,0.003095935639880948
MLP,1,0.5,1.0,crp_dataset_8_1_3.csv,crp_dataset_8_1_6.csv,0.6156061887741089,0.6623376623333614,0.7285714285662246,102,52,38,64,0.026928710937499996,0.018628246753246754,0.008300464184253242
MLP,1,0.5,1.0,crp_dataset_8_1_3.csv,crp_dataset_8_1_5.csv,0.6156061887741089,0.4171428571404735,0.7299999999926999,73,102,27,54,0.039282226562499994,0.036071428571428574,0.0032107979910714207
MLP,1,0.5,1.0,crp_dataset_8_1_1.csv,crp_dataset_8_1_2.csv,0.6414692997932434,0.499999999875,0.016806722688934395,2,2,117,135,0.039453125,0.0765625,-0.03710937500000001
MLP,1,0.5,1.0,crp_dataset_8_1_1.csv,crp_dataset_8_1_7.csv,0.6414692997932434,0.8461538460887574,0.049999999999772726,11,2,209,34,0.0095703125,0.011057692307692308,-0.0014873798076923076
MLP,1,0.5,1.0,crp_dataset_8_1_1.csv,crp_dataset_8_1_4.csv,0.6414692997932434,0.0,0.0,0,1,131,124,0.023046875,0.025,-0.001953125
MLP,1,0.5,1.0,crp_dataset_8_1_1.csv,crp_dataset_8_1_8.csv,0.6414692997932434,0.9999999996666666,0.02173913043462508,3,0,135,118,0.0283203125,0.006250000000000001,0.022070312499999998
MLP,1,0.5,1.0,crp_dataset_8_1_1.csv,crp_dataset_8_1_3.csv,0.6414692997932434,0.499999999875,0.011560693641551673,2,2,171,81,0.0196044921875,0.0390625,-0.0194580078125
MLP,1,0.5,1.0,crp_dataset_8_1_1.csv,crp_dataset_8_1_6.csv,0.6414692997932434,0.59999999994,0.04285714285683674,6,4,134,112,0.026928710937499996,0.033125,-0.006196289062500006
MLP,1,0.5,1.0,crp_dataset_8_1_1.csv,crp_dataset_8_1_5.csv,0.6414692997932434,0.0,0.0,0,0,100,156,0.039282226562499994,,
MLP,1,0.5,1.0,crp_dataset_8_1_6.csv,crp_dataset_8_1_2.csv,0.6265980005264282,0.6969696969591368,0.3865546218454911,46,20,73,117,0.039453125,0.017897727272727273,0.021555397727272725
MLP,1,0.5,1.0,crp_dataset_8_1_6.csv,crp_dataset_8_1_7.csv,0.6265980005264282,0.894736842089566,0.2318181818171281,51,6,169,30,0.0095703125,0.004934210526315789,0.0046361019736842115
MLP,1,0.5,1.0,crp_dataset_8_1_6.csv,crp_dataset_8_1_4.csv,0.6265980005264282,0.6831683168249191,0.5267175572478877,69,32,62,93,0.023046875,0.014047029702970297,0.008999845297029704
MLP,1,0.5,1.0,crp_dataset_8_1_6.csv,crp_dataset_8_1_8.csv,0.6265980005264282,0.5111111111054321,0.3333333333309179,46,44,92,74,0.0283203125,0.03270833333333333,-0.004388020833333332
MLP,1,0.5,1.0,crp_dataset_8_1_6.csv,crp_dataset_8_1_3.csv,0.6265980005264282,0.793103448266746,0.39884393063353274,69,18,104,65,0.0196044921875,0.011494252873563218,0.008110239313936781
MLP,1,0.5,1.0,crp_dataset_8_1_6.csv,crp_dataset_8_1_1.csv,0.6265980005264282,0.554347826080931,0.40476190475869234,51,41,75,89,0.0252685546875,0.0203804347826087,0.004888119904891301
MLP,1,0.5,1.0,crp_dataset_8_1_6.csv,crp_dataset_8_1_5.csv,0.6265980005264282,0.4159292035361422,0.46999999999529996,47,66,53,90,0.039282226562499994,0.04236725663716814,-0.0030850300746681422
MLP,1,0.5,1.0,crp_dataset_8_1_5.csv,crp_dataset_8_1_2.csv,0.5,0.5428571428493877,0.31932773108975354,38,32,81,105,0.039453125,0.03607142857142858,0.003381696428571418
MLP,1,0.5,1.0,crp_dataset_8_1_5.csv,crp_dataset_8_1_7.csv,0.5,0.8852459016320882,0.4909090909068595,108,14,112,22,0.0095703125,0.008299180327868853,0.0012711321721311473
MLP,1,0.5,1.0,crp_dataset_8_1_5.csv,crp_dataset_8_1_4.csv,0.5,0.7058823529307958,0.36641221373766103,48,20,83,105,0.023046875,0.013694852941176469,0.009352022058823533
MLP,1,0.5,1.0,crp_dataset_8_1_5.csv,crp_dataset_8_1_8.csv,0.5,0.5306122448871304,0.18840579710008404,26,23,112,95,0.0283203125,0.026785714285714284,0.0015345982142857158
MLP,1,0.5,1.0,crp_dataset_8_1_5.csv,crp_dataset_8_1_3.csv,0.5,0.7121212121104223,0.2716763005764643,47,19,126,64,0.0196044921875,0.018181818181818184,0.001422674005681815
MLP,1,0.5,1.0,crp_dataset_8_1_5.csv,crp_dataset_8_1_1.csv,0.5,0.531914893605704,0.19841269841112372,25,22,101,108,0.0252685546875,0.023670212765957443,0.0015983419215425572
MLP,1,0.5,1.0,crp_dataset_8_1_5.csv,crp_dataset_8_1_6.csv,0.5,0.6153846153751479,0.28571428571224494,40,25,100,91,0.026928710937499996,0.021923076923076924,0.005005634014423072
MLP,2,0.5,1.0,crp_dataset_8_1_2.csv|crp_dataset_8_1_7.csv,crp_dataset_8_1_4.csv,0.6018667221069336,0.6387096774152342,0.7557251908339259,99,56,32,69,0.023046875,0.015443548387096773,0.007603326612903229
MLP,2,0.5,1.0,crp_dataset_8_1_2.csv|crp_dataset_8_1_7.csv,crp_dataset_8_1_8.csv,0.6018667221069336,0.5190839694616864,0.4927536231848352,68,63,70,55,0.0283203125,0.03368320610687023,-0.005362893606870228
MLP,2,0.5,1.0,crp_dataset_8_1_2.csv|crp_dataset_8_1_7.csv,crp_dataset_8_1_3.csv,0.6018667221069336,0.7866666666614223,0.6820809248515487,118,32,55,51,0.0196044921875,0.0125,0.007104492187499999
MLP,2,0.5,1.0,crp_dataset_8_1_2.csv|crp_dataset_8_1_7.csv,crp_dataset_8_1_1.csv,0.6018667221069336,0.516666666662361,0.49206349205958677,62,58,64,72,0.0252685546875,0.021510416666666664,0.003758138020833336
MLP,2,0.5,1.0,crp_dataset_8_1_2.csv|crp_dataset_8_1_7.csv,crp_dataset_8_1_6.csv,0.6018667221069336,0.6521739130387524,0.642857142852551,90,48,50,68,0.026928710937499996,0.020199275362318837,0.0067294355751811585
MLP,2,0.5,1.0,crp_dataset_8_1_2.csv|crp_dataset_8_1_7.csv,crp_dataset_8_1_5.csv,0.6018667221069336,0.5251798561113297,0.7299999999926999,73,66,27,90,0.039282226562499994,0.026214028776978416,0.013068197785521578
MLP,2,0.5,1.0,crp_dataset_8_1_2.csv|crp_dataset_8_1_4.csv,crp_dataset_8_1_7.csv,0.6325613260269165,0.970873786398341,0.45454545454338846,100,3,120,33,0.0095703125,0.0012135922330097086,0.008356720266990292
MLP,2,0.5,1.0,crp_dataset_8_1_2.csv|crp_dataset_8_1_4.csv,crp_dataset_8_1_8.csv,0.6325613260269165,0.49999999999431816,0.3188405797078345,44,44,94,74,0.0283203125,0.03501420454545454,-0.006693892045454543
MLP,2,0.5,1.0,crp_dataset_8_1_2.csv|crp_dataset_8_1_4.csv,crp_dataset_8_1_3.csv,0.6325613260269165,0.8454545454468595,0.5375722543321528,93,17,80,66,0.0196044921875,0.007670454545454545,0.011934037642045453
MLP,2,0.5,1.0,crp_dataset_8_1_2.csv|crp_dataset_8_1_4.csv,crp_dataset_8_1_1.csv,0.6325613260269165,0.6590909090834194,0.460317460313807,58,30,68,100,0.0252685546875,0.01512784090909091,0.01014071377840909
MLP,2,0.5,1.0,crp_dataset_8_1_2.csv|crp_dataset_8_1_4.csv,crp_dataset_8_1_6.csv,0.6325613260269165,0.813186813177877,0.5285714285676532,74,17,66,99,0.026928710937499996,0.00934065934065934,0.017588051596840654
MLP,2,0.5,1.0,crp_dataset_8_1_2.csv|crp_dataset_8_1_4.csv,crp_dataset_8_1_5.csv,0.6325613260269165,0.5528455284507898,0.6799999999931999,68,55,32,101,0.039282226562499994,0.03277439024390244,0.006507836318597554
MLP,2,0.5,1.0,crp_dataset_8_1_2.csv|crp_dataset_8_1_8.csv,crp_dataset_8_1_7.csv,0.608722984790802,0.9393939393868228,0.5636363636338017,124,8,96,28,0.0095703125,0.002225378787878788,0.007344933712121212
MLP,2,0.5,1.0,crp_dataset_8_1_2.csv|crp_dataset_8_1_8.csv,crp_dataset_8_1_4.csv,0.608722984790802,0.7628865979302795,0.564885496178894,74,23,57,102,0.023046875,0.010373711340206187,0.012673163659793815
MLP,2,0.5,1.0,crp_dataset_8_1_2.csv|crp_dataset_8_1_8.csv,crp_dataset_8_1_3.csv,0.608722984790802,0.8541666666577691,0.4739884393036186,82,14,91,69,0.0196044921875,0.0072265624999999995,0.0123779296875
MLP,2,0.5,1.0,crp_dataset_8_1_2.csv|crp_dataset_8_1_8.csv,crp_dataset_8_1_1.csv,0.608722984790802,0.6056338028083713,0.3412698412671328,43,28,83,102,0.0252685546875,0.018485915492957746,0.006782639194542254
MLP,2,0.5,1.0,crp_dataset_8_1_2.csv|crp_dataset_8_1_8.csv,crp_dataset_8_1_6.csv,0.608722984790802,0.7846153846033136,0.3642857142831123,51,14,89,102,0.026928710937499996,0.016923076923076926,0.01000563401442307
MLP,2,0.5,1.0,crp_dataset_8_1_2.csv|crp_dataset_8_1_8.csv,crp_dataset_8_1_5.csv,0.608722984790802,0.6527777777687114,0.46999999999529996,47,25,53,131,0.039282226562499994,0.018576388888888892,0.020705837673611102
MLP,2,0.5,1.0,crp_dataset_8_1_2.csv|crp_dataset_8_1_3.csv,crp_dataset_8_1_7.csv,0.6375299096107483,0.9099099099017125,0.45909090908882233,101,10,119,26,0.0095703125,0.004054054054054054,0.005516258445945946
MLP,2,0.5,1.0,crp_dataset_8_1_2.csv|crp_dataset_8_1_3.csv,crp_dataset_8_1_4.csv,0.6375299096107483,0.6621621621576882,0.7480916030477246,98,50,33,75,0.023046875,0.015076013513513514,0.007970861486486487
MLP,2,0.5,1.0,crp_dataset_8_1_2.csv|crp_dataset_8_1_3.csv,crp_dataset_8_1_8.csv,0.6375299096107483,0.44230769230485706,0.49999999999637684,69,87,69,31,0.0283203125,0.037660256410256415,-0.009339943910256415
MLP,2,0.5,1.0,crp_dataset_8_1_2.csv|crp_dataset_8_1_3.csv,crp_dataset_8_1_1.csv,0.6375299096107483,0.5230769230728994,0.5396825396782565,68,62,58,68,0.0252685546875,0.021490384615384616,0.003778170072115384
MLP,2,0.5,1.0,crp_dataset_8_1_2.csv|crp_dataset_8_1_3.csv,crp_dataset_8_1_6.csv,0.6375299096107483,0.7096774193491154,0.6285714285669388,88,36,52,80,0.026928710937499996,0.01466733870967742,0.012261372227822576
MLP,2,0.5,1.0,crp_dataset_8_1_2.csv|crp_dataset_8_1_3.csv,crp_dataset_8_1_5.csv,0.6375299096107483,0.45121951219237066,0.7399999999926,74,90,26,66,0.039282226562499994,0.038757621951219505,0.0005246046112804895
MLP,2,0.5,1.0,crp_dataset_8_1_2.csv|crp_dataset_8_1_1.csv,crp_dataset_8_1_7.csv,0.622294545173645,0.9999999999545455,0.09999999999954545,22,0,198,36,0.0095703125,0.0005681818181818183,0.009002130681818182
MLP,2,0.5,1.0,crp_dataset_8_1_2.csv|crp_dataset_8_1_1.csv,crp_dataset_8_1_4.csv,0.622294545173645,0.8695652173534971,0.15267175572402542,20,3,111,122,0.023046875,0.0076086956521739125,0.015438179347826089
MLP,2,0.5,1.0,crp_dataset_8_1_2.csv|crp_dataset_8_1_1.csv,crp_dataset_8_1_8.csv,0.622294545173645,0.4285714285102041,0.02173913043462508,3,4,135,114,0.0283203125,0.04642857142857142,-0.018108258928571423
MLP,2,0.5,1.0,crp_dataset_8_1_2.csv|crp_dataset_8_1_1.csv,crp_dataset_8_1_3.csv,0.622294545173645,0.7894736841689751,0.08670520231163754,15,4,158,79,0.0196044921875,0.009539473684210528,0.010065018503289471
MLP,2,0.5,1.0,crp_dataset_8_1_2.csv|crp_dataset_8_1_1.csv,crp_dataset_8_1_6.csv,0.622294545173645,0.8235294117162629,0.09999999999928572,14,3,126,113,0.026928710937499996,0.007720588235294118,0.019208122702205878
MLP,2,0.5,1.0,crp_dataset_8_1_2.csv|crp_dataset_8_1_1.csv,crp_dataset_8_1_5.csv,0.622294545173645,0.6666666665925925,0.0599999999994,6,3,94,153,0.039282226562499994,0.008333333333333333,0.030948893229166663
MLP,2,0.5,1.0,crp_dataset_8_1_2.csv|crp_dataset_8_1_6.csv,crp_dataset_8_1_7.csv,0.6402497887611389,0.9124999999885937,0.33181818181667355,73,7,147,29,0.0095703125,0.004375,0.0051953125
MLP,2,0.5,1.0,crp_dataset_8_1_2.csv|crp_dataset_8_1_6.csv,crp_dataset_8_1_4.csv,0.6402497887611389,0.7207207207142278,0.6106870228961017,80,31,51,94,0.023046875,0.011092342342342342,0.01195453265765766
MLP,2,0.5,1.0,crp_dataset_8_1_2.csv|crp_dataset_8_1_6.csv,crp_dataset_8_1_8.csv,0.6402497887611389,0.529411764699654,0.3260869565193762,45,40,93,78,0.0283203125,0.033602941176470585,-0.005282628676470585
MLP,2,0.5,1.0,crp_dataset_8_1_2.csv|crp_dataset_8_1_6.csv,crp_dataset_8_1_3.csv,0.6402497887611389,0.8764044943721752,0.45086705202051525,78,11,95,72,0.0196044921875,0.006601123595505618,0.013003368591994382
MLP,2,0.5,1.0,crp_dataset_8_1_2.csv|crp_dataset_8_1_6.csv,crp_dataset_8_1_1.csv,0.6402497887611389,0.708860759484698,0.4444444444409171,56,23,70,107,0.0252685546875,0.012579113924050634,0.012689440763449366
MLP,2,0.5,1.0,crp_dataset_8_1_2.csv|crp_dataset_8_1_6.csv,crp_dataset_8_1_5.csv,0.6402497887611389,0.5999999999936841,0.5699999999943,57,38,43,118,0.039282226562499994,0.02335526315789474,0.015926963404605254
MLP,2,0.5,1.0,crp_dataset_8_1_2.csv|crp_dataset_8_1_5.csv,crp_dataset_8_1_7.csv,0.6121950745582581,0.9999999999166667,0.054545454545206616,12,0,208,36,0.0095703125,0.0005208333333333333,0.009049479166666667
MLP,2,0.5,1.0,crp_dataset_8_1_2.csv|crp_dataset_8_1_5.csv,crp_dataset_8_1_4.csv,0.6121950745582581,0.941176470532872,0.12213740457922033,16,1,115,124,0.023046875,0.0022058823529411764,0.020840992647058826
MLP,2,0.5,1.0,crp_dataset_8_1_2.csv|crp_dataset_8_1_5.csv,crp_dataset_8_1_8.csv,0.6121950745582581,0.9999999998333333,0.04347826086925016,6,0,132,118,0.0283203125,0.0020833333333333333,0.026236979166666667
MLP,2,0.5,1.0,crp_dataset_8_1_2.csv|crp_dataset_8_1_5.csv,crp_dataset_8_1_3.csv,0.6121950745582581,0.9374999999414062,0.08670520231163754,15,1,158,82,0.0196044921875,0.0015625,0.018041992187499998
MLP,2,0.5,1.0,crp_dataset_8_1_2.csv|crp_dataset_8_1_5.csv,crp_dataset_8_1_1.csv,0.6121950745582581,0.8333333332638889,0.07936507936444948,10,2,116,128,0.0252685546875,0.0046875,0.0205810546875
MLP,2,0.5,1.0,crp_dataset_8_1_2.csv|crp_dataset_8_1_5.csv,crp_dataset_8_1_6.csv,0.6121950745582581,0.9999999999285715,0.09999999999928572,14,0,126,116,0.026928710937499996,0.0,0.026928710937499996
MLP,2,0.5,1.0,crp_dataset_8_1_7.csv|crp_dataset_8_1_4.csv,crp_dataset_8_1_2.csv,0.6697410941123962,0.634146341458259,0.6554621848684414,78,45,41,92,0.039453125,0.024745934959349594,0.014707190040650405
MLP,2,0.5,1.0,crp_dataset_8_1_7.csv|crp_dataset_8_1_4.csv,crp_dataset_8_1_8.csv,0.6697410941123962,0.6046511627860105,0.5652173913002521,78,51,60,67,0.0283203125,0.025775193798449614,0.0025451187015503862
MLP,2,0.5,1.0,crp_dataset_8_1_7.csv|crp_dataset_8_1_4.csv,crp_dataset_8_1_3.csv,0.6697410941123962,0.826086956515753,0.6589595375684454,114,24,59,59,0.0196044921875,0.010416666666666666,0.009187825520833333
MLP,2,0.5,1.0,crp_dataset_8_1_7.csv|crp_dataset_8_1_4.csv,crp_dataset_8_1_1.csv,0.6697410941123962,0.6792452830124599,0.5714285714240362,72,34,54,96,0.0252685546875,0.014799528301886793,0.010469026385613207
MLP,2,0.5,1.0,crp_dataset_8_1_7.csv|crp_dataset_8_1_4.csv,crp_dataset_8_1_6.csv,0.6697410941123962,0.7589285714217953,0.6071428571385205,85,27,55,89,0.026928710937499996,0.014620535714285716,0.01230817522321428
MLP,2,0.5,1.0,crp_dataset_8_1_7.csv|crp_dataset_8_1_4.csv,crp_dataset_8_1_5.csv,0.6697410941123962,0.5891472868171385,0.7599999999924,76,53,24,103,0.039282226562499994,0.022625968992248065,0.01665625757025193
MLP,2,0.5,1.0,crp_dataset_8_1_7.csv|crp_dataset_8_1_8.csv,crp_dataset_8_1_2.csv,0.6149125695228577,0.47368421052382276,0.7563025210020479,90,100,29,37,0.039453125,0.038421052631578946,0.0010320723684210525
MLP,2,0.5,1.0,crp_dataset_8_1_7.csv|crp_dataset_8_1_8.csv,crp_dataset_8_1_4.csv,0.6149125695228577,0.520547945201914,0.5801526717512966,76,70,55,55,0.023046875,0.022902397260273974,0.00014447773972602745
MLP,2,0.5,1.0,crp_dataset_8_1_7.csv|crp_dataset_8_1_8.csv,crp_dataset_8_1_3.csv,0.6149125695228577,0.7142857142812777,0.6647398843892212,115,46,58,37,0.0196044921875,0.017158385093167704,0.002446107094332295
MLP,2,0.5,1.0,crp_dataset_8_1_7.csv|crp_dataset_8_1_8.csv,crp_dataset_8_1_1.csv,0.6149125695228577,0.6166666666615278,0.5873015872969262,74,46,52,84,0.0252685546875,0.022083333333333333,0.0031852213541666667
MLP,2,0.5,1.0,crp_dataset_8_1_7.csv|crp_dataset_8_1_8.csv,crp_dataset_8_1_6.csv,0.6149125695228577,0.48447204968643187,0.5571428571388776,78,83,62,33,0.026928710937499996,0.031055900621118012,-0.004127189683618016
MLP,2,0.5,1.0,crp_dataset_8_1_7.csv|crp_dataset_8_1_8.csv,crp_dataset_8_1_5.csv,0.6149125695228577,0.5670103092725051,0.5499999999945,55,42,45,114,0.039282226562499994,0.016559278350515464,0.02272294821198453
MLP,2,0.5,1.0,crp_dataset_8_1_7.csv|crp_dataset_8_1_3.csv,crp_dataset_8_1_2.csv,0.6183735728263855,0.49775784753140023,0.932773109235859,111,112,8,25,0.039453125,0.03492152466367713,0.004531600336322869
MLP,2,0.5,1.0,crp_dataset_8_1_7.csv|crp_dataset_8_1_3.csv,crp_dataset_8_1_4.csv,0.6183735728263855,0.5316455696180099,0.9618320610613601,126,111,5,14,0.023046875,0.021650843881856542,0.0013960311181434593
MLP,2,0.5,1.0,crp_dataset_8_1_7.csv|crp_dataset_8_1_3.csv,crp_dataset_8_1_8.csv,0.6183735728263855,0.5270270270246531,0.8478260869503781,117,105,21,13,0.0283203125,0.028716216216216218,-0.0003959037162162178
MLP,2,0.5,1.0,crp_dataset_8_1_7.csv|crp_dataset_8_1_3.csv,crp_dataset_8_1_1.csv,0.6183735728263855,0.49999999999770645,0.8650793650724994,109,109,17,21,0.0252685546875,0.02528669724770643,-1.8142560206428626e-05
MLP,2,0.5,1.0,crp_dataset_8_1_7.csv|crp_dataset_8_1_3.csv,crp_dataset_8_1_6.csv,0.6183735728263855,0.5804878048752171,0.8499999999939286,119,86,21,30,0.026928710937499996,0.025,0.0019287109374999944
MLP,2,0.5,1.0,crp_dataset_8_1_7.csv|crp_dataset_8_1_3.csv,crp_dataset_8_1_5.csv,0.6183735728263855,0.41071428571245217,0.9199999999908,92,132,8,24,0.039282226562499994,0.03811383928571429,0.0011683872767857054
MLP,2,0.5,1.0,crp_dataset_8_1_7.csv|crp_dataset_8_1_1.csv,crp_dataset_8_1_2.csv,0.6073153614997864,0.5077720207227577,0.8235294117577855,98,95,21,42,0.039453125,0.03662564766839378,0.0028274773316062166
MLP,2,0.5,1.0,crp_dataset_8_1_7.csv|crp_dataset_8_1_1.csv,crp_dataset_8_1_4.csv,0.6073153614997864,0.6153846153809741,0.7938931297649322,104,65,27,60,0.023046875,0.01782544378698225,0.005221431213017751
MLP,2,0.5,1.0,crp_dataset_8_1_7.csv|crp_dataset_8_1_1.csv,crp_dataset_8_1_8.csv,0.6073153614997864,0.656934306564548,0.6521739130387524,90,47,48,71,0.0283203125,0.019662408759124086,0.008657903740875914
MLP,2,0.5,1.0,crp_dataset_8_1_7.csv|crp_dataset_8_1_1.csv,crp_dataset_8_1_3.csv,0.6073153614997864,0.7570621468883783,0.7745664739839621,134,43,39,40,0.0196044921875,0.015254237288135594,0.0043502548993644054
MLP,2,0.5,1.0,crp_dataset_8_1_7.csv|crp_dataset_8_1_1.csv,crp_dataset_8_1_6.csv,0.6073153614997864,0.6091954022953495,0.757142857137449,106,68,34,48,0.026928710937499996,0.023958333333333328,0.002970377604166668
MLP,2,0.5,1.0,crp_dataset_8_1_7.csv|crp_dataset_8_1_1.csv,crp_dataset_8_1_5.csv,0.6073153614997864,0.5839416058351538,0.799999999992,80,57,20,99,0.039282226562499994,0.024954379562043796,0.014327847000456199
MLP,2,0.5,1.0,crp_dataset_8_1_7.csv|crp_dataset_8_1_6.csv,crp_dataset_8_1_2.csv,0.6244268417358398,0.5741935483833923,0.7478991596575807,89,66,30,71,0.039453125,0.027620967741935485,0.011832157258064514
MLP,2,0.5,1.0,crp_dataset_8_1_7.csv|crp_dataset_8_1_6.csv,crp_dataset_8_1_4.csv,0.6244268417358398,0.6363636363602334,0.9083969465579512,119,68,12,57,0.023046875,0.016477272727272726,0.0065696022727272756
MLP,2,0.5,1.0,crp_dataset_8_1_7.csv|crp_dataset_8_1_6.csv,crp_dataset_8_1_8.csv,0.6244268417358398,0.49484536082219155,0.6956521739080026,96,98,42,20,0.0283203125,0.031539948453608246,-0.0032196359536082464
MLP,2,0.5,1.0,crp_dataset_8_1_7.csv|crp_dataset_8_1_6.csv,crp_dataset_8_1_3.csv,0.6244268417358398,0.7514450867008587,0.7514450867008587,130,43,43,40,0.0196044921875,0.013836705202312137,0.005767786985187862
MLP,2,0.5,1.0,crp_dataset_8_1_7.csv|crp_dataset_8_1_6.csv,crp_dataset_8_1_1.csv,0.6244268417358398,0.49999999999695127,0.6507936507884857,82,82,44,48,0.0252685546875,0.024047256097560973,0.0012212985899390273
MLP,2,0.5,1.0,crp_dataset_8_1_7.csv|crp_dataset_8_1_6.csv,crp_dataset_8_1_5.csv,0.6244268417358398,0.40654205607286664,0.8699999999913,87,127,13,29,0.039282226562499994,0.036419392523364486,0.002862834039135509
MLP,2,0.5,1.0,crp_dataset_8_1_7.csv|crp_dataset_8_1_5.csv,crp_dataset_8_1_2.csv,0.6757622361183167,0.5523809523756916,0.4873949579790975,58,47,61,90,0.039453125,0.0325,0.0069531249999999975
MLP,2,0.5,1.0,crp_dataset_8_1_7.csv|crp_dataset_8_1_5.csv,crp_dataset_8_1_4.csv,0.6757622361183167,0.6195652173845699,0.43511450381347244,57,35,74,90,0.023046875,0.020991847826086957,0.0020550271739130446
MLP,2,0.5,1.0,crp_dataset_8_1_7.csv|crp_dataset_8_1_5.csv,crp_dataset_8_1_8.csv,0.6757622361183167,0.7887323943550882,0.40579710144633485,56,15,82,103,0.0283203125,0.005369718309859154,0.022950594190140845
MLP,2,0.5,1.0,crp_dataset_8_1_7.csv|crp_dataset_8_1_5.csv,crp_dataset_8_1_3.csv,0.6757622361183167,0.7749999999935416,0.5375722543321528,93,27,80,56,0.0196044921875,0.014895833333333334,0.0047086588541666655
MLP,2,0.5,1.0,crp_dataset_8_1_7.csv|crp_dataset_8_1_5.csv,crp_dataset_8_1_1.csv,0.6757622361183167,0.7580645161168055,0.37301587301291256,47,15,79,115,0.0252685546875,0.010786290322580647,0.014482264364919353
MLP,2,0.5,1.0,crp_dataset_8_1_7.csv|crp_dataset_8_1_5.csv,crp_dataset_8_1_6.csv,0.6757622361183167,0.4909090909046281,0.38571428571153066,54,56,86,60,0.026928710937499996,0.02943181818181818,-0.0025031072443181847
MLP,2,0.5,1.0,crp_dataset_8_1_4.csv|crp_dataset_8_1_8.csv,crp_dataset_8_1_2.csv,0.600166916847229,0.6973684210434556,0.4453781512567615,53,23,66,114,0.039453125,0.016036184210526317,0.02341694078947368
MLP,2,0.5,1.0,crp_dataset_8_1_4.csv|crp_dataset_8_1_8.csv,crp_dataset_8_1_7.csv,0.600166916847229,0.9307692307620711,0.5499999999975,121,9,99,27,0.0095703125,0.0037019230769230766,0.005868389423076924
MLP,2,0.5,1.0,crp_dataset_8_1_4.csv|crp_dataset_8_1_8.csv,crp_dataset_8_1_3.csv,0.600166916847229,0.8372093023158463,0.4161849710958602,72,14,101,69,0.0196044921875,0.007194767441860464,0.012409724745639535
MLP,2,0.5,1.0,crp_dataset_8_1_4.csv|crp_dataset_8_1_8.csv,crp_dataset_8_1_1.csv,0.600166916847229,0.7058823529273357,0.2857142857120181,36,15,90,115,0.0252685546875,0.017034313725490198,0.008234240962009802
MLP,2,0.5,1.0,crp_dataset_8_1_4.csv|crp_dataset_8_1_8.csv,crp_dataset_8_1_6.csv,0.600166916847229,0.7727272727155647,0.3642857142831123,51,15,89,101,0.026928710937499996,0.013920454545454545,0.013008256392045451
MLP,2,0.5,1.0,crp_dataset_8_1_4.csv|crp_dataset_8_1_8.csv,crp_dataset_8_1_5.csv,0.600166916847229,0.5866666666588444,0.43999999999559997,44,31,56,125,0.039282226562499994,0.021833333333333333,0.01744889322916666
MLP,2,0.5,1.0,crp_dataset_8_1_4.csv|crp_dataset_8_1_3.csv,crp_dataset_8_1_2.csv,0.6158096194267273,0.6697247706360575,0.6134453781461054,73,36,46,101,0.039453125,0.019782110091743122,0.019671014908256877
MLP,2,0.5,1.0,crp_dataset_8_1_4.csv|crp_dataset_8_1_3.csv,crp_dataset_8_1_7.csv,0.6158096194267273,0.9194630872421513,0.6227272727244422,137,12,83,24,0.0095703125,0.0035654362416107383,0.006004876258389262
MLP,2,0.5,1.0,crp_dataset_8_1_4.csv|crp_dataset_8_1_3.csv,crp_dataset_8_1_8.csv,0.6158096194267273,0.521739130431002,0.521739130431002,72,66,66,52,0.0283203125,0.029619565217391307,-0.0012992527173913068
MLP,2,0.5,1.0,crp_dataset_8_1_4.csv|crp_dataset_8_1_3.csv,crp_dataset_8_1_1.csv,0.6158096194267273,0.5462184873903679,0.5158730158689216,65,54,61,76,0.0252685546875,0.019327731092436972,0.005940823595063028
MLP,2,0.5,1.0,crp_dataset_8_1_4.csv|crp_dataset_8_1_3.csv,crp_dataset_8_1_6.csv,0.6158096194267273,0.7203389830447429,0.6071428571385205,85,33,55,83,0.026928710937499996,0.013824152542372882,0.013104558395127114
MLP,2,0.5,1.0,crp_dataset_8_1_4.csv|crp_dataset_8_1_3.csv,crp_dataset_8_1_5.csv,0.6158096194267273,0.4472049689413217,0.7199999999928,72,89,28,67,0.039282226562499994,0.03695652173913043,0.002325704823369565
MLP,2,0.5,1.0,crp_dataset_8_1_4.csv|crp_dataset_8_1_1.csv,crp_dataset_8_1_2.csv,0.617677628993988,0.6451612903156434,0.504201680668032,60,33,59,104,0.039453125,0.020497311827956992,0.018955813172043007
MLP,2,0.5,1.0,crp_dataset_8_1_4.csv|crp_dataset_8_1_1.csv,crp_dataset_8_1_7.csv,0.617677628993988,0.890756302513523,0.4818181818159918,106,13,114,23,0.0095703125,0.005724789915966387,0.0038455225840336137
MLP,2,0.5,1.0,crp_dataset_8_1_4.csv|crp_dataset_8_1_1.csv,crp_dataset_8_1_8.csv,0.617677628993988,0.5959595959535762,0.4275362318809599,59,40,79,78,0.0283203125,0.023421717171717173,0.004898595328282827
MLP,2,0.5,1.0,crp_dataset_8_1_4.csv|crp_dataset_8_1_1.csv,crp_dataset_8_1_3.csv,0.617677628993988,0.7522123893738742,0.4913294797659461,85,28,88,55,0.0196044921875,0.011836283185840707,0.007768209001659292
MLP,2,0.5,1.0,crp_dataset_8_1_4.csv|crp_dataset_8_1_1.csv,crp_dataset_8_1_6.csv,0.617677628993988,0.689655172405866,0.4285714285683674,60,27,80,89,0.026928710937499996,0.01817528735632184,0.008753423581178157
MLP,2,0.5,1.0,crp_dataset_8_1_4.csv|crp_dataset_8_1_1.csv,crp_dataset_8_1_5.csv,0.617677628993988,0.4710743801613961,0.5699999999943,57,64,43,92,0.039282226562499994,0.02970041322314049,0.009581813339359504
MLP,2,0.5,1.0,crp_dataset_8_1_4.csv|crp_dataset_8_1_6.csv,crp_dataset_8_1_2.csv,0.6187217235565186,0.7260273972503284,0.4453781512567615,53,20,66,117,0.039453125,0.012499999999999999,0.026953125
MLP,2,0.5,1.0,crp_dataset_8_1_4.csv|crp_dataset_8_1_6.csv,crp_dataset_8_1_7.csv,0.6187217235565186,0.9230769230667794,0.3818181818164463,84,7,136,29,0.0095703125,0.002197802197802198,0.007372510302197803
MLP,2,0.5,1.0,crp_dataset_8_1_4.csv|crp_dataset_8_1_6.csv,crp_dataset_8_1_8.csv,0.6187217235565186,0.46153846153254435,0.260869565215501,36,42,102,76,0.0283203125,0.04182692307692309,-0.013506610576923088
MLP,2,0.5,1.0,crp_dataset_8_1_4.csv|crp_dataset_8_1_6.csv,crp_dataset_8_1_3.csv,0.6187217235565186,0.841584158407509,0.4913294797659461,85,16,88,67,0.0196044921875,0.009467821782178218,0.010136670405321782
MLP,2,0.5,1.0,crp_dataset_8_1_4.csv|crp_dataset_8_1_6.csv,crp_dataset_8_1_1.csv,0.6187217235565186,0.6818181818104339,0.4761904761866969,60,28,66,102,0.0252685546875,0.012997159090909092,0.012271395596590908
MLP,2,0.5,1.0,crp_dataset_8_1_4.csv|crp_dataset_8_1_6.csv,crp_dataset_8_1_5.csv,0.6187217235565186,0.524999999995625,0.6299999999936999,63,57,37,99,0.039282226562499994,0.02994791666666667,0.009334309895833323
MLP,2,0.5,1.0,crp_dataset_8_1_4.csv|crp_dataset_8_1_5.csv,crp_dataset_8_1_2.csv,0.6049524545669556,0.8333333333179013,0.37815126050102393,45,9,74,128,0.039453125,0.005092592592592592,0.034360532407407406
MLP,2,0.5,1.0,crp_dataset_8_1_4.csv|crp_dataset_8_1_5.csv,crp_dataset_8_1_7.csv,0.6049524545669556,0.9642857142788266,0.6136363636335744,135,5,85,31,0.0095703125,0.0019642857142857144,0.007606026785714286
MLP,2,0.5,1.0,crp_dataset_8_1_4.csv|crp_dataset_8_1_5.csv,crp_dataset_8_1_8.csv,0.6049524545669556,0.6578947368247923,0.18115942028854234,25,13,113,105,0.0283203125,0.009375,0.0189453125
MLP,2,0.5,1.0,crp_dataset_8_1_4.csv|crp_dataset_8_1_5.csv,crp_dataset_8_1_3.csv,0.6049524545669556,0.9655172413626636,0.32369942196344687,56,2,117,81,0.0196044921875,0.0012931034482758623,0.018311388739224138
MLP,2,0.5,1.0,crp_dataset_8_1_4.csv|crp_dataset_8_1_5.csv,crp_dataset_8_1_1.csv,0.6049524545669556,0.909090909063361,0.23809523809334845,30,3,96,127,0.0252685546875,0.0017045454545454545,0.023564009232954545
MLP,2,0.5,1.0,crp_dataset_8_1_4.csv|crp_dataset_8_1_5.csv,crp_dataset_8_1_6.csv,0.6049524545669556,0.9285714285493198,0.2785714285694388,39,3,101,113,0.026928710937499996,0.0028273809523809527,0.024101329985119043
MLP,2,0.5,1.0,crp_dataset_8_1_8.csv|crp_dataset_8_1_3.csv,crp_dataset_8_1_2.csv,0.6103665232658386,0.6708860759408748,0.4453781512567615,53,26,66,111,0.039453125,0.018591772151898733,0.020861352848101266
MLP,2,0.5,1.0,crp_dataset_8_1_8.csv|crp_dataset_8_1_3.csv,crp_dataset_8_1_7.csv,0.6103665232658386,0.9194630872421513,0.6227272727244422,137,12,83,24,0.0095703125,0.005704697986577181,0.0038656145134228197
MLP,2,0.5,1.0,crp_dataset_8_1_8.csv|crp_dataset_8_1_3.csv,crp_dataset_8_1_4.csv,0.6103665232658386,0.7432432432331993,0.4198473282410699,55,19,76,106,0.023046875,0.013091216216216216,0.009955658783783785
MLP,2,0.5,1.0,crp_dataset_8_1_8.csv|crp_dataset_8_1_3.csv,crp_dataset_8_1_1.csv,0.6103665232658386,0.6666666666495727,0.20634920634756865,26,13,100,117,0.0252685546875,0.014262820512820514,0.011005734174679486
MLP,2,0.5,1.0,crp_dataset_8_1_8.csv|crp_dataset_8_1_3.csv,crp_dataset_8_1_6.csv,0.6103665232658386,0.6666666666518519,0.2142857142841837,30,15,110,101,0.026928710937499996,0.022222222222222223,0.004706488715277773
MLP,2,0.5,1.0,crp_dataset_8_1_8.csv|crp_dataset_8_1_3.csv,crp_dataset_8_1_5.csv,0.6103665232658386,0.7399999999852,0.3699999999963,37,13,63,143,0.039282226562499994,0.012875000000000001,0.026407226562499993
MLP,2,0.5,1.0,crp_dataset_8_1_8.csv|crp_dataset_8_1_1.csv,crp_dataset_8_1_2.csv,0.6047455668449402,0.48026315789157725,0.6134453781461054,73,79,46,58,0.039453125,0.03638980263157895,0.003063322368421051
MLP,2,0.5,1.0,crp_dataset_8_1_8.csv|crp_dataset_8_1_1.csv,crp_dataset_8_1_7.csv,0.6047455668449402,0.8732394366156186,0.8454545454507025,186,27,34,9,0.0095703125,0.009008215962441314,0.0005620965375586866
MLP,2,0.5,1.0,crp_dataset_8_1_8.csv|crp_dataset_8_1_1.csv,crp_dataset_8_1_4.csv,0.6047455668449402,0.5714285714246842,0.6412213740409067,84,63,47,62,0.023046875,0.02104591836734694,0.00200095663265306
MLP,2,0.5,1.0,crp_dataset_8_1_8.csv|crp_dataset_8_1_1.csv,crp_dataset_8_1_3.csv,0.6047455668449402,0.7434210526266881,0.6531791907476695,113,39,60,44,0.0196044921875,0.014967105263157894,0.004637386924342105
MLP,2,0.5,1.0,crp_dataset_8_1_8.csv|crp_dataset_8_1_1.csv,crp_dataset_8_1_6.csv,0.6047455668449402,0.5231788079435551,0.5642857142816837,79,72,61,44,0.026928710937499996,0.028973509933774833,-0.0020447989962748374
MLP,2,0.5,1.0,crp_dataset_8_1_8.csv|crp_dataset_8_1_1.csv,crp_dataset_8_1_5.csv,0.6047455668449402,0.5871559632973655,0.6399999999936,64,45,36,111,0.039282226562499994,0.01932339449541284,0.019958832067087155
MLP,2,0.5,1.0,crp_dataset_8_1_8.csv|crp_dataset_8_1_6.csv,crp_dataset_8_1_2.csv,0.6180011034011841,0.6697247706360575,0.6134453781461054,73,36,46,101,0.039453125,0.020355504587155963,0.019097620412844036
MLP,2,0.5,1.0,crp_dataset_8_1_8.csv|crp_dataset_8_1_6.csv,crp_dataset_8_1_7.csv,0.6180011034011841,0.9236111111046972,0.6045454545427067,133,11,87,25,0.0095703125,0.0032552083333333335,0.006315104166666667
MLP,2,0.5,1.0,crp_dataset_8_1_8.csv|crp_dataset_8_1_6.csv,crp_dataset_8_1_4.csv,0.6180011034011841,0.7656249999940187,0.7480916030477246,98,30,33,95,0.023046875,0.009326171875,0.013720703125
MLP,2,0.5,1.0,crp_dataset_8_1_8.csv|crp_dataset_8_1_6.csv,crp_dataset_8_1_3.csv,0.6180011034011841,0.844262295075047,0.5953757225399111,103,19,70,64,0.0196044921875,0.007991803278688526,0.011612688908811473
MLP,2,0.5,1.0,crp_dataset_8_1_8.csv|crp_dataset_8_1_6.csv,crp_dataset_8_1_1.csv,0.6180011034011841,0.6565656565590245,0.5158730158689216,65,34,61,96,0.0252685546875,0.013888888888888888,0.011379665798611112
MLP,2,0.5,1.0,crp_dataset_8_1_8.csv|crp_dataset_8_1_6.csv,crp_dataset_8_1_5.csv,0.6180011034011841,0.5182481751786989,0.7099999999929,71,66,29,90,0.039282226562499994,0.02760036496350365,0.011681861598996344
MLP,2,0.5,1.0,crp_dataset_8_1_8.csv|crp_dataset_8_1_5.csv,crp_dataset_8_1_2.csv,0.6079480648040771,0.36363636363269053,0.30252100840081914,36,63,83,74,0.039453125,0.05119949494949497,-0.011746369949494968
MLP,2,0.5,1.0,crp_dataset_8_1_8.csv|crp_dataset_8_1_5.csv,crp_dataset_8_1_7.csv,0.6079480648040771,0.8864864864816947,0.7454545454511571,164,21,56,15,0.0095703125,0.00804054054054054,0.0015297719594594607
MLP,2,0.5,1.0,crp_dataset_8_1_8.csv|crp_dataset_8_1_5.csv,crp_dataset_8_1_4.csv,0.6079480648040771,0.37499999999573863,0.25190839694464195,33,55,98,70,0.023046875,0.030184659090909092,-0.0071377840909090905
MLP,2,0.5,1.0,crp_dataset_8_1_8.csv|crp_dataset_8_1_5.csv,crp_dataset_8_1_3.csv,0.6079480648040771,0.6391752577253693,0.3583815028881019,62,35,111,48,0.0196044921875,0.0240979381443299,-0.004493445956829902
MLP,2,0.5,1.0,crp_dataset_8_1_8.csv|crp_dataset_8_1_5.csv,crp_dataset_8_1_1.csv,0.6079480648040771,0.6769230769126627,0.34920634920357774,44,21,82,109,0.0252685546875,0.020096153846153843,0.0051724008413461565
MLP,2,0.5,1.0,crp_dataset_8_1_8.csv|crp_dataset_8_1_5.csv,crp_dataset_8_1_6.csv,0.6079480648040771,0.4196428571391103,0.33571428571188777,47,65,93,51,0.026928710937499996,0.03643973214285715,-0.009511021205357156
MLP,2,0.5,1.0,crp_dataset_8_1_3.csv|crp_dataset_8_1_1.csv,crp_dataset_8_1_2.csv,0.6062893271446228,0.7368421052502309,0.35294117646762235,42,15,77,122,0.039453125,0.011842105263157893,0.027611019736842105
MLP,2,0.5,1.0,crp_dataset_8_1_3.csv|crp_dataset_8_1_1.csv,crp_dataset_8_1_7.csv,0.6062893271446228,0.9130434782551985,0.668181818178781,147,14,73,22,0.0095703125,0.005706521739130435,0.003863790760869566
MLP,2,0.5,1.0,crp_dataset_8_1_3.csv|crp_dataset_8_1_1.csv,crp_dataset_8_1_4.csv,0.6062893271446228,0.7166666666547222,0.32824427480665463,43,17,88,108,0.023046875,0.014583333333333335,0.008463541666666666
MLP,2,0.5,1.0,crp_dataset_8_1_3.csv|crp_dataset_8_1_1.csv,crp_dataset_8_1_8.csv,0.6062893271446228,0.7096774193319458,0.15942028985391726,22,9,116,109,0.0283203125,0.010483870967741936,0.017836441532258066
MLP,2,0.5,1.0,crp_dataset_8_1_3.csv|crp_dataset_8_1_1.csv,crp_dataset_8_1_6.csv,0.6062893271446228,0.6923076922970414,0.3214285714262755,45,20,95,96,0.026928710937499996,0.020480769230769233,0.006447941706730763
MLP,2,0.5,1.0,crp_dataset_8_1_3.csv|crp_dataset_8_1_1.csv,crp_dataset_8_1_5.csv,0.6062893271446228,0.810810810788897,0.299999999997,30,7,70,149,0.039282226562499994,0.007432432432432433,0.03184979413006756
MLP,2,0.5,1.0,crp_dataset_8_1_3.csv|crp_dataset_8_1_6.csv,crp_dataset_8_1_2.csv,0.6917725801467896,0.6714285714189796,0.39495798318995834,47,23,72,114,0.039453125,0.020714285714285716,0.018738839285714282
MLP,2,0.5,1.0,crp_dataset_8_1_3.csv|crp_dataset_8_1_6.csv,crp_dataset_8_1_7.csv,0.6917725801467896,0.9218749999855956,0.26818181818059916,59,5,161,31,0.0095703125,0.0029296875,0.006640625000000001
MLP,2,0.5,1.0,crp_dataset_8_1_3.csv|crp_dataset_8_1_6.csv,crp_dataset_8_1_4.csv,0.6917725801467896,0.793814432981507,0.5877862595374979,77,20,54,105,0.023046875,0.008891752577319587,0.014155122422680414
MLP,2,0.5,1.0,crp_dataset_8_1_3.csv|crp_dataset_8_1_6.csv,crp_dataset_8_1_8.csv,0.6917725801467896,0.5066666666599111,0.27536231883858436,38,37,100,81,0.0283203125,0.031166666666666665,-0.0028463541666666654
MLP,2,0.5,1.0,crp_dataset_8_1_3.csv|crp_dataset_8_1_6.csv,crp_dataset_8_1_1.csv,0.6917725801467896,0.6470588235198962,0.34920634920357774,44,24,82,106,0.0252685546875,0.014338235294117648,0.010930319393382352
MLP,2,0.5,1.0,crp_dataset_8_1_3.csv|crp_dataset_8_1_6.csv,crp_dataset_8_1_5.csv,0.6917725801467896,0.5092592592545439,0.5499999999945,55,53,45,103,0.039282226562499994,0.03315972222222222,0.006122504340277772
MLP,2,0.5,1.0,crp_dataset_8_1_3.csv|crp_dataset_8_1_5.csv,crp_dataset_8_1_2.csv,0.6464232206344604,0.7096774193433923,0.3697478991565567,44,18,75,119,0.039453125,0.016834677419354842,0.022618447580645157
MLP,2,0.5,1.0,crp_dataset_8_1_3.csv|crp_dataset_8_1_5.csv,crp_dataset_8_1_7.csv,0.6464232206344604,0.9292035398147858,0.47727272727055786,105,8,115,28,0.0095703125,0.002820796460176991,0.00674951603982301
MLP,2,0.5,1.0,crp_dataset_8_1_3.csv|crp_dataset_8_1_5.csv,crp_dataset_8_1_4.csv,0.6464232206344604,0.8513513513398465,0.48091603053068005,63,11,68,114,0.023046875,0.0046452702702702705,0.01840160472972973
MLP,2,0.5,1.0,crp_dataset_8_1_3.csv|crp_dataset_8_1_5.csv,crp_dataset_8_1_8.csv,0.6464232206344604,0.6607142857024872,0.26811594202704264,37,19,101,99,0.0283203125,0.020200892857142858,0.008119419642857142
MLP,2,0.5,1.0,crp_dataset_8_1_3.csv|crp_dataset_8_1_5.csv,crp_dataset_8_1_1.csv,0.6464232206344604,0.7333333333211112,0.34920634920357774,44,16,82,114,0.0252685546875,0.009166666666666667,0.016101888020833333
MLP,2,0.5,1.0,crp_dataset_8_1_3.csv|crp_dataset_8_1_5.csv,crp_dataset_8_1_6.csv,0.6464232206344604,0.7076923076814201,0.32857142856908167,46,19,94,97,0.026928710937499996,0.014423076923076924,0.012505634014423072
MLP,2,0.5,1.0,crp_dataset_8_1_1.csv|crp_dataset_8_1_6.csv,crp_dataset_8_1_2.csv,0.6164200901985168,0.6610169491413387,0.3277310924342207,39,20,80,117,0.039453125,0.01779661016949153,0.02165651483050847
MLP,2,0.5,1.0,crp_dataset_8_1_1.csv|crp_dataset_8_1_6.csv,crp_dataset_8_1_7.csv,0.6164200901985168,0.8915662650494992,0.3363636363621075,74,9,146,27,0.0095703125,0.00572289156626506,0.0038474209337349408
MLP,2,0.5,1.0,crp_dataset_8_1_1.csv|crp_dataset_8_1_6.csv,crp_dataset_8_1_4.csv,0.6164200901985168,0.6956521739054821,0.4885496183168813,64,28,67,97,0.023046875,0.014741847826086956,0.008305027173913045
MLP,2,0.5,1.0,crp_dataset_8_1_1.csv|crp_dataset_8_1_6.csv,crp_dataset_8_1_8.csv,0.6164200901985168,0.4769230769157396,0.2246376811577925,31,34,107,84,0.0283203125,0.03384615384615385,-0.005525841346153852
MLP,2,0.5,1.0,crp_dataset_8_1_1.csv|crp_dataset_8_1_6.csv,crp_dataset_8_1_3.csv,0.6164200901985168,0.7926829268196014,0.37572254335042937,65,17,108,66,0.0196044921875,0.011814024390243903,0.007790467797256097
MLP,2,0.5,1.0,crp_dataset_8_1_1.csv|crp_dataset_8_1_6.csv,crp_dataset_8_1_5.csv,0.6164200901985168,0.5769230769156805,0.4499999999955,45,33,55,123,0.039282226562499994,0.02692307692307693,0.012359149639423063
MLP,2,0.5,1.0,crp_dataset_8_1_1.csv|crp_dataset_8_1_5.csv,crp_dataset_8_1_2.csv,0.6236014366149902,0.6666666666444444,0.16806722688934397,20,10,99,127,0.039453125,0.027916666666666663,0.011536458333333336
MLP,2,0.5,1.0,crp_dataset_8_1_1.csv|crp_dataset_8_1_5.csv,crp_dataset_8_1_7.csv,0.6236014366149902,0.9359999999925119,0.5318181818157645,117,8,103,28,0.0095703125,0.00385,0.005720312500000001
MLP,2,0.5,1.0,crp_dataset_8_1_1.csv|crp_dataset_8_1_5.csv,crp_dataset_8_1_4.csv,0.6236014366149902,0.6153846153688364,0.18320610686883051,24,15,107,110,0.023046875,0.016185897435897437,0.006860977564102564
MLP,2,0.5,1.0,crp_dataset_8_1_1.csv|crp_dataset_8_1_5.csv,crp_dataset_8_1_8.csv,0.6236014366149902,0.6666666666388888,0.1159420289846671,16,8,122,110,0.0283203125,0.016145833333333335,0.012174479166666665
MLP,2,0.5,1.0,crp_dataset_8_1_1.csv|crp_dataset_8_1_5.csv,crp_dataset_8_1_3.csv,0.6236014366149902,0.8611111110871914,0.17919075144405094,31,5,142,78,0.0196044921875,0.011631944444444445,0.007972547743055555
MLP,2,0.5,1.0,crp_dataset_8_1_1.csv|crp_dataset_8_1_5.csv,crp_dataset_8_1_6.csv,0.6236014366149902,0.5961538461423816,0.22142857142698982,31,21,109,95,0.026928710937499996,0.022475961538461542,0.004452749399038454
MLP,2,0.5,1.0,crp_dataset_8_1_6.csv|crp_dataset_8_1_5.csv,crp_dataset_8_1_2.csv,0.6030288934707642,0.69999999999125,0.47058823529016314,56,24,63,113,0.039453125,0.016640625,0.0228125
MLP,2,0.5,1.0,crp_dataset_8_1_6.csv|crp_dataset_8_1_5.csv,crp_dataset_8_1_7.csv,0.6030288934707642,0.9661016949070669,0.5181818181794628,114,4,106,32,0.0095703125,0.001218220338983051,0.00835209216101695
MLP,2,0.5,1.0,crp_dataset_8_1_6.csv|crp_dataset_8_1_5.csv,crp_dataset_8_1_4.csv,0.6030288934707642,0.8058252427106231,0.6335877862547055,83,20,48,105,0.023046875,0.008919902912621359,0.014126972087378642
MLP,2,0.5,1.0,crp_dataset_8_1_6.csv|crp_dataset_8_1_5.csv,crp_dataset_8_1_8.csv,0.6030288934707642,0.6133333333251555,0.3333333333309179,46,29,92,89,0.0283203125,0.02291666666666667,0.0054036458333333315
MLP,2,0.5,1.0,crp_dataset_8_1_6.csv|crp_dataset_8_1_5.csv,crp_dataset_8_1_3.csv,0.6030288934707642,0.881720430098046,0.4739884393036186,82,11,91,72,0.0196044921875,0.004637096774193549,0.01496739541330645
MLP,2,0.5,1.0,crp_dataset_8_1_6.csv|crp_dataset_8_1_5.csv,crp_dataset_8_1_1.csv,0.6030288934707642,0.6666666666574074,0.3809523809493575,48,24,78,106,0.0252685546875,0.01328125,0.0119873046875
MLP,3,0.5,1.0,crp_dataset_8_1_2.csv|crp_dataset_8_1_7.csv|crp_dataset_8_1_4.csv,crp_dataset_8_1_8.csv,0.647691547870636,0.642857142850583,0.4565217391271267,63,35,75,83,0.0283203125,0.01926020408163265,0.009060108418367348
MLP,3,0.5,1.0,crp_dataset_8_1_2.csv|crp_dataset_8_1_7.csv|crp_dataset_8_1_4.csv,crp_dataset_8_1_3.csv,0.647691547870636,0.8842975206538487,0.6184971098230145,107,14,66,69,0.0196044921875,0.006714876033057851,0.012889616154442148
MLP,3,0.5,1.0,crp_dataset_8_1_2.csv|crp_dataset_8_1_7.csv|crp_dataset_8_1_4.csv,crp_dataset_8_1_1.csv,0.647691547870636,0.7662337662238151,0.46825396825025195,59,18,67,112,0.0252685546875,0.008928571428571428,0.016339983258928572
MLP,3,0.5,1.0,crp_dataset_8_1_2.csv|crp_dataset_8_1_7.csv|crp_dataset_8_1_4.csv,crp_dataset_8_1_6.csv,0.647691547870636,0.8494623655822638,0.5642857142816837,79,14,61,102,0.026928710937499996,0.00739247311827957,0.019536237819220426
MLP,3,0.5,1.0,crp_dataset_8_1_2.csv|crp_dataset_8_1_7.csv|crp_dataset_8_1_4.csv,crp_dataset_8_1_5.csv,0.647691547870636,0.7047619047551927,0.7399999999926,74,31,26,125,0.039282226562499994,0.011785714285714287,0.027496512276785706
MLP,3,0.5,1.0,crp_dataset_8_1_2.csv|crp_dataset_8_1_7.csv|crp_dataset_8_1_8.csv,crp_dataset_8_1_4.csv,0.6439902782440186,0.8556701030839622,0.6335877862547055,83,14,48,111,0.023046875,0.005670103092783506,0.017376771907216496
MLP,3,0.5,1.0,crp_dataset_8_1_2.csv|crp_dataset_8_1_7.csv|crp_dataset_8_1_8.csv,crp_dataset_8_1_3.csv,0.6439902782440186,0.9189189189106404,0.5895953757191353,102,9,71,74,0.0196044921875,0.0036036036036036032,0.016000888583896394
MLP,3,0.5,1.0,crp_dataset_8_1_2.csv|crp_dataset_8_1_7.csv|crp_dataset_8_1_8.csv,crp_dataset_8_1_1.csv,0.6439902782440186,0.9607843137066514,0.3888888888858025,49,2,77,128,0.0252685546875,0.00196078431372549,0.02330777037377451
MLP,3,0.5,1.0,crp_dataset_8_1_2.csv|crp_dataset_8_1_7.csv|crp_dataset_8_1_8.csv,crp_dataset_8_1_6.csv,0.6439902782440186,0.7326732673194785,0.5285714285676532,74,27,66,89,0.026928710937499996,0.01553217821782178,0.011396532719678215
MLP,3,0.5,1.0,crp_dataset_8_1_2.csv|crp_dataset_8_1_7.csv|crp_dataset_8_1_8.csv,crp_dataset_8_1_5.csv,0.6439902782440186,0.8208955223758075,0.5499999999945,55,12,45,144,0.039282226562499994,0.004570895522388059,0.03471133104011193
MLP,3,0.5,1.0,crp_dataset_8_1_2.csv|crp_dataset_8_1_7.csv|crp_dataset_8_1_3.csv,crp_dataset_8_1_4.csv,0.6114612817764282,0.8492063491996095,0.816793893123536,107,19,24,106,0.023046875,0.006448412698412699,0.0165984623015873
MLP,3,0.5,1.0,crp_dataset_8_1_2.csv|crp_dataset_8_1_7.csv|crp_dataset_8_1_3.csv,crp_dataset_8_1_8.csv,0.6114612817764282,0.58823529411188,0.4347826086925016,60,42,78,76,0.0283203125,0.02450980392156863,0.0038105085784313694
MLP,3,0.5,1.0,crp_dataset_8_1_2.csv|crp_dataset_8_1_7.csv|crp_dataset_8_1_3.csv,crp_dataset_8_1_1.csv,0.6114612817764282,0.8048780487706721,0.5238095238053666,66,16,60,114,0.0252685546875,0.008307926829268293,0.016960627858231707
MLP,3,0.5,1.0,crp_dataset_8_1_2.csv|crp_dataset_8_1_7.csv|crp_dataset_8_1_3.csv,crp_dataset_8_1_6.csv,0.6114612817764282,0.8777777777680247,0.5642857142816837,79,11,61,105,0.026928710937499996,0.007152777777777778,0.019775933159722217
MLP,3,0.5,1.0,crp_dataset_8_1_2.csv|crp_dataset_8_1_7.csv|crp_dataset_8_1_3.csv,crp_dataset_8_1_5.csv,0.6114612817764282,0.6403508771873653,0.7299999999926999,73,41,27,115,0.039282226562499994,0.017763157894736842,0.021519068667763153
MLP,3,0.5,1.0,crp_dataset_8_1_2.csv|crp_dataset_8_1_7.csv|crp_dataset_8_1_1.csv,crp_dataset_8_1_4.csv,0.7169554829597473,0.8684210526201523,0.5038167938892839,66,10,65,115,0.023046875,0.005921052631578948,0.017125822368421053
MLP,3,0.5,1.0,crp_dataset_8_1_2.csv|crp_dataset_8_1_7.csv|crp_dataset_8_1_1.csv,crp_dataset_8_1_8.csv,0.7169554829597473,0.7741935483746099,0.3478260869540013,48,14,90,104,0.0283203125,0.00907258064516129,0.01924773185483871
MLP,3,0.5,1.0,crp_dataset_8_1_2.csv|crp_dataset_8_1_7.csv|crp_dataset_8_1_1.csv,crp_dataset_8_1_3.csv,0.7169554829597473,0.8749999999908854,0.48554913294517027,84,12,89,71,0.0196044921875,0.006770833333333334,0.012833658854166666
MLP,3,0.5,1.0,crp_dataset_8_1_2.csv|crp_dataset_8_1_7.csv|crp_dataset_8_1_1.csv,crp_dataset_8_1_6.csv,0.7169554829597473,0.7411764705795155,0.44999999999678575,63,22,77,94,0.026928710937499996,0.016691176470588234,0.010237534466911762
MLP,3,0.5,1.0,crp_dataset_8_1_2.csv|crp_dataset_8_1_7.csv|crp_dataset_8_1_1.csv,crp_dataset_8_1_5.csv,0.7169554829597473,0.8297872340248982,0.38999999999609997,39,8,61,148,0.039282226562499994,0.005718085106382978,0.03356414145611702
MLP,3,0.5,1.0,crp_dataset_8_1_2.csv|crp_dataset_8_1_7.csv|crp_dataset_8_1_6.csv,crp_dataset_8_1_4.csv,0.6577144861221313,0.7364864864815103,0.8320610686959385,109,39,22,86,0.023046875,0.013217905405405406,0.009828969594594596
MLP,3,0.5,1.0,crp_dataset_8_1_2.csv|crp_dataset_8_1_7.csv|crp_dataset_8_1_6.csv,crp_dataset_8_1_8.csv,0.6577144861221313,0.6030534351099004,0.5724637681117938,79,52,59,66,0.0283203125,0.027576335877862602,0.0007439766221373975
MLP,3,0.5,1.0,crp_dataset_8_1_2.csv|crp_dataset_8_1_7.csv|crp_dataset_8_1_6.csv,crp_dataset_8_1_3.csv,0.6577144861221313,0.8489208633032452,0.6820809248515487,118,21,55,62,0.0196044921875,0.007823741007194246,0.011780751180305754
MLP,3,0.5,1.0,crp_dataset_8_1_2.csv|crp_dataset_8_1_7.csv|crp_dataset_8_1_6.csv,crp_dataset_8_1_1.csv,0.6577144861221313,0.638095238089161,0.5317460317418116,67,38,59,92,0.0252685546875,0.01613095238095238,0.009137602306547619
MLP,3,0.5,1.0,crp_dataset_8_1_2.csv|crp_dataset_8_1_7.csv|crp_dataset_8_1_6.csv,crp_dataset_8_1_5.csv,0.6577144861221313,0.503144654084886,0.799999999992,80,79,20,77,0.039282226562499994,0.03313679245283019,0.006145434109669806
MLP,3,0.5,1.0,crp_dataset_8_1_2.csv|crp_dataset_8_1_7.csv|crp_dataset_8_1_5.csv,crp_dataset_8_1_4.csv,0.6597073674201965,0.771929824547861,0.3358778625928559,44,13,87,112,0.023046875,0.01074561403508772,0.012301260964912282
MLP,3,0.5,1.0,crp_dataset_8_1_2.csv|crp_dataset_8_1_7.csv|crp_dataset_8_1_5.csv,crp_dataset_8_1_8.csv,0.6597073674201965,0.7777777777604938,0.25362318840395925,35,10,103,108,0.0283203125,0.005416666666666668,0.022903645833333333
MLP,3,0.5,1.0,crp_dataset_8_1_2.csv|crp_dataset_8_1_7.csv|crp_dataset_8_1_5.csv,crp_dataset_8_1_3.csv,0.6597073674201965,0.8734177215079314,0.39884393063353274,69,10,104,73,0.0196044921875,0.00838607594936709,0.01121841623813291
MLP,3,0.5,1.0,crp_dataset_8_1_2.csv|crp_dataset_8_1_7.csv|crp_dataset_8_1_5.csv,crp_dataset_8_1_1.csv,0.6597073674201965,0.8888888888641976,0.25396825396623834,32,4,94,126,0.0252685546875,0.0045138888888888885,0.020754665798611113
MLP,3,0.5,1.0,crp_dataset_8_1_2.csv|crp_dataset_8_1_7.csv|crp_dataset_8_1_5.csv,crp_dataset_8_1_6.csv,0.6597073674201965,0.6060606060514233,0.28571428571224494,40,26,100,90,0.026928710937499996,0.02462121212121212,0.0023074988162878757
MLP,3,0.5,1.0,crp_dataset_8_1_2.csv|crp_dataset_8_1_4.csv|crp_dataset_8_1_8.csv,crp_dataset_8_1_7.csv,0.6051352620124817,0.9358974358914366,0.6636363636333471,146,10,74,26,0.0095703125,0.0030849358974358973,0.006485376602564104
MLP,3,0.5,1.0,crp_dataset_8_1_2.csv|crp_dataset_8_1_4.csv|crp_dataset_8_1_8.csv,crp_dataset_8_1_3.csv,0.6051352620124817,0.9574468085004526,0.5202312138698253,90,4,83,79,0.0196044921875,0.0016622340425531917,0.017942258144946807
MLP,3,0.5,1.0,crp_dataset_8_1_2.csv|crp_dataset_8_1_4.csv|crp_dataset_8_1_8.csv,crp_dataset_8_1_1.csv,0.6051352620124817,0.7968749999875487,0.40476190475869234,51,13,75,117,0.0252685546875,0.0078125,0.0174560546875
MLP,3,0.5,1.0,crp_dataset_8_1_2.csv|crp_dataset_8_1_4.csv|crp_dataset_8_1_8.csv,crp_dataset_8_1_6.csv,0.6051352620124817,0.8461538461429979,0.4714285714252041,66,12,74,104,0.026928710937499996,0.007772435897435897,0.019156275040064098
MLP,3,0.5,1.0,crp_dataset_8_1_2.csv|crp_dataset_8_1_4.csv|crp_dataset_8_1_8.csv,crp_dataset_8_1_5.csv,0.6051352620124817,0.7272727272653811,0.7199999999928,72,27,28,129,0.039282226562499994,0.011931818181818182,0.027350408380681812
MLP,3,0.5,1.0,crp_dataset_8_1_2.csv|crp_dataset_8_1_4.csv|crp_dataset_8_1_3.csv,crp_dataset_8_1_7.csv,0.629654049873352,0.9431818181711001,0.3772727272710124,83,5,137,31,0.0095703125,0.001846590909090909,0.007723721590909092
MLP,3,0.5,1.0,crp_dataset_8_1_2.csv|crp_dataset_8_1_4.csv|crp_dataset_8_1_3.csv,crp_dataset_8_1_8.csv,0.629654049873352,0.5468749999914551,0.25362318840395925,35,29,103,89,0.0283203125,0.03349609375,-0.005175781249999997
MLP,3,0.5,1.0,crp_dataset_8_1_2.csv|crp_dataset_8_1_4.csv|crp_dataset_8_1_3.csv,crp_dataset_8_1_1.csv,0.629654049873352,0.7384615384501775,0.3809523809493575,48,17,78,113,0.0252685546875,0.008269230769230768,0.01699932391826923
MLP,3,0.5,1.0,crp_dataset_8_1_2.csv|crp_dataset_8_1_4.csv|crp_dataset_8_1_3.csv,crp_dataset_8_1_6.csv,0.629654049873352,0.8518518518413352,0.4928571428536225,69,12,71,104,0.026928710937499996,0.006635802469135802,0.020292908468364193
MLP,3,0.5,1.0,crp_dataset_8_1_2.csv|crp_dataset_8_1_4.csv|crp_dataset_8_1_3.csv,crp_dataset_8_1_5.csv,0.629654049873352,0.6511627906901027,0.5599999999944,56,30,44,126,0.039282226562499994,0.020058139534883723,0.01922408702761627
MLP,3,0.5,1.0,crp_dataset_8_1_2.csv|crp_dataset_8_1_4.csv|crp_dataset_8_1_1.csv,crp_dataset_8_1_7.csv,0.6187499165534973,0.9158415841538821,0.8409090909052687,185,17,35,19,0.0095703125,0.004146039603960396,0.0054242728960396044
MLP,3,0.5,1.0,crp_dataset_8_1_2.csv|crp_dataset_8_1_4.csv|crp_dataset_8_1_1.csv,crp_dataset_8_1_8.csv,0.6187499165534973,0.6176470588174741,0.4565217391271267,63,39,75,79,0.0283203125,0.02095588235294118,0.007364430147058822
MLP,3,0.5,1.0,crp_dataset_8_1_2.csv|crp_dataset_8_1_4.csv|crp_dataset_8_1_1.csv,crp_dataset_8_1_3.csv,0.6187499165534973,0.9159663865469246,0.6300578034645662,109,10,64,73,0.0196044921875,0.003939075630252101,0.0156654165572479
MLP,3,0.5,1.0,crp_dataset_8_1_2.csv|crp_dataset_8_1_4.csv|crp_dataset_8_1_1.csv,crp_dataset_8_1_6.csv,0.6187499165534973,0.7450980392083814,0.5428571428532654,76,26,64,90,0.026928710937499996,0.014583333333333334,0.012345377604166662
MLP,3,0.5,1.0,crp_dataset_8_1_2.csv|crp_dataset_8_1_4.csv|crp_dataset_8_1_1.csv,crp_dataset_8_1_5.csv,0.6187499165534973,0.663461538455159,0.6899999999931,69,35,31,121,0.039282226562499994,0.0171875,0.022094726562499993
MLP,3,0.5,1.0,crp_dataset_8_1_2.csv|crp_dataset_8_1_4.csv|crp_dataset_8_1_6.csv,crp_dataset_8_1_7.csv,0.6724352836608887,0.94444444441821,0.15454545454475208,34,2,186,34,0.0095703125,0.001388888888888889,0.008181423611111112
MLP,3,0.5,1.0,crp_dataset_8_1_2.csv|crp_dataset_8_1_4.csv|crp_dataset_8_1_6.csv,crp_dataset_8_1_8.csv,0.6724352836608887,0.48888888887802473,0.15942028985391726,22,23,116,95,0.0283203125,0.03972222222222223,-0.011401909722222228
MLP,3,0.5,1.0,crp_dataset_8_1_2.csv|crp_dataset_8_1_4.csv|crp_dataset_8_1_6.csv,crp_dataset_8_1_3.csv,0.6724352836608887,0.8915662650494992,0.4277456647374119,74,9,99,74,0.0196044921875,0.00519578313253012,0.014408709054969878
MLP,3,0.5,1.0,crp_dataset_8_1_2.csv|crp_dataset_8_1_4.csv|crp_dataset_8_1_6.csv,crp_dataset_8_1_1.csv,0.6724352836608887,0.7966101694780237,0.37301587301291256,47,12,79,118,0.0252685546875,0.007415254237288136,0.017853300450211863
MLP,3,0.5,1.0,crp_dataset_8_1_2.csv|crp_dataset_8_1_4.csv|crp_dataset_8_1_6.csv,crp_dataset_8_1_5.csv,0.6724352836608887,0.6338028168924816,0.4499999999955,45,26,55,130,0.039282226562499994,0.018221830985915493,0.0210603955765845
MLP,3,0.5,1.0,crp_dataset_8_1_2.csv|crp_dataset_8_1_4.csv|crp_dataset_8_1_5.csv,crp_dataset_8_1_7.csv,0.6953310966491699,0.9655172413726517,0.6363636363607438,140,5,80,31,0.0095703125,0.0012068965517241378,0.008363415948275863
MLP,3,0.5,1.0,crp_dataset_8_1_2.csv|crp_dataset_8_1_4.csv|crp_dataset_8_1_5.csv,crp_dataset_8_1_8.csv,0.6953310966491699,0.7454545454409918,0.2971014492732094,41,14,97,104,0.0283203125,0.010340909090909088,0.017979403409090912
MLP,3,0.5,1.0,crp_dataset_8_1_2.csv|crp_dataset_8_1_4.csv|crp_dataset_8_1_5.csv,crp_dataset_8_1_3.csv,0.6953310966491699,0.9462365591296104,0.5086705202282736,88,5,85,78,0.0196044921875,0.002688172043010753,0.016916320144489246
MLP,3,0.5,1.0,crp_dataset_8_1_2.csv|crp_dataset_8_1_4.csv|crp_dataset_8_1_5.csv,crp_dataset_8_1_1.csv,0.6953310966491699,0.864406779646366,0.40476190475869234,51,8,75,122,0.0252685546875,0.003707627118644068,0.02156092756885593
MLP,3,0.5,1.0,crp_dataset_8_1_2.csv|crp_dataset_8_1_4.csv|crp_dataset_8_1_5.csv,crp_dataset_8_1_6.csv,0.6953310966491699,0.932432432419832,0.4928571428536225,69,5,71,111,0.026928710937499996,0.002027027027027027,0.02490168391047297
MLP,3,0.5,1.0,crp_dataset_8_1_2.csv|crp_dataset_8_1_8.csv|crp_dataset_8_1_3.csv,crp_dataset_8_1_7.csv,0.6100761890411377,0.9085714285662367,0.7227272727239876,159,16,61,20,0.0095703125,0.0035357142857142857,0.0060345982142857146
MLP,3,0.5,1.0,crp_dataset_8_1_2.csv|crp_dataset_8_1_8.csv|crp_dataset_8_1_3.csv,crp_dataset_8_1_4.csv,0.6100761890411377,0.8148148148072702,0.6717557251857118,88,20,43,105,0.023046875,0.009259259259259259,0.013787615740740743
MLP,3,0.5,1.0,crp_dataset_8_1_2.csv|crp_dataset_8_1_8.csv|crp_dataset_8_1_3.csv,crp_dataset_8_1_1.csv,0.6100761890411377,0.7435897435802103,0.460317460313807,58,20,68,110,0.0252685546875,0.010977564102564102,0.014290990584935898
MLP,3,0.5,1.0,crp_dataset_8_1_2.csv|crp_dataset_8_1_8.csv|crp_dataset_8_1_3.csv,crp_dataset_8_1_6.csv,0.6100761890411377,0.7727272727184917,0.4857142857108164,68,20,72,96,0.026928710937499996,0.01605113636363636,0.010877574573863635
MLP,3,0.5,1.0,crp_dataset_8_1_2.csv|crp_dataset_8_1_8.csv|crp_dataset_8_1_3.csv,crp_dataset_8_1_5.csv,0.6100761890411377,0.6770833333262803,0.6499999999935,65,31,35,125,0.039282226562499994,0.016210937499999998,0.023071289062499997
MLP,3,0.5,1.0,crp_dataset_8_1_2.csv|crp_dataset_8_1_8.csv|crp_dataset_8_1_1.csv,crp_dataset_8_1_7.csv,0.607500433921814,0.9061032863807226,0.8772727272687397,193,20,27,16,0.0095703125,0.005575117370892019,0.003995195129107982
MLP,3,0.5,1.0,crp_dataset_8_1_2.csv|crp_dataset_8_1_8.csv|crp_dataset_8_1_1.csv,crp_dataset_8_1_4.csv,0.607500433921814,0.6972477064156215,0.5801526717512966,76,33,55,92,0.023046875,0.01496559633027523,0.008081278669724771
MLP,3,0.5,1.0,crp_dataset_8_1_2.csv|crp_dataset_8_1_8.csv|crp_dataset_8_1_1.csv,crp_dataset_8_1_3.csv,0.607500433921814,0.8482142857067123,0.5491329479737045,95,17,78,66,0.0196044921875,0.008314732142857145,0.011289760044642855
MLP,3,0.5,1.0,crp_dataset_8_1_2.csv|crp_dataset_8_1_8.csv|crp_dataset_8_1_1.csv,crp_dataset_8_1_6.csv,0.607500433921814,0.7155963302686642,0.5571428571388776,78,31,62,85,0.026928710937499996,0.01680045871559633,0.010128252221903666
MLP,3,0.5,1.0,crp_dataset_8_1_2.csv|crp_dataset_8_1_8.csv|crp_dataset_8_1_1.csv,crp_dataset_8_1_5.csv,0.607500433921814,0.746835443028521,0.5899999999941,59,20,41,136,0.039282226562499994,0.009810126582278483,0.02947209998022151
MLP,3,0.5,1.0,crp_dataset_8_1_2.csv|crp_dataset_8_1_8.csv|crp_dataset_8_1_6.csv,crp_dataset_8_1_7.csv,0.6084985733032227,0.9161676646651727,0.6954545454513843,153,14,67,22,0.0095703125,0.0049401197604790415,0.004630192739520959
MLP,3,0.5,1.0,crp_dataset_8_1_2.csv|crp_dataset_8_1_8.csv|crp_dataset_8_1_6.csv,crp_dataset_8_1_4.csv,0.6084985733032227,0.7674418604591672,0.7557251908339259,99,30,32,95,0.023046875,0.01201550387596899,0.011031371124031011
MLP,3,0.5,1.0,crp_dataset_8_1_2.csv|crp_dataset_8_1_8.csv|crp_dataset_8_1_6.csv,crp_dataset_8_1_3.csv,0.6084985733032227,0.8195488721742892,0.6300578034645662,109,24,64,59,0.0196044921875,0.0087406015037594,0.0108638906837406
MLP,3,0.5,1.0,crp_dataset_8_1_2.csv|crp_dataset_8_1_8.csv|crp_dataset_8_1_6.csv,crp_dataset_8_1_1.csv,0.6084985733032227,0.6799999999931999,0.5396825396782565,68,32,58,98,0.0252685546875,0.014562499999999999,0.010706054687500001
MLP,3,0.5,1.0,crp_dataset_8_1_2.csv|crp_dataset_8_1_8.csv|crp_dataset_8_1_6.csv,crp_dataset_8_1_5.csv,0.6084985733032227,0.5149253731304857,0.6899999999931,69,65,31,91,0.039282226562499994,0.027985074626865673,0.011297151935634322
MLP,3,0.5,1.0,crp_dataset_8_1_2.csv|crp_dataset_8_1_8.csv|crp_dataset_8_1_5.csv,crp_dataset_8_1_7.csv,0.6031539440155029,0.9145728643170122,0.827272727268967,182,17,38,19,0.0095703125,0.00574748743718593,0.003822825062814071
MLP,3,0.5,1.0,crp_dataset_8_1_2.csv|crp_dataset_8_1_8.csv|crp_dataset_8_1_5.csv,crp_dataset_8_1_4.csv,0.6031539440155029,0.7472527472445356,0.5190839694616864,68,23,63,102,0.023046875,0.013186813186813187,0.009860061813186815
MLP,3,0.5,1.0,crp_dataset_8_1_2.csv|crp_dataset_8_1_8.csv|crp_dataset_8_1_5.csv,crp_dataset_8_1_3.csv,0.6031539440155029,0.827956989238409,0.4450867051997394,77,16,96,67,0.0196044921875,0.011155913978494624,0.008448578209005375
MLP,3,0.5,1.0,crp_dataset_8_1_2.csv|crp_dataset_8_1_8.csv|crp_dataset_8_1_5.csv,crp_dataset_8_1_1.csv,0.6031539440155029,0.8799999999824001,0.34920634920357774,44,6,82,124,0.0252685546875,0.006500000000000001,0.0187685546875
MLP,3,0.5,1.0,crp_dataset_8_1_2.csv|crp_dataset_8_1_8.csv|crp_dataset_8_1_5.csv,crp_dataset_8_1_6.csv,0.6031539440155029,0.6111111111043209,0.39285714285433676,55,35,85,81,0.026928710937499996,0.02375,0.0031787109374999956
MLP,3,0.5,1.0,crp_dataset_8_1_2.csv|crp_dataset_8_1_3.csv|crp_dataset_8_1_1.csv,crp_dataset_8_1_7.csv,0.64319908618927,0.9579831932692606,0.5181818181794628,114,5,106,31,0.0095703125,0.0014180672268907565,0.008152245273109244
MLP,3,0.5,1.0,crp_dataset_8_1_2.csv|crp_dataset_8_1_3.csv|crp_dataset_8_1_1.csv,crp_dataset_8_1_4.csv,0.64319908618927,0.8282828282744618,0.6259541984685042,82,17,49,108,0.023046875,0.007070707070707071,0.01597616792929293
MLP,3,0.5,1.0,crp_dataset_8_1_2.csv|crp_dataset_8_1_3.csv|crp_dataset_8_1_1.csv,crp_dataset_8_1_8.csv,0.64319908618927,0.6133333333251555,0.3333333333309179,46,29,92,89,0.0283203125,0.020999999999999998,0.007320312500000002
MLP,3,0.5,1.0,crp_dataset_8_1_2.csv|crp_dataset_8_1_3.csv|crp_dataset_8_1_1.csv,crp_dataset_8_1_6.csv,0.64319908618927,0.8266666666556444,0.44285714285397965,62,13,78,103,0.026928710937499996,0.010666666666666668,0.016262044270833328
MLP,3,0.5,1.0,crp_dataset_8_1_2.csv|crp_dataset_8_1_3.csv|crp_dataset_8_1_1.csv,crp_dataset_8_1_5.csv,0.64319908618927,0.6702127659503169,0.6299999999936999,63,31,37,125,0.039282226562499994,0.018351063829787233,0.02093116273271276
MLP,3,0.5,1.0,crp_dataset_8_1_2.csv|crp_dataset_8_1_3.csv|crp_dataset_8_1_6.csv,crp_dataset_8_1_7.csv,0.6202014684677124,0.9459459459374239,0.47727272727055786,105,6,115,30,0.0095703125,0.0022522522522522522,0.007318060247747749
MLP,3,0.5,1.0,crp_dataset_8_1_2.csv|crp_dataset_8_1_3.csv|crp_dataset_8_1_6.csv,crp_dataset_8_1_4.csv,0.6202014684677124,0.7777777777711301,0.6946564885443156,91,26,40,99,0.023046875,0.009348290598290598,0.013698584401709403
MLP,3,0.5,1.0,crp_dataset_8_1_2.csv|crp_dataset_8_1_3.csv|crp_dataset_8_1_6.csv,crp_dataset_8_1_8.csv,0.6202014684677124,0.5567010309220959,0.39130434782325146,54,43,84,75,0.0283203125,0.026159793814432994,0.002160518685567006
MLP,3,0.5,1.0,crp_dataset_8_1_2.csv|crp_dataset_8_1_3.csv|crp_dataset_8_1_6.csv,crp_dataset_8_1_1.csv,0.6202014684677124,0.756097560966389,0.49206349205958677,62,20,64,110,0.0252685546875,0.009451219512195122,0.015817335175304877
MLP,3,0.5,1.0,crp_dataset_8_1_2.csv|crp_dataset_8_1_3.csv|crp_dataset_8_1_6.csv,crp_dataset_8_1_5.csv,0.6202014684677124,0.5840707964550083,0.6599999999934,66,47,34,109,0.039282226562499994,0.02273230088495575,0.016549925677544243
MLP,3,0.5,1.0,crp_dataset_8_1_2.csv|crp_dataset_8_1_3.csv|crp_dataset_8_1_5.csv,crp_dataset_8_1_7.csv,0.6901217699050903,0.9177489177449448,0.9636363636319836,212,19,8,17,0.0095703125,0.00413961038961039,0.005430702110389611
MLP,3,0.5,1.0,crp_dataset_8_1_2.csv|crp_dataset_8_1_3.csv|crp_dataset_8_1_5.csv,crp_dataset_8_1_4.csv,0.6901217699050903,0.8333333333263888,0.7633587786201271,100,20,31,105,0.023046875,0.0064062500000000005,0.016640625
MLP,3,0.5,1.0,crp_dataset_8_1_2.csv|crp_dataset_8_1_3.csv|crp_dataset_8_1_5.csv,crp_dataset_8_1_8.csv,0.6901217699050903,0.7439024390153183,0.4420289855040433,61,21,77,97,0.0283203125,0.010518292682926832,0.01780201981707317
MLP,3,0.5,1.0,crp_dataset_8_1_2.csv|crp_dataset_8_1_3.csv|crp_dataset_8_1_5.csv,crp_dataset_8_1_1.csv,0.6901217699050903,0.8405797101327451,0.460317460313807,58,11,68,119,0.0252685546875,0.005344202898550725,0.019924351788949274
MLP,3,0.5,1.0,crp_dataset_8_1_2.csv|crp_dataset_8_1_3.csv|crp_dataset_8_1_5.csv,crp_dataset_8_1_6.csv,0.6901217699050903,0.778846153838665,0.5785714285672959,81,23,59,93,0.026928710937499996,0.014002403846153847,0.012926307091346149
MLP,3,0.5,1.0,crp_dataset_8_1_2.csv|crp_dataset_8_1_1.csv|crp_dataset_8_1_6.csv,crp_dataset_8_1_7.csv,0.6130002737045288,0.9139072847621597,0.627272727269876,138,13,82,23,0.0095703125,0.004263245033112583,0.005307067466887418
MLP,3,0.5,1.0,crp_dataset_8_1_2.csv|crp_dataset_8_1_1.csv|crp_dataset_8_1_6.csv,crp_dataset_8_1_4.csv,0.6130002737045288,0.7890624999938355,0.7709923664063284,101,27,30,98,0.023046875,0.00791015625,0.015136718750000002
MLP,3,0.5,1.0,crp_dataset_8_1_2.csv|crp_dataset_8_1_1.csv|crp_dataset_8_1_6.csv,crp_dataset_8_1_8.csv,0.6130002737045288,0.5978260869500236,0.39855072463479313,55,37,83,81,0.0283203125,0.026426630434782612,0.0018936820652173877
MLP,3,0.5,1.0,crp_dataset_8_1_2.csv|crp_dataset_8_1_1.csv|crp_dataset_8_1_6.csv,crp_dataset_8_1_3.csv,0.6130002737045288,0.8434782608622305,0.5606936416152561,97,18,76,65,0.0196044921875,0.00923913043478261,0.01036536175271739
MLP,3,0.5,1.0,crp_dataset_8_1_2.csv|crp_dataset_8_1_1.csv|crp_dataset_8_1_6.csv,crp_dataset_8_1_5.csv,0.6130002737045288,0.591999999995264,0.7399999999926,74,51,26,105,0.039282226562499994,0.02635,0.012932226562499996
MLP,3,0.5,1.0,crp_dataset_8_1_2.csv|crp_dataset_8_1_1.csv|crp_dataset_8_1_5.csv,crp_dataset_8_1_7.csv,0.606909990310669,0.9285714285663266,0.7681818181783265,169,13,51,23,0.0095703125,0.004532967032967033,0.005037345467032967
MLP,3,0.5,1.0,crp_dataset_8_1_2.csv|crp_dataset_8_1_1.csv|crp_dataset_8_1_5.csv,crp_dataset_8_1_4.csv,0.606909990310669,0.9054054053931702,0.5114503816754852,67,7,64,118,0.023046875,0.005236486486486487,0.017810388513513513
MLP,3,0.5,1.0,crp_dataset_8_1_2.csv|crp_dataset_8_1_1.csv|crp_dataset_8_1_5.csv,crp_dataset_8_1_8.csv,0.606909990310669,0.775510204065806,0.27536231883858436,38,11,100,107,0.0283203125,0.0068877551020408165,0.021432557397959184
MLP,3,0.5,1.0,crp_dataset_8_1_2.csv|crp_dataset_8_1_1.csv|crp_dataset_8_1_5.csv,crp_dataset_8_1_3.csv,0.606909990310669,0.8444444444350617,0.4393063583789636,76,14,97,69,0.0196044921875,0.009166666666666667,0.010437825520833333
MLP,3,0.5,1.0,crp_dataset_8_1_2.csv|crp_dataset_8_1_1.csv|crp_dataset_8_1_5.csv,crp_dataset_8_1_6.csv,0.606909990310669,0.73417721518058,0.4142857142827551,58,21,82,95,0.026928710937499996,0.015506329113924052,0.011422381823575944
MLP,3,0.5,1.0,crp_dataset_8_1_2.csv|crp_dataset_8_1_6.csv|crp_dataset_8_1_5.csv,crp_dataset_8_1_7.csv,0.6018156409263611,0.952380952371882,0.45454545454338846,100,5,120,31,0.0095703125,0.0014285714285714286,0.008141741071428572
MLP,3,0.5,1.0,crp_dataset_8_1_2.csv|crp_dataset_8_1_6.csv|crp_dataset_8_1_5.csv,crp_dataset_8_1_4.csv,0.6018156409263611,0.8783783783665083,0.4961832061030826,65,9,66,116,0.023046875,0.003885135135135136,0.019161739864864864
MLP,3,0.5,1.0,crp_dataset_8_1_2.csv|crp_dataset_8_1_6.csv|crp_dataset_8_1_5.csv,crp_dataset_8_1_8.csv,0.6018156409263611,0.6363636363491736,0.20289855072316743,28,16,110,102,0.0283203125,0.018750000000000003,0.009570312499999997
MLP,3,0.5,1.0,crp_dataset_8_1_2.csv|crp_dataset_8_1_6.csv|crp_dataset_8_1_5.csv,crp_dataset_8_1_3.csv,0.6018156409263611,0.8928571428465135,0.43352601155818776,75,9,98,74,0.0196044921875,0.005133928571428571,0.014470563616071429
MLP,3,0.5,1.0,crp_dataset_8_1_2.csv|crp_dataset_8_1_6.csv|crp_dataset_8_1_5.csv,crp_dataset_8_1_1.csv,0.6018156409263611,0.8799999999824001,0.34920634920357774,44,6,82,124,0.0252685546875,0.003875,0.0213935546875
MLP,3,0.5,1.0,crp_dataset_8_1_7.csv|crp_dataset_8_1_4.csv|crp_dataset_8_1_8.csv,crp_dataset_8_1_2.csv,0.7745974063873291,0.7702702702598612,0.4789915966346303,57,17,62,120,0.039453125,0.01106418918918919,0.028388935810810808
MLP,3,0.5,1.0,crp_dataset_8_1_7.csv|crp_dataset_8_1_4.csv|crp_dataset_8_1_8.csv,crp_dataset_8_1_3.csv,0.7745974063873291,0.9156626505913775,0.4393063583789636,76,7,97,76,0.0196044921875,0.004518072289156626,0.015086419898343372
MLP,3,0.5,1.0,crp_dataset_8_1_7.csv|crp_dataset_8_1_4.csv|crp_dataset_8_1_8.csv,crp_dataset_8_1_1.csv,0.7745974063873291,0.9285714285493198,0.309523809521353,39,3,87,127,0.0252685546875,0.002232142857142857,0.023036411830357144
MLP,3,0.5,1.0,crp_dataset_8_1_7.csv|crp_dataset_8_1_4.csv|crp_dataset_8_1_8.csv,crp_dataset_8_1_6.csv,0.7745974063873291,0.9130434782410208,0.29999999999785715,42,4,98,112,0.026928710937499996,0.005570652173913043,0.021358058763586953
MLP,3,0.5,1.0,crp_dataset_8_1_7.csv|crp_dataset_8_1_4.csv|crp_dataset_8_1_8.csv,crp_dataset_8_1_5.csv,0.7745974063873291,0.8412698412564878,0.5299999999946999,53,10,47,146,0.039282226562499994,0.004861111111111111,0.03442111545138889
MLP,3,0.5,1.0,crp_dataset_8_1_7.csv|crp_dataset_8_1_4.csv|crp_dataset_8_1_3.csv,crp_dataset_8_1_2.csv,0.6446663737297058,0.5733333333295112,0.7226890756241791,86,64,33,73,0.039453125,0.030874999999999996,0.008578125000000002
MLP,3,0.5,1.0,crp_dataset_8_1_7.csv|crp_dataset_8_1_4.csv|crp_dataset_8_1_3.csv,crp_dataset_8_1_8.csv,0.6446663737297058,0.5620915032643001,0.6231884057925856,86,67,52,51,0.0283203125,0.02683823529411765,0.0014820772058823511
MLP,3,0.5,1.0,crp_dataset_8_1_7.csv|crp_dataset_8_1_4.csv|crp_dataset_8_1_3.csv,crp_dataset_8_1_1.csv,0.6446663737297058,0.6171874999951783,0.6269841269791508,79,49,47,81,0.0252685546875,0.018212890625000002,0.007055664062499998
MLP,3,0.5,1.0,crp_dataset_8_1_7.csv|crp_dataset_8_1_4.csv|crp_dataset_8_1_3.csv,crp_dataset_8_1_6.csv,0.6446663737297058,0.6737588652434485,0.6785714285665817,95,46,45,70,0.026928710937499996,0.0199468085106383,0.006981902426861697
MLP,3,0.5,1.0,crp_dataset_8_1_7.csv|crp_dataset_8_1_4.csv|crp_dataset_8_1_3.csv,crp_dataset_8_1_5.csv,0.6446663737297058,0.47530864197237466,0.7699999999923,77,85,23,71,0.039282226562499994,0.029745370370370366,0.009536856192129628
MLP,3,0.5,1.0,crp_dataset_8_1_7.csv|crp_dataset_8_1_4.csv|crp_dataset_8_1_1.csv,crp_dataset_8_1_2.csv,0.6977084279060364,0.7128712871216547,0.6050420168016383,72,29,47,108,0.039453125,0.014170792079207925,0.025282332920792072
MLP,3,0.5,1.0,crp_dataset_8_1_7.csv|crp_dataset_8_1_4.csv|crp_dataset_8_1_1.csv,crp_dataset_8_1_8.csv,0.6977084279060364,0.6829268292599643,0.40579710144633485,56,26,82,92,0.0283203125,0.013185975609756099,0.015134336890243901
MLP,3,0.5,1.0,crp_dataset_8_1_7.csv|crp_dataset_8_1_4.csv|crp_dataset_8_1_1.csv,crp_dataset_8_1_3.csv,0.6977084279060364,0.8849557522045579,0.5780346820775837,100,13,73,70,0.0196044921875,0.006028761061946903,0.013575731125553096
MLP,3,0.5,1.0,crp_dataset_8_1_7.csv|crp_dataset_8_1_4.csv|crp_dataset_8_1_1.csv,crp_dataset_8_1_6.csv,0.6977084279060364,0.8518518518413352,0.4928571428536225,69,12,71,104,0.026928710937499996,0.009027777777777777,0.01790093315972222
MLP,3,0.5,1.0,crp_dataset_8_1_7.csv|crp_dataset_8_1_4.csv|crp_dataset_8_1_1.csv,crp_dataset_8_1_5.csv,0.6977084279060364,0.7254901960713187,0.7399999999926,74,28,26,128,0.039282226562499994,0.015073529411764706,0.024208697150735287
MLP,3,0.5,1.0,crp_dataset_8_1_7.csv|crp_dataset_8_1_4.csv|crp_dataset_8_1_6.csv,crp_dataset_8_1_2.csv,0.6509411334991455,0.740740740733882,0.6722689075573759,80,28,39,109,0.039453125,0.01076388888888889,0.028689236111111106
MLP,3,0.5,1.0,crp_dataset_8_1_7.csv|crp_dataset_8_1_4.csv|crp_dataset_8_1_6.csv,crp_dataset_8_1_8.csv,0.6509411334991455,0.6526315789404986,0.449275362315585,62,33,76,85,0.0283203125,0.02223684210526316,0.006083470394736841
MLP,3,0.5,1.0,crp_dataset_8_1_7.csv|crp_dataset_8_1_4.csv|crp_dataset_8_1_6.csv,crp_dataset_8_1_3.csv,0.6509411334991455,0.8951612903153616,0.6416184971061178,111,13,62,70,0.0196044921875,0.0036290322580645163,0.015975459929435484
MLP,3,0.5,1.0,crp_dataset_8_1_7.csv|crp_dataset_8_1_4.csv|crp_dataset_8_1_6.csv,crp_dataset_8_1_1.csv,0.6509411334991455,0.8260869565097668,0.45238095237736203,57,12,69,118,0.0252685546875,0.00661231884057971,0.01865623584692029
MLP,3,0.5,1.0,crp_dataset_8_1_7.csv|crp_dataset_8_1_4.csv|crp_dataset_8_1_6.csv,crp_dataset_8_1_5.csv,0.6509411334991455,0.6576576576517328,0.7299999999926999,73,38,27,118,0.039282226562499994,0.01706081081081081,0.022221415751689184
MLP,3,0.5,1.0,crp_dataset_8_1_7.csv|crp_dataset_8_1_4.csv|crp_dataset_8_1_5.csv,crp_dataset_8_1_2.csv,0.6002116203308105,0.7701149425198837,0.5630252100793023,67,20,52,117,0.039453125,0.009267241379310344,0.030185883620689656
MLP,3,0.5,1.0,crp_dataset_8_1_7.csv|crp_dataset_8_1_4.csv|crp_dataset_8_1_5.csv,crp_dataset_8_1_8.csv,0.6002116203308105,0.7058823529307958,0.3478260869540013,48,20,90,98,0.0283203125,0.015441176470588236,0.012879136029411764
MLP,3,0.5,1.0,crp_dataset_8_1_7.csv|crp_dataset_8_1_4.csv|crp_dataset_8_1_5.csv,crp_dataset_8_1_3.csv,0.6002116203308105,0.922330097078424,0.5491329479737045,95,8,78,75,0.0196044921875,0.003216019417475728,0.01638847277002427
MLP,3,0.5,1.0,crp_dataset_8_1_7.csv|crp_dataset_8_1_4.csv|crp_dataset_8_1_5.csv,crp_dataset_8_1_1.csv,0.6002116203308105,0.852459016379468,0.4126984126951373,52,9,74,121,0.0252685546875,0.005225409836065573,0.02004314485143443
MLP,3,0.5,1.0,crp_dataset_8_1_7.csv|crp_dataset_8_1_4.csv|crp_dataset_8_1_5.csv,crp_dataset_8_1_6.csv,0.6002116203308105,0.8314606741479611,0.5285714285676532,74,15,66,101,0.026928710937499996,0.008988764044943821,0.017939946892556173
MLP,3,0.5,1.0,crp_dataset_8_1_7.csv|crp_dataset_8_1_8.csv|crp_dataset_8_1_3.csv,crp_dataset_8_1_2.csv,0.6067206263542175,0.5892857142822067,0.8319327731022527,99,69,20,68,0.039453125,0.029129464285714286,0.010323660714285712
MLP,3,0.5,1.0,crp_dataset_8_1_7.csv|crp_dataset_8_1_8.csv|crp_dataset_8_1_3.csv,crp_dataset_8_1_4.csv,0.6067206263542175,0.6441717791371524,0.8015267175511335,105,58,26,67,0.023046875,0.017484662576687113,0.005562212423312889
MLP,3,0.5,1.0,crp_dataset_8_1_7.csv|crp_dataset_8_1_8.csv|crp_dataset_8_1_3.csv,crp_dataset_8_1_1.csv,0.6067206263542175,0.7067669172879191,0.7460317460258251,94,39,32,91,0.0252685546875,0.015037593984962405,0.010230960702537595
MLP,3,0.5,1.0,crp_dataset_8_1_7.csv|crp_dataset_8_1_8.csv|crp_dataset_8_1_3.csv,crp_dataset_8_1_6.csv,0.6067206263542175,0.6213017751442527,0.749999999994643,105,64,35,52,0.026928710937499996,0.02522189349112426,0.0017068174463757343
MLP,3,0.5,1.0,crp_dataset_8_1_7.csv|crp_dataset_8_1_8.csv|crp_dataset_8_1_3.csv,crp_dataset_8_1_5.csv,0.6067206263542175,0.6201550387548825,0.799999999992,80,49,20,107,0.039282226562499994,0.018556201550387598,0.020726025012112397
MLP,3,0.5,1.0,crp_dataset_8_1_7.csv|crp_dataset_8_1_8.csv|crp_dataset_8_1_1.csv,crp_dataset_8_1_2.csv,0.6105949878692627,0.5925925925882031,0.6722689075573759,80,55,39,82,0.039453125,0.03143518518518519,0.008017939814814808
MLP,3,0.5,1.0,crp_dataset_8_1_7.csv|crp_dataset_8_1_8.csv|crp_dataset_8_1_1.csv,crp_dataset_8_1_4.csv,0.6105949878692627,0.630136986297054,0.7022900763305169,92,54,39,71,0.023046875,0.018621575342465755,0.004425299657534246
MLP,3,0.5,1.0,crp_dataset_8_1_7.csv|crp_dataset_8_1_8.csv|crp_dataset_8_1_1.csv,crp_dataset_8_1_3.csv,0.6105949878692627,0.8227848101213748,0.7514450867008587,130,28,43,55,0.0196044921875,0.010601265822784811,0.009003226364715188
MLP,3,0.5,1.0,crp_dataset_8_1_7.csv|crp_dataset_8_1_8.csv|crp_dataset_8_1_1.csv,crp_dataset_8_1_6.csv,0.6105949878692627,0.5977011494218524,0.7428571428518368,104,70,36,46,0.026928710937499996,0.025251436781609193,0.0016772741558908032
MLP,3,0.5,1.0,crp_dataset_8_1_7.csv|crp_dataset_8_1_8.csv|crp_dataset_8_1_1.csv,crp_dataset_8_1_5.csv,0.6105949878692627,0.799999999991111,0.7199999999928,72,18,28,138,0.039282226562499994,0.005902777777777778,0.03337944878472222
MLP,3,0.5,1.0,crp_dataset_8_1_7.csv|crp_dataset_8_1_8.csv|crp_dataset_8_1_6.csv,crp_dataset_8_1_2.csv,0.6582198739051819,0.7181818181752893,0.6638655462129087,79,31,40,106,0.039453125,0.01426136363636364,0.025191761363636357
MLP,3,0.5,1.0,crp_dataset_8_1_7.csv|crp_dataset_8_1_8.csv|crp_dataset_8_1_6.csv,crp_dataset_8_1_4.csv,0.6582198739051819,0.8196721311408224,0.7633587786201271,100,22,31,103,0.023046875,0.008965163934426229,0.014081711065573772
MLP,3,0.5,1.0,crp_dataset_8_1_7.csv|crp_dataset_8_1_8.csv|crp_dataset_8_1_6.csv,crp_dataset_8_1_3.csv,0.6582198739051819,0.8571428571360544,0.6242774566437903,108,18,65,65,0.0196044921875,0.007390873015873016,0.012213619171626984
MLP,3,0.5,1.0,crp_dataset_8_1_7.csv|crp_dataset_8_1_8.csv|crp_dataset_8_1_6.csv,crp_dataset_8_1_1.csv,0.6582198739051819,0.7710843373401074,0.5079365079324767,64,19,62,111,0.0252685546875,0.008810240963855421,0.016458313723644577
MLP,3,0.5,1.0,crp_dataset_8_1_7.csv|crp_dataset_8_1_8.csv|crp_dataset_8_1_6.csv,crp_dataset_8_1_5.csv,0.6582198739051819,0.6324786324732267,0.7399999999926,74,43,26,113,0.039282226562499994,0.01864316239316239,0.020639064169337605
MLP,3,0.5,1.0,crp_dataset_8_1_7.csv|crp_dataset_8_1_8.csv|crp_dataset_8_1_5.csv,crp_dataset_8_1_2.csv,0.6093466877937317,0.5634920634875913,0.5966386554571711,71,55,48,82,0.039453125,0.032440476190476186,0.007012648809523812
MLP,3,0.5,1.0,crp_dataset_8_1_7.csv|crp_dataset_8_1_8.csv|crp_dataset_8_1_5.csv,crp_dataset_8_1_4.csv,0.6093466877937317,0.4999999999951923,0.3969465648824661,52,52,79,73,0.023046875,0.025060096153846155,-0.0020132211538461536
MLP,3,0.5,1.0,crp_dataset_8_1_7.csv|crp_dataset_8_1_8.csv|crp_dataset_8_1_5.csv,crp_dataset_8_1_3.csv,0.6093466877937317,0.7518796992424671,0.5780346820775837,100,33,73,50,0.0196044921875,0.016259398496240602,0.0033450936912593973
MLP,3,0.5,1.0,crp_dataset_8_1_7.csv|crp_dataset_8_1_8.csv|crp_dataset_8_1_5.csv,crp_dataset_8_1_1.csv,0.6093466877937317,0.7777777777681756,0.49999999999603173,63,18,63,112,0.0252685546875,0.014814814814814814,0.010453739872685186
MLP,3,0.5,1.0,crp_dataset_8_1_7.csv|crp_dataset_8_1_8.csv|crp_dataset_8_1_5.csv,crp_dataset_8_1_6.csv,0.6093466877937317,0.4765624999962769,0.4357142857111735,61,67,79,49,0.026928710937499996,0.032763671875000004,-0.005834960937500008
MLP,3,0.5,1.0,crp_dataset_8_1_7.csv|crp_dataset_8_1_3.csv|crp_dataset_8_1_1.csv,crp_dataset_8_1_2.csv,0.6019532084465027,0.5857988165645811,0.8319327731022527,99,70,20,67,0.039453125,0.02858727810650888,0.01086584689349112
MLP,3,0.5,1.0,crp_dataset_8_1_7.csv|crp_dataset_8_1_3.csv|crp_dataset_8_1_1.csv,crp_dataset_8_1_4.csv,0.6019532084465027,0.6646706586786547,0.8473282442683411,111,56,20,69,0.023046875,0.015606287425149702,0.0074405875748502995
MLP,3,0.5,1.0,crp_dataset_8_1_7.csv|crp_dataset_8_1_3.csv|crp_dataset_8_1_1.csv,crp_dataset_8_1_8.csv,0.6019532084465027,0.6666666666613756,0.6086956521695023,84,42,54,76,0.0283203125,0.01785714285714286,0.01046316964285714
MLP,3,0.5,1.0,crp_dataset_8_1_7.csv|crp_dataset_8_1_3.csv|crp_dataset_8_1_1.csv,crp_dataset_8_1_6.csv,0.6019532084465027,0.6728395061686863,0.7785714285658674,109,53,31,63,0.026928710937499996,0.019560185185185187,0.0073685257523148084
MLP,3,0.5,1.0,crp_dataset_8_1_7.csv|crp_dataset_8_1_3.csv|crp_dataset_8_1_1.csv,crp_dataset_8_1_5.csv,0.6019532084465027,0.6090225563863984,0.8099999999919,81,52,19,104,0.039282226562499994,0.018045112781954885,0.02123711378054511
MLP,3,0.5,1.0,crp_dataset_8_1_7.csv|crp_dataset_8_1_3.csv|crp_dataset_8_1_6.csv,crp_dataset_8_1_2.csv,0.7335434556007385,0.705882352934256,0.6050420168016383,72,30,47,107,0.039453125,0.013725490196078435,0.025727634803921564
MLP,3,0.5,1.0,crp_dataset_8_1_7.csv|crp_dataset_8_1_3.csv|crp_dataset_8_1_6.csv,crp_dataset_8_1_4.csv,0.7335434556007385,0.8596491227994767,0.7480916030477246,98,16,33,109,0.023046875,0.005701754385964913,0.01734512061403509
MLP,3,0.5,1.0,crp_dataset_8_1_7.csv|crp_dataset_8_1_3.csv|crp_dataset_8_1_6.csv,crp_dataset_8_1_8.csv,0.7335434556007385,0.6962025316367569,0.39855072463479313,55,24,83,94,0.0283203125,0.01542721518987342,0.01289309731012658
MLP,3,0.5,1.0,crp_dataset_8_1_7.csv|crp_dataset_8_1_3.csv|crp_dataset_8_1_6.csv,crp_dataset_8_1_1.csv,0.7335434556007385,0.7866666666561778,0.46825396825025195,59,16,67,114,0.0252685546875,0.009000000000000001,0.0162685546875
MLP,3,0.5,1.0,crp_dataset_8_1_7.csv|crp_dataset_8_1_3.csv|crp_dataset_8_1_6.csv,crp_dataset_8_1_5.csv,0.7335434556007385,0.7029702970227428,0.7099999999929,71,30,29,126,0.039282226562499994,0.014542079207920793,0.024740147354579203
MLP,3,0.5,1.0,crp_dataset_8_1_7.csv|crp_dataset_8_1_3.csv|crp_dataset_8_1_5.csv,crp_dataset_8_1_2.csv,0.6150767207145691,0.7865168539237469,0.5882352941127039,70,19,49,118,0.039453125,0.007584269662921349,0.03186885533707865
MLP,3,0.5,1.0,crp_dataset_8_1_7.csv|crp_dataset_8_1_3.csv|crp_dataset_8_1_5.csv,crp_dataset_8_1_4.csv,0.6150767207145691,0.8392857142782206,0.7175572519029194,94,18,37,107,0.023046875,0.005803571428571429,0.017243303571428573
MLP,3,0.5,1.0,crp_dataset_8_1_7.csv|crp_dataset_8_1_3.csv|crp_dataset_8_1_5.csv,crp_dataset_8_1_8.csv,0.6150767207145691,0.7283950617194025,0.4275362318809599,59,22,79,96,0.0283203125,0.008719135802469136,0.019601176697530864
MLP,3,0.5,1.0,crp_dataset_8_1_7.csv|crp_dataset_8_1_3.csv|crp_dataset_8_1_5.csv,crp_dataset_8_1_1.csv,0.6150767207145691,0.8636363636232782,0.45238095237736203,57,9,69,121,0.0252685546875,0.005776515151515151,0.01949203953598485
MLP,3,0.5,1.0,crp_dataset_8_1_7.csv|crp_dataset_8_1_3.csv|crp_dataset_8_1_5.csv,crp_dataset_8_1_6.csv,0.6150767207145691,0.7477477477410113,0.5928571428529082,83,28,57,88,0.026928710937499996,0.013513513513513514,0.013415197423986482
MLP,3,0.5,1.0,crp_dataset_8_1_7.csv|crp_dataset_8_1_1.csv|crp_dataset_8_1_6.csv,crp_dataset_8_1_2.csv,0.6263117790222168,0.7391304347761815,0.7142857142797119,85,30,34,107,0.039453125,0.013695652173913045,0.025757472826086952
MLP,3,0.5,1.0,crp_dataset_8_1_7.csv|crp_dataset_8_1_1.csv|crp_dataset_8_1_6.csv,crp_dataset_8_1_4.csv,0.6263117790222168,0.7999999999940741,0.8244274809097373,108,27,23,98,0.023046875,0.009027777777777777,0.014019097222222224
MLP,3,0.5,1.0,crp_dataset_8_1_7.csv|crp_dataset_8_1_1.csv|crp_dataset_8_1_6.csv,crp_dataset_8_1_8.csv,0.6263117790222168,0.6346153846092826,0.4782608695617518,66,38,72,80,0.0283203125,0.02451923076923077,0.003801081730769231
MLP,3,0.5,1.0,crp_dataset_8_1_7.csv|crp_dataset_8_1_1.csv|crp_dataset_8_1_6.csv,crp_dataset_8_1_3.csv,0.6263117790222168,0.8484848484784207,0.6473988439268937,112,20,61,63,0.0196044921875,0.008143939393939394,0.011460552793560605
MLP,3,0.5,1.0,crp_dataset_8_1_7.csv|crp_dataset_8_1_1.csv|crp_dataset_8_1_6.csv,crp_dataset_8_1_5.csv,0.6263117790222168,0.6551724137874554,0.7599999999924,76,40,24,116,0.039282226562499994,0.01853448275862069,0.020747743803879306
MLP,3,0.5,1.0,crp_dataset_8_1_7.csv|crp_dataset_8_1_1.csv|crp_dataset_8_1_5.csv,crp_dataset_8_1_2.csv,0.6259535551071167,0.6517857142798947,0.6134453781461054,73,39,46,98,0.039453125,0.025334821428571432,0.014118303571428566
MLP,3,0.5,1.0,crp_dataset_8_1_7.csv|crp_dataset_8_1_1.csv|crp_dataset_8_1_5.csv,crp_dataset_8_1_4.csv,0.6259535551071167,0.6551724137874554,0.5801526717512966,76,40,55,85,0.023046875,0.017510775862068964,0.005536099137931037
MLP,3,0.5,1.0,crp_dataset_8_1_7.csv|crp_dataset_8_1_1.csv|crp_dataset_8_1_5.csv,crp_dataset_8_1_8.csv,0.6259535551071167,0.8219178082079189,0.4347826086925016,60,13,78,105,0.0283203125,0.007191780821917808,0.021128531678082194
MLP,3,0.5,1.0,crp_dataset_8_1_7.csv|crp_dataset_8_1_1.csv|crp_dataset_8_1_5.csv,crp_dataset_8_1_3.csv,0.6259535551071167,0.7851851851793691,0.6127167630022387,106,29,67,54,0.0196044921875,0.012129629629629629,0.00747486255787037
MLP,3,0.5,1.0,crp_dataset_8_1_7.csv|crp_dataset_8_1_1.csv|crp_dataset_8_1_5.csv,crp_dataset_8_1_6.csv,0.6259535551071167,0.6287878787831153,0.5928571428529082,83,49,57,67,0.026928710937499996,0.022159090909090906,0.00476962002840909
MLP,3,0.5,1.0,crp_dataset_8_1_7.csv|crp_dataset_8_1_6.csv|crp_dataset_8_1_5.csv,crp_dataset_8_1_2.csv,0.6160939931869507,0.7264150943327696,0.6470588235239743,77,29,42,108,0.039453125,0.014976415094339626,0.024476709905660372
MLP,3,0.5,1.0,crp_dataset_8_1_7.csv|crp_dataset_8_1_6.csv|crp_dataset_8_1_5.csv,crp_dataset_8_1_4.csv,0.6160939931869507,0.816793893123536,0.816793893123536,107,24,24,101,0.023046875,0.008158396946564886,0.014888478053435116
MLP,3,0.5,1.0,crp_dataset_8_1_7.csv|crp_dataset_8_1_6.csv|crp_dataset_8_1_5.csv,crp_dataset_8_1_8.csv,0.6160939931869507,0.7111111111032099,0.4637681159386684,64,26,74,92,0.0283203125,0.013125000000000001,0.015195312499999999
MLP,3,0.5,1.0,crp_dataset_8_1_7.csv|crp_dataset_8_1_6.csv|crp_dataset_8_1_5.csv,crp_dataset_8_1_3.csv,0.6160939931869507,0.8749999999931641,0.6473988439268937,112,16,61,67,0.0196044921875,0.005566406249999999,0.0140380859375
MLP,3,0.5,1.0,crp_dataset_8_1_7.csv|crp_dataset_8_1_6.csv|crp_dataset_8_1_5.csv,crp_dataset_8_1_1.csv,0.6160939931869507,0.753086419743789,0.4841269841231418,61,20,65,110,0.0252685546875,0.010108024691358027,0.015160529996141973
MLP,3,0.5,1.0,crp_dataset_8_1_4.csv|crp_dataset_8_1_8.csv|crp_dataset_8_1_3.csv,crp_dataset_8_1_2.csv,0.6192741394042969,0.6914893616947714,0.5462184873903679,65,29,54,108,0.039453125,0.01908244680851064,0.02037067819148936
MLP,3,0.5,1.0,crp_dataset_8_1_4.csv|crp_dataset_8_1_8.csv|crp_dataset_8_1_3.csv,crp_dataset_8_1_7.csv,0.6192741394042969,0.9269662921296239,0.749999999996591,165,13,55,23,0.0095703125,0.0034410112359550566,0.006129301264044944
MLP,3,0.5,1.0,crp_dataset_8_1_4.csv|crp_dataset_8_1_8.csv|crp_dataset_8_1_3.csv,crp_dataset_8_1_1.csv,0.6192741394042969,0.8124999999873046,0.4126984126951373,52,12,74,118,0.0252685546875,0.006542968749999999,0.0187255859375
MLP,3,0.5,1.0,crp_dataset_8_1_4.csv|crp_dataset_8_1_8.csv|crp_dataset_8_1_3.csv,crp_dataset_8_1_6.csv,0.6192741394042969,0.8205128205023011,0.45714285713959185,64,14,76,102,0.026928710937499996,0.009935897435897435,0.01699281350160256
MLP,3,0.5,1.0,crp_dataset_8_1_4.csv|crp_dataset_8_1_8.csv|crp_dataset_8_1_3.csv,crp_dataset_8_1_5.csv,0.6192741394042969,0.6395348837134938,0.5499999999945,55,31,45,125,0.039282226562499994,0.019186046511627905,0.02009618005087209
MLP,3,0.5,1.0,crp_dataset_8_1_4.csv|crp_dataset_8_1_8.csv|crp_dataset_8_1_1.csv,crp_dataset_8_1_2.csv,0.6049985885620117,0.6902654867195551,0.6554621848684414,78,35,41,102,0.039453125,0.017809734513274337,0.02164339048672566
MLP,3,0.5,1.0,crp_dataset_8_1_4.csv|crp_dataset_8_1_8.csv|crp_dataset_8_1_1.csv,crp_dataset_8_1_7.csv,0.6049985885620117,0.9107142857102201,0.9272727272685124,204,20,16,16,0.0095703125,0.005496651785714286,0.0040736607142857146
MLP,3,0.5,1.0,crp_dataset_8_1_4.csv|crp_dataset_8_1_8.csv|crp_dataset_8_1_1.csv,crp_dataset_8_1_3.csv,0.6049985885620117,0.8389830508403475,0.5722543352568078,99,19,74,64,0.0196044921875,0.00948093220338983,0.010123559984110169
MLP,3,0.5,1.0,crp_dataset_8_1_4.csv|crp_dataset_8_1_8.csv|crp_dataset_8_1_1.csv,crp_dataset_8_1_6.csv,0.6049985885620117,0.7943925233570617,0.6071428571385205,85,22,55,94,0.026928710937499996,0.012792056074766354,0.014136654862733642
MLP,3,0.5,1.0,crp_dataset_8_1_4.csv|crp_dataset_8_1_8.csv|crp_dataset_8_1_1.csv,crp_dataset_8_1_5.csv,0.6049985885620117,0.7764705882261591,0.6599999999934,66,19,34,137,0.039282226562499994,0.009044117647058824,0.03023810891544117
MLP,3,0.5,1.0,crp_dataset_8_1_4.csv|crp_dataset_8_1_8.csv|crp_dataset_8_1_6.csv,crp_dataset_8_1_2.csv,0.6512789130210876,0.8048780487706721,0.5546218487348351,66,16,53,121,0.039453125,0.008079268292682927,0.03137385670731707
MLP,3,0.5,1.0,crp_dataset_8_1_4.csv|crp_dataset_8_1_8.csv|crp_dataset_8_1_6.csv,crp_dataset_8_1_7.csv,0.6512789130210876,0.9249999999942188,0.672727272724215,148,12,72,24,0.0095703125,0.0040625,0.0055078125000000006
MLP,3,0.5,1.0,crp_dataset_8_1_4.csv|crp_dataset_8_1_8.csv|crp_dataset_8_1_6.csv,crp_dataset_8_1_3.csv,0.6512789130210876,0.871559633019527,0.5491329479737045,95,14,78,69,0.0196044921875,0.005905963302752294,0.013698528884747705
MLP,3,0.5,1.0,crp_dataset_8_1_4.csv|crp_dataset_8_1_8.csv|crp_dataset_8_1_6.csv,crp_dataset_8_1_1.csv,0.6512789130210876,0.7249999999909374,0.460317460313807,58,22,68,108,0.0252685546875,0.012968750000000001,0.012299804687499999
MLP,3,0.5,1.0,crp_dataset_8_1_4.csv|crp_dataset_8_1_8.csv|crp_dataset_8_1_6.csv,crp_dataset_8_1_5.csv,0.6512789130210876,0.7204301075191352,0.6699999999933,67,26,33,130,0.039282226562499994,0.012365591397849464,0.02691663516465053
MLP,3,0.5,1.0,crp_dataset_8_1_4.csv|crp_dataset_8_1_8.csv|crp_dataset_8_1_5.csv,crp_dataset_8_1_2.csv,0.6165821552276611,0.7340425531836804,0.5798319327682366,69,25,50,112,0.039453125,0.01143617021276596,0.02801695478723404
MLP,3,0.5,1.0,crp_dataset_8_1_4.csv|crp_dataset_8_1_8.csv|crp_dataset_8_1_5.csv,crp_dataset_8_1_7.csv,0.6165821552276611,0.935779816509469,0.9272727272685124,204,14,16,22,0.0095703125,0.003956422018348624,0.005613890481651377
MLP,3,0.5,1.0,crp_dataset_8_1_4.csv|crp_dataset_8_1_8.csv|crp_dataset_8_1_5.csv,crp_dataset_8_1_3.csv,0.6165821552276611,0.9423076922986316,0.566473988436032,98,6,75,77,0.0196044921875,0.003064903846153846,0.016539588341346154
MLP,3,0.5,1.0,crp_dataset_8_1_4.csv|crp_dataset_8_1_8.csv|crp_dataset_8_1_5.csv,crp_dataset_8_1_1.csv,0.6165821552276611,0.9482758620526159,0.43650793650447217,55,3,71,127,0.0252685546875,0.0018318965517241381,0.023436658135775862
MLP,3,0.5,1.0,crp_dataset_8_1_4.csv|crp_dataset_8_1_8.csv|crp_dataset_8_1_5.csv,crp_dataset_8_1_6.csv,0.6165821552276611,0.7528089887555864,0.4785714285680102,67,22,73,94,0.026928710937499996,0.012710674157303372,0.014218036780196624
MLP,3,0.5,1.0,crp_dataset_8_1_4.csv|crp_dataset_8_1_3.csv|crp_dataset_8_1_1.csv,crp_dataset_8_1_2.csv,0.6145371794700623,0.7099999999929,0.5966386554571711,71,29,48,108,0.039453125,0.016062500000000004,0.023390624999999995
MLP,3,0.5,1.0,crp_dataset_8_1_4.csv|crp_dataset_8_1_3.csv|crp_dataset_8_1_1.csv,crp_dataset_8_1_7.csv,0.6145371794700623,0.9351351351300804,0.786363636360062,173,12,47,24,0.0095703125,0.0031756756756756758,0.0063946368243243245
MLP,3,0.5,1.0,crp_dataset_8_1_4.csv|crp_dataset_8_1_3.csv|crp_dataset_8_1_1.csv,crp_dataset_8_1_8.csv,0.6145371794700623,0.6299999999936999,0.4565217391271267,63,37,75,81,0.0283203125,0.022062500000000006,0.006257812499999994
MLP,3,0.5,1.0,crp_dataset_8_1_4.csv|crp_dataset_8_1_3.csv|crp_dataset_8_1_1.csv,crp_dataset_8_1_6.csv,0.6145371794700623,0.8299999999916999,0.5928571428529082,83,17,57,99,0.026928710937499996,0.008624999999999999,0.018303710937499995
MLP,3,0.5,1.0,crp_dataset_8_1_4.csv|crp_dataset_8_1_3.csv|crp_dataset_8_1_1.csv,crp_dataset_8_1_5.csv,0.6145371794700623,0.6074766355083413,0.6499999999935,65,42,35,114,0.039282226562499994,0.021553738317757008,0.017728488244742987
MLP,3,0.5,1.0,crp_dataset_8_1_4.csv|crp_dataset_8_1_3.csv|crp_dataset_8_1_6.csv,crp_dataset_8_1_2.csv,0.6113591194152832,0.7766990291186728,0.6722689075573759,80,23,39,114,0.039453125,0.010133495145631069,0.02931962985436893
MLP,3,0.5,1.0,crp_dataset_8_1_4.csv|crp_dataset_8_1_3.csv|crp_dataset_8_1_6.csv,crp_dataset_8_1_7.csv,0.6113591194152832,0.9466666666603556,0.6454545454516116,142,8,78,28,0.0095703125,0.001958333333333333,0.007611979166666668
MLP,3,0.5,1.0,crp_dataset_8_1_4.csv|crp_dataset_8_1_3.csv|crp_dataset_8_1_6.csv,crp_dataset_8_1_8.csv,0.6113591194152832,0.6018518518462791,0.47101449275021007,65,43,73,75,0.0283203125,0.028298611111111115,2.1701388888885342e-05
MLP,3,0.5,1.0,crp_dataset_8_1_4.csv|crp_dataset_8_1_3.csv|crp_dataset_8_1_6.csv,crp_dataset_8_1_1.csv,0.6113591194152832,0.7078651685313723,0.49999999999603173,63,26,63,104,0.0252685546875,0.012921348314606743,0.012347206372893257
MLP,3,0.5,1.0,crp_dataset_8_1_4.csv|crp_dataset_8_1_3.csv|crp_dataset_8_1_6.csv,crp_dataset_8_1_5.csv,0.6113591194152832,0.5606060606018136,0.7399999999926,74,58,26,98,0.039282226562499994,0.02623106060606061,0.013051165956439386
MLP,3,0.5,1.0,crp_dataset_8_1_4.csv|crp_dataset_8_1_3.csv|crp_dataset_8_1_5.csv,crp_dataset_8_1_2.csv,0.644311785697937,0.7499999999921875,0.6050420168016383,72,24,47,113,0.039453125,0.010091145833333334,0.029361979166666663
MLP,3,0.5,1.0,crp_dataset_8_1_4.csv|crp_dataset_8_1_3.csv|crp_dataset_8_1_5.csv,crp_dataset_8_1_7.csv,0.644311785697937,0.9340101522795229,0.8363636363598348,184,13,36,23,0.0095703125,0.003775380710659898,0.0057949317893401025
MLP,3,0.5,1.0,crp_dataset_8_1_4.csv|crp_dataset_8_1_3.csv|crp_dataset_8_1_5.csv,crp_dataset_8_1_8.csv,0.644311785697937,0.7199999999904,0.39130434782325146,54,21,84,97,0.0283203125,0.014833333333333334,0.013486979166666666
MLP,3,0.5,1.0,crp_dataset_8_1_4.csv|crp_dataset_8_1_3.csv|crp_dataset_8_1_5.csv,crp_dataset_8_1_1.csv,0.644311785697937,0.86885245900215,0.42063492063158225,53,8,73,122,0.0252685546875,0.0034836065573770492,0.021784948130122953
MLP,3,0.5,1.0,crp_dataset_8_1_4.csv|crp_dataset_8_1_3.csv|crp_dataset_8_1_5.csv,crp_dataset_8_1_6.csv,0.644311785697937,0.9178082191655095,0.4785714285680102,67,6,73,110,0.026928710937499996,0.0036815068493150685,0.02324720408818493
MLP,3,0.5,1.0,crp_dataset_8_1_4.csv|crp_dataset_8_1_1.csv|crp_dataset_8_1_6.csv,crp_dataset_8_1_2.csv,0.6063408255577087,0.8378378378265157,0.5210084033569663,62,12,57,125,0.039453125,0.005658783783783783,0.03379434121621622
MLP,3,0.5,1.0,crp_dataset_8_1_4.csv|crp_dataset_8_1_1.csv|crp_dataset_8_1_6.csv,crp_dataset_8_1_7.csv,0.6063408255577087,0.9612403100700679,0.5636363636338017,124,5,96,31,0.0095703125,0.0018895348837209304,0.00768077761627907
MLP,3,0.5,1.0,crp_dataset_8_1_4.csv|crp_dataset_8_1_1.csv|crp_dataset_8_1_6.csv,crp_dataset_8_1_8.csv,0.6063408255577087,0.6333333333227779,0.27536231883858436,38,22,100,96,0.0283203125,0.014791666666666667,0.013528645833333333
MLP,3,0.5,1.0,crp_dataset_8_1_4.csv|crp_dataset_8_1_1.csv|crp_dataset_8_1_6.csv,crp_dataset_8_1_3.csv,0.6063408255577087,0.9418604651053272,0.46820809248284273,81,5,92,78,0.0196044921875,0.0013808139534883723,0.018223678234011626
MLP,3,0.5,1.0,crp_dataset_8_1_4.csv|crp_dataset_8_1_1.csv|crp_dataset_8_1_6.csv,crp_dataset_8_1_5.csv,0.6063408255577087,0.8157894736734764,0.6199999999938,62,14,38,142,0.039282226562499994,0.005263157894736842,0.03401906866776315
MLP,3,0.5,1.0,crp_dataset_8_1_4.csv|crp_dataset_8_1_1.csv|crp_dataset_8_1_5.csv,crp_dataset_8_1_2.csv,0.618465006351471,0.8309859154812537,0.4957983193235647,59,12,60,125,0.039453125,0.006778169014084506,0.032674955985915494
MLP,3,0.5,1.0,crp_dataset_8_1_4.csv|crp_dataset_8_1_1.csv|crp_dataset_8_1_5.csv,crp_dataset_8_1_7.csv,0.618465006351471,0.961748633874526,0.7999999999963636,176,7,44,29,0.0095703125,0.0014685792349726776,0.008101733265027323
MLP,3,0.5,1.0,crp_dataset_8_1_4.csv|crp_dataset_8_1_1.csv|crp_dataset_8_1_5.csv,crp_dataset_8_1_8.csv,0.618465006351471,0.69999999999,0.35507246376554297,49,21,89,97,0.0283203125,0.012767857142857143,0.015552455357142857
MLP,3,0.5,1.0,crp_dataset_8_1_4.csv|crp_dataset_8_1_1.csv|crp_dataset_8_1_5.csv,crp_dataset_8_1_3.csv,0.618465006351471,0.941176470579008,0.5549132947944803,96,6,77,77,0.0196044921875,0.0035539215686274514,0.016050570618872547
MLP,3,0.5,1.0,crp_dataset_8_1_4.csv|crp_dataset_8_1_1.csv|crp_dataset_8_1_5.csv,crp_dataset_8_1_6.csv,0.618465006351471,0.8395061728291419,0.4857142857108164,68,13,72,103,0.026928710937499996,0.008873456790123458,0.018055254147376538
MLP,3,0.5,1.0,crp_dataset_8_1_4.csv|crp_dataset_8_1_6.csv|crp_dataset_8_1_5.csv,crp_dataset_8_1_2.csv,0.6015913486480713,0.8082191780711202,0.4957983193235647,59,14,60,123,0.039453125,0.006678082191780821,0.032775042808219176
MLP,3,0.5,1.0,crp_dataset_8_1_4.csv|crp_dataset_8_1_6.csv|crp_dataset_8_1_5.csv,crp_dataset_8_1_7.csv,0.6015913486480713,0.9661016949070669,0.5181818181794628,114,4,106,32,0.0095703125,0.0011122881355932204,0.00845802436440678
MLP,3,0.5,1.0,crp_dataset_8_1_4.csv|crp_dataset_8_1_6.csv|crp_dataset_8_1_5.csv,crp_dataset_8_1_8.csv,0.6015913486480713,0.6666666666555556,0.28985507246166775,40,20,98,98,0.0283203125,0.015416666666666665,0.012903645833333335
MLP,3,0.5,1.0,crp_dataset_8_1_4.csv|crp_dataset_8_1_6.csv|crp_dataset_8_1_5.csv,crp_dataset_8_1_3.csv,0.6015913486480713,0.9120879120778891,0.47976878612439444,83,8,90,75,0.0196044921875,0.0030906593406593405,0.01651383284684066
MLP,3,0.5,1.0,crp_dataset_8_1_4.csv|crp_dataset_8_1_6.csv|crp_dataset_8_1_5.csv,crp_dataset_8_1_1.csv,0.6015913486480713,0.8679245282855109,0.3650793650764676,46,7,80,123,0.0252685546875,0.004009433962264152,0.02125912072523585
MLP,3,0.5,1.0,crp_dataset_8_1_8.csv|crp_dataset_8_1_3.csv|crp_dataset_8_1_1.csv,crp_dataset_8_1_2.csv,0.6291224360466003,0.6178861788567651,0.6386554621795071,76,47,43,90,0.039453125,0.023678861788617885,0.015774263211382113
MLP,3,0.5,1.0,crp_dataset_8_1_8.csv|crp_dataset_8_1_3.csv|crp_dataset_8_1_1.csv,crp_dataset_8_1_7.csv,0.6291224360466003,0.8951965065463092,0.9318181818139464,205,24,15,12,0.0095703125,0.006086244541484717,0.003484067958515284
MLP,3,0.5,1.0,crp_dataset_8_1_8.csv|crp_dataset_8_1_3.csv|crp_dataset_8_1_1.csv,crp_dataset_8_1_4.csv,0.6291224360466003,0.7293233082651931,0.7404580152615233,97,36,34,89,0.023046875,0.010996240601503761,0.01205063439849624
MLP,3,0.5,1.0,crp_dataset_8_1_8.csv|crp_dataset_8_1_3.csv|crp_dataset_8_1_1.csv,crp_dataset_8_1_6.csv,0.6291224360466003,0.6638655462129087,0.5642857142816837,79,40,61,76,0.026928710937499996,0.020850840336134456,0.00607787060136554
MLP,3,0.5,1.0,crp_dataset_8_1_8.csv|crp_dataset_8_1_3.csv|crp_dataset_8_1_1.csv,crp_dataset_8_1_5.csv,0.6291224360466003,0.7499999999918477,0.6899999999931,69,23,31,133,0.039282226562499994,0.010190217391304348,0.029092009171195646
MLP,3,0.5,1.0,crp_dataset_8_1_8.csv|crp_dataset_8_1_3.csv|crp_dataset_8_1_6.csv,crp_dataset_8_1_2.csv,0.6021392941474915,0.6806722689018431,0.6806722689018431,81,38,38,99,0.039453125,0.015808823529411768,0.02364430147058823
MLP,3,0.5,1.0,crp_dataset_8_1_8.csv|crp_dataset_8_1_3.csv|crp_dataset_8_1_6.csv,crp_dataset_8_1_7.csv,0.6021392941474915,0.921465968581563,0.7999999999963636,176,15,44,21,0.0095703125,0.004777486910994765,0.004792825589005236
MLP,3,0.5,1.0,crp_dataset_8_1_8.csv|crp_dataset_8_1_3.csv|crp_dataset_8_1_6.csv,crp_dataset_8_1_4.csv,0.6021392941474915,0.7236842105215547,0.8396946564821398,110,42,21,83,0.023046875,0.011389802631578948,0.011657072368421053
MLP,3,0.5,1.0,crp_dataset_8_1_8.csv|crp_dataset_8_1_3.csv|crp_dataset_8_1_6.csv,crp_dataset_8_1_1.csv,0.6021392941474915,0.6083333333282639,0.5793650793604812,73,47,53,83,0.0252685546875,0.017083333333333336,0.008185221354166664
MLP,3,0.5,1.0,crp_dataset_8_1_8.csv|crp_dataset_8_1_3.csv|crp_dataset_8_1_6.csv,crp_dataset_8_1_5.csv,0.6021392941474915,0.4939024390213787,0.8099999999919,81,83,19,73,0.039282226562499994,0.031059451219512195,0.0082227753429878
MLP,3,0.5,1.0,crp_dataset_8_1_8.csv|crp_dataset_8_1_3.csv|crp_dataset_8_1_5.csv,crp_dataset_8_1_2.csv,0.6197486519813538,0.6203703703646262,0.5630252100793023,67,41,52,96,0.039453125,0.026273148148148153,0.013179976851851846
MLP,3,0.5,1.0,crp_dataset_8_1_8.csv|crp_dataset_8_1_3.csv|crp_dataset_8_1_5.csv,crp_dataset_8_1_7.csv,0.6197486519813538,0.8813559321996554,0.945454545450248,208,28,12,8,0.0095703125,0.007309322033898305,0.0022609904661016955
MLP,3,0.5,1.0,crp_dataset_8_1_8.csv|crp_dataset_8_1_3.csv|crp_dataset_8_1_5.csv,crp_dataset_8_1_4.csv,0.6197486519813538,0.7410714285648118,0.6335877862547055,83,29,48,96,0.023046875,0.012165178571428572,0.01088169642857143
MLP,3,0.5,1.0,crp_dataset_8_1_8.csv|crp_dataset_8_1_3.csv|crp_dataset_8_1_5.csv,crp_dataset_8_1_1.csv,0.6197486519813538,0.8507462686440187,0.45238095237736203,57,10,69,120,0.0252685546875,0.009421641791044776,0.015846912896455224
MLP,3,0.5,1.0,crp_dataset_8_1_8.csv|crp_dataset_8_1_3.csv|crp_dataset_8_1_5.csv,crp_dataset_8_1_6.csv,0.6197486519813538,0.6304347826041273,0.6214285714241327,87,51,53,65,0.026928710937499996,0.02309782608695652,0.0038308848505434756
MLP,3,0.5,1.0,crp_dataset_8_1_8.csv|crp_dataset_8_1_1.csv|crp_dataset_8_1_6.csv,crp_dataset_8_1_2.csv,0.6059389710426331,0.753623188394875,0.4369747899122943,52,17,67,120,0.039453125,0.011775362318840578,0.027677762681159422
MLP,3,0.5,1.0,crp_dataset_8_1_8.csv|crp_dataset_8_1_1.csv|crp_dataset_8_1_6.csv,crp_dataset_8_1_7.csv,0.6059389710426331,0.9251700680209173,0.6181818181790083,136,11,84,25,0.0095703125,0.005357142857142857,0.0042131696428571435
MLP,3,0.5,1.0,crp_dataset_8_1_8.csv|crp_dataset_8_1_1.csv|crp_dataset_8_1_6.csv,crp_dataset_8_1_4.csv,0.6059389710426331,0.7872340425448167,0.564885496178894,74,20,57,105,0.023046875,0.008976063829787235,0.014070811170212767
MLP,3,0.5,1.0,crp_dataset_8_1_8.csv|crp_dataset_8_1_1.csv|crp_dataset_8_1_6.csv,crp_dataset_8_1_3.csv,0.6059389710426331,0.8850574712541946,0.4450867051997394,77,10,96,73,0.0196044921875,0.005244252873563219,0.01436023931393678
MLP,3,0.5,1.0,crp_dataset_8_1_8.csv|crp_dataset_8_1_1.csv|crp_dataset_8_1_6.csv,crp_dataset_8_1_5.csv,0.6059389710426331,0.6117647058751556,0.5199999999948,52,33,48,123,0.039282226562499994,0.018676470588235294,0.0206057559742647
MLP,3,0.5,1.0,crp_dataset_8_1_8.csv|crp_dataset_8_1_1.csv|crp_dataset_8_1_5.csv,crp_dataset_8_1_2.csv,0.6567876935005188,0.527027027023466,0.6554621848684414,78,70,41,67,0.039453125,0.03450168918918919,0.004951435810810811
MLP,3,0.5,1.0,crp_dataset_8_1_8.csv|crp_dataset_8_1_1.csv|crp_dataset_8_1_5.csv,crp_dataset_8_1_7.csv,0.6567876935005188,0.863636363632438,0.863636363632438,190,30,30,6,0.0095703125,0.008522727272727274,0.0010475852272727269
MLP,3,0.5,1.0,crp_dataset_8_1_8.csv|crp_dataset_8_1_1.csv|crp_dataset_8_1_5.csv,crp_dataset_8_1_4.csv,0.6567876935005188,0.5304347826040832,0.4656488549582775,61,54,70,71,0.023046875,0.023641304347826086,-0.0005944293478260844
MLP,3,0.5,1.0,crp_dataset_8_1_8.csv|crp_dataset_8_1_1.csv|crp_dataset_8_1_5.csv,crp_dataset_8_1_3.csv,0.6567876935005188,0.7560975609694626,0.5375722543321528,93,30,80,53,0.0196044921875,0.015752032520325202,0.003852459667174797
MLP,3,0.5,1.0,crp_dataset_8_1_8.csv|crp_dataset_8_1_1.csv|crp_dataset_8_1_5.csv,crp_dataset_8_1_6.csv,0.6567876935005188,0.47244094487816973,0.4285714285683674,60,67,80,49,0.026928710937499996,0.03238188976377952,-0.005453178826279527
MLP,3,0.5,1.0,crp_dataset_8_1_8.csv|crp_dataset_8_1_6.csv|crp_dataset_8_1_5.csv,crp_dataset_8_1_2.csv,0.6026186943054199,0.6607142857083864,0.6218487394905727,74,38,45,99,0.039453125,0.018917410714285713,0.020535714285714286
MLP,3,0.5,1.0,crp_dataset_8_1_8.csv|crp_dataset_8_1_6.csv|crp_dataset_8_1_5.csv,crp_dataset_8_1_7.csv,0.6026186943054199,0.8956521739091494,0.9363636363593802,206,24,14,12,0.0095703125,0.005543478260869565,0.004026834239130436
MLP,3,0.5,1.0,crp_dataset_8_1_8.csv|crp_dataset_8_1_6.csv|crp_dataset_8_1_5.csv,crp_dataset_8_1_4.csv,0.6026186943054199,0.7734374999939576,0.7557251908339259,99,29,32,96,0.023046875,0.009667968749999999,0.013378906250000003
MLP,3,0.5,1.0,crp_dataset_8_1_8.csv|crp_dataset_8_1_6.csv|crp_dataset_8_1_5.csv,crp_dataset_8_1_3.csv,0.6026186943054199,0.8478260869503781,0.6763005780307729,117,21,56,62,0.0196044921875,0.007971014492753625,0.011633477694746375
MLP,3,0.5,1.0,crp_dataset_8_1_8.csv|crp_dataset_8_1_6.csv|crp_dataset_8_1_5.csv,crp_dataset_8_1_1.csv,0.6026186943054199,0.7934782608609404,0.5793650793604812,73,19,53,111,0.0252685546875,0.009714673913043478,0.015553880774456522
MLP,3,0.5,1.0,crp_dataset_8_1_3.csv|crp_dataset_8_1_1.csv|crp_dataset_8_1_6.csv,crp_dataset_8_1_2.csv,0.7107019424438477,0.8452380952280328,0.5966386554571711,71,13,48,124,0.039453125,0.007961309523809523,0.031491815476190475
MLP,3,0.5,1.0,crp_dataset_8_1_3.csv|crp_dataset_8_1_1.csv|crp_dataset_8_1_6.csv,crp_dataset_8_1_7.csv,0.7107019424438477,0.9640287769714819,0.6090909090881406,134,5,86,31,0.0095703125,0.0019334532374100718,0.007636859262589929
MLP,3,0.5,1.0,crp_dataset_8_1_3.csv|crp_dataset_8_1_1.csv|crp_dataset_8_1_6.csv,crp_dataset_8_1_4.csv,0.7107019424438477,0.8699999999913,0.6641221373995105,87,13,44,112,0.023046875,0.005687500000000001,0.017359375
MLP,3,0.5,1.0,crp_dataset_8_1_3.csv|crp_dataset_8_1_1.csv|crp_dataset_8_1_6.csv,crp_dataset_8_1_8.csv,0.7107019424438477,0.6521739130340264,0.3260869565193762,45,24,93,94,0.0283203125,0.017210144927536235,0.011110167572463765
MLP,3,0.5,1.0,crp_dataset_8_1_3.csv|crp_dataset_8_1_1.csv|crp_dataset_8_1_6.csv,crp_dataset_8_1_5.csv,0.7107019424438477,0.7303370786434793,0.6499999999935,65,24,35,132,0.039282226562499994,0.011095505617977529,0.028186720944522466
MLP,3,0.5,1.0,crp_dataset_8_1_3.csv|crp_dataset_8_1_1.csv|crp_dataset_8_1_5.csv,crp_dataset_8_1_2.csv,0.6132932305335999,0.6915887850402656,0.6218487394905727,74,33,45,104,0.039453125,0.020852803738317757,0.01860032126168224
MLP,3,0.5,1.0,crp_dataset_8_1_3.csv|crp_dataset_8_1_1.csv|crp_dataset_8_1_5.csv,crp_dataset_8_1_7.csv,0.6132932305335999,0.8879310344789314,0.9363636363593802,206,26,14,10,0.0095703125,0.007435344827586207,0.0021349676724137937
MLP,3,0.5,1.0,crp_dataset_8_1_3.csv|crp_dataset_8_1_1.csv|crp_dataset_8_1_5.csv,crp_dataset_8_1_4.csv,0.6132932305335999,0.754545454538595,0.6335877862547055,83,27,48,98,0.023046875,0.010624999999999999,0.012421875000000002
MLP,3,0.5,1.0,crp_dataset_8_1_3.csv|crp_dataset_8_1_1.csv|crp_dataset_8_1_5.csv,crp_dataset_8_1_8.csv,0.6132932305335999,0.721518987332639,0.4130434782578765,57,22,81,96,0.0283203125,0.010363924050632911,0.01795638844936709
MLP,3,0.5,1.0,crp_dataset_8_1_3.csv|crp_dataset_8_1_1.csv|crp_dataset_8_1_5.csv,crp_dataset_8_1_6.csv,0.6132932305335999,0.7102803738251375,0.5428571428532654,76,31,64,85,0.026928710937499996,0.018633177570093463,0.008295533367406533
MLP,3,0.5,1.0,crp_dataset_8_1_3.csv|crp_dataset_8_1_6.csv|crp_dataset_8_1_5.csv,crp_dataset_8_1_2.csv,0.6499128937721252,0.717171717164473,0.5966386554571711,71,28,48,109,0.039453125,0.014962121212121213,0.024491003787878787
MLP,3,0.5,1.0,crp_dataset_8_1_3.csv|crp_dataset_8_1_6.csv|crp_dataset_8_1_5.csv,crp_dataset_8_1_7.csv,0.6499128937721252,0.9116279069725041,0.8909090909050413,196,19,24,17,0.0095703125,0.004854651162790698,0.0047156613372093025
MLP,3,0.5,1.0,crp_dataset_8_1_3.csv|crp_dataset_8_1_6.csv|crp_dataset_8_1_5.csv,crp_dataset_8_1_4.csv,0.6499128937721252,0.8064516128967222,0.7633587786201271,100,24,31,101,0.023046875,0.009627016129032257,0.013419858870967744
MLP,3,0.5,1.0,crp_dataset_8_1_3.csv|crp_dataset_8_1_6.csv|crp_dataset_8_1_5.csv,crp_dataset_8_1_8.csv,0.6499128937721252,0.6931818181739411,0.4420289855040433,61,27,77,91,0.0283203125,0.013920454545454547,0.014399857954545453
MLP,3,0.5,1.0,crp_dataset_8_1_3.csv|crp_dataset_8_1_6.csv|crp_dataset_8_1_5.csv,crp_dataset_8_1_1.csv,0.6499128937721252,0.7466666666567111,0.4444444444409171,56,19,70,111,0.0252685546875,0.009916666666666667,0.015351888020833333
MLP,3,0.5,1.0,crp_dataset_8_1_1.csv|crp_dataset_8_1_6.csv|crp_dataset_8_1_5.csv,crp_dataset_8_1_2.csv,0.6075875759124756,0.7538461538345562,0.41176470587889274,49,16,70,121,0.039453125,0.012596153846153847,0.02685697115384615
MLP,3,0.5,1.0,crp_dataset_8_1_1.csv|crp_dataset_8_1_6.csv|crp_dataset_8_1_5.csv,crp_dataset_8_1_7.csv,0.6075875759124756,0.9640287769714819,0.6090909090881406,134,5,86,31,0.0095703125,0.0020683453237410076,0.0075019671762589935
MLP,3,0.5,1.0,crp_dataset_8_1_1.csv|crp_dataset_8_1_6.csv|crp_dataset_8_1_5.csv,crp_dataset_8_1_4.csv,0.6075875759124756,0.8148148148047554,0.5038167938892839,66,15,65,110,0.023046875,0.006712962962962962,0.01633391203703704
MLP,3,0.5,1.0,crp_dataset_8_1_1.csv|crp_dataset_8_1_6.csv|crp_dataset_8_1_5.csv,crp_dataset_8_1_8.csv,0.6075875759124756,0.7368421052502309,0.30434782608475114,42,15,96,103,0.0283203125,0.01381578947368421,0.01450452302631579
MLP,3,0.5,1.0,crp_dataset_8_1_1.csv|crp_dataset_8_1_6.csv|crp_dataset_8_1_5.csv,crp_dataset_8_1_3.csv,0.6075875759124756,0.9047619047511337,0.4393063583789636,76,8,97,75,0.0196044921875,0.005208333333333333,0.014396158854166667
MLP,4,0.5,1.0,crp_dataset_8_1_2.csv|crp_dataset_8_1_7.csv|crp_dataset_8_1_4.csv|crp_dataset_8_1_8.csv,crp_dataset_8_1_3.csv,0.6271752119064331,0.926605504578655,0.5838150288983595,101,8,72,75,0.0196044921875,0.00338302752293578,0.01622146466456422
MLP,4,0.5,1.0,crp_dataset_8_1_2.csv|crp_dataset_8_1_7.csv|crp_dataset_8_1_4.csv|crp_dataset_8_1_8.csv,crp_dataset_8_1_1.csv,0.6271752119064331,0.8593749999865722,0.43650793650447217,55,9,71,121,0.0252685546875,0.00537109375,0.0198974609375
MLP,4,0.5,1.0,crp_dataset_8_1_2.csv|crp_dataset_8_1_7.csv|crp_dataset_8_1_4.csv|crp_dataset_8_1_8.csv,crp_dataset_8_1_6.csv,0.6271752119064331,0.8974358974243918,0.49999999999642863,70,8,70,108,0.026928710937499996,0.005849358974358975,0.02107935196314102
MLP,4,0.5,1.0,crp_dataset_8_1_2.csv|crp_dataset_8_1_7.csv|crp_dataset_8_1_4.csv|crp_dataset_8_1_8.csv,crp_dataset_8_1_5.csv,0.6271752119064331,0.7912087912000966,0.7199999999928,72,19,28,137,0.039282226562499994,0.010027472527472527,0.029254754035027468
MLP,4,0.5,1.0,crp_dataset_8_1_2.csv|crp_dataset_8_1_7.csv|crp_dataset_8_1_4.csv|crp_dataset_8_1_3.csv,crp_dataset_8_1_8.csv,0.7628101110458374,0.7380952380864512,0.449275362315585,62,22,76,96,0.0283203125,0.010788690476190476,0.017531622023809524
MLP,4,0.5,1.0,crp_dataset_8_1_2.csv|crp_dataset_8_1_7.csv|crp_dataset_8_1_4.csv|crp_dataset_8_1_3.csv,crp_dataset_8_1_1.csv,0.7628101110458374,0.8405797101327451,0.460317460313807,58,11,68,119,0.0252685546875,0.004710144927536232,0.02055840975996377
MLP,4,0.5,1.0,crp_dataset_8_1_2.csv|crp_dataset_8_1_7.csv|crp_dataset_8_1_4.csv|crp_dataset_8_1_3.csv,crp_dataset_8_1_6.csv,0.7628101110458374,0.8809523809418934,0.5285714285676532,74,10,66,106,0.026928710937499996,0.005133928571428571,0.021794782366071425
MLP,4,0.5,1.0,crp_dataset_8_1_2.csv|crp_dataset_8_1_7.csv|crp_dataset_8_1_4.csv|crp_dataset_8_1_3.csv,crp_dataset_8_1_5.csv,0.7628101110458374,0.7978723404170439,0.7499999999925,75,19,25,137,0.039282226562499994,0.007380319148936171,0.03190190741356382
MLP,4,0.5,1.0,crp_dataset_8_1_2.csv|crp_dataset_8_1_7.csv|crp_dataset_8_1_4.csv|crp_dataset_8_1_1.csv,crp_dataset_8_1_8.csv,0.6694610714912415,0.7108433734854115,0.4275362318809599,59,24,79,94,0.0283203125,0.012951807228915662,0.015368505271084338
MLP,4,0.5,1.0,crp_dataset_8_1_2.csv|crp_dataset_8_1_7.csv|crp_dataset_8_1_4.csv|crp_dataset_8_1_1.csv,crp_dataset_8_1_3.csv,0.6694610714912415,0.917355371893245,0.6416184971061178,111,10,62,73,0.0196044921875,0.0037706611570247936,0.015833831030475205
MLP,4,0.5,1.0,crp_dataset_8_1_2.csv|crp_dataset_8_1_7.csv|crp_dataset_8_1_4.csv|crp_dataset_8_1_1.csv,crp_dataset_8_1_6.csv,0.6694610714912415,0.7999999999930435,0.6571428571381633,92,23,48,93,0.026928710937499996,0.011793478260869567,0.015135232676630429
MLP,4,0.5,1.0,crp_dataset_8_1_2.csv|crp_dataset_8_1_7.csv|crp_dataset_8_1_4.csv|crp_dataset_8_1_1.csv,crp_dataset_8_1_5.csv,0.6694610714912415,0.7872340425448167,0.7399999999926,74,20,26,136,0.039282226562499994,0.007513297872340426,0.03176892869015957
MLP,4,0.5,1.0,crp_dataset_8_1_2.csv|crp_dataset_8_1_7.csv|crp_dataset_8_1_4.csv|crp_dataset_8_1_6.csv,crp_dataset_8_1_8.csv,0.7120351195335388,0.7702702702598612,0.4130434782578765,57,17,81,101,0.0283203125,0.00971283783783784,0.01860747466216216
MLP,4,0.5,1.0,crp_dataset_8_1_2.csv|crp_dataset_8_1_7.csv|crp_dataset_8_1_4.csv|crp_dataset_8_1_6.csv,crp_dataset_8_1_3.csv,0.7120351195335388,0.9285714285631377,0.601156069360687,104,8,69,75,0.0196044921875,0.0030691964285714285,0.01653529575892857
MLP,4,0.5,1.0,crp_dataset_8_1_2.csv|crp_dataset_8_1_7.csv|crp_dataset_8_1_4.csv|crp_dataset_8_1_6.csv,crp_dataset_8_1_1.csv,0.7120351195335388,0.8235294117525951,0.4444444444409171,56,12,70,118,0.0252685546875,0.006525735294117646,0.018742819393382355
MLP,4,0.5,1.0,crp_dataset_8_1_2.csv|crp_dataset_8_1_7.csv|crp_dataset_8_1_4.csv|crp_dataset_8_1_6.csv,crp_dataset_8_1_5.csv,0.7120351195335388,0.7474747474671972,0.7399999999926,74,25,26,131,0.039282226562499994,0.009406565656565658,0.029875660905934336
MLP,4,0.5,1.0,crp_dataset_8_1_2.csv|crp_dataset_8_1_7.csv|crp_dataset_8_1_4.csv|crp_dataset_8_1_5.csv,crp_dataset_8_1_8.csv,0.7384694218635559,0.7702702702598612,0.4130434782578765,57,17,81,101,0.0283203125,0.006925675675675675,0.021394636824324326
MLP,4,0.5,1.0,crp_dataset_8_1_2.csv|crp_dataset_8_1_7.csv|crp_dataset_8_1_4.csv|crp_dataset_8_1_5.csv,crp_dataset_8_1_3.csv,0.7384694218635559,0.9444444444356995,0.5895953757191353,102,6,71,77,0.0196044921875,0.0015046296296296296,0.01809986255787037
MLP,4,0.5,1.0,crp_dataset_8_1_2.csv|crp_dataset_8_1_7.csv|crp_dataset_8_1_4.csv|crp_dataset_8_1_5.csv,crp_dataset_8_1_1.csv,0.7384694218635559,0.9032258064370448,0.4444444444409171,56,6,70,124,0.0252685546875,0.0019153225806451612,0.02335323210685484
MLP,4,0.5,1.0,crp_dataset_8_1_2.csv|crp_dataset_8_1_7.csv|crp_dataset_8_1_4.csv|crp_dataset_8_1_5.csv,crp_dataset_8_1_6.csv,0.7384694218635559,0.9374999999882813,0.5357142857104592,75,5,65,111,0.026928710937499996,0.001953125,0.024975585937499996
MLP,4,0.5,1.0,crp_dataset_8_1_2.csv|crp_dataset_8_1_7.csv|crp_dataset_8_1_8.csv|crp_dataset_8_1_3.csv,crp_dataset_8_1_4.csv,0.6106941103935242,0.8345864661591386,0.8473282442683411,111,22,20,103,0.023046875,0.005968045112781955,0.017078829887218046
MLP,4,0.5,1.0,crp_dataset_8_1_2.csv|crp_dataset_8_1_7.csv|crp_dataset_8_1_8.csv|crp_dataset_8_1_3.csv,crp_dataset_8_1_1.csv,0.6106941103935242,0.7738095238003118,0.5158730158689216,65,19,61,111,0.0252685546875,0.008854166666666668,0.01641438802083333
MLP,4,0.5,1.0,crp_dataset_8_1_2.csv|crp_dataset_8_1_7.csv|crp_dataset_8_1_8.csv|crp_dataset_8_1_3.csv,crp_dataset_8_1_6.csv,0.6106941103935242,0.8018018017945784,0.635714285709745,89,22,51,94,0.026928710937499996,0.010923423423423423,0.016005287514076573
MLP,4,0.5,1.0,crp_dataset_8_1_2.csv|crp_dataset_8_1_7.csv|crp_dataset_8_1_8.csv|crp_dataset_8_1_3.csv,crp_dataset_8_1_5.csv,0.6106941103935242,0.7264150943327696,0.7699999999923,77,29,23,127,0.039282226562499994,0.010849056603773586,0.02843316995872641
MLP,4,0.5,1.0,crp_dataset_8_1_2.csv|crp_dataset_8_1_7.csv|crp_dataset_8_1_8.csv|crp_dataset_8_1_1.csv,crp_dataset_8_1_4.csv,0.6667356491088867,0.8157894736770545,0.7099236641167181,93,21,38,104,0.023046875,0.0077850877192982455,0.015261787280701756
MLP,4,0.5,1.0,crp_dataset_8_1_2.csv|crp_dataset_8_1_7.csv|crp_dataset_8_1_8.csv|crp_dataset_8_1_1.csv,crp_dataset_8_1_3.csv,0.6667356491088867,0.9159663865469246,0.6300578034645662,109,10,64,73,0.0196044921875,0.0037289915966386552,0.015875500590861343
MLP,4,0.5,1.0,crp_dataset_8_1_2.csv|crp_dataset_8_1_7.csv|crp_dataset_8_1_8.csv|crp_dataset_8_1_1.csv,crp_dataset_8_1_6.csv,0.6667356491088867,0.7672413793037307,0.635714285709745,89,27,51,89,0.026928710937499996,0.01411637931034483,0.012812331627155166
MLP,4,0.5,1.0,crp_dataset_8_1_2.csv|crp_dataset_8_1_7.csv|crp_dataset_8_1_8.csv|crp_dataset_8_1_1.csv,crp_dataset_8_1_5.csv,0.6667356491088867,0.8124999999898437,0.6499999999935,65,15,35,141,0.039282226562499994,0.0059375,0.033344726562499996
MLP,4,0.5,1.0,crp_dataset_8_1_2.csv|crp_dataset_8_1_7.csv|crp_dataset_8_1_8.csv|crp_dataset_8_1_6.csv,crp_dataset_8_1_4.csv,0.738079309463501,0.8608695652099054,0.7557251908339259,99,16,32,109,0.023046875,0.00608695652173913,0.016959918478260873
MLP,4,0.5,1.0,crp_dataset_8_1_2.csv|crp_dataset_8_1_7.csv|crp_dataset_8_1_8.csv|crp_dataset_8_1_6.csv,crp_dataset_8_1_3.csv,0.738079309463501,0.9137931034403983,0.6127167630022387,106,10,67,73,0.0196044921875,0.004094827586206896,0.015509664601293103
MLP,4,0.5,1.0,crp_dataset_8_1_2.csv|crp_dataset_8_1_7.csv|crp_dataset_8_1_8.csv|crp_dataset_8_1_6.csv,crp_dataset_8_1_1.csv,0.738079309463501,0.8405797101327451,0.460317460313807,58,11,68,119,0.0252685546875,0.006521739130434783,0.018746815557065217
MLP,4,0.5,1.0,crp_dataset_8_1_2.csv|crp_dataset_8_1_7.csv|crp_dataset_8_1_8.csv|crp_dataset_8_1_6.csv,crp_dataset_8_1_5.csv,0.738079309463501,0.793103448266746,0.6899999999931,69,18,31,138,0.039282226562499994,0.007112068965517242,0.03217015759698275
MLP,4,0.5,1.0,crp_dataset_8_1_2.csv|crp_dataset_8_1_7.csv|crp_dataset_8_1_8.csv|crp_dataset_8_1_5.csv,crp_dataset_8_1_4.csv,0.6485496163368225,0.7387387387320834,0.6259541984685042,82,29,49,96,0.023046875,0.01385135135135135,0.009195523648648651
MLP,4,0.5,1.0,crp_dataset_8_1_2.csv|crp_dataset_8_1_7.csv|crp_dataset_8_1_8.csv|crp_dataset_8_1_5.csv,crp_dataset_8_1_3.csv,0.6485496163368225,0.8412698412631645,0.6127167630022387,106,20,67,63,0.0196044921875,0.009573412698412697,0.010031079489087302
MLP,4,0.5,1.0,crp_dataset_8_1_2.csv|crp_dataset_8_1_7.csv|crp_dataset_8_1_8.csv|crp_dataset_8_1_5.csv,crp_dataset_8_1_1.csv,0.6485496163368225,0.8714285714161224,0.4841269841231418,61,9,65,121,0.0252685546875,0.005089285714285715,0.020179268973214287
MLP,4,0.5,1.0,crp_dataset_8_1_2.csv|crp_dataset_8_1_7.csv|crp_dataset_8_1_8.csv|crp_dataset_8_1_5.csv,crp_dataset_8_1_6.csv,0.6485496163368225,0.637681159415669,0.6285714285669388,88,50,52,66,0.026928710937499996,0.023007246376811598,0.003921464560688398
MLP,4,0.5,1.0,crp_dataset_8_1_2.csv|crp_dataset_8_1_7.csv|crp_dataset_8_1_3.csv|crp_dataset_8_1_1.csv,crp_dataset_8_1_4.csv,0.6405878663063049,0.8780487804806663,0.8244274809097373,108,15,23,110,0.023046875,0.004979674796747968,0.018067200203252032
MLP,4,0.5,1.0,crp_dataset_8_1_2.csv|crp_dataset_8_1_7.csv|crp_dataset_8_1_3.csv|crp_dataset_8_1_1.csv,crp_dataset_8_1_8.csv,0.6405878663063049,0.7721518987244032,0.4420289855040433,61,18,77,100,0.0283203125,0.006566455696202531,0.021753856803797468
MLP,4,0.5,1.0,crp_dataset_8_1_2.csv|crp_dataset_8_1_7.csv|crp_dataset_8_1_3.csv|crp_dataset_8_1_1.csv,crp_dataset_8_1_6.csv,0.6405878663063049,0.8510638297781802,0.5714285714244899,80,14,60,102,0.026928710937499996,0.0071143617021276594,0.019814349235372335
MLP,4,0.5,1.0,crp_dataset_8_1_2.csv|crp_dataset_8_1_7.csv|crp_dataset_8_1_3.csv|crp_dataset_8_1_1.csv,crp_dataset_8_1_5.csv,0.6405878663063049,0.7826086956436673,0.7199999999928,72,20,28,136,0.039282226562499994,0.00672554347826087,0.032556683084239126
MLP,4,0.5,1.0,crp_dataset_8_1_2.csv|crp_dataset_8_1_7.csv|crp_dataset_8_1_3.csv|crp_dataset_8_1_6.csv,crp_dataset_8_1_4.csv,0.6901929378509521,0.8661417322766445,0.8396946564821398,110,17,21,108,0.023046875,0.004822834645669291,0.01822404035433071
MLP,4,0.5,1.0,crp_dataset_8_1_2.csv|crp_dataset_8_1_7.csv|crp_dataset_8_1_3.csv|crp_dataset_8_1_6.csv,crp_dataset_8_1_8.csv,0.6901929378509521,0.6630434782536625,0.4420289855040433,61,31,77,87,0.0283203125,0.01596467391304348,0.01235563858695652
MLP,4,0.5,1.0,crp_dataset_8_1_2.csv|crp_dataset_8_1_7.csv|crp_dataset_8_1_3.csv|crp_dataset_8_1_6.csv,crp_dataset_8_1_1.csv,0.6901929378509521,0.7848101265723442,0.49206349205958677,62,17,64,113,0.0252685546875,0.007832278481012658,0.01743627620648734
MLP,4,0.5,1.0,crp_dataset_8_1_2.csv|crp_dataset_8_1_7.csv|crp_dataset_8_1_3.csv|crp_dataset_8_1_6.csv,crp_dataset_8_1_5.csv,0.6901929378509521,0.672566371675464,0.7599999999924,76,37,24,119,0.039282226562499994,0.017146017699115043,0.02213620886338495
MLP,4,0.5,1.0,crp_dataset_8_1_2.csv|crp_dataset_8_1_7.csv|crp_dataset_8_1_3.csv|crp_dataset_8_1_5.csv,crp_dataset_8_1_4.csv,0.6036661863327026,0.922330097078424,0.7251908396891208,95,8,36,117,0.023046875,0.002063106796116505,0.020983768203883497
MLP,4,0.5,1.0,crp_dataset_8_1_2.csv|crp_dataset_8_1_7.csv|crp_dataset_8_1_3.csv|crp_dataset_8_1_5.csv,crp_dataset_8_1_8.csv,0.6036661863327026,0.7564102564005588,0.4275362318809599,59,19,79,99,0.0283203125,0.009615384615384616,0.018704927884615384
MLP,4,0.5,1.0,crp_dataset_8_1_2.csv|crp_dataset_8_1_7.csv|crp_dataset_8_1_3.csv|crp_dataset_8_1_5.csv,crp_dataset_8_1_1.csv,0.6036661863327026,0.8714285714161224,0.4841269841231418,61,9,65,121,0.0252685546875,0.005,0.0202685546875
MLP,4,0.5,1.0,crp_dataset_8_1_2.csv|crp_dataset_8_1_7.csv|crp_dataset_8_1_3.csv|crp_dataset_8_1_5.csv,crp_dataset_8_1_6.csv,0.6036661863327026,0.8210526315703047,0.5571428571388776,78,17,62,99,0.026928710937499996,0.010789473684210526,0.01613923725328947
MLP,4,0.5,1.0,crp_dataset_8_1_2.csv|crp_dataset_8_1_7.csv|crp_dataset_8_1_1.csv|crp_dataset_8_1_6.csv,crp_dataset_8_1_4.csv,0.6032403111457825,0.8770491803206799,0.816793893123536,107,15,24,110,0.023046875,0.005430327868852459,0.01761654713114754
MLP,4,0.5,1.0,crp_dataset_8_1_2.csv|crp_dataset_8_1_7.csv|crp_dataset_8_1_1.csv|crp_dataset_8_1_6.csv,crp_dataset_8_1_8.csv,0.6032403111457825,0.7222222222141975,0.47101449275021007,65,25,73,93,0.0283203125,0.01340277777777778,0.01491753472222222
MLP,4,0.5,1.0,crp_dataset_8_1_2.csv|crp_dataset_8_1_7.csv|crp_dataset_8_1_1.csv|crp_dataset_8_1_6.csv,crp_dataset_8_1_3.csv,0.6032403111457825,0.9322033898226084,0.635838150285342,110,8,63,75,0.0196044921875,0.0022775423728813565,0.017326949814618645
MLP,4,0.5,1.0,crp_dataset_8_1_2.csv|crp_dataset_8_1_7.csv|crp_dataset_8_1_1.csv|crp_dataset_8_1_6.csv,crp_dataset_8_1_5.csv,0.6032403111457825,0.7894736842022161,0.7499999999925,75,20,25,136,0.039282226562499994,0.006118421052631579,0.033163805509868416
MLP,4,0.5,1.0,crp_dataset_8_1_2.csv|crp_dataset_8_1_7.csv|crp_dataset_8_1_1.csv|crp_dataset_8_1_5.csv,crp_dataset_8_1_4.csv,0.6458890438079834,0.8608695652099054,0.7557251908339259,99,16,32,109,0.023046875,0.007065217391304348,0.015981657608695653
MLP,4,0.5,1.0,crp_dataset_8_1_2.csv|crp_dataset_8_1_7.csv|crp_dataset_8_1_1.csv|crp_dataset_8_1_5.csv,crp_dataset_8_1_8.csv,0.6458890438079834,0.7435897435802103,0.42028985506941824,58,20,80,98,0.0283203125,0.010496794871794871,0.01782351762820513
MLP,4,0.5,1.0,crp_dataset_8_1_2.csv|crp_dataset_8_1_7.csv|crp_dataset_8_1_1.csv|crp_dataset_8_1_5.csv,crp_dataset_8_1_3.csv,0.6458890438079834,0.880341880334356,0.5953757225399111,103,14,70,69,0.0196044921875,0.005876068376068376,0.013728423811431623
MLP,4,0.5,1.0,crp_dataset_8_1_2.csv|crp_dataset_8_1_7.csv|crp_dataset_8_1_1.csv|crp_dataset_8_1_5.csv,crp_dataset_8_1_6.csv,0.6458890438079834,0.8099173553652073,0.6999999999950001,98,23,42,93,0.026928710937499996,0.01146694214876033,0.015461768788739666
MLP,4,0.5,1.0,crp_dataset_8_1_2.csv|crp_dataset_8_1_7.csv|crp_dataset_8_1_6.csv|crp_dataset_8_1_5.csv,crp_dataset_8_1_4.csv,0.608867347240448,0.882882882874929,0.7480916030477246,98,13,33,112,0.023046875,0.0045045045045045045,0.018542370495495498
MLP,4,0.5,1.0,crp_dataset_8_1_2.csv|crp_dataset_8_1_7.csv|crp_dataset_8_1_6.csv|crp_dataset_8_1_5.csv,crp_dataset_8_1_8.csv,0.608867347240448,0.7368421052534626,0.40579710144633485,56,20,82,98,0.0283203125,0.010115131578947369,0.01820518092105263
MLP,4,0.5,1.0,crp_dataset_8_1_2.csv|crp_dataset_8_1_7.csv|crp_dataset_8_1_6.csv|crp_dataset_8_1_5.csv,crp_dataset_8_1_3.csv,0.608867347240448,0.9292035398147858,0.6069364161814629,105,8,68,75,0.0196044921875,0.002654867256637168,0.01694962493086283
MLP,4,0.5,1.0,crp_dataset_8_1_2.csv|crp_dataset_8_1_7.csv|crp_dataset_8_1_6.csv|crp_dataset_8_1_5.csv,crp_dataset_8_1_1.csv,0.608867347240448,0.9473684210360112,0.4285714285680272,54,3,72,127,0.0252685546875,0.0010964912280701754,0.024172063459429825
MLP,4,0.5,1.0,crp_dataset_8_1_2.csv|crp_dataset_8_1_4.csv|crp_dataset_8_1_8.csv|crp_dataset_8_1_3.csv,crp_dataset_8_1_7.csv,0.610233724117279,0.9173913043438374,0.9590909090865496,211,19,9,17,0.0095703125,0.004429347826086957,0.005140964673913044
MLP,4,0.5,1.0,crp_dataset_8_1_2.csv|crp_dataset_8_1_4.csv|crp_dataset_8_1_8.csv|crp_dataset_8_1_3.csv,crp_dataset_8_1_1.csv,0.610233724117279,0.8472222222104552,0.4841269841231418,61,11,65,119,0.0252685546875,0.006076388888888889,0.019192165798611112
MLP,4,0.5,1.0,crp_dataset_8_1_2.csv|crp_dataset_8_1_4.csv|crp_dataset_8_1_8.csv|crp_dataset_8_1_3.csv,crp_dataset_8_1_6.csv,0.610233724117279,0.833333333324074,0.5357142857104592,75,15,65,101,0.026928710937499996,0.009444444444444446,0.01748426649305555
MLP,4,0.5,1.0,crp_dataset_8_1_2.csv|crp_dataset_8_1_4.csv|crp_dataset_8_1_8.csv|crp_dataset_8_1_3.csv,crp_dataset_8_1_5.csv,0.610233724117279,0.7264150943327696,0.7699999999923,77,29,23,127,0.039282226562499994,0.010141509433962265,0.02914071712853773
MLP,4,0.5,1.0,crp_dataset_8_1_2.csv|crp_dataset_8_1_4.csv|crp_dataset_8_1_8.csv|crp_dataset_8_1_1.csv,crp_dataset_8_1_7.csv,0.604137122631073,0.9063829787195473,0.9681818181774174,213,22,7,14,0.0095703125,0.005265957446808511,0.00430435505319149
MLP,4,0.5,1.0,crp_dataset_8_1_2.csv|crp_dataset_8_1_4.csv|crp_dataset_8_1_8.csv|crp_dataset_8_1_1.csv,crp_dataset_8_1_3.csv,0.604137122631073,0.9249999999922917,0.6416184971061178,111,9,62,74,0.0196044921875,0.002864583333333333,0.016739908854166666
MLP,4,0.5,1.0,crp_dataset_8_1_2.csv|crp_dataset_8_1_4.csv|crp_dataset_8_1_8.csv|crp_dataset_8_1_1.csv,crp_dataset_8_1_6.csv,0.604137122631073,0.8064516128945542,0.5357142857104592,75,18,65,98,0.026928710937499996,0.012163978494623657,0.014764732442876339
MLP,4,0.5,1.0,crp_dataset_8_1_2.csv|crp_dataset_8_1_4.csv|crp_dataset_8_1_8.csv|crp_dataset_8_1_1.csv,crp_dataset_8_1_5.csv,0.604137122631073,0.7264150943327696,0.7699999999923,77,29,23,127,0.039282226562499994,0.012087264150943397,0.027194962411556597
MLP,4,0.5,1.0,crp_dataset_8_1_2.csv|crp_dataset_8_1_4.csv|crp_dataset_8_1_8.csv|crp_dataset_8_1_6.csv,crp_dataset_8_1_7.csv,0.6706230640411377,0.9423076923016519,0.668181818178781,147,9,73,27,0.0095703125,0.002564102564102564,0.007006209935897437
MLP,4,0.5,1.0,crp_dataset_8_1_2.csv|crp_dataset_8_1_4.csv|crp_dataset_8_1_8.csv|crp_dataset_8_1_6.csv,crp_dataset_8_1_3.csv,0.6706230640411377,0.904761904753288,0.5491329479737045,95,10,78,73,0.0196044921875,0.005476190476190476,0.014128301711309525
MLP,4,0.5,1.0,crp_dataset_8_1_2.csv|crp_dataset_8_1_4.csv|crp_dataset_8_1_8.csv|crp_dataset_8_1_6.csv,crp_dataset_8_1_1.csv,0.6706230640411377,0.8243243243131848,0.4841269841231418,61,13,65,117,0.0252685546875,0.007516891891891892,0.01775166279560811
MLP,4,0.5,1.0,crp_dataset_8_1_2.csv|crp_dataset_8_1_4.csv|crp_dataset_8_1_8.csv|crp_dataset_8_1_6.csv,crp_dataset_8_1_5.csv,0.6706230640411377,0.6880733944891002,0.7499999999925,75,34,25,122,0.039282226562499994,0.01783256880733945,0.021449657755160546
MLP,4,0.5,1.0,crp_dataset_8_1_2.csv|crp_dataset_8_1_4.csv|crp_dataset_8_1_8.csv|crp_dataset_8_1_5.csv,crp_dataset_8_1_7.csv,0.6110658049583435,0.933035714281549,0.9499999999956819,209,15,11,21,0.0095703125,0.002762276785714286,0.006808035714285714
MLP,4,0.5,1.0,crp_dataset_8_1_2.csv|crp_dataset_8_1_4.csv|crp_dataset_8_1_8.csv|crp_dataset_8_1_5.csv,crp_dataset_8_1_3.csv,0.6110658049583435,0.9603960395944515,0.5606936416152561,97,4,76,79,0.0196044921875,0.0012376237623762376,0.01836686842512376
MLP,4,0.5,1.0,crp_dataset_8_1_2.csv|crp_dataset_8_1_4.csv|crp_dataset_8_1_8.csv|crp_dataset_8_1_5.csv,crp_dataset_8_1_1.csv,0.6110658049583435,0.9074074073906037,0.3888888888858025,49,5,77,125,0.0252685546875,0.0026620370370370374,0.02260651765046296
MLP,4,0.5,1.0,crp_dataset_8_1_2.csv|crp_dataset_8_1_4.csv|crp_dataset_8_1_8.csv|crp_dataset_8_1_5.csv,crp_dataset_8_1_6.csv,0.6110658049583435,0.9696969696822773,0.45714285713959185,64,2,76,114,0.026928710937499996,0.0005681818181818183,0.026360529119318177
MLP,4,0.5,1.0,crp_dataset_8_1_2.csv|crp_dataset_8_1_4.csv|crp_dataset_8_1_3.csv|crp_dataset_8_1_1.csv,crp_dataset_8_1_7.csv,0.6122390627861023,0.9476439790526302,0.8227272727235331,181,10,39,26,0.0095703125,0.002257853403141361,0.0073124590968586395
MLP,4,0.5,1.0,crp_dataset_8_1_2.csv|crp_dataset_8_1_4.csv|crp_dataset_8_1_3.csv|crp_dataset_8_1_1.csv,crp_dataset_8_1_8.csv,0.6122390627861023,0.7368421052534626,0.40579710144633485,56,20,82,98,0.0283203125,0.014144736842105265,0.014175575657894735
MLP,4,0.5,1.0,crp_dataset_8_1_2.csv|crp_dataset_8_1_4.csv|crp_dataset_8_1_3.csv|crp_dataset_8_1_1.csv,crp_dataset_8_1_6.csv,0.6122390627861023,0.8488372092924553,0.521428571424847,73,13,67,103,0.026928710937499996,0.00755813953488372,0.019370571402616277
MLP,4,0.5,1.0,crp_dataset_8_1_2.csv|crp_dataset_8_1_4.csv|crp_dataset_8_1_3.csv|crp_dataset_8_1_1.csv,crp_dataset_8_1_5.csv,0.6122390627861023,0.8068181818090134,0.7099999999929,71,17,29,139,0.039282226562499994,0.007599431818181818,0.03168279474431818
MLP,4,0.5,1.0,crp_dataset_8_1_2.csv|crp_dataset_8_1_4.csv|crp_dataset_8_1_3.csv|crp_dataset_8_1_6.csv,crp_dataset_8_1_7.csv,0.6242749094963074,0.9508196721233539,0.5272727272703306,116,6,104,30,0.0095703125,0.0013831967213114756,0.008187115778688525
MLP,4,0.5,1.0,crp_dataset_8_1_2.csv|crp_dataset_8_1_4.csv|crp_dataset_8_1_3.csv|crp_dataset_8_1_6.csv,crp_dataset_8_1_8.csv,0.6242749094963074,0.693548387085588,0.3115942028962928,43,19,95,99,0.0283203125,0.015423387096774193,0.012896925403225807
MLP,4,0.5,1.0,crp_dataset_8_1_2.csv|crp_dataset_8_1_4.csv|crp_dataset_8_1_3.csv|crp_dataset_8_1_6.csv,crp_dataset_8_1_1.csv,0.6242749094963074,0.8194444444330632,0.46825396825025195,59,13,67,117,0.0252685546875,0.0067708333333333336,0.018497721354166666
MLP,4,0.5,1.0,crp_dataset_8_1_2.csv|crp_dataset_8_1_4.csv|crp_dataset_8_1_3.csv|crp_dataset_8_1_6.csv,crp_dataset_8_1_5.csv,0.6242749094963074,0.7362637362556455,0.6699999999933,67,24,33,132,0.039282226562499994,0.010782967032967035,0.028499259529532958
MLP,4,0.5,1.0,crp_dataset_8_1_2.csv|crp_dataset_8_1_4.csv|crp_dataset_8_1_3.csv|crp_dataset_8_1_5.csv,crp_dataset_8_1_7.csv,0.7142707109451294,0.925110132154515,0.9545454545411157,210,17,10,19,0.0095703125,0.0030561674008810578,0.006514145099118943
MLP,4,0.5,1.0,crp_dataset_8_1_2.csv|crp_dataset_8_1_4.csv|crp_dataset_8_1_3.csv|crp_dataset_8_1_5.csv,crp_dataset_8_1_8.csv,0.7142707109451294,0.7534246575239256,0.39855072463479313,55,18,83,100,0.0283203125,0.009845890410958904,0.018474422089041098
MLP,4,0.5,1.0,crp_dataset_8_1_2.csv|crp_dataset_8_1_4.csv|crp_dataset_8_1_3.csv|crp_dataset_8_1_5.csv,crp_dataset_8_1_1.csv,0.7142707109451294,0.8852459016248321,0.4285714285680272,54,7,72,123,0.0252685546875,0.0035860655737704923,0.021682489113729508
MLP,4,0.5,1.0,crp_dataset_8_1_2.csv|crp_dataset_8_1_4.csv|crp_dataset_8_1_3.csv|crp_dataset_8_1_5.csv,crp_dataset_8_1_6.csv,0.7142707109451294,0.8620689655073325,0.5357142857104592,75,12,65,104,0.026928710937499996,0.006178160919540231,0.020750550017959765
MLP,4,0.5,1.0,crp_dataset_8_1_2.csv|crp_dataset_8_1_4.csv|crp_dataset_8_1_1.csv|crp_dataset_8_1_6.csv,crp_dataset_8_1_7.csv,0.6212705969810486,0.9562043795550643,0.5954545454518388,131,6,89,30,0.0095703125,0.0011405109489051094,0.00842980155109489
MLP,4,0.5,1.0,crp_dataset_8_1_2.csv|crp_dataset_8_1_4.csv|crp_dataset_8_1_1.csv|crp_dataset_8_1_6.csv,crp_dataset_8_1_8.csv,0.6212705969810486,0.6707317073088935,0.39855072463479313,55,27,83,91,0.0283203125,0.022865853658536585,0.005454458841463415
MLP,4,0.5,1.0,crp_dataset_8_1_2.csv|crp_dataset_8_1_4.csv|crp_dataset_8_1_1.csv|crp_dataset_8_1_6.csv,crp_dataset_8_1_3.csv,0.6212705969810486,0.8981481481398319,0.5606936416152561,97,11,76,72,0.0196044921875,0.005092592592592593,0.014511899594907406
MLP,4,0.5,1.0,crp_dataset_8_1_2.csv|crp_dataset_8_1_4.csv|crp_dataset_8_1_1.csv|crp_dataset_8_1_6.csv,crp_dataset_8_1_5.csv,0.6212705969810486,0.6666666666601307,0.6799999999931999,68,34,32,122,0.039282226562499994,0.016911764705882355,0.02237046185661764
MLP,4,0.5,1.0,crp_dataset_8_1_2.csv|crp_dataset_8_1_4.csv|crp_dataset_8_1_1.csv|crp_dataset_8_1_5.csv,crp_dataset_8_1_7.csv,0.6054954528808594,0.9526315789423546,0.8227272727235331,181,9,39,27,0.0095703125,0.0021710526315789473,0.007399259868421054
MLP,4,0.5,1.0,crp_dataset_8_1_2.csv|crp_dataset_8_1_4.csv|crp_dataset_8_1_1.csv|crp_dataset_8_1_5.csv,crp_dataset_8_1_8.csv,0.6054954528808594,0.7727272727155647,0.36956521738862635,51,15,87,103,0.0283203125,0.014109848484848486,0.014210464015151514
MLP,4,0.5,1.0,crp_dataset_8_1_2.csv|crp_dataset_8_1_4.csv|crp_dataset_8_1_1.csv|crp_dataset_8_1_5.csv,crp_dataset_8_1_3.csv,0.6054954528808594,0.9326923076833394,0.5606936416152561,97,7,76,76,0.0196044921875,0.002884615384615385,0.016719876802884615
MLP,4,0.5,1.0,crp_dataset_8_1_2.csv|crp_dataset_8_1_4.csv|crp_dataset_8_1_1.csv|crp_dataset_8_1_5.csv,crp_dataset_8_1_6.csv,0.6054954528808594,0.8888888888765432,0.45714285713959185,64,8,76,108,0.026928710937499996,0.005729166666666667,0.02119954427083333
MLP,4,0.5,1.0,crp_dataset_8_1_2.csv|crp_dataset_8_1_4.csv|crp_dataset_8_1_6.csv|crp_dataset_8_1_5.csv,crp_dataset_8_1_7.csv,0.617358386516571,0.9495798319247934,0.513636363634029,113,6,107,30,0.0095703125,0.001523109243697479,0.008047203256302522
MLP,4,0.5,1.0,crp_dataset_8_1_2.csv|crp_dataset_8_1_4.csv|crp_dataset_8_1_6.csv|crp_dataset_8_1_5.csv,crp_dataset_8_1_8.csv,0.617358386516571,0.6818181818078513,0.3260869565193762,45,21,93,97,0.0283203125,0.0125,0.0158203125
MLP,4,0.5,1.0,crp_dataset_8_1_2.csv|crp_dataset_8_1_4.csv|crp_dataset_8_1_6.csv|crp_dataset_8_1_5.csv,crp_dataset_8_1_3.csv,0.617358386516571,0.9381443298872356,0.5260115606906012,91,6,82,77,0.0196044921875,0.002319587628865979,0.01728490455863402
MLP,4,0.5,1.0,crp_dataset_8_1_2.csv|crp_dataset_8_1_4.csv|crp_dataset_8_1_6.csv|crp_dataset_8_1_5.csv,crp_dataset_8_1_1.csv,0.617358386516571,0.8208955223758075,0.43650793650447217,55,12,71,118,0.0252685546875,0.006623134328358209,0.018645420359141792
MLP,4,0.5,1.0,crp_dataset_8_1_2.csv|crp_dataset_8_1_8.csv|crp_dataset_8_1_3.csv|crp_dataset_8_1_1.csv,crp_dataset_8_1_7.csv,0.6013226509094238,0.9008264462772694,0.9909090909045868,218,24,2,12,0.0095703125,0.006043388429752066,0.003526924070247935
MLP,4,0.5,1.0,crp_dataset_8_1_2.csv|crp_dataset_8_1_8.csv|crp_dataset_8_1_3.csv|crp_dataset_8_1_1.csv,crp_dataset_8_1_4.csv,0.6013226509094238,0.7586206896499406,0.8396946564821398,110,35,21,90,0.023046875,0.011163793103448276,0.011883081896551725
MLP,4,0.5,1.0,crp_dataset_8_1_2.csv|crp_dataset_8_1_8.csv|crp_dataset_8_1_3.csv|crp_dataset_8_1_1.csv,crp_dataset_8_1_6.csv,0.6013226509094238,0.6857142857093879,0.6857142857093879,96,44,44,72,0.026928710937499996,0.017812500000000002,0.009116210937499994
MLP,4,0.5,1.0,crp_dataset_8_1_2.csv|crp_dataset_8_1_8.csv|crp_dataset_8_1_3.csv|crp_dataset_8_1_1.csv,crp_dataset_8_1_5.csv,0.6013226509094238,0.7499999999925,0.7499999999925,75,25,25,131,0.039282226562499994,0.010374999999999999,0.028907226562499996
MLP,4,0.5,1.0,crp_dataset_8_1_2.csv|crp_dataset_8_1_8.csv|crp_dataset_8_1_3.csv|crp_dataset_8_1_6.csv,crp_dataset_8_1_7.csv,0.611097514629364,0.9235294117592734,0.7136363636331199,157,13,63,23,0.0095703125,0.003014705882352941,0.00655560661764706
MLP,4,0.5,1.0,crp_dataset_8_1_2.csv|crp_dataset_8_1_8.csv|crp_dataset_8_1_3.csv|crp_dataset_8_1_6.csv,crp_dataset_8_1_4.csv,0.611097514629364,0.8288288288213619,0.7022900763305169,92,19,39,106,0.023046875,0.007038288288288288,0.016008586711711712
MLP,4,0.5,1.0,crp_dataset_8_1_2.csv|crp_dataset_8_1_8.csv|crp_dataset_8_1_3.csv|crp_dataset_8_1_6.csv,crp_dataset_8_1_1.csv,0.611097514629364,0.797297297286523,0.46825396825025195,59,15,67,115,0.0252685546875,0.0059121621621621625,0.019356392525337836
MLP,4,0.5,1.0,crp_dataset_8_1_2.csv|crp_dataset_8_1_8.csv|crp_dataset_8_1_3.csv|crp_dataset_8_1_6.csv,crp_dataset_8_1_5.csv,0.611097514629364,0.7159090909009556,0.6299999999936999,63,25,37,131,0.039282226562499994,0.012357954545454545,0.026924272017045447
MLP,4,0.5,1.0,crp_dataset_8_1_2.csv|crp_dataset_8_1_8.csv|crp_dataset_8_1_3.csv|crp_dataset_8_1_5.csv,crp_dataset_8_1_7.csv,0.6002121567726135,0.9090909090867769,0.9090909090867769,200,20,20,16,0.0095703125,0.005511363636363636,0.004058948863636364
MLP,4,0.5,1.0,crp_dataset_8_1_2.csv|crp_dataset_8_1_8.csv|crp_dataset_8_1_3.csv|crp_dataset_8_1_5.csv,crp_dataset_8_1_4.csv,0.6002121567726135,0.8571428571352041,0.7328244274753221,96,16,35,109,0.023046875,0.0048549107142857135,0.018191964285714287
MLP,4,0.5,1.0,crp_dataset_8_1_2.csv|crp_dataset_8_1_8.csv|crp_dataset_8_1_3.csv|crp_dataset_8_1_5.csv,crp_dataset_8_1_1.csv,0.6002121567726135,0.910714285698023,0.40476190475869234,51,5,75,125,0.0252685546875,0.0035714285714285718,0.021697126116071427
MLP,4,0.5,1.0,crp_dataset_8_1_2.csv|crp_dataset_8_1_8.csv|crp_dataset_8_1_3.csv|crp_dataset_8_1_5.csv,crp_dataset_8_1_6.csv,0.6002121567726135,0.8452380952280328,0.5071428571392347,71,13,69,103,0.026928710937499996,0.008705357142857143,0.018223353794642853
MLP,4,0.5,1.0,crp_dataset_8_1_2.csv|crp_dataset_8_1_8.csv|crp_dataset_8_1_1.csv|crp_dataset_8_1_6.csv,crp_dataset_8_1_7.csv,0.6109803915023804,0.9465240641660614,0.8045454545417976,177,10,43,26,0.0095703125,0.0016711229946524064,0.007899189505347595
MLP,4,0.5,1.0,crp_dataset_8_1_2.csv|crp_dataset_8_1_8.csv|crp_dataset_8_1_1.csv|crp_dataset_8_1_6.csv,crp_dataset_8_1_4.csv,0.6109803915023804,0.9099999999909,0.6946564885443156,91,9,40,116,0.023046875,0.0029375,0.020109375000000002
MLP,4,0.5,1.0,crp_dataset_8_1_2.csv|crp_dataset_8_1_8.csv|crp_dataset_8_1_1.csv|crp_dataset_8_1_6.csv,crp_dataset_8_1_3.csv,0.6109803915023804,0.9313725490104767,0.5491329479737045,95,7,78,76,0.0196044921875,0.0027573529411764708,0.016847139246323528
MLP,4,0.5,1.0,crp_dataset_8_1_2.csv|crp_dataset_8_1_8.csv|crp_dataset_8_1_1.csv|crp_dataset_8_1_6.csv,crp_dataset_8_1_5.csv,0.6109803915023804,0.7999999999905882,0.6799999999931999,68,17,32,139,0.039282226562499994,0.0071323529411764725,0.03214987362132352
MLP,4,0.5,1.0,crp_dataset_8_1_2.csv|crp_dataset_8_1_8.csv|crp_dataset_8_1_1.csv|crp_dataset_8_1_5.csv,crp_dataset_8_1_7.csv,0.6849833726882935,0.9012875536442005,0.9545454545411157,210,23,10,13,0.0095703125,0.005874463519313305,0.0036958489806866958
MLP,4,0.5,1.0,crp_dataset_8_1_2.csv|crp_dataset_8_1_8.csv|crp_dataset_8_1_1.csv|crp_dataset_8_1_5.csv,crp_dataset_8_1_4.csv,0.6849833726882935,0.7410714285648118,0.6335877862547055,83,29,48,96,0.023046875,0.012109375000000002,0.0109375
MLP,4,0.5,1.0,crp_dataset_8_1_2.csv|crp_dataset_8_1_8.csv|crp_dataset_8_1_1.csv|crp_dataset_8_1_5.csv,crp_dataset_8_1_3.csv,0.6849833726882935,0.8549618320545423,0.6473988439268937,112,19,61,64,0.0196044921875,0.009637404580152671,0.009967087607347328
MLP,4,0.5,1.0,crp_dataset_8_1_2.csv|crp_dataset_8_1_8.csv|crp_dataset_8_1_1.csv|crp_dataset_8_1_5.csv,crp_dataset_8_1_6.csv,0.6849833726882935,0.5935483870929449,0.6571428571381633,92,63,48,53,0.026928710937499996,0.02350806451612903,0.0034206464213709653
MLP,4,0.5,1.0,crp_dataset_8_1_2.csv|crp_dataset_8_1_8.csv|crp_dataset_8_1_6.csv|crp_dataset_8_1_5.csv,crp_dataset_8_1_7.csv,0.6485851407051086,0.9385474860282763,0.7636363636328926,168,11,52,25,0.0095703125,0.002339385474860335,0.007230927025139666
MLP,4,0.5,1.0,crp_dataset_8_1_2.csv|crp_dataset_8_1_8.csv|crp_dataset_8_1_6.csv|crp_dataset_8_1_5.csv,crp_dataset_8_1_4.csv,0.6485851407051086,0.8899999999911,0.6793893129719131,89,11,42,114,0.023046875,0.0038125,0.019234375
MLP,4,0.5,1.0,crp_dataset_8_1_2.csv|crp_dataset_8_1_8.csv|crp_dataset_8_1_6.csv|crp_dataset_8_1_5.csv,crp_dataset_8_1_3.csv,0.6485851407051086,0.9101123595403358,0.46820809248284273,81,8,92,75,0.0196044921875,0.004002808988764045,0.015601683198735955
MLP,4,0.5,1.0,crp_dataset_8_1_2.csv|crp_dataset_8_1_8.csv|crp_dataset_8_1_6.csv|crp_dataset_8_1_5.csv,crp_dataset_8_1_1.csv,0.6485851407051086,0.842857142845102,0.46825396825025195,59,11,67,119,0.0252685546875,0.007857142857142858,0.017411411830357142
MLP,4,0.5,1.0,crp_dataset_8_1_2.csv|crp_dataset_8_1_3.csv|crp_dataset_8_1_1.csv|crp_dataset_8_1_6.csv,crp_dataset_8_1_7.csv,0.601546049118042,0.9197860962517659,0.7818181818146281,172,15,48,21,0.0095703125,0.004177807486631016,0.005392505013368984
MLP,4,0.5,1.0,crp_dataset_8_1_2.csv|crp_dataset_8_1_3.csv|crp_dataset_8_1_1.csv|crp_dataset_8_1_6.csv,crp_dataset_8_1_4.csv,0.601546049118042,0.8918918918838568,0.7557251908339259,99,12,32,113,0.023046875,0.0033783783783783777,0.019668496621621623
MLP,4,0.5,1.0,crp_dataset_8_1_2.csv|crp_dataset_8_1_3.csv|crp_dataset_8_1_1.csv|crp_dataset_8_1_6.csv,crp_dataset_8_1_8.csv,0.601546049118042,0.6263736263667431,0.4130434782578765,57,34,81,84,0.0283203125,0.025000000000000005,0.003320312499999995
MLP,4,0.5,1.0,crp_dataset_8_1_2.csv|crp_dataset_8_1_3.csv|crp_dataset_8_1_1.csv|crp_dataset_8_1_6.csv,crp_dataset_8_1_5.csv,0.601546049118042,0.688172043003353,0.6399999999936,64,29,36,127,0.039282226562499994,0.015053763440860214,0.02422846312163978
MLP,4,0.5,1.0,crp_dataset_8_1_2.csv|crp_dataset_8_1_3.csv|crp_dataset_8_1_1.csv|crp_dataset_8_1_5.csv,crp_dataset_8_1_7.csv,0.6094182729721069,0.9174311926563421,0.9090909090867769,200,18,20,18,0.0095703125,0.0045584862385321095,0.005011826261467891
MLP,4,0.5,1.0,crp_dataset_8_1_2.csv|crp_dataset_8_1_3.csv|crp_dataset_8_1_1.csv|crp_dataset_8_1_5.csv,crp_dataset_8_1_4.csv,0.6094182729721069,0.8627450980307574,0.6717557251857118,88,14,43,111,0.023046875,0.007536764705882353,0.015510110294117647
MLP,4,0.5,1.0,crp_dataset_8_1_2.csv|crp_dataset_8_1_3.csv|crp_dataset_8_1_1.csv|crp_dataset_8_1_5.csv,crp_dataset_8_1_8.csv,0.6094182729721069,0.7011494252792971,0.4420289855040433,61,26,77,92,0.0283203125,0.014870689655172416,0.013449622844827584
MLP,4,0.5,1.0,crp_dataset_8_1_2.csv|crp_dataset_8_1_3.csv|crp_dataset_8_1_1.csv|crp_dataset_8_1_5.csv,crp_dataset_8_1_6.csv,0.6094182729721069,0.7456140350811788,0.6071428571385205,85,29,55,87,0.026928710937499996,0.014583333333333334,0.012345377604166662
MLP,4,0.5,1.0,crp_dataset_8_1_2.csv|crp_dataset_8_1_3.csv|crp_dataset_8_1_6.csv|crp_dataset_8_1_5.csv,crp_dataset_8_1_7.csv,0.7188371419906616,0.9590643274797717,0.7454545454511571,164,7,56,29,0.0095703125,0.0012792397660818713,0.00829107273391813
MLP,4,0.5,1.0,crp_dataset_8_1_2.csv|crp_dataset_8_1_3.csv|crp_dataset_8_1_6.csv|crp_dataset_8_1_5.csv,crp_dataset_8_1_4.csv,0.7188371419906616,0.906542056066294,0.7404580152615233,97,10,34,115,0.023046875,0.002394859813084112,0.02065201518691589
MLP,4,0.5,1.0,crp_dataset_8_1_2.csv|crp_dataset_8_1_3.csv|crp_dataset_8_1_6.csv|crp_dataset_8_1_5.csv,crp_dataset_8_1_8.csv,0.7188371419906616,0.7121212121104223,0.3405797101424596,47,19,91,99,0.0283203125,0.007386363636363636,0.020933948863636365
MLP,4,0.5,1.0,crp_dataset_8_1_2.csv|crp_dataset_8_1_3.csv|crp_dataset_8_1_6.csv|crp_dataset_8_1_5.csv,crp_dataset_8_1_1.csv,0.7188371419906616,0.8666666666522223,0.4126984126951373,52,8,74,122,0.0252685546875,0.0040625,0.0212060546875
MLP,4,0.5,1.0,crp_dataset_8_1_2.csv|crp_dataset_8_1_1.csv|crp_dataset_8_1_6.csv|crp_dataset_8_1_5.csv,crp_dataset_8_1_7.csv,0.6501099467277527,0.9533678756427287,0.8363636363598348,184,9,36,27,0.0095703125,0.0013924870466321246,0.008177825453367876
MLP,4,0.5,1.0,crp_dataset_8_1_2.csv|crp_dataset_8_1_1.csv|crp_dataset_8_1_6.csv|crp_dataset_8_1_5.csv,crp_dataset_8_1_4.csv,0.6501099467277527,0.9189189189106404,0.7786259541925297,102,9,29,116,0.023046875,0.0023085585585585584,0.020738316441441442
MLP,4,0.5,1.0,crp_dataset_8_1_2.csv|crp_dataset_8_1_1.csv|crp_dataset_8_1_6.csv|crp_dataset_8_1_5.csv,crp_dataset_8_1_8.csv,0.6501099467277527,0.7846153846033136,0.36956521738862635,51,14,87,104,0.0283203125,0.0075,0.0208203125
MLP,4,0.5,1.0,crp_dataset_8_1_2.csv|crp_dataset_8_1_1.csv|crp_dataset_8_1_6.csv|crp_dataset_8_1_5.csv,crp_dataset_8_1_3.csv,0.6501099467277527,0.9428571428481632,0.5722543352568078,99,6,74,77,0.0196044921875,0.0019047619047619045,0.017699730282738094
MLP,4,0.5,1.0,crp_dataset_8_1_7.csv|crp_dataset_8_1_4.csv|crp_dataset_8_1_8.csv|crp_dataset_8_1_3.csv,crp_dataset_8_1_2.csv,0.7199791073799133,0.7619047618975057,0.6722689075573759,80,25,39,112,0.039453125,0.01029761904761905,0.02915550595238095
MLP,4,0.5,1.0,crp_dataset_8_1_7.csv|crp_dataset_8_1_4.csv|crp_dataset_8_1_8.csv|crp_dataset_8_1_3.csv,crp_dataset_8_1_1.csv,0.7199791073799133,0.8309859154812537,0.46825396825025195,59,12,67,118,0.0252685546875,0.005369718309859156,0.019898836377640845
MLP,4,0.5,1.0,crp_dataset_8_1_7.csv|crp_dataset_8_1_4.csv|crp_dataset_8_1_8.csv|crp_dataset_8_1_3.csv,crp_dataset_8_1_6.csv,0.7199791073799133,0.9186046511521092,0.5642857142816837,79,7,61,109,0.026928710937499996,0.004069767441860465,0.02285894349563953
MLP,4,0.5,1.0,crp_dataset_8_1_7.csv|crp_dataset_8_1_4.csv|crp_dataset_8_1_8.csv|crp_dataset_8_1_3.csv,crp_dataset_8_1_5.csv,0.7199791073799133,0.7473684210447645,0.7099999999929,71,24,29,132,0.039282226562499994,0.011052631578947371,0.028229594983552625
MLP,4,0.5,1.0,crp_dataset_8_1_7.csv|crp_dataset_8_1_4.csv|crp_dataset_8_1_8.csv|crp_dataset_8_1_1.csv,crp_dataset_8_1_2.csv,0.6055941581726074,0.7297297297231555,0.6806722689018431,81,30,38,107,0.039453125,0.01328828828828829,0.026164836711711707
MLP,4,0.5,1.0,crp_dataset_8_1_7.csv|crp_dataset_8_1_4.csv|crp_dataset_8_1_8.csv|crp_dataset_8_1_1.csv,crp_dataset_8_1_3.csv,0.6055941581726074,0.8749999999931641,0.6473988439268937,112,16,61,67,0.0196044921875,0.006591796875000001,0.0130126953125
MLP,4,0.5,1.0,crp_dataset_8_1_7.csv|crp_dataset_8_1_4.csv|crp_dataset_8_1_8.csv|crp_dataset_8_1_1.csv,crp_dataset_8_1_6.csv,0.6055941581726074,0.8383838383753698,0.5928571428529082,83,16,57,100,0.026928710937499996,0.00909090909090909,0.017837801846590905
MLP,4,0.5,1.0,crp_dataset_8_1_7.csv|crp_dataset_8_1_4.csv|crp_dataset_8_1_8.csv|crp_dataset_8_1_1.csv,crp_dataset_8_1_5.csv,0.6055941581726074,0.7599999999924,0.7599999999924,76,24,24,132,0.039282226562499994,0.009750000000000002,0.029532226562499993
MLP,4,0.5,1.0,crp_dataset_8_1_7.csv|crp_dataset_8_1_4.csv|crp_dataset_8_1_8.csv|crp_dataset_8_1_6.csv,crp_dataset_8_1_2.csv,0.6919920444488525,0.8369565217300331,0.6470588235239743,77,15,42,122,0.039453125,0.005502717391304349,0.03395040760869565
MLP,4,0.5,1.0,crp_dataset_8_1_7.csv|crp_dataset_8_1_4.csv|crp_dataset_8_1_8.csv|crp_dataset_8_1_6.csv,crp_dataset_8_1_3.csv,0.6919920444488525,0.936936936928496,0.601156069360687,104,7,69,76,0.0196044921875,0.001858108108108108,0.017746384079391893
MLP,4,0.5,1.0,crp_dataset_8_1_7.csv|crp_dataset_8_1_4.csv|crp_dataset_8_1_8.csv|crp_dataset_8_1_6.csv,crp_dataset_8_1_1.csv,0.6919920444488525,0.86885245900215,0.42063492063158225,53,8,73,122,0.0252685546875,0.0044057377049180335,0.020862816982581966
MLP,4,0.5,1.0,crp_dataset_8_1_7.csv|crp_dataset_8_1_4.csv|crp_dataset_8_1_8.csv|crp_dataset_8_1_6.csv,crp_dataset_8_1_5.csv,0.6919920444488525,0.7956989247226268,0.7399999999926,74,19,26,137,0.039282226562499994,0.006854838709677421,0.03242738785282257
MLP,4,0.5,1.0,crp_dataset_8_1_7.csv|crp_dataset_8_1_4.csv|crp_dataset_8_1_8.csv|crp_dataset_8_1_5.csv,crp_dataset_8_1_2.csv,0.7123823165893555,0.7804878048685306,0.5378151260459006,64,18,55,119,0.039453125,0.01013719512195122,0.029315929878048777
MLP,4,0.5,1.0,crp_dataset_8_1_7.csv|crp_dataset_8_1_4.csv|crp_dataset_8_1_8.csv|crp_dataset_8_1_5.csv,crp_dataset_8_1_3.csv,0.7123823165893555,0.8981481481398319,0.5606936416152561,97,11,76,72,0.0196044921875,0.0038773148148148148,0.015727177372685183
MLP,4,0.5,1.0,crp_dataset_8_1_7.csv|crp_dataset_8_1_4.csv|crp_dataset_8_1_8.csv|crp_dataset_8_1_5.csv,crp_dataset_8_1_1.csv,0.7123823165893555,0.8599999999828001,0.3412698412671328,43,7,83,123,0.0252685546875,0.005875,0.0193935546875
MLP,4,0.5,1.0,crp_dataset_8_1_7.csv|crp_dataset_8_1_4.csv|crp_dataset_8_1_8.csv|crp_dataset_8_1_5.csv,crp_dataset_8_1_6.csv,0.7123823165893555,0.8846153846040433,0.4928571428536225,69,9,71,107,0.026928710937499996,0.005608974358974359,0.021319736578525636
MLP,4,0.5,1.0,crp_dataset_8_1_7.csv|crp_dataset_8_1_4.csv|crp_dataset_8_1_3.csv|crp_dataset_8_1_1.csv,crp_dataset_8_1_2.csv,0.6773130297660828,0.7809523809449432,0.6890756302463102,82,23,37,114,0.039453125,0.011011904761904764,0.028441220238095234
MLP,4,0.5,1.0,crp_dataset_8_1_7.csv|crp_dataset_8_1_4.csv|crp_dataset_8_1_3.csv|crp_dataset_8_1_1.csv,crp_dataset_8_1_8.csv,0.6773130297660828,0.7303370786434793,0.47101449275021007,65,24,73,94,0.0283203125,0.009620786516853934,0.018699525983146066
MLP,4,0.5,1.0,crp_dataset_8_1_7.csv|crp_dataset_8_1_4.csv|crp_dataset_8_1_3.csv|crp_dataset_8_1_1.csv,crp_dataset_8_1_6.csv,0.6773130297660828,0.8901098901001087,0.5785714285672959,81,10,59,106,0.026928710937499996,0.006112637362637362,0.020816073574862634
MLP,4,0.5,1.0,crp_dataset_8_1_7.csv|crp_dataset_8_1_4.csv|crp_dataset_8_1_3.csv|crp_dataset_8_1_1.csv,crp_dataset_8_1_5.csv,0.6773130297660828,0.7653061224411704,0.7499999999925,75,23,25,133,0.039282226562499994,0.008864795918367346,0.03041743064413265
MLP,4,0.5,1.0,crp_dataset_8_1_7.csv|crp_dataset_8_1_4.csv|crp_dataset_8_1_3.csv|crp_dataset_8_1_6.csv,crp_dataset_8_1_2.csv,0.6839645504951477,0.7864077669826562,0.6806722689018431,81,22,38,115,0.039453125,0.008373786407766991,0.031079338592233007
MLP,4,0.5,1.0,crp_dataset_8_1_7.csv|crp_dataset_8_1_4.csv|crp_dataset_8_1_3.csv|crp_dataset_8_1_6.csv,crp_dataset_8_1_8.csv,0.6839645504951477,0.6853932584192652,0.4420289855040433,61,28,77,90,0.0283203125,0.014115168539325844,0.014205143960674156
MLP,4,0.5,1.0,crp_dataset_8_1_7.csv|crp_dataset_8_1_4.csv|crp_dataset_8_1_3.csv|crp_dataset_8_1_6.csv,crp_dataset_8_1_1.csv,0.6839645504951477,0.8333333333217592,0.4761904761866969,60,12,66,118,0.0252685546875,0.005555555555555556,0.019712999131944443
MLP,4,0.5,1.0,crp_dataset_8_1_7.csv|crp_dataset_8_1_4.csv|crp_dataset_8_1_3.csv|crp_dataset_8_1_6.csv,crp_dataset_8_1_5.csv,0.6839645504951477,0.7789473684128532,0.7399999999926,74,21,26,135,0.039282226562499994,0.007565789473684211,0.03171643708881578
MLP,4,0.5,1.0,crp_dataset_8_1_7.csv|crp_dataset_8_1_4.csv|crp_dataset_8_1_3.csv|crp_dataset_8_1_5.csv,crp_dataset_8_1_2.csv,0.7728849649429321,0.9041095890287107,0.5546218487348351,66,7,53,130,0.039453125,0.003339041095890411,0.036114083904109584
MLP,4,0.5,1.0,crp_dataset_8_1_7.csv|crp_dataset_8_1_4.csv|crp_dataset_8_1_3.csv|crp_dataset_8_1_5.csv,crp_dataset_8_1_8.csv,0.7728849649429321,0.7826086956408317,0.39130434782325146,54,15,84,103,0.0283203125,0.006431159420289854,0.021889153079710146
MLP,4,0.5,1.0,crp_dataset_8_1_7.csv|crp_dataset_8_1_4.csv|crp_dataset_8_1_3.csv|crp_dataset_8_1_5.csv,crp_dataset_8_1_1.csv,0.7728849649429321,0.9215686274329105,0.37301587301291256,47,4,79,126,0.0252685546875,0.0020833333333333333,0.023185221354166667
MLP,4,0.5,1.0,crp_dataset_8_1_7.csv|crp_dataset_8_1_4.csv|crp_dataset_8_1_3.csv|crp_dataset_8_1_5.csv,crp_dataset_8_1_6.csv,0.7728849649429321,0.9264705882216695,0.44999999999678575,63,5,77,111,0.026928710937499996,0.002297794117647059,0.024630916819852938
MLP,4,0.5,1.0,crp_dataset_8_1_7.csv|crp_dataset_8_1_4.csv|crp_dataset_8_1_1.csv|crp_dataset_8_1_6.csv,crp_dataset_8_1_2.csv,0.6760573387145996,0.7714285714212245,0.6806722689018431,81,24,38,113,0.039453125,0.008214285714285714,0.031238839285714283
MLP,4,0.5,1.0,crp_dataset_8_1_7.csv|crp_dataset_8_1_4.csv|crp_dataset_8_1_1.csv|crp_dataset_8_1_6.csv,crp_dataset_8_1_8.csv,0.6760573387145996,0.7111111111032099,0.4637681159386684,64,26,74,92,0.0283203125,0.012500000000000002,0.015820312499999996
MLP,4,0.5,1.0,crp_dataset_8_1_7.csv|crp_dataset_8_1_4.csv|crp_dataset_8_1_1.csv|crp_dataset_8_1_6.csv,crp_dataset_8_1_3.csv,0.6760573387145996,0.9333333333255556,0.6473988439268937,112,8,61,75,0.0196044921875,0.0025520833333333337,0.017052408854166666
MLP,4,0.5,1.0,crp_dataset_8_1_7.csv|crp_dataset_8_1_4.csv|crp_dataset_8_1_1.csv|crp_dataset_8_1_6.csv,crp_dataset_8_1_5.csv,0.6760573387145996,0.7326732673194785,0.7399999999926,74,27,26,129,0.039282226562499994,0.01014851485148515,0.029133711711014844
MLP,4,0.5,1.0,crp_dataset_8_1_7.csv|crp_dataset_8_1_4.csv|crp_dataset_8_1_1.csv|crp_dataset_8_1_5.csv,crp_dataset_8_1_2.csv,0.652492880821228,0.8481012658120494,0.5630252100793023,67,12,52,125,0.039453125,0.004193037974683543,0.03526008702531645
MLP,4,0.5,1.0,crp_dataset_8_1_7.csv|crp_dataset_8_1_4.csv|crp_dataset_8_1_1.csv|crp_dataset_8_1_5.csv,crp_dataset_8_1_8.csv,0.652492880821228,0.7727272727155647,0.36956521738862635,51,15,87,103,0.0283203125,0.0065340909090909095,0.02178622159090909
MLP,4,0.5,1.0,crp_dataset_8_1_7.csv|crp_dataset_8_1_4.csv|crp_dataset_8_1_1.csv|crp_dataset_8_1_5.csv,crp_dataset_8_1_3.csv,0.652492880821228,0.9183673469294044,0.5202312138698253,90,8,83,75,0.0196044921875,0.004209183673469388,0.015395308514030611
MLP,4,0.5,1.0,crp_dataset_8_1_7.csv|crp_dataset_8_1_4.csv|crp_dataset_8_1_1.csv|crp_dataset_8_1_5.csv,crp_dataset_8_1_6.csv,0.652492880821228,0.8783783783665083,0.464285714282398,65,9,75,107,0.026928710937499996,0.006925675675675675,0.02000303526182432
MLP,4,0.5,1.0,crp_dataset_8_1_7.csv|crp_dataset_8_1_4.csv|crp_dataset_8_1_6.csv|crp_dataset_8_1_5.csv,crp_dataset_8_1_2.csv,0.6252627372741699,0.8152173912954868,0.6302521008350399,75,17,44,120,0.039453125,0.0078125,0.031640625
MLP,4,0.5,1.0,crp_dataset_8_1_7.csv|crp_dataset_8_1_4.csv|crp_dataset_8_1_6.csv|crp_dataset_8_1_5.csv,crp_dataset_8_1_8.csv,0.6252627372741699,0.7428571428465306,0.3768115942001681,52,18,86,100,0.0283203125,0.010624999999999999,0.0176953125
MLP,4,0.5,1.0,crp_dataset_8_1_7.csv|crp_dataset_8_1_4.csv|crp_dataset_8_1_6.csv|crp_dataset_8_1_5.csv,crp_dataset_8_1_3.csv,0.6252627372741699,0.9298245613953524,0.6127167630022387,106,8,67,75,0.0196044921875,0.00268640350877193,0.016918088678728068
MLP,4,0.5,1.0,crp_dataset_8_1_7.csv|crp_dataset_8_1_4.csv|crp_dataset_8_1_6.csv|crp_dataset_8_1_5.csv,crp_dataset_8_1_1.csv,0.6252627372741699,0.8852459016248321,0.4285714285680272,54,7,72,123,0.0252685546875,0.003278688524590164,0.021989866162909835
MLP,4,0.5,1.0,crp_dataset_8_1_7.csv|crp_dataset_8_1_8.csv|crp_dataset_8_1_3.csv|crp_dataset_8_1_1.csv,crp_dataset_8_1_2.csv,0.6136664748191833,0.6312056737543886,0.7478991596575807,89,52,30,85,0.039453125,0.022872340425531917,0.016580784574468082
MLP,4,0.5,1.0,crp_dataset_8_1_7.csv|crp_dataset_8_1_8.csv|crp_dataset_8_1_3.csv|crp_dataset_8_1_1.csv,crp_dataset_8_1_4.csv,0.6136664748191833,0.7172413793053984,0.7938931297649322,104,41,27,84,0.023046875,0.01293103448275862,0.010115840517241381
MLP,4,0.5,1.0,crp_dataset_8_1_7.csv|crp_dataset_8_1_8.csv|crp_dataset_8_1_3.csv|crp_dataset_8_1_1.csv,crp_dataset_8_1_6.csv,0.6136664748191833,0.6167664670621751,0.7357142857090306,103,64,37,52,0.026928710937499996,0.02462574850299401,0.0023029624345059854
MLP,4,0.5,1.0,crp_dataset_8_1_7.csv|crp_dataset_8_1_8.csv|crp_dataset_8_1_3.csv|crp_dataset_8_1_1.csv,crp_dataset_8_1_5.csv,0.6136664748191833,0.7399999999926,0.7399999999926,74,26,26,130,0.039282226562499994,0.008250000000000002,0.031032226562499994
MLP,4,0.5,1.0,crp_dataset_8_1_7.csv|crp_dataset_8_1_8.csv|crp_dataset_8_1_3.csv|crp_dataset_8_1_6.csv,crp_dataset_8_1_2.csv,0.6141318678855896,0.7033898305025136,0.6974789915907774,83,35,36,102,0.039453125,0.015836864406779665,0.023616260593220334
MLP,4,0.5,1.0,crp_dataset_8_1_7.csv|crp_dataset_8_1_8.csv|crp_dataset_8_1_3.csv|crp_dataset_8_1_6.csv,crp_dataset_8_1_4.csv,0.6141318678855896,0.7602739725975324,0.8473282442683411,111,35,20,90,0.023046875,0.011558219178082191,0.01148865582191781
MLP,4,0.5,1.0,crp_dataset_8_1_7.csv|crp_dataset_8_1_8.csv|crp_dataset_8_1_3.csv|crp_dataset_8_1_6.csv,crp_dataset_8_1_1.csv,0.6141318678855896,0.7333333333251851,0.5238095238053666,66,24,60,106,0.0252685546875,0.011180555555555555,0.014087999131944445
MLP,4,0.5,1.0,crp_dataset_8_1_7.csv|crp_dataset_8_1_8.csv|crp_dataset_8_1_3.csv|crp_dataset_8_1_6.csv,crp_dataset_8_1_5.csv,0.6141318678855896,0.6446280991682262,0.7799999999921999,78,43,22,113,0.039282226562499994,0.017768595041322312,0.021513631521177683
MLP,4,0.5,1.0,crp_dataset_8_1_7.csv|crp_dataset_8_1_8.csv|crp_dataset_8_1_3.csv|crp_dataset_8_1_5.csv,crp_dataset_8_1_2.csv,0.6955366730690002,0.8089887640358541,0.6050420168016383,72,17,47,120,0.039453125,0.006811797752808989,0.03264132724719101
MLP,4,0.5,1.0,crp_dataset_8_1_7.csv|crp_dataset_8_1_8.csv|crp_dataset_8_1_3.csv|crp_dataset_8_1_5.csv,crp_dataset_8_1_4.csv,0.6955366730690002,0.8061224489713661,0.6030534351099004,79,19,52,106,0.023046875,0.009119897959183674,0.013926977040816328
MLP,4,0.5,1.0,crp_dataset_8_1_7.csv|crp_dataset_8_1_8.csv|crp_dataset_8_1_3.csv|crp_dataset_8_1_5.csv,crp_dataset_8_1_1.csv,0.6955366730690002,0.9661016948988796,0.45238095237736203,57,2,69,128,0.0252685546875,0.001271186440677966,0.023997368246822033
MLP,4,0.5,1.0,crp_dataset_8_1_7.csv|crp_dataset_8_1_8.csv|crp_dataset_8_1_3.csv|crp_dataset_8_1_5.csv,crp_dataset_8_1_6.csv,0.6955366730690002,0.7943925233570617,0.6071428571385205,85,22,55,94,0.026928710937499996,0.012616822429906542,0.014311888507593453
MLP,4,0.5,1.0,crp_dataset_8_1_7.csv|crp_dataset_8_1_8.csv|crp_dataset_8_1_1.csv|crp_dataset_8_1_6.csv,crp_dataset_8_1_2.csv,0.6632769107818604,0.6904761904707105,0.7310924369686462,87,39,32,98,0.039453125,0.017609126984126987,0.02184399801587301
MLP,4,0.5,1.0,crp_dataset_8_1_7.csv|crp_dataset_8_1_8.csv|crp_dataset_8_1_1.csv|crp_dataset_8_1_6.csv,crp_dataset_8_1_4.csv,0.6632769107818604,0.7985074626806082,0.816793893123536,107,27,24,98,0.023046875,0.009701492537313432,0.013345382462686569
MLP,4,0.5,1.0,crp_dataset_8_1_7.csv|crp_dataset_8_1_8.csv|crp_dataset_8_1_1.csv|crp_dataset_8_1_6.csv,crp_dataset_8_1_3.csv,0.6632769107818604,0.8625954198407436,0.6531791907476695,113,18,60,65,0.0196044921875,0.006345419847328245,0.013259072340171756
MLP,4,0.5,1.0,crp_dataset_8_1_7.csv|crp_dataset_8_1_8.csv|crp_dataset_8_1_1.csv|crp_dataset_8_1_6.csv,crp_dataset_8_1_5.csv,0.6632769107818604,0.6756756756695885,0.7499999999925,75,36,25,120,0.039282226562499994,0.016103603603603606,0.02317862295889639
MLP,4,0.5,1.0,crp_dataset_8_1_7.csv|crp_dataset_8_1_8.csv|crp_dataset_8_1_1.csv|crp_dataset_8_1_5.csv,crp_dataset_8_1_2.csv,0.6177659034729004,0.5866666666627556,0.7394957983131134,88,62,31,75,0.039453125,0.03158333333333334,0.00786979166666666
MLP,4,0.5,1.0,crp_dataset_8_1_7.csv|crp_dataset_8_1_8.csv|crp_dataset_8_1_1.csv|crp_dataset_8_1_5.csv,crp_dataset_8_1_4.csv,0.6177659034729004,0.6530612244853534,0.7328244274753221,96,51,35,74,0.023046875,0.018239795918367347,0.004807079081632654
MLP,4,0.5,1.0,crp_dataset_8_1_7.csv|crp_dataset_8_1_8.csv|crp_dataset_8_1_1.csv|crp_dataset_8_1_5.csv,crp_dataset_8_1_3.csv,0.6177659034729004,0.7999999999948387,0.7167630057762038,124,31,49,52,0.0196044921875,0.01153225806451613,0.008072234122983869
MLP,4,0.5,1.0,crp_dataset_8_1_7.csv|crp_dataset_8_1_8.csv|crp_dataset_8_1_1.csv|crp_dataset_8_1_5.csv,crp_dataset_8_1_6.csv,0.6177659034729004,0.5857988165645811,0.7071428571378062,99,70,41,46,0.026928710937499996,0.026146449704142007,0.0007822612333579886
MLP,4,0.5,1.0,crp_dataset_8_1_7.csv|crp_dataset_8_1_8.csv|crp_dataset_8_1_6.csv|crp_dataset_8_1_5.csv,crp_dataset_8_1_2.csv,0.7536124587059021,0.8433734939657425,0.5882352941127039,70,13,49,124,0.039453125,0.004743975903614457,0.03470914909638554
MLP,4,0.5,1.0,crp_dataset_8_1_7.csv|crp_dataset_8_1_8.csv|crp_dataset_8_1_6.csv|crp_dataset_8_1_5.csv,crp_dataset_8_1_4.csv,0.7536124587059021,0.9405940593966278,0.7251908396891208,95,6,36,119,0.023046875,0.001608910891089109,0.02143796410891089
MLP,4,0.5,1.0,crp_dataset_8_1_7.csv|crp_dataset_8_1_8.csv|crp_dataset_8_1_6.csv|crp_dataset_8_1_5.csv,crp_dataset_8_1_3.csv,0.7536124587059021,0.9423076922986316,0.566473988436032,98,6,75,77,0.0196044921875,0.0026442307692307694,0.01696026141826923
MLP,4,0.5,1.0,crp_dataset_8_1_7.csv|crp_dataset_8_1_8.csv|crp_dataset_8_1_6.csv|crp_dataset_8_1_5.csv,crp_dataset_8_1_1.csv,0.7536124587059021,0.9607843137066514,0.3888888888858025,49,2,77,128,0.0252685546875,0.0013480392156862747,0.023920515471813727
MLP,4,0.5,1.0,crp_dataset_8_1_7.csv|crp_dataset_8_1_3.csv|crp_dataset_8_1_1.csv|crp_dataset_8_1_6.csv,crp_dataset_8_1_2.csv,0.6040881872177124,0.7155172413731421,0.6974789915907774,83,33,36,104,0.039453125,0.013846982758620693,0.025606142241379304
MLP,4,0.5,1.0,crp_dataset_8_1_7.csv|crp_dataset_8_1_3.csv|crp_dataset_8_1_1.csv|crp_dataset_8_1_6.csv,crp_dataset_8_1_4.csv,0.6040881872177124,0.8661417322766445,0.8396946564821398,110,17,21,108,0.023046875,0.006348425196850394,0.016698449803149606
MLP,4,0.5,1.0,crp_dataset_8_1_7.csv|crp_dataset_8_1_3.csv|crp_dataset_8_1_1.csv|crp_dataset_8_1_6.csv,crp_dataset_8_1_8.csv,0.6040881872177124,0.6421052631511357,0.4420289855040433,61,34,77,84,0.0283203125,0.018552631578947373,0.009767680921052627
MLP,4,0.5,1.0,crp_dataset_8_1_7.csv|crp_dataset_8_1_3.csv|crp_dataset_8_1_1.csv|crp_dataset_8_1_6.csv,crp_dataset_8_1_5.csv,0.6040881872177124,0.7129629629563614,0.7699999999923,77,31,23,125,0.039282226562499994,0.012268518518518519,0.027013708043981476
MLP,4,0.5,1.0,crp_dataset_8_1_7.csv|crp_dataset_8_1_3.csv|crp_dataset_8_1_1.csv|crp_dataset_8_1_5.csv,crp_dataset_8_1_2.csv,0.6422385573387146,0.7118644067736283,0.7058823529352447,84,34,35,103,0.039453125,0.01398305084745763,0.02547007415254237
MLP,4,0.5,1.0,crp_dataset_8_1_7.csv|crp_dataset_8_1_3.csv|crp_dataset_8_1_1.csv|crp_dataset_8_1_5.csv,crp_dataset_8_1_4.csv,0.6422385573387146,0.7463768115887944,0.7862595419787309,103,35,28,90,0.023046875,0.011730072463768115,0.011316802536231886
MLP,4,0.5,1.0,crp_dataset_8_1_7.csv|crp_dataset_8_1_3.csv|crp_dataset_8_1_1.csv|crp_dataset_8_1_5.csv,crp_dataset_8_1_8.csv,0.6422385573387146,0.6599999999934,0.4782608695617518,66,34,72,84,0.0283203125,0.018625,0.0096953125
MLP,4,0.5,1.0,crp_dataset_8_1_7.csv|crp_dataset_8_1_3.csv|crp_dataset_8_1_1.csv|crp_dataset_8_1_5.csv,crp_dataset_8_1_6.csv,0.6422385573387146,0.7404580152615233,0.6928571428521939,97,34,43,82,0.026928710937499996,0.015839694656488552,0.011089016281011443
MLP,4,0.5,1.0,crp_dataset_8_1_7.csv|crp_dataset_8_1_3.csv|crp_dataset_8_1_6.csv|crp_dataset_8_1_5.csv,crp_dataset_8_1_2.csv,0.7208930253982544,0.7959183673388172,0.6554621848684414,78,20,41,117,0.039453125,0.006760204081632653,0.03269292091836735
MLP,4,0.5,1.0,crp_dataset_8_1_7.csv|crp_dataset_8_1_3.csv|crp_dataset_8_1_6.csv|crp_dataset_8_1_5.csv,crp_dataset_8_1_4.csv,0.7208930253982544,0.8962264150858846,0.7251908396891208,95,11,36,114,0.023046875,0.0037146226415094344,0.019332252358490568
MLP,4,0.5,1.0,crp_dataset_8_1_7.csv|crp_dataset_8_1_3.csv|crp_dataset_8_1_6.csv|crp_dataset_8_1_5.csv,crp_dataset_8_1_8.csv,0.7208930253982544,0.7887323943550882,0.40579710144633485,56,15,82,103,0.0283203125,0.006778169014084507,0.021542143485915495
MLP,4,0.5,1.0,crp_dataset_8_1_7.csv|crp_dataset_8_1_3.csv|crp_dataset_8_1_6.csv|crp_dataset_8_1_5.csv,crp_dataset_8_1_1.csv,0.7208930253982544,0.874999999986328,0.4444444444409171,56,8,70,122,0.0252685546875,0.00439453125,0.0208740234375
MLP,4,0.5,1.0,crp_dataset_8_1_7.csv|crp_dataset_8_1_1.csv|crp_dataset_8_1_6.csv|crp_dataset_8_1_5.csv,crp_dataset_8_1_2.csv,0.6083963513374329,0.7623762376162141,0.6470588235239743,77,24,42,113,0.039453125,0.009777227722772277,0.02967589727722772
MLP,4,0.5,1.0,crp_dataset_8_1_7.csv|crp_dataset_8_1_1.csv|crp_dataset_8_1_6.csv|crp_dataset_8_1_5.csv,crp_dataset_8_1_4.csv,0.6083963513374329,0.8583333333261806,0.7862595419787309,103,17,28,108,0.023046875,0.004791666666666667,0.018255208333333335
MLP,4,0.5,1.0,crp_dataset_8_1_7.csv|crp_dataset_8_1_1.csv|crp_dataset_8_1_6.csv|crp_dataset_8_1_5.csv,crp_dataset_8_1_8.csv,0.6083963513374329,0.6867469879435332,0.4130434782578765,57,26,81,92,0.0283203125,0.010692771084337348,0.017627541415662654
MLP,4,0.5,1.0,crp_dataset_8_1_7.csv|crp_dataset_8_1_1.csv|crp_dataset_8_1_6.csv|crp_dataset_8_1_5.csv,crp_dataset_8_1_3.csv,0.6083963513374329,0.9459459459374239,0.6069364161814629,105,6,68,77,0.0196044921875,0.0032094594594594596,0.01639503272804054
MLP,4,0.5,1.0,crp_dataset_8_1_4.csv|crp_dataset_8_1_8.csv|crp_dataset_8_1_3.csv|crp_dataset_8_1_1.csv,crp_dataset_8_1_2.csv,0.6723798513412476,0.7549019607769127,0.6470588235239743,77,25,42,112,0.039453125,0.01243872549019608,0.02701439950980392
MLP,4,0.5,1.0,crp_dataset_8_1_4.csv|crp_dataset_8_1_8.csv|crp_dataset_8_1_3.csv|crp_dataset_8_1_1.csv,crp_dataset_8_1_7.csv,0.6723798513412476,0.9377777777736099,0.9590909090865496,211,14,9,22,0.0095703125,0.002611111111111112,0.006959201388888889
MLP,4,0.5,1.0,crp_dataset_8_1_4.csv|crp_dataset_8_1_8.csv|crp_dataset_8_1_3.csv|crp_dataset_8_1_1.csv,crp_dataset_8_1_6.csv,0.6723798513412476,0.922077922065947,0.5071428571392347,71,6,69,110,0.026928710937499996,0.003490259740259741,0.023438451197240254
MLP,4,0.5,1.0,crp_dataset_8_1_4.csv|crp_dataset_8_1_8.csv|crp_dataset_8_1_3.csv|crp_dataset_8_1_1.csv,crp_dataset_8_1_5.csv,0.6723798513412476,0.7916666666584201,0.7599999999924,76,20,24,136,0.039282226562499994,0.006966145833333334,0.03231608072916666
MLP,4,0.5,1.0,crp_dataset_8_1_4.csv|crp_dataset_8_1_8.csv|crp_dataset_8_1_3.csv|crp_dataset_8_1_6.csv,crp_dataset_8_1_2.csv,0.6517810225486755,0.7857142857062682,0.6470588235239743,77,21,42,116,0.039453125,0.007971938775510204,0.031481186224489796
MLP,4,0.5,1.0,crp_dataset_8_1_4.csv|crp_dataset_8_1_8.csv|crp_dataset_8_1_3.csv|crp_dataset_8_1_6.csv,crp_dataset_8_1_7.csv,0.6517810225486755,0.9414893616971198,0.8045454545417976,177,11,43,25,0.0095703125,0.00285904255319149,0.006711269946808511
MLP,4,0.5,1.0,crp_dataset_8_1_4.csv|crp_dataset_8_1_8.csv|crp_dataset_8_1_3.csv|crp_dataset_8_1_6.csv,crp_dataset_8_1_1.csv,0.6517810225486755,0.8309859154812537,0.46825396825025195,59,12,67,118,0.0252685546875,0.005633802816901409,0.019634751870598592
MLP,4,0.5,1.0,crp_dataset_8_1_4.csv|crp_dataset_8_1_8.csv|crp_dataset_8_1_3.csv|crp_dataset_8_1_6.csv,crp_dataset_8_1_5.csv,0.6517810225486755,0.7373737373662891,0.7299999999926999,73,26,27,130,0.039282226562499994,0.010606060606060607,0.02867616595643939
MLP,4,0.5,1.0,crp_dataset_8_1_4.csv|crp_dataset_8_1_8.csv|crp_dataset_8_1_3.csv|crp_dataset_8_1_5.csv,crp_dataset_8_1_2.csv,0.6343227624893188,0.7878787878708294,0.6554621848684414,78,21,41,116,0.039453125,0.009406565656565656,0.030046559343434344
MLP,4,0.5,1.0,crp_dataset_8_1_4.csv|crp_dataset_8_1_8.csv|crp_dataset_8_1_3.csv|crp_dataset_8_1_5.csv,crp_dataset_8_1_7.csv,0.6343227624893188,0.9102564102525204,0.9681818181774174,213,21,7,15,0.0095703125,0.005021367521367521,0.00454894497863248
MLP,4,0.5,1.0,crp_dataset_8_1_4.csv|crp_dataset_8_1_8.csv|crp_dataset_8_1_3.csv|crp_dataset_8_1_5.csv,crp_dataset_8_1_1.csv,0.6343227624893188,0.8873239436494743,0.49999999999603173,63,8,63,122,0.0252685546875,0.005721830985915493,0.019546723701584508
MLP,4,0.5,1.0,crp_dataset_8_1_4.csv|crp_dataset_8_1_8.csv|crp_dataset_8_1_3.csv|crp_dataset_8_1_5.csv,crp_dataset_8_1_6.csv,0.6343227624893188,0.9080459770010569,0.5642857142816837,79,8,61,108,0.026928710937499996,0.003735632183908046,0.02319307875359195
MLP,4,0.5,1.0,crp_dataset_8_1_4.csv|crp_dataset_8_1_8.csv|crp_dataset_8_1_1.csv|crp_dataset_8_1_6.csv,crp_dataset_8_1_2.csv,0.6069105267524719,0.8068181818090134,0.5966386554571711,71,17,48,120,0.039453125,0.0078125,0.031640625
MLP,4,0.5,1.0,crp_dataset_8_1_4.csv|crp_dataset_8_1_8.csv|crp_dataset_8_1_1.csv|crp_dataset_8_1_6.csv,crp_dataset_8_1_7.csv,0.6069105267524719,0.9436619718265556,0.9136363636322108,201,12,19,24,0.0095703125,0.0018485915492957748,0.007721720950704226
MLP,4,0.5,1.0,crp_dataset_8_1_4.csv|crp_dataset_8_1_8.csv|crp_dataset_8_1_1.csv|crp_dataset_8_1_6.csv,crp_dataset_8_1_3.csv,0.6069105267524719,0.9313725490104767,0.5491329479737045,95,7,78,76,0.0196044921875,0.003799019607843137,0.01580547257965686
MLP,4,0.5,1.0,crp_dataset_8_1_4.csv|crp_dataset_8_1_8.csv|crp_dataset_8_1_1.csv|crp_dataset_8_1_6.csv,crp_dataset_8_1_5.csv,0.6069105267524719,0.7816091953933149,0.6799999999931999,68,19,32,137,0.039282226562499994,0.007040229885057472,0.03224199667744252
MLP,4,0.5,1.0,crp_dataset_8_1_4.csv|crp_dataset_8_1_8.csv|crp_dataset_8_1_1.csv|crp_dataset_8_1_5.csv,crp_dataset_8_1_2.csv,0.6343404650688171,0.7547169811249554,0.6722689075573759,80,26,39,111,0.039453125,0.01232311320754717,0.027130011792452828
MLP,4,0.5,1.0,crp_dataset_8_1_4.csv|crp_dataset_8_1_8.csv|crp_dataset_8_1_1.csv|crp_dataset_8_1_5.csv,crp_dataset_8_1_7.csv,0.6343404650688171,0.9148936170173835,0.9772727272682852,215,20,5,16,0.0095703125,0.004627659574468084,0.004942652925531916
MLP,4,0.5,1.0,crp_dataset_8_1_4.csv|crp_dataset_8_1_8.csv|crp_dataset_8_1_1.csv|crp_dataset_8_1_5.csv,crp_dataset_8_1_3.csv,0.6343404650688171,0.8524590163864553,0.601156069360687,104,18,69,65,0.0196044921875,0.00860655737704918,0.010997934810450818
MLP,4,0.5,1.0,crp_dataset_8_1_4.csv|crp_dataset_8_1_8.csv|crp_dataset_8_1_1.csv|crp_dataset_8_1_5.csv,crp_dataset_8_1_6.csv,0.6343404650688171,0.8023255813860194,0.4928571428536225,69,17,71,99,0.026928710937499996,0.012063953488372093,0.014864757449127903
MLP,4,0.5,1.0,crp_dataset_8_1_4.csv|crp_dataset_8_1_8.csv|crp_dataset_8_1_6.csv|crp_dataset_8_1_5.csv,crp_dataset_8_1_2.csv,0.6395388841629028,0.7979797979717376,0.6638655462129087,79,20,40,117,0.039453125,0.006944444444444444,0.03250868055555556
MLP,4,0.5,1.0,crp_dataset_8_1_4.csv|crp_dataset_8_1_8.csv|crp_dataset_8_1_6.csv|crp_dataset_8_1_5.csv,crp_dataset_8_1_7.csv,0.6395388841629028,0.9295154184981079,0.9590909090865496,211,16,9,20,0.0095703125,0.0032213656387665205,0.00634894686123348
MLP,4,0.5,1.0,crp_dataset_8_1_4.csv|crp_dataset_8_1_8.csv|crp_dataset_8_1_6.csv|crp_dataset_8_1_5.csv,crp_dataset_8_1_3.csv,0.6395388841629028,0.9553571428486128,0.6184971098230145,107,5,66,78,0.0196044921875,0.0016183035714285713,0.017986188616071427
MLP,4,0.5,1.0,crp_dataset_8_1_4.csv|crp_dataset_8_1_8.csv|crp_dataset_8_1_6.csv|crp_dataset_8_1_5.csv,crp_dataset_8_1_1.csv,0.6395388841629028,0.9062499999858398,0.460317460313807,58,6,68,124,0.0252685546875,0.003125,0.0221435546875
MLP,4,0.5,1.0,crp_dataset_8_1_4.csv|crp_dataset_8_1_3.csv|crp_dataset_8_1_1.csv|crp_dataset_8_1_6.csv,crp_dataset_8_1_2.csv,0.6207271218299866,0.7391304347761815,0.7142857142797119,85,30,34,107,0.039453125,0.013804347826086959,0.02564877717391304
MLP,4,0.5,1.0,crp_dataset_8_1_4.csv|crp_dataset_8_1_3.csv|crp_dataset_8_1_1.csv|crp_dataset_8_1_6.csv,crp_dataset_8_1_7.csv,0.6207271218299866,0.920704845810922,0.9499999999956819,209,18,11,18,0.0095703125,0.004019823788546256,0.005550488711453745
MLP,4,0.5,1.0,crp_dataset_8_1_4.csv|crp_dataset_8_1_3.csv|crp_dataset_8_1_1.csv|crp_dataset_8_1_6.csv,crp_dataset_8_1_8.csv,0.6207271218299866,0.6435643564292716,0.47101449275021007,65,36,73,82,0.0283203125,0.020358910891089113,0.007961401608910887
MLP,4,0.5,1.0,crp_dataset_8_1_4.csv|crp_dataset_8_1_3.csv|crp_dataset_8_1_1.csv|crp_dataset_8_1_6.csv,crp_dataset_8_1_5.csv,0.6207271218299866,0.6964285714223533,0.7799999999921999,78,34,22,122,0.039282226562499994,0.014453124999999999,0.024829101562499997
MLP,4,0.5,1.0,crp_dataset_8_1_4.csv|crp_dataset_8_1_3.csv|crp_dataset_8_1_1.csv|crp_dataset_8_1_5.csv,crp_dataset_8_1_2.csv,0.6005232334136963,0.8124999999915364,0.6554621848684414,78,18,41,119,0.039453125,0.0068359375,0.0326171875
MLP,4,0.5,1.0,crp_dataset_8_1_4.csv|crp_dataset_8_1_3.csv|crp_dataset_8_1_1.csv|crp_dataset_8_1_5.csv,crp_dataset_8_1_7.csv,0.6005232334136963,0.9159663865507733,0.9909090909045868,218,20,2,16,0.0095703125,0.004201680672268907,0.005368631827731093
MLP,4,0.5,1.0,crp_dataset_8_1_4.csv|crp_dataset_8_1_3.csv|crp_dataset_8_1_1.csv|crp_dataset_8_1_5.csv,crp_dataset_8_1_8.csv,0.6005232334136963,0.7159090909009556,0.4565217391271267,63,25,75,93,0.0283203125,0.01278409090909091,0.01553622159090909
MLP,4,0.5,1.0,crp_dataset_8_1_4.csv|crp_dataset_8_1_3.csv|crp_dataset_8_1_1.csv|crp_dataset_8_1_5.csv,crp_dataset_8_1_6.csv,0.6005232334136963,0.7863247863180656,0.6571428571381633,92,25,48,91,0.026928710937499996,0.011485042735042736,0.01544366820245726
MLP,4,0.5,1.0,crp_dataset_8_1_4.csv|crp_dataset_8_1_3.csv|crp_dataset_8_1_6.csv|crp_dataset_8_1_5.csv,crp_dataset_8_1_2.csv,0.6402551531791687,0.7979797979717376,0.6638655462129087,79,20,40,117,0.039453125,0.007196969696969698,0.032256155303030304
MLP,4,0.5,1.0,crp_dataset_8_1_4.csv|crp_dataset_8_1_3.csv|crp_dataset_8_1_6.csv|crp_dataset_8_1_5.csv,crp_dataset_8_1_7.csv,0.6402551531791687,0.9534883720885885,0.9318181818139464,205,10,15,26,0.0095703125,0.0018023255813953492,0.007767986918604652
MLP,4,0.5,1.0,crp_dataset_8_1_4.csv|crp_dataset_8_1_3.csv|crp_dataset_8_1_6.csv|crp_dataset_8_1_5.csv,crp_dataset_8_1_8.csv,0.6402551531791687,0.7499999999901316,0.4130434782578765,57,19,81,99,0.0283203125,0.008799342105263157,0.019520970394736843
MLP,4,0.5,1.0,crp_dataset_8_1_4.csv|crp_dataset_8_1_3.csv|crp_dataset_8_1_6.csv|crp_dataset_8_1_5.csv,crp_dataset_8_1_1.csv,0.6402551531791687,0.8309859154812537,0.46825396825025195,59,12,67,118,0.0252685546875,0.005633802816901408,0.019634751870598592
MLP,4,0.5,1.0,crp_dataset_8_1_4.csv|crp_dataset_8_1_1.csv|crp_dataset_8_1_6.csv|crp_dataset_8_1_5.csv,crp_dataset_8_1_2.csv,0.65435391664505,0.764705882345444,0.6554621848684414,78,24,41,113,0.039453125,0.010110294117647063,0.029342830882352934
MLP,4,0.5,1.0,crp_dataset_8_1_4.csv|crp_dataset_8_1_1.csv|crp_dataset_8_1_6.csv|crp_dataset_8_1_5.csv,crp_dataset_8_1_7.csv,0.65435391664505,0.9342105263116921,0.9681818181774174,213,15,7,21,0.0095703125,0.0035087719298245615,0.006061540570175439
MLP,4,0.5,1.0,crp_dataset_8_1_4.csv|crp_dataset_8_1_1.csv|crp_dataset_8_1_6.csv|crp_dataset_8_1_5.csv,crp_dataset_8_1_8.csv,0.65435391664505,0.7441860465029746,0.4637681159386684,64,22,74,96,0.0283203125,0.009302325581395347,0.01901798691860465
MLP,4,0.5,1.0,crp_dataset_8_1_4.csv|crp_dataset_8_1_1.csv|crp_dataset_8_1_6.csv|crp_dataset_8_1_5.csv,crp_dataset_8_1_3.csv,0.65435391664505,0.89430894308216,0.635838150285342,110,13,63,70,0.0196044921875,0.004573170731707317,0.015031321455792682
MLP,4,0.5,1.0,crp_dataset_8_1_8.csv|crp_dataset_8_1_3.csv|crp_dataset_8_1_1.csv|crp_dataset_8_1_6.csv,crp_dataset_8_1_2.csv,0.628154993057251,0.6594202898502941,0.764705882346515,91,47,28,90,0.039453125,0.019067028985507252,0.020386096014492747
MLP,4,0.5,1.0,crp_dataset_8_1_8.csv|crp_dataset_8_1_3.csv|crp_dataset_8_1_1.csv|crp_dataset_8_1_6.csv,crp_dataset_8_1_7.csv,0.628154993057251,0.8991596638617683,0.9727272727228513,214,24,6,12,0.0095703125,0.005724789915966387,0.0038455225840336137
MLP,4,0.5,1.0,crp_dataset_8_1_8.csv|crp_dataset_8_1_3.csv|crp_dataset_8_1_1.csv|crp_dataset_8_1_6.csv,crp_dataset_8_1_4.csv,0.628154993057251,0.7397260273921937,0.8244274809097373,108,38,23,87,0.023046875,0.013570205479452055,0.009476669520547947
MLP,4,0.5,1.0,crp_dataset_8_1_8.csv|crp_dataset_8_1_3.csv|crp_dataset_8_1_1.csv|crp_dataset_8_1_6.csv,crp_dataset_8_1_5.csv,0.628154993057251,0.6141732283416207,0.7799999999921999,78,49,22,107,0.039282226562499994,0.01948818897637795,0.019794037586122044
MLP,4,0.5,1.0,crp_dataset_8_1_8.csv|crp_dataset_8_1_3.csv|crp_dataset_8_1_1.csv|crp_dataset_8_1_5.csv,crp_dataset_8_1_2.csv,0.6801312565803528,0.7549019607769127,0.6470588235239743,77,25,42,112,0.039453125,0.014215686274509807,0.02523743872549019
MLP,4,0.5,1.0,crp_dataset_8_1_8.csv|crp_dataset_8_1_3.csv|crp_dataset_8_1_1.csv|crp_dataset_8_1_5.csv,crp_dataset_8_1_7.csv,0.6801312565803528,0.8902953586460326,0.9590909090865496,211,26,9,10,0.0095703125,0.006460970464135021,0.0031093420358649796
MLP,4,0.5,1.0,crp_dataset_8_1_8.csv|crp_dataset_8_1_3.csv|crp_dataset_8_1_1.csv|crp_dataset_8_1_5.csv,crp_dataset_8_1_4.csv,0.6801312565803528,0.801724137924123,0.7099236641167181,93,23,38,102,0.023046875,0.01029094827586207,0.012755926724137931
MLP,4,0.5,1.0,crp_dataset_8_1_8.csv|crp_dataset_8_1_3.csv|crp_dataset_8_1_1.csv|crp_dataset_8_1_5.csv,crp_dataset_8_1_6.csv,0.6801312565803528,0.7833333333268055,0.6714285714237755,94,26,46,90,0.026928710937499996,0.013802083333333333,0.013126627604166663
MLP,4,0.5,1.0,crp_dataset_8_1_8.csv|crp_dataset_8_1_3.csv|crp_dataset_8_1_6.csv|crp_dataset_8_1_5.csv,crp_dataset_8_1_2.csv,0.6396171450614929,0.8039215686195693,0.6890756302463102,82,20,37,117,0.039453125,0.006556372549019607,0.03289675245098039
MLP,4,0.5,1.0,crp_dataset_8_1_8.csv|crp_dataset_8_1_3.csv|crp_dataset_8_1_6.csv|crp_dataset_8_1_5.csv,crp_dataset_8_1_7.csv,0.6396171450614929,0.9227467811119195,0.9772727272682852,215,18,5,18,0.0095703125,0.003701716738197425,0.005868595761802576
MLP,4,0.5,1.0,crp_dataset_8_1_8.csv|crp_dataset_8_1_3.csv|crp_dataset_8_1_6.csv|crp_dataset_8_1_5.csv,crp_dataset_8_1_4.csv,0.6396171450614929,0.8666666666594445,0.7938931297649322,104,16,27,109,0.023046875,0.0053125,0.017734375
MLP,4,0.5,1.0,crp_dataset_8_1_8.csv|crp_dataset_8_1_3.csv|crp_dataset_8_1_6.csv|crp_dataset_8_1_5.csv,crp_dataset_8_1_1.csv,0.6396171450614929,0.859154929565364,0.4841269841231418,61,10,65,120,0.0252685546875,0.004665492957746479,0.02060306172975352
MLP,4,0.5,1.0,crp_dataset_8_1_8.csv|crp_dataset_8_1_1.csv|crp_dataset_8_1_6.csv|crp_dataset_8_1_5.csv,crp_dataset_8_1_2.csv,0.6036200523376465,0.7195121951131767,0.4957983193235647,59,23,60,114,0.039453125,0.017759146341463417,0.021693978658536582
MLP,4,0.5,1.0,crp_dataset_8_1_8.csv|crp_dataset_8_1_1.csv|crp_dataset_8_1_6.csv|crp_dataset_8_1_5.csv,crp_dataset_8_1_7.csv,0.6036200523376465,0.9073170731663058,0.8454545454507025,186,19,34,17,0.0095703125,0.0046036585365853665,0.004966653963414634
MLP,4,0.5,1.0,crp_dataset_8_1_8.csv|crp_dataset_8_1_1.csv|crp_dataset_8_1_6.csv|crp_dataset_8_1_5.csv,crp_dataset_8_1_4.csv,0.6036200523376465,0.8372093023158463,0.5496183206064915,72,14,59,111,0.023046875,0.007412790697674418,0.015634084302325584
MLP,4,0.5,1.0,crp_dataset_8_1_8.csv|crp_dataset_8_1_1.csv|crp_dataset_8_1_6.csv|crp_dataset_8_1_5.csv,crp_dataset_8_1_3.csv,0.6036200523376465,0.933333333322963,0.48554913294517027,84,6,89,77,0.0196044921875,0.003680555555555556,0.015923936631944444
MLP,4,0.5,1.0,crp_dataset_8_1_3.csv|crp_dataset_8_1_1.csv|crp_dataset_8_1_6.csv|crp_dataset_8_1_5.csv,crp_dataset_8_1_2.csv,0.6899539232254028,0.7634408602068447,0.5966386554571711,71,22,48,115,0.039453125,0.009879032258064515,0.02957409274193548
MLP,4,0.5,1.0,crp_dataset_8_1_3.csv|crp_dataset_8_1_1.csv|crp_dataset_8_1_6.csv|crp_dataset_8_1_5.csv,crp_dataset_8_1_7.csv,0.6899539232254028,0.9188034187994923,0.9772727272682852,215,19,5,17,0.0095703125,0.004540598290598291,0.00502971420940171
MLP,4,0.5,1.0,crp_dataset_8_1_3.csv|crp_dataset_8_1_1.csv|crp_dataset_8_1_6.csv|crp_dataset_8_1_5.csv,crp_dataset_8_1_4.csv,0.6899539232254028,0.8833333333259722,0.8091603053373347,106,14,25,111,0.023046875,0.006197916666666667,0.016848958333333334
MLP,4,0.5,1.0,crp_dataset_8_1_3.csv|crp_dataset_8_1_1.csv|crp_dataset_8_1_6.csv|crp_dataset_8_1_5.csv,crp_dataset_8_1_8.csv,0.6899539232254028,0.7317073170642474,0.4347826086925016,60,22,78,96,0.0283203125,0.009375,0.0189453125
MLP,5,0.5,1.0,crp_dataset_8_1_2.csv|crp_dataset_8_1_7.csv|crp_dataset_8_1_4.csv|crp_dataset_8_1_8.csv|crp_dataset_8_1_3.csv,crp_dataset_8_1_1.csv,0.6499438285827637,0.9218749999855956,0.46825396825025195,59,5,67,125,0.0252685546875,0.0020507812499999997,0.0232177734375
MLP,5,0.5,1.0,crp_dataset_8_1_2.csv|crp_dataset_8_1_7.csv|crp_dataset_8_1_4.csv|crp_dataset_8_1_8.csv|crp_dataset_8_1_3.csv,crp_dataset_8_1_6.csv,0.6499438285827637,0.9473684210401662,0.5142857142820408,72,4,68,112,0.026928710937499996,0.0014802631578947367,0.025448447779605258
MLP,5,0.5,1.0,crp_dataset_8_1_2.csv|crp_dataset_8_1_7.csv|crp_dataset_8_1_4.csv|crp_dataset_8_1_8.csv|crp_dataset_8_1_3.csv,crp_dataset_8_1_5.csv,0.6499438285827637,0.8241758241667673,0.7499999999925,75,16,25,140,0.039282226562499994,0.005494505494505496,0.0337877210679945
MLP,5,0.5,1.0,crp_dataset_8_1_2.csv|crp_dataset_8_1_7.csv|crp_dataset_8_1_4.csv|crp_dataset_8_1_8.csv|crp_dataset_8_1_1.csv,crp_dataset_8_1_3.csv,0.640952467918396,0.9174311926521336,0.5780346820775837,100,9,73,74,0.0196044921875,0.0040137614678899085,0.01559073071961009
MLP,5,0.5,1.0,crp_dataset_8_1_2.csv|crp_dataset_8_1_7.csv|crp_dataset_8_1_4.csv|crp_dataset_8_1_8.csv|crp_dataset_8_1_1.csv,crp_dataset_8_1_6.csv,0.640952467918396,0.9156626505913775,0.5428571428532654,76,7,64,109,0.026928710937499996,0.005798192771084338,0.02113051816641566
MLP,5,0.5,1.0,crp_dataset_8_1_2.csv|crp_dataset_8_1_7.csv|crp_dataset_8_1_4.csv|crp_dataset_8_1_8.csv|crp_dataset_8_1_1.csv,crp_dataset_8_1_5.csv,0.640952467918396,0.8048780487706721,0.6599999999934,66,16,34,140,0.039282226562499994,0.006021341463414634,0.03326088509908536
MLP,5,0.5,1.0,crp_dataset_8_1_2.csv|crp_dataset_8_1_7.csv|crp_dataset_8_1_4.csv|crp_dataset_8_1_8.csv|crp_dataset_8_1_6.csv,crp_dataset_8_1_3.csv,0.7579273581504822,0.9519230769139237,0.5722543352568078,99,5,74,78,0.0196044921875,0.001201923076923077,0.018402569110576923
MLP,5,0.5,1.0,crp_dataset_8_1_2.csv|crp_dataset_8_1_7.csv|crp_dataset_8_1_4.csv|crp_dataset_8_1_8.csv|crp_dataset_8_1_6.csv,crp_dataset_8_1_1.csv,0.7579273581504822,0.9152542372726229,0.4285714285680272,54,5,72,125,0.0252685546875,0.00211864406779661,0.02314991061970339
MLP,5,0.5,1.0,crp_dataset_8_1_2.csv|crp_dataset_8_1_7.csv|crp_dataset_8_1_4.csv|crp_dataset_8_1_8.csv|crp_dataset_8_1_6.csv,crp_dataset_8_1_5.csv,0.7579273581504822,0.8999999999871429,0.6299999999936999,63,7,37,149,0.039282226562499994,0.0036607142857142862,0.035621512276785706
MLP,5,0.5,1.0,crp_dataset_8_1_2.csv|crp_dataset_8_1_7.csv|crp_dataset_8_1_4.csv|crp_dataset_8_1_8.csv|crp_dataset_8_1_5.csv,crp_dataset_8_1_3.csv,0.6217308640480042,0.9083333333257638,0.6300578034645662,109,11,64,72,0.0196044921875,0.003958333333333333,0.015646158854166668
MLP,5,0.5,1.0,crp_dataset_8_1_2.csv|crp_dataset_8_1_7.csv|crp_dataset_8_1_4.csv|crp_dataset_8_1_8.csv|crp_dataset_8_1_5.csv,crp_dataset_8_1_1.csv,0.6217308640480042,0.9344262294928783,0.45238095237736203,57,4,69,126,0.0252685546875,0.0018442622950819673,0.02342429239241803
MLP,5,0.5,1.0,crp_dataset_8_1_2.csv|crp_dataset_8_1_7.csv|crp_dataset_8_1_4.csv|crp_dataset_8_1_8.csv|crp_dataset_8_1_5.csv,crp_dataset_8_1_6.csv,0.6217308640480042,0.8888888888790123,0.5714285714244899,80,10,60,106,0.026928710937499996,0.005972222222222222,0.020956488715277773
MLP,5,0.5,1.0,crp_dataset_8_1_2.csv|crp_dataset_8_1_7.csv|crp_dataset_8_1_4.csv|crp_dataset_8_1_3.csv|crp_dataset_8_1_1.csv,crp_dataset_8_1_8.csv,0.622390627861023,0.7407407407315958,0.4347826086925016,60,21,78,97,0.0283203125,0.008873456790123456,0.019446855709876545
MLP,5,0.5,1.0,crp_dataset_8_1_2.csv|crp_dataset_8_1_7.csv|crp_dataset_8_1_4.csv|crp_dataset_8_1_3.csv|crp_dataset_8_1_1.csv,crp_dataset_8_1_6.csv,0.622390627861023,0.8315789473596675,0.5642857142816837,79,16,61,100,0.026928710937499996,0.009144736842105263,0.017783974095394735
MLP,5,0.5,1.0,crp_dataset_8_1_2.csv|crp_dataset_8_1_7.csv|crp_dataset_8_1_4.csv|crp_dataset_8_1_3.csv|crp_dataset_8_1_1.csv,crp_dataset_8_1_5.csv,0.622390627861023,0.7549019607769127,0.7699999999923,77,25,23,131,0.039282226562499994,0.007904411764705884,0.03137781479779411
MLP,5,0.5,1.0,crp_dataset_8_1_2.csv|crp_dataset_8_1_7.csv|crp_dataset_8_1_4.csv|crp_dataset_8_1_3.csv|crp_dataset_8_1_6.csv,crp_dataset_8_1_8.csv,0.7169063091278076,0.7317073170642474,0.4347826086925016,60,22,78,96,0.0283203125,0.011204268292682928,0.01711604420731707
MLP,5,0.5,1.0,crp_dataset_8_1_2.csv|crp_dataset_8_1_7.csv|crp_dataset_8_1_4.csv|crp_dataset_8_1_3.csv|crp_dataset_8_1_6.csv,crp_dataset_8_1_1.csv,0.7169063091278076,0.8507462686440187,0.45238095237736203,57,10,69,120,0.0252685546875,0.004291044776119403,0.020977509911380598
MLP,5,0.5,1.0,crp_dataset_8_1_2.csv|crp_dataset_8_1_7.csv|crp_dataset_8_1_4.csv|crp_dataset_8_1_3.csv|crp_dataset_8_1_6.csv,crp_dataset_8_1_5.csv,0.7169063091278076,0.8085106382892712,0.7599999999924,76,18,24,138,0.039282226562499994,0.006316489361702129,0.032965737200797866
MLP,5,0.5,1.0,crp_dataset_8_1_2.csv|crp_dataset_8_1_7.csv|crp_dataset_8_1_4.csv|crp_dataset_8_1_3.csv|crp_dataset_8_1_5.csv,crp_dataset_8_1_8.csv,0.6132264733314514,0.6976744185965387,0.4347826086925016,60,26,78,92,0.0283203125,0.013662790697674424,0.014657521802325576
MLP,5,0.5,1.0,crp_dataset_8_1_2.csv|crp_dataset_8_1_7.csv|crp_dataset_8_1_4.csv|crp_dataset_8_1_3.csv|crp_dataset_8_1_5.csv,crp_dataset_8_1_1.csv,0.6132264733314514,0.8472222222104552,0.4841269841231418,61,11,65,119,0.0252685546875,0.004340277777777778,0.020928276909722224
MLP,5,0.5,1.0,crp_dataset_8_1_2.csv|crp_dataset_8_1_7.csv|crp_dataset_8_1_4.csv|crp_dataset_8_1_3.csv|crp_dataset_8_1_5.csv,crp_dataset_8_1_6.csv,0.6132264733314514,0.8777777777680247,0.5642857142816837,79,11,61,105,0.026928710937499996,0.006388888888888888,0.020539822048611107
MLP,5,0.5,1.0,crp_dataset_8_1_2.csv|crp_dataset_8_1_7.csv|crp_dataset_8_1_4.csv|crp_dataset_8_1_1.csv|crp_dataset_8_1_6.csv,crp_dataset_8_1_8.csv,0.6503485441207886,0.7407407407315958,0.4347826086925016,60,21,78,97,0.0283203125,0.00949074074074074,0.01882957175925926
MLP,5,0.5,1.0,crp_dataset_8_1_2.csv|crp_dataset_8_1_7.csv|crp_dataset_8_1_4.csv|crp_dataset_8_1_1.csv|crp_dataset_8_1_6.csv,crp_dataset_8_1_3.csv,0.6503485441207886,0.9565217391221171,0.635838150285342,110,5,63,78,0.0196044921875,0.0014130434782608696,0.018191448709239128
MLP,5,0.5,1.0,crp_dataset_8_1_2.csv|crp_dataset_8_1_7.csv|crp_dataset_8_1_4.csv|crp_dataset_8_1_1.csv|crp_dataset_8_1_6.csv,crp_dataset_8_1_5.csv,0.6503485441207886,0.7789473684128532,0.7399999999926,74,21,26,135,0.039282226562499994,0.0073684210526315805,0.031913805509868415
MLP,5,0.5,1.0,crp_dataset_8_1_2.csv|crp_dataset_8_1_7.csv|crp_dataset_8_1_4.csv|crp_dataset_8_1_1.csv|crp_dataset_8_1_5.csv,crp_dataset_8_1_8.csv,0.631879985332489,0.7435897435802103,0.42028985506941824,58,20,80,98,0.0283203125,0.008253205128205127,0.020067107371794873
MLP,5,0.5,1.0,crp_dataset_8_1_2.csv|crp_dataset_8_1_7.csv|crp_dataset_8_1_4.csv|crp_dataset_8_1_1.csv|crp_dataset_8_1_5.csv,crp_dataset_8_1_3.csv,0.631879985332489,0.941176470579008,0.5549132947944803,96,6,77,77,0.0196044921875,0.002083333333333333,0.017521158854166666
MLP,5,0.5,1.0,crp_dataset_8_1_2.csv|crp_dataset_8_1_7.csv|crp_dataset_8_1_4.csv|crp_dataset_8_1_1.csv|crp_dataset_8_1_5.csv,crp_dataset_8_1_6.csv,0.631879985332489,0.9456521739027646,0.6214285714241327,87,5,53,111,0.026928710937499996,0.0036684782608695653,0.02326023267663043
MLP,5,0.5,1.0,crp_dataset_8_1_2.csv|crp_dataset_8_1_7.csv|crp_dataset_8_1_4.csv|crp_dataset_8_1_6.csv|crp_dataset_8_1_5.csv,crp_dataset_8_1_8.csv,0.6658486723899841,0.7499999999901316,0.4130434782578765,57,19,81,99,0.0283203125,0.009703947368421053,0.018616365131578945
MLP,5,0.5,1.0,crp_dataset_8_1_2.csv|crp_dataset_8_1_7.csv|crp_dataset_8_1_4.csv|crp_dataset_8_1_6.csv|crp_dataset_8_1_5.csv,crp_dataset_8_1_3.csv,0.6658486723899841,0.9482758620607907,0.635838150285342,110,6,63,77,0.0196044921875,0.0019396551724137929,0.017664837015086206
MLP,5,0.5,1.0,crp_dataset_8_1_2.csv|crp_dataset_8_1_7.csv|crp_dataset_8_1_4.csv|crp_dataset_8_1_6.csv|crp_dataset_8_1_5.csv,crp_dataset_8_1_1.csv,0.6658486723899841,0.8906249999860839,0.45238095237736203,57,7,69,123,0.0252685546875,0.0035156250000000005,0.0217529296875
MLP,5,0.5,1.0,crp_dataset_8_1_2.csv|crp_dataset_8_1_7.csv|crp_dataset_8_1_8.csv|crp_dataset_8_1_3.csv|crp_dataset_8_1_1.csv,crp_dataset_8_1_4.csv,0.6273601055145264,0.7941176470529845,0.8244274809097373,108,28,23,97,0.023046875,0.010018382352941177,0.013028492647058824
MLP,5,0.5,1.0,crp_dataset_8_1_2.csv|crp_dataset_8_1_7.csv|crp_dataset_8_1_8.csv|crp_dataset_8_1_3.csv|crp_dataset_8_1_1.csv,crp_dataset_8_1_6.csv,0.6273601055145264,0.7749999999935416,0.6642857142809694,93,27,47,89,0.026928710937499996,0.013958333333333331,0.012970377604166665
MLP,5,0.5,1.0,crp_dataset_8_1_2.csv|crp_dataset_8_1_7.csv|crp_dataset_8_1_8.csv|crp_dataset_8_1_3.csv|crp_dataset_8_1_1.csv,crp_dataset_8_1_5.csv,0.6273601055145264,0.7999999999915789,0.7599999999924,76,19,24,137,0.039282226562499994,0.0059868421052631585,0.033295384457236836
MLP,5,0.5,1.0,crp_dataset_8_1_2.csv|crp_dataset_8_1_7.csv|crp_dataset_8_1_8.csv|crp_dataset_8_1_3.csv|crp_dataset_8_1_6.csv,crp_dataset_8_1_4.csv,0.6619360446929932,0.87999999999296,0.8396946564821398,110,15,21,110,0.023046875,0.004050000000000001,0.018996875
MLP,5,0.5,1.0,crp_dataset_8_1_2.csv|crp_dataset_8_1_7.csv|crp_dataset_8_1_8.csv|crp_dataset_8_1_3.csv|crp_dataset_8_1_6.csv,crp_dataset_8_1_1.csv,0.6619360446929932,0.8266666666556444,0.49206349205958677,62,13,64,117,0.0252685546875,0.006333333333333333,0.018935221354166667
MLP,5,0.5,1.0,crp_dataset_8_1_2.csv|crp_dataset_8_1_7.csv|crp_dataset_8_1_8.csv|crp_dataset_8_1_3.csv|crp_dataset_8_1_6.csv,crp_dataset_8_1_5.csv,0.6619360446929932,0.7653061224411704,0.7499999999925,75,23,25,133,0.039282226562499994,0.007844387755102041,0.03143783880739795
MLP,5,0.5,1.0,crp_dataset_8_1_2.csv|crp_dataset_8_1_7.csv|crp_dataset_8_1_8.csv|crp_dataset_8_1_3.csv|crp_dataset_8_1_5.csv,crp_dataset_8_1_4.csv,0.6093279123306274,0.816793893123536,0.816793893123536,107,24,24,101,0.023046875,0.00782442748091603,0.015222447519083972
MLP,5,0.5,1.0,crp_dataset_8_1_2.csv|crp_dataset_8_1_7.csv|crp_dataset_8_1_8.csv|crp_dataset_8_1_3.csv|crp_dataset_8_1_5.csv,crp_dataset_8_1_1.csv,0.6093279123306274,0.8352941176372318,0.5634920634875913,71,14,55,116,0.0252685546875,0.007426470588235294,0.017842084099264705
MLP,5,0.5,1.0,crp_dataset_8_1_2.csv|crp_dataset_8_1_7.csv|crp_dataset_8_1_8.csv|crp_dataset_8_1_3.csv|crp_dataset_8_1_5.csv,crp_dataset_8_1_6.csv,0.6093279123306274,0.8181818181743802,0.642857142852551,90,20,50,96,0.026928710937499996,0.01,0.016928710937499994
MLP,5,0.5,1.0,crp_dataset_8_1_2.csv|crp_dataset_8_1_7.csv|crp_dataset_8_1_8.csv|crp_dataset_8_1_1.csv|crp_dataset_8_1_6.csv,crp_dataset_8_1_4.csv,0.6210620999336243,0.9009009008927846,0.7633587786201271,100,11,31,114,0.023046875,0.004391891891891892,0.01865498310810811
MLP,5,0.5,1.0,crp_dataset_8_1_2.csv|crp_dataset_8_1_7.csv|crp_dataset_8_1_8.csv|crp_dataset_8_1_1.csv|crp_dataset_8_1_6.csv,crp_dataset_8_1_3.csv,0.6210620999336243,0.9519230769139237,0.5722543352568078,99,5,74,78,0.0196044921875,0.0017427884615384619,0.017861703725961537
MLP,5,0.5,1.0,crp_dataset_8_1_2.csv|crp_dataset_8_1_7.csv|crp_dataset_8_1_8.csv|crp_dataset_8_1_1.csv|crp_dataset_8_1_6.csv,crp_dataset_8_1_5.csv,0.6210620999336243,0.8333333333234126,0.699999999993,70,14,30,142,0.039282226562499994,0.0052827380952380956,0.0339994884672619
MLP,5,0.5,1.0,crp_dataset_8_1_2.csv|crp_dataset_8_1_7.csv|crp_dataset_8_1_8.csv|crp_dataset_8_1_1.csv|crp_dataset_8_1_5.csv,crp_dataset_8_1_4.csv,0.6472212672233582,0.8347826086883932,0.7328244274753221,96,19,35,106,0.023046875,0.006576086956521739,0.016470788043478263
MLP,5,0.5,1.0,crp_dataset_8_1_2.csv|crp_dataset_8_1_7.csv|crp_dataset_8_1_8.csv|crp_dataset_8_1_1.csv|crp_dataset_8_1_5.csv,crp_dataset_8_1_3.csv,0.6472212672233582,0.895999999992832,0.6473988439268937,112,13,61,70,0.0196044921875,0.005699999999999999,0.013904492187499999
MLP,5,0.5,1.0,crp_dataset_8_1_2.csv|crp_dataset_8_1_7.csv|crp_dataset_8_1_8.csv|crp_dataset_8_1_1.csv|crp_dataset_8_1_5.csv,crp_dataset_8_1_6.csv,0.6472212672233582,0.7226890756241791,0.6142857142813266,86,33,54,83,0.026928710937499996,0.01475840336134454,0.012170307576155457
MLP,5,0.5,1.0,crp_dataset_8_1_2.csv|crp_dataset_8_1_7.csv|crp_dataset_8_1_8.csv|crp_dataset_8_1_6.csv|crp_dataset_8_1_5.csv,crp_dataset_8_1_4.csv,0.6737622022628784,0.8679245282936988,0.7022900763305169,92,14,39,111,0.023046875,0.0051886792452830195,0.017858195754716984
MLP,5,0.5,1.0,crp_dataset_8_1_2.csv|crp_dataset_8_1_7.csv|crp_dataset_8_1_8.csv|crp_dataset_8_1_6.csv|crp_dataset_8_1_5.csv,crp_dataset_8_1_3.csv,0.6737622022628784,0.9444444444356995,0.5895953757191353,102,6,71,77,0.0196044921875,0.0028935185185185184,0.016710973668981482
MLP,5,0.5,1.0,crp_dataset_8_1_2.csv|crp_dataset_8_1_7.csv|crp_dataset_8_1_8.csv|crp_dataset_8_1_6.csv|crp_dataset_8_1_5.csv,crp_dataset_8_1_1.csv,0.6737622022628784,0.8593749999865722,0.43650793650447217,55,9,71,121,0.0252685546875,0.0044921875000000005,0.0207763671875
MLP,5,0.5,1.0,crp_dataset_8_1_2.csv|crp_dataset_8_1_7.csv|crp_dataset_8_1_3.csv|crp_dataset_8_1_1.csv|crp_dataset_8_1_6.csv,crp_dataset_8_1_4.csv,0.6521591544151306,0.8074074074014267,0.8320610686959385,109,26,22,99,0.023046875,0.008333333333333333,0.014713541666666668
MLP,5,0.5,1.0,crp_dataset_8_1_2.csv|crp_dataset_8_1_7.csv|crp_dataset_8_1_3.csv|crp_dataset_8_1_1.csv|crp_dataset_8_1_6.csv,crp_dataset_8_1_8.csv,0.6521591544151306,0.6593406593334138,0.4347826086925016,60,31,78,87,0.0283203125,0.018612637362637366,0.009707675137362634
MLP,5,0.5,1.0,crp_dataset_8_1_2.csv|crp_dataset_8_1_7.csv|crp_dataset_8_1_3.csv|crp_dataset_8_1_1.csv|crp_dataset_8_1_6.csv,crp_dataset_8_1_5.csv,0.6521591544151306,0.7333333333263492,0.7699999999923,77,28,23,128,0.039282226562499994,0.009583333333333334,0.029698893229166662
MLP,5,0.5,1.0,crp_dataset_8_1_2.csv|crp_dataset_8_1_7.csv|crp_dataset_8_1_3.csv|crp_dataset_8_1_1.csv|crp_dataset_8_1_5.csv,crp_dataset_8_1_4.csv,0.6292524933815002,0.887931034475104,0.7862595419787309,103,13,28,112,0.023046875,0.00490301724137931,0.018143857758620693
MLP,5,0.5,1.0,crp_dataset_8_1_2.csv|crp_dataset_8_1_7.csv|crp_dataset_8_1_3.csv|crp_dataset_8_1_1.csv|crp_dataset_8_1_5.csv,crp_dataset_8_1_8.csv,0.6292524933815002,0.6962025316367569,0.39855072463479313,55,24,83,94,0.0283203125,0.013449367088607597,0.014870945411392403
MLP,5,0.5,1.0,crp_dataset_8_1_2.csv|crp_dataset_8_1_7.csv|crp_dataset_8_1_3.csv|crp_dataset_8_1_1.csv|crp_dataset_8_1_5.csv,crp_dataset_8_1_6.csv,0.6292524933815002,0.8034188034119366,0.6714285714237755,94,23,46,93,0.026928710937499996,0.01233974358974359,0.014588967347756407
MLP,5,0.5,1.0,crp_dataset_8_1_2.csv|crp_dataset_8_1_7.csv|crp_dataset_8_1_3.csv|crp_dataset_8_1_6.csv|crp_dataset_8_1_5.csv,crp_dataset_8_1_4.csv,0.6129358410835266,0.8396946564821398,0.8396946564821398,110,21,21,104,0.023046875,0.007442748091603053,0.015604126908396947
MLP,5,0.5,1.0,crp_dataset_8_1_2.csv|crp_dataset_8_1_7.csv|crp_dataset_8_1_3.csv|crp_dataset_8_1_6.csv|crp_dataset_8_1_5.csv,crp_dataset_8_1_8.csv,0.6129358410835266,0.6931818181739411,0.4420289855040433,61,27,77,91,0.0283203125,0.010724431818181819,0.01759588068181818
MLP,5,0.5,1.0,crp_dataset_8_1_2.csv|crp_dataset_8_1_7.csv|crp_dataset_8_1_3.csv|crp_dataset_8_1_6.csv|crp_dataset_8_1_5.csv,crp_dataset_8_1_1.csv,0.6129358410835266,0.8450704225233088,0.4761904761866969,60,11,66,119,0.0252685546875,0.004665492957746479,0.02060306172975352
MLP,5,0.5,1.0,crp_dataset_8_1_2.csv|crp_dataset_8_1_7.csv|crp_dataset_8_1_1.csv|crp_dataset_8_1_6.csv|crp_dataset_8_1_5.csv,crp_dataset_8_1_4.csv,0.6059354543685913,0.880341880334356,0.7862595419787309,103,14,28,111,0.023046875,0.004273504273504274,0.01877337072649573
MLP,5,0.5,1.0,crp_dataset_8_1_2.csv|crp_dataset_8_1_7.csv|crp_dataset_8_1_1.csv|crp_dataset_8_1_6.csv|crp_dataset_8_1_5.csv,crp_dataset_8_1_8.csv,0.6059354543685913,0.7407407407315958,0.4347826086925016,60,21,78,97,0.0283203125,0.008101851851851851,0.020218460648148147
MLP,5,0.5,1.0,crp_dataset_8_1_2.csv|crp_dataset_8_1_7.csv|crp_dataset_8_1_1.csv|crp_dataset_8_1_6.csv|crp_dataset_8_1_5.csv,crp_dataset_8_1_3.csv,0.6059354543685913,0.9482758620607907,0.635838150285342,110,6,63,77,0.0196044921875,0.0012392241379310344,0.018365268049568964
MLP,5,0.5,1.0,crp_dataset_8_1_2.csv|crp_dataset_8_1_4.csv|crp_dataset_8_1_8.csv|crp_dataset_8_1_3.csv|crp_dataset_8_1_1.csv,crp_dataset_8_1_7.csv,0.6232897043228149,0.9366515837061691,0.9409090909048141,207,14,13,22,0.0095703125,0.002601809954751131,0.00696850254524887
MLP,5,0.5,1.0,crp_dataset_8_1_2.csv|crp_dataset_8_1_4.csv|crp_dataset_8_1_8.csv|crp_dataset_8_1_3.csv|crp_dataset_8_1_1.csv,crp_dataset_8_1_6.csv,0.6232897043228149,0.8522727272630424,0.5357142857104592,75,13,65,103,0.026928710937499996,0.007457386363636364,0.019471324573863632
MLP,5,0.5,1.0,crp_dataset_8_1_2.csv|crp_dataset_8_1_4.csv|crp_dataset_8_1_8.csv|crp_dataset_8_1_3.csv|crp_dataset_8_1_1.csv,crp_dataset_8_1_5.csv,0.6232897043228149,0.7346938775435236,0.7199999999928,72,26,28,130,0.039282226562499994,0.011798469387755101,0.027483757174744893
MLP,5,0.5,1.0,crp_dataset_8_1_2.csv|crp_dataset_8_1_4.csv|crp_dataset_8_1_8.csv|crp_dataset_8_1_3.csv|crp_dataset_8_1_6.csv,crp_dataset_8_1_7.csv,0.6161487102508545,0.958115183241057,0.8318181818144008,183,8,37,28,0.0095703125,0.001243455497382199,0.008326857002617802
MLP,5,0.5,1.0,crp_dataset_8_1_2.csv|crp_dataset_8_1_4.csv|crp_dataset_8_1_8.csv|crp_dataset_8_1_3.csv|crp_dataset_8_1_6.csv,crp_dataset_8_1_1.csv,0.6161487102508545,0.8730158730020157,0.43650793650447217,55,8,71,122,0.0252685546875,0.004166666666666667,0.021101888020833334
MLP,5,0.5,1.0,crp_dataset_8_1_2.csv|crp_dataset_8_1_4.csv|crp_dataset_8_1_8.csv|crp_dataset_8_1_3.csv|crp_dataset_8_1_6.csv,crp_dataset_8_1_5.csv,0.6161487102508545,0.8117647058728027,0.6899999999931,69,16,31,140,0.039282226562499994,0.006102941176470587,0.033179285386029406
MLP,5,0.5,1.0,crp_dataset_8_1_2.csv|crp_dataset_8_1_4.csv|crp_dataset_8_1_8.csv|crp_dataset_8_1_3.csv|crp_dataset_8_1_5.csv,crp_dataset_8_1_7.csv,0.6135144829750061,0.9282700421901762,0.9999999999954546,220,17,0,19,0.0095703125,0.0037183544303797463,0.005851958069620255
MLP,5,0.5,1.0,crp_dataset_8_1_2.csv|crp_dataset_8_1_4.csv|crp_dataset_8_1_8.csv|crp_dataset_8_1_3.csv|crp_dataset_8_1_5.csv,crp_dataset_8_1_1.csv,0.6135144829750061,0.9666666666505556,0.460317460313807,58,2,68,128,0.0252685546875,0.0008333333333333334,0.024435221354166668
MLP,5,0.5,1.0,crp_dataset_8_1_2.csv|crp_dataset_8_1_4.csv|crp_dataset_8_1_8.csv|crp_dataset_8_1_3.csv|crp_dataset_8_1_5.csv,crp_dataset_8_1_6.csv,0.6135144829750061,0.9230769230650887,0.5142857142820408,72,6,68,110,0.026928710937499996,0.004407051282051282,0.022521659655448716
MLP,5,0.5,1.0,crp_dataset_8_1_2.csv|crp_dataset_8_1_4.csv|crp_dataset_8_1_8.csv|crp_dataset_8_1_1.csv|crp_dataset_8_1_6.csv,crp_dataset_8_1_7.csv,0.6192069053649902,0.9534883720874798,0.7454545454511571,164,8,56,28,0.0095703125,0.0013808139534883723,0.008189498546511628
MLP,5,0.5,1.0,crp_dataset_8_1_2.csv|crp_dataset_8_1_4.csv|crp_dataset_8_1_8.csv|crp_dataset_8_1_1.csv|crp_dataset_8_1_6.csv,crp_dataset_8_1_3.csv,0.6192069053649902,0.9183673469294044,0.5202312138698253,90,8,83,75,0.0196044921875,0.00274234693877551,0.016862145248724487
MLP,5,0.5,1.0,crp_dataset_8_1_2.csv|crp_dataset_8_1_4.csv|crp_dataset_8_1_8.csv|crp_dataset_8_1_1.csv|crp_dataset_8_1_6.csv,crp_dataset_8_1_5.csv,0.6192069053649902,0.7529411764617301,0.6399999999936,64,21,36,135,0.039282226562499994,0.010882352941176473,0.02839987362132352
MLP,5,0.5,1.0,crp_dataset_8_1_2.csv|crp_dataset_8_1_4.csv|crp_dataset_8_1_8.csv|crp_dataset_8_1_1.csv|crp_dataset_8_1_5.csv,crp_dataset_8_1_7.csv,0.6024618744850159,0.9266055045829055,0.9181818181776447,202,16,18,20,0.0095703125,0.004386467889908257,0.005183844610091744
MLP,5,0.5,1.0,crp_dataset_8_1_2.csv|crp_dataset_8_1_4.csv|crp_dataset_8_1_8.csv|crp_dataset_8_1_1.csv|crp_dataset_8_1_5.csv,crp_dataset_8_1_3.csv,0.6024618744850159,0.9354838709576829,0.5028901734074978,87,6,86,77,0.0196044921875,0.0032258064516129032,0.016378685735887095
MLP,5,0.5,1.0,crp_dataset_8_1_2.csv|crp_dataset_8_1_4.csv|crp_dataset_8_1_8.csv|crp_dataset_8_1_1.csv|crp_dataset_8_1_5.csv,crp_dataset_8_1_6.csv,0.6024618744850159,0.793103448266746,0.4928571428536225,69,18,71,98,0.026928710937499996,0.011637931034482758,0.015290779903017238
MLP,5,0.5,1.0,crp_dataset_8_1_2.csv|crp_dataset_8_1_4.csv|crp_dataset_8_1_8.csv|crp_dataset_8_1_6.csv|crp_dataset_8_1_5.csv,crp_dataset_8_1_7.csv,0.6207722425460815,0.9360730593564563,0.9318181818139464,205,14,15,22,0.0095703125,0.0021404109589041095,0.007429901541095891
MLP,5,0.5,1.0,crp_dataset_8_1_2.csv|crp_dataset_8_1_4.csv|crp_dataset_8_1_8.csv|crp_dataset_8_1_6.csv|crp_dataset_8_1_5.csv,crp_dataset_8_1_3.csv,0.6207722425460815,0.9391304347744424,0.6242774566437903,108,7,65,76,0.0196044921875,0.001847826086956522,0.017756666100543477
MLP,5,0.5,1.0,crp_dataset_8_1_2.csv|crp_dataset_8_1_4.csv|crp_dataset_8_1_8.csv|crp_dataset_8_1_6.csv|crp_dataset_8_1_5.csv,crp_dataset_8_1_1.csv,0.6207722425460815,0.916666666651389,0.43650793650447217,55,5,71,125,0.0252685546875,0.0021875,0.023081054687499998
MLP,5,0.5,1.0,crp_dataset_8_1_2.csv|crp_dataset_8_1_4.csv|crp_dataset_8_1_3.csv|crp_dataset_8_1_1.csv|crp_dataset_8_1_6.csv,crp_dataset_8_1_7.csv,0.6513939499855042,0.9383259911852938,0.9681818181774174,213,14,7,22,0.0095703125,0.0026431718061674008,0.0069271406938326
MLP,5,0.5,1.0,crp_dataset_8_1_2.csv|crp_dataset_8_1_4.csv|crp_dataset_8_1_3.csv|crp_dataset_8_1_1.csv|crp_dataset_8_1_6.csv,crp_dataset_8_1_8.csv,0.6513939499855042,0.7466666666567111,0.40579710144633485,56,19,82,99,0.0283203125,0.010083333333333333,0.018236979166666667
MLP,5,0.5,1.0,crp_dataset_8_1_2.csv|crp_dataset_8_1_4.csv|crp_dataset_8_1_3.csv|crp_dataset_8_1_1.csv|crp_dataset_8_1_6.csv,crp_dataset_8_1_5.csv,0.6513939499855042,0.7717391304263941,0.7099999999929,71,21,29,135,0.039282226562499994,0.008831521739130434,0.030450704823369562
MLP,5,0.5,1.0,crp_dataset_8_1_2.csv|crp_dataset_8_1_4.csv|crp_dataset_8_1_3.csv|crp_dataset_8_1_1.csv|crp_dataset_8_1_5.csv,crp_dataset_8_1_7.csv,0.6354998350143433,0.9194915254198327,0.9863636363591529,217,19,3,17,0.0095703125,0.0036811440677966107,0.00588916843220339
MLP,5,0.5,1.0,crp_dataset_8_1_2.csv|crp_dataset_8_1_4.csv|crp_dataset_8_1_3.csv|crp_dataset_8_1_1.csv|crp_dataset_8_1_5.csv,crp_dataset_8_1_8.csv,0.6354998350143433,0.7439024390153183,0.4420289855040433,61,21,77,97,0.0283203125,0.010289634146341462,0.018030678353658538
MLP,5,0.5,1.0,crp_dataset_8_1_2.csv|crp_dataset_8_1_4.csv|crp_dataset_8_1_3.csv|crp_dataset_8_1_1.csv|crp_dataset_8_1_5.csv,crp_dataset_8_1_6.csv,0.6354998350143433,0.8055555555480967,0.6214285714241327,87,21,53,95,0.026928710937499996,0.01105324074074074,0.015875470196759257
MLP,5,0.5,1.0,crp_dataset_8_1_2.csv|crp_dataset_8_1_4.csv|crp_dataset_8_1_3.csv|crp_dataset_8_1_6.csv|crp_dataset_8_1_5.csv,crp_dataset_8_1_7.csv,0.6175384521484375,0.9579439252291685,0.9318181818139464,205,9,15,27,0.0095703125,0.0013726635514018691,0.008197648948598132
MLP,5,0.5,1.0,crp_dataset_8_1_2.csv|crp_dataset_8_1_4.csv|crp_dataset_8_1_3.csv|crp_dataset_8_1_6.csv|crp_dataset_8_1_5.csv,crp_dataset_8_1_8.csv,0.6175384521484375,0.7402597402501264,0.4130434782578765,57,20,81,98,0.0283203125,0.008279220779220779,0.02004109172077922
MLP,5,0.5,1.0,crp_dataset_8_1_2.csv|crp_dataset_8_1_4.csv|crp_dataset_8_1_3.csv|crp_dataset_8_1_6.csv|crp_dataset_8_1_5.csv,crp_dataset_8_1_1.csv,0.6175384521484375,0.83823529410532,0.45238095237736203,57,11,69,119,0.0252685546875,0.0056066176470588236,0.019661937040441176
MLP,5,0.5,1.0,crp_dataset_8_1_2.csv|crp_dataset_8_1_4.csv|crp_dataset_8_1_1.csv|crp_dataset_8_1_6.csv|crp_dataset_8_1_5.csv,crp_dataset_8_1_7.csv,0.6108212471008301,0.9619565217339024,0.8045454545417976,177,7,43,29,0.0095703125,0.0012567934782608697,0.008313519021739131
MLP,5,0.5,1.0,crp_dataset_8_1_2.csv|crp_dataset_8_1_4.csv|crp_dataset_8_1_1.csv|crp_dataset_8_1_6.csv|crp_dataset_8_1_5.csv,crp_dataset_8_1_8.csv,0.6108212471008301,0.7424242424129935,0.35507246376554297,49,17,89,101,0.0283203125,0.009375,0.0189453125
MLP,5,0.5,1.0,crp_dataset_8_1_2.csv|crp_dataset_8_1_4.csv|crp_dataset_8_1_1.csv|crp_dataset_8_1_6.csv|crp_dataset_8_1_5.csv,crp_dataset_8_1_3.csv,0.6108212471008301,0.9439252336360381,0.5838150288983595,101,6,72,77,0.0196044921875,0.002219626168224299,0.0173848660192757
MLP,5,0.5,1.0,crp_dataset_8_1_2.csv|crp_dataset_8_1_8.csv|crp_dataset_8_1_3.csv|crp_dataset_8_1_1.csv|crp_dataset_8_1_6.csv,crp_dataset_8_1_7.csv,0.6436720490455627,0.9519230769185004,0.8999999999959092,198,10,22,26,0.0095703125,0.0024639423076923076,0.007106370192307693
MLP,5,0.5,1.0,crp_dataset_8_1_2.csv|crp_dataset_8_1_8.csv|crp_dataset_8_1_3.csv|crp_dataset_8_1_1.csv|crp_dataset_8_1_6.csv,crp_dataset_8_1_4.csv,0.6436720490455627,0.8793103448200059,0.7786259541925297,102,14,29,111,0.023046875,0.004256465517241379,0.018790409482758622
MLP,5,0.5,1.0,crp_dataset_8_1_2.csv|crp_dataset_8_1_8.csv|crp_dataset_8_1_3.csv|crp_dataset_8_1_1.csv|crp_dataset_8_1_6.csv,crp_dataset_8_1_5.csv,0.6436720490455627,0.7999999999905882,0.6799999999931999,68,17,32,139,0.039282226562499994,0.006470588235294119,0.03281163832720588
MLP,5,0.5,1.0,crp_dataset_8_1_2.csv|crp_dataset_8_1_8.csv|crp_dataset_8_1_3.csv|crp_dataset_8_1_1.csv|crp_dataset_8_1_5.csv,crp_dataset_8_1_7.csv,0.6498034596443176,0.9012345678975259,0.9954545454500207,219,24,1,12,0.0095703125,0.005606995884773662,0.003963316615226338
MLP,5,0.5,1.0,crp_dataset_8_1_2.csv|crp_dataset_8_1_8.csv|crp_dataset_8_1_3.csv|crp_dataset_8_1_1.csv|crp_dataset_8_1_5.csv,crp_dataset_8_1_4.csv,0.6498034596443176,0.8333333333263888,0.7633587786201271,100,20,31,105,0.023046875,0.007083333333333332,0.01596354166666667
MLP,5,0.5,1.0,crp_dataset_8_1_2.csv|crp_dataset_8_1_8.csv|crp_dataset_8_1_3.csv|crp_dataset_8_1_1.csv|crp_dataset_8_1_5.csv,crp_dataset_8_1_6.csv,0.6498034596443176,0.7067669172879191,0.6714285714237755,94,39,46,77,0.026928710937499996,0.017951127819548874,0.008977583117951122
MLP,5,0.5,1.0,crp_dataset_8_1_2.csv|crp_dataset_8_1_8.csv|crp_dataset_8_1_3.csv|crp_dataset_8_1_6.csv|crp_dataset_8_1_5.csv,crp_dataset_8_1_7.csv,0.6610737442970276,0.9273504273464643,0.9863636363591529,217,17,3,19,0.0095703125,0.004006410256410256,0.005563902243589745
MLP,5,0.5,1.0,crp_dataset_8_1_2.csv|crp_dataset_8_1_8.csv|crp_dataset_8_1_3.csv|crp_dataset_8_1_6.csv|crp_dataset_8_1_5.csv,crp_dataset_8_1_4.csv,0.6610737442970276,0.8666666666594445,0.7938931297649322,104,16,27,109,0.023046875,0.005052083333333333,0.01799479166666667
MLP,5,0.5,1.0,crp_dataset_8_1_2.csv|crp_dataset_8_1_8.csv|crp_dataset_8_1_3.csv|crp_dataset_8_1_6.csv|crp_dataset_8_1_5.csv,crp_dataset_8_1_1.csv,0.6610737442970276,0.8507462686440187,0.45238095237736203,57,10,69,120,0.0252685546875,0.005223880597014925,0.020044674090485076
MLP,5,0.5,1.0,crp_dataset_8_1_2.csv|crp_dataset_8_1_8.csv|crp_dataset_8_1_1.csv|crp_dataset_8_1_6.csv|crp_dataset_8_1_5.csv,crp_dataset_8_1_7.csv,0.6493285298347473,0.9457013574617842,0.9499999999956819,209,12,11,24,0.0095703125,0.0022624434389140274,0.007307869061085973
MLP,5,0.5,1.0,crp_dataset_8_1_2.csv|crp_dataset_8_1_8.csv|crp_dataset_8_1_1.csv|crp_dataset_8_1_6.csv|crp_dataset_8_1_5.csv,crp_dataset_8_1_4.csv,0.6493285298347473,0.9174311926521336,0.7633587786201271,100,9,31,116,0.023046875,0.002809633027522936,0.020237241972477067
MLP,5,0.5,1.0,crp_dataset_8_1_2.csv|crp_dataset_8_1_8.csv|crp_dataset_8_1_1.csv|crp_dataset_8_1_6.csv|crp_dataset_8_1_5.csv,crp_dataset_8_1_3.csv,0.6493285298347473,0.936363636355124,0.5953757225399111,103,7,70,76,0.0196044921875,0.0023863636363636366,0.01721812855113636
MLP,5,0.5,1.0,crp_dataset_8_1_2.csv|crp_dataset_8_1_3.csv|crp_dataset_8_1_1.csv|crp_dataset_8_1_6.csv|crp_dataset_8_1_5.csv,crp_dataset_8_1_7.csv,0.6398925185203552,0.926406926402916,0.9727272727228513,214,17,6,19,0.0095703125,0.0035443722943722944,0.006025940205627706
MLP,5,0.5,1.0,crp_dataset_8_1_2.csv|crp_dataset_8_1_3.csv|crp_dataset_8_1_1.csv|crp_dataset_8_1_6.csv|crp_dataset_8_1_5.csv,crp_dataset_8_1_4.csv,0.6398925185203552,0.8666666666594445,0.7938931297649322,104,16,27,109,0.023046875,0.005520833333333333,0.01752604166666667
MLP,5,0.5,1.0,crp_dataset_8_1_2.csv|crp_dataset_8_1_3.csv|crp_dataset_8_1_1.csv|crp_dataset_8_1_6.csv|crp_dataset_8_1_5.csv,crp_dataset_8_1_8.csv,0.6398925185203552,0.7317073170642474,0.4347826086925016,60,22,78,96,0.0283203125,0.011128048780487804,0.017192263719512196
MLP,5,0.5,1.0,crp_dataset_8_1_7.csv|crp_dataset_8_1_4.csv|crp_dataset_8_1_8.csv|crp_dataset_8_1_3.csv|crp_dataset_8_1_1.csv,crp_dataset_8_1_2.csv,0.6999740600585938,0.7916666666584201,0.6386554621795071,76,20,43,117,0.039453125,0.006575520833333333,0.032877604166666664
MLP,5,0.5,1.0,crp_dataset_8_1_7.csv|crp_dataset_8_1_4.csv|crp_dataset_8_1_8.csv|crp_dataset_8_1_3.csv|crp_dataset_8_1_1.csv,crp_dataset_8_1_6.csv,0.6999740600585938,0.9120879120778891,0.5928571428529082,83,8,57,108,0.026928710937499996,0.0047390109890109895,0.022189699948489006
MLP,5,0.5,1.0,crp_dataset_8_1_7.csv|crp_dataset_8_1_4.csv|crp_dataset_8_1_8.csv|crp_dataset_8_1_3.csv|crp_dataset_8_1_1.csv,crp_dataset_8_1_5.csv,0.6999740600585938,0.8023255813860194,0.6899999999931,69,17,31,139,0.039282226562499994,0.00559593023255814,0.033686296329941856
MLP,5,0.5,1.0,crp_dataset_8_1_7.csv|crp_dataset_8_1_4.csv|crp_dataset_8_1_8.csv|crp_dataset_8_1_3.csv|crp_dataset_8_1_6.csv,crp_dataset_8_1_2.csv,0.612267255783081,0.7570093457873176,0.6806722689018431,81,26,38,111,0.039453125,0.010163551401869163,0.029289573598130836
MLP,5,0.5,1.0,crp_dataset_8_1_7.csv|crp_dataset_8_1_4.csv|crp_dataset_8_1_8.csv|crp_dataset_8_1_3.csv|crp_dataset_8_1_6.csv,crp_dataset_8_1_1.csv,0.612267255783081,0.8472222222104552,0.4841269841231418,61,11,65,119,0.0252685546875,0.006597222222222222,0.018671332465277777
MLP,5,0.5,1.0,crp_dataset_8_1_7.csv|crp_dataset_8_1_4.csv|crp_dataset_8_1_8.csv|crp_dataset_8_1_3.csv|crp_dataset_8_1_6.csv,crp_dataset_8_1_5.csv,0.612267255783081,0.7524752475173022,0.7599999999924,76,25,24,131,0.039282226562499994,0.008415841584158416,0.030866384978341578
MLP,5,0.5,1.0,crp_dataset_8_1_7.csv|crp_dataset_8_1_4.csv|crp_dataset_8_1_8.csv|crp_dataset_8_1_3.csv|crp_dataset_8_1_5.csv,crp_dataset_8_1_2.csv,0.7761093974113464,0.8390804597604703,0.6134453781461054,73,14,46,123,0.039453125,0.004454022988505746,0.034999102011494254
MLP,5,0.5,1.0,crp_dataset_8_1_7.csv|crp_dataset_8_1_4.csv|crp_dataset_8_1_8.csv|crp_dataset_8_1_3.csv|crp_dataset_8_1_5.csv,crp_dataset_8_1_1.csv,0.7761093974113464,0.8870967741792404,0.43650793650447217,55,7,71,123,0.0252685546875,0.003125,0.0221435546875
MLP,5,0.5,1.0,crp_dataset_8_1_7.csv|crp_dataset_8_1_4.csv|crp_dataset_8_1_8.csv|crp_dataset_8_1_3.csv|crp_dataset_8_1_5.csv,crp_dataset_8_1_6.csv,0.7761093974113464,0.9459459459331628,0.49999999999642863,70,4,70,112,0.026928710937499996,0.0015202702702702701,0.025408440667229727
MLP,5,0.5,1.0,crp_dataset_8_1_7.csv|crp_dataset_8_1_4.csv|crp_dataset_8_1_8.csv|crp_dataset_8_1_1.csv|crp_dataset_8_1_6.csv,crp_dataset_8_1_2.csv,0.6197882890701294,0.7864077669826562,0.6806722689018431,81,22,38,115,0.039453125,0.008070388349514564,0.03138273665048544
MLP,5,0.5,1.0,crp_dataset_8_1_7.csv|crp_dataset_8_1_4.csv|crp_dataset_8_1_8.csv|crp_dataset_8_1_1.csv|crp_dataset_8_1_6.csv,crp_dataset_8_1_3.csv,0.6197882890701294,0.909090909083396,0.635838150285342,110,11,63,72,0.0196044921875,0.0037706611570247936,0.015833831030475205
MLP,5,0.5,1.0,crp_dataset_8_1_7.csv|crp_dataset_8_1_4.csv|crp_dataset_8_1_8.csv|crp_dataset_8_1_1.csv|crp_dataset_8_1_6.csv,crp_dataset_8_1_5.csv,0.6197882890701294,0.7699999999923,0.7699999999923,77,23,23,133,0.039282226562499994,0.0078125,0.031469726562499994
MLP,5,0.5,1.0,crp_dataset_8_1_7.csv|crp_dataset_8_1_4.csv|crp_dataset_8_1_8.csv|crp_dataset_8_1_1.csv|crp_dataset_8_1_5.csv,crp_dataset_8_1_2.csv,0.6145544052124023,0.6837606837548397,0.6722689075573759,80,37,39,100,0.039453125,0.01997863247863248,0.019474492521367518
MLP,5,0.5,1.0,crp_dataset_8_1_7.csv|crp_dataset_8_1_4.csv|crp_dataset_8_1_8.csv|crp_dataset_8_1_1.csv|crp_dataset_8_1_5.csv,crp_dataset_8_1_3.csv,0.6145544052124023,0.8601398601338452,0.7109826589554279,123,20,50,63,0.0196044921875,0.007779720279720279,0.01182477190777972
MLP,5,0.5,1.0,crp_dataset_8_1_7.csv|crp_dataset_8_1_4.csv|crp_dataset_8_1_8.csv|crp_dataset_8_1_1.csv|crp_dataset_8_1_5.csv,crp_dataset_8_1_6.csv,0.6145544052124023,0.7133333333285778,0.7642857142802552,107,43,33,73,0.026928710937499996,0.018000000000000002,0.008928710937499994
MLP,5,0.5,1.0,crp_dataset_8_1_7.csv|crp_dataset_8_1_4.csv|crp_dataset_8_1_8.csv|crp_dataset_8_1_6.csv|crp_dataset_8_1_5.csv,crp_dataset_8_1_2.csv,0.7566111087799072,0.8124999999915364,0.6554621848684414,78,18,41,119,0.039453125,0.005208333333333333,0.03424479166666666
MLP,5,0.5,1.0,crp_dataset_8_1_7.csv|crp_dataset_8_1_4.csv|crp_dataset_8_1_8.csv|crp_dataset_8_1_6.csv|crp_dataset_8_1_5.csv,crp_dataset_8_1_3.csv,0.7566111087799072,0.9545454545367769,0.6069364161814629,105,5,68,78,0.0196044921875,0.0017613636363636362,0.017843128551136362
MLP,5,0.5,1.0,crp_dataset_8_1_7.csv|crp_dataset_8_1_4.csv|crp_dataset_8_1_8.csv|crp_dataset_8_1_6.csv|crp_dataset_8_1_5.csv,crp_dataset_8_1_1.csv,0.7566111087799072,0.9047619047475435,0.45238095237736203,57,6,69,124,0.0252685546875,0.0025793650793650793,0.02268918960813492
MLP,5,0.5,1.0,crp_dataset_8_1_7.csv|crp_dataset_8_1_4.csv|crp_dataset_8_1_3.csv|crp_dataset_8_1_1.csv|crp_dataset_8_1_6.csv,crp_dataset_8_1_2.csv,0.7544868588447571,0.8064516128945542,0.6302521008350399,75,18,44,119,0.039453125,0.007056451612903225,0.03239667338709677
MLP,5,0.5,1.0,crp_dataset_8_1_7.csv|crp_dataset_8_1_4.csv|crp_dataset_8_1_3.csv|crp_dataset_8_1_1.csv|crp_dataset_8_1_6.csv,crp_dataset_8_1_8.csv,0.7544868588447571,0.7702702702598612,0.4130434782578765,57,17,81,101,0.0283203125,0.01097972972972973,0.01734058277027027
MLP,5,0.5,1.0,crp_dataset_8_1_7.csv|crp_dataset_8_1_4.csv|crp_dataset_8_1_3.csv|crp_dataset_8_1_1.csv|crp_dataset_8_1_6.csv,crp_dataset_8_1_5.csv,0.7544868588447571,0.8470588235194463,0.7199999999928,72,13,28,143,0.039282226562499994,0.00463235294117647,0.034649873621323525
MLP,5,0.5,1.0,crp_dataset_8_1_7.csv|crp_dataset_8_1_4.csv|crp_dataset_8_1_3.csv|crp_dataset_8_1_1.csv|crp_dataset_8_1_5.csv,crp_dataset_8_1_2.csv,0.6079273223876953,0.7522123893738742,0.7142857142797119,85,28,34,109,0.039453125,0.010011061946902655,0.029442063053097343
MLP,5,0.5,1.0,crp_dataset_8_1_7.csv|crp_dataset_8_1_4.csv|crp_dataset_8_1_3.csv|crp_dataset_8_1_1.csv|crp_dataset_8_1_5.csv,crp_dataset_8_1_8.csv,0.6079273223876953,0.6999999999922222,0.4565217391271267,63,27,75,91,0.0283203125,0.013125000000000001,0.015195312499999999
MLP,5,0.5,1.0,crp_dataset_8_1_7.csv|crp_dataset_8_1_4.csv|crp_dataset_8_1_3.csv|crp_dataset_8_1_1.csv|crp_dataset_8_1_5.csv,crp_dataset_8_1_6.csv,0.6079273223876953,0.7461538461481065,0.6928571428521939,97,33,43,83,0.026928710937499996,0.015432692307692305,0.01149601862980769
MLP,5,0.5,1.0,crp_dataset_8_1_7.csv|crp_dataset_8_1_4.csv|crp_dataset_8_1_3.csv|crp_dataset_8_1_6.csv|crp_dataset_8_1_5.csv,crp_dataset_8_1_2.csv,0.655110776424408,0.8404255319059529,0.6638655462129087,79,15,40,122,0.039453125,0.005385638297872339,0.03406748670212766
MLP,5,0.5,1.0,crp_dataset_8_1_7.csv|crp_dataset_8_1_4.csv|crp_dataset_8_1_3.csv|crp_dataset_8_1_6.csv|crp_dataset_8_1_5.csv,crp_dataset_8_1_8.csv,0.655110776424408,0.7532467532369708,0.42028985506941824,58,19,80,99,0.0283203125,0.007224025974025973,0.021096286525974027
MLP,5,0.5,1.0,crp_dataset_8_1_7.csv|crp_dataset_8_1_4.csv|crp_dataset_8_1_3.csv|crp_dataset_8_1_6.csv|crp_dataset_8_1_5.csv,crp_dataset_8_1_1.csv,0.655110776424408,0.9180327868701962,0.4444444444409171,56,5,70,125,0.0252685546875,0.001639344262295082,0.023629210425204918
MLP,5,0.5,1.0,crp_dataset_8_1_7.csv|crp_dataset_8_1_4.csv|crp_dataset_8_1_1.csv|crp_dataset_8_1_6.csv|crp_dataset_8_1_5.csv,crp_dataset_8_1_2.csv,0.717021107673645,0.8313253011948033,0.5798319327682366,69,14,50,123,0.039453125,0.004894578313253011,0.03455854668674699
MLP,5,0.5,1.0,crp_dataset_8_1_7.csv|crp_dataset_8_1_4.csv|crp_dataset_8_1_1.csv|crp_dataset_8_1_6.csv|crp_dataset_8_1_5.csv,crp_dataset_8_1_8.csv,0.717021107673645,0.8142857142740816,0.4130434782578765,57,13,81,105,0.0283203125,0.005714285714285713,0.022606026785714287
MLP,5,0.5,1.0,crp_dataset_8_1_7.csv|crp_dataset_8_1_4.csv|crp_dataset_8_1_1.csv|crp_dataset_8_1_6.csv|crp_dataset_8_1_5.csv,crp_dataset_8_1_3.csv,0.717021107673645,0.9423076922986316,0.566473988436032,98,6,75,77,0.0196044921875,0.002043269230769231,0.01756122295673077
MLP,5,0.5,1.0,crp_dataset_8_1_7.csv|crp_dataset_8_1_8.csv|crp_dataset_8_1_3.csv|crp_dataset_8_1_1.csv|crp_dataset_8_1_6.csv,crp_dataset_8_1_2.csv,0.6661493182182312,0.6982758620629459,0.6806722689018431,81,35,38,102,0.039453125,0.016648706896551724,0.022804418103448274
MLP,5,0.5,1.0,crp_dataset_8_1_7.csv|crp_dataset_8_1_8.csv|crp_dataset_8_1_3.csv|crp_dataset_8_1_1.csv|crp_dataset_8_1_6.csv,crp_dataset_8_1_4.csv,0.6661493182182312,0.831999999993344,0.7938931297649322,104,21,27,104,0.023046875,0.0078000000000000005,0.015246875
MLP,5,0.5,1.0,crp_dataset_8_1_7.csv|crp_dataset_8_1_8.csv|crp_dataset_8_1_3.csv|crp_dataset_8_1_1.csv|crp_dataset_8_1_6.csv,crp_dataset_8_1_5.csv,0.6661493182182312,0.7575757575681052,0.7499999999925,75,24,25,132,0.039282226562499994,0.009406565656565656,0.02987566090593434
MLP,5,0.5,1.0,crp_dataset_8_1_7.csv|crp_dataset_8_1_8.csv|crp_dataset_8_1_3.csv|crp_dataset_8_1_1.csv|crp_dataset_8_1_5.csv,crp_dataset_8_1_2.csv,0.6971146464347839,0.7525773195798703,0.6134453781461054,73,24,46,113,0.039453125,0.012242268041237113,0.027210856958762887
MLP,5,0.5,1.0,crp_dataset_8_1_7.csv|crp_dataset_8_1_8.csv|crp_dataset_8_1_3.csv|crp_dataset_8_1_1.csv|crp_dataset_8_1_5.csv,crp_dataset_8_1_4.csv,0.6971146464347839,0.8151260504133182,0.7404580152615233,97,22,34,103,0.023046875,0.008665966386554622,0.014380908613445379
MLP,5,0.5,1.0,crp_dataset_8_1_7.csv|crp_dataset_8_1_8.csv|crp_dataset_8_1_3.csv|crp_dataset_8_1_1.csv|crp_dataset_8_1_5.csv,crp_dataset_8_1_6.csv,0.6971146464347839,0.7460317460258251,0.6714285714237755,94,32,46,84,0.026928710937499996,0.015972222222222224,0.010956488715277771
MLP,5,0.5,1.0,crp_dataset_8_1_7.csv|crp_dataset_8_1_8.csv|crp_dataset_8_1_3.csv|crp_dataset_8_1_6.csv|crp_dataset_8_1_5.csv,crp_dataset_8_1_2.csv,0.6997522115707397,0.799999999992,0.6722689075573759,80,20,39,117,0.039453125,0.006812499999999999,0.032640625
MLP,5,0.5,1.0,crp_dataset_8_1_7.csv|crp_dataset_8_1_8.csv|crp_dataset_8_1_3.csv|crp_dataset_8_1_6.csv|crp_dataset_8_1_5.csv,crp_dataset_8_1_4.csv,0.6997522115707397,0.8571428571356542,0.7786259541925297,102,17,29,108,0.023046875,0.005882352941176471,0.01716452205882353
MLP,5,0.5,1.0,crp_dataset_8_1_7.csv|crp_dataset_8_1_8.csv|crp_dataset_8_1_3.csv|crp_dataset_8_1_6.csv|crp_dataset_8_1_5.csv,crp_dataset_8_1_1.csv,0.6997522115707397,0.8656716417781243,0.460317460313807,58,9,68,121,0.0252685546875,0.0035447761194029852,0.021723778568097013
MLP,5,0.5,1.0,crp_dataset_8_1_7.csv|crp_dataset_8_1_8.csv|crp_dataset_8_1_1.csv|crp_dataset_8_1_6.csv|crp_dataset_8_1_5.csv,crp_dataset_8_1_2.csv,0.6457478404045105,0.759259259252229,0.6890756302463102,82,26,37,111,0.039453125,0.012037037037037039,0.027416087962962958
MLP,5,0.5,1.0,crp_dataset_8_1_7.csv|crp_dataset_8_1_8.csv|crp_dataset_8_1_1.csv|crp_dataset_8_1_6.csv|crp_dataset_8_1_5.csv,crp_dataset_8_1_4.csv,0.6457478404045105,0.842519685032736,0.816793893123536,107,20,24,105,0.023046875,0.0062499999999999995,0.016796875000000003
MLP,5,0.5,1.0,crp_dataset_8_1_7.csv|crp_dataset_8_1_8.csv|crp_dataset_8_1_1.csv|crp_dataset_8_1_6.csv|crp_dataset_8_1_5.csv,crp_dataset_8_1_3.csv,0.6457478404045105,0.9333333333255556,0.6473988439268937,112,8,61,75,0.0196044921875,0.0025520833333333337,0.017052408854166666
MLP,5,0.5,1.0,crp_dataset_8_1_7.csv|crp_dataset_8_1_3.csv|crp_dataset_8_1_1.csv|crp_dataset_8_1_6.csv|crp_dataset_8_1_5.csv,crp_dataset_8_1_2.csv,0.6483797430992126,0.7799999999921999,0.6554621848684414,78,22,41,115,0.039453125,0.0072499999999999995,0.032203125
MLP,5,0.5,1.0,crp_dataset_8_1_7.csv|crp_dataset_8_1_3.csv|crp_dataset_8_1_1.csv|crp_dataset_8_1_6.csv|crp_dataset_8_1_5.csv,crp_dataset_8_1_4.csv,0.6483797430992126,0.890756302513523,0.8091603053373347,106,13,25,112,0.023046875,0.0035714285714285713,0.01947544642857143
MLP,5,0.5,1.0,crp_dataset_8_1_7.csv|crp_dataset_8_1_3.csv|crp_dataset_8_1_1.csv|crp_dataset_8_1_6.csv|crp_dataset_8_1_5.csv,crp_dataset_8_1_8.csv,0.6483797430992126,0.7407407407315958,0.4347826086925016,60,21,78,97,0.0283203125,0.008641975308641976,0.019678337191358024
MLP,5,0.5,1.0,crp_dataset_8_1_4.csv|crp_dataset_8_1_8.csv|crp_dataset_8_1_3.csv|crp_dataset_8_1_1.csv|crp_dataset_8_1_6.csv,crp_dataset_8_1_2.csv,0.6608079671859741,0.7714285714212245,0.6806722689018431,81,24,38,113,0.039453125,0.009345238095238096,0.030107886904761905
MLP,5,0.5,1.0,crp_dataset_8_1_4.csv|crp_dataset_8_1_8.csv|crp_dataset_8_1_3.csv|crp_dataset_8_1_1.csv|crp_dataset_8_1_6.csv,crp_dataset_8_1_7.csv,0.6608079671859741,0.9276595744641377,0.9909090909045868,218,17,2,19,0.0095703125,0.003856382978723404,0.005713929521276596
MLP,5,0.5,1.0,crp_dataset_8_1_4.csv|crp_dataset_8_1_8.csv|crp_dataset_8_1_3.csv|crp_dataset_8_1_1.csv|crp_dataset_8_1_6.csv,crp_dataset_8_1_5.csv,0.6608079671859741,0.7373737373662891,0.7299999999926999,73,26,27,130,0.039282226562499994,0.01130050505050505,0.027981721511994944
MLP,5,0.5,1.0,crp_dataset_8_1_4.csv|crp_dataset_8_1_8.csv|crp_dataset_8_1_3.csv|crp_dataset_8_1_1.csv|crp_dataset_8_1_5.csv,crp_dataset_8_1_2.csv,0.7328701615333557,0.7358490565968316,0.6554621848684414,78,28,41,109,0.039453125,0.01509433962264151,0.02435878537735849
MLP,5,0.5,1.0,crp_dataset_8_1_4.csv|crp_dataset_8_1_8.csv|crp_dataset_8_1_3.csv|crp_dataset_8_1_1.csv|crp_dataset_8_1_5.csv,crp_dataset_8_1_7.csv,0.7328701615333557,0.9037656903727876,0.981818181813719,216,23,4,13,0.0095703125,0.0050732217573221765,0.004497090742677824
MLP,5,0.5,1.0,crp_dataset_8_1_4.csv|crp_dataset_8_1_8.csv|crp_dataset_8_1_3.csv|crp_dataset_8_1_1.csv|crp_dataset_8_1_5.csv,crp_dataset_8_1_6.csv,0.7328701615333557,0.8494623655822638,0.5642857142816837,79,14,61,102,0.026928710937499996,0.006989247311827956,0.01993946362567204
MLP,5,0.5,1.0,crp_dataset_8_1_4.csv|crp_dataset_8_1_8.csv|crp_dataset_8_1_3.csv|crp_dataset_8_1_6.csv|crp_dataset_8_1_5.csv,crp_dataset_8_1_2.csv,0.7722671031951904,0.8390804597604703,0.6134453781461054,73,14,46,123,0.039453125,0.004669540229885056,0.03478358477011494
MLP,5,0.5,1.0,crp_dataset_8_1_4.csv|crp_dataset_8_1_8.csv|crp_dataset_8_1_3.csv|crp_dataset_8_1_6.csv|crp_dataset_8_1_5.csv,crp_dataset_8_1_7.csv,0.7722671031951904,0.944444444440072,0.9272727272685124,204,12,16,24,0.0095703125,0.0026909722222222226,0.006879340277777778
MLP,5,0.5,1.0,crp_dataset_8_1_4.csv|crp_dataset_8_1_8.csv|crp_dataset_8_1_3.csv|crp_dataset_8_1_6.csv|crp_dataset_8_1_5.csv,crp_dataset_8_1_1.csv,0.7722671031951904,0.9272727272558678,0.40476190475869234,51,4,75,126,0.0252685546875,0.0020454545454545456,0.023223100142045455
MLP,5,0.5,1.0,crp_dataset_8_1_4.csv|crp_dataset_8_1_8.csv|crp_dataset_8_1_1.csv|crp_dataset_8_1_6.csv|crp_dataset_8_1_5.csv,crp_dataset_8_1_2.csv,0.6176473498344421,0.799999999991111,0.6050420168016383,72,18,47,119,0.039453125,0.006458333333333332,0.03299479166666667
MLP,5,0.5,1.0,crp_dataset_8_1_4.csv|crp_dataset_8_1_8.csv|crp_dataset_8_1_1.csv|crp_dataset_8_1_6.csv|crp_dataset_8_1_5.csv,crp_dataset_8_1_7.csv,0.6176473498344421,0.9369369369327165,0.945454545450248,208,14,12,22,0.0095703125,0.0031813063063063063,0.006389006193693694
MLP,5,0.5,1.0,crp_dataset_8_1_4.csv|crp_dataset_8_1_8.csv|crp_dataset_8_1_1.csv|crp_dataset_8_1_6.csv|crp_dataset_8_1_5.csv,crp_dataset_8_1_3.csv,0.6176473498344421,0.9166666666590277,0.635838150285342,110,10,63,73,0.0196044921875,0.003125,0.0164794921875
MLP,5,0.5,1.0,crp_dataset_8_1_4.csv|crp_dataset_8_1_3.csv|crp_dataset_8_1_1.csv|crp_dataset_8_1_6.csv|crp_dataset_8_1_5.csv,crp_dataset_8_1_2.csv,0.6925584673881531,0.7843137254825067,0.6722689075573759,80,22,39,115,0.039453125,0.0075980392156862735,0.03185508578431372
MLP,5,0.5,1.0,crp_dataset_8_1_4.csv|crp_dataset_8_1_3.csv|crp_dataset_8_1_1.csv|crp_dataset_8_1_6.csv|crp_dataset_8_1_5.csv,crp_dataset_8_1_7.csv,0.6925584673881531,0.9234042553152196,0.9863636363591529,217,18,3,18,0.0095703125,0.004388297872340426,0.005182014627659575
MLP,5,0.5,1.0,crp_dataset_8_1_4.csv|crp_dataset_8_1_3.csv|crp_dataset_8_1_1.csv|crp_dataset_8_1_6.csv|crp_dataset_8_1_5.csv,crp_dataset_8_1_8.csv,0.6925584673881531,0.7073170731621059,0.42028985506941824,58,24,80,94,0.0283203125,0.011966463414634147,0.016353849085365853
MLP,5,0.5,1.0,crp_dataset_8_1_8.csv|crp_dataset_8_1_3.csv|crp_dataset_8_1_1.csv|crp_dataset_8_1_6.csv|crp_dataset_8_1_5.csv,crp_dataset_8_1_2.csv,0.6050141453742981,0.7217391304285066,0.6974789915907774,83,32,36,105,0.039453125,0.013641304347826087,0.02581182065217391
MLP,5,0.5,1.0,crp_dataset_8_1_8.csv|crp_dataset_8_1_3.csv|crp_dataset_8_1_1.csv|crp_dataset_8_1_6.csv|crp_dataset_8_1_5.csv,crp_dataset_8_1_7.csv,0.6050141453742981,0.8897959183637152,0.9909090909045868,218,27,2,9,0.0095703125,0.006683673469387755,0.002886639030612246
MLP,5,0.5,1.0,crp_dataset_8_1_8.csv|crp_dataset_8_1_3.csv|crp_dataset_8_1_1.csv|crp_dataset_8_1_6.csv|crp_dataset_8_1_5.csv,crp_dataset_8_1_4.csv,0.6050141453742981,0.7810218978045181,0.816793893123536,107,30,24,95,0.023046875,0.009762773722627738,0.013284101277372264
MLP,6,0.5,1.0,crp_dataset_8_1_2.csv|crp_dataset_8_1_7.csv|crp_dataset_8_1_4.csv|crp_dataset_8_1_8.csv|crp_dataset_8_1_3.csv|crp_dataset_8_1_1.csv,crp_dataset_8_1_6.csv,0.6409538388252258,0.9523809523696145,0.5714285714244899,80,4,60,112,0.026928710937499996,0.0011160714285714285,0.025812639508928568
MLP,6,0.5,1.0,crp_dataset_8_1_2.csv|crp_dataset_8_1_7.csv|crp_dataset_8_1_4.csv|crp_dataset_8_1_8.csv|crp_dataset_8_1_3.csv|crp_dataset_8_1_1.csv,crp_dataset_8_1_5.csv,0.6409538388252258,0.7956989247226268,0.7399999999926,74,19,26,137,0.039282226562499994,0.0059139784946236566,0.03336824806787634
MLP,6,0.5,1.0,crp_dataset_8_1_2.csv|crp_dataset_8_1_7.csv|crp_dataset_8_1_4.csv|crp_dataset_8_1_8.csv|crp_dataset_8_1_3.csv|crp_dataset_8_1_6.csv,crp_dataset_8_1_1.csv,0.6124137043952942,0.8714285714161224,0.4841269841231418,61,9,65,121,0.0252685546875,0.004732142857142857,0.02053641183035714
MLP,6,0.5,1.0,crp_dataset_8_1_2.csv|crp_dataset_8_1_7.csv|crp_dataset_8_1_4.csv|crp_dataset_8_1_8.csv|crp_dataset_8_1_3.csv|crp_dataset_8_1_6.csv,crp_dataset_8_1_5.csv,0.6124137043952942,0.7826086956436673,0.7199999999928,72,20,28,136,0.039282226562499994,0.006793478260869565,0.03248874830163043
MLP,6,0.5,1.0,crp_dataset_8_1_2.csv|crp_dataset_8_1_7.csv|crp_dataset_8_1_4.csv|crp_dataset_8_1_8.csv|crp_dataset_8_1_3.csv|crp_dataset_8_1_5.csv,crp_dataset_8_1_1.csv,0.6844401955604553,0.9259259259087792,0.39682539682224743,50,4,76,126,0.0252685546875,0.0015046296296296294,0.02376392505787037
MLP,6,0.5,1.0,crp_dataset_8_1_2.csv|crp_dataset_8_1_7.csv|crp_dataset_8_1_4.csv|crp_dataset_8_1_8.csv|crp_dataset_8_1_3.csv|crp_dataset_8_1_5.csv,crp_dataset_8_1_6.csv,0.6844401955604553,0.9277108433623167,0.5499999999960715,77,6,63,110,0.026928710937499996,0.003313253012048193,0.0236154579254518
MLP,6,0.5,1.0,crp_dataset_8_1_2.csv|crp_dataset_8_1_7.csv|crp_dataset_8_1_4.csv|crp_dataset_8_1_8.csv|crp_dataset_8_1_1.csv|crp_dataset_8_1_6.csv,crp_dataset_8_1_3.csv,0.6357296705245972,0.9469026548588769,0.6184971098230145,107,6,66,77,0.0196044921875,0.0016039823008849557,0.018000509886615043
MLP,6,0.5,1.0,crp_dataset_8_1_2.csv|crp_dataset_8_1_7.csv|crp_dataset_8_1_4.csv|crp_dataset_8_1_8.csv|crp_dataset_8_1_1.csv|crp_dataset_8_1_6.csv,crp_dataset_8_1_5.csv,0.6357296705245972,0.8720930232456733,0.7499999999925,75,11,25,145,0.039282226562499994,0.003561046511627907,0.03572118005087209
MLP,6,0.5,1.0,crp_dataset_8_1_2.csv|crp_dataset_8_1_7.csv|crp_dataset_8_1_4.csv|crp_dataset_8_1_8.csv|crp_dataset_8_1_1.csv|crp_dataset_8_1_5.csv,crp_dataset_8_1_3.csv,0.6109973788261414,0.9016393442549046,0.635838150285342,110,12,63,71,0.0196044921875,0.004508196721311475,0.015096295466188524
MLP,6,0.5,1.0,crp_dataset_8_1_2.csv|crp_dataset_8_1_7.csv|crp_dataset_8_1_4.csv|crp_dataset_8_1_8.csv|crp_dataset_8_1_1.csv|crp_dataset_8_1_5.csv,crp_dataset_8_1_6.csv,0.6109973788261414,0.8508771929749923,0.6928571428521939,97,17,43,99,0.026928710937499996,0.007510964912280702,0.019417746025219295
MLP,6,0.5,1.0,crp_dataset_8_1_2.csv|crp_dataset_8_1_7.csv|crp_dataset_8_1_4.csv|crp_dataset_8_1_8.csv|crp_dataset_8_1_6.csv|crp_dataset_8_1_5.csv,crp_dataset_8_1_3.csv,0.6488015055656433,0.9396551724056926,0.6300578034645662,109,7,64,76,0.0196044921875,0.0017780172413793102,0.01782647494612069
MLP,6,0.5,1.0,crp_dataset_8_1_2.csv|crp_dataset_8_1_7.csv|crp_dataset_8_1_4.csv|crp_dataset_8_1_8.csv|crp_dataset_8_1_6.csv|crp_dataset_8_1_5.csv,crp_dataset_8_1_1.csv,0.6488015055656433,0.9193548386948491,0.45238095237736203,57,5,69,125,0.0252685546875,0.002419354838709678,0.022849199848790323
MLP,6,0.5,1.0,crp_dataset_8_1_2.csv|crp_dataset_8_1_7.csv|crp_dataset_8_1_4.csv|crp_dataset_8_1_3.csv|crp_dataset_8_1_1.csv|crp_dataset_8_1_6.csv,crp_dataset_8_1_8.csv,0.6247127652168274,0.7261904761818311,0.4420289855040433,61,23,77,95,0.0283203125,0.011235119047619046,0.017085193452380954
MLP,6,0.5,1.0,crp_dataset_8_1_2.csv|crp_dataset_8_1_7.csv|crp_dataset_8_1_4.csv|crp_dataset_8_1_3.csv|crp_dataset_8_1_1.csv|crp_dataset_8_1_6.csv,crp_dataset_8_1_5.csv,0.6247127652168274,0.7475728155267226,0.7699999999923,77,26,23,130,0.039282226562499994,0.009101941747572818,0.030180284814927176
MLP,6,0.5,1.0,crp_dataset_8_1_2.csv|crp_dataset_8_1_7.csv|crp_dataset_8_1_4.csv|crp_dataset_8_1_3.csv|crp_dataset_8_1_1.csv|crp_dataset_8_1_5.csv,crp_dataset_8_1_8.csv,0.7243517637252808,0.7209302325497566,0.449275362315585,62,24,76,94,0.0283203125,0.01010174418604651,0.01821856831395349
MLP,6,0.5,1.0,crp_dataset_8_1_2.csv|crp_dataset_8_1_7.csv|crp_dataset_8_1_4.csv|crp_dataset_8_1_3.csv|crp_dataset_8_1_1.csv|crp_dataset_8_1_5.csv,crp_dataset_8_1_6.csv,0.7243517637252808,0.8679245282936988,0.6571428571381633,92,14,48,102,0.026928710937499996,0.006662735849056603,0.020265975088443394
MLP,6,0.5,1.0,crp_dataset_8_1_2.csv|crp_dataset_8_1_7.csv|crp_dataset_8_1_4.csv|crp_dataset_8_1_3.csv|crp_dataset_8_1_6.csv|crp_dataset_8_1_5.csv,crp_dataset_8_1_8.csv,0.6831310987472534,0.7439024390153183,0.4420289855040433,61,21,77,97,0.0283203125,0.008384146341463415,0.019936166158536585
MLP,6,0.5,1.0,crp_dataset_8_1_2.csv|crp_dataset_8_1_7.csv|crp_dataset_8_1_4.csv|crp_dataset_8_1_3.csv|crp_dataset_8_1_6.csv|crp_dataset_8_1_5.csv,crp_dataset_8_1_1.csv,0.6831310987472534,0.8450704225233088,0.4761904761866969,60,11,66,119,0.0252685546875,0.004665492957746479,0.02060306172975352
MLP,6,0.5,1.0,crp_dataset_8_1_2.csv|crp_dataset_8_1_7.csv|crp_dataset_8_1_4.csv|crp_dataset_8_1_1.csv|crp_dataset_8_1_6.csv|crp_dataset_8_1_5.csv,crp_dataset_8_1_8.csv,0.7264022827148438,0.7894736842001384,0.4347826086925016,60,16,78,102,0.0283203125,0.005756578947368421,0.02256373355263158
MLP,6,0.5,1.0,crp_dataset_8_1_2.csv|crp_dataset_8_1_7.csv|crp_dataset_8_1_4.csv|crp_dataset_8_1_1.csv|crp_dataset_8_1_6.csv|crp_dataset_8_1_5.csv,crp_dataset_8_1_3.csv,0.7264022827148438,0.9159663865469246,0.6300578034645662,109,10,64,73,0.0196044921875,0.0033613445378151263,0.016243147649684875
MLP,6,0.5,1.0,crp_dataset_8_1_2.csv|crp_dataset_8_1_7.csv|crp_dataset_8_1_8.csv|crp_dataset_8_1_3.csv|crp_dataset_8_1_1.csv|crp_dataset_8_1_6.csv,crp_dataset_8_1_4.csv,0.6669007539749146,0.8888888888812915,0.7938931297649322,104,13,27,112,0.023046875,0.0036858974358974362,0.019360977564102565
MLP,6,0.5,1.0,crp_dataset_8_1_2.csv|crp_dataset_8_1_7.csv|crp_dataset_8_1_8.csv|crp_dataset_8_1_3.csv|crp_dataset_8_1_1.csv|crp_dataset_8_1_6.csv,crp_dataset_8_1_5.csv,0.6669007539749146,0.7826086956436673,0.7199999999928,72,20,28,136,0.039282226562499994,0.006861413043478262,0.032420813519021735
MLP,6,0.5,1.0,crp_dataset_8_1_2.csv|crp_dataset_8_1_7.csv|crp_dataset_8_1_8.csv|crp_dataset_8_1_3.csv|crp_dataset_8_1_1.csv|crp_dataset_8_1_5.csv,crp_dataset_8_1_4.csv,0.6760304570198059,0.8709677419284599,0.8244274809097373,108,16,23,109,0.023046875,0.006149193548387098,0.016897681451612905
MLP,6,0.5,1.0,crp_dataset_8_1_2.csv|crp_dataset_8_1_7.csv|crp_dataset_8_1_8.csv|crp_dataset_8_1_3.csv|crp_dataset_8_1_1.csv|crp_dataset_8_1_5.csv,crp_dataset_8_1_6.csv,0.6760304570198059,0.7499999999943182,0.7071428571378062,99,33,41,83,0.026928710937499996,0.015198863636363637,0.011729847301136359
MLP,6,0.5,1.0,crp_dataset_8_1_2.csv|crp_dataset_8_1_7.csv|crp_dataset_8_1_8.csv|crp_dataset_8_1_3.csv|crp_dataset_8_1_6.csv|crp_dataset_8_1_5.csv,crp_dataset_8_1_4.csv,0.6741640567779541,0.903508771921899,0.7862595419787309,103,11,28,114,0.023046875,0.0038377192982456147,0.019209155701754386
MLP,6,0.5,1.0,crp_dataset_8_1_2.csv|crp_dataset_8_1_7.csv|crp_dataset_8_1_8.csv|crp_dataset_8_1_3.csv|crp_dataset_8_1_6.csv|crp_dataset_8_1_5.csv,crp_dataset_8_1_1.csv,0.6741640567779541,0.9016393442475141,0.43650793650447217,55,6,71,124,0.0252685546875,0.002766393442622951,0.02250216124487705
MLP,6,0.5,1.0,crp_dataset_8_1_2.csv|crp_dataset_8_1_7.csv|crp_dataset_8_1_8.csv|crp_dataset_8_1_1.csv|crp_dataset_8_1_6.csv|crp_dataset_8_1_5.csv,crp_dataset_8_1_4.csv,0.6030977368354797,0.8359374999934693,0.816793893123536,107,21,24,104,0.023046875,0.006591796875,0.016455078125
MLP,6,0.5,1.0,crp_dataset_8_1_2.csv|crp_dataset_8_1_7.csv|crp_dataset_8_1_8.csv|crp_dataset_8_1_1.csv|crp_dataset_8_1_6.csv|crp_dataset_8_1_5.csv,crp_dataset_8_1_3.csv,0.6030977368354797,0.8852459016320882,0.6242774566437903,108,14,65,69,0.0196044921875,0.004713114754098361,0.014891377433401638
MLP,6,0.5,1.0,crp_dataset_8_1_2.csv|crp_dataset_8_1_7.csv|crp_dataset_8_1_3.csv|crp_dataset_8_1_1.csv|crp_dataset_8_1_6.csv|crp_dataset_8_1_5.csv,crp_dataset_8_1_4.csv,0.6359795928001404,0.9083333333257638,0.8320610686959385,109,11,22,114,0.023046875,0.003802083333333333,0.019244791666666667
MLP,6,0.5,1.0,crp_dataset_8_1_2.csv|crp_dataset_8_1_7.csv|crp_dataset_8_1_3.csv|crp_dataset_8_1_1.csv|crp_dataset_8_1_6.csv|crp_dataset_8_1_5.csv,crp_dataset_8_1_8.csv,0.6359795928001404,0.7435897435802103,0.42028985506941824,58,20,80,98,0.0283203125,0.00969551282051282,0.01862479967948718
MLP,6,0.5,1.0,crp_dataset_8_1_2.csv|crp_dataset_8_1_4.csv|crp_dataset_8_1_8.csv|crp_dataset_8_1_3.csv|crp_dataset_8_1_1.csv|crp_dataset_8_1_6.csv,crp_dataset_8_1_7.csv,0.6033514142036438,0.9452054794477388,0.9409090909048141,207,12,13,24,0.0095703125,0.002910958904109589,0.0066593535958904115
MLP,6,0.5,1.0,crp_dataset_8_1_2.csv|crp_dataset_8_1_4.csv|crp_dataset_8_1_8.csv|crp_dataset_8_1_3.csv|crp_dataset_8_1_1.csv|crp_dataset_8_1_6.csv,crp_dataset_8_1_5.csv,0.6033514142036438,0.7835051546310978,0.7599999999924,76,21,24,135,0.039282226562499994,0.007152061855670104,0.03213016470682989
MLP,6,0.5,1.0,crp_dataset_8_1_2.csv|crp_dataset_8_1_4.csv|crp_dataset_8_1_8.csv|crp_dataset_8_1_3.csv|crp_dataset_8_1_1.csv|crp_dataset_8_1_5.csv,crp_dataset_8_1_7.csv,0.6621526479721069,0.9128630705356313,0.9999999999954546,220,21,0,15,0.0095703125,0.004175311203319503,0.005395001296680498
MLP,6,0.5,1.0,crp_dataset_8_1_2.csv|crp_dataset_8_1_4.csv|crp_dataset_8_1_8.csv|crp_dataset_8_1_3.csv|crp_dataset_8_1_1.csv|crp_dataset_8_1_5.csv,crp_dataset_8_1_6.csv,0.6621526479721069,0.7857142857072704,0.6285714285669388,88,24,52,92,0.026928710937499996,0.011551339285714288,0.015377371651785708
MLP,6,0.5,1.0,crp_dataset_8_1_2.csv|crp_dataset_8_1_4.csv|crp_dataset_8_1_8.csv|crp_dataset_8_1_3.csv|crp_dataset_8_1_6.csv|crp_dataset_8_1_5.csv,crp_dataset_8_1_7.csv,0.6545462608337402,0.9563318777250815,0.9954545454500207,219,10,1,26,0.0095703125,0.00199235807860262,0.00757795442139738
MLP,6,0.5,1.0,crp_dataset_8_1_2.csv|crp_dataset_8_1_4.csv|crp_dataset_8_1_8.csv|crp_dataset_8_1_3.csv|crp_dataset_8_1_6.csv|crp_dataset_8_1_5.csv,crp_dataset_8_1_1.csv,0.6545462608337402,0.9516129032104579,0.46825396825025195,59,3,67,127,0.0252685546875,0.0011088709677419355,0.024159683719758063
MLP,6,0.5,1.0,crp_dataset_8_1_2.csv|crp_dataset_8_1_4.csv|crp_dataset_8_1_8.csv|crp_dataset_8_1_1.csv|crp_dataset_8_1_6.csv|crp_dataset_8_1_5.csv,crp_dataset_8_1_7.csv,0.662742555141449,0.9475982532709712,0.9863636363591529,217,12,3,24,0.0095703125,0.00199235807860262,0.00757795442139738
MLP,6,0.5,1.0,crp_dataset_8_1_2.csv|crp_dataset_8_1_4.csv|crp_dataset_8_1_8.csv|crp_dataset_8_1_1.csv|crp_dataset_8_1_6.csv|crp_dataset_8_1_5.csv,crp_dataset_8_1_3.csv,0.662742555141449,0.9464285714201212,0.6127167630022387,106,6,67,77,0.0196044921875,0.0024553571428571432,0.017149135044642855
MLP,6,0.5,1.0,crp_dataset_8_1_2.csv|crp_dataset_8_1_4.csv|crp_dataset_8_1_3.csv|crp_dataset_8_1_1.csv|crp_dataset_8_1_6.csv|crp_dataset_8_1_5.csv,crp_dataset_8_1_7.csv,0.6363087892532349,0.9350649350608872,0.981818181813719,216,15,4,21,0.0095703125,0.0026244588744588748,0.006945853625541126
MLP,6,0.5,1.0,crp_dataset_8_1_2.csv|crp_dataset_8_1_4.csv|crp_dataset_8_1_3.csv|crp_dataset_8_1_1.csv|crp_dataset_8_1_6.csv|crp_dataset_8_1_5.csv,crp_dataset_8_1_8.csv,0.6363087892532349,0.7532467532369708,0.42028985506941824,58,19,80,99,0.0283203125,0.00909090909090909,0.01922940340909091
MLP,6,0.5,1.0,crp_dataset_8_1_2.csv|crp_dataset_8_1_8.csv|crp_dataset_8_1_3.csv|crp_dataset_8_1_1.csv|crp_dataset_8_1_6.csv|crp_dataset_8_1_5.csv,crp_dataset_8_1_7.csv,0.6021074652671814,0.9424778761020245,0.9681818181774174,213,13,7,23,0.0095703125,0.0030420353982300885,0.006528277101769913
MLP,6,0.5,1.0,crp_dataset_8_1_2.csv|crp_dataset_8_1_8.csv|crp_dataset_8_1_3.csv|crp_dataset_8_1_1.csv|crp_dataset_8_1_6.csv|crp_dataset_8_1_5.csv,crp_dataset_8_1_4.csv,0.6021074652671814,0.9117647058734141,0.7099236641167181,93,9,38,116,0.023046875,0.0028799019607843135,0.020166973039215687
MLP,6,0.5,1.0,crp_dataset_8_1_7.csv|crp_dataset_8_1_4.csv|crp_dataset_8_1_8.csv|crp_dataset_8_1_3.csv|crp_dataset_8_1_1.csv|crp_dataset_8_1_6.csv,crp_dataset_8_1_2.csv,0.7477186322212219,0.8478260869473062,0.6554621848684414,78,14,41,123,0.039453125,0.005095108695652173,0.03435801630434782
MLP,6,0.5,1.0,crp_dataset_8_1_7.csv|crp_dataset_8_1_4.csv|crp_dataset_8_1_8.csv|crp_dataset_8_1_3.csv|crp_dataset_8_1_1.csv|crp_dataset_8_1_6.csv,crp_dataset_8_1_5.csv,0.7477186322212219,0.8452380952280328,0.7099999999929,71,13,29,143,0.039282226562499994,0.004613095238095239,0.03466913132440476
MLP,6,0.5,1.0,crp_dataset_8_1_7.csv|crp_dataset_8_1_4.csv|crp_dataset_8_1_8.csv|crp_dataset_8_1_3.csv|crp_dataset_8_1_1.csv|crp_dataset_8_1_5.csv,crp_dataset_8_1_2.csv,0.6037585735321045,0.7809523809449432,0.6890756302463102,82,23,37,114,0.039453125,0.01273809523809524,0.02671502976190476
MLP,6,0.5,1.0,crp_dataset_8_1_7.csv|crp_dataset_8_1_4.csv|crp_dataset_8_1_8.csv|crp_dataset_8_1_3.csv|crp_dataset_8_1_1.csv|crp_dataset_8_1_5.csv,crp_dataset_8_1_6.csv,0.6037585735321045,0.8691588784965499,0.6642857142809694,93,14,47,102,0.026928710937499996,0.007651869158878505,0.01927684177862149
MLP,6,0.5,1.0,crp_dataset_8_1_7.csv|crp_dataset_8_1_4.csv|crp_dataset_8_1_8.csv|crp_dataset_8_1_3.csv|crp_dataset_8_1_6.csv|crp_dataset_8_1_5.csv,crp_dataset_8_1_2.csv,0.6963495016098022,0.8494623655822638,0.6638655462129087,79,14,40,123,0.039453125,0.004771505376344085,0.034681619623655915
MLP,6,0.5,1.0,crp_dataset_8_1_7.csv|crp_dataset_8_1_4.csv|crp_dataset_8_1_8.csv|crp_dataset_8_1_3.csv|crp_dataset_8_1_6.csv|crp_dataset_8_1_5.csv,crp_dataset_8_1_1.csv,0.6963495016098022,0.9666666666505556,0.460317460313807,58,2,68,128,0.0252685546875,0.0015625000000000003,0.0237060546875
MLP,6,0.5,1.0,crp_dataset_8_1_7.csv|crp_dataset_8_1_4.csv|crp_dataset_8_1_8.csv|crp_dataset_8_1_1.csv|crp_dataset_8_1_6.csv|crp_dataset_8_1_5.csv,crp_dataset_8_1_2.csv,0.7758281826972961,0.8295454545360279,0.6134453781461054,73,15,46,122,0.039453125,0.005326704545454545,0.034126420454545454
MLP,6,0.5,1.0,crp_dataset_8_1_7.csv|crp_dataset_8_1_4.csv|crp_dataset_8_1_8.csv|crp_dataset_8_1_1.csv|crp_dataset_8_1_6.csv|crp_dataset_8_1_5.csv,crp_dataset_8_1_3.csv,0.7758281826972961,0.9809523809430385,0.5953757225399111,103,2,70,81,0.0196044921875,0.0007142857142857143,0.018890206473214283
MLP,6,0.5,1.0,crp_dataset_8_1_7.csv|crp_dataset_8_1_4.csv|crp_dataset_8_1_3.csv|crp_dataset_8_1_1.csv|crp_dataset_8_1_6.csv|crp_dataset_8_1_5.csv,crp_dataset_8_1_2.csv,0.679940938949585,0.8461538461445477,0.6470588235239743,77,14,42,123,0.039453125,0.005082417582417582,0.03437070741758241
MLP,6,0.5,1.0,crp_dataset_8_1_7.csv|crp_dataset_8_1_4.csv|crp_dataset_8_1_3.csv|crp_dataset_8_1_1.csv|crp_dataset_8_1_6.csv|crp_dataset_8_1_5.csv,crp_dataset_8_1_8.csv,0.679940938949585,0.780821917797523,0.4130434782578765,57,16,81,102,0.0283203125,0.006335616438356164,0.021984696061643834
MLP,6,0.5,1.0,crp_dataset_8_1_7.csv|crp_dataset_8_1_8.csv|crp_dataset_8_1_3.csv|crp_dataset_8_1_1.csv|crp_dataset_8_1_6.csv|crp_dataset_8_1_5.csv,crp_dataset_8_1_2.csv,0.7965558767318726,0.8780487804770969,0.6050420168016383,72,10,47,127,0.039453125,0.0031249999999999997,0.036328124999999996
MLP,6,0.5,1.0,crp_dataset_8_1_7.csv|crp_dataset_8_1_8.csv|crp_dataset_8_1_3.csv|crp_dataset_8_1_1.csv|crp_dataset_8_1_6.csv|crp_dataset_8_1_5.csv,crp_dataset_8_1_4.csv,0.7965558767318726,0.9368421052532964,0.6793893129719131,89,6,42,119,0.023046875,0.002105263157894737,0.020941611842105266
MLP,6,0.5,1.0,crp_dataset_8_1_4.csv|crp_dataset_8_1_8.csv|crp_dataset_8_1_3.csv|crp_dataset_8_1_1.csv|crp_dataset_8_1_6.csv|crp_dataset_8_1_5.csv,crp_dataset_8_1_2.csv,0.6096010804176331,0.794117647051038,0.6806722689018431,81,21,38,116,0.039453125,0.006433823529411764,0.033019301470588236
MLP,6,0.5,1.0,crp_dataset_8_1_4.csv|crp_dataset_8_1_8.csv|crp_dataset_8_1_3.csv|crp_dataset_8_1_1.csv|crp_dataset_8_1_6.csv|crp_dataset_8_1_5.csv,crp_dataset_8_1_7.csv,0.6096010804176331,0.939655172409743,0.9909090909045868,218,14,2,22,0.0095703125,0.002505387931034483,0.007064924568965517
MLP,7,0.5,1.0,crp_dataset_8_1_2.csv|crp_dataset_8_1_7.csv|crp_dataset_8_1_4.csv|crp_dataset_8_1_8.csv|crp_dataset_8_1_3.csv|crp_dataset_8_1_1.csv|crp_dataset_8_1_6.csv,crp_dataset_8_1_5.csv,0.7474444508552551,0.833333333324074,0.7499999999925,75,15,25,141,0.039282226562499994,0.004722222222222223,0.03456000434027777
MLP,7,0.5,1.0,crp_dataset_8_1_2.csv|crp_dataset_8_1_7.csv|crp_dataset_8_1_4.csv|crp_dataset_8_1_8.csv|crp_dataset_8_1_3.csv|crp_dataset_8_1_1.csv|crp_dataset_8_1_5.csv,crp_dataset_8_1_6.csv,0.6181541681289673,0.8921568627363514,0.6499999999953572,91,11,49,105,0.026928710937499996,0.006004901960784314,0.020923808976715683
MLP,7,0.5,1.0,crp_dataset_8_1_2.csv|crp_dataset_8_1_7.csv|crp_dataset_8_1_4.csv|crp_dataset_8_1_8.csv|crp_dataset_8_1_3.csv|crp_dataset_8_1_6.csv|crp_dataset_8_1_5.csv,crp_dataset_8_1_1.csv,0.6619933843612671,0.9242424242284205,0.4841269841231418,61,5,65,125,0.0252685546875,0.0016098484848484848,0.023658706202651515
MLP,7,0.5,1.0,crp_dataset_8_1_2.csv|crp_dataset_8_1_7.csv|crp_dataset_8_1_4.csv|crp_dataset_8_1_8.csv|crp_dataset_8_1_1.csv|crp_dataset_8_1_6.csv|crp_dataset_8_1_5.csv,crp_dataset_8_1_3.csv,0.7435059547424316,0.9553571428486128,0.6184971098230145,107,5,66,78,0.0196044921875,0.001171875,0.0184326171875
MLP,7,0.5,1.0,crp_dataset_8_1_2.csv|crp_dataset_8_1_7.csv|crp_dataset_8_1_4.csv|crp_dataset_8_1_3.csv|crp_dataset_8_1_1.csv|crp_dataset_8_1_6.csv|crp_dataset_8_1_5.csv,crp_dataset_8_1_8.csv,0.6697618961334229,0.7176470588150865,0.4420289855040433,61,24,77,94,0.0283203125,0.012352941176470589,0.015967371323529413
MLP,7,0.5,1.0,crp_dataset_8_1_2.csv|crp_dataset_8_1_7.csv|crp_dataset_8_1_8.csv|crp_dataset_8_1_3.csv|crp_dataset_8_1_1.csv|crp_dataset_8_1_6.csv|crp_dataset_8_1_5.csv,crp_dataset_8_1_4.csv,0.6482511758804321,0.8888888888812915,0.7938931297649322,104,13,27,112,0.023046875,0.0038461538461538464,0.019200721153846155
MLP,7,0.5,1.0,crp_dataset_8_1_2.csv|crp_dataset_8_1_4.csv|crp_dataset_8_1_8.csv|crp_dataset_8_1_3.csv|crp_dataset_8_1_1.csv|crp_dataset_8_1_6.csv|crp_dataset_8_1_5.csv,crp_dataset_8_1_7.csv,0.6284139752388,0.948051948047844,0.9954545454500207,219,12,1,24,0.0095703125,0.002380952380952381,0.0071893601190476195
MLP,7,0.5,1.0,crp_dataset_8_1_7.csv|crp_dataset_8_1_4.csv|crp_dataset_8_1_8.csv|crp_dataset_8_1_3.csv|crp_dataset_8_1_1.csv|crp_dataset_8_1_6.csv|crp_dataset_8_1_5.csv,crp_dataset_8_1_2.csv,0.7762678265571594,0.8351648351556575,0.6386554621795071,76,15,43,122,0.039453125,0.0054258241758241765,0.03402730082417582
