k_train_datasets,train_set,test_dataset,best_threshold,precision,recall,TP,FP,FN,TN,old_ber,new_ber,ber_reduction
1,crp_dataset_8_1_5.csv,crp_dataset_8_1_8.csv,0.63343996,0.8571428570204082,0.04347826086925016,6,1,132,117,0.0283203125,0.002678571428571429,0.02564174107142857
1,crp_dataset_8_1_5.csv,crp_dataset_8_1_4.csv,0.63343996,0.6666666666222222,0.07633587786201271,10,5,121,120,0.023046875,0.017083333333333332,0.005963541666666669
1,crp_dataset_8_1_5.csv,crp_dataset_8_1_3.csv,0.63343996,0.9230769230059171,0.06936416184931003,12,1,161,82,0.019604492187500003,0.007211538461538462,0.01239295372596154
1,crp_dataset_8_1_5.csv,crp_dataset_8_1_2.csv,0.63343996,0.89999999991,0.07563025210020478,9,1,110,136,0.03945312499999999,0.01125,0.028203124999999992
1,crp_dataset_8_1_5.csv,crp_dataset_8_1_7.csv,0.63343996,0.916666666651389,0.24999999999886366,55,5,165,31,0.0095703125,0.004062499999999999,0.005507812500000001
1,crp_dataset_8_1_5.csv,crp_dataset_8_1_1.csv,0.63343996,0.9999999998,0.03968253968222474,5,0,121,130,0.0252685546875,0.0,0.0252685546875
1,crp_dataset_8_1_5.csv,crp_dataset_8_1_6.csv,0.63343996,0.6666666666111111,0.05714285714244898,8,4,132,112,0.026928710937500003,0.015104166666666667,0.011824544270833336
1,crp_dataset_8_1_8.csv,crp_dataset_8_1_5.csv,0.64370155,0.5342465753351473,0.38999999999609997,39,34,61,122,0.039282226562499994,0.0199486301369863,0.019333596425513695
1,crp_dataset_8_1_8.csv,crp_dataset_8_1_4.csv,0.64370155,0.3931623931590328,0.35114503816525844,46,71,85,54,0.023046875,0.029861111111111113,-0.006814236111111111
1,crp_dataset_8_1_8.csv,crp_dataset_8_1_3.csv,0.64370155,0.6666666666621316,0.566473988436032,98,49,75,34,0.019604492187500003,0.021130952380952382,-0.0015264601934523794
1,crp_dataset_8_1_8.csv,crp_dataset_8_1_2.csv,0.64370155,0.4831460674130161,0.7226890756241791,86,92,33,45,0.03945312499999999,0.038974719101123594,0.0004784058988763981
1,crp_dataset_8_1_8.csv,crp_dataset_8_1_7.csv,0.64370155,0.8525345622080529,0.8409090909052687,185,32,35,4,0.0095703125,0.01016705069124424,-0.0005967381912442386
1,crp_dataset_8_1_8.csv,crp_dataset_8_1_1.csv,0.64370155,0.5327868852415345,0.5158730158689216,65,57,61,73,0.0252685546875,0.027254098360655735,-0.0019855436731557354
1,crp_dataset_8_1_8.csv,crp_dataset_8_1_6.csv,0.64370155,0.4411764705849914,0.4285714285683674,60,76,80,40,0.026928710937500003,0.03515625,-0.008227539062499997
1,crp_dataset_8_1_4.csv,crp_dataset_8_1_5.csv,0.61798084,0.7160493827072092,0.5799999999941999,58,23,42,133,0.039282226562499994,0.014120370370370372,0.02516185619212962
1,crp_dataset_8_1_4.csv,crp_dataset_8_1_8.csv,0.61798084,0.6379310344717598,0.26811594202704264,37,21,101,97,0.0283203125,0.022413793103448276,0.0059065193965517244
1,crp_dataset_8_1_4.csv,crp_dataset_8_1_3.csv,0.61798084,0.9305555555426311,0.38728323699198103,67,5,106,78,0.019604492187500003,0.0031250000000000006,0.016479492187500003
1,crp_dataset_8_1_4.csv,crp_dataset_8_1_2.csv,0.61798084,0.822580645148023,0.4285714285678271,51,11,68,126,0.03945312499999999,0.007862903225806451,0.031590221774193544
1,crp_dataset_8_1_4.csv,crp_dataset_8_1_7.csv,0.61798084,0.9454545454373554,0.236363636362562,52,3,168,33,0.0095703125,0.0017045454545454545,0.007865767045454546
1,crp_dataset_8_1_4.csv,crp_dataset_8_1_1.csv,0.61798084,0.7758620689521404,0.35714285714002264,45,13,81,117,0.0252685546875,0.007004310344827586,0.018264244342672414
1,crp_dataset_8_1_4.csv,crp_dataset_8_1_6.csv,0.61798084,0.8589743589633464,0.4785714285680102,67,11,73,105,0.026928710937500003,0.006490384615384615,0.02043832632211539
1,crp_dataset_8_1_3.csv,crp_dataset_8_1_5.csv,0.69886076,0.4863013698596829,0.7099999999929,71,75,29,81,0.039282226562499994,0.032063356164383564,0.007218870398116431
1,crp_dataset_8_1_3.csv,crp_dataset_8_1_8.csv,0.69886076,0.5076923076884025,0.4782608695617518,66,64,72,54,0.0283203125,0.02875,-0.00042968750000000125
1,crp_dataset_8_1_3.csv,crp_dataset_8_1_4.csv,0.69886076,0.7142857142806123,0.7633587786201271,100,40,31,85,0.023046875,0.011428571428571429,0.011618303571428573
1,crp_dataset_8_1_3.csv,crp_dataset_8_1_2.csv,0.69886076,0.6134453781461054,0.6134453781461054,73,46,46,91,0.03945312499999999,0.022689075630252103,0.016764049369747888
1,crp_dataset_8_1_3.csv,crp_dataset_8_1_7.csv,0.69886076,0.9044585987203538,0.6454545454516116,142,15,78,21,0.0095703125,0.005294585987261146,0.0042757265127388545
1,crp_dataset_8_1_3.csv,crp_dataset_8_1_1.csv,0.69886076,0.6486486486428049,0.5714285714240362,72,39,54,91,0.0252685546875,0.017286036036036036,0.007982518651463964
1,crp_dataset_8_1_3.csv,crp_dataset_8_1_6.csv,0.69886076,0.7433628318518286,0.5999999999957143,84,29,56,87,0.026928710937500003,0.013716814159292033,0.01321189677820797
1,crp_dataset_8_1_2.csv,crp_dataset_8_1_5.csv,0.6051658,0.5853658536513979,0.4799999999952,48,34,52,122,0.039282226562499994,0.02591463414634147,0.013367592416158525
1,crp_dataset_8_1_2.csv,crp_dataset_8_1_8.csv,0.6051658,0.5789473684134349,0.3188405797078345,44,32,94,86,0.0283203125,0.028207236842105268,0.00011307565789473242
1,crp_dataset_8_1_2.csv,crp_dataset_8_1_4.csv,0.6051658,0.8249999999896874,0.5038167938892839,66,14,65,111,0.023046875,0.006015625,0.01703125
1,crp_dataset_8_1_2.csv,crp_dataset_8_1_3.csv,0.6051658,0.9012345678901081,0.42196531791663605,73,8,100,75,0.019604492187500003,0.003549382716049383,0.01605510947145062
1,crp_dataset_8_1_2.csv,crp_dataset_8_1_7.csv,0.6051658,0.9027777777652392,0.2954545454532025,65,7,155,29,0.0095703125,0.0036458333333333343,0.0059244791666666664
1,crp_dataset_8_1_2.csv,crp_dataset_8_1_1.csv,0.6051658,0.727272727261708,0.3809523809493575,48,18,78,112,0.0252685546875,0.00975378787878788,0.01551476680871212
1,crp_dataset_8_1_2.csv,crp_dataset_8_1_6.csv,0.6051658,0.7999999999893332,0.4285714285683674,60,15,80,101,0.026928710937500003,0.011,0.015928710937500003
1,crp_dataset_8_1_7.csv,crp_dataset_8_1_5.csv,0.7538293,0.4238095238075057,0.8899999999911,89,121,11,35,0.039282226562499994,0.03785714285714286,0.0014250837053571344
1,crp_dataset_8_1_7.csv,crp_dataset_8_1_8.csv,0.7538293,0.5544554455418097,0.8115942028926697,112,90,26,28,0.0283203125,0.027134900990099006,0.0011854115099009938
1,crp_dataset_8_1_7.csv,crp_dataset_8_1_4.csv,0.7538293,0.5619047619020862,0.90076335877175,118,92,13,33,0.023046875,0.021041666666666667,0.0020052083333333345
1,crp_dataset_8_1_7.csv,crp_dataset_8_1_3.csv,0.7538293,0.7116279069734344,0.884393063578703,153,62,20,21,0.019604492187500003,0.016395348837209302,0.0032091433502907003
1,crp_dataset_8_1_7.csv,crp_dataset_8_1_2.csv,0.7538293,0.48584905660148187,0.8655462184801215,103,109,16,28,0.03945312499999999,0.0368808962264151,0.0025722287735848934
1,crp_dataset_8_1_7.csv,crp_dataset_8_1_1.csv,0.7538293,0.544999999997275,0.8650793650724994,109,91,17,39,0.0252685546875,0.02334375,0.0019248046875
1,crp_dataset_8_1_7.csv,crp_dataset_8_1_6.csv,0.7538293,0.574879227050363,0.8499999999939286,119,88,21,28,0.026928710937500003,0.025664251207729468,0.0012644597297705347
1,crp_dataset_8_1_1.csv,crp_dataset_8_1_5.csv,0.60592747,0.599999999976,0.1499999999985,15,10,85,146,0.039282226562499994,0.03,0.009282226562499996
1,crp_dataset_8_1_1.csv,crp_dataset_8_1_8.csv,0.60592747,0.6578947368247923,0.18115942028854234,25,13,113,105,0.0283203125,0.02483552631578947,0.003484786184210529
1,crp_dataset_8_1_1.csv,crp_dataset_8_1_4.csv,0.60592747,0.6226415094222143,0.25190839694464195,33,20,98,105,0.023046875,0.015448113207547172,0.00759876179245283
1,crp_dataset_8_1_1.csv,crp_dataset_8_1_3.csv,0.60592747,0.8035714285570791,0.26011560693491265,45,11,128,72,0.019604492187500003,0.010937500000000001,0.008666992187500002
1,crp_dataset_8_1_1.csv,crp_dataset_8_1_2.csv,0.60592747,0.7142857142711371,0.29411764705635196,35,14,84,123,0.03945312499999999,0.016964285714285713,0.02248883928571428
1,crp_dataset_8_1_1.csv,crp_dataset_8_1_7.csv,0.60592747,0.9115044247706946,0.4681818181796901,103,10,117,26,0.0095703125,0.00702433628318584,0.0025459762168141605
1,crp_dataset_8_1_1.csv,crp_dataset_8_1_6.csv,0.60592747,0.6562499999897461,0.29999999999785715,42,22,98,94,0.026928710937500003,0.017871093749999997,0.009057617187500006
1,crp_dataset_8_1_6.csv,crp_dataset_8_1_5.csv,0.60857326,0.46258503401045864,0.6799999999931999,68,79,32,77,0.039282226562499994,0.0377125850340136,0.001569641528486397
1,crp_dataset_8_1_6.csv,crp_dataset_8_1_8.csv,0.60857326,0.47747747747317587,0.38405797101170974,53,58,85,60,0.0283203125,0.03637387387387387,-0.00805356137387387
1,crp_dataset_8_1_6.csv,crp_dataset_8_1_4.csv,0.60857326,0.7394957983131134,0.6717557251857118,88,31,43,94,0.023046875,0.01207983193277311,0.010967043067226892
1,crp_dataset_8_1_6.csv,crp_dataset_8_1_3.csv,0.60857326,0.8362068965445154,0.5606936416152561,97,19,76,64,0.019604492187500003,0.009267241379310344,0.010337250808189659
1,crp_dataset_8_1_6.csv,crp_dataset_8_1_2.csv,0.60857326,0.6701030927765969,0.5462184873903679,65,32,54,105,0.03945312499999999,0.019136597938144328,0.020316527061855664
1,crp_dataset_8_1_6.csv,crp_dataset_8_1_7.csv,0.60857326,0.8865979381351897,0.39090909090731407,86,11,134,25,0.0095703125,0.004381443298969072,0.0051888692010309285
1,crp_dataset_8_1_6.csv,crp_dataset_8_1_1.csv,0.60857326,0.5943396226359025,0.49999999999603173,63,43,63,87,0.0252685546875,0.017629716981132075,0.007638837706367925
2,crp_dataset_8_1_5.csv|crp_dataset_8_1_8.csv,crp_dataset_8_1_4.csv,0.6581759,0.580357142851961,0.4961832061030826,65,47,66,78,0.023046875,0.02103794642857143,0.0020089285714285712
2,crp_dataset_8_1_5.csv|crp_dataset_8_1_8.csv,crp_dataset_8_1_3.csv,0.6581759,0.7894736842045905,0.6069364161814629,105,28,68,55,0.019604492187500003,0.012875939849624062,0.006728552337875941
2,crp_dataset_8_1_5.csv|crp_dataset_8_1_8.csv,crp_dataset_8_1_2.csv,0.6581759,0.5923076923031362,0.6470588235239743,77,53,42,84,0.03945312499999999,0.03192307692307693,0.007530048076923063
2,crp_dataset_8_1_5.csv|crp_dataset_8_1_8.csv,crp_dataset_8_1_7.csv,0.6581759,0.8869565217352742,0.9272727272685124,204,26,16,10,0.0095703125,0.007635869565217392,0.0019344429347826087
2,crp_dataset_8_1_5.csv|crp_dataset_8_1_8.csv,crp_dataset_8_1_1.csv,0.6581759,0.7999999999893332,0.4761904761866969,60,15,66,115,0.0252685546875,0.01375,0.0115185546875
2,crp_dataset_8_1_5.csv|crp_dataset_8_1_8.csv,crp_dataset_8_1_6.csv,0.6581759,0.515384615380651,0.4785714285680102,67,63,73,53,0.026928710937500003,0.029951923076923074,-0.003023212139423071
2,crp_dataset_8_1_5.csv|crp_dataset_8_1_4.csv,crp_dataset_8_1_8.csv,0.6089233,0.7254901960642062,0.26811594202704264,37,14,101,104,0.0283203125,0.014460784313725489,0.013859528186274511
2,crp_dataset_8_1_5.csv|crp_dataset_8_1_4.csv,crp_dataset_8_1_3.csv,0.6089233,0.905882352930519,0.4450867051997394,77,8,96,75,0.019604492187500003,0.004044117647058824,0.01556037454044118
2,crp_dataset_8_1_5.csv|crp_dataset_8_1_4.csv,crp_dataset_8_1_2.csv,0.6089233,0.8115942028867884,0.47058823529016314,56,13,63,124,0.03945312499999999,0.00588768115942029,0.0335654438405797
2,crp_dataset_8_1_5.csv|crp_dataset_8_1_4.csv,crp_dataset_8_1_7.csv,0.6089233,0.9514563106703742,0.44545454545252067,98,5,122,31,0.0095703125,0.0012742718446601942,0.008296040655339806
2,crp_dataset_8_1_5.csv|crp_dataset_8_1_4.csv,crp_dataset_8_1_1.csv,0.6089233,0.8813559321884517,0.4126984126951373,52,7,74,123,0.0252685546875,0.004978813559322034,0.020289741128177965
2,crp_dataset_8_1_5.csv|crp_dataset_8_1_4.csv,crp_dataset_8_1_6.csv,0.6089233,0.9420289854935937,0.464285714282398,65,4,75,112,0.026928710937500003,0.0024456521739130432,0.02448305876358696
2,crp_dataset_8_1_5.csv|crp_dataset_8_1_3.csv,crp_dataset_8_1_8.csv,0.60603565,0.705882352934256,0.521739130431002,72,30,66,88,0.0283203125,0.012254901960784315,0.016065410539215685
2,crp_dataset_8_1_5.csv|crp_dataset_8_1_3.csv,crp_dataset_8_1_4.csv,0.60603565,0.7703703703646639,0.7938931297649322,104,31,27,94,0.023046875,0.010416666666666666,0.012630208333333335
2,crp_dataset_8_1_5.csv|crp_dataset_8_1_3.csv,crp_dataset_8_1_2.csv,0.60603565,0.7333333333263492,0.6470588235239743,77,28,42,109,0.03945312499999999,0.015416666666666669,0.024036458333333323
2,crp_dataset_8_1_5.csv|crp_dataset_8_1_3.csv,crp_dataset_8_1_7.csv,0.60603565,0.8685258964108824,0.9909090909045868,218,33,2,3,0.0095703125,0.009013944223107568,0.0005563682768924324
2,crp_dataset_8_1_5.csv|crp_dataset_8_1_3.csv,crp_dataset_8_1_1.csv,0.60603565,0.8426966292040146,0.5952380952333711,75,14,51,116,0.0252685546875,0.007233146067415731,0.018035408620084268
2,crp_dataset_8_1_5.csv|crp_dataset_8_1_3.csv,crp_dataset_8_1_6.csv,0.60603565,0.6477987421342906,0.7357142857090306,103,56,37,60,0.026928710937500003,0.021894654088050317,0.005034056849449686
2,crp_dataset_8_1_5.csv|crp_dataset_8_1_2.csv,crp_dataset_8_1_8.csv,0.6152751,0.7285714285610204,0.36956521738862635,51,19,87,99,0.0283203125,0.008928571428571428,0.019391741071428572
2,crp_dataset_8_1_5.csv|crp_dataset_8_1_2.csv,crp_dataset_8_1_4.csv,0.6152751,0.8958333333240017,0.6564885496133093,86,10,45,115,0.023046875,0.002994791666666667,0.020052083333333335
2,crp_dataset_8_1_5.csv|crp_dataset_8_1_2.csv,crp_dataset_8_1_3.csv,0.6152751,0.9651162790585451,0.47976878612439444,83,3,90,80,0.019604492187500003,0.0018895348837209302,0.01771495730377907
2,crp_dataset_8_1_5.csv|crp_dataset_8_1_2.csv,crp_dataset_8_1_7.csv,0.6152751,0.9138755980817518,0.868181818177872,191,18,29,18,0.0095703125,0.0038277511961722485,0.005742561303827752
2,crp_dataset_8_1_5.csv|crp_dataset_8_1_2.csv,crp_dataset_8_1_1.csv,0.6152751,0.9607843137066514,0.3888888888858025,49,2,77,128,0.0252685546875,0.003308823529411765,0.021959731158088233
2,crp_dataset_8_1_5.csv|crp_dataset_8_1_2.csv,crp_dataset_8_1_6.csv,0.6152751,0.9591836734498127,0.33571428571188777,47,2,93,114,0.026928710937500003,0.0031887755102040817,0.02373993542729592
2,crp_dataset_8_1_5.csv|crp_dataset_8_1_7.csv,crp_dataset_8_1_8.csv,0.64765376,0.817073170721743,0.48550724637329346,67,15,71,103,0.0283203125,0.005564024390243902,0.0227562881097561
2,crp_dataset_8_1_5.csv|crp_dataset_8_1_7.csv,crp_dataset_8_1_4.csv,0.64765376,0.761904761898715,0.7328244274753221,96,30,35,95,0.023046875,0.012202380952380952,0.010844494047619049
2,crp_dataset_8_1_5.csv|crp_dataset_8_1_7.csv,crp_dataset_8_1_3.csv,0.64765376,0.8333333333267195,0.6069364161814629,105,21,68,62,0.019604492187500003,0.00982142857142857,0.009783063616071433
2,crp_dataset_8_1_5.csv|crp_dataset_8_1_7.csv,crp_dataset_8_1_2.csv,0.64765376,0.6788990825625789,0.6218487394905727,74,35,45,102,0.03945312499999999,0.01680045871559633,0.022652666284403662
2,crp_dataset_8_1_5.csv|crp_dataset_8_1_7.csv,crp_dataset_8_1_1.csv,0.64765376,0.8611111110991512,0.49206349205958677,62,10,64,120,0.0252685546875,0.007378472222222222,0.017890082465277776
2,crp_dataset_8_1_5.csv|crp_dataset_8_1_7.csv,crp_dataset_8_1_6.csv,0.64765376,0.6433566433521444,0.6571428571381633,92,51,48,65,0.026928710937500003,0.020935314685314683,0.005993396252185319
2,crp_dataset_8_1_5.csv|crp_dataset_8_1_1.csv,crp_dataset_8_1_8.csv,0.6272031,0.817073170721743,0.48550724637329346,67,15,71,103,0.0283203125,0.005182926829268292,0.02313738567073171
2,crp_dataset_8_1_5.csv|crp_dataset_8_1_1.csv,crp_dataset_8_1_4.csv,0.6272031,0.7499999999939516,0.7099236641167181,93,31,38,94,0.023046875,0.012298387096774192,0.01074848790322581
2,crp_dataset_8_1_5.csv|crp_dataset_8_1_1.csv,crp_dataset_8_1_3.csv,0.6272031,0.8661417322766445,0.635838150285342,110,17,63,66,0.019604492187500003,0.008169291338582678,0.011435200848917325
2,crp_dataset_8_1_5.csv|crp_dataset_8_1_1.csv,crp_dataset_8_1_2.csv,0.6272031,0.6721311475354743,0.6890756302463102,82,40,37,97,0.03945312499999999,0.019774590163934427,0.019678534836065565
2,crp_dataset_8_1_5.csv|crp_dataset_8_1_1.csv,crp_dataset_8_1_7.csv,0.6272031,0.9110169491486821,0.9772727272682852,215,21,5,15,0.0095703125,0.005137711864406779,0.004432600635593221
2,crp_dataset_8_1_5.csv|crp_dataset_8_1_1.csv,crp_dataset_8_1_6.csv,0.6272031,0.7096774193491154,0.6285714285669388,88,36,52,80,0.026928710937500003,0.016582661290322584,0.010346049647177419
2,crp_dataset_8_1_5.csv|crp_dataset_8_1_6.csv,crp_dataset_8_1_8.csv,0.6000631,0.693548387085588,0.3115942028962928,43,19,95,99,0.0283203125,0.01038306451612903,0.01793724798387097
2,crp_dataset_8_1_5.csv|crp_dataset_8_1_6.csv,crp_dataset_8_1_4.csv,0.6000631,0.8921568627363514,0.6946564885443156,91,11,40,114,0.023046875,0.004105392156862746,0.018941482843137257
2,crp_dataset_8_1_5.csv|crp_dataset_8_1_6.csv,crp_dataset_8_1_3.csv,0.6000631,0.9462365591296104,0.5086705202282736,88,5,85,78,0.019604492187500003,0.0010080645161290322,0.01859642767137097
2,crp_dataset_8_1_5.csv|crp_dataset_8_1_6.csv,crp_dataset_8_1_2.csv,0.6000631,0.783783783773192,0.4873949579790975,58,16,61,121,0.03945312499999999,0.00616554054054054,0.03328758445945945
2,crp_dataset_8_1_5.csv|crp_dataset_8_1_6.csv,crp_dataset_8_1_7.csv,0.6000631,0.9504950495002451,0.8727272727233059,192,10,28,26,0.0095703125,0.0019492574257425745,0.0076210550742574264
2,crp_dataset_8_1_5.csv|crp_dataset_8_1_6.csv,crp_dataset_8_1_1.csv,0.6000631,0.86885245900215,0.42063492063158225,53,8,73,122,0.0252685546875,0.004610655737704918,0.020657898949795084
2,crp_dataset_8_1_8.csv|crp_dataset_8_1_4.csv,crp_dataset_8_1_5.csv,0.6296025,0.7977528089798005,0.7099999999929,71,18,29,138,0.039282226562499994,0.0056882022471910106,0.03359402431530899
2,crp_dataset_8_1_8.csv|crp_dataset_8_1_4.csv,crp_dataset_8_1_3.csv,0.6296025,0.9454545454459504,0.601156069360687,104,6,69,77,0.019604492187500003,0.001875,0.0177294921875
2,crp_dataset_8_1_8.csv|crp_dataset_8_1_4.csv,crp_dataset_8_1_2.csv,0.6296025,0.7777777777699214,0.6470588235239743,77,22,42,115,0.03945312499999999,0.008901515151515152,0.03055160984848484
2,crp_dataset_8_1_8.csv|crp_dataset_8_1_4.csv,crp_dataset_8_1_7.csv,0.6296025,0.9247787610578551,0.9499999999956819,209,17,11,19,0.0095703125,0.0036780973451327435,0.005892215154867257
2,crp_dataset_8_1_8.csv|crp_dataset_8_1_4.csv,crp_dataset_8_1_1.csv,0.6296025,0.8749999999878472,0.49999999999603173,63,9,63,121,0.0252685546875,0.0038194444444444448,0.021449110243055555
2,crp_dataset_8_1_8.csv|crp_dataset_8_1_4.csv,crp_dataset_8_1_6.csv,0.6296025,0.9444444444313271,0.4857142857108164,68,4,72,112,0.026928710937500003,0.0036458333333333334,0.02328287760416667
2,crp_dataset_8_1_8.csv|crp_dataset_8_1_3.csv,crp_dataset_8_1_5.csv,0.62055945,0.7362637362556455,0.6699999999933,67,24,33,132,0.039282226562499994,0.010714285714285716,0.028567940848214277
2,crp_dataset_8_1_8.csv|crp_dataset_8_1_3.csv,crp_dataset_8_1_4.csv,0.62055945,0.687999999994496,0.6564885496133093,86,39,45,86,0.023046875,0.01565,0.007396875000000001
2,crp_dataset_8_1_8.csv|crp_dataset_8_1_3.csv,crp_dataset_8_1_2.csv,0.62055945,0.6136363636317149,0.6806722689018431,81,51,38,86,0.03945312499999999,0.027225378787878788,0.012227746212121204
2,crp_dataset_8_1_8.csv|crp_dataset_8_1_3.csv,crp_dataset_8_1_7.csv,0.62055945,0.8974358974320623,0.9545454545411157,210,24,10,12,0.0095703125,0.007318376068376068,0.0022519364316239323
2,crp_dataset_8_1_8.csv|crp_dataset_8_1_3.csv,crp_dataset_8_1_1.csv,0.62055945,0.8229166666580946,0.6269841269791508,79,17,47,113,0.0252685546875,0.009375,0.0158935546875
2,crp_dataset_8_1_8.csv|crp_dataset_8_1_3.csv,crp_dataset_8_1_6.csv,0.62055945,0.6142857142813266,0.6142857142813266,86,54,54,62,0.026928710937500003,0.023839285714285716,0.003089425223214287
2,crp_dataset_8_1_8.csv|crp_dataset_8_1_2.csv,crp_dataset_8_1_5.csv,0.6164806,0.9999999998888889,0.0899999999991,9,0,91,156,0.039282226562499994,0.001388888888888889,0.037893337673611104
2,crp_dataset_8_1_8.csv|crp_dataset_8_1_2.csv,crp_dataset_8_1_4.csv,0.6164806,0.8095238094852608,0.1297709923654216,17,4,114,121,0.023046875,0.009523809523809525,0.013523065476190477
2,crp_dataset_8_1_8.csv|crp_dataset_8_1_2.csv,crp_dataset_8_1_3.csv,0.6164806,0.9166666666284722,0.1271676300570684,22,2,151,81,0.019604492187500003,0.005989583333333333,0.01361490885416667
2,crp_dataset_8_1_8.csv|crp_dataset_8_1_2.csv,crp_dataset_8_1_7.csv,0.6164806,0.9672131147382425,0.26818181818059916,59,2,161,34,0.0095703125,0.001639344262295082,0.007930968237704918
2,crp_dataset_8_1_8.csv|crp_dataset_8_1_2.csv,crp_dataset_8_1_1.csv,0.6164806,0.777777777691358,0.055555555555114634,7,2,119,128,0.0252685546875,0.009722222222222222,0.015546332465277778
2,crp_dataset_8_1_8.csv|crp_dataset_8_1_2.csv,crp_dataset_8_1_6.csv,0.6164806,0.6923076922544379,0.0642857142852551,9,4,131,112,0.026928710937500003,0.018750000000000003,0.0081787109375
2,crp_dataset_8_1_8.csv|crp_dataset_8_1_7.csv,crp_dataset_8_1_5.csv,0.60197306,0.6470588235217993,0.5499999999945,55,30,45,126,0.039282226562499994,0.011544117647058823,0.02773810891544117
2,crp_dataset_8_1_8.csv|crp_dataset_8_1_7.csv,crp_dataset_8_1_4.csv,0.60197306,0.4714285714252041,0.5038167938892839,66,74,65,51,0.023046875,0.025848214285714287,-0.0028013392857142855
2,crp_dataset_8_1_8.csv|crp_dataset_8_1_7.csv,crp_dataset_8_1_3.csv,0.60197306,0.7454545454500277,0.7109826589554279,123,42,50,41,0.019604492187500003,0.01678030303030303,0.002824189157196972
2,crp_dataset_8_1_8.csv|crp_dataset_8_1_7.csv,crp_dataset_8_1_2.csv,0.60197306,0.49162011172909714,0.7394957983131134,88,91,31,46,0.03945312499999999,0.03949022346368715,-3.709846368715741e-05
2,crp_dataset_8_1_8.csv|crp_dataset_8_1_7.csv,crp_dataset_8_1_1.csv,0.60197306,0.6355932203335967,0.5952380952333711,75,43,51,87,0.0252685546875,0.021292372881355933,0.003976181806144067
2,crp_dataset_8_1_8.csv|crp_dataset_8_1_7.csv,crp_dataset_8_1_6.csv,0.60197306,0.4842767295567027,0.5499999999960715,77,82,63,34,0.026928710937500003,0.03160377358490566,-0.0046750626474056575
2,crp_dataset_8_1_8.csv|crp_dataset_8_1_1.csv,crp_dataset_8_1_5.csv,0.6281382,0.8450704225233088,0.599999999994,60,11,40,145,0.039282226562499994,0.004577464788732394,0.0347047617737676
2,crp_dataset_8_1_8.csv|crp_dataset_8_1_1.csv,crp_dataset_8_1_4.csv,0.6281382,0.6722689075573759,0.6106870228961017,80,39,51,86,0.023046875,0.016649159663865546,0.006397715336134455
2,crp_dataset_8_1_8.csv|crp_dataset_8_1_1.csv,crp_dataset_8_1_3.csv,0.6281382,0.8283582089490422,0.6416184971061178,111,23,62,60,0.019604492187500003,0.01044776119402985,0.009156730993470153
2,crp_dataset_8_1_8.csv|crp_dataset_8_1_1.csv,crp_dataset_8_1_2.csv,0.6281382,0.5555555555511463,0.5882352941127039,70,56,49,81,0.03945312499999999,0.03253968253968254,0.00691344246031745
2,crp_dataset_8_1_8.csv|crp_dataset_8_1_1.csv,crp_dataset_8_1_7.csv,0.6281382,0.8945147679287152,0.9636363636319836,212,25,8,11,0.0095703125,0.006434599156118143,0.003135713343881858
2,crp_dataset_8_1_8.csv|crp_dataset_8_1_1.csv,crp_dataset_8_1_6.csv,0.6281382,0.5968992248015744,0.5499999999960715,77,52,63,64,0.026928710937500003,0.024127906976744183,0.0028008039607558197
2,crp_dataset_8_1_8.csv|crp_dataset_8_1_6.csv,crp_dataset_8_1_5.csv,0.6012704,0.8196721311341038,0.499999999995,50,11,50,145,0.039282226562499994,0.005225409836065575,0.034056816726434416
2,crp_dataset_8_1_8.csv|crp_dataset_8_1_6.csv,crp_dataset_8_1_4.csv,0.6012704,0.9066666666545777,0.5190839694616864,68,7,63,118,0.023046875,0.00375,0.019296875
2,crp_dataset_8_1_8.csv|crp_dataset_8_1_6.csv,crp_dataset_8_1_3.csv,0.6012704,0.922077922065947,0.4104046242750844,71,6,102,77,0.019604492187500003,0.0031655844155844158,0.016438907771915586
2,crp_dataset_8_1_8.csv|crp_dataset_8_1_6.csv,crp_dataset_8_1_2.csv,0.6012704,0.7611940298393851,0.4285714285678271,51,16,68,121,0.03945312499999999,0.011194029850746266,0.028259095149253725
2,crp_dataset_8_1_8.csv|crp_dataset_8_1_6.csv,crp_dataset_8_1_7.csv,0.6012704,0.9424460431586875,0.5954545454518388,131,8,89,28,0.0095703125,0.0023381294964028776,0.007232183003597123
2,crp_dataset_8_1_8.csv|crp_dataset_8_1_6.csv,crp_dataset_8_1_1.csv,0.6012704,0.9347826086753309,0.3412698412671328,43,3,83,127,0.0252685546875,0.0016304347826086956,0.023638119904891303
2,crp_dataset_8_1_4.csv|crp_dataset_8_1_3.csv,crp_dataset_8_1_5.csv,0.612215,0.6857142857077551,0.7199999999928,72,33,28,123,0.039282226562499994,0.015,0.024282226562499995
2,crp_dataset_8_1_4.csv|crp_dataset_8_1_3.csv,crp_dataset_8_1_8.csv,0.612215,0.6428571428494898,0.39130434782325146,54,30,84,88,0.0283203125,0.018824404761904764,0.009495907738095236
2,crp_dataset_8_1_4.csv|crp_dataset_8_1_3.csv,crp_dataset_8_1_2.csv,0.612215,0.8080808080726456,0.6722689075573759,80,19,39,118,0.03945312499999999,0.006502525252525253,0.03295059974747474
2,crp_dataset_8_1_4.csv|crp_dataset_8_1_3.csv,crp_dataset_8_1_7.csv,0.612215,0.9507389162514742,0.8772727272687397,193,10,27,26,0.0095703125,0.0019396551724137933,0.007630657327586207
2,crp_dataset_8_1_4.csv|crp_dataset_8_1_3.csv,crp_dataset_8_1_1.csv,0.612215,0.8026315789368075,0.4841269841231418,61,15,65,115,0.0252685546875,0.007401315789473684,0.017867238898026317
2,crp_dataset_8_1_4.csv|crp_dataset_8_1_3.csv,crp_dataset_8_1_6.csv,0.612215,0.8902439024281678,0.521428571424847,73,9,67,107,0.026928710937500003,0.0062499999999999995,0.020678710937500004
2,crp_dataset_8_1_4.csv|crp_dataset_8_1_2.csv,crp_dataset_8_1_5.csv,0.6267739,0.695238095231474,0.7299999999926999,73,32,27,124,0.039282226562499994,0.013095238095238096,0.026186988467261897
2,crp_dataset_8_1_4.csv|crp_dataset_8_1_2.csv,crp_dataset_8_1_8.csv,0.6267739,0.6470588235217993,0.39855072463479313,55,30,83,88,0.0283203125,0.021764705882352946,0.006555606617647054
2,crp_dataset_8_1_4.csv|crp_dataset_8_1_2.csv,crp_dataset_8_1_3.csv,0.6267739,0.919642857134646,0.5953757225399111,103,9,70,74,0.019604492187500003,0.003627232142857143,0.01597726004464286
2,crp_dataset_8_1_4.csv|crp_dataset_8_1_2.csv,crp_dataset_8_1_7.csv,0.6267739,0.9477124182944595,0.6590909090879132,145,8,75,28,0.0095703125,0.0022467320261437907,0.00732358047385621
2,crp_dataset_8_1_4.csv|crp_dataset_8_1_2.csv,crp_dataset_8_1_1.csv,0.6267739,0.8082191780711202,0.46825396825025195,59,14,67,116,0.0252685546875,0.007363013698630137,0.017905540988869862
2,crp_dataset_8_1_4.csv|crp_dataset_8_1_2.csv,crp_dataset_8_1_6.csv,0.6267739,0.8928571428465135,0.5357142857104592,75,9,65,107,0.026928710937500003,0.004836309523809524,0.02209240141369048
2,crp_dataset_8_1_4.csv|crp_dataset_8_1_7.csv,crp_dataset_8_1_5.csv,0.6104211,0.7425742574183903,0.7499999999925,75,26,25,130,0.039282226562499994,0.010581683168316832,0.02870054339418316
2,crp_dataset_8_1_4.csv|crp_dataset_8_1_7.csv,crp_dataset_8_1_8.csv,0.6104211,0.6559139784875708,0.4420289855040433,61,32,77,86,0.0283203125,0.020631720430107525,0.007688592069892475
2,crp_dataset_8_1_4.csv|crp_dataset_8_1_7.csv,crp_dataset_8_1_3.csv,0.6104211,0.8951612903153616,0.6416184971061178,111,13,62,70,0.019604492187500003,0.004788306451612903,0.0148161857358871
2,crp_dataset_8_1_4.csv|crp_dataset_8_1_7.csv,crp_dataset_8_1_2.csv,0.6104211,0.7884615384539571,0.6890756302463102,82,22,37,115,0.03945312499999999,0.008173076923076924,0.03128004807692307
2,crp_dataset_8_1_4.csv|crp_dataset_8_1_7.csv,crp_dataset_8_1_1.csv,0.6104211,0.8219178082079189,0.4761904761866969,60,13,66,117,0.0252685546875,0.006078767123287671,0.01918978756421233
2,crp_dataset_8_1_4.csv|crp_dataset_8_1_7.csv,crp_dataset_8_1_6.csv,0.6104211,0.8735632183807636,0.5428571428532654,76,11,64,105,0.026928710937500003,0.006824712643678161,0.02010399829382184
2,crp_dataset_8_1_4.csv|crp_dataset_8_1_1.csv,crp_dataset_8_1_5.csv,0.6247579,0.7676767676690134,0.7599999999924,76,23,24,133,0.039282226562499994,0.008964646464646463,0.03031758009785353
2,crp_dataset_8_1_4.csv|crp_dataset_8_1_1.csv,crp_dataset_8_1_8.csv,0.6247579,0.7415730336995329,0.4782608695617518,66,23,72,95,0.0283203125,0.012570224719101126,0.015750087780898876
2,crp_dataset_8_1_4.csv|crp_dataset_8_1_1.csv,crp_dataset_8_1_3.csv,0.6247579,0.8849557522045579,0.5780346820775837,100,13,73,70,0.019604492187500003,0.006305309734513273,0.01329918245298673
2,crp_dataset_8_1_4.csv|crp_dataset_8_1_1.csv,crp_dataset_8_1_2.csv,0.6247579,0.7731958762806886,0.6302521008350399,75,22,44,115,0.03945312499999999,0.011791237113402062,0.02766188788659793
2,crp_dataset_8_1_4.csv|crp_dataset_8_1_1.csv,crp_dataset_8_1_7.csv,0.6247579,0.935483870963431,0.9227272727230785,203,14,17,22,0.0095703125,0.0026209677419354845,0.006949344758064516
2,crp_dataset_8_1_4.csv|crp_dataset_8_1_1.csv,crp_dataset_8_1_6.csv,0.6247579,0.8749999999900567,0.5499999999960715,77,11,63,105,0.026928710937500003,0.0062499999999999995,0.020678710937500004
2,crp_dataset_8_1_4.csv|crp_dataset_8_1_6.csv,crp_dataset_8_1_5.csv,0.6388436,0.7674418604561926,0.6599999999934,66,20,34,136,0.039282226562499994,0.008066860465116281,0.031215366097383714
2,crp_dataset_8_1_4.csv|crp_dataset_8_1_6.csv,crp_dataset_8_1_8.csv,0.6388436,0.7014925373029628,0.3405797101424596,47,20,91,98,0.0283203125,0.015485074626865677,0.012835237873134323
2,crp_dataset_8_1_4.csv|crp_dataset_8_1_6.csv,crp_dataset_8_1_3.csv,0.6388436,0.9270833333236762,0.5144508670490494,89,7,84,76,0.019604492187500003,0.0024739583333333332,0.01713053385416667
2,crp_dataset_8_1_4.csv|crp_dataset_8_1_6.csv,crp_dataset_8_1_2.csv,0.6388436,0.8536585365749554,0.5882352941127039,70,12,49,125,0.03945312499999999,0.004725609756097561,0.03472751524390243
2,crp_dataset_8_1_4.csv|crp_dataset_8_1_6.csv,crp_dataset_8_1_7.csv,0.6388436,0.9671052631515322,0.668181818178781,147,5,73,31,0.0095703125,0.0009868421052631581,0.008583470394736843
2,crp_dataset_8_1_4.csv|crp_dataset_8_1_6.csv,crp_dataset_8_1_1.csv,0.6388436,0.8507462686440187,0.45238095237736203,57,10,69,120,0.0252685546875,0.004944029850746269,0.020324524836753732
2,crp_dataset_8_1_3.csv|crp_dataset_8_1_2.csv,crp_dataset_8_1_5.csv,0.6237607,0.7326732673194785,0.7399999999926,74,27,26,129,0.039282226562499994,0.010829207920792077,0.02845301864170792
2,crp_dataset_8_1_3.csv|crp_dataset_8_1_2.csv,crp_dataset_8_1_8.csv,0.6237607,0.6707317073088935,0.39855072463479313,55,27,83,91,0.0283203125,0.015625000000000003,0.012695312499999997
2,crp_dataset_8_1_3.csv|crp_dataset_8_1_2.csv,crp_dataset_8_1_4.csv,0.6237607,0.8384615384550889,0.8320610686959385,109,21,22,104,0.023046875,0.006394230769230769,0.01665264423076923
2,crp_dataset_8_1_3.csv|crp_dataset_8_1_2.csv,crp_dataset_8_1_7.csv,0.6237607,0.9259259259216392,0.9090909090867769,200,16,20,20,0.0095703125,0.003414351851851852,0.006155960648148148
2,crp_dataset_8_1_3.csv|crp_dataset_8_1_2.csv,crp_dataset_8_1_1.csv,0.6237607,0.8082191780711202,0.46825396825025195,59,14,67,116,0.0252685546875,0.006078767123287671,0.01918978756421233
2,crp_dataset_8_1_3.csv|crp_dataset_8_1_2.csv,crp_dataset_8_1_6.csv,0.6237607,0.8315789473596675,0.5642857142816837,79,16,61,100,0.026928710937500003,0.009013157894736841,0.017915553042763162
2,crp_dataset_8_1_3.csv|crp_dataset_8_1_7.csv,crp_dataset_8_1_5.csv,0.6217504,0.6869565217331569,0.7899999999921,79,36,21,120,0.039282226562499994,0.014347826086956523,0.02493440047554347
2,crp_dataset_8_1_3.csv|crp_dataset_8_1_7.csv,crp_dataset_8_1_8.csv,0.6217504,0.6068376068324202,0.5144927536194602,71,46,67,72,0.0283203125,0.021367521367521364,0.0069527911324786355
2,crp_dataset_8_1_3.csv|crp_dataset_8_1_7.csv,crp_dataset_8_1_4.csv,0.6217504,0.765517241374031,0.8473282442683411,111,34,20,91,0.023046875,0.01021551724137931,0.012831357758620692
2,crp_dataset_8_1_3.csv|crp_dataset_8_1_7.csv,crp_dataset_8_1_2.csv,0.6217504,0.630136986297054,0.7731092436909822,92,54,27,83,0.03945312499999999,0.02328767123287671,0.01616545376712328
2,crp_dataset_8_1_3.csv|crp_dataset_8_1_7.csv,crp_dataset_8_1_1.csv,0.6217504,0.760869565209121,0.5555555555511463,70,22,56,108,0.0252685546875,0.011684782608695652,0.013583772078804348
2,crp_dataset_8_1_3.csv|crp_dataset_8_1_7.csv,crp_dataset_8_1_6.csv,0.6217504,0.715447154465728,0.6285714285669388,88,35,52,81,0.026928710937500003,0.01788617886178862,0.009042532075711384
2,crp_dataset_8_1_3.csv|crp_dataset_8_1_1.csv,crp_dataset_8_1_5.csv,0.63830596,0.7628865979302795,0.7399999999926,74,23,26,133,0.039282226562499994,0.007925257731958762,0.03135696883054123
2,crp_dataset_8_1_3.csv|crp_dataset_8_1_1.csv,crp_dataset_8_1_8.csv,0.63830596,0.7244897959109746,0.5144927536194602,71,27,67,91,0.0283203125,0.009502551020408163,0.018817761479591837
2,crp_dataset_8_1_3.csv|crp_dataset_8_1_1.csv,crp_dataset_8_1_4.csv,0.63830596,0.7999999999938462,0.7938931297649322,104,26,27,99,0.023046875,0.008653846153846154,0.014393028846153847
2,crp_dataset_8_1_3.csv|crp_dataset_8_1_1.csv,crp_dataset_8_1_2.csv,0.63830596,0.6774193548332466,0.7058823529352447,84,40,35,97,0.03945312499999999,0.019556451612903227,0.019896673387096765
2,crp_dataset_8_1_3.csv|crp_dataset_8_1_1.csv,crp_dataset_8_1_7.csv,0.63830596,0.8811475409799954,0.9772727272682852,215,29,5,7,0.0095703125,0.007889344262295081,0.0016809682377049197
2,crp_dataset_8_1_3.csv|crp_dataset_8_1_1.csv,crp_dataset_8_1_6.csv,0.63830596,0.7265624999943238,0.6642857142809694,93,35,47,81,0.026928710937500003,0.017626953125,0.009301757812500002
2,crp_dataset_8_1_3.csv|crp_dataset_8_1_6.csv,crp_dataset_8_1_5.csv,0.6822496,0.6434782608639698,0.7399999999926,74,41,26,115,0.039282226562499994,0.020380434782608696,0.0189017917798913
2,crp_dataset_8_1_3.csv|crp_dataset_8_1_6.csv,crp_dataset_8_1_8.csv,0.6822496,0.6699999999933,0.48550724637329346,67,33,71,85,0.0283203125,0.020125,0.0081953125
2,crp_dataset_8_1_3.csv|crp_dataset_8_1_6.csv,crp_dataset_8_1_4.csv,0.6822496,0.8095238095173847,0.7786259541925297,102,24,29,101,0.023046875,0.008432539682539682,0.01461433531746032
2,crp_dataset_8_1_3.csv|crp_dataset_8_1_6.csv,crp_dataset_8_1_2.csv,0.6822496,0.7033898305025136,0.6974789915907774,83,35,36,102,0.03945312499999999,0.015360169491525424,0.024092955508474567
2,crp_dataset_8_1_3.csv|crp_dataset_8_1_6.csv,crp_dataset_8_1_7.csv,0.6822496,0.9272727272685124,0.9272727272685124,204,16,16,20,0.0095703125,0.0034375000000000005,0.0061328125
2,crp_dataset_8_1_3.csv|crp_dataset_8_1_6.csv,crp_dataset_8_1_1.csv,0.6822496,0.7999999999899999,0.5079365079324767,64,16,62,114,0.0252685546875,0.007734375,0.0175341796875
2,crp_dataset_8_1_2.csv|crp_dataset_8_1_7.csv,crp_dataset_8_1_5.csv,0.6353568,0.8181818181725207,0.7199999999928,72,16,28,140,0.039282226562499994,0.006463068181818182,0.032819158380681814
2,crp_dataset_8_1_2.csv|crp_dataset_8_1_7.csv,crp_dataset_8_1_8.csv,0.6353568,0.6976744185965387,0.4347826086925016,60,26,78,92,0.0283203125,0.012790697674418603,0.015529614825581397
2,crp_dataset_8_1_2.csv|crp_dataset_8_1_7.csv,crp_dataset_8_1_4.csv,0.6353568,0.8492063491996095,0.816793893123536,107,19,24,106,0.023046875,0.006051587301587301,0.0169952876984127
2,crp_dataset_8_1_2.csv|crp_dataset_8_1_7.csv,crp_dataset_8_1_3.csv,0.6353568,0.9217391304267675,0.6127167630022387,106,9,67,74,0.019604492187500003,0.00391304347826087,0.015691448709239133
2,crp_dataset_8_1_2.csv|crp_dataset_8_1_7.csv,crp_dataset_8_1_1.csv,0.6353568,0.8358208955099131,0.4444444444409171,56,11,70,119,0.0252685546875,0.006436567164179105,0.018831987523320895
2,crp_dataset_8_1_2.csv|crp_dataset_8_1_7.csv,crp_dataset_8_1_6.csv,0.6353568,0.8645833333243272,0.5928571428529082,83,13,57,103,0.026928710937500003,0.007096354166666667,0.019832356770833337
2,crp_dataset_8_1_2.csv|crp_dataset_8_1_1.csv,crp_dataset_8_1_5.csv,0.6306947,0.799999999991111,0.7199999999928,72,18,28,138,0.039282226562499994,0.006597222222222223,0.03268500434027777
2,crp_dataset_8_1_2.csv|crp_dataset_8_1_1.csv,crp_dataset_8_1_8.csv,0.6306947,0.753086419743789,0.4420289855040433,61,20,77,98,0.0283203125,0.007793209876543209,0.02052710262345679
2,crp_dataset_8_1_2.csv|crp_dataset_8_1_1.csv,crp_dataset_8_1_4.csv,0.6306947,0.8319327731022527,0.7557251908339259,99,20,32,105,0.023046875,0.006880252100840337,0.016166622899159665
2,crp_dataset_8_1_2.csv|crp_dataset_8_1_1.csv,crp_dataset_8_1_3.csv,0.6306947,0.9016393442549046,0.635838150285342,110,12,63,71,0.019604492187500003,0.004456967213114753,0.015147524974385249
2,crp_dataset_8_1_2.csv|crp_dataset_8_1_1.csv,crp_dataset_8_1_7.csv,0.6306947,0.9224137930994724,0.9727272727228513,214,18,6,18,0.0095703125,0.004175646551724138,0.005394665948275863
2,crp_dataset_8_1_2.csv|crp_dataset_8_1_1.csv,crp_dataset_8_1_6.csv,0.6306947,0.8090909090835537,0.635714285709745,89,21,51,95,0.026928710937500003,0.012045454545454545,0.014883256392045458
2,crp_dataset_8_1_2.csv|crp_dataset_8_1_6.csv,crp_dataset_8_1_5.csv,0.6097337,0.6666666666599327,0.6599999999934,66,33,34,123,0.039282226562499994,0.018434343434343435,0.02084788312815656
2,crp_dataset_8_1_2.csv|crp_dataset_8_1_6.csv,crp_dataset_8_1_8.csv,0.6097337,0.6164383561559391,0.3260869565193762,45,28,93,90,0.0283203125,0.024143835616438354,0.004176476883561646
2,crp_dataset_8_1_2.csv|crp_dataset_8_1_6.csv,crp_dataset_8_1_4.csv,0.6097337,0.830357142849729,0.7099236641167181,93,19,38,106,0.023046875,0.0065290178571428565,0.016517857142857147
2,crp_dataset_8_1_2.csv|crp_dataset_8_1_6.csv,crp_dataset_8_1_3.csv,0.6097337,0.9150943396140085,0.5606936416152561,97,9,76,74,0.019604492187500003,0.003537735849056604,0.0160667563384434
2,crp_dataset_8_1_2.csv|crp_dataset_8_1_6.csv,crp_dataset_8_1_7.csv,0.6097337,0.9516129032181321,0.5363636363611983,118,6,102,30,0.0095703125,0.0016633064516129034,0.007907006048387098
2,crp_dataset_8_1_2.csv|crp_dataset_8_1_6.csv,crp_dataset_8_1_1.csv,0.6097337,0.7534246575239256,0.43650793650447217,55,18,71,112,0.0252685546875,0.009503424657534246,0.015765130029965754
2,crp_dataset_8_1_7.csv|crp_dataset_8_1_1.csv,crp_dataset_8_1_5.csv,0.6271244,0.8089887640358541,0.7199999999928,72,17,28,139,0.039282226562499994,0.005617977528089887,0.03366424903441011
2,crp_dataset_8_1_7.csv|crp_dataset_8_1_1.csv,crp_dataset_8_1_8.csv,0.6271244,0.7472527472445356,0.4927536231848352,68,23,70,95,0.0283203125,0.009271978021978022,0.019048334478021976
2,crp_dataset_8_1_7.csv|crp_dataset_8_1_1.csv,crp_dataset_8_1_4.csv,0.6271244,0.823999999993408,0.7862595419787309,103,22,28,103,0.023046875,0.009300000000000001,0.013746875
2,crp_dataset_8_1_7.csv|crp_dataset_8_1_1.csv,crp_dataset_8_1_3.csv,0.6271244,0.8740740740675995,0.6820809248515487,118,17,55,66,0.019604492187500003,0.006481481481481481,0.013123010706018522
2,crp_dataset_8_1_7.csv|crp_dataset_8_1_1.csv,crp_dataset_8_1_2.csv,0.6271244,0.7272727272661157,0.6722689075573759,80,30,39,107,0.03945312499999999,0.017499999999999998,0.021953124999999993
2,crp_dataset_8_1_7.csv|crp_dataset_8_1_1.csv,crp_dataset_8_1_6.csv,0.6271244,0.6969696969644169,0.6571428571381633,92,40,48,76,0.026928710937500003,0.018986742424242423,0.00794196851325758
2,crp_dataset_8_1_7.csv|crp_dataset_8_1_6.csv,crp_dataset_8_1_5.csv,0.709714,0.7403846153774962,0.7699999999923,77,27,23,129,0.039282226562499994,0.01141826923076923,0.027863957331730763
2,crp_dataset_8_1_7.csv|crp_dataset_8_1_6.csv,crp_dataset_8_1_8.csv,0.709714,0.6494845360757785,0.4565217391271267,63,34,75,84,0.0283203125,0.01907216494845361,0.00924814755154639
2,crp_dataset_8_1_7.csv|crp_dataset_8_1_6.csv,crp_dataset_8_1_4.csv,0.709714,0.8320610686959385,0.8320610686959385,109,22,22,103,0.023046875,0.007442748091603053,0.015604126908396947
2,crp_dataset_8_1_7.csv|crp_dataset_8_1_6.csv,crp_dataset_8_1_3.csv,0.709714,0.918032786877721,0.6473988439268937,112,10,61,73,0.019604492187500003,0.0038422131147540983,0.015762279072745904
2,crp_dataset_8_1_7.csv|crp_dataset_8_1_6.csv,crp_dataset_8_1_2.csv,0.709714,0.7433628318518286,0.7058823529352447,84,29,35,108,0.03945312499999999,0.012610619469026548,0.02684250553097344
2,crp_dataset_8_1_7.csv|crp_dataset_8_1_6.csv,crp_dataset_8_1_1.csv,0.709714,0.8181818181711924,0.49999999999603173,63,14,63,116,0.0252685546875,0.007142857142857142,0.018125697544642858
2,crp_dataset_8_1_1.csv|crp_dataset_8_1_6.csv,crp_dataset_8_1_5.csv,0.613024,0.7422680412294611,0.7199999999928,72,25,28,131,0.039282226562499994,0.009987113402061855,0.02929511316043814
2,crp_dataset_8_1_1.csv|crp_dataset_8_1_6.csv,crp_dataset_8_1_8.csv,0.613024,0.7307692307598619,0.4130434782578765,57,21,81,97,0.0283203125,0.012259615384615383,0.016060697115384617
2,crp_dataset_8_1_1.csv|crp_dataset_8_1_6.csv,crp_dataset_8_1_4.csv,0.613024,0.807999999993536,0.7709923664063284,101,24,30,101,0.023046875,0.009300000000000001,0.013746875
2,crp_dataset_8_1_1.csv|crp_dataset_8_1_6.csv,crp_dataset_8_1_3.csv,0.613024,0.914529914522098,0.6184971098230145,107,10,66,73,0.019604492187500003,0.003952991452991453,0.01565150073450855
2,crp_dataset_8_1_1.csv|crp_dataset_8_1_6.csv,crp_dataset_8_1_2.csv,0.613024,0.7599999999924,0.6386554621795071,76,24,43,113,0.03945312499999999,0.009375,0.03007812499999999
2,crp_dataset_8_1_1.csv|crp_dataset_8_1_6.csv,crp_dataset_8_1_7.csv,0.613024,0.9507389162514742,0.8772727272687397,193,10,27,26,0.0095703125,0.0015086206896551726,0.008061691810344829
3,crp_dataset_8_1_5.csv|crp_dataset_8_1_8.csv|crp_dataset_8_1_4.csv,crp_dataset_8_1_3.csv,0.6233272,0.9591836734596001,0.5433526011529286,94,4,79,79,0.019604492187500003,0.0012755102040816326,0.01832898198341837
3,crp_dataset_8_1_5.csv|crp_dataset_8_1_8.csv|crp_dataset_8_1_4.csv,crp_dataset_8_1_2.csv,0.6233272,0.7916666666584201,0.6386554621795071,76,20,43,117,0.03945312499999999,0.0069010416666666664,0.03255208333333333
3,crp_dataset_8_1_5.csv|crp_dataset_8_1_8.csv|crp_dataset_8_1_4.csv,crp_dataset_8_1_7.csv,0.6233272,0.9701492537265167,0.8863636363596075,195,6,25,30,0.0095703125,0.001057213930348259,0.008513098569651743
3,crp_dataset_8_1_5.csv|crp_dataset_8_1_8.csv|crp_dataset_8_1_4.csv,crp_dataset_8_1_1.csv,0.6233272,0.9399999999812001,0.37301587301291256,47,3,79,127,0.0252685546875,0.0011250000000000001,0.0241435546875
3,crp_dataset_8_1_5.csv|crp_dataset_8_1_8.csv|crp_dataset_8_1_4.csv,crp_dataset_8_1_6.csv,0.6233272,0.9672131147382425,0.4214285714255613,59,2,81,114,0.026928710937500003,0.001639344262295082,0.02528936667520492
3,crp_dataset_8_1_5.csv|crp_dataset_8_1_8.csv|crp_dataset_8_1_3.csv,crp_dataset_8_1_4.csv,0.6183883,0.7249999999939584,0.6641221373995105,87,33,44,92,0.023046875,0.013020833333333334,0.010026041666666667
3,crp_dataset_8_1_5.csv|crp_dataset_8_1_8.csv|crp_dataset_8_1_3.csv,crp_dataset_8_1_2.csv,0.6183883,0.6990291262068055,0.6050420168016383,72,31,47,106,0.03945312499999999,0.01966019417475728,0.01979293082524271
3,crp_dataset_8_1_5.csv|crp_dataset_8_1_8.csv|crp_dataset_8_1_3.csv,crp_dataset_8_1_7.csv,0.6183883,0.8884297520624446,0.9772727272682852,215,27,5,9,0.0095703125,0.006663223140495867,0.0029070893595041338
3,crp_dataset_8_1_5.csv|crp_dataset_8_1_8.csv|crp_dataset_8_1_3.csv,crp_dataset_8_1_1.csv,0.6183883,0.9420289854935937,0.5158730158689216,65,4,61,126,0.0252685546875,0.0025362318840579713,0.022732322803442027
3,crp_dataset_8_1_5.csv|crp_dataset_8_1_8.csv|crp_dataset_8_1_3.csv,crp_dataset_8_1_6.csv,0.6183883,0.647058823524654,0.6285714285669388,88,48,52,68,0.026928710937500003,0.020634191176470584,0.0062945197610294185
3,crp_dataset_8_1_5.csv|crp_dataset_8_1_8.csv|crp_dataset_8_1_2.csv,crp_dataset_8_1_4.csv,0.6257544,0.84615384614571,0.6717557251857118,88,16,43,109,0.023046875,0.007752403846153846,0.015294471153846155
3,crp_dataset_8_1_5.csv|crp_dataset_8_1_8.csv|crp_dataset_8_1_2.csv,crp_dataset_8_1_3.csv,0.6257544,0.8611111111031379,0.5375722543321528,93,15,80,68,0.019604492187500003,0.008333333333333333,0.01127115885416667
3,crp_dataset_8_1_5.csv|crp_dataset_8_1_8.csv|crp_dataset_8_1_2.csv,crp_dataset_8_1_7.csv,0.6257544,0.8942731277493645,0.9227272727230785,203,24,17,12,0.0095703125,0.006222466960352423,0.003347845539647578
3,crp_dataset_8_1_5.csv|crp_dataset_8_1_8.csv|crp_dataset_8_1_2.csv,crp_dataset_8_1_1.csv,0.6257544,0.8965517241224733,0.4126984126951373,52,6,74,124,0.0252685546875,0.00290948275862069,0.02235907192887931
3,crp_dataset_8_1_5.csv|crp_dataset_8_1_8.csv|crp_dataset_8_1_2.csv,crp_dataset_8_1_6.csv,0.6257544,0.7738095238003118,0.464285714282398,65,19,75,97,0.026928710937500003,0.011011904761904763,0.01591680617559524
3,crp_dataset_8_1_5.csv|crp_dataset_8_1_8.csv|crp_dataset_8_1_7.csv,crp_dataset_8_1_4.csv,0.6667895,0.7419354838649844,0.7022900763305169,92,32,39,93,0.023046875,0.012348790322580645,0.010698084677419357
3,crp_dataset_8_1_5.csv|crp_dataset_8_1_8.csv|crp_dataset_8_1_7.csv,crp_dataset_8_1_3.csv,0.6667895,0.8671874999932252,0.6416184971061178,111,17,62,66,0.019604492187500003,0.007080078125,0.012524414062500003
3,crp_dataset_8_1_5.csv|crp_dataset_8_1_8.csv|crp_dataset_8_1_7.csv,crp_dataset_8_1_2.csv,0.6667895,0.7403846153774962,0.6470588235239743,77,27,42,110,0.03945312499999999,0.016766826923076922,0.02268629807692307
3,crp_dataset_8_1_5.csv|crp_dataset_8_1_8.csv|crp_dataset_8_1_7.csv,crp_dataset_8_1_1.csv,0.6667895,0.8888888888765432,0.5079365079324767,64,8,62,122,0.0252685546875,0.00625,0.0190185546875
3,crp_dataset_8_1_5.csv|crp_dataset_8_1_8.csv|crp_dataset_8_1_7.csv,crp_dataset_8_1_6.csv,0.6667895,0.6499999999953572,0.6499999999953572,91,49,49,67,0.026928710937500003,0.02174107142857143,0.005187639508928574
3,crp_dataset_8_1_5.csv|crp_dataset_8_1_8.csv|crp_dataset_8_1_1.csv,crp_dataset_8_1_4.csv,0.6923727,0.710526315783241,0.6183206106823029,81,33,50,92,0.023046875,0.015241228070175437,0.007805646929824564
3,crp_dataset_8_1_5.csv|crp_dataset_8_1_8.csv|crp_dataset_8_1_1.csv,crp_dataset_8_1_3.csv,0.6923727,0.8359374999934693,0.6184971098230145,107,21,66,62,0.019604492187500003,0.010400390625,0.009204101562500002
3,crp_dataset_8_1_5.csv|crp_dataset_8_1_8.csv|crp_dataset_8_1_1.csv,crp_dataset_8_1_2.csv,0.6923727,0.672566371675464,0.6386554621795071,76,37,43,100,0.03945312499999999,0.018584070796460177,0.020869054203539815
3,crp_dataset_8_1_5.csv|crp_dataset_8_1_8.csv|crp_dataset_8_1_1.csv,crp_dataset_8_1_7.csv,0.6923727,0.8801652892525613,0.9681818181774174,213,29,7,7,0.0095703125,0.007618801652892562,0.001951510847107439
3,crp_dataset_8_1_5.csv|crp_dataset_8_1_8.csv|crp_dataset_8_1_1.csv,crp_dataset_8_1_6.csv,0.6923727,0.6111111111068673,0.6285714285669388,88,56,52,60,0.026928710937500003,0.024218749999999997,0.0027099609375000056
3,crp_dataset_8_1_5.csv|crp_dataset_8_1_8.csv|crp_dataset_8_1_6.csv,crp_dataset_8_1_4.csv,0.60067904,0.9148936170115437,0.6564885496133093,86,8,45,117,0.023046875,0.003590425531914893,0.01945644946808511
3,crp_dataset_8_1_5.csv|crp_dataset_8_1_8.csv|crp_dataset_8_1_6.csv,crp_dataset_8_1_3.csv,0.60067904,0.9270833333236762,0.5144508670490494,89,7,84,76,0.019604492187500003,0.0037760416666666667,0.015828450520833336
3,crp_dataset_8_1_5.csv|crp_dataset_8_1_8.csv|crp_dataset_8_1_6.csv,crp_dataset_8_1_2.csv,0.60067904,0.8648648648531775,0.5378151260459006,64,10,55,127,0.03945312499999999,0.0029560810810810812,0.03649704391891891
3,crp_dataset_8_1_5.csv|crp_dataset_8_1_8.csv|crp_dataset_8_1_6.csv,crp_dataset_8_1_7.csv,0.60067904,0.9403669724727507,0.9318181818139464,205,13,15,23,0.0095703125,0.0030103211009174314,0.006559991399082569
3,crp_dataset_8_1_5.csv|crp_dataset_8_1_8.csv|crp_dataset_8_1_6.csv,crp_dataset_8_1_1.csv,0.60067904,0.8999999999820001,0.35714285714002264,45,5,81,125,0.0252685546875,0.002,0.023268554687499998
3,crp_dataset_8_1_5.csv|crp_dataset_8_1_4.csv|crp_dataset_8_1_3.csv,crp_dataset_8_1_8.csv,0.76402575,0.8055555555443672,0.42028985506941824,58,14,80,104,0.0283203125,0.0054687500000000005,0.0228515625
3,crp_dataset_8_1_5.csv|crp_dataset_8_1_4.csv|crp_dataset_8_1_3.csv,crp_dataset_8_1_2.csv,0.76402575,0.8470588235194463,0.6050420168016383,72,13,47,124,0.03945312499999999,0.003970588235294118,0.03548253676470588
3,crp_dataset_8_1_5.csv|crp_dataset_8_1_4.csv|crp_dataset_8_1_3.csv,crp_dataset_8_1_7.csv,0.76402575,0.9478260869524008,0.9909090909045868,218,12,2,24,0.0095703125,0.0016032608695652172,0.007967051630434784
3,crp_dataset_8_1_5.csv|crp_dataset_8_1_4.csv|crp_dataset_8_1_3.csv,crp_dataset_8_1_1.csv,0.76402575,0.9344262294928783,0.45238095237736203,57,4,69,126,0.0252685546875,0.0018442622950819673,0.02342429239241803
3,crp_dataset_8_1_5.csv|crp_dataset_8_1_4.csv|crp_dataset_8_1_3.csv,crp_dataset_8_1_6.csv,0.76402575,0.9176470588127336,0.5571428571388776,78,7,62,109,0.026928710937500003,0.003676470588235294,0.023252240349264708
3,crp_dataset_8_1_5.csv|crp_dataset_8_1_4.csv|crp_dataset_8_1_2.csv,crp_dataset_8_1_8.csv,0.7362701,0.7999999999885714,0.40579710144633485,56,14,82,104,0.0283203125,0.005892857142857141,0.02242745535714286
3,crp_dataset_8_1_5.csv|crp_dataset_8_1_4.csv|crp_dataset_8_1_2.csv,crp_dataset_8_1_3.csv,0.7362701,0.954128440358219,0.601156069360687,104,5,69,78,0.019604492187500003,0.0010894495412844037,0.018515042646215597
3,crp_dataset_8_1_5.csv|crp_dataset_8_1_4.csv|crp_dataset_8_1_2.csv,crp_dataset_8_1_7.csv,0.7362701,0.9530516431880139,0.9227272727230785,203,10,17,26,0.0095703125,0.0015551643192488263,0.008015148180751174
3,crp_dataset_8_1_5.csv|crp_dataset_8_1_4.csv|crp_dataset_8_1_2.csv,crp_dataset_8_1_1.csv,0.7362701,0.9180327868701962,0.4444444444409171,56,5,70,125,0.0252685546875,0.0017418032786885248,0.023526751408811476
3,crp_dataset_8_1_5.csv|crp_dataset_8_1_4.csv|crp_dataset_8_1_2.csv,crp_dataset_8_1_6.csv,0.7362701,0.96103896102648,0.5285714285676532,74,3,66,113,0.026928710937500003,0.0011363636363636365,0.025792347301136366
3,crp_dataset_8_1_5.csv|crp_dataset_8_1_4.csv|crp_dataset_8_1_7.csv,crp_dataset_8_1_8.csv,0.6318515,0.7922077921975038,0.4420289855040433,61,16,77,102,0.0283203125,0.005925324675324675,0.022394987824675326
3,crp_dataset_8_1_5.csv|crp_dataset_8_1_4.csv|crp_dataset_8_1_7.csv,crp_dataset_8_1_3.csv,0.6318515,0.9482758620607907,0.635838150285342,110,6,63,77,0.019604492187500003,0.0013469827586206897,0.018257509428879312
3,crp_dataset_8_1_5.csv|crp_dataset_8_1_4.csv|crp_dataset_8_1_7.csv,crp_dataset_8_1_2.csv,0.6318515,0.8369565217300331,0.6470588235239743,77,15,42,122,0.03945312499999999,0.0046875,0.034765624999999994
3,crp_dataset_8_1_5.csv|crp_dataset_8_1_4.csv|crp_dataset_8_1_7.csv,crp_dataset_8_1_1.csv,0.6318515,0.8923076922939644,0.460317460313807,58,7,68,123,0.0252685546875,0.002307692307692308,0.02296086237980769
3,crp_dataset_8_1_5.csv|crp_dataset_8_1_4.csv|crp_dataset_8_1_7.csv,crp_dataset_8_1_6.csv,0.6318515,0.9374999999882813,0.5357142857104592,75,5,65,111,0.026928710937500003,0.002578125,0.024350585937500002
3,crp_dataset_8_1_5.csv|crp_dataset_8_1_4.csv|crp_dataset_8_1_1.csv,crp_dataset_8_1_8.csv,0.63109255,0.7710843373401074,0.4637681159386684,64,19,74,99,0.0283203125,0.00730421686746988,0.02101609563253012
3,crp_dataset_8_1_5.csv|crp_dataset_8_1_4.csv|crp_dataset_8_1_1.csv,crp_dataset_8_1_3.csv,0.63109255,0.9051724137853002,0.6069364161814629,105,11,68,72,0.019604492187500003,0.004094827586206896,0.015509664601293107
3,crp_dataset_8_1_5.csv|crp_dataset_8_1_4.csv|crp_dataset_8_1_1.csv,crp_dataset_8_1_2.csv,0.63109255,0.8099999999919,0.6806722689018431,81,19,38,118,0.03945312499999999,0.0064375,0.03301562499999999
3,crp_dataset_8_1_5.csv|crp_dataset_8_1_4.csv|crp_dataset_8_1_1.csv,crp_dataset_8_1_7.csv,0.63109255,0.9243697478952758,0.9999999999954546,220,18,0,18,0.0095703125,0.0038865546218487396,0.005683757878151261
3,crp_dataset_8_1_5.csv|crp_dataset_8_1_4.csv|crp_dataset_8_1_1.csv,crp_dataset_8_1_6.csv,0.63109255,0.9111111111009876,0.5857142857101021,82,8,58,108,0.026928710937500003,0.003680555555555556,0.023248155381944448
3,crp_dataset_8_1_5.csv|crp_dataset_8_1_4.csv|crp_dataset_8_1_6.csv,crp_dataset_8_1_8.csv,0.7909743,0.8205128204917818,0.2318840579693342,32,7,106,111,0.0283203125,0.00544871794871795,0.02287159455128205
3,crp_dataset_8_1_5.csv|crp_dataset_8_1_4.csv|crp_dataset_8_1_6.csv,crp_dataset_8_1_3.csv,0.7909743,0.9670329670223402,0.5086705202282736,88,3,85,80,0.019604492187500003,0.0012362637362637362,0.018368228451236267
3,crp_dataset_8_1_5.csv|crp_dataset_8_1_4.csv|crp_dataset_8_1_6.csv,crp_dataset_8_1_2.csv,0.7909743,0.8387096774058274,0.4369747899122943,52,10,67,127,0.03945312499999999,0.003931451612903226,0.03552167338709677
3,crp_dataset_8_1_5.csv|crp_dataset_8_1_4.csv|crp_dataset_8_1_6.csv,crp_dataset_8_1_7.csv,0.7909743,0.9695431472032003,0.868181818177872,191,6,29,30,0.0095703125,0.0009835025380710658,0.008586809961928935
3,crp_dataset_8_1_5.csv|crp_dataset_8_1_4.csv|crp_dataset_8_1_6.csv,crp_dataset_8_1_1.csv,0.7909743,0.9302325581179016,0.3174603174577979,40,3,86,127,0.0252685546875,0.0011627906976744186,0.02410576398982558
3,crp_dataset_8_1_5.csv|crp_dataset_8_1_3.csv|crp_dataset_8_1_2.csv,crp_dataset_8_1_8.csv,0.623227,0.7070707070635649,0.5072463768079185,70,29,68,89,0.0283203125,0.012184343434343436,0.016135969065656564
3,crp_dataset_8_1_5.csv|crp_dataset_8_1_3.csv|crp_dataset_8_1_2.csv,crp_dataset_8_1_4.csv,0.623227,0.8270676691667138,0.8396946564821398,110,23,21,102,0.023046875,0.007142857142857143,0.01590401785714286
3,crp_dataset_8_1_5.csv|crp_dataset_8_1_3.csv|crp_dataset_8_1_2.csv,crp_dataset_8_1_7.csv,0.623227,0.893442622947158,0.9909090909045868,218,26,2,10,0.0095703125,0.005788934426229508,0.0037813780737704925
3,crp_dataset_8_1_5.csv|crp_dataset_8_1_3.csv|crp_dataset_8_1_2.csv,crp_dataset_8_1_1.csv,0.623227,0.8624999999892187,0.5476190476147014,69,11,57,119,0.0252685546875,0.004921875,0.0203466796875
3,crp_dataset_8_1_5.csv|crp_dataset_8_1_3.csv|crp_dataset_8_1_2.csv,crp_dataset_8_1_6.csv,0.623227,0.7164179104424149,0.6857142857093879,96,38,44,78,0.026928710937500003,0.01683768656716418,0.010091024370335822
3,crp_dataset_8_1_5.csv|crp_dataset_8_1_3.csv|crp_dataset_8_1_7.csv,crp_dataset_8_1_8.csv,0.61752915,0.7471264367730215,0.47101449275021007,65,22,73,96,0.0283203125,0.009267241379310343,0.019053071120689657
3,crp_dataset_8_1_5.csv|crp_dataset_8_1_3.csv|crp_dataset_8_1_7.csv,crp_dataset_8_1_4.csv,0.61752915,0.8307692307628403,0.8244274809097373,108,22,23,103,0.023046875,0.00778846153846154,0.015258413461538462
3,crp_dataset_8_1_5.csv|crp_dataset_8_1_3.csv|crp_dataset_8_1_7.csv,crp_dataset_8_1_2.csv,0.61752915,0.7363636363569421,0.6806722689018431,81,29,38,108,0.03945312499999999,0.01505681818181818,0.024396306818181814
3,crp_dataset_8_1_5.csv|crp_dataset_8_1_3.csv|crp_dataset_8_1_7.csv,crp_dataset_8_1_1.csv,0.61752915,0.9010989010889989,0.6507936507884857,82,9,44,121,0.0252685546875,0.002197802197802198,0.023070752489697803
3,crp_dataset_8_1_5.csv|crp_dataset_8_1_3.csv|crp_dataset_8_1_7.csv,crp_dataset_8_1_6.csv,0.61752915,0.718120805364308,0.7642857142802552,107,42,33,74,0.026928710937500003,0.01740771812080537,0.009520992816694634
3,crp_dataset_8_1_5.csv|crp_dataset_8_1_3.csv|crp_dataset_8_1_1.csv,crp_dataset_8_1_8.csv,0.6385153,0.7692307692209073,0.4347826086925016,60,18,78,100,0.0283203125,0.00657051282051282,0.021749799679487182
3,crp_dataset_8_1_5.csv|crp_dataset_8_1_3.csv|crp_dataset_8_1_1.csv,crp_dataset_8_1_4.csv,0.6385153,0.8739495798245887,0.7938931297649322,104,15,27,110,0.023046875,0.005777310924369748,0.017269564075630253
3,crp_dataset_8_1_5.csv|crp_dataset_8_1_3.csv|crp_dataset_8_1_1.csv,crp_dataset_8_1_2.csv,0.6385153,0.7755102040737193,0.6386554621795071,76,22,43,115,0.03945312499999999,0.00860969387755102,0.030843431122448972
3,crp_dataset_8_1_5.csv|crp_dataset_8_1_3.csv|crp_dataset_8_1_1.csv,crp_dataset_8_1_7.csv,0.6385153,0.9201680672230246,0.9954545454500207,219,19,1,17,0.0095703125,0.0046743697478991595,0.004895942752100841
3,crp_dataset_8_1_5.csv|crp_dataset_8_1_3.csv|crp_dataset_8_1_1.csv,crp_dataset_8_1_6.csv,0.6385153,0.7894736842045905,0.749999999994643,105,28,35,88,0.026928710937500003,0.01193609022556391,0.014992620711936093
3,crp_dataset_8_1_5.csv|crp_dataset_8_1_3.csv|crp_dataset_8_1_6.csv,crp_dataset_8_1_8.csv,0.6303351,0.759493670876462,0.4347826086925016,60,19,78,99,0.0283203125,0.007674050632911391,0.02064626186708861
3,crp_dataset_8_1_5.csv|crp_dataset_8_1_3.csv|crp_dataset_8_1_6.csv,crp_dataset_8_1_4.csv,0.6303351,0.8760330578439997,0.8091603053373347,106,15,25,110,0.023046875,0.004390495867768595,0.018656379132231407
3,crp_dataset_8_1_5.csv|crp_dataset_8_1_3.csv|crp_dataset_8_1_6.csv,crp_dataset_8_1_2.csv,0.6303351,0.7959183673388172,0.6554621848684414,78,20,41,117,0.03945312499999999,0.007653061224489796,0.031800063775510194
3,crp_dataset_8_1_5.csv|crp_dataset_8_1_3.csv|crp_dataset_8_1_6.csv,crp_dataset_8_1_7.csv,0.6303351,0.911764705878522,0.9863636363591529,217,21,3,15,0.0095703125,0.00464810924369748,0.004922203256302521
3,crp_dataset_8_1_5.csv|crp_dataset_8_1_3.csv|crp_dataset_8_1_6.csv,crp_dataset_8_1_1.csv,0.6303351,0.9117647058689445,0.49206349205958677,62,6,64,124,0.0252685546875,0.0027573529411764708,0.02251120174632353
3,crp_dataset_8_1_5.csv|crp_dataset_8_1_2.csv|crp_dataset_8_1_7.csv,crp_dataset_8_1_8.csv,0.6072891,0.7611940298393851,0.36956521738862635,51,16,87,102,0.0283203125,0.006063432835820896,0.022256879664179104
3,crp_dataset_8_1_5.csv|crp_dataset_8_1_2.csv|crp_dataset_8_1_7.csv,crp_dataset_8_1_4.csv,0.6072891,0.9320388349424074,0.7328244274753221,96,7,35,118,0.023046875,0.0016383495145631068,0.021408525485436893
3,crp_dataset_8_1_5.csv|crp_dataset_8_1_2.csv|crp_dataset_8_1_7.csv,crp_dataset_8_1_3.csv,0.6072891,0.9473684210443213,0.6242774566437903,108,6,65,77,0.019604492187500003,0.0025767543859649125,0.01702773780153509
3,crp_dataset_8_1_5.csv|crp_dataset_8_1_2.csv|crp_dataset_8_1_7.csv,crp_dataset_8_1_1.csv,0.6072891,0.9803921568435218,0.39682539682224743,50,1,76,129,0.0252685546875,0.0004901960784313725,0.02477835860906863
3,crp_dataset_8_1_5.csv|crp_dataset_8_1_2.csv|crp_dataset_8_1_7.csv,crp_dataset_8_1_6.csv,0.6072891,0.9176470588127336,0.5571428571388776,78,7,62,109,0.026928710937500003,0.004779411764705883,0.02214929917279412
3,crp_dataset_8_1_5.csv|crp_dataset_8_1_2.csv|crp_dataset_8_1_1.csv,crp_dataset_8_1_8.csv,0.62134624,0.799999999991111,0.521739130431002,72,18,66,100,0.0283203125,0.006875,0.0214453125
3,crp_dataset_8_1_5.csv|crp_dataset_8_1_2.csv|crp_dataset_8_1_1.csv,crp_dataset_8_1_4.csv,0.62134624,0.8655462184801215,0.7862595419787309,103,16,28,109,0.023046875,0.006039915966386555,0.017006959033613447
3,crp_dataset_8_1_5.csv|crp_dataset_8_1_2.csv|crp_dataset_8_1_1.csv,crp_dataset_8_1_3.csv,0.62134624,0.8787878787812213,0.670520231209997,116,16,57,67,0.019604492187500003,0.006581439393939393,0.01302305279356061
3,crp_dataset_8_1_5.csv|crp_dataset_8_1_2.csv|crp_dataset_8_1_1.csv,crp_dataset_8_1_7.csv,0.62134624,0.9012345678975259,0.9954545454500207,219,24,1,12,0.0095703125,0.005735596707818929,0.0038347157921810714
3,crp_dataset_8_1_5.csv|crp_dataset_8_1_2.csv|crp_dataset_8_1_1.csv,crp_dataset_8_1_6.csv,0.62134624,0.7633587786201271,0.7142857142806123,100,31,40,85,0.026928710937500003,0.013311068702290076,0.013617642235209927
3,crp_dataset_8_1_5.csv|crp_dataset_8_1_2.csv|crp_dataset_8_1_6.csv,crp_dataset_8_1_8.csv,0.61852956,0.7407407407315958,0.4347826086925016,60,21,78,97,0.0283203125,0.009722222222222222,0.018598090277777778
3,crp_dataset_8_1_5.csv|crp_dataset_8_1_2.csv|crp_dataset_8_1_6.csv,crp_dataset_8_1_4.csv,0.61852956,0.89830508473815,0.8091603053373347,106,12,25,113,0.023046875,0.0030190677966101696,0.02002780720338983
3,crp_dataset_8_1_5.csv|crp_dataset_8_1_2.csv|crp_dataset_8_1_6.csv,crp_dataset_8_1_3.csv,0.61852956,0.9210526315708679,0.6069364161814629,105,9,68,74,0.019604492187500003,0.003344298245614035,0.016260193941885968
3,crp_dataset_8_1_5.csv|crp_dataset_8_1_2.csv|crp_dataset_8_1_6.csv,crp_dataset_8_1_7.csv,0.61852956,0.9441860465072364,0.9227272727230785,203,12,17,24,0.0095703125,0.002819767441860465,0.006750545058139536
3,crp_dataset_8_1_5.csv|crp_dataset_8_1_2.csv|crp_dataset_8_1_6.csv,crp_dataset_8_1_1.csv,0.61852956,0.8730158730020157,0.43650793650447217,55,8,71,122,0.0252685546875,0.0031746031746031746,0.022093951512896826
3,crp_dataset_8_1_5.csv|crp_dataset_8_1_7.csv|crp_dataset_8_1_1.csv,crp_dataset_8_1_8.csv,0.7084481,0.7738095238003118,0.47101449275021007,65,19,73,99,0.0283203125,0.007291666666666667,0.02102864583333333
3,crp_dataset_8_1_5.csv|crp_dataset_8_1_7.csv|crp_dataset_8_1_1.csv,crp_dataset_8_1_4.csv,0.7084481,0.8583333333261806,0.7862595419787309,103,17,28,108,0.023046875,0.006145833333333334,0.01690104166666667
3,crp_dataset_8_1_5.csv|crp_dataset_8_1_7.csv|crp_dataset_8_1_1.csv,crp_dataset_8_1_3.csv,0.7084481,0.889763779520553,0.6531791907476695,113,14,60,69,0.019604492187500003,0.004822834645669291,0.014781657541830712
3,crp_dataset_8_1_5.csv|crp_dataset_8_1_7.csv|crp_dataset_8_1_1.csv,crp_dataset_8_1_2.csv,0.7084481,0.7821782178140378,0.6638655462129087,79,22,40,115,0.03945312499999999,0.00724009900990099,0.032213025990099
3,crp_dataset_8_1_5.csv|crp_dataset_8_1_7.csv|crp_dataset_8_1_1.csv,crp_dataset_8_1_6.csv,0.7084481,0.7499999999941407,0.6857142857093879,96,32,44,84,0.026928710937500003,0.014746093750000001,0.012182617187500001
3,crp_dataset_8_1_5.csv|crp_dataset_8_1_7.csv|crp_dataset_8_1_6.csv,crp_dataset_8_1_8.csv,0.7204106,0.7662337662238151,0.4275362318809599,59,18,79,100,0.0283203125,0.008522727272727272,0.019797585227272728
3,crp_dataset_8_1_5.csv|crp_dataset_8_1_7.csv|crp_dataset_8_1_6.csv,crp_dataset_8_1_4.csv,0.7204106,0.8813559321959207,0.7938931297649322,104,14,27,111,0.023046875,0.0038665254237288133,0.01918034957627119
3,crp_dataset_8_1_5.csv|crp_dataset_8_1_7.csv|crp_dataset_8_1_6.csv,crp_dataset_8_1_3.csv,0.7204106,0.954128440358219,0.601156069360687,104,5,69,78,0.019604492187500003,0.0016055045871559632,0.01799898760034404
3,crp_dataset_8_1_5.csv|crp_dataset_8_1_7.csv|crp_dataset_8_1_6.csv,crp_dataset_8_1_2.csv,0.7204106,0.8333333333246528,0.6722689075573759,80,16,39,121,0.03945312499999999,0.005273437500000001,0.03417968749999999
3,crp_dataset_8_1_5.csv|crp_dataset_8_1_7.csv|crp_dataset_8_1_6.csv,crp_dataset_8_1_1.csv,0.7204106,0.8870967741792404,0.43650793650447217,55,7,71,123,0.0252685546875,0.0031249999999999997,0.0221435546875
3,crp_dataset_8_1_5.csv|crp_dataset_8_1_1.csv|crp_dataset_8_1_6.csv,crp_dataset_8_1_8.csv,0.6612848,0.7692307692209073,0.4347826086925016,60,18,78,100,0.0283203125,0.0070512820512820505,0.02126903044871795
3,crp_dataset_8_1_5.csv|crp_dataset_8_1_1.csv|crp_dataset_8_1_6.csv,crp_dataset_8_1_4.csv,0.6612848,0.9051724137853002,0.8015267175511335,105,11,26,114,0.023046875,0.0036099137931034486,0.01943696120689655
3,crp_dataset_8_1_5.csv|crp_dataset_8_1_1.csv|crp_dataset_8_1_6.csv,crp_dataset_8_1_3.csv,0.6612848,0.9256198347030941,0.6473988439268937,112,9,61,74,0.019604492187500003,0.0025309917355371904,0.017073500451962813
3,crp_dataset_8_1_5.csv|crp_dataset_8_1_1.csv|crp_dataset_8_1_6.csv,crp_dataset_8_1_2.csv,0.6612848,0.7864077669826562,0.6806722689018431,81,22,38,115,0.03945312499999999,0.008191747572815532,0.03126137742718446
3,crp_dataset_8_1_5.csv|crp_dataset_8_1_1.csv|crp_dataset_8_1_6.csv,crp_dataset_8_1_7.csv,0.6612848,0.9279661016909833,0.9954545454500207,219,17,1,19,0.0095703125,0.0033368644067796613,0.006233448093220339
3,crp_dataset_8_1_8.csv|crp_dataset_8_1_4.csv|crp_dataset_8_1_3.csv,crp_dataset_8_1_5.csv,0.7115983,0.833333333324074,0.7499999999925,75,15,25,141,0.039282226562499994,0.004652777777777777,0.03462944878472222
3,crp_dataset_8_1_8.csv|crp_dataset_8_1_4.csv|crp_dataset_8_1_3.csv,crp_dataset_8_1_2.csv,0.7115983,0.7864077669826562,0.6806722689018431,81,22,38,115,0.03945312499999999,0.006735436893203882,0.03271768810679611
3,crp_dataset_8_1_8.csv|crp_dataset_8_1_4.csv|crp_dataset_8_1_3.csv,crp_dataset_8_1_7.csv,0.7115983,0.948051948047844,0.9954545454500207,219,12,1,24,0.0095703125,0.001948051948051948,0.007622260551948053
3,crp_dataset_8_1_8.csv|crp_dataset_8_1_4.csv|crp_dataset_8_1_3.csv,crp_dataset_8_1_1.csv,0.7115983,0.8615384615252071,0.4444444444409171,56,9,70,121,0.0252685546875,0.005,0.0202685546875
3,crp_dataset_8_1_8.csv|crp_dataset_8_1_4.csv|crp_dataset_8_1_3.csv,crp_dataset_8_1_6.csv,0.7115983,0.9240506328996955,0.521428571424847,73,6,67,110,0.026928710937500003,0.002689873417721519,0.024238837519778483
3,crp_dataset_8_1_8.csv|crp_dataset_8_1_4.csv|crp_dataset_8_1_2.csv,crp_dataset_8_1_5.csv,0.6091308,0.7872340425448167,0.7399999999926,74,20,26,136,0.039282226562499994,0.007313829787234043,0.03196839677526595
3,crp_dataset_8_1_8.csv|crp_dataset_8_1_4.csv|crp_dataset_8_1_2.csv,crp_dataset_8_1_3.csv,0.6091308,0.9439252336360381,0.5838150288983595,101,6,72,77,0.019604492187500003,0.0016939252336448597,0.017910566953855143
3,crp_dataset_8_1_8.csv|crp_dataset_8_1_4.csv|crp_dataset_8_1_2.csv,crp_dataset_8_1_7.csv,0.6091308,0.9461883408029319,0.9590909090865496,211,12,9,24,0.0095703125,0.0017937219730941702,0.0077765905269058305
3,crp_dataset_8_1_8.csv|crp_dataset_8_1_4.csv|crp_dataset_8_1_2.csv,crp_dataset_8_1_1.csv,0.6091308,0.8939393939258493,0.46825396825025195,59,7,67,123,0.0252685546875,0.0026515151515151512,0.02261703953598485
3,crp_dataset_8_1_8.csv|crp_dataset_8_1_4.csv|crp_dataset_8_1_2.csv,crp_dataset_8_1_6.csv,0.6091308,0.9199999999877333,0.4928571428536225,69,6,71,110,0.026928710937500003,0.005083333333333333,0.02184537760416667
3,crp_dataset_8_1_8.csv|crp_dataset_8_1_4.csv|crp_dataset_8_1_7.csv,crp_dataset_8_1_5.csv,0.7501431,0.8333333333234126,0.699999999993,70,14,30,142,0.039282226562499994,0.0047619047619047615,0.034520321800595236
3,crp_dataset_8_1_8.csv|crp_dataset_8_1_4.csv|crp_dataset_8_1_7.csv,crp_dataset_8_1_3.csv,0.7501431,0.9901960784216647,0.5838150288983595,101,1,72,82,0.019604492187500003,0.00024509803921568627,0.019359394148284317
3,crp_dataset_8_1_8.csv|crp_dataset_8_1_4.csv|crp_dataset_8_1_7.csv,crp_dataset_8_1_2.csv,0.7501431,0.8241758241667673,0.6302521008350399,75,16,44,121,0.03945312499999999,0.004601648351648352,0.03485147664835164
3,crp_dataset_8_1_8.csv|crp_dataset_8_1_4.csv|crp_dataset_8_1_7.csv,crp_dataset_8_1_1.csv,0.7501431,0.9482758620526159,0.43650793650447217,55,3,71,127,0.0252685546875,0.0010775862068965517,0.02419096848060345
3,crp_dataset_8_1_8.csv|crp_dataset_8_1_4.csv|crp_dataset_8_1_7.csv,crp_dataset_8_1_6.csv,0.7501431,0.9666666666505556,0.4142857142827551,58,2,82,114,0.026928710937500003,0.0008333333333333334,0.02609537760416667
3,crp_dataset_8_1_8.csv|crp_dataset_8_1_4.csv|crp_dataset_8_1_1.csv,crp_dataset_8_1_5.csv,0.6149529,0.799999999991111,0.7199999999928,72,18,28,138,0.039282226562499994,0.006458333333333332,0.032823893229166665
3,crp_dataset_8_1_8.csv|crp_dataset_8_1_4.csv|crp_dataset_8_1_1.csv,crp_dataset_8_1_3.csv,0.6149529,0.9449541284316977,0.5953757225399111,103,6,70,77,0.019604492187500003,0.0017775229357798164,0.017826969251720188
3,crp_dataset_8_1_8.csv|crp_dataset_8_1_4.csv|crp_dataset_8_1_1.csv,crp_dataset_8_1_2.csv,0.6149529,0.7934782608609404,0.6134453781461054,73,19,46,118,0.03945312499999999,0.00794836956521739,0.0315047554347826
3,crp_dataset_8_1_8.csv|crp_dataset_8_1_4.csv|crp_dataset_8_1_1.csv,crp_dataset_8_1_7.csv,0.6149529,0.9298245613994306,0.9636363636319836,212,16,8,20,0.0095703125,0.0036732456140350874,0.005897066885964914
3,crp_dataset_8_1_8.csv|crp_dataset_8_1_4.csv|crp_dataset_8_1_1.csv,crp_dataset_8_1_6.csv,0.6149529,0.8734177215079314,0.4928571428536225,69,10,71,106,0.026928710937500003,0.008306962025316455,0.018621748912183548
3,crp_dataset_8_1_8.csv|crp_dataset_8_1_4.csv|crp_dataset_8_1_6.csv,crp_dataset_8_1_5.csv,0.6455424,0.8505747126339014,0.7399999999926,74,13,26,143,0.039282226562499994,0.004166666666666667,0.03511555989583333
3,crp_dataset_8_1_8.csv|crp_dataset_8_1_4.csv|crp_dataset_8_1_6.csv,crp_dataset_8_1_3.csv,0.6455424,0.9459459459374239,0.6069364161814629,105,6,68,77,0.019604492187500003,0.0014076576576576576,0.018196834529842346
3,crp_dataset_8_1_8.csv|crp_dataset_8_1_4.csv|crp_dataset_8_1_6.csv,crp_dataset_8_1_2.csv,0.6455424,0.8315789473596675,0.6638655462129087,79,16,40,121,0.03945312499999999,0.0059210526315789476,0.03353207236842105
3,crp_dataset_8_1_8.csv|crp_dataset_8_1_4.csv|crp_dataset_8_1_6.csv,crp_dataset_8_1_7.csv,0.6455424,0.9543378995390214,0.9499999999956819,209,10,11,26,0.0095703125,0.0016837899543378997,0.0078865225456621
3,crp_dataset_8_1_8.csv|crp_dataset_8_1_4.csv|crp_dataset_8_1_6.csv,crp_dataset_8_1_1.csv,0.6455424,0.9062499999858398,0.460317460313807,58,6,68,124,0.0252685546875,0.0021484374999999997,0.0231201171875
3,crp_dataset_8_1_8.csv|crp_dataset_8_1_3.csv|crp_dataset_8_1_2.csv,crp_dataset_8_1_5.csv,0.6610653,0.8214285714187924,0.6899999999931,69,15,31,141,0.039282226562499994,0.005208333333333333,0.03407389322916666
3,crp_dataset_8_1_8.csv|crp_dataset_8_1_3.csv|crp_dataset_8_1_2.csv,crp_dataset_8_1_4.csv,0.6610653,0.8849557522045579,0.7633587786201271,100,13,31,112,0.023046875,0.005641592920353983,0.01740528207964602
3,crp_dataset_8_1_8.csv|crp_dataset_8_1_3.csv|crp_dataset_8_1_2.csv,crp_dataset_8_1_7.csv,0.6610653,0.9417040358702167,0.9545454545411157,210,13,10,23,0.0095703125,0.002690582959641256,0.006879729540358745
3,crp_dataset_8_1_8.csv|crp_dataset_8_1_3.csv|crp_dataset_8_1_2.csv,crp_dataset_8_1_1.csv,0.6610653,0.869565217378702,0.4761904761866969,60,9,66,121,0.0252685546875,0.004076086956521739,0.02119246773097826
3,crp_dataset_8_1_8.csv|crp_dataset_8_1_3.csv|crp_dataset_8_1_2.csv,crp_dataset_8_1_6.csv,0.6610653,0.8541666666577691,0.5857142857101021,82,14,58,102,0.026928710937500003,0.007226562500000001,0.0197021484375
3,crp_dataset_8_1_8.csv|crp_dataset_8_1_3.csv|crp_dataset_8_1_7.csv,crp_dataset_8_1_5.csv,0.6013992,0.7956989247226268,0.7399999999926,74,19,26,137,0.039282226562499994,0.007190860215053764,0.03209136634744623
3,crp_dataset_8_1_8.csv|crp_dataset_8_1_3.csv|crp_dataset_8_1_7.csv,crp_dataset_8_1_4.csv,0.6013992,0.8059701492477167,0.8244274809097373,108,26,23,99,0.023046875,0.00830223880597015,0.014744636194029851
3,crp_dataset_8_1_8.csv|crp_dataset_8_1_3.csv|crp_dataset_8_1_7.csv,crp_dataset_8_1_2.csv,0.6013992,0.6974789915907774,0.6974789915907774,83,36,36,101,0.03945312499999999,0.02137605042016807,0.01807707457983192
3,crp_dataset_8_1_8.csv|crp_dataset_8_1_3.csv|crp_dataset_8_1_7.csv,crp_dataset_8_1_1.csv,0.6013992,0.8620689655073325,0.5952380952333711,75,12,51,118,0.0252685546875,0.004741379310344828,0.02052717537715517
3,crp_dataset_8_1_8.csv|crp_dataset_8_1_3.csv|crp_dataset_8_1_7.csv,crp_dataset_8_1_6.csv,0.6013992,0.7999999999930435,0.6571428571381633,92,23,48,93,0.026928710937500003,0.010815217391304347,0.016113493546195658
3,crp_dataset_8_1_8.csv|crp_dataset_8_1_3.csv|crp_dataset_8_1_1.csv,crp_dataset_8_1_5.csv,0.6647972,0.8020833333249783,0.7699999999923,77,19,23,137,0.039282226562499994,0.005729166666666667,0.03355305989583333
3,crp_dataset_8_1_8.csv|crp_dataset_8_1_3.csv|crp_dataset_8_1_1.csv,crp_dataset_8_1_4.csv,0.6647972,0.7703703703646639,0.7938931297649322,104,31,27,94,0.023046875,0.010833333333333334,0.012213541666666668
3,crp_dataset_8_1_8.csv|crp_dataset_8_1_3.csv|crp_dataset_8_1_1.csv,crp_dataset_8_1_2.csv,0.6647972,0.7079646017636463,0.6722689075573759,80,33,39,104,0.03945312499999999,0.01913716814159292,0.02031595685840707
3,crp_dataset_8_1_8.csv|crp_dataset_8_1_3.csv|crp_dataset_8_1_1.csv,crp_dataset_8_1_7.csv,0.6647972,0.8835341365426365,0.9999999999954546,220,29,0,7,0.0095703125,0.006852409638554216,0.002717902861445785
3,crp_dataset_8_1_8.csv|crp_dataset_8_1_3.csv|crp_dataset_8_1_1.csv,crp_dataset_8_1_6.csv,0.6647972,0.6481481481441472,0.749999999994643,105,57,35,59,0.026928710937500003,0.021141975308641977,0.005786735628858026
3,crp_dataset_8_1_8.csv|crp_dataset_8_1_3.csv|crp_dataset_8_1_6.csv,crp_dataset_8_1_5.csv,0.6154811,0.7499999999925,0.7499999999925,75,25,25,131,0.039282226562499994,0.008125,0.031157226562499994
3,crp_dataset_8_1_8.csv|crp_dataset_8_1_3.csv|crp_dataset_8_1_6.csv,crp_dataset_8_1_4.csv,0.6154811,0.8244274809097373,0.8244274809097373,108,23,23,102,0.023046875,0.00715648854961832,0.015890386450381683
3,crp_dataset_8_1_8.csv|crp_dataset_8_1_3.csv|crp_dataset_8_1_6.csv,crp_dataset_8_1_2.csv,0.6154811,0.7663551401797537,0.6890756302463102,82,25,37,112,0.03945312499999999,0.009228971962616822,0.03022415303738317
3,crp_dataset_8_1_8.csv|crp_dataset_8_1_3.csv|crp_dataset_8_1_6.csv,crp_dataset_8_1_7.csv,0.6154811,0.9045643153489438,0.9909090909045868,218,23,2,13,0.0095703125,0.005031120331950207,0.004539192168049794
3,crp_dataset_8_1_8.csv|crp_dataset_8_1_3.csv|crp_dataset_8_1_6.csv,crp_dataset_8_1_1.csv,0.6154811,0.8227848101161672,0.5158730158689216,65,14,61,116,0.0252685546875,0.006170886075949367,0.019097668611550635
3,crp_dataset_8_1_8.csv|crp_dataset_8_1_2.csv|crp_dataset_8_1_7.csv,crp_dataset_8_1_5.csv,0.6051191,0.8795180722785599,0.7299999999926999,73,10,27,146,0.039282226562499994,0.0036897590361445786,0.03559246752635541
3,crp_dataset_8_1_8.csv|crp_dataset_8_1_2.csv|crp_dataset_8_1_7.csv,crp_dataset_8_1_4.csv,0.6051191,0.91304347825293,0.8015267175511335,105,10,26,115,0.023046875,0.004021739130434783,0.019025135869565217
3,crp_dataset_8_1_8.csv|crp_dataset_8_1_2.csv|crp_dataset_8_1_7.csv,crp_dataset_8_1_3.csv,0.6051191,0.936936936928496,0.601156069360687,104,7,69,76,0.019604492187500003,0.002195945945945946,0.01740854624155406
3,crp_dataset_8_1_8.csv|crp_dataset_8_1_2.csv|crp_dataset_8_1_7.csv,crp_dataset_8_1_1.csv,0.6051191,0.909090909077135,0.4761904761866969,60,6,66,124,0.0252685546875,0.0023674242424242425,0.022901130445075756
3,crp_dataset_8_1_8.csv|crp_dataset_8_1_2.csv|crp_dataset_8_1_7.csv,crp_dataset_8_1_6.csv,0.6051191,0.8351648351556575,0.5428571428532654,76,15,64,101,0.026928710937500003,0.008379120879120879,0.018549590058379126
3,crp_dataset_8_1_8.csv|crp_dataset_8_1_2.csv|crp_dataset_8_1_1.csv,crp_dataset_8_1_5.csv,0.60844505,0.8160919540136081,0.7099999999929,71,16,29,140,0.039282226562499994,0.004956896551724138,0.034325330010775854
3,crp_dataset_8_1_8.csv|crp_dataset_8_1_2.csv|crp_dataset_8_1_1.csv,crp_dataset_8_1_4.csv,0.60844505,0.8691588784965499,0.7099236641167181,93,14,38,111,0.023046875,0.006483644859813085,0.016563230140186916
3,crp_dataset_8_1_8.csv|crp_dataset_8_1_2.csv|crp_dataset_8_1_1.csv,crp_dataset_8_1_3.csv,0.60844505,0.9237288135514938,0.6300578034645662,109,9,64,74,0.019604492187500003,0.004766949152542373,0.014837543034957629
3,crp_dataset_8_1_8.csv|crp_dataset_8_1_2.csv|crp_dataset_8_1_1.csv,crp_dataset_8_1_7.csv,0.60844505,0.9075630252062707,0.981818181813719,216,22,4,14,0.0095703125,0.00506827731092437,0.004502035189075631
3,crp_dataset_8_1_8.csv|crp_dataset_8_1_2.csv|crp_dataset_8_1_1.csv,crp_dataset_8_1_6.csv,0.60844505,0.8130841121419338,0.6214285714241327,87,20,53,96,0.026928710937500003,0.012675233644859812,0.01425347729264019
3,crp_dataset_8_1_8.csv|crp_dataset_8_1_2.csv|crp_dataset_8_1_6.csv,crp_dataset_8_1_5.csv,0.6026388,0.7628865979302795,0.7399999999926,74,23,26,133,0.039282226562499994,0.009922680412371133,0.02935954615012886
3,crp_dataset_8_1_8.csv|crp_dataset_8_1_2.csv|crp_dataset_8_1_6.csv,crp_dataset_8_1_4.csv,0.6026388,0.8739495798245887,0.7938931297649322,104,15,27,110,0.023046875,0.0038865546218487396,0.019160320378151262
3,crp_dataset_8_1_8.csv|crp_dataset_8_1_2.csv|crp_dataset_8_1_6.csv,crp_dataset_8_1_3.csv,0.6026388,0.9230769230690336,0.6242774566437903,108,9,65,74,0.019604492187500003,0.0028846153846153848,0.016719876802884618
3,crp_dataset_8_1_8.csv|crp_dataset_8_1_2.csv|crp_dataset_8_1_6.csv,crp_dataset_8_1_7.csv,0.6026388,0.9224137930994724,0.9727272727228513,214,18,6,18,0.0095703125,0.0039870689655172415,0.005583243534482759
3,crp_dataset_8_1_8.csv|crp_dataset_8_1_2.csv|crp_dataset_8_1_6.csv,crp_dataset_8_1_1.csv,0.6026388,0.8399999999887999,0.49999999999603173,63,12,63,118,0.0252685546875,0.005916666666666666,0.019351888020833333
3,crp_dataset_8_1_8.csv|crp_dataset_8_1_7.csv|crp_dataset_8_1_1.csv,crp_dataset_8_1_5.csv,0.65203226,0.8275862068870392,0.7199999999928,72,15,28,141,0.039282226562499994,0.004885057471264368,0.03439716909123563
3,crp_dataset_8_1_8.csv|crp_dataset_8_1_7.csv|crp_dataset_8_1_1.csv,crp_dataset_8_1_4.csv,0.65203226,0.7741935483808533,0.7328244274753221,96,28,35,97,0.023046875,0.011391129032258066,0.011655745967741936
3,crp_dataset_8_1_8.csv|crp_dataset_8_1_7.csv|crp_dataset_8_1_1.csv,crp_dataset_8_1_3.csv,0.65203226,0.8934426229434963,0.6300578034645662,109,13,64,70,0.019604492187500003,0.006506147540983606,0.013098344646516397
3,crp_dataset_8_1_8.csv|crp_dataset_8_1_7.csv|crp_dataset_8_1_1.csv,crp_dataset_8_1_2.csv,0.65203226,0.742857142850068,0.6554621848684414,78,27,41,110,0.03945312499999999,0.01267857142857143,0.026774553571428564
3,crp_dataset_8_1_8.csv|crp_dataset_8_1_7.csv|crp_dataset_8_1_1.csv,crp_dataset_8_1_6.csv,0.65203226,0.7155172413731421,0.5928571428529082,83,33,57,83,0.026928710937500003,0.018211206896551722,0.00871750404094828
3,crp_dataset_8_1_8.csv|crp_dataset_8_1_7.csv|crp_dataset_8_1_6.csv,crp_dataset_8_1_5.csv,0.62241256,0.8105263157809418,0.7699999999923,77,18,23,138,0.039282226562499994,0.005657894736842105,0.03362433182565789
3,crp_dataset_8_1_8.csv|crp_dataset_8_1_7.csv|crp_dataset_8_1_6.csv,crp_dataset_8_1_4.csv,0.62241256,0.9067796610092645,0.816793893123536,107,11,24,114,0.023046875,0.0022775423728813565,0.020769332627118643
3,crp_dataset_8_1_8.csv|crp_dataset_8_1_7.csv|crp_dataset_8_1_6.csv,crp_dataset_8_1_3.csv,0.62241256,0.9401709401629045,0.635838150285342,110,7,63,76,0.019604492187500003,0.0022435897435897434,0.01736090244391026
3,crp_dataset_8_1_8.csv|crp_dataset_8_1_7.csv|crp_dataset_8_1_6.csv,crp_dataset_8_1_2.csv,0.62241256,0.8118811881107735,0.6890756302463102,82,19,37,118,0.03945312499999999,0.006064356435643564,0.03338876856435643
3,crp_dataset_8_1_8.csv|crp_dataset_8_1_7.csv|crp_dataset_8_1_6.csv,crp_dataset_8_1_1.csv,0.62241256,0.9062499999858398,0.460317460313807,58,6,68,124,0.0252685546875,0.00205078125,0.0232177734375
3,crp_dataset_8_1_8.csv|crp_dataset_8_1_1.csv|crp_dataset_8_1_6.csv,crp_dataset_8_1_5.csv,0.61061704,0.8372093023158463,0.7199999999928,72,14,28,142,0.039282226562499994,0.00436046511627907,0.034921761446220924
3,crp_dataset_8_1_8.csv|crp_dataset_8_1_1.csv|crp_dataset_8_1_6.csv,crp_dataset_8_1_4.csv,0.61061704,0.8869565217314177,0.7786259541925297,102,13,29,112,0.023046875,0.004130434782608696,0.018916440217391306
3,crp_dataset_8_1_8.csv|crp_dataset_8_1_1.csv|crp_dataset_8_1_6.csv,crp_dataset_8_1_3.csv,0.61061704,0.9203539822927402,0.601156069360687,104,9,69,74,0.019604492187500003,0.003042035398230088,0.016562456789269916
3,crp_dataset_8_1_8.csv|crp_dataset_8_1_1.csv|crp_dataset_8_1_6.csv,crp_dataset_8_1_2.csv,0.61061704,0.7692307692233727,0.6722689075573759,80,24,39,113,0.03945312499999999,0.011177884615384616,0.028275240384615374
3,crp_dataset_8_1_8.csv|crp_dataset_8_1_1.csv|crp_dataset_8_1_6.csv,crp_dataset_8_1_7.csv,0.61061704,0.9270386266054634,0.981818181813719,216,17,4,19,0.0095703125,0.0034334763948497857,0.006136836105150215
3,crp_dataset_8_1_4.csv|crp_dataset_8_1_3.csv|crp_dataset_8_1_2.csv,crp_dataset_8_1_5.csv,0.6223152,0.8152173912954868,0.7499999999925,75,17,25,139,0.039282226562499994,0.005706521739130435,0.03357570482336956
3,crp_dataset_8_1_4.csv|crp_dataset_8_1_3.csv|crp_dataset_8_1_2.csv,crp_dataset_8_1_8.csv,0.6223152,0.7236842105167935,0.39855072463479313,55,21,83,97,0.0283203125,0.01324013157894737,0.01508018092105263
3,crp_dataset_8_1_4.csv|crp_dataset_8_1_3.csv|crp_dataset_8_1_2.csv,crp_dataset_8_1_7.csv,0.6223152,0.9575471698068041,0.9227272727230785,203,9,17,27,0.0095703125,0.0019457547169811323,0.007624557783018868
3,crp_dataset_8_1_4.csv|crp_dataset_8_1_3.csv|crp_dataset_8_1_2.csv,crp_dataset_8_1_1.csv,0.6223152,0.8823529411634947,0.4761904761866969,60,8,66,122,0.0252685546875,0.0033088235294117642,0.021959731158088237
3,crp_dataset_8_1_4.csv|crp_dataset_8_1_3.csv|crp_dataset_8_1_2.csv,crp_dataset_8_1_6.csv,0.6223152,0.9156626505913775,0.5428571428532654,76,7,64,109,0.026928710937500003,0.00391566265060241,0.023013048286897594
3,crp_dataset_8_1_4.csv|crp_dataset_8_1_3.csv|crp_dataset_8_1_7.csv,crp_dataset_8_1_5.csv,0.7485066,0.8152173912954868,0.7499999999925,75,17,25,139,0.039282226562499994,0.005027173913043477,0.03425505264945652
3,crp_dataset_8_1_4.csv|crp_dataset_8_1_3.csv|crp_dataset_8_1_7.csv,crp_dataset_8_1_8.csv,0.7485066,0.746835443028521,0.4275362318809599,59,20,79,98,0.0283203125,0.009018987341772151,0.01930132515822785
3,crp_dataset_8_1_4.csv|crp_dataset_8_1_3.csv|crp_dataset_8_1_7.csv,crp_dataset_8_1_2.csv,0.7485066,0.8421052631490304,0.6722689075573759,80,15,39,122,0.03945312499999999,0.004078947368421052,0.03537417763157894
3,crp_dataset_8_1_4.csv|crp_dataset_8_1_3.csv|crp_dataset_8_1_7.csv,crp_dataset_8_1_1.csv,0.7485066,0.8939393939258493,0.46825396825025195,59,7,67,123,0.0252685546875,0.0029356060606060604,0.022332948626893938
3,crp_dataset_8_1_4.csv|crp_dataset_8_1_3.csv|crp_dataset_8_1_7.csv,crp_dataset_8_1_6.csv,0.7485066,0.922077922065947,0.5071428571392347,71,6,69,110,0.026928710937500003,0.002516233766233766,0.024412477171266236
3,crp_dataset_8_1_4.csv|crp_dataset_8_1_3.csv|crp_dataset_8_1_1.csv,crp_dataset_8_1_5.csv,0.61672497,0.7699999999923,0.7699999999923,77,23,23,133,0.039282226562499994,0.0072499999999999995,0.032032226562499995
3,crp_dataset_8_1_4.csv|crp_dataset_8_1_3.csv|crp_dataset_8_1_1.csv,crp_dataset_8_1_8.csv,0.61672497,0.7093023255731477,0.4420289855040433,61,25,77,93,0.0283203125,0.012209302325581399,0.0161110101744186
3,crp_dataset_8_1_4.csv|crp_dataset_8_1_3.csv|crp_dataset_8_1_1.csv,crp_dataset_8_1_2.csv,0.61672497,0.7663551401797537,0.6890756302463102,82,25,37,112,0.03945312499999999,0.010280373831775701,0.029172751168224292
3,crp_dataset_8_1_4.csv|crp_dataset_8_1_3.csv|crp_dataset_8_1_1.csv,crp_dataset_8_1_7.csv,0.61672497,0.8979591836698043,0.9999999999954546,220,25,0,11,0.0095703125,0.006045918367346939,0.0035243941326530614
3,crp_dataset_8_1_4.csv|crp_dataset_8_1_3.csv|crp_dataset_8_1_1.csv,crp_dataset_8_1_6.csv,0.61672497,0.7656249999940187,0.6999999999950001,98,30,42,86,0.026928710937500003,0.012939453125,0.013989257812500003
3,crp_dataset_8_1_4.csv|crp_dataset_8_1_3.csv|crp_dataset_8_1_6.csv,crp_dataset_8_1_5.csv,0.6620318,0.7599999999924,0.7599999999924,76,24,24,132,0.039282226562499994,0.008875,0.030407226562499994
3,crp_dataset_8_1_4.csv|crp_dataset_8_1_3.csv|crp_dataset_8_1_6.csv,crp_dataset_8_1_8.csv,0.6620318,0.7176470588150865,0.4420289855040433,61,24,77,94,0.0283203125,0.01308823529411765,0.01523207720588235
3,crp_dataset_8_1_4.csv|crp_dataset_8_1_3.csv|crp_dataset_8_1_6.csv,crp_dataset_8_1_2.csv,0.6620318,0.8080808080726456,0.6722689075573759,80,19,39,118,0.03945312499999999,0.006818181818181818,0.03263494318181817
3,crp_dataset_8_1_4.csv|crp_dataset_8_1_3.csv|crp_dataset_8_1_6.csv,crp_dataset_8_1_7.csv,0.6620318,0.9502262443395918,0.9545454545411157,210,11,10,25,0.0095703125,0.0015837104072398192,0.007986602092760182
3,crp_dataset_8_1_4.csv|crp_dataset_8_1_3.csv|crp_dataset_8_1_6.csv,crp_dataset_8_1_1.csv,0.6620318,0.8823529411634947,0.4761904761866969,60,8,66,122,0.0252685546875,0.003584558823529412,0.021683995863970587
3,crp_dataset_8_1_4.csv|crp_dataset_8_1_2.csv|crp_dataset_8_1_7.csv,crp_dataset_8_1_5.csv,0.6627257,0.8191489361614984,0.7699999999923,77,17,23,139,0.039282226562499994,0.005252659574468085,0.03402956698803191
3,crp_dataset_8_1_4.csv|crp_dataset_8_1_2.csv|crp_dataset_8_1_7.csv,crp_dataset_8_1_8.csv,0.6627257,0.7142857142772109,0.4347826086925016,60,24,78,94,0.0283203125,0.012574404761904764,0.015745907738095234
3,crp_dataset_8_1_4.csv|crp_dataset_8_1_2.csv|crp_dataset_8_1_7.csv,crp_dataset_8_1_3.csv,0.6627257,0.9105691056836539,0.6473988439268937,112,11,61,72,0.019604492187500003,0.0036585365853658543,0.01594595560213415
3,crp_dataset_8_1_4.csv|crp_dataset_8_1_2.csv|crp_dataset_8_1_7.csv,crp_dataset_8_1_1.csv,0.6627257,0.8571428571306122,0.4761904761866969,60,10,66,120,0.0252685546875,0.004821428571428572,0.020447126116071426
3,crp_dataset_8_1_4.csv|crp_dataset_8_1_2.csv|crp_dataset_8_1_7.csv,crp_dataset_8_1_6.csv,0.6627257,0.8636363636265495,0.5428571428532654,76,12,64,104,0.026928710937500003,0.006463068181818183,0.020465642755681822
3,crp_dataset_8_1_4.csv|crp_dataset_8_1_2.csv|crp_dataset_8_1_1.csv,crp_dataset_8_1_5.csv,0.6173197,0.7575757575681052,0.7499999999925,75,24,25,132,0.039282226562499994,0.007891414141414142,0.03139081242108585
3,crp_dataset_8_1_4.csv|crp_dataset_8_1_2.csv|crp_dataset_8_1_1.csv,crp_dataset_8_1_8.csv,0.6173197,0.7011494252792971,0.4420289855040433,61,26,77,92,0.0283203125,0.012356321839080465,0.015963990660919535
3,crp_dataset_8_1_4.csv|crp_dataset_8_1_2.csv|crp_dataset_8_1_1.csv,crp_dataset_8_1_3.csv,0.6173197,0.9186991869844008,0.6531791907476695,113,10,60,73,0.019604492187500003,0.0034044715447154473,0.016200020642784557
3,crp_dataset_8_1_4.csv|crp_dataset_8_1_2.csv|crp_dataset_8_1_1.csv,crp_dataset_8_1_7.csv,0.6173197,0.9350649350608872,0.981818181813719,216,15,4,21,0.0095703125,0.003625541125541125,0.005944771374458875
3,crp_dataset_8_1_4.csv|crp_dataset_8_1_2.csv|crp_dataset_8_1_1.csv,crp_dataset_8_1_6.csv,0.6173197,0.9222222222119753,0.5928571428529082,83,7,57,109,0.026928710937500003,0.003333333333333334,0.02359537760416667
3,crp_dataset_8_1_4.csv|crp_dataset_8_1_2.csv|crp_dataset_8_1_6.csv,crp_dataset_8_1_5.csv,0.63540894,0.8809523809418934,0.7399999999926,74,10,26,146,0.039282226562499994,0.003645833333333333,0.03563639322916666
3,crp_dataset_8_1_4.csv|crp_dataset_8_1_2.csv|crp_dataset_8_1_6.csv,crp_dataset_8_1_8.csv,0.63540894,0.7246376811489182,0.3623188405770847,50,19,88,99,0.0283203125,0.011594202898550723,0.016726109601449275
3,crp_dataset_8_1_4.csv|crp_dataset_8_1_2.csv|crp_dataset_8_1_6.csv,crp_dataset_8_1_3.csv,0.63540894,0.9401709401629045,0.635838150285342,110,7,63,76,0.019604492187500003,0.0020299145299145296,0.017574577657585473
3,crp_dataset_8_1_4.csv|crp_dataset_8_1_2.csv|crp_dataset_8_1_6.csv,crp_dataset_8_1_7.csv,0.63540894,0.9680851063778294,0.827272727268967,182,6,38,30,0.0095703125,0.0008976063829787235,0.008672706117021277
3,crp_dataset_8_1_4.csv|crp_dataset_8_1_2.csv|crp_dataset_8_1_6.csv,crp_dataset_8_1_1.csv,0.63540894,0.8823529411634947,0.4761904761866969,60,8,66,122,0.0252685546875,0.003125,0.0221435546875
3,crp_dataset_8_1_4.csv|crp_dataset_8_1_7.csv|crp_dataset_8_1_1.csv,crp_dataset_8_1_5.csv,0.82369846,0.813186813177877,0.7399999999926,74,17,26,139,0.039282226562499994,0.005013736263736263,0.034268490298763735
3,crp_dataset_8_1_4.csv|crp_dataset_8_1_7.csv|crp_dataset_8_1_1.csv,crp_dataset_8_1_8.csv,0.82369846,0.7317073170642474,0.4347826086925016,60,22,78,96,0.0283203125,0.009298780487804878,0.01902153201219512
3,crp_dataset_8_1_4.csv|crp_dataset_8_1_7.csv|crp_dataset_8_1_1.csv,crp_dataset_8_1_3.csv,0.82369846,0.916666666658179,0.5722543352568078,99,9,74,74,0.019604492187500003,0.0030671296296296297,0.016537362557870375
3,crp_dataset_8_1_4.csv|crp_dataset_8_1_7.csv|crp_dataset_8_1_1.csv,crp_dataset_8_1_2.csv,0.82369846,0.8124999999915364,0.6554621848684414,78,18,41,119,0.03945312499999999,0.0062499999999999995,0.03320312499999999
3,crp_dataset_8_1_4.csv|crp_dataset_8_1_7.csv|crp_dataset_8_1_1.csv,crp_dataset_8_1_6.csv,0.82369846,0.9459459459331628,0.49999999999642863,70,4,70,112,0.026928710937500003,0.0016047297297297298,0.025323981207770272
3,crp_dataset_8_1_4.csv|crp_dataset_8_1_7.csv|crp_dataset_8_1_6.csv,crp_dataset_8_1_5.csv,0.6931714,0.8444444444350617,0.7599999999924,76,14,24,142,0.039282226562499994,0.0045138888888888885,0.03476833767361111
3,crp_dataset_8_1_4.csv|crp_dataset_8_1_7.csv|crp_dataset_8_1_6.csv,crp_dataset_8_1_8.csv,0.6931714,0.7894736842001384,0.4347826086925016,60,16,78,102,0.0283203125,0.005674342105263157,0.022645970394736842
3,crp_dataset_8_1_4.csv|crp_dataset_8_1_7.csv|crp_dataset_8_1_6.csv,crp_dataset_8_1_3.csv,0.6931714,0.9459459459374239,0.6069364161814629,105,6,68,77,0.019604492187500003,0.0015765765765765767,0.018027915610923425
3,crp_dataset_8_1_4.csv|crp_dataset_8_1_7.csv|crp_dataset_8_1_6.csv,crp_dataset_8_1_2.csv,0.6931714,0.8247422680327345,0.6722689075573759,80,17,39,120,0.03945312499999999,0.005154639175257732,0.03429848582474226
3,crp_dataset_8_1_4.csv|crp_dataset_8_1_7.csv|crp_dataset_8_1_6.csv,crp_dataset_8_1_1.csv,0.6931714,0.8823529411634947,0.4761904761866969,60,8,66,122,0.0252685546875,0.003492647058823529,0.02177590762867647
3,crp_dataset_8_1_4.csv|crp_dataset_8_1_1.csv|crp_dataset_8_1_6.csv,crp_dataset_8_1_5.csv,0.7194805,0.7978723404170439,0.7499999999925,75,19,25,137,0.039282226562499994,0.006183510638297872,0.033098715924202125
3,crp_dataset_8_1_4.csv|crp_dataset_8_1_1.csv|crp_dataset_8_1_6.csv,crp_dataset_8_1_8.csv,0.7194805,0.771428571417551,0.39130434782325146,54,16,84,102,0.0283203125,0.007499999999999999,0.0208203125
3,crp_dataset_8_1_4.csv|crp_dataset_8_1_1.csv|crp_dataset_8_1_6.csv,crp_dataset_8_1_3.csv,0.7194805,0.9292035398147858,0.6069364161814629,105,8,68,75,0.019604492187500003,0.0025442477876106194,0.017060244399889384
3,crp_dataset_8_1_4.csv|crp_dataset_8_1_1.csv|crp_dataset_8_1_6.csv,crp_dataset_8_1_2.csv,0.7194805,0.8041237113319162,0.6554621848684414,78,19,41,118,0.03945312499999999,0.005347938144329897,0.03410518685567009
3,crp_dataset_8_1_4.csv|crp_dataset_8_1_1.csv|crp_dataset_8_1_6.csv,crp_dataset_8_1_7.csv,0.7194805,0.9466666666624594,0.9681818181774174,213,12,7,24,0.0095703125,0.002138888888888889,0.007431423611111112
3,crp_dataset_8_1_3.csv|crp_dataset_8_1_2.csv|crp_dataset_8_1_7.csv,crp_dataset_8_1_5.csv,0.7239012,0.7755102040737193,0.7599999999924,76,22,24,134,0.039282226562499994,0.006951530612244898,0.032330695950255096
3,crp_dataset_8_1_3.csv|crp_dataset_8_1_2.csv|crp_dataset_8_1_7.csv,crp_dataset_8_1_8.csv,0.7239012,0.7058823529328719,0.4347826086925016,60,25,78,93,0.0283203125,0.012500000000000002,0.015820312499999996
3,crp_dataset_8_1_3.csv|crp_dataset_8_1_2.csv|crp_dataset_8_1_7.csv,crp_dataset_8_1_4.csv,0.7239012,0.8593749999932863,0.8396946564821398,110,18,21,107,0.023046875,0.005175781250000001,0.01787109375
3,crp_dataset_8_1_3.csv|crp_dataset_8_1_2.csv|crp_dataset_8_1_7.csv,crp_dataset_8_1_1.csv,0.7239012,0.8676470588107699,0.46825396825025195,59,9,67,121,0.0252685546875,0.003860294117647059,0.02140826056985294
3,crp_dataset_8_1_3.csv|crp_dataset_8_1_2.csv|crp_dataset_8_1_7.csv,crp_dataset_8_1_6.csv,0.7239012,0.8709677419261186,0.5785714285672959,81,12,59,104,0.026928710937500003,0.006518817204301075,0.020409893733198927
3,crp_dataset_8_1_3.csv|crp_dataset_8_1_2.csv|crp_dataset_8_1_1.csv,crp_dataset_8_1_5.csv,0.6237697,0.7777777777699214,0.7699999999923,77,22,23,134,0.039282226562499994,0.006691919191919192,0.0325903073705808
3,crp_dataset_8_1_3.csv|crp_dataset_8_1_2.csv|crp_dataset_8_1_1.csv,crp_dataset_8_1_8.csv,0.6237697,0.6831683168249191,0.49999999999637684,69,32,69,86,0.0283203125,0.014232673267326733,0.014087639232673267
3,crp_dataset_8_1_3.csv|crp_dataset_8_1_2.csv|crp_dataset_8_1_1.csv,crp_dataset_8_1_4.csv,0.6237697,0.7364864864815103,0.8320610686959385,109,39,22,86,0.023046875,0.01279560810810811,0.010251266891891892
3,crp_dataset_8_1_3.csv|crp_dataset_8_1_2.csv|crp_dataset_8_1_1.csv,crp_dataset_8_1_7.csv,0.6237697,0.8906882591057057,0.9999999999954546,220,27,0,9,0.0095703125,0.006275303643724695,0.0032950088562753053
3,crp_dataset_8_1_3.csv|crp_dataset_8_1_2.csv|crp_dataset_8_1_1.csv,crp_dataset_8_1_6.csv,0.6237697,0.6222222222187654,0.7999999999942857,112,68,28,48,0.026928710937500003,0.02381944444444444,0.003109266493055561
3,crp_dataset_8_1_3.csv|crp_dataset_8_1_2.csv|crp_dataset_8_1_6.csv,crp_dataset_8_1_5.csv,0.6641508,0.7623762376162141,0.7699999999923,77,24,23,132,0.039282226562499994,0.008353960396039604,0.03092826616646039
3,crp_dataset_8_1_3.csv|crp_dataset_8_1_2.csv|crp_dataset_8_1_6.csv,crp_dataset_8_1_8.csv,0.6641508,0.7317073170642474,0.4347826086925016,60,22,78,96,0.0283203125,0.010899390243902442,0.017420922256097558
3,crp_dataset_8_1_3.csv|crp_dataset_8_1_2.csv|crp_dataset_8_1_6.csv,crp_dataset_8_1_4.csv,0.6641508,0.8842975206538487,0.816793893123536,107,14,24,111,0.023046875,0.0034607438016528926,0.01958613119834711
3,crp_dataset_8_1_3.csv|crp_dataset_8_1_2.csv|crp_dataset_8_1_6.csv,crp_dataset_8_1_7.csv,0.6641508,0.945945945941685,0.9545454545411157,210,12,10,24,0.0095703125,0.0017454954954954959,0.007824817004504506
3,crp_dataset_8_1_3.csv|crp_dataset_8_1_2.csv|crp_dataset_8_1_6.csv,crp_dataset_8_1_1.csv,0.6641508,0.8333333333217592,0.4761904761866969,60,12,66,118,0.0252685546875,0.0059027777777777785,0.019365776909722222
3,crp_dataset_8_1_3.csv|crp_dataset_8_1_7.csv|crp_dataset_8_1_1.csv,crp_dataset_8_1_5.csv,0.6227017,0.7916666666584201,0.7599999999924,76,20,24,136,0.039282226562499994,0.006640625000000001,0.0326416015625
3,crp_dataset_8_1_3.csv|crp_dataset_8_1_7.csv|crp_dataset_8_1_1.csv,crp_dataset_8_1_8.csv,0.6227017,0.7441860465029746,0.4637681159386684,64,22,74,96,0.0283203125,0.009520348837209303,0.018799963662790697
3,crp_dataset_8_1_3.csv|crp_dataset_8_1_7.csv|crp_dataset_8_1_1.csv,crp_dataset_8_1_4.csv,0.6227017,0.8230769230705918,0.816793893123536,107,23,24,102,0.023046875,0.007259615384615385,0.015787259615384616
3,crp_dataset_8_1_3.csv|crp_dataset_8_1_7.csv|crp_dataset_8_1_1.csv,crp_dataset_8_1_2.csv,0.6227017,0.7339449541217069,0.6722689075573759,80,29,39,108,0.03945312499999999,0.014736238532110089,0.0247168864678899
3,crp_dataset_8_1_3.csv|crp_dataset_8_1_7.csv|crp_dataset_8_1_1.csv,crp_dataset_8_1_6.csv,0.6227017,0.8333333333260233,0.6785714285665817,95,19,45,97,0.026928710937500003,0.008333333333333333,0.01859537760416667
3,crp_dataset_8_1_3.csv|crp_dataset_8_1_7.csv|crp_dataset_8_1_6.csv,crp_dataset_8_1_5.csv,0.6998825,0.7623762376162141,0.7699999999923,77,24,23,132,0.039282226562499994,0.008106435643564357,0.031175790918935638
3,crp_dataset_8_1_3.csv|crp_dataset_8_1_7.csv|crp_dataset_8_1_6.csv,crp_dataset_8_1_8.csv,0.6998825,0.6966292134753187,0.449275362315585,62,27,76,91,0.0283203125,0.013904494382022473,0.014415818117977527
3,crp_dataset_8_1_3.csv|crp_dataset_8_1_7.csv|crp_dataset_8_1_6.csv,crp_dataset_8_1_4.csv,0.6998825,0.9008264462735469,0.8320610686959385,109,12,22,113,0.023046875,0.002892561983471074,0.020154313016528928
3,crp_dataset_8_1_3.csv|crp_dataset_8_1_7.csv|crp_dataset_8_1_6.csv,crp_dataset_8_1_2.csv,0.6998825,0.7864077669826562,0.6806722689018431,81,22,38,115,0.03945312499999999,0.008070388349514563,0.03138273665048543
3,crp_dataset_8_1_3.csv|crp_dataset_8_1_7.csv|crp_dataset_8_1_6.csv,crp_dataset_8_1_1.csv,0.6998825,0.8243243243131848,0.4841269841231418,61,13,65,117,0.0252685546875,0.005827702702702703,0.019440851984797298
3,crp_dataset_8_1_3.csv|crp_dataset_8_1_1.csv|crp_dataset_8_1_6.csv,crp_dataset_8_1_5.csv,0.69639117,0.8241758241667673,0.7499999999925,75,16,25,140,0.039282226562499994,0.005288461538461538,0.033993765024038454
3,crp_dataset_8_1_3.csv|crp_dataset_8_1_1.csv|crp_dataset_8_1_6.csv,crp_dataset_8_1_8.csv,0.69639117,0.756097560966389,0.449275362315585,62,20,76,98,0.0283203125,0.008765243902439025,0.019555068597560975
3,crp_dataset_8_1_3.csv|crp_dataset_8_1_1.csv|crp_dataset_8_1_6.csv,crp_dataset_8_1_4.csv,0.69639117,0.8861788617814131,0.8320610686959385,109,14,22,111,0.023046875,0.0038109756097560975,0.019235899390243904
3,crp_dataset_8_1_3.csv|crp_dataset_8_1_1.csv|crp_dataset_8_1_6.csv,crp_dataset_8_1_2.csv,0.69639117,0.794117647051038,0.6806722689018431,81,21,38,116,0.03945312499999999,0.007720588235294116,0.031732536764705874
3,crp_dataset_8_1_3.csv|crp_dataset_8_1_1.csv|crp_dataset_8_1_6.csv,crp_dataset_8_1_7.csv,0.69639117,0.9152542372842575,0.981818181813719,216,20,4,16,0.0095703125,0.00423728813559322,0.00533302436440678
3,crp_dataset_8_1_2.csv|crp_dataset_8_1_7.csv|crp_dataset_8_1_1.csv,crp_dataset_8_1_5.csv,0.63711345,0.8518518518413352,0.6899999999931,69,12,31,144,0.039282226562499994,0.004166666666666667,0.03511555989583333
3,crp_dataset_8_1_2.csv|crp_dataset_8_1_7.csv|crp_dataset_8_1_1.csv,crp_dataset_8_1_8.csv,0.63711345,0.8507462686440187,0.4130434782578765,57,10,81,108,0.0283203125,0.0043843283582089545,0.023935984141791045
3,crp_dataset_8_1_2.csv|crp_dataset_8_1_7.csv|crp_dataset_8_1_1.csv,crp_dataset_8_1_4.csv,0.63711345,0.8761061946825123,0.7557251908339259,99,14,32,111,0.023046875,0.0061393805309734525,0.01690749446902655
3,crp_dataset_8_1_2.csv|crp_dataset_8_1_7.csv|crp_dataset_8_1_1.csv,crp_dataset_8_1_3.csv,0.63711345,0.9122807017463834,0.601156069360687,104,10,69,73,0.019604492187500003,0.0032346491228070176,0.016369843064692986
3,crp_dataset_8_1_2.csv|crp_dataset_8_1_7.csv|crp_dataset_8_1_1.csv,crp_dataset_8_1_6.csv,0.63711345,0.8534482758547116,0.7071428571378062,99,17,41,99,0.026928710937500003,0.007974137931034483,0.018954573006465518
3,crp_dataset_8_1_2.csv|crp_dataset_8_1_7.csv|crp_dataset_8_1_6.csv,crp_dataset_8_1_5.csv,0.63529754,0.8064516128945542,0.7499999999925,75,18,25,138,0.039282226562499994,0.006048387096774193,0.0332338394657258
3,crp_dataset_8_1_2.csv|crp_dataset_8_1_7.csv|crp_dataset_8_1_6.csv,crp_dataset_8_1_8.csv,0.63529754,0.7228915662563506,0.4347826086925016,60,23,78,95,0.0283203125,0.010843373493975903,0.017476939006024095
3,crp_dataset_8_1_2.csv|crp_dataset_8_1_7.csv|crp_dataset_8_1_6.csv,crp_dataset_8_1_4.csv,0.63529754,0.8842975206538487,0.816793893123536,107,14,24,111,0.023046875,0.004132231404958678,0.018914643595041324
3,crp_dataset_8_1_2.csv|crp_dataset_8_1_7.csv|crp_dataset_8_1_6.csv,crp_dataset_8_1_3.csv,0.63529754,0.9411764705803263,0.6473988439268937,112,7,61,76,0.019604492187500003,0.0021008403361344537,0.01750365185136555
3,crp_dataset_8_1_2.csv|crp_dataset_8_1_7.csv|crp_dataset_8_1_6.csv,crp_dataset_8_1_1.csv,0.63529754,0.8714285714161224,0.4841269841231418,61,9,65,121,0.0252685546875,0.0037500000000000003,0.0215185546875
3,crp_dataset_8_1_2.csv|crp_dataset_8_1_1.csv|crp_dataset_8_1_6.csv,crp_dataset_8_1_5.csv,0.61269975,0.7999999999905882,0.6799999999931999,68,17,32,139,0.039282226562499994,0.005955882352941176,0.033326344209558816
3,crp_dataset_8_1_2.csv|crp_dataset_8_1_1.csv|crp_dataset_8_1_6.csv,crp_dataset_8_1_8.csv,0.61269975,0.7333333333235555,0.39855072463479313,55,20,83,98,0.0283203125,0.008,0.0203203125
3,crp_dataset_8_1_2.csv|crp_dataset_8_1_1.csv|crp_dataset_8_1_6.csv,crp_dataset_8_1_4.csv,0.61269975,0.887931034475104,0.7862595419787309,103,13,28,112,0.023046875,0.003232758620689655,0.019814116379310347
3,crp_dataset_8_1_2.csv|crp_dataset_8_1_1.csv|crp_dataset_8_1_6.csv,crp_dataset_8_1_3.csv,0.61269975,0.9391304347744424,0.6242774566437903,108,7,65,76,0.019604492187500003,0.0019021739130434783,0.017702318274456525
3,crp_dataset_8_1_2.csv|crp_dataset_8_1_1.csv|crp_dataset_8_1_6.csv,crp_dataset_8_1_7.csv,0.61269975,0.9447004608251397,0.9318181818139464,205,12,15,24,0.0095703125,0.0019009216589861752,0.007669390841013825
3,crp_dataset_8_1_7.csv|crp_dataset_8_1_1.csv|crp_dataset_8_1_6.csv,crp_dataset_8_1_5.csv,0.6001106,0.7403846153774962,0.7699999999923,77,27,23,129,0.039282226562499994,0.008834134615384615,0.03044809194711538
3,crp_dataset_8_1_7.csv|crp_dataset_8_1_1.csv|crp_dataset_8_1_6.csv,crp_dataset_8_1_8.csv,0.6001106,0.6701030927765969,0.47101449275021007,65,32,73,86,0.0283203125,0.016043814432989693,0.012276498067010307
3,crp_dataset_8_1_7.csv|crp_dataset_8_1_1.csv|crp_dataset_8_1_6.csv,crp_dataset_8_1_4.csv,0.6001106,0.7971014492695863,0.8396946564821398,110,28,21,97,0.023046875,0.009556159420289857,0.013490715579710145
3,crp_dataset_8_1_7.csv|crp_dataset_8_1_1.csv|crp_dataset_8_1_6.csv,crp_dataset_8_1_3.csv,0.6001106,0.8992248061945797,0.670520231209997,116,13,57,70,0.019604492187500003,0.004941860465116279,0.014662631722383725
3,crp_dataset_8_1_7.csv|crp_dataset_8_1_1.csv|crp_dataset_8_1_6.csv,crp_dataset_8_1_2.csv,0.6001106,0.7264957264895171,0.7142857142797119,85,32,34,105,0.03945312499999999,0.015010683760683761,0.02444244123931623
4,crp_dataset_8_1_5.csv|crp_dataset_8_1_8.csv|crp_dataset_8_1_4.csv|crp_dataset_8_1_3.csv,crp_dataset_8_1_2.csv,0.7058019,0.8641975308535284,0.5882352941127039,70,11,49,126,0.03945312499999999,0.0038580246913580245,0.035595100308641964
4,crp_dataset_8_1_5.csv|crp_dataset_8_1_8.csv|crp_dataset_8_1_4.csv|crp_dataset_8_1_3.csv,crp_dataset_8_1_7.csv,0.7058019,0.9322033898265585,0.9999999999954546,220,16,0,20,0.0095703125,0.0031779661016949155,0.006392346398305085
4,crp_dataset_8_1_5.csv|crp_dataset_8_1_8.csv|crp_dataset_8_1_4.csv|crp_dataset_8_1_3.csv,crp_dataset_8_1_1.csv,0.7058019,0.912280701738381,0.4126984126951373,52,5,74,125,0.0252685546875,0.0021929824561403508,0.02307557223135965
4,crp_dataset_8_1_5.csv|crp_dataset_8_1_8.csv|crp_dataset_8_1_4.csv|crp_dataset_8_1_3.csv,crp_dataset_8_1_6.csv,0.7058019,0.9166666666557539,0.5499999999960715,77,7,63,109,0.026928710937500003,0.0033482142857142855,0.02358049665178572
4,crp_dataset_8_1_5.csv|crp_dataset_8_1_8.csv|crp_dataset_8_1_4.csv|crp_dataset_8_1_2.csv,crp_dataset_8_1_3.csv,0.6362014,0.9256198347030941,0.6473988439268937,112,9,61,74,0.019604492187500003,0.002892561983471074,0.01671193020402893
4,crp_dataset_8_1_5.csv|crp_dataset_8_1_8.csv|crp_dataset_8_1_4.csv|crp_dataset_8_1_2.csv,crp_dataset_8_1_7.csv,0.6362014,0.9361702127619738,0.9999999999954546,220,15,0,21,0.0095703125,0.003510638297872341,0.006059674202127659
4,crp_dataset_8_1_5.csv|crp_dataset_8_1_8.csv|crp_dataset_8_1_4.csv|crp_dataset_8_1_2.csv,crp_dataset_8_1_1.csv,0.6362014,0.913043478247637,0.49999999999603173,63,6,63,124,0.0252685546875,0.002717391304347826,0.022551163383152176
4,crp_dataset_8_1_5.csv|crp_dataset_8_1_8.csv|crp_dataset_8_1_4.csv|crp_dataset_8_1_2.csv,crp_dataset_8_1_6.csv,0.6362014,0.9397590361332558,0.5571428571388776,78,5,62,111,0.026928710937500003,0.0024096385542168677,0.024519072383283134
4,crp_dataset_8_1_5.csv|crp_dataset_8_1_8.csv|crp_dataset_8_1_4.csv|crp_dataset_8_1_7.csv,crp_dataset_8_1_3.csv,0.6950685,0.9396551724056926,0.6300578034645662,109,7,64,76,0.019604492187500003,0.0023706896551724133,0.01723380253232759
4,crp_dataset_8_1_5.csv|crp_dataset_8_1_8.csv|crp_dataset_8_1_4.csv|crp_dataset_8_1_7.csv,crp_dataset_8_1_2.csv,0.6950685,0.8247422680327345,0.6722689075573759,80,17,39,120,0.03945312499999999,0.005283505154639175,0.034169619845360814
4,crp_dataset_8_1_5.csv|crp_dataset_8_1_8.csv|crp_dataset_8_1_4.csv|crp_dataset_8_1_7.csv,crp_dataset_8_1_1.csv,0.6950685,0.9206349206203074,0.460317460313807,58,5,68,125,0.0252685546875,0.0015873015873015873,0.02368125310019841
4,crp_dataset_8_1_5.csv|crp_dataset_8_1_8.csv|crp_dataset_8_1_4.csv|crp_dataset_8_1_7.csv,crp_dataset_8_1_6.csv,0.6950685,0.9390243902324509,0.5499999999960715,77,5,63,111,0.026928710937500003,0.002286585365853659,0.024642125571646342
4,crp_dataset_8_1_5.csv|crp_dataset_8_1_8.csv|crp_dataset_8_1_4.csv|crp_dataset_8_1_1.csv,crp_dataset_8_1_3.csv,0.6801897,0.8992248061945797,0.670520231209997,116,13,57,70,0.019604492187500003,0.005087209302325582,0.014517282885174421
4,crp_dataset_8_1_5.csv|crp_dataset_8_1_8.csv|crp_dataset_8_1_4.csv|crp_dataset_8_1_1.csv,crp_dataset_8_1_2.csv,0.6801897,0.7499999999930556,0.6806722689018431,81,27,38,110,0.03945312499999999,0.01116898148148148,0.02828414351851851
4,crp_dataset_8_1_5.csv|crp_dataset_8_1_8.csv|crp_dataset_8_1_4.csv|crp_dataset_8_1_1.csv,crp_dataset_8_1_7.csv,0.6801897,0.8979591836698043,0.9999999999954546,220,25,0,11,0.0095703125,0.00586734693877551,0.0037029655612244904
4,crp_dataset_8_1_5.csv|crp_dataset_8_1_8.csv|crp_dataset_8_1_4.csv|crp_dataset_8_1_1.csv,crp_dataset_8_1_6.csv,0.6801897,0.8623853210930056,0.6714285714237755,94,15,46,101,0.026928710937500003,0.006708715596330276,0.02021999534116973
4,crp_dataset_8_1_5.csv|crp_dataset_8_1_8.csv|crp_dataset_8_1_4.csv|crp_dataset_8_1_6.csv,crp_dataset_8_1_3.csv,0.60649055,0.9553571428486128,0.6184971098230145,107,5,66,78,0.019604492187500003,0.0012276785714285716,0.018376813616071432
4,crp_dataset_8_1_5.csv|crp_dataset_8_1_8.csv|crp_dataset_8_1_4.csv|crp_dataset_8_1_6.csv,crp_dataset_8_1_2.csv,0.60649055,0.826530612236464,0.6806722689018431,81,17,38,120,0.03945312499999999,0.0049107142857142865,0.0345424107142857
4,crp_dataset_8_1_5.csv|crp_dataset_8_1_8.csv|crp_dataset_8_1_4.csv|crp_dataset_8_1_6.csv,crp_dataset_8_1_7.csv,0.60649055,0.9307359307319016,0.9772727272682852,215,16,5,20,0.0095703125,0.0026244588744588743,0.006945853625541126
4,crp_dataset_8_1_5.csv|crp_dataset_8_1_8.csv|crp_dataset_8_1_4.csv|crp_dataset_8_1_6.csv,crp_dataset_8_1_1.csv,0.60649055,0.9206349206203074,0.460317460313807,58,5,68,125,0.0252685546875,0.0015873015873015873,0.02368125310019841
4,crp_dataset_8_1_5.csv|crp_dataset_8_1_8.csv|crp_dataset_8_1_3.csv|crp_dataset_8_1_2.csv,crp_dataset_8_1_4.csv,0.68462425,0.8749999999915865,0.6946564885443156,91,13,40,112,0.023046875,0.005829326923076922,0.017217548076923078
4,crp_dataset_8_1_5.csv|crp_dataset_8_1_8.csv|crp_dataset_8_1_3.csv|crp_dataset_8_1_2.csv,crp_dataset_8_1_7.csv,0.68462425,0.9075630252062707,0.981818181813719,216,22,4,14,0.0095703125,0.005173319327731093,0.0043969931722689076
4,crp_dataset_8_1_5.csv|crp_dataset_8_1_8.csv|crp_dataset_8_1_3.csv|crp_dataset_8_1_2.csv,crp_dataset_8_1_1.csv,0.68462425,0.9824561403336411,0.4444444444409171,56,1,70,129,0.0252685546875,0.0004385964912280702,0.02482995819627193
4,crp_dataset_8_1_5.csv|crp_dataset_8_1_8.csv|crp_dataset_8_1_3.csv|crp_dataset_8_1_2.csv,crp_dataset_8_1_6.csv,0.68462425,0.8645833333243272,0.5928571428529082,83,13,57,103,0.026928710937500003,0.007096354166666667,0.019832356770833337
4,crp_dataset_8_1_5.csv|crp_dataset_8_1_8.csv|crp_dataset_8_1_3.csv|crp_dataset_8_1_7.csv,crp_dataset_8_1_4.csv,0.6055777,0.8387096774125911,0.7938931297649322,104,20,27,105,0.023046875,0.0078125,0.015234375000000001
4,crp_dataset_8_1_5.csv|crp_dataset_8_1_8.csv|crp_dataset_8_1_3.csv|crp_dataset_8_1_7.csv,crp_dataset_8_1_2.csv,0.6055777,0.7692307692233727,0.6722689075573759,80,24,39,113,0.03945312499999999,0.009795673076923077,0.029657451923076915
4,crp_dataset_8_1_5.csv|crp_dataset_8_1_8.csv|crp_dataset_8_1_3.csv|crp_dataset_8_1_7.csv,crp_dataset_8_1_1.csv,0.6055777,0.9259259259144947,0.5952380952333711,75,6,51,124,0.0252685546875,0.0015432098765432098,0.02372534481095679
4,crp_dataset_8_1_5.csv|crp_dataset_8_1_8.csv|crp_dataset_8_1_3.csv|crp_dataset_8_1_7.csv,crp_dataset_8_1_6.csv,0.6055777,0.7394366197131026,0.749999999994643,105,37,35,79,0.026928710937500003,0.015713028169014084,0.011215682768485918
4,crp_dataset_8_1_5.csv|crp_dataset_8_1_8.csv|crp_dataset_8_1_3.csv|crp_dataset_8_1_1.csv,crp_dataset_8_1_4.csv,0.62714994,0.7350993377434762,0.8473282442683411,111,40,20,85,0.023046875,0.013990066225165562,0.00905680877483444
4,crp_dataset_8_1_5.csv|crp_dataset_8_1_8.csv|crp_dataset_8_1_3.csv|crp_dataset_8_1_1.csv,crp_dataset_8_1_2.csv,0.62714994,0.6771653543253766,0.7226890756241791,86,41,33,96,0.03945312499999999,0.020374015748031504,0.019079109251968488
4,crp_dataset_8_1_5.csv|crp_dataset_8_1_8.csv|crp_dataset_8_1_3.csv|crp_dataset_8_1_1.csv,crp_dataset_8_1_7.csv,0.62714994,0.8661417322800546,0.9999999999954546,220,34,0,2,0.0095703125,0.008858267716535433,0.0007120447834645677
4,crp_dataset_8_1_5.csv|crp_dataset_8_1_8.csv|crp_dataset_8_1_3.csv|crp_dataset_8_1_1.csv,crp_dataset_8_1_6.csv,0.62714994,0.6195652173879371,0.814285714279898,114,70,26,46,0.026928710937500003,0.02296195652173913,0.003966754415760873
4,crp_dataset_8_1_5.csv|crp_dataset_8_1_8.csv|crp_dataset_8_1_3.csv|crp_dataset_8_1_6.csv,crp_dataset_8_1_4.csv,0.60100174,0.9075630252024575,0.8244274809097373,108,11,23,114,0.023046875,0.0034138655462184874,0.019633009453781512
4,crp_dataset_8_1_5.csv|crp_dataset_8_1_8.csv|crp_dataset_8_1_3.csv|crp_dataset_8_1_6.csv,crp_dataset_8_1_2.csv,0.60100174,0.8297872340337257,0.6554621848684414,78,16,41,121,0.03945312499999999,0.0050531914893617025,0.03439993351063829
4,crp_dataset_8_1_5.csv|crp_dataset_8_1_8.csv|crp_dataset_8_1_3.csv|crp_dataset_8_1_6.csv,crp_dataset_8_1_7.csv,0.60100174,0.9053497942349574,0.9999999999954546,220,23,0,13,0.0095703125,0.004809670781893004,0.004760641718106997
4,crp_dataset_8_1_5.csv|crp_dataset_8_1_8.csv|crp_dataset_8_1_3.csv|crp_dataset_8_1_6.csv,crp_dataset_8_1_1.csv,0.60100174,0.9682539682385992,0.4841269841231418,61,2,65,128,0.0252685546875,0.000992063492063492,0.024276491195436508
4,crp_dataset_8_1_5.csv|crp_dataset_8_1_8.csv|crp_dataset_8_1_2.csv|crp_dataset_8_1_7.csv,crp_dataset_8_1_4.csv,0.6610768,0.9017857142776626,0.7709923664063284,101,11,30,114,0.023046875,0.00390625,0.019140625
4,crp_dataset_8_1_5.csv|crp_dataset_8_1_8.csv|crp_dataset_8_1_2.csv|crp_dataset_8_1_7.csv,crp_dataset_8_1_3.csv,0.6610768,0.9504132231326412,0.6647398843892212,115,6,58,77,0.019604492187500003,0.0026859504132231405,0.016918541774276864
4,crp_dataset_8_1_5.csv|crp_dataset_8_1_8.csv|crp_dataset_8_1_2.csv|crp_dataset_8_1_7.csv,crp_dataset_8_1_1.csv,0.6610768,0.9701492537168634,0.5158730158689216,65,2,61,128,0.0252685546875,0.00083955223880597,0.02442900244869403
4,crp_dataset_8_1_5.csv|crp_dataset_8_1_8.csv|crp_dataset_8_1_2.csv|crp_dataset_8_1_7.csv,crp_dataset_8_1_6.csv,0.6610768,0.8421052631505078,0.6857142857093879,96,18,44,98,0.026928710937500003,0.008662280701754387,0.018266430235745618
4,crp_dataset_8_1_5.csv|crp_dataset_8_1_8.csv|crp_dataset_8_1_2.csv|crp_dataset_8_1_1.csv,crp_dataset_8_1_4.csv,0.61897755,0.8677685950341506,0.8015267175511335,105,16,26,109,0.023046875,0.005526859504132231,0.01752001549586777
4,crp_dataset_8_1_5.csv|crp_dataset_8_1_8.csv|crp_dataset_8_1_2.csv|crp_dataset_8_1_1.csv,crp_dataset_8_1_3.csv,0.61897755,0.8936170212702581,0.7283236994177554,126,15,47,68,0.019604492187500003,0.005363475177304965,0.014241017010195037
4,crp_dataset_8_1_5.csv|crp_dataset_8_1_8.csv|crp_dataset_8_1_2.csv|crp_dataset_8_1_1.csv,crp_dataset_8_1_7.csv,0.61897755,0.8979591836698043,0.9999999999954546,220,25,0,11,0.0095703125,0.005841836734693877,0.0037284757653061234
4,crp_dataset_8_1_5.csv|crp_dataset_8_1_8.csv|crp_dataset_8_1_2.csv|crp_dataset_8_1_1.csv,crp_dataset_8_1_6.csv,0.61897755,0.7152317880747336,0.7714285714230613,108,43,32,73,0.026928710937500003,0.017466887417218545,0.009461823520281458
4,crp_dataset_8_1_5.csv|crp_dataset_8_1_8.csv|crp_dataset_8_1_2.csv|crp_dataset_8_1_6.csv,crp_dataset_8_1_4.csv,0.6089479,0.9333333333244445,0.7480916030477246,98,7,33,118,0.023046875,0.001488095238095238,0.02155877976190476
4,crp_dataset_8_1_5.csv|crp_dataset_8_1_8.csv|crp_dataset_8_1_2.csv|crp_dataset_8_1_6.csv,crp_dataset_8_1_3.csv,0.6089479,0.9374999999916295,0.6069364161814629,105,7,68,76,0.019604492187500003,0.0030133928571428573,0.016591099330357146
4,crp_dataset_8_1_5.csv|crp_dataset_8_1_8.csv|crp_dataset_8_1_2.csv|crp_dataset_8_1_6.csv,crp_dataset_8_1_7.csv,0.6089479,0.9434782608654632,0.9863636363591529,217,13,3,23,0.0095703125,0.001766304347826087,0.0078040081521739135
4,crp_dataset_8_1_5.csv|crp_dataset_8_1_8.csv|crp_dataset_8_1_2.csv|crp_dataset_8_1_6.csv,crp_dataset_8_1_1.csv,0.6089479,0.8833333333186112,0.42063492063158225,53,7,73,123,0.0252685546875,0.0038541666666666668,0.021414388020833335
4,crp_dataset_8_1_5.csv|crp_dataset_8_1_8.csv|crp_dataset_8_1_7.csv|crp_dataset_8_1_1.csv,crp_dataset_8_1_4.csv,0.6368312,0.7537313432779573,0.7709923664063284,101,33,30,92,0.023046875,0.011613805970149254,0.011433069029850747
4,crp_dataset_8_1_5.csv|crp_dataset_8_1_8.csv|crp_dataset_8_1_7.csv|crp_dataset_8_1_1.csv,crp_dataset_8_1_3.csv,0.6368312,0.8523489932828702,0.7341040462385312,127,22,46,61,0.019604492187500003,0.008808724832214765,0.010795767355285238
4,crp_dataset_8_1_5.csv|crp_dataset_8_1_8.csv|crp_dataset_8_1_7.csv|crp_dataset_8_1_1.csv,crp_dataset_8_1_2.csv,0.6368312,0.7363636363569421,0.6806722689018431,81,29,38,108,0.03945312499999999,0.01465909090909091,0.024794034090909082
4,crp_dataset_8_1_5.csv|crp_dataset_8_1_8.csv|crp_dataset_8_1_7.csv|crp_dataset_8_1_1.csv,crp_dataset_8_1_6.csv,0.6368312,0.6325301204781173,0.749999999994643,105,61,35,55,0.026928710937500003,0.023042168674698795,0.0038865422628012077
4,crp_dataset_8_1_5.csv|crp_dataset_8_1_8.csv|crp_dataset_8_1_7.csv|crp_dataset_8_1_6.csv,crp_dataset_8_1_4.csv,0.7228457,0.9122807017463834,0.7938931297649322,104,10,27,115,0.023046875,0.0021381578947368422,0.02090871710526316
4,crp_dataset_8_1_5.csv|crp_dataset_8_1_8.csv|crp_dataset_8_1_7.csv|crp_dataset_8_1_6.csv,crp_dataset_8_1_3.csv,0.7228457,0.9469026548588769,0.6184971098230145,107,6,66,77,0.019604492187500003,0.001769911504424779,0.017834580683075224
4,crp_dataset_8_1_5.csv|crp_dataset_8_1_8.csv|crp_dataset_8_1_7.csv|crp_dataset_8_1_6.csv,crp_dataset_8_1_2.csv,0.7228457,0.827956989238409,0.6470588235239743,77,16,42,121,0.03945312499999999,0.004704301075268818,0.03474882392473117
4,crp_dataset_8_1_5.csv|crp_dataset_8_1_8.csv|crp_dataset_8_1_7.csv|crp_dataset_8_1_6.csv,crp_dataset_8_1_1.csv,0.7228457,0.9333333333177778,0.4444444444409171,56,4,70,126,0.0252685546875,0.0014583333333333332,0.023810221354166668
4,crp_dataset_8_1_5.csv|crp_dataset_8_1_8.csv|crp_dataset_8_1_1.csv|crp_dataset_8_1_6.csv,crp_dataset_8_1_4.csv,0.66905266,0.8124999999936524,0.7938931297649322,104,24,27,101,0.023046875,0.008642578125,0.014404296875000002
4,crp_dataset_8_1_5.csv|crp_dataset_8_1_8.csv|crp_dataset_8_1_1.csv|crp_dataset_8_1_6.csv,crp_dataset_8_1_3.csv,0.66905266,0.8976377952685225,0.6589595375684454,114,13,59,70,0.019604492187500003,0.004675196850393701,0.014929295337106302
4,crp_dataset_8_1_5.csv|crp_dataset_8_1_8.csv|crp_dataset_8_1_1.csv|crp_dataset_8_1_6.csv,crp_dataset_8_1_2.csv,0.66905266,0.7714285714212245,0.6806722689018431,81,24,38,113,0.03945312499999999,0.009821428571428571,0.02963169642857142
4,crp_dataset_8_1_5.csv|crp_dataset_8_1_8.csv|crp_dataset_8_1_1.csv|crp_dataset_8_1_6.csv,crp_dataset_8_1_7.csv,0.66905266,0.9012345678975259,0.9954545454500207,219,24,1,12,0.0095703125,0.005272633744855967,0.004297678755144033
4,crp_dataset_8_1_5.csv|crp_dataset_8_1_4.csv|crp_dataset_8_1_3.csv|crp_dataset_8_1_2.csv,crp_dataset_8_1_8.csv,0.6608795,0.7894736842001384,0.4347826086925016,60,16,78,102,0.0283203125,0.006414473684210526,0.021905838815789475
4,crp_dataset_8_1_5.csv|crp_dataset_8_1_4.csv|crp_dataset_8_1_3.csv|crp_dataset_8_1_2.csv,crp_dataset_8_1_7.csv,0.6608795,0.9361702127619738,0.9999999999954546,220,15,0,21,0.0095703125,0.002234042553191489,0.007336269946808511
4,crp_dataset_8_1_5.csv|crp_dataset_8_1_4.csv|crp_dataset_8_1_3.csv|crp_dataset_8_1_2.csv,crp_dataset_8_1_1.csv,0.6608795,0.9374999999853515,0.4761904761866969,60,4,66,126,0.0252685546875,0.00185546875,0.0234130859375
4,crp_dataset_8_1_5.csv|crp_dataset_8_1_4.csv|crp_dataset_8_1_3.csv|crp_dataset_8_1_2.csv,crp_dataset_8_1_6.csv,0.6608795,0.9156626505913775,0.5428571428532654,76,7,64,109,0.026928710937500003,0.00391566265060241,0.023013048286897594
4,crp_dataset_8_1_5.csv|crp_dataset_8_1_4.csv|crp_dataset_8_1_3.csv|crp_dataset_8_1_7.csv,crp_dataset_8_1_8.csv,0.67270154,0.7692307692209073,0.4347826086925016,60,18,78,100,0.0283203125,0.006891025641025639,0.021429286858974363
4,crp_dataset_8_1_5.csv|crp_dataset_8_1_4.csv|crp_dataset_8_1_3.csv|crp_dataset_8_1_7.csv,crp_dataset_8_1_2.csv,0.67270154,0.8351648351556575,0.6386554621795071,76,15,43,122,0.03945312499999999,0.004670329670329671,0.034782795329670324
4,crp_dataset_8_1_5.csv|crp_dataset_8_1_4.csv|crp_dataset_8_1_3.csv|crp_dataset_8_1_7.csv,crp_dataset_8_1_1.csv,0.67270154,0.8805970149122299,0.46825396825025195,59,8,67,122,0.0252685546875,0.0032649253731343282,0.022003629314365673
4,crp_dataset_8_1_5.csv|crp_dataset_8_1_4.csv|crp_dataset_8_1_3.csv|crp_dataset_8_1_7.csv,crp_dataset_8_1_6.csv,0.67270154,0.9382716049266879,0.5428571428532654,76,5,64,111,0.026928710937500003,0.0027777777777777783,0.024150933159722224
4,crp_dataset_8_1_5.csv|crp_dataset_8_1_4.csv|crp_dataset_8_1_3.csv|crp_dataset_8_1_1.csv,crp_dataset_8_1_8.csv,0.601702,0.7415730336995329,0.4782608695617518,66,23,72,95,0.0283203125,0.009831460674157303,0.018488851825842697
4,crp_dataset_8_1_5.csv|crp_dataset_8_1_4.csv|crp_dataset_8_1_3.csv|crp_dataset_8_1_1.csv,crp_dataset_8_1_2.csv,0.601702,0.7830188679171413,0.6974789915907774,83,23,36,114,0.03945312499999999,0.007665094339622642,0.03178803066037735
4,crp_dataset_8_1_5.csv|crp_dataset_8_1_4.csv|crp_dataset_8_1_3.csv|crp_dataset_8_1_1.csv,crp_dataset_8_1_7.csv,0.601702,0.9124999999961979,0.9954545454500207,219,21,1,15,0.0095703125,0.003984375,0.005585937500000001
4,crp_dataset_8_1_5.csv|crp_dataset_8_1_4.csv|crp_dataset_8_1_3.csv|crp_dataset_8_1_1.csv,crp_dataset_8_1_6.csv,0.601702,0.8532110091664843,0.6642857142809694,93,16,47,100,0.026928710937500003,0.0073967889908256885,0.019531921946674316
4,crp_dataset_8_1_5.csv|crp_dataset_8_1_4.csv|crp_dataset_8_1_3.csv|crp_dataset_8_1_6.csv,crp_dataset_8_1_8.csv,0.6855581,0.7746478873130331,0.39855072463479313,55,16,83,102,0.0283203125,0.005633802816901407,0.022686509683098592
4,crp_dataset_8_1_5.csv|crp_dataset_8_1_4.csv|crp_dataset_8_1_3.csv|crp_dataset_8_1_6.csv,crp_dataset_8_1_2.csv,0.6855581,0.8674698795076208,0.6050420168016383,72,11,47,126,0.03945312499999999,0.003463855421686747,0.03598926957831324
4,crp_dataset_8_1_5.csv|crp_dataset_8_1_4.csv|crp_dataset_8_1_3.csv|crp_dataset_8_1_6.csv,crp_dataset_8_1_7.csv,0.6855581,0.9559471365596655,0.9863636363591529,217,10,3,26,0.0095703125,0.0015969162995594715,0.00797339620044053
4,crp_dataset_8_1_5.csv|crp_dataset_8_1_4.csv|crp_dataset_8_1_3.csv|crp_dataset_8_1_6.csv,crp_dataset_8_1_1.csv,0.6855581,0.9076923076783432,0.46825396825025195,59,6,67,124,0.0252685546875,0.0020192307692307693,0.02324932391826923
4,crp_dataset_8_1_5.csv|crp_dataset_8_1_4.csv|crp_dataset_8_1_2.csv|crp_dataset_8_1_7.csv,crp_dataset_8_1_8.csv,0.66183025,0.7866666666561778,0.4275362318809599,59,16,79,102,0.0283203125,0.005999999999999999,0.0223203125
4,crp_dataset_8_1_5.csv|crp_dataset_8_1_4.csv|crp_dataset_8_1_2.csv|crp_dataset_8_1_7.csv,crp_dataset_8_1_3.csv,0.66183025,0.9572649572567755,0.6473988439268937,112,5,61,78,0.019604492187500003,0.0008012820512820514,0.01880321013621795
4,crp_dataset_8_1_5.csv|crp_dataset_8_1_4.csv|crp_dataset_8_1_2.csv|crp_dataset_8_1_7.csv,crp_dataset_8_1_1.csv,0.66183025,0.9047619047475435,0.45238095237736203,57,6,69,124,0.0252685546875,0.002380952380952381,0.02288760230654762
4,crp_dataset_8_1_5.csv|crp_dataset_8_1_4.csv|crp_dataset_8_1_2.csv|crp_dataset_8_1_7.csv,crp_dataset_8_1_6.csv,0.66183025,0.9277108433623167,0.5499999999960715,77,6,63,110,0.026928710937500003,0.0024096385542168677,0.024519072383283134
4,crp_dataset_8_1_5.csv|crp_dataset_8_1_4.csv|crp_dataset_8_1_2.csv|crp_dataset_8_1_1.csv,crp_dataset_8_1_8.csv,0.71741664,0.7529411764617301,0.4637681159386684,64,21,74,97,0.0283203125,0.008235294117647058,0.020085018382352944
4,crp_dataset_8_1_5.csv|crp_dataset_8_1_4.csv|crp_dataset_8_1_2.csv|crp_dataset_8_1_1.csv,crp_dataset_8_1_3.csv,0.71741664,0.9344262295005374,0.6589595375684454,114,8,59,75,0.019604492187500003,0.002305327868852459,0.017299164318647545
4,crp_dataset_8_1_5.csv|crp_dataset_8_1_4.csv|crp_dataset_8_1_2.csv|crp_dataset_8_1_1.csv,crp_dataset_8_1_7.csv,0.71741664,0.9128630705356313,0.9999999999954546,220,21,0,15,0.0095703125,0.0043049792531120335,0.005265333246887967
4,crp_dataset_8_1_5.csv|crp_dataset_8_1_4.csv|crp_dataset_8_1_2.csv|crp_dataset_8_1_1.csv,crp_dataset_8_1_6.csv,0.71741664,0.8305084745692329,0.6999999999950001,98,20,42,96,0.026928710937500003,0.007574152542372882,0.01935455839512712
4,crp_dataset_8_1_5.csv|crp_dataset_8_1_4.csv|crp_dataset_8_1_2.csv|crp_dataset_8_1_6.csv,crp_dataset_8_1_8.csv,0.62417257,0.771428571417551,0.39130434782325146,54,16,84,102,0.0283203125,0.007142857142857142,0.021177455357142858
4,crp_dataset_8_1_5.csv|crp_dataset_8_1_4.csv|crp_dataset_8_1_2.csv|crp_dataset_8_1_6.csv,crp_dataset_8_1_3.csv,0.62417257,0.9487179487098399,0.6416184971061178,111,6,62,77,0.019604492187500003,0.0011752136752136752,0.01842927851228633
4,crp_dataset_8_1_5.csv|crp_dataset_8_1_4.csv|crp_dataset_8_1_2.csv|crp_dataset_8_1_6.csv,crp_dataset_8_1_7.csv,0.62417257,0.9549549549506534,0.9636363636319836,212,10,8,26,0.0095703125,0.0015202702702702704,0.00805004222972973
4,crp_dataset_8_1_5.csv|crp_dataset_8_1_4.csv|crp_dataset_8_1_2.csv|crp_dataset_8_1_6.csv,crp_dataset_8_1_1.csv,0.62417257,0.9523809523658353,0.4761904761866969,60,3,66,127,0.0252685546875,0.001388888888888889,0.023879665798611113
4,crp_dataset_8_1_5.csv|crp_dataset_8_1_4.csv|crp_dataset_8_1_7.csv|crp_dataset_8_1_1.csv,crp_dataset_8_1_8.csv,0.70845425,0.7922077921975038,0.4420289855040433,61,16,77,102,0.0283203125,0.005357142857142856,0.022963169642857145
4,crp_dataset_8_1_5.csv|crp_dataset_8_1_4.csv|crp_dataset_8_1_7.csv|crp_dataset_8_1_1.csv,crp_dataset_8_1_3.csv,0.70845425,0.9411764705803263,0.6473988439268937,112,7,61,76,0.019604492187500003,0.0019432773109243698,0.017661214876575633
4,crp_dataset_8_1_5.csv|crp_dataset_8_1_4.csv|crp_dataset_8_1_7.csv|crp_dataset_8_1_1.csv,crp_dataset_8_1_2.csv,0.70845425,0.8181818181735537,0.6806722689018431,81,18,38,119,0.03945312499999999,0.0047979797979797985,0.03465514520202019
4,crp_dataset_8_1_5.csv|crp_dataset_8_1_4.csv|crp_dataset_8_1_7.csv|crp_dataset_8_1_1.csv,crp_dataset_8_1_6.csv,0.70845425,0.9879518072170126,0.5857142857101021,82,1,58,115,0.026928710937500003,0.00030120481927710846,0.026627506118222895
4,crp_dataset_8_1_5.csv|crp_dataset_8_1_4.csv|crp_dataset_8_1_7.csv|crp_dataset_8_1_6.csv,crp_dataset_8_1_8.csv,0.6946701,0.7564102564005588,0.4275362318809599,59,19,79,99,0.0283203125,0.007371794871794872,0.020948517628205127
4,crp_dataset_8_1_5.csv|crp_dataset_8_1_4.csv|crp_dataset_8_1_7.csv|crp_dataset_8_1_6.csv,crp_dataset_8_1_3.csv,0.6946701,0.9401709401629045,0.635838150285342,110,7,63,76,0.019604492187500003,0.001762820512820513,0.01784167167467949
4,crp_dataset_8_1_5.csv|crp_dataset_8_1_4.csv|crp_dataset_8_1_7.csv|crp_dataset_8_1_6.csv,crp_dataset_8_1_2.csv,0.6946701,0.8172043010664817,0.6386554621795071,76,17,43,120,0.03945312499999999,0.00510752688172043,0.03434559811827956
4,crp_dataset_8_1_5.csv|crp_dataset_8_1_4.csv|crp_dataset_8_1_7.csv|crp_dataset_8_1_6.csv,crp_dataset_8_1_1.csv,0.6946701,0.9180327868701962,0.4444444444409171,56,5,70,125,0.0252685546875,0.0020491803278688526,0.02321937435963115
4,crp_dataset_8_1_5.csv|crp_dataset_8_1_4.csv|crp_dataset_8_1_1.csv|crp_dataset_8_1_6.csv,crp_dataset_8_1_8.csv,0.7527235,0.8115942028867884,0.40579710144633485,56,13,82,105,0.0283203125,0.004710144927536231,0.02361016757246377
4,crp_dataset_8_1_5.csv|crp_dataset_8_1_4.csv|crp_dataset_8_1_1.csv|crp_dataset_8_1_6.csv,crp_dataset_8_1_3.csv,0.7527235,0.9374999999916295,0.6069364161814629,105,7,68,76,0.019604492187500003,0.0022879464285714282,0.017316545758928575
4,crp_dataset_8_1_5.csv|crp_dataset_8_1_4.csv|crp_dataset_8_1_1.csv|crp_dataset_8_1_6.csv,crp_dataset_8_1_2.csv,0.7527235,0.8421052631490304,0.6722689075573759,80,15,39,122,0.03945312499999999,0.004013157894736842,0.03543996710526315
4,crp_dataset_8_1_5.csv|crp_dataset_8_1_4.csv|crp_dataset_8_1_1.csv|crp_dataset_8_1_6.csv,crp_dataset_8_1_7.csv,0.7527235,0.9515418502160725,0.981818181813719,216,11,4,25,0.0095703125,0.0014592511013215858,0.008111061398678414
4,crp_dataset_8_1_5.csv|crp_dataset_8_1_3.csv|crp_dataset_8_1_2.csv|crp_dataset_8_1_7.csv,crp_dataset_8_1_8.csv,0.6313316,0.8285714285595918,0.42028985506941824,58,12,80,106,0.0283203125,0.004642857142857142,0.023677455357142857
4,crp_dataset_8_1_5.csv|crp_dataset_8_1_3.csv|crp_dataset_8_1_2.csv|crp_dataset_8_1_7.csv,crp_dataset_8_1_4.csv,0.6313316,0.934579439243602,0.7633587786201271,100,7,31,118,0.023046875,0.0016355140186915889,0.021411360981308414
4,crp_dataset_8_1_5.csv|crp_dataset_8_1_3.csv|crp_dataset_8_1_2.csv|crp_dataset_8_1_7.csv,crp_dataset_8_1_1.csv,0.6313316,0.949152542356794,0.4444444444409171,56,3,70,127,0.0252685546875,0.001059322033898305,0.024209232653601694
4,crp_dataset_8_1_5.csv|crp_dataset_8_1_3.csv|crp_dataset_8_1_2.csv|crp_dataset_8_1_7.csv,crp_dataset_8_1_6.csv,0.6313316,0.9310344827479191,0.5785714285672959,81,6,59,110,0.026928710937500003,0.0031609195402298854,0.023767791397270116
4,crp_dataset_8_1_5.csv|crp_dataset_8_1_3.csv|crp_dataset_8_1_2.csv|crp_dataset_8_1_1.csv,crp_dataset_8_1_8.csv,0.6175187,0.7473684210447645,0.5144927536194602,71,24,67,94,0.0283203125,0.007894736842105263,0.020425575657894737
4,crp_dataset_8_1_5.csv|crp_dataset_8_1_3.csv|crp_dataset_8_1_2.csv|crp_dataset_8_1_1.csv,crp_dataset_8_1_4.csv,0.6175187,0.757142857137449,0.8091603053373347,106,34,25,91,0.023046875,0.012321428571428572,0.01072544642857143
4,crp_dataset_8_1_5.csv|crp_dataset_8_1_3.csv|crp_dataset_8_1_2.csv|crp_dataset_8_1_1.csv,crp_dataset_8_1_7.csv,0.6175187,0.8870967741899715,0.9999999999954546,220,28,0,8,0.0095703125,0.006955645161290323,0.0026146673387096777
4,crp_dataset_8_1_5.csv|crp_dataset_8_1_3.csv|crp_dataset_8_1_2.csv|crp_dataset_8_1_1.csv,crp_dataset_8_1_6.csv,0.6175187,0.6098901098867588,0.7928571428514797,111,71,29,45,0.026928710937500003,0.024416208791208788,0.002512502146291215
4,crp_dataset_8_1_5.csv|crp_dataset_8_1_3.csv|crp_dataset_8_1_2.csv|crp_dataset_8_1_6.csv,crp_dataset_8_1_8.csv,0.71065956,0.759493670876462,0.4347826086925016,60,19,78,99,0.0283203125,0.008069620253164555,0.020250692246835445
4,crp_dataset_8_1_5.csv|crp_dataset_8_1_3.csv|crp_dataset_8_1_2.csv|crp_dataset_8_1_6.csv,crp_dataset_8_1_4.csv,0.71065956,0.9243697478913918,0.8396946564821398,110,9,21,116,0.023046875,0.0017331932773109245,0.021313681722689076
4,crp_dataset_8_1_5.csv|crp_dataset_8_1_3.csv|crp_dataset_8_1_2.csv|crp_dataset_8_1_6.csv,crp_dataset_8_1_7.csv,0.71065956,0.9276595744641377,0.9909090909045868,218,17,2,19,0.0095703125,0.0033510638297872346,0.006219248670212766
4,crp_dataset_8_1_5.csv|crp_dataset_8_1_3.csv|crp_dataset_8_1_2.csv|crp_dataset_8_1_6.csv,crp_dataset_8_1_1.csv,0.71065956,0.8714285714161224,0.4841269841231418,61,9,65,121,0.0252685546875,0.0034821428571428573,0.021786411830357143
4,crp_dataset_8_1_5.csv|crp_dataset_8_1_3.csv|crp_dataset_8_1_7.csv|crp_dataset_8_1_1.csv,crp_dataset_8_1_8.csv,0.61561143,0.7926829268196014,0.47101449275021007,65,17,73,101,0.0283203125,0.005640243902439024,0.022680068597560978
4,crp_dataset_8_1_5.csv|crp_dataset_8_1_3.csv|crp_dataset_8_1_7.csv|crp_dataset_8_1_1.csv,crp_dataset_8_1_4.csv,0.61561143,0.9017857142776626,0.7709923664063284,101,11,30,114,0.023046875,0.005022321428571429,0.018024553571428573
4,crp_dataset_8_1_5.csv|crp_dataset_8_1_3.csv|crp_dataset_8_1_7.csv|crp_dataset_8_1_1.csv,crp_dataset_8_1_2.csv,0.61561143,0.7821782178140378,0.6638655462129087,79,22,40,115,0.03945312499999999,0.008230198019801979,0.03122292698019801
4,crp_dataset_8_1_5.csv|crp_dataset_8_1_3.csv|crp_dataset_8_1_7.csv|crp_dataset_8_1_1.csv,crp_dataset_8_1_6.csv,0.61561143,0.8253968253902746,0.7428571428518368,104,22,36,94,0.026928710937500003,0.009771825396825397,0.017156885540674606
4,crp_dataset_8_1_5.csv|crp_dataset_8_1_3.csv|crp_dataset_8_1_7.csv|crp_dataset_8_1_6.csv,crp_dataset_8_1_8.csv,0.65390223,0.783783783773192,0.42028985506941824,58,16,80,102,0.0283203125,0.005405405405405405,0.022914907094594594
4,crp_dataset_8_1_5.csv|crp_dataset_8_1_3.csv|crp_dataset_8_1_7.csv|crp_dataset_8_1_6.csv,crp_dataset_8_1_4.csv,0.65390223,0.9059829059751625,0.8091603053373347,106,11,25,114,0.023046875,0.003365384615384615,0.019681490384615388
4,crp_dataset_8_1_5.csv|crp_dataset_8_1_3.csv|crp_dataset_8_1_7.csv|crp_dataset_8_1_6.csv,crp_dataset_8_1_2.csv,0.65390223,0.8369565217300331,0.6470588235239743,77,15,42,122,0.03945312499999999,0.004008152173913044,0.03544497282608695
4,crp_dataset_8_1_5.csv|crp_dataset_8_1_3.csv|crp_dataset_8_1_7.csv|crp_dataset_8_1_6.csv,crp_dataset_8_1_1.csv,0.65390223,0.9344262294928783,0.45238095237736203,57,4,69,126,0.0252685546875,0.0014344262295081967,0.023834128457991804
4,crp_dataset_8_1_5.csv|crp_dataset_8_1_3.csv|crp_dataset_8_1_1.csv|crp_dataset_8_1_6.csv,crp_dataset_8_1_8.csv,0.6679278,0.7974683544202852,0.4565217391271267,63,16,75,102,0.0283203125,0.006170886075949366,0.022149426424050635
4,crp_dataset_8_1_5.csv|crp_dataset_8_1_3.csv|crp_dataset_8_1_1.csv|crp_dataset_8_1_6.csv,crp_dataset_8_1_4.csv,0.6679278,0.8790322580574271,0.8320610686959385,109,15,22,110,0.023046875,0.005594758064516129,0.017452116935483875
4,crp_dataset_8_1_5.csv|crp_dataset_8_1_3.csv|crp_dataset_8_1_1.csv|crp_dataset_8_1_6.csv,crp_dataset_8_1_2.csv,0.6679278,0.8229166666580946,0.6638655462129087,79,17,40,120,0.03945312499999999,0.005208333333333333,0.034244791666666656
4,crp_dataset_8_1_5.csv|crp_dataset_8_1_3.csv|crp_dataset_8_1_1.csv|crp_dataset_8_1_6.csv,crp_dataset_8_1_7.csv,0.6679278,0.9090909090871525,0.9999999999954546,220,22,0,14,0.0095703125,0.0049845041322314045,0.004585808367768596
4,crp_dataset_8_1_5.csv|crp_dataset_8_1_2.csv|crp_dataset_8_1_7.csv|crp_dataset_8_1_1.csv,crp_dataset_8_1_8.csv,0.688333,0.783783783773192,0.42028985506941824,58,16,80,102,0.0283203125,0.005405405405405405,0.022914907094594594
4,crp_dataset_8_1_5.csv|crp_dataset_8_1_2.csv|crp_dataset_8_1_7.csv|crp_dataset_8_1_1.csv,crp_dataset_8_1_4.csv,0.688333,0.9259259259173525,0.7633587786201271,100,8,31,117,0.023046875,0.0025462962962962965,0.020500578703703705
4,crp_dataset_8_1_5.csv|crp_dataset_8_1_2.csv|crp_dataset_8_1_7.csv|crp_dataset_8_1_1.csv,crp_dataset_8_1_3.csv,0.688333,0.9322033898226084,0.635838150285342,110,8,63,75,0.019604492187500003,0.002701271186440678,0.016903221001059326
4,crp_dataset_8_1_5.csv|crp_dataset_8_1_2.csv|crp_dataset_8_1_7.csv|crp_dataset_8_1_1.csv,crp_dataset_8_1_6.csv,0.688333,0.9142857142770068,0.6857142857093879,96,9,44,107,0.026928710937500003,0.004464285714285714,0.02246442522321429
4,crp_dataset_8_1_5.csv|crp_dataset_8_1_2.csv|crp_dataset_8_1_7.csv|crp_dataset_8_1_6.csv,crp_dataset_8_1_8.csv,0.608956,0.759493670876462,0.4347826086925016,60,19,78,99,0.0283203125,0.006566455696202531,0.021753856803797468
4,crp_dataset_8_1_5.csv|crp_dataset_8_1_2.csv|crp_dataset_8_1_7.csv|crp_dataset_8_1_6.csv,crp_dataset_8_1_4.csv,0.608956,0.8991596638579902,0.816793893123536,107,12,24,113,0.023046875,0.002836134453781513,0.02021074054621849
4,crp_dataset_8_1_5.csv|crp_dataset_8_1_2.csv|crp_dataset_8_1_7.csv|crp_dataset_8_1_6.csv,crp_dataset_8_1_3.csv,0.608956,0.9333333333255556,0.6473988439268937,112,8,61,75,0.019604492187500003,0.0022395833333333334,0.01736490885416667
4,crp_dataset_8_1_5.csv|crp_dataset_8_1_2.csv|crp_dataset_8_1_7.csv|crp_dataset_8_1_6.csv,crp_dataset_8_1_1.csv,0.608956,0.8823529411634947,0.4761904761866969,60,8,66,122,0.0252685546875,0.0033088235294117642,0.021959731158088237
4,crp_dataset_8_1_5.csv|crp_dataset_8_1_2.csv|crp_dataset_8_1_1.csv|crp_dataset_8_1_6.csv,crp_dataset_8_1_8.csv,0.619066,0.7032967032889748,0.4637681159386684,64,27,74,91,0.0283203125,0.012774725274725276,0.015545587225274724
4,crp_dataset_8_1_5.csv|crp_dataset_8_1_2.csv|crp_dataset_8_1_1.csv|crp_dataset_8_1_6.csv,crp_dataset_8_1_4.csv,0.619066,0.8333333333270203,0.8396946564821398,110,22,21,103,0.023046875,0.007623106060606061,0.01542376893939394
4,crp_dataset_8_1_5.csv|crp_dataset_8_1_2.csv|crp_dataset_8_1_1.csv|crp_dataset_8_1_6.csv,crp_dataset_8_1_3.csv,0.619066,0.8897058823463992,0.6994219653138762,121,15,52,68,0.019604492187500003,0.005330882352941177,0.014273609834558826
4,crp_dataset_8_1_5.csv|crp_dataset_8_1_2.csv|crp_dataset_8_1_1.csv|crp_dataset_8_1_6.csv,crp_dataset_8_1_7.csv,0.619066,0.8870967741899715,0.9999999999954546,220,28,0,8,0.0095703125,0.006980846774193549,0.0025894657258064514
4,crp_dataset_8_1_5.csv|crp_dataset_8_1_7.csv|crp_dataset_8_1_1.csv|crp_dataset_8_1_6.csv,crp_dataset_8_1_8.csv,0.6979681,0.8108108107998538,0.4347826086925016,60,14,78,104,0.0283203125,0.00616554054054054,0.02215477195945946
4,crp_dataset_8_1_5.csv|crp_dataset_8_1_7.csv|crp_dataset_8_1_1.csv|crp_dataset_8_1_6.csv,crp_dataset_8_1_4.csv,0.6979681,0.9357798165051763,0.7786259541925297,102,7,29,118,0.023046875,0.0016055045871559634,0.021441370412844038
4,crp_dataset_8_1_5.csv|crp_dataset_8_1_7.csv|crp_dataset_8_1_1.csv|crp_dataset_8_1_6.csv,crp_dataset_8_1_3.csv,0.6979681,0.9217391304267675,0.6127167630022387,106,9,67,74,0.019604492187500003,0.003369565217391304,0.0162349269701087
4,crp_dataset_8_1_5.csv|crp_dataset_8_1_7.csv|crp_dataset_8_1_1.csv|crp_dataset_8_1_6.csv,crp_dataset_8_1_2.csv,0.6979681,0.8333333333246528,0.6722689075573759,80,16,39,121,0.03945312499999999,0.004557291666666667,0.03489583333333333
4,crp_dataset_8_1_8.csv|crp_dataset_8_1_4.csv|crp_dataset_8_1_3.csv|crp_dataset_8_1_2.csv,crp_dataset_8_1_5.csv,0.6348769,0.827956989238409,0.7699999999923,77,16,23,140,0.039282226562499994,0.004771505376344086,0.03451072118615591
4,crp_dataset_8_1_8.csv|crp_dataset_8_1_4.csv|crp_dataset_8_1_3.csv|crp_dataset_8_1_2.csv,crp_dataset_8_1_7.csv,0.6348769,0.9557522123851516,0.981818181813719,216,10,4,26,0.0095703125,0.0014103982300884956,0.008159914269911505
4,crp_dataset_8_1_8.csv|crp_dataset_8_1_4.csv|crp_dataset_8_1_3.csv|crp_dataset_8_1_2.csv,crp_dataset_8_1_1.csv,0.6348769,0.8923076922939644,0.460317460313807,58,7,68,123,0.0252685546875,0.002692307692307692,0.022576246995192308
4,crp_dataset_8_1_8.csv|crp_dataset_8_1_4.csv|crp_dataset_8_1_3.csv|crp_dataset_8_1_2.csv,crp_dataset_8_1_6.csv,0.6348769,0.9382716049266879,0.5428571428532654,76,5,64,111,0.026928710937500003,0.0025462962962962965,0.024382414641203706
4,crp_dataset_8_1_8.csv|crp_dataset_8_1_4.csv|crp_dataset_8_1_3.csv|crp_dataset_8_1_7.csv,crp_dataset_8_1_5.csv,0.825647,0.8658536585260261,0.7099999999929,71,11,29,145,0.039282226562499994,0.003734756097560975,0.03554747046493902
4,crp_dataset_8_1_8.csv|crp_dataset_8_1_4.csv|crp_dataset_8_1_3.csv|crp_dataset_8_1_7.csv,crp_dataset_8_1_2.csv,0.825647,0.8260869565127599,0.6386554621795071,76,16,43,121,0.03945312499999999,0.004551630434782609,0.034901494565217385
4,crp_dataset_8_1_8.csv|crp_dataset_8_1_4.csv|crp_dataset_8_1_3.csv|crp_dataset_8_1_7.csv,crp_dataset_8_1_1.csv,0.825647,0.9473684210360112,0.4285714285680272,54,3,72,127,0.0252685546875,0.001206140350877193,0.024062414336622807
4,crp_dataset_8_1_8.csv|crp_dataset_8_1_4.csv|crp_dataset_8_1_3.csv|crp_dataset_8_1_7.csv,crp_dataset_8_1_6.csv,0.825647,0.9999999999850746,0.4785714285680102,67,0,73,116,0.026928710937500003,9.328358208955224e-05,0.02683542735541045
4,crp_dataset_8_1_8.csv|crp_dataset_8_1_4.csv|crp_dataset_8_1_3.csv|crp_dataset_8_1_1.csv,crp_dataset_8_1_5.csv,0.67940986,0.8085106382892712,0.7599999999924,76,18,24,138,0.039282226562499994,0.005585106382978724,0.03369712017952127
4,crp_dataset_8_1_8.csv|crp_dataset_8_1_4.csv|crp_dataset_8_1_3.csv|crp_dataset_8_1_1.csv,crp_dataset_8_1_2.csv,0.67940986,0.7821782178140378,0.6638655462129087,79,22,40,115,0.03945312499999999,0.00693069306930693,0.03252243193069306
4,crp_dataset_8_1_8.csv|crp_dataset_8_1_4.csv|crp_dataset_8_1_3.csv|crp_dataset_8_1_1.csv,crp_dataset_8_1_7.csv,0.67940986,0.9310344827546077,0.981818181813719,216,16,4,20,0.0095703125,0.0032866379310344833,0.0062836745689655174
4,crp_dataset_8_1_8.csv|crp_dataset_8_1_4.csv|crp_dataset_8_1_3.csv|crp_dataset_8_1_1.csv,crp_dataset_8_1_6.csv,0.67940986,0.9318181818075929,0.5857142857101021,82,6,58,110,0.026928710937500003,0.0032670454545454543,0.02366166548295455
4,crp_dataset_8_1_8.csv|crp_dataset_8_1_4.csv|crp_dataset_8_1_3.csv|crp_dataset_8_1_6.csv,crp_dataset_8_1_5.csv,0.60953677,0.7731958762806886,0.7499999999925,75,22,25,134,0.039282226562499994,0.007152061855670103,0.03213016470682989
4,crp_dataset_8_1_8.csv|crp_dataset_8_1_4.csv|crp_dataset_8_1_3.csv|crp_dataset_8_1_6.csv,crp_dataset_8_1_2.csv,0.60953677,0.8333333333246528,0.6722689075573759,80,16,39,121,0.03945312499999999,0.0044921875000000005,0.03496093749999999
4,crp_dataset_8_1_8.csv|crp_dataset_8_1_4.csv|crp_dataset_8_1_3.csv|crp_dataset_8_1_6.csv,crp_dataset_8_1_7.csv,0.60953677,0.9310344827546077,0.981818181813719,216,16,4,20,0.0095703125,0.003232758620689655,0.006337553879310346
4,crp_dataset_8_1_8.csv|crp_dataset_8_1_4.csv|crp_dataset_8_1_3.csv|crp_dataset_8_1_6.csv,crp_dataset_8_1_1.csv,0.60953677,0.8823529411634947,0.4761904761866969,60,8,66,122,0.0252685546875,0.0029411764705882353,0.022327378216911765
4,crp_dataset_8_1_8.csv|crp_dataset_8_1_4.csv|crp_dataset_8_1_2.csv|crp_dataset_8_1_7.csv,crp_dataset_8_1_5.csv,0.6497641,0.8999999999871429,0.6299999999936999,63,7,37,149,0.039282226562499994,0.0030357142857142857,0.03624651227678571
4,crp_dataset_8_1_8.csv|crp_dataset_8_1_4.csv|crp_dataset_8_1_2.csv|crp_dataset_8_1_7.csv,crp_dataset_8_1_3.csv,0.6497641,0.9716981131983802,0.5953757225399111,103,3,70,80,0.019604492187500003,0.0005896226415094339,0.01901486954599057
4,crp_dataset_8_1_8.csv|crp_dataset_8_1_4.csv|crp_dataset_8_1_2.csv|crp_dataset_8_1_7.csv,crp_dataset_8_1_1.csv,0.6497641,0.9814814814633059,0.42063492063158225,53,1,73,129,0.0252685546875,0.000462962962962963,0.024805591724537036
4,crp_dataset_8_1_8.csv|crp_dataset_8_1_4.csv|crp_dataset_8_1_2.csv|crp_dataset_8_1_7.csv,crp_dataset_8_1_6.csv,0.6497641,0.985074626850969,0.4714285714252041,66,1,74,115,0.026928710937500003,0.00037313432835820896,0.026555576609141793
4,crp_dataset_8_1_8.csv|crp_dataset_8_1_4.csv|crp_dataset_8_1_2.csv|crp_dataset_8_1_1.csv,crp_dataset_8_1_5.csv,0.6369518,0.7999999999915789,0.7599999999924,76,19,24,137,0.039282226562499994,0.0059210526315789476,0.03336117393092105
4,crp_dataset_8_1_8.csv|crp_dataset_8_1_4.csv|crp_dataset_8_1_2.csv|crp_dataset_8_1_1.csv,crp_dataset_8_1_3.csv,0.6369518,0.940677966093723,0.6416184971061178,111,7,62,76,0.019604492187500003,0.0023834745762711866,0.017221017611228816
4,crp_dataset_8_1_8.csv|crp_dataset_8_1_4.csv|crp_dataset_8_1_2.csv|crp_dataset_8_1_1.csv,crp_dataset_8_1_7.csv,0.6369518,0.9350649350608872,0.981818181813719,216,15,4,21,0.0095703125,0.0027597402597402594,0.006810572240259742
4,crp_dataset_8_1_8.csv|crp_dataset_8_1_4.csv|crp_dataset_8_1_2.csv|crp_dataset_8_1_1.csv,crp_dataset_8_1_6.csv,0.6369518,0.9444444444339506,0.6071428571385205,85,5,55,111,0.026928710937500003,0.002013888888888889,0.024914822048611115
4,crp_dataset_8_1_8.csv|crp_dataset_8_1_4.csv|crp_dataset_8_1_2.csv|crp_dataset_8_1_6.csv,crp_dataset_8_1_5.csv,0.7324365,0.8607594936599904,0.6799999999931999,68,11,32,145,0.039282226562499994,0.003955696202531647,0.03532653035996835
4,crp_dataset_8_1_8.csv|crp_dataset_8_1_4.csv|crp_dataset_8_1_2.csv|crp_dataset_8_1_6.csv,crp_dataset_8_1_3.csv,0.7324365,0.9636363636276033,0.6127167630022387,106,4,67,79,0.019604492187500003,0.0007386363636363636,0.018865855823863638
4,crp_dataset_8_1_8.csv|crp_dataset_8_1_4.csv|crp_dataset_8_1_2.csv|crp_dataset_8_1_6.csv,crp_dataset_8_1_7.csv,0.7324365,0.9695431472032003,0.868181818177872,191,6,29,30,0.0095703125,0.0010786802030456853,0.008491632296954316
4,crp_dataset_8_1_8.csv|crp_dataset_8_1_4.csv|crp_dataset_8_1_2.csv|crp_dataset_8_1_6.csv,crp_dataset_8_1_1.csv,0.7324365,0.912280701738381,0.4126984126951373,52,5,74,125,0.0252685546875,0.0028508771929824563,0.022417677494517542
4,crp_dataset_8_1_8.csv|crp_dataset_8_1_4.csv|crp_dataset_8_1_7.csv|crp_dataset_8_1_1.csv,crp_dataset_8_1_5.csv,0.708566,0.8260869565127599,0.7599999999924,76,16,24,140,0.039282226562499994,0.0048913043478260865,0.03439092221467391
4,crp_dataset_8_1_8.csv|crp_dataset_8_1_4.csv|crp_dataset_8_1_7.csv|crp_dataset_8_1_1.csv,crp_dataset_8_1_3.csv,0.708566,0.9322033898226084,0.635838150285342,110,8,63,75,0.019604492187500003,0.0021716101694915254,0.017432882018008477
4,crp_dataset_8_1_8.csv|crp_dataset_8_1_4.csv|crp_dataset_8_1_7.csv|crp_dataset_8_1_1.csv,crp_dataset_8_1_2.csv,0.708566,0.799999999992,0.6722689075573759,80,20,39,117,0.03945312499999999,0.007124999999999999,0.03232812499999999
4,crp_dataset_8_1_8.csv|crp_dataset_8_1_4.csv|crp_dataset_8_1_7.csv|crp_dataset_8_1_1.csv,crp_dataset_8_1_6.csv,0.708566,0.9418604651053272,0.5785714285672959,81,5,59,111,0.026928710937500003,0.002398255813953488,0.024530455123546513
4,crp_dataset_8_1_8.csv|crp_dataset_8_1_4.csv|crp_dataset_8_1_7.csv|crp_dataset_8_1_6.csv,crp_dataset_8_1_5.csv,0.6134043,0.8064516128945542,0.7499999999925,75,18,25,138,0.039282226562499994,0.005577956989247312,0.03370426957325268
4,crp_dataset_8_1_8.csv|crp_dataset_8_1_4.csv|crp_dataset_8_1_7.csv|crp_dataset_8_1_6.csv,crp_dataset_8_1_3.csv,0.6134043,0.932773109235859,0.6416184971061178,111,8,62,75,0.019604492187500003,0.0025210084033613443,0.01708348378413866
4,crp_dataset_8_1_8.csv|crp_dataset_8_1_4.csv|crp_dataset_8_1_7.csv|crp_dataset_8_1_6.csv,crp_dataset_8_1_2.csv,0.6134043,0.7884615384539571,0.6890756302463102,82,22,37,115,0.03945312499999999,0.007992788461538463,0.03146033653846153
4,crp_dataset_8_1_8.csv|crp_dataset_8_1_4.csv|crp_dataset_8_1_7.csv|crp_dataset_8_1_6.csv,crp_dataset_8_1_1.csv,0.6134043,0.8955223880463354,0.4761904761866969,60,7,66,123,0.0252685546875,0.002798507462686567,0.02247004722481343
4,crp_dataset_8_1_8.csv|crp_dataset_8_1_4.csv|crp_dataset_8_1_1.csv|crp_dataset_8_1_6.csv,crp_dataset_8_1_5.csv,0.60393316,0.772277227715126,0.7799999999921999,78,23,22,133,0.039282226562499994,0.00754950495049505,0.031732721612004945
4,crp_dataset_8_1_8.csv|crp_dataset_8_1_4.csv|crp_dataset_8_1_1.csv|crp_dataset_8_1_6.csv,crp_dataset_8_1_3.csv,0.60393316,0.9105691056836539,0.6473988439268937,112,11,61,72,0.019604492187500003,0.004014227642276423,0.015590264545223581
4,crp_dataset_8_1_8.csv|crp_dataset_8_1_4.csv|crp_dataset_8_1_1.csv|crp_dataset_8_1_6.csv,crp_dataset_8_1_2.csv,0.60393316,0.7809523809449432,0.6890756302463102,82,23,37,114,0.03945312499999999,0.008214285714285714,0.031238839285714276
4,crp_dataset_8_1_8.csv|crp_dataset_8_1_4.csv|crp_dataset_8_1_1.csv|crp_dataset_8_1_6.csv,crp_dataset_8_1_7.csv,0.60393316,0.9205020920463578,0.9999999999954546,220,19,0,17,0.0095703125,0.0037133891213389125,0.005856923378661089
4,crp_dataset_8_1_8.csv|crp_dataset_8_1_3.csv|crp_dataset_8_1_2.csv|crp_dataset_8_1_7.csv,crp_dataset_8_1_5.csv,0.6234757,0.9199999999877333,0.6899999999931,69,6,31,150,0.039282226562499994,0.0021666666666666666,0.03711555989583333
4,crp_dataset_8_1_8.csv|crp_dataset_8_1_3.csv|crp_dataset_8_1_2.csv|crp_dataset_8_1_7.csv,crp_dataset_8_1_4.csv,0.6234757,0.9217391304267675,0.8091603053373347,106,9,25,116,0.023046875,0.0029347826086956524,0.020112092391304348
4,crp_dataset_8_1_8.csv|crp_dataset_8_1_3.csv|crp_dataset_8_1_2.csv|crp_dataset_8_1_7.csv,crp_dataset_8_1_1.csv,0.6234757,0.9384615384471006,0.4841269841231418,61,4,65,126,0.0252685546875,0.00125,0.0240185546875
4,crp_dataset_8_1_8.csv|crp_dataset_8_1_3.csv|crp_dataset_8_1_2.csv|crp_dataset_8_1_7.csv,crp_dataset_8_1_6.csv,0.6234757,0.881720430098046,0.5857142857101021,82,11,58,105,0.026928710937500003,0.004973118279569893,0.02195559265793011
4,crp_dataset_8_1_8.csv|crp_dataset_8_1_3.csv|crp_dataset_8_1_2.csv|crp_dataset_8_1_1.csv,crp_dataset_8_1_5.csv,0.60073143,0.8191489361614984,0.7699999999923,77,17,23,139,0.039282226562499994,0.005186170212765958,0.03409605634973403
4,crp_dataset_8_1_8.csv|crp_dataset_8_1_3.csv|crp_dataset_8_1_2.csv|crp_dataset_8_1_1.csv,crp_dataset_8_1_4.csv,0.60073143,0.844262295075047,0.7862595419787309,103,19,28,106,0.023046875,0.006454918032786885,0.016591956967213117
4,crp_dataset_8_1_8.csv|crp_dataset_8_1_3.csv|crp_dataset_8_1_2.csv|crp_dataset_8_1_1.csv,crp_dataset_8_1_7.csv,0.60073143,0.9090909090871525,0.9999999999954546,220,22,0,14,0.0095703125,0.004958677685950413,0.004611634814049588
4,crp_dataset_8_1_8.csv|crp_dataset_8_1_3.csv|crp_dataset_8_1_2.csv|crp_dataset_8_1_1.csv,crp_dataset_8_1_6.csv,0.60073143,0.7839999999937279,0.6999999999950001,98,27,42,89,0.026928710937500003,0.01215,0.014778710937500003
4,crp_dataset_8_1_8.csv|crp_dataset_8_1_3.csv|crp_dataset_8_1_2.csv|crp_dataset_8_1_6.csv,crp_dataset_8_1_5.csv,0.60800064,0.6999999999936364,0.7699999999923,77,33,23,123,0.039282226562499994,0.013409090909090909,0.025873135653409086
4,crp_dataset_8_1_8.csv|crp_dataset_8_1_3.csv|crp_dataset_8_1_2.csv|crp_dataset_8_1_6.csv,crp_dataset_8_1_4.csv,0.60800064,0.7801418439660983,0.8396946564821398,110,31,21,94,0.023046875,0.010283687943262412,0.012763187056737589
4,crp_dataset_8_1_8.csv|crp_dataset_8_1_3.csv|crp_dataset_8_1_2.csv|crp_dataset_8_1_6.csv,crp_dataset_8_1_7.csv,0.60800064,0.9090909090871525,0.9999999999954546,220,22,0,14,0.0095703125,0.005010330578512396,0.004559981921487604
4,crp_dataset_8_1_8.csv|crp_dataset_8_1_3.csv|crp_dataset_8_1_2.csv|crp_dataset_8_1_6.csv,crp_dataset_8_1_1.csv,0.60800064,0.8181818181725207,0.5714285714240362,72,16,54,114,0.0252685546875,0.006889204545454545,0.018379350142045454
4,crp_dataset_8_1_8.csv|crp_dataset_8_1_3.csv|crp_dataset_8_1_7.csv|crp_dataset_8_1_1.csv,crp_dataset_8_1_5.csv,0.6063789,0.8043478260782135,0.7399999999926,74,18,26,138,0.039282226562499994,0.005434782608695654,0.03384744395380434
4,crp_dataset_8_1_8.csv|crp_dataset_8_1_3.csv|crp_dataset_8_1_7.csv|crp_dataset_8_1_1.csv,crp_dataset_8_1_4.csv,0.6063789,0.813008130074691,0.7633587786201271,100,23,31,102,0.023046875,0.007215447154471545,0.015831427845528455
4,crp_dataset_8_1_8.csv|crp_dataset_8_1_3.csv|crp_dataset_8_1_7.csv|crp_dataset_8_1_1.csv,crp_dataset_8_1_2.csv,0.6063789,0.7864077669826562,0.6806722689018431,81,22,38,115,0.03945312499999999,0.008009708737864076,0.03144341626213591
4,crp_dataset_8_1_8.csv|crp_dataset_8_1_3.csv|crp_dataset_8_1_7.csv|crp_dataset_8_1_1.csv,crp_dataset_8_1_6.csv,0.6063789,0.7591240875856999,0.7428571428518368,104,33,36,83,0.026928710937500003,0.013868613138686132,0.01306009779881387
4,crp_dataset_8_1_8.csv|crp_dataset_8_1_3.csv|crp_dataset_8_1_7.csv|crp_dataset_8_1_6.csv,crp_dataset_8_1_5.csv,0.7346449,0.7912087912000966,0.7199999999928,72,19,28,137,0.039282226562499994,0.00618131868131868,0.033100907881181314
4,crp_dataset_8_1_8.csv|crp_dataset_8_1_3.csv|crp_dataset_8_1_7.csv|crp_dataset_8_1_6.csv,crp_dataset_8_1_4.csv,0.7346449,0.9230769230690336,0.8244274809097373,108,9,23,116,0.023046875,0.002297008547008547,0.020749866452991456
4,crp_dataset_8_1_8.csv|crp_dataset_8_1_3.csv|crp_dataset_8_1_7.csv|crp_dataset_8_1_6.csv,crp_dataset_8_1_2.csv,0.7346449,0.8333333333246528,0.6722689075573759,80,16,39,121,0.03945312499999999,0.004557291666666667,0.03489583333333333
4,crp_dataset_8_1_8.csv|crp_dataset_8_1_3.csv|crp_dataset_8_1_7.csv|crp_dataset_8_1_6.csv,crp_dataset_8_1_1.csv,0.7346449,0.9193548386948491,0.45238095237736203,57,5,69,125,0.0252685546875,0.0019153225806451612,0.02335323210685484
4,crp_dataset_8_1_8.csv|crp_dataset_8_1_3.csv|crp_dataset_8_1_1.csv|crp_dataset_8_1_6.csv,crp_dataset_8_1_5.csv,0.6148351,0.793814432981507,0.7699999999923,77,20,23,136,0.039282226562499994,0.005927835051546392,0.0333543915109536
4,crp_dataset_8_1_8.csv|crp_dataset_8_1_3.csv|crp_dataset_8_1_1.csv|crp_dataset_8_1_6.csv,crp_dataset_8_1_4.csv,0.6148351,0.8148148148087793,0.8396946564821398,110,25,21,100,0.023046875,0.0077314814814814815,0.01531539351851852
4,crp_dataset_8_1_8.csv|crp_dataset_8_1_3.csv|crp_dataset_8_1_1.csv|crp_dataset_8_1_6.csv,crp_dataset_8_1_2.csv,0.6148351,0.7454545454477686,0.6890756302463102,82,28,37,109,0.03945312499999999,0.010625,0.02882812499999999
4,crp_dataset_8_1_8.csv|crp_dataset_8_1_3.csv|crp_dataset_8_1_1.csv|crp_dataset_8_1_6.csv,crp_dataset_8_1_7.csv,0.6148351,0.8943089430857956,0.9999999999954546,220,26,0,10,0.0095703125,0.006173780487804878,0.0033965320121951224
4,crp_dataset_8_1_8.csv|crp_dataset_8_1_2.csv|crp_dataset_8_1_7.csv|crp_dataset_8_1_1.csv,crp_dataset_8_1_5.csv,0.60047257,0.8518518518413352,0.6899999999931,69,12,31,144,0.039282226562499994,0.004166666666666667,0.03511555989583333
4,crp_dataset_8_1_8.csv|crp_dataset_8_1_2.csv|crp_dataset_8_1_7.csv|crp_dataset_8_1_1.csv,crp_dataset_8_1_4.csv,0.60047257,0.897435897428227,0.8015267175511335,105,12,26,113,0.023046875,0.004166666666666667,0.018880208333333336
4,crp_dataset_8_1_8.csv|crp_dataset_8_1_2.csv|crp_dataset_8_1_7.csv|crp_dataset_8_1_1.csv,crp_dataset_8_1_3.csv,0.60047257,0.932773109235859,0.6416184971061178,111,8,62,75,0.019604492187500003,0.003623949579831933,0.01598054260766807
4,crp_dataset_8_1_8.csv|crp_dataset_8_1_2.csv|crp_dataset_8_1_7.csv|crp_dataset_8_1_1.csv,crp_dataset_8_1_6.csv,0.60047257,0.8684210526239612,0.7071428571378062,99,15,41,101,0.026928710937500003,0.00712719298245614,0.01980151795504386
4,crp_dataset_8_1_8.csv|crp_dataset_8_1_2.csv|crp_dataset_8_1_7.csv|crp_dataset_8_1_6.csv,crp_dataset_8_1_5.csv,0.67140156,0.8571428571317253,0.6599999999934,66,11,34,145,0.039282226562499994,0.003977272727272728,0.03530495383522727
4,crp_dataset_8_1_8.csv|crp_dataset_8_1_2.csv|crp_dataset_8_1_7.csv|crp_dataset_8_1_6.csv,crp_dataset_8_1_4.csv,0.67140156,0.9532710280284741,0.7786259541925297,102,5,29,120,0.023046875,0.0012266355140186916,0.02182023948598131
4,crp_dataset_8_1_8.csv|crp_dataset_8_1_2.csv|crp_dataset_8_1_7.csv|crp_dataset_8_1_6.csv,crp_dataset_8_1_3.csv,0.67140156,0.9724770642112617,0.6127167630022387,106,3,67,80,0.019604492187500003,0.00045871559633027525,0.019145776591169728
4,crp_dataset_8_1_8.csv|crp_dataset_8_1_2.csv|crp_dataset_8_1_7.csv|crp_dataset_8_1_6.csv,crp_dataset_8_1_1.csv,0.67140156,0.9482758620526159,0.43650793650447217,55,3,71,127,0.0252685546875,0.0008620689655172415,0.024406485721982757
4,crp_dataset_8_1_8.csv|crp_dataset_8_1_2.csv|crp_dataset_8_1_1.csv|crp_dataset_8_1_6.csv,crp_dataset_8_1_5.csv,0.6106523,0.7872340425448167,0.7399999999926,74,20,26,136,0.039282226562499994,0.006316489361702127,0.032965737200797866
4,crp_dataset_8_1_8.csv|crp_dataset_8_1_2.csv|crp_dataset_8_1_1.csv|crp_dataset_8_1_6.csv,crp_dataset_8_1_4.csv,0.6106523,0.9075630252024575,0.8244274809097373,108,11,23,114,0.023046875,0.0029411764705882353,0.020105698529411766
4,crp_dataset_8_1_8.csv|crp_dataset_8_1_2.csv|crp_dataset_8_1_1.csv|crp_dataset_8_1_6.csv,crp_dataset_8_1_3.csv,0.6106523,0.9249999999922917,0.6416184971061178,111,9,62,74,0.019604492187500003,0.0028125000000000003,0.016791992187500004
4,crp_dataset_8_1_8.csv|crp_dataset_8_1_2.csv|crp_dataset_8_1_1.csv|crp_dataset_8_1_6.csv,crp_dataset_8_1_7.csv,0.6106523,0.9240506329074935,0.9954545454500207,219,18,1,18,0.0095703125,0.0033755274261603376,0.006194785073839663
4,crp_dataset_8_1_8.csv|crp_dataset_8_1_7.csv|crp_dataset_8_1_1.csv|crp_dataset_8_1_6.csv,crp_dataset_8_1_5.csv,0.7219147,0.8172043010664817,0.7599999999924,76,17,24,139,0.039282226562499994,0.005241935483870967,0.03404029107862903
4,crp_dataset_8_1_8.csv|crp_dataset_8_1_7.csv|crp_dataset_8_1_1.csv|crp_dataset_8_1_6.csv,crp_dataset_8_1_4.csv,0.7219147,0.8916666666592361,0.816793893123536,107,13,24,112,0.023046875,0.004114583333333333,0.01893229166666667
4,crp_dataset_8_1_8.csv|crp_dataset_8_1_7.csv|crp_dataset_8_1_1.csv|crp_dataset_8_1_6.csv,crp_dataset_8_1_3.csv,0.7219147,0.902439024382907,0.6416184971061178,111,12,62,71,0.019604492187500003,0.0039634146341463415,0.01564107755335366
4,crp_dataset_8_1_8.csv|crp_dataset_8_1_7.csv|crp_dataset_8_1_1.csv|crp_dataset_8_1_6.csv,crp_dataset_8_1_2.csv,0.7219147,0.7830188679171413,0.6974789915907774,83,23,36,114,0.03945312499999999,0.007783018867924528,0.031670106132075465
4,crp_dataset_8_1_4.csv|crp_dataset_8_1_3.csv|crp_dataset_8_1_2.csv|crp_dataset_8_1_7.csv,crp_dataset_8_1_5.csv,0.68167734,0.833333333324074,0.7499999999925,75,15,25,141,0.039282226562499994,0.004583333333333333,0.03469889322916666
4,crp_dataset_8_1_4.csv|crp_dataset_8_1_3.csv|crp_dataset_8_1_2.csv|crp_dataset_8_1_7.csv,crp_dataset_8_1_8.csv,0.68167734,0.7922077921975038,0.4420289855040433,61,16,77,102,0.0283203125,0.005357142857142857,0.02296316964285714
4,crp_dataset_8_1_4.csv|crp_dataset_8_1_3.csv|crp_dataset_8_1_2.csv|crp_dataset_8_1_7.csv,crp_dataset_8_1_1.csv,0.68167734,0.8955223880463354,0.4761904761866969,60,7,66,123,0.0252685546875,0.0026119402985074623,0.022656614388992538
4,crp_dataset_8_1_4.csv|crp_dataset_8_1_3.csv|crp_dataset_8_1_2.csv|crp_dataset_8_1_7.csv,crp_dataset_8_1_6.csv,0.68167734,0.9268292682813801,0.5428571428532654,76,6,64,110,0.026928710937500003,0.0024390243902439024,0.0244896865472561
4,crp_dataset_8_1_4.csv|crp_dataset_8_1_3.csv|crp_dataset_8_1_2.csv|crp_dataset_8_1_1.csv,crp_dataset_8_1_5.csv,0.7171648,0.8555555555460493,0.7699999999923,77,13,23,143,0.039282226562499994,0.004236111111111111,0.03504611545138889
4,crp_dataset_8_1_4.csv|crp_dataset_8_1_3.csv|crp_dataset_8_1_2.csv|crp_dataset_8_1_1.csv,crp_dataset_8_1_8.csv,0.7171648,0.7749999999903124,0.449275362315585,62,18,76,100,0.0283203125,0.006875000000000001,0.0214453125
4,crp_dataset_8_1_4.csv|crp_dataset_8_1_3.csv|crp_dataset_8_1_2.csv|crp_dataset_8_1_1.csv,crp_dataset_8_1_7.csv,0.7171648,0.9442060085796387,0.9999999999954546,220,13,0,23,0.0095703125,0.001958154506437768,0.007612157993562232
4,crp_dataset_8_1_4.csv|crp_dataset_8_1_3.csv|crp_dataset_8_1_2.csv|crp_dataset_8_1_1.csv,crp_dataset_8_1_6.csv,0.7171648,0.7999999999935999,0.7142857142806123,100,25,40,91,0.026928710937500003,0.009599999999999997,0.017328710937500005
4,crp_dataset_8_1_4.csv|crp_dataset_8_1_3.csv|crp_dataset_8_1_2.csv|crp_dataset_8_1_6.csv,crp_dataset_8_1_5.csv,0.7519441,0.8470588235194463,0.7199999999928,72,13,28,143,0.039282226562499994,0.0041911764705882355,0.03509105009191176
4,crp_dataset_8_1_4.csv|crp_dataset_8_1_3.csv|crp_dataset_8_1_2.csv|crp_dataset_8_1_6.csv,crp_dataset_8_1_8.csv,0.7519441,0.7968749999875487,0.36956521738862635,51,13,87,105,0.0283203125,0.00654296875,0.02177734375
4,crp_dataset_8_1_4.csv|crp_dataset_8_1_3.csv|crp_dataset_8_1_2.csv|crp_dataset_8_1_6.csv,crp_dataset_8_1_7.csv,0.7519441,0.9552238805922626,0.8727272727233059,192,9,28,27,0.0095703125,0.0017412935323383083,0.007829018967661692
4,crp_dataset_8_1_4.csv|crp_dataset_8_1_3.csv|crp_dataset_8_1_2.csv|crp_dataset_8_1_6.csv,crp_dataset_8_1_1.csv,0.7519441,0.9076923076783432,0.46825396825025195,59,6,67,124,0.0252685546875,0.002596153846153846,0.022672400841346155
4,crp_dataset_8_1_4.csv|crp_dataset_8_1_3.csv|crp_dataset_8_1_7.csv|crp_dataset_8_1_1.csv,crp_dataset_8_1_5.csv,0.6125019,0.8152173912954868,0.7499999999925,75,17,25,139,0.039282226562499994,0.005027173913043479,0.03425505264945652
4,crp_dataset_8_1_4.csv|crp_dataset_8_1_3.csv|crp_dataset_8_1_7.csv|crp_dataset_8_1_1.csv,crp_dataset_8_1_8.csv,0.6125019,0.8219178082079189,0.4347826086925016,60,13,78,105,0.0283203125,0.0060787671232876705,0.02224154537671233
4,crp_dataset_8_1_4.csv|crp_dataset_8_1_3.csv|crp_dataset_8_1_7.csv|crp_dataset_8_1_1.csv,crp_dataset_8_1_2.csv,0.6125019,0.8333333333246528,0.6722689075573759,80,16,39,121,0.03945312499999999,0.005078125,0.03437499999999999
4,crp_dataset_8_1_4.csv|crp_dataset_8_1_3.csv|crp_dataset_8_1_7.csv|crp_dataset_8_1_1.csv,crp_dataset_8_1_6.csv,0.6125019,0.9462365591296104,0.6285714285669388,88,5,52,111,0.026928710937500003,0.002620967741935484,0.02430774319556452
4,crp_dataset_8_1_4.csv|crp_dataset_8_1_3.csv|crp_dataset_8_1_7.csv|crp_dataset_8_1_6.csv,crp_dataset_8_1_5.csv,0.6389529,0.8020833333249783,0.7699999999923,77,19,23,137,0.039282226562499994,0.005924479166666667,0.033357747395833325
4,crp_dataset_8_1_4.csv|crp_dataset_8_1_3.csv|crp_dataset_8_1_7.csv|crp_dataset_8_1_6.csv,crp_dataset_8_1_8.csv,0.6389529,0.753086419743789,0.4420289855040433,61,20,77,98,0.0283203125,0.008487654320987654,0.019832658179012346
4,crp_dataset_8_1_4.csv|crp_dataset_8_1_3.csv|crp_dataset_8_1_7.csv|crp_dataset_8_1_6.csv,crp_dataset_8_1_2.csv,0.6389529,0.7884615384539571,0.6890756302463102,82,22,37,115,0.03945312499999999,0.007692307692307693,0.0317608173076923
4,crp_dataset_8_1_4.csv|crp_dataset_8_1_3.csv|crp_dataset_8_1_7.csv|crp_dataset_8_1_6.csv,crp_dataset_8_1_1.csv,0.6389529,0.9076923076783432,0.46825396825025195,59,6,67,124,0.0252685546875,0.0025,0.0227685546875
4,crp_dataset_8_1_4.csv|crp_dataset_8_1_3.csv|crp_dataset_8_1_1.csv|crp_dataset_8_1_6.csv,crp_dataset_8_1_5.csv,0.7135364,0.8241758241667673,0.7499999999925,75,16,25,140,0.039282226562499994,0.006662087912087913,0.03262013865041208
4,crp_dataset_8_1_4.csv|crp_dataset_8_1_3.csv|crp_dataset_8_1_1.csv|crp_dataset_8_1_6.csv,crp_dataset_8_1_8.csv,0.7135364,0.7407407407315958,0.4347826086925016,60,21,78,97,0.0283203125,0.008256172839506172,0.020064139660493828
4,crp_dataset_8_1_4.csv|crp_dataset_8_1_3.csv|crp_dataset_8_1_1.csv|crp_dataset_8_1_6.csv,crp_dataset_8_1_2.csv,0.7135364,0.8387096774103364,0.6554621848684414,78,15,41,122,0.03945312499999999,0.00456989247311828,0.03488323252688171
4,crp_dataset_8_1_4.csv|crp_dataset_8_1_3.csv|crp_dataset_8_1_1.csv|crp_dataset_8_1_6.csv,crp_dataset_8_1_7.csv,0.7135364,0.9422222222180346,0.9636363636319836,212,13,8,23,0.0095703125,0.002527777777777778,0.007042534722222223
4,crp_dataset_8_1_4.csv|crp_dataset_8_1_2.csv|crp_dataset_8_1_7.csv|crp_dataset_8_1_1.csv,crp_dataset_8_1_5.csv,0.65413237,0.8351648351556575,0.7599999999924,76,15,24,141,0.039282226562499994,0.0047390109890109895,0.03454321557348901
4,crp_dataset_8_1_4.csv|crp_dataset_8_1_2.csv|crp_dataset_8_1_7.csv|crp_dataset_8_1_1.csv,crp_dataset_8_1_8.csv,0.65413237,0.7564102564005588,0.4275362318809599,59,19,79,99,0.0283203125,0.007532051282051281,0.020788261217948717
4,crp_dataset_8_1_4.csv|crp_dataset_8_1_2.csv|crp_dataset_8_1_7.csv|crp_dataset_8_1_1.csv,crp_dataset_8_1_3.csv,0.65413237,0.9249999999922917,0.6416184971061178,111,9,62,74,0.019604492187500003,0.0029166666666666664,0.016687825520833338
4,crp_dataset_8_1_4.csv|crp_dataset_8_1_2.csv|crp_dataset_8_1_7.csv|crp_dataset_8_1_1.csv,crp_dataset_8_1_6.csv,0.65413237,0.9222222222119753,0.5928571428529082,83,7,57,109,0.026928710937500003,0.0037500000000000003,0.023178710937500003
4,crp_dataset_8_1_4.csv|crp_dataset_8_1_2.csv|crp_dataset_8_1_7.csv|crp_dataset_8_1_6.csv,crp_dataset_8_1_5.csv,0.6455185,0.793814432981507,0.7699999999923,77,20,23,136,0.039282226562499994,0.006314432989690721,0.032967793572809274
4,crp_dataset_8_1_4.csv|crp_dataset_8_1_2.csv|crp_dataset_8_1_7.csv|crp_dataset_8_1_6.csv,crp_dataset_8_1_8.csv,0.6455185,0.753086419743789,0.4420289855040433,61,20,77,98,0.0283203125,0.007253086419753085,0.021067226080246915
4,crp_dataset_8_1_4.csv|crp_dataset_8_1_2.csv|crp_dataset_8_1_7.csv|crp_dataset_8_1_6.csv,crp_dataset_8_1_3.csv,0.6455185,0.9568965517158888,0.6416184971061178,111,5,62,78,0.019604492187500003,0.0011314655172413794,0.018473026670258623
4,crp_dataset_8_1_4.csv|crp_dataset_8_1_2.csv|crp_dataset_8_1_7.csv|crp_dataset_8_1_6.csv,crp_dataset_8_1_1.csv,0.6455185,0.8472222222104552,0.4841269841231418,61,11,65,119,0.0252685546875,0.005295138888888889,0.01997341579861111
4,crp_dataset_8_1_4.csv|crp_dataset_8_1_2.csv|crp_dataset_8_1_1.csv|crp_dataset_8_1_6.csv,crp_dataset_8_1_5.csv,0.6041006,0.804597701140177,0.699999999993,70,17,30,139,0.039282226562499994,0.005100574712643679,0.03418165184985632
4,crp_dataset_8_1_4.csv|crp_dataset_8_1_2.csv|crp_dataset_8_1_1.csv|crp_dataset_8_1_6.csv,crp_dataset_8_1_8.csv,0.6041006,0.7971014492638101,0.39855072463479313,55,14,83,104,0.0283203125,0.005887681159420289,0.022432631340579712
4,crp_dataset_8_1_4.csv|crp_dataset_8_1_2.csv|crp_dataset_8_1_1.csv|crp_dataset_8_1_6.csv,crp_dataset_8_1_3.csv,0.6041006,0.9553571428486128,0.6184971098230145,107,5,66,78,0.019604492187500003,0.0008370535714285716,0.01876743861607143
4,crp_dataset_8_1_4.csv|crp_dataset_8_1_2.csv|crp_dataset_8_1_1.csv|crp_dataset_8_1_6.csv,crp_dataset_8_1_7.csv,0.6041006,0.9353448275821753,0.9863636363591529,217,15,3,21,0.0095703125,0.002720905172413793,0.006849407327586208
4,crp_dataset_8_1_4.csv|crp_dataset_8_1_7.csv|crp_dataset_8_1_1.csv|crp_dataset_8_1_6.csv,crp_dataset_8_1_5.csv,0.67702895,0.8426966292040146,0.7499999999925,75,14,25,142,0.039282226562499994,0.004143258426966292,0.0351389681355337
4,crp_dataset_8_1_4.csv|crp_dataset_8_1_7.csv|crp_dataset_8_1_1.csv|crp_dataset_8_1_6.csv,crp_dataset_8_1_8.csv,0.67702895,0.7792207792106595,0.4347826086925016,60,17,78,101,0.0283203125,0.006493506493506493,0.021826806006493508
4,crp_dataset_8_1_4.csv|crp_dataset_8_1_7.csv|crp_dataset_8_1_1.csv|crp_dataset_8_1_6.csv,crp_dataset_8_1_3.csv,0.67702895,0.9478260869482797,0.6300578034645662,109,6,64,77,0.019604492187500003,0.0017934782608695651,0.017811013926630436
4,crp_dataset_8_1_4.csv|crp_dataset_8_1_7.csv|crp_dataset_8_1_1.csv|crp_dataset_8_1_6.csv,crp_dataset_8_1_2.csv,0.67702895,0.8367346938690129,0.6890756302463102,82,16,37,121,0.03945312499999999,0.004145408163265306,0.035307716836734684
4,crp_dataset_8_1_3.csv|crp_dataset_8_1_2.csv|crp_dataset_8_1_7.csv|crp_dataset_8_1_1.csv,crp_dataset_8_1_5.csv,0.7757023,0.8604651162690643,0.7399999999926,74,12,26,144,0.039282226562499994,0.003924418604651164,0.03535780795784883
4,crp_dataset_8_1_3.csv|crp_dataset_8_1_2.csv|crp_dataset_8_1_7.csv|crp_dataset_8_1_1.csv,crp_dataset_8_1_8.csv,0.7757023,0.7564102564005588,0.4275362318809599,59,19,79,99,0.0283203125,0.007291666666666665,0.021028645833333335
4,crp_dataset_8_1_3.csv|crp_dataset_8_1_2.csv|crp_dataset_8_1_7.csv|crp_dataset_8_1_1.csv,crp_dataset_8_1_4.csv,0.7757023,0.919642857134646,0.7862595419787309,103,9,28,116,0.023046875,0.0024553571428571432,0.020591517857142857
4,crp_dataset_8_1_3.csv|crp_dataset_8_1_2.csv|crp_dataset_8_1_7.csv|crp_dataset_8_1_1.csv,crp_dataset_8_1_6.csv,0.7757023,0.7426470588180688,0.7214285714234184,101,35,39,81,0.026928710937500003,0.014016544117647061,0.012912166819852942
4,crp_dataset_8_1_3.csv|crp_dataset_8_1_2.csv|crp_dataset_8_1_7.csv|crp_dataset_8_1_6.csv,crp_dataset_8_1_5.csv,0.66839695,0.7999999999915789,0.7599999999924,76,19,24,137,0.039282226562499994,0.005526315789473685,0.03375591077302631
4,crp_dataset_8_1_3.csv|crp_dataset_8_1_2.csv|crp_dataset_8_1_7.csv|crp_dataset_8_1_6.csv,crp_dataset_8_1_8.csv,0.66839695,0.7624999999904687,0.4420289855040433,61,19,77,99,0.0283203125,0.00796875,0.0203515625
4,crp_dataset_8_1_3.csv|crp_dataset_8_1_2.csv|crp_dataset_8_1_7.csv|crp_dataset_8_1_6.csv,crp_dataset_8_1_4.csv,0.66839695,0.9083333333257638,0.8320610686959385,109,11,22,114,0.023046875,0.0025000000000000005,0.020546875
4,crp_dataset_8_1_3.csv|crp_dataset_8_1_2.csv|crp_dataset_8_1_7.csv|crp_dataset_8_1_6.csv,crp_dataset_8_1_1.csv,0.66839695,0.9062499999858398,0.460317460313807,58,6,68,124,0.0252685546875,0.001953125,0.0233154296875
4,crp_dataset_8_1_3.csv|crp_dataset_8_1_2.csv|crp_dataset_8_1_1.csv|crp_dataset_8_1_6.csv,crp_dataset_8_1_5.csv,0.75650007,0.8139534883626284,0.699999999993,70,16,30,140,0.039282226562499994,0.005450581395348838,0.033831645167151154
4,crp_dataset_8_1_3.csv|crp_dataset_8_1_2.csv|crp_dataset_8_1_1.csv|crp_dataset_8_1_6.csv,crp_dataset_8_1_8.csv,0.75650007,0.7763157894634695,0.4275362318809599,59,17,79,101,0.0283203125,0.007319078947368421,0.02100123355263158
4,crp_dataset_8_1_3.csv|crp_dataset_8_1_2.csv|crp_dataset_8_1_1.csv|crp_dataset_8_1_6.csv,crp_dataset_8_1_4.csv,0.75650007,0.9310344827505945,0.8244274809097373,108,8,23,117,0.023046875,0.0018318965517241381,0.021214978448275863
4,crp_dataset_8_1_3.csv|crp_dataset_8_1_2.csv|crp_dataset_8_1_1.csv|crp_dataset_8_1_6.csv,crp_dataset_8_1_7.csv,0.75650007,0.9534883720885885,0.9318181818139464,205,10,15,26,0.0095703125,0.0014534883720930232,0.008116824127906978
4,crp_dataset_8_1_3.csv|crp_dataset_8_1_7.csv|crp_dataset_8_1_1.csv|crp_dataset_8_1_6.csv,crp_dataset_8_1_5.csv,0.67302185,0.7857142857062682,0.7699999999923,77,21,23,135,0.039282226562499994,0.006823979591836734,0.03245824697066326
4,crp_dataset_8_1_3.csv|crp_dataset_8_1_7.csv|crp_dataset_8_1_1.csv|crp_dataset_8_1_6.csv,crp_dataset_8_1_8.csv,0.67302185,0.7469879517982291,0.449275362315585,62,21,76,97,0.0283203125,0.007605421686746988,0.020714890813253013
4,crp_dataset_8_1_3.csv|crp_dataset_8_1_7.csv|crp_dataset_8_1_1.csv|crp_dataset_8_1_6.csv,crp_dataset_8_1_4.csv,0.67302185,0.87999999999296,0.8396946564821398,110,15,21,110,0.023046875,0.00375,0.019296875
4,crp_dataset_8_1_3.csv|crp_dataset_8_1_7.csv|crp_dataset_8_1_1.csv|crp_dataset_8_1_6.csv,crp_dataset_8_1_2.csv,0.67302185,0.778846153838665,0.6806722689018431,81,23,38,114,0.03945312499999999,0.008473557692307693,0.030979567307692298
4,crp_dataset_8_1_2.csv|crp_dataset_8_1_7.csv|crp_dataset_8_1_1.csv|crp_dataset_8_1_6.csv,crp_dataset_8_1_5.csv,0.6614299,0.8690476190372732,0.7299999999926999,73,11,27,145,0.039282226562499994,0.003869047619047619,0.035413178943452375
4,crp_dataset_8_1_2.csv|crp_dataset_8_1_7.csv|crp_dataset_8_1_1.csv|crp_dataset_8_1_6.csv,crp_dataset_8_1_8.csv,0.6614299,0.7887323943550882,0.40579710144633485,56,15,82,103,0.0283203125,0.005985915492957746,0.022334397007042255
4,crp_dataset_8_1_2.csv|crp_dataset_8_1_7.csv|crp_dataset_8_1_1.csv|crp_dataset_8_1_6.csv,crp_dataset_8_1_4.csv,0.6614299,0.919642857134646,0.7862595419787309,103,9,28,116,0.023046875,0.0018973214285714288,0.021149553571428573
4,crp_dataset_8_1_2.csv|crp_dataset_8_1_7.csv|crp_dataset_8_1_1.csv|crp_dataset_8_1_6.csv,crp_dataset_8_1_3.csv,0.6614299,0.9734513274250137,0.635838150285342,110,3,63,80,0.019604492187500003,0.00044247787610619474,0.019162014311393808
5,crp_dataset_8_1_5.csv|crp_dataset_8_1_8.csv|crp_dataset_8_1_4.csv|crp_dataset_8_1_3.csv|crp_dataset_8_1_2.csv,crp_dataset_8_1_7.csv,0.6209609,0.9322033898265585,0.9999999999954546,220,16,0,20,0.0095703125,0.0026747881355932202,0.006895524364406781
5,crp_dataset_8_1_5.csv|crp_dataset_8_1_8.csv|crp_dataset_8_1_4.csv|crp_dataset_8_1_3.csv|crp_dataset_8_1_2.csv,crp_dataset_8_1_1.csv,0.6209609,0.9354838709526535,0.460317460313807,58,4,68,126,0.0252685546875,0.001411290322580645,0.023857264364919355
5,crp_dataset_8_1_5.csv|crp_dataset_8_1_8.csv|crp_dataset_8_1_4.csv|crp_dataset_8_1_3.csv|crp_dataset_8_1_2.csv,crp_dataset_8_1_6.csv,0.6209609,0.9130434782509451,0.5999999999957143,84,8,56,108,0.026928710937500003,0.0033967391304347825,0.02353197180706522
5,crp_dataset_8_1_5.csv|crp_dataset_8_1_8.csv|crp_dataset_8_1_4.csv|crp_dataset_8_1_3.csv|crp_dataset_8_1_7.csv,crp_dataset_8_1_2.csv,0.7510466,0.8554216867366816,0.5966386554571711,71,12,48,125,0.03945312499999999,0.0044427710843373495,0.035010353915662644
5,crp_dataset_8_1_5.csv|crp_dataset_8_1_8.csv|crp_dataset_8_1_4.csv|crp_dataset_8_1_3.csv|crp_dataset_8_1_7.csv,crp_dataset_8_1_1.csv,0.7510466,0.9310344827425684,0.4285714285680272,54,4,72,126,0.0252685546875,0.0014008620689655172,0.023867692618534483
5,crp_dataset_8_1_5.csv|crp_dataset_8_1_8.csv|crp_dataset_8_1_4.csv|crp_dataset_8_1_3.csv|crp_dataset_8_1_7.csv,crp_dataset_8_1_6.csv,0.7510466,0.949999999988125,0.5428571428532654,76,4,64,112,0.026928710937500003,0.0017968749999999999,0.025131835937500003
5,crp_dataset_8_1_5.csv|crp_dataset_8_1_8.csv|crp_dataset_8_1_4.csv|crp_dataset_8_1_3.csv|crp_dataset_8_1_1.csv,crp_dataset_8_1_2.csv,0.61866724,0.7522935779747496,0.6890756302463102,82,27,37,110,0.03945312499999999,0.012442660550458715,0.027010464449541277
5,crp_dataset_8_1_5.csv|crp_dataset_8_1_8.csv|crp_dataset_8_1_4.csv|crp_dataset_8_1_3.csv|crp_dataset_8_1_1.csv,crp_dataset_8_1_7.csv,0.61866724,0.9016393442585999,0.9999999999954546,220,24,0,12,0.0095703125,0.005379098360655738,0.004191214139344263
5,crp_dataset_8_1_5.csv|crp_dataset_8_1_8.csv|crp_dataset_8_1_4.csv|crp_dataset_8_1_3.csv|crp_dataset_8_1_1.csv,crp_dataset_8_1_6.csv,0.61866724,0.7133333333285778,0.7642857142802552,107,43,33,73,0.026928710937500003,0.016541666666666666,0.010387044270833336
5,crp_dataset_8_1_5.csv|crp_dataset_8_1_8.csv|crp_dataset_8_1_4.csv|crp_dataset_8_1_3.csv|crp_dataset_8_1_6.csv,crp_dataset_8_1_2.csv,0.7782879,0.8941176470483044,0.6386554621795071,76,9,43,128,0.03945312499999999,0.002720588235294118,0.03673253676470587
5,crp_dataset_8_1_5.csv|crp_dataset_8_1_8.csv|crp_dataset_8_1_4.csv|crp_dataset_8_1_3.csv|crp_dataset_8_1_6.csv,crp_dataset_8_1_7.csv,0.7782879,0.9521739130393384,0.9954545454500207,219,11,1,25,0.0095703125,0.0018750000000000001,0.007695312500000001
5,crp_dataset_8_1_5.csv|crp_dataset_8_1_8.csv|crp_dataset_8_1_4.csv|crp_dataset_8_1_3.csv|crp_dataset_8_1_6.csv,crp_dataset_8_1_1.csv,0.7782879,0.9333333333177778,0.4444444444409171,56,4,70,126,0.0252685546875,0.0018749999999999997,0.023393554687500002
5,crp_dataset_8_1_5.csv|crp_dataset_8_1_8.csv|crp_dataset_8_1_4.csv|crp_dataset_8_1_2.csv|crp_dataset_8_1_7.csv,crp_dataset_8_1_3.csv,0.69958395,0.9568965517158888,0.6416184971061178,111,5,62,78,0.019604492187500003,0.0008081896551724138,0.01879630253232759
5,crp_dataset_8_1_5.csv|crp_dataset_8_1_8.csv|crp_dataset_8_1_4.csv|crp_dataset_8_1_2.csv|crp_dataset_8_1_7.csv,crp_dataset_8_1_1.csv,0.69958395,0.9836065573609245,0.4761904761866969,60,1,66,129,0.0252685546875,0.0003073770491803279,0.024961177638319672
5,crp_dataset_8_1_5.csv|crp_dataset_8_1_8.csv|crp_dataset_8_1_4.csv|crp_dataset_8_1_2.csv|crp_dataset_8_1_7.csv,crp_dataset_8_1_6.csv,0.69958395,0.9746835442914596,0.5499999999960715,77,2,63,114,0.026928710937500003,0.0005537974683544303,0.026374913469145573
5,crp_dataset_8_1_5.csv|crp_dataset_8_1_8.csv|crp_dataset_8_1_4.csv|crp_dataset_8_1_2.csv|crp_dataset_8_1_1.csv,crp_dataset_8_1_3.csv,0.6025267,0.8888888888818341,0.6473988439268937,112,14,61,69,0.019604492187500003,0.004563492063492064,0.015041000124007938
5,crp_dataset_8_1_5.csv|crp_dataset_8_1_8.csv|crp_dataset_8_1_4.csv|crp_dataset_8_1_2.csv|crp_dataset_8_1_1.csv,crp_dataset_8_1_7.csv,0.6025267,0.9016393442585999,0.9999999999954546,220,24,0,12,0.0095703125,0.005225409836065573,0.004344902663934428
5,crp_dataset_8_1_5.csv|crp_dataset_8_1_8.csv|crp_dataset_8_1_4.csv|crp_dataset_8_1_2.csv|crp_dataset_8_1_1.csv,crp_dataset_8_1_6.csv,0.6025267,0.8306451612836238,0.7357142857090306,103,21,37,95,0.026928710937500003,0.008618951612903224,0.01830975932459678
5,crp_dataset_8_1_5.csv|crp_dataset_8_1_8.csv|crp_dataset_8_1_4.csv|crp_dataset_8_1_2.csv|crp_dataset_8_1_6.csv,crp_dataset_8_1_3.csv,0.61468315,0.9649122806932902,0.635838150285342,110,4,63,79,0.019604492187500003,0.0013157894736842107,0.01828870271381579
5,crp_dataset_8_1_5.csv|crp_dataset_8_1_8.csv|crp_dataset_8_1_4.csv|crp_dataset_8_1_2.csv|crp_dataset_8_1_6.csv,crp_dataset_8_1_7.csv,0.61468315,0.9361702127619738,0.9999999999954546,220,15,0,21,0.0095703125,0.002234042553191489,0.007336269946808511
5,crp_dataset_8_1_5.csv|crp_dataset_8_1_8.csv|crp_dataset_8_1_4.csv|crp_dataset_8_1_2.csv|crp_dataset_8_1_6.csv,crp_dataset_8_1_1.csv,0.61468315,0.999999999982143,0.4444444444409171,56,0,70,130,0.0252685546875,0.00011160714285714287,0.025156947544642858
5,crp_dataset_8_1_5.csv|crp_dataset_8_1_8.csv|crp_dataset_8_1_4.csv|crp_dataset_8_1_7.csv|crp_dataset_8_1_1.csv,crp_dataset_8_1_3.csv,0.6274113,0.895999999992832,0.6473988439268937,112,13,61,70,0.019604492187500003,0.005,0.014604492187500002
5,crp_dataset_8_1_5.csv|crp_dataset_8_1_8.csv|crp_dataset_8_1_4.csv|crp_dataset_8_1_7.csv|crp_dataset_8_1_1.csv,crp_dataset_8_1_2.csv,0.6274113,0.7830188679171413,0.6974789915907774,83,23,36,114,0.03945312499999999,0.007606132075471697,0.03184699292452829
5,crp_dataset_8_1_5.csv|crp_dataset_8_1_8.csv|crp_dataset_8_1_4.csv|crp_dataset_8_1_7.csv|crp_dataset_8_1_1.csv,crp_dataset_8_1_6.csv,0.6274113,0.8220338982981183,0.6928571428521939,97,21,43,95,0.026928710937500003,0.009375,0.0175537109375
5,crp_dataset_8_1_5.csv|crp_dataset_8_1_8.csv|crp_dataset_8_1_4.csv|crp_dataset_8_1_7.csv|crp_dataset_8_1_6.csv,crp_dataset_8_1_3.csv,0.64402246,0.9909909909820631,0.635838150285342,110,1,63,82,0.019604492187500003,0.0001689189189189189,0.019435573268581086
5,crp_dataset_8_1_5.csv|crp_dataset_8_1_8.csv|crp_dataset_8_1_4.csv|crp_dataset_8_1_7.csv|crp_dataset_8_1_6.csv,crp_dataset_8_1_2.csv,0.64402246,0.8791208791112184,0.6722689075573759,80,11,39,126,0.03945312499999999,0.002953296703296703,0.036499828296703285
5,crp_dataset_8_1_5.csv|crp_dataset_8_1_8.csv|crp_dataset_8_1_4.csv|crp_dataset_8_1_7.csv|crp_dataset_8_1_6.csv,crp_dataset_8_1_1.csv,0.64402246,0.9833333333169445,0.46825396825025195,59,1,67,129,0.0252685546875,0.00031250000000000006,0.0249560546875
5,crp_dataset_8_1_5.csv|crp_dataset_8_1_8.csv|crp_dataset_8_1_4.csv|crp_dataset_8_1_1.csv|crp_dataset_8_1_6.csv,crp_dataset_8_1_3.csv,0.7713837,0.9565217391221171,0.635838150285342,110,5,63,78,0.019604492187500003,0.0008152173913043478,0.018789274796195656
5,crp_dataset_8_1_5.csv|crp_dataset_8_1_8.csv|crp_dataset_8_1_4.csv|crp_dataset_8_1_1.csv|crp_dataset_8_1_6.csv,crp_dataset_8_1_2.csv,0.7713837,0.8297872340337257,0.6554621848684414,78,16,41,121,0.03945312499999999,0.004654255319148936,0.03479886968085105
5,crp_dataset_8_1_5.csv|crp_dataset_8_1_8.csv|crp_dataset_8_1_4.csv|crp_dataset_8_1_1.csv|crp_dataset_8_1_6.csv,crp_dataset_8_1_7.csv,0.7713837,0.9561403508729994,0.9909090909045868,218,10,2,26,0.0095703125,0.0014802631578947369,0.008090049342105264
5,crp_dataset_8_1_5.csv|crp_dataset_8_1_8.csv|crp_dataset_8_1_3.csv|crp_dataset_8_1_2.csv|crp_dataset_8_1_7.csv,crp_dataset_8_1_4.csv,0.61588484,0.9067796610092645,0.816793893123536,107,11,24,114,0.023046875,0.004025423728813559,0.019021451271186443
5,crp_dataset_8_1_5.csv|crp_dataset_8_1_8.csv|crp_dataset_8_1_3.csv|crp_dataset_8_1_2.csv|crp_dataset_8_1_7.csv,crp_dataset_8_1_1.csv,0.61588484,0.9253731343145466,0.49206349205958677,62,5,64,125,0.0252685546875,0.0015858208955223882,0.023682733791977613
5,crp_dataset_8_1_5.csv|crp_dataset_8_1_8.csv|crp_dataset_8_1_3.csv|crp_dataset_8_1_2.csv|crp_dataset_8_1_7.csv,crp_dataset_8_1_6.csv,0.61588484,0.8962264150858846,0.6785714285665817,95,11,45,105,0.026928710937500003,0.0048938679245283025,0.0220348430129717
5,crp_dataset_8_1_5.csv|crp_dataset_8_1_8.csv|crp_dataset_8_1_3.csv|crp_dataset_8_1_2.csv|crp_dataset_8_1_1.csv,crp_dataset_8_1_4.csv,0.6282349,0.8582677165286751,0.8320610686959385,109,18,22,107,0.023046875,0.006348425196850394,0.016698449803149606
5,crp_dataset_8_1_5.csv|crp_dataset_8_1_8.csv|crp_dataset_8_1_3.csv|crp_dataset_8_1_2.csv|crp_dataset_8_1_1.csv,crp_dataset_8_1_7.csv,0.6282349,0.8943089430857956,0.9999999999954546,220,26,0,10,0.0095703125,0.005564024390243903,0.004006288109756098
5,crp_dataset_8_1_5.csv|crp_dataset_8_1_8.csv|crp_dataset_8_1_3.csv|crp_dataset_8_1_2.csv|crp_dataset_8_1_1.csv,crp_dataset_8_1_6.csv,0.6282349,0.7446808510585484,0.749999999994643,105,36,35,80,0.026928710937500003,0.014095744680851063,0.01283296625664894
5,crp_dataset_8_1_5.csv|crp_dataset_8_1_8.csv|crp_dataset_8_1_3.csv|crp_dataset_8_1_2.csv|crp_dataset_8_1_6.csv,crp_dataset_8_1_4.csv,0.6102758,0.8730158730089443,0.8396946564821398,110,16,21,109,0.023046875,0.005456349206349206,0.017590525793650794
5,crp_dataset_8_1_5.csv|crp_dataset_8_1_8.csv|crp_dataset_8_1_3.csv|crp_dataset_8_1_2.csv|crp_dataset_8_1_6.csv,crp_dataset_8_1_7.csv,0.6102758,0.9053497942349574,0.9999999999954546,220,23,0,13,0.0095703125,0.005426954732510289,0.004143357767489712
5,crp_dataset_8_1_5.csv|crp_dataset_8_1_8.csv|crp_dataset_8_1_3.csv|crp_dataset_8_1_2.csv|crp_dataset_8_1_6.csv,crp_dataset_8_1_1.csv,0.6102758,0.8955223880463354,0.4761904761866969,60,7,66,123,0.0252685546875,0.002705223880597015,0.022563330806902985
5,crp_dataset_8_1_5.csv|crp_dataset_8_1_8.csv|crp_dataset_8_1_3.csv|crp_dataset_8_1_7.csv|crp_dataset_8_1_1.csv,crp_dataset_8_1_4.csv,0.6050154,0.8888888888812915,0.7938931297649322,104,13,27,112,0.023046875,0.004647435897435897,0.018399439102564103
5,crp_dataset_8_1_5.csv|crp_dataset_8_1_8.csv|crp_dataset_8_1_3.csv|crp_dataset_8_1_7.csv|crp_dataset_8_1_1.csv,crp_dataset_8_1_2.csv,0.6050154,0.7899999999921,0.6638655462129087,79,21,40,116,0.03945312499999999,0.0064375,0.03301562499999999
5,crp_dataset_8_1_5.csv|crp_dataset_8_1_8.csv|crp_dataset_8_1_3.csv|crp_dataset_8_1_7.csv|crp_dataset_8_1_1.csv,crp_dataset_8_1_6.csv,0.6050154,0.7786259541925297,0.7285714285662246,102,29,38,87,0.026928710937500003,0.013120229007633587,0.013808481929866416
5,crp_dataset_8_1_5.csv|crp_dataset_8_1_8.csv|crp_dataset_8_1_3.csv|crp_dataset_8_1_7.csv|crp_dataset_8_1_6.csv,crp_dataset_8_1_4.csv,0.7640365,0.9449541284316977,0.7862595419787309,103,6,28,119,0.023046875,0.0016055045871559632,0.021441370412844038
5,crp_dataset_8_1_5.csv|crp_dataset_8_1_8.csv|crp_dataset_8_1_3.csv|crp_dataset_8_1_7.csv|crp_dataset_8_1_6.csv,crp_dataset_8_1_2.csv,0.7640365,0.8444444444350617,0.6386554621795071,76,14,43,123,0.03945312499999999,0.005,0.034453124999999994
5,crp_dataset_8_1_5.csv|crp_dataset_8_1_8.csv|crp_dataset_8_1_3.csv|crp_dataset_8_1_7.csv|crp_dataset_8_1_6.csv,crp_dataset_8_1_1.csv,0.7640365,0.9636363636188431,0.42063492063158225,53,2,73,128,0.0252685546875,0.0009090909090909091,0.024359463778409092
5,crp_dataset_8_1_5.csv|crp_dataset_8_1_8.csv|crp_dataset_8_1_3.csv|crp_dataset_8_1_1.csv|crp_dataset_8_1_6.csv,crp_dataset_8_1_4.csv,0.6087678,0.87999999999296,0.8396946564821398,110,15,21,110,0.023046875,0.004849999999999999,0.018196875
5,crp_dataset_8_1_5.csv|crp_dataset_8_1_8.csv|crp_dataset_8_1_3.csv|crp_dataset_8_1_1.csv|crp_dataset_8_1_6.csv,crp_dataset_8_1_2.csv,0.6087678,0.8019801980118616,0.6806722689018431,81,20,38,117,0.03945312499999999,0.007178217821782177,0.032274907178217814
5,crp_dataset_8_1_5.csv|crp_dataset_8_1_8.csv|crp_dataset_8_1_3.csv|crp_dataset_8_1_1.csv|crp_dataset_8_1_6.csv,crp_dataset_8_1_7.csv,0.6087678,0.9090909090871525,0.9999999999954546,220,22,0,14,0.0095703125,0.004416322314049586,0.005153990185950415
5,crp_dataset_8_1_5.csv|crp_dataset_8_1_8.csv|crp_dataset_8_1_2.csv|crp_dataset_8_1_7.csv|crp_dataset_8_1_1.csv,crp_dataset_8_1_4.csv,0.6270886,0.9210526315708679,0.8015267175511335,105,9,26,116,0.023046875,0.0029605263157894738,0.02008634868421053
5,crp_dataset_8_1_5.csv|crp_dataset_8_1_8.csv|crp_dataset_8_1_2.csv|crp_dataset_8_1_7.csv|crp_dataset_8_1_1.csv,crp_dataset_8_1_3.csv,0.6270886,0.914529914522098,0.6184971098230145,107,10,66,73,0.019604492187500003,0.003365384615384615,0.01623910757211539
5,crp_dataset_8_1_5.csv|crp_dataset_8_1_8.csv|crp_dataset_8_1_2.csv|crp_dataset_8_1_7.csv|crp_dataset_8_1_1.csv,crp_dataset_8_1_6.csv,0.6270886,0.7753623188349612,0.7642857142802552,107,31,33,85,0.026928710937500003,0.012137681159420289,0.014791029778079714
5,crp_dataset_8_1_5.csv|crp_dataset_8_1_8.csv|crp_dataset_8_1_2.csv|crp_dataset_8_1_7.csv|crp_dataset_8_1_6.csv,crp_dataset_8_1_4.csv,0.66629344,0.9549549549463517,0.8091603053373347,106,5,25,120,0.023046875,0.0014076576576576576,0.021639217342342344
5,crp_dataset_8_1_5.csv|crp_dataset_8_1_8.csv|crp_dataset_8_1_2.csv|crp_dataset_8_1_7.csv|crp_dataset_8_1_6.csv,crp_dataset_8_1_3.csv,0.66629344,0.9722222222132201,0.6069364161814629,105,3,68,80,0.019604492187500003,0.001388888888888889,0.018215603298611115
5,crp_dataset_8_1_5.csv|crp_dataset_8_1_8.csv|crp_dataset_8_1_2.csv|crp_dataset_8_1_7.csv|crp_dataset_8_1_6.csv,crp_dataset_8_1_1.csv,0.66629344,0.9999999999791668,0.3809523809493575,48,0,78,130,0.0252685546875,0.0,0.0252685546875
5,crp_dataset_8_1_5.csv|crp_dataset_8_1_8.csv|crp_dataset_8_1_2.csv|crp_dataset_8_1_1.csv|crp_dataset_8_1_6.csv,crp_dataset_8_1_4.csv,0.6210004,0.9008264462735469,0.8320610686959385,109,12,22,113,0.023046875,0.004183884297520661,0.01886299070247934
5,crp_dataset_8_1_5.csv|crp_dataset_8_1_8.csv|crp_dataset_8_1_2.csv|crp_dataset_8_1_1.csv|crp_dataset_8_1_6.csv,crp_dataset_8_1_3.csv,0.6210004,0.909090909083396,0.635838150285342,110,11,63,72,0.019604492187500003,0.003615702479338843,0.015988789708161158
5,crp_dataset_8_1_5.csv|crp_dataset_8_1_8.csv|crp_dataset_8_1_2.csv|crp_dataset_8_1_1.csv|crp_dataset_8_1_6.csv,crp_dataset_8_1_7.csv,0.6210004,0.9319148936130557,0.9954545454500207,219,16,1,20,0.0095703125,0.0026595744680851063,0.006910738031914894
5,crp_dataset_8_1_5.csv|crp_dataset_8_1_8.csv|crp_dataset_8_1_7.csv|crp_dataset_8_1_1.csv|crp_dataset_8_1_6.csv,crp_dataset_8_1_4.csv,0.60286856,0.8991596638579902,0.816793893123536,107,12,24,113,0.023046875,0.004674369747899159,0.018372505252100844
5,crp_dataset_8_1_5.csv|crp_dataset_8_1_8.csv|crp_dataset_8_1_7.csv|crp_dataset_8_1_1.csv|crp_dataset_8_1_6.csv,crp_dataset_8_1_3.csv,0.60286856,0.902439024382907,0.6416184971061178,111,12,62,71,0.019604492187500003,0.004319105691056911,0.015285386496443093
5,crp_dataset_8_1_5.csv|crp_dataset_8_1_8.csv|crp_dataset_8_1_7.csv|crp_dataset_8_1_1.csv|crp_dataset_8_1_6.csv,crp_dataset_8_1_2.csv,0.60286856,0.7843137254825067,0.6722689075573759,80,22,39,115,0.03945312499999999,0.006924019607843138,0.03252910539215685
5,crp_dataset_8_1_5.csv|crp_dataset_8_1_4.csv|crp_dataset_8_1_3.csv|crp_dataset_8_1_2.csv|crp_dataset_8_1_7.csv,crp_dataset_8_1_8.csv,0.6087635,0.874999999986328,0.40579710144633485,56,8,82,110,0.0283203125,0.004296875,0.0240234375
5,crp_dataset_8_1_5.csv|crp_dataset_8_1_4.csv|crp_dataset_8_1_3.csv|crp_dataset_8_1_2.csv|crp_dataset_8_1_7.csv,crp_dataset_8_1_1.csv,0.6087635,0.9830508474409653,0.460317460313807,58,1,68,129,0.0252685546875,0.00031779661016949156,0.02495075807733051
5,crp_dataset_8_1_5.csv|crp_dataset_8_1_4.csv|crp_dataset_8_1_3.csv|crp_dataset_8_1_2.csv|crp_dataset_8_1_7.csv,crp_dataset_8_1_6.csv,0.6087635,0.949999999988125,0.5428571428532654,76,4,64,112,0.026928710937500003,0.001328125,0.025600585937500003
5,crp_dataset_8_1_5.csv|crp_dataset_8_1_4.csv|crp_dataset_8_1_3.csv|crp_dataset_8_1_2.csv|crp_dataset_8_1_1.csv,crp_dataset_8_1_8.csv,0.63228893,0.7654320987559823,0.449275362315585,62,19,76,99,0.0283203125,0.0067901234567901226,0.02153018904320988
5,crp_dataset_8_1_5.csv|crp_dataset_8_1_4.csv|crp_dataset_8_1_3.csv|crp_dataset_8_1_2.csv|crp_dataset_8_1_1.csv,crp_dataset_8_1_7.csv,0.63228893,0.9166666666628472,0.9999999999954546,220,20,0,16,0.0095703125,0.004348958333333333,0.0052213541666666675
5,crp_dataset_8_1_5.csv|crp_dataset_8_1_4.csv|crp_dataset_8_1_3.csv|crp_dataset_8_1_2.csv|crp_dataset_8_1_1.csv,crp_dataset_8_1_6.csv,0.63228893,0.7737226277315787,0.757142857137449,106,31,34,85,0.026928710937500003,0.013503649635036497,0.013425061302463506
5,crp_dataset_8_1_5.csv|crp_dataset_8_1_4.csv|crp_dataset_8_1_3.csv|crp_dataset_8_1_2.csv|crp_dataset_8_1_6.csv,crp_dataset_8_1_8.csv,0.6335529,0.8108108107998538,0.4347826086925016,60,14,78,104,0.0283203125,0.005405405405405404,0.022914907094594594
5,crp_dataset_8_1_5.csv|crp_dataset_8_1_4.csv|crp_dataset_8_1_3.csv|crp_dataset_8_1_2.csv|crp_dataset_8_1_6.csv,crp_dataset_8_1_7.csv,0.6335529,0.9561403508729994,0.9909090909045868,218,10,2,26,0.0095703125,0.0013706140350877192,0.00819969846491228
5,crp_dataset_8_1_5.csv|crp_dataset_8_1_4.csv|crp_dataset_8_1_3.csv|crp_dataset_8_1_2.csv|crp_dataset_8_1_6.csv,crp_dataset_8_1_1.csv,0.6335529,0.9374999999853515,0.4761904761866969,60,4,66,126,0.0252685546875,0.0013671875000000001,0.0239013671875
5,crp_dataset_8_1_5.csv|crp_dataset_8_1_4.csv|crp_dataset_8_1_3.csv|crp_dataset_8_1_7.csv|crp_dataset_8_1_1.csv,crp_dataset_8_1_8.csv,0.6691623,0.8142857142740816,0.4130434782578765,57,13,81,105,0.0283203125,0.0051785714285714265,0.023141741071428572
5,crp_dataset_8_1_5.csv|crp_dataset_8_1_4.csv|crp_dataset_8_1_3.csv|crp_dataset_8_1_7.csv|crp_dataset_8_1_1.csv,crp_dataset_8_1_2.csv,0.6691623,0.8426966292040146,0.6302521008350399,75,14,44,123,0.03945312499999999,0.003932584269662921,0.03552054073033707
5,crp_dataset_8_1_5.csv|crp_dataset_8_1_4.csv|crp_dataset_8_1_3.csv|crp_dataset_8_1_7.csv|crp_dataset_8_1_1.csv,crp_dataset_8_1_6.csv,0.6691623,0.9019607843048827,0.6571428571381633,92,10,48,106,0.026928710937500003,0.00545343137254902,0.02147527956495098
5,crp_dataset_8_1_5.csv|crp_dataset_8_1_4.csv|crp_dataset_8_1_3.csv|crp_dataset_8_1_7.csv|crp_dataset_8_1_6.csv,crp_dataset_8_1_8.csv,0.7378809,0.8133333333224888,0.4420289855040433,61,14,77,104,0.0283203125,0.005166666666666666,0.023153645833333333
5,crp_dataset_8_1_5.csv|crp_dataset_8_1_4.csv|crp_dataset_8_1_3.csv|crp_dataset_8_1_7.csv|crp_dataset_8_1_6.csv,crp_dataset_8_1_2.csv,0.7378809,0.8315789473596675,0.6638655462129087,79,16,40,121,0.03945312499999999,0.004539473684210526,0.03491365131578947
5,crp_dataset_8_1_5.csv|crp_dataset_8_1_4.csv|crp_dataset_8_1_3.csv|crp_dataset_8_1_7.csv|crp_dataset_8_1_6.csv,crp_dataset_8_1_1.csv,0.7378809,0.9672131147382425,0.46825396825025195,59,2,67,128,0.0252685546875,0.000819672131147541,0.02444888255635246
5,crp_dataset_8_1_5.csv|crp_dataset_8_1_4.csv|crp_dataset_8_1_3.csv|crp_dataset_8_1_1.csv|crp_dataset_8_1_6.csv,crp_dataset_8_1_8.csv,0.64703727,0.7922077921975038,0.4420289855040433,61,16,77,102,0.0283203125,0.005681818181818181,0.02263849431818182
5,crp_dataset_8_1_5.csv|crp_dataset_8_1_4.csv|crp_dataset_8_1_3.csv|crp_dataset_8_1_1.csv|crp_dataset_8_1_6.csv,crp_dataset_8_1_2.csv,0.64703727,0.8404255319059529,0.6638655462129087,79,15,40,122,0.03945312499999999,0.004321808510638298,0.03513131648936169
5,crp_dataset_8_1_5.csv|crp_dataset_8_1_4.csv|crp_dataset_8_1_3.csv|crp_dataset_8_1_1.csv|crp_dataset_8_1_6.csv,crp_dataset_8_1_7.csv,0.64703727,0.9319148936130557,0.9954545454500207,219,16,1,20,0.0095703125,0.0030319148936170217,0.006538397606382979
5,crp_dataset_8_1_5.csv|crp_dataset_8_1_4.csv|crp_dataset_8_1_2.csv|crp_dataset_8_1_7.csv|crp_dataset_8_1_1.csv,crp_dataset_8_1_8.csv,0.81961036,0.8309859154812537,0.4275362318809599,59,12,79,106,0.0283203125,0.005017605633802815,0.023302706866197183
5,crp_dataset_8_1_5.csv|crp_dataset_8_1_4.csv|crp_dataset_8_1_2.csv|crp_dataset_8_1_7.csv|crp_dataset_8_1_1.csv,crp_dataset_8_1_3.csv,0.81961036,0.9636363636276033,0.6127167630022387,106,4,67,79,0.019604492187500003,0.0010227272727272726,0.01858176491477273
5,crp_dataset_8_1_5.csv|crp_dataset_8_1_4.csv|crp_dataset_8_1_2.csv|crp_dataset_8_1_7.csv|crp_dataset_8_1_1.csv,crp_dataset_8_1_6.csv,0.81961036,0.9740259740133242,0.5357142857104592,75,2,65,114,0.026928710937500003,0.00048701298701298707,0.026441697950487016
5,crp_dataset_8_1_5.csv|crp_dataset_8_1_4.csv|crp_dataset_8_1_2.csv|crp_dataset_8_1_7.csv|crp_dataset_8_1_6.csv,crp_dataset_8_1_8.csv,0.7361982,0.8082191780711202,0.4275362318809599,59,14,79,104,0.0283203125,0.005136986301369862,0.023183326198630137
5,crp_dataset_8_1_5.csv|crp_dataset_8_1_4.csv|crp_dataset_8_1_2.csv|crp_dataset_8_1_7.csv|crp_dataset_8_1_6.csv,crp_dataset_8_1_3.csv,0.7361982,0.9819819819731352,0.6300578034645662,109,2,64,81,0.019604492187500003,0.0003378378378378379,0.019266654349662165
5,crp_dataset_8_1_5.csv|crp_dataset_8_1_4.csv|crp_dataset_8_1_2.csv|crp_dataset_8_1_7.csv|crp_dataset_8_1_6.csv,crp_dataset_8_1_1.csv,0.7361982,0.9824561403336411,0.4444444444409171,56,1,70,129,0.0252685546875,0.0004385964912280702,0.02482995819627193
5,crp_dataset_8_1_5.csv|crp_dataset_8_1_4.csv|crp_dataset_8_1_2.csv|crp_dataset_8_1_1.csv|crp_dataset_8_1_6.csv,crp_dataset_8_1_8.csv,0.6288214,0.753086419743789,0.4420289855040433,61,20,77,98,0.0283203125,0.007175925925925925,0.021144386574074074
5,crp_dataset_8_1_5.csv|crp_dataset_8_1_4.csv|crp_dataset_8_1_2.csv|crp_dataset_8_1_1.csv|crp_dataset_8_1_6.csv,crp_dataset_8_1_3.csv,0.6288214,0.9105691056836539,0.6473988439268937,112,11,61,72,0.019604492187500003,0.0036077235772357724,0.01599676861026423
5,crp_dataset_8_1_5.csv|crp_dataset_8_1_4.csv|crp_dataset_8_1_2.csv|crp_dataset_8_1_1.csv|crp_dataset_8_1_6.csv,crp_dataset_8_1_7.csv,0.6288214,0.9090909090871525,0.9999999999954546,220,22,0,14,0.0095703125,0.004519628099173553,0.005050684400826447
5,crp_dataset_8_1_5.csv|crp_dataset_8_1_4.csv|crp_dataset_8_1_7.csv|crp_dataset_8_1_1.csv|crp_dataset_8_1_6.csv,crp_dataset_8_1_8.csv,0.65714145,0.7922077921975038,0.4420289855040433,61,16,77,102,0.0283203125,0.005681818181818181,0.02263849431818182
5,crp_dataset_8_1_5.csv|crp_dataset_8_1_4.csv|crp_dataset_8_1_7.csv|crp_dataset_8_1_1.csv|crp_dataset_8_1_6.csv,crp_dataset_8_1_3.csv,0.65714145,0.9487179487098399,0.6416184971061178,111,6,62,77,0.019604492187500003,0.0016025641025641025,0.0180019280849359
5,crp_dataset_8_1_5.csv|crp_dataset_8_1_4.csv|crp_dataset_8_1_7.csv|crp_dataset_8_1_1.csv|crp_dataset_8_1_6.csv,crp_dataset_8_1_2.csv,0.65714145,0.8510638297781802,0.6722689075573759,80,14,39,123,0.03945312499999999,0.00425531914893617,0.03519780585106382
5,crp_dataset_8_1_5.csv|crp_dataset_8_1_3.csv|crp_dataset_8_1_2.csv|crp_dataset_8_1_7.csv|crp_dataset_8_1_1.csv,crp_dataset_8_1_8.csv,0.6505981,0.7916666666556712,0.4130434782578765,57,15,81,103,0.0283203125,0.005729166666666666,0.022591145833333333
5,crp_dataset_8_1_5.csv|crp_dataset_8_1_3.csv|crp_dataset_8_1_2.csv|crp_dataset_8_1_7.csv|crp_dataset_8_1_1.csv,crp_dataset_8_1_4.csv,0.6505981,0.9391304347744424,0.8244274809097373,108,7,23,118,0.023046875,0.0015760869565217392,0.021470788043478264
5,crp_dataset_8_1_5.csv|crp_dataset_8_1_3.csv|crp_dataset_8_1_2.csv|crp_dataset_8_1_7.csv|crp_dataset_8_1_1.csv,crp_dataset_8_1_6.csv,0.6505981,0.823999999993408,0.7357142857090306,103,22,37,94,0.026928710937500003,0.009649999999999999,0.017278710937500004
5,crp_dataset_8_1_5.csv|crp_dataset_8_1_3.csv|crp_dataset_8_1_2.csv|crp_dataset_8_1_7.csv|crp_dataset_8_1_6.csv,crp_dataset_8_1_8.csv,0.7148169,0.8450704225233088,0.4347826086925016,60,11,78,107,0.0283203125,0.005281690140845069,0.02303862235915493
5,crp_dataset_8_1_5.csv|crp_dataset_8_1_3.csv|crp_dataset_8_1_2.csv|crp_dataset_8_1_7.csv|crp_dataset_8_1_6.csv,crp_dataset_8_1_4.csv,0.7148169,0.9557522123809226,0.8244274809097373,108,5,23,120,0.023046875,0.0012168141592920356,0.021830060840707967
5,crp_dataset_8_1_5.csv|crp_dataset_8_1_3.csv|crp_dataset_8_1_2.csv|crp_dataset_8_1_7.csv|crp_dataset_8_1_6.csv,crp_dataset_8_1_1.csv,0.7148169,0.9516129032104579,0.46825396825025195,59,3,67,127,0.0252685546875,0.0010080645161290322,0.02426049017137097
5,crp_dataset_8_1_5.csv|crp_dataset_8_1_3.csv|crp_dataset_8_1_2.csv|crp_dataset_8_1_1.csv|crp_dataset_8_1_6.csv,crp_dataset_8_1_8.csv,0.6077374,0.7529411764617301,0.4637681159386684,64,21,74,97,0.0283203125,0.00713235294117647,0.02118795955882353
5,crp_dataset_8_1_5.csv|crp_dataset_8_1_3.csv|crp_dataset_8_1_2.csv|crp_dataset_8_1_1.csv|crp_dataset_8_1_6.csv,crp_dataset_8_1_4.csv,0.6077374,0.8870967741863943,0.8396946564821398,110,14,21,111,0.023046875,0.00438508064516129,0.01866179435483871
5,crp_dataset_8_1_5.csv|crp_dataset_8_1_3.csv|crp_dataset_8_1_2.csv|crp_dataset_8_1_1.csv|crp_dataset_8_1_6.csv,crp_dataset_8_1_7.csv,0.6077374,0.9128630705356313,0.9999999999954546,220,21,0,15,0.0095703125,0.004434647302904565,0.005135665197095436
5,crp_dataset_8_1_5.csv|crp_dataset_8_1_3.csv|crp_dataset_8_1_7.csv|crp_dataset_8_1_1.csv|crp_dataset_8_1_6.csv,crp_dataset_8_1_8.csv,0.8229419,0.8115942028867884,0.40579710144633485,56,13,82,105,0.0283203125,0.005615942028985506,0.022704370471014493
5,crp_dataset_8_1_5.csv|crp_dataset_8_1_3.csv|crp_dataset_8_1_7.csv|crp_dataset_8_1_1.csv|crp_dataset_8_1_6.csv,crp_dataset_8_1_4.csv,0.8229419,0.9380530973368314,0.8091603053373347,106,7,25,118,0.023046875,0.001769911504424779,0.021276963495575223
5,crp_dataset_8_1_5.csv|crp_dataset_8_1_3.csv|crp_dataset_8_1_7.csv|crp_dataset_8_1_1.csv|crp_dataset_8_1_6.csv,crp_dataset_8_1_2.csv,0.8229419,0.8690476190372732,0.6134453781461054,73,11,46,126,0.03945312499999999,0.0035714285714285718,0.03588169642857142
5,crp_dataset_8_1_5.csv|crp_dataset_8_1_2.csv|crp_dataset_8_1_7.csv|crp_dataset_8_1_1.csv|crp_dataset_8_1_6.csv,crp_dataset_8_1_8.csv,0.6081683,0.7894736842001384,0.4347826086925016,60,16,78,102,0.0283203125,0.00600328947368421,0.022317023026315788
5,crp_dataset_8_1_5.csv|crp_dataset_8_1_2.csv|crp_dataset_8_1_7.csv|crp_dataset_8_1_1.csv|crp_dataset_8_1_6.csv,crp_dataset_8_1_4.csv,0.6081683,0.9396551724056926,0.8320610686959385,109,7,22,118,0.023046875,0.001670258620689655,0.021376616379310348
5,crp_dataset_8_1_5.csv|crp_dataset_8_1_2.csv|crp_dataset_8_1_7.csv|crp_dataset_8_1_1.csv|crp_dataset_8_1_6.csv,crp_dataset_8_1_3.csv,0.6081683,0.918032786877721,0.6473988439268937,112,10,61,73,0.019604492187500003,0.0032274590163934424,0.01637703317110656
5,crp_dataset_8_1_8.csv|crp_dataset_8_1_4.csv|crp_dataset_8_1_3.csv|crp_dataset_8_1_2.csv|crp_dataset_8_1_7.csv,crp_dataset_8_1_5.csv,0.7242281,0.8860759493558724,0.699999999993,70,9,30,147,0.039282226562499994,0.003006329113924051,0.03627589744857594
5,crp_dataset_8_1_8.csv|crp_dataset_8_1_4.csv|crp_dataset_8_1_3.csv|crp_dataset_8_1_2.csv|crp_dataset_8_1_7.csv,crp_dataset_8_1_1.csv,0.7242281,0.9655172413626636,0.4444444444409171,56,2,70,128,0.0252685546875,0.0006465517241379311,0.024622002963362068
5,crp_dataset_8_1_8.csv|crp_dataset_8_1_4.csv|crp_dataset_8_1_3.csv|crp_dataset_8_1_2.csv|crp_dataset_8_1_7.csv,crp_dataset_8_1_6.csv,0.7242281,0.9999999999863013,0.521428571424847,73,0,67,116,0.026928710937500003,8.561643835616438e-05,0.02684309449914384
5,crp_dataset_8_1_8.csv|crp_dataset_8_1_4.csv|crp_dataset_8_1_3.csv|crp_dataset_8_1_2.csv|crp_dataset_8_1_1.csv,crp_dataset_8_1_5.csv,0.6988928,0.8191489361614984,0.7699999999923,77,17,23,139,0.039282226562499994,0.00511968085106383,0.03416254571143616
5,crp_dataset_8_1_8.csv|crp_dataset_8_1_4.csv|crp_dataset_8_1_3.csv|crp_dataset_8_1_2.csv|crp_dataset_8_1_1.csv,crp_dataset_8_1_7.csv,0.6988928,0.9243697478952758,0.9999999999954546,220,18,0,18,0.0095703125,0.003308823529411765,0.006261488970588236
5,crp_dataset_8_1_8.csv|crp_dataset_8_1_4.csv|crp_dataset_8_1_3.csv|crp_dataset_8_1_2.csv|crp_dataset_8_1_1.csv,crp_dataset_8_1_6.csv,0.6988928,0.8504672897116778,0.6499999999953572,91,16,49,100,0.026928710937500003,0.00735981308411215,0.01956889785338785
5,crp_dataset_8_1_8.csv|crp_dataset_8_1_4.csv|crp_dataset_8_1_3.csv|crp_dataset_8_1_2.csv|crp_dataset_8_1_6.csv,crp_dataset_8_1_5.csv,0.60304856,0.8020833333249783,0.7699999999923,77,19,23,137,0.039282226562499994,0.005598958333333334,0.03368326822916666
5,crp_dataset_8_1_8.csv|crp_dataset_8_1_4.csv|crp_dataset_8_1_3.csv|crp_dataset_8_1_2.csv|crp_dataset_8_1_6.csv,crp_dataset_8_1_7.csv,0.60304856,0.9401709401669224,0.9999999999954546,220,14,0,22,0.0095703125,0.002163461538461539,0.007406850961538461
5,crp_dataset_8_1_8.csv|crp_dataset_8_1_4.csv|crp_dataset_8_1_3.csv|crp_dataset_8_1_2.csv|crp_dataset_8_1_6.csv,crp_dataset_8_1_1.csv,0.60304856,0.859154929565364,0.4841269841231418,61,10,65,120,0.0252685546875,0.003961267605633803,0.021307287081866196
5,crp_dataset_8_1_8.csv|crp_dataset_8_1_4.csv|crp_dataset_8_1_3.csv|crp_dataset_8_1_7.csv|crp_dataset_8_1_1.csv,crp_dataset_8_1_5.csv,0.65947396,0.8369565217300331,0.7699999999923,77,15,23,141,0.039282226562499994,0.0046875,0.0345947265625
5,crp_dataset_8_1_8.csv|crp_dataset_8_1_4.csv|crp_dataset_8_1_3.csv|crp_dataset_8_1_7.csv|crp_dataset_8_1_1.csv,crp_dataset_8_1_2.csv,0.65947396,0.816326530603915,0.6722689075573759,80,18,39,119,0.03945312499999999,0.00548469387755102,0.033968431122448975
5,crp_dataset_8_1_8.csv|crp_dataset_8_1_4.csv|crp_dataset_8_1_3.csv|crp_dataset_8_1_7.csv|crp_dataset_8_1_1.csv,crp_dataset_8_1_6.csv,0.65947396,0.9108910890998921,0.6571428571381633,92,9,48,107,0.026928710937500003,0.004207920792079208,0.022720790145420795
5,crp_dataset_8_1_8.csv|crp_dataset_8_1_4.csv|crp_dataset_8_1_3.csv|crp_dataset_8_1_7.csv|crp_dataset_8_1_6.csv,crp_dataset_8_1_5.csv,0.6857546,0.8915662650494992,0.7399999999926,74,9,26,147,0.039282226562499994,0.0029367469879518077,0.03634547957454819
5,crp_dataset_8_1_8.csv|crp_dataset_8_1_4.csv|crp_dataset_8_1_3.csv|crp_dataset_8_1_7.csv|crp_dataset_8_1_6.csv,crp_dataset_8_1_2.csv,0.6857546,0.8674698795076208,0.6050420168016383,72,11,47,126,0.03945312499999999,0.003614457831325301,0.03583866716867469
5,crp_dataset_8_1_8.csv|crp_dataset_8_1_4.csv|crp_dataset_8_1_3.csv|crp_dataset_8_1_7.csv|crp_dataset_8_1_6.csv,crp_dataset_8_1_1.csv,0.6857546,0.9824561403336411,0.4444444444409171,56,1,70,129,0.0252685546875,0.0003289473684210526,0.024939607319078946
5,crp_dataset_8_1_8.csv|crp_dataset_8_1_4.csv|crp_dataset_8_1_3.csv|crp_dataset_8_1_1.csv|crp_dataset_8_1_6.csv,crp_dataset_8_1_5.csv,0.6415296,0.7857142857062682,0.7699999999923,77,21,23,135,0.039282226562499994,0.006568877551020407,0.032713349011479584
5,crp_dataset_8_1_8.csv|crp_dataset_8_1_4.csv|crp_dataset_8_1_3.csv|crp_dataset_8_1_1.csv|crp_dataset_8_1_6.csv,crp_dataset_8_1_2.csv,0.6415296,0.7961165048466396,0.6890756302463102,82,21,37,116,0.03945312499999999,0.00637135922330097,0.033081765776699024
5,crp_dataset_8_1_8.csv|crp_dataset_8_1_4.csv|crp_dataset_8_1_3.csv|crp_dataset_8_1_1.csv|crp_dataset_8_1_6.csv,crp_dataset_8_1_7.csv,0.6415296,0.9243697478952758,0.9999999999954546,220,18,0,18,0.0095703125,0.0034663865546218486,0.006103925945378152
5,crp_dataset_8_1_8.csv|crp_dataset_8_1_4.csv|crp_dataset_8_1_2.csv|crp_dataset_8_1_7.csv|crp_dataset_8_1_1.csv,crp_dataset_8_1_5.csv,0.61772656,0.8020833333249783,0.7699999999923,77,19,23,137,0.039282226562499994,0.0057942708333333336,0.03348795572916666
5,crp_dataset_8_1_8.csv|crp_dataset_8_1_4.csv|crp_dataset_8_1_2.csv|crp_dataset_8_1_7.csv|crp_dataset_8_1_1.csv,crp_dataset_8_1_3.csv,0.61772656,0.9256198347030941,0.6473988439268937,112,9,61,74,0.019604492187500003,0.0031508264462809916,0.016453665741219013
5,crp_dataset_8_1_8.csv|crp_dataset_8_1_4.csv|crp_dataset_8_1_2.csv|crp_dataset_8_1_7.csv|crp_dataset_8_1_1.csv,crp_dataset_8_1_6.csv,0.61772656,0.9381443298872356,0.6499999999953572,91,6,49,110,0.026928710937500003,0.002061855670103093,0.02486685526739691
5,crp_dataset_8_1_8.csv|crp_dataset_8_1_4.csv|crp_dataset_8_1_2.csv|crp_dataset_8_1_7.csv|crp_dataset_8_1_6.csv,crp_dataset_8_1_5.csv,0.66760457,0.8636363636265495,0.7599999999924,76,12,24,144,0.039282226562499994,0.00390625,0.035375976562499994
5,crp_dataset_8_1_8.csv|crp_dataset_8_1_4.csv|crp_dataset_8_1_2.csv|crp_dataset_8_1_7.csv|crp_dataset_8_1_6.csv,crp_dataset_8_1_3.csv,0.66760457,0.9652173912959546,0.6416184971061178,111,4,62,79,0.019604492187500003,0.0006521739130434783,0.018952318274456523
5,crp_dataset_8_1_8.csv|crp_dataset_8_1_4.csv|crp_dataset_8_1_2.csv|crp_dataset_8_1_7.csv|crp_dataset_8_1_6.csv,crp_dataset_8_1_1.csv,0.66760457,0.9661016948988796,0.45238095237736203,57,2,69,128,0.0252685546875,0.0006355932203389831,0.024632961467161017
5,crp_dataset_8_1_8.csv|crp_dataset_8_1_4.csv|crp_dataset_8_1_2.csv|crp_dataset_8_1_1.csv|crp_dataset_8_1_6.csv,crp_dataset_8_1_5.csv,0.63991684,0.8191489361614984,0.7699999999923,77,17,23,139,0.039282226562499994,0.004986702127659575,0.03429552443484042
5,crp_dataset_8_1_8.csv|crp_dataset_8_1_4.csv|crp_dataset_8_1_2.csv|crp_dataset_8_1_1.csv|crp_dataset_8_1_6.csv,crp_dataset_8_1_3.csv,0.63991684,0.9565217391221171,0.635838150285342,110,5,63,78,0.019604492187500003,0.001141304347826087,0.018463187839673916
5,crp_dataset_8_1_8.csv|crp_dataset_8_1_4.csv|crp_dataset_8_1_2.csv|crp_dataset_8_1_1.csv|crp_dataset_8_1_6.csv,crp_dataset_8_1_7.csv,0.63991684,0.9399141630860949,0.9954545454500207,219,14,1,22,0.0095703125,0.0023873390557939914,0.007182973444206009
5,crp_dataset_8_1_8.csv|crp_dataset_8_1_4.csv|crp_dataset_8_1_7.csv|crp_dataset_8_1_1.csv|crp_dataset_8_1_6.csv,crp_dataset_8_1_5.csv,0.61021924,0.827956989238409,0.7699999999923,77,16,23,140,0.039282226562499994,0.004637096774193549,0.034645129788306445
5,crp_dataset_8_1_8.csv|crp_dataset_8_1_4.csv|crp_dataset_8_1_7.csv|crp_dataset_8_1_1.csv|crp_dataset_8_1_6.csv,crp_dataset_8_1_3.csv,0.61021924,0.9568965517158888,0.6416184971061178,111,5,62,78,0.019604492187500003,0.0010775862068965517,0.018526905980603452
5,crp_dataset_8_1_8.csv|crp_dataset_8_1_4.csv|crp_dataset_8_1_7.csv|crp_dataset_8_1_1.csv|crp_dataset_8_1_6.csv,crp_dataset_8_1_2.csv,0.61021924,0.8247422680327345,0.6722689075573759,80,17,39,120,0.03945312499999999,0.004574742268041237,0.03487838273195876
5,crp_dataset_8_1_8.csv|crp_dataset_8_1_3.csv|crp_dataset_8_1_2.csv|crp_dataset_8_1_7.csv|crp_dataset_8_1_1.csv,crp_dataset_8_1_5.csv,0.609919,0.8409090908995351,0.7399999999926,74,14,26,142,0.039282226562499994,0.004403409090909091,0.034878817471590905
5,crp_dataset_8_1_8.csv|crp_dataset_8_1_3.csv|crp_dataset_8_1_2.csv|crp_dataset_8_1_7.csv|crp_dataset_8_1_1.csv,crp_dataset_8_1_4.csv,0.609919,0.8760330578439997,0.8091603053373347,106,15,25,110,0.023046875,0.0037706611570247936,0.019276213842975207
5,crp_dataset_8_1_8.csv|crp_dataset_8_1_3.csv|crp_dataset_8_1_2.csv|crp_dataset_8_1_7.csv|crp_dataset_8_1_1.csv,crp_dataset_8_1_6.csv,0.609919,0.6967741935438918,0.7714285714230613,108,47,32,69,0.026928710937500003,0.01754032258064516,0.009388388356854842
5,crp_dataset_8_1_8.csv|crp_dataset_8_1_3.csv|crp_dataset_8_1_2.csv|crp_dataset_8_1_7.csv|crp_dataset_8_1_6.csv,crp_dataset_8_1_5.csv,0.6135421,0.8369565217300331,0.7699999999923,77,15,23,141,0.039282226562499994,0.004483695652173913,0.03479853091032608
5,crp_dataset_8_1_8.csv|crp_dataset_8_1_3.csv|crp_dataset_8_1_2.csv|crp_dataset_8_1_7.csv|crp_dataset_8_1_6.csv,crp_dataset_8_1_4.csv,0.6135421,0.8870967741863943,0.8396946564821398,110,14,21,111,0.023046875,0.003679435483870968,0.019367439516129032
5,crp_dataset_8_1_8.csv|crp_dataset_8_1_3.csv|crp_dataset_8_1_2.csv|crp_dataset_8_1_7.csv|crp_dataset_8_1_6.csv,crp_dataset_8_1_1.csv,0.6135421,0.9523809523658353,0.4761904761866969,60,3,66,127,0.0252685546875,0.0011904761904761904,0.02407807849702381
5,crp_dataset_8_1_8.csv|crp_dataset_8_1_3.csv|crp_dataset_8_1_2.csv|crp_dataset_8_1_1.csv|crp_dataset_8_1_6.csv,crp_dataset_8_1_5.csv,0.6021415,0.8085106382892712,0.7599999999924,76,18,24,138,0.039282226562499994,0.005319148936170213,0.03396307762632978
5,crp_dataset_8_1_8.csv|crp_dataset_8_1_3.csv|crp_dataset_8_1_2.csv|crp_dataset_8_1_1.csv|crp_dataset_8_1_6.csv,crp_dataset_8_1_4.csv,0.6021415,0.8515624999933472,0.8320610686959385,109,19,22,106,0.023046875,0.006201171875,0.016845703125
5,crp_dataset_8_1_8.csv|crp_dataset_8_1_3.csv|crp_dataset_8_1_2.csv|crp_dataset_8_1_1.csv|crp_dataset_8_1_6.csv,crp_dataset_8_1_7.csv,0.6021415,0.9053497942349574,0.9999999999954546,220,23,0,13,0.0095703125,0.005195473251028807,0.004374839248971194
5,crp_dataset_8_1_8.csv|crp_dataset_8_1_3.csv|crp_dataset_8_1_7.csv|crp_dataset_8_1_1.csv|crp_dataset_8_1_6.csv,crp_dataset_8_1_5.csv,0.6003018,0.8043478260782135,0.7399999999926,74,18,26,138,0.039282226562499994,0.005366847826086957,0.03391537873641304
5,crp_dataset_8_1_8.csv|crp_dataset_8_1_3.csv|crp_dataset_8_1_7.csv|crp_dataset_8_1_1.csv|crp_dataset_8_1_6.csv,crp_dataset_8_1_4.csv,0.6003018,0.8991596638579902,0.816793893123536,107,12,24,113,0.023046875,0.003886554621848739,0.019160320378151262
5,crp_dataset_8_1_8.csv|crp_dataset_8_1_3.csv|crp_dataset_8_1_7.csv|crp_dataset_8_1_1.csv|crp_dataset_8_1_6.csv,crp_dataset_8_1_2.csv,0.6003018,0.794117647051038,0.6806722689018431,81,21,38,116,0.03945312499999999,0.006311274509803922,0.03314185049019607
5,crp_dataset_8_1_8.csv|crp_dataset_8_1_2.csv|crp_dataset_8_1_7.csv|crp_dataset_8_1_1.csv|crp_dataset_8_1_6.csv,crp_dataset_8_1_5.csv,0.67227703,0.8539325842600681,0.7599999999924,76,13,24,143,0.039282226562499994,0.004213483146067416,0.03506874341643258
5,crp_dataset_8_1_8.csv|crp_dataset_8_1_2.csv|crp_dataset_8_1_7.csv|crp_dataset_8_1_1.csv|crp_dataset_8_1_6.csv,crp_dataset_8_1_4.csv,0.67227703,0.914529914522098,0.816793893123536,107,10,24,115,0.023046875,0.0025106837606837604,0.020536191239316243
5,crp_dataset_8_1_8.csv|crp_dataset_8_1_2.csv|crp_dataset_8_1_7.csv|crp_dataset_8_1_1.csv|crp_dataset_8_1_6.csv,crp_dataset_8_1_3.csv,0.67227703,0.9396551724056926,0.6300578034645662,109,7,64,76,0.019604492187500003,0.002262931034482759,0.017341561153017243
5,crp_dataset_8_1_4.csv|crp_dataset_8_1_3.csv|crp_dataset_8_1_2.csv|crp_dataset_8_1_7.csv|crp_dataset_8_1_1.csv,crp_dataset_8_1_5.csv,0.78072983,0.8470588235194463,0.7199999999928,72,13,28,143,0.039282226562499994,0.004411764705882353,0.03487046185661764
5,crp_dataset_8_1_4.csv|crp_dataset_8_1_3.csv|crp_dataset_8_1_2.csv|crp_dataset_8_1_7.csv|crp_dataset_8_1_1.csv,crp_dataset_8_1_8.csv,0.78072983,0.8656716417781243,0.42028985506941824,58,9,80,109,0.0283203125,0.00419776119402985,0.02412255130597015
5,crp_dataset_8_1_4.csv|crp_dataset_8_1_3.csv|crp_dataset_8_1_2.csv|crp_dataset_8_1_7.csv|crp_dataset_8_1_1.csv,crp_dataset_8_1_6.csv,0.78072983,0.9767441860351541,0.5999999999957143,84,2,56,114,0.026928710937500003,0.0007994186046511629,0.02612929233284884
5,crp_dataset_8_1_4.csv|crp_dataset_8_1_3.csv|crp_dataset_8_1_2.csv|crp_dataset_8_1_7.csv|crp_dataset_8_1_6.csv,crp_dataset_8_1_5.csv,0.7466776,0.8539325842600681,0.7599999999924,76,13,24,143,0.039282226562499994,0.004213483146067416,0.03506874341643258
5,crp_dataset_8_1_4.csv|crp_dataset_8_1_3.csv|crp_dataset_8_1_2.csv|crp_dataset_8_1_7.csv|crp_dataset_8_1_6.csv,crp_dataset_8_1_8.csv,0.7466776,0.7999999999893332,0.4347826086925016,60,15,78,103,0.0283203125,0.005333333333333333,0.022986979166666668
5,crp_dataset_8_1_4.csv|crp_dataset_8_1_3.csv|crp_dataset_8_1_2.csv|crp_dataset_8_1_7.csv|crp_dataset_8_1_6.csv,crp_dataset_8_1_1.csv,0.7466776,0.9230769230627218,0.4761904761866969,60,5,66,125,0.0252685546875,0.0015384615384615385,0.023730093149038463
5,crp_dataset_8_1_4.csv|crp_dataset_8_1_3.csv|crp_dataset_8_1_2.csv|crp_dataset_8_1_1.csv|crp_dataset_8_1_6.csv,crp_dataset_8_1_5.csv,0.7109375,0.8085106382892712,0.7599999999924,76,18,24,138,0.039282226562499994,0.00538563829787234,0.03389658826462765
5,crp_dataset_8_1_4.csv|crp_dataset_8_1_3.csv|crp_dataset_8_1_2.csv|crp_dataset_8_1_1.csv|crp_dataset_8_1_6.csv,crp_dataset_8_1_8.csv,0.7109375,0.7894736842001384,0.4347826086925016,60,16,78,102,0.0283203125,0.0066611842105263165,0.021659128289473684
5,crp_dataset_8_1_4.csv|crp_dataset_8_1_3.csv|crp_dataset_8_1_2.csv|crp_dataset_8_1_1.csv|crp_dataset_8_1_6.csv,crp_dataset_8_1_7.csv,0.7109375,0.9523809523768295,0.9999999999954546,220,11,0,25,0.0095703125,0.001461038961038961,0.00810927353896104
5,crp_dataset_8_1_4.csv|crp_dataset_8_1_3.csv|crp_dataset_8_1_7.csv|crp_dataset_8_1_1.csv|crp_dataset_8_1_6.csv,crp_dataset_8_1_5.csv,0.6683416,0.8426966292040146,0.7499999999925,75,14,25,142,0.039282226562499994,0.004283707865168539,0.034998518697331456
5,crp_dataset_8_1_4.csv|crp_dataset_8_1_3.csv|crp_dataset_8_1_7.csv|crp_dataset_8_1_1.csv|crp_dataset_8_1_6.csv,crp_dataset_8_1_8.csv,0.6683416,0.7763157894634695,0.4275362318809599,59,17,79,101,0.0283203125,0.006167763157894736,0.022152549342105265
5,crp_dataset_8_1_4.csv|crp_dataset_8_1_3.csv|crp_dataset_8_1_7.csv|crp_dataset_8_1_1.csv|crp_dataset_8_1_6.csv,crp_dataset_8_1_2.csv,0.6683416,0.8367346938690129,0.6890756302463102,82,16,37,121,0.03945312499999999,0.004528061224489796,0.0349250637755102
5,crp_dataset_8_1_4.csv|crp_dataset_8_1_2.csv|crp_dataset_8_1_7.csv|crp_dataset_8_1_1.csv|crp_dataset_8_1_6.csv,crp_dataset_8_1_5.csv,0.78753537,0.888888888877915,0.7199999999928,72,9,28,147,0.039282226562499994,0.003240740740740741,0.036041485821759256
5,crp_dataset_8_1_4.csv|crp_dataset_8_1_2.csv|crp_dataset_8_1_7.csv|crp_dataset_8_1_1.csv|crp_dataset_8_1_6.csv,crp_dataset_8_1_8.csv,0.78753537,0.7605633802709779,0.39130434782325146,54,17,84,101,0.0283203125,0.006514084507042253,0.021806227992957748
5,crp_dataset_8_1_4.csv|crp_dataset_8_1_2.csv|crp_dataset_8_1_7.csv|crp_dataset_8_1_1.csv|crp_dataset_8_1_6.csv,crp_dataset_8_1_3.csv,0.78753537,0.9565217391221171,0.635838150285342,110,5,63,78,0.019604492187500003,0.0011956521739130436,0.01840884001358696
5,crp_dataset_8_1_3.csv|crp_dataset_8_1_2.csv|crp_dataset_8_1_7.csv|crp_dataset_8_1_1.csv|crp_dataset_8_1_6.csv,crp_dataset_8_1_5.csv,0.71795577,0.8690476190372732,0.7299999999926999,73,11,27,145,0.039282226562499994,0.0035714285714285713,0.03571079799107142
5,crp_dataset_8_1_3.csv|crp_dataset_8_1_2.csv|crp_dataset_8_1_7.csv|crp_dataset_8_1_1.csv|crp_dataset_8_1_6.csv,crp_dataset_8_1_8.csv,0.71795577,0.7894736842001384,0.4347826086925016,60,16,78,102,0.0283203125,0.006085526315789474,0.022234786184210525
5,crp_dataset_8_1_3.csv|crp_dataset_8_1_2.csv|crp_dataset_8_1_7.csv|crp_dataset_8_1_1.csv|crp_dataset_8_1_6.csv,crp_dataset_8_1_4.csv,0.71795577,0.9357798165051763,0.7786259541925297,102,7,29,118,0.023046875,0.0014334862385321102,0.021613388761467893
6,crp_dataset_8_1_5.csv|crp_dataset_8_1_8.csv|crp_dataset_8_1_4.csv|crp_dataset_8_1_3.csv|crp_dataset_8_1_2.csv|crp_dataset_8_1_7.csv,crp_dataset_8_1_1.csv,0.6578923,0.9374999999853515,0.4761904761866969,60,4,66,126,0.0252685546875,0.0013671875,0.0239013671875
6,crp_dataset_8_1_5.csv|crp_dataset_8_1_8.csv|crp_dataset_8_1_4.csv|crp_dataset_8_1_3.csv|crp_dataset_8_1_2.csv|crp_dataset_8_1_7.csv,crp_dataset_8_1_6.csv,0.6578923,0.9268292682813801,0.5428571428532654,76,6,64,110,0.026928710937500003,0.0027439024390243905,0.024184808498475614
6,crp_dataset_8_1_5.csv|crp_dataset_8_1_8.csv|crp_dataset_8_1_4.csv|crp_dataset_8_1_3.csv|crp_dataset_8_1_2.csv|crp_dataset_8_1_1.csv,crp_dataset_8_1_7.csv,0.6012895,0.9087136929422875,0.9954545454500207,219,22,1,14,0.0095703125,0.004823651452282158,0.004746661047717843
6,crp_dataset_8_1_5.csv|crp_dataset_8_1_8.csv|crp_dataset_8_1_4.csv|crp_dataset_8_1_3.csv|crp_dataset_8_1_2.csv|crp_dataset_8_1_1.csv,crp_dataset_8_1_6.csv,0.6012895,0.7938931297649322,0.7428571428518368,104,27,36,89,0.026928710937500003,0.012118320610687022,0.01481039032681298
6,crp_dataset_8_1_5.csv|crp_dataset_8_1_8.csv|crp_dataset_8_1_4.csv|crp_dataset_8_1_3.csv|crp_dataset_8_1_2.csv|crp_dataset_8_1_6.csv,crp_dataset_8_1_7.csv,0.73031014,0.9687499999956752,0.9863636363591529,217,7,3,29,0.0095703125,0.0011997767857142856,0.008370535714285716
6,crp_dataset_8_1_5.csv|crp_dataset_8_1_8.csv|crp_dataset_8_1_4.csv|crp_dataset_8_1_3.csv|crp_dataset_8_1_2.csv|crp_dataset_8_1_6.csv,crp_dataset_8_1_1.csv,0.73031014,0.9999999999824563,0.45238095237736203,57,0,69,130,0.0252685546875,0.0,0.0252685546875
6,crp_dataset_8_1_5.csv|crp_dataset_8_1_8.csv|crp_dataset_8_1_4.csv|crp_dataset_8_1_3.csv|crp_dataset_8_1_7.csv|crp_dataset_8_1_1.csv,crp_dataset_8_1_2.csv,0.6097477,0.816326530603915,0.6722689075573759,80,18,39,119,0.03945312499999999,0.005165816326530612,0.03428730867346938
6,crp_dataset_8_1_5.csv|crp_dataset_8_1_8.csv|crp_dataset_8_1_4.csv|crp_dataset_8_1_3.csv|crp_dataset_8_1_7.csv|crp_dataset_8_1_1.csv,crp_dataset_8_1_6.csv,0.6097477,0.9238095238007256,0.6928571428521939,97,8,43,108,0.026928710937500003,0.0035714285714285713,0.02335728236607143
6,crp_dataset_8_1_5.csv|crp_dataset_8_1_8.csv|crp_dataset_8_1_4.csv|crp_dataset_8_1_3.csv|crp_dataset_8_1_7.csv|crp_dataset_8_1_6.csv,crp_dataset_8_1_2.csv,0.6545506,0.8522727272630424,0.6302521008350399,75,13,44,124,0.03945312499999999,0.00390625,0.03554687499999999
6,crp_dataset_8_1_5.csv|crp_dataset_8_1_8.csv|crp_dataset_8_1_4.csv|crp_dataset_8_1_3.csv|crp_dataset_8_1_7.csv|crp_dataset_8_1_6.csv,crp_dataset_8_1_1.csv,0.6545506,0.9499999999841667,0.45238095237736203,57,3,69,127,0.0252685546875,0.0009374999999999999,0.0243310546875
6,crp_dataset_8_1_5.csv|crp_dataset_8_1_8.csv|crp_dataset_8_1_4.csv|crp_dataset_8_1_3.csv|crp_dataset_8_1_1.csv|crp_dataset_8_1_6.csv,crp_dataset_8_1_2.csv,0.67002684,0.8350515463831437,0.6806722689018431,81,16,38,121,0.03945312499999999,0.004510309278350516,0.03494281572164948
6,crp_dataset_8_1_5.csv|crp_dataset_8_1_8.csv|crp_dataset_8_1_4.csv|crp_dataset_8_1_3.csv|crp_dataset_8_1_1.csv|crp_dataset_8_1_6.csv,crp_dataset_8_1_7.csv,0.67002684,0.9322033898265585,0.9999999999954546,220,16,0,20,0.0095703125,0.0030190677966101696,0.006551244703389831
6,crp_dataset_8_1_5.csv|crp_dataset_8_1_8.csv|crp_dataset_8_1_4.csv|crp_dataset_8_1_2.csv|crp_dataset_8_1_7.csv|crp_dataset_8_1_1.csv,crp_dataset_8_1_3.csv,0.71141136,0.9819819819731352,0.6300578034645662,109,2,64,81,0.019604492187500003,0.00028153153153153153,0.01932296065596847
6,crp_dataset_8_1_5.csv|crp_dataset_8_1_8.csv|crp_dataset_8_1_4.csv|crp_dataset_8_1_2.csv|crp_dataset_8_1_7.csv|crp_dataset_8_1_1.csv,crp_dataset_8_1_6.csv,0.71141136,0.9512195121835216,0.5571428571388776,78,4,62,112,0.026928710937500003,0.0012195121951219512,0.02570919874237805
6,crp_dataset_8_1_5.csv|crp_dataset_8_1_8.csv|crp_dataset_8_1_4.csv|crp_dataset_8_1_2.csv|crp_dataset_8_1_7.csv|crp_dataset_8_1_6.csv,crp_dataset_8_1_3.csv,0.6155513,0.9649122806932902,0.635838150285342,110,4,63,79,0.019604492187500003,0.0006030701754385965,0.019001422012061408
6,crp_dataset_8_1_5.csv|crp_dataset_8_1_8.csv|crp_dataset_8_1_4.csv|crp_dataset_8_1_2.csv|crp_dataset_8_1_7.csv|crp_dataset_8_1_6.csv,crp_dataset_8_1_1.csv,0.6155513,0.9649122806848262,0.43650793650447217,55,2,71,128,0.0252685546875,0.0006578947368421054,0.024610659950657896
6,crp_dataset_8_1_5.csv|crp_dataset_8_1_8.csv|crp_dataset_8_1_4.csv|crp_dataset_8_1_2.csv|crp_dataset_8_1_1.csv|crp_dataset_8_1_6.csv,crp_dataset_8_1_3.csv,0.68855566,0.9561403508688058,0.6300578034645662,109,5,64,78,0.019604492187500003,0.001425438596491228,0.018179053591008774
6,crp_dataset_8_1_5.csv|crp_dataset_8_1_8.csv|crp_dataset_8_1_4.csv|crp_dataset_8_1_2.csv|crp_dataset_8_1_1.csv|crp_dataset_8_1_6.csv,crp_dataset_8_1_7.csv,0.68855566,0.956521739126276,0.9999999999954546,220,10,0,26,0.0095703125,0.0013315217391304346,0.008238790760869566
6,crp_dataset_8_1_5.csv|crp_dataset_8_1_8.csv|crp_dataset_8_1_4.csv|crp_dataset_8_1_7.csv|crp_dataset_8_1_1.csv|crp_dataset_8_1_6.csv,crp_dataset_8_1_3.csv,0.707587,0.9646017699029681,0.6300578034645662,109,4,64,79,0.019604492187500003,0.000995575221238938,0.018608916966261064
6,crp_dataset_8_1_5.csv|crp_dataset_8_1_8.csv|crp_dataset_8_1_4.csv|crp_dataset_8_1_7.csv|crp_dataset_8_1_1.csv|crp_dataset_8_1_6.csv,crp_dataset_8_1_2.csv,0.707587,0.9166666666557539,0.6470588235239743,77,7,42,130,0.03945312499999999,0.0024553571428571432,0.03699776785714285
6,crp_dataset_8_1_5.csv|crp_dataset_8_1_8.csv|crp_dataset_8_1_3.csv|crp_dataset_8_1_2.csv|crp_dataset_8_1_7.csv|crp_dataset_8_1_1.csv,crp_dataset_8_1_4.csv,0.62511677,0.9008264462735469,0.8320610686959385,109,12,22,113,0.023046875,0.00356404958677686,0.019482825413223142
6,crp_dataset_8_1_5.csv|crp_dataset_8_1_8.csv|crp_dataset_8_1_3.csv|crp_dataset_8_1_2.csv|crp_dataset_8_1_7.csv|crp_dataset_8_1_1.csv,crp_dataset_8_1_6.csv,0.62511677,0.7835820895463912,0.749999999994643,105,29,35,87,0.026928710937500003,0.01166044776119403,0.015268263176305972
6,crp_dataset_8_1_5.csv|crp_dataset_8_1_8.csv|crp_dataset_8_1_3.csv|crp_dataset_8_1_2.csv|crp_dataset_8_1_7.csv|crp_dataset_8_1_6.csv,crp_dataset_8_1_4.csv,0.6489066,0.9473684210443213,0.8244274809097373,108,6,23,119,0.023046875,0.0013706140350877192,0.02167626096491228
6,crp_dataset_8_1_5.csv|crp_dataset_8_1_8.csv|crp_dataset_8_1_3.csv|crp_dataset_8_1_2.csv|crp_dataset_8_1_7.csv|crp_dataset_8_1_6.csv,crp_dataset_8_1_1.csv,0.6489066,0.9523809523658353,0.4761904761866969,60,3,66,127,0.0252685546875,0.0008928571428571429,0.024375697544642857
6,crp_dataset_8_1_5.csv|crp_dataset_8_1_8.csv|crp_dataset_8_1_3.csv|crp_dataset_8_1_2.csv|crp_dataset_8_1_1.csv|crp_dataset_8_1_6.csv,crp_dataset_8_1_4.csv,0.61793804,0.8709677419284599,0.8244274809097373,108,16,23,109,0.023046875,0.005443548387096774,0.017603326612903227
6,crp_dataset_8_1_5.csv|crp_dataset_8_1_8.csv|crp_dataset_8_1_3.csv|crp_dataset_8_1_2.csv|crp_dataset_8_1_1.csv|crp_dataset_8_1_6.csv,crp_dataset_8_1_7.csv,0.61793804,0.9090909090871525,0.9999999999954546,220,22,0,14,0.0095703125,0.0043388429752066115,0.005231469524793389
6,crp_dataset_8_1_5.csv|crp_dataset_8_1_8.csv|crp_dataset_8_1_3.csv|crp_dataset_8_1_7.csv|crp_dataset_8_1_1.csv|crp_dataset_8_1_6.csv,crp_dataset_8_1_4.csv,0.63541424,0.8790322580574271,0.8320610686959385,109,15,22,110,0.023046875,0.005544354838709678,0.017502520161290322
6,crp_dataset_8_1_5.csv|crp_dataset_8_1_8.csv|crp_dataset_8_1_3.csv|crp_dataset_8_1_7.csv|crp_dataset_8_1_1.csv|crp_dataset_8_1_6.csv,crp_dataset_8_1_2.csv,0.63541424,0.8058252427106231,0.6974789915907774,83,20,36,117,0.03945312499999999,0.006796116504854369,0.03265700849514562
6,crp_dataset_8_1_5.csv|crp_dataset_8_1_8.csv|crp_dataset_8_1_2.csv|crp_dataset_8_1_7.csv|crp_dataset_8_1_1.csv|crp_dataset_8_1_6.csv,crp_dataset_8_1_4.csv,0.605105,0.9537037036948731,0.7862595419787309,103,5,28,120,0.023046875,0.0013888888888888885,0.021657986111111114
6,crp_dataset_8_1_5.csv|crp_dataset_8_1_8.csv|crp_dataset_8_1_2.csv|crp_dataset_8_1_7.csv|crp_dataset_8_1_1.csv|crp_dataset_8_1_6.csv,crp_dataset_8_1_3.csv,0.605105,0.9473684210443213,0.6242774566437903,108,6,65,77,0.019604492187500003,0.0018640350877192982,0.017740457099780706
6,crp_dataset_8_1_5.csv|crp_dataset_8_1_4.csv|crp_dataset_8_1_3.csv|crp_dataset_8_1_2.csv|crp_dataset_8_1_7.csv|crp_dataset_8_1_1.csv,crp_dataset_8_1_8.csv,0.697158,0.8026315789368075,0.4420289855040433,61,15,77,103,0.0283203125,0.005263157894736842,0.02305715460526316
6,crp_dataset_8_1_5.csv|crp_dataset_8_1_4.csv|crp_dataset_8_1_3.csv|crp_dataset_8_1_2.csv|crp_dataset_8_1_7.csv|crp_dataset_8_1_1.csv,crp_dataset_8_1_6.csv,0.697158,0.9696969696871748,0.6857142857093879,96,3,44,113,0.026928710937500003,0.0008207070707070708,0.026108003866792934
6,crp_dataset_8_1_5.csv|crp_dataset_8_1_4.csv|crp_dataset_8_1_3.csv|crp_dataset_8_1_2.csv|crp_dataset_8_1_7.csv|crp_dataset_8_1_6.csv,crp_dataset_8_1_8.csv,0.7066684,0.8194444444330632,0.4275362318809599,59,13,79,105,0.0283203125,0.004861111111111111,0.02345920138888889
6,crp_dataset_8_1_5.csv|crp_dataset_8_1_4.csv|crp_dataset_8_1_3.csv|crp_dataset_8_1_2.csv|crp_dataset_8_1_7.csv|crp_dataset_8_1_6.csv,crp_dataset_8_1_1.csv,0.7066684,0.9672131147382425,0.46825396825025195,59,2,67,128,0.0252685546875,0.0007172131147540984,0.0245513415727459
6,crp_dataset_8_1_5.csv|crp_dataset_8_1_4.csv|crp_dataset_8_1_3.csv|crp_dataset_8_1_2.csv|crp_dataset_8_1_1.csv|crp_dataset_8_1_6.csv,crp_dataset_8_1_8.csv,0.7261556,0.8405797101327451,0.42028985506941824,58,11,80,107,0.0283203125,0.004347826086956521,0.02397248641304348
6,crp_dataset_8_1_5.csv|crp_dataset_8_1_4.csv|crp_dataset_8_1_3.csv|crp_dataset_8_1_2.csv|crp_dataset_8_1_1.csv|crp_dataset_8_1_6.csv,crp_dataset_8_1_7.csv,0.7261556,0.9521739130393384,0.9954545454500207,219,11,1,25,0.0095703125,0.0018206521739130433,0.007749660326086957
6,crp_dataset_8_1_5.csv|crp_dataset_8_1_4.csv|crp_dataset_8_1_3.csv|crp_dataset_8_1_7.csv|crp_dataset_8_1_1.csv|crp_dataset_8_1_6.csv,crp_dataset_8_1_8.csv,0.7804803,0.8285714285595918,0.42028985506941824,58,12,80,106,0.0283203125,0.004642857142857141,0.023677455357142857
6,crp_dataset_8_1_5.csv|crp_dataset_8_1_4.csv|crp_dataset_8_1_3.csv|crp_dataset_8_1_7.csv|crp_dataset_8_1_1.csv|crp_dataset_8_1_6.csv,crp_dataset_8_1_2.csv,0.7804803,0.8837209302222823,0.6386554621795071,76,10,43,127,0.03945312499999999,0.003052325581395349,0.03640079941860464
6,crp_dataset_8_1_5.csv|crp_dataset_8_1_4.csv|crp_dataset_8_1_2.csv|crp_dataset_8_1_7.csv|crp_dataset_8_1_1.csv|crp_dataset_8_1_6.csv,crp_dataset_8_1_8.csv,0.6004112,0.8030303030181358,0.38405797101170974,53,13,85,105,0.0283203125,0.005208333333333333,0.023111979166666668
6,crp_dataset_8_1_5.csv|crp_dataset_8_1_4.csv|crp_dataset_8_1_2.csv|crp_dataset_8_1_7.csv|crp_dataset_8_1_1.csv|crp_dataset_8_1_6.csv,crp_dataset_8_1_3.csv,0.6004112,0.9736842105177747,0.6416184971061178,111,3,62,80,0.019604492187500003,0.0004934210526315789,0.019111071134868422
6,crp_dataset_8_1_5.csv|crp_dataset_8_1_3.csv|crp_dataset_8_1_2.csv|crp_dataset_8_1_7.csv|crp_dataset_8_1_1.csv|crp_dataset_8_1_6.csv,crp_dataset_8_1_8.csv,0.6604303,0.7820512820412557,0.4420289855040433,61,17,77,101,0.0283203125,0.006089743589743589,0.02223056891025641
6,crp_dataset_8_1_5.csv|crp_dataset_8_1_3.csv|crp_dataset_8_1_2.csv|crp_dataset_8_1_7.csv|crp_dataset_8_1_1.csv|crp_dataset_8_1_6.csv,crp_dataset_8_1_4.csv,0.6604303,0.9237288135514938,0.8320610686959385,109,9,22,116,0.023046875,0.0024364406779661014,0.0206104343220339
6,crp_dataset_8_1_8.csv|crp_dataset_8_1_4.csv|crp_dataset_8_1_3.csv|crp_dataset_8_1_2.csv|crp_dataset_8_1_7.csv|crp_dataset_8_1_1.csv,crp_dataset_8_1_5.csv,0.6885871,0.8555555555460493,0.7699999999923,77,13,23,143,0.039282226562499994,0.003958333333333333,0.03532389322916666
6,crp_dataset_8_1_8.csv|crp_dataset_8_1_4.csv|crp_dataset_8_1_3.csv|crp_dataset_8_1_2.csv|crp_dataset_8_1_7.csv|crp_dataset_8_1_1.csv,crp_dataset_8_1_6.csv,0.6885871,0.9749999999878125,0.5571428571388776,78,2,62,114,0.026928710937500003,0.00046875,0.026459960937500002
6,crp_dataset_8_1_8.csv|crp_dataset_8_1_4.csv|crp_dataset_8_1_3.csv|crp_dataset_8_1_2.csv|crp_dataset_8_1_7.csv|crp_dataset_8_1_6.csv,crp_dataset_8_1_5.csv,0.6055696,0.88235294116609,0.7499999999925,75,10,25,146,0.039282226562499994,0.0032352941176470584,0.036046932444852936
6,crp_dataset_8_1_8.csv|crp_dataset_8_1_4.csv|crp_dataset_8_1_3.csv|crp_dataset_8_1_2.csv|crp_dataset_8_1_7.csv|crp_dataset_8_1_6.csv,crp_dataset_8_1_1.csv,0.6055696,0.9242424242284205,0.4841269841231418,61,5,65,125,0.0252685546875,0.0016098484848484848,0.023658706202651515
6,crp_dataset_8_1_8.csv|crp_dataset_8_1_4.csv|crp_dataset_8_1_3.csv|crp_dataset_8_1_2.csv|crp_dataset_8_1_1.csv|crp_dataset_8_1_6.csv,crp_dataset_8_1_5.csv,0.61528236,0.8085106382892712,0.7599999999924,76,18,24,138,0.039282226562499994,0.005186170212765958,0.03409605634973403
6,crp_dataset_8_1_8.csv|crp_dataset_8_1_4.csv|crp_dataset_8_1_3.csv|crp_dataset_8_1_2.csv|crp_dataset_8_1_1.csv|crp_dataset_8_1_6.csv,crp_dataset_8_1_7.csv,0.61528236,0.9358974358934363,0.9954545454500207,219,15,1,21,0.0095703125,0.0030181623931623933,0.006552150106837608
6,crp_dataset_8_1_8.csv|crp_dataset_8_1_4.csv|crp_dataset_8_1_3.csv|crp_dataset_8_1_7.csv|crp_dataset_8_1_1.csv|crp_dataset_8_1_6.csv,crp_dataset_8_1_5.csv,0.6290703,0.8369565217300331,0.7699999999923,77,15,23,141,0.039282226562499994,0.004551630434782609,0.03473059612771739
6,crp_dataset_8_1_8.csv|crp_dataset_8_1_4.csv|crp_dataset_8_1_3.csv|crp_dataset_8_1_7.csv|crp_dataset_8_1_1.csv|crp_dataset_8_1_6.csv,crp_dataset_8_1_2.csv,0.6290703,0.8282828282744618,0.6890756302463102,82,17,37,120,0.03945312499999999,0.004229797979797979,0.03522332702020201
6,crp_dataset_8_1_8.csv|crp_dataset_8_1_4.csv|crp_dataset_8_1_2.csv|crp_dataset_8_1_7.csv|crp_dataset_8_1_1.csv|crp_dataset_8_1_6.csv,crp_dataset_8_1_5.csv,0.61833817,0.8795180722785599,0.7299999999926999,73,10,27,146,0.039282226562499994,0.0037650602409638554,0.03551716632153614
6,crp_dataset_8_1_8.csv|crp_dataset_8_1_4.csv|crp_dataset_8_1_2.csv|crp_dataset_8_1_7.csv|crp_dataset_8_1_1.csv|crp_dataset_8_1_6.csv,crp_dataset_8_1_3.csv,0.61833817,0.9565217391221171,0.635838150285342,110,5,63,78,0.019604492187500003,0.0012499999999999998,0.0183544921875
6,crp_dataset_8_1_8.csv|crp_dataset_8_1_3.csv|crp_dataset_8_1_2.csv|crp_dataset_8_1_7.csv|crp_dataset_8_1_1.csv|crp_dataset_8_1_6.csv,crp_dataset_8_1_5.csv,0.60981494,0.7956989247226268,0.7399999999926,74,19,26,137,0.039282226562499994,0.005645161290322581,0.03363706527217741
6,crp_dataset_8_1_8.csv|crp_dataset_8_1_3.csv|crp_dataset_8_1_2.csv|crp_dataset_8_1_7.csv|crp_dataset_8_1_1.csv|crp_dataset_8_1_6.csv,crp_dataset_8_1_4.csv,0.60981494,0.8934426229434963,0.8320610686959385,109,13,22,112,0.023046875,0.0030737704918032786,0.019973104508196723
6,crp_dataset_8_1_4.csv|crp_dataset_8_1_3.csv|crp_dataset_8_1_2.csv|crp_dataset_8_1_7.csv|crp_dataset_8_1_1.csv|crp_dataset_8_1_6.csv,crp_dataset_8_1_5.csv,0.6255813,0.8191489361614984,0.7699999999923,77,17,23,139,0.039282226562499994,0.004853723404255319,0.034428503158244673
6,crp_dataset_8_1_4.csv|crp_dataset_8_1_3.csv|crp_dataset_8_1_2.csv|crp_dataset_8_1_7.csv|crp_dataset_8_1_1.csv|crp_dataset_8_1_6.csv,crp_dataset_8_1_8.csv,0.6255813,0.7654320987559823,0.449275362315585,62,19,76,99,0.0283203125,0.006481481481481482,0.021838831018518516
7,crp_dataset_8_1_5.csv|crp_dataset_8_1_8.csv|crp_dataset_8_1_4.csv|crp_dataset_8_1_3.csv|crp_dataset_8_1_2.csv|crp_dataset_8_1_7.csv|crp_dataset_8_1_1.csv,crp_dataset_8_1_6.csv,0.7418116,0.979166666656467,0.6714285714237755,94,2,46,114,0.026928710937500003,0.0003906250000000001,0.026538085937500004
7,crp_dataset_8_1_5.csv|crp_dataset_8_1_8.csv|crp_dataset_8_1_4.csv|crp_dataset_8_1_3.csv|crp_dataset_8_1_2.csv|crp_dataset_8_1_7.csv|crp_dataset_8_1_6.csv,crp_dataset_8_1_1.csv,0.61767125,0.9655172413626636,0.4444444444409171,56,2,70,128,0.0252685546875,0.0006465517241379311,0.024622002963362068
7,crp_dataset_8_1_5.csv|crp_dataset_8_1_8.csv|crp_dataset_8_1_4.csv|crp_dataset_8_1_3.csv|crp_dataset_8_1_2.csv|crp_dataset_8_1_1.csv|crp_dataset_8_1_6.csv,crp_dataset_8_1_7.csv,0.61108726,0.9521739130393384,0.9954545454500207,219,11,1,25,0.0095703125,0.0014402173913043478,0.008130095108695654
7,crp_dataset_8_1_5.csv|crp_dataset_8_1_8.csv|crp_dataset_8_1_4.csv|crp_dataset_8_1_3.csv|crp_dataset_8_1_7.csv|crp_dataset_8_1_1.csv|crp_dataset_8_1_6.csv,crp_dataset_8_1_2.csv,0.6700055,0.8409090908995351,0.6218487394905727,74,14,45,123,0.03945312499999999,0.004261363636363636,0.03519176136363636
7,crp_dataset_8_1_5.csv|crp_dataset_8_1_8.csv|crp_dataset_8_1_4.csv|crp_dataset_8_1_2.csv|crp_dataset_8_1_7.csv|crp_dataset_8_1_1.csv|crp_dataset_8_1_6.csv,crp_dataset_8_1_3.csv,0.70189285,0.9823008849470592,0.6416184971061178,111,2,62,81,0.019604492187500003,0.00033185840707964607,0.019272633780420358
7,crp_dataset_8_1_5.csv|crp_dataset_8_1_8.csv|crp_dataset_8_1_3.csv|crp_dataset_8_1_2.csv|crp_dataset_8_1_7.csv|crp_dataset_8_1_1.csv|crp_dataset_8_1_6.csv,crp_dataset_8_1_4.csv,0.715388,0.9561403508688058,0.8320610686959385,109,5,22,120,0.023046875,0.001206140350877193,0.021840734649122808
7,crp_dataset_8_1_5.csv|crp_dataset_8_1_4.csv|crp_dataset_8_1_3.csv|crp_dataset_8_1_2.csv|crp_dataset_8_1_7.csv|crp_dataset_8_1_1.csv|crp_dataset_8_1_6.csv,crp_dataset_8_1_8.csv,0.60414094,0.8333333333217592,0.4347826086925016,60,12,78,106,0.0283203125,0.004600694444444445,0.023719618055555555
7,crp_dataset_8_1_8.csv|crp_dataset_8_1_4.csv|crp_dataset_8_1_3.csv|crp_dataset_8_1_2.csv|crp_dataset_8_1_7.csv|crp_dataset_8_1_1.csv|crp_dataset_8_1_6.csv,crp_dataset_8_1_5.csv,0.60652435,0.8426966292040146,0.7499999999925,75,14,25,142,0.039282226562499994,0.0041432584269662925,0.0351389681355337
