model,k_train_datasets,train_pct,test_pct,train_set,test_dataset,best_threshold,precision,recall,TP,FP,FN,TN,old_ber,new_ber,ber_reduction
RF,1,0.25,1.0,crp_dataset_8_1_2.csv,crp_dataset_8_1_7.csv,0.7333333333333333,0.9999999999954546,0.9999999999954546,220,0,0,36,0.0095703125,0.00034090909090909094,0.00922940340909091
RF,1,0.25,1.0,crp_dataset_8_1_2.csv,crp_dataset_8_1_1.csv,0.7333333333333333,0.6016260162552713,0.5873015872969262,74,49,52,81,0.0252685546875,0.014989837398373984,0.010278717289126016
RF,1,0.25,1.0,crp_dataset_8_1_2.csv,crp_dataset_8_1_6.csv,0.7333333333333333,0.6858974358930392,0.7642857142802552,107,49,33,67,0.026928710937499996,0.01658653846153846,0.010342172475961534
RF,1,0.25,1.0,crp_dataset_8_1_2.csv,crp_dataset_8_1_8.csv,0.7333333333333333,0.7358490565968316,0.5652173913002521,78,28,60,90,0.0283203125,0.011202830188679248,0.01711748231132075
RF,1,0.25,1.0,crp_dataset_8_1_2.csv,crp_dataset_8_1_5.csv,0.7333333333333333,0.9397590361332558,0.7799999999921999,78,5,22,151,0.039282226562499994,0.0021837349397590363,0.03709849162274096
RF,1,0.25,1.0,crp_dataset_8_1_2.csv,crp_dataset_8_1_4.csv,0.7333333333333333,0.7182320441949269,0.9923664122061652,130,51,1,74,0.023046875,0.012085635359116019,0.010961239640883982
RF,1,0.25,1.0,crp_dataset_8_1_2.csv,crp_dataset_8_1_3.csv,0.7333333333333333,0.8138297872297137,0.884393063578703,153,35,20,48,0.0196044921875,0.009840425531914894,0.009764066655585105
RF,1,0.25,1.0,crp_dataset_8_1_7.csv,crp_dataset_8_1_2.csv,0.5,0.8118811881107735,0.6890756302463102,82,19,37,118,0.039453125,0.0051361386138613855,0.034316986386138615
RF,1,0.25,1.0,crp_dataset_8_1_7.csv,crp_dataset_8_1_1.csv,0.5,0.8933333333214222,0.5317460317418116,67,8,59,122,0.0252685546875,0.002666666666666667,0.022601888020833332
RF,1,0.25,1.0,crp_dataset_8_1_7.csv,crp_dataset_8_1_6.csv,0.5,0.9382716049266879,0.5428571428532654,76,5,64,111,0.026928710937499996,0.002006172839506173,0.024922538097993822
RF,1,0.25,1.0,crp_dataset_8_1_7.csv,crp_dataset_8_1_8.csv,0.5,0.7590361445691682,0.4565217391271267,63,20,75,98,0.0283203125,0.007153614457831324,0.021166698042168676
RF,1,0.25,1.0,crp_dataset_8_1_7.csv,crp_dataset_8_1_5.csv,0.5,0.793814432981507,0.7699999999923,77,20,23,136,0.039282226562499994,0.005734536082474227,0.03354769048002577
RF,1,0.25,1.0,crp_dataset_8_1_7.csv,crp_dataset_8_1_4.csv,0.5,0.8461538461473374,0.8396946564821398,110,20,21,105,0.023046875,0.0061057692307692315,0.01694110576923077
RF,1,0.25,1.0,crp_dataset_8_1_7.csv,crp_dataset_8_1_3.csv,0.5,0.9491525423648377,0.6473988439268937,112,6,61,77,0.0196044921875,0.0012182203389830507,0.018386271848516947
RF,1,0.25,1.0,crp_dataset_8_1_1.csv,crp_dataset_8_1_2.csv,0.6733333333333333,0.9425287356213502,0.6890756302463102,82,5,37,132,0.039453125,0.0020114942528735636,0.037441630747126434
RF,1,0.25,1.0,crp_dataset_8_1_1.csv,crp_dataset_8_1_7.csv,0.6733333333333333,0.9999999999953704,0.981818181813719,216,0,4,36,0.0095703125,0.0003472222222222223,0.009223090277777778
RF,1,0.25,1.0,crp_dataset_8_1_1.csv,crp_dataset_8_1_6.csv,0.6733333333333333,0.8014184397106283,0.8071428571370919,113,28,27,88,0.026928710937499996,0.01103723404255319,0.015891476894946806
RF,1,0.25,1.0,crp_dataset_8_1_1.csv,crp_dataset_8_1_8.csv,0.6733333333333333,0.9682539682385992,0.4420289855040433,61,2,77,116,0.0283203125,0.0032738095238095243,0.025046502976190474
RF,1,0.25,1.0,crp_dataset_8_1_1.csv,crp_dataset_8_1_5.csv,0.6733333333333333,0.9999999999870129,0.7699999999923,77,0,23,156,0.039282226562499994,0.0013798701298701301,0.03790235643262987
RF,1,0.25,1.0,crp_dataset_8_1_1.csv,crp_dataset_8_1_4.csv,0.6733333333333333,0.9899999999900999,0.7557251908339259,99,1,32,124,0.023046875,0.00043750000000000006,0.022609375
RF,1,0.25,1.0,crp_dataset_8_1_1.csv,crp_dataset_8_1_3.csv,0.6733333333333333,0.9827586206811831,0.6589595375684454,114,2,59,81,0.0196044921875,0.00021551724137931037,0.01938897494612069
RF,1,0.25,1.0,crp_dataset_8_1_6.csv,crp_dataset_8_1_2.csv,0.8733333333333333,0.0,0.0,0,0,119,137,0.039453125,,
RF,1,0.25,1.0,crp_dataset_8_1_6.csv,crp_dataset_8_1_7.csv,0.8733333333333333,0.999999999991228,0.5181818181794628,114,0,106,36,0.0095703125,0.0,0.0095703125
RF,1,0.25,1.0,crp_dataset_8_1_6.csv,crp_dataset_8_1_1.csv,0.8733333333333333,0.9999999999444444,0.14285714285600906,18,0,108,130,0.0252685546875,0.0,0.0252685546875
RF,1,0.25,1.0,crp_dataset_8_1_6.csv,crp_dataset_8_1_8.csv,0.8733333333333333,0.0,0.0,0,0,138,118,0.0283203125,,
RF,1,0.25,1.0,crp_dataset_8_1_6.csv,crp_dataset_8_1_5.csv,0.8733333333333333,0.0,0.0,0,0,100,156,0.039282226562499994,,
RF,1,0.25,1.0,crp_dataset_8_1_6.csv,crp_dataset_8_1_4.csv,0.8733333333333333,0.9999999999807693,0.3969465648824661,52,0,79,125,0.023046875,0.0,0.023046875
RF,1,0.25,1.0,crp_dataset_8_1_6.csv,crp_dataset_8_1_3.csv,0.8733333333333333,0.9999999999886363,0.5086705202282736,88,0,85,83,0.0196044921875,0.0,0.0196044921875
RF,1,0.25,1.0,crp_dataset_8_1_8.csv,crp_dataset_8_1_2.csv,0.6233333333333333,0.9425287356213502,0.6890756302463102,82,5,37,132,0.039453125,0.0020114942528735636,0.037441630747126434
RF,1,0.25,1.0,crp_dataset_8_1_8.csv,crp_dataset_8_1_7.csv,0.6233333333333333,0.9999999999855071,0.313636363634938,69,0,151,36,0.0095703125,0.0005434782608695653,0.009026834239130435
RF,1,0.25,1.0,crp_dataset_8_1_8.csv,crp_dataset_8_1_1.csv,0.6233333333333333,0.8888888888559671,0.19047619047467876,24,3,102,127,0.0252685546875,0.003472222222222222,0.021796332465277776
RF,1,0.25,1.0,crp_dataset_8_1_8.csv,crp_dataset_8_1_6.csv,0.6233333333333333,0.999999999952381,0.14999999999892857,21,0,119,116,0.026928710937499996,0.00029761904761904765,0.02663109188988095
RF,1,0.25,1.0,crp_dataset_8_1_8.csv,crp_dataset_8_1_5.csv,0.6233333333333333,0.9999999999870129,0.7699999999923,77,0,23,156,0.039282226562499994,0.0013798701298701301,0.03790235643262987
RF,1,0.25,1.0,crp_dataset_8_1_8.csv,crp_dataset_8_1_4.csv,0.6233333333333333,0.9811320754531863,0.3969465648824661,52,1,79,124,0.023046875,0.0004716981132075472,0.022575176886792454
RF,1,0.25,1.0,crp_dataset_8_1_8.csv,crp_dataset_8_1_3.csv,0.6233333333333333,0.9999999999736843,0.2196531791894818,38,0,135,83,0.0196044921875,0.0,0.0196044921875
RF,1,0.25,1.0,crp_dataset_8_1_5.csv,crp_dataset_8_1_2.csv,0.8966666666666666,0.9999999999761906,0.35294117646762235,42,0,77,137,0.039453125,0.0010416666666666667,0.03841145833333333
RF,1,0.25,1.0,crp_dataset_8_1_5.csv,crp_dataset_8_1_7.csv,0.8966666666666666,0.9999999999954546,0.9999999999954546,220,0,0,36,0.0095703125,0.00034090909090909094,0.00922940340909091
RF,1,0.25,1.0,crp_dataset_8_1_5.csv,crp_dataset_8_1_1.csv,0.8966666666666666,0.9999999999285715,0.11111111111022927,14,0,112,130,0.0252685546875,0.0,0.0252685546875
RF,1,0.25,1.0,crp_dataset_8_1_5.csv,crp_dataset_8_1_6.csv,0.8966666666666666,0.9999999999814816,0.38571428571153066,54,0,86,116,0.026928710937499996,0.0003472222222222223,0.026581488715277775
RF,1,0.25,1.0,crp_dataset_8_1_5.csv,crp_dataset_8_1_8.csv,0.8966666666666666,0.9999999995,0.014492753623083388,2,0,136,118,0.0283203125,0.00625,0.0220703125
RF,1,0.25,1.0,crp_dataset_8_1_5.csv,crp_dataset_8_1_4.csv,0.8966666666666666,0.9692307692158579,0.48091603053068005,63,2,68,123,0.023046875,0.0008653846153846154,0.022181490384615386
RF,1,0.25,1.0,crp_dataset_8_1_5.csv,crp_dataset_8_1_3.csv,0.8966666666666666,0.9999999999892473,0.5375722543321528,93,0,80,83,0.0196044921875,0.0,0.0196044921875
RF,1,0.25,1.0,crp_dataset_8_1_4.csv,crp_dataset_8_1_2.csv,0.8233333333333334,0.8199999999918,0.6890756302463102,82,18,37,119,0.039453125,0.00475,0.034703125
RF,1,0.25,1.0,crp_dataset_8_1_4.csv,crp_dataset_8_1_7.csv,0.8233333333333334,0.9999999999230769,0.0590909090906405,13,0,207,36,0.0095703125,0.0,0.0095703125
RF,1,0.25,1.0,crp_dataset_8_1_4.csv,crp_dataset_8_1_1.csv,0.8233333333333334,0.8955223880463354,0.4761904761866969,60,7,66,123,0.0252685546875,0.002238805970149254,0.023029748717350747
RF,1,0.25,1.0,crp_dataset_8_1_4.csv,crp_dataset_8_1_6.csv,0.8233333333333334,0.99999999975,0.02857142857122449,4,0,136,116,0.026928710937499996,0.0,0.026928710937499996
RF,1,0.25,1.0,crp_dataset_8_1_4.csv,crp_dataset_8_1_8.csv,0.8233333333333334,0.7624999999904687,0.4420289855040433,61,19,77,99,0.0283203125,0.006562500000000001,0.0217578125
RF,1,0.25,1.0,crp_dataset_8_1_4.csv,crp_dataset_8_1_5.csv,0.8233333333333334,0.8105263157809418,0.7699999999923,77,18,23,138,0.039282226562499994,0.005131578947368421,0.03415064761513158
RF,1,0.25,1.0,crp_dataset_8_1_4.csv,crp_dataset_8_1_3.csv,0.8233333333333334,0.999999999983871,0.3583815028881019,62,0,111,83,0.0196044921875,0.0,0.0196044921875
RF,1,0.25,1.0,crp_dataset_8_1_3.csv,crp_dataset_8_1_2.csv,0.7066666666666667,0.49999999975,0.008403361344467198,1,1,118,136,0.039453125,0.009375000000000001,0.030078124999999997
RF,1,0.25,1.0,crp_dataset_8_1_3.csv,crp_dataset_8_1_7.csv,0.7066666666666667,0.9942528735575044,0.786363636360062,173,1,47,35,0.0095703125,0.00028735632183908046,0.00928295617816092
RF,1,0.25,1.0,crp_dataset_8_1_3.csv,crp_dataset_8_1_1.csv,0.7066666666666667,0.9298245613871962,0.42063492063158225,53,4,73,126,0.0252685546875,0.0015350877192982456,0.023733466968201753
RF,1,0.25,1.0,crp_dataset_8_1_3.csv,crp_dataset_8_1_6.csv,0.7066666666666667,0.6781609195363324,0.8428571428511226,118,56,22,60,0.026928710937499996,0.01641522988505747,0.010513481052442524
RF,1,0.25,1.0,crp_dataset_8_1_3.csv,crp_dataset_8_1_8.csv,0.7066666666666667,0.8387096773922997,0.18840579710008404,26,5,112,113,0.0283203125,0.004637096774193549,0.02368321572580645
RF,1,0.25,1.0,crp_dataset_8_1_3.csv,crp_dataset_8_1_5.csv,0.7066666666666667,0.9999999998333333,0.0599999999994,6,0,94,156,0.039282226562499994,0.0,0.039282226562499994
RF,1,0.25,1.0,crp_dataset_8_1_3.csv,crp_dataset_8_1_4.csv,0.7066666666666667,0.9509803921475394,0.7404580152615233,97,5,34,120,0.023046875,0.0012254901960784314,0.02182138480392157
RF,2,0.25,1.0,crp_dataset_8_1_2.csv|crp_dataset_8_1_7.csv,crp_dataset_8_1_1.csv,0.7966666666666666,0.6415094339562122,0.5396825396782565,68,38,58,92,0.0252685546875,0.014386792452830187,0.010881762234669813
RF,2,0.25,1.0,crp_dataset_8_1_2.csv|crp_dataset_8_1_7.csv,crp_dataset_8_1_6.csv,0.7966666666666666,0.9999999999756098,0.29285714285505104,41,0,99,116,0.026928710937499996,0.0,0.026928710937499996
RF,2,0.25,1.0,crp_dataset_8_1_2.csv|crp_dataset_8_1_7.csv,crp_dataset_8_1_8.csv,0.7966666666666666,0.7878787878708294,0.5652173913002521,78,21,60,97,0.0283203125,0.00808080808080808,0.02023950441919192
RF,2,0.25,1.0,crp_dataset_8_1_2.csv|crp_dataset_8_1_7.csv,crp_dataset_8_1_5.csv,0.7966666666666666,0.9999999999873417,0.7899999999921,79,0,21,156,0.039282226562499994,0.0015822784810126582,0.037699948081487335
RF,2,0.25,1.0,crp_dataset_8_1_2.csv|crp_dataset_8_1_7.csv,crp_dataset_8_1_4.csv,0.7966666666666666,0.9338842975129431,0.8625954198407436,113,8,18,117,0.023046875,0.002944214876033058,0.020102660123966942
RF,2,0.25,1.0,crp_dataset_8_1_2.csv|crp_dataset_8_1_7.csv,crp_dataset_8_1_3.csv,0.7966666666666666,0.9999999999910714,0.6473988439268937,112,0,61,83,0.0196044921875,0.0,0.0196044921875
RF,2,0.25,1.0,crp_dataset_8_1_2.csv|crp_dataset_8_1_1.csv,crp_dataset_8_1_7.csv,0.6733333333333333,0.9999999999954546,0.9999999999954546,220,0,0,36,0.0095703125,0.00034090909090909094,0.00922940340909091
RF,2,0.25,1.0,crp_dataset_8_1_2.csv|crp_dataset_8_1_1.csv,crp_dataset_8_1_6.csv,0.6733333333333333,0.7999999999944828,0.8285714285655102,116,29,24,87,0.026928710937499996,0.010474137931034484,0.016454573006465512
RF,2,0.25,1.0,crp_dataset_8_1_2.csv|crp_dataset_8_1_1.csv,crp_dataset_8_1_8.csv,0.6733333333333333,0.9558823529271193,0.47101449275021007,65,3,73,115,0.0283203125,0.0033088235294117647,0.025011488970588237
RF,2,0.25,1.0,crp_dataset_8_1_2.csv|crp_dataset_8_1_1.csv,crp_dataset_8_1_5.csv,0.6733333333333333,0.9746835442914596,0.7699999999923,77,2,23,154,0.039282226562499994,0.001661392405063291,0.0376208341574367
RF,2,0.25,1.0,crp_dataset_8_1_2.csv|crp_dataset_8_1_1.csv,crp_dataset_8_1_4.csv,0.6733333333333333,0.9913793103362811,0.8778625954131462,115,1,16,124,0.023046875,0.00043103448275862074,0.02261584051724138
RF,2,0.25,1.0,crp_dataset_8_1_2.csv|crp_dataset_8_1_1.csv,crp_dataset_8_1_3.csv,0.6733333333333333,0.9843749999923097,0.7283236994177554,126,2,47,81,0.0196044921875,0.0001953125,0.0194091796875
RF,2,0.25,1.0,crp_dataset_8_1_2.csv|crp_dataset_8_1_6.csv,crp_dataset_8_1_7.csv,0.6433333333333333,0.9954751131176676,0.9999999999954546,220,1,0,35,0.0095703125,0.0003959276018099547,0.009174384898190046
RF,2,0.25,1.0,crp_dataset_8_1_2.csv|crp_dataset_8_1_6.csv,crp_dataset_8_1_1.csv,0.6433333333333333,0.6240601503712477,0.6587301587249307,83,50,43,80,0.0252685546875,0.01414473684210526,0.01112381784539474
RF,2,0.25,1.0,crp_dataset_8_1_2.csv|crp_dataset_8_1_6.csv,crp_dataset_8_1_8.csv,0.6433333333333333,0.6746031745978206,0.615942028981044,85,41,53,77,0.0283203125,0.017757936507936514,0.010562375992063486
RF,2,0.25,1.0,crp_dataset_8_1_2.csv|crp_dataset_8_1_6.csv,crp_dataset_8_1_5.csv,0.6433333333333333,0.9999999999879517,0.8299999999916999,83,0,17,156,0.039282226562499994,0.0016566265060240966,0.037625600056475896
RF,2,0.25,1.0,crp_dataset_8_1_2.csv|crp_dataset_8_1_6.csv,crp_dataset_8_1_4.csv,0.6433333333333333,0.7926829268244349,0.9923664122061652,130,34,1,91,0.023046875,0.00819359756097561,0.014853277439024391
RF,2,0.25,1.0,crp_dataset_8_1_2.csv|crp_dataset_8_1_6.csv,crp_dataset_8_1_3.csv,0.6433333333333333,0.8684210526258657,0.7630057803424104,132,20,41,63,0.0196044921875,0.005879934210526315,0.013724557976973684
RF,2,0.25,1.0,crp_dataset_8_1_2.csv|crp_dataset_8_1_8.csv,crp_dataset_8_1_7.csv,0.6666666666666666,0.9999999999954546,0.9999999999954546,220,0,0,36,0.0095703125,0.00034090909090909094,0.00922940340909091
RF,2,0.25,1.0,crp_dataset_8_1_2.csv|crp_dataset_8_1_8.csv,crp_dataset_8_1_1.csv,0.6666666666666666,0.8953488371988912,0.611111111106261,77,9,49,121,0.0252685546875,0.003924418604651163,0.02134413608284884
RF,2,0.25,1.0,crp_dataset_8_1_2.csv|crp_dataset_8_1_8.csv,crp_dataset_8_1_6.csv,0.6666666666666666,0.9270833333236762,0.635714285709745,89,7,51,109,0.026928710937499996,0.0048828125,0.022045898437499996
RF,2,0.25,1.0,crp_dataset_8_1_2.csv|crp_dataset_8_1_8.csv,crp_dataset_8_1_5.csv,0.6666666666666666,0.9999999999878049,0.8199999999918,82,0,18,156,0.039282226562499994,0.0016768292682926831,0.03760539729420731
RF,2,0.25,1.0,crp_dataset_8_1_2.csv|crp_dataset_8_1_8.csv,crp_dataset_8_1_4.csv,0.6666666666666666,0.8805970149188016,0.90076335877175,118,16,13,109,0.023046875,0.005363805970149254,0.01768306902985075
RF,2,0.25,1.0,crp_dataset_8_1_2.csv|crp_dataset_8_1_8.csv,crp_dataset_8_1_3.csv,0.6666666666666666,0.9264705882284819,0.7283236994177554,126,10,47,73,0.0196044921875,0.004549632352941177,0.015054859834558822
RF,2,0.25,1.0,crp_dataset_8_1_2.csv|crp_dataset_8_1_5.csv,crp_dataset_8_1_7.csv,0.7133333333333334,0.9999999999954546,0.9999999999954546,220,0,0,36,0.0095703125,0.00034090909090909094,0.00922940340909091
RF,2,0.25,1.0,crp_dataset_8_1_2.csv|crp_dataset_8_1_5.csv,crp_dataset_8_1_1.csv,0.7133333333333334,0.6517857142798947,0.5793650793604812,73,39,53,91,0.0252685546875,0.012555803571428572,0.012712751116071428
RF,2,0.25,1.0,crp_dataset_8_1_2.csv|crp_dataset_8_1_5.csv,crp_dataset_8_1_6.csv,0.7133333333333334,0.7123287671184088,0.7428571428518368,104,42,36,74,0.026928710937499996,0.015625,0.011303710937499996
RF,2,0.25,1.0,crp_dataset_8_1_2.csv|crp_dataset_8_1_5.csv,crp_dataset_8_1_8.csv,0.7133333333333334,0.794117647051038,0.5869565217348772,81,21,57,97,0.0283203125,0.008700980392156863,0.019619332107843137
RF,2,0.25,1.0,crp_dataset_8_1_2.csv|crp_dataset_8_1_5.csv,crp_dataset_8_1_4.csv,0.7133333333333334,0.7413793103405668,0.9847328244199639,129,45,2,80,0.023046875,0.011422413793103449,0.011624461206896553
RF,2,0.25,1.0,crp_dataset_8_1_2.csv|crp_dataset_8_1_5.csv,crp_dataset_8_1_3.csv,0.7133333333333334,0.8342541436417997,0.8728323699371513,151,30,22,53,0.0196044921875,0.008494475138121547,0.011110017049378453
RF,2,0.25,1.0,crp_dataset_8_1_2.csv|crp_dataset_8_1_4.csv,crp_dataset_8_1_7.csv,0.8066666666666666,0.999999999994898,0.8909090909050413,196,0,24,36,0.0095703125,0.0,0.0095703125
RF,2,0.25,1.0,crp_dataset_8_1_2.csv|crp_dataset_8_1_4.csv,crp_dataset_8_1_1.csv,0.8066666666666666,0.9999999999833334,0.4761904761866969,60,0,66,130,0.0252685546875,0.00010416666666666667,0.025164388020833334
RF,2,0.25,1.0,crp_dataset_8_1_2.csv|crp_dataset_8_1_4.csv,crp_dataset_8_1_6.csv,0.8066666666666666,0.9999999999873417,0.5642857142816837,79,0,61,116,0.026928710937499996,0.0,0.026928710937499996
RF,2,0.25,1.0,crp_dataset_8_1_2.csv|crp_dataset_8_1_4.csv,crp_dataset_8_1_8.csv,0.8066666666666666,0.9999999999843749,0.4637681159386684,64,0,74,118,0.0283203125,0.0028320312500000003,0.02548828125
RF,2,0.25,1.0,crp_dataset_8_1_2.csv|crp_dataset_8_1_4.csv,crp_dataset_8_1_5.csv,0.8066666666666666,0.9999999999870129,0.7699999999923,77,0,23,156,0.039282226562499994,0.0013798701298701301,0.03790235643262987
RF,2,0.25,1.0,crp_dataset_8_1_2.csv|crp_dataset_8_1_4.csv,crp_dataset_8_1_3.csv,0.8066666666666666,0.9999999999910714,0.6473988439268937,112,0,61,83,0.0196044921875,0.0,0.0196044921875
RF,2,0.25,1.0,crp_dataset_8_1_2.csv|crp_dataset_8_1_3.csv,crp_dataset_8_1_7.csv,0.7133333333333334,0.9999999999954339,0.9954545454500207,219,0,1,36,0.0095703125,0.00031392694063926945,0.009256385559360732
RF,2,0.25,1.0,crp_dataset_8_1_2.csv|crp_dataset_8_1_3.csv,crp_dataset_8_1_1.csv,0.7133333333333334,0.9677419354682623,0.4761904761866969,60,2,66,128,0.0252685546875,0.0005040322580645161,0.024764522429435484
RF,2,0.25,1.0,crp_dataset_8_1_2.csv|crp_dataset_8_1_3.csv,crp_dataset_8_1_6.csv,0.7133333333333334,0.7482517482465157,0.7642857142802552,107,36,33,80,0.026928710937499996,0.013636363636363636,0.01329234730113636
RF,2,0.25,1.0,crp_dataset_8_1_2.csv|crp_dataset_8_1_3.csv,crp_dataset_8_1_8.csv,0.7133333333333334,0.9999999999836067,0.4420289855040433,61,0,77,118,0.0283203125,0.0029713114754098364,0.025349001024590163
RF,2,0.25,1.0,crp_dataset_8_1_2.csv|crp_dataset_8_1_3.csv,crp_dataset_8_1_5.csv,0.7133333333333334,0.9999999999871795,0.7799999999921999,78,0,22,156,0.039282226562499994,0.0014423076923076924,0.0378399188701923
RF,2,0.25,1.0,crp_dataset_8_1_2.csv|crp_dataset_8_1_3.csv,crp_dataset_8_1_4.csv,0.7133333333333334,0.982142857134088,0.8396946564821398,110,2,21,123,0.023046875,0.0009486607142857144,0.022098214285714287
RF,2,0.25,1.0,crp_dataset_8_1_7.csv|crp_dataset_8_1_1.csv,crp_dataset_8_1_2.csv,0.8233333333333334,0.9761904761788548,0.6890756302463102,82,2,37,135,0.039453125,0.001636904761904762,0.037816220238095236
RF,2,0.25,1.0,crp_dataset_8_1_7.csv|crp_dataset_8_1_1.csv,crp_dataset_8_1_6.csv,0.8233333333333334,0.9999999999868421,0.5428571428532654,76,0,64,116,0.026928710937499996,8.223684210526316e-05,0.026846474095394732
RF,2,0.25,1.0,crp_dataset_8_1_7.csv|crp_dataset_8_1_1.csv,crp_dataset_8_1_8.csv,0.8233333333333334,0.9838709677260666,0.4420289855040433,61,1,77,117,0.0283203125,0.0031250000000000006,0.0251953125
RF,2,0.25,1.0,crp_dataset_8_1_7.csv|crp_dataset_8_1_1.csv,crp_dataset_8_1_5.csv,0.8233333333333334,0.9999999999870129,0.7699999999923,77,0,23,156,0.039282226562499994,0.0013798701298701301,0.03790235643262987
RF,2,0.25,1.0,crp_dataset_8_1_7.csv|crp_dataset_8_1_1.csv,crp_dataset_8_1_4.csv,0.8233333333333334,0.999999999990909,0.8396946564821398,110,0,21,125,0.023046875,0.0002840909090909091,0.022762784090909094
RF,2,0.25,1.0,crp_dataset_8_1_7.csv|crp_dataset_8_1_1.csv,crp_dataset_8_1_3.csv,0.8233333333333334,0.9824561403422591,0.6473988439268937,112,2,61,81,0.0196044921875,0.0002192982456140351,0.019385193941885964
RF,2,0.25,1.0,crp_dataset_8_1_7.csv|crp_dataset_8_1_6.csv,crp_dataset_8_1_2.csv,0.65,0.8118811881107735,0.6890756302463102,82,19,37,118,0.039453125,0.0051361386138613855,0.034316986386138615
RF,2,0.25,1.0,crp_dataset_8_1_7.csv|crp_dataset_8_1_6.csv,crp_dataset_8_1_1.csv,0.65,0.8571428571306122,0.4761904761866969,60,10,66,120,0.0252685546875,0.004107142857142857,0.021161411830357142
RF,2,0.25,1.0,crp_dataset_8_1_7.csv|crp_dataset_8_1_6.csv,crp_dataset_8_1_8.csv,0.65,0.753086419743789,0.4420289855040433,61,20,77,98,0.0283203125,0.007253086419753085,0.021067226080246915
RF,2,0.25,1.0,crp_dataset_8_1_7.csv|crp_dataset_8_1_6.csv,crp_dataset_8_1_5.csv,0.65,0.793814432981507,0.7699999999923,77,20,23,136,0.039282226562499994,0.005734536082474227,0.03354769048002577
RF,2,0.25,1.0,crp_dataset_8_1_7.csv|crp_dataset_8_1_6.csv,crp_dataset_8_1_4.csv,0.65,0.9105691056836539,0.8549618320545423,112,11,19,114,0.023046875,0.002235772357723577,0.020811102642276424
RF,2,0.25,1.0,crp_dataset_8_1_7.csv|crp_dataset_8_1_6.csv,crp_dataset_8_1_3.csv,0.65,0.9531249999925538,0.705202312134652,122,6,51,77,0.0196044921875,0.001123046875,0.0184814453125
RF,2,0.25,1.0,crp_dataset_8_1_7.csv|crp_dataset_8_1_8.csv,crp_dataset_8_1_2.csv,0.7266666666666667,0.9425287356213502,0.6890756302463102,82,5,37,132,0.039453125,0.0020114942528735636,0.037441630747126434
RF,2,0.25,1.0,crp_dataset_8_1_7.csv|crp_dataset_8_1_8.csv,crp_dataset_8_1_1.csv,0.7266666666666667,0.9999999999833334,0.4761904761866969,60,0,66,130,0.0252685546875,0.00010416666666666667,0.025164388020833334
RF,2,0.25,1.0,crp_dataset_8_1_7.csv|crp_dataset_8_1_8.csv,crp_dataset_8_1_6.csv,0.7266666666666667,0.9999999999868421,0.5428571428532654,76,0,64,116,0.026928710937499996,8.223684210526316e-05,0.026846474095394732
RF,2,0.25,1.0,crp_dataset_8_1_7.csv|crp_dataset_8_1_8.csv,crp_dataset_8_1_5.csv,0.7266666666666667,0.9999999999870129,0.7699999999923,77,0,23,156,0.039282226562499994,0.0013798701298701301,0.03790235643262987
RF,2,0.25,1.0,crp_dataset_8_1_7.csv|crp_dataset_8_1_8.csv,crp_dataset_8_1_4.csv,0.7266666666666667,0.999999999990909,0.8396946564821398,110,0,21,125,0.023046875,0.0002840909090909091,0.022762784090909094
RF,2,0.25,1.0,crp_dataset_8_1_7.csv|crp_dataset_8_1_8.csv,crp_dataset_8_1_3.csv,0.7266666666666667,0.9824561403422591,0.6473988439268937,112,2,61,81,0.0196044921875,0.0002192982456140351,0.019385193941885964
RF,2,0.25,1.0,crp_dataset_8_1_7.csv|crp_dataset_8_1_5.csv,crp_dataset_8_1_2.csv,0.6333333333333333,0.9133858267644615,0.974789915958195,116,11,3,126,0.039453125,0.003346456692913386,0.036106668307086615
RF,2,0.25,1.0,crp_dataset_8_1_7.csv|crp_dataset_8_1_5.csv,crp_dataset_8_1_1.csv,0.6333333333333333,0.8749999999878472,0.49999999999603173,63,9,63,121,0.0252685546875,0.002777777777777778,0.02249077690972222
RF,2,0.25,1.0,crp_dataset_8_1_7.csv|crp_dataset_8_1_5.csv,crp_dataset_8_1_6.csv,0.6333333333333333,0.9999999999868421,0.5428571428532654,76,0,64,116,0.026928710937499996,8.223684210526316e-05,0.026846474095394732
RF,2,0.25,1.0,crp_dataset_8_1_7.csv|crp_dataset_8_1_5.csv,crp_dataset_8_1_8.csv,0.6333333333333333,0.9268292682813801,0.5507246376771687,76,6,62,112,0.0283203125,0.0036585365853658534,0.024661775914634147
RF,2,0.25,1.0,crp_dataset_8_1_7.csv|crp_dataset_8_1_5.csv,crp_dataset_8_1_4.csv,0.6333333333333333,0.9912280701667436,0.8625954198407436,113,1,18,124,0.023046875,0.0004385964912280702,0.02260827850877193
RF,2,0.25,1.0,crp_dataset_8_1_7.csv|crp_dataset_8_1_5.csv,crp_dataset_8_1_3.csv,0.6333333333333333,0.9824561403422591,0.6473988439268937,112,2,61,81,0.0196044921875,0.0002192982456140351,0.019385193941885964
RF,2,0.25,1.0,crp_dataset_8_1_7.csv|crp_dataset_8_1_4.csv,crp_dataset_8_1_2.csv,0.7366666666666667,0.9425287356213502,0.6890756302463102,82,5,37,132,0.039453125,0.0020114942528735636,0.037441630747126434
RF,2,0.25,1.0,crp_dataset_8_1_7.csv|crp_dataset_8_1_4.csv,crp_dataset_8_1_1.csv,0.7366666666666667,0.9999999999833334,0.4761904761866969,60,0,66,130,0.0252685546875,0.00010416666666666667,0.025164388020833334
RF,2,0.25,1.0,crp_dataset_8_1_7.csv|crp_dataset_8_1_4.csv,crp_dataset_8_1_6.csv,0.7366666666666667,0.9999999999868421,0.5428571428532654,76,0,64,116,0.026928710937499996,8.223684210526316e-05,0.026846474095394732
RF,2,0.25,1.0,crp_dataset_8_1_7.csv|crp_dataset_8_1_4.csv,crp_dataset_8_1_8.csv,0.7366666666666667,0.9682539682385992,0.4420289855040433,61,2,77,116,0.0283203125,0.0032738095238095243,0.025046502976190474
RF,2,0.25,1.0,crp_dataset_8_1_7.csv|crp_dataset_8_1_4.csv,crp_dataset_8_1_5.csv,0.7366666666666667,0.9999999999870129,0.7699999999923,77,0,23,156,0.039282226562499994,0.0013798701298701301,0.03790235643262987
RF,2,0.25,1.0,crp_dataset_8_1_7.csv|crp_dataset_8_1_4.csv,crp_dataset_8_1_3.csv,0.7366666666666667,0.9824561403422591,0.6473988439268937,112,2,61,81,0.0196044921875,0.0002192982456140351,0.019385193941885964
RF,2,0.25,1.0,crp_dataset_8_1_7.csv|crp_dataset_8_1_3.csv,crp_dataset_8_1_2.csv,0.5,0.8282828282744618,0.6890756302463102,82,17,37,120,0.039453125,0.004103535353535354,0.035349589646464646
RF,2,0.25,1.0,crp_dataset_8_1_7.csv|crp_dataset_8_1_3.csv,crp_dataset_8_1_1.csv,0.5,0.8874999999889062,0.5634920634875913,71,9,55,121,0.0252685546875,0.0032812499999999994,0.0219873046875
RF,2,0.25,1.0,crp_dataset_8_1_7.csv|crp_dataset_8_1_3.csv,crp_dataset_8_1_6.csv,0.5,0.5809128630681291,0.9999999999928573,140,101,0,15,0.026928710937499996,0.023443983402489627,0.0034847275350103693
RF,2,0.25,1.0,crp_dataset_8_1_7.csv|crp_dataset_8_1_3.csv,crp_dataset_8_1_8.csv,0.5,0.7976190476095522,0.48550724637329346,67,17,71,101,0.0283203125,0.005654761904761904,0.022665550595238095
RF,2,0.25,1.0,crp_dataset_8_1_7.csv|crp_dataset_8_1_3.csv,crp_dataset_8_1_5.csv,0.5,0.8555555555460493,0.7699999999923,77,13,23,143,0.039282226562499994,0.0037500000000000003,0.03553222656249999
RF,2,0.25,1.0,crp_dataset_8_1_7.csv|crp_dataset_8_1_3.csv,crp_dataset_8_1_4.csv,0.5,0.8870967741863943,0.8396946564821398,110,14,21,111,0.023046875,0.0034778225806451615,0.01956905241935484
RF,2,0.25,1.0,crp_dataset_8_1_1.csv|crp_dataset_8_1_6.csv,crp_dataset_8_1_2.csv,0.79,0.9647058823415916,0.6890756302463102,82,3,37,134,0.039453125,0.0017647058823529415,0.03768841911764706
RF,2,0.25,1.0,crp_dataset_8_1_1.csv|crp_dataset_8_1_6.csv,crp_dataset_8_1_7.csv,0.79,0.9999999999954546,0.9999999999954546,220,0,0,36,0.0095703125,0.00034090909090909094,0.00922940340909091
RF,2,0.25,1.0,crp_dataset_8_1_1.csv|crp_dataset_8_1_6.csv,crp_dataset_8_1_8.csv,0.79,0.9571428571291837,0.48550724637329346,67,3,71,115,0.0283203125,0.0031250000000000006,0.0251953125
RF,2,0.25,1.0,crp_dataset_8_1_1.csv|crp_dataset_8_1_6.csv,crp_dataset_8_1_5.csv,0.79,0.9999999999870129,0.7699999999923,77,0,23,156,0.039282226562499994,0.0013798701298701301,0.03790235643262987
RF,2,0.25,1.0,crp_dataset_8_1_1.csv|crp_dataset_8_1_6.csv,crp_dataset_8_1_4.csv,0.79,0.9913043478174669,0.8702290076269449,114,1,17,124,0.023046875,0.0004347826086956522,0.02261209239130435
RF,2,0.25,1.0,crp_dataset_8_1_1.csv|crp_dataset_8_1_6.csv,crp_dataset_8_1_3.csv,0.79,0.9846153846078107,0.7398843930593071,128,2,45,81,0.0196044921875,0.0001923076923076923,0.019412184495192306
RF,2,0.25,1.0,crp_dataset_8_1_1.csv|crp_dataset_8_1_8.csv,crp_dataset_8_1_2.csv,0.7833333333333333,0.9999999999836067,0.5126050420124991,61,0,58,137,0.039453125,0.0012295081967213116,0.03822361680327869
RF,2,0.25,1.0,crp_dataset_8_1_1.csv|crp_dataset_8_1_8.csv,crp_dataset_8_1_7.csv,0.7833333333333333,0.9999999999954546,0.9999999999954546,220,0,0,36,0.0095703125,0.00034090909090909094,0.00922940340909091
RF,2,0.25,1.0,crp_dataset_8_1_1.csv|crp_dataset_8_1_8.csv,crp_dataset_8_1_6.csv,0.7833333333333333,0.9999999999903846,0.7428571428518368,104,0,36,116,0.026928710937499996,0.0001201923076923077,0.02680851862980769
RF,2,0.25,1.0,crp_dataset_8_1_1.csv|crp_dataset_8_1_8.csv,crp_dataset_8_1_5.csv,0.7833333333333333,0.9999999999850746,0.6699999999933,67,0,33,156,0.039282226562499994,0.0013059701492537312,0.037976256413246263
RF,2,0.25,1.0,crp_dataset_8_1_1.csv|crp_dataset_8_1_8.csv,crp_dataset_8_1_4.csv,0.7833333333333333,0.999999999990909,0.8396946564821398,110,0,21,125,0.023046875,0.0002840909090909091,0.022762784090909094
RF,2,0.25,1.0,crp_dataset_8_1_1.csv|crp_dataset_8_1_8.csv,crp_dataset_8_1_3.csv,0.7833333333333333,0.9824561403422591,0.6473988439268937,112,2,61,81,0.0196044921875,0.0002192982456140351,0.019385193941885964
RF,2,0.25,1.0,crp_dataset_8_1_1.csv|crp_dataset_8_1_5.csv,crp_dataset_8_1_2.csv,0.62,0.9425287356213502,0.6890756302463102,82,5,37,132,0.039453125,0.0020114942528735636,0.037441630747126434
RF,2,0.25,1.0,crp_dataset_8_1_1.csv|crp_dataset_8_1_5.csv,crp_dataset_8_1_7.csv,0.62,0.9999999999954546,0.9999999999954546,220,0,0,36,0.0095703125,0.00034090909090909094,0.00922940340909091
RF,2,0.25,1.0,crp_dataset_8_1_1.csv|crp_dataset_8_1_5.csv,crp_dataset_8_1_6.csv,0.62,0.7127071823165044,0.9214285714219899,129,52,11,64,0.026928710937499996,0.01761049723756906,0.009318213699930935
RF,2,0.25,1.0,crp_dataset_8_1_1.csv|crp_dataset_8_1_5.csv,crp_dataset_8_1_8.csv,0.62,0.9692307692158579,0.4565217391271267,63,2,75,116,0.0283203125,0.0031730769230769234,0.025147235576923076
RF,2,0.25,1.0,crp_dataset_8_1_1.csv|crp_dataset_8_1_5.csv,crp_dataset_8_1_4.csv,0.62,0.9920634920556185,0.9541984732751588,125,1,6,124,0.023046875,0.0003968253968253968,0.022650049603174606
RF,2,0.25,1.0,crp_dataset_8_1_1.csv|crp_dataset_8_1_5.csv,crp_dataset_8_1_3.csv,0.62,0.9788732394297264,0.8034682080878413,139,3,34,80,0.0196044921875,0.0007042253521126761,0.018900266835387324
RF,2,0.25,1.0,crp_dataset_8_1_1.csv|crp_dataset_8_1_4.csv,crp_dataset_8_1_2.csv,0.68,0.9425287356213502,0.6890756302463102,82,5,37,132,0.039453125,0.0020114942528735636,0.037441630747126434
RF,2,0.25,1.0,crp_dataset_8_1_1.csv|crp_dataset_8_1_4.csv,crp_dataset_8_1_7.csv,0.68,0.9999999999954546,0.9999999999954546,220,0,0,36,0.0095703125,0.00034090909090909094,0.00922940340909091
RF,2,0.25,1.0,crp_dataset_8_1_1.csv|crp_dataset_8_1_4.csv,crp_dataset_8_1_6.csv,0.68,0.9883720930117631,0.6071428571385205,85,1,55,115,0.026928710937499996,0.0002180232558139535,0.02671068768168604
RF,2,0.25,1.0,crp_dataset_8_1_1.csv|crp_dataset_8_1_4.csv,crp_dataset_8_1_8.csv,0.68,0.9620253164435186,0.5507246376771687,76,3,62,115,0.0283203125,0.0034018987341772142,0.024918413765822787
RF,2,0.25,1.0,crp_dataset_8_1_1.csv|crp_dataset_8_1_4.csv,crp_dataset_8_1_5.csv,0.68,0.9999999999870129,0.7699999999923,77,0,23,156,0.039282226562499994,0.0013798701298701301,0.03790235643262987
RF,2,0.25,1.0,crp_dataset_8_1_1.csv|crp_dataset_8_1_4.csv,crp_dataset_8_1_3.csv,0.68,0.9761904761827286,0.7109826589554279,123,3,50,80,0.0196044921875,0.000496031746031746,0.01910846044146825
RF,2,0.25,1.0,crp_dataset_8_1_1.csv|crp_dataset_8_1_3.csv,crp_dataset_8_1_2.csv,0.8033333333333333,0.9425287356213502,0.6890756302463102,82,5,37,132,0.039453125,0.0020114942528735636,0.037441630747126434
RF,2,0.25,1.0,crp_dataset_8_1_1.csv|crp_dataset_8_1_3.csv,crp_dataset_8_1_7.csv,0.8033333333333333,0.9953703703657623,0.9772727272682852,215,1,5,35,0.0095703125,0.00034722222222222224,0.009223090277777778
RF,2,0.25,1.0,crp_dataset_8_1_1.csv|crp_dataset_8_1_3.csv,crp_dataset_8_1_6.csv,0.8033333333333333,0.7204301075230085,0.9571428571360204,134,52,6,64,0.026928710937499996,0.015524193548387098,0.011404517389112898
RF,2,0.25,1.0,crp_dataset_8_1_1.csv|crp_dataset_8_1_3.csv,crp_dataset_8_1_8.csv,0.8033333333333333,0.9402985074486522,0.4565217391271267,63,4,75,114,0.0283203125,0.003451492537313433,0.024868819962686566
RF,2,0.25,1.0,crp_dataset_8_1_1.csv|crp_dataset_8_1_3.csv,crp_dataset_8_1_5.csv,0.8033333333333333,0.9999999999870129,0.7699999999923,77,0,23,156,0.039282226562499994,0.0013798701298701301,0.03790235643262987
RF,2,0.25,1.0,crp_dataset_8_1_1.csv|crp_dataset_8_1_3.csv,crp_dataset_8_1_4.csv,0.8033333333333333,0.999999999990566,0.8091603053373347,106,0,25,125,0.023046875,0.0001179245283018868,0.022928950471698115
RF,2,0.25,1.0,crp_dataset_8_1_6.csv|crp_dataset_8_1_8.csv,crp_dataset_8_1_2.csv,0.6266666666666667,0.9425287356213502,0.6890756302463102,82,5,37,132,0.039453125,0.0020114942528735636,0.037441630747126434
RF,2,0.25,1.0,crp_dataset_8_1_6.csv|crp_dataset_8_1_8.csv,crp_dataset_8_1_7.csv,0.6266666666666667,0.9999999999954546,0.9999999999954546,220,0,0,36,0.0095703125,0.00034090909090909094,0.00922940340909091
RF,2,0.25,1.0,crp_dataset_8_1_6.csv|crp_dataset_8_1_8.csv,crp_dataset_8_1_1.csv,0.6266666666666667,0.985714285700204,0.5476190476147014,69,1,57,129,0.0252685546875,0.00026785714285714287,0.025000697544642857
RF,2,0.25,1.0,crp_dataset_8_1_6.csv|crp_dataset_8_1_8.csv,crp_dataset_8_1_5.csv,0.6266666666666667,0.9999999999875,0.799999999992,80,0,20,156,0.039282226562499994,0.00140625,0.0378759765625
RF,2,0.25,1.0,crp_dataset_8_1_6.csv|crp_dataset_8_1_8.csv,crp_dataset_8_1_4.csv,0.6266666666666667,0.9920634920556185,0.9541984732751588,125,1,6,124,0.023046875,0.00034722222222222224,0.02269965277777778
RF,2,0.25,1.0,crp_dataset_8_1_6.csv|crp_dataset_8_1_8.csv,crp_dataset_8_1_3.csv,0.6266666666666667,0.9836065573689868,0.6936416184931004,120,2,53,81,0.0196044921875,0.00020491803278688525,0.019399574154713113
RF,2,0.25,1.0,crp_dataset_8_1_6.csv|crp_dataset_8_1_5.csv,crp_dataset_8_1_2.csv,0.5,0.918181818173471,0.848739495791187,101,9,18,128,0.039453125,0.002897727272727273,0.036555397727272725
RF,2,0.25,1.0,crp_dataset_8_1_6.csv|crp_dataset_8_1_5.csv,crp_dataset_8_1_7.csv,0.5,0.9865470851973698,0.9999999999954546,220,3,0,33,0.0095703125,0.0005044843049327355,0.009065828195067266
RF,2,0.25,1.0,crp_dataset_8_1_6.csv|crp_dataset_8_1_5.csv,crp_dataset_8_1_1.csv,0.5,0.8658536585260261,0.5634920634875913,71,11,55,119,0.0252685546875,0.0024390243902439024,0.0228295302972561
RF,2,0.25,1.0,crp_dataset_8_1_6.csv|crp_dataset_8_1_5.csv,crp_dataset_8_1_8.csv,0.5,0.8118811881107735,0.5942028985464188,82,19,56,99,0.0283203125,0.005198019801980197,0.023122292698019804
RF,2,0.25,1.0,crp_dataset_8_1_6.csv|crp_dataset_8_1_5.csv,crp_dataset_8_1_4.csv,0.5,0.9402985074556695,0.9618320610613601,126,8,5,117,0.023046875,0.0015391791044776118,0.02150769589552239
RF,2,0.25,1.0,crp_dataset_8_1_6.csv|crp_dataset_8_1_5.csv,crp_dataset_8_1_3.csv,0.5,0.9770992366337626,0.7398843930593071,128,3,45,80,0.0196044921875,0.00047709923664122136,0.019127392950858777
RF,2,0.25,1.0,crp_dataset_8_1_6.csv|crp_dataset_8_1_4.csv,crp_dataset_8_1_2.csv,0.77,0.9425287356213502,0.6890756302463102,82,5,37,132,0.039453125,0.0020114942528735636,0.037441630747126434
RF,2,0.25,1.0,crp_dataset_8_1_6.csv|crp_dataset_8_1_4.csv,crp_dataset_8_1_7.csv,0.77,0.9999999999954546,0.9999999999954546,220,0,0,36,0.0095703125,0.00034090909090909094,0.00922940340909091
RF,2,0.25,1.0,crp_dataset_8_1_6.csv|crp_dataset_8_1_4.csv,crp_dataset_8_1_1.csv,0.77,0.9999999999833334,0.4761904761866969,60,0,66,130,0.0252685546875,0.00010416666666666667,0.025164388020833334
RF,2,0.25,1.0,crp_dataset_8_1_6.csv|crp_dataset_8_1_4.csv,crp_dataset_8_1_8.csv,0.77,0.9692307692158579,0.4565217391271267,63,2,75,116,0.0283203125,0.0031730769230769234,0.025147235576923076
RF,2,0.25,1.0,crp_dataset_8_1_6.csv|crp_dataset_8_1_4.csv,crp_dataset_8_1_5.csv,0.77,0.9999999999870129,0.7699999999923,77,0,23,156,0.039282226562499994,0.0013798701298701301,0.03790235643262987
RF,2,0.25,1.0,crp_dataset_8_1_6.csv|crp_dataset_8_1_4.csv,crp_dataset_8_1_3.csv,0.77,0.9831932773026623,0.6763005780307729,117,2,56,81,0.0196044921875,0.0002100840336134454,0.019394408153886555
RF,2,0.25,1.0,crp_dataset_8_1_6.csv|crp_dataset_8_1_3.csv,crp_dataset_8_1_2.csv,0.63,0.881720430098046,0.6890756302463102,82,11,37,126,0.039453125,0.002688172043010753,0.03676495295698925
RF,2,0.25,1.0,crp_dataset_8_1_6.csv|crp_dataset_8_1_3.csv,crp_dataset_8_1_7.csv,0.63,0.9777777777734321,0.9999999999954546,220,5,0,31,0.0095703125,0.0006944444444444445,0.008875868055555557
RF,2,0.25,1.0,crp_dataset_8_1_6.csv|crp_dataset_8_1_3.csv,crp_dataset_8_1_1.csv,0.63,0.914285714272653,0.5079365079324767,64,6,62,124,0.0252685546875,0.0017857142857142857,0.023482840401785714
RF,2,0.25,1.0,crp_dataset_8_1_6.csv|crp_dataset_8_1_3.csv,crp_dataset_8_1_8.csv,0.63,0.8210526315703047,0.5652173913002521,78,17,60,101,0.0283203125,0.0045394736842105255,0.023780838815789476
RF,2,0.25,1.0,crp_dataset_8_1_6.csv|crp_dataset_8_1_3.csv,crp_dataset_8_1_5.csv,0.63,0.919540229874488,0.799999999992,80,7,20,149,0.039282226562499994,0.0023706896551724138,0.03691153690732758
RF,2,0.25,1.0,crp_dataset_8_1_6.csv|crp_dataset_8_1_3.csv,crp_dataset_8_1_4.csv,0.63,0.9572649572567755,0.8549618320545423,112,5,19,120,0.023046875,0.0009615384615384616,0.02208533653846154
RF,2,0.25,1.0,crp_dataset_8_1_8.csv|crp_dataset_8_1_5.csv,crp_dataset_8_1_2.csv,0.76,0.9999999999890109,0.764705882346515,91,0,28,137,0.039453125,0.0014423076923076924,0.038010817307692304
RF,2,0.25,1.0,crp_dataset_8_1_8.csv|crp_dataset_8_1_5.csv,crp_dataset_8_1_7.csv,0.76,0.9999999999954546,0.9999999999954546,220,0,0,36,0.0095703125,0.00034090909090909094,0.00922940340909091
RF,2,0.25,1.0,crp_dataset_8_1_8.csv|crp_dataset_8_1_5.csv,crp_dataset_8_1_1.csv,0.76,0.9855072463625288,0.5396825396782565,68,1,58,129,0.0252685546875,0.00027173913043478267,0.02499681555706522
RF,2,0.25,1.0,crp_dataset_8_1_8.csv|crp_dataset_8_1_5.csv,crp_dataset_8_1_6.csv,0.76,0.987804878036734,0.5785714285672959,81,1,59,115,0.026928710937499996,0.0007621951219512195,0.026166515815548776
RF,2,0.25,1.0,crp_dataset_8_1_8.csv|crp_dataset_8_1_5.csv,crp_dataset_8_1_4.csv,0.76,0.9508196721233539,0.8854961831993474,116,6,15,119,0.023046875,0.003432377049180328,0.019614497950819675
RF,2,0.25,1.0,crp_dataset_8_1_8.csv|crp_dataset_8_1_5.csv,crp_dataset_8_1_3.csv,0.76,0.9743589743506464,0.6589595375684454,114,3,59,80,0.0196044921875,0.0008012820512820513,0.018803210136217947
RF,2,0.25,1.0,crp_dataset_8_1_8.csv|crp_dataset_8_1_4.csv,crp_dataset_8_1_2.csv,0.77,0.9425287356213502,0.6890756302463102,82,5,37,132,0.039453125,0.0020114942528735636,0.037441630747126434
RF,2,0.25,1.0,crp_dataset_8_1_8.csv|crp_dataset_8_1_4.csv,crp_dataset_8_1_7.csv,0.77,0.9999999999954546,0.9999999999954546,220,0,0,36,0.0095703125,0.00034090909090909094,0.00922940340909091
RF,2,0.25,1.0,crp_dataset_8_1_8.csv|crp_dataset_8_1_4.csv,crp_dataset_8_1_1.csv,0.77,0.9999999999833334,0.4761904761866969,60,0,66,130,0.0252685546875,0.00010416666666666667,0.025164388020833334
RF,2,0.25,1.0,crp_dataset_8_1_8.csv|crp_dataset_8_1_4.csv,crp_dataset_8_1_6.csv,0.77,0.9999999999875,0.5714285714244899,80,0,60,116,0.026928710937499996,7.8125e-05,0.026850585937499998
RF,2,0.25,1.0,crp_dataset_8_1_8.csv|crp_dataset_8_1_4.csv,crp_dataset_8_1_5.csv,0.77,0.9999999999870129,0.7699999999923,77,0,23,156,0.039282226562499994,0.0013798701298701301,0.03790235643262987
RF,2,0.25,1.0,crp_dataset_8_1_8.csv|crp_dataset_8_1_4.csv,crp_dataset_8_1_3.csv,0.77,0.9824561403422591,0.6473988439268937,112,2,61,81,0.0196044921875,0.0002192982456140351,0.019385193941885964
RF,2,0.25,1.0,crp_dataset_8_1_8.csv|crp_dataset_8_1_3.csv,crp_dataset_8_1_2.csv,0.6466666666666666,0.9318181818075929,0.6890756302463102,82,6,37,131,0.039453125,0.002698863636363637,0.03675426136363636
RF,2,0.25,1.0,crp_dataset_8_1_8.csv|crp_dataset_8_1_3.csv,crp_dataset_8_1_7.csv,0.6466666666666666,0.9999999999954546,0.9999999999954546,220,0,0,36,0.0095703125,0.00034090909090909094,0.00922940340909091
RF,2,0.25,1.0,crp_dataset_8_1_8.csv|crp_dataset_8_1_3.csv,crp_dataset_8_1_1.csv,0.6466666666666666,0.9999999999833334,0.4761904761866969,60,0,66,130,0.0252685546875,0.00010416666666666667,0.025164388020833334
RF,2,0.25,1.0,crp_dataset_8_1_8.csv|crp_dataset_8_1_3.csv,crp_dataset_8_1_6.csv,0.6466666666666666,0.6249999999972099,0.9999999999928573,140,84,0,32,0.026928710937499996,0.020396205357142854,0.006532505580357142
RF,2,0.25,1.0,crp_dataset_8_1_8.csv|crp_dataset_8_1_3.csv,crp_dataset_8_1_5.csv,0.6466666666666666,0.9999999999870129,0.7699999999923,77,0,23,156,0.039282226562499994,0.0013798701298701301,0.03790235643262987
RF,2,0.25,1.0,crp_dataset_8_1_8.csv|crp_dataset_8_1_3.csv,crp_dataset_8_1_4.csv,0.6466666666666666,0.999999999990909,0.8396946564821398,110,0,21,125,0.023046875,0.0002840909090909091,0.022762784090909094
RF,2,0.25,1.0,crp_dataset_8_1_5.csv|crp_dataset_8_1_4.csv,crp_dataset_8_1_2.csv,0.5,0.8923076923008285,0.974789915958195,116,14,3,123,0.039453125,0.0042307692307692315,0.035222355769230766
RF,2,0.25,1.0,crp_dataset_8_1_5.csv|crp_dataset_8_1_4.csv,crp_dataset_8_1_7.csv,0.5,0.9999999999954546,0.9999999999954546,220,0,0,36,0.0095703125,0.00034090909090909094,0.00922940340909091
RF,2,0.25,1.0,crp_dataset_8_1_5.csv|crp_dataset_8_1_4.csv,crp_dataset_8_1_1.csv,0.5,0.985074626850969,0.5238095238053666,66,1,60,129,0.0252685546875,0.0008395522388059701,0.02442900244869403
RF,2,0.25,1.0,crp_dataset_8_1_5.csv|crp_dataset_8_1_4.csv,crp_dataset_8_1_6.csv,0.5,0.9787234042449071,0.6571428571381633,92,2,48,114,0.026928710937499996,0.0010638297872340426,0.025864881150265952
RF,2,0.25,1.0,crp_dataset_8_1_5.csv|crp_dataset_8_1_4.csv,crp_dataset_8_1_8.csv,0.5,0.9156626505913775,0.5507246376771687,76,7,62,111,0.0283203125,0.0037650602409638554,0.024555252259036146
RF,2,0.25,1.0,crp_dataset_8_1_5.csv|crp_dataset_8_1_4.csv,crp_dataset_8_1_3.csv,0.5,0.9333333333264199,0.7283236994177554,126,9,47,74,0.0196044921875,0.0025925925925925925,0.017011899594907405
RF,2,0.25,1.0,crp_dataset_8_1_5.csv|crp_dataset_8_1_3.csv,crp_dataset_8_1_2.csv,0.81,0.9545454545346074,0.7058823529352447,84,4,35,133,0.039453125,0.001846590909090909,0.03760653409090909
RF,2,0.25,1.0,crp_dataset_8_1_5.csv|crp_dataset_8_1_3.csv,crp_dataset_8_1_7.csv,0.81,0.9999999999954546,0.9999999999954546,220,0,0,36,0.0095703125,0.00034090909090909094,0.00922940340909091
RF,2,0.25,1.0,crp_dataset_8_1_5.csv|crp_dataset_8_1_3.csv,crp_dataset_8_1_1.csv,0.81,0.9999999999833334,0.4761904761866969,60,0,66,130,0.0252685546875,0.00010416666666666667,0.025164388020833334
RF,2,0.25,1.0,crp_dataset_8_1_5.csv|crp_dataset_8_1_3.csv,crp_dataset_8_1_6.csv,0.81,0.887931034475104,0.7357142857090306,103,13,37,103,0.026928710937499996,0.005818965517241379,0.02110974542025862
RF,2,0.25,1.0,crp_dataset_8_1_5.csv|crp_dataset_8_1_3.csv,crp_dataset_8_1_8.csv,0.81,0.9682539682385992,0.4420289855040433,61,2,77,116,0.0283203125,0.0032738095238095243,0.025046502976190474
RF,2,0.25,1.0,crp_dataset_8_1_5.csv|crp_dataset_8_1_3.csv,crp_dataset_8_1_4.csv,0.81,0.999999999990909,0.8396946564821398,110,0,21,125,0.023046875,0.0002840909090909091,0.022762784090909094
RF,2,0.25,1.0,crp_dataset_8_1_4.csv|crp_dataset_8_1_3.csv,crp_dataset_8_1_2.csv,0.5,0.8282828282744618,0.6890756302463102,82,17,37,120,0.039453125,0.004103535353535354,0.035349589646464646
RF,2,0.25,1.0,crp_dataset_8_1_4.csv|crp_dataset_8_1_3.csv,crp_dataset_8_1_7.csv,0.5,0.9606986899521367,0.9999999999954546,220,9,0,27,0.0095703125,0.0012281659388646289,0.008342146561135372
RF,2,0.25,1.0,crp_dataset_8_1_4.csv|crp_dataset_8_1_3.csv,crp_dataset_8_1_1.csv,0.5,0.9753086419632677,0.6269841269791508,79,2,47,128,0.0252685546875,0.0004629629629629629,0.024805591724537036
RF,2,0.25,1.0,crp_dataset_8_1_4.csv|crp_dataset_8_1_3.csv,crp_dataset_8_1_6.csv,0.5,0.5785123966918243,0.9999999999928573,140,102,0,14,0.026928710937499996,0.02347623966942149,0.003452471268078506
RF,2,0.25,1.0,crp_dataset_8_1_4.csv|crp_dataset_8_1_3.csv,crp_dataset_8_1_8.csv,0.5,0.801470588229401,0.7898550724580445,109,27,29,91,0.0283203125,0.005284926470588236,0.023035386029411763
RF,2,0.25,1.0,crp_dataset_8_1_4.csv|crp_dataset_8_1_3.csv,crp_dataset_8_1_5.csv,0.5,0.8421052631490304,0.799999999992,80,15,20,141,0.039282226562499994,0.004013157894736842,0.03526906866776315
RF,3,0.25,1.0,crp_dataset_8_1_2.csv|crp_dataset_8_1_7.csv|crp_dataset_8_1_1.csv,crp_dataset_8_1_6.csv,0.8633333333333333,0.9999999999868421,0.5428571428532654,76,0,64,116,0.026928710937499996,8.223684210526316e-05,0.026846474095394732
RF,3,0.25,1.0,crp_dataset_8_1_2.csv|crp_dataset_8_1_7.csv|crp_dataset_8_1_1.csv,crp_dataset_8_1_8.csv,0.8633333333333333,0.9999999999836067,0.4420289855040433,61,0,77,118,0.0283203125,0.0029713114754098364,0.025349001024590163
RF,3,0.25,1.0,crp_dataset_8_1_2.csv|crp_dataset_8_1_7.csv|crp_dataset_8_1_1.csv,crp_dataset_8_1_5.csv,0.8633333333333333,0.9999999999868421,0.7599999999924,76,0,24,156,0.039282226562499994,0.001398026315789474,0.03788420024671052
RF,3,0.25,1.0,crp_dataset_8_1_2.csv|crp_dataset_8_1_7.csv|crp_dataset_8_1_1.csv,crp_dataset_8_1_4.csv,0.8633333333333333,0.999999999990909,0.8396946564821398,110,0,21,125,0.023046875,0.0002840909090909091,0.022762784090909094
RF,3,0.25,1.0,crp_dataset_8_1_2.csv|crp_dataset_8_1_7.csv|crp_dataset_8_1_1.csv,crp_dataset_8_1_3.csv,0.8633333333333333,0.9999999999910714,0.6473988439268937,112,0,61,83,0.0196044921875,0.0,0.0196044921875
RF,3,0.25,1.0,crp_dataset_8_1_2.csv|crp_dataset_8_1_7.csv|crp_dataset_8_1_6.csv,crp_dataset_8_1_1.csv,0.6366666666666667,0.6379310344772592,0.5873015872969262,74,42,52,88,0.0252685546875,0.013469827586206896,0.011798727101293104
RF,3,0.25,1.0,crp_dataset_8_1_2.csv|crp_dataset_8_1_7.csv|crp_dataset_8_1_6.csv,crp_dataset_8_1_8.csv,0.6366666666666667,0.7454545454477686,0.5942028985464188,82,28,56,90,0.0283203125,0.010681818181818183,0.01763849431818182
RF,3,0.25,1.0,crp_dataset_8_1_2.csv|crp_dataset_8_1_7.csv|crp_dataset_8_1_6.csv,crp_dataset_8_1_5.csv,0.6366666666666667,0.9999999999876543,0.8099999999919,81,0,19,156,0.039282226562499994,0.0016203703703703705,0.037661856192129625
RF,3,0.25,1.0,crp_dataset_8_1_2.csv|crp_dataset_8_1_7.csv|crp_dataset_8_1_6.csv,crp_dataset_8_1_4.csv,0.6366666666666667,0.9078014184332781,0.9770992366337626,128,13,3,112,0.023046875,0.004078014184397163,0.01896886081560284
RF,3,0.25,1.0,crp_dataset_8_1_2.csv|crp_dataset_8_1_7.csv|crp_dataset_8_1_6.csv,crp_dataset_8_1_3.csv,0.6366666666666667,0.9920634920556185,0.7225433525969795,125,1,48,82,0.0196044921875,0.000248015873015873,0.019356476314484127
RF,3,0.25,1.0,crp_dataset_8_1_2.csv|crp_dataset_8_1_7.csv|crp_dataset_8_1_8.csv,crp_dataset_8_1_1.csv,0.6366666666666667,0.7711864406714306,0.7222222222164902,91,27,35,103,0.0252685546875,0.009427966101694914,0.015840588585805088
RF,3,0.25,1.0,crp_dataset_8_1_2.csv|crp_dataset_8_1_7.csv|crp_dataset_8_1_8.csv,crp_dataset_8_1_6.csv,0.6366666666666667,0.9999999999868421,0.5428571428532654,76,0,64,116,0.026928710937499996,8.223684210526316e-05,0.026846474095394732
RF,3,0.25,1.0,crp_dataset_8_1_2.csv|crp_dataset_8_1_7.csv|crp_dataset_8_1_8.csv,crp_dataset_8_1_5.csv,0.6366666666666667,0.988095238083475,0.8299999999916999,83,1,17,155,0.039282226562499994,0.0018601190476190475,0.037422107514880946
RF,3,0.25,1.0,crp_dataset_8_1_2.csv|crp_dataset_8_1_7.csv|crp_dataset_8_1_8.csv,crp_dataset_8_1_4.csv,0.6366666666666667,0.9262295081891292,0.8625954198407436,113,9,18,116,0.023046875,0.004508196721311476,0.018538678278688527
RF,3,0.25,1.0,crp_dataset_8_1_2.csv|crp_dataset_8_1_7.csv|crp_dataset_8_1_8.csv,crp_dataset_8_1_3.csv,0.6366666666666667,0.9999999999910714,0.6473988439268937,112,0,61,83,0.0196044921875,0.0,0.0196044921875
RF,3,0.25,1.0,crp_dataset_8_1_2.csv|crp_dataset_8_1_7.csv|crp_dataset_8_1_5.csv,crp_dataset_8_1_1.csv,0.73,0.7831325301110466,0.5158730158689216,65,18,61,112,0.0252685546875,0.007981927710843375,0.017286626976656623
RF,3,0.25,1.0,crp_dataset_8_1_2.csv|crp_dataset_8_1_7.csv|crp_dataset_8_1_5.csv,crp_dataset_8_1_6.csv,0.73,0.9999999999868421,0.5428571428532654,76,0,64,116,0.026928710937499996,8.223684210526316e-05,0.026846474095394732
RF,3,0.25,1.0,crp_dataset_8_1_2.csv|crp_dataset_8_1_7.csv|crp_dataset_8_1_5.csv,crp_dataset_8_1_8.csv,0.73,0.8620689655073325,0.543478260865627,75,12,63,106,0.0283203125,0.0047413793103448275,0.023578933189655173
RF,3,0.25,1.0,crp_dataset_8_1_2.csv|crp_dataset_8_1_7.csv|crp_dataset_8_1_5.csv,crp_dataset_8_1_4.csv,0.73,0.887999999992896,0.8473282442683411,111,14,20,111,0.023046875,0.00635,0.016696875
RF,3,0.25,1.0,crp_dataset_8_1_2.csv|crp_dataset_8_1_7.csv|crp_dataset_8_1_5.csv,crp_dataset_8_1_3.csv,0.73,0.9999999999910714,0.6473988439268937,112,0,61,83,0.0196044921875,0.0,0.0196044921875
RF,3,0.25,1.0,crp_dataset_8_1_2.csv|crp_dataset_8_1_7.csv|crp_dataset_8_1_4.csv,crp_dataset_8_1_1.csv,0.7833333333333333,0.9999999999833334,0.4761904761866969,60,0,66,130,0.0252685546875,0.00010416666666666667,0.025164388020833334
RF,3,0.25,1.0,crp_dataset_8_1_2.csv|crp_dataset_8_1_7.csv|crp_dataset_8_1_4.csv,crp_dataset_8_1_6.csv,0.7833333333333333,0.9999999999868421,0.5428571428532654,76,0,64,116,0.026928710937499996,8.223684210526316e-05,0.026846474095394732
RF,3,0.25,1.0,crp_dataset_8_1_2.csv|crp_dataset_8_1_7.csv|crp_dataset_8_1_4.csv,crp_dataset_8_1_8.csv,0.7833333333333333,0.9999999999852941,0.4927536231848352,68,0,70,118,0.0283203125,0.0028492647058823532,0.025471047794117647
RF,3,0.25,1.0,crp_dataset_8_1_2.csv|crp_dataset_8_1_7.csv|crp_dataset_8_1_4.csv,crp_dataset_8_1_5.csv,0.7833333333333333,0.9999999999871795,0.7799999999921999,78,0,22,156,0.039282226562499994,0.0014423076923076924,0.0378399188701923
RF,3,0.25,1.0,crp_dataset_8_1_2.csv|crp_dataset_8_1_7.csv|crp_dataset_8_1_4.csv,crp_dataset_8_1_3.csv,0.7833333333333333,0.9999999999910714,0.6473988439268937,112,0,61,83,0.0196044921875,0.0,0.0196044921875
RF,3,0.25,1.0,crp_dataset_8_1_2.csv|crp_dataset_8_1_7.csv|crp_dataset_8_1_3.csv,crp_dataset_8_1_1.csv,0.74,0.9677419354682623,0.4761904761866969,60,2,66,128,0.0252685546875,0.001209677419354839,0.02405887726814516
RF,3,0.25,1.0,crp_dataset_8_1_2.csv|crp_dataset_8_1_7.csv|crp_dataset_8_1_3.csv,crp_dataset_8_1_6.csv,0.74,0.806666666661289,0.8642857142795409,121,29,19,87,0.026928710937499996,0.009708333333333333,0.017220377604166663
RF,3,0.25,1.0,crp_dataset_8_1_2.csv|crp_dataset_8_1_7.csv|crp_dataset_8_1_3.csv,crp_dataset_8_1_8.csv,0.74,0.9999999999836067,0.4420289855040433,61,0,77,118,0.0283203125,0.0029713114754098364,0.025349001024590163
RF,3,0.25,1.0,crp_dataset_8_1_2.csv|crp_dataset_8_1_7.csv|crp_dataset_8_1_3.csv,crp_dataset_8_1_5.csv,0.74,0.9999999999870129,0.7699999999923,77,0,23,156,0.039282226562499994,0.0013798701298701301,0.03790235643262987
RF,3,0.25,1.0,crp_dataset_8_1_2.csv|crp_dataset_8_1_7.csv|crp_dataset_8_1_3.csv,crp_dataset_8_1_4.csv,0.74,0.999999999990909,0.8396946564821398,110,0,21,125,0.023046875,0.0002840909090909091,0.022762784090909094
RF,3,0.25,1.0,crp_dataset_8_1_2.csv|crp_dataset_8_1_1.csv|crp_dataset_8_1_6.csv,crp_dataset_8_1_7.csv,0.7,0.9999999999954546,0.9999999999954546,220,0,0,36,0.0095703125,0.00034090909090909094,0.00922940340909091
RF,3,0.25,1.0,crp_dataset_8_1_2.csv|crp_dataset_8_1_1.csv|crp_dataset_8_1_6.csv,crp_dataset_8_1_8.csv,0.7,0.9846153846002367,0.4637681159386684,64,1,74,117,0.0283203125,0.002980769230769231,0.02533954326923077
RF,3,0.25,1.0,crp_dataset_8_1_2.csv|crp_dataset_8_1_1.csv|crp_dataset_8_1_6.csv,crp_dataset_8_1_5.csv,0.7,0.9999999999871795,0.7799999999921999,78,0,22,156,0.039282226562499994,0.0014423076923076924,0.0378399188701923
RF,3,0.25,1.0,crp_dataset_8_1_2.csv|crp_dataset_8_1_1.csv|crp_dataset_8_1_6.csv,crp_dataset_8_1_4.csv,0.7,0.9765624999923707,0.9541984732751588,125,3,6,122,0.023046875,0.000634765625,0.022412109375000003
RF,3,0.25,1.0,crp_dataset_8_1_2.csv|crp_dataset_8_1_1.csv|crp_dataset_8_1_6.csv,crp_dataset_8_1_3.csv,0.7,0.9854014598468219,0.7803468208047379,135,2,38,81,0.0196044921875,0.0002737226277372263,0.019330769559762772
RF,3,0.25,1.0,crp_dataset_8_1_2.csv|crp_dataset_8_1_1.csv|crp_dataset_8_1_8.csv,crp_dataset_8_1_7.csv,0.6666666666666666,0.9999999999954546,0.9999999999954546,220,0,0,36,0.0095703125,0.00034090909090909094,0.00922940340909091
RF,3,0.25,1.0,crp_dataset_8_1_2.csv|crp_dataset_8_1_1.csv|crp_dataset_8_1_8.csv,crp_dataset_8_1_6.csv,0.6666666666666666,0.7385620914984409,0.8071428571370919,113,40,27,76,0.026928710937499996,0.014869281045751633,0.012059429891748363
RF,3,0.25,1.0,crp_dataset_8_1_2.csv|crp_dataset_8_1_1.csv|crp_dataset_8_1_8.csv,crp_dataset_8_1_5.csv,0.6666666666666666,0.9999999999870129,0.7699999999923,77,0,23,156,0.039282226562499994,0.0013798701298701301,0.03790235643262987
RF,3,0.25,1.0,crp_dataset_8_1_2.csv|crp_dataset_8_1_1.csv|crp_dataset_8_1_8.csv,crp_dataset_8_1_4.csv,0.6666666666666666,0.9910714285625797,0.8473282442683411,111,1,20,124,0.023046875,0.00044642857142857147,0.02260044642857143
RF,3,0.25,1.0,crp_dataset_8_1_2.csv|crp_dataset_8_1_1.csv|crp_dataset_8_1_8.csv,crp_dataset_8_1_3.csv,0.6666666666666666,0.9937106918176497,0.9132947976825821,158,1,15,82,0.0196044921875,0.00035377358490566035,0.01925071860259434
RF,3,0.25,1.0,crp_dataset_8_1_2.csv|crp_dataset_8_1_1.csv|crp_dataset_8_1_5.csv,crp_dataset_8_1_7.csv,0.82,0.9999999999954546,0.9999999999954546,220,0,0,36,0.0095703125,0.00034090909090909094,0.00922940340909091
RF,3,0.25,1.0,crp_dataset_8_1_2.csv|crp_dataset_8_1_1.csv|crp_dataset_8_1_5.csv,crp_dataset_8_1_6.csv,0.82,0.9719626168133461,0.7428571428518368,104,3,36,113,0.026928710937499996,0.0012850467289719626,0.02564366420852803
RF,3,0.25,1.0,crp_dataset_8_1_2.csv|crp_dataset_8_1_1.csv|crp_dataset_8_1_5.csv,crp_dataset_8_1_8.csv,0.82,0.9999999999836067,0.4420289855040433,61,0,77,118,0.0283203125,0.0029713114754098364,0.025349001024590163
RF,3,0.25,1.0,crp_dataset_8_1_2.csv|crp_dataset_8_1_1.csv|crp_dataset_8_1_5.csv,crp_dataset_8_1_4.csv,0.82,0.999999999990909,0.8396946564821398,110,0,21,125,0.023046875,0.0002840909090909091,0.022762784090909094
RF,3,0.25,1.0,crp_dataset_8_1_2.csv|crp_dataset_8_1_1.csv|crp_dataset_8_1_5.csv,crp_dataset_8_1_3.csv,0.82,0.9999999999910714,0.6473988439268937,112,0,61,83,0.0196044921875,0.0,0.0196044921875
RF,3,0.25,1.0,crp_dataset_8_1_2.csv|crp_dataset_8_1_1.csv|crp_dataset_8_1_4.csv,crp_dataset_8_1_7.csv,0.84,0.9999999999954546,0.9999999999954546,220,0,0,36,0.0095703125,0.00034090909090909094,0.00922940340909091
RF,3,0.25,1.0,crp_dataset_8_1_2.csv|crp_dataset_8_1_1.csv|crp_dataset_8_1_4.csv,crp_dataset_8_1_6.csv,0.84,0.9999999999878049,0.5857142857101021,82,0,58,116,0.026928710937499996,7.621951219512195e-05,0.026852491425304874
RF,3,0.25,1.0,crp_dataset_8_1_2.csv|crp_dataset_8_1_1.csv|crp_dataset_8_1_4.csv,crp_dataset_8_1_8.csv,0.84,0.9999999999836067,0.4420289855040433,61,0,77,118,0.0283203125,0.0029713114754098364,0.025349001024590163
RF,3,0.25,1.0,crp_dataset_8_1_2.csv|crp_dataset_8_1_1.csv|crp_dataset_8_1_4.csv,crp_dataset_8_1_5.csv,0.84,0.9999999999870129,0.7699999999923,77,0,23,156,0.039282226562499994,0.0013798701298701301,0.03790235643262987
RF,3,0.25,1.0,crp_dataset_8_1_2.csv|crp_dataset_8_1_1.csv|crp_dataset_8_1_4.csv,crp_dataset_8_1_3.csv,0.84,0.9999999999910714,0.6473988439268937,112,0,61,83,0.0196044921875,0.0,0.0196044921875
RF,3,0.25,1.0,crp_dataset_8_1_2.csv|crp_dataset_8_1_1.csv|crp_dataset_8_1_3.csv,crp_dataset_8_1_7.csv,0.6655,0.9999999999954546,0.9999999999954546,220,0,0,36,0.0095703125,0.00034090909090909094,0.00922940340909091
RF,3,0.25,1.0,crp_dataset_8_1_2.csv|crp_dataset_8_1_1.csv|crp_dataset_8_1_3.csv,crp_dataset_8_1_6.csv,0.6655,0.7848837209256694,0.9642857142788266,135,37,5,79,0.026928710937499996,0.011954941860465116,0.01497376907703488
RF,3,0.25,1.0,crp_dataset_8_1_2.csv|crp_dataset_8_1_1.csv|crp_dataset_8_1_3.csv,crp_dataset_8_1_8.csv,0.6655,0.9687499999848632,0.449275362315585,62,2,76,116,0.0283203125,0.0032226562500000003,0.02509765625
RF,3,0.25,1.0,crp_dataset_8_1_2.csv|crp_dataset_8_1_1.csv|crp_dataset_8_1_3.csv,crp_dataset_8_1_5.csv,0.6655,0.9999999999870129,0.7699999999923,77,0,23,156,0.039282226562499994,0.0013798701298701301,0.03790235643262987
RF,3,0.25,1.0,crp_dataset_8_1_2.csv|crp_dataset_8_1_1.csv|crp_dataset_8_1_3.csv,crp_dataset_8_1_4.csv,0.6655,0.999999999990909,0.8396946564821398,110,0,21,125,0.023046875,0.0002840909090909091,0.022762784090909094
RF,3,0.25,1.0,crp_dataset_8_1_2.csv|crp_dataset_8_1_6.csv|crp_dataset_8_1_8.csv,crp_dataset_8_1_7.csv,0.69,0.9999999999954546,0.9999999999954546,220,0,0,36,0.0095703125,0.00034090909090909094,0.00922940340909091
RF,3,0.25,1.0,crp_dataset_8_1_2.csv|crp_dataset_8_1_6.csv|crp_dataset_8_1_8.csv,crp_dataset_8_1_1.csv,0.69,0.9999999999864865,0.5873015872969262,74,0,52,130,0.0252685546875,8.445945945945946e-05,0.02518409522804054
RF,3,0.25,1.0,crp_dataset_8_1_2.csv|crp_dataset_8_1_6.csv|crp_dataset_8_1_8.csv,crp_dataset_8_1_5.csv,0.69,0.9999999999871795,0.7799999999921999,78,0,22,156,0.039282226562499994,0.0014423076923076924,0.0378399188701923
RF,3,0.25,1.0,crp_dataset_8_1_2.csv|crp_dataset_8_1_6.csv|crp_dataset_8_1_8.csv,crp_dataset_8_1_4.csv,0.69,0.9915966386471294,0.90076335877175,118,1,13,124,0.023046875,0.0005777310924369748,0.022469143907563025
RF,3,0.25,1.0,crp_dataset_8_1_2.csv|crp_dataset_8_1_6.csv|crp_dataset_8_1_8.csv,crp_dataset_8_1_3.csv,0.69,0.9999999999915254,0.6820809248515487,118,0,55,83,0.0196044921875,0.0,0.0196044921875
RF,3,0.25,1.0,crp_dataset_8_1_2.csv|crp_dataset_8_1_6.csv|crp_dataset_8_1_5.csv,crp_dataset_8_1_7.csv,0.64,0.9999999999954546,0.9999999999954546,220,0,0,36,0.0095703125,0.00034090909090909094,0.00922940340909091
RF,3,0.25,1.0,crp_dataset_8_1_2.csv|crp_dataset_8_1_6.csv|crp_dataset_8_1_5.csv,crp_dataset_8_1_1.csv,0.64,0.8499999999893749,0.5396825396782565,68,12,58,118,0.0252685546875,0.005078125,0.0201904296875
RF,3,0.25,1.0,crp_dataset_8_1_2.csv|crp_dataset_8_1_6.csv|crp_dataset_8_1_5.csv,crp_dataset_8_1_8.csv,0.64,0.9529411764593771,0.5869565217348772,81,4,57,114,0.0283203125,0.0033823529411764705,0.024937959558823528
RF,3,0.25,1.0,crp_dataset_8_1_2.csv|crp_dataset_8_1_6.csv|crp_dataset_8_1_5.csv,crp_dataset_8_1_4.csv,0.64,0.9393939393868228,0.9465648854889576,124,8,7,117,0.023046875,0.002225378787878788,0.020821496212121215
RF,3,0.25,1.0,crp_dataset_8_1_2.csv|crp_dataset_8_1_6.csv|crp_dataset_8_1_5.csv,crp_dataset_8_1_3.csv,0.64,0.9999999999915254,0.6820809248515487,118,0,55,83,0.0196044921875,0.0,0.0196044921875
RF,3,0.25,1.0,crp_dataset_8_1_2.csv|crp_dataset_8_1_6.csv|crp_dataset_8_1_4.csv,crp_dataset_8_1_7.csv,0.7333333333333333,0.9999999999954546,0.9999999999954546,220,0,0,36,0.0095703125,0.00034090909090909094,0.00922940340909091
RF,3,0.25,1.0,crp_dataset_8_1_2.csv|crp_dataset_8_1_6.csv|crp_dataset_8_1_4.csv,crp_dataset_8_1_1.csv,0.7333333333333333,0.9999999999833334,0.4761904761866969,60,0,66,130,0.0252685546875,0.00010416666666666667,0.025164388020833334
RF,3,0.25,1.0,crp_dataset_8_1_2.csv|crp_dataset_8_1_6.csv|crp_dataset_8_1_4.csv,crp_dataset_8_1_8.csv,0.7333333333333333,0.9999999999859155,0.5144927536194602,71,0,67,118,0.0283203125,0.0028169014084507044,0.025503411091549296
RF,3,0.25,1.0,crp_dataset_8_1_2.csv|crp_dataset_8_1_6.csv|crp_dataset_8_1_4.csv,crp_dataset_8_1_5.csv,0.7333333333333333,0.9999999999870129,0.7699999999923,77,0,23,156,0.039282226562499994,0.0013798701298701301,0.03790235643262987
RF,3,0.25,1.0,crp_dataset_8_1_2.csv|crp_dataset_8_1_6.csv|crp_dataset_8_1_4.csv,crp_dataset_8_1_3.csv,0.7333333333333333,0.9999999999918032,0.705202312134652,122,0,51,83,0.0196044921875,0.0,0.0196044921875
RF,3,0.25,1.0,crp_dataset_8_1_2.csv|crp_dataset_8_1_6.csv|crp_dataset_8_1_3.csv,crp_dataset_8_1_7.csv,0.6566666666666666,0.9954751131176676,0.9999999999954546,220,1,0,35,0.0095703125,0.0003959276018099547,0.009174384898190046
RF,3,0.25,1.0,crp_dataset_8_1_2.csv|crp_dataset_8_1_6.csv|crp_dataset_8_1_3.csv,crp_dataset_8_1_1.csv,0.6566666666666666,0.9682539682385992,0.4841269841231418,61,2,65,128,0.0252685546875,0.0005952380952380953,0.024673316592261903
RF,3,0.25,1.0,crp_dataset_8_1_2.csv|crp_dataset_8_1_6.csv|crp_dataset_8_1_3.csv,crp_dataset_8_1_8.csv,0.6566666666666666,0.88235294116609,0.543478260865627,75,10,63,108,0.0283203125,0.004191176470588235,0.024129136029411767
RF,3,0.25,1.0,crp_dataset_8_1_2.csv|crp_dataset_8_1_6.csv|crp_dataset_8_1_3.csv,crp_dataset_8_1_5.csv,0.6566666666666666,0.9999999999871795,0.7799999999921999,78,0,22,156,0.039282226562499994,0.0014423076923076924,0.0378399188701923
RF,3,0.25,1.0,crp_dataset_8_1_2.csv|crp_dataset_8_1_6.csv|crp_dataset_8_1_3.csv,crp_dataset_8_1_4.csv,0.6566666666666666,0.9910714285625797,0.8473282442683411,111,1,20,124,0.023046875,0.00044642857142857147,0.02260044642857143
RF,3,0.25,1.0,crp_dataset_8_1_2.csv|crp_dataset_8_1_8.csv|crp_dataset_8_1_5.csv,crp_dataset_8_1_7.csv,0.6366666666666667,0.9999999999954546,0.9999999999954546,220,0,0,36,0.0095703125,0.00034090909090909094,0.00922940340909091
RF,3,0.25,1.0,crp_dataset_8_1_2.csv|crp_dataset_8_1_8.csv|crp_dataset_8_1_5.csv,crp_dataset_8_1_1.csv,0.6366666666666667,0.8596491227994767,0.777777777771605,98,16,28,114,0.0252685546875,0.0044956140350877185,0.02077294065241228
RF,3,0.25,1.0,crp_dataset_8_1_2.csv|crp_dataset_8_1_8.csv|crp_dataset_8_1_5.csv,crp_dataset_8_1_6.csv,0.6366666666666667,0.7819548872121658,0.7428571428518368,104,29,36,87,0.026928710937499996,0.011466165413533834,0.015462545523966162
RF,3,0.25,1.0,crp_dataset_8_1_2.csv|crp_dataset_8_1_8.csv|crp_dataset_8_1_5.csv,crp_dataset_8_1_4.csv,0.6366666666666667,0.792207792202648,0.931297709916555,122,32,9,93,0.023046875,0.009577922077922078,0.013468952922077924
RF,3,0.25,1.0,crp_dataset_8_1_2.csv|crp_dataset_8_1_8.csv|crp_dataset_8_1_5.csv,crp_dataset_8_1_3.csv,0.6366666666666667,0.8934911242550682,0.8728323699371513,151,18,22,65,0.0196044921875,0.0055473372781065095,0.01405715490939349
RF,3,0.25,1.0,crp_dataset_8_1_2.csv|crp_dataset_8_1_8.csv|crp_dataset_8_1_4.csv,crp_dataset_8_1_7.csv,0.78,0.9999999999954546,0.9999999999954546,220,0,0,36,0.0095703125,0.00034090909090909094,0.00922940340909091
RF,3,0.25,1.0,crp_dataset_8_1_2.csv|crp_dataset_8_1_8.csv|crp_dataset_8_1_4.csv,crp_dataset_8_1_1.csv,0.78,0.9999999999833334,0.4761904761866969,60,0,66,130,0.0252685546875,0.00010416666666666667,0.025164388020833334
RF,3,0.25,1.0,crp_dataset_8_1_2.csv|crp_dataset_8_1_8.csv|crp_dataset_8_1_4.csv,crp_dataset_8_1_6.csv,0.78,0.9999999999875,0.5714285714244899,80,0,60,116,0.026928710937499996,7.8125e-05,0.026850585937499998
RF,3,0.25,1.0,crp_dataset_8_1_2.csv|crp_dataset_8_1_8.csv|crp_dataset_8_1_4.csv,crp_dataset_8_1_5.csv,0.78,0.9999999999875,0.799999999992,80,0,20,156,0.039282226562499994,0.0015625,0.03771972656249999
RF,3,0.25,1.0,crp_dataset_8_1_2.csv|crp_dataset_8_1_8.csv|crp_dataset_8_1_4.csv,crp_dataset_8_1_3.csv,0.78,0.9999999999910714,0.6473988439268937,112,0,61,83,0.0196044921875,0.0,0.0196044921875
RF,3,0.25,1.0,crp_dataset_8_1_2.csv|crp_dataset_8_1_8.csv|crp_dataset_8_1_3.csv,crp_dataset_8_1_7.csv,0.6066666666666667,0.9999999999954546,0.9999999999954546,220,0,0,36,0.0095703125,0.00034090909090909094,0.00922940340909091
RF,3,0.25,1.0,crp_dataset_8_1_2.csv|crp_dataset_8_1_8.csv|crp_dataset_8_1_3.csv,crp_dataset_8_1_1.csv,0.6066666666666667,0.8558558558481454,0.7539682539622701,95,16,31,114,0.0252685546875,0.004448198198198199,0.020820356489301802
RF,3,0.25,1.0,crp_dataset_8_1_2.csv|crp_dataset_8_1_8.csv|crp_dataset_8_1_3.csv,crp_dataset_8_1_6.csv,0.6066666666666667,0.8051948051895768,0.8857142857079593,124,30,16,86,0.026928710937499996,0.009659090909090909,0.017269620028409087
RF,3,0.25,1.0,crp_dataset_8_1_2.csv|crp_dataset_8_1_8.csv|crp_dataset_8_1_3.csv,crp_dataset_8_1_5.csv,0.6066666666666667,0.9883720930117631,0.8499999999915,85,1,15,155,0.039282226562499994,0.001816860465116279,0.03746536609738371
RF,3,0.25,1.0,crp_dataset_8_1_2.csv|crp_dataset_8_1_8.csv|crp_dataset_8_1_3.csv,crp_dataset_8_1_4.csv,0.6066666666666667,0.9663865546137278,0.8778625954131462,115,4,16,121,0.023046875,0.0014705882352941178,0.021576286764705882
RF,3,0.25,1.0,crp_dataset_8_1_2.csv|crp_dataset_8_1_5.csv|crp_dataset_8_1_4.csv,crp_dataset_8_1_7.csv,0.668888888888889,0.9999999999954546,0.9999999999954546,220,0,0,36,0.0095703125,0.00034090909090909094,0.00922940340909091
RF,3,0.25,1.0,crp_dataset_8_1_2.csv|crp_dataset_8_1_5.csv|crp_dataset_8_1_4.csv,crp_dataset_8_1_1.csv,0.668888888888889,0.9999999999833334,0.4761904761866969,60,0,66,130,0.0252685546875,0.00010416666666666667,0.025164388020833334
RF,3,0.25,1.0,crp_dataset_8_1_2.csv|crp_dataset_8_1_5.csv|crp_dataset_8_1_4.csv,crp_dataset_8_1_6.csv,0.668888888888889,0.9999999999876543,0.5785714285672959,81,0,59,116,0.026928710937499996,7.716049382716049e-05,0.026851550443672836
RF,3,0.25,1.0,crp_dataset_8_1_2.csv|crp_dataset_8_1_5.csv|crp_dataset_8_1_4.csv,crp_dataset_8_1_8.csv,0.668888888888889,0.9866666666535111,0.5362318840540853,74,1,64,117,0.0283203125,0.0030000000000000005,0.0253203125
RF,3,0.25,1.0,crp_dataset_8_1_2.csv|crp_dataset_8_1_5.csv|crp_dataset_8_1_4.csv,crp_dataset_8_1_3.csv,0.668888888888889,0.9999999999910714,0.6473988439268937,112,0,61,83,0.0196044921875,0.0,0.0196044921875
RF,3,0.25,1.0,crp_dataset_8_1_2.csv|crp_dataset_8_1_5.csv|crp_dataset_8_1_3.csv,crp_dataset_8_1_7.csv,0.5,0.9649122806975223,0.9999999999954546,220,8,0,28,0.0095703125,0.002028508771929825,0.007541803728070176
RF,3,0.25,1.0,crp_dataset_8_1_2.csv|crp_dataset_8_1_5.csv|crp_dataset_8_1_3.csv,crp_dataset_8_1_1.csv,0.5,0.7383177570024456,0.6269841269791508,79,28,47,102,0.0252685546875,0.010221962616822428,0.015046592070677572
RF,3,0.25,1.0,crp_dataset_8_1_2.csv|crp_dataset_8_1_5.csv|crp_dataset_8_1_3.csv,crp_dataset_8_1_6.csv,0.5,0.61674008810301,0.9999999999928573,140,87,0,29,0.026928710937499996,0.02053964757709251,0.0063890633604074855
RF,3,0.25,1.0,crp_dataset_8_1_2.csv|crp_dataset_8_1_5.csv|crp_dataset_8_1_3.csv,crp_dataset_8_1_8.csv,0.5,0.7350427350364526,0.6231884057925856,86,31,52,87,0.0283203125,0.010470085470085473,0.017850227029914525
RF,3,0.25,1.0,crp_dataset_8_1_2.csv|crp_dataset_8_1_5.csv|crp_dataset_8_1_3.csv,crp_dataset_8_1_4.csv,0.5,0.7467532467483977,0.8778625954131462,115,39,16,86,0.023046875,0.011241883116883117,0.011804991883116884
RF,3,0.25,1.0,crp_dataset_8_1_2.csv|crp_dataset_8_1_4.csv|crp_dataset_8_1_3.csv,crp_dataset_8_1_7.csv,0.6183333333333333,0.9999999999954546,0.9999999999954546,220,0,0,36,0.0095703125,0.00034090909090909094,0.00922940340909091
RF,3,0.25,1.0,crp_dataset_8_1_2.csv|crp_dataset_8_1_4.csv|crp_dataset_8_1_3.csv,crp_dataset_8_1_1.csv,0.6183333333333333,0.999999999983871,0.49206349205958677,62,0,64,130,0.0252685546875,0.00010080645161290323,0.025167748235887098
RF,3,0.25,1.0,crp_dataset_8_1_2.csv|crp_dataset_8_1_4.csv|crp_dataset_8_1_3.csv,crp_dataset_8_1_6.csv,0.6183333333333333,0.7637362637320674,0.9928571428500511,139,43,1,73,0.026928710937499996,0.011298076923076923,0.01563063401442307
RF,3,0.25,1.0,crp_dataset_8_1_2.csv|crp_dataset_8_1_4.csv|crp_dataset_8_1_3.csv,crp_dataset_8_1_8.csv,0.6183333333333333,0.8837209302222823,0.5507246376771687,76,10,62,108,0.0283203125,0.006468023255813952,0.021852289244186047
RF,3,0.25,1.0,crp_dataset_8_1_2.csv|crp_dataset_8_1_4.csv|crp_dataset_8_1_3.csv,crp_dataset_8_1_5.csv,0.6183333333333333,0.9999999999873417,0.7899999999921,79,0,21,156,0.039282226562499994,0.0015031645569620255,0.03777906200553797
RF,3,0.25,1.0,crp_dataset_8_1_7.csv|crp_dataset_8_1_1.csv|crp_dataset_8_1_6.csv,crp_dataset_8_1_2.csv,0.6133333333333333,0.9425287356213502,0.6890756302463102,82,5,37,132,0.039453125,0.0020114942528735636,0.037441630747126434
RF,3,0.25,1.0,crp_dataset_8_1_7.csv|crp_dataset_8_1_1.csv|crp_dataset_8_1_6.csv,crp_dataset_8_1_8.csv,0.6133333333333333,0.8947368420958448,0.615942028981044,85,10,53,108,0.0283203125,0.004078947368421052,0.02424136513157895
RF,3,0.25,1.0,crp_dataset_8_1_7.csv|crp_dataset_8_1_1.csv|crp_dataset_8_1_6.csv,crp_dataset_8_1_5.csv,0.6133333333333333,0.9746835442914596,0.7699999999923,77,2,23,154,0.039282226562499994,0.001661392405063291,0.0376208341574367
RF,3,0.25,1.0,crp_dataset_8_1_7.csv|crp_dataset_8_1_1.csv|crp_dataset_8_1_6.csv,crp_dataset_8_1_4.csv,0.6133333333333333,0.9920634920556185,0.9541984732751588,125,1,6,124,0.023046875,0.0003968253968253968,0.022650049603174606
RF,3,0.25,1.0,crp_dataset_8_1_7.csv|crp_dataset_8_1_1.csv|crp_dataset_8_1_6.csv,crp_dataset_8_1_3.csv,0.6133333333333333,0.984251968496187,0.7225433525969795,125,2,48,81,0.0196044921875,0.00019685039370078743,0.01940764179379921
RF,3,0.25,1.0,crp_dataset_8_1_7.csv|crp_dataset_8_1_1.csv|crp_dataset_8_1_8.csv,crp_dataset_8_1_2.csv,0.6733333333333333,0.9425287356213502,0.6890756302463102,82,5,37,132,0.039453125,0.0020114942528735636,0.037441630747126434
RF,3,0.25,1.0,crp_dataset_8_1_7.csv|crp_dataset_8_1_1.csv|crp_dataset_8_1_8.csv,crp_dataset_8_1_6.csv,0.6733333333333333,0.9999999999868421,0.5428571428532654,76,0,64,116,0.026928710937499996,8.223684210526316e-05,0.026846474095394732
RF,3,0.25,1.0,crp_dataset_8_1_7.csv|crp_dataset_8_1_1.csv|crp_dataset_8_1_8.csv,crp_dataset_8_1_5.csv,0.6733333333333333,0.9756097560856632,0.799999999992,80,2,20,154,0.039282226562499994,0.0021341463414634144,0.03714808022103658
RF,3,0.25,1.0,crp_dataset_8_1_7.csv|crp_dataset_8_1_1.csv|crp_dataset_8_1_8.csv,crp_dataset_8_1_4.csv,0.6733333333333333,0.999999999990909,0.8396946564821398,110,0,21,125,0.023046875,0.0002840909090909091,0.022762784090909094
RF,3,0.25,1.0,crp_dataset_8_1_7.csv|crp_dataset_8_1_1.csv|crp_dataset_8_1_8.csv,crp_dataset_8_1_3.csv,0.6733333333333333,0.9824561403422591,0.6473988439268937,112,2,61,81,0.0196044921875,0.0002192982456140351,0.019385193941885964
RF,3,0.25,1.0,crp_dataset_8_1_7.csv|crp_dataset_8_1_1.csv|crp_dataset_8_1_5.csv,crp_dataset_8_1_2.csv,0.86,0.9999999999827587,0.4873949579790975,58,0,61,137,0.039453125,0.001185344827586207,0.03826778017241379
RF,3,0.25,1.0,crp_dataset_8_1_7.csv|crp_dataset_8_1_1.csv|crp_dataset_8_1_5.csv,crp_dataset_8_1_6.csv,0.86,0.9999999999868421,0.5428571428532654,76,0,64,116,0.026928710937499996,8.223684210526316e-05,0.026846474095394732
RF,3,0.25,1.0,crp_dataset_8_1_7.csv|crp_dataset_8_1_1.csv|crp_dataset_8_1_5.csv,crp_dataset_8_1_8.csv,0.86,0.9682539682385992,0.4420289855040433,61,2,77,116,0.0283203125,0.0032738095238095243,0.025046502976190474
RF,3,0.25,1.0,crp_dataset_8_1_7.csv|crp_dataset_8_1_1.csv|crp_dataset_8_1_5.csv,crp_dataset_8_1_4.csv,0.86,0.999999999990909,0.8396946564821398,110,0,21,125,0.023046875,0.0002840909090909091,0.022762784090909094
RF,3,0.25,1.0,crp_dataset_8_1_7.csv|crp_dataset_8_1_1.csv|crp_dataset_8_1_5.csv,crp_dataset_8_1_3.csv,0.86,0.9824561403422591,0.6473988439268937,112,2,61,81,0.0196044921875,0.0002192982456140351,0.019385193941885964
RF,3,0.25,1.0,crp_dataset_8_1_7.csv|crp_dataset_8_1_1.csv|crp_dataset_8_1_4.csv,crp_dataset_8_1_2.csv,0.7033333333333334,0.9425287356213502,0.6890756302463102,82,5,37,132,0.039453125,0.0020114942528735636,0.037441630747126434
RF,3,0.25,1.0,crp_dataset_8_1_7.csv|crp_dataset_8_1_1.csv|crp_dataset_8_1_4.csv,crp_dataset_8_1_6.csv,0.7033333333333334,0.8135593220270038,0.6857142857093879,96,22,44,94,0.026928710937499996,0.01016949152542373,0.016759219412076268
RF,3,0.25,1.0,crp_dataset_8_1_7.csv|crp_dataset_8_1_1.csv|crp_dataset_8_1_4.csv,crp_dataset_8_1_8.csv,0.7033333333333334,0.9367088607476366,0.5362318840540853,74,5,64,113,0.0283203125,0.0032436708860759497,0.02507664161392405
RF,3,0.25,1.0,crp_dataset_8_1_7.csv|crp_dataset_8_1_1.csv|crp_dataset_8_1_4.csv,crp_dataset_8_1_5.csv,0.7033333333333334,0.9746835442914596,0.7699999999923,77,2,23,154,0.039282226562499994,0.001661392405063291,0.0376208341574367
RF,3,0.25,1.0,crp_dataset_8_1_7.csv|crp_dataset_8_1_1.csv|crp_dataset_8_1_4.csv,crp_dataset_8_1_3.csv,0.7033333333333334,0.983999999992128,0.7109826589554279,123,2,50,81,0.0196044921875,0.00030000000000000003,0.019304492187499998
RF,3,0.25,1.0,crp_dataset_8_1_7.csv|crp_dataset_8_1_1.csv|crp_dataset_8_1_3.csv,crp_dataset_8_1_2.csv,0.7466666666666667,0.9425287356213502,0.6890756302463102,82,5,37,132,0.039453125,0.0020114942528735636,0.037441630747126434
RF,3,0.25,1.0,crp_dataset_8_1_7.csv|crp_dataset_8_1_1.csv|crp_dataset_8_1_3.csv,crp_dataset_8_1_6.csv,0.7466666666666667,0.6999999999965001,0.9999999999928573,140,60,0,56,0.026928710937499996,0.01603125,0.010897460937499995
RF,3,0.25,1.0,crp_dataset_8_1_7.csv|crp_dataset_8_1_1.csv|crp_dataset_8_1_3.csv,crp_dataset_8_1_8.csv,0.7466666666666667,0.9722222222087191,0.5072463768079185,70,2,68,116,0.0283203125,0.002864583333333333,0.025455729166666666
RF,3,0.25,1.0,crp_dataset_8_1_7.csv|crp_dataset_8_1_1.csv|crp_dataset_8_1_3.csv,crp_dataset_8_1_5.csv,0.7466666666666667,0.9999999999870129,0.7699999999923,77,0,23,156,0.039282226562499994,0.0013798701298701301,0.03790235643262987
RF,3,0.25,1.0,crp_dataset_8_1_7.csv|crp_dataset_8_1_1.csv|crp_dataset_8_1_3.csv,crp_dataset_8_1_4.csv,0.7466666666666667,0.9909909909820631,0.8396946564821398,110,1,21,124,0.023046875,0.00045045045045045046,0.022596424549549552
RF,3,0.25,1.0,crp_dataset_8_1_7.csv|crp_dataset_8_1_6.csv|crp_dataset_8_1_8.csv,crp_dataset_8_1_2.csv,0.6833333333333333,0.9425287356213502,0.6890756302463102,82,5,37,132,0.039453125,0.0020114942528735636,0.037441630747126434
RF,3,0.25,1.0,crp_dataset_8_1_7.csv|crp_dataset_8_1_6.csv|crp_dataset_8_1_8.csv,crp_dataset_8_1_1.csv,0.6833333333333333,0.9605263157768351,0.5793650793604812,73,3,53,127,0.0252685546875,0.000575657894736842,0.02469289679276316
RF,3,0.25,1.0,crp_dataset_8_1_7.csv|crp_dataset_8_1_6.csv|crp_dataset_8_1_8.csv,crp_dataset_8_1_5.csv,0.6833333333333333,0.987179487166831,0.7699999999923,77,1,23,155,0.039282226562499994,0.0018429487179487181,0.037439277844551276
RF,3,0.25,1.0,crp_dataset_8_1_7.csv|crp_dataset_8_1_6.csv|crp_dataset_8_1_8.csv,crp_dataset_8_1_4.csv,0.6833333333333333,0.999999999992,0.9541984732751588,125,0,6,125,0.023046875,0.00025,0.022796875
RF,3,0.25,1.0,crp_dataset_8_1_7.csv|crp_dataset_8_1_6.csv|crp_dataset_8_1_8.csv,crp_dataset_8_1_3.csv,0.6833333333333333,0.9837398373903761,0.6994219653138762,121,2,52,81,0.0196044921875,0.0002032520325203252,0.019401240154979675
RF,3,0.25,1.0,crp_dataset_8_1_7.csv|crp_dataset_8_1_6.csv|crp_dataset_8_1_5.csv,crp_dataset_8_1_2.csv,0.7333333333333333,0.9425287356213502,0.6890756302463102,82,5,37,132,0.039453125,0.0020114942528735636,0.037441630747126434
RF,3,0.25,1.0,crp_dataset_8_1_7.csv|crp_dataset_8_1_6.csv|crp_dataset_8_1_5.csv,crp_dataset_8_1_1.csv,0.7333333333333333,0.9999999999833334,0.4761904761866969,60,0,66,130,0.0252685546875,0.00010416666666666667,0.025164388020833334
RF,3,0.25,1.0,crp_dataset_8_1_7.csv|crp_dataset_8_1_6.csv|crp_dataset_8_1_5.csv,crp_dataset_8_1_8.csv,0.7333333333333333,0.9682539682385992,0.4420289855040433,61,2,77,116,0.0283203125,0.0032738095238095243,0.025046502976190474
RF,3,0.25,1.0,crp_dataset_8_1_7.csv|crp_dataset_8_1_6.csv|crp_dataset_8_1_5.csv,crp_dataset_8_1_4.csv,0.7333333333333333,0.999999999990909,0.8396946564821398,110,0,21,125,0.023046875,0.0002840909090909091,0.022762784090909094
RF,3,0.25,1.0,crp_dataset_8_1_7.csv|crp_dataset_8_1_6.csv|crp_dataset_8_1_5.csv,crp_dataset_8_1_3.csv,0.7333333333333333,0.9824561403422591,0.6473988439268937,112,2,61,81,0.0196044921875,0.0002192982456140351,0.019385193941885964
RF,3,0.25,1.0,crp_dataset_8_1_7.csv|crp_dataset_8_1_6.csv|crp_dataset_8_1_4.csv,crp_dataset_8_1_2.csv,0.7433333333333333,0.9425287356213502,0.6890756302463102,82,5,37,132,0.039453125,0.0020114942528735636,0.037441630747126434
RF,3,0.25,1.0,crp_dataset_8_1_7.csv|crp_dataset_8_1_6.csv|crp_dataset_8_1_4.csv,crp_dataset_8_1_1.csv,0.7433333333333333,0.9999999999833334,0.4761904761866969,60,0,66,130,0.0252685546875,0.00010416666666666667,0.025164388020833334
RF,3,0.25,1.0,crp_dataset_8_1_7.csv|crp_dataset_8_1_6.csv|crp_dataset_8_1_4.csv,crp_dataset_8_1_8.csv,0.7433333333333333,0.9682539682385992,0.4420289855040433,61,2,77,116,0.0283203125,0.0032738095238095243,0.025046502976190474
RF,3,0.25,1.0,crp_dataset_8_1_7.csv|crp_dataset_8_1_6.csv|crp_dataset_8_1_4.csv,crp_dataset_8_1_5.csv,0.7433333333333333,0.9999999999870129,0.7699999999923,77,0,23,156,0.039282226562499994,0.0013798701298701301,0.03790235643262987
RF,3,0.25,1.0,crp_dataset_8_1_7.csv|crp_dataset_8_1_6.csv|crp_dataset_8_1_4.csv,crp_dataset_8_1_3.csv,0.7433333333333333,0.9833333333251388,0.6820809248515487,118,2,55,81,0.0196044921875,0.00020833333333333335,0.019396158854166665
RF,3,0.25,1.0,crp_dataset_8_1_7.csv|crp_dataset_8_1_6.csv|crp_dataset_8_1_3.csv,crp_dataset_8_1_2.csv,0.7133333333333334,0.881720430098046,0.6890756302463102,82,11,37,126,0.039453125,0.002688172043010753,0.03676495295698925
RF,3,0.25,1.0,crp_dataset_8_1_7.csv|crp_dataset_8_1_6.csv|crp_dataset_8_1_3.csv,crp_dataset_8_1_1.csv,0.7133333333333334,0.9523809523658353,0.4761904761866969,60,3,66,127,0.0252685546875,0.0008928571428571427,0.024375697544642857
RF,3,0.25,1.0,crp_dataset_8_1_7.csv|crp_dataset_8_1_6.csv|crp_dataset_8_1_3.csv,crp_dataset_8_1_8.csv,0.7133333333333334,0.8133333333224888,0.4420289855040433,61,14,77,104,0.0283203125,0.00475,0.0235703125
RF,3,0.25,1.0,crp_dataset_8_1_7.csv|crp_dataset_8_1_6.csv|crp_dataset_8_1_3.csv,crp_dataset_8_1_5.csv,0.7133333333333334,0.9277108433623167,0.7699999999923,77,6,23,150,0.039282226562499994,0.002259036144578313,0.03702319041792168
RF,3,0.25,1.0,crp_dataset_8_1_7.csv|crp_dataset_8_1_6.csv|crp_dataset_8_1_3.csv,crp_dataset_8_1_4.csv,0.7133333333333334,0.9649122806932902,0.8396946564821398,110,4,21,121,0.023046875,0.0007127192982456142,0.02233415570175439
RF,3,0.25,1.0,crp_dataset_8_1_7.csv|crp_dataset_8_1_8.csv|crp_dataset_8_1_5.csv,crp_dataset_8_1_2.csv,0.8133333333333334,0.987804878036734,0.6806722689018431,81,1,38,136,0.039453125,0.001524390243902439,0.03792873475609756
RF,3,0.25,1.0,crp_dataset_8_1_7.csv|crp_dataset_8_1_8.csv|crp_dataset_8_1_5.csv,crp_dataset_8_1_1.csv,0.8133333333333334,0.9999999999833334,0.4761904761866969,60,0,66,130,0.0252685546875,0.00010416666666666667,0.025164388020833334
RF,3,0.25,1.0,crp_dataset_8_1_7.csv|crp_dataset_8_1_8.csv|crp_dataset_8_1_5.csv,crp_dataset_8_1_6.csv,0.8133333333333334,0.9999999999868421,0.5428571428532654,76,0,64,116,0.026928710937499996,8.223684210526316e-05,0.026846474095394732
RF,3,0.25,1.0,crp_dataset_8_1_7.csv|crp_dataset_8_1_8.csv|crp_dataset_8_1_5.csv,crp_dataset_8_1_4.csv,0.8133333333333334,0.999999999990909,0.8396946564821398,110,0,21,125,0.023046875,0.0002840909090909091,0.022762784090909094
RF,3,0.25,1.0,crp_dataset_8_1_7.csv|crp_dataset_8_1_8.csv|crp_dataset_8_1_5.csv,crp_dataset_8_1_3.csv,0.8133333333333334,0.9824561403422591,0.6473988439268937,112,2,61,81,0.0196044921875,0.0002192982456140351,0.019385193941885964
RF,3,0.25,1.0,crp_dataset_8_1_7.csv|crp_dataset_8_1_8.csv|crp_dataset_8_1_4.csv,crp_dataset_8_1_2.csv,0.6333333333333333,0.7256637168077374,0.6890756302463102,82,31,37,106,0.039453125,0.02433628318584071,0.015116841814159288
RF,3,0.25,1.0,crp_dataset_8_1_7.csv|crp_dataset_8_1_8.csv|crp_dataset_8_1_4.csv,crp_dataset_8_1_1.csv,0.6333333333333333,0.999999999983871,0.49206349205958677,62,0,64,130,0.0252685546875,0.00010080645161290323,0.025167748235887098
RF,3,0.25,1.0,crp_dataset_8_1_7.csv|crp_dataset_8_1_8.csv|crp_dataset_8_1_4.csv,crp_dataset_8_1_6.csv,0.6333333333333333,0.9999999999875,0.5714285714244899,80,0,60,116,0.026928710937499996,7.8125e-05,0.026850585937499998
RF,3,0.25,1.0,crp_dataset_8_1_7.csv|crp_dataset_8_1_8.csv|crp_dataset_8_1_4.csv,crp_dataset_8_1_5.csv,0.6333333333333333,0.839622641501513,0.8899999999911,89,17,11,139,0.039282226562499994,0.010790094339622643,0.028492132222877352
RF,3,0.25,1.0,crp_dataset_8_1_7.csv|crp_dataset_8_1_8.csv|crp_dataset_8_1_4.csv,crp_dataset_8_1_3.csv,0.6333333333333333,0.9824561403422591,0.6473988439268937,112,2,61,81,0.0196044921875,0.0002192982456140351,0.019385193941885964
RF,3,0.25,1.0,crp_dataset_8_1_7.csv|crp_dataset_8_1_8.csv|crp_dataset_8_1_3.csv,crp_dataset_8_1_2.csv,0.6066666666666667,0.6356589147237547,0.6890756302463102,82,47,37,90,0.039453125,0.03667635658914728,0.002776768410852719
RF,3,0.25,1.0,crp_dataset_8_1_7.csv|crp_dataset_8_1_8.csv|crp_dataset_8_1_3.csv,crp_dataset_8_1_1.csv,0.6066666666666667,0.9999999999861111,0.5714285714240362,72,0,54,130,0.0252685546875,8.680555555555556e-05,0.025181749131944445
RF,3,0.25,1.0,crp_dataset_8_1_7.csv|crp_dataset_8_1_8.csv|crp_dataset_8_1_3.csv,crp_dataset_8_1_6.csv,0.6066666666666667,0.7433155080174154,0.9928571428500511,139,48,1,68,0.026928710937499996,0.013068181818181819,0.013860529119318177
RF,3,0.25,1.0,crp_dataset_8_1_7.csv|crp_dataset_8_1_8.csv|crp_dataset_8_1_3.csv,crp_dataset_8_1_5.csv,0.6066666666666667,0.8165137614603989,0.8899999999911,89,20,11,136,0.039282226562499994,0.0071100917431192664,0.03217213481938073
RF,3,0.25,1.0,crp_dataset_8_1_7.csv|crp_dataset_8_1_8.csv|crp_dataset_8_1_3.csv,crp_dataset_8_1_4.csv,0.6066666666666667,0.9999999999911504,0.8625954198407436,113,0,18,125,0.023046875,0.0002765486725663717,0.02277032632743363
RF,3,0.25,1.0,crp_dataset_8_1_7.csv|crp_dataset_8_1_5.csv|crp_dataset_8_1_4.csv,crp_dataset_8_1_2.csv,0.5,0.9322033898226084,0.9243697478913918,110,8,9,129,0.039453125,0.002436440677966102,0.037016684322033894
RF,3,0.25,1.0,crp_dataset_8_1_7.csv|crp_dataset_8_1_5.csv|crp_dataset_8_1_4.csv,crp_dataset_8_1_1.csv,0.5,0.9999999999843749,0.5079365079324767,64,0,62,130,0.0252685546875,9.765625e-05,0.0251708984375
RF,3,0.25,1.0,crp_dataset_8_1_7.csv|crp_dataset_8_1_5.csv|crp_dataset_8_1_4.csv,crp_dataset_8_1_6.csv,0.5,0.9782608695545841,0.642857142852551,90,2,50,114,0.026928710937499996,0.0011548913043478261,0.02577381963315217
RF,3,0.25,1.0,crp_dataset_8_1_7.csv|crp_dataset_8_1_5.csv|crp_dataset_8_1_4.csv,crp_dataset_8_1_8.csv,0.5,0.9259259259144947,0.543478260865627,75,6,63,112,0.0283203125,0.0036265432098765427,0.024693769290123457
RF,3,0.25,1.0,crp_dataset_8_1_7.csv|crp_dataset_8_1_5.csv|crp_dataset_8_1_4.csv,crp_dataset_8_1_3.csv,0.5,0.9837398373903761,0.6994219653138762,121,2,52,81,0.0196044921875,0.0002032520325203252,0.019401240154979675
RF,3,0.25,1.0,crp_dataset_8_1_7.csv|crp_dataset_8_1_5.csv|crp_dataset_8_1_3.csv,crp_dataset_8_1_2.csv,0.68,0.935185185176526,0.848739495791187,101,7,18,130,0.039453125,0.0024305555555555556,0.037022569444444445
RF,3,0.25,1.0,crp_dataset_8_1_7.csv|crp_dataset_8_1_5.csv|crp_dataset_8_1_3.csv,crp_dataset_8_1_1.csv,0.68,0.9855072463625288,0.5396825396782565,68,1,58,129,0.0252685546875,0.00027173913043478267,0.02499681555706522
RF,3,0.25,1.0,crp_dataset_8_1_7.csv|crp_dataset_8_1_5.csv|crp_dataset_8_1_3.csv,crp_dataset_8_1_6.csv,0.68,0.6422018348594395,0.9999999999928573,140,78,0,38,0.026928710937499996,0.01886467889908257,0.008064032038417424
RF,3,0.25,1.0,crp_dataset_8_1_7.csv|crp_dataset_8_1_5.csv|crp_dataset_8_1_3.csv,crp_dataset_8_1_8.csv,0.68,0.9420289854935937,0.47101449275021007,65,4,73,114,0.0283203125,0.0033514492753623196,0.02496886322463768
RF,3,0.25,1.0,crp_dataset_8_1_7.csv|crp_dataset_8_1_5.csv|crp_dataset_8_1_3.csv,crp_dataset_8_1_4.csv,0.68,0.9909909909820631,0.8396946564821398,110,1,21,124,0.023046875,0.00039414414414414413,0.022652730855855858
RF,3,0.25,1.0,crp_dataset_8_1_7.csv|crp_dataset_8_1_4.csv|crp_dataset_8_1_3.csv,crp_dataset_8_1_2.csv,0.65,0.9425287356213502,0.6890756302463102,82,5,37,132,0.039453125,0.0020114942528735636,0.037441630747126434
RF,3,0.25,1.0,crp_dataset_8_1_7.csv|crp_dataset_8_1_4.csv|crp_dataset_8_1_3.csv,crp_dataset_8_1_1.csv,0.65,0.9999999999836067,0.4841269841231418,61,0,65,130,0.0252685546875,0.00010245901639344262,0.02516609567110656
RF,3,0.25,1.0,crp_dataset_8_1_7.csv|crp_dataset_8_1_4.csv|crp_dataset_8_1_3.csv,crp_dataset_8_1_6.csv,0.65,0.7164948453571315,0.9928571428500511,139,55,1,61,0.026928710937499996,0.01436855670103093,0.012560154236469065
RF,3,0.25,1.0,crp_dataset_8_1_7.csv|crp_dataset_8_1_4.csv|crp_dataset_8_1_3.csv,crp_dataset_8_1_8.csv,0.65,0.9166666666539351,0.4782608695617518,66,6,72,112,0.0283203125,0.0037326388888888895,0.02458767361111111
RF,3,0.25,1.0,crp_dataset_8_1_7.csv|crp_dataset_8_1_4.csv|crp_dataset_8_1_3.csv,crp_dataset_8_1_5.csv,0.65,0.9999999999870129,0.7699999999923,77,0,23,156,0.039282226562499994,0.0013798701298701301,0.03790235643262987
RF,3,0.25,1.0,crp_dataset_8_1_1.csv|crp_dataset_8_1_6.csv|crp_dataset_8_1_8.csv,crp_dataset_8_1_2.csv,0.61,0.9425287356213502,0.6890756302463102,82,5,37,132,0.039453125,0.0020114942528735636,0.037441630747126434
RF,3,0.25,1.0,crp_dataset_8_1_1.csv|crp_dataset_8_1_6.csv|crp_dataset_8_1_8.csv,crp_dataset_8_1_7.csv,0.61,0.9999999999954546,0.9999999999954546,220,0,0,36,0.0095703125,0.00034090909090909094,0.00922940340909091
RF,3,0.25,1.0,crp_dataset_8_1_1.csv|crp_dataset_8_1_6.csv|crp_dataset_8_1_8.csv,crp_dataset_8_1_5.csv,0.61,0.9873417721394007,0.7799999999921999,78,1,22,155,0.039282226562499994,0.001661392405063291,0.0376208341574367
RF,3,0.25,1.0,crp_dataset_8_1_1.csv|crp_dataset_8_1_6.csv|crp_dataset_8_1_8.csv,crp_dataset_8_1_4.csv,0.61,0.9765624999923707,0.9541984732751588,125,3,6,122,0.023046875,0.000634765625,0.022412109375000003
RF,3,0.25,1.0,crp_dataset_8_1_1.csv|crp_dataset_8_1_6.csv|crp_dataset_8_1_8.csv,crp_dataset_8_1_3.csv,0.61,0.985714285707245,0.7976878612670655,138,2,35,81,0.0196044921875,0.00017857142857142857,0.019425920758928572
RF,3,0.25,1.0,crp_dataset_8_1_1.csv|crp_dataset_8_1_6.csv|crp_dataset_8_1_5.csv,crp_dataset_8_1_2.csv,0.6166666666666667,0.9425287356213502,0.6890756302463102,82,5,37,132,0.039453125,0.0020114942528735636,0.037441630747126434
RF,3,0.25,1.0,crp_dataset_8_1_1.csv|crp_dataset_8_1_6.csv|crp_dataset_8_1_5.csv,crp_dataset_8_1_7.csv,0.6166666666666667,0.9999999999954546,0.9999999999954546,220,0,0,36,0.0095703125,0.00034090909090909094,0.00922940340909091
RF,3,0.25,1.0,crp_dataset_8_1_1.csv|crp_dataset_8_1_6.csv|crp_dataset_8_1_5.csv,crp_dataset_8_1_8.csv,0.6166666666666667,0.9354838709576829,0.6304347826041273,87,6,51,112,0.0283203125,0.003494623655913978,0.024825688844086022
RF,3,0.25,1.0,crp_dataset_8_1_1.csv|crp_dataset_8_1_6.csv|crp_dataset_8_1_5.csv,crp_dataset_8_1_4.csv,0.6166666666666667,0.968992248054504,0.9541984732751588,125,4,6,121,0.023046875,0.0009205426356589147,0.022126332364341087
RF,3,0.25,1.0,crp_dataset_8_1_1.csv|crp_dataset_8_1_6.csv|crp_dataset_8_1_5.csv,crp_dataset_8_1_3.csv,0.6166666666666667,0.9854014598468219,0.7803468208047379,135,2,38,81,0.0196044921875,0.0002737226277372263,0.019330769559762772
RF,3,0.25,1.0,crp_dataset_8_1_1.csv|crp_dataset_8_1_6.csv|crp_dataset_8_1_4.csv,crp_dataset_8_1_2.csv,0.6533333333333333,0.9111111111009876,0.6890756302463102,82,8,37,129,0.039453125,0.0023611111111111116,0.037092013888888886
RF,3,0.25,1.0,crp_dataset_8_1_1.csv|crp_dataset_8_1_6.csv|crp_dataset_8_1_4.csv,crp_dataset_8_1_7.csv,0.6533333333333333,0.9999999999954546,0.9999999999954546,220,0,0,36,0.0095703125,0.00034090909090909094,0.00922940340909091
RF,3,0.25,1.0,crp_dataset_8_1_1.csv|crp_dataset_8_1_6.csv|crp_dataset_8_1_4.csv,crp_dataset_8_1_8.csv,0.6533333333333333,0.8503937007807055,0.7826086956465029,108,19,30,99,0.0283203125,0.004429133858267716,0.023891178641732284
RF,3,0.25,1.0,crp_dataset_8_1_1.csv|crp_dataset_8_1_6.csv|crp_dataset_8_1_4.csv,crp_dataset_8_1_5.csv,0.6533333333333333,0.9749999999878125,0.7799999999921999,78,2,22,154,0.039282226562499994,0.0021874999999999998,0.03709472656249999
RF,3,0.25,1.0,crp_dataset_8_1_1.csv|crp_dataset_8_1_6.csv|crp_dataset_8_1_4.csv,crp_dataset_8_1_3.csv,0.6533333333333333,0.984496124023376,0.7341040462385312,127,2,46,81,0.0196044921875,0.0001937984496124031,0.019410693737887598
RF,3,0.25,1.0,crp_dataset_8_1_1.csv|crp_dataset_8_1_6.csv|crp_dataset_8_1_3.csv,crp_dataset_8_1_2.csv,0.81,0.9879518072170126,0.6890756302463102,82,1,37,136,0.039453125,0.0015060240963855422,0.03794710090361446
RF,3,0.25,1.0,crp_dataset_8_1_1.csv|crp_dataset_8_1_6.csv|crp_dataset_8_1_3.csv,crp_dataset_8_1_7.csv,0.81,0.9999999999953488,0.9772727272682852,215,0,5,36,0.0095703125,0.00029069767441860465,0.009279614825581397
RF,3,0.25,1.0,crp_dataset_8_1_1.csv|crp_dataset_8_1_6.csv|crp_dataset_8_1_3.csv,crp_dataset_8_1_8.csv,0.81,0.985714285700204,0.49999999999637684,69,1,69,117,0.0283203125,0.0027678571428571435,0.025552455357142855
RF,3,0.25,1.0,crp_dataset_8_1_1.csv|crp_dataset_8_1_6.csv|crp_dataset_8_1_3.csv,crp_dataset_8_1_5.csv,0.81,0.9999999999870129,0.7699999999923,77,0,23,156,0.039282226562499994,0.0013798701298701301,0.03790235643262987
RF,3,0.25,1.0,crp_dataset_8_1_1.csv|crp_dataset_8_1_6.csv|crp_dataset_8_1_3.csv,crp_dataset_8_1_4.csv,0.81,0.9999999999896907,0.7404580152615233,97,0,34,125,0.023046875,6.443298969072165e-05,0.02298244201030928
RF,3,0.25,1.0,crp_dataset_8_1_1.csv|crp_dataset_8_1_8.csv|crp_dataset_8_1_5.csv,crp_dataset_8_1_2.csv,0.8066666666666666,0.9999999999818182,0.4621848739456959,55,0,64,137,0.039453125,0.0009090909090909091,0.03854403409090909
RF,3,0.25,1.0,crp_dataset_8_1_1.csv|crp_dataset_8_1_8.csv|crp_dataset_8_1_5.csv,crp_dataset_8_1_7.csv,0.8066666666666666,0.9999999999954546,0.9999999999954546,220,0,0,36,0.0095703125,0.00034090909090909094,0.00922940340909091
RF,3,0.25,1.0,crp_dataset_8_1_1.csv|crp_dataset_8_1_8.csv|crp_dataset_8_1_5.csv,crp_dataset_8_1_6.csv,0.8066666666666666,0.9083333333257638,0.7785714285658674,109,11,31,105,0.026928710937499996,0.004218750000000001,0.022709960937499996
RF,3,0.25,1.0,crp_dataset_8_1_1.csv|crp_dataset_8_1_8.csv|crp_dataset_8_1_5.csv,crp_dataset_8_1_4.csv,0.8066666666666666,0.9999999999915254,0.90076335877175,118,0,13,125,0.023046875,0.00026483050847457627,0.022782044491525426
RF,3,0.25,1.0,crp_dataset_8_1_1.csv|crp_dataset_8_1_8.csv|crp_dataset_8_1_5.csv,crp_dataset_8_1_3.csv,0.8066666666666666,0.96296296295583,0.7514450867008587,130,5,43,78,0.0196044921875,0.0022222222222222227,0.017382269965277777
RF,3,0.25,1.0,crp_dataset_8_1_1.csv|crp_dataset_8_1_8.csv|crp_dataset_8_1_4.csv,crp_dataset_8_1_2.csv,0.7,0.9425287356213502,0.6890756302463102,82,5,37,132,0.039453125,0.0020114942528735636,0.037441630747126434
RF,3,0.25,1.0,crp_dataset_8_1_1.csv|crp_dataset_8_1_8.csv|crp_dataset_8_1_4.csv,crp_dataset_8_1_7.csv,0.7,0.9999999999954546,0.9999999999954546,220,0,0,36,0.0095703125,0.00034090909090909094,0.00922940340909091
RF,3,0.25,1.0,crp_dataset_8_1_1.csv|crp_dataset_8_1_8.csv|crp_dataset_8_1_4.csv,crp_dataset_8_1_6.csv,0.7,0.9999999999892473,0.6642857142809694,93,0,47,116,0.026928710937499996,6.720430107526882e-05,0.026861506636424726
RF,3,0.25,1.0,crp_dataset_8_1_1.csv|crp_dataset_8_1_8.csv|crp_dataset_8_1_4.csv,crp_dataset_8_1_5.csv,0.7,0.9999999999870129,0.7699999999923,77,0,23,156,0.039282226562499994,0.0013798701298701301,0.03790235643262987
RF,3,0.25,1.0,crp_dataset_8_1_1.csv|crp_dataset_8_1_8.csv|crp_dataset_8_1_4.csv,crp_dataset_8_1_3.csv,0.7,0.983870967734001,0.705202312134652,122,2,51,81,0.0196044921875,0.00020161290322580645,0.019402879284274192
RF,3,0.25,1.0,crp_dataset_8_1_1.csv|crp_dataset_8_1_8.csv|crp_dataset_8_1_3.csv,crp_dataset_8_1_2.csv,0.66,0.9425287356213502,0.6890756302463102,82,5,37,132,0.039453125,0.0020114942528735636,0.037441630747126434
RF,3,0.25,1.0,crp_dataset_8_1_1.csv|crp_dataset_8_1_8.csv|crp_dataset_8_1_3.csv,crp_dataset_8_1_7.csv,0.66,0.9999999999954546,0.9999999999954546,220,0,0,36,0.0095703125,0.00034090909090909094,0.00922940340909091
RF,3,0.25,1.0,crp_dataset_8_1_1.csv|crp_dataset_8_1_8.csv|crp_dataset_8_1_3.csv,crp_dataset_8_1_6.csv,0.66,0.6435185185155393,0.9928571428500511,139,77,1,39,0.026928710937499996,0.019675925925925927,0.007252785011574069
RF,3,0.25,1.0,crp_dataset_8_1_1.csv|crp_dataset_8_1_8.csv|crp_dataset_8_1_3.csv,crp_dataset_8_1_5.csv,0.66,0.987179487166831,0.7699999999923,77,1,23,155,0.039282226562499994,0.0016826923076923078,0.037599534254807686
RF,3,0.25,1.0,crp_dataset_8_1_1.csv|crp_dataset_8_1_8.csv|crp_dataset_8_1_3.csv,crp_dataset_8_1_4.csv,0.66,0.9999999999913043,0.8778625954131462,115,0,16,125,0.023046875,0.00032608695652173916,0.02272078804347826
RF,3,0.25,1.0,crp_dataset_8_1_1.csv|crp_dataset_8_1_5.csv|crp_dataset_8_1_4.csv,crp_dataset_8_1_2.csv,0.82,0.9425287356213502,0.6890756302463102,82,5,37,132,0.039453125,0.0020114942528735636,0.037441630747126434
RF,3,0.25,1.0,crp_dataset_8_1_1.csv|crp_dataset_8_1_5.csv|crp_dataset_8_1_4.csv,crp_dataset_8_1_7.csv,0.82,0.9999999999954546,0.9999999999954546,220,0,0,36,0.0095703125,0.00034090909090909094,0.00922940340909091
RF,3,0.25,1.0,crp_dataset_8_1_1.csv|crp_dataset_8_1_5.csv|crp_dataset_8_1_4.csv,crp_dataset_8_1_6.csv,0.82,0.9999999999868421,0.5428571428532654,76,0,64,116,0.026928710937499996,8.223684210526316e-05,0.026846474095394732
RF,3,0.25,1.0,crp_dataset_8_1_1.csv|crp_dataset_8_1_5.csv|crp_dataset_8_1_4.csv,crp_dataset_8_1_8.csv,0.82,0.9682539682385992,0.4420289855040433,61,2,77,116,0.0283203125,0.0032738095238095243,0.025046502976190474
RF,3,0.25,1.0,crp_dataset_8_1_1.csv|crp_dataset_8_1_5.csv|crp_dataset_8_1_4.csv,crp_dataset_8_1_3.csv,0.82,0.9826086956436294,0.6531791907476695,113,2,60,81,0.0196044921875,0.0002173913043478261,0.019387100883152174
RF,3,0.25,1.0,crp_dataset_8_1_1.csv|crp_dataset_8_1_5.csv|crp_dataset_8_1_3.csv,crp_dataset_8_1_2.csv,0.6466666666666666,0.9444444444339506,0.7142857142797119,85,5,34,132,0.039453125,0.0020138888888888893,0.03743923611111111
RF,3,0.25,1.0,crp_dataset_8_1_1.csv|crp_dataset_8_1_5.csv|crp_dataset_8_1_3.csv,crp_dataset_8_1_7.csv,0.6466666666666666,0.9999999999954546,0.9999999999954546,220,0,0,36,0.0095703125,0.00034090909090909094,0.00922940340909091
RF,3,0.25,1.0,crp_dataset_8_1_1.csv|crp_dataset_8_1_5.csv|crp_dataset_8_1_3.csv,crp_dataset_8_1_6.csv,0.6466666666666666,0.6884422110518169,0.9785714285644388,137,62,3,54,0.026928710937499996,0.01717964824120603,0.009749062696293966
RF,3,0.25,1.0,crp_dataset_8_1_1.csv|crp_dataset_8_1_5.csv|crp_dataset_8_1_3.csv,crp_dataset_8_1_8.csv,0.6466666666666666,0.9431818181711001,0.6014492753579606,83,5,55,113,0.0283203125,0.003409090909090909,0.02491122159090909
RF,3,0.25,1.0,crp_dataset_8_1_1.csv|crp_dataset_8_1_5.csv|crp_dataset_8_1_3.csv,crp_dataset_8_1_4.csv,0.6466666666666666,0.9914529914445175,0.8854961831993474,116,1,15,124,0.023046875,0.00042735042735042735,0.022619524572649576
RF,3,0.25,1.0,crp_dataset_8_1_1.csv|crp_dataset_8_1_4.csv|crp_dataset_8_1_3.csv,crp_dataset_8_1_2.csv,0.68,0.9425287356213502,0.6890756302463102,82,5,37,132,0.039453125,0.0020114942528735636,0.037441630747126434
RF,3,0.25,1.0,crp_dataset_8_1_1.csv|crp_dataset_8_1_4.csv|crp_dataset_8_1_3.csv,crp_dataset_8_1_7.csv,0.68,0.9999999999954546,0.9999999999954546,220,0,0,36,0.0095703125,0.00034090909090909094,0.00922940340909091
RF,3,0.25,1.0,crp_dataset_8_1_1.csv|crp_dataset_8_1_4.csv|crp_dataset_8_1_3.csv,crp_dataset_8_1_6.csv,0.68,0.6903553299457342,0.9714285714216327,136,61,4,55,0.026928710937499996,0.01751269035532995,0.009416020582170045
RF,3,0.25,1.0,crp_dataset_8_1_1.csv|crp_dataset_8_1_4.csv|crp_dataset_8_1_3.csv,crp_dataset_8_1_8.csv,0.68,0.9789473684107479,0.6739130434733775,93,2,45,116,0.0283203125,0.003092105263157894,0.025228207236842107
RF,3,0.25,1.0,crp_dataset_8_1_1.csv|crp_dataset_8_1_4.csv|crp_dataset_8_1_3.csv,crp_dataset_8_1_5.csv,0.68,0.9999999999875,0.799999999992,80,0,20,156,0.039282226562499994,0.00140625,0.0378759765625
RF,3,0.25,1.0,crp_dataset_8_1_6.csv|crp_dataset_8_1_8.csv|crp_dataset_8_1_5.csv,crp_dataset_8_1_2.csv,0.8033333333333333,0.9879518072170126,0.6890756302463102,82,1,37,136,0.039453125,0.0015060240963855422,0.03794710090361446
RF,3,0.25,1.0,crp_dataset_8_1_6.csv|crp_dataset_8_1_8.csv|crp_dataset_8_1_5.csv,crp_dataset_8_1_7.csv,0.8033333333333333,0.9999999999954546,0.9999999999954546,220,0,0,36,0.0095703125,0.00034090909090909094,0.00922940340909091
RF,3,0.25,1.0,crp_dataset_8_1_6.csv|crp_dataset_8_1_8.csv|crp_dataset_8_1_5.csv,crp_dataset_8_1_1.csv,0.8033333333333333,0.9999999999855071,0.5476190476147014,69,0,57,130,0.0252685546875,9.057971014492754e-05,0.025177974977355074
RF,3,0.25,1.0,crp_dataset_8_1_6.csv|crp_dataset_8_1_8.csv|crp_dataset_8_1_5.csv,crp_dataset_8_1_4.csv,0.8033333333333333,0.9999999999913043,0.8778625954131462,115,0,16,125,0.023046875,0.0002717391304347826,0.02277513586956522
RF,3,0.25,1.0,crp_dataset_8_1_6.csv|crp_dataset_8_1_8.csv|crp_dataset_8_1_5.csv,crp_dataset_8_1_3.csv,0.8033333333333333,0.9827586206811831,0.6589595375684454,114,2,59,81,0.0196044921875,0.00021551724137931037,0.01938897494612069
RF,3,0.25,1.0,crp_dataset_8_1_6.csv|crp_dataset_8_1_8.csv|crp_dataset_8_1_4.csv,crp_dataset_8_1_2.csv,0.6677777777777778,0.9425287356213502,0.6890756302463102,82,5,37,132,0.039453125,0.0020114942528735636,0.037441630747126434
RF,3,0.25,1.0,crp_dataset_8_1_6.csv|crp_dataset_8_1_8.csv|crp_dataset_8_1_4.csv,crp_dataset_8_1_7.csv,0.6677777777777778,0.9999999999954546,0.9999999999954546,220,0,0,36,0.0095703125,0.00034090909090909094,0.00922940340909091
RF,3,0.25,1.0,crp_dataset_8_1_6.csv|crp_dataset_8_1_8.csv|crp_dataset_8_1_4.csv,crp_dataset_8_1_1.csv,0.6677777777777778,0.9999999999850746,0.5317460317418116,67,0,59,130,0.0252685546875,9.328358208955224e-05,0.025175271105410447
RF,3,0.25,1.0,crp_dataset_8_1_6.csv|crp_dataset_8_1_8.csv|crp_dataset_8_1_4.csv,crp_dataset_8_1_5.csv,0.6677777777777778,0.987179487166831,0.7699999999923,77,1,23,155,0.039282226562499994,0.0018429487179487181,0.037439277844551276
RF,3,0.25,1.0,crp_dataset_8_1_6.csv|crp_dataset_8_1_8.csv|crp_dataset_8_1_4.csv,crp_dataset_8_1_3.csv,0.6677777777777778,0.9843749999923097,0.7283236994177554,126,2,47,81,0.0196044921875,0.0001953125,0.0194091796875
RF,3,0.25,1.0,crp_dataset_8_1_6.csv|crp_dataset_8_1_8.csv|crp_dataset_8_1_3.csv,crp_dataset_8_1_2.csv,0.6086666666666667,0.8367346938690129,0.6890756302463102,82,16,37,121,0.039453125,0.013392857142857146,0.026060267857142855
RF,3,0.25,1.0,crp_dataset_8_1_6.csv|crp_dataset_8_1_8.csv|crp_dataset_8_1_3.csv,crp_dataset_8_1_7.csv,0.6086666666666667,0.9999999999954546,0.9999999999954546,220,0,0,36,0.0095703125,0.00034090909090909094,0.00922940340909091
RF,3,0.25,1.0,crp_dataset_8_1_6.csv|crp_dataset_8_1_8.csv|crp_dataset_8_1_3.csv,crp_dataset_8_1_1.csv,0.6086666666666667,0.9659090908981146,0.6746031745978206,85,3,41,127,0.0252685546875,0.000497159090909091,0.02477139559659091
RF,3,0.25,1.0,crp_dataset_8_1_6.csv|crp_dataset_8_1_8.csv|crp_dataset_8_1_3.csv,crp_dataset_8_1_5.csv,0.6086666666666667,0.9642857142742347,0.8099999999919,81,3,19,153,0.039282226562499994,0.0020833333333333333,0.03719889322916666
RF,3,0.25,1.0,crp_dataset_8_1_6.csv|crp_dataset_8_1_8.csv|crp_dataset_8_1_3.csv,crp_dataset_8_1_4.csv,0.6086666666666667,0.9917355371818865,0.9160305343441525,120,1,11,124,0.023046875,0.0004132231404958678,0.022633651859504132
RF,3,0.25,1.0,crp_dataset_8_1_6.csv|crp_dataset_8_1_5.csv|crp_dataset_8_1_4.csv,crp_dataset_8_1_2.csv,0.78,0.9425287356213502,0.6890756302463102,82,5,37,132,0.039453125,0.0020114942528735636,0.037441630747126434
RF,3,0.25,1.0,crp_dataset_8_1_6.csv|crp_dataset_8_1_5.csv|crp_dataset_8_1_4.csv,crp_dataset_8_1_7.csv,0.78,0.9999999999954546,0.9999999999954546,220,0,0,36,0.0095703125,0.00034090909090909094,0.00922940340909091
RF,3,0.25,1.0,crp_dataset_8_1_6.csv|crp_dataset_8_1_5.csv|crp_dataset_8_1_4.csv,crp_dataset_8_1_1.csv,0.78,0.9999999999833334,0.4761904761866969,60,0,66,130,0.0252685546875,0.00010416666666666667,0.025164388020833334
RF,3,0.25,1.0,crp_dataset_8_1_6.csv|crp_dataset_8_1_5.csv|crp_dataset_8_1_4.csv,crp_dataset_8_1_8.csv,0.78,0.9701492537168634,0.47101449275021007,65,2,73,116,0.0283203125,0.0031716417910447763,0.025148670708955222
RF,3,0.25,1.0,crp_dataset_8_1_6.csv|crp_dataset_8_1_5.csv|crp_dataset_8_1_4.csv,crp_dataset_8_1_3.csv,0.78,0.9830508474492962,0.670520231209997,116,2,57,81,0.0196044921875,0.00021186440677966104,0.019392627780720338
RF,3,0.25,1.0,crp_dataset_8_1_6.csv|crp_dataset_8_1_5.csv|crp_dataset_8_1_3.csv,crp_dataset_8_1_2.csv,0.71,0.9380530973368314,0.890756302513523,106,7,13,130,0.039453125,0.0023230088495575217,0.037130116150442476
RF,3,0.25,1.0,crp_dataset_8_1_6.csv|crp_dataset_8_1_5.csv|crp_dataset_8_1_3.csv,crp_dataset_8_1_7.csv,0.71,0.9954751131176676,0.9999999999954546,220,1,0,35,0.0095703125,0.0003959276018099547,0.009174384898190046
RF,3,0.25,1.0,crp_dataset_8_1_6.csv|crp_dataset_8_1_5.csv|crp_dataset_8_1_3.csv,crp_dataset_8_1_1.csv,0.71,0.9552238805827578,0.5079365079324767,64,3,62,127,0.0252685546875,0.0007462686567164179,0.02452228603078358
RF,3,0.25,1.0,crp_dataset_8_1_6.csv|crp_dataset_8_1_5.csv|crp_dataset_8_1_3.csv,crp_dataset_8_1_8.csv,0.71,0.9240506328996955,0.5289855072425437,73,6,65,112,0.0283203125,0.0037183544303797454,0.024601958069620254
RF,3,0.25,1.0,crp_dataset_8_1_6.csv|crp_dataset_8_1_5.csv|crp_dataset_8_1_3.csv,crp_dataset_8_1_4.csv,0.71,0.9999999999911504,0.8625954198407436,113,0,18,125,0.023046875,0.0002765486725663717,0.02277032632743363
RF,3,0.25,1.0,crp_dataset_8_1_6.csv|crp_dataset_8_1_4.csv|crp_dataset_8_1_3.csv,crp_dataset_8_1_2.csv,0.68,0.9425287356213502,0.6890756302463102,82,5,37,132,0.039453125,0.0020114942528735636,0.037441630747126434
RF,3,0.25,1.0,crp_dataset_8_1_6.csv|crp_dataset_8_1_4.csv|crp_dataset_8_1_3.csv,crp_dataset_8_1_7.csv,0.68,0.9999999999954546,0.9999999999954546,220,0,0,36,0.0095703125,0.00034090909090909094,0.00922940340909091
RF,3,0.25,1.0,crp_dataset_8_1_6.csv|crp_dataset_8_1_4.csv|crp_dataset_8_1_3.csv,crp_dataset_8_1_1.csv,0.68,0.9999999999833334,0.4761904761866969,60,0,66,130,0.0252685546875,0.00010416666666666667,0.025164388020833334
RF,3,0.25,1.0,crp_dataset_8_1_6.csv|crp_dataset_8_1_4.csv|crp_dataset_8_1_3.csv,crp_dataset_8_1_8.csv,0.68,0.96103896102648,0.5362318840540853,74,3,64,115,0.0283203125,0.0033279220779220777,0.02499239042207792
RF,3,0.25,1.0,crp_dataset_8_1_6.csv|crp_dataset_8_1_4.csv|crp_dataset_8_1_3.csv,crp_dataset_8_1_5.csv,0.68,0.9999999999875,0.799999999992,80,0,20,156,0.039282226562499994,0.00140625,0.0378759765625
RF,3,0.25,1.0,crp_dataset_8_1_8.csv|crp_dataset_8_1_5.csv|crp_dataset_8_1_4.csv,crp_dataset_8_1_2.csv,0.6966666666666667,0.9425287356213502,0.6890756302463102,82,5,37,132,0.039453125,0.0020114942528735636,0.037441630747126434
RF,3,0.25,1.0,crp_dataset_8_1_8.csv|crp_dataset_8_1_5.csv|crp_dataset_8_1_4.csv,crp_dataset_8_1_7.csv,0.6966666666666667,0.9999999999954546,0.9999999999954546,220,0,0,36,0.0095703125,0.00034090909090909094,0.00922940340909091
RF,3,0.25,1.0,crp_dataset_8_1_8.csv|crp_dataset_8_1_5.csv|crp_dataset_8_1_4.csv,crp_dataset_8_1_1.csv,0.6966666666666667,0.9999999999861111,0.5714285714240362,72,0,54,130,0.0252685546875,8.680555555555556e-05,0.025181749131944445
RF,3,0.25,1.0,crp_dataset_8_1_8.csv|crp_dataset_8_1_5.csv|crp_dataset_8_1_4.csv,crp_dataset_8_1_6.csv,0.6966666666666667,0.9999999999875,0.5714285714244899,80,0,60,116,0.026928710937499996,7.8125e-05,0.026850585937499998
RF,3,0.25,1.0,crp_dataset_8_1_8.csv|crp_dataset_8_1_5.csv|crp_dataset_8_1_4.csv,crp_dataset_8_1_3.csv,0.6966666666666667,0.9827586206811831,0.6589595375684454,114,2,59,81,0.0196044921875,0.00021551724137931037,0.01938897494612069
RF,3,0.25,1.0,crp_dataset_8_1_8.csv|crp_dataset_8_1_5.csv|crp_dataset_8_1_3.csv,crp_dataset_8_1_2.csv,0.653,0.9431818181711001,0.6974789915907774,83,5,36,132,0.039453125,0.001988636363636364,0.03746448863636363
RF,3,0.25,1.0,crp_dataset_8_1_8.csv|crp_dataset_8_1_5.csv|crp_dataset_8_1_3.csv,crp_dataset_8_1_7.csv,0.653,0.9999999999954546,0.9999999999954546,220,0,0,36,0.0095703125,0.00034090909090909094,0.00922940340909091
RF,3,0.25,1.0,crp_dataset_8_1_8.csv|crp_dataset_8_1_5.csv|crp_dataset_8_1_3.csv,crp_dataset_8_1_1.csv,0.653,0.9670329670223402,0.6984126984071555,88,3,38,127,0.0252685546875,0.00048076923076923074,0.02478778545673077
RF,3,0.25,1.0,crp_dataset_8_1_8.csv|crp_dataset_8_1_5.csv|crp_dataset_8_1_3.csv,crp_dataset_8_1_6.csv,0.653,0.7419354838669788,0.985714285707245,138,48,2,68,0.026928710937499996,0.012869623655913978,0.014059087281586018
RF,3,0.25,1.0,crp_dataset_8_1_8.csv|crp_dataset_8_1_5.csv|crp_dataset_8_1_3.csv,crp_dataset_8_1_4.csv,0.653,0.999999999990991,0.8473282442683411,111,0,20,125,0.023046875,0.0003378378378378379,0.022709037162162164
RF,3,0.25,1.0,crp_dataset_8_1_8.csv|crp_dataset_8_1_4.csv|crp_dataset_8_1_3.csv,crp_dataset_8_1_2.csv,0.6033333333333334,0.694915254231399,0.6890756302463102,82,36,37,101,0.039453125,0.02838983050847458,0.011063294491525419
RF,3,0.25,1.0,crp_dataset_8_1_8.csv|crp_dataset_8_1_4.csv|crp_dataset_8_1_3.csv,crp_dataset_8_1_7.csv,0.6033333333333334,0.9999999999954546,0.9999999999954546,220,0,0,36,0.0095703125,0.00034090909090909094,0.00922940340909091
RF,3,0.25,1.0,crp_dataset_8_1_8.csv|crp_dataset_8_1_4.csv|crp_dataset_8_1_3.csv,crp_dataset_8_1_1.csv,0.6033333333333334,0.9999999999870129,0.611111111106261,77,0,49,130,0.0252685546875,8.116883116883117e-05,0.02518738585633117
RF,3,0.25,1.0,crp_dataset_8_1_8.csv|crp_dataset_8_1_4.csv|crp_dataset_8_1_3.csv,crp_dataset_8_1_6.csv,0.6033333333333334,0.6086956521712665,0.9999999999928573,140,90,0,26,0.026928710937499996,0.022092391304347828,0.004836319633152168
RF,3,0.25,1.0,crp_dataset_8_1_8.csv|crp_dataset_8_1_4.csv|crp_dataset_8_1_3.csv,crp_dataset_8_1_5.csv,0.6033333333333334,0.9540229884947813,0.8299999999916999,83,4,17,152,0.039282226562499994,0.0021551724137931034,0.037127054148706894
RF,3,0.25,1.0,crp_dataset_8_1_5.csv|crp_dataset_8_1_4.csv|crp_dataset_8_1_3.csv,crp_dataset_8_1_2.csv,0.7727777777777778,0.9425287356213502,0.6890756302463102,82,5,37,132,0.039453125,0.0020114942528735636,0.037441630747126434
RF,3,0.25,1.0,crp_dataset_8_1_5.csv|crp_dataset_8_1_4.csv|crp_dataset_8_1_3.csv,crp_dataset_8_1_7.csv,0.7727777777777778,0.9999999999954546,0.9999999999954546,220,0,0,36,0.0095703125,0.00034090909090909094,0.00922940340909091
RF,3,0.25,1.0,crp_dataset_8_1_5.csv|crp_dataset_8_1_4.csv|crp_dataset_8_1_3.csv,crp_dataset_8_1_1.csv,0.7727777777777778,0.9999999999833334,0.4761904761866969,60,0,66,130,0.0252685546875,0.00010416666666666667,0.025164388020833334
RF,3,0.25,1.0,crp_dataset_8_1_5.csv|crp_dataset_8_1_4.csv|crp_dataset_8_1_3.csv,crp_dataset_8_1_6.csv,0.7727777777777778,0.7765363128448238,0.9928571428500511,139,40,1,76,0.026928710937499996,0.010858938547486034,0.01606977239001396
RF,3,0.25,1.0,crp_dataset_8_1_5.csv|crp_dataset_8_1_4.csv|crp_dataset_8_1_3.csv,crp_dataset_8_1_8.csv,0.7727777777777778,0.9682539682385992,0.4420289855040433,61,2,77,116,0.0283203125,0.0032738095238095243,0.025046502976190474
RF,4,0.25,1.0,crp_dataset_8_1_2.csv|crp_dataset_8_1_7.csv|crp_dataset_8_1_1.csv|crp_dataset_8_1_6.csv,crp_dataset_8_1_8.csv,0.6466666666666666,0.9701492537168634,0.47101449275021007,65,2,73,116,0.0283203125,0.003078358208955224,0.025241954291044776
RF,4,0.25,1.0,crp_dataset_8_1_2.csv|crp_dataset_8_1_7.csv|crp_dataset_8_1_1.csv|crp_dataset_8_1_6.csv,crp_dataset_8_1_5.csv,0.6466666666666666,0.9999999999871795,0.7799999999921999,78,0,22,156,0.039282226562499994,0.0014423076923076924,0.0378399188701923
RF,4,0.25,1.0,crp_dataset_8_1_2.csv|crp_dataset_8_1_7.csv|crp_dataset_8_1_1.csv|crp_dataset_8_1_6.csv,crp_dataset_8_1_4.csv,0.6466666666666666,0.9915254237204107,0.8931297709855487,117,1,14,124,0.023046875,0.0004237288135593221,0.02262314618644068
RF,4,0.25,1.0,crp_dataset_8_1_2.csv|crp_dataset_8_1_7.csv|crp_dataset_8_1_1.csv|crp_dataset_8_1_6.csv,crp_dataset_8_1_3.csv,0.6466666666666666,0.9841269841191735,0.7167630057762038,124,2,49,81,0.0196044921875,0.0001984126984126984,0.0194060794890873
RF,4,0.25,1.0,crp_dataset_8_1_2.csv|crp_dataset_8_1_7.csv|crp_dataset_8_1_1.csv|crp_dataset_8_1_8.csv,crp_dataset_8_1_6.csv,0.6266666666666667,0.9732142857055963,0.7785714285658674,109,3,31,113,0.026928710937499996,0.0013392857142857145,0.025589425223214283
RF,4,0.25,1.0,crp_dataset_8_1_2.csv|crp_dataset_8_1_7.csv|crp_dataset_8_1_1.csv|crp_dataset_8_1_8.csv,crp_dataset_8_1_5.csv,0.6266666666666667,0.9999999999871795,0.7799999999921999,78,0,22,156,0.039282226562499994,0.0014423076923076924,0.0378399188701923
RF,4,0.25,1.0,crp_dataset_8_1_2.csv|crp_dataset_8_1_7.csv|crp_dataset_8_1_1.csv|crp_dataset_8_1_8.csv,crp_dataset_8_1_4.csv,0.6266666666666667,0.9913043478174669,0.8702290076269449,114,1,17,124,0.023046875,0.0004347826086956522,0.02261209239130435
RF,4,0.25,1.0,crp_dataset_8_1_2.csv|crp_dataset_8_1_7.csv|crp_dataset_8_1_1.csv|crp_dataset_8_1_8.csv,crp_dataset_8_1_3.csv,0.6266666666666667,0.9999999999919355,0.7167630057762038,124,0,49,83,0.0196044921875,0.00010080645161290323,0.019503685735887098
RF,4,0.25,1.0,crp_dataset_8_1_2.csv|crp_dataset_8_1_7.csv|crp_dataset_8_1_1.csv|crp_dataset_8_1_5.csv,crp_dataset_8_1_6.csv,0.7266666666666667,0.91304347825293,0.749999999994643,105,10,35,106,0.026928710937499996,0.004510869565217392,0.022417841372282605
RF,4,0.25,1.0,crp_dataset_8_1_2.csv|crp_dataset_8_1_7.csv|crp_dataset_8_1_1.csv|crp_dataset_8_1_5.csv,crp_dataset_8_1_8.csv,0.7266666666666667,0.9999999999836067,0.4420289855040433,61,0,77,118,0.0283203125,0.0029713114754098364,0.025349001024590163
RF,4,0.25,1.0,crp_dataset_8_1_2.csv|crp_dataset_8_1_7.csv|crp_dataset_8_1_1.csv|crp_dataset_8_1_5.csv,crp_dataset_8_1_4.csv,0.7266666666666667,0.999999999990909,0.8396946564821398,110,0,21,125,0.023046875,0.0002840909090909091,0.022762784090909094
RF,4,0.25,1.0,crp_dataset_8_1_2.csv|crp_dataset_8_1_7.csv|crp_dataset_8_1_1.csv|crp_dataset_8_1_5.csv,crp_dataset_8_1_3.csv,0.7266666666666667,0.9999999999911504,0.6531791907476695,113,0,60,83,0.0196044921875,0.0,0.0196044921875
RF,4,0.25,1.0,crp_dataset_8_1_2.csv|crp_dataset_8_1_7.csv|crp_dataset_8_1_1.csv|crp_dataset_8_1_4.csv,crp_dataset_8_1_6.csv,0.8116666666666666,0.9999999999888889,0.642857142852551,90,0,50,116,0.026928710937499996,0.0001388888888888889,0.026789822048611106
RF,4,0.25,1.0,crp_dataset_8_1_2.csv|crp_dataset_8_1_7.csv|crp_dataset_8_1_1.csv|crp_dataset_8_1_4.csv,crp_dataset_8_1_8.csv,0.8116666666666666,0.9682539682385992,0.4420289855040433,61,2,77,116,0.0283203125,0.0032738095238095243,0.025046502976190474
RF,4,0.25,1.0,crp_dataset_8_1_2.csv|crp_dataset_8_1_7.csv|crp_dataset_8_1_1.csv|crp_dataset_8_1_4.csv,crp_dataset_8_1_5.csv,0.8116666666666666,0.9999999999870129,0.7699999999923,77,0,23,156,0.039282226562499994,0.0013798701298701301,0.03790235643262987
RF,4,0.25,1.0,crp_dataset_8_1_2.csv|crp_dataset_8_1_7.csv|crp_dataset_8_1_1.csv|crp_dataset_8_1_4.csv,crp_dataset_8_1_3.csv,0.8116666666666666,0.9824561403422591,0.6473988439268937,112,2,61,81,0.0196044921875,0.0002192982456140351,0.019385193941885964
RF,4,0.25,1.0,crp_dataset_8_1_2.csv|crp_dataset_8_1_7.csv|crp_dataset_8_1_1.csv|crp_dataset_8_1_3.csv,crp_dataset_8_1_6.csv,0.73,0.8011695906385897,0.9785714285644388,137,34,3,82,0.026928710937499996,0.010928362573099414,0.016000348364400584
RF,4,0.25,1.0,crp_dataset_8_1_2.csv|crp_dataset_8_1_7.csv|crp_dataset_8_1_1.csv|crp_dataset_8_1_3.csv,crp_dataset_8_1_8.csv,0.73,0.999999999984127,0.4565217391271267,63,0,75,118,0.0283203125,0.002876984126984127,0.025443328373015873
RF,4,0.25,1.0,crp_dataset_8_1_2.csv|crp_dataset_8_1_7.csv|crp_dataset_8_1_1.csv|crp_dataset_8_1_3.csv,crp_dataset_8_1_5.csv,0.73,0.9999999999870129,0.7699999999923,77,0,23,156,0.039282226562499994,0.0013798701298701301,0.03790235643262987
RF,4,0.25,1.0,crp_dataset_8_1_2.csv|crp_dataset_8_1_7.csv|crp_dataset_8_1_1.csv|crp_dataset_8_1_3.csv,crp_dataset_8_1_4.csv,0.73,0.9909909909820631,0.8396946564821398,110,1,21,124,0.023046875,0.00045045045045045046,0.022596424549549552
RF,4,0.25,1.0,crp_dataset_8_1_2.csv|crp_dataset_8_1_7.csv|crp_dataset_8_1_6.csv|crp_dataset_8_1_8.csv,crp_dataset_8_1_1.csv,0.7966666666666666,0.9687499999848632,0.49206349205958677,62,2,64,128,0.0252685546875,0.00048828125,0.0247802734375
RF,4,0.25,1.0,crp_dataset_8_1_2.csv|crp_dataset_8_1_7.csv|crp_dataset_8_1_6.csv|crp_dataset_8_1_8.csv,crp_dataset_8_1_5.csv,0.7966666666666666,0.9999999999870129,0.7699999999923,77,0,23,156,0.039282226562499994,0.0013798701298701301,0.03790235643262987
RF,4,0.25,1.0,crp_dataset_8_1_2.csv|crp_dataset_8_1_7.csv|crp_dataset_8_1_6.csv|crp_dataset_8_1_8.csv,crp_dataset_8_1_4.csv,0.7966666666666666,0.999999999991228,0.8702290076269449,114,0,17,125,0.023046875,0.00027412280701754384,0.022772752192982457
RF,4,0.25,1.0,crp_dataset_8_1_2.csv|crp_dataset_8_1_7.csv|crp_dataset_8_1_6.csv|crp_dataset_8_1_8.csv,crp_dataset_8_1_3.csv,0.7966666666666666,0.9999999999913043,0.6647398843892212,115,0,58,83,0.0196044921875,0.0,0.0196044921875
RF,4,0.25,1.0,crp_dataset_8_1_2.csv|crp_dataset_8_1_7.csv|crp_dataset_8_1_6.csv|crp_dataset_8_1_5.csv,crp_dataset_8_1_1.csv,0.6535714285714285,0.9999999999843749,0.5079365079324767,64,0,62,130,0.0252685546875,9.765625e-05,0.0251708984375
RF,4,0.25,1.0,crp_dataset_8_1_2.csv|crp_dataset_8_1_7.csv|crp_dataset_8_1_6.csv|crp_dataset_8_1_5.csv,crp_dataset_8_1_8.csv,0.6535714285714285,0.9493670885955776,0.543478260865627,75,4,63,114,0.0283203125,0.0034018987341772142,0.024918413765822787
RF,4,0.25,1.0,crp_dataset_8_1_2.csv|crp_dataset_8_1_7.csv|crp_dataset_8_1_6.csv|crp_dataset_8_1_5.csv,crp_dataset_8_1_4.csv,0.6535714285714285,0.999999999991228,0.8702290076269449,114,0,17,125,0.023046875,0.00027412280701754384,0.022772752192982457
RF,4,0.25,1.0,crp_dataset_8_1_2.csv|crp_dataset_8_1_7.csv|crp_dataset_8_1_6.csv|crp_dataset_8_1_5.csv,crp_dataset_8_1_3.csv,0.6535714285714285,0.9827586206811831,0.6589595375684454,114,2,59,81,0.0196044921875,0.00021551724137931037,0.01938897494612069
RF,4,0.25,1.0,crp_dataset_8_1_2.csv|crp_dataset_8_1_7.csv|crp_dataset_8_1_6.csv|crp_dataset_8_1_4.csv,crp_dataset_8_1_1.csv,0.61,0.9999999999848485,0.5238095238053666,66,0,60,130,0.0252685546875,9.46969696969697e-05,0.02517385771780303
RF,4,0.25,1.0,crp_dataset_8_1_2.csv|crp_dataset_8_1_7.csv|crp_dataset_8_1_6.csv|crp_dataset_8_1_4.csv,crp_dataset_8_1_8.csv,0.61,0.9512195121835216,0.5652173913002521,78,4,60,114,0.0283203125,0.0039634146341463415,0.02435689786585366
RF,4,0.25,1.0,crp_dataset_8_1_2.csv|crp_dataset_8_1_7.csv|crp_dataset_8_1_6.csv|crp_dataset_8_1_4.csv,crp_dataset_8_1_5.csv,0.61,0.9999999999875,0.799999999992,80,0,20,156,0.039282226562499994,0.001484375,0.03779785156249999
RF,4,0.25,1.0,crp_dataset_8_1_2.csv|crp_dataset_8_1_7.csv|crp_dataset_8_1_6.csv|crp_dataset_8_1_4.csv,crp_dataset_8_1_3.csv,0.61,0.9999999999920635,0.7283236994177554,126,0,47,83,0.0196044921875,0.0,0.0196044921875
RF,4,0.25,1.0,crp_dataset_8_1_2.csv|crp_dataset_8_1_7.csv|crp_dataset_8_1_6.csv|crp_dataset_8_1_3.csv,crp_dataset_8_1_1.csv,0.64,0.9393939393797061,0.49206349205958677,62,4,64,126,0.0252685546875,0.0019886363636363634,0.023279918323863637
RF,4,0.25,1.0,crp_dataset_8_1_2.csv|crp_dataset_8_1_7.csv|crp_dataset_8_1_6.csv|crp_dataset_8_1_3.csv,crp_dataset_8_1_8.csv,0.64,0.8602150537541912,0.5797101449233355,80,13,58,105,0.0283203125,0.0053091397849462365,0.023011172715053763
RF,4,0.25,1.0,crp_dataset_8_1_2.csv|crp_dataset_8_1_7.csv|crp_dataset_8_1_6.csv|crp_dataset_8_1_3.csv,crp_dataset_8_1_5.csv,0.64,0.9999999999873417,0.7899999999921,79,0,21,156,0.039282226562499994,0.0015031645569620253,0.03777906200553797
RF,4,0.25,1.0,crp_dataset_8_1_2.csv|crp_dataset_8_1_7.csv|crp_dataset_8_1_6.csv|crp_dataset_8_1_3.csv,crp_dataset_8_1_4.csv,0.64,0.999999999990909,0.8396946564821398,110,0,21,125,0.023046875,0.0002840909090909091,0.022762784090909094
RF,4,0.25,1.0,crp_dataset_8_1_2.csv|crp_dataset_8_1_7.csv|crp_dataset_8_1_8.csv|crp_dataset_8_1_5.csv,crp_dataset_8_1_1.csv,0.7266666666666667,0.9999999999855071,0.5476190476147014,69,0,57,130,0.0252685546875,9.057971014492754e-05,0.025177974977355074
RF,4,0.25,1.0,crp_dataset_8_1_2.csv|crp_dataset_8_1_7.csv|crp_dataset_8_1_8.csv|crp_dataset_8_1_5.csv,crp_dataset_8_1_6.csv,0.7266666666666667,0.9999999999868421,0.5428571428532654,76,0,64,116,0.026928710937499996,8.223684210526316e-05,0.026846474095394732
RF,4,0.25,1.0,crp_dataset_8_1_2.csv|crp_dataset_8_1_7.csv|crp_dataset_8_1_8.csv|crp_dataset_8_1_5.csv,crp_dataset_8_1_4.csv,0.7266666666666667,0.999999999990909,0.8396946564821398,110,0,21,125,0.023046875,0.0002840909090909091,0.022762784090909094
RF,4,0.25,1.0,crp_dataset_8_1_2.csv|crp_dataset_8_1_7.csv|crp_dataset_8_1_8.csv|crp_dataset_8_1_5.csv,crp_dataset_8_1_3.csv,0.7266666666666667,0.9999999999910714,0.6473988439268937,112,0,61,83,0.0196044921875,0.0,0.0196044921875
RF,4,0.25,1.0,crp_dataset_8_1_2.csv|crp_dataset_8_1_7.csv|crp_dataset_8_1_8.csv|crp_dataset_8_1_4.csv,crp_dataset_8_1_1.csv,0.6733333333333333,0.9999999999864865,0.5873015872969262,74,0,52,130,0.0252685546875,8.445945945945946e-05,0.02518409522804054
RF,4,0.25,1.0,crp_dataset_8_1_2.csv|crp_dataset_8_1_7.csv|crp_dataset_8_1_8.csv|crp_dataset_8_1_4.csv,crp_dataset_8_1_6.csv,0.6733333333333333,0.9999999999879517,0.5928571428529082,83,0,57,116,0.026928710937499996,7.530120481927712e-05,0.02685340973268072
RF,4,0.25,1.0,crp_dataset_8_1_2.csv|crp_dataset_8_1_7.csv|crp_dataset_8_1_8.csv|crp_dataset_8_1_4.csv,crp_dataset_8_1_5.csv,0.6733333333333333,0.9999999999876543,0.8099999999919,81,0,19,156,0.039282226562499994,0.0016203703703703705,0.037661856192129625
RF,4,0.25,1.0,crp_dataset_8_1_2.csv|crp_dataset_8_1_7.csv|crp_dataset_8_1_8.csv|crp_dataset_8_1_4.csv,crp_dataset_8_1_3.csv,0.6733333333333333,0.9999999999910714,0.6473988439268937,112,0,61,83,0.0196044921875,0.0,0.0196044921875
RF,4,0.25,1.0,crp_dataset_8_1_2.csv|crp_dataset_8_1_7.csv|crp_dataset_8_1_8.csv|crp_dataset_8_1_3.csv,crp_dataset_8_1_1.csv,0.63,0.9368421052532964,0.7063492063436004,89,6,37,124,0.0252685546875,0.002236842105263158,0.02303171258223684
RF,4,0.25,1.0,crp_dataset_8_1_2.csv|crp_dataset_8_1_7.csv|crp_dataset_8_1_8.csv|crp_dataset_8_1_3.csv,crp_dataset_8_1_6.csv,0.63,0.7277486910956663,0.9928571428500511,139,52,1,64,0.026928710937499996,0.013383507853403141,0.013545203084096855
RF,4,0.25,1.0,crp_dataset_8_1_2.csv|crp_dataset_8_1_7.csv|crp_dataset_8_1_8.csv|crp_dataset_8_1_3.csv,crp_dataset_8_1_5.csv,0.63,0.9999999999876543,0.8099999999919,81,0,19,156,0.039282226562499994,0.0016203703703703705,0.037661856192129625
RF,4,0.25,1.0,crp_dataset_8_1_2.csv|crp_dataset_8_1_7.csv|crp_dataset_8_1_8.csv|crp_dataset_8_1_3.csv,crp_dataset_8_1_4.csv,0.63,0.999999999990991,0.8473282442683411,111,0,20,125,0.023046875,0.0003378378378378379,0.022709037162162164
RF,4,0.25,1.0,crp_dataset_8_1_2.csv|crp_dataset_8_1_7.csv|crp_dataset_8_1_5.csv|crp_dataset_8_1_4.csv,crp_dataset_8_1_1.csv,0.67,0.9999999999833334,0.4761904761866969,60,0,66,130,0.0252685546875,0.00010416666666666667,0.025164388020833334
RF,4,0.25,1.0,crp_dataset_8_1_2.csv|crp_dataset_8_1_7.csv|crp_dataset_8_1_5.csv|crp_dataset_8_1_4.csv,crp_dataset_8_1_6.csv,0.67,0.9999999999875,0.5714285714244899,80,0,60,116,0.026928710937499996,7.8125e-05,0.026850585937499998
RF,4,0.25,1.0,crp_dataset_8_1_2.csv|crp_dataset_8_1_7.csv|crp_dataset_8_1_5.csv|crp_dataset_8_1_4.csv,crp_dataset_8_1_8.csv,0.67,0.9729729729598247,0.521739130431002,72,2,66,116,0.0283203125,0.0031249999999999997,0.0251953125
RF,4,0.25,1.0,crp_dataset_8_1_2.csv|crp_dataset_8_1_7.csv|crp_dataset_8_1_5.csv|crp_dataset_8_1_4.csv,crp_dataset_8_1_3.csv,0.67,0.9999999999910714,0.6473988439268937,112,0,61,83,0.0196044921875,0.0,0.0196044921875
RF,4,0.25,1.0,crp_dataset_8_1_2.csv|crp_dataset_8_1_7.csv|crp_dataset_8_1_5.csv|crp_dataset_8_1_3.csv,crp_dataset_8_1_1.csv,0.6866666666666666,0.9253731343145466,0.49206349205958677,62,5,64,125,0.0252685546875,0.0023320895522388058,0.022936465135261194
RF,4,0.25,1.0,crp_dataset_8_1_2.csv|crp_dataset_8_1_7.csv|crp_dataset_8_1_5.csv|crp_dataset_8_1_3.csv,crp_dataset_8_1_6.csv,0.6866666666666666,0.7670454545410964,0.9642857142788266,135,41,5,75,0.026928710937499996,0.01171875,0.015209960937499996
RF,4,0.25,1.0,crp_dataset_8_1_2.csv|crp_dataset_8_1_7.csv|crp_dataset_8_1_5.csv|crp_dataset_8_1_3.csv,crp_dataset_8_1_8.csv,0.6866666666666666,0.9864864864731555,0.5289855072425437,73,1,65,117,0.0283203125,0.0028716216216216213,0.02544869087837838
RF,4,0.25,1.0,crp_dataset_8_1_2.csv|crp_dataset_8_1_7.csv|crp_dataset_8_1_5.csv|crp_dataset_8_1_3.csv,crp_dataset_8_1_4.csv,0.6866666666666666,0.940677966093723,0.8473282442683411,111,7,20,118,0.023046875,0.004078389830508475,0.018968485169491525
RF,4,0.25,1.0,crp_dataset_8_1_2.csv|crp_dataset_8_1_7.csv|crp_dataset_8_1_4.csv|crp_dataset_8_1_3.csv,crp_dataset_8_1_1.csv,0.7733333333333333,0.9999999999833334,0.4761904761866969,60,0,66,130,0.0252685546875,0.00010416666666666667,0.025164388020833334
RF,4,0.25,1.0,crp_dataset_8_1_2.csv|crp_dataset_8_1_7.csv|crp_dataset_8_1_4.csv|crp_dataset_8_1_3.csv,crp_dataset_8_1_6.csv,0.7733333333333333,0.952380952371882,0.7142857142806123,100,5,40,111,0.026928710937499996,0.00255952380952381,0.024369187127976186
RF,4,0.25,1.0,crp_dataset_8_1_2.csv|crp_dataset_8_1_7.csv|crp_dataset_8_1_4.csv|crp_dataset_8_1_3.csv,crp_dataset_8_1_8.csv,0.7733333333333333,0.9848484848335628,0.47101449275021007,65,1,73,117,0.0283203125,0.002935606060606061,0.025384706439393938
RF,4,0.25,1.0,crp_dataset_8_1_2.csv|crp_dataset_8_1_7.csv|crp_dataset_8_1_4.csv|crp_dataset_8_1_3.csv,crp_dataset_8_1_5.csv,0.7733333333333333,0.9999999999870129,0.7699999999923,77,0,23,156,0.039282226562499994,0.0013798701298701301,0.03790235643262987
RF,4,0.25,1.0,crp_dataset_8_1_2.csv|crp_dataset_8_1_1.csv|crp_dataset_8_1_6.csv|crp_dataset_8_1_8.csv,crp_dataset_8_1_7.csv,0.6404695049574082,0.9999999999954546,0.9999999999954546,220,0,0,36,0.0095703125,0.00034090909090909094,0.00922940340909091
RF,4,0.25,1.0,crp_dataset_8_1_2.csv|crp_dataset_8_1_1.csv|crp_dataset_8_1_6.csv|crp_dataset_8_1_8.csv,crp_dataset_8_1_5.csv,0.6404695049574082,0.9999999999871795,0.7799999999921999,78,0,22,156,0.039282226562499994,0.0014423076923076924,0.0378399188701923
RF,4,0.25,1.0,crp_dataset_8_1_2.csv|crp_dataset_8_1_1.csv|crp_dataset_8_1_6.csv|crp_dataset_8_1_8.csv,crp_dataset_8_1_4.csv,0.6404695049574082,0.991999999992064,0.9465648854889576,124,1,7,124,0.023046875,0.0004,0.022646875
RF,4,0.25,1.0,crp_dataset_8_1_2.csv|crp_dataset_8_1_1.csv|crp_dataset_8_1_6.csv|crp_dataset_8_1_8.csv,crp_dataset_8_1_3.csv,0.6404695049574082,0.9999999999926471,0.7861271676255137,136,0,37,83,0.0196044921875,9.191176470588235e-05,0.019512580422794117
RF,4,0.25,1.0,crp_dataset_8_1_2.csv|crp_dataset_8_1_1.csv|crp_dataset_8_1_6.csv|crp_dataset_8_1_5.csv,crp_dataset_8_1_7.csv,0.7924242424242424,0.9999999999954546,0.9999999999954546,220,0,0,36,0.0095703125,0.00034090909090909094,0.00922940340909091
RF,4,0.25,1.0,crp_dataset_8_1_2.csv|crp_dataset_8_1_1.csv|crp_dataset_8_1_6.csv|crp_dataset_8_1_5.csv,crp_dataset_8_1_8.csv,0.7924242424242424,0.999999999983871,0.449275362315585,62,0,76,118,0.0283203125,0.002923387096774194,0.025396925403225808
RF,4,0.25,1.0,crp_dataset_8_1_2.csv|crp_dataset_8_1_1.csv|crp_dataset_8_1_6.csv|crp_dataset_8_1_5.csv,crp_dataset_8_1_4.csv,0.7924242424242424,0.999999999990909,0.8396946564821398,110,0,21,125,0.023046875,0.0002840909090909091,0.022762784090909094
RF,4,0.25,1.0,crp_dataset_8_1_2.csv|crp_dataset_8_1_1.csv|crp_dataset_8_1_6.csv|crp_dataset_8_1_5.csv,crp_dataset_8_1_3.csv,0.7924242424242424,0.9999999999910714,0.6473988439268937,112,0,61,83,0.0196044921875,0.0,0.0196044921875
RF,4,0.25,1.0,crp_dataset_8_1_2.csv|crp_dataset_8_1_1.csv|crp_dataset_8_1_6.csv|crp_dataset_8_1_4.csv,crp_dataset_8_1_7.csv,0.6183333333333333,0.9999999999954546,0.9999999999954546,220,0,0,36,0.0095703125,0.00034090909090909094,0.00922940340909091
RF,4,0.25,1.0,crp_dataset_8_1_2.csv|crp_dataset_8_1_1.csv|crp_dataset_8_1_6.csv|crp_dataset_8_1_4.csv,crp_dataset_8_1_8.csv,0.6183333333333333,0.9999999999873417,0.5724637681117938,79,0,59,118,0.0283203125,0.0028481012658227852,0.025472211234177214
RF,4,0.25,1.0,crp_dataset_8_1_2.csv|crp_dataset_8_1_1.csv|crp_dataset_8_1_6.csv|crp_dataset_8_1_4.csv,crp_dataset_8_1_5.csv,0.6183333333333333,0.9999999999873417,0.7899999999921,79,0,21,156,0.039282226562499994,0.0015031645569620255,0.03777906200553797
RF,4,0.25,1.0,crp_dataset_8_1_2.csv|crp_dataset_8_1_1.csv|crp_dataset_8_1_6.csv|crp_dataset_8_1_4.csv,crp_dataset_8_1_3.csv,0.6183333333333333,0.999999999992126,0.7341040462385312,127,0,46,83,0.0196044921875,0.0,0.0196044921875
RF,4,0.25,1.0,crp_dataset_8_1_2.csv|crp_dataset_8_1_1.csv|crp_dataset_8_1_6.csv|crp_dataset_8_1_3.csv,crp_dataset_8_1_7.csv,0.6528571428571429,0.9999999999954546,0.9999999999954546,220,0,0,36,0.0095703125,0.00034090909090909094,0.00922940340909091
RF,4,0.25,1.0,crp_dataset_8_1_2.csv|crp_dataset_8_1_1.csv|crp_dataset_8_1_6.csv|crp_dataset_8_1_3.csv,crp_dataset_8_1_8.csv,0.6528571428571429,0.9999999999843749,0.4637681159386684,64,0,74,118,0.0283203125,0.00283203125,0.02548828125
RF,4,0.25,1.0,crp_dataset_8_1_2.csv|crp_dataset_8_1_1.csv|crp_dataset_8_1_6.csv|crp_dataset_8_1_3.csv,crp_dataset_8_1_5.csv,0.6528571428571429,0.9999999999870129,0.7699999999923,77,0,23,156,0.039282226562499994,0.0013798701298701301,0.03790235643262987
RF,4,0.25,1.0,crp_dataset_8_1_2.csv|crp_dataset_8_1_1.csv|crp_dataset_8_1_6.csv|crp_dataset_8_1_3.csv,crp_dataset_8_1_4.csv,0.6528571428571429,0.984251968496187,0.9541984732751588,125,2,6,123,0.023046875,0.0004921259842519685,0.022554749015748034
RF,4,0.25,1.0,crp_dataset_8_1_2.csv|crp_dataset_8_1_1.csv|crp_dataset_8_1_8.csv|crp_dataset_8_1_5.csv,crp_dataset_8_1_7.csv,0.6505797101449275,0.9999999999954546,0.9999999999954546,220,0,0,36,0.0095703125,0.00034090909090909094,0.00922940340909091
RF,4,0.25,1.0,crp_dataset_8_1_2.csv|crp_dataset_8_1_1.csv|crp_dataset_8_1_8.csv|crp_dataset_8_1_5.csv,crp_dataset_8_1_6.csv,0.6505797101449275,0.9249999999922917,0.7928571428514797,111,9,29,107,0.026928710937499996,0.004583333333333333,0.02234537760416666
RF,4,0.25,1.0,crp_dataset_8_1_2.csv|crp_dataset_8_1_1.csv|crp_dataset_8_1_8.csv|crp_dataset_8_1_5.csv,crp_dataset_8_1_4.csv,0.6505797101449275,0.999999999990909,0.8396946564821398,110,0,21,125,0.023046875,0.0002840909090909091,0.022762784090909094
RF,4,0.25,1.0,crp_dataset_8_1_2.csv|crp_dataset_8_1_1.csv|crp_dataset_8_1_8.csv|crp_dataset_8_1_5.csv,crp_dataset_8_1_3.csv,0.6505797101449275,0.9999999999929579,0.8208092485501688,142,0,31,83,0.0196044921875,0.00013204225352112677,0.019472449933978873
RF,4,0.25,1.0,crp_dataset_8_1_2.csv|crp_dataset_8_1_1.csv|crp_dataset_8_1_8.csv|crp_dataset_8_1_4.csv,crp_dataset_8_1_7.csv,0.69,0.9999999999954546,0.9999999999954546,220,0,0,36,0.0095703125,0.00034090909090909094,0.00922940340909091
RF,4,0.25,1.0,crp_dataset_8_1_2.csv|crp_dataset_8_1_1.csv|crp_dataset_8_1_8.csv|crp_dataset_8_1_4.csv,crp_dataset_8_1_6.csv,0.69,0.9074074073990055,0.6999999999950001,98,10,42,106,0.026928710937499996,0.004398148148148148,0.02253056278935185
RF,4,0.25,1.0,crp_dataset_8_1_2.csv|crp_dataset_8_1_1.csv|crp_dataset_8_1_8.csv|crp_dataset_8_1_4.csv,crp_dataset_8_1_5.csv,0.69,0.9999999999873417,0.7899999999921,79,0,21,156,0.039282226562499994,0.0015031645569620255,0.03777906200553797
RF,4,0.25,1.0,crp_dataset_8_1_2.csv|crp_dataset_8_1_1.csv|crp_dataset_8_1_8.csv|crp_dataset_8_1_4.csv,crp_dataset_8_1_3.csv,0.69,0.9999999999916667,0.6936416184931004,120,0,53,83,0.0196044921875,0.0,0.0196044921875
RF,4,0.25,1.0,crp_dataset_8_1_2.csv|crp_dataset_8_1_1.csv|crp_dataset_8_1_8.csv|crp_dataset_8_1_3.csv,crp_dataset_8_1_7.csv,0.6648571428571428,0.9999999999954546,0.9999999999954546,220,0,0,36,0.0095703125,0.00034090909090909094,0.00922940340909091
RF,4,0.25,1.0,crp_dataset_8_1_2.csv|crp_dataset_8_1_1.csv|crp_dataset_8_1_8.csv|crp_dataset_8_1_3.csv,crp_dataset_8_1_6.csv,0.6648571428571428,0.7611111111068828,0.9785714285644388,137,43,3,73,0.026928710937499996,0.0125,0.014428710937499995
RF,4,0.25,1.0,crp_dataset_8_1_2.csv|crp_dataset_8_1_1.csv|crp_dataset_8_1_8.csv|crp_dataset_8_1_3.csv,crp_dataset_8_1_5.csv,0.6648571428571428,0.9999999999870129,0.7699999999923,77,0,23,156,0.039282226562499994,0.0013798701298701301,0.03790235643262987
RF,4,0.25,1.0,crp_dataset_8_1_2.csv|crp_dataset_8_1_1.csv|crp_dataset_8_1_8.csv|crp_dataset_8_1_3.csv,crp_dataset_8_1_4.csv,0.6648571428571428,0.9910714285625797,0.8473282442683411,111,1,20,124,0.023046875,0.0005022321428571429,0.022544642857142857
RF,4,0.25,1.0,crp_dataset_8_1_2.csv|crp_dataset_8_1_1.csv|crp_dataset_8_1_5.csv|crp_dataset_8_1_4.csv,crp_dataset_8_1_7.csv,0.6506666666666666,0.9999999999954546,0.9999999999954546,220,0,0,36,0.0095703125,0.00034090909090909094,0.00922940340909091
RF,4,0.25,1.0,crp_dataset_8_1_2.csv|crp_dataset_8_1_1.csv|crp_dataset_8_1_5.csv|crp_dataset_8_1_4.csv,crp_dataset_8_1_6.csv,0.6506666666666666,0.8880597014859101,0.8499999999939286,119,15,21,101,0.026928710937499996,0.005970149253731343,0.020958561683768653
RF,4,0.25,1.0,crp_dataset_8_1_2.csv|crp_dataset_8_1_1.csv|crp_dataset_8_1_5.csv|crp_dataset_8_1_4.csv,crp_dataset_8_1_8.csv,0.6506666666666666,0.9999999999871795,0.5652173913002521,78,0,60,118,0.0283203125,0.00280448717948718,0.02551582532051282
RF,4,0.25,1.0,crp_dataset_8_1_2.csv|crp_dataset_8_1_1.csv|crp_dataset_8_1_5.csv|crp_dataset_8_1_4.csv,crp_dataset_8_1_3.csv,0.6506666666666666,0.9999999999921876,0.7398843930593071,128,0,45,83,0.0196044921875,9.765625e-05,0.019506835937499998
RF,4,0.25,1.0,crp_dataset_8_1_2.csv|crp_dataset_8_1_1.csv|crp_dataset_8_1_5.csv|crp_dataset_8_1_3.csv,crp_dataset_8_1_7.csv,0.6433333333333333,0.9999999999954546,0.9999999999954546,220,0,0,36,0.0095703125,0.00034090909090909094,0.00922940340909091
RF,4,0.25,1.0,crp_dataset_8_1_2.csv|crp_dataset_8_1_1.csv|crp_dataset_8_1_5.csv|crp_dataset_8_1_3.csv,crp_dataset_8_1_6.csv,0.6433333333333333,0.8387096774139439,0.928571428564796,130,25,10,91,0.026928710937499996,0.009193548387096774,0.017735162550403222
RF,4,0.25,1.0,crp_dataset_8_1_2.csv|crp_dataset_8_1_1.csv|crp_dataset_8_1_5.csv|crp_dataset_8_1_3.csv,crp_dataset_8_1_8.csv,0.6433333333333333,0.9999999999857142,0.5072463768079185,70,0,68,118,0.0283203125,0.002678571428571429,0.02564174107142857
RF,4,0.25,1.0,crp_dataset_8_1_2.csv|crp_dataset_8_1_1.csv|crp_dataset_8_1_5.csv|crp_dataset_8_1_3.csv,crp_dataset_8_1_4.csv,0.6433333333333333,0.9916666666584028,0.9083969465579512,119,1,12,124,0.023046875,0.0004166666666666667,0.022630208333333336
RF,4,0.25,1.0,crp_dataset_8_1_2.csv|crp_dataset_8_1_1.csv|crp_dataset_8_1_4.csv|crp_dataset_8_1_3.csv,crp_dataset_8_1_7.csv,0.6666666666666666,0.9999999999954546,0.9999999999954546,220,0,0,36,0.0095703125,0.00034090909090909094,0.00922940340909091
RF,4,0.25,1.0,crp_dataset_8_1_2.csv|crp_dataset_8_1_1.csv|crp_dataset_8_1_4.csv|crp_dataset_8_1_3.csv,crp_dataset_8_1_6.csv,0.6666666666666666,0.6587677725087262,0.9928571428500511,139,72,1,44,0.026928710937499996,0.019934834123222753,0.006993876814277242
RF,4,0.25,1.0,crp_dataset_8_1_2.csv|crp_dataset_8_1_1.csv|crp_dataset_8_1_4.csv|crp_dataset_8_1_3.csv,crp_dataset_8_1_8.csv,0.6666666666666666,0.9999999999857142,0.5072463768079185,70,0,68,118,0.0283203125,0.002678571428571429,0.02564174107142857
RF,4,0.25,1.0,crp_dataset_8_1_2.csv|crp_dataset_8_1_1.csv|crp_dataset_8_1_4.csv|crp_dataset_8_1_3.csv,crp_dataset_8_1_5.csv,0.6666666666666666,0.9999999999870129,0.7699999999923,77,0,23,156,0.039282226562499994,0.0013798701298701301,0.03790235643262987
RF,4,0.25,1.0,crp_dataset_8_1_2.csv|crp_dataset_8_1_6.csv|crp_dataset_8_1_8.csv|crp_dataset_8_1_5.csv,crp_dataset_8_1_7.csv,0.6568055555555556,0.9999999999954546,0.9999999999954546,220,0,0,36,0.0095703125,0.00034090909090909094,0.00922940340909091
RF,4,0.25,1.0,crp_dataset_8_1_2.csv|crp_dataset_8_1_6.csv|crp_dataset_8_1_8.csv|crp_dataset_8_1_5.csv,crp_dataset_8_1_1.csv,0.6568055555555556,0.9999999999871795,0.619047619042706,78,0,48,130,0.0252685546875,8.012820512820513e-05,0.025188426482371795
RF,4,0.25,1.0,crp_dataset_8_1_2.csv|crp_dataset_8_1_6.csv|crp_dataset_8_1_8.csv|crp_dataset_8_1_5.csv,crp_dataset_8_1_4.csv,0.6568055555555556,0.991803278680395,0.9236641221303538,121,1,10,124,0.023046875,0.0004098360655737705,0.022637038934426233
RF,4,0.25,1.0,crp_dataset_8_1_2.csv|crp_dataset_8_1_6.csv|crp_dataset_8_1_8.csv|crp_dataset_8_1_5.csv,crp_dataset_8_1_3.csv,0.6568055555555556,0.9836065573689868,0.6936416184931004,120,2,53,81,0.0196044921875,0.00020491803278688525,0.019399574154713113
RF,4,0.25,1.0,crp_dataset_8_1_2.csv|crp_dataset_8_1_6.csv|crp_dataset_8_1_8.csv|crp_dataset_8_1_4.csv,crp_dataset_8_1_7.csv,0.79,0.9999999999954546,0.9999999999954546,220,0,0,36,0.0095703125,0.00034090909090909094,0.00922940340909091
RF,4,0.25,1.0,crp_dataset_8_1_2.csv|crp_dataset_8_1_6.csv|crp_dataset_8_1_8.csv|crp_dataset_8_1_4.csv,crp_dataset_8_1_1.csv,0.79,0.9999999999833334,0.4761904761866969,60,0,66,130,0.0252685546875,0.00010416666666666667,0.025164388020833334
RF,4,0.25,1.0,crp_dataset_8_1_2.csv|crp_dataset_8_1_6.csv|crp_dataset_8_1_8.csv|crp_dataset_8_1_4.csv,crp_dataset_8_1_5.csv,0.79,0.9999999999870129,0.7699999999923,77,0,23,156,0.039282226562499994,0.0013798701298701301,0.03790235643262987
RF,4,0.25,1.0,crp_dataset_8_1_2.csv|crp_dataset_8_1_6.csv|crp_dataset_8_1_8.csv|crp_dataset_8_1_4.csv,crp_dataset_8_1_3.csv,0.79,0.9999999999913792,0.670520231209997,116,0,57,83,0.0196044921875,0.0,0.0196044921875
RF,4,0.25,1.0,crp_dataset_8_1_2.csv|crp_dataset_8_1_6.csv|crp_dataset_8_1_8.csv|crp_dataset_8_1_3.csv,crp_dataset_8_1_7.csv,0.7761904761904762,0.9999999999954546,0.9999999999954546,220,0,0,36,0.0095703125,0.00034090909090909094,0.00922940340909091
RF,4,0.25,1.0,crp_dataset_8_1_2.csv|crp_dataset_8_1_6.csv|crp_dataset_8_1_8.csv|crp_dataset_8_1_3.csv,crp_dataset_8_1_1.csv,0.7761904761904762,0.9999999999875,0.6349206349155958,80,0,46,130,0.0252685546875,7.8125e-05,0.0251904296875
RF,4,0.25,1.0,crp_dataset_8_1_2.csv|crp_dataset_8_1_6.csv|crp_dataset_8_1_8.csv|crp_dataset_8_1_3.csv,crp_dataset_8_1_5.csv,0.7761904761904762,0.9999999999870129,0.7699999999923,77,0,23,156,0.039282226562499994,0.0013798701298701301,0.03790235643262987
RF,4,0.25,1.0,crp_dataset_8_1_2.csv|crp_dataset_8_1_6.csv|crp_dataset_8_1_8.csv|crp_dataset_8_1_3.csv,crp_dataset_8_1_4.csv,0.7761904761904762,0.999999999990991,0.8473282442683411,111,0,20,125,0.023046875,0.00028153153153153153,0.02276534346846847
RF,4,0.25,1.0,crp_dataset_8_1_2.csv|crp_dataset_8_1_6.csv|crp_dataset_8_1_5.csv|crp_dataset_8_1_4.csv,crp_dataset_8_1_7.csv,0.8393333333333334,0.9999999999954129,0.9909090909045868,218,0,2,36,0.0095703125,0.00028669724770642203,0.009283615252293579
RF,4,0.25,1.0,crp_dataset_8_1_2.csv|crp_dataset_8_1_6.csv|crp_dataset_8_1_5.csv|crp_dataset_8_1_4.csv,crp_dataset_8_1_1.csv,0.8393333333333334,0.9999999999833334,0.4761904761866969,60,0,66,130,0.0252685546875,0.00010416666666666667,0.025164388020833334
RF,4,0.25,1.0,crp_dataset_8_1_2.csv|crp_dataset_8_1_6.csv|crp_dataset_8_1_5.csv|crp_dataset_8_1_4.csv,crp_dataset_8_1_8.csv,0.8393333333333334,0.9615384615261341,0.543478260865627,75,3,63,115,0.0283203125,0.00328525641025641,0.02503505608974359
RF,4,0.25,1.0,crp_dataset_8_1_2.csv|crp_dataset_8_1_6.csv|crp_dataset_8_1_5.csv|crp_dataset_8_1_4.csv,crp_dataset_8_1_3.csv,0.8393333333333334,0.9999999999910714,0.6473988439268937,112,0,61,83,0.0196044921875,0.0,0.0196044921875
RF,4,0.25,1.0,crp_dataset_8_1_2.csv|crp_dataset_8_1_6.csv|crp_dataset_8_1_5.csv|crp_dataset_8_1_3.csv,crp_dataset_8_1_7.csv,0.69,0.9999999999954546,0.9999999999954546,220,0,0,36,0.0095703125,0.00034090909090909094,0.00922940340909091
RF,4,0.25,1.0,crp_dataset_8_1_2.csv|crp_dataset_8_1_6.csv|crp_dataset_8_1_5.csv|crp_dataset_8_1_3.csv,crp_dataset_8_1_1.csv,0.69,0.9545454545309917,0.49999999999603173,63,3,63,127,0.0252685546875,0.0008522727272727272,0.024416281960227274
RF,4,0.25,1.0,crp_dataset_8_1_2.csv|crp_dataset_8_1_6.csv|crp_dataset_8_1_5.csv|crp_dataset_8_1_3.csv,crp_dataset_8_1_8.csv,0.69,0.8977272727170712,0.5724637681117938,79,9,59,109,0.0283203125,0.003977272727272727,0.024343039772727275
RF,4,0.25,1.0,crp_dataset_8_1_2.csv|crp_dataset_8_1_6.csv|crp_dataset_8_1_5.csv|crp_dataset_8_1_3.csv,crp_dataset_8_1_4.csv,0.69,0.9999999999910714,0.8549618320545423,112,0,19,125,0.023046875,0.00033482142857142863,0.022712053571428574
RF,4,0.25,1.0,crp_dataset_8_1_2.csv|crp_dataset_8_1_6.csv|crp_dataset_8_1_4.csv|crp_dataset_8_1_3.csv,crp_dataset_8_1_7.csv,0.6466666666666666,0.9999999999954546,0.9999999999954546,220,0,0,36,0.0095703125,0.00034090909090909094,0.00922940340909091
RF,4,0.25,1.0,crp_dataset_8_1_2.csv|crp_dataset_8_1_6.csv|crp_dataset_8_1_4.csv|crp_dataset_8_1_3.csv,crp_dataset_8_1_1.csv,0.6466666666666666,0.9999999999846153,0.5158730158689216,65,0,61,130,0.0252685546875,9.615384615384615e-05,0.025172400841346153
RF,4,0.25,1.0,crp_dataset_8_1_2.csv|crp_dataset_8_1_6.csv|crp_dataset_8_1_4.csv|crp_dataset_8_1_3.csv,crp_dataset_8_1_8.csv,0.6466666666666666,0.951807228904195,0.5724637681117938,79,4,59,114,0.0283203125,0.003388554216867469,0.02493175828313253
RF,4,0.25,1.0,crp_dataset_8_1_2.csv|crp_dataset_8_1_6.csv|crp_dataset_8_1_4.csv|crp_dataset_8_1_3.csv,crp_dataset_8_1_5.csv,0.6466666666666666,0.9999999999875,0.799999999992,80,0,20,156,0.039282226562499994,0.0015625,0.03771972656249999
RF,4,0.25,1.0,crp_dataset_8_1_2.csv|crp_dataset_8_1_8.csv|crp_dataset_8_1_5.csv|crp_dataset_8_1_4.csv,crp_dataset_8_1_7.csv,0.7366666666666667,0.9999999999954546,0.9999999999954546,220,0,0,36,0.0095703125,0.00034090909090909094,0.00922940340909091
RF,4,0.25,1.0,crp_dataset_8_1_2.csv|crp_dataset_8_1_8.csv|crp_dataset_8_1_5.csv|crp_dataset_8_1_4.csv,crp_dataset_8_1_1.csv,0.7366666666666667,0.9999999999857142,0.5555555555511463,70,0,56,130,0.0252685546875,8.928571428571429e-05,0.025179268973214285
RF,4,0.25,1.0,crp_dataset_8_1_2.csv|crp_dataset_8_1_8.csv|crp_dataset_8_1_5.csv|crp_dataset_8_1_4.csv,crp_dataset_8_1_6.csv,0.7366666666666667,0.9999999999871795,0.5571428571388776,78,0,62,116,0.026928710937499996,8.012820512820513e-05,0.02684858273237179
RF,4,0.25,1.0,crp_dataset_8_1_2.csv|crp_dataset_8_1_8.csv|crp_dataset_8_1_5.csv|crp_dataset_8_1_4.csv,crp_dataset_8_1_3.csv,0.7366666666666667,0.9999999999910714,0.6473988439268937,112,0,61,83,0.0196044921875,0.0,0.0196044921875
RF,4,0.25,1.0,crp_dataset_8_1_2.csv|crp_dataset_8_1_8.csv|crp_dataset_8_1_5.csv|crp_dataset_8_1_3.csv,crp_dataset_8_1_7.csv,0.7071541394335512,0.9999999999954546,0.9999999999954546,220,0,0,36,0.0095703125,0.00034090909090909094,0.00922940340909091
RF,4,0.25,1.0,crp_dataset_8_1_2.csv|crp_dataset_8_1_8.csv|crp_dataset_8_1_5.csv|crp_dataset_8_1_3.csv,crp_dataset_8_1_1.csv,0.7071541394335512,0.9411764705771626,0.6349206349155958,80,5,46,125,0.0252685546875,0.0015441176470588236,0.023724437040441176
RF,4,0.25,1.0,crp_dataset_8_1_2.csv|crp_dataset_8_1_8.csv|crp_dataset_8_1_5.csv|crp_dataset_8_1_3.csv,crp_dataset_8_1_6.csv,0.7071541394335512,0.9885057471150746,0.6142857142813266,86,1,54,115,0.026928710937499996,0.000718390804597701,0.026210320132902296
RF,4,0.25,1.0,crp_dataset_8_1_2.csv|crp_dataset_8_1_8.csv|crp_dataset_8_1_5.csv|crp_dataset_8_1_3.csv,crp_dataset_8_1_4.csv,0.7071541394335512,0.999999999990991,0.8473282442683411,111,0,20,125,0.023046875,0.0003378378378378379,0.022709037162162164
RF,4,0.25,1.0,crp_dataset_8_1_2.csv|crp_dataset_8_1_8.csv|crp_dataset_8_1_4.csv|crp_dataset_8_1_3.csv,crp_dataset_8_1_7.csv,0.625,0.9999999999954546,0.9999999999954546,220,0,0,36,0.0095703125,0.00034090909090909094,0.00922940340909091
RF,4,0.25,1.0,crp_dataset_8_1_2.csv|crp_dataset_8_1_8.csv|crp_dataset_8_1_4.csv|crp_dataset_8_1_3.csv,crp_dataset_8_1_1.csv,0.625,0.9374999999902344,0.7142857142800453,90,6,36,124,0.0252685546875,0.0022786458333333335,0.022989908854166668
RF,4,0.25,1.0,crp_dataset_8_1_2.csv|crp_dataset_8_1_8.csv|crp_dataset_8_1_4.csv|crp_dataset_8_1_3.csv,crp_dataset_8_1_6.csv,0.625,0.7821229050235636,0.9999999999928573,140,39,0,77,0.026928710937499996,0.011208100558659218,0.015720610378840778
RF,4,0.25,1.0,crp_dataset_8_1_2.csv|crp_dataset_8_1_8.csv|crp_dataset_8_1_4.csv|crp_dataset_8_1_3.csv,crp_dataset_8_1_5.csv,0.625,0.9999999999878049,0.8199999999918,82,0,18,156,0.039282226562499994,0.0016768292682926831,0.03760539729420731
RF,4,0.25,1.0,crp_dataset_8_1_2.csv|crp_dataset_8_1_5.csv|crp_dataset_8_1_4.csv|crp_dataset_8_1_3.csv,crp_dataset_8_1_7.csv,0.7333333333333333,0.9999999999954546,0.9999999999954546,220,0,0,36,0.0095703125,0.00034090909090909094,0.00922940340909091
RF,4,0.25,1.0,crp_dataset_8_1_2.csv|crp_dataset_8_1_5.csv|crp_dataset_8_1_4.csv|crp_dataset_8_1_3.csv,crp_dataset_8_1_1.csv,0.7333333333333333,0.9999999999833334,0.4761904761866969,60,0,66,130,0.0252685546875,0.00010416666666666667,0.025164388020833334
RF,4,0.25,1.0,crp_dataset_8_1_2.csv|crp_dataset_8_1_5.csv|crp_dataset_8_1_4.csv|crp_dataset_8_1_3.csv,crp_dataset_8_1_6.csv,0.7333333333333333,0.968421052621385,0.6571428571381633,92,3,48,113,0.026928710937499996,0.002105263157894737,0.02482344777960526
RF,4,0.25,1.0,crp_dataset_8_1_2.csv|crp_dataset_8_1_5.csv|crp_dataset_8_1_4.csv|crp_dataset_8_1_3.csv,crp_dataset_8_1_8.csv,0.7333333333333333,0.9999999999863013,0.5289855072425437,73,0,65,118,0.0283203125,0.002910958904109589,0.025409353595890413
RF,4,0.25,1.0,crp_dataset_8_1_7.csv|crp_dataset_8_1_1.csv|crp_dataset_8_1_6.csv|crp_dataset_8_1_8.csv,crp_dataset_8_1_2.csv,0.644375,0.9425287356213502,0.6890756302463102,82,5,37,132,0.039453125,0.0020114942528735636,0.037441630747126434
RF,4,0.25,1.0,crp_dataset_8_1_7.csv|crp_dataset_8_1_1.csv|crp_dataset_8_1_6.csv|crp_dataset_8_1_8.csv,crp_dataset_8_1_5.csv,0.644375,0.9999999999870129,0.7699999999923,77,0,23,156,0.039282226562499994,0.0013798701298701301,0.03790235643262987
RF,4,0.25,1.0,crp_dataset_8_1_7.csv|crp_dataset_8_1_1.csv|crp_dataset_8_1_6.csv|crp_dataset_8_1_8.csv,crp_dataset_8_1_4.csv,0.644375,0.9920634920556185,0.9541984732751588,125,1,6,124,0.023046875,0.0003968253968253968,0.022650049603174606
RF,4,0.25,1.0,crp_dataset_8_1_7.csv|crp_dataset_8_1_1.csv|crp_dataset_8_1_6.csv|crp_dataset_8_1_8.csv,crp_dataset_8_1_3.csv,0.644375,0.983999999992128,0.7109826589554279,123,2,50,81,0.0196044921875,0.0002,0.0194044921875
RF,4,0.25,1.0,crp_dataset_8_1_7.csv|crp_dataset_8_1_1.csv|crp_dataset_8_1_6.csv|crp_dataset_8_1_5.csv,crp_dataset_8_1_2.csv,0.6533333333333333,0.9425287356213502,0.6890756302463102,82,5,37,132,0.039453125,0.0020114942528735636,0.037441630747126434
RF,4,0.25,1.0,crp_dataset_8_1_7.csv|crp_dataset_8_1_1.csv|crp_dataset_8_1_6.csv|crp_dataset_8_1_5.csv,crp_dataset_8_1_8.csv,0.6533333333333333,0.9692307692158579,0.4565217391271267,63,2,75,116,0.0283203125,0.0031730769230769234,0.025147235576923076
RF,4,0.25,1.0,crp_dataset_8_1_7.csv|crp_dataset_8_1_1.csv|crp_dataset_8_1_6.csv|crp_dataset_8_1_5.csv,crp_dataset_8_1_4.csv,0.6533333333333333,0.9765624999923707,0.9541984732751588,125,3,6,122,0.023046875,0.000634765625,0.022412109375000003
RF,4,0.25,1.0,crp_dataset_8_1_7.csv|crp_dataset_8_1_1.csv|crp_dataset_8_1_6.csv|crp_dataset_8_1_5.csv,crp_dataset_8_1_3.csv,0.6533333333333333,0.984496124023376,0.7341040462385312,127,2,46,81,0.0196044921875,0.0001937984496124031,0.019410693737887598
RF,4,0.25,1.0,crp_dataset_8_1_7.csv|crp_dataset_8_1_1.csv|crp_dataset_8_1_6.csv|crp_dataset_8_1_4.csv,crp_dataset_8_1_2.csv,0.76,0.9425287356213502,0.6890756302463102,82,5,37,132,0.039453125,0.0020114942528735636,0.037441630747126434
RF,4,0.25,1.0,crp_dataset_8_1_7.csv|crp_dataset_8_1_1.csv|crp_dataset_8_1_6.csv|crp_dataset_8_1_4.csv,crp_dataset_8_1_8.csv,0.76,0.9710144927395504,0.48550724637329346,67,2,71,116,0.0283203125,0.002989130434782609,0.02533118206521739
RF,4,0.25,1.0,crp_dataset_8_1_7.csv|crp_dataset_8_1_1.csv|crp_dataset_8_1_6.csv|crp_dataset_8_1_4.csv,crp_dataset_8_1_5.csv,0.76,0.9999999999870129,0.7699999999923,77,0,23,156,0.039282226562499994,0.0013798701298701301,0.03790235643262987
RF,4,0.25,1.0,crp_dataset_8_1_7.csv|crp_dataset_8_1_1.csv|crp_dataset_8_1_6.csv|crp_dataset_8_1_4.csv,crp_dataset_8_1_3.csv,0.76,0.983870967734001,0.705202312134652,122,2,51,81,0.0196044921875,0.00020161290322580645,0.019402879284274192
RF,4,0.25,1.0,crp_dataset_8_1_7.csv|crp_dataset_8_1_1.csv|crp_dataset_8_1_6.csv|crp_dataset_8_1_3.csv,crp_dataset_8_1_2.csv,0.6038888888888888,0.9425287356213502,0.6890756302463102,82,5,37,132,0.039453125,0.0020114942528735636,0.037441630747126434
RF,4,0.25,1.0,crp_dataset_8_1_7.csv|crp_dataset_8_1_1.csv|crp_dataset_8_1_6.csv|crp_dataset_8_1_3.csv,crp_dataset_8_1_8.csv,0.6038888888888888,0.949999999988125,0.5507246376771687,76,4,62,114,0.0283203125,0.003046875,0.0252734375
RF,4,0.25,1.0,crp_dataset_8_1_7.csv|crp_dataset_8_1_1.csv|crp_dataset_8_1_6.csv|crp_dataset_8_1_3.csv,crp_dataset_8_1_5.csv,0.6038888888888888,0.9874999999876563,0.7899999999921,79,1,21,155,0.039282226562499994,0.001484375,0.03779785156249999
RF,4,0.25,1.0,crp_dataset_8_1_7.csv|crp_dataset_8_1_1.csv|crp_dataset_8_1_6.csv|crp_dataset_8_1_3.csv,crp_dataset_8_1_4.csv,0.6038888888888888,0.9919354838629683,0.9389312977027563,123,1,8,124,0.023046875,0.0004032258064516129,0.022643649193548387
RF,4,0.25,1.0,crp_dataset_8_1_7.csv|crp_dataset_8_1_1.csv|crp_dataset_8_1_8.csv|crp_dataset_8_1_5.csv,crp_dataset_8_1_2.csv,0.6266666666666667,0.9425287356213502,0.6890756302463102,82,5,37,132,0.039453125,0.0020114942528735636,0.037441630747126434
RF,4,0.25,1.0,crp_dataset_8_1_7.csv|crp_dataset_8_1_1.csv|crp_dataset_8_1_8.csv|crp_dataset_8_1_5.csv,crp_dataset_8_1_6.csv,0.6266666666666667,0.8548387096705254,0.757142857137449,106,18,34,98,0.026928710937499996,0.007006048387096775,0.01992266255040322
RF,4,0.25,1.0,crp_dataset_8_1_7.csv|crp_dataset_8_1_1.csv|crp_dataset_8_1_8.csv|crp_dataset_8_1_5.csv,crp_dataset_8_1_4.csv,0.6266666666666667,0.9910714285625797,0.8473282442683411,111,1,20,124,0.023046875,0.00044642857142857147,0.02260044642857143
RF,4,0.25,1.0,crp_dataset_8_1_7.csv|crp_dataset_8_1_1.csv|crp_dataset_8_1_8.csv|crp_dataset_8_1_5.csv,crp_dataset_8_1_3.csv,0.6266666666666667,0.983999999992128,0.7109826589554279,123,2,50,81,0.0196044921875,0.00030000000000000003,0.019304492187499998
RF,4,0.25,1.0,crp_dataset_8_1_7.csv|crp_dataset_8_1_1.csv|crp_dataset_8_1_8.csv|crp_dataset_8_1_4.csv,crp_dataset_8_1_2.csv,0.76,0.9425287356213502,0.6890756302463102,82,5,37,132,0.039453125,0.0020114942528735636,0.037441630747126434
RF,4,0.25,1.0,crp_dataset_8_1_7.csv|crp_dataset_8_1_1.csv|crp_dataset_8_1_8.csv|crp_dataset_8_1_4.csv,crp_dataset_8_1_6.csv,0.76,0.9818181818092562,0.7714285714230613,108,2,32,114,0.026928710937499996,0.0010795454545454546,0.02584916548295454
RF,4,0.25,1.0,crp_dataset_8_1_7.csv|crp_dataset_8_1_1.csv|crp_dataset_8_1_8.csv|crp_dataset_8_1_4.csv,crp_dataset_8_1_5.csv,0.76,0.9999999999875,0.799999999992,80,0,20,156,0.039282226562499994,0.00140625,0.0378759765625
RF,4,0.25,1.0,crp_dataset_8_1_7.csv|crp_dataset_8_1_1.csv|crp_dataset_8_1_8.csv|crp_dataset_8_1_4.csv,crp_dataset_8_1_3.csv,0.76,0.9834710743720374,0.6878612716723246,119,2,54,81,0.0196044921875,0.0002066115702479339,0.019397880617252065
RF,4,0.25,1.0,crp_dataset_8_1_7.csv|crp_dataset_8_1_1.csv|crp_dataset_8_1_8.csv|crp_dataset_8_1_3.csv,crp_dataset_8_1_2.csv,0.71009009009009,0.9425287356213502,0.6890756302463102,82,5,37,132,0.039453125,0.0020114942528735636,0.037441630747126434
RF,4,0.25,1.0,crp_dataset_8_1_7.csv|crp_dataset_8_1_1.csv|crp_dataset_8_1_8.csv|crp_dataset_8_1_3.csv,crp_dataset_8_1_6.csv,0.71009009009009,0.6222222222194568,0.9999999999928573,140,85,0,31,0.026928710937499996,0.021805555555555557,0.005123155381944439
RF,4,0.25,1.0,crp_dataset_8_1_7.csv|crp_dataset_8_1_1.csv|crp_dataset_8_1_8.csv|crp_dataset_8_1_3.csv,crp_dataset_8_1_5.csv,0.71009009009009,0.9999999999870129,0.7699999999923,77,0,23,156,0.039282226562499994,0.0013798701298701301,0.03790235643262987
RF,4,0.25,1.0,crp_dataset_8_1_7.csv|crp_dataset_8_1_1.csv|crp_dataset_8_1_8.csv|crp_dataset_8_1_3.csv,crp_dataset_8_1_4.csv,0.71009009009009,0.9910714285625797,0.8473282442683411,111,1,20,124,0.023046875,0.00044642857142857147,0.02260044642857143
RF,4,0.25,1.0,crp_dataset_8_1_7.csv|crp_dataset_8_1_1.csv|crp_dataset_8_1_5.csv|crp_dataset_8_1_4.csv,crp_dataset_8_1_2.csv,0.6013333333333334,0.9479166666567925,0.764705882346515,91,5,28,132,0.039453125,0.002018229166666667,0.03743489583333333
RF,4,0.25,1.0,crp_dataset_8_1_7.csv|crp_dataset_8_1_1.csv|crp_dataset_8_1_5.csv|crp_dataset_8_1_4.csv,crp_dataset_8_1_6.csv,0.6013333333333334,0.8133333333279111,0.871428571422347,122,28,18,88,0.026928710937499996,0.010416666666666666,0.01651204427083333
RF,4,0.25,1.0,crp_dataset_8_1_7.csv|crp_dataset_8_1_1.csv|crp_dataset_8_1_5.csv|crp_dataset_8_1_4.csv,crp_dataset_8_1_8.csv,0.6013333333333334,0.9753086419632677,0.5724637681117938,79,2,59,116,0.0283203125,0.002700617283950617,0.025619695216049385
RF,4,0.25,1.0,crp_dataset_8_1_7.csv|crp_dataset_8_1_1.csv|crp_dataset_8_1_5.csv|crp_dataset_8_1_4.csv,crp_dataset_8_1_3.csv,0.6013333333333334,0.9847328244199639,0.7456647398800829,129,2,44,81,0.0196044921875,0.0002862595419847329,0.019318232645515267
RF,4,0.25,1.0,crp_dataset_8_1_7.csv|crp_dataset_8_1_1.csv|crp_dataset_8_1_5.csv|crp_dataset_8_1_3.csv,crp_dataset_8_1_2.csv,0.6133333333333333,0.9514563106703742,0.8235294117577855,98,5,21,132,0.039453125,0.001881067961165049,0.03757205703883495
RF,4,0.25,1.0,crp_dataset_8_1_7.csv|crp_dataset_8_1_1.csv|crp_dataset_8_1_5.csv|crp_dataset_8_1_3.csv,crp_dataset_8_1_6.csv,0.6133333333333333,0.6511627906946458,0.9999999999928573,140,75,0,41,0.026928710937499996,0.018546511627906978,0.008382199309593018
RF,4,0.25,1.0,crp_dataset_8_1_7.csv|crp_dataset_8_1_1.csv|crp_dataset_8_1_5.csv|crp_dataset_8_1_3.csv,crp_dataset_8_1_8.csv,0.6133333333333333,0.9749999999878125,0.5652173913002521,78,2,60,116,0.0283203125,0.002890625,0.0254296875
RF,4,0.25,1.0,crp_dataset_8_1_7.csv|crp_dataset_8_1_1.csv|crp_dataset_8_1_5.csv|crp_dataset_8_1_3.csv,crp_dataset_8_1_4.csv,0.6133333333333333,0.9920634920556185,0.9541984732751588,125,1,6,124,0.023046875,0.0003968253968253968,0.022650049603174606
RF,4,0.25,1.0,crp_dataset_8_1_7.csv|crp_dataset_8_1_1.csv|crp_dataset_8_1_4.csv|crp_dataset_8_1_3.csv,crp_dataset_8_1_2.csv,0.6,0.881720430098046,0.6890756302463102,82,11,37,126,0.039453125,0.002688172043010753,0.03676495295698925
RF,4,0.25,1.0,crp_dataset_8_1_7.csv|crp_dataset_8_1_1.csv|crp_dataset_8_1_4.csv|crp_dataset_8_1_3.csv,crp_dataset_8_1_6.csv,0.6,0.6113537117877234,0.9999999999928573,140,89,0,27,0.026928710937499996,0.021806768558951965,0.005121942378548031
RF,4,0.25,1.0,crp_dataset_8_1_7.csv|crp_dataset_8_1_1.csv|crp_dataset_8_1_4.csv|crp_dataset_8_1_3.csv,crp_dataset_8_1_8.csv,0.6,0.8698630136926723,0.9202898550657951,127,19,11,99,0.0283203125,0.004280821917808219,0.02403949058219178
RF,4,0.25,1.0,crp_dataset_8_1_7.csv|crp_dataset_8_1_1.csv|crp_dataset_8_1_4.csv|crp_dataset_8_1_3.csv,crp_dataset_8_1_5.csv,0.6,0.9090909090805784,0.799999999992,80,8,20,148,0.039282226562499994,0.0029829545454545456,0.03629927201704545
RF,4,0.25,1.0,crp_dataset_8_1_7.csv|crp_dataset_8_1_6.csv|crp_dataset_8_1_8.csv|crp_dataset_8_1_5.csv,crp_dataset_8_1_2.csv,0.675,0.933333333322963,0.7058823529352447,84,6,35,131,0.039453125,0.0022222222222222222,0.037230902777777776
RF,4,0.25,1.0,crp_dataset_8_1_7.csv|crp_dataset_8_1_6.csv|crp_dataset_8_1_8.csv|crp_dataset_8_1_5.csv,crp_dataset_8_1_1.csv,0.675,0.9864864864731555,0.5793650793604812,73,1,53,129,0.0252685546875,0.0002533783783783784,0.02501517630912162
RF,4,0.25,1.0,crp_dataset_8_1_7.csv|crp_dataset_8_1_6.csv|crp_dataset_8_1_8.csv|crp_dataset_8_1_5.csv,crp_dataset_8_1_4.csv,0.675,0.9999999999917355,0.9236641221303538,121,0,10,125,0.023046875,0.00025826446280991736,0.022788610537190085
RF,4,0.25,1.0,crp_dataset_8_1_7.csv|crp_dataset_8_1_6.csv|crp_dataset_8_1_8.csv|crp_dataset_8_1_5.csv,crp_dataset_8_1_3.csv,0.675,0.9831932773026623,0.6763005780307729,117,2,56,81,0.0196044921875,0.0002100840336134454,0.019394408153886555
RF,4,0.25,1.0,crp_dataset_8_1_7.csv|crp_dataset_8_1_6.csv|crp_dataset_8_1_8.csv|crp_dataset_8_1_4.csv,crp_dataset_8_1_2.csv,0.7966666666666666,0.9425287356213502,0.6890756302463102,82,5,37,132,0.039453125,0.0020114942528735636,0.037441630747126434
RF,4,0.25,1.0,crp_dataset_8_1_7.csv|crp_dataset_8_1_6.csv|crp_dataset_8_1_8.csv|crp_dataset_8_1_4.csv,crp_dataset_8_1_1.csv,0.7966666666666666,0.9701492537168634,0.5158730158689216,65,2,61,128,0.0252685546875,0.0004664179104477612,0.024802136777052237
RF,4,0.25,1.0,crp_dataset_8_1_7.csv|crp_dataset_8_1_6.csv|crp_dataset_8_1_8.csv|crp_dataset_8_1_4.csv,crp_dataset_8_1_5.csv,0.7966666666666666,0.9999999999870129,0.7699999999923,77,0,23,156,0.039282226562499994,0.0013798701298701301,0.03790235643262987
RF,4,0.25,1.0,crp_dataset_8_1_7.csv|crp_dataset_8_1_6.csv|crp_dataset_8_1_8.csv|crp_dataset_8_1_4.csv,crp_dataset_8_1_3.csv,0.7966666666666666,0.9827586206811831,0.6589595375684454,114,2,59,81,0.0196044921875,0.00021551724137931037,0.01938897494612069
RF,4,0.25,1.0,crp_dataset_8_1_7.csv|crp_dataset_8_1_6.csv|crp_dataset_8_1_8.csv|crp_dataset_8_1_3.csv,crp_dataset_8_1_2.csv,0.6066666666666667,0.6259541984685042,0.6890756302463102,82,49,37,88,0.039453125,0.03463740458015267,0.004815720419847326
RF,4,0.25,1.0,crp_dataset_8_1_7.csv|crp_dataset_8_1_6.csv|crp_dataset_8_1_8.csv|crp_dataset_8_1_3.csv,crp_dataset_8_1_1.csv,0.6066666666666667,0.9761904761788548,0.6507936507884857,82,2,44,128,0.0252685546875,0.0003720238095238095,0.024896530877976192
RF,4,0.25,1.0,crp_dataset_8_1_7.csv|crp_dataset_8_1_6.csv|crp_dataset_8_1_8.csv|crp_dataset_8_1_3.csv,crp_dataset_8_1_5.csv,0.6066666666666667,0.770491803272373,0.9399999999905999,94,28,6,128,0.039282226562499994,0.009579918032786884,0.02970230852971311
RF,4,0.25,1.0,crp_dataset_8_1_7.csv|crp_dataset_8_1_6.csv|crp_dataset_8_1_8.csv|crp_dataset_8_1_3.csv,crp_dataset_8_1_4.csv,0.6066666666666667,0.9999999999915966,0.9083969465579512,119,0,12,125,0.023046875,0.0002626050420168067,0.022784269957983196
RF,4,0.25,1.0,crp_dataset_8_1_7.csv|crp_dataset_8_1_6.csv|crp_dataset_8_1_5.csv|crp_dataset_8_1_4.csv,crp_dataset_8_1_2.csv,0.7183771929824562,0.9425287356213502,0.6890756302463102,82,5,37,132,0.039453125,0.0020114942528735636,0.037441630747126434
RF,4,0.25,1.0,crp_dataset_8_1_7.csv|crp_dataset_8_1_6.csv|crp_dataset_8_1_5.csv|crp_dataset_8_1_4.csv,crp_dataset_8_1_1.csv,0.7183771929824562,0.9999999999833334,0.4761904761866969,60,0,66,130,0.0252685546875,0.00010416666666666667,0.025164388020833334
RF,4,0.25,1.0,crp_dataset_8_1_7.csv|crp_dataset_8_1_6.csv|crp_dataset_8_1_5.csv|crp_dataset_8_1_4.csv,crp_dataset_8_1_8.csv,0.7183771929824562,0.9736842105135041,0.5362318840540853,74,2,64,116,0.0283203125,0.003125,0.0251953125
RF,4,0.25,1.0,crp_dataset_8_1_7.csv|crp_dataset_8_1_6.csv|crp_dataset_8_1_5.csv|crp_dataset_8_1_4.csv,crp_dataset_8_1_3.csv,0.7183771929824562,0.9830508474492962,0.670520231209997,116,2,57,81,0.0196044921875,0.00021186440677966104,0.019392627780720338
RF,4,0.25,1.0,crp_dataset_8_1_7.csv|crp_dataset_8_1_6.csv|crp_dataset_8_1_5.csv|crp_dataset_8_1_3.csv,crp_dataset_8_1_2.csv,0.7633333333333333,0.9473684210426593,0.7563025210020479,90,5,29,132,0.039453125,0.0019736842105263163,0.037479440789473684
RF,4,0.25,1.0,crp_dataset_8_1_7.csv|crp_dataset_8_1_6.csv|crp_dataset_8_1_5.csv|crp_dataset_8_1_3.csv,crp_dataset_8_1_1.csv,0.7633333333333333,0.9999999999833334,0.4761904761866969,60,0,66,130,0.0252685546875,0.00010416666666666667,0.025164388020833334
RF,4,0.25,1.0,crp_dataset_8_1_7.csv|crp_dataset_8_1_6.csv|crp_dataset_8_1_5.csv|crp_dataset_8_1_3.csv,crp_dataset_8_1_8.csv,0.7633333333333333,0.9682539682385992,0.4420289855040433,61,2,77,116,0.0283203125,0.0032738095238095243,0.025046502976190474
RF,4,0.25,1.0,crp_dataset_8_1_7.csv|crp_dataset_8_1_6.csv|crp_dataset_8_1_5.csv|crp_dataset_8_1_3.csv,crp_dataset_8_1_4.csv,0.7633333333333333,0.999999999990991,0.8473282442683411,111,0,20,125,0.023046875,0.00028153153153153153,0.02276534346846847
RF,4,0.25,1.0,crp_dataset_8_1_7.csv|crp_dataset_8_1_6.csv|crp_dataset_8_1_4.csv|crp_dataset_8_1_3.csv,crp_dataset_8_1_2.csv,0.68,0.9425287356213502,0.6890756302463102,82,5,37,132,0.039453125,0.0020114942528735636,0.037441630747126434
RF,4,0.25,1.0,crp_dataset_8_1_7.csv|crp_dataset_8_1_6.csv|crp_dataset_8_1_4.csv|crp_dataset_8_1_3.csv,crp_dataset_8_1_1.csv,0.68,0.9999999999843749,0.5079365079324767,64,0,62,130,0.0252685546875,9.765625e-05,0.0251708984375
RF,4,0.25,1.0,crp_dataset_8_1_7.csv|crp_dataset_8_1_6.csv|crp_dataset_8_1_4.csv|crp_dataset_8_1_3.csv,crp_dataset_8_1_8.csv,0.68,0.9397590361332558,0.5652173913002521,78,5,60,113,0.0283203125,0.003388554216867469,0.02493175828313253
RF,4,0.25,1.0,crp_dataset_8_1_7.csv|crp_dataset_8_1_6.csv|crp_dataset_8_1_4.csv|crp_dataset_8_1_3.csv,crp_dataset_8_1_5.csv,0.68,0.987654320975461,0.799999999992,80,1,20,155,0.039282226562499994,0.0015432098765432098,0.037739016685956785
RF,4,0.25,1.0,crp_dataset_8_1_7.csv|crp_dataset_8_1_8.csv|crp_dataset_8_1_5.csv|crp_dataset_8_1_4.csv,crp_dataset_8_1_2.csv,0.6533333333333333,0.9425287356213502,0.6890756302463102,82,5,37,132,0.039453125,0.0020114942528735636,0.037441630747126434
RF,4,0.25,1.0,crp_dataset_8_1_7.csv|crp_dataset_8_1_8.csv|crp_dataset_8_1_5.csv|crp_dataset_8_1_4.csv,crp_dataset_8_1_1.csv,0.6533333333333333,0.9999999999846153,0.5158730158689216,65,0,61,130,0.0252685546875,9.615384615384615e-05,0.025172400841346153
RF,4,0.25,1.0,crp_dataset_8_1_7.csv|crp_dataset_8_1_8.csv|crp_dataset_8_1_5.csv|crp_dataset_8_1_4.csv,crp_dataset_8_1_6.csv,0.6533333333333333,0.9999999999879517,0.5928571428529082,83,0,57,116,0.026928710937499996,7.530120481927712e-05,0.02685340973268072
RF,4,0.25,1.0,crp_dataset_8_1_7.csv|crp_dataset_8_1_8.csv|crp_dataset_8_1_5.csv|crp_dataset_8_1_4.csv,crp_dataset_8_1_3.csv,0.6533333333333333,0.9826086956436294,0.6531791907476695,113,2,60,81,0.0196044921875,0.0002173913043478261,0.019387100883152174
RF,4,0.25,1.0,crp_dataset_8_1_7.csv|crp_dataset_8_1_8.csv|crp_dataset_8_1_5.csv|crp_dataset_8_1_3.csv,crp_dataset_8_1_2.csv,0.6255555555555555,0.9425287356213502,0.6890756302463102,82,5,37,132,0.039453125,0.0020114942528735636,0.037441630747126434
RF,4,0.25,1.0,crp_dataset_8_1_7.csv|crp_dataset_8_1_8.csv|crp_dataset_8_1_5.csv|crp_dataset_8_1_3.csv,crp_dataset_8_1_1.csv,0.6255555555555555,0.9885057471150746,0.6825396825342656,86,1,40,129,0.0252685546875,0.00021551724137931037,0.02505303744612069
RF,4,0.25,1.0,crp_dataset_8_1_7.csv|crp_dataset_8_1_8.csv|crp_dataset_8_1_5.csv|crp_dataset_8_1_3.csv,crp_dataset_8_1_6.csv,0.6255555555555555,0.660377358487451,0.9999999999928573,140,72,0,44,0.026928710937499996,0.01786556603773585,0.009063144899764147
RF,4,0.25,1.0,crp_dataset_8_1_7.csv|crp_dataset_8_1_8.csv|crp_dataset_8_1_5.csv|crp_dataset_8_1_3.csv,crp_dataset_8_1_4.csv,0.6255555555555555,0.9999999999910714,0.8549618320545423,112,0,19,125,0.023046875,0.00027901785714285713,0.022767857142857145
RF,4,0.25,1.0,crp_dataset_8_1_7.csv|crp_dataset_8_1_8.csv|crp_dataset_8_1_4.csv|crp_dataset_8_1_3.csv,crp_dataset_8_1_2.csv,0.6876190476190476,0.9425287356213502,0.6890756302463102,82,5,37,132,0.039453125,0.0020114942528735636,0.037441630747126434
RF,4,0.25,1.0,crp_dataset_8_1_7.csv|crp_dataset_8_1_8.csv|crp_dataset_8_1_4.csv|crp_dataset_8_1_3.csv,crp_dataset_8_1_1.csv,0.6876190476190476,0.9999999999868421,0.6031746031698161,76,0,50,130,0.0252685546875,8.223684210526316e-05,0.025186317845394737
RF,4,0.25,1.0,crp_dataset_8_1_7.csv|crp_dataset_8_1_8.csv|crp_dataset_8_1_4.csv|crp_dataset_8_1_3.csv,crp_dataset_8_1_6.csv,0.6876190476190476,0.7340425531875849,0.985714285707245,138,50,2,66,0.026928710937499996,0.013829787234042554,0.013098923703457442
RF,4,0.25,1.0,crp_dataset_8_1_7.csv|crp_dataset_8_1_8.csv|crp_dataset_8_1_4.csv|crp_dataset_8_1_3.csv,crp_dataset_8_1_5.csv,0.6876190476190476,0.9874999999876563,0.7899999999921,79,1,21,155,0.039282226562499994,0.0017968749999999999,0.03748535156249999
RF,4,0.25,1.0,crp_dataset_8_1_7.csv|crp_dataset_8_1_5.csv|crp_dataset_8_1_4.csv|crp_dataset_8_1_3.csv,crp_dataset_8_1_2.csv,0.6283333333333333,0.9262295081891292,0.9495798319247934,113,9,6,128,0.039453125,0.0025614754098360654,0.03689164959016393
RF,4,0.25,1.0,crp_dataset_8_1_7.csv|crp_dataset_8_1_5.csv|crp_dataset_8_1_4.csv|crp_dataset_8_1_3.csv,crp_dataset_8_1_1.csv,0.6283333333333333,0.999999999983871,0.49206349205958677,62,0,64,130,0.0252685546875,0.00010080645161290323,0.025167748235887098
RF,4,0.25,1.0,crp_dataset_8_1_7.csv|crp_dataset_8_1_5.csv|crp_dataset_8_1_4.csv|crp_dataset_8_1_3.csv,crp_dataset_8_1_6.csv,0.6283333333333333,0.6481481481451475,0.9999999999928573,140,76,0,40,0.026928710937499996,0.018171296296296297,0.0087574146412037
RF,4,0.25,1.0,crp_dataset_8_1_7.csv|crp_dataset_8_1_5.csv|crp_dataset_8_1_4.csv|crp_dataset_8_1_3.csv,crp_dataset_8_1_8.csv,0.6283333333333333,0.9624999999879688,0.5579710144887104,77,3,61,115,0.0283203125,0.0032031250000000002,0.0251171875
RF,4,0.25,1.0,crp_dataset_8_1_1.csv|crp_dataset_8_1_6.csv|crp_dataset_8_1_8.csv|crp_dataset_8_1_5.csv,crp_dataset_8_1_2.csv,0.7216666666666667,0.9425287356213502,0.6890756302463102,82,5,37,132,0.039453125,0.0020114942528735636,0.037441630747126434
RF,4,0.25,1.0,crp_dataset_8_1_1.csv|crp_dataset_8_1_6.csv|crp_dataset_8_1_8.csv|crp_dataset_8_1_5.csv,crp_dataset_8_1_7.csv,0.7216666666666667,0.9999999999954546,0.9999999999954546,220,0,0,36,0.0095703125,0.00034090909090909094,0.00922940340909091
RF,4,0.25,1.0,crp_dataset_8_1_1.csv|crp_dataset_8_1_6.csv|crp_dataset_8_1_8.csv|crp_dataset_8_1_5.csv,crp_dataset_8_1_4.csv,0.7216666666666667,0.9920634920556185,0.9541984732751588,125,1,6,124,0.023046875,0.0003968253968253968,0.022650049603174606
RF,4,0.25,1.0,crp_dataset_8_1_1.csv|crp_dataset_8_1_6.csv|crp_dataset_8_1_8.csv|crp_dataset_8_1_5.csv,crp_dataset_8_1_3.csv,0.7216666666666667,0.9860139860070909,0.8150289017293929,141,2,32,81,0.0196044921875,0.00030594405594405597,0.019298548131555942
RF,4,0.25,1.0,crp_dataset_8_1_1.csv|crp_dataset_8_1_6.csv|crp_dataset_8_1_8.csv|crp_dataset_8_1_4.csv,crp_dataset_8_1_2.csv,0.645,0.9425287356213502,0.6890756302463102,82,5,37,132,0.039453125,0.0020114942528735636,0.037441630747126434
RF,4,0.25,1.0,crp_dataset_8_1_1.csv|crp_dataset_8_1_6.csv|crp_dataset_8_1_8.csv|crp_dataset_8_1_4.csv,crp_dataset_8_1_7.csv,0.645,0.9999999999954546,0.9999999999954546,220,0,0,36,0.0095703125,0.00034090909090909094,0.00922940340909091
RF,4,0.25,1.0,crp_dataset_8_1_1.csv|crp_dataset_8_1_6.csv|crp_dataset_8_1_8.csv|crp_dataset_8_1_4.csv,crp_dataset_8_1_5.csv,0.645,0.987654320975461,0.799999999992,80,1,20,155,0.039282226562499994,0.0015432098765432098,0.037739016685956785
RF,4,0.25,1.0,crp_dataset_8_1_1.csv|crp_dataset_8_1_6.csv|crp_dataset_8_1_8.csv|crp_dataset_8_1_4.csv,crp_dataset_8_1_3.csv,0.645,0.985714285707245,0.7976878612670655,138,2,35,81,0.0196044921875,0.00017857142857142857,0.019425920758928572
RF,4,0.25,1.0,crp_dataset_8_1_1.csv|crp_dataset_8_1_6.csv|crp_dataset_8_1_8.csv|crp_dataset_8_1_3.csv,crp_dataset_8_1_2.csv,0.6733333333333333,0.9425287356213502,0.6890756302463102,82,5,37,132,0.039453125,0.0020114942528735636,0.037441630747126434
RF,4,0.25,1.0,crp_dataset_8_1_1.csv|crp_dataset_8_1_6.csv|crp_dataset_8_1_8.csv|crp_dataset_8_1_3.csv,crp_dataset_8_1_7.csv,0.6733333333333333,0.9999999999954546,0.9999999999954546,220,0,0,36,0.0095703125,0.00034090909090909094,0.00922940340909091
RF,4,0.25,1.0,crp_dataset_8_1_1.csv|crp_dataset_8_1_6.csv|crp_dataset_8_1_8.csv|crp_dataset_8_1_3.csv,crp_dataset_8_1_5.csv,0.6733333333333333,0.9999999999871795,0.7799999999921999,78,0,22,156,0.039282226562499994,0.0013621794871794873,0.037920047075320505
RF,4,0.25,1.0,crp_dataset_8_1_1.csv|crp_dataset_8_1_6.csv|crp_dataset_8_1_8.csv|crp_dataset_8_1_3.csv,crp_dataset_8_1_4.csv,0.6733333333333333,0.9999999999915254,0.90076335877175,118,0,13,125,0.023046875,0.00026483050847457627,0.022782044491525426
RF,4,0.25,1.0,crp_dataset_8_1_1.csv|crp_dataset_8_1_6.csv|crp_dataset_8_1_5.csv|crp_dataset_8_1_4.csv,crp_dataset_8_1_2.csv,0.7366666666666667,0.9425287356213502,0.6890756302463102,82,5,37,132,0.039453125,0.0020114942528735636,0.037441630747126434
RF,4,0.25,1.0,crp_dataset_8_1_1.csv|crp_dataset_8_1_6.csv|crp_dataset_8_1_5.csv|crp_dataset_8_1_4.csv,crp_dataset_8_1_7.csv,0.7366666666666667,0.9999999999954546,0.9999999999954546,220,0,0,36,0.0095703125,0.00034090909090909094,0.00922940340909091
RF,4,0.25,1.0,crp_dataset_8_1_1.csv|crp_dataset_8_1_6.csv|crp_dataset_8_1_5.csv|crp_dataset_8_1_4.csv,crp_dataset_8_1_8.csv,0.7366666666666667,0.9687499999848632,0.449275362315585,62,2,76,116,0.0283203125,0.0032226562500000003,0.02509765625
RF,4,0.25,1.0,crp_dataset_8_1_1.csv|crp_dataset_8_1_6.csv|crp_dataset_8_1_5.csv|crp_dataset_8_1_4.csv,crp_dataset_8_1_3.csv,0.7366666666666667,0.984251968496187,0.7225433525969795,125,2,48,81,0.0196044921875,0.00019685039370078743,0.01940764179379921
RF,4,0.25,1.0,crp_dataset_8_1_1.csv|crp_dataset_8_1_6.csv|crp_dataset_8_1_5.csv|crp_dataset_8_1_3.csv,crp_dataset_8_1_2.csv,0.7333333333333333,0.9425287356213502,0.6890756302463102,82,5,37,132,0.039453125,0.0020114942528735636,0.037441630747126434
RF,4,0.25,1.0,crp_dataset_8_1_1.csv|crp_dataset_8_1_6.csv|crp_dataset_8_1_5.csv|crp_dataset_8_1_3.csv,crp_dataset_8_1_7.csv,0.7333333333333333,0.9999999999954546,0.9999999999954546,220,0,0,36,0.0095703125,0.00034090909090909094,0.00922940340909091
RF,4,0.25,1.0,crp_dataset_8_1_1.csv|crp_dataset_8_1_6.csv|crp_dataset_8_1_5.csv|crp_dataset_8_1_3.csv,crp_dataset_8_1_8.csv,0.7333333333333333,0.9701492537168634,0.47101449275021007,65,2,73,116,0.0283203125,0.003078358208955224,0.025241954291044776
RF,4,0.25,1.0,crp_dataset_8_1_1.csv|crp_dataset_8_1_6.csv|crp_dataset_8_1_5.csv|crp_dataset_8_1_3.csv,crp_dataset_8_1_4.csv,0.7333333333333333,0.9919354838629683,0.9389312977027563,123,1,8,124,0.023046875,0.0004032258064516129,0.022643649193548387
RF,4,0.25,1.0,crp_dataset_8_1_1.csv|crp_dataset_8_1_6.csv|crp_dataset_8_1_4.csv|crp_dataset_8_1_3.csv,crp_dataset_8_1_2.csv,0.61625,0.9425287356213502,0.6890756302463102,82,5,37,132,0.039453125,0.0020114942528735636,0.037441630747126434
RF,4,0.25,1.0,crp_dataset_8_1_1.csv|crp_dataset_8_1_6.csv|crp_dataset_8_1_4.csv|crp_dataset_8_1_3.csv,crp_dataset_8_1_7.csv,0.61625,0.9999999999954546,0.9999999999954546,220,0,0,36,0.0095703125,0.00034090909090909094,0.00922940340909091
RF,4,0.25,1.0,crp_dataset_8_1_1.csv|crp_dataset_8_1_6.csv|crp_dataset_8_1_4.csv|crp_dataset_8_1_3.csv,crp_dataset_8_1_8.csv,0.61625,0.9756097560856632,0.5797101449233355,80,2,58,116,0.0283203125,0.003048780487804878,0.025271532012195123
RF,4,0.25,1.0,crp_dataset_8_1_1.csv|crp_dataset_8_1_6.csv|crp_dataset_8_1_4.csv|crp_dataset_8_1_3.csv,crp_dataset_8_1_5.csv,0.61625,0.9999999999870129,0.7699999999923,77,0,23,156,0.039282226562499994,0.0013798701298701301,0.03790235643262987
RF,4,0.25,1.0,crp_dataset_8_1_1.csv|crp_dataset_8_1_8.csv|crp_dataset_8_1_5.csv|crp_dataset_8_1_4.csv,crp_dataset_8_1_2.csv,0.6335087719298246,0.9425287356213502,0.6890756302463102,82,5,37,132,0.039453125,0.0020114942528735636,0.037441630747126434
RF,4,0.25,1.0,crp_dataset_8_1_1.csv|crp_dataset_8_1_8.csv|crp_dataset_8_1_5.csv|crp_dataset_8_1_4.csv,crp_dataset_8_1_7.csv,0.6335087719298246,0.9999999999954546,0.9999999999954546,220,0,0,36,0.0095703125,0.00034090909090909094,0.00922940340909091
RF,4,0.25,1.0,crp_dataset_8_1_1.csv|crp_dataset_8_1_8.csv|crp_dataset_8_1_5.csv|crp_dataset_8_1_4.csv,crp_dataset_8_1_6.csv,0.6335087719298246,0.8759689922412717,0.8071428571370919,113,16,27,100,0.026928710937499996,0.006976744186046512,0.019951966751453484
RF,4,0.25,1.0,crp_dataset_8_1_1.csv|crp_dataset_8_1_8.csv|crp_dataset_8_1_5.csv|crp_dataset_8_1_4.csv,crp_dataset_8_1_3.csv,0.6335087719298246,0.9833333333251388,0.6820809248515487,118,2,55,81,0.0196044921875,0.00020833333333333335,0.019396158854166665
RF,4,0.25,1.0,crp_dataset_8_1_1.csv|crp_dataset_8_1_8.csv|crp_dataset_8_1_5.csv|crp_dataset_8_1_3.csv,crp_dataset_8_1_2.csv,0.63,0.9425287356213502,0.6890756302463102,82,5,37,132,0.039453125,0.0020114942528735636,0.037441630747126434
RF,4,0.25,1.0,crp_dataset_8_1_1.csv|crp_dataset_8_1_8.csv|crp_dataset_8_1_5.csv|crp_dataset_8_1_3.csv,crp_dataset_8_1_7.csv,0.63,0.9999999999954546,0.9999999999954546,220,0,0,36,0.0095703125,0.00034090909090909094,0.00922940340909091
RF,4,0.25,1.0,crp_dataset_8_1_1.csv|crp_dataset_8_1_8.csv|crp_dataset_8_1_5.csv|crp_dataset_8_1_3.csv,crp_dataset_8_1_6.csv,0.63,0.6318181818153099,0.9928571428500511,139,81,1,35,0.026928710937499996,0.022528409090909095,0.0044003018465909
RF,4,0.25,1.0,crp_dataset_8_1_1.csv|crp_dataset_8_1_8.csv|crp_dataset_8_1_5.csv|crp_dataset_8_1_3.csv,crp_dataset_8_1_4.csv,0.63,0.9910714285625797,0.8473282442683411,111,1,20,124,0.023046875,0.0005022321428571429,0.022544642857142857
RF,4,0.25,1.0,crp_dataset_8_1_1.csv|crp_dataset_8_1_8.csv|crp_dataset_8_1_4.csv|crp_dataset_8_1_3.csv,crp_dataset_8_1_2.csv,0.6545454545454545,0.9425287356213502,0.6890756302463102,82,5,37,132,0.039453125,0.0020114942528735636,0.037441630747126434
RF,4,0.25,1.0,crp_dataset_8_1_1.csv|crp_dataset_8_1_8.csv|crp_dataset_8_1_4.csv|crp_dataset_8_1_3.csv,crp_dataset_8_1_7.csv,0.6545454545454545,0.9999999999954546,0.9999999999954546,220,0,0,36,0.0095703125,0.00034090909090909094,0.00922940340909091
RF,4,0.25,1.0,crp_dataset_8_1_1.csv|crp_dataset_8_1_8.csv|crp_dataset_8_1_4.csv|crp_dataset_8_1_3.csv,crp_dataset_8_1_6.csv,0.6545454545454545,0.6896551724103959,0.9999999999928573,140,63,0,53,0.026928710937499996,0.018041871921182263,0.008886839016317732
RF,4,0.25,1.0,crp_dataset_8_1_1.csv|crp_dataset_8_1_8.csv|crp_dataset_8_1_4.csv|crp_dataset_8_1_3.csv,crp_dataset_8_1_5.csv,0.6545454545454545,0.9746835442914596,0.7699999999923,77,2,23,154,0.039282226562499994,0.0021360759493670887,0.03714615061313291
RF,4,0.25,1.0,crp_dataset_8_1_1.csv|crp_dataset_8_1_5.csv|crp_dataset_8_1_4.csv|crp_dataset_8_1_3.csv,crp_dataset_8_1_2.csv,0.7086111111111112,0.9425287356213502,0.6890756302463102,82,5,37,132,0.039453125,0.0020114942528735636,0.037441630747126434
RF,4,0.25,1.0,crp_dataset_8_1_1.csv|crp_dataset_8_1_5.csv|crp_dataset_8_1_4.csv|crp_dataset_8_1_3.csv,crp_dataset_8_1_7.csv,0.7086111111111112,0.9999999999954546,0.9999999999954546,220,0,0,36,0.0095703125,0.00034090909090909094,0.00922940340909091
RF,4,0.25,1.0,crp_dataset_8_1_1.csv|crp_dataset_8_1_5.csv|crp_dataset_8_1_4.csv|crp_dataset_8_1_3.csv,crp_dataset_8_1_6.csv,0.7086111111111112,0.7336956521699256,0.9642857142788266,135,49,5,67,0.026928710937499996,0.014741847826086956,0.01218686311141304
RF,4,0.25,1.0,crp_dataset_8_1_1.csv|crp_dataset_8_1_5.csv|crp_dataset_8_1_4.csv|crp_dataset_8_1_3.csv,crp_dataset_8_1_8.csv,0.7086111111111112,0.9701492537168634,0.47101449275021007,65,2,73,116,0.0283203125,0.003078358208955224,0.025241954291044776
RF,4,0.25,1.0,crp_dataset_8_1_6.csv|crp_dataset_8_1_8.csv|crp_dataset_8_1_5.csv|crp_dataset_8_1_4.csv,crp_dataset_8_1_2.csv,0.6543703703703704,0.9425287356213502,0.6890756302463102,82,5,37,132,0.039453125,0.0020114942528735636,0.037441630747126434
RF,4,0.25,1.0,crp_dataset_8_1_6.csv|crp_dataset_8_1_8.csv|crp_dataset_8_1_5.csv|crp_dataset_8_1_4.csv,crp_dataset_8_1_7.csv,0.6543703703703704,0.9999999999954546,0.9999999999954546,220,0,0,36,0.0095703125,0.00034090909090909094,0.00922940340909091
RF,4,0.25,1.0,crp_dataset_8_1_6.csv|crp_dataset_8_1_8.csv|crp_dataset_8_1_5.csv|crp_dataset_8_1_4.csv,crp_dataset_8_1_1.csv,0.6543703703703704,0.9879518072170126,0.6507936507884857,82,1,44,129,0.0252685546875,0.00022590361445783136,0.02504265107304217
RF,4,0.25,1.0,crp_dataset_8_1_6.csv|crp_dataset_8_1_8.csv|crp_dataset_8_1_5.csv|crp_dataset_8_1_4.csv,crp_dataset_8_1_3.csv,0.6543703703703704,0.983870967734001,0.705202312134652,122,2,51,81,0.0196044921875,0.00020161290322580645,0.019402879284274192
RF,4,0.25,1.0,crp_dataset_8_1_6.csv|crp_dataset_8_1_8.csv|crp_dataset_8_1_5.csv|crp_dataset_8_1_3.csv,crp_dataset_8_1_2.csv,0.637632275132275,0.9494949494853586,0.7899159663799167,94,5,25,132,0.039453125,0.0019570707070707075,0.03749605429292929
RF,4,0.25,1.0,crp_dataset_8_1_6.csv|crp_dataset_8_1_8.csv|crp_dataset_8_1_5.csv|crp_dataset_8_1_3.csv,crp_dataset_8_1_7.csv,0.637632275132275,0.9999999999954546,0.9999999999954546,220,0,0,36,0.0095703125,0.00034090909090909094,0.00922940340909091
RF,4,0.25,1.0,crp_dataset_8_1_6.csv|crp_dataset_8_1_8.csv|crp_dataset_8_1_5.csv|crp_dataset_8_1_3.csv,crp_dataset_8_1_1.csv,0.637632275132275,0.9999999999883721,0.6825396825342656,86,0,40,130,0.0252685546875,7.267441860465116e-05,0.025195880268895347
RF,4,0.25,1.0,crp_dataset_8_1_6.csv|crp_dataset_8_1_8.csv|crp_dataset_8_1_5.csv|crp_dataset_8_1_3.csv,crp_dataset_8_1_4.csv,0.637632275132275,0.9999999999919355,0.9465648854889576,124,0,7,125,0.023046875,0.00030241935483870974,0.022744455645161293
RF,4,0.25,1.0,crp_dataset_8_1_6.csv|crp_dataset_8_1_8.csv|crp_dataset_8_1_4.csv|crp_dataset_8_1_3.csv,crp_dataset_8_1_2.csv,0.6083333333333333,0.7961165048466396,0.6890756302463102,82,21,37,116,0.039453125,0.01759708737864078,0.02185603762135922
RF,4,0.25,1.0,crp_dataset_8_1_6.csv|crp_dataset_8_1_8.csv|crp_dataset_8_1_4.csv|crp_dataset_8_1_3.csv,crp_dataset_8_1_7.csv,0.6083333333333333,0.9999999999954546,0.9999999999954546,220,0,0,36,0.0095703125,0.00034090909090909094,0.00922940340909091
RF,4,0.25,1.0,crp_dataset_8_1_6.csv|crp_dataset_8_1_8.csv|crp_dataset_8_1_4.csv|crp_dataset_8_1_3.csv,crp_dataset_8_1_1.csv,0.6083333333333333,0.9629629629510745,0.619047619042706,78,3,48,127,0.0252685546875,0.0005401234567901235,0.024728431230709877
RF,4,0.25,1.0,crp_dataset_8_1_6.csv|crp_dataset_8_1_8.csv|crp_dataset_8_1_4.csv|crp_dataset_8_1_3.csv,crp_dataset_8_1_5.csv,0.6083333333333333,0.9666666666559259,0.8699999999913,87,3,13,153,0.039282226562499994,0.0020833333333333333,0.03719889322916666
RF,4,0.25,1.0,crp_dataset_8_1_6.csv|crp_dataset_8_1_5.csv|crp_dataset_8_1_4.csv|crp_dataset_8_1_3.csv,crp_dataset_8_1_2.csv,0.6433333333333333,0.9494949494853586,0.7899159663799167,94,5,25,132,0.039453125,0.0020833333333333333,0.037369791666666666
RF,4,0.25,1.0,crp_dataset_8_1_6.csv|crp_dataset_8_1_5.csv|crp_dataset_8_1_4.csv|crp_dataset_8_1_3.csv,crp_dataset_8_1_7.csv,0.6433333333333333,0.9999999999954546,0.9999999999954546,220,0,0,36,0.0095703125,0.00034090909090909094,0.00922940340909091
RF,4,0.25,1.0,crp_dataset_8_1_6.csv|crp_dataset_8_1_5.csv|crp_dataset_8_1_4.csv|crp_dataset_8_1_3.csv,crp_dataset_8_1_1.csv,0.6433333333333333,0.9999999999843749,0.5079365079324767,64,0,62,130,0.0252685546875,9.765625e-05,0.0251708984375
RF,4,0.25,1.0,crp_dataset_8_1_6.csv|crp_dataset_8_1_5.csv|crp_dataset_8_1_4.csv|crp_dataset_8_1_3.csv,crp_dataset_8_1_8.csv,0.6433333333333333,0.9374999999882813,0.543478260865627,75,5,63,113,0.0283203125,0.003515625,0.0248046875
RF,4,0.25,1.0,crp_dataset_8_1_8.csv|crp_dataset_8_1_5.csv|crp_dataset_8_1_4.csv|crp_dataset_8_1_3.csv,crp_dataset_8_1_2.csv,0.7633333333333333,0.9425287356213502,0.6890756302463102,82,5,37,132,0.039453125,0.0020114942528735636,0.037441630747126434
RF,4,0.25,1.0,crp_dataset_8_1_8.csv|crp_dataset_8_1_5.csv|crp_dataset_8_1_4.csv|crp_dataset_8_1_3.csv,crp_dataset_8_1_7.csv,0.7633333333333333,0.9999999999954546,0.9999999999954546,220,0,0,36,0.0095703125,0.00034090909090909094,0.00922940340909091
RF,4,0.25,1.0,crp_dataset_8_1_8.csv|crp_dataset_8_1_5.csv|crp_dataset_8_1_4.csv|crp_dataset_8_1_3.csv,crp_dataset_8_1_1.csv,0.7633333333333333,0.9999999999850746,0.5317460317418116,67,0,59,130,0.0252685546875,9.328358208955224e-05,0.025175271105410447
RF,4,0.25,1.0,crp_dataset_8_1_8.csv|crp_dataset_8_1_5.csv|crp_dataset_8_1_4.csv|crp_dataset_8_1_3.csv,crp_dataset_8_1_6.csv,0.7633333333333333,0.9136690647416283,0.9071428571363777,127,12,13,104,0.026928710937499996,0.004226618705035972,0.022702092232464024
RF,5,0.25,1.0,crp_dataset_8_1_2.csv|crp_dataset_8_1_7.csv|crp_dataset_8_1_1.csv|crp_dataset_8_1_6.csv|crp_dataset_8_1_8.csv,crp_dataset_8_1_5.csv,0.7166666666666667,0.9999999999870129,0.7699999999923,77,0,23,156,0.039282226562499994,0.0013798701298701301,0.03790235643262987
RF,5,0.25,1.0,crp_dataset_8_1_2.csv|crp_dataset_8_1_7.csv|crp_dataset_8_1_1.csv|crp_dataset_8_1_6.csv|crp_dataset_8_1_8.csv,crp_dataset_8_1_4.csv,0.7166666666666667,0.999999999990909,0.8396946564821398,110,0,21,125,0.023046875,0.0002840909090909091,0.022762784090909094
RF,5,0.25,1.0,crp_dataset_8_1_2.csv|crp_dataset_8_1_7.csv|crp_dataset_8_1_1.csv|crp_dataset_8_1_6.csv|crp_dataset_8_1_8.csv,crp_dataset_8_1_3.csv,0.7166666666666667,0.9999999999910714,0.6473988439268937,112,0,61,83,0.0196044921875,0.0,0.0196044921875
RF,5,0.25,1.0,crp_dataset_8_1_2.csv|crp_dataset_8_1_7.csv|crp_dataset_8_1_1.csv|crp_dataset_8_1_6.csv|crp_dataset_8_1_5.csv,crp_dataset_8_1_8.csv,0.6088888888888889,0.9999999999848485,0.4782608695617518,66,0,72,118,0.0283203125,0.002746212121212121,0.02557410037878788
RF,5,0.25,1.0,crp_dataset_8_1_2.csv|crp_dataset_8_1_7.csv|crp_dataset_8_1_1.csv|crp_dataset_8_1_6.csv|crp_dataset_8_1_5.csv,crp_dataset_8_1_4.csv,0.6088888888888889,0.991869918691123,0.931297709916555,122,1,9,124,0.023046875,0.0004065040650406504,0.02264037093495935
RF,5,0.25,1.0,crp_dataset_8_1_2.csv|crp_dataset_8_1_7.csv|crp_dataset_8_1_1.csv|crp_dataset_8_1_6.csv|crp_dataset_8_1_5.csv,crp_dataset_8_1_3.csv,0.6088888888888889,0.9999999999916667,0.6936416184931004,120,0,53,83,0.0196044921875,0.0,0.0196044921875
RF,5,0.25,1.0,crp_dataset_8_1_2.csv|crp_dataset_8_1_7.csv|crp_dataset_8_1_1.csv|crp_dataset_8_1_6.csv|crp_dataset_8_1_4.csv,crp_dataset_8_1_8.csv,0.6103703703703703,0.9868421052501731,0.543478260865627,75,1,63,117,0.0283203125,0.002631578947368421,0.025688733552631578
RF,5,0.25,1.0,crp_dataset_8_1_2.csv|crp_dataset_8_1_7.csv|crp_dataset_8_1_1.csv|crp_dataset_8_1_6.csv|crp_dataset_8_1_4.csv,crp_dataset_8_1_5.csv,0.6103703703703703,0.9999999999873417,0.7899999999921,79,0,21,156,0.039282226562499994,0.0015031645569620255,0.03777906200553797
RF,5,0.25,1.0,crp_dataset_8_1_2.csv|crp_dataset_8_1_7.csv|crp_dataset_8_1_1.csv|crp_dataset_8_1_6.csv|crp_dataset_8_1_4.csv,crp_dataset_8_1_3.csv,0.6103703703703703,0.999999999992126,0.7341040462385312,127,0,46,83,0.0196044921875,0.0,0.0196044921875
RF,5,0.25,1.0,crp_dataset_8_1_2.csv|crp_dataset_8_1_7.csv|crp_dataset_8_1_1.csv|crp_dataset_8_1_6.csv|crp_dataset_8_1_3.csv,crp_dataset_8_1_8.csv,0.6206589706589708,0.9999999999876543,0.5869565217348772,81,0,57,118,0.0283203125,0.0025462962962962965,0.025774016203703703
RF,5,0.25,1.0,crp_dataset_8_1_2.csv|crp_dataset_8_1_7.csv|crp_dataset_8_1_1.csv|crp_dataset_8_1_6.csv|crp_dataset_8_1_3.csv,crp_dataset_8_1_5.csv,0.6206589706589708,0.9999999999873417,0.7899999999921,79,0,21,156,0.039282226562499994,0.0015031645569620255,0.03777906200553797
RF,5,0.25,1.0,crp_dataset_8_1_2.csv|crp_dataset_8_1_7.csv|crp_dataset_8_1_1.csv|crp_dataset_8_1_6.csv|crp_dataset_8_1_3.csv,crp_dataset_8_1_4.csv,0.6206589706589708,0.991869918691123,0.931297709916555,122,1,9,124,0.023046875,0.0004065040650406504,0.02264037093495935
RF,5,0.25,1.0,crp_dataset_8_1_2.csv|crp_dataset_8_1_7.csv|crp_dataset_8_1_1.csv|crp_dataset_8_1_8.csv|crp_dataset_8_1_5.csv,crp_dataset_8_1_6.csv,0.64,0.9908256880643043,0.7714285714230613,108,1,32,115,0.026928710937499996,0.0006307339449541285,0.026297976992545866
RF,5,0.25,1.0,crp_dataset_8_1_2.csv|crp_dataset_8_1_7.csv|crp_dataset_8_1_1.csv|crp_dataset_8_1_8.csv|crp_dataset_8_1_5.csv,crp_dataset_8_1_4.csv,0.64,0.999999999991453,0.8931297709855487,117,0,14,125,0.023046875,0.0002670940170940171,0.022779780982905985
RF,5,0.25,1.0,crp_dataset_8_1_2.csv|crp_dataset_8_1_7.csv|crp_dataset_8_1_1.csv|crp_dataset_8_1_8.csv|crp_dataset_8_1_5.csv,crp_dataset_8_1_3.csv,0.64,0.9999999999913792,0.670520231209997,116,0,57,83,0.0196044921875,5.387931034482759e-05,0.019550612877155173
RF,5,0.25,1.0,crp_dataset_8_1_2.csv|crp_dataset_8_1_7.csv|crp_dataset_8_1_1.csv|crp_dataset_8_1_8.csv|crp_dataset_8_1_4.csv,crp_dataset_8_1_6.csv,0.6266666666666667,0.9568965517158888,0.7928571428514797,111,5,29,111,0.026928710937499996,0.0023168103448275865,0.02461190059267241
RF,5,0.25,1.0,crp_dataset_8_1_2.csv|crp_dataset_8_1_7.csv|crp_dataset_8_1_1.csv|crp_dataset_8_1_8.csv|crp_dataset_8_1_4.csv,crp_dataset_8_1_5.csv,0.6266666666666667,0.9999999999876543,0.8099999999919,81,0,19,156,0.039282226562499994,0.0016203703703703705,0.037661856192129625
RF,5,0.25,1.0,crp_dataset_8_1_2.csv|crp_dataset_8_1_7.csv|crp_dataset_8_1_1.csv|crp_dataset_8_1_8.csv|crp_dataset_8_1_4.csv,crp_dataset_8_1_3.csv,0.6266666666666667,0.9999999999913792,0.670520231209997,116,0,57,83,0.0196044921875,0.0,0.0196044921875
RF,5,0.25,1.0,crp_dataset_8_1_2.csv|crp_dataset_8_1_7.csv|crp_dataset_8_1_1.csv|crp_dataset_8_1_8.csv|crp_dataset_8_1_3.csv,crp_dataset_8_1_6.csv,0.6254273504273503,0.7164948453571315,0.9928571428500511,139,55,1,61,0.026928710937499996,0.014916237113402061,0.012012473824097935
RF,5,0.25,1.0,crp_dataset_8_1_2.csv|crp_dataset_8_1_7.csv|crp_dataset_8_1_1.csv|crp_dataset_8_1_8.csv|crp_dataset_8_1_3.csv,crp_dataset_8_1_5.csv,0.6254273504273503,0.9999999999875,0.799999999992,80,0,20,156,0.039282226562499994,0.0015625,0.03771972656249999
RF,5,0.25,1.0,crp_dataset_8_1_2.csv|crp_dataset_8_1_7.csv|crp_dataset_8_1_1.csv|crp_dataset_8_1_8.csv|crp_dataset_8_1_3.csv,crp_dataset_8_1_4.csv,0.6254273504273503,0.999999999990991,0.8473282442683411,111,0,20,125,0.023046875,0.00028153153153153153,0.02276534346846847
RF,5,0.25,1.0,crp_dataset_8_1_2.csv|crp_dataset_8_1_7.csv|crp_dataset_8_1_1.csv|crp_dataset_8_1_5.csv|crp_dataset_8_1_4.csv,crp_dataset_8_1_6.csv,0.8811111111111111,0.9999999999886363,0.6285714285669388,88,0,52,116,0.026928710937499996,0.00014204545454545457,0.026786665482954542
RF,5,0.25,1.0,crp_dataset_8_1_2.csv|crp_dataset_8_1_7.csv|crp_dataset_8_1_1.csv|crp_dataset_8_1_5.csv|crp_dataset_8_1_4.csv,crp_dataset_8_1_8.csv,0.8811111111111111,0.9999999999836067,0.4420289855040433,61,0,77,118,0.0283203125,0.0029713114754098364,0.025349001024590163
RF,5,0.25,1.0,crp_dataset_8_1_2.csv|crp_dataset_8_1_7.csv|crp_dataset_8_1_1.csv|crp_dataset_8_1_5.csv|crp_dataset_8_1_4.csv,crp_dataset_8_1_3.csv,0.8811111111111111,0.9999999999910714,0.6473988439268937,112,0,61,83,0.0196044921875,0.0,0.0196044921875
RF,5,0.25,1.0,crp_dataset_8_1_2.csv|crp_dataset_8_1_7.csv|crp_dataset_8_1_1.csv|crp_dataset_8_1_5.csv|crp_dataset_8_1_3.csv,crp_dataset_8_1_6.csv,0.61075,0.6465116279039698,0.9928571428500511,139,76,1,40,0.026928710937499996,0.019040697674418603,0.007888013263081393
RF,5,0.25,1.0,crp_dataset_8_1_2.csv|crp_dataset_8_1_7.csv|crp_dataset_8_1_1.csv|crp_dataset_8_1_5.csv|crp_dataset_8_1_3.csv,crp_dataset_8_1_8.csv,0.61075,0.9999999999868421,0.5507246376771687,76,0,62,118,0.0283203125,0.002631578947368421,0.025688733552631578
RF,5,0.25,1.0,crp_dataset_8_1_2.csv|crp_dataset_8_1_7.csv|crp_dataset_8_1_1.csv|crp_dataset_8_1_5.csv|crp_dataset_8_1_3.csv,crp_dataset_8_1_4.csv,0.61075,0.9915966386471294,0.90076335877175,118,1,13,124,0.023046875,0.0004201680672268908,0.022626706932773112
RF,5,0.25,1.0,crp_dataset_8_1_2.csv|crp_dataset_8_1_7.csv|crp_dataset_8_1_1.csv|crp_dataset_8_1_4.csv|crp_dataset_8_1_3.csv,crp_dataset_8_1_6.csv,0.6133055555555555,0.63063063062779,0.9999999999928573,140,82,0,34,0.026928710937499996,0.020833333333333332,0.006095377604166664
RF,5,0.25,1.0,crp_dataset_8_1_2.csv|crp_dataset_8_1_7.csv|crp_dataset_8_1_1.csv|crp_dataset_8_1_4.csv|crp_dataset_8_1_3.csv,crp_dataset_8_1_8.csv,0.6133055555555555,0.9999999999873417,0.5724637681117938,79,0,59,118,0.0283203125,0.0026107594936708865,0.025709553006329114
RF,5,0.25,1.0,crp_dataset_8_1_2.csv|crp_dataset_8_1_7.csv|crp_dataset_8_1_1.csv|crp_dataset_8_1_4.csv|crp_dataset_8_1_3.csv,crp_dataset_8_1_5.csv,0.6133055555555555,0.9999999999870129,0.7699999999923,77,0,23,156,0.039282226562499994,0.0013798701298701301,0.03790235643262987
RF,5,0.25,1.0,crp_dataset_8_1_2.csv|crp_dataset_8_1_7.csv|crp_dataset_8_1_6.csv|crp_dataset_8_1_8.csv|crp_dataset_8_1_5.csv,crp_dataset_8_1_1.csv,0.6365740740740741,0.9655172413682124,0.6666666666613756,84,3,42,127,0.0252685546875,0.0005028735632183908,0.02476568112428161
RF,5,0.25,1.0,crp_dataset_8_1_2.csv|crp_dataset_8_1_7.csv|crp_dataset_8_1_6.csv|crp_dataset_8_1_8.csv|crp_dataset_8_1_5.csv,crp_dataset_8_1_4.csv,0.6365740740740741,0.9843749999923097,0.9618320610613601,126,2,5,123,0.023046875,0.000537109375,0.022509765625
RF,5,0.25,1.0,crp_dataset_8_1_2.csv|crp_dataset_8_1_7.csv|crp_dataset_8_1_6.csv|crp_dataset_8_1_8.csv|crp_dataset_8_1_5.csv,crp_dataset_8_1_3.csv,0.6365740740740741,0.9999999999921876,0.7398843930593071,128,0,45,83,0.0196044921875,0.0,0.0196044921875
RF,5,0.25,1.0,crp_dataset_8_1_2.csv|crp_dataset_8_1_7.csv|crp_dataset_8_1_6.csv|crp_dataset_8_1_8.csv|crp_dataset_8_1_4.csv,crp_dataset_8_1_1.csv,0.6318518518518518,0.9456521739027646,0.6904761904707105,87,5,39,125,0.0252685546875,0.0010869565217391304,0.02418159816576087
RF,5,0.25,1.0,crp_dataset_8_1_2.csv|crp_dataset_8_1_7.csv|crp_dataset_8_1_6.csv|crp_dataset_8_1_8.csv|crp_dataset_8_1_4.csv,crp_dataset_8_1_5.csv,0.6318518518518518,0.9999999999879517,0.8299999999916999,83,0,17,156,0.039282226562499994,0.0016566265060240966,0.037625600056475896
RF,5,0.25,1.0,crp_dataset_8_1_2.csv|crp_dataset_8_1_7.csv|crp_dataset_8_1_6.csv|crp_dataset_8_1_8.csv|crp_dataset_8_1_4.csv,crp_dataset_8_1_3.csv,0.6318518518518518,0.999999999992126,0.7341040462385312,127,0,46,83,0.0196044921875,0.0,0.0196044921875
RF,5,0.25,1.0,crp_dataset_8_1_2.csv|crp_dataset_8_1_7.csv|crp_dataset_8_1_6.csv|crp_dataset_8_1_8.csv|crp_dataset_8_1_3.csv,crp_dataset_8_1_1.csv,0.6299603174603174,0.9999999999890109,0.7222222222164902,91,0,35,130,0.0252685546875,0.00013736263736263736,0.025131192050137363
RF,5,0.25,1.0,crp_dataset_8_1_2.csv|crp_dataset_8_1_7.csv|crp_dataset_8_1_6.csv|crp_dataset_8_1_8.csv|crp_dataset_8_1_3.csv,crp_dataset_8_1_5.csv,0.6299603174603174,0.9999999999879517,0.8299999999916999,83,0,17,156,0.039282226562499994,0.0016566265060240966,0.037625600056475896
RF,5,0.25,1.0,crp_dataset_8_1_2.csv|crp_dataset_8_1_7.csv|crp_dataset_8_1_6.csv|crp_dataset_8_1_8.csv|crp_dataset_8_1_3.csv,crp_dataset_8_1_4.csv,0.6299603174603174,0.9999999999910714,0.8549618320545423,112,0,19,125,0.023046875,0.00033482142857142863,0.022712053571428574
RF,5,0.25,1.0,crp_dataset_8_1_2.csv|crp_dataset_8_1_7.csv|crp_dataset_8_1_6.csv|crp_dataset_8_1_5.csv|crp_dataset_8_1_4.csv,crp_dataset_8_1_1.csv,0.7161111111111111,0.9701492537168634,0.5158730158689216,65,2,61,128,0.0252685546875,0.0004664179104477612,0.024802136777052237
RF,5,0.25,1.0,crp_dataset_8_1_2.csv|crp_dataset_8_1_7.csv|crp_dataset_8_1_6.csv|crp_dataset_8_1_5.csv|crp_dataset_8_1_4.csv,crp_dataset_8_1_8.csv,0.7161111111111111,0.951807228904195,0.5724637681117938,79,4,59,114,0.0283203125,0.003237951807228915,0.025082360692771085
RF,5,0.25,1.0,crp_dataset_8_1_2.csv|crp_dataset_8_1_7.csv|crp_dataset_8_1_6.csv|crp_dataset_8_1_5.csv|crp_dataset_8_1_4.csv,crp_dataset_8_1_3.csv,0.7161111111111111,0.9999999999919355,0.7167630057762038,124,0,49,83,0.0196044921875,0.0,0.0196044921875
RF,5,0.25,1.0,crp_dataset_8_1_2.csv|crp_dataset_8_1_7.csv|crp_dataset_8_1_6.csv|crp_dataset_8_1_5.csv|crp_dataset_8_1_3.csv,crp_dataset_8_1_1.csv,0.6966666666666667,0.9538461538314792,0.49206349205958677,62,3,64,127,0.0252685546875,0.0007692307692307692,0.02449932391826923
RF,5,0.25,1.0,crp_dataset_8_1_2.csv|crp_dataset_8_1_7.csv|crp_dataset_8_1_6.csv|crp_dataset_8_1_5.csv|crp_dataset_8_1_3.csv,crp_dataset_8_1_8.csv,0.6966666666666667,0.9523809523696145,0.5797101449233355,80,4,58,114,0.0283203125,0.003348214285714285,0.024972098214285716
RF,5,0.25,1.0,crp_dataset_8_1_2.csv|crp_dataset_8_1_7.csv|crp_dataset_8_1_6.csv|crp_dataset_8_1_5.csv|crp_dataset_8_1_3.csv,crp_dataset_8_1_4.csv,0.6966666666666667,0.999999999990991,0.8473282442683411,111,0,20,125,0.023046875,0.00028153153153153153,0.02276534346846847
RF,5,0.25,1.0,crp_dataset_8_1_2.csv|crp_dataset_8_1_7.csv|crp_dataset_8_1_6.csv|crp_dataset_8_1_4.csv|crp_dataset_8_1_3.csv,crp_dataset_8_1_1.csv,0.6133333333333333,0.9999999999833334,0.4761904761866969,60,0,66,130,0.0252685546875,0.00010416666666666667,0.025164388020833334
RF,5,0.25,1.0,crp_dataset_8_1_2.csv|crp_dataset_8_1_7.csv|crp_dataset_8_1_6.csv|crp_dataset_8_1_4.csv|crp_dataset_8_1_3.csv,crp_dataset_8_1_8.csv,0.6133333333333333,0.9999999999861111,0.521739130431002,72,0,66,118,0.0283203125,0.002777777777777778,0.02554253472222222
RF,5,0.25,1.0,crp_dataset_8_1_2.csv|crp_dataset_8_1_7.csv|crp_dataset_8_1_6.csv|crp_dataset_8_1_4.csv|crp_dataset_8_1_3.csv,crp_dataset_8_1_5.csv,0.6133333333333333,0.9999999999870129,0.7699999999923,77,0,23,156,0.039282226562499994,0.0013798701298701301,0.03790235643262987
RF,5,0.25,1.0,crp_dataset_8_1_2.csv|crp_dataset_8_1_7.csv|crp_dataset_8_1_8.csv|crp_dataset_8_1_5.csv|crp_dataset_8_1_4.csv,crp_dataset_8_1_1.csv,0.6333333333333333,0.9999999999864865,0.5873015872969262,74,0,52,130,0.0252685546875,8.445945945945946e-05,0.02518409522804054
RF,5,0.25,1.0,crp_dataset_8_1_2.csv|crp_dataset_8_1_7.csv|crp_dataset_8_1_8.csv|crp_dataset_8_1_5.csv|crp_dataset_8_1_4.csv,crp_dataset_8_1_6.csv,0.6333333333333333,0.9999999999868421,0.5428571428532654,76,0,64,116,0.026928710937499996,8.223684210526316e-05,0.026846474095394732
RF,5,0.25,1.0,crp_dataset_8_1_2.csv|crp_dataset_8_1_7.csv|crp_dataset_8_1_8.csv|crp_dataset_8_1_5.csv|crp_dataset_8_1_4.csv,crp_dataset_8_1_3.csv,0.6333333333333333,0.9999999999910714,0.6473988439268937,112,0,61,83,0.0196044921875,0.0,0.0196044921875
RF,5,0.25,1.0,crp_dataset_8_1_2.csv|crp_dataset_8_1_7.csv|crp_dataset_8_1_8.csv|crp_dataset_8_1_5.csv|crp_dataset_8_1_3.csv,crp_dataset_8_1_1.csv,0.6333333333333333,0.8962264150858846,0.7539682539622701,95,11,31,119,0.0252685546875,0.0031249999999999997,0.0221435546875
RF,5,0.25,1.0,crp_dataset_8_1_2.csv|crp_dataset_8_1_7.csv|crp_dataset_8_1_8.csv|crp_dataset_8_1_5.csv|crp_dataset_8_1_3.csv,crp_dataset_8_1_6.csv,0.6333333333333333,0.8192771084287996,0.9714285714216327,136,30,4,86,0.026928710937499996,0.008998493975903615,0.01793021696159638
RF,5,0.25,1.0,crp_dataset_8_1_2.csv|crp_dataset_8_1_7.csv|crp_dataset_8_1_8.csv|crp_dataset_8_1_5.csv|crp_dataset_8_1_3.csv,crp_dataset_8_1_4.csv,0.6333333333333333,0.999999999990991,0.8473282442683411,111,0,20,125,0.023046875,0.0003378378378378379,0.022709037162162164
RF,5,0.25,1.0,crp_dataset_8_1_2.csv|crp_dataset_8_1_7.csv|crp_dataset_8_1_8.csv|crp_dataset_8_1_4.csv|crp_dataset_8_1_3.csv,crp_dataset_8_1_1.csv,0.6751388888888888,0.9999999999880952,0.6666666666613756,84,0,42,130,0.0252685546875,7.440476190476191e-05,0.02519414992559524
RF,5,0.25,1.0,crp_dataset_8_1_2.csv|crp_dataset_8_1_7.csv|crp_dataset_8_1_8.csv|crp_dataset_8_1_4.csv|crp_dataset_8_1_3.csv,crp_dataset_8_1_6.csv,0.6751388888888888,0.8726114649625949,0.9785714285644388,137,20,3,96,0.026928710937499996,0.005692675159235669,0.02123603577826433
RF,5,0.25,1.0,crp_dataset_8_1_2.csv|crp_dataset_8_1_7.csv|crp_dataset_8_1_8.csv|crp_dataset_8_1_4.csv|crp_dataset_8_1_3.csv,crp_dataset_8_1_5.csv,0.6751388888888888,0.9999999999876543,0.8099999999919,81,0,19,156,0.039282226562499994,0.0016203703703703705,0.037661856192129625
RF,5,0.25,1.0,crp_dataset_8_1_2.csv|crp_dataset_8_1_7.csv|crp_dataset_8_1_5.csv|crp_dataset_8_1_4.csv|crp_dataset_8_1_3.csv,crp_dataset_8_1_1.csv,0.7066666666666667,0.9999999999833334,0.4761904761866969,60,0,66,130,0.0252685546875,0.00010416666666666667,0.025164388020833334
RF,5,0.25,1.0,crp_dataset_8_1_2.csv|crp_dataset_8_1_7.csv|crp_dataset_8_1_5.csv|crp_dataset_8_1_4.csv|crp_dataset_8_1_3.csv,crp_dataset_8_1_6.csv,0.7066666666666667,0.8695652173850033,0.8571428571367348,120,18,20,98,0.026928710937499996,0.006250000000000001,0.020678710937499994
RF,5,0.25,1.0,crp_dataset_8_1_2.csv|crp_dataset_8_1_7.csv|crp_dataset_8_1_5.csv|crp_dataset_8_1_4.csv|crp_dataset_8_1_3.csv,crp_dataset_8_1_8.csv,0.7066666666666667,0.9999999999866667,0.543478260865627,75,0,63,118,0.0283203125,0.002916666666666667,0.025403645833333332
RF,5,0.25,1.0,crp_dataset_8_1_2.csv|crp_dataset_8_1_1.csv|crp_dataset_8_1_6.csv|crp_dataset_8_1_8.csv|crp_dataset_8_1_5.csv,crp_dataset_8_1_7.csv,0.6107936507936508,0.9999999999954546,0.9999999999954546,220,0,0,36,0.0095703125,0.00034090909090909094,0.00922940340909091
RF,5,0.25,1.0,crp_dataset_8_1_2.csv|crp_dataset_8_1_1.csv|crp_dataset_8_1_6.csv|crp_dataset_8_1_8.csv|crp_dataset_8_1_5.csv,crp_dataset_8_1_4.csv,0.6107936507936508,0.9920634920556185,0.9541984732751588,125,1,6,124,0.023046875,0.0003968253968253968,0.022650049603174606
RF,5,0.25,1.0,crp_dataset_8_1_2.csv|crp_dataset_8_1_1.csv|crp_dataset_8_1_6.csv|crp_dataset_8_1_8.csv|crp_dataset_8_1_5.csv,crp_dataset_8_1_3.csv,0.6107936507936508,0.9861111111042632,0.8208092485501688,142,2,31,81,0.0196044921875,0.0002604166666666667,0.019344075520833334
RF,5,0.25,1.0,crp_dataset_8_1_2.csv|crp_dataset_8_1_1.csv|crp_dataset_8_1_6.csv|crp_dataset_8_1_8.csv|crp_dataset_8_1_4.csv,crp_dataset_8_1_7.csv,0.7082549857549858,0.9999999999954546,0.9999999999954546,220,0,0,36,0.0095703125,0.00034090909090909094,0.00922940340909091
RF,5,0.25,1.0,crp_dataset_8_1_2.csv|crp_dataset_8_1_1.csv|crp_dataset_8_1_6.csv|crp_dataset_8_1_8.csv|crp_dataset_8_1_4.csv,crp_dataset_8_1_5.csv,0.7082549857549858,0.9999999999871795,0.7799999999921999,78,0,22,156,0.039282226562499994,0.0014423076923076924,0.0378399188701923
RF,5,0.25,1.0,crp_dataset_8_1_2.csv|crp_dataset_8_1_1.csv|crp_dataset_8_1_6.csv|crp_dataset_8_1_8.csv|crp_dataset_8_1_4.csv,crp_dataset_8_1_3.csv,0.7082549857549858,0.999999999992,0.7225433525969795,125,0,48,83,0.0196044921875,0.0,0.0196044921875
RF,5,0.25,1.0,crp_dataset_8_1_2.csv|crp_dataset_8_1_1.csv|crp_dataset_8_1_6.csv|crp_dataset_8_1_8.csv|crp_dataset_8_1_3.csv,crp_dataset_8_1_7.csv,0.7131031746031746,0.9999999999954546,0.9999999999954546,220,0,0,36,0.0095703125,0.00034090909090909094,0.00922940340909091
RF,5,0.25,1.0,crp_dataset_8_1_2.csv|crp_dataset_8_1_1.csv|crp_dataset_8_1_6.csv|crp_dataset_8_1_8.csv|crp_dataset_8_1_3.csv,crp_dataset_8_1_5.csv,0.7131031746031746,0.9999999999870129,0.7699999999923,77,0,23,156,0.039282226562499994,0.0013798701298701301,0.03790235643262987
RF,5,0.25,1.0,crp_dataset_8_1_2.csv|crp_dataset_8_1_1.csv|crp_dataset_8_1_6.csv|crp_dataset_8_1_8.csv|crp_dataset_8_1_3.csv,crp_dataset_8_1_4.csv,0.7131031746031746,0.991869918691123,0.931297709916555,122,1,9,124,0.023046875,0.0004065040650406504,0.02264037093495935
RF,5,0.25,1.0,crp_dataset_8_1_2.csv|crp_dataset_8_1_1.csv|crp_dataset_8_1_6.csv|crp_dataset_8_1_5.csv|crp_dataset_8_1_4.csv,crp_dataset_8_1_7.csv,0.6047727272727272,0.9999999999954546,0.9999999999954546,220,0,0,36,0.0095703125,0.00034090909090909094,0.00922940340909091
RF,5,0.25,1.0,crp_dataset_8_1_2.csv|crp_dataset_8_1_1.csv|crp_dataset_8_1_6.csv|crp_dataset_8_1_5.csv|crp_dataset_8_1_4.csv,crp_dataset_8_1_8.csv,0.6047727272727272,0.9999999999868421,0.5507246376771687,76,0,62,118,0.0283203125,0.002631578947368421,0.025688733552631578
RF,5,0.25,1.0,crp_dataset_8_1_2.csv|crp_dataset_8_1_1.csv|crp_dataset_8_1_6.csv|crp_dataset_8_1_5.csv|crp_dataset_8_1_4.csv,crp_dataset_8_1_3.csv,0.6047727272727272,0.999999999992126,0.7341040462385312,127,0,46,83,0.0196044921875,0.0,0.0196044921875
RF,5,0.25,1.0,crp_dataset_8_1_2.csv|crp_dataset_8_1_1.csv|crp_dataset_8_1_6.csv|crp_dataset_8_1_5.csv|crp_dataset_8_1_3.csv,crp_dataset_8_1_7.csv,0.6110416666666667,0.9999999999954546,0.9999999999954546,220,0,0,36,0.0095703125,0.00034090909090909094,0.00922940340909091
RF,5,0.25,1.0,crp_dataset_8_1_2.csv|crp_dataset_8_1_1.csv|crp_dataset_8_1_6.csv|crp_dataset_8_1_5.csv|crp_dataset_8_1_3.csv,crp_dataset_8_1_8.csv,0.6110416666666667,0.9999999999852941,0.4927536231848352,68,0,70,118,0.0283203125,0.0026654411764705887,0.02565487132352941
RF,5,0.25,1.0,crp_dataset_8_1_2.csv|crp_dataset_8_1_1.csv|crp_dataset_8_1_6.csv|crp_dataset_8_1_5.csv|crp_dataset_8_1_3.csv,crp_dataset_8_1_4.csv,0.6110416666666667,0.9920634920556185,0.9541984732751588,125,1,6,124,0.023046875,0.0003968253968253968,0.022650049603174606
RF,5,0.25,1.0,crp_dataset_8_1_2.csv|crp_dataset_8_1_1.csv|crp_dataset_8_1_6.csv|crp_dataset_8_1_4.csv|crp_dataset_8_1_3.csv,crp_dataset_8_1_7.csv,0.6064102564102565,0.9999999999954546,0.9999999999954546,220,0,0,36,0.0095703125,0.00034090909090909094,0.00922940340909091
RF,5,0.25,1.0,crp_dataset_8_1_2.csv|crp_dataset_8_1_1.csv|crp_dataset_8_1_6.csv|crp_dataset_8_1_4.csv|crp_dataset_8_1_3.csv,crp_dataset_8_1_8.csv,0.6064102564102565,0.9859154929438603,0.5072463768079185,70,1,68,117,0.0283203125,0.002816901408450705,0.025503411091549296
RF,5,0.25,1.0,crp_dataset_8_1_2.csv|crp_dataset_8_1_1.csv|crp_dataset_8_1_6.csv|crp_dataset_8_1_4.csv|crp_dataset_8_1_3.csv,crp_dataset_8_1_5.csv,0.6064102564102565,0.9999999999870129,0.7699999999923,77,0,23,156,0.039282226562499994,0.0013798701298701301,0.03790235643262987
RF,5,0.25,1.0,crp_dataset_8_1_2.csv|crp_dataset_8_1_1.csv|crp_dataset_8_1_8.csv|crp_dataset_8_1_5.csv|crp_dataset_8_1_4.csv,crp_dataset_8_1_7.csv,0.6127777777777778,0.9999999999954546,0.9999999999954546,220,0,0,36,0.0095703125,0.00034090909090909094,0.00922940340909091
RF,5,0.25,1.0,crp_dataset_8_1_2.csv|crp_dataset_8_1_1.csv|crp_dataset_8_1_8.csv|crp_dataset_8_1_5.csv|crp_dataset_8_1_4.csv,crp_dataset_8_1_6.csv,0.6127777777777778,0.901515151508322,0.8499999999939286,119,13,21,103,0.026928710937499996,0.004166666666666667,0.02276204427083333
RF,5,0.25,1.0,crp_dataset_8_1_2.csv|crp_dataset_8_1_1.csv|crp_dataset_8_1_8.csv|crp_dataset_8_1_5.csv|crp_dataset_8_1_4.csv,crp_dataset_8_1_3.csv,0.6127777777777778,0.9999999999919355,0.7167630057762038,124,0,49,83,0.0196044921875,0.0,0.0196044921875
RF,5,0.25,1.0,crp_dataset_8_1_2.csv|crp_dataset_8_1_1.csv|crp_dataset_8_1_8.csv|crp_dataset_8_1_5.csv|crp_dataset_8_1_3.csv,crp_dataset_8_1_7.csv,0.6410173508645376,0.9999999999954546,0.9999999999954546,220,0,0,36,0.0095703125,0.00034090909090909094,0.00922940340909091
RF,5,0.25,1.0,crp_dataset_8_1_2.csv|crp_dataset_8_1_1.csv|crp_dataset_8_1_8.csv|crp_dataset_8_1_5.csv|crp_dataset_8_1_3.csv,crp_dataset_8_1_6.csv,0.6410173508645376,0.7709497206660841,0.985714285707245,138,41,2,75,0.026928710937499996,0.011068435754189945,0.01586027518331005
RF,5,0.25,1.0,crp_dataset_8_1_2.csv|crp_dataset_8_1_1.csv|crp_dataset_8_1_8.csv|crp_dataset_8_1_5.csv|crp_dataset_8_1_3.csv,crp_dataset_8_1_4.csv,0.6410173508645376,0.9911504424691049,0.8549618320545423,112,1,19,124,0.023046875,0.00044247787610619474,0.022604397123893807
RF,5,0.25,1.0,crp_dataset_8_1_2.csv|crp_dataset_8_1_1.csv|crp_dataset_8_1_8.csv|crp_dataset_8_1_4.csv|crp_dataset_8_1_3.csv,crp_dataset_8_1_7.csv,0.6402862838915471,0.9999999999954546,0.9999999999954546,220,0,0,36,0.0095703125,0.00034090909090909094,0.00922940340909091
RF,5,0.25,1.0,crp_dataset_8_1_2.csv|crp_dataset_8_1_1.csv|crp_dataset_8_1_8.csv|crp_dataset_8_1_4.csv|crp_dataset_8_1_3.csv,crp_dataset_8_1_6.csv,0.6402862838915471,0.7433155080174154,0.9928571428500511,139,48,1,68,0.026928710937499996,0.013268716577540108,0.013659994359959888
RF,5,0.25,1.0,crp_dataset_8_1_2.csv|crp_dataset_8_1_1.csv|crp_dataset_8_1_8.csv|crp_dataset_8_1_4.csv|crp_dataset_8_1_3.csv,crp_dataset_8_1_5.csv,0.6402862838915471,0.9999999999875,0.799999999992,80,0,20,156,0.039282226562499994,0.0015625,0.03771972656249999
RF,5,0.25,1.0,crp_dataset_8_1_2.csv|crp_dataset_8_1_1.csv|crp_dataset_8_1_5.csv|crp_dataset_8_1_4.csv|crp_dataset_8_1_3.csv,crp_dataset_8_1_7.csv,0.6171992481203008,0.9999999999954546,0.9999999999954546,220,0,0,36,0.0095703125,0.00034090909090909094,0.00922940340909091
RF,5,0.25,1.0,crp_dataset_8_1_2.csv|crp_dataset_8_1_1.csv|crp_dataset_8_1_5.csv|crp_dataset_8_1_4.csv|crp_dataset_8_1_3.csv,crp_dataset_8_1_6.csv,0.6171992481203008,0.6511627906946458,0.9999999999928573,140,75,0,41,0.026928710937499996,0.019912790697674418,0.007015920239825578
RF,5,0.25,1.0,crp_dataset_8_1_2.csv|crp_dataset_8_1_1.csv|crp_dataset_8_1_5.csv|crp_dataset_8_1_4.csv|crp_dataset_8_1_3.csv,crp_dataset_8_1_8.csv,0.6171992481203008,0.9999999999850746,0.48550724637329346,67,0,71,118,0.0283203125,0.002798507462686567,0.02552180503731343
RF,5,0.25,1.0,crp_dataset_8_1_2.csv|crp_dataset_8_1_6.csv|crp_dataset_8_1_8.csv|crp_dataset_8_1_5.csv|crp_dataset_8_1_4.csv,crp_dataset_8_1_7.csv,0.6616666666666666,0.9999999999954546,0.9999999999954546,220,0,0,36,0.0095703125,0.00034090909090909094,0.00922940340909091
RF,5,0.25,1.0,crp_dataset_8_1_2.csv|crp_dataset_8_1_6.csv|crp_dataset_8_1_8.csv|crp_dataset_8_1_5.csv|crp_dataset_8_1_4.csv,crp_dataset_8_1_1.csv,0.6616666666666666,0.9999999999871795,0.619047619042706,78,0,48,130,0.0252685546875,8.012820512820513e-05,0.025188426482371795
RF,5,0.25,1.0,crp_dataset_8_1_2.csv|crp_dataset_8_1_6.csv|crp_dataset_8_1_8.csv|crp_dataset_8_1_5.csv|crp_dataset_8_1_4.csv,crp_dataset_8_1_3.csv,0.6616666666666666,0.9999999999911504,0.6531791907476695,113,0,60,83,0.0196044921875,0.0,0.0196044921875
RF,5,0.25,1.0,crp_dataset_8_1_2.csv|crp_dataset_8_1_6.csv|crp_dataset_8_1_8.csv|crp_dataset_8_1_5.csv|crp_dataset_8_1_3.csv,crp_dataset_8_1_7.csv,0.6226868686868687,0.9999999999954546,0.9999999999954546,220,0,0,36,0.0095703125,0.00034090909090909094,0.00922940340909091
RF,5,0.25,1.0,crp_dataset_8_1_2.csv|crp_dataset_8_1_6.csv|crp_dataset_8_1_8.csv|crp_dataset_8_1_5.csv|crp_dataset_8_1_3.csv,crp_dataset_8_1_1.csv,0.6226868686868687,0.9677419354760666,0.9523809523733938,120,4,6,126,0.0252685546875,0.0006552419354838711,0.024613312752016128
RF,5,0.25,1.0,crp_dataset_8_1_2.csv|crp_dataset_8_1_6.csv|crp_dataset_8_1_8.csv|crp_dataset_8_1_5.csv|crp_dataset_8_1_3.csv,crp_dataset_8_1_4.csv,0.6226868686868687,0.9767441860389401,0.9618320610613601,126,3,5,122,0.023046875,0.0006782945736434108,0.02236858042635659
RF,5,0.25,1.0,crp_dataset_8_1_2.csv|crp_dataset_8_1_6.csv|crp_dataset_8_1_8.csv|crp_dataset_8_1_4.csv|crp_dataset_8_1_3.csv,crp_dataset_8_1_7.csv,0.6392592592592592,0.9999999999954546,0.9999999999954546,220,0,0,36,0.0095703125,0.00034090909090909094,0.00922940340909091
RF,5,0.25,1.0,crp_dataset_8_1_2.csv|crp_dataset_8_1_6.csv|crp_dataset_8_1_8.csv|crp_dataset_8_1_4.csv|crp_dataset_8_1_3.csv,crp_dataset_8_1_1.csv,0.6392592592592592,0.9999999999879517,0.6587301587249307,83,0,43,130,0.0252685546875,7.530120481927712e-05,0.025193253482680724
RF,5,0.25,1.0,crp_dataset_8_1_2.csv|crp_dataset_8_1_6.csv|crp_dataset_8_1_8.csv|crp_dataset_8_1_4.csv|crp_dataset_8_1_3.csv,crp_dataset_8_1_5.csv,0.6392592592592592,0.9999999999871795,0.7799999999921999,78,0,22,156,0.039282226562499994,0.0014423076923076924,0.0378399188701923
RF,5,0.25,1.0,crp_dataset_8_1_2.csv|crp_dataset_8_1_6.csv|crp_dataset_8_1_5.csv|crp_dataset_8_1_4.csv|crp_dataset_8_1_3.csv,crp_dataset_8_1_7.csv,0.6166666666666667,0.9999999999954546,0.9999999999954546,220,0,0,36,0.0095703125,0.00034090909090909094,0.00922940340909091
RF,5,0.25,1.0,crp_dataset_8_1_2.csv|crp_dataset_8_1_6.csv|crp_dataset_8_1_5.csv|crp_dataset_8_1_4.csv|crp_dataset_8_1_3.csv,crp_dataset_8_1_1.csv,0.6166666666666667,0.9999999999848485,0.5238095238053666,66,0,60,130,0.0252685546875,9.46969696969697e-05,0.02517385771780303
RF,5,0.25,1.0,crp_dataset_8_1_2.csv|crp_dataset_8_1_6.csv|crp_dataset_8_1_5.csv|crp_dataset_8_1_4.csv|crp_dataset_8_1_3.csv,crp_dataset_8_1_8.csv,0.6166666666666667,0.9302325581287182,0.5797101449233355,80,6,58,112,0.0283203125,0.0035610465116279067,0.024759265988372095
RF,5,0.25,1.0,crp_dataset_8_1_2.csv|crp_dataset_8_1_8.csv|crp_dataset_8_1_5.csv|crp_dataset_8_1_4.csv|crp_dataset_8_1_3.csv,crp_dataset_8_1_7.csv,0.6066666666666667,0.9999999999954546,0.9999999999954546,220,0,0,36,0.0095703125,0.00034090909090909094,0.00922940340909091
RF,5,0.25,1.0,crp_dataset_8_1_2.csv|crp_dataset_8_1_8.csv|crp_dataset_8_1_5.csv|crp_dataset_8_1_4.csv|crp_dataset_8_1_3.csv,crp_dataset_8_1_1.csv,0.6066666666666667,0.9999999999885058,0.6904761904707105,87,0,39,130,0.0252685546875,7.183908045977011e-05,0.02519671560704023
RF,5,0.25,1.0,crp_dataset_8_1_2.csv|crp_dataset_8_1_8.csv|crp_dataset_8_1_5.csv|crp_dataset_8_1_4.csv|crp_dataset_8_1_3.csv,crp_dataset_8_1_6.csv,0.6066666666666667,0.7558139534839778,0.928571428564796,130,42,10,74,0.026928710937499996,0.012936046511627908,0.013992664425872088
RF,5,0.25,1.0,crp_dataset_8_1_7.csv|crp_dataset_8_1_1.csv|crp_dataset_8_1_6.csv|crp_dataset_8_1_8.csv|crp_dataset_8_1_5.csv,crp_dataset_8_1_2.csv,0.6355555555555555,0.9425287356213502,0.6890756302463102,82,5,37,132,0.039453125,0.0020114942528735636,0.037441630747126434
RF,5,0.25,1.0,crp_dataset_8_1_7.csv|crp_dataset_8_1_1.csv|crp_dataset_8_1_6.csv|crp_dataset_8_1_8.csv|crp_dataset_8_1_5.csv,crp_dataset_8_1_4.csv,0.6355555555555555,0.9765624999923707,0.9541984732751588,125,3,6,122,0.023046875,0.000634765625,0.022412109375000003
RF,5,0.25,1.0,crp_dataset_8_1_7.csv|crp_dataset_8_1_1.csv|crp_dataset_8_1_6.csv|crp_dataset_8_1_8.csv|crp_dataset_8_1_5.csv,crp_dataset_8_1_3.csv,0.6355555555555555,0.9850746268583204,0.7630057803424104,132,2,41,81,0.0196044921875,0.00018656716417910448,0.019417925023320896
RF,5,0.25,1.0,crp_dataset_8_1_7.csv|crp_dataset_8_1_1.csv|crp_dataset_8_1_6.csv|crp_dataset_8_1_8.csv|crp_dataset_8_1_4.csv,crp_dataset_8_1_2.csv,0.6966666666666667,0.9425287356213502,0.6890756302463102,82,5,37,132,0.039453125,0.0020114942528735636,0.037441630747126434
RF,5,0.25,1.0,crp_dataset_8_1_7.csv|crp_dataset_8_1_1.csv|crp_dataset_8_1_6.csv|crp_dataset_8_1_8.csv|crp_dataset_8_1_4.csv,crp_dataset_8_1_5.csv,0.6966666666666667,0.9999999999875,0.799999999992,80,0,20,156,0.039282226562499994,0.00140625,0.0378759765625
RF,5,0.25,1.0,crp_dataset_8_1_7.csv|crp_dataset_8_1_1.csv|crp_dataset_8_1_6.csv|crp_dataset_8_1_8.csv|crp_dataset_8_1_4.csv,crp_dataset_8_1_3.csv,0.6966666666666667,0.983870967734001,0.705202312134652,122,2,51,81,0.0196044921875,0.00020161290322580645,0.019402879284274192
RF,5,0.25,1.0,crp_dataset_8_1_7.csv|crp_dataset_8_1_1.csv|crp_dataset_8_1_6.csv|crp_dataset_8_1_8.csv|crp_dataset_8_1_3.csv,crp_dataset_8_1_2.csv,0.6384666666666666,0.9425287356213502,0.6890756302463102,82,5,37,132,0.039453125,0.0020114942528735636,0.037441630747126434
RF,5,0.25,1.0,crp_dataset_8_1_7.csv|crp_dataset_8_1_1.csv|crp_dataset_8_1_6.csv|crp_dataset_8_1_8.csv|crp_dataset_8_1_3.csv,crp_dataset_8_1_5.csv,0.6384666666666666,0.9999999999870129,0.7699999999923,77,0,23,156,0.039282226562499994,0.0013798701298701301,0.03790235643262987
RF,5,0.25,1.0,crp_dataset_8_1_7.csv|crp_dataset_8_1_1.csv|crp_dataset_8_1_6.csv|crp_dataset_8_1_8.csv|crp_dataset_8_1_3.csv,crp_dataset_8_1_4.csv,0.6384666666666666,0.984251968496187,0.9541984732751588,125,2,6,123,0.023046875,0.0004921259842519685,0.022554749015748034
RF,5,0.25,1.0,crp_dataset_8_1_7.csv|crp_dataset_8_1_1.csv|crp_dataset_8_1_6.csv|crp_dataset_8_1_5.csv|crp_dataset_8_1_4.csv,crp_dataset_8_1_2.csv,0.66,0.9425287356213502,0.6890756302463102,82,5,37,132,0.039453125,0.0020114942528735636,0.037441630747126434
RF,5,0.25,1.0,crp_dataset_8_1_7.csv|crp_dataset_8_1_1.csv|crp_dataset_8_1_6.csv|crp_dataset_8_1_5.csv|crp_dataset_8_1_4.csv,crp_dataset_8_1_8.csv,0.66,0.9736842105135041,0.5362318840540853,74,2,64,116,0.0283203125,0.0028782894736842104,0.02544202302631579
RF,5,0.25,1.0,crp_dataset_8_1_7.csv|crp_dataset_8_1_1.csv|crp_dataset_8_1_6.csv|crp_dataset_8_1_5.csv|crp_dataset_8_1_4.csv,crp_dataset_8_1_3.csv,0.66,0.984496124023376,0.7341040462385312,127,2,46,81,0.0196044921875,0.0001937984496124031,0.019410693737887598
RF,5,0.25,1.0,crp_dataset_8_1_7.csv|crp_dataset_8_1_1.csv|crp_dataset_8_1_6.csv|crp_dataset_8_1_5.csv|crp_dataset_8_1_3.csv,crp_dataset_8_1_2.csv,0.6208333333333333,0.952380952371882,0.8403361344467198,100,5,19,132,0.039453125,0.001964285714285714,0.03748883928571428
RF,5,0.25,1.0,crp_dataset_8_1_7.csv|crp_dataset_8_1_1.csv|crp_dataset_8_1_6.csv|crp_dataset_8_1_5.csv|crp_dataset_8_1_3.csv,crp_dataset_8_1_8.csv,0.6208333333333333,0.9692307692158579,0.4565217391271267,63,2,75,116,0.0283203125,0.0031730769230769234,0.025147235576923076
RF,5,0.25,1.0,crp_dataset_8_1_7.csv|crp_dataset_8_1_1.csv|crp_dataset_8_1_6.csv|crp_dataset_8_1_5.csv|crp_dataset_8_1_3.csv,crp_dataset_8_1_4.csv,0.6208333333333333,0.984251968496187,0.9541984732751588,125,2,6,123,0.023046875,0.0004921259842519685,0.022554749015748034
RF,5,0.25,1.0,crp_dataset_8_1_7.csv|crp_dataset_8_1_1.csv|crp_dataset_8_1_6.csv|crp_dataset_8_1_4.csv|crp_dataset_8_1_3.csv,crp_dataset_8_1_2.csv,0.63,0.9425287356213502,0.6890756302463102,82,5,37,132,0.039453125,0.0020114942528735636,0.037441630747126434
RF,5,0.25,1.0,crp_dataset_8_1_7.csv|crp_dataset_8_1_1.csv|crp_dataset_8_1_6.csv|crp_dataset_8_1_4.csv|crp_dataset_8_1_3.csv,crp_dataset_8_1_8.csv,0.63,0.9780219780112305,0.6449275362272108,89,2,49,116,0.0283203125,0.00260989010989011,0.02571042239010989
RF,5,0.25,1.0,crp_dataset_8_1_7.csv|crp_dataset_8_1_1.csv|crp_dataset_8_1_6.csv|crp_dataset_8_1_4.csv|crp_dataset_8_1_3.csv,crp_dataset_8_1_5.csv,0.63,0.9999999999875,0.799999999992,80,0,20,156,0.039282226562499994,0.00140625,0.0378759765625
RF,5,0.25,1.0,crp_dataset_8_1_7.csv|crp_dataset_8_1_1.csv|crp_dataset_8_1_8.csv|crp_dataset_8_1_5.csv|crp_dataset_8_1_4.csv,crp_dataset_8_1_2.csv,0.6333333333333333,0.9425287356213502,0.6890756302463102,82,5,37,132,0.039453125,0.0020114942528735636,0.037441630747126434
RF,5,0.25,1.0,crp_dataset_8_1_7.csv|crp_dataset_8_1_1.csv|crp_dataset_8_1_8.csv|crp_dataset_8_1_5.csv|crp_dataset_8_1_4.csv,crp_dataset_8_1_6.csv,0.6333333333333333,0.9642857142771045,0.7714285714230613,108,4,32,112,0.026928710937499996,0.0012834821428571429,0.025645228794642854
RF,5,0.25,1.0,crp_dataset_8_1_7.csv|crp_dataset_8_1_1.csv|crp_dataset_8_1_8.csv|crp_dataset_8_1_5.csv|crp_dataset_8_1_4.csv,crp_dataset_8_1_3.csv,0.6333333333333333,0.983870967734001,0.705202312134652,122,2,51,81,0.0196044921875,0.00020161290322580645,0.019402879284274192
RF,5,0.25,1.0,crp_dataset_8_1_7.csv|crp_dataset_8_1_1.csv|crp_dataset_8_1_8.csv|crp_dataset_8_1_5.csv|crp_dataset_8_1_3.csv,crp_dataset_8_1_2.csv,0.6489141414141415,0.9425287356213502,0.6890756302463102,82,5,37,132,0.039453125,0.0020114942528735636,0.037441630747126434
RF,5,0.25,1.0,crp_dataset_8_1_7.csv|crp_dataset_8_1_1.csv|crp_dataset_8_1_8.csv|crp_dataset_8_1_5.csv|crp_dataset_8_1_3.csv,crp_dataset_8_1_6.csv,0.6489141414141415,0.6796116504821379,0.9999999999928573,140,66,0,50,0.026928710937499996,0.016292475728155342,0.010636235209344654
RF,5,0.25,1.0,crp_dataset_8_1_7.csv|crp_dataset_8_1_1.csv|crp_dataset_8_1_8.csv|crp_dataset_8_1_5.csv|crp_dataset_8_1_3.csv,crp_dataset_8_1_4.csv,0.6489141414141415,0.9914529914445175,0.8854961831993474,116,1,15,124,0.023046875,0.00042735042735042735,0.022619524572649576
RF,5,0.25,1.0,crp_dataset_8_1_7.csv|crp_dataset_8_1_1.csv|crp_dataset_8_1_8.csv|crp_dataset_8_1_4.csv|crp_dataset_8_1_3.csv,crp_dataset_8_1_2.csv,0.62,0.9213483145963893,0.6890756302463102,82,7,37,130,0.039453125,0.0030898876404494386,0.03636323735955056
RF,5,0.25,1.0,crp_dataset_8_1_7.csv|crp_dataset_8_1_1.csv|crp_dataset_8_1_8.csv|crp_dataset_8_1_4.csv|crp_dataset_8_1_3.csv,crp_dataset_8_1_6.csv,0.62,0.6194690265459316,0.9999999999928573,140,86,0,30,0.026928710937499996,0.02217920353982301,0.004749507397676985
RF,5,0.25,1.0,crp_dataset_8_1_7.csv|crp_dataset_8_1_1.csv|crp_dataset_8_1_8.csv|crp_dataset_8_1_4.csv|crp_dataset_8_1_3.csv,crp_dataset_8_1_5.csv,0.62,0.9642857142742347,0.8099999999919,81,3,19,153,0.039282226562499994,0.002232142857142857,0.03705008370535714
RF,5,0.25,1.0,crp_dataset_8_1_7.csv|crp_dataset_8_1_1.csv|crp_dataset_8_1_5.csv|crp_dataset_8_1_4.csv|crp_dataset_8_1_3.csv,crp_dataset_8_1_2.csv,0.66,0.9444444444339506,0.7142857142797119,85,5,34,132,0.039453125,0.002152777777777778,0.03730034722222222
RF,5,0.25,1.0,crp_dataset_8_1_7.csv|crp_dataset_8_1_1.csv|crp_dataset_8_1_5.csv|crp_dataset_8_1_4.csv|crp_dataset_8_1_3.csv,crp_dataset_8_1_6.csv,0.66,0.6481481481451475,0.9999999999928573,140,76,0,40,0.026928710937499996,0.020891203703703703,0.006037507233796292
RF,5,0.25,1.0,crp_dataset_8_1_7.csv|crp_dataset_8_1_1.csv|crp_dataset_8_1_5.csv|crp_dataset_8_1_4.csv|crp_dataset_8_1_3.csv,crp_dataset_8_1_8.csv,0.66,0.9759036144460734,0.5869565217348772,81,2,57,116,0.0283203125,0.0027108433734939763,0.025609469126506024
RF,5,0.25,1.0,crp_dataset_8_1_7.csv|crp_dataset_8_1_6.csv|crp_dataset_8_1_8.csv|crp_dataset_8_1_5.csv|crp_dataset_8_1_4.csv,crp_dataset_8_1_2.csv,0.7644444444444445,0.9425287356213502,0.6890756302463102,82,5,37,132,0.039453125,0.0020114942528735636,0.037441630747126434
RF,5,0.25,1.0,crp_dataset_8_1_7.csv|crp_dataset_8_1_6.csv|crp_dataset_8_1_8.csv|crp_dataset_8_1_5.csv|crp_dataset_8_1_4.csv,crp_dataset_8_1_1.csv,0.7644444444444445,0.9714285714146939,0.5396825396782565,68,2,58,128,0.0252685546875,0.0004464285714285714,0.02482212611607143
RF,5,0.25,1.0,crp_dataset_8_1_7.csv|crp_dataset_8_1_6.csv|crp_dataset_8_1_8.csv|crp_dataset_8_1_5.csv|crp_dataset_8_1_4.csv,crp_dataset_8_1_3.csv,0.7644444444444445,0.9841269841191735,0.7167630057762038,124,2,49,81,0.0196044921875,0.0001984126984126984,0.0194060794890873
RF,5,0.25,1.0,crp_dataset_8_1_7.csv|crp_dataset_8_1_6.csv|crp_dataset_8_1_8.csv|crp_dataset_8_1_5.csv|crp_dataset_8_1_3.csv,crp_dataset_8_1_2.csv,0.6618518518518518,0.9425287356213502,0.6890756302463102,82,5,37,132,0.039453125,0.0020114942528735636,0.037441630747126434
RF,5,0.25,1.0,crp_dataset_8_1_7.csv|crp_dataset_8_1_6.csv|crp_dataset_8_1_8.csv|crp_dataset_8_1_5.csv|crp_dataset_8_1_3.csv,crp_dataset_8_1_1.csv,0.6618518518518518,0.9870129870001686,0.6031746031698161,76,1,50,129,0.0252685546875,0.00024350649350649353,0.025025048193993506
RF,5,0.25,1.0,crp_dataset_8_1_7.csv|crp_dataset_8_1_6.csv|crp_dataset_8_1_8.csv|crp_dataset_8_1_5.csv|crp_dataset_8_1_3.csv,crp_dataset_8_1_4.csv,0.6618518518518518,0.999999999992,0.9541984732751588,125,0,6,125,0.023046875,0.00025,0.022796875
RF,5,0.25,1.0,crp_dataset_8_1_7.csv|crp_dataset_8_1_6.csv|crp_dataset_8_1_8.csv|crp_dataset_8_1_4.csv|crp_dataset_8_1_3.csv,crp_dataset_8_1_2.csv,0.6333333333333333,0.7130434782546692,0.6890756302463102,82,33,37,104,0.039453125,0.024836956521739135,0.014616168478260864
RF,5,0.25,1.0,crp_dataset_8_1_7.csv|crp_dataset_8_1_6.csv|crp_dataset_8_1_8.csv|crp_dataset_8_1_4.csv|crp_dataset_8_1_3.csv,crp_dataset_8_1_1.csv,0.6333333333333333,0.95774647885975,0.5396825396782565,68,3,58,127,0.0252685546875,0.0006161971830985916,0.02465235750440141
RF,5,0.25,1.0,crp_dataset_8_1_7.csv|crp_dataset_8_1_6.csv|crp_dataset_8_1_8.csv|crp_dataset_8_1_4.csv|crp_dataset_8_1_3.csv,crp_dataset_8_1_5.csv,0.6333333333333333,0.8749999999915865,0.9099999999909,91,13,9,143,0.039282226562499994,0.003365384615384615,0.03591684194711538
RF,5,0.25,1.0,crp_dataset_8_1_7.csv|crp_dataset_8_1_6.csv|crp_dataset_8_1_5.csv|crp_dataset_8_1_4.csv|crp_dataset_8_1_3.csv,crp_dataset_8_1_2.csv,0.7166666666666667,0.9494949494853586,0.7899159663799167,94,5,25,132,0.039453125,0.0017676767676767678,0.03768544823232323
RF,5,0.25,1.0,crp_dataset_8_1_7.csv|crp_dataset_8_1_6.csv|crp_dataset_8_1_5.csv|crp_dataset_8_1_4.csv|crp_dataset_8_1_3.csv,crp_dataset_8_1_1.csv,0.7166666666666667,0.9999999999843749,0.5079365079324767,64,0,62,130,0.0252685546875,9.765625e-05,0.0251708984375
RF,5,0.25,1.0,crp_dataset_8_1_7.csv|crp_dataset_8_1_6.csv|crp_dataset_8_1_5.csv|crp_dataset_8_1_4.csv|crp_dataset_8_1_3.csv,crp_dataset_8_1_8.csv,0.7166666666666667,0.9493670885955776,0.543478260865627,75,4,63,114,0.0283203125,0.003401898734177215,0.024918413765822784
RF,5,0.25,1.0,crp_dataset_8_1_7.csv|crp_dataset_8_1_8.csv|crp_dataset_8_1_5.csv|crp_dataset_8_1_4.csv|crp_dataset_8_1_3.csv,crp_dataset_8_1_2.csv,0.6186746031746032,0.9425287356213502,0.6890756302463102,82,5,37,132,0.039453125,0.0020114942528735636,0.037441630747126434
RF,5,0.25,1.0,crp_dataset_8_1_7.csv|crp_dataset_8_1_8.csv|crp_dataset_8_1_5.csv|crp_dataset_8_1_4.csv|crp_dataset_8_1_3.csv,crp_dataset_8_1_1.csv,0.6186746031746032,0.9999999999901961,0.8095238095173847,102,0,24,130,0.0252685546875,0.00012254901960784314,0.025146005667892157
RF,5,0.25,1.0,crp_dataset_8_1_7.csv|crp_dataset_8_1_8.csv|crp_dataset_8_1_5.csv|crp_dataset_8_1_4.csv|crp_dataset_8_1_3.csv,crp_dataset_8_1_6.csv,0.6186746031746032,0.7526881720389641,0.9999999999928573,140,46,0,70,0.026928710937499996,0.011827956989247313,0.015100753948252683
RF,5,0.25,1.0,crp_dataset_8_1_1.csv|crp_dataset_8_1_6.csv|crp_dataset_8_1_8.csv|crp_dataset_8_1_5.csv|crp_dataset_8_1_4.csv,crp_dataset_8_1_2.csv,0.6333333333333333,0.9425287356213502,0.6890756302463102,82,5,37,132,0.039453125,0.0020114942528735636,0.037441630747126434
RF,5,0.25,1.0,crp_dataset_8_1_1.csv|crp_dataset_8_1_6.csv|crp_dataset_8_1_8.csv|crp_dataset_8_1_5.csv|crp_dataset_8_1_4.csv,crp_dataset_8_1_7.csv,0.6333333333333333,0.9999999999954546,0.9999999999954546,220,0,0,36,0.0095703125,0.00034090909090909094,0.00922940340909091
RF,5,0.25,1.0,crp_dataset_8_1_1.csv|crp_dataset_8_1_6.csv|crp_dataset_8_1_8.csv|crp_dataset_8_1_5.csv|crp_dataset_8_1_4.csv,crp_dataset_8_1_3.csv,0.6333333333333333,0.9854014598468219,0.7803468208047379,135,2,38,81,0.0196044921875,0.00018248175182481753,0.019422010435675183
RF,5,0.25,1.0,crp_dataset_8_1_1.csv|crp_dataset_8_1_6.csv|crp_dataset_8_1_8.csv|crp_dataset_8_1_5.csv|crp_dataset_8_1_3.csv,crp_dataset_8_1_2.csv,0.6203333333333333,0.9425287356213502,0.6890756302463102,82,5,37,132,0.039453125,0.0020114942528735636,0.037441630747126434
RF,5,0.25,1.0,crp_dataset_8_1_1.csv|crp_dataset_8_1_6.csv|crp_dataset_8_1_8.csv|crp_dataset_8_1_5.csv|crp_dataset_8_1_3.csv,crp_dataset_8_1_7.csv,0.6203333333333333,0.9999999999954546,0.9999999999954546,220,0,0,36,0.0095703125,0.00034090909090909094,0.00922940340909091
RF,5,0.25,1.0,crp_dataset_8_1_1.csv|crp_dataset_8_1_6.csv|crp_dataset_8_1_8.csv|crp_dataset_8_1_5.csv|crp_dataset_8_1_3.csv,crp_dataset_8_1_4.csv,0.6203333333333333,0.9843749999923097,0.9618320610613601,126,2,5,123,0.023046875,0.000537109375,0.022509765625
RF,5,0.25,1.0,crp_dataset_8_1_1.csv|crp_dataset_8_1_6.csv|crp_dataset_8_1_8.csv|crp_dataset_8_1_4.csv|crp_dataset_8_1_3.csv,crp_dataset_8_1_2.csv,0.6038333333333333,0.9318181818075929,0.6890756302463102,82,6,37,131,0.039453125,0.004261363636363637,0.03519176136363636
RF,5,0.25,1.0,crp_dataset_8_1_1.csv|crp_dataset_8_1_6.csv|crp_dataset_8_1_8.csv|crp_dataset_8_1_4.csv|crp_dataset_8_1_3.csv,crp_dataset_8_1_7.csv,0.6038333333333333,0.9999999999954546,0.9999999999954546,220,0,0,36,0.0095703125,0.00034090909090909094,0.00922940340909091
RF,5,0.25,1.0,crp_dataset_8_1_1.csv|crp_dataset_8_1_6.csv|crp_dataset_8_1_8.csv|crp_dataset_8_1_4.csv|crp_dataset_8_1_3.csv,crp_dataset_8_1_5.csv,0.6038333333333333,0.9759036144460734,0.8099999999919,81,2,19,154,0.039282226562499994,0.002108433734939759,0.03717379282756023
RF,5,0.25,1.0,crp_dataset_8_1_1.csv|crp_dataset_8_1_6.csv|crp_dataset_8_1_5.csv|crp_dataset_8_1_4.csv|crp_dataset_8_1_3.csv,crp_dataset_8_1_2.csv,0.6466666666666666,0.9450549450445598,0.7226890756241791,86,5,33,132,0.039453125,0.002197802197802198,0.0372553228021978
RF,5,0.25,1.0,crp_dataset_8_1_1.csv|crp_dataset_8_1_6.csv|crp_dataset_8_1_5.csv|crp_dataset_8_1_4.csv|crp_dataset_8_1_3.csv,crp_dataset_8_1_7.csv,0.6466666666666666,0.9999999999954546,0.9999999999954546,220,0,0,36,0.0095703125,0.00034090909090909094,0.00922940340909091
RF,5,0.25,1.0,crp_dataset_8_1_1.csv|crp_dataset_8_1_6.csv|crp_dataset_8_1_5.csv|crp_dataset_8_1_4.csv|crp_dataset_8_1_3.csv,crp_dataset_8_1_8.csv,0.6466666666666666,0.922077922065947,0.5144927536194602,71,6,67,112,0.0283203125,0.0038961038961038952,0.024424208603896106
RF,5,0.25,1.0,crp_dataset_8_1_1.csv|crp_dataset_8_1_8.csv|crp_dataset_8_1_5.csv|crp_dataset_8_1_4.csv|crp_dataset_8_1_3.csv,crp_dataset_8_1_2.csv,0.8666666666666667,0.9999999999795919,0.41176470587889274,49,0,70,137,0.039453125,0.0008928571428571429,0.03856026785714286
RF,5,0.25,1.0,crp_dataset_8_1_1.csv|crp_dataset_8_1_8.csv|crp_dataset_8_1_5.csv|crp_dataset_8_1_4.csv|crp_dataset_8_1_3.csv,crp_dataset_8_1_7.csv,0.8666666666666667,0.9999999999954546,0.9999999999954546,220,0,0,36,0.0095703125,0.00034090909090909094,0.00922940340909091
RF,5,0.25,1.0,crp_dataset_8_1_1.csv|crp_dataset_8_1_8.csv|crp_dataset_8_1_5.csv|crp_dataset_8_1_4.csv|crp_dataset_8_1_3.csv,crp_dataset_8_1_6.csv,0.8666666666666667,0.99999999999,0.7142857142806123,100,0,40,116,0.026928710937499996,0.00025,0.026678710937499996
RF,5,0.25,1.0,crp_dataset_8_1_6.csv|crp_dataset_8_1_8.csv|crp_dataset_8_1_5.csv|crp_dataset_8_1_4.csv|crp_dataset_8_1_3.csv,crp_dataset_8_1_2.csv,0.76,0.9425287356213502,0.6890756302463102,82,5,37,132,0.039453125,0.0020114942528735636,0.037441630747126434
RF,5,0.25,1.0,crp_dataset_8_1_6.csv|crp_dataset_8_1_8.csv|crp_dataset_8_1_5.csv|crp_dataset_8_1_4.csv|crp_dataset_8_1_3.csv,crp_dataset_8_1_7.csv,0.76,0.9999999999954546,0.9999999999954546,220,0,0,36,0.0095703125,0.00034090909090909094,0.00922940340909091
RF,5,0.25,1.0,crp_dataset_8_1_6.csv|crp_dataset_8_1_8.csv|crp_dataset_8_1_5.csv|crp_dataset_8_1_4.csv|crp_dataset_8_1_3.csv,crp_dataset_8_1_1.csv,0.76,0.9999999999846153,0.5158730158689216,65,0,61,130,0.0252685546875,9.615384615384615e-05,0.025172400841346153
RF,6,0.25,1.0,crp_dataset_8_1_2.csv|crp_dataset_8_1_7.csv|crp_dataset_8_1_1.csv|crp_dataset_8_1_6.csv|crp_dataset_8_1_8.csv|crp_dataset_8_1_5.csv,crp_dataset_8_1_4.csv,0.6122222222222223,0.9920634920556185,0.9541984732751588,125,1,6,124,0.023046875,0.0003968253968253968,0.022650049603174606
RF,6,0.25,1.0,crp_dataset_8_1_2.csv|crp_dataset_8_1_7.csv|crp_dataset_8_1_1.csv|crp_dataset_8_1_6.csv|crp_dataset_8_1_8.csv|crp_dataset_8_1_5.csv,crp_dataset_8_1_3.csv,0.6122222222222223,0.9851851851778876,0.7687861271631863,133,2,40,81,0.0196044921875,0.0001851851851851852,0.019419307002314815
RF,6,0.25,1.0,crp_dataset_8_1_2.csv|crp_dataset_8_1_7.csv|crp_dataset_8_1_1.csv|crp_dataset_8_1_6.csv|crp_dataset_8_1_8.csv|crp_dataset_8_1_4.csv,crp_dataset_8_1_5.csv,0.6194607843137254,0.9999999999875,0.799999999992,80,0,20,156,0.039282226562499994,0.0015625,0.03771972656249999
RF,6,0.25,1.0,crp_dataset_8_1_2.csv|crp_dataset_8_1_7.csv|crp_dataset_8_1_1.csv|crp_dataset_8_1_6.csv|crp_dataset_8_1_8.csv|crp_dataset_8_1_4.csv,crp_dataset_8_1_3.csv,0.6194607843137254,0.9999999999927537,0.7976878612670655,138,0,35,83,0.0196044921875,4.528985507246377e-05,0.019559202332427535
RF,6,0.25,1.0,crp_dataset_8_1_2.csv|crp_dataset_8_1_7.csv|crp_dataset_8_1_1.csv|crp_dataset_8_1_6.csv|crp_dataset_8_1_8.csv|crp_dataset_8_1_3.csv,crp_dataset_8_1_5.csv,0.6052778190278191,0.9999999999876543,0.8099999999919,81,0,19,156,0.039282226562499994,0.0016203703703703705,0.037661856192129625
RF,6,0.25,1.0,crp_dataset_8_1_2.csv|crp_dataset_8_1_7.csv|crp_dataset_8_1_1.csv|crp_dataset_8_1_6.csv|crp_dataset_8_1_8.csv|crp_dataset_8_1_3.csv,crp_dataset_8_1_4.csv,0.6052778190278191,0.999999999992,0.9541984732751588,125,0,6,125,0.023046875,0.00025,0.022796875
RF,6,0.25,1.0,crp_dataset_8_1_2.csv|crp_dataset_8_1_7.csv|crp_dataset_8_1_1.csv|crp_dataset_8_1_6.csv|crp_dataset_8_1_5.csv|crp_dataset_8_1_4.csv,crp_dataset_8_1_8.csv,0.6925,0.999999999983871,0.449275362315585,62,0,76,118,0.0283203125,0.002923387096774194,0.025396925403225808
RF,6,0.25,1.0,crp_dataset_8_1_2.csv|crp_dataset_8_1_7.csv|crp_dataset_8_1_1.csv|crp_dataset_8_1_6.csv|crp_dataset_8_1_5.csv|crp_dataset_8_1_4.csv,crp_dataset_8_1_3.csv,0.6925,0.9999999999913792,0.670520231209997,116,0,57,83,0.0196044921875,0.0,0.0196044921875
RF,6,0.25,1.0,crp_dataset_8_1_2.csv|crp_dataset_8_1_7.csv|crp_dataset_8_1_1.csv|crp_dataset_8_1_6.csv|crp_dataset_8_1_5.csv|crp_dataset_8_1_3.csv,crp_dataset_8_1_8.csv,0.6570833333333334,0.9999999999855071,0.49999999999637684,69,0,69,118,0.0283203125,0.002626811594202899,0.0256935009057971
RF,6,0.25,1.0,crp_dataset_8_1_2.csv|crp_dataset_8_1_7.csv|crp_dataset_8_1_1.csv|crp_dataset_8_1_6.csv|crp_dataset_8_1_5.csv|crp_dataset_8_1_3.csv,crp_dataset_8_1_4.csv,0.6570833333333334,0.9915254237204107,0.8931297709855487,117,1,14,124,0.023046875,0.0004237288135593221,0.02262314618644068
RF,6,0.25,1.0,crp_dataset_8_1_2.csv|crp_dataset_8_1_7.csv|crp_dataset_8_1_1.csv|crp_dataset_8_1_6.csv|crp_dataset_8_1_4.csv|crp_dataset_8_1_3.csv,crp_dataset_8_1_8.csv,0.6633333333333333,0.999999999984127,0.4565217391271267,63,0,75,118,0.0283203125,0.002876984126984127,0.025443328373015873
RF,6,0.25,1.0,crp_dataset_8_1_2.csv|crp_dataset_8_1_7.csv|crp_dataset_8_1_1.csv|crp_dataset_8_1_6.csv|crp_dataset_8_1_4.csv|crp_dataset_8_1_3.csv,crp_dataset_8_1_5.csv,0.6633333333333333,0.9999999999870129,0.7699999999923,77,0,23,156,0.039282226562499994,0.0013798701298701301,0.03790235643262987
RF,6,0.25,1.0,crp_dataset_8_1_2.csv|crp_dataset_8_1_7.csv|crp_dataset_8_1_1.csv|crp_dataset_8_1_8.csv|crp_dataset_8_1_5.csv|crp_dataset_8_1_4.csv,crp_dataset_8_1_6.csv,0.6091345321345321,0.9652173912959546,0.7928571428514797,111,4,29,112,0.026928710937499996,0.0019021739130434783,0.025026537024456518
RF,6,0.25,1.0,crp_dataset_8_1_2.csv|crp_dataset_8_1_7.csv|crp_dataset_8_1_1.csv|crp_dataset_8_1_8.csv|crp_dataset_8_1_5.csv|crp_dataset_8_1_4.csv,crp_dataset_8_1_3.csv,0.6091345321345321,0.9999999999922481,0.7456647398800829,129,0,44,83,0.0196044921875,0.00014534883720930235,0.019459143350290697
RF,6,0.25,1.0,crp_dataset_8_1_2.csv|crp_dataset_8_1_7.csv|crp_dataset_8_1_1.csv|crp_dataset_8_1_8.csv|crp_dataset_8_1_5.csv|crp_dataset_8_1_3.csv,crp_dataset_8_1_6.csv,0.6251515151515152,0.7157894736804432,0.9714285714216327,136,54,4,62,0.026928710937499996,0.014967105263157894,0.011961605674342101
RF,6,0.25,1.0,crp_dataset_8_1_2.csv|crp_dataset_8_1_7.csv|crp_dataset_8_1_1.csv|crp_dataset_8_1_8.csv|crp_dataset_8_1_5.csv|crp_dataset_8_1_3.csv,crp_dataset_8_1_4.csv,0.6251515151515152,0.9915966386471294,0.90076335877175,118,1,13,124,0.023046875,0.00047268907563025216,0.02257418592436975
RF,6,0.25,1.0,crp_dataset_8_1_2.csv|crp_dataset_8_1_7.csv|crp_dataset_8_1_1.csv|crp_dataset_8_1_8.csv|crp_dataset_8_1_4.csv|crp_dataset_8_1_3.csv,crp_dataset_8_1_6.csv,0.6358333333333334,0.7239583333295627,0.9928571428500511,139,53,1,63,0.026928710937499996,0.013964843749999999,0.012963867187499997
RF,6,0.25,1.0,crp_dataset_8_1_2.csv|crp_dataset_8_1_7.csv|crp_dataset_8_1_1.csv|crp_dataset_8_1_8.csv|crp_dataset_8_1_4.csv|crp_dataset_8_1_3.csv,crp_dataset_8_1_5.csv,0.6358333333333334,0.987179487166831,0.7699999999923,77,1,23,155,0.039282226562499994,0.0018429487179487181,0.037439277844551276
RF,6,0.25,1.0,crp_dataset_8_1_2.csv|crp_dataset_8_1_7.csv|crp_dataset_8_1_1.csv|crp_dataset_8_1_5.csv|crp_dataset_8_1_4.csv|crp_dataset_8_1_3.csv,crp_dataset_8_1_6.csv,0.8033333333333333,0.8749999999942435,0.9499999999932144,133,19,7,97,0.026928710937499996,0.006126644736842105,0.02080206620065789
RF,6,0.25,1.0,crp_dataset_8_1_2.csv|crp_dataset_8_1_7.csv|crp_dataset_8_1_1.csv|crp_dataset_8_1_5.csv|crp_dataset_8_1_4.csv|crp_dataset_8_1_3.csv,crp_dataset_8_1_8.csv,0.8033333333333333,0.9999999999855071,0.49999999999637684,69,0,69,118,0.0283203125,0.0027173913043478264,0.025602921195652172
RF,6,0.25,1.0,crp_dataset_8_1_2.csv|crp_dataset_8_1_7.csv|crp_dataset_8_1_6.csv|crp_dataset_8_1_8.csv|crp_dataset_8_1_5.csv|crp_dataset_8_1_4.csv,crp_dataset_8_1_1.csv,0.624453781512605,0.9999999999880952,0.6666666666613756,84,0,42,130,0.0252685546875,7.440476190476191e-05,0.02519414992559524
RF,6,0.25,1.0,crp_dataset_8_1_2.csv|crp_dataset_8_1_7.csv|crp_dataset_8_1_6.csv|crp_dataset_8_1_8.csv|crp_dataset_8_1_5.csv|crp_dataset_8_1_4.csv,crp_dataset_8_1_3.csv,0.624453781512605,0.999999999992,0.7225433525969795,125,0,48,83,0.0196044921875,0.0,0.0196044921875
RF,6,0.25,1.0,crp_dataset_8_1_2.csv|crp_dataset_8_1_7.csv|crp_dataset_8_1_6.csv|crp_dataset_8_1_8.csv|crp_dataset_8_1_5.csv|crp_dataset_8_1_3.csv,crp_dataset_8_1_1.csv,0.6332087268029128,0.9642857142742347,0.6428571428520408,81,3,45,127,0.0252685546875,0.0005208333333333334,0.024747721354166665
RF,6,0.25,1.0,crp_dataset_8_1_2.csv|crp_dataset_8_1_7.csv|crp_dataset_8_1_6.csv|crp_dataset_8_1_8.csv|crp_dataset_8_1_5.csv|crp_dataset_8_1_3.csv,crp_dataset_8_1_4.csv,0.6332087268029128,0.9999999999918698,0.9389312977027563,123,0,8,125,0.023046875,0.00030487804878048786,0.022741996951219513
RF,6,0.25,1.0,crp_dataset_8_1_2.csv|crp_dataset_8_1_7.csv|crp_dataset_8_1_6.csv|crp_dataset_8_1_8.csv|crp_dataset_8_1_4.csv|crp_dataset_8_1_3.csv,crp_dataset_8_1_1.csv,0.6003583361083361,0.9787234042449071,0.7301587301529352,92,2,34,128,0.0252685546875,0.0003324468085106383,0.024936107878989363
RF,6,0.25,1.0,crp_dataset_8_1_2.csv|crp_dataset_8_1_7.csv|crp_dataset_8_1_6.csv|crp_dataset_8_1_8.csv|crp_dataset_8_1_4.csv|crp_dataset_8_1_3.csv,crp_dataset_8_1_5.csv,0.6003583361083361,0.9999999999875,0.799999999992,80,0,20,156,0.039282226562499994,0.0015625,0.03771972656249999
RF,6,0.25,1.0,crp_dataset_8_1_2.csv|crp_dataset_8_1_7.csv|crp_dataset_8_1_6.csv|crp_dataset_8_1_5.csv|crp_dataset_8_1_4.csv|crp_dataset_8_1_3.csv,crp_dataset_8_1_1.csv,0.6006882591093118,0.9999999999843749,0.5079365079324767,64,0,62,130,0.0252685546875,9.765625e-05,0.0251708984375
RF,6,0.25,1.0,crp_dataset_8_1_2.csv|crp_dataset_8_1_7.csv|crp_dataset_8_1_6.csv|crp_dataset_8_1_5.csv|crp_dataset_8_1_4.csv|crp_dataset_8_1_3.csv,crp_dataset_8_1_8.csv,0.6006882591093118,0.8988764044842823,0.5797101449233355,80,9,58,109,0.0283203125,0.004073033707865168,0.024247278792134834
RF,6,0.25,1.0,crp_dataset_8_1_2.csv|crp_dataset_8_1_7.csv|crp_dataset_8_1_8.csv|crp_dataset_8_1_5.csv|crp_dataset_8_1_4.csv|crp_dataset_8_1_3.csv,crp_dataset_8_1_1.csv,0.60625,0.9574468085004526,0.7142857142800453,90,4,36,126,0.0252685546875,0.0013297872340425532,0.02393876745345745
RF,6,0.25,1.0,crp_dataset_8_1_2.csv|crp_dataset_8_1_7.csv|crp_dataset_8_1_8.csv|crp_dataset_8_1_5.csv|crp_dataset_8_1_4.csv|crp_dataset_8_1_3.csv,crp_dataset_8_1_6.csv,0.60625,0.7650273224001911,0.9999999999928573,140,43,0,73,0.026928710937499996,0.010758196721311475,0.016170514216188522
RF,6,0.25,1.0,crp_dataset_8_1_2.csv|crp_dataset_8_1_1.csv|crp_dataset_8_1_6.csv|crp_dataset_8_1_8.csv|crp_dataset_8_1_5.csv|crp_dataset_8_1_4.csv,crp_dataset_8_1_7.csv,0.64,0.9999999999954546,0.9999999999954546,220,0,0,36,0.0095703125,0.00034090909090909094,0.00922940340909091
RF,6,0.25,1.0,crp_dataset_8_1_2.csv|crp_dataset_8_1_1.csv|crp_dataset_8_1_6.csv|crp_dataset_8_1_8.csv|crp_dataset_8_1_5.csv|crp_dataset_8_1_4.csv,crp_dataset_8_1_3.csv,0.64,0.999999999992126,0.7341040462385312,127,0,46,83,0.0196044921875,0.0,0.0196044921875
RF,6,0.25,1.0,crp_dataset_8_1_2.csv|crp_dataset_8_1_1.csv|crp_dataset_8_1_6.csv|crp_dataset_8_1_8.csv|crp_dataset_8_1_5.csv|crp_dataset_8_1_3.csv,crp_dataset_8_1_7.csv,0.7009557776101893,0.9999999999954546,0.9999999999954546,220,0,0,36,0.0095703125,0.00034090909090909094,0.00922940340909091
RF,6,0.25,1.0,crp_dataset_8_1_2.csv|crp_dataset_8_1_1.csv|crp_dataset_8_1_6.csv|crp_dataset_8_1_8.csv|crp_dataset_8_1_5.csv|crp_dataset_8_1_3.csv,crp_dataset_8_1_4.csv,0.7009557776101893,0.991869918691123,0.931297709916555,122,1,9,124,0.023046875,0.0004065040650406504,0.02264037093495935
RF,6,0.25,1.0,crp_dataset_8_1_2.csv|crp_dataset_8_1_1.csv|crp_dataset_8_1_6.csv|crp_dataset_8_1_8.csv|crp_dataset_8_1_4.csv|crp_dataset_8_1_3.csv,crp_dataset_8_1_7.csv,0.6630925925925926,0.9999999999954546,0.9999999999954546,220,0,0,36,0.0095703125,0.00034090909090909094,0.00922940340909091
RF,6,0.25,1.0,crp_dataset_8_1_2.csv|crp_dataset_8_1_1.csv|crp_dataset_8_1_6.csv|crp_dataset_8_1_8.csv|crp_dataset_8_1_4.csv|crp_dataset_8_1_3.csv,crp_dataset_8_1_5.csv,0.6630925925925926,0.9999999999873417,0.7899999999921,79,0,21,156,0.039282226562499994,0.0015031645569620255,0.03777906200553797
RF,6,0.25,1.0,crp_dataset_8_1_2.csv|crp_dataset_8_1_1.csv|crp_dataset_8_1_6.csv|crp_dataset_8_1_5.csv|crp_dataset_8_1_4.csv|crp_dataset_8_1_3.csv,crp_dataset_8_1_7.csv,0.6128432539682539,0.9999999999954546,0.9999999999954546,220,0,0,36,0.0095703125,0.00034090909090909094,0.00922940340909091
RF,6,0.25,1.0,crp_dataset_8_1_2.csv|crp_dataset_8_1_1.csv|crp_dataset_8_1_6.csv|crp_dataset_8_1_5.csv|crp_dataset_8_1_4.csv|crp_dataset_8_1_3.csv,crp_dataset_8_1_8.csv,0.6128432539682539,0.9999999999859155,0.5144927536194602,71,0,67,118,0.0283203125,0.0026408450704225356,0.025679467429577465
RF,6,0.25,1.0,crp_dataset_8_1_2.csv|crp_dataset_8_1_1.csv|crp_dataset_8_1_8.csv|crp_dataset_8_1_5.csv|crp_dataset_8_1_4.csv|crp_dataset_8_1_3.csv,crp_dataset_8_1_7.csv,0.6079957983193277,0.9999999999954546,0.9999999999954546,220,0,0,36,0.0095703125,0.00034090909090909094,0.00922940340909091
RF,6,0.25,1.0,crp_dataset_8_1_2.csv|crp_dataset_8_1_1.csv|crp_dataset_8_1_8.csv|crp_dataset_8_1_5.csv|crp_dataset_8_1_4.csv|crp_dataset_8_1_3.csv,crp_dataset_8_1_6.csv,0.6079957983193277,0.7263157894698615,0.985714285707245,138,52,2,64,0.026928710937499996,0.014835526315789474,0.012093184621710521
RF,6,0.25,1.0,crp_dataset_8_1_2.csv|crp_dataset_8_1_6.csv|crp_dataset_8_1_8.csv|crp_dataset_8_1_5.csv|crp_dataset_8_1_4.csv|crp_dataset_8_1_3.csv,crp_dataset_8_1_7.csv,0.663092796092796,0.9999999999954546,0.9999999999954546,220,0,0,36,0.0095703125,0.00034090909090909094,0.00922940340909091
RF,6,0.25,1.0,crp_dataset_8_1_2.csv|crp_dataset_8_1_6.csv|crp_dataset_8_1_8.csv|crp_dataset_8_1_5.csv|crp_dataset_8_1_4.csv|crp_dataset_8_1_3.csv,crp_dataset_8_1_1.csv,0.663092796092796,0.9666666666559259,0.6904761904707105,87,3,39,127,0.0252685546875,0.0004861111111111111,0.02478244357638889
RF,6,0.25,1.0,crp_dataset_8_1_7.csv|crp_dataset_8_1_1.csv|crp_dataset_8_1_6.csv|crp_dataset_8_1_8.csv|crp_dataset_8_1_5.csv|crp_dataset_8_1_4.csv,crp_dataset_8_1_2.csv,0.6041666666666666,0.9425287356213502,0.6890756302463102,82,5,37,132,0.039453125,0.0020114942528735636,0.037441630747126434
RF,6,0.25,1.0,crp_dataset_8_1_7.csv|crp_dataset_8_1_1.csv|crp_dataset_8_1_6.csv|crp_dataset_8_1_8.csv|crp_dataset_8_1_5.csv|crp_dataset_8_1_4.csv,crp_dataset_8_1_3.csv,0.6041666666666666,0.9850746268583204,0.7630057803424104,132,2,41,81,0.0196044921875,0.0002332089552238806,0.019371283232276118
RF,6,0.25,1.0,crp_dataset_8_1_7.csv|crp_dataset_8_1_1.csv|crp_dataset_8_1_6.csv|crp_dataset_8_1_8.csv|crp_dataset_8_1_5.csv|crp_dataset_8_1_3.csv,crp_dataset_8_1_2.csv,0.6433333333333333,0.9444444444339506,0.7142857142797119,85,5,34,132,0.039453125,0.0020138888888888893,0.03743923611111111
RF,6,0.25,1.0,crp_dataset_8_1_7.csv|crp_dataset_8_1_1.csv|crp_dataset_8_1_6.csv|crp_dataset_8_1_8.csv|crp_dataset_8_1_5.csv|crp_dataset_8_1_3.csv,crp_dataset_8_1_4.csv,0.6433333333333333,0.9920634920556185,0.9541984732751588,125,1,6,124,0.023046875,0.0003968253968253968,0.022650049603174606
RF,6,0.25,1.0,crp_dataset_8_1_7.csv|crp_dataset_8_1_1.csv|crp_dataset_8_1_6.csv|crp_dataset_8_1_8.csv|crp_dataset_8_1_4.csv|crp_dataset_8_1_3.csv,crp_dataset_8_1_2.csv,0.7475,0.9425287356213502,0.6890756302463102,82,5,37,132,0.039453125,0.0020114942528735636,0.037441630747126434
RF,6,0.25,1.0,crp_dataset_8_1_7.csv|crp_dataset_8_1_1.csv|crp_dataset_8_1_6.csv|crp_dataset_8_1_8.csv|crp_dataset_8_1_4.csv|crp_dataset_8_1_3.csv,crp_dataset_8_1_5.csv,0.7475,0.9999999999870129,0.7699999999923,77,0,23,156,0.039282226562499994,0.0013798701298701301,0.03790235643262987
RF,6,0.25,1.0,crp_dataset_8_1_7.csv|crp_dataset_8_1_1.csv|crp_dataset_8_1_6.csv|crp_dataset_8_1_5.csv|crp_dataset_8_1_4.csv|crp_dataset_8_1_3.csv,crp_dataset_8_1_2.csv,0.6465595238095238,0.9425287356213502,0.6890756302463102,82,5,37,132,0.039453125,0.0020114942528735636,0.037441630747126434
RF,6,0.25,1.0,crp_dataset_8_1_7.csv|crp_dataset_8_1_1.csv|crp_dataset_8_1_6.csv|crp_dataset_8_1_5.csv|crp_dataset_8_1_4.csv|crp_dataset_8_1_3.csv,crp_dataset_8_1_8.csv,0.6465595238095238,0.9767441860351541,0.6086956521695023,84,2,54,116,0.0283203125,0.0027616279069767446,0.025558684593023254
RF,6,0.25,1.0,crp_dataset_8_1_7.csv|crp_dataset_8_1_1.csv|crp_dataset_8_1_8.csv|crp_dataset_8_1_5.csv|crp_dataset_8_1_4.csv|crp_dataset_8_1_3.csv,crp_dataset_8_1_2.csv,0.6276237233011227,0.9425287356213502,0.6890756302463102,82,5,37,132,0.039453125,0.0020114942528735636,0.037441630747126434
RF,6,0.25,1.0,crp_dataset_8_1_7.csv|crp_dataset_8_1_1.csv|crp_dataset_8_1_8.csv|crp_dataset_8_1_5.csv|crp_dataset_8_1_4.csv|crp_dataset_8_1_3.csv,crp_dataset_8_1_6.csv,0.6276237233011227,0.6451612903196076,0.9999999999928573,140,77,0,39,0.026928710937499996,0.020535714285714286,0.00639299665178571
RF,6,0.25,1.0,crp_dataset_8_1_7.csv|crp_dataset_8_1_6.csv|crp_dataset_8_1_8.csv|crp_dataset_8_1_5.csv|crp_dataset_8_1_4.csv|crp_dataset_8_1_3.csv,crp_dataset_8_1_2.csv,0.6912037037037038,0.9425287356213502,0.6890756302463102,82,5,37,132,0.039453125,0.0020114942528735636,0.037441630747126434
RF,6,0.25,1.0,crp_dataset_8_1_7.csv|crp_dataset_8_1_6.csv|crp_dataset_8_1_8.csv|crp_dataset_8_1_5.csv|crp_dataset_8_1_4.csv|crp_dataset_8_1_3.csv,crp_dataset_8_1_1.csv,0.6912037037037038,0.9999999999873417,0.6269841269791508,79,0,47,130,0.0252685546875,7.911392405063291e-05,0.025189440763449367
RF,6,0.25,1.0,crp_dataset_8_1_1.csv|crp_dataset_8_1_6.csv|crp_dataset_8_1_8.csv|crp_dataset_8_1_5.csv|crp_dataset_8_1_4.csv|crp_dataset_8_1_3.csv,crp_dataset_8_1_2.csv,0.67,0.9425287356213502,0.6890756302463102,82,5,37,132,0.039453125,0.0020114942528735636,0.037441630747126434
RF,6,0.25,1.0,crp_dataset_8_1_1.csv|crp_dataset_8_1_6.csv|crp_dataset_8_1_8.csv|crp_dataset_8_1_5.csv|crp_dataset_8_1_4.csv|crp_dataset_8_1_3.csv,crp_dataset_8_1_7.csv,0.67,0.9999999999954546,0.9999999999954546,220,0,0,36,0.0095703125,0.00034090909090909094,0.00922940340909091
RF,7,0.25,1.0,crp_dataset_8_1_2.csv|crp_dataset_8_1_7.csv|crp_dataset_8_1_1.csv|crp_dataset_8_1_6.csv|crp_dataset_8_1_8.csv|crp_dataset_8_1_5.csv|crp_dataset_8_1_4.csv,crp_dataset_8_1_3.csv,0.6522606837606837,0.999999999992126,0.7341040462385312,127,0,46,83,0.0196044921875,0.0,0.0196044921875
RF,7,0.25,1.0,crp_dataset_8_1_2.csv|crp_dataset_8_1_7.csv|crp_dataset_8_1_1.csv|crp_dataset_8_1_6.csv|crp_dataset_8_1_8.csv|crp_dataset_8_1_5.csv|crp_dataset_8_1_3.csv,crp_dataset_8_1_4.csv,0.6903930345577205,0.991869918691123,0.931297709916555,122,1,9,124,0.023046875,0.0004065040650406504,0.02264037093495935
RF,7,0.25,1.0,crp_dataset_8_1_2.csv|crp_dataset_8_1_7.csv|crp_dataset_8_1_1.csv|crp_dataset_8_1_6.csv|crp_dataset_8_1_8.csv|crp_dataset_8_1_4.csv|crp_dataset_8_1_3.csv,crp_dataset_8_1_5.csv,0.625279364902743,0.9999999999870129,0.7699999999923,77,0,23,156,0.039282226562499994,0.0013798701298701301,0.03790235643262987
RF,7,0.25,1.0,crp_dataset_8_1_2.csv|crp_dataset_8_1_7.csv|crp_dataset_8_1_1.csv|crp_dataset_8_1_6.csv|crp_dataset_8_1_5.csv|crp_dataset_8_1_4.csv|crp_dataset_8_1_3.csv,crp_dataset_8_1_8.csv,0.6011111111111112,0.9999999999868421,0.5507246376771687,76,0,62,118,0.0283203125,0.002631578947368421,0.025688733552631578
RF,7,0.25,1.0,crp_dataset_8_1_2.csv|crp_dataset_8_1_7.csv|crp_dataset_8_1_1.csv|crp_dataset_8_1_8.csv|crp_dataset_8_1_5.csv|crp_dataset_8_1_4.csv|crp_dataset_8_1_3.csv,crp_dataset_8_1_6.csv,0.6291666666666667,0.8414634146290155,0.985714285707245,138,26,2,90,0.026928710937499996,0.007317073170731709,0.01961163776676829
RF,7,0.25,1.0,crp_dataset_8_1_2.csv|crp_dataset_8_1_7.csv|crp_dataset_8_1_6.csv|crp_dataset_8_1_8.csv|crp_dataset_8_1_5.csv|crp_dataset_8_1_4.csv|crp_dataset_8_1_3.csv,crp_dataset_8_1_1.csv,0.6108088096491322,0.999999999988764,0.7063492063436004,89,0,37,130,0.0252685546875,7.02247191011236e-05,0.025198329968398877
RF,7,0.25,1.0,crp_dataset_8_1_2.csv|crp_dataset_8_1_1.csv|crp_dataset_8_1_6.csv|crp_dataset_8_1_8.csv|crp_dataset_8_1_5.csv|crp_dataset_8_1_4.csv|crp_dataset_8_1_3.csv,crp_dataset_8_1_7.csv,0.6402323476308983,0.9999999999954546,0.9999999999954546,220,0,0,36,0.0095703125,0.00034090909090909094,0.00922940340909091
RF,7,0.25,1.0,crp_dataset_8_1_7.csv|crp_dataset_8_1_1.csv|crp_dataset_8_1_6.csv|crp_dataset_8_1_8.csv|crp_dataset_8_1_5.csv|crp_dataset_8_1_4.csv|crp_dataset_8_1_3.csv,crp_dataset_8_1_2.csv,0.6613897090563758,0.9425287356213502,0.6890756302463102,82,5,37,132,0.039453125,0.0020114942528735636,0.037441630747126434
