model,k_train_datasets,train_pct,test_pct,train_set,test_dataset,best_threshold,precision,recall,TP,FP,FN,TN,old_ber,new_ber,ber_reduction
RF,1,0.1,1.0,crp_dataset_8_1_6.csv,crp_dataset_8_1_4.csv,0.6366666666666667,0.7826086956473131,0.9618320610613601,126,35,5,90,0.023046875,0.007763975155279503,0.015282899844720498
RF,1,0.1,1.0,crp_dataset_8_1_6.csv,crp_dataset_8_1_7.csv,0.6366666666666667,0.9128630705356313,0.9999999999954546,220,21,0,15,0.0095703125,0.0040715767634854775,0.005498735736514523
RF,1,0.1,1.0,crp_dataset_8_1_6.csv,crp_dataset_8_1_3.csv,0.6366666666666667,0.7901234567852462,0.7398843930593071,128,34,45,49,0.0196044921875,0.01107253086419753,0.00853196132330247
RF,1,0.1,1.0,crp_dataset_8_1_6.csv,crp_dataset_8_1_1.csv,0.6366666666666667,0.642857142851403,0.5714285714240362,72,40,54,90,0.0252685546875,0.011774553571428573,0.013494001116071427
RF,1,0.1,1.0,crp_dataset_8_1_6.csv,crp_dataset_8_1_5.csv,0.6366666666666667,0.6956521739069943,0.799999999992,80,35,20,121,0.039282226562499994,0.011304347826086957,0.02797787873641304
RF,1,0.1,1.0,crp_dataset_8_1_6.csv,crp_dataset_8_1_2.csv,0.6366666666666667,0.7735849056530794,0.6890756302463102,82,24,37,113,0.039453125,0.00884433962264151,0.03060878537735849
RF,1,0.1,1.0,crp_dataset_8_1_6.csv,crp_dataset_8_1_8.csv,0.6366666666666667,0.5999999999958621,0.6304347826041273,87,58,51,60,0.0283203125,0.01543103448275862,0.01288927801724138
RF,1,0.1,1.0,crp_dataset_8_1_4.csv,crp_dataset_8_1_6.csv,0.85,0.9999999995,0.014285714285612245,2,0,138,116,0.026928710937499996,0.0,0.026928710937499996
RF,1,0.1,1.0,crp_dataset_8_1_4.csv,crp_dataset_8_1_7.csv,0.85,0.9999999999,0.04545454545433884,10,0,210,36,0.0095703125,0.0,0.0095703125
RF,1,0.1,1.0,crp_dataset_8_1_4.csv,crp_dataset_8_1_3.csv,0.85,0.9999999999666667,0.1734104046232751,30,0,143,83,0.0196044921875,0.0,0.0196044921875
RF,1,0.1,1.0,crp_dataset_8_1_4.csv,crp_dataset_8_1_1.csv,0.85,0.9999999999811321,0.42063492063158225,53,0,73,130,0.0252685546875,0.0,0.0252685546875
RF,1,0.1,1.0,crp_dataset_8_1_4.csv,crp_dataset_8_1_5.csv,0.85,0.8105263157809418,0.7699999999923,77,18,23,138,0.039282226562499994,0.005131578947368421,0.03415064761513158
RF,1,0.1,1.0,crp_dataset_8_1_4.csv,crp_dataset_8_1_2.csv,0.85,0.8539325842600681,0.6386554621795071,76,13,43,124,0.039453125,0.0035112359550561797,0.03594188904494382
RF,1,0.1,1.0,crp_dataset_8_1_4.csv,crp_dataset_8_1_8.csv,0.85,0.7599999999898667,0.4130434782578765,57,18,81,100,0.0283203125,0.0065,0.0218203125
RF,1,0.1,1.0,crp_dataset_8_1_7.csv,crp_dataset_8_1_6.csv,0.5,0.949999999988125,0.5428571428532654,76,4,64,112,0.026928710937499996,0.001171875,0.025756835937499997
RF,1,0.1,1.0,crp_dataset_8_1_7.csv,crp_dataset_8_1_4.csv,0.5,0.7913669064691269,0.8396946564821398,110,29,21,96,0.023046875,0.00912769784172662,0.013919177158273382
RF,1,0.1,1.0,crp_dataset_8_1_7.csv,crp_dataset_8_1_3.csv,0.5,0.9499999999920833,0.6589595375684454,114,6,59,77,0.0196044921875,0.0011979166666666666,0.018406575520833333
RF,1,0.1,1.0,crp_dataset_8_1_7.csv,crp_dataset_8_1_1.csv,0.5,0.8444444444350617,0.6031746031698161,76,14,50,116,0.0252685546875,0.004791666666666667,0.020476888020833334
RF,1,0.1,1.0,crp_dataset_8_1_7.csv,crp_dataset_8_1_5.csv,0.5,0.793814432981507,0.7699999999923,77,20,23,136,0.039282226562499994,0.005734536082474227,0.03354769048002577
RF,1,0.1,1.0,crp_dataset_8_1_7.csv,crp_dataset_8_1_2.csv,0.5,0.8118811881107735,0.6890756302463102,82,19,37,118,0.039453125,0.0051361386138613855,0.034316986386138615
RF,1,0.1,1.0,crp_dataset_8_1_7.csv,crp_dataset_8_1_8.csv,0.5,0.7319587628790519,0.5144927536194602,71,26,67,92,0.0283203125,0.007731958762886598,0.020588353737113402
RF,1,0.1,1.0,crp_dataset_8_1_3.csv,crp_dataset_8_1_6.csv,0.7333333333333333,0.7868852458951895,0.6857142857093879,96,26,44,90,0.026928710937499996,0.010911885245901637,0.01601682569159836
RF,1,0.1,1.0,crp_dataset_8_1_3.csv,crp_dataset_8_1_4.csv,0.7333333333333333,0.9090909090826446,0.7633587786201271,100,10,31,115,0.023046875,0.0027840909090909092,0.02026278409090909
RF,1,0.1,1.0,crp_dataset_8_1_3.csv,crp_dataset_8_1_7.csv,0.7333333333333333,0.9832402234581943,0.7999999999963636,176,3,44,33,0.0095703125,0.0005237430167597765,0.009046569483240225
RF,1,0.1,1.0,crp_dataset_8_1_3.csv,crp_dataset_8_1_1.csv,0.7333333333333333,0.8888888888747796,0.4444444444409171,56,7,70,123,0.0252685546875,0.0023809523809523807,0.02288760230654762
RF,1,0.1,1.0,crp_dataset_8_1_3.csv,crp_dataset_8_1_5.csv,0.7333333333333333,0.7878787878549128,0.2599999999974,26,7,74,149,0.039282226562499994,0.007007575757575758,0.03227465080492424
RF,1,0.1,1.0,crp_dataset_8_1_3.csv,crp_dataset_8_1_2.csv,0.7333333333333333,0.9166666666284722,0.18487394957827835,22,2,97,135,0.039453125,0.0018229166666666665,0.03763020833333333
RF,1,0.1,1.0,crp_dataset_8_1_3.csv,crp_dataset_8_1_8.csv,0.7333333333333333,0.7173913043322306,0.2391304347808759,33,13,105,105,0.0283203125,0.007336956521739131,0.02098335597826087
RF,1,0.1,1.0,crp_dataset_8_1_1.csv,crp_dataset_8_1_6.csv,0.67,0.8524590163864553,0.7428571428518368,104,18,36,98,0.026928710937499996,0.009938524590163934,0.01699018634733606
RF,1,0.1,1.0,crp_dataset_8_1_1.csv,crp_dataset_8_1_4.csv,0.67,0.8991596638579902,0.816793893123536,107,12,24,113,0.023046875,0.004359243697478992,0.01868763130252101
RF,1,0.1,1.0,crp_dataset_8_1_1.csv,crp_dataset_8_1_7.csv,0.67,0.9261744966380794,0.627272727269876,138,11,82,25,0.0095703125,0.00700503355704698,0.002565278942953021
RF,1,0.1,1.0,crp_dataset_8_1_1.csv,crp_dataset_8_1_3.csv,0.67,0.7524752475173022,0.4393063583789636,76,25,97,58,0.0196044921875,0.013242574257425744,0.006361917930074255
RF,1,0.1,1.0,crp_dataset_8_1_1.csv,crp_dataset_8_1_5.csv,0.67,0.9999999999827587,0.5799999999941999,58,0,42,156,0.039282226562499994,0.0006465517241379311,0.03863567483836206
RF,1,0.1,1.0,crp_dataset_8_1_1.csv,crp_dataset_8_1_2.csv,0.67,0.9999999999795919,0.41176470587889274,49,0,70,137,0.039453125,0.0010204081632653062,0.038432716836734694
RF,1,0.1,1.0,crp_dataset_8_1_1.csv,crp_dataset_8_1_8.csv,0.67,0.9166666666539351,0.4782608695617518,66,6,72,112,0.0283203125,0.0038194444444444448,0.024500868055555555
RF,1,0.1,1.0,crp_dataset_8_1_5.csv,crp_dataset_8_1_6.csv,0.7033333333333334,0.8548387096636317,0.3785714285687245,53,9,87,107,0.026928710937499996,0.005443548387096774,0.02148516255040322
RF,1,0.1,1.0,crp_dataset_8_1_5.csv,crp_dataset_8_1_4.csv,0.7033333333333334,0.892857142841199,0.38167938931006357,50,6,81,119,0.023046875,0.0035714285714285718,0.01947544642857143
RF,1,0.1,1.0,crp_dataset_8_1_5.csv,crp_dataset_8_1_7.csv,0.7033333333333334,0.999999999990909,0.4999999999977273,110,0,110,36,0.0095703125,0.0002840909090909091,0.009286221590909092
RF,1,0.1,1.0,crp_dataset_8_1_5.csv,crp_dataset_8_1_3.csv,0.7033333333333334,0.949999999988125,0.4393063583789636,76,4,97,79,0.0196044921875,0.00203125,0.017573242187499998
RF,1,0.1,1.0,crp_dataset_8_1_5.csv,crp_dataset_8_1_1.csv,0.7033333333333334,0.9333333332711111,0.11111111111022927,14,1,112,129,0.0252685546875,0.0008333333333333334,0.024435221354166668
RF,1,0.1,1.0,crp_dataset_8_1_5.csv,crp_dataset_8_1_2.csv,0.7033333333333334,0.9999999998333333,0.05042016806680319,6,0,113,137,0.039453125,0.0031250000000000006,0.036328124999999996
RF,1,0.1,1.0,crp_dataset_8_1_5.csv,crp_dataset_8_1_8.csv,0.7033333333333334,0.8571428570204082,0.04347826086925016,6,1,132,117,0.0283203125,0.0035714285714285718,0.024748883928571427
RF,1,0.1,1.0,crp_dataset_8_1_2.csv,crp_dataset_8_1_6.csv,0.6433333333333333,0.5702479338819412,0.985714285707245,138,104,2,12,0.026928710937499996,0.026033057851239667,0.0008956530862603285
RF,1,0.1,1.0,crp_dataset_8_1_2.csv,crp_dataset_8_1_4.csv,0.6433333333333333,0.6132075471669188,0.9923664122061652,130,82,1,43,0.023046875,0.017305424528301888,0.005741450471698113
RF,1,0.1,1.0,crp_dataset_8_1_2.csv,crp_dataset_8_1_7.csv,0.6433333333333333,0.8730158730124087,0.9999999999954546,220,32,0,4,0.0095703125,0.008482142857142858,0.0010881696428571425
RF,1,0.1,1.0,crp_dataset_8_1_2.csv,crp_dataset_8_1_3.csv,0.6433333333333333,0.6942148760301893,0.9710982658903405,168,74,5,9,0.0196044921875,0.018181818181818184,0.001422674005681815
RF,1,0.1,1.0,crp_dataset_8_1_2.csv,crp_dataset_8_1_1.csv,0.6433333333333333,0.6263736263701848,0.9047619047547241,114,68,12,62,0.0252685546875,0.01517857142857143,0.01008998325892857
RF,1,0.1,1.0,crp_dataset_8_1_2.csv,crp_dataset_8_1_5.csv,0.6433333333333333,0.9166666666557539,0.7699999999923,77,7,23,149,0.039282226562499994,0.0026041666666666665,0.03667805989583333
RF,1,0.1,1.0,crp_dataset_8_1_2.csv,crp_dataset_8_1_8.csv,0.6433333333333333,0.8395061728291419,0.4927536231848352,68,13,70,105,0.0283203125,0.010185185185185184,0.018135127314814814
RF,1,0.1,1.0,crp_dataset_8_1_8.csv,crp_dataset_8_1_6.csv,0.7266666666666667,0.37333333333084445,0.39999999999714286,56,94,84,22,0.026928710937499996,0.038125,-0.011196289062500003
RF,1,0.1,1.0,crp_dataset_8_1_8.csv,crp_dataset_8_1_4.csv,0.7266666666666667,0.370370370366941,0.30534351144805083,40,68,91,57,0.023046875,0.02974537037037037,-0.0066984953703703685
RF,1,0.1,1.0,crp_dataset_8_1_8.csv,crp_dataset_8_1_7.csv,0.7266666666666667,0.9818181818092562,0.4909090909068595,108,2,112,34,0.0095703125,0.001875,0.007695312500000001
RF,1,0.1,1.0,crp_dataset_8_1_8.csv,crp_dataset_8_1_3.csv,0.7266666666666667,0.5999999999958621,0.5028901734074978,87,58,86,25,0.0196044921875,0.02482758620689655,-0.005223094019396551
RF,1,0.1,1.0,crp_dataset_8_1_8.csv,crp_dataset_8_1_1.csv,0.7266666666666667,0.4895104895070664,0.5555555555511463,70,73,56,57,0.0252685546875,0.022596153846153846,0.0026724008413461543
RF,1,0.1,1.0,crp_dataset_8_1_8.csv,crp_dataset_8_1_5.csv,0.7266666666666667,0.99999999996,0.2499999999975,25,0,75,156,0.039282226562499994,0.00125,0.03803222656249999
RF,1,0.1,1.0,crp_dataset_8_1_8.csv,crp_dataset_8_1_2.csv,0.7266666666666667,0.9999999999444444,0.15126050420040957,18,0,101,137,0.039453125,0.0010416666666666669,0.03841145833333333
RF,2,0.1,1.0,crp_dataset_8_1_6.csv|crp_dataset_8_1_4.csv,crp_dataset_8_1_7.csv,0.7433333333333333,0.9619565217339024,0.8045454545417976,177,7,43,29,0.0095703125,0.0010190217391304348,0.008551290760869567
RF,2,0.1,1.0,crp_dataset_8_1_6.csv|crp_dataset_8_1_4.csv,crp_dataset_8_1_3.csv,0.7433333333333333,0.9586776859424903,0.670520231209997,116,5,57,78,0.0196044921875,0.0007747933884297521,0.018829698799070246
RF,2,0.1,1.0,crp_dataset_8_1_6.csv|crp_dataset_8_1_4.csv,crp_dataset_8_1_1.csv,0.7433333333333333,0.8999999999871429,0.49999999999603173,63,7,63,123,0.0252685546875,0.002142857142857143,0.023125697544642856
RF,2,0.1,1.0,crp_dataset_8_1_6.csv|crp_dataset_8_1_4.csv,crp_dataset_8_1_5.csv,0.7433333333333333,0.8105263157809418,0.7699999999923,77,18,23,138,0.039282226562499994,0.005131578947368421,0.03415064761513158
RF,2,0.1,1.0,crp_dataset_8_1_6.csv|crp_dataset_8_1_4.csv,crp_dataset_8_1_2.csv,0.7433333333333333,0.8199999999918,0.6890756302463102,82,18,37,119,0.039453125,0.00475,0.034703125
RF,2,0.1,1.0,crp_dataset_8_1_6.csv|crp_dataset_8_1_4.csv,crp_dataset_8_1_8.csv,0.7433333333333333,0.7624999999904687,0.4420289855040433,61,19,77,99,0.0283203125,0.006562500000000001,0.0217578125
RF,2,0.1,1.0,crp_dataset_8_1_6.csv|crp_dataset_8_1_7.csv,crp_dataset_8_1_4.csv,0.8433333333333334,0.909090909083396,0.8396946564821398,110,11,21,114,0.023046875,0.002272727272727273,0.020774147727272728
RF,2,0.1,1.0,crp_dataset_8_1_6.csv|crp_dataset_8_1_7.csv,crp_dataset_8_1_3.csv,0.8433333333333334,0.9491525423648377,0.6473988439268937,112,6,61,77,0.0196044921875,0.0012182203389830507,0.018386271848516947
RF,2,0.1,1.0,crp_dataset_8_1_6.csv|crp_dataset_8_1_7.csv,crp_dataset_8_1_1.csv,0.8433333333333334,0.8955223880463354,0.4761904761866969,60,7,66,123,0.0252685546875,0.002238805970149254,0.023029748717350747
RF,2,0.1,1.0,crp_dataset_8_1_6.csv|crp_dataset_8_1_7.csv,crp_dataset_8_1_5.csv,0.8433333333333334,0.793814432981507,0.7699999999923,77,20,23,136,0.039282226562499994,0.005734536082474227,0.03354769048002577
RF,2,0.1,1.0,crp_dataset_8_1_6.csv|crp_dataset_8_1_7.csv,crp_dataset_8_1_2.csv,0.8433333333333334,0.8118811881107735,0.6890756302463102,82,19,37,118,0.039453125,0.0051361386138613855,0.034316986386138615
RF,2,0.1,1.0,crp_dataset_8_1_6.csv|crp_dataset_8_1_7.csv,crp_dataset_8_1_8.csv,0.8433333333333334,0.753086419743789,0.4420289855040433,61,20,77,98,0.0283203125,0.007253086419753085,0.021067226080246915
RF,2,0.1,1.0,crp_dataset_8_1_6.csv|crp_dataset_8_1_3.csv,crp_dataset_8_1_4.csv,0.5,0.8082191780766561,0.90076335877175,118,28,13,97,0.023046875,0.006592465753424657,0.016454409246575343
RF,2,0.1,1.0,crp_dataset_8_1_6.csv|crp_dataset_8_1_3.csv,crp_dataset_8_1_7.csv,0.5,0.9401709401669224,0.9999999999954546,220,14,0,22,0.0095703125,0.0019764957264957264,0.007593816773504274
RF,2,0.1,1.0,crp_dataset_8_1_6.csv|crp_dataset_8_1_3.csv,crp_dataset_8_1_1.csv,0.5,0.8372093023158463,0.5714285714240362,72,14,54,116,0.0252685546875,0.0053779069767441855,0.019890647710755813
RF,2,0.1,1.0,crp_dataset_8_1_6.csv|crp_dataset_8_1_3.csv,crp_dataset_8_1_5.csv,0.5,0.6722689075573759,0.799999999992,80,39,20,117,0.039282226562499994,0.013445378151260505,0.02583684841123949
RF,2,0.1,1.0,crp_dataset_8_1_6.csv|crp_dataset_8_1_3.csv,crp_dataset_8_1_2.csv,0.5,0.7589285714217953,0.7142857142797119,85,27,34,110,0.039453125,0.010044642857142858,0.029408482142857142
RF,2,0.1,1.0,crp_dataset_8_1_6.csv|crp_dataset_8_1_3.csv,crp_dataset_8_1_8.csv,0.5,0.7173913043426277,0.7173913043426277,99,39,39,79,0.0283203125,0.011820652173913045,0.016499660326086955
RF,2,0.1,1.0,crp_dataset_8_1_6.csv|crp_dataset_8_1_1.csv,crp_dataset_8_1_4.csv,0.6766666666666666,0.9902912621263078,0.7786259541925297,102,1,29,124,0.023046875,0.00030339805825242716,0.022743476941747574
RF,2,0.1,1.0,crp_dataset_8_1_6.csv|crp_dataset_8_1_1.csv,crp_dataset_8_1_7.csv,0.6766666666666666,0.9909909909865271,0.9999999999954546,220,2,0,34,0.0095703125,0.0005067567567567568,0.009063555743243244
RF,2,0.1,1.0,crp_dataset_8_1_6.csv|crp_dataset_8_1_1.csv,crp_dataset_8_1_3.csv,0.6766666666666666,0.9655172413709869,0.6473988439268937,112,4,61,79,0.0196044921875,0.0012392241379310346,0.018365268049568964
RF,2,0.1,1.0,crp_dataset_8_1_6.csv|crp_dataset_8_1_1.csv,crp_dataset_8_1_5.csv,0.6766666666666666,0.9999999999859155,0.7099999999929,71,0,29,156,0.039282226562499994,0.0010563380281690142,0.03822588853433098
RF,2,0.1,1.0,crp_dataset_8_1_6.csv|crp_dataset_8_1_1.csv,crp_dataset_8_1_2.csv,0.6766666666666666,0.9838709677260666,0.5126050420124991,61,1,58,136,0.039453125,0.0013104838709677422,0.038142641129032255
RF,2,0.1,1.0,crp_dataset_8_1_6.csv|crp_dataset_8_1_1.csv,crp_dataset_8_1_8.csv,0.6766666666666666,0.9599999999808001,0.3478260869540013,48,2,90,116,0.0283203125,0.0036250000000000006,0.0246953125
RF,2,0.1,1.0,crp_dataset_8_1_6.csv|crp_dataset_8_1_5.csv,crp_dataset_8_1_4.csv,0.8233333333333334,0.9561403508688058,0.8320610686959385,109,5,22,120,0.023046875,0.0009320175438596492,0.022114857456140353
RF,2,0.1,1.0,crp_dataset_8_1_6.csv|crp_dataset_8_1_5.csv,crp_dataset_8_1_7.csv,0.8233333333333334,0.9864253393620525,0.9909090909045868,218,3,2,33,0.0095703125,0.0005090497737556561,0.009061262726244345
RF,2,0.1,1.0,crp_dataset_8_1_6.csv|crp_dataset_8_1_5.csv,crp_dataset_8_1_3.csv,0.8233333333333334,0.9824561403422591,0.6473988439268937,112,2,61,81,0.0196044921875,0.0002192982456140351,0.019385193941885964
RF,2,0.1,1.0,crp_dataset_8_1_6.csv|crp_dataset_8_1_5.csv,crp_dataset_8_1_1.csv,0.8233333333333334,0.9655172413626636,0.4444444444409171,56,2,70,128,0.0252685546875,0.0006465517241379311,0.024622002963362068
RF,2,0.1,1.0,crp_dataset_8_1_6.csv|crp_dataset_8_1_5.csv,crp_dataset_8_1_2.csv,0.8233333333333334,0.9999999999375,0.13445378151147516,16,0,103,137,0.039453125,0.00078125,0.038671875
RF,2,0.1,1.0,crp_dataset_8_1_6.csv|crp_dataset_8_1_5.csv,crp_dataset_8_1_8.csv,0.8233333333333334,0.8888888888641976,0.2318840579693342,32,4,106,114,0.0283203125,0.0041666666666666675,0.024153645833333334
RF,2,0.1,1.0,crp_dataset_8_1_6.csv|crp_dataset_8_1_2.csv,crp_dataset_8_1_4.csv,0.5,0.8176100628879396,0.9923664122061652,130,29,1,96,0.023046875,0.007311320754716982,0.01573555424528302
RF,2,0.1,1.0,crp_dataset_8_1_6.csv|crp_dataset_8_1_2.csv,crp_dataset_8_1_7.csv,0.5,0.9777777777734321,0.9999999999954546,220,5,0,31,0.0095703125,0.0009722222222222222,0.00859809027777778
RF,2,0.1,1.0,crp_dataset_8_1_6.csv|crp_dataset_8_1_2.csv,crp_dataset_8_1_3.csv,0.5,0.851351351345599,0.7283236994177554,126,22,47,61,0.0196044921875,0.007559121621621621,0.012045370565878379
RF,2,0.1,1.0,crp_dataset_8_1_6.csv|crp_dataset_8_1_2.csv,crp_dataset_8_1_1.csv,0.5,0.6307692307643787,0.6507936507884857,82,48,44,82,0.0252685546875,0.013461538461538462,0.011807016225961538
RF,2,0.1,1.0,crp_dataset_8_1_6.csv|crp_dataset_8_1_2.csv,crp_dataset_8_1_5.csv,0.5,0.857142857133438,0.7799999999921999,78,13,22,143,0.039282226562499994,0.005013736263736263,0.034268490298763735
RF,2,0.1,1.0,crp_dataset_8_1_6.csv|crp_dataset_8_1_2.csv,crp_dataset_8_1_8.csv,0.5,0.6802721088389098,0.7246376811541694,100,47,38,71,0.0283203125,0.017176870748299322,0.011143441751700678
RF,2,0.1,1.0,crp_dataset_8_1_6.csv|crp_dataset_8_1_8.csv,crp_dataset_8_1_4.csv,0.78,0.8308823529350671,0.8625954198407436,113,23,18,102,0.023046875,0.007582720588235294,0.015464154411764706
RF,2,0.1,1.0,crp_dataset_8_1_6.csv|crp_dataset_8_1_8.csv,crp_dataset_8_1_7.csv,0.78,0.9401709401669224,0.9999999999954546,220,14,0,22,0.0095703125,0.003605769230769231,0.00596454326923077
RF,2,0.1,1.0,crp_dataset_8_1_6.csv|crp_dataset_8_1_8.csv,crp_dataset_8_1_3.csv,0.78,0.931297709916555,0.705202312134652,122,9,51,74,0.0196044921875,0.003148854961832061,0.016455637225667938
RF,2,0.1,1.0,crp_dataset_8_1_6.csv|crp_dataset_8_1_8.csv,crp_dataset_8_1_1.csv,0.78,0.888888888877915,0.5714285714240362,72,9,54,121,0.0252685546875,0.004089506172839506,0.021179048514660494
RF,2,0.1,1.0,crp_dataset_8_1_6.csv|crp_dataset_8_1_8.csv,crp_dataset_8_1_5.csv,0.78,0.9838709677260666,0.6099999999939,61,1,39,155,0.039282226562499994,0.0020161290322580645,0.03726609753024193
RF,2,0.1,1.0,crp_dataset_8_1_6.csv|crp_dataset_8_1_8.csv,crp_dataset_8_1_2.csv,0.78,0.9999999999833334,0.504201680668032,60,0,59,137,0.039453125,0.001354166666666667,0.03809895833333333
RF,2,0.1,1.0,crp_dataset_8_1_4.csv|crp_dataset_8_1_7.csv,crp_dataset_8_1_6.csv,0.5,0.9574468085004526,0.642857142852551,90,4,50,112,0.026928710937499996,0.0009973404255319148,0.02593137051196808
RF,2,0.1,1.0,crp_dataset_8_1_4.csv|crp_dataset_8_1_7.csv,crp_dataset_8_1_3.csv,0.5,0.9259259259190673,0.7225433525969795,125,10,48,73,0.0196044921875,0.002777777777777778,0.01682671440972222
RF,2,0.1,1.0,crp_dataset_8_1_4.csv|crp_dataset_8_1_7.csv,crp_dataset_8_1_1.csv,0.5,0.7717391304263941,0.5634920634875913,71,21,55,109,0.0252685546875,0.00516304347826087,0.02010551120923913
RF,2,0.1,1.0,crp_dataset_8_1_4.csv|crp_dataset_8_1_7.csv,crp_dataset_8_1_5.csv,0.5,0.799999999992,0.799999999992,80,20,20,136,0.039282226562499994,0.005312500000000001,0.0339697265625
RF,2,0.1,1.0,crp_dataset_8_1_4.csv|crp_dataset_8_1_7.csv,crp_dataset_8_1_2.csv,0.5,0.8118811881107735,0.6890756302463102,82,19,37,118,0.039453125,0.0051361386138613855,0.034316986386138615
RF,2,0.1,1.0,crp_dataset_8_1_4.csv|crp_dataset_8_1_7.csv,crp_dataset_8_1_8.csv,0.5,0.7363636363569421,0.5869565217348772,81,29,57,89,0.0283203125,0.006818181818181818,0.021502130681818183
RF,2,0.1,1.0,crp_dataset_8_1_4.csv|crp_dataset_8_1_3.csv,crp_dataset_8_1_6.csv,0.6866666666666666,0.7151515151471809,0.8428571428511226,118,47,22,69,0.026928710937499996,0.01534090909090909,0.011587801846590905
RF,2,0.1,1.0,crp_dataset_8_1_4.csv|crp_dataset_8_1_3.csv,crp_dataset_8_1_7.csv,0.6866666666666666,0.9523809523768295,0.9999999999954546,220,11,0,25,0.0095703125,0.001461038961038961,0.00810927353896104
RF,2,0.1,1.0,crp_dataset_8_1_4.csv|crp_dataset_8_1_3.csv,crp_dataset_8_1_1.csv,0.6866666666666666,0.8823529411634947,0.4761904761866969,60,8,66,122,0.0252685546875,0.0029411764705882353,0.022327378216911765
RF,2,0.1,1.0,crp_dataset_8_1_4.csv|crp_dataset_8_1_3.csv,crp_dataset_8_1_5.csv,0.6866666666666666,0.793814432981507,0.7699999999923,77,20,23,136,0.039282226562499994,0.005734536082474227,0.03354769048002577
RF,2,0.1,1.0,crp_dataset_8_1_4.csv|crp_dataset_8_1_3.csv,crp_dataset_8_1_2.csv,0.6866666666666666,0.8118811881107735,0.6890756302463102,82,19,37,118,0.039453125,0.0051361386138613855,0.034316986386138615
RF,2,0.1,1.0,crp_dataset_8_1_4.csv|crp_dataset_8_1_3.csv,crp_dataset_8_1_8.csv,0.6866666666666666,0.753086419743789,0.4420289855040433,61,20,77,98,0.0283203125,0.007253086419753085,0.021067226080246915
RF,2,0.1,1.0,crp_dataset_8_1_4.csv|crp_dataset_8_1_1.csv,crp_dataset_8_1_6.csv,0.6333333333333333,0.9811320754624421,0.7428571428518368,104,2,36,114,0.026928710937499996,0.0006485849056603774,0.02628012603183962
RF,2,0.1,1.0,crp_dataset_8_1_4.csv|crp_dataset_8_1_1.csv,crp_dataset_8_1_7.csv,0.6333333333333333,0.9999999999954546,0.9999999999954546,220,0,0,36,0.0095703125,0.00034090909090909094,0.00922940340909091
RF,2,0.1,1.0,crp_dataset_8_1_4.csv|crp_dataset_8_1_1.csv,crp_dataset_8_1_3.csv,0.6333333333333333,0.9166666666597223,0.6994219653138762,121,11,52,72,0.0196044921875,0.003977272727272728,0.01562721946022727
RF,2,0.1,1.0,crp_dataset_8_1_4.csv|crp_dataset_8_1_1.csv,crp_dataset_8_1_5.csv,0.6333333333333333,0.9999999999870129,0.7699999999923,77,0,23,156,0.039282226562499994,0.0013798701298701301,0.03790235643262987
RF,2,0.1,1.0,crp_dataset_8_1_4.csv|crp_dataset_8_1_1.csv,crp_dataset_8_1_2.csv,0.6333333333333333,0.9425287356213502,0.6890756302463102,82,5,37,132,0.039453125,0.0020114942528735636,0.037441630747126434
RF,2,0.1,1.0,crp_dataset_8_1_4.csv|crp_dataset_8_1_1.csv,crp_dataset_8_1_8.csv,0.6333333333333333,0.9047619047511337,0.5507246376771687,76,8,62,110,0.0283203125,0.0037202380952380937,0.024600074404761908
RF,2,0.1,1.0,crp_dataset_8_1_4.csv|crp_dataset_8_1_5.csv,crp_dataset_8_1_6.csv,0.5,0.8114754098294141,0.7071428571378062,99,23,41,93,0.026928710937499996,0.007684426229508197,0.019244284707991798
RF,2,0.1,1.0,crp_dataset_8_1_4.csv|crp_dataset_8_1_5.csv,crp_dataset_8_1_7.csv,0.5,0.9821428571384726,0.9999999999954546,220,4,0,32,0.0095703125,0.0005859375,0.008984375000000001
RF,2,0.1,1.0,crp_dataset_8_1_4.csv|crp_dataset_8_1_5.csv,crp_dataset_8_1_3.csv,0.5,0.8809523809471372,0.8554913294748238,148,20,25,63,0.0196044921875,0.005394345238095238,0.014210146949404761
RF,2,0.1,1.0,crp_dataset_8_1_4.csv|crp_dataset_8_1_5.csv,crp_dataset_8_1_1.csv,0.5,0.7872340425448167,0.5873015872969262,74,20,52,110,0.0252685546875,0.00824468085106383,0.017023873836436172
RF,2,0.1,1.0,crp_dataset_8_1_4.csv|crp_dataset_8_1_5.csv,crp_dataset_8_1_2.csv,0.5,0.8805970149188016,0.9915966386471294,118,16,1,121,0.039453125,0.005083955223880597,0.0343691697761194
RF,2,0.1,1.0,crp_dataset_8_1_4.csv|crp_dataset_8_1_5.csv,crp_dataset_8_1_8.csv,0.5,0.7092198581509985,0.7246376811541694,100,41,38,77,0.0283203125,0.01023936170212766,0.01808095079787234
RF,2,0.1,1.0,crp_dataset_8_1_4.csv|crp_dataset_8_1_2.csv,crp_dataset_8_1_6.csv,0.7166666666666667,0.9999999999866667,0.5357142857104592,75,0,65,116,0.026928710937499996,0.0,0.026928710937499996
RF,2,0.1,1.0,crp_dataset_8_1_4.csv|crp_dataset_8_1_2.csv,crp_dataset_8_1_7.csv,0.7166666666666667,0.9999999999953488,0.9772727272682852,215,0,5,36,0.0095703125,0.00020348837209302326,0.009366824127906978
RF,2,0.1,1.0,crp_dataset_8_1_4.csv|crp_dataset_8_1_2.csv,crp_dataset_8_1_3.csv,0.7166666666666667,0.9999999999910714,0.6473988439268937,112,0,61,83,0.0196044921875,0.0,0.0196044921875
RF,2,0.1,1.0,crp_dataset_8_1_4.csv|crp_dataset_8_1_2.csv,crp_dataset_8_1_1.csv,0.7166666666666667,0.9999999999833334,0.4761904761866969,60,0,66,130,0.0252685546875,0.00010416666666666667,0.025164388020833334
RF,2,0.1,1.0,crp_dataset_8_1_4.csv|crp_dataset_8_1_2.csv,crp_dataset_8_1_5.csv,0.7166666666666667,0.9999999999870129,0.7699999999923,77,0,23,156,0.039282226562499994,0.0013798701298701301,0.03790235643262987
RF,2,0.1,1.0,crp_dataset_8_1_4.csv|crp_dataset_8_1_2.csv,crp_dataset_8_1_8.csv,0.7166666666666667,0.9999999999836067,0.4420289855040433,61,0,77,118,0.0283203125,0.0029713114754098364,0.025349001024590163
RF,2,0.1,1.0,crp_dataset_8_1_4.csv|crp_dataset_8_1_8.csv,crp_dataset_8_1_6.csv,0.8433333333333334,0.99999999975,0.02857142857122449,4,0,136,116,0.026928710937499996,0.0,0.026928710937499996
RF,2,0.1,1.0,crp_dataset_8_1_4.csv|crp_dataset_8_1_8.csv,crp_dataset_8_1_7.csv,0.8433333333333334,0.9999999999411765,0.07727272727237604,17,0,203,36,0.0095703125,0.0,0.0095703125
RF,2,0.1,1.0,crp_dataset_8_1_4.csv|crp_dataset_8_1_8.csv,crp_dataset_8_1_3.csv,0.8433333333333334,0.999999999978261,0.2658959537556885,46,0,127,83,0.0196044921875,0.0,0.0196044921875
RF,2,0.1,1.0,crp_dataset_8_1_4.csv|crp_dataset_8_1_8.csv,crp_dataset_8_1_1.csv,0.8433333333333334,0.9999999999743591,0.309523809521353,39,0,87,130,0.0252685546875,0.00016025641025641026,0.02510829827724359
RF,2,0.1,1.0,crp_dataset_8_1_4.csv|crp_dataset_8_1_8.csv,crp_dataset_8_1_5.csv,0.8433333333333334,0.9999999999807693,0.5199999999948,52,0,48,156,0.039282226562499994,0.0008413461538461539,0.038440880408653844
RF,2,0.1,1.0,crp_dataset_8_1_4.csv|crp_dataset_8_1_8.csv,crp_dataset_8_1_2.csv,0.8433333333333334,0.9999999999687501,0.2689075630229503,32,0,87,137,0.039453125,0.00078125,0.038671875
RF,2,0.1,1.0,crp_dataset_8_1_7.csv|crp_dataset_8_1_3.csv,crp_dataset_8_1_6.csv,0.5,0.7361963190138884,0.8571428571367348,120,43,20,73,0.026928710937499996,0.01388036809815951,0.013048342839340485
RF,2,0.1,1.0,crp_dataset_8_1_7.csv|crp_dataset_8_1_3.csv,crp_dataset_8_1_4.csv,0.5,0.8730158730089443,0.8396946564821398,110,16,21,109,0.023046875,0.0038690476190476196,0.019177827380952382
RF,2,0.1,1.0,crp_dataset_8_1_7.csv|crp_dataset_8_1_3.csv,crp_dataset_8_1_1.csv,0.5,0.8823529411634947,0.4761904761866969,60,8,66,122,0.0252685546875,0.0029411764705882353,0.022327378216911765
RF,2,0.1,1.0,crp_dataset_8_1_7.csv|crp_dataset_8_1_3.csv,crp_dataset_8_1_5.csv,0.5,0.793814432981507,0.7699999999923,77,20,23,136,0.039282226562499994,0.005734536082474227,0.03354769048002577
RF,2,0.1,1.0,crp_dataset_8_1_7.csv|crp_dataset_8_1_3.csv,crp_dataset_8_1_2.csv,0.5,0.8118811881107735,0.6890756302463102,82,19,37,118,0.039453125,0.0051361386138613855,0.034316986386138615
RF,2,0.1,1.0,crp_dataset_8_1_7.csv|crp_dataset_8_1_3.csv,crp_dataset_8_1_8.csv,0.5,0.753086419743789,0.4420289855040433,61,20,77,98,0.0283203125,0.007253086419753085,0.021067226080246915
RF,2,0.1,1.0,crp_dataset_8_1_7.csv|crp_dataset_8_1_1.csv,crp_dataset_8_1_6.csv,0.5,0.89430894308216,0.7857142857086735,110,13,30,103,0.026928710937499996,0.004827235772357724,0.02210147516514227
RF,2,0.1,1.0,crp_dataset_8_1_7.csv|crp_dataset_8_1_1.csv,crp_dataset_8_1_4.csv,0.5,0.8785714285651531,0.9389312977027563,123,17,8,108,0.023046875,0.004330357142857144,0.01871651785714286
RF,2,0.1,1.0,crp_dataset_8_1_7.csv|crp_dataset_8_1_1.csv,crp_dataset_8_1_3.csv,0.5,0.9064748201373636,0.7283236994177554,126,13,47,70,0.0196044921875,0.0038669064748201444,0.015737585712679854
RF,2,0.1,1.0,crp_dataset_8_1_7.csv|crp_dataset_8_1_1.csv,crp_dataset_8_1_5.csv,0.5,0.9999999999870129,0.7699999999923,77,0,23,156,0.039282226562499994,0.0013798701298701301,0.03790235643262987
RF,2,0.1,1.0,crp_dataset_8_1_7.csv|crp_dataset_8_1_1.csv,crp_dataset_8_1_2.csv,0.5,0.9425287356213502,0.6890756302463102,82,5,37,132,0.039453125,0.0020114942528735636,0.037441630747126434
RF,2,0.1,1.0,crp_dataset_8_1_7.csv|crp_dataset_8_1_1.csv,crp_dataset_8_1_8.csv,0.5,0.9531249999851074,0.4420289855040433,61,3,77,115,0.0283203125,0.00341796875,0.02490234375
RF,2,0.1,1.0,crp_dataset_8_1_7.csv|crp_dataset_8_1_5.csv,crp_dataset_8_1_6.csv,0.73,0.9870129870001686,0.5428571428532654,76,1,64,115,0.026928710937499996,0.00024350649350649353,0.026685204443993502
RF,2,0.1,1.0,crp_dataset_8_1_7.csv|crp_dataset_8_1_5.csv,crp_dataset_8_1_4.csv,0.73,0.9649122806932902,0.8396946564821398,110,4,21,121,0.023046875,0.0007127192982456142,0.02233415570175439
RF,2,0.1,1.0,crp_dataset_8_1_7.csv|crp_dataset_8_1_5.csv,crp_dataset_8_1_3.csv,0.73,0.9572649572567755,0.6473988439268937,112,5,61,78,0.0196044921875,0.0008012820512820513,0.018803210136217947
RF,2,0.1,1.0,crp_dataset_8_1_7.csv|crp_dataset_8_1_5.csv,crp_dataset_8_1_1.csv,0.73,0.9374999999853515,0.4761904761866969,60,4,66,126,0.0252685546875,0.00087890625,0.0243896484375
RF,2,0.1,1.0,crp_dataset_8_1_7.csv|crp_dataset_8_1_5.csv,crp_dataset_8_1_2.csv,0.73,0.8939393939258493,0.4957983193235647,59,7,60,130,0.039453125,0.0024621212121212124,0.036991003787878785
RF,2,0.1,1.0,crp_dataset_8_1_7.csv|crp_dataset_8_1_5.csv,crp_dataset_8_1_8.csv,0.73,0.7974683544202852,0.4565217391271267,63,16,75,102,0.0283203125,0.004825949367088606,0.023494363132911394
RF,2,0.1,1.0,crp_dataset_8_1_7.csv|crp_dataset_8_1_2.csv,crp_dataset_8_1_6.csv,0.7733333333333333,0.9999999999868421,0.5428571428532654,76,0,64,116,0.026928710937499996,8.223684210526316e-05,0.026846474095394732
RF,2,0.1,1.0,crp_dataset_8_1_7.csv|crp_dataset_8_1_2.csv,crp_dataset_8_1_4.csv,0.7733333333333333,0.999999999990909,0.8396946564821398,110,0,21,125,0.023046875,0.0002840909090909091,0.022762784090909094
RF,2,0.1,1.0,crp_dataset_8_1_7.csv|crp_dataset_8_1_2.csv,crp_dataset_8_1_3.csv,0.7733333333333333,0.9999999999910714,0.6473988439268937,112,0,61,83,0.0196044921875,0.0,0.0196044921875
RF,2,0.1,1.0,crp_dataset_8_1_7.csv|crp_dataset_8_1_2.csv,crp_dataset_8_1_1.csv,0.7733333333333333,0.9999999999833334,0.4761904761866969,60,0,66,130,0.0252685546875,0.00010416666666666667,0.025164388020833334
RF,2,0.1,1.0,crp_dataset_8_1_7.csv|crp_dataset_8_1_2.csv,crp_dataset_8_1_5.csv,0.7733333333333333,0.9999999999866667,0.7499999999925,75,0,25,156,0.039282226562499994,0.00125,0.03803222656249999
RF,2,0.1,1.0,crp_dataset_8_1_7.csv|crp_dataset_8_1_2.csv,crp_dataset_8_1_8.csv,0.7733333333333333,0.9999999999811321,0.38405797101170974,53,0,85,118,0.0283203125,0.0024764150943396234,0.025843897405660378
RF,2,0.1,1.0,crp_dataset_8_1_7.csv|crp_dataset_8_1_8.csv,crp_dataset_8_1_6.csv,0.6833333333333333,0.9999999999791668,0.34285714285469393,48,0,92,116,0.026928710937499996,0.0,0.026928710937499996
RF,2,0.1,1.0,crp_dataset_8_1_7.csv|crp_dataset_8_1_8.csv,crp_dataset_8_1_4.csv,0.6833333333333333,0.7986577181154453,0.9083969465579512,119,30,12,95,0.023046875,0.010528523489932887,0.012518351510067114
RF,2,0.1,1.0,crp_dataset_8_1_7.csv|crp_dataset_8_1_8.csv,crp_dataset_8_1_3.csv,0.6833333333333333,0.9117647058756488,0.7167630057762038,124,12,49,71,0.0196044921875,0.006755514705882352,0.012848977481617646
RF,2,0.1,1.0,crp_dataset_8_1_7.csv|crp_dataset_8_1_8.csv,crp_dataset_8_1_1.csv,0.6833333333333333,0.6896551724098297,0.9523809523733938,120,54,6,76,0.0252685546875,0.014511494252873562,0.010757060434626438
RF,2,0.1,1.0,crp_dataset_8_1_7.csv|crp_dataset_8_1_8.csv,crp_dataset_8_1_5.csv,0.6833333333333333,0.9999999999843749,0.6399999999936,64,0,36,156,0.039282226562499994,0.00126953125,0.0380126953125
RF,2,0.1,1.0,crp_dataset_8_1_7.csv|crp_dataset_8_1_8.csv,crp_dataset_8_1_2.csv,0.6833333333333333,0.9859154929438603,0.5882352941127039,70,1,49,136,0.039453125,0.0014084507042253524,0.03804467429577465
RF,2,0.1,1.0,crp_dataset_8_1_3.csv|crp_dataset_8_1_1.csv,crp_dataset_8_1_6.csv,0.5,0.6699029126181073,0.985714285707245,138,68,2,48,0.026928710937499996,0.017111650485436895,0.009817060452063101
RF,2,0.1,1.0,crp_dataset_8_1_3.csv|crp_dataset_8_1_1.csv,crp_dataset_8_1_4.csv,0.5,0.8041958041901806,0.8778625954131462,115,28,16,97,0.023046875,0.007736013986013987,0.015310861013986014
RF,2,0.1,1.0,crp_dataset_8_1_3.csv|crp_dataset_8_1_1.csv,crp_dataset_8_1_7.csv,0.5,0.9053497942349574,0.9999999999954546,220,23,0,13,0.0095703125,0.005812757201646091,0.0037575552983539094
RF,2,0.1,1.0,crp_dataset_8_1_3.csv|crp_dataset_8_1_1.csv,crp_dataset_8_1_5.csv,0.5,0.9624999999879688,0.7699999999923,77,3,23,153,0.039282226562499994,0.002109375,0.0371728515625
RF,2,0.1,1.0,crp_dataset_8_1_3.csv|crp_dataset_8_1_1.csv,crp_dataset_8_1_2.csv,0.5,0.9318181818075929,0.6890756302463102,82,6,37,131,0.039453125,0.002130681818181818,0.03732244318181818
RF,2,0.1,1.0,crp_dataset_8_1_3.csv|crp_dataset_8_1_1.csv,crp_dataset_8_1_8.csv,0.5,0.8076923076845414,0.6086956521695023,84,20,54,98,0.0283203125,0.005228365384615384,0.023091947115384617
RF,2,0.1,1.0,crp_dataset_8_1_3.csv|crp_dataset_8_1_5.csv,crp_dataset_8_1_6.csv,0.76,0.8877551020317576,0.6214285714241327,87,11,53,105,0.026928710937499996,0.005739795918367347,0.02118891501913265
RF,2,0.1,1.0,crp_dataset_8_1_3.csv|crp_dataset_8_1_5.csv,crp_dataset_8_1_4.csv,0.76,0.9417475728063908,0.7404580152615233,97,6,34,119,0.023046875,0.0014563106796116505,0.02159056432038835
RF,2,0.1,1.0,crp_dataset_8_1_3.csv|crp_dataset_8_1_5.csv,crp_dataset_8_1_7.csv,0.76,0.9954337899497926,0.9909090909045868,218,1,2,35,0.0095703125,0.0003710045662100457,0.009199307933789955
RF,2,0.1,1.0,crp_dataset_8_1_3.csv|crp_dataset_8_1_5.csv,crp_dataset_8_1_1.csv,0.76,0.946428571411671,0.42063492063158225,53,3,73,127,0.0252685546875,0.0011160714285714285,0.024152483258928572
RF,2,0.1,1.0,crp_dataset_8_1_3.csv|crp_dataset_8_1_5.csv,crp_dataset_8_1_2.csv,0.76,0.999999999875,0.06722689075573758,8,0,111,137,0.039453125,0.00078125,0.038671875
RF,2,0.1,1.0,crp_dataset_8_1_3.csv|crp_dataset_8_1_5.csv,crp_dataset_8_1_8.csv,0.76,0.9999999999473684,0.13768115941929218,19,0,119,118,0.0283203125,0.0029605263157894738,0.025359786184210528
RF,2,0.1,1.0,crp_dataset_8_1_3.csv|crp_dataset_8_1_2.csv,crp_dataset_8_1_6.csv,0.6233333333333333,0.6785714285679665,0.9499999999932144,133,63,7,53,0.026928710937499996,0.017028061224489795,0.0099006497130102
RF,2,0.1,1.0,crp_dataset_8_1_3.csv|crp_dataset_8_1_2.csv,crp_dataset_8_1_4.csv,0.6233333333333333,0.914529914522098,0.816793893123536,107,10,24,115,0.023046875,0.0030982905982905986,0.019948584401709404
RF,2,0.1,1.0,crp_dataset_8_1_3.csv|crp_dataset_8_1_2.csv,crp_dataset_8_1_7.csv,0.6233333333333333,0.9605263157852609,0.9954545454500207,219,9,1,27,0.0095703125,0.0013706140350877192,0.00819969846491228
RF,2,0.1,1.0,crp_dataset_8_1_3.csv|crp_dataset_8_1_2.csv,crp_dataset_8_1_1.csv,0.6233333333333333,0.9374999999853515,0.4761904761866969,60,4,66,126,0.0252685546875,0.0013671875000000001,0.0239013671875
RF,2,0.1,1.0,crp_dataset_8_1_3.csv|crp_dataset_8_1_2.csv,crp_dataset_8_1_5.csv,0.6233333333333333,0.9999999999870129,0.7699999999923,77,0,23,156,0.039282226562499994,0.0013798701298701301,0.03790235643262987
RF,2,0.1,1.0,crp_dataset_8_1_3.csv|crp_dataset_8_1_2.csv,crp_dataset_8_1_8.csv,0.6233333333333333,0.964285714268495,0.39130434782325146,54,2,84,116,0.0283203125,0.0029017857142857144,0.025418526785714286
RF,2,0.1,1.0,crp_dataset_8_1_3.csv|crp_dataset_8_1_8.csv,crp_dataset_8_1_6.csv,0.6833333333333333,0.922330097078424,0.6785714285665817,95,8,45,108,0.026928710937499996,0.00491504854368932,0.022013662393810675
RF,2,0.1,1.0,crp_dataset_8_1_3.csv|crp_dataset_8_1_8.csv,crp_dataset_8_1_4.csv,0.6833333333333333,0.9565217391221171,0.8396946564821398,110,5,21,120,0.023046875,0.0012499999999999998,0.021796875
RF,2,0.1,1.0,crp_dataset_8_1_3.csv|crp_dataset_8_1_8.csv,crp_dataset_8_1_7.csv,0.6833333333333333,0.9999999999954546,0.9999999999954546,220,0,0,36,0.0095703125,0.00034090909090909094,0.00922940340909091
RF,2,0.1,1.0,crp_dataset_8_1_3.csv|crp_dataset_8_1_8.csv,crp_dataset_8_1_1.csv,0.6833333333333333,0.9411764705743945,0.5079365079324767,64,4,62,126,0.0252685546875,0.0013786764705882354,0.023889878216911766
RF,2,0.1,1.0,crp_dataset_8_1_3.csv|crp_dataset_8_1_8.csv,crp_dataset_8_1_5.csv,0.6833333333333333,0.9999999999870129,0.7699999999923,77,0,23,156,0.039282226562499994,0.0013798701298701301,0.03790235643262987
RF,2,0.1,1.0,crp_dataset_8_1_3.csv|crp_dataset_8_1_8.csv,crp_dataset_8_1_2.csv,0.6833333333333333,0.9647058823415916,0.6890756302463102,82,3,37,134,0.039453125,0.0017647058823529415,0.03768841911764706
RF,2,0.1,1.0,crp_dataset_8_1_1.csv|crp_dataset_8_1_5.csv,crp_dataset_8_1_6.csv,0.64,0.6199095022596385,0.9785714285644388,137,84,3,32,0.026928710937499996,0.023048642533936653,0.003880068403563343
RF,2,0.1,1.0,crp_dataset_8_1_1.csv|crp_dataset_8_1_5.csv,crp_dataset_8_1_4.csv,0.64,0.8992805755330988,0.9541984732751588,125,14,6,111,0.023046875,0.0031474820143884896,0.01989939298561151
RF,2,0.1,1.0,crp_dataset_8_1_1.csv|crp_dataset_8_1_5.csv,crp_dataset_8_1_7.csv,0.64,0.9205020920463578,0.9999999999954546,220,19,0,17,0.0095703125,0.005360878661087866,0.0042094338389121345
RF,2,0.1,1.0,crp_dataset_8_1_1.csv|crp_dataset_8_1_5.csv,crp_dataset_8_1_3.csv,0.64,0.7860696517373827,0.9132947976825821,158,43,15,40,0.0196044921875,0.010509950248756218,0.009094541938743782
RF,2,0.1,1.0,crp_dataset_8_1_1.csv|crp_dataset_8_1_5.csv,crp_dataset_8_1_2.csv,0.64,0.9099099099017125,0.848739495791187,101,10,18,127,0.039453125,0.004448198198198199,0.0350049268018018
RF,2,0.1,1.0,crp_dataset_8_1_1.csv|crp_dataset_8_1_5.csv,crp_dataset_8_1_8.csv,0.64,0.9240506328996955,0.5289855072425437,73,6,65,112,0.0283203125,0.0040348101265822766,0.024285502373417724
RF,2,0.1,1.0,crp_dataset_8_1_1.csv|crp_dataset_8_1_2.csv,crp_dataset_8_1_6.csv,0.66,0.6855670103057445,0.9499999999932144,133,61,7,55,0.026928710937499996,0.016172680412371136,0.01075603052512886
RF,2,0.1,1.0,crp_dataset_8_1_1.csv|crp_dataset_8_1_2.csv,crp_dataset_8_1_4.csv,0.66,0.931297709916555,0.931297709916555,122,9,9,116,0.023046875,0.002051526717557252,0.02099534828244275
RF,2,0.1,1.0,crp_dataset_8_1_1.csv|crp_dataset_8_1_2.csv,crp_dataset_8_1_7.csv,0.66,0.9243697478952758,0.9999999999954546,220,18,0,18,0.0095703125,0.003046218487394958,0.006524094012605043
RF,2,0.1,1.0,crp_dataset_8_1_1.csv|crp_dataset_8_1_2.csv,crp_dataset_8_1_3.csv,0.66,0.8764705882301385,0.8612716762955996,149,21,24,62,0.0196044921875,0.0058823529411764705,0.013722139246323529
RF,2,0.1,1.0,crp_dataset_8_1_1.csv|crp_dataset_8_1_2.csv,crp_dataset_8_1_5.csv,0.66,0.9390243902324509,0.7699999999923,77,5,23,151,0.039282226562499994,0.002134146341463415,0.03714808022103658
RF,2,0.1,1.0,crp_dataset_8_1_1.csv|crp_dataset_8_1_2.csv,crp_dataset_8_1_8.csv,0.66,0.8714285714161224,0.4420289855040433,61,9,77,109,0.0283203125,0.00419642857142857,0.02412388392857143
RF,2,0.1,1.0,crp_dataset_8_1_1.csv|crp_dataset_8_1_8.csv,crp_dataset_8_1_6.csv,0.77,0.9999999995,0.014285714285612245,2,0,138,116,0.026928710937499996,0.0,0.026928710937499996
RF,2,0.1,1.0,crp_dataset_8_1_1.csv|crp_dataset_8_1_8.csv,crp_dataset_8_1_4.csv,0.77,0.9999999999846153,0.4961832061030826,65,0,66,125,0.023046875,0.0,0.023046875
RF,2,0.1,1.0,crp_dataset_8_1_1.csv|crp_dataset_8_1_8.csv,crp_dataset_8_1_7.csv,0.77,0.99999999975,0.01818181818173554,4,0,216,36,0.0095703125,0.0,0.0095703125
RF,2,0.1,1.0,crp_dataset_8_1_1.csv|crp_dataset_8_1_8.csv,crp_dataset_8_1_3.csv,0.77,0.9999999999545455,0.1271676300570684,22,0,151,83,0.0196044921875,0.0,0.0196044921875
RF,2,0.1,1.0,crp_dataset_8_1_1.csv|crp_dataset_8_1_8.csv,crp_dataset_8_1_5.csv,0.77,0.9661016948988796,0.5699999999943,57,2,43,154,0.039282226562499994,0.002436440677966102,0.03684578588453389
RF,2,0.1,1.0,crp_dataset_8_1_1.csv|crp_dataset_8_1_8.csv,crp_dataset_8_1_2.csv,0.77,0.9999999999772728,0.3697478991565567,44,0,75,137,0.039453125,0.000994318181818182,0.03845880681818182
RF,2,0.1,1.0,crp_dataset_8_1_5.csv|crp_dataset_8_1_2.csv,crp_dataset_8_1_6.csv,0.8266666666666667,0.9999999999866667,0.5357142857104592,75,0,65,116,0.026928710937499996,0.0,0.026928710937499996
RF,2,0.1,1.0,crp_dataset_8_1_5.csv|crp_dataset_8_1_2.csv,crp_dataset_8_1_4.csv,0.8266666666666667,0.999999999989899,0.7557251908339259,99,0,32,125,0.023046875,0.0,0.023046875
RF,2,0.1,1.0,crp_dataset_8_1_5.csv|crp_dataset_8_1_2.csv,crp_dataset_8_1_7.csv,0.8266666666666667,0.9999999999941177,0.7727272727237604,170,0,50,36,0.0095703125,0.0,0.0095703125
RF,2,0.1,1.0,crp_dataset_8_1_5.csv|crp_dataset_8_1_2.csv,crp_dataset_8_1_3.csv,0.8266666666666667,0.9999999999913043,0.6647398843892212,115,0,58,83,0.0196044921875,0.0,0.0196044921875
RF,2,0.1,1.0,crp_dataset_8_1_5.csv|crp_dataset_8_1_2.csv,crp_dataset_8_1_1.csv,0.8266666666666667,0.9999999999824563,0.45238095237736203,57,0,69,130,0.0252685546875,0.0,0.0252685546875
RF,2,0.1,1.0,crp_dataset_8_1_5.csv|crp_dataset_8_1_2.csv,crp_dataset_8_1_8.csv,0.8266666666666667,0.9999999999615384,0.18840579710008404,26,0,112,118,0.0283203125,0.0,0.0283203125
RF,2,0.1,1.0,crp_dataset_8_1_5.csv|crp_dataset_8_1_8.csv,crp_dataset_8_1_6.csv,0.68,0.5737704918009272,0.9999999999928573,140,104,0,12,0.026928710937499996,0.025973360655737708,0.0009553502817622878
RF,2,0.1,1.0,crp_dataset_8_1_5.csv|crp_dataset_8_1_8.csv,crp_dataset_8_1_4.csv,0.68,0.5586854460067667,0.9083969465579512,119,94,12,31,0.023046875,0.0193075117370892,0.0037393632629108
RF,2,0.1,1.0,crp_dataset_8_1_5.csv|crp_dataset_8_1_8.csv,crp_dataset_8_1_7.csv,0.68,0.8870967741899715,0.9999999999954546,220,28,0,8,0.0095703125,0.008996975806451613,0.0005733366935483878
RF,2,0.1,1.0,crp_dataset_8_1_5.csv|crp_dataset_8_1_8.csv,crp_dataset_8_1_3.csv,0.68,0.7008547008517058,0.9479768786072372,164,70,9,13,0.0196044921875,0.017601495726495726,0.002002996461004273
RF,2,0.1,1.0,crp_dataset_8_1_5.csv|crp_dataset_8_1_8.csv,crp_dataset_8_1_1.csv,0.68,0.7083333333284144,0.8095238095173847,102,42,24,88,0.0252685546875,0.010807291666666666,0.014461263020833334
RF,2,0.1,1.0,crp_dataset_8_1_5.csv|crp_dataset_8_1_8.csv,crp_dataset_8_1_2.csv,0.68,0.9999999999761906,0.35294117646762235,42,0,77,137,0.039453125,0.0011904761904761906,0.038262648809523805
RF,2,0.1,1.0,crp_dataset_8_1_2.csv|crp_dataset_8_1_8.csv,crp_dataset_8_1_6.csv,0.61,0.6585365853626414,0.9642857142788266,135,70,5,46,0.026928710937499996,0.02015243902439024,0.006776271913109755
RF,2,0.1,1.0,crp_dataset_8_1_2.csv|crp_dataset_8_1_8.csv,crp_dataset_8_1_4.csv,0.61,0.6180904522582006,0.9389312977027563,123,76,8,49,0.023046875,0.01573492462311558,0.007311950376884421
RF,2,0.1,1.0,crp_dataset_8_1_2.csv|crp_dataset_8_1_8.csv,crp_dataset_8_1_7.csv,0.61,0.9053497942349574,0.9999999999954546,220,23,0,13,0.0095703125,0.00817901234567901,0.0013913001543209898
RF,2,0.1,1.0,crp_dataset_8_1_2.csv|crp_dataset_8_1_8.csv,crp_dataset_8_1_3.csv,0.61,0.7276595744649887,0.9884393063526681,171,64,2,19,0.0196044921875,0.01571808510638298,0.003886407081117021
RF,2,0.1,1.0,crp_dataset_8_1_2.csv|crp_dataset_8_1_8.csv,crp_dataset_8_1_1.csv,0.61,0.6379310344790924,0.8809523809453892,111,63,15,67,0.0252685546875,0.01426005747126437,0.01100849721623563
RF,2,0.1,1.0,crp_dataset_8_1_2.csv|crp_dataset_8_1_8.csv,crp_dataset_8_1_5.csv,0.61,0.9374999999882813,0.7499999999925,75,5,25,151,0.039282226562499994,0.00296875,0.036313476562499995
RF,3,0.1,1.0,crp_dataset_8_1_6.csv|crp_dataset_8_1_4.csv|crp_dataset_8_1_7.csv,crp_dataset_8_1_3.csv,0.9,0.9572649572567755,0.6473988439268937,112,5,61,78,0.0196044921875,0.0008012820512820513,0.018803210136217947
RF,3,0.1,1.0,crp_dataset_8_1_6.csv|crp_dataset_8_1_4.csv|crp_dataset_8_1_7.csv,crp_dataset_8_1_1.csv,0.9,0.8888888888747796,0.4444444444409171,56,7,70,123,0.0252685546875,0.0023809523809523807,0.02288760230654762
RF,3,0.1,1.0,crp_dataset_8_1_6.csv|crp_dataset_8_1_4.csv|crp_dataset_8_1_7.csv,crp_dataset_8_1_5.csv,0.9,0.8292682926627009,0.33999999999659997,34,7,66,149,0.039282226562499994,0.003963414634146342,0.03531881192835365
RF,3,0.1,1.0,crp_dataset_8_1_6.csv|crp_dataset_8_1_4.csv|crp_dataset_8_1_7.csv,crp_dataset_8_1_2.csv,0.9,0.7619047618866214,0.2689075630229503,32,10,87,127,0.039453125,0.004761904761904762,0.03469122023809523
RF,3,0.1,1.0,crp_dataset_8_1_6.csv|crp_dataset_8_1_4.csv|crp_dataset_8_1_7.csv,crp_dataset_8_1_8.csv,0.9,0.7826086956351608,0.260869565215501,36,10,102,108,0.0283203125,0.005434782608695654,0.022885529891304345
RF,3,0.1,1.0,crp_dataset_8_1_6.csv|crp_dataset_8_1_4.csv|crp_dataset_8_1_3.csv,crp_dataset_8_1_7.csv,0.5,0.956521739126276,0.9999999999954546,220,10,0,26,0.0095703125,0.0012771739130434782,0.008293138586956522
RF,3,0.1,1.0,crp_dataset_8_1_6.csv|crp_dataset_8_1_4.csv|crp_dataset_8_1_3.csv,crp_dataset_8_1_1.csv,0.5,0.8352941176372318,0.5634920634875913,71,14,55,116,0.0252685546875,0.0030147058823529415,0.02225384880514706
RF,3,0.1,1.0,crp_dataset_8_1_6.csv|crp_dataset_8_1_4.csv|crp_dataset_8_1_3.csv,crp_dataset_8_1_5.csv,0.5,0.799999999992,0.799999999992,80,20,20,136,0.039282226562499994,0.005312500000000001,0.0339697265625
RF,3,0.1,1.0,crp_dataset_8_1_6.csv|crp_dataset_8_1_4.csv|crp_dataset_8_1_3.csv,crp_dataset_8_1_2.csv,0.5,0.8199999999918,0.6890756302463102,82,18,37,119,0.039453125,0.00475,0.034703125
RF,3,0.1,1.0,crp_dataset_8_1_6.csv|crp_dataset_8_1_4.csv|crp_dataset_8_1_3.csv,crp_dataset_8_1_8.csv,0.5,0.7522935779747496,0.5942028985464188,82,27,56,91,0.0283203125,0.006594036697247705,0.021726275802752295
RF,3,0.1,1.0,crp_dataset_8_1_6.csv|crp_dataset_8_1_4.csv|crp_dataset_8_1_1.csv,crp_dataset_8_1_7.csv,0.66,0.9606986899521367,0.9999999999954546,220,9,0,27,0.0095703125,0.001091703056768559,0.008478609443231443
RF,3,0.1,1.0,crp_dataset_8_1_6.csv|crp_dataset_8_1_4.csv|crp_dataset_8_1_1.csv,crp_dataset_8_1_3.csv,0.66,0.9224806201478878,0.6878612716723246,119,10,54,73,0.0196044921875,0.0028585271317829457,0.016745965055717054
RF,3,0.1,1.0,crp_dataset_8_1_6.csv|crp_dataset_8_1_4.csv|crp_dataset_8_1_1.csv,crp_dataset_8_1_5.csv,0.66,0.8105263157809418,0.7699999999923,77,18,23,138,0.039282226562499994,0.005131578947368421,0.03415064761513158
RF,3,0.1,1.0,crp_dataset_8_1_6.csv|crp_dataset_8_1_4.csv|crp_dataset_8_1_1.csv,crp_dataset_8_1_2.csv,0.66,0.8199999999918,0.6890756302463102,82,18,37,119,0.039453125,0.00475,0.034703125
RF,3,0.1,1.0,crp_dataset_8_1_6.csv|crp_dataset_8_1_4.csv|crp_dataset_8_1_1.csv,crp_dataset_8_1_8.csv,0.66,0.7624999999904687,0.4420289855040433,61,19,77,99,0.0283203125,0.006562500000000001,0.0217578125
RF,3,0.1,1.0,crp_dataset_8_1_6.csv|crp_dataset_8_1_4.csv|crp_dataset_8_1_5.csv,crp_dataset_8_1_7.csv,0.5,0.9777777777734321,0.9999999999954546,220,5,0,31,0.0095703125,0.0007222222222222223,0.008848090277777778
RF,3,0.1,1.0,crp_dataset_8_1_6.csv|crp_dataset_8_1_4.csv|crp_dataset_8_1_5.csv,crp_dataset_8_1_3.csv,0.5,0.927999999992576,0.670520231209997,116,9,57,74,0.0196044921875,0.0022,0.0174044921875
RF,3,0.1,1.0,crp_dataset_8_1_6.csv|crp_dataset_8_1_4.csv|crp_dataset_8_1_5.csv,crp_dataset_8_1_1.csv,0.5,0.8799999999882666,0.5238095238053666,66,9,60,121,0.0252685546875,0.003833333333333333,0.021435221354166666
RF,3,0.1,1.0,crp_dataset_8_1_6.csv|crp_dataset_8_1_4.csv|crp_dataset_8_1_5.csv,crp_dataset_8_1_2.csv,0.5,0.8620689655098097,0.8403361344467198,100,16,19,121,0.039453125,0.003448275862068965,0.03600484913793103
RF,3,0.1,1.0,crp_dataset_8_1_6.csv|crp_dataset_8_1_4.csv|crp_dataset_8_1_5.csv,crp_dataset_8_1_8.csv,0.5,0.7889908256808349,0.6231884057925856,86,23,52,95,0.0283203125,0.005332568807339448,0.022987743692660552
RF,3,0.1,1.0,crp_dataset_8_1_6.csv|crp_dataset_8_1_4.csv|crp_dataset_8_1_2.csv,crp_dataset_8_1_7.csv,0.62,0.9954751131176676,0.9999999999954546,220,1,0,35,0.0095703125,0.0003959276018099547,0.009174384898190046
RF,3,0.1,1.0,crp_dataset_8_1_6.csv|crp_dataset_8_1_4.csv|crp_dataset_8_1_2.csv,crp_dataset_8_1_3.csv,0.62,0.9830508474492962,0.670520231209997,116,2,57,81,0.0196044921875,0.00021186440677966104,0.019392627780720338
RF,3,0.1,1.0,crp_dataset_8_1_6.csv|crp_dataset_8_1_4.csv|crp_dataset_8_1_2.csv,crp_dataset_8_1_1.csv,0.62,0.999999999983871,0.49206349205958677,62,0,64,130,0.0252685546875,0.00010080645161290323,0.025167748235887098
RF,3,0.1,1.0,crp_dataset_8_1_6.csv|crp_dataset_8_1_4.csv|crp_dataset_8_1_2.csv,crp_dataset_8_1_5.csv,0.62,0.9624999999879688,0.7699999999923,77,3,23,153,0.039282226562499994,0.0017968750000000003,0.03748535156249999
RF,3,0.1,1.0,crp_dataset_8_1_6.csv|crp_dataset_8_1_4.csv|crp_dataset_8_1_2.csv,crp_dataset_8_1_8.csv,0.62,0.9452054794391067,0.49999999999637684,69,4,69,114,0.0283203125,0.003424657534246575,0.024895654965753425
RF,3,0.1,1.0,crp_dataset_8_1_6.csv|crp_dataset_8_1_4.csv|crp_dataset_8_1_8.csv,crp_dataset_8_1_7.csv,0.8733333333333333,0.9999999999852941,0.30909090908950415,68,0,152,36,0.0095703125,0.0001838235294117647,0.009386488970588237
RF,3,0.1,1.0,crp_dataset_8_1_6.csv|crp_dataset_8_1_4.csv|crp_dataset_8_1_8.csv,crp_dataset_8_1_3.csv,0.8733333333333333,0.9749999999878125,0.45086705202051525,78,2,95,81,0.0196044921875,0.0003125,0.0192919921875
RF,3,0.1,1.0,crp_dataset_8_1_6.csv|crp_dataset_8_1_4.csv|crp_dataset_8_1_8.csv,crp_dataset_8_1_1.csv,0.8733333333333333,0.9999999999729731,0.2936507936484631,37,0,89,130,0.0252685546875,0.0,0.0252685546875
RF,3,0.1,1.0,crp_dataset_8_1_6.csv|crp_dataset_8_1_4.csv|crp_dataset_8_1_8.csv,crp_dataset_8_1_5.csv,0.8733333333333333,0.9999999999833334,0.599999999994,60,0,40,156,0.039282226562499994,0.0012500000000000002,0.03803222656249999
RF,3,0.1,1.0,crp_dataset_8_1_6.csv|crp_dataset_8_1_4.csv|crp_dataset_8_1_8.csv,crp_dataset_8_1_2.csv,0.8733333333333333,0.9999999999807693,0.4369747899122943,52,0,67,137,0.039453125,0.0013221153846153847,0.03813100961538461
RF,3,0.1,1.0,crp_dataset_8_1_6.csv|crp_dataset_8_1_7.csv|crp_dataset_8_1_3.csv,crp_dataset_8_1_4.csv,0.5,0.8169014084449514,0.8854961831993474,116,26,15,99,0.023046875,0.007130281690140845,0.015916593309859155
RF,3,0.1,1.0,crp_dataset_8_1_6.csv|crp_dataset_8_1_7.csv|crp_dataset_8_1_3.csv,crp_dataset_8_1_1.csv,0.5,0.8620689655073325,0.5952380952333711,75,12,51,118,0.0252685546875,0.004597701149425287,0.020670853538074713
RF,3,0.1,1.0,crp_dataset_8_1_6.csv|crp_dataset_8_1_7.csv|crp_dataset_8_1_3.csv,crp_dataset_8_1_5.csv,0.5,0.7959183673388172,0.7799999999921999,78,20,22,136,0.039282226562499994,0.005676020408163266,0.03360620615433673
RF,3,0.1,1.0,crp_dataset_8_1_6.csv|crp_dataset_8_1_7.csv|crp_dataset_8_1_3.csv,crp_dataset_8_1_2.csv,0.5,0.8118811881107735,0.6890756302463102,82,19,37,118,0.039453125,0.0051361386138613855,0.034316986386138615
RF,3,0.1,1.0,crp_dataset_8_1_6.csv|crp_dataset_8_1_7.csv|crp_dataset_8_1_3.csv,crp_dataset_8_1_8.csv,0.5,0.7450980392083814,0.5507246376771687,76,26,62,92,0.0283203125,0.0070465686274509805,0.02127374387254902
RF,3,0.1,1.0,crp_dataset_8_1_6.csv|crp_dataset_8_1_7.csv|crp_dataset_8_1_1.csv,crp_dataset_8_1_4.csv,0.5,0.8601398601338452,0.9389312977027563,123,20,8,105,0.023046875,0.004370629370629371,0.01867624562937063
RF,3,0.1,1.0,crp_dataset_8_1_6.csv|crp_dataset_8_1_7.csv|crp_dataset_8_1_1.csv,crp_dataset_8_1_3.csv,0.5,0.8835616438295647,0.7456647398800829,129,17,44,66,0.0196044921875,0.0056934931506849315,0.013910999036815069
RF,3,0.1,1.0,crp_dataset_8_1_6.csv|crp_dataset_8_1_7.csv|crp_dataset_8_1_1.csv,crp_dataset_8_1_5.csv,0.5,0.8749999999900567,0.7699999999923,77,11,23,145,0.039282226562499994,0.004403409090909091,0.034878817471590905
RF,3,0.1,1.0,crp_dataset_8_1_6.csv|crp_dataset_8_1_7.csv|crp_dataset_8_1_1.csv,crp_dataset_8_1_2.csv,0.5,0.9213483145963893,0.6890756302463102,82,7,37,130,0.039453125,0.0023174157303370788,0.03713570926966292
RF,3,0.1,1.0,crp_dataset_8_1_6.csv|crp_dataset_8_1_7.csv|crp_dataset_8_1_1.csv,crp_dataset_8_1_8.csv,0.5,0.7848101265723442,0.449275362315585,62,17,76,101,0.0283203125,0.006962025316455695,0.021358287183544305
RF,3,0.1,1.0,crp_dataset_8_1_6.csv|crp_dataset_8_1_7.csv|crp_dataset_8_1_5.csv,crp_dataset_8_1_4.csv,0.8366666666666667,0.9649122806932902,0.8396946564821398,110,4,21,121,0.023046875,0.0007127192982456142,0.02233415570175439
RF,3,0.1,1.0,crp_dataset_8_1_6.csv|crp_dataset_8_1_7.csv|crp_dataset_8_1_5.csv,crp_dataset_8_1_3.csv,0.8366666666666667,0.9824561403422591,0.6473988439268937,112,2,61,81,0.0196044921875,0.0002192982456140351,0.019385193941885964
RF,3,0.1,1.0,crp_dataset_8_1_6.csv|crp_dataset_8_1_7.csv|crp_dataset_8_1_5.csv,crp_dataset_8_1_1.csv,0.8366666666666667,0.9836065573609245,0.4761904761866969,60,1,66,129,0.0252685546875,0.0003073770491803279,0.024961177638319672
RF,3,0.1,1.0,crp_dataset_8_1_6.csv|crp_dataset_8_1_7.csv|crp_dataset_8_1_5.csv,crp_dataset_8_1_2.csv,0.8366666666666667,0.8679245282855109,0.3865546218454911,46,7,73,130,0.039453125,0.0025943396226415097,0.03685878537735849
RF,3,0.1,1.0,crp_dataset_8_1_6.csv|crp_dataset_8_1_7.csv|crp_dataset_8_1_5.csv,crp_dataset_8_1_8.csv,0.8366666666666667,0.7903225806324142,0.35507246376554297,49,13,89,105,0.0283203125,0.00504032258064516,0.02327998991935484
RF,3,0.1,1.0,crp_dataset_8_1_6.csv|crp_dataset_8_1_7.csv|crp_dataset_8_1_2.csv,crp_dataset_8_1_4.csv,0.5,0.8176100628879396,0.9923664122061652,130,29,1,96,0.023046875,0.006485849056603774,0.01656102594339623
RF,3,0.1,1.0,crp_dataset_8_1_6.csv|crp_dataset_8_1_7.csv|crp_dataset_8_1_2.csv,crp_dataset_8_1_3.csv,0.5,0.9041095890349035,0.7630057803424104,132,14,41,69,0.0196044921875,0.004195205479452055,0.015409286708047944
RF,3,0.1,1.0,crp_dataset_8_1_6.csv|crp_dataset_8_1_7.csv|crp_dataset_8_1_2.csv,crp_dataset_8_1_1.csv,0.5,0.5736434108482664,0.5873015872969262,74,55,52,75,0.0252685546875,0.015503875968992248,0.009764678718507752
RF,3,0.1,1.0,crp_dataset_8_1_6.csv|crp_dataset_8_1_7.csv|crp_dataset_8_1_2.csv,crp_dataset_8_1_5.csv,0.5,0.9404761904649943,0.7899999999921,79,5,21,151,0.039282226562499994,0.002232142857142857,0.03705008370535714
RF,3,0.1,1.0,crp_dataset_8_1_6.csv|crp_dataset_8_1_7.csv|crp_dataset_8_1_2.csv,crp_dataset_8_1_8.csv,0.5,0.6974789915907774,0.6014492753579606,83,36,55,82,0.0283203125,0.013497899159663868,0.014822413340336132
RF,3,0.1,1.0,crp_dataset_8_1_6.csv|crp_dataset_8_1_7.csv|crp_dataset_8_1_8.csv,crp_dataset_8_1_4.csv,0.7866666666666666,0.9999999999911504,0.8625954198407436,113,0,18,125,0.023046875,0.0002765486725663717,0.02277032632743363
RF,3,0.1,1.0,crp_dataset_8_1_6.csv|crp_dataset_8_1_7.csv|crp_dataset_8_1_8.csv,crp_dataset_8_1_3.csv,0.7866666666666666,0.983870967734001,0.705202312134652,122,2,51,81,0.0196044921875,0.00030241935483870974,0.01930207283266129
RF,3,0.1,1.0,crp_dataset_8_1_6.csv|crp_dataset_8_1_7.csv|crp_dataset_8_1_8.csv,crp_dataset_8_1_1.csv,0.7866666666666666,0.9999999999861111,0.5714285714240362,72,0,54,130,0.0252685546875,8.680555555555556e-05,0.025181749131944445
RF,3,0.1,1.0,crp_dataset_8_1_6.csv|crp_dataset_8_1_7.csv|crp_dataset_8_1_8.csv,crp_dataset_8_1_5.csv,0.7866666666666666,0.9999999999836067,0.6099999999939,61,0,39,156,0.039282226562499994,0.0013319672131147542,0.03795025934938524
RF,3,0.1,1.0,crp_dataset_8_1_6.csv|crp_dataset_8_1_7.csv|crp_dataset_8_1_8.csv,crp_dataset_8_1_2.csv,0.7866666666666666,0.9999999999827587,0.4873949579790975,58,0,61,137,0.039453125,0.0010775862068965517,0.038375538793103445
RF,3,0.1,1.0,crp_dataset_8_1_6.csv|crp_dataset_8_1_3.csv|crp_dataset_8_1_1.csv,crp_dataset_8_1_4.csv,0.6133333333333333,0.952755905504309,0.9236641221303538,121,6,10,119,0.023046875,0.001624015748031496,0.021422859251968504
RF,3,0.1,1.0,crp_dataset_8_1_6.csv|crp_dataset_8_1_3.csv|crp_dataset_8_1_1.csv,crp_dataset_8_1_7.csv,0.6133333333333333,0.9401709401669224,0.9999999999954546,220,14,0,22,0.0095703125,0.002136752136752137,0.007433560363247864
RF,3,0.1,1.0,crp_dataset_8_1_6.csv|crp_dataset_8_1_3.csv|crp_dataset_8_1_1.csv,crp_dataset_8_1_5.csv,0.6133333333333333,0.9999999999870129,0.7699999999923,77,0,23,156,0.039282226562499994,0.0013798701298701301,0.03790235643262987
RF,3,0.1,1.0,crp_dataset_8_1_6.csv|crp_dataset_8_1_3.csv|crp_dataset_8_1_1.csv,crp_dataset_8_1_2.csv,0.6133333333333333,0.9761904761788548,0.6890756302463102,82,2,37,135,0.039453125,0.001636904761904762,0.037816220238095236
RF,3,0.1,1.0,crp_dataset_8_1_6.csv|crp_dataset_8_1_3.csv|crp_dataset_8_1_1.csv,crp_dataset_8_1_8.csv,0.6133333333333333,0.9558823529271193,0.47101449275021007,65,3,73,115,0.0283203125,0.003308823529411765,0.025011488970588233
RF,3,0.1,1.0,crp_dataset_8_1_6.csv|crp_dataset_8_1_3.csv|crp_dataset_8_1_5.csv,crp_dataset_8_1_4.csv,0.5,0.9365079365005039,0.90076335877175,118,8,13,117,0.023046875,0.001884920634920635,0.021161954365079366
RF,3,0.1,1.0,crp_dataset_8_1_6.csv|crp_dataset_8_1_3.csv|crp_dataset_8_1_5.csv,crp_dataset_8_1_7.csv,0.5,0.9649122806975223,0.9999999999954546,220,8,0,28,0.0095703125,0.0010964912280701754,0.008473821271929825
RF,3,0.1,1.0,crp_dataset_8_1_6.csv|crp_dataset_8_1_3.csv|crp_dataset_8_1_5.csv,crp_dataset_8_1_1.csv,0.5,0.8421052631468143,0.5079365079324767,64,12,62,118,0.0252685546875,0.004111842105263158,0.021156712582236843
RF,3,0.1,1.0,crp_dataset_8_1_6.csv|crp_dataset_8_1_3.csv|crp_dataset_8_1_5.csv,crp_dataset_8_1_2.csv,0.5,0.8527131782879636,0.9243697478913918,110,19,9,118,0.039453125,0.005087209302325582,0.034365915697674415
RF,3,0.1,1.0,crp_dataset_8_1_6.csv|crp_dataset_8_1_3.csv|crp_dataset_8_1_5.csv,crp_dataset_8_1_8.csv,0.5,0.8037383177494978,0.6231884057925856,86,21,52,97,0.0283203125,0.005257009345794391,0.023063303154205607
RF,3,0.1,1.0,crp_dataset_8_1_6.csv|crp_dataset_8_1_3.csv|crp_dataset_8_1_2.csv,crp_dataset_8_1_4.csv,0.61,0.9152542372803791,0.8244274809097373,108,10,23,115,0.023046875,0.0025953389830508477,0.020451536016949153
RF,3,0.1,1.0,crp_dataset_8_1_6.csv|crp_dataset_8_1_3.csv|crp_dataset_8_1_2.csv,crp_dataset_8_1_7.csv,0.61,0.9691629955904443,0.9999999999954546,220,7,0,29,0.0095703125,0.0009911894273127752,0.008579123072687225
RF,3,0.1,1.0,crp_dataset_8_1_6.csv|crp_dataset_8_1_3.csv|crp_dataset_8_1_2.csv,crp_dataset_8_1_1.csv,0.61,0.909090909077135,0.4761904761866969,60,6,66,124,0.0252685546875,0.001988636363636364,0.023279918323863637
RF,3,0.1,1.0,crp_dataset_8_1_6.csv|crp_dataset_8_1_3.csv|crp_dataset_8_1_2.csv,crp_dataset_8_1_5.csv,0.61,0.9277108433623167,0.7699999999923,77,6,23,150,0.039282226562499994,0.002259036144578313,0.03702319041792168
RF,3,0.1,1.0,crp_dataset_8_1_6.csv|crp_dataset_8_1_3.csv|crp_dataset_8_1_2.csv,crp_dataset_8_1_8.csv,0.61,0.8133333333224888,0.4420289855040433,61,14,77,104,0.0283203125,0.00475,0.0235703125
RF,3,0.1,1.0,crp_dataset_8_1_6.csv|crp_dataset_8_1_3.csv|crp_dataset_8_1_8.csv,crp_dataset_8_1_4.csv,0.6133333333333333,0.999999999991453,0.8931297709855487,117,0,14,125,0.023046875,0.0002670940170940171,0.022779780982905985
RF,3,0.1,1.0,crp_dataset_8_1_6.csv|crp_dataset_8_1_3.csv|crp_dataset_8_1_8.csv,crp_dataset_8_1_7.csv,0.6133333333333333,0.9865470851973698,0.9999999999954546,220,3,0,33,0.0095703125,0.0006165919282511211,0.00895372057174888
RF,3,0.1,1.0,crp_dataset_8_1_6.csv|crp_dataset_8_1_3.csv|crp_dataset_8_1_8.csv,crp_dataset_8_1_1.csv,0.6133333333333333,0.9999999999857142,0.5555555555511463,70,0,56,130,0.0252685546875,8.928571428571429e-05,0.025179268973214285
RF,3,0.1,1.0,crp_dataset_8_1_6.csv|crp_dataset_8_1_3.csv|crp_dataset_8_1_8.csv,crp_dataset_8_1_5.csv,0.6133333333333333,0.9999999999870129,0.7699999999923,77,0,23,156,0.039282226562499994,0.0013798701298701301,0.03790235643262987
RF,3,0.1,1.0,crp_dataset_8_1_6.csv|crp_dataset_8_1_3.csv|crp_dataset_8_1_8.csv,crp_dataset_8_1_2.csv,0.6133333333333333,0.9425287356213502,0.6890756302463102,82,5,37,132,0.039453125,0.0020114942528735636,0.037441630747126434
RF,3,0.1,1.0,crp_dataset_8_1_6.csv|crp_dataset_8_1_1.csv|crp_dataset_8_1_5.csv,crp_dataset_8_1_4.csv,0.5,0.9767441860389401,0.9618320610613601,126,3,5,122,0.023046875,0.0006298449612403101,0.02241703003875969
RF,3,0.1,1.0,crp_dataset_8_1_6.csv|crp_dataset_8_1_1.csv|crp_dataset_8_1_5.csv,crp_dataset_8_1_7.csv,0.5,0.9606986899521367,0.9999999999954546,220,9,0,27,0.0095703125,0.0016102620087336246,0.007960050491266376
RF,3,0.1,1.0,crp_dataset_8_1_6.csv|crp_dataset_8_1_1.csv|crp_dataset_8_1_5.csv,crp_dataset_8_1_3.csv,0.5,0.8620689655112962,0.7225433525969795,125,20,48,63,0.0196044921875,0.006508620689655173,0.013095871497844826
RF,3,0.1,1.0,crp_dataset_8_1_6.csv|crp_dataset_8_1_1.csv|crp_dataset_8_1_5.csv,crp_dataset_8_1_2.csv,0.5,0.8849557522045579,0.8403361344467198,100,13,19,124,0.039453125,0.005752212389380531,0.03370091261061947
RF,3,0.1,1.0,crp_dataset_8_1_6.csv|crp_dataset_8_1_1.csv|crp_dataset_8_1_5.csv,crp_dataset_8_1_8.csv,0.5,0.9101123595403358,0.5869565217348772,81,8,57,110,0.0283203125,0.0034410112359550557,0.024879301264044945
RF,3,0.1,1.0,crp_dataset_8_1_6.csv|crp_dataset_8_1_1.csv|crp_dataset_8_1_2.csv,crp_dataset_8_1_4.csv,0.8966666666666666,0.9999999999871795,0.5954198473236991,78,0,53,125,0.023046875,0.0,0.023046875
RF,3,0.1,1.0,crp_dataset_8_1_6.csv|crp_dataset_8_1_1.csv|crp_dataset_8_1_2.csv,crp_dataset_8_1_7.csv,0.8966666666666666,0.9999999999655173,0.13181818181758265,29,0,191,36,0.0095703125,0.0,0.0095703125
RF,3,0.1,1.0,crp_dataset_8_1_6.csv|crp_dataset_8_1_1.csv|crp_dataset_8_1_2.csv,crp_dataset_8_1_3.csv,0.8966666666666666,0.9999999999852941,0.39306358381275686,68,0,105,83,0.0196044921875,0.0,0.0196044921875
RF,3,0.1,1.0,crp_dataset_8_1_6.csv|crp_dataset_8_1_1.csv|crp_dataset_8_1_2.csv,crp_dataset_8_1_5.csv,0.8966666666666666,0.9999999999846153,0.6499999999935,65,0,35,156,0.039282226562499994,0.0007692307692307692,0.03851299579326922
RF,3,0.1,1.0,crp_dataset_8_1_6.csv|crp_dataset_8_1_1.csv|crp_dataset_8_1_2.csv,crp_dataset_8_1_8.csv,0.8966666666666666,0.9999999999583333,0.17391304347700065,24,0,114,118,0.0283203125,0.0005208333333333333,0.027799479166666665
RF,3,0.1,1.0,crp_dataset_8_1_6.csv|crp_dataset_8_1_1.csv|crp_dataset_8_1_8.csv,crp_dataset_8_1_4.csv,0.5,0.7662337662287907,0.90076335877175,118,36,13,89,0.023046875,0.008806818181818181,0.01424005681818182
RF,3,0.1,1.0,crp_dataset_8_1_6.csv|crp_dataset_8_1_1.csv|crp_dataset_8_1_8.csv,crp_dataset_8_1_7.csv,0.5,0.8764940239008905,0.9999999999954546,220,31,0,5,0.0095703125,0.0075199203187251,0.0020503921812749003
RF,3,0.1,1.0,crp_dataset_8_1_6.csv|crp_dataset_8_1_1.csv|crp_dataset_8_1_8.csv,crp_dataset_8_1_3.csv,0.5,0.8518518518465935,0.7976878612670655,138,24,35,59,0.0196044921875,0.006944444444444444,0.012660047743055555
RF,3,0.1,1.0,crp_dataset_8_1_6.csv|crp_dataset_8_1_1.csv|crp_dataset_8_1_8.csv,crp_dataset_8_1_5.csv,0.5,0.9166666666557539,0.7699999999923,77,7,23,149,0.039282226562499994,0.003720238095238095,0.0355619884672619
RF,3,0.1,1.0,crp_dataset_8_1_6.csv|crp_dataset_8_1_1.csv|crp_dataset_8_1_8.csv,crp_dataset_8_1_2.csv,0.5,0.9213483145963893,0.6890756302463102,82,7,37,130,0.039453125,0.0023174157303370788,0.03713570926966292
RF,3,0.1,1.0,crp_dataset_8_1_6.csv|crp_dataset_8_1_5.csv|crp_dataset_8_1_2.csv,crp_dataset_8_1_4.csv,0.6166666666666667,0.8496732026088257,0.9923664122061652,130,23,1,102,0.023046875,0.0059640522875817,0.017082822712418302
RF,3,0.1,1.0,crp_dataset_8_1_6.csv|crp_dataset_8_1_5.csv|crp_dataset_8_1_2.csv,crp_dataset_8_1_7.csv,0.6166666666666667,0.9909909909865271,0.9999999999954546,220,2,0,34,0.0095703125,0.0005067567567567568,0.009063555743243244
RF,3,0.1,1.0,crp_dataset_8_1_6.csv|crp_dataset_8_1_5.csv|crp_dataset_8_1_2.csv,crp_dataset_8_1_3.csv,0.6166666666666667,0.8799999999941334,0.7630057803424104,132,18,41,65,0.0196044921875,0.005791666666666666,0.013812825520833332
RF,3,0.1,1.0,crp_dataset_8_1_6.csv|crp_dataset_8_1_5.csv|crp_dataset_8_1_2.csv,crp_dataset_8_1_1.csv,0.6166666666666667,0.6576576576517328,0.5793650793604812,73,38,53,92,0.0252685546875,0.013288288288288288,0.011980266399211712
RF,3,0.1,1.0,crp_dataset_8_1_6.csv|crp_dataset_8_1_5.csv|crp_dataset_8_1_2.csv,crp_dataset_8_1_8.csv,0.6166666666666667,0.7431192660482282,0.5869565217348772,81,28,57,90,0.0283203125,0.010722477064220186,0.017597835435779814
RF,3,0.1,1.0,crp_dataset_8_1_6.csv|crp_dataset_8_1_5.csv|crp_dataset_8_1_8.csv,crp_dataset_8_1_4.csv,0.6633333333333333,0.6898395721888244,0.9847328244199639,129,58,2,67,0.023046875,0.013636363636363636,0.009410511363636366
RF,3,0.1,1.0,crp_dataset_8_1_6.csv|crp_dataset_8_1_5.csv|crp_dataset_8_1_8.csv,crp_dataset_8_1_7.csv,0.6633333333333333,0.9649122806975223,0.9999999999954546,220,8,0,28,0.0095703125,0.0018092105263157895,0.007761101973684211
RF,3,0.1,1.0,crp_dataset_8_1_6.csv|crp_dataset_8_1_5.csv|crp_dataset_8_1_8.csv,crp_dataset_8_1_3.csv,0.6633333333333333,0.8143712574801535,0.7861271676255137,136,31,37,52,0.0196044921875,0.011040419161676647,0.008564073025823352
RF,3,0.1,1.0,crp_dataset_8_1_6.csv|crp_dataset_8_1_5.csv|crp_dataset_8_1_8.csv,crp_dataset_8_1_1.csv,0.6633333333333333,0.630136986297054,0.7301587301529352,92,54,34,76,0.0252685546875,0.013955479452054793,0.011313075235445207
RF,3,0.1,1.0,crp_dataset_8_1_6.csv|crp_dataset_8_1_5.csv|crp_dataset_8_1_8.csv,crp_dataset_8_1_2.csv,0.6633333333333333,0.9651162790585451,0.6974789915907774,83,3,36,134,0.039453125,0.0015988372093023258,0.037854287790697674
RF,3,0.1,1.0,crp_dataset_8_1_6.csv|crp_dataset_8_1_2.csv|crp_dataset_8_1_8.csv,crp_dataset_8_1_4.csv,0.7966666666666666,0.9214285714219899,0.9847328244199639,129,11,2,114,0.023046875,0.002455357142857143,0.02059151785714286
RF,3,0.1,1.0,crp_dataset_8_1_6.csv|crp_dataset_8_1_2.csv|crp_dataset_8_1_8.csv,crp_dataset_8_1_7.csv,0.7966666666666666,0.9999999999954546,0.9999999999954546,220,0,0,36,0.0095703125,0.00034090909090909094,0.00922940340909091
RF,3,0.1,1.0,crp_dataset_8_1_6.csv|crp_dataset_8_1_2.csv|crp_dataset_8_1_8.csv,crp_dataset_8_1_3.csv,0.7966666666666666,0.9007092198517681,0.7341040462385312,127,14,46,69,0.0196044921875,0.005186170212765957,0.014418321974734041
RF,3,0.1,1.0,crp_dataset_8_1_6.csv|crp_dataset_8_1_2.csv|crp_dataset_8_1_8.csv,crp_dataset_8_1_1.csv,0.7966666666666666,0.759259259252229,0.6507936507884857,82,26,44,104,0.0252685546875,0.00787037037037037,0.017398184317129632
RF,3,0.1,1.0,crp_dataset_8_1_6.csv|crp_dataset_8_1_2.csv|crp_dataset_8_1_8.csv,crp_dataset_8_1_5.csv,0.7966666666666666,0.9999999999859155,0.7099999999929,71,0,29,156,0.039282226562499994,0.001232394366197183,0.03804983219630281
RF,3,0.1,1.0,crp_dataset_8_1_4.csv|crp_dataset_8_1_7.csv|crp_dataset_8_1_3.csv,crp_dataset_8_1_6.csv,0.8433333333333334,0.9620253164435186,0.5428571428532654,76,3,64,113,0.026928710937499996,0.0007120253164556961,0.0262166856210443
RF,3,0.1,1.0,crp_dataset_8_1_4.csv|crp_dataset_8_1_7.csv|crp_dataset_8_1_3.csv,crp_dataset_8_1_1.csv,0.8433333333333334,0.8955223880463354,0.4761904761866969,60,7,66,123,0.0252685546875,0.002238805970149254,0.023029748717350747
RF,3,0.1,1.0,crp_dataset_8_1_4.csv|crp_dataset_8_1_7.csv|crp_dataset_8_1_3.csv,crp_dataset_8_1_5.csv,0.8433333333333334,0.86885245900215,0.5299999999946999,53,8,47,148,0.039282226562499994,0.0030737704918032786,0.03620845607069671
RF,3,0.1,1.0,crp_dataset_8_1_4.csv|crp_dataset_8_1_7.csv|crp_dataset_8_1_3.csv,crp_dataset_8_1_2.csv,0.8433333333333334,0.8888888888691359,0.33613445377868795,40,5,79,132,0.039453125,0.0023611111111111116,0.037092013888888886
RF,3,0.1,1.0,crp_dataset_8_1_4.csv|crp_dataset_8_1_7.csv|crp_dataset_8_1_3.csv,crp_dataset_8_1_8.csv,0.8433333333333334,0.7777777777654321,0.35507246376554297,49,14,89,104,0.0283203125,0.0063492063492063475,0.021971106150793653
RF,3,0.1,1.0,crp_dataset_8_1_4.csv|crp_dataset_8_1_7.csv|crp_dataset_8_1_1.csv,crp_dataset_8_1_6.csv,0.7933333333333333,0.9999999999868421,0.5428571428532654,76,0,64,116,0.026928710937499996,8.223684210526316e-05,0.026846474095394732
RF,3,0.1,1.0,crp_dataset_8_1_4.csv|crp_dataset_8_1_7.csv|crp_dataset_8_1_1.csv,crp_dataset_8_1_3.csv,0.7933333333333333,0.9824561403422591,0.6473988439268937,112,2,61,81,0.0196044921875,0.0002192982456140351,0.019385193941885964
RF,3,0.1,1.0,crp_dataset_8_1_4.csv|crp_dataset_8_1_7.csv|crp_dataset_8_1_1.csv,crp_dataset_8_1_5.csv,0.7933333333333333,0.9999999999870129,0.7699999999923,77,0,23,156,0.039282226562499994,0.0013798701298701301,0.03790235643262987
RF,3,0.1,1.0,crp_dataset_8_1_4.csv|crp_dataset_8_1_7.csv|crp_dataset_8_1_1.csv,crp_dataset_8_1_2.csv,0.7933333333333333,0.9999999999878049,0.6890756302463102,82,0,37,137,0.039453125,0.0013719512195121953,0.0380811737804878
RF,3,0.1,1.0,crp_dataset_8_1_4.csv|crp_dataset_8_1_7.csv|crp_dataset_8_1_1.csv,crp_dataset_8_1_8.csv,0.7933333333333333,0.9999999999836067,0.4420289855040433,61,0,77,118,0.0283203125,0.0029713114754098364,0.025349001024590163
RF,3,0.1,1.0,crp_dataset_8_1_4.csv|crp_dataset_8_1_7.csv|crp_dataset_8_1_5.csv,crp_dataset_8_1_6.csv,0.8133333333333334,0.9999999999868421,0.5428571428532654,76,0,64,116,0.026928710937499996,8.223684210526316e-05,0.026846474095394732
RF,3,0.1,1.0,crp_dataset_8_1_4.csv|crp_dataset_8_1_7.csv|crp_dataset_8_1_5.csv,crp_dataset_8_1_3.csv,0.8133333333333334,0.9824561403422591,0.6473988439268937,112,2,61,81,0.0196044921875,0.0002192982456140351,0.019385193941885964
RF,3,0.1,1.0,crp_dataset_8_1_4.csv|crp_dataset_8_1_7.csv|crp_dataset_8_1_5.csv,crp_dataset_8_1_1.csv,0.8133333333333334,0.9999999999833334,0.4761904761866969,60,0,66,130,0.0252685546875,0.00010416666666666667,0.025164388020833334
RF,3,0.1,1.0,crp_dataset_8_1_4.csv|crp_dataset_8_1_7.csv|crp_dataset_8_1_5.csv,crp_dataset_8_1_2.csv,0.8133333333333334,0.9999999998,0.04201680672233599,5,0,114,137,0.039453125,0.0,0.039453125
RF,3,0.1,1.0,crp_dataset_8_1_4.csv|crp_dataset_8_1_7.csv|crp_dataset_8_1_5.csv,crp_dataset_8_1_8.csv,0.8133333333333334,0.9999999999787235,0.3405797101424596,47,0,91,118,0.0283203125,0.003191489361702128,0.02512882313829787
RF,3,0.1,1.0,crp_dataset_8_1_4.csv|crp_dataset_8_1_7.csv|crp_dataset_8_1_2.csv,crp_dataset_8_1_6.csv,0.7166666666666667,0.9999999999868421,0.5428571428532654,76,0,64,116,0.026928710937499996,8.223684210526316e-05,0.026846474095394732
RF,3,0.1,1.0,crp_dataset_8_1_4.csv|crp_dataset_8_1_7.csv|crp_dataset_8_1_2.csv,crp_dataset_8_1_3.csv,0.7166666666666667,0.9999999999910714,0.6473988439268937,112,0,61,83,0.0196044921875,0.0,0.0196044921875
RF,3,0.1,1.0,crp_dataset_8_1_4.csv|crp_dataset_8_1_7.csv|crp_dataset_8_1_2.csv,crp_dataset_8_1_1.csv,0.7166666666666667,0.9687499999848632,0.49206349205958677,62,2,64,128,0.0252685546875,0.00048828125,0.0247802734375
RF,3,0.1,1.0,crp_dataset_8_1_4.csv|crp_dataset_8_1_7.csv|crp_dataset_8_1_2.csv,crp_dataset_8_1_5.csv,0.7166666666666667,0.9999999999870129,0.7699999999923,77,0,23,156,0.039282226562499994,0.0013798701298701301,0.03790235643262987
RF,3,0.1,1.0,crp_dataset_8_1_4.csv|crp_dataset_8_1_7.csv|crp_dataset_8_1_2.csv,crp_dataset_8_1_8.csv,0.7166666666666667,0.9999999999836067,0.4420289855040433,61,0,77,118,0.0283203125,0.0029713114754098364,0.025349001024590163
RF,3,0.1,1.0,crp_dataset_8_1_4.csv|crp_dataset_8_1_7.csv|crp_dataset_8_1_8.csv,crp_dataset_8_1_6.csv,0.86,0.9999999999814816,0.38571428571153066,54,0,86,116,0.026928710937499996,0.00011574074074074075,0.026812970196759257
RF,3,0.1,1.0,crp_dataset_8_1_4.csv|crp_dataset_8_1_7.csv|crp_dataset_8_1_8.csv,crp_dataset_8_1_3.csv,0.86,0.981651376137783,0.6184971098230145,107,2,66,81,0.0196044921875,0.00022935779816513763,0.01937513438933486
RF,3,0.1,1.0,crp_dataset_8_1_4.csv|crp_dataset_8_1_7.csv|crp_dataset_8_1_8.csv,crp_dataset_8_1_1.csv,0.86,0.9999999999787235,0.37301587301291256,47,0,79,130,0.0252685546875,0.0,0.0252685546875
RF,3,0.1,1.0,crp_dataset_8_1_4.csv|crp_dataset_8_1_7.csv|crp_dataset_8_1_8.csv,crp_dataset_8_1_5.csv,0.86,0.9999999999852941,0.6799999999931999,68,0,32,156,0.039282226562499994,0.001286764705882353,0.03799546185661764
RF,3,0.1,1.0,crp_dataset_8_1_4.csv|crp_dataset_8_1_7.csv|crp_dataset_8_1_8.csv,crp_dataset_8_1_2.csv,0.86,0.9855072463625288,0.5714285714237695,68,1,51,136,0.039453125,0.001630434782608696,0.037822690217391305
RF,3,0.1,1.0,crp_dataset_8_1_4.csv|crp_dataset_8_1_3.csv|crp_dataset_8_1_1.csv,crp_dataset_8_1_6.csv,0.6466666666666666,0.8543046357559319,0.9214285714219899,129,22,11,94,0.026928710937499996,0.007781456953642385,0.01914725398385761
RF,3,0.1,1.0,crp_dataset_8_1_4.csv|crp_dataset_8_1_3.csv|crp_dataset_8_1_1.csv,crp_dataset_8_1_7.csv,0.6466666666666666,0.9734513274293211,0.9999999999954546,220,6,0,30,0.0095703125,0.0008573008849557522,0.008713011615044248
RF,3,0.1,1.0,crp_dataset_8_1_4.csv|crp_dataset_8_1_3.csv|crp_dataset_8_1_1.csv,crp_dataset_8_1_5.csv,0.6466666666666666,0.9999999999870129,0.7699999999923,77,0,23,156,0.039282226562499994,0.0013798701298701301,0.03790235643262987
RF,3,0.1,1.0,crp_dataset_8_1_4.csv|crp_dataset_8_1_3.csv|crp_dataset_8_1_1.csv,crp_dataset_8_1_2.csv,0.6466666666666666,0.9425287356213502,0.6890756302463102,82,5,37,132,0.039453125,0.0020114942528735636,0.037441630747126434
RF,3,0.1,1.0,crp_dataset_8_1_4.csv|crp_dataset_8_1_3.csv|crp_dataset_8_1_1.csv,crp_dataset_8_1_8.csv,0.6466666666666666,0.9124999999885937,0.5289855072425437,73,7,65,111,0.0283203125,0.00390625,0.0244140625
RF,3,0.1,1.0,crp_dataset_8_1_4.csv|crp_dataset_8_1_3.csv|crp_dataset_8_1_5.csv,crp_dataset_8_1_6.csv,0.5,0.854166666660735,0.8785714285651531,123,21,17,95,0.026928710937499996,0.007291666666666665,0.01963704427083333
RF,3,0.1,1.0,crp_dataset_8_1_4.csv|crp_dataset_8_1_3.csv|crp_dataset_8_1_5.csv,crp_dataset_8_1_7.csv,0.5,0.9442060085796387,0.9999999999954546,220,13,0,23,0.0095703125,0.0024141630901287556,0.007156149409871245
RF,3,0.1,1.0,crp_dataset_8_1_4.csv|crp_dataset_8_1_3.csv|crp_dataset_8_1_5.csv,crp_dataset_8_1_1.csv,0.5,0.9571428571291837,0.5317460317418116,67,3,59,127,0.0252685546875,0.0016964285714285714,0.02357212611607143
RF,3,0.1,1.0,crp_dataset_8_1_4.csv|crp_dataset_8_1_3.csv|crp_dataset_8_1_5.csv,crp_dataset_8_1_2.csv,0.5,0.8169014084449514,0.974789915958195,116,26,3,111,0.039453125,0.006161971830985915,0.033291153169014084
RF,3,0.1,1.0,crp_dataset_8_1_4.csv|crp_dataset_8_1_3.csv|crp_dataset_8_1_5.csv,crp_dataset_8_1_8.csv,0.5,0.795275590544919,0.731884057965711,101,26,37,92,0.0283203125,0.006053149606299212,0.022267162893700787
RF,3,0.1,1.0,crp_dataset_8_1_4.csv|crp_dataset_8_1_3.csv|crp_dataset_8_1_2.csv,crp_dataset_8_1_6.csv,0.5,0.6813186813149379,0.8857142857079593,124,58,16,58,0.026928710937499996,0.016037087912087914,0.010891623025412082
RF,3,0.1,1.0,crp_dataset_8_1_4.csv|crp_dataset_8_1_3.csv|crp_dataset_8_1_2.csv,crp_dataset_8_1_7.csv,0.5,0.9523809523768295,0.9999999999954546,220,11,0,25,0.0095703125,0.0017586580086580087,0.007811654491341992
RF,3,0.1,1.0,crp_dataset_8_1_4.csv|crp_dataset_8_1_3.csv|crp_dataset_8_1_2.csv,crp_dataset_8_1_1.csv,0.5,0.8260869565127599,0.6031746031698161,76,16,50,114,0.0252685546875,0.005434782608695652,0.019833772078804348
RF,3,0.1,1.0,crp_dataset_8_1_4.csv|crp_dataset_8_1_3.csv|crp_dataset_8_1_2.csv,crp_dataset_8_1_5.csv,0.5,0.9069767441755002,0.7799999999921999,78,8,22,148,0.039282226562499994,0.0026889534883720928,0.0365932730741279
RF,3,0.1,1.0,crp_dataset_8_1_4.csv|crp_dataset_8_1_3.csv|crp_dataset_8_1_2.csv,crp_dataset_8_1_8.csv,0.5,0.742424242418618,0.7101449275310859,98,34,40,84,0.0283203125,0.007339015151515151,0.020981297348484848
RF,3,0.1,1.0,crp_dataset_8_1_4.csv|crp_dataset_8_1_3.csv|crp_dataset_8_1_8.csv,crp_dataset_8_1_6.csv,0.8266666666666667,0.9999999999868421,0.5428571428532654,76,0,64,116,0.026928710937499996,8.223684210526316e-05,0.026846474095394732
RF,3,0.1,1.0,crp_dataset_8_1_4.csv|crp_dataset_8_1_3.csv|crp_dataset_8_1_8.csv,crp_dataset_8_1_7.csv,0.8266666666666667,0.9999999999947369,0.863636363632438,190,0,30,36,0.0095703125,0.0003289473684210526,0.009241365131578949
RF,3,0.1,1.0,crp_dataset_8_1_4.csv|crp_dataset_8_1_3.csv|crp_dataset_8_1_8.csv,crp_dataset_8_1_1.csv,0.8266666666666667,0.9999999999833334,0.4761904761866969,60,0,66,130,0.0252685546875,0.00010416666666666667,0.025164388020833334
RF,3,0.1,1.0,crp_dataset_8_1_4.csv|crp_dataset_8_1_3.csv|crp_dataset_8_1_8.csv,crp_dataset_8_1_5.csv,0.8266666666666667,0.9999999999870129,0.7699999999923,77,0,23,156,0.039282226562499994,0.0013798701298701301,0.03790235643262987
RF,3,0.1,1.0,crp_dataset_8_1_4.csv|crp_dataset_8_1_3.csv|crp_dataset_8_1_8.csv,crp_dataset_8_1_2.csv,0.8266666666666667,0.9879518072170126,0.6890756302463102,82,1,37,136,0.039453125,0.0015060240963855422,0.03794710090361446
RF,3,0.1,1.0,crp_dataset_8_1_4.csv|crp_dataset_8_1_1.csv|crp_dataset_8_1_5.csv,crp_dataset_8_1_6.csv,0.5,0.831999999993344,0.7428571428518368,104,21,36,95,0.026928710937499996,0.008399999999999998,0.018528710937499998
RF,3,0.1,1.0,crp_dataset_8_1_4.csv|crp_dataset_8_1_1.csv|crp_dataset_8_1_5.csv,crp_dataset_8_1_7.csv,0.5,0.9691629955904443,0.9999999999954546,220,7,0,29,0.0095703125,0.0013766519823788547,0.008193660517621146
RF,3,0.1,1.0,crp_dataset_8_1_4.csv|crp_dataset_8_1_1.csv|crp_dataset_8_1_5.csv,crp_dataset_8_1_3.csv,0.5,0.8648648648590213,0.7398843930593071,128,20,45,63,0.0196044921875,0.00616554054054054,0.01343895164695946
RF,3,0.1,1.0,crp_dataset_8_1_4.csv|crp_dataset_8_1_1.csv|crp_dataset_8_1_5.csv,crp_dataset_8_1_2.csv,0.5,0.9438202247084964,0.7058823529352447,84,5,35,132,0.039453125,0.0021067415730337082,0.03734638342696629
RF,3,0.1,1.0,crp_dataset_8_1_4.csv|crp_dataset_8_1_1.csv|crp_dataset_8_1_5.csv,crp_dataset_8_1_8.csv,0.5,0.9222222222119753,0.6014492753579606,83,7,55,111,0.0283203125,0.003958333333333333,0.024361979166666665
RF,3,0.1,1.0,crp_dataset_8_1_4.csv|crp_dataset_8_1_1.csv|crp_dataset_8_1_2.csv,crp_dataset_8_1_6.csv,0.6933333333333334,0.9393939393844505,0.6642857142809694,93,6,47,110,0.026928710937499996,0.0015151515151515152,0.02541355942234848
RF,3,0.1,1.0,crp_dataset_8_1_4.csv|crp_dataset_8_1_1.csv|crp_dataset_8_1_2.csv,crp_dataset_8_1_7.csv,0.6933333333333334,0.9999999999954546,0.9999999999954546,220,0,0,36,0.0095703125,0.00034090909090909094,0.00922940340909091
RF,3,0.1,1.0,crp_dataset_8_1_4.csv|crp_dataset_8_1_1.csv|crp_dataset_8_1_2.csv,crp_dataset_8_1_3.csv,0.6933333333333334,0.9084507042189547,0.7456647398800829,129,13,44,70,0.0196044921875,0.004577464788732395,0.015027027398767604
RF,3,0.1,1.0,crp_dataset_8_1_4.csv|crp_dataset_8_1_1.csv|crp_dataset_8_1_2.csv,crp_dataset_8_1_5.csv,0.6933333333333334,0.9999999999870129,0.7699999999923,77,0,23,156,0.039282226562499994,0.0013798701298701301,0.03790235643262987
RF,3,0.1,1.0,crp_dataset_8_1_4.csv|crp_dataset_8_1_1.csv|crp_dataset_8_1_2.csv,crp_dataset_8_1_8.csv,0.6933333333333334,0.9999999999836067,0.4420289855040433,61,0,77,118,0.0283203125,0.0029713114754098364,0.025349001024590163
RF,3,0.1,1.0,crp_dataset_8_1_4.csv|crp_dataset_8_1_1.csv|crp_dataset_8_1_8.csv,crp_dataset_8_1_6.csv,0.78,0.9137931034403983,0.757142857137449,106,10,34,106,0.026928710937499996,0.004094827586206896,0.022833883351293098
RF,3,0.1,1.0,crp_dataset_8_1_4.csv|crp_dataset_8_1_1.csv|crp_dataset_8_1_8.csv,crp_dataset_8_1_7.csv,0.78,0.9999999999915966,0.5409090909066323,119,0,101,36,0.0095703125,0.0006302521008403363,0.008940060399159665
RF,3,0.1,1.0,crp_dataset_8_1_4.csv|crp_dataset_8_1_1.csv|crp_dataset_8_1_8.csv,crp_dataset_8_1_3.csv,0.78,0.9702970296933634,0.566473988436032,98,3,75,80,0.0196044921875,0.0008044554455445545,0.018800036741955444
RF,3,0.1,1.0,crp_dataset_8_1_4.csv|crp_dataset_8_1_1.csv|crp_dataset_8_1_8.csv,crp_dataset_8_1_5.csv,0.78,0.9999999999830509,0.5899999999941,59,0,41,156,0.039282226562499994,0.0012711864406779662,0.03801104012182203
RF,3,0.1,1.0,crp_dataset_8_1_4.csv|crp_dataset_8_1_1.csv|crp_dataset_8_1_8.csv,crp_dataset_8_1_2.csv,0.78,0.9999999999800001,0.4201680672233599,50,0,69,137,0.039453125,0.0011250000000000001,0.038328125
RF,3,0.1,1.0,crp_dataset_8_1_4.csv|crp_dataset_8_1_5.csv|crp_dataset_8_1_2.csv,crp_dataset_8_1_6.csv,0.6633333333333333,0.9680851063726799,0.6499999999953572,91,3,49,113,0.026928710937499996,0.0013297872340425532,0.025598923703457444
RF,3,0.1,1.0,crp_dataset_8_1_4.csv|crp_dataset_8_1_5.csv|crp_dataset_8_1_2.csv,crp_dataset_8_1_7.csv,0.6633333333333333,0.9999999999954546,0.9999999999954546,220,0,0,36,0.0095703125,0.00034090909090909094,0.00922940340909091
RF,3,0.1,1.0,crp_dataset_8_1_4.csv|crp_dataset_8_1_5.csv|crp_dataset_8_1_2.csv,crp_dataset_8_1_3.csv,0.6633333333333333,0.992537313425429,0.7687861271631863,133,1,40,82,0.0196044921875,0.00027985074626865673,0.019324641441231343
RF,3,0.1,1.0,crp_dataset_8_1_4.csv|crp_dataset_8_1_5.csv|crp_dataset_8_1_2.csv,crp_dataset_8_1_1.csv,0.6633333333333333,0.9552238805827578,0.5079365079324767,64,3,62,127,0.0252685546875,0.0006529850746268657,0.024615569612873135
RF,3,0.1,1.0,crp_dataset_8_1_4.csv|crp_dataset_8_1_5.csv|crp_dataset_8_1_2.csv,crp_dataset_8_1_8.csv,0.6633333333333333,0.96103896102648,0.5362318840540853,74,3,64,115,0.0283203125,0.003246753246753247,0.025073559253246752
RF,3,0.1,1.0,crp_dataset_8_1_4.csv|crp_dataset_8_1_5.csv|crp_dataset_8_1_8.csv,crp_dataset_8_1_6.csv,0.6566666666666666,0.9999999999868421,0.5428571428532654,76,0,64,116,0.026928710937499996,8.223684210526316e-05,0.026846474095394732
RF,3,0.1,1.0,crp_dataset_8_1_4.csv|crp_dataset_8_1_5.csv|crp_dataset_8_1_8.csv,crp_dataset_8_1_7.csv,0.6566666666666666,0.9999999999954546,0.9999999999954546,220,0,0,36,0.0095703125,0.00034090909090909094,0.00922940340909091
RF,3,0.1,1.0,crp_dataset_8_1_4.csv|crp_dataset_8_1_5.csv|crp_dataset_8_1_8.csv,crp_dataset_8_1_3.csv,0.6566666666666666,0.9824561403422591,0.6473988439268937,112,2,61,81,0.0196044921875,0.0002192982456140351,0.019385193941885964
RF,3,0.1,1.0,crp_dataset_8_1_4.csv|crp_dataset_8_1_5.csv|crp_dataset_8_1_8.csv,crp_dataset_8_1_1.csv,0.6566666666666666,0.9999999999855071,0.5476190476147014,69,0,57,130,0.0252685546875,9.057971014492754e-05,0.025177974977355074
RF,3,0.1,1.0,crp_dataset_8_1_4.csv|crp_dataset_8_1_5.csv|crp_dataset_8_1_8.csv,crp_dataset_8_1_2.csv,0.6566666666666666,0.9999999999878049,0.6890756302463102,82,0,37,137,0.039453125,0.0013719512195121953,0.0380811737804878
RF,3,0.1,1.0,crp_dataset_8_1_4.csv|crp_dataset_8_1_2.csv|crp_dataset_8_1_8.csv,crp_dataset_8_1_6.csv,0.6666666666666666,0.9886363636251291,0.6214285714241327,87,1,53,115,0.026928710937499996,0.0004261363636363636,0.02650257457386363
RF,3,0.1,1.0,crp_dataset_8_1_4.csv|crp_dataset_8_1_2.csv|crp_dataset_8_1_8.csv,crp_dataset_8_1_7.csv,0.6666666666666666,0.9999999999954546,0.9999999999954546,220,0,0,36,0.0095703125,0.00034090909090909094,0.00922940340909091
RF,3,0.1,1.0,crp_dataset_8_1_4.csv|crp_dataset_8_1_2.csv|crp_dataset_8_1_8.csv,crp_dataset_8_1_3.csv,0.6666666666666666,0.9453124999926148,0.6994219653138762,121,7,52,76,0.0196044921875,0.0026367187499999997,0.0169677734375
RF,3,0.1,1.0,crp_dataset_8_1_4.csv|crp_dataset_8_1_2.csv|crp_dataset_8_1_8.csv,crp_dataset_8_1_1.csv,0.6666666666666666,0.8658536585260261,0.5634920634875913,71,11,55,119,0.0252685546875,0.0038109756097560975,0.021457579077743903
RF,3,0.1,1.0,crp_dataset_8_1_4.csv|crp_dataset_8_1_2.csv|crp_dataset_8_1_8.csv,crp_dataset_8_1_5.csv,0.6666666666666666,0.9999999999870129,0.7699999999923,77,0,23,156,0.039282226562499994,0.0013798701298701301,0.03790235643262987
RF,3,0.1,1.0,crp_dataset_8_1_7.csv|crp_dataset_8_1_3.csv|crp_dataset_8_1_1.csv,crp_dataset_8_1_6.csv,0.5,0.6034482758594679,0.9999999999928573,140,92,0,24,0.026928710937499996,0.02106681034482759,0.005861900592672407
RF,3,0.1,1.0,crp_dataset_8_1_7.csv|crp_dataset_8_1_3.csv|crp_dataset_8_1_1.csv,crp_dataset_8_1_4.csv,0.5,0.8613138686068518,0.90076335877175,118,19,13,106,0.023046875,0.00447080291970803,0.018576072080291973
RF,3,0.1,1.0,crp_dataset_8_1_7.csv|crp_dataset_8_1_3.csv|crp_dataset_8_1_1.csv,crp_dataset_8_1_5.csv,0.5,0.9999999999870129,0.7699999999923,77,0,23,156,0.039282226562499994,0.0013798701298701301,0.03790235643262987
RF,3,0.1,1.0,crp_dataset_8_1_7.csv|crp_dataset_8_1_3.csv|crp_dataset_8_1_1.csv,crp_dataset_8_1_2.csv,0.5,0.9425287356213502,0.6890756302463102,82,5,37,132,0.039453125,0.0020114942528735636,0.037441630747126434
RF,3,0.1,1.0,crp_dataset_8_1_7.csv|crp_dataset_8_1_3.csv|crp_dataset_8_1_1.csv,crp_dataset_8_1_8.csv,0.5,0.8904109588919121,0.47101449275021007,65,8,73,110,0.0283203125,0.00410958904109589,0.02421072345890411
RF,3,0.1,1.0,crp_dataset_8_1_7.csv|crp_dataset_8_1_3.csv|crp_dataset_8_1_5.csv,crp_dataset_8_1_6.csv,0.5,0.6542056074735785,0.9999999999928573,140,74,0,42,0.026928710937499996,0.01769859813084112,0.009230112806658877
RF,3,0.1,1.0,crp_dataset_8_1_7.csv|crp_dataset_8_1_3.csv|crp_dataset_8_1_5.csv,crp_dataset_8_1_4.csv,0.5,0.8730158730089443,0.8396946564821398,110,16,21,109,0.023046875,0.004712301587301587,0.018334573412698413
RF,3,0.1,1.0,crp_dataset_8_1_7.csv|crp_dataset_8_1_3.csv|crp_dataset_8_1_5.csv,crp_dataset_8_1_1.csv,0.5,0.8390804597604703,0.5793650793604812,73,14,53,116,0.0252685546875,0.004525862068965518,0.02074269261853448
RF,3,0.1,1.0,crp_dataset_8_1_7.csv|crp_dataset_8_1_3.csv|crp_dataset_8_1_5.csv,crp_dataset_8_1_2.csv,0.5,0.8559322033825768,0.848739495791187,101,17,18,120,0.039453125,0.004713983050847457,0.03473914194915254
RF,3,0.1,1.0,crp_dataset_8_1_7.csv|crp_dataset_8_1_3.csv|crp_dataset_8_1_5.csv,crp_dataset_8_1_8.csv,0.5,0.8602150537541912,0.5797101449233355,80,13,58,105,0.0283203125,0.00450268817204301,0.02381762432795699
RF,3,0.1,1.0,crp_dataset_8_1_7.csv|crp_dataset_8_1_3.csv|crp_dataset_8_1_2.csv,crp_dataset_8_1_6.csv,0.5,0.6415094339592382,0.9714285714216327,136,76,4,40,0.026928710937499996,0.018602594339622643,0.008326116597877353
RF,3,0.1,1.0,crp_dataset_8_1_7.csv|crp_dataset_8_1_3.csv|crp_dataset_8_1_2.csv,crp_dataset_8_1_4.csv,0.5,0.8396946564821398,0.8396946564821398,110,21,21,104,0.023046875,0.006583969465648856,0.016462905534351147
RF,3,0.1,1.0,crp_dataset_8_1_7.csv|crp_dataset_8_1_3.csv|crp_dataset_8_1_2.csv,crp_dataset_8_1_1.csv,0.5,0.8372093023158463,0.5714285714240362,72,14,54,116,0.0252685546875,0.0053052325581395355,0.019963322129360465
RF,3,0.1,1.0,crp_dataset_8_1_7.csv|crp_dataset_8_1_3.csv|crp_dataset_8_1_2.csv,crp_dataset_8_1_5.csv,0.5,0.9166666666557539,0.7699999999923,77,7,23,149,0.039282226562499994,0.002529761904761905,0.03675246465773809
RF,3,0.1,1.0,crp_dataset_8_1_7.csv|crp_dataset_8_1_3.csv|crp_dataset_8_1_2.csv,crp_dataset_8_1_8.csv,0.5,0.7499999999914773,0.4782608695617518,66,22,72,96,0.0283203125,0.008664772727272728,0.01965553977272727
RF,3,0.1,1.0,crp_dataset_8_1_7.csv|crp_dataset_8_1_3.csv|crp_dataset_8_1_8.csv,crp_dataset_8_1_6.csv,0.7266666666666667,0.9999999999868421,0.5428571428532654,76,0,64,116,0.026928710937499996,8.223684210526316e-05,0.026846474095394732
RF,3,0.1,1.0,crp_dataset_8_1_7.csv|crp_dataset_8_1_3.csv|crp_dataset_8_1_8.csv,crp_dataset_8_1_4.csv,0.7266666666666667,0.9909909909820631,0.8396946564821398,110,1,21,124,0.023046875,0.0003941441441441442,0.022652730855855858
RF,3,0.1,1.0,crp_dataset_8_1_7.csv|crp_dataset_8_1_3.csv|crp_dataset_8_1_8.csv,crp_dataset_8_1_1.csv,0.7266666666666667,0.9677419354682623,0.4761904761866969,60,2,66,128,0.0252685546875,0.0008064516129032257,0.024462103074596776
RF,3,0.1,1.0,crp_dataset_8_1_7.csv|crp_dataset_8_1_3.csv|crp_dataset_8_1_8.csv,crp_dataset_8_1_5.csv,0.7266666666666667,0.9999999999870129,0.7699999999923,77,0,23,156,0.039282226562499994,0.0013798701298701301,0.03790235643262987
RF,3,0.1,1.0,crp_dataset_8_1_7.csv|crp_dataset_8_1_3.csv|crp_dataset_8_1_8.csv,crp_dataset_8_1_2.csv,0.7266666666666667,0.9425287356213502,0.6890756302463102,82,5,37,132,0.039453125,0.0020114942528735636,0.037441630747126434
RF,3,0.1,1.0,crp_dataset_8_1_7.csv|crp_dataset_8_1_1.csv|crp_dataset_8_1_5.csv,crp_dataset_8_1_6.csv,0.5,0.8705035971160396,0.8642857142795409,121,18,19,98,0.026928710937499996,0.006339928057553957,0.02058878287994604
RF,3,0.1,1.0,crp_dataset_8_1_7.csv|crp_dataset_8_1_1.csv|crp_dataset_8_1_5.csv,crp_dataset_8_1_4.csv,0.5,0.9765624999923707,0.9541984732751588,125,3,6,122,0.023046875,0.000634765625,0.022412109375000003
RF,3,0.1,1.0,crp_dataset_8_1_7.csv|crp_dataset_8_1_1.csv|crp_dataset_8_1_5.csv,crp_dataset_8_1_3.csv,0.5,0.9624060150303579,0.7398843930593071,128,5,45,78,0.0196044921875,0.001174812030075188,0.018429680157424813
RF,3,0.1,1.0,crp_dataset_8_1_7.csv|crp_dataset_8_1_1.csv|crp_dataset_8_1_5.csv,crp_dataset_8_1_2.csv,0.5,0.9428571428481632,0.8319327731022527,99,6,20,131,0.039453125,0.0026190476190476194,0.03683407738095238
RF,3,0.1,1.0,crp_dataset_8_1_7.csv|crp_dataset_8_1_1.csv|crp_dataset_8_1_5.csv,crp_dataset_8_1_8.csv,0.5,0.9285714285603741,0.5652173913002521,78,6,60,112,0.0283203125,0.003497023809523809,0.024823288690476192
RF,3,0.1,1.0,crp_dataset_8_1_7.csv|crp_dataset_8_1_1.csv|crp_dataset_8_1_2.csv,crp_dataset_8_1_6.csv,0.5,0.8499999999929166,0.7285714285662246,102,18,38,98,0.026928710937499996,0.007864583333333333,0.01906412760416666
RF,3,0.1,1.0,crp_dataset_8_1_7.csv|crp_dataset_8_1_1.csv|crp_dataset_8_1_2.csv,crp_dataset_8_1_4.csv,0.5,0.9349593495858947,0.8778625954131462,115,8,16,117,0.023046875,0.0020833333333333333,0.02096354166666667
RF,3,0.1,1.0,crp_dataset_8_1_7.csv|crp_dataset_8_1_1.csv|crp_dataset_8_1_2.csv,crp_dataset_8_1_3.csv,0.5,0.9300699300634262,0.7687861271631863,133,10,40,73,0.0196044921875,0.0028409090909090914,0.016763583096590907
RF,3,0.1,1.0,crp_dataset_8_1_7.csv|crp_dataset_8_1_1.csv|crp_dataset_8_1_2.csv,crp_dataset_8_1_5.csv,0.5,0.9999999999870129,0.7699999999923,77,0,23,156,0.039282226562499994,0.0013798701298701301,0.03790235643262987
RF,3,0.1,1.0,crp_dataset_8_1_7.csv|crp_dataset_8_1_1.csv|crp_dataset_8_1_2.csv,crp_dataset_8_1_8.csv,0.5,0.9558823529271193,0.47101449275021007,65,3,73,115,0.0283203125,0.003768382352941176,0.024551930147058823
RF,3,0.1,1.0,crp_dataset_8_1_7.csv|crp_dataset_8_1_1.csv|crp_dataset_8_1_8.csv,crp_dataset_8_1_6.csv,0.6066666666666667,0.9999999999880952,0.5999999999957143,84,0,56,116,0.026928710937499996,7.440476190476191e-05,0.026854306175595234
RF,3,0.1,1.0,crp_dataset_8_1_7.csv|crp_dataset_8_1_1.csv|crp_dataset_8_1_8.csv,crp_dataset_8_1_4.csv,0.6066666666666667,0.9538461538388167,0.9465648854889576,124,6,7,119,0.023046875,0.0013942307692307694,0.021652644230769232
RF,3,0.1,1.0,crp_dataset_8_1_7.csv|crp_dataset_8_1_1.csv|crp_dataset_8_1_8.csv,crp_dataset_8_1_3.csv,0.6066666666666667,0.9841269841191735,0.7167630057762038,124,2,49,81,0.0196044921875,0.0001984126984126984,0.0194060794890873
RF,3,0.1,1.0,crp_dataset_8_1_7.csv|crp_dataset_8_1_1.csv|crp_dataset_8_1_8.csv,crp_dataset_8_1_5.csv,0.6066666666666667,0.9999999999870129,0.7699999999923,77,0,23,156,0.039282226562499994,0.0013798701298701301,0.03790235643262987
RF,3,0.1,1.0,crp_dataset_8_1_7.csv|crp_dataset_8_1_1.csv|crp_dataset_8_1_8.csv,crp_dataset_8_1_2.csv,0.6066666666666667,0.9425287356213502,0.6890756302463102,82,5,37,132,0.039453125,0.0020114942528735636,0.037441630747126434
RF,3,0.1,1.0,crp_dataset_8_1_7.csv|crp_dataset_8_1_5.csv|crp_dataset_8_1_2.csv,crp_dataset_8_1_6.csv,0.5,0.9999999999879517,0.5928571428529082,83,0,57,116,0.026928710937499996,7.530120481927712e-05,0.02685340973268072
RF,3,0.1,1.0,crp_dataset_8_1_7.csv|crp_dataset_8_1_5.csv|crp_dataset_8_1_2.csv,crp_dataset_8_1_4.csv,0.5,0.8543046357559319,0.9847328244199639,129,22,2,103,0.023046875,0.005836092715231789,0.017210782284768213
RF,3,0.1,1.0,crp_dataset_8_1_7.csv|crp_dataset_8_1_5.csv|crp_dataset_8_1_2.csv,crp_dataset_8_1_3.csv,0.5,0.9677419354760666,0.6936416184931004,120,4,53,79,0.0196044921875,0.000655241935483871,0.018949250252016128
RF,3,0.1,1.0,crp_dataset_8_1_7.csv|crp_dataset_8_1_5.csv|crp_dataset_8_1_2.csv,crp_dataset_8_1_1.csv,0.5,0.5826771653497427,0.5873015872969262,74,53,52,77,0.0252685546875,0.01579724409448819,0.00947131059301181
RF,3,0.1,1.0,crp_dataset_8_1_7.csv|crp_dataset_8_1_5.csv|crp_dataset_8_1_2.csv,crp_dataset_8_1_8.csv,0.5,0.7387387387320834,0.5942028985464188,82,29,56,89,0.0283203125,0.010585585585585583,0.01773472691441442
RF,3,0.1,1.0,crp_dataset_8_1_7.csv|crp_dataset_8_1_5.csv|crp_dataset_8_1_8.csv,crp_dataset_8_1_6.csv,0.8566666666666667,0.9999999999615384,0.1857142857129592,26,0,114,116,0.026928710937499996,0.0,0.026928710937499996
RF,3,0.1,1.0,crp_dataset_8_1_7.csv|crp_dataset_8_1_5.csv|crp_dataset_8_1_8.csv,crp_dataset_8_1_4.csv,0.8566666666666667,0.9999999999848485,0.5038167938892839,66,0,65,125,0.023046875,0.00028409090909090913,0.022762784090909094
RF,3,0.1,1.0,crp_dataset_8_1_7.csv|crp_dataset_8_1_5.csv|crp_dataset_8_1_8.csv,crp_dataset_8_1_3.csv,0.8566666666666667,0.9733333333203555,0.42196531791663605,73,2,100,81,0.0196044921875,0.0003333333333333334,0.019271158854166665
RF,3,0.1,1.0,crp_dataset_8_1_7.csv|crp_dataset_8_1_5.csv|crp_dataset_8_1_8.csv,crp_dataset_8_1_1.csv,0.8566666666666667,0.9677419354526535,0.23809523809334845,30,1,96,129,0.0252685546875,0.001411290322580645,0.023857264364919355
RF,3,0.1,1.0,crp_dataset_8_1_7.csv|crp_dataset_8_1_5.csv|crp_dataset_8_1_8.csv,crp_dataset_8_1_2.csv,0.8566666666666667,0.9999999999090909,0.09243697478913918,11,0,108,137,0.039453125,0.0,0.039453125
RF,3,0.1,1.0,crp_dataset_8_1_7.csv|crp_dataset_8_1_2.csv|crp_dataset_8_1_8.csv,crp_dataset_8_1_6.csv,0.75,0.999999999983871,0.44285714285397965,62,0,78,116,0.026928710937499996,0.0,0.026928710937499996
RF,3,0.1,1.0,crp_dataset_8_1_7.csv|crp_dataset_8_1_2.csv|crp_dataset_8_1_8.csv,crp_dataset_8_1_4.csv,0.75,0.999999999990991,0.8473282442683411,111,0,20,125,0.023046875,0.00028153153153153153,0.02276534346846847
RF,3,0.1,1.0,crp_dataset_8_1_7.csv|crp_dataset_8_1_2.csv|crp_dataset_8_1_8.csv,crp_dataset_8_1_3.csv,0.75,0.9999999999911504,0.6531791907476695,113,0,60,83,0.0196044921875,0.0,0.0196044921875
RF,3,0.1,1.0,crp_dataset_8_1_7.csv|crp_dataset_8_1_2.csv|crp_dataset_8_1_8.csv,crp_dataset_8_1_1.csv,0.75,0.905882352930519,0.611111111106261,77,8,49,122,0.0252685546875,0.003602941176470588,0.021665613511029413
RF,3,0.1,1.0,crp_dataset_8_1_7.csv|crp_dataset_8_1_2.csv|crp_dataset_8_1_8.csv,crp_dataset_8_1_5.csv,0.75,0.9999999999836067,0.6099999999939,61,0,39,156,0.039282226562499994,0.0013319672131147542,0.03795025934938524
RF,3,0.1,1.0,crp_dataset_8_1_3.csv|crp_dataset_8_1_1.csv|crp_dataset_8_1_5.csv,crp_dataset_8_1_6.csv,0.5,0.7210526315751524,0.9785714285644388,137,53,3,63,0.026928710937499996,0.014539473684210527,0.012389237253289468
RF,3,0.1,1.0,crp_dataset_8_1_3.csv|crp_dataset_8_1_1.csv|crp_dataset_8_1_5.csv,crp_dataset_8_1_4.csv,0.5,0.9133858267644615,0.8854961831993474,116,11,15,114,0.023046875,0.002559055118110236,0.020487819881889767
RF,3,0.1,1.0,crp_dataset_8_1_3.csv|crp_dataset_8_1_1.csv|crp_dataset_8_1_5.csv,crp_dataset_8_1_7.csv,0.5,0.956521739126276,0.9999999999954546,220,10,0,26,0.0095703125,0.0014402173913043476,0.008130095108695654
RF,3,0.1,1.0,crp_dataset_8_1_3.csv|crp_dataset_8_1_1.csv|crp_dataset_8_1_5.csv,crp_dataset_8_1_2.csv,0.5,0.9174311926521336,0.8403361344467198,100,9,19,128,0.039453125,0.0025229357798165135,0.036930189220183485
RF,3,0.1,1.0,crp_dataset_8_1_3.csv|crp_dataset_8_1_1.csv|crp_dataset_8_1_5.csv,crp_dataset_8_1_8.csv,0.5,0.8191489361614984,0.5579710144887104,77,17,61,101,0.0283203125,0.005053191489361702,0.023267121010638298
RF,3,0.1,1.0,crp_dataset_8_1_3.csv|crp_dataset_8_1_1.csv|crp_dataset_8_1_2.csv,crp_dataset_8_1_6.csv,0.8233333333333334,0.9999999999868421,0.5428571428532654,76,0,64,116,0.026928710937499996,8.223684210526316e-05,0.026846474095394732
RF,3,0.1,1.0,crp_dataset_8_1_3.csv|crp_dataset_8_1_1.csv|crp_dataset_8_1_2.csv,crp_dataset_8_1_4.csv,0.8233333333333334,0.999999999990566,0.8091603053373347,106,0,25,125,0.023046875,5.89622641509434e-05,0.022987912735849058
RF,3,0.1,1.0,crp_dataset_8_1_3.csv|crp_dataset_8_1_1.csv|crp_dataset_8_1_2.csv,crp_dataset_8_1_7.csv,0.8233333333333334,0.9999999999953488,0.9772727272682852,215,0,5,36,0.0095703125,0.00020348837209302326,0.009366824127906978
RF,3,0.1,1.0,crp_dataset_8_1_3.csv|crp_dataset_8_1_1.csv|crp_dataset_8_1_2.csv,crp_dataset_8_1_5.csv,0.8233333333333334,0.9999999999859155,0.7099999999929,71,0,29,156,0.039282226562499994,0.0009683098591549297,0.038313916703345066
RF,3,0.1,1.0,crp_dataset_8_1_3.csv|crp_dataset_8_1_1.csv|crp_dataset_8_1_2.csv,crp_dataset_8_1_8.csv,0.8233333333333334,0.9999999999756098,0.2971014492732094,41,0,97,118,0.0283203125,0.0013719512195121953,0.026948361280487804
RF,3,0.1,1.0,crp_dataset_8_1_3.csv|crp_dataset_8_1_1.csv|crp_dataset_8_1_8.csv,crp_dataset_8_1_6.csv,0.8133333333333334,0.9999999999875,0.5714285714244899,80,0,60,116,0.026928710937499996,0.00015625,0.026772460937499996
RF,3,0.1,1.0,crp_dataset_8_1_3.csv|crp_dataset_8_1_1.csv|crp_dataset_8_1_8.csv,crp_dataset_8_1_4.csv,0.8133333333333334,0.999999999990909,0.8396946564821398,110,0,21,125,0.023046875,0.0002840909090909091,0.022762784090909094
RF,3,0.1,1.0,crp_dataset_8_1_3.csv|crp_dataset_8_1_1.csv|crp_dataset_8_1_8.csv,crp_dataset_8_1_7.csv,0.8133333333333334,0.9999999999953918,0.9863636363591529,217,0,3,36,0.0095703125,0.0003168202764976959,0.009253492223502306
RF,3,0.1,1.0,crp_dataset_8_1_3.csv|crp_dataset_8_1_1.csv|crp_dataset_8_1_8.csv,crp_dataset_8_1_5.csv,0.8133333333333334,0.9999999999814816,0.5399999999946,54,0,46,156,0.039282226562499994,0.0008101851851851853,0.03847204137731481
RF,3,0.1,1.0,crp_dataset_8_1_3.csv|crp_dataset_8_1_1.csv|crp_dataset_8_1_8.csv,crp_dataset_8_1_2.csv,0.8133333333333334,0.9999999999750001,0.33613445377868795,40,0,79,137,0.039453125,0.00109375,0.038359375
RF,3,0.1,1.0,crp_dataset_8_1_3.csv|crp_dataset_8_1_5.csv|crp_dataset_8_1_2.csv,crp_dataset_8_1_6.csv,0.7466666666666667,0.9870129870001686,0.5428571428532654,76,1,64,115,0.026928710937499996,0.00024350649350649353,0.026685204443993502
RF,3,0.1,1.0,crp_dataset_8_1_3.csv|crp_dataset_8_1_5.csv|crp_dataset_8_1_2.csv,crp_dataset_8_1_4.csv,0.7466666666666667,0.9909909909820631,0.8396946564821398,110,1,21,124,0.023046875,0.00039414414414414413,0.022652730855855858
RF,3,0.1,1.0,crp_dataset_8_1_3.csv|crp_dataset_8_1_5.csv|crp_dataset_8_1_2.csv,crp_dataset_8_1_7.csv,0.7466666666666667,0.9954751131176676,0.9999999999954546,220,1,0,35,0.0095703125,0.0003959276018099547,0.009174384898190046
RF,3,0.1,1.0,crp_dataset_8_1_3.csv|crp_dataset_8_1_5.csv|crp_dataset_8_1_2.csv,crp_dataset_8_1_1.csv,0.7466666666666667,0.9836065573609245,0.4761904761866969,60,1,66,129,0.0252685546875,0.0003073770491803279,0.024961177638319672
RF,3,0.1,1.0,crp_dataset_8_1_3.csv|crp_dataset_8_1_5.csv|crp_dataset_8_1_2.csv,crp_dataset_8_1_8.csv,0.7466666666666667,0.9682539682385992,0.4420289855040433,61,2,77,116,0.0283203125,0.0032738095238095243,0.025046502976190474
RF,3,0.1,1.0,crp_dataset_8_1_3.csv|crp_dataset_8_1_5.csv|crp_dataset_8_1_8.csv,crp_dataset_8_1_6.csv,0.6966666666666667,0.9999999999873417,0.5642857142816837,79,0,61,116,0.026928710937499996,7.911392405063291e-05,0.026849597013449363
RF,3,0.1,1.0,crp_dataset_8_1_3.csv|crp_dataset_8_1_5.csv|crp_dataset_8_1_8.csv,crp_dataset_8_1_4.csv,0.6966666666666667,0.982142857134088,0.8396946564821398,110,2,21,123,0.023046875,0.0008370535714285714,0.02220982142857143
RF,3,0.1,1.0,crp_dataset_8_1_3.csv|crp_dataset_8_1_5.csv|crp_dataset_8_1_8.csv,crp_dataset_8_1_7.csv,0.6966666666666667,0.9999999999954546,0.9999999999954546,220,0,0,36,0.0095703125,0.00034090909090909094,0.00922940340909091
RF,3,0.1,1.0,crp_dataset_8_1_3.csv|crp_dataset_8_1_5.csv|crp_dataset_8_1_8.csv,crp_dataset_8_1_1.csv,0.6966666666666667,0.9722222222087191,0.5555555555511463,70,2,56,128,0.0252685546875,0.0006944444444444445,0.024574110243055555
RF,3,0.1,1.0,crp_dataset_8_1_3.csv|crp_dataset_8_1_5.csv|crp_dataset_8_1_8.csv,crp_dataset_8_1_2.csv,0.6966666666666667,0.9999999999850746,0.5630252100793023,67,0,52,137,0.039453125,0.001119402985074627,0.038333722014925374
RF,3,0.1,1.0,crp_dataset_8_1_3.csv|crp_dataset_8_1_2.csv|crp_dataset_8_1_8.csv,crp_dataset_8_1_6.csv,0.7033333333333334,0.9999999999882353,0.6071428571385205,85,0,55,116,0.026928710937499996,7.352941176470589e-05,0.02685518152573529
RF,3,0.1,1.0,crp_dataset_8_1_3.csv|crp_dataset_8_1_2.csv|crp_dataset_8_1_8.csv,crp_dataset_8_1_4.csv,0.7033333333333334,0.9565217391221171,0.8396946564821398,110,5,21,120,0.023046875,0.0021195652173913045,0.020927309782608698
RF,3,0.1,1.0,crp_dataset_8_1_3.csv|crp_dataset_8_1_2.csv|crp_dataset_8_1_8.csv,crp_dataset_8_1_7.csv,0.7033333333333334,0.9999999999954546,0.9999999999954546,220,0,0,36,0.0095703125,0.00034090909090909094,0.00922940340909091
RF,3,0.1,1.0,crp_dataset_8_1_3.csv|crp_dataset_8_1_2.csv|crp_dataset_8_1_8.csv,crp_dataset_8_1_1.csv,0.7033333333333334,0.9999999999852941,0.5396825396782565,68,0,58,130,0.0252685546875,9.191176470588235e-05,0.025176642922794118
RF,3,0.1,1.0,crp_dataset_8_1_3.csv|crp_dataset_8_1_2.csv|crp_dataset_8_1_8.csv,crp_dataset_8_1_5.csv,0.7033333333333334,0.9999999999870129,0.7699999999923,77,0,23,156,0.039282226562499994,0.0013798701298701301,0.03790235643262987
RF,3,0.1,1.0,crp_dataset_8_1_1.csv|crp_dataset_8_1_5.csv|crp_dataset_8_1_2.csv,crp_dataset_8_1_6.csv,0.6366666666666667,0.6852791878137804,0.9642857142788266,135,62,5,54,0.026928710937499996,0.018369289340101524,0.008559421597398472
RF,3,0.1,1.0,crp_dataset_8_1_1.csv|crp_dataset_8_1_5.csv|crp_dataset_8_1_2.csv,crp_dataset_8_1_4.csv,0.6366666666666667,0.89855072463117,0.9465648854889576,124,14,7,111,0.023046875,0.003260869565217391,0.01978600543478261
RF,3,0.1,1.0,crp_dataset_8_1_1.csv|crp_dataset_8_1_5.csv|crp_dataset_8_1_2.csv,crp_dataset_8_1_7.csv,0.6366666666666667,0.9999999999954546,0.9999999999954546,220,0,0,36,0.0095703125,0.00034090909090909094,0.00922940340909091
RF,3,0.1,1.0,crp_dataset_8_1_1.csv|crp_dataset_8_1_5.csv|crp_dataset_8_1_2.csv,crp_dataset_8_1_3.csv,0.6366666666666667,0.8644067796561333,0.884393063578703,153,24,20,59,0.0196044921875,0.006038135593220339,0.01356635659427966
RF,3,0.1,1.0,crp_dataset_8_1_1.csv|crp_dataset_8_1_5.csv|crp_dataset_8_1_2.csv,crp_dataset_8_1_8.csv,0.6366666666666667,0.9999999999836067,0.4420289855040433,61,0,77,118,0.0283203125,0.0029713114754098364,0.025349001024590163
RF,3,0.1,1.0,crp_dataset_8_1_1.csv|crp_dataset_8_1_5.csv|crp_dataset_8_1_8.csv,crp_dataset_8_1_6.csv,0.7366666666666667,0.6666666666630825,0.8857142857079593,124,62,16,54,0.026928710937499996,0.017809139784946238,0.009119571152553758
RF,3,0.1,1.0,crp_dataset_8_1_1.csv|crp_dataset_8_1_5.csv|crp_dataset_8_1_8.csv,crp_dataset_8_1_4.csv,0.7366666666666667,0.8076923076871302,0.9618320610613601,126,30,5,95,0.023046875,0.008052884615384615,0.014993990384615387
RF,3,0.1,1.0,crp_dataset_8_1_1.csv|crp_dataset_8_1_5.csv|crp_dataset_8_1_8.csv,crp_dataset_8_1_7.csv,0.7366666666666667,0.9243697478952758,0.9999999999954546,220,18,0,18,0.0095703125,0.0052783613445378155,0.004291951155462185
RF,3,0.1,1.0,crp_dataset_8_1_1.csv|crp_dataset_8_1_5.csv|crp_dataset_8_1_8.csv,crp_dataset_8_1_3.csv,0.7366666666666667,0.7883597883556172,0.8612716762955996,149,40,24,43,0.0196044921875,0.011111111111111112,0.008493381076388888
RF,3,0.1,1.0,crp_dataset_8_1_1.csv|crp_dataset_8_1_5.csv|crp_dataset_8_1_8.csv,crp_dataset_8_1_2.csv,0.7366666666666667,0.9999999999729731,0.31092436974528637,37,0,82,137,0.039453125,0.0010135135135135136,0.03843961148648649
RF,3,0.1,1.0,crp_dataset_8_1_1.csv|crp_dataset_8_1_2.csv|crp_dataset_8_1_8.csv,crp_dataset_8_1_6.csv,0.84,0.9999999999864865,0.5285714285676532,74,0,66,116,0.026928710937499996,8.445945945945946e-05,0.026844251478040537
RF,3,0.1,1.0,crp_dataset_8_1_1.csv|crp_dataset_8_1_2.csv|crp_dataset_8_1_8.csv,crp_dataset_8_1_4.csv,0.84,0.9999999999904762,0.8015267175511335,105,0,26,125,0.023046875,0.00011904761904761905,0.022927827380952382
RF,3,0.1,1.0,crp_dataset_8_1_1.csv|crp_dataset_8_1_2.csv|crp_dataset_8_1_8.csv,crp_dataset_8_1_7.csv,0.84,0.9999999999923078,0.590909090906405,130,0,90,36,0.0095703125,0.00014423076923076924,0.009426081730769231
RF,3,0.1,1.0,crp_dataset_8_1_1.csv|crp_dataset_8_1_2.csv|crp_dataset_8_1_8.csv,crp_dataset_8_1_3.csv,0.84,0.9999999999893616,0.5433526011529286,94,0,79,83,0.0196044921875,0.0,0.0196044921875
RF,3,0.1,1.0,crp_dataset_8_1_1.csv|crp_dataset_8_1_2.csv|crp_dataset_8_1_8.csv,crp_dataset_8_1_5.csv,0.84,0.9999999999852941,0.6799999999931999,68,0,32,156,0.039282226562499994,0.0011948529411764707,0.03808737362132352
RF,3,0.1,1.0,crp_dataset_8_1_5.csv|crp_dataset_8_1_2.csv|crp_dataset_8_1_8.csv,crp_dataset_8_1_6.csv,0.63,0.5915492957718707,0.8999999999935715,126,87,14,29,0.026928710937499996,0.024559859154929573,0.0023688517825704233
RF,3,0.1,1.0,crp_dataset_8_1_5.csv|crp_dataset_8_1_2.csv|crp_dataset_8_1_8.csv,crp_dataset_8_1_4.csv,0.63,0.6267942583702067,0.9999999999923664,131,78,0,47,0.023046875,0.016058612440191387,0.006988262559808615
RF,3,0.1,1.0,crp_dataset_8_1_5.csv|crp_dataset_8_1_2.csv|crp_dataset_8_1_8.csv,crp_dataset_8_1_7.csv,0.63,0.9128630705356313,0.9999999999954546,220,21,0,15,0.0095703125,0.006639004149377594,0.0029313083506224066
RF,3,0.1,1.0,crp_dataset_8_1_5.csv|crp_dataset_8_1_2.csv|crp_dataset_8_1_8.csv,crp_dataset_8_1_3.csv,0.63,0.7208333333303298,0.9999999999942197,173,67,0,16,0.0196044921875,0.016119791666666668,0.0034847005208333316
RF,3,0.1,1.0,crp_dataset_8_1_5.csv|crp_dataset_8_1_2.csv|crp_dataset_8_1_8.csv,crp_dataset_8_1_1.csv,0.63,0.6144578313215997,0.8095238095173847,102,64,24,66,0.0252685546875,0.01404367469879518,0.01122487998870482
RF,4,0.1,1.0,crp_dataset_8_1_6.csv|crp_dataset_8_1_4.csv|crp_dataset_8_1_7.csv|crp_dataset_8_1_3.csv,crp_dataset_8_1_1.csv,0.5,0.8686868686780941,0.6825396825342656,86,13,40,117,0.0252685546875,0.002967171717171717,0.022301382970328285
RF,4,0.1,1.0,crp_dataset_8_1_6.csv|crp_dataset_8_1_4.csv|crp_dataset_8_1_7.csv|crp_dataset_8_1_3.csv,crp_dataset_8_1_5.csv,0.5,0.7843137254825067,0.799999999992,80,22,20,134,0.039282226562499994,0.005882352941176471,0.033399873621323524
RF,4,0.1,1.0,crp_dataset_8_1_6.csv|crp_dataset_8_1_4.csv|crp_dataset_8_1_7.csv|crp_dataset_8_1_3.csv,crp_dataset_8_1_2.csv,0.5,0.8118811881107735,0.6890756302463102,82,19,37,118,0.039453125,0.0051361386138613855,0.034316986386138615
RF,4,0.1,1.0,crp_dataset_8_1_6.csv|crp_dataset_8_1_4.csv|crp_dataset_8_1_7.csv|crp_dataset_8_1_3.csv,crp_dataset_8_1_8.csv,0.5,0.7647058823479431,0.8478260869503781,117,36,21,82,0.0283203125,0.006372549019607843,0.02194776348039216
RF,4,0.1,1.0,crp_dataset_8_1_6.csv|crp_dataset_8_1_4.csv|crp_dataset_8_1_7.csv|crp_dataset_8_1_1.csv,crp_dataset_8_1_3.csv,0.5,0.8943661971768003,0.7341040462385312,127,15,46,68,0.0196044921875,0.004181338028169014,0.015423154159330986
RF,4,0.1,1.0,crp_dataset_8_1_6.csv|crp_dataset_8_1_4.csv|crp_dataset_8_1_7.csv|crp_dataset_8_1_1.csv,crp_dataset_8_1_5.csv,0.5,0.9999999999870129,0.7699999999923,77,0,23,156,0.039282226562499994,0.0013798701298701301,0.03790235643262987
RF,4,0.1,1.0,crp_dataset_8_1_6.csv|crp_dataset_8_1_4.csv|crp_dataset_8_1_7.csv|crp_dataset_8_1_1.csv,crp_dataset_8_1_2.csv,0.5,0.9425287356213502,0.6890756302463102,82,5,37,132,0.039453125,0.0020114942528735636,0.037441630747126434
RF,4,0.1,1.0,crp_dataset_8_1_6.csv|crp_dataset_8_1_4.csv|crp_dataset_8_1_7.csv|crp_dataset_8_1_1.csv,crp_dataset_8_1_8.csv,0.5,0.8493150684815162,0.449275362315585,62,11,76,107,0.0283203125,0.004452054794520548,0.023868257705479453
RF,4,0.1,1.0,crp_dataset_8_1_6.csv|crp_dataset_8_1_4.csv|crp_dataset_8_1_7.csv|crp_dataset_8_1_5.csv,crp_dataset_8_1_3.csv,0.5,0.9834710743720374,0.6878612716723246,119,2,54,81,0.0196044921875,0.0002066115702479339,0.019397880617252065
RF,4,0.1,1.0,crp_dataset_8_1_6.csv|crp_dataset_8_1_4.csv|crp_dataset_8_1_7.csv|crp_dataset_8_1_5.csv,crp_dataset_8_1_1.csv,0.5,0.8539325842600681,0.6031746031698161,76,13,50,117,0.0252685546875,0.006601123595505617,0.018667431091994383
RF,4,0.1,1.0,crp_dataset_8_1_6.csv|crp_dataset_8_1_4.csv|crp_dataset_8_1_7.csv|crp_dataset_8_1_5.csv,crp_dataset_8_1_2.csv,0.5,0.8244274809097373,0.9075630252024575,108,23,11,114,0.039453125,0.006440839694656489,0.03301228530534351
RF,4,0.1,1.0,crp_dataset_8_1_6.csv|crp_dataset_8_1_4.csv|crp_dataset_8_1_7.csv|crp_dataset_8_1_5.csv,crp_dataset_8_1_8.csv,0.5,0.7297297297247992,0.7826086956465029,108,40,30,78,0.0283203125,0.00954391891891892,0.01877639358108108
RF,4,0.1,1.0,crp_dataset_8_1_6.csv|crp_dataset_8_1_4.csv|crp_dataset_8_1_7.csv|crp_dataset_8_1_2.csv,crp_dataset_8_1_3.csv,0.8933333333333333,0.9999999999910714,0.6473988439268937,112,0,61,83,0.0196044921875,0.0,0.0196044921875
RF,4,0.1,1.0,crp_dataset_8_1_6.csv|crp_dataset_8_1_4.csv|crp_dataset_8_1_7.csv|crp_dataset_8_1_2.csv,crp_dataset_8_1_1.csv,0.8933333333333333,0.9999999999833334,0.4761904761866969,60,0,66,130,0.0252685546875,0.00010416666666666667,0.025164388020833334
RF,4,0.1,1.0,crp_dataset_8_1_6.csv|crp_dataset_8_1_4.csv|crp_dataset_8_1_7.csv|crp_dataset_8_1_2.csv,crp_dataset_8_1_5.csv,0.8933333333333333,0.9999999999870129,0.7699999999923,77,0,23,156,0.039282226562499994,0.0013798701298701301,0.03790235643262987
RF,4,0.1,1.0,crp_dataset_8_1_6.csv|crp_dataset_8_1_4.csv|crp_dataset_8_1_7.csv|crp_dataset_8_1_2.csv,crp_dataset_8_1_8.csv,0.8933333333333333,0.9999999999836067,0.4420289855040433,61,0,77,118,0.0283203125,0.0029713114754098364,0.025349001024590163
RF,4,0.1,1.0,crp_dataset_8_1_6.csv|crp_dataset_8_1_4.csv|crp_dataset_8_1_7.csv|crp_dataset_8_1_8.csv,crp_dataset_8_1_3.csv,0.72,0.9827586206811831,0.6589595375684454,114,2,59,81,0.0196044921875,0.00021551724137931037,0.01938897494612069
RF,4,0.1,1.0,crp_dataset_8_1_6.csv|crp_dataset_8_1_4.csv|crp_dataset_8_1_7.csv|crp_dataset_8_1_8.csv,crp_dataset_8_1_1.csv,0.72,0.9999999999833334,0.4761904761866969,60,0,66,130,0.0252685546875,0.00010416666666666667,0.025164388020833334
RF,4,0.1,1.0,crp_dataset_8_1_6.csv|crp_dataset_8_1_4.csv|crp_dataset_8_1_7.csv|crp_dataset_8_1_8.csv,crp_dataset_8_1_5.csv,0.72,0.9999999999870129,0.7699999999923,77,0,23,156,0.039282226562499994,0.0013798701298701301,0.03790235643262987
RF,4,0.1,1.0,crp_dataset_8_1_6.csv|crp_dataset_8_1_4.csv|crp_dataset_8_1_7.csv|crp_dataset_8_1_8.csv,crp_dataset_8_1_2.csv,0.72,0.9425287356213502,0.6890756302463102,82,5,37,132,0.039453125,0.0020114942528735636,0.037441630747126434
RF,4,0.1,1.0,crp_dataset_8_1_6.csv|crp_dataset_8_1_4.csv|crp_dataset_8_1_3.csv|crp_dataset_8_1_1.csv,crp_dataset_8_1_7.csv,0.73,0.9999999999954546,0.9999999999954546,220,0,0,36,0.0095703125,0.00034090909090909094,0.00922940340909091
RF,4,0.1,1.0,crp_dataset_8_1_6.csv|crp_dataset_8_1_4.csv|crp_dataset_8_1_3.csv|crp_dataset_8_1_1.csv,crp_dataset_8_1_5.csv,0.73,0.9999999999870129,0.7699999999923,77,0,23,156,0.039282226562499994,0.0013798701298701301,0.03790235643262987
RF,4,0.1,1.0,crp_dataset_8_1_6.csv|crp_dataset_8_1_4.csv|crp_dataset_8_1_3.csv|crp_dataset_8_1_1.csv,crp_dataset_8_1_2.csv,0.73,0.9425287356213502,0.6890756302463102,82,5,37,132,0.039453125,0.0020114942528735636,0.037441630747126434
RF,4,0.1,1.0,crp_dataset_8_1_6.csv|crp_dataset_8_1_4.csv|crp_dataset_8_1_3.csv|crp_dataset_8_1_1.csv,crp_dataset_8_1_8.csv,0.73,0.9682539682385992,0.4420289855040433,61,2,77,116,0.0283203125,0.0032738095238095243,0.025046502976190474
RF,4,0.1,1.0,crp_dataset_8_1_6.csv|crp_dataset_8_1_4.csv|crp_dataset_8_1_3.csv|crp_dataset_8_1_5.csv,crp_dataset_8_1_7.csv,0.65,0.9954751131176676,0.9999999999954546,220,1,0,35,0.0095703125,0.0003959276018099547,0.009174384898190046
RF,4,0.1,1.0,crp_dataset_8_1_6.csv|crp_dataset_8_1_4.csv|crp_dataset_8_1_3.csv|crp_dataset_8_1_5.csv,crp_dataset_8_1_1.csv,0.65,0.9999999999836067,0.4841269841231418,61,0,65,130,0.0252685546875,0.00010245901639344262,0.02516609567110656
RF,4,0.1,1.0,crp_dataset_8_1_6.csv|crp_dataset_8_1_4.csv|crp_dataset_8_1_3.csv|crp_dataset_8_1_5.csv,crp_dataset_8_1_2.csv,0.65,0.9425287356213502,0.6890756302463102,82,5,37,132,0.039453125,0.0020114942528735636,0.037441630747126434
RF,4,0.1,1.0,crp_dataset_8_1_6.csv|crp_dataset_8_1_4.csv|crp_dataset_8_1_3.csv|crp_dataset_8_1_5.csv,crp_dataset_8_1_8.csv,0.65,0.9714285714146939,0.4927536231848352,68,2,70,116,0.0283203125,0.0033035714285714287,0.02501674107142857
RF,4,0.1,1.0,crp_dataset_8_1_6.csv|crp_dataset_8_1_4.csv|crp_dataset_8_1_3.csv|crp_dataset_8_1_2.csv,crp_dataset_8_1_7.csv,0.6866666666666666,0.9777777777734321,0.9999999999954546,220,5,0,31,0.0095703125,0.00075,0.0088203125
RF,4,0.1,1.0,crp_dataset_8_1_6.csv|crp_dataset_8_1_4.csv|crp_dataset_8_1_3.csv|crp_dataset_8_1_2.csv,crp_dataset_8_1_1.csv,0.6866666666666666,0.9523809523658353,0.4761904761866969,60,3,66,127,0.0252685546875,0.0009920634920634922,0.024276491195436508
RF,4,0.1,1.0,crp_dataset_8_1_6.csv|crp_dataset_8_1_4.csv|crp_dataset_8_1_3.csv|crp_dataset_8_1_2.csv,crp_dataset_8_1_5.csv,0.6866666666666666,0.905882352930519,0.7699999999923,77,8,23,148,0.039282226562499994,0.0030147058823529415,0.036267520680147054
RF,4,0.1,1.0,crp_dataset_8_1_6.csv|crp_dataset_8_1_4.csv|crp_dataset_8_1_3.csv|crp_dataset_8_1_2.csv,crp_dataset_8_1_8.csv,0.6866666666666666,0.8372093023158463,0.521739130431002,72,14,66,104,0.0283203125,0.00508720930232558,0.02323310319767442
RF,4,0.1,1.0,crp_dataset_8_1_6.csv|crp_dataset_8_1_4.csv|crp_dataset_8_1_3.csv|crp_dataset_8_1_8.csv,crp_dataset_8_1_7.csv,0.7866666666666666,0.9999999999954546,0.9999999999954546,220,0,0,36,0.0095703125,0.00034090909090909094,0.00922940340909091
RF,4,0.1,1.0,crp_dataset_8_1_6.csv|crp_dataset_8_1_4.csv|crp_dataset_8_1_3.csv|crp_dataset_8_1_8.csv,crp_dataset_8_1_1.csv,0.7866666666666666,0.9999999999833334,0.4761904761866969,60,0,66,130,0.0252685546875,0.00010416666666666667,0.025164388020833334
RF,4,0.1,1.0,crp_dataset_8_1_6.csv|crp_dataset_8_1_4.csv|crp_dataset_8_1_3.csv|crp_dataset_8_1_8.csv,crp_dataset_8_1_5.csv,0.7866666666666666,0.9999999999870129,0.7699999999923,77,0,23,156,0.039282226562499994,0.0013798701298701301,0.03790235643262987
RF,4,0.1,1.0,crp_dataset_8_1_6.csv|crp_dataset_8_1_4.csv|crp_dataset_8_1_3.csv|crp_dataset_8_1_8.csv,crp_dataset_8_1_2.csv,0.7866666666666666,0.9425287356213502,0.6890756302463102,82,5,37,132,0.039453125,0.0020114942528735636,0.037441630747126434
RF,4,0.1,1.0,crp_dataset_8_1_6.csv|crp_dataset_8_1_4.csv|crp_dataset_8_1_1.csv|crp_dataset_8_1_5.csv,crp_dataset_8_1_7.csv,0.6533333333333333,0.9954751131176676,0.9999999999954546,220,1,0,35,0.0095703125,0.0003959276018099547,0.009174384898190046
RF,4,0.1,1.0,crp_dataset_8_1_6.csv|crp_dataset_8_1_4.csv|crp_dataset_8_1_1.csv|crp_dataset_8_1_5.csv,crp_dataset_8_1_3.csv,0.6533333333333333,0.984496124023376,0.7341040462385312,127,2,46,81,0.0196044921875,0.0001937984496124031,0.019410693737887598
RF,4,0.1,1.0,crp_dataset_8_1_6.csv|crp_dataset_8_1_4.csv|crp_dataset_8_1_1.csv|crp_dataset_8_1_5.csv,crp_dataset_8_1_2.csv,0.6533333333333333,0.9425287356213502,0.6890756302463102,82,5,37,132,0.039453125,0.0020114942528735636,0.037441630747126434
RF,4,0.1,1.0,crp_dataset_8_1_6.csv|crp_dataset_8_1_4.csv|crp_dataset_8_1_1.csv|crp_dataset_8_1_5.csv,crp_dataset_8_1_8.csv,0.6533333333333333,0.9558823529271193,0.47101449275021007,65,3,73,115,0.0283203125,0.0033088235294117647,0.025011488970588237
RF,4,0.1,1.0,crp_dataset_8_1_6.csv|crp_dataset_8_1_4.csv|crp_dataset_8_1_1.csv|crp_dataset_8_1_2.csv,crp_dataset_8_1_7.csv,0.6333333333333333,0.9999999999954546,0.9999999999954546,220,0,0,36,0.0095703125,0.00034090909090909094,0.00922940340909091
RF,4,0.1,1.0,crp_dataset_8_1_6.csv|crp_dataset_8_1_4.csv|crp_dataset_8_1_1.csv|crp_dataset_8_1_2.csv,crp_dataset_8_1_3.csv,0.6333333333333333,0.9761904761827286,0.7109826589554279,123,3,50,80,0.0196044921875,0.0005952380952380952,0.019009254092261903
RF,4,0.1,1.0,crp_dataset_8_1_6.csv|crp_dataset_8_1_4.csv|crp_dataset_8_1_1.csv|crp_dataset_8_1_2.csv,crp_dataset_8_1_5.csv,0.6333333333333333,0.9999999999870129,0.7699999999923,77,0,23,156,0.039282226562499994,0.0013798701298701301,0.03790235643262987
RF,4,0.1,1.0,crp_dataset_8_1_6.csv|crp_dataset_8_1_4.csv|crp_dataset_8_1_1.csv|crp_dataset_8_1_2.csv,crp_dataset_8_1_8.csv,0.6333333333333333,0.9682539682385992,0.4420289855040433,61,2,77,116,0.0283203125,0.0032738095238095243,0.025046502976190474
RF,4,0.1,1.0,crp_dataset_8_1_6.csv|crp_dataset_8_1_4.csv|crp_dataset_8_1_1.csv|crp_dataset_8_1_8.csv,crp_dataset_8_1_7.csv,0.7033333333333334,0.9999999999954546,0.9999999999954546,220,0,0,36,0.0095703125,0.00034090909090909094,0.00922940340909091
RF,4,0.1,1.0,crp_dataset_8_1_6.csv|crp_dataset_8_1_4.csv|crp_dataset_8_1_1.csv|crp_dataset_8_1_8.csv,crp_dataset_8_1_3.csv,0.7033333333333334,0.9833333333251388,0.6820809248515487,118,2,55,81,0.0196044921875,0.00020833333333333335,0.019396158854166665
RF,4,0.1,1.0,crp_dataset_8_1_6.csv|crp_dataset_8_1_4.csv|crp_dataset_8_1_1.csv|crp_dataset_8_1_8.csv,crp_dataset_8_1_5.csv,0.7033333333333334,0.9999999999870129,0.7699999999923,77,0,23,156,0.039282226562499994,0.0013798701298701301,0.03790235643262987
RF,4,0.1,1.0,crp_dataset_8_1_6.csv|crp_dataset_8_1_4.csv|crp_dataset_8_1_1.csv|crp_dataset_8_1_8.csv,crp_dataset_8_1_2.csv,0.7033333333333334,0.9425287356213502,0.6890756302463102,82,5,37,132,0.039453125,0.0020114942528735636,0.037441630747126434
RF,4,0.1,1.0,crp_dataset_8_1_6.csv|crp_dataset_8_1_4.csv|crp_dataset_8_1_5.csv|crp_dataset_8_1_2.csv,crp_dataset_8_1_7.csv,0.6966666666666667,0.9999999999954546,0.9999999999954546,220,0,0,36,0.0095703125,0.00034090909090909094,0.00922940340909091
RF,4,0.1,1.0,crp_dataset_8_1_6.csv|crp_dataset_8_1_4.csv|crp_dataset_8_1_5.csv|crp_dataset_8_1_2.csv,crp_dataset_8_1_3.csv,0.6966666666666667,0.9999999999910714,0.6473988439268937,112,0,61,83,0.0196044921875,0.0,0.0196044921875
RF,4,0.1,1.0,crp_dataset_8_1_6.csv|crp_dataset_8_1_4.csv|crp_dataset_8_1_5.csv|crp_dataset_8_1_2.csv,crp_dataset_8_1_1.csv,0.6966666666666667,0.9999999999836067,0.4841269841231418,61,0,65,130,0.0252685546875,0.00010245901639344262,0.02516609567110656
RF,4,0.1,1.0,crp_dataset_8_1_6.csv|crp_dataset_8_1_4.csv|crp_dataset_8_1_5.csv|crp_dataset_8_1_2.csv,crp_dataset_8_1_8.csv,0.6966666666666667,0.9999999999855071,0.49999999999637684,69,0,69,118,0.0283203125,0.0026268115942028993,0.0256935009057971
RF,4,0.1,1.0,crp_dataset_8_1_6.csv|crp_dataset_8_1_4.csv|crp_dataset_8_1_5.csv|crp_dataset_8_1_8.csv,crp_dataset_8_1_7.csv,0.7966666666666666,0.9999999999954129,0.9909090909045868,218,0,2,36,0.0095703125,0.00031536697247706424,0.009254945527522936
RF,4,0.1,1.0,crp_dataset_8_1_6.csv|crp_dataset_8_1_4.csv|crp_dataset_8_1_5.csv|crp_dataset_8_1_8.csv,crp_dataset_8_1_3.csv,0.7966666666666666,0.9831932773026623,0.6763005780307729,117,2,56,81,0.0196044921875,0.0002100840336134454,0.019394408153886555
RF,4,0.1,1.0,crp_dataset_8_1_6.csv|crp_dataset_8_1_4.csv|crp_dataset_8_1_5.csv|crp_dataset_8_1_8.csv,crp_dataset_8_1_1.csv,0.7966666666666666,0.9090909090791027,0.5555555555511463,70,7,56,123,0.0252685546875,0.0013798701298701301,0.02388868455762987
RF,4,0.1,1.0,crp_dataset_8_1_6.csv|crp_dataset_8_1_4.csv|crp_dataset_8_1_5.csv|crp_dataset_8_1_8.csv,crp_dataset_8_1_2.csv,0.7966666666666666,0.9999999999756098,0.3445378151231551,41,0,78,137,0.039453125,0.0009146341463414636,0.038538490853658534
RF,4,0.1,1.0,crp_dataset_8_1_6.csv|crp_dataset_8_1_4.csv|crp_dataset_8_1_2.csv|crp_dataset_8_1_8.csv,crp_dataset_8_1_7.csv,0.83,0.9999999999945652,0.8363636363598348,184,0,36,36,0.0095703125,0.00033967391304347825,0.009230638586956523
RF,4,0.1,1.0,crp_dataset_8_1_6.csv|crp_dataset_8_1_4.csv|crp_dataset_8_1_2.csv|crp_dataset_8_1_8.csv,crp_dataset_8_1_3.csv,0.83,0.9999999999910714,0.6473988439268937,112,0,61,83,0.0196044921875,0.0,0.0196044921875
RF,4,0.1,1.0,crp_dataset_8_1_6.csv|crp_dataset_8_1_4.csv|crp_dataset_8_1_2.csv|crp_dataset_8_1_8.csv,crp_dataset_8_1_1.csv,0.83,0.9999999999833334,0.4761904761866969,60,0,66,130,0.0252685546875,0.00010416666666666667,0.025164388020833334
RF,4,0.1,1.0,crp_dataset_8_1_6.csv|crp_dataset_8_1_4.csv|crp_dataset_8_1_2.csv|crp_dataset_8_1_8.csv,crp_dataset_8_1_5.csv,0.83,0.9999999999870129,0.7699999999923,77,0,23,156,0.039282226562499994,0.0013798701298701301,0.03790235643262987
RF,4,0.1,1.0,crp_dataset_8_1_6.csv|crp_dataset_8_1_7.csv|crp_dataset_8_1_3.csv|crp_dataset_8_1_1.csv,crp_dataset_8_1_4.csv,0.7666666666666667,0.999999999990909,0.8396946564821398,110,0,21,125,0.023046875,0.0002840909090909091,0.022762784090909094
RF,4,0.1,1.0,crp_dataset_8_1_6.csv|crp_dataset_8_1_7.csv|crp_dataset_8_1_3.csv|crp_dataset_8_1_1.csv,crp_dataset_8_1_5.csv,0.7666666666666667,0.9999999999870129,0.7699999999923,77,0,23,156,0.039282226562499994,0.0013798701298701301,0.03790235643262987
RF,4,0.1,1.0,crp_dataset_8_1_6.csv|crp_dataset_8_1_7.csv|crp_dataset_8_1_3.csv|crp_dataset_8_1_1.csv,crp_dataset_8_1_2.csv,0.7666666666666667,0.9879518072170126,0.6890756302463102,82,1,37,136,0.039453125,0.0015060240963855422,0.03794710090361446
RF,4,0.1,1.0,crp_dataset_8_1_6.csv|crp_dataset_8_1_7.csv|crp_dataset_8_1_3.csv|crp_dataset_8_1_1.csv,crp_dataset_8_1_8.csv,0.7666666666666667,0.9838709677260666,0.4420289855040433,61,1,77,117,0.0283203125,0.0031250000000000006,0.0251953125
RF,4,0.1,1.0,crp_dataset_8_1_6.csv|crp_dataset_8_1_7.csv|crp_dataset_8_1_3.csv|crp_dataset_8_1_5.csv,crp_dataset_8_1_4.csv,0.5,0.901515151508322,0.9083969465579512,119,13,12,112,0.023046875,0.003456439393939394,0.019590435606060608
RF,4,0.1,1.0,crp_dataset_8_1_6.csv|crp_dataset_8_1_7.csv|crp_dataset_8_1_3.csv|crp_dataset_8_1_5.csv,crp_dataset_8_1_1.csv,0.5,0.8823529411634947,0.4761904761866969,60,8,66,122,0.0252685546875,0.0029411764705882353,0.022327378216911765
RF,4,0.1,1.0,crp_dataset_8_1_6.csv|crp_dataset_8_1_7.csv|crp_dataset_8_1_3.csv|crp_dataset_8_1_5.csv,crp_dataset_8_1_2.csv,0.5,0.9009900990009803,0.764705882346515,91,10,28,127,0.039453125,0.002784653465346534,0.03666847153465346
RF,4,0.1,1.0,crp_dataset_8_1_6.csv|crp_dataset_8_1_7.csv|crp_dataset_8_1_3.csv|crp_dataset_8_1_5.csv,crp_dataset_8_1_8.csv,0.5,0.8352941176372318,0.5144927536194602,71,14,67,104,0.0283203125,0.004705882352941175,0.023614430147058826
RF,4,0.1,1.0,crp_dataset_8_1_6.csv|crp_dataset_8_1_7.csv|crp_dataset_8_1_3.csv|crp_dataset_8_1_2.csv,crp_dataset_8_1_4.csv,0.8933333333333333,0.9999999999906541,0.816793893123536,107,0,24,125,0.023046875,0.00011682242990654206,0.022930052570093458
RF,4,0.1,1.0,crp_dataset_8_1_6.csv|crp_dataset_8_1_7.csv|crp_dataset_8_1_3.csv|crp_dataset_8_1_2.csv,crp_dataset_8_1_1.csv,0.8933333333333333,0.9999999999833334,0.4761904761866969,60,0,66,130,0.0252685546875,0.00010416666666666667,0.025164388020833334
RF,4,0.1,1.0,crp_dataset_8_1_6.csv|crp_dataset_8_1_7.csv|crp_dataset_8_1_3.csv|crp_dataset_8_1_2.csv,crp_dataset_8_1_5.csv,0.8933333333333333,0.9999999999863013,0.7299999999926999,73,0,27,156,0.039282226562499994,0.0012842465753424657,0.03799797998715753
RF,4,0.1,1.0,crp_dataset_8_1_6.csv|crp_dataset_8_1_7.csv|crp_dataset_8_1_3.csv|crp_dataset_8_1_2.csv,crp_dataset_8_1_8.csv,0.8933333333333333,0.9999999999795919,0.35507246376554297,49,0,89,118,0.0283203125,0.002168367346938776,0.026151945153061223
RF,4,0.1,1.0,crp_dataset_8_1_6.csv|crp_dataset_8_1_7.csv|crp_dataset_8_1_3.csv|crp_dataset_8_1_8.csv,crp_dataset_8_1_4.csv,0.84,0.999999999990909,0.8396946564821398,110,0,21,125,0.023046875,0.0002840909090909091,0.022762784090909094
RF,4,0.1,1.0,crp_dataset_8_1_6.csv|crp_dataset_8_1_7.csv|crp_dataset_8_1_3.csv|crp_dataset_8_1_8.csv,crp_dataset_8_1_1.csv,0.84,0.9999999999833334,0.4761904761866969,60,0,66,130,0.0252685546875,0.00010416666666666667,0.025164388020833334
RF,4,0.1,1.0,crp_dataset_8_1_6.csv|crp_dataset_8_1_7.csv|crp_dataset_8_1_3.csv|crp_dataset_8_1_8.csv,crp_dataset_8_1_5.csv,0.84,0.9999999999868421,0.7599999999924,76,0,24,156,0.039282226562499994,0.001398026315789474,0.03788420024671052
RF,4,0.1,1.0,crp_dataset_8_1_6.csv|crp_dataset_8_1_7.csv|crp_dataset_8_1_3.csv|crp_dataset_8_1_8.csv,crp_dataset_8_1_2.csv,0.84,0.9874999999876563,0.6638655462129087,79,1,40,136,0.039453125,0.001484375,0.037968749999999996
RF,4,0.1,1.0,crp_dataset_8_1_6.csv|crp_dataset_8_1_7.csv|crp_dataset_8_1_1.csv|crp_dataset_8_1_5.csv,crp_dataset_8_1_4.csv,0.5,0.984251968496187,0.9541984732751588,125,2,6,123,0.023046875,0.0004921259842519685,0.022554749015748034
RF,4,0.1,1.0,crp_dataset_8_1_6.csv|crp_dataset_8_1_7.csv|crp_dataset_8_1_1.csv|crp_dataset_8_1_5.csv,crp_dataset_8_1_3.csv,0.5,0.984496124023376,0.7341040462385312,127,2,46,81,0.0196044921875,0.0001937984496124031,0.019410693737887598
RF,4,0.1,1.0,crp_dataset_8_1_6.csv|crp_dataset_8_1_7.csv|crp_dataset_8_1_1.csv|crp_dataset_8_1_5.csv,crp_dataset_8_1_2.csv,0.5,0.961538461529216,0.8403361344467198,100,4,19,133,0.039453125,0.0025841346153846157,0.036868990384615385
RF,4,0.1,1.0,crp_dataset_8_1_6.csv|crp_dataset_8_1_7.csv|crp_dataset_8_1_1.csv|crp_dataset_8_1_5.csv,crp_dataset_8_1_8.csv,0.5,0.9310344827479191,0.5869565217348772,81,6,57,112,0.0283203125,0.0034482758620689655,0.024872036637931035
RF,4,0.1,1.0,crp_dataset_8_1_6.csv|crp_dataset_8_1_7.csv|crp_dataset_8_1_1.csv|crp_dataset_8_1_2.csv,crp_dataset_8_1_4.csv,0.5,0.9411764705813149,0.9770992366337626,128,8,3,117,0.023046875,0.001838235294117647,0.021208639705882354
RF,4,0.1,1.0,crp_dataset_8_1_6.csv|crp_dataset_8_1_7.csv|crp_dataset_8_1_1.csv|crp_dataset_8_1_2.csv,crp_dataset_8_1_3.csv,0.5,0.9402985074556695,0.7283236994177554,126,8,47,75,0.0196044921875,0.0020055970149253735,0.017598895172574625
RF,4,0.1,1.0,crp_dataset_8_1_6.csv|crp_dataset_8_1_7.csv|crp_dataset_8_1_1.csv|crp_dataset_8_1_2.csv,crp_dataset_8_1_5.csv,0.5,0.9999999999873417,0.7899999999921,79,0,21,156,0.039282226562499994,0.0013449367088607597,0.037937289853639235
RF,4,0.1,1.0,crp_dataset_8_1_6.csv|crp_dataset_8_1_7.csv|crp_dataset_8_1_1.csv|crp_dataset_8_1_2.csv,crp_dataset_8_1_8.csv,0.5,0.888888888877915,0.521739130431002,72,9,66,109,0.0283203125,0.00447530864197531,0.02384500385802469
RF,4,0.1,1.0,crp_dataset_8_1_6.csv|crp_dataset_8_1_7.csv|crp_dataset_8_1_1.csv|crp_dataset_8_1_8.csv,crp_dataset_8_1_4.csv,0.6333333333333333,0.9393939393868228,0.9465648854889576,124,8,7,117,0.023046875,0.0013257575757575756,0.021721117424242424
RF,4,0.1,1.0,crp_dataset_8_1_6.csv|crp_dataset_8_1_7.csv|crp_dataset_8_1_1.csv|crp_dataset_8_1_8.csv,crp_dataset_8_1_3.csv,0.6333333333333333,0.9833333333251388,0.6820809248515487,118,2,55,81,0.0196044921875,0.00020833333333333335,0.019396158854166665
RF,4,0.1,1.0,crp_dataset_8_1_6.csv|crp_dataset_8_1_7.csv|crp_dataset_8_1_1.csv|crp_dataset_8_1_8.csv,crp_dataset_8_1_5.csv,0.6333333333333333,0.816326530603915,0.799999999992,80,18,20,138,0.039282226562499994,0.005612244897959184,0.03366998166454081
RF,4,0.1,1.0,crp_dataset_8_1_6.csv|crp_dataset_8_1_7.csv|crp_dataset_8_1_1.csv|crp_dataset_8_1_8.csv,crp_dataset_8_1_2.csv,0.6333333333333333,0.8631578947277562,0.6890756302463102,82,13,37,124,0.039453125,0.004078947368421052,0.03537417763157895
RF,4,0.1,1.0,crp_dataset_8_1_6.csv|crp_dataset_8_1_7.csv|crp_dataset_8_1_5.csv|crp_dataset_8_1_2.csv,crp_dataset_8_1_4.csv,0.6233333333333333,0.8999999999935715,0.9618320610613601,126,14,5,111,0.023046875,0.0030357142857142857,0.020011160714285714
RF,4,0.1,1.0,crp_dataset_8_1_6.csv|crp_dataset_8_1_7.csv|crp_dataset_8_1_5.csv|crp_dataset_8_1_2.csv,crp_dataset_8_1_3.csv,0.6233333333333333,0.983870967734001,0.705202312134652,122,2,51,81,0.0196044921875,0.00020161290322580645,0.019402879284274192
RF,4,0.1,1.0,crp_dataset_8_1_6.csv|crp_dataset_8_1_7.csv|crp_dataset_8_1_5.csv|crp_dataset_8_1_2.csv,crp_dataset_8_1_1.csv,0.6233333333333333,0.7604166666587456,0.5793650793604812,73,23,53,107,0.0252685546875,0.007747395833333333,0.017521158854166666
RF,4,0.1,1.0,crp_dataset_8_1_6.csv|crp_dataset_8_1_7.csv|crp_dataset_8_1_5.csv|crp_dataset_8_1_2.csv,crp_dataset_8_1_8.csv,0.6233333333333333,0.8019801980118616,0.5869565217348772,81,20,57,98,0.0283203125,0.006745049504950494,0.021575262995049506
RF,4,0.1,1.0,crp_dataset_8_1_6.csv|crp_dataset_8_1_7.csv|crp_dataset_8_1_5.csv|crp_dataset_8_1_8.csv,crp_dataset_8_1_4.csv,0.7166666666666667,0.9752066115621884,0.90076335877175,118,3,13,122,0.023046875,0.0011363636363636365,0.021910511363636365
RF,4,0.1,1.0,crp_dataset_8_1_6.csv|crp_dataset_8_1_7.csv|crp_dataset_8_1_5.csv|crp_dataset_8_1_8.csv,crp_dataset_8_1_3.csv,0.7166666666666667,0.9826086956436294,0.6531791907476695,113,2,60,81,0.0196044921875,0.0002173913043478261,0.019387100883152174
RF,4,0.1,1.0,crp_dataset_8_1_6.csv|crp_dataset_8_1_7.csv|crp_dataset_8_1_5.csv|crp_dataset_8_1_8.csv,crp_dataset_8_1_1.csv,0.7166666666666667,0.9135802469023014,0.5873015872969262,74,7,52,123,0.0252685546875,0.00162037037037037,0.02364818431712963
RF,4,0.1,1.0,crp_dataset_8_1_6.csv|crp_dataset_8_1_7.csv|crp_dataset_8_1_5.csv|crp_dataset_8_1_8.csv,crp_dataset_8_1_2.csv,0.7166666666666667,0.9468085106282254,0.7478991596575807,89,5,30,132,0.039453125,0.001861702127659575,0.03759142287234042
RF,4,0.1,1.0,crp_dataset_8_1_6.csv|crp_dataset_8_1_7.csv|crp_dataset_8_1_2.csv|crp_dataset_8_1_8.csv,crp_dataset_8_1_4.csv,0.8366666666666667,0.999999999990909,0.8396946564821398,110,0,21,125,0.023046875,0.0002840909090909091,0.022762784090909094
RF,4,0.1,1.0,crp_dataset_8_1_6.csv|crp_dataset_8_1_7.csv|crp_dataset_8_1_2.csv|crp_dataset_8_1_8.csv,crp_dataset_8_1_3.csv,0.8366666666666667,0.9999999999910714,0.6473988439268937,112,0,61,83,0.0196044921875,0.0,0.0196044921875
RF,4,0.1,1.0,crp_dataset_8_1_6.csv|crp_dataset_8_1_7.csv|crp_dataset_8_1_2.csv|crp_dataset_8_1_8.csv,crp_dataset_8_1_1.csv,0.8366666666666667,0.9999999999850746,0.5317460317418116,67,0,59,130,0.0252685546875,9.328358208955224e-05,0.025175271105410447
RF,4,0.1,1.0,crp_dataset_8_1_6.csv|crp_dataset_8_1_7.csv|crp_dataset_8_1_2.csv|crp_dataset_8_1_8.csv,crp_dataset_8_1_5.csv,0.8366666666666667,0.9999999999857142,0.699999999993,70,0,30,156,0.039282226562499994,0.0011607142857142858,0.03812151227678571
RF,4,0.1,1.0,crp_dataset_8_1_6.csv|crp_dataset_8_1_3.csv|crp_dataset_8_1_1.csv|crp_dataset_8_1_5.csv,crp_dataset_8_1_4.csv,0.7,0.999999999990909,0.8396946564821398,110,0,21,125,0.023046875,0.0002840909090909091,0.022762784090909094
RF,4,0.1,1.0,crp_dataset_8_1_6.csv|crp_dataset_8_1_3.csv|crp_dataset_8_1_1.csv|crp_dataset_8_1_5.csv,crp_dataset_8_1_7.csv,0.7,0.9777777777734321,0.9999999999954546,220,5,0,31,0.0095703125,0.0009722222222222222,0.00859809027777778
RF,4,0.1,1.0,crp_dataset_8_1_6.csv|crp_dataset_8_1_3.csv|crp_dataset_8_1_1.csv|crp_dataset_8_1_5.csv,crp_dataset_8_1_2.csv,0.7,0.9999999999878049,0.6890756302463102,82,0,37,137,0.039453125,0.0013719512195121953,0.0380811737804878
RF,4,0.1,1.0,crp_dataset_8_1_6.csv|crp_dataset_8_1_3.csv|crp_dataset_8_1_1.csv|crp_dataset_8_1_5.csv,crp_dataset_8_1_8.csv,0.7,0.9999999999836067,0.4420289855040433,61,0,77,118,0.0283203125,0.0029713114754098364,0.025349001024590163
RF,4,0.1,1.0,crp_dataset_8_1_6.csv|crp_dataset_8_1_3.csv|crp_dataset_8_1_1.csv|crp_dataset_8_1_2.csv,crp_dataset_8_1_4.csv,0.7733333333333333,0.9999999999907407,0.8244274809097373,108,0,23,125,0.023046875,0.00017361111111111114,0.02287326388888889
RF,4,0.1,1.0,crp_dataset_8_1_6.csv|crp_dataset_8_1_3.csv|crp_dataset_8_1_1.csv|crp_dataset_8_1_2.csv,crp_dataset_8_1_7.csv,0.7733333333333333,0.9954751131176676,0.9999999999954546,220,1,0,35,0.0095703125,0.0003959276018099547,0.009174384898190046
RF,4,0.1,1.0,crp_dataset_8_1_6.csv|crp_dataset_8_1_3.csv|crp_dataset_8_1_1.csv|crp_dataset_8_1_2.csv,crp_dataset_8_1_5.csv,0.7733333333333333,0.9999999999870129,0.7699999999923,77,0,23,156,0.039282226562499994,0.0013798701298701301,0.03790235643262987
RF,4,0.1,1.0,crp_dataset_8_1_6.csv|crp_dataset_8_1_3.csv|crp_dataset_8_1_1.csv|crp_dataset_8_1_2.csv,crp_dataset_8_1_8.csv,0.7733333333333333,0.9999999999836067,0.4420289855040433,61,0,77,118,0.0283203125,0.0029713114754098364,0.025349001024590163
RF,4,0.1,1.0,crp_dataset_8_1_6.csv|crp_dataset_8_1_3.csv|crp_dataset_8_1_1.csv|crp_dataset_8_1_8.csv,crp_dataset_8_1_4.csv,0.5,0.880281690134646,0.9541984732751588,125,17,6,108,0.023046875,0.004049295774647887,0.018997579225352113
RF,4,0.1,1.0,crp_dataset_8_1_6.csv|crp_dataset_8_1_3.csv|crp_dataset_8_1_1.csv|crp_dataset_8_1_8.csv,crp_dataset_8_1_7.csv,0.5,0.9777777777734321,0.9999999999954546,220,5,0,31,0.0095703125,0.0009722222222222222,0.00859809027777778
RF,4,0.1,1.0,crp_dataset_8_1_6.csv|crp_dataset_8_1_3.csv|crp_dataset_8_1_1.csv|crp_dataset_8_1_8.csv,crp_dataset_8_1_5.csv,0.5,0.9756097560856632,0.799999999992,80,2,20,154,0.039282226562499994,0.0017530487804878047,0.03752917778201219
RF,4,0.1,1.0,crp_dataset_8_1_6.csv|crp_dataset_8_1_3.csv|crp_dataset_8_1_1.csv|crp_dataset_8_1_8.csv,crp_dataset_8_1_2.csv,0.5,0.9425287356213502,0.6890756302463102,82,5,37,132,0.039453125,0.0020114942528735636,0.037441630747126434
RF,4,0.1,1.0,crp_dataset_8_1_6.csv|crp_dataset_8_1_3.csv|crp_dataset_8_1_5.csv|crp_dataset_8_1_2.csv,crp_dataset_8_1_4.csv,0.6933333333333334,0.999999999990909,0.8396946564821398,110,0,21,125,0.023046875,0.0002840909090909091,0.022762784090909094
RF,4,0.1,1.0,crp_dataset_8_1_6.csv|crp_dataset_8_1_3.csv|crp_dataset_8_1_5.csv|crp_dataset_8_1_2.csv,crp_dataset_8_1_7.csv,0.6933333333333334,0.9999999999954546,0.9999999999954546,220,0,0,36,0.0095703125,0.00034090909090909094,0.00922940340909091
RF,4,0.1,1.0,crp_dataset_8_1_6.csv|crp_dataset_8_1_3.csv|crp_dataset_8_1_5.csv|crp_dataset_8_1_2.csv,crp_dataset_8_1_1.csv,0.6933333333333334,0.9999999999833334,0.4761904761866969,60,0,66,130,0.0252685546875,0.00010416666666666667,0.025164388020833334
RF,4,0.1,1.0,crp_dataset_8_1_6.csv|crp_dataset_8_1_3.csv|crp_dataset_8_1_5.csv|crp_dataset_8_1_2.csv,crp_dataset_8_1_8.csv,0.6933333333333334,0.9999999999846153,0.47101449275021007,65,0,73,118,0.0283203125,0.002884615384615385,0.025435697115384615
RF,4,0.1,1.0,crp_dataset_8_1_6.csv|crp_dataset_8_1_3.csv|crp_dataset_8_1_5.csv|crp_dataset_8_1_8.csv,crp_dataset_8_1_4.csv,0.76,0.999999999990909,0.8396946564821398,110,0,21,125,0.023046875,0.0002840909090909091,0.022762784090909094
RF,4,0.1,1.0,crp_dataset_8_1_6.csv|crp_dataset_8_1_3.csv|crp_dataset_8_1_5.csv|crp_dataset_8_1_8.csv,crp_dataset_8_1_7.csv,0.76,0.9999999999954546,0.9999999999954546,220,0,0,36,0.0095703125,0.00034090909090909094,0.00922940340909091
RF,4,0.1,1.0,crp_dataset_8_1_6.csv|crp_dataset_8_1_3.csv|crp_dataset_8_1_5.csv|crp_dataset_8_1_8.csv,crp_dataset_8_1_1.csv,0.76,0.9999999999850746,0.5317460317418116,67,0,59,130,0.0252685546875,9.328358208955224e-05,0.025175271105410447
RF,4,0.1,1.0,crp_dataset_8_1_6.csv|crp_dataset_8_1_3.csv|crp_dataset_8_1_5.csv|crp_dataset_8_1_8.csv,crp_dataset_8_1_2.csv,0.76,0.9999999999863013,0.6134453781461054,73,0,46,137,0.039453125,0.0010273972602739727,0.03842572773972602
RF,4,0.1,1.0,crp_dataset_8_1_6.csv|crp_dataset_8_1_3.csv|crp_dataset_8_1_2.csv|crp_dataset_8_1_8.csv,crp_dataset_8_1_4.csv,0.7333333333333333,0.89430894308216,0.8396946564821398,110,13,21,112,0.023046875,0.0036585365853658543,0.019388338414634148
RF,4,0.1,1.0,crp_dataset_8_1_6.csv|crp_dataset_8_1_3.csv|crp_dataset_8_1_2.csv|crp_dataset_8_1_8.csv,crp_dataset_8_1_7.csv,0.7333333333333333,0.9777777777734321,0.9999999999954546,220,5,0,31,0.0095703125,0.0009722222222222222,0.00859809027777778
RF,4,0.1,1.0,crp_dataset_8_1_6.csv|crp_dataset_8_1_3.csv|crp_dataset_8_1_2.csv|crp_dataset_8_1_8.csv,crp_dataset_8_1_1.csv,0.7333333333333333,0.9473684210401662,0.5714285714240362,72,4,54,126,0.0252685546875,0.0012335526315789473,0.024035002055921052
RF,4,0.1,1.0,crp_dataset_8_1_6.csv|crp_dataset_8_1_3.csv|crp_dataset_8_1_2.csv|crp_dataset_8_1_8.csv,crp_dataset_8_1_5.csv,0.7333333333333333,0.9999999999864865,0.7399999999926,74,0,26,156,0.039282226562499994,0.0011824324324324323,0.03809979413006756
RF,4,0.1,1.0,crp_dataset_8_1_6.csv|crp_dataset_8_1_1.csv|crp_dataset_8_1_5.csv|crp_dataset_8_1_2.csv,crp_dataset_8_1_4.csv,0.62,0.9745762711781816,0.8778625954131462,115,3,16,122,0.023046875,0.001059322033898305,0.021987552966101696
RF,4,0.1,1.0,crp_dataset_8_1_6.csv|crp_dataset_8_1_1.csv|crp_dataset_8_1_5.csv|crp_dataset_8_1_2.csv,crp_dataset_8_1_7.csv,0.62,0.9999999999954546,0.9999999999954546,220,0,0,36,0.0095703125,0.00034090909090909094,0.00922940340909091
RF,4,0.1,1.0,crp_dataset_8_1_6.csv|crp_dataset_8_1_1.csv|crp_dataset_8_1_5.csv|crp_dataset_8_1_2.csv,crp_dataset_8_1_3.csv,0.62,0.975999999992192,0.705202312134652,122,3,51,80,0.0196044921875,0.0005,0.0191044921875
RF,4,0.1,1.0,crp_dataset_8_1_6.csv|crp_dataset_8_1_1.csv|crp_dataset_8_1_5.csv|crp_dataset_8_1_2.csv,crp_dataset_8_1_8.csv,0.62,0.949152542356794,0.40579710144633485,56,3,82,115,0.0283203125,0.00413135593220339,0.02418895656779661
RF,4,0.1,1.0,crp_dataset_8_1_6.csv|crp_dataset_8_1_1.csv|crp_dataset_8_1_5.csv|crp_dataset_8_1_8.csv,crp_dataset_8_1_4.csv,0.8133333333333334,0.999999999991228,0.8702290076269449,114,0,17,125,0.023046875,0.00027412280701754384,0.022772752192982457
RF,4,0.1,1.0,crp_dataset_8_1_6.csv|crp_dataset_8_1_1.csv|crp_dataset_8_1_5.csv|crp_dataset_8_1_8.csv,crp_dataset_8_1_7.csv,0.8133333333333334,0.9999999999954546,0.9999999999954546,220,0,0,36,0.0095703125,0.00034090909090909094,0.00922940340909091
RF,4,0.1,1.0,crp_dataset_8_1_6.csv|crp_dataset_8_1_1.csv|crp_dataset_8_1_5.csv|crp_dataset_8_1_8.csv,crp_dataset_8_1_3.csv,0.8133333333333334,0.982905982897582,0.6647398843892212,115,2,58,81,0.0196044921875,0.00021367521367521368,0.019390816973824786
RF,4,0.1,1.0,crp_dataset_8_1_6.csv|crp_dataset_8_1_1.csv|crp_dataset_8_1_5.csv|crp_dataset_8_1_8.csv,crp_dataset_8_1_2.csv,0.8133333333333334,0.9999999999714286,0.29411764705635196,35,0,84,137,0.039453125,0.0008928571428571428,0.03856026785714286
RF,4,0.1,1.0,crp_dataset_8_1_6.csv|crp_dataset_8_1_1.csv|crp_dataset_8_1_2.csv|crp_dataset_8_1_8.csv,crp_dataset_8_1_4.csv,0.7,0.9915966386471294,0.90076335877175,118,1,13,124,0.023046875,0.0004201680672268908,0.022626706932773112
RF,4,0.1,1.0,crp_dataset_8_1_6.csv|crp_dataset_8_1_1.csv|crp_dataset_8_1_2.csv|crp_dataset_8_1_8.csv,crp_dataset_8_1_7.csv,0.7,0.9999999999954546,0.9999999999954546,220,0,0,36,0.0095703125,0.00034090909090909094,0.00922940340909091
RF,4,0.1,1.0,crp_dataset_8_1_6.csv|crp_dataset_8_1_1.csv|crp_dataset_8_1_2.csv|crp_dataset_8_1_8.csv,crp_dataset_8_1_3.csv,0.7,0.983870967734001,0.705202312134652,122,2,51,81,0.0196044921875,0.00020161290322580645,0.019402879284274192
RF,4,0.1,1.0,crp_dataset_8_1_6.csv|crp_dataset_8_1_1.csv|crp_dataset_8_1_2.csv|crp_dataset_8_1_8.csv,crp_dataset_8_1_5.csv,0.7,0.9999999999864865,0.7399999999926,74,0,26,156,0.039282226562499994,0.0011824324324324323,0.03809979413006756
RF,4,0.1,1.0,crp_dataset_8_1_6.csv|crp_dataset_8_1_5.csv|crp_dataset_8_1_2.csv|crp_dataset_8_1_8.csv,crp_dataset_8_1_4.csv,0.68,0.9393939393868228,0.9465648854889576,124,8,7,117,0.023046875,0.001988636363636364,0.02105823863636364
RF,4,0.1,1.0,crp_dataset_8_1_6.csv|crp_dataset_8_1_5.csv|crp_dataset_8_1_2.csv|crp_dataset_8_1_8.csv,crp_dataset_8_1_7.csv,0.68,0.9954751131176676,0.9999999999954546,220,1,0,35,0.0095703125,0.0003959276018099547,0.009174384898190046
RF,4,0.1,1.0,crp_dataset_8_1_6.csv|crp_dataset_8_1_5.csv|crp_dataset_8_1_2.csv|crp_dataset_8_1_8.csv,crp_dataset_8_1_3.csv,0.68,0.9833333333251388,0.6820809248515487,118,2,55,81,0.0196044921875,0.00020833333333333335,0.019396158854166665
RF,4,0.1,1.0,crp_dataset_8_1_6.csv|crp_dataset_8_1_5.csv|crp_dataset_8_1_2.csv|crp_dataset_8_1_8.csv,crp_dataset_8_1_1.csv,0.68,0.8118811881107735,0.6507936507884857,82,19,44,111,0.0252685546875,0.00525990099009901,0.02000865369740099
RF,4,0.1,1.0,crp_dataset_8_1_4.csv|crp_dataset_8_1_7.csv|crp_dataset_8_1_3.csv|crp_dataset_8_1_1.csv,crp_dataset_8_1_6.csv,0.8433333333333334,0.949999999988125,0.5428571428532654,76,4,64,112,0.026928710937499996,0.001171875,0.025756835937499997
RF,4,0.1,1.0,crp_dataset_8_1_4.csv|crp_dataset_8_1_7.csv|crp_dataset_8_1_3.csv|crp_dataset_8_1_1.csv,crp_dataset_8_1_5.csv,0.8433333333333334,0.8813559321884517,0.5199999999948,52,7,48,149,0.039282226562499994,0.0030720338983050845,0.03621019266419491
RF,4,0.1,1.0,crp_dataset_8_1_4.csv|crp_dataset_8_1_7.csv|crp_dataset_8_1_3.csv|crp_dataset_8_1_1.csv,crp_dataset_8_1_2.csv,0.8433333333333334,0.8947368420817176,0.28571428571188473,34,4,85,133,0.039453125,0.0023026315789473686,0.03715049342105263
RF,4,0.1,1.0,crp_dataset_8_1_4.csv|crp_dataset_8_1_7.csv|crp_dataset_8_1_3.csv|crp_dataset_8_1_1.csv,crp_dataset_8_1_8.csv,0.8433333333333334,0.7619047618926682,0.3478260869540013,48,15,90,103,0.0283203125,0.006249999999999998,0.0220703125
RF,4,0.1,1.0,crp_dataset_8_1_4.csv|crp_dataset_8_1_7.csv|crp_dataset_8_1_3.csv|crp_dataset_8_1_5.csv,crp_dataset_8_1_6.csv,0.8333333333333334,0.9620253164435186,0.5428571428532654,76,3,64,113,0.026928710937499996,0.0007120253164556961,0.0262166856210443
RF,4,0.1,1.0,crp_dataset_8_1_4.csv|crp_dataset_8_1_7.csv|crp_dataset_8_1_3.csv|crp_dataset_8_1_5.csv,crp_dataset_8_1_1.csv,0.8333333333333334,0.9374999999853515,0.4761904761866969,60,4,66,126,0.0252685546875,0.001171875,0.0240966796875
RF,4,0.1,1.0,crp_dataset_8_1_4.csv|crp_dataset_8_1_7.csv|crp_dataset_8_1_3.csv|crp_dataset_8_1_5.csv,crp_dataset_8_1_2.csv,0.8333333333333334,0.9574468084902672,0.37815126050102393,45,2,74,135,0.039453125,0.0014627659574468087,0.03799035904255319
RF,4,0.1,1.0,crp_dataset_8_1_4.csv|crp_dataset_8_1_7.csv|crp_dataset_8_1_3.csv|crp_dataset_8_1_5.csv,crp_dataset_8_1_8.csv,0.8333333333333334,0.783783783773192,0.42028985506941824,58,16,80,102,0.0283203125,0.005574324324324324,0.022745988175675677
RF,4,0.1,1.0,crp_dataset_8_1_4.csv|crp_dataset_8_1_7.csv|crp_dataset_8_1_3.csv|crp_dataset_8_1_2.csv,crp_dataset_8_1_6.csv,0.5,0.7798742138315732,0.8857142857079593,124,35,16,81,0.026928710937499996,0.011517295597484276,0.01541141534001572
RF,4,0.1,1.0,crp_dataset_8_1_4.csv|crp_dataset_8_1_7.csv|crp_dataset_8_1_3.csv|crp_dataset_8_1_2.csv,crp_dataset_8_1_1.csv,0.5,0.9411764705743945,0.5079365079324767,64,4,62,126,0.0252685546875,0.0011948529411764707,0.02407370174632353
RF,4,0.1,1.0,crp_dataset_8_1_4.csv|crp_dataset_8_1_7.csv|crp_dataset_8_1_3.csv|crp_dataset_8_1_2.csv,crp_dataset_8_1_5.csv,0.5,0.9277108433623167,0.7699999999923,77,6,23,150,0.039282226562499994,0.002259036144578313,0.03702319041792168
RF,4,0.1,1.0,crp_dataset_8_1_4.csv|crp_dataset_8_1_7.csv|crp_dataset_8_1_3.csv|crp_dataset_8_1_2.csv,crp_dataset_8_1_8.csv,0.5,0.8043478260782135,0.5362318840540853,74,18,64,100,0.0283203125,0.004959239130434783,0.02336107336956522
RF,4,0.1,1.0,crp_dataset_8_1_4.csv|crp_dataset_8_1_7.csv|crp_dataset_8_1_3.csv|crp_dataset_8_1_8.csv,crp_dataset_8_1_6.csv,0.6933333333333334,0.9999999999888889,0.642857142852551,90,0,50,116,0.026928710937499996,6.944444444444444e-05,0.02685926649305555
RF,4,0.1,1.0,crp_dataset_8_1_4.csv|crp_dataset_8_1_7.csv|crp_dataset_8_1_3.csv|crp_dataset_8_1_8.csv,crp_dataset_8_1_1.csv,0.6933333333333334,0.9736842105135041,0.5873015872969262,74,2,52,128,0.0252685546875,0.000493421052631579,0.02477513363486842
RF,4,0.1,1.0,crp_dataset_8_1_4.csv|crp_dataset_8_1_7.csv|crp_dataset_8_1_3.csv|crp_dataset_8_1_8.csv,crp_dataset_8_1_5.csv,0.6933333333333334,0.9756097560856632,0.799999999992,80,2,20,154,0.039282226562499994,0.0018292682926829272,0.037452958269817066
RF,4,0.1,1.0,crp_dataset_8_1_4.csv|crp_dataset_8_1_7.csv|crp_dataset_8_1_3.csv|crp_dataset_8_1_8.csv,crp_dataset_8_1_2.csv,0.6933333333333334,0.9425287356213502,0.6890756302463102,82,5,37,132,0.039453125,0.0020114942528735636,0.037441630747126434
RF,4,0.1,1.0,crp_dataset_8_1_4.csv|crp_dataset_8_1_7.csv|crp_dataset_8_1_1.csv|crp_dataset_8_1_5.csv,crp_dataset_8_1_6.csv,0.5,0.8439716311996882,0.8499999999939286,119,22,21,94,0.026928710937499996,0.008289007092198583,0.018639703845301413
RF,4,0.1,1.0,crp_dataset_8_1_4.csv|crp_dataset_8_1_7.csv|crp_dataset_8_1_1.csv|crp_dataset_8_1_5.csv,crp_dataset_8_1_3.csv,0.5,0.9241379310281095,0.7745664739839621,134,11,39,72,0.0196044921875,0.003103448275862069,0.016501043911637932
RF,4,0.1,1.0,crp_dataset_8_1_4.csv|crp_dataset_8_1_7.csv|crp_dataset_8_1_1.csv|crp_dataset_8_1_5.csv,crp_dataset_8_1_2.csv,0.5,0.9425287356213502,0.6890756302463102,82,5,37,132,0.039453125,0.0020114942528735636,0.037441630747126434
RF,4,0.1,1.0,crp_dataset_8_1_4.csv|crp_dataset_8_1_7.csv|crp_dataset_8_1_1.csv|crp_dataset_8_1_5.csv,crp_dataset_8_1_8.csv,0.5,0.9285714285603741,0.5652173913002521,78,6,60,112,0.0283203125,0.0035714285714285713,0.024748883928571427
RF,4,0.1,1.0,crp_dataset_8_1_4.csv|crp_dataset_8_1_7.csv|crp_dataset_8_1_1.csv|crp_dataset_8_1_2.csv,crp_dataset_8_1_6.csv,0.7166666666666667,0.9999999999875,0.5714285714244899,80,0,60,116,0.026928710937499996,7.8125e-05,0.026850585937499998
RF,4,0.1,1.0,crp_dataset_8_1_4.csv|crp_dataset_8_1_7.csv|crp_dataset_8_1_1.csv|crp_dataset_8_1_2.csv,crp_dataset_8_1_3.csv,0.7166666666666667,0.9999999999913792,0.670520231209997,116,0,57,83,0.0196044921875,0.0,0.0196044921875
RF,4,0.1,1.0,crp_dataset_8_1_4.csv|crp_dataset_8_1_7.csv|crp_dataset_8_1_1.csv|crp_dataset_8_1_2.csv,crp_dataset_8_1_5.csv,0.7166666666666667,0.9999999999870129,0.7699999999923,77,0,23,156,0.039282226562499994,0.0013798701298701301,0.03790235643262987
RF,4,0.1,1.0,crp_dataset_8_1_4.csv|crp_dataset_8_1_7.csv|crp_dataset_8_1_1.csv|crp_dataset_8_1_2.csv,crp_dataset_8_1_8.csv,0.7166666666666667,0.9999999999836067,0.4420289855040433,61,0,77,118,0.0283203125,0.0029713114754098364,0.025349001024590163
RF,4,0.1,1.0,crp_dataset_8_1_4.csv|crp_dataset_8_1_7.csv|crp_dataset_8_1_1.csv|crp_dataset_8_1_8.csv,crp_dataset_8_1_6.csv,0.8166666666666667,0.9999999999868421,0.5428571428532654,76,0,64,116,0.026928710937499996,8.223684210526316e-05,0.026846474095394732
RF,4,0.1,1.0,crp_dataset_8_1_4.csv|crp_dataset_8_1_7.csv|crp_dataset_8_1_1.csv|crp_dataset_8_1_8.csv,crp_dataset_8_1_3.csv,0.8166666666666667,0.9824561403422591,0.6473988439268937,112,2,61,81,0.0196044921875,0.0002192982456140351,0.019385193941885964
RF,4,0.1,1.0,crp_dataset_8_1_4.csv|crp_dataset_8_1_7.csv|crp_dataset_8_1_1.csv|crp_dataset_8_1_8.csv,crp_dataset_8_1_5.csv,0.8166666666666667,0.9999999999870129,0.7699999999923,77,0,23,156,0.039282226562499994,0.0013798701298701301,0.03790235643262987
RF,4,0.1,1.0,crp_dataset_8_1_4.csv|crp_dataset_8_1_7.csv|crp_dataset_8_1_1.csv|crp_dataset_8_1_8.csv,crp_dataset_8_1_2.csv,0.8166666666666667,0.9761904761788548,0.6890756302463102,82,2,37,135,0.039453125,0.001636904761904762,0.037816220238095236
RF,4,0.1,1.0,crp_dataset_8_1_4.csv|crp_dataset_8_1_7.csv|crp_dataset_8_1_5.csv|crp_dataset_8_1_2.csv,crp_dataset_8_1_6.csv,0.8033333333333333,0.9999999999868421,0.5428571428532654,76,0,64,116,0.026928710937499996,8.223684210526316e-05,0.026846474095394732
RF,4,0.1,1.0,crp_dataset_8_1_4.csv|crp_dataset_8_1_7.csv|crp_dataset_8_1_5.csv|crp_dataset_8_1_2.csv,crp_dataset_8_1_3.csv,0.8033333333333333,0.9999999999910714,0.6473988439268937,112,0,61,83,0.0196044921875,0.0,0.0196044921875
RF,4,0.1,1.0,crp_dataset_8_1_4.csv|crp_dataset_8_1_7.csv|crp_dataset_8_1_5.csv|crp_dataset_8_1_2.csv,crp_dataset_8_1_1.csv,0.8033333333333333,0.9999999999833334,0.4761904761866969,60,0,66,130,0.0252685546875,0.00010416666666666667,0.025164388020833334
RF,4,0.1,1.0,crp_dataset_8_1_4.csv|crp_dataset_8_1_7.csv|crp_dataset_8_1_5.csv|crp_dataset_8_1_2.csv,crp_dataset_8_1_8.csv,0.8033333333333333,0.9999999999836067,0.4420289855040433,61,0,77,118,0.0283203125,0.0029713114754098364,0.025349001024590163
RF,4,0.1,1.0,crp_dataset_8_1_4.csv|crp_dataset_8_1_7.csv|crp_dataset_8_1_5.csv|crp_dataset_8_1_8.csv,crp_dataset_8_1_6.csv,0.83,0.9999999999800001,0.35714285714030614,50,0,90,116,0.026928710937499996,0.0,0.026928710937499996
RF,4,0.1,1.0,crp_dataset_8_1_4.csv|crp_dataset_8_1_7.csv|crp_dataset_8_1_5.csv|crp_dataset_8_1_8.csv,crp_dataset_8_1_3.csv,0.83,0.9814814814723937,0.6127167630022387,106,2,67,81,0.0196044921875,0.0002314814814814815,0.019373010706018517
RF,4,0.1,1.0,crp_dataset_8_1_4.csv|crp_dataset_8_1_7.csv|crp_dataset_8_1_5.csv|crp_dataset_8_1_8.csv,crp_dataset_8_1_1.csv,0.83,0.999999999982143,0.4444444444409171,56,0,70,130,0.0252685546875,0.0,0.0252685546875
RF,4,0.1,1.0,crp_dataset_8_1_4.csv|crp_dataset_8_1_7.csv|crp_dataset_8_1_5.csv|crp_dataset_8_1_8.csv,crp_dataset_8_1_2.csv,0.83,0.9999999999722223,0.30252100840081914,36,0,83,137,0.039453125,0.0010416666666666667,0.03841145833333333
RF,4,0.1,1.0,crp_dataset_8_1_4.csv|crp_dataset_8_1_7.csv|crp_dataset_8_1_2.csv|crp_dataset_8_1_8.csv,crp_dataset_8_1_6.csv,0.9,0.9999999999814816,0.38571428571153066,54,0,86,116,0.026928710937499996,0.00011574074074074075,0.026812970196759257
RF,4,0.1,1.0,crp_dataset_8_1_4.csv|crp_dataset_8_1_7.csv|crp_dataset_8_1_2.csv|crp_dataset_8_1_8.csv,crp_dataset_8_1_3.csv,0.9,0.9819819819731352,0.6300578034645662,109,2,64,81,0.0196044921875,0.00022522522522522523,0.019379266962274773
RF,4,0.1,1.0,crp_dataset_8_1_4.csv|crp_dataset_8_1_7.csv|crp_dataset_8_1_2.csv|crp_dataset_8_1_8.csv,crp_dataset_8_1_1.csv,0.9,0.9999999999833334,0.4761904761866969,60,0,66,130,0.0252685546875,0.00010416666666666667,0.025164388020833334
RF,4,0.1,1.0,crp_dataset_8_1_4.csv|crp_dataset_8_1_7.csv|crp_dataset_8_1_2.csv|crp_dataset_8_1_8.csv,crp_dataset_8_1_5.csv,0.9,0.9999999999870129,0.7699999999923,77,0,23,156,0.039282226562499994,0.0013798701298701301,0.03790235643262987
RF,4,0.1,1.0,crp_dataset_8_1_4.csv|crp_dataset_8_1_3.csv|crp_dataset_8_1_1.csv|crp_dataset_8_1_5.csv,crp_dataset_8_1_6.csv,0.5,0.782051282046269,0.871428571422347,122,34,18,82,0.026928710937499996,0.010496794871794871,0.016431916065705127
RF,4,0.1,1.0,crp_dataset_8_1_4.csv|crp_dataset_8_1_3.csv|crp_dataset_8_1_1.csv|crp_dataset_8_1_5.csv,crp_dataset_8_1_7.csv,0.5,0.9649122806975223,0.9999999999954546,220,8,0,28,0.0095703125,0.0009868421052631577,0.008583470394736843
RF,4,0.1,1.0,crp_dataset_8_1_4.csv|crp_dataset_8_1_3.csv|crp_dataset_8_1_1.csv|crp_dataset_8_1_5.csv,crp_dataset_8_1_2.csv,0.5,0.9431818181711001,0.6974789915907774,83,5,36,132,0.039453125,0.002059659090909091,0.03739346590909091
RF,4,0.1,1.0,crp_dataset_8_1_4.csv|crp_dataset_8_1_3.csv|crp_dataset_8_1_1.csv|crp_dataset_8_1_5.csv,crp_dataset_8_1_8.csv,0.5,0.9382716049266879,0.5507246376771687,76,5,62,113,0.0283203125,0.003317901234567901,0.0250024112654321
RF,4,0.1,1.0,crp_dataset_8_1_4.csv|crp_dataset_8_1_3.csv|crp_dataset_8_1_1.csv|crp_dataset_8_1_2.csv,crp_dataset_8_1_6.csv,0.83,0.9999999999868421,0.5428571428532654,76,0,64,116,0.026928710937499996,8.223684210526316e-05,0.026846474095394732
RF,4,0.1,1.0,crp_dataset_8_1_4.csv|crp_dataset_8_1_3.csv|crp_dataset_8_1_1.csv|crp_dataset_8_1_2.csv,crp_dataset_8_1_7.csv,0.83,0.9999999999954129,0.9909090909045868,218,0,2,36,0.0095703125,0.00028669724770642203,0.009283615252293579
RF,4,0.1,1.0,crp_dataset_8_1_4.csv|crp_dataset_8_1_3.csv|crp_dataset_8_1_1.csv|crp_dataset_8_1_2.csv,crp_dataset_8_1_5.csv,0.83,0.9999999999868421,0.7599999999924,76,0,24,156,0.039282226562499994,0.0013157894736842105,0.03796643708881579
RF,4,0.1,1.0,crp_dataset_8_1_4.csv|crp_dataset_8_1_3.csv|crp_dataset_8_1_1.csv|crp_dataset_8_1_2.csv,crp_dataset_8_1_8.csv,0.83,0.9999999999836067,0.4420289855040433,61,0,77,118,0.0283203125,0.0029713114754098364,0.025349001024590163
RF,4,0.1,1.0,crp_dataset_8_1_4.csv|crp_dataset_8_1_3.csv|crp_dataset_8_1_1.csv|crp_dataset_8_1_8.csv,crp_dataset_8_1_6.csv,0.7133333333333334,0.9999999999871795,0.5571428571388776,78,0,62,116,0.026928710937499996,8.012820512820513e-05,0.02684858273237179
RF,4,0.1,1.0,crp_dataset_8_1_4.csv|crp_dataset_8_1_3.csv|crp_dataset_8_1_1.csv|crp_dataset_8_1_8.csv,crp_dataset_8_1_7.csv,0.7133333333333334,0.9999999999954546,0.9999999999954546,220,0,0,36,0.0095703125,0.00034090909090909094,0.00922940340909091
RF,4,0.1,1.0,crp_dataset_8_1_4.csv|crp_dataset_8_1_3.csv|crp_dataset_8_1_1.csv|crp_dataset_8_1_8.csv,crp_dataset_8_1_5.csv,0.7133333333333334,0.9999999999870129,0.7699999999923,77,0,23,156,0.039282226562499994,0.0013798701298701301,0.03790235643262987
RF,4,0.1,1.0,crp_dataset_8_1_4.csv|crp_dataset_8_1_3.csv|crp_dataset_8_1_1.csv|crp_dataset_8_1_8.csv,crp_dataset_8_1_2.csv,0.7133333333333334,0.9425287356213502,0.6890756302463102,82,5,37,132,0.039453125,0.0020114942528735636,0.037441630747126434
RF,4,0.1,1.0,crp_dataset_8_1_4.csv|crp_dataset_8_1_3.csv|crp_dataset_8_1_5.csv|crp_dataset_8_1_2.csv,crp_dataset_8_1_6.csv,0.7466666666666667,0.9999999999868421,0.5428571428532654,76,0,64,116,0.026928710937499996,8.223684210526316e-05,0.026846474095394732
RF,4,0.1,1.0,crp_dataset_8_1_4.csv|crp_dataset_8_1_3.csv|crp_dataset_8_1_5.csv|crp_dataset_8_1_2.csv,crp_dataset_8_1_7.csv,0.7466666666666667,0.9999999999954546,0.9999999999954546,220,0,0,36,0.0095703125,0.00034090909090909094,0.00922940340909091
RF,4,0.1,1.0,crp_dataset_8_1_4.csv|crp_dataset_8_1_3.csv|crp_dataset_8_1_5.csv|crp_dataset_8_1_2.csv,crp_dataset_8_1_1.csv,0.7466666666666667,0.9999999999833334,0.4761904761866969,60,0,66,130,0.0252685546875,0.00010416666666666667,0.025164388020833334
RF,4,0.1,1.0,crp_dataset_8_1_4.csv|crp_dataset_8_1_3.csv|crp_dataset_8_1_5.csv|crp_dataset_8_1_2.csv,crp_dataset_8_1_8.csv,0.7466666666666667,0.9999999999836067,0.4420289855040433,61,0,77,118,0.0283203125,0.0029713114754098364,0.025349001024590163
RF,4,0.1,1.0,crp_dataset_8_1_4.csv|crp_dataset_8_1_3.csv|crp_dataset_8_1_5.csv|crp_dataset_8_1_8.csv,crp_dataset_8_1_6.csv,0.8166666666666667,0.9999999999868421,0.5428571428532654,76,0,64,116,0.026928710937499996,8.223684210526316e-05,0.026846474095394732
RF,4,0.1,1.0,crp_dataset_8_1_4.csv|crp_dataset_8_1_3.csv|crp_dataset_8_1_5.csv|crp_dataset_8_1_8.csv,crp_dataset_8_1_7.csv,0.8166666666666667,0.9999999999954546,0.9999999999954546,220,0,0,36,0.0095703125,0.00034090909090909094,0.00922940340909091
RF,4,0.1,1.0,crp_dataset_8_1_4.csv|crp_dataset_8_1_3.csv|crp_dataset_8_1_5.csv|crp_dataset_8_1_8.csv,crp_dataset_8_1_1.csv,0.8166666666666667,0.9999999999833334,0.4761904761866969,60,0,66,130,0.0252685546875,0.00010416666666666667,0.025164388020833334
RF,4,0.1,1.0,crp_dataset_8_1_4.csv|crp_dataset_8_1_3.csv|crp_dataset_8_1_5.csv|crp_dataset_8_1_8.csv,crp_dataset_8_1_2.csv,0.8166666666666667,0.9999999999767443,0.36134453781208953,43,0,76,137,0.039453125,0.0010174418604651165,0.03843568313953488
RF,4,0.1,1.0,crp_dataset_8_1_4.csv|crp_dataset_8_1_3.csv|crp_dataset_8_1_2.csv|crp_dataset_8_1_8.csv,crp_dataset_8_1_6.csv,0.8266666666666667,0.9999999999868421,0.5428571428532654,76,0,64,116,0.026928710937499996,8.223684210526316e-05,0.026846474095394732
RF,4,0.1,1.0,crp_dataset_8_1_4.csv|crp_dataset_8_1_3.csv|crp_dataset_8_1_2.csv|crp_dataset_8_1_8.csv,crp_dataset_8_1_7.csv,0.8266666666666667,0.9999999999954129,0.9909090909045868,218,0,2,36,0.0095703125,0.00028669724770642203,0.009283615252293579
RF,4,0.1,1.0,crp_dataset_8_1_4.csv|crp_dataset_8_1_3.csv|crp_dataset_8_1_2.csv|crp_dataset_8_1_8.csv,crp_dataset_8_1_1.csv,0.8266666666666667,0.9999999999833334,0.4761904761866969,60,0,66,130,0.0252685546875,0.00010416666666666667,0.025164388020833334
RF,4,0.1,1.0,crp_dataset_8_1_4.csv|crp_dataset_8_1_3.csv|crp_dataset_8_1_2.csv|crp_dataset_8_1_8.csv,crp_dataset_8_1_5.csv,0.8266666666666667,0.9999999999870129,0.7699999999923,77,0,23,156,0.039282226562499994,0.0013798701298701301,0.03790235643262987
RF,4,0.1,1.0,crp_dataset_8_1_4.csv|crp_dataset_8_1_1.csv|crp_dataset_8_1_5.csv|crp_dataset_8_1_2.csv,crp_dataset_8_1_6.csv,0.7866666666666666,0.9999999999868421,0.5428571428532654,76,0,64,116,0.026928710937499996,8.223684210526316e-05,0.026846474095394732
RF,4,0.1,1.0,crp_dataset_8_1_4.csv|crp_dataset_8_1_1.csv|crp_dataset_8_1_5.csv|crp_dataset_8_1_2.csv,crp_dataset_8_1_7.csv,0.7866666666666666,0.9999999999954546,0.9999999999954546,220,0,0,36,0.0095703125,0.00034090909090909094,0.00922940340909091
RF,4,0.1,1.0,crp_dataset_8_1_4.csv|crp_dataset_8_1_1.csv|crp_dataset_8_1_5.csv|crp_dataset_8_1_2.csv,crp_dataset_8_1_3.csv,0.7866666666666666,0.9999999999911504,0.6531791907476695,113,0,60,83,0.0196044921875,0.0,0.0196044921875
RF,4,0.1,1.0,crp_dataset_8_1_4.csv|crp_dataset_8_1_1.csv|crp_dataset_8_1_5.csv|crp_dataset_8_1_2.csv,crp_dataset_8_1_8.csv,0.7866666666666666,0.9999999999836067,0.4420289855040433,61,0,77,118,0.0283203125,0.0029713114754098364,0.025349001024590163
RF,4,0.1,1.0,crp_dataset_8_1_4.csv|crp_dataset_8_1_1.csv|crp_dataset_8_1_5.csv|crp_dataset_8_1_8.csv,crp_dataset_8_1_6.csv,0.7233333333333334,0.9696969696871748,0.6857142857093879,96,3,44,113,0.026928710937499996,0.0006313131313131314,0.026297397806186864
RF,4,0.1,1.0,crp_dataset_8_1_4.csv|crp_dataset_8_1_1.csv|crp_dataset_8_1_5.csv|crp_dataset_8_1_8.csv,crp_dataset_8_1_7.csv,0.7233333333333334,0.9999999999954546,0.9999999999954546,220,0,0,36,0.0095703125,0.00034090909090909094,0.00922940340909091
RF,4,0.1,1.0,crp_dataset_8_1_4.csv|crp_dataset_8_1_1.csv|crp_dataset_8_1_5.csv|crp_dataset_8_1_8.csv,crp_dataset_8_1_3.csv,0.7233333333333334,0.983999999992128,0.7109826589554279,123,2,50,81,0.0196044921875,0.0002,0.0194044921875
RF,4,0.1,1.0,crp_dataset_8_1_4.csv|crp_dataset_8_1_1.csv|crp_dataset_8_1_5.csv|crp_dataset_8_1_8.csv,crp_dataset_8_1_2.csv,0.7233333333333334,0.9999999999863013,0.6134453781461054,73,0,46,137,0.039453125,0.0009417808219178083,0.03851134417808219
RF,4,0.1,1.0,crp_dataset_8_1_4.csv|crp_dataset_8_1_1.csv|crp_dataset_8_1_2.csv|crp_dataset_8_1_8.csv,crp_dataset_8_1_6.csv,0.75,0.9999999999879517,0.5928571428529082,83,0,57,116,0.026928710937499996,7.530120481927712e-05,0.02685340973268072
RF,4,0.1,1.0,crp_dataset_8_1_4.csv|crp_dataset_8_1_1.csv|crp_dataset_8_1_2.csv|crp_dataset_8_1_8.csv,crp_dataset_8_1_7.csv,0.75,0.9999999999954546,0.9999999999954546,220,0,0,36,0.0095703125,0.00034090909090909094,0.00922940340909091
RF,4,0.1,1.0,crp_dataset_8_1_4.csv|crp_dataset_8_1_1.csv|crp_dataset_8_1_2.csv|crp_dataset_8_1_8.csv,crp_dataset_8_1_3.csv,0.75,0.9999999999916667,0.6936416184931004,120,0,53,83,0.0196044921875,0.0,0.0196044921875
RF,4,0.1,1.0,crp_dataset_8_1_4.csv|crp_dataset_8_1_1.csv|crp_dataset_8_1_2.csv|crp_dataset_8_1_8.csv,crp_dataset_8_1_5.csv,0.75,0.9999999999868421,0.7599999999924,76,0,24,156,0.039282226562499994,0.0013157894736842105,0.03796643708881579
RF,4,0.1,1.0,crp_dataset_8_1_4.csv|crp_dataset_8_1_5.csv|crp_dataset_8_1_2.csv|crp_dataset_8_1_8.csv,crp_dataset_8_1_6.csv,0.71,0.9999999999868421,0.5428571428532654,76,0,64,116,0.026928710937499996,8.223684210526316e-05,0.026846474095394732
RF,4,0.1,1.0,crp_dataset_8_1_4.csv|crp_dataset_8_1_5.csv|crp_dataset_8_1_2.csv|crp_dataset_8_1_8.csv,crp_dataset_8_1_7.csv,0.71,0.9999999999954546,0.9999999999954546,220,0,0,36,0.0095703125,0.00034090909090909094,0.00922940340909091
RF,4,0.1,1.0,crp_dataset_8_1_4.csv|crp_dataset_8_1_5.csv|crp_dataset_8_1_2.csv|crp_dataset_8_1_8.csv,crp_dataset_8_1_3.csv,0.71,0.9999999999910714,0.6473988439268937,112,0,61,83,0.0196044921875,0.0,0.0196044921875
RF,4,0.1,1.0,crp_dataset_8_1_4.csv|crp_dataset_8_1_5.csv|crp_dataset_8_1_2.csv|crp_dataset_8_1_8.csv,crp_dataset_8_1_1.csv,0.71,0.9459459459331628,0.5555555555511463,70,4,56,126,0.0252685546875,0.0028716216216216213,0.02239693306587838
RF,4,0.1,1.0,crp_dataset_8_1_7.csv|crp_dataset_8_1_3.csv|crp_dataset_8_1_1.csv|crp_dataset_8_1_5.csv,crp_dataset_8_1_6.csv,0.5,0.7852760736148143,0.9142857142791837,128,35,12,81,0.026928710937499996,0.01085122699386503,0.016077483943634965
RF,4,0.1,1.0,crp_dataset_8_1_7.csv|crp_dataset_8_1_3.csv|crp_dataset_8_1_1.csv|crp_dataset_8_1_5.csv,crp_dataset_8_1_4.csv,0.5,0.9913793103362811,0.8778625954131462,115,1,16,124,0.023046875,0.00043103448275862074,0.02261584051724138
RF,4,0.1,1.0,crp_dataset_8_1_7.csv|crp_dataset_8_1_3.csv|crp_dataset_8_1_1.csv|crp_dataset_8_1_5.csv,crp_dataset_8_1_2.csv,0.5,0.8938053097266034,0.848739495791187,101,12,18,125,0.039453125,0.0038163716814159296,0.03563675331858407
RF,4,0.1,1.0,crp_dataset_8_1_7.csv|crp_dataset_8_1_3.csv|crp_dataset_8_1_1.csv|crp_dataset_8_1_5.csv,crp_dataset_8_1_8.csv,0.5,0.9714285714146939,0.4927536231848352,68,2,70,116,0.0283203125,0.003035714285714286,0.025284598214285713
RF,4,0.1,1.0,crp_dataset_8_1_7.csv|crp_dataset_8_1_3.csv|crp_dataset_8_1_1.csv|crp_dataset_8_1_2.csv,crp_dataset_8_1_6.csv,0.5,0.6034482758594679,0.9999999999928573,140,92,0,24,0.026928710937499996,0.020770474137931032,0.006158236799568964
RF,4,0.1,1.0,crp_dataset_8_1_7.csv|crp_dataset_8_1_3.csv|crp_dataset_8_1_1.csv|crp_dataset_8_1_2.csv,crp_dataset_8_1_4.csv,0.5,0.9824561403422591,0.8549618320545423,112,2,19,123,0.023046875,0.0005482456140350877,0.022498629385964912
RF,4,0.1,1.0,crp_dataset_8_1_7.csv|crp_dataset_8_1_3.csv|crp_dataset_8_1_1.csv|crp_dataset_8_1_2.csv,crp_dataset_8_1_5.csv,0.5,0.9999999999880952,0.8399999999916,84,0,16,156,0.039282226562499994,0.0012648809523809524,0.03801734561011904
RF,4,0.1,1.0,crp_dataset_8_1_7.csv|crp_dataset_8_1_3.csv|crp_dataset_8_1_1.csv|crp_dataset_8_1_2.csv,crp_dataset_8_1_8.csv,0.5,0.9696969696822773,0.4637681159386684,64,2,74,116,0.0283203125,0.0032196969696969696,0.02510061553030303
RF,4,0.1,1.0,crp_dataset_8_1_7.csv|crp_dataset_8_1_3.csv|crp_dataset_8_1_1.csv|crp_dataset_8_1_8.csv,crp_dataset_8_1_6.csv,0.7433333333333333,0.9999999999886363,0.6285714285669388,88,0,52,116,0.026928710937499996,7.102272727272728e-05,0.026857688210227267
RF,4,0.1,1.0,crp_dataset_8_1_7.csv|crp_dataset_8_1_3.csv|crp_dataset_8_1_1.csv|crp_dataset_8_1_8.csv,crp_dataset_8_1_4.csv,0.7433333333333333,0.999999999990909,0.8396946564821398,110,0,21,125,0.023046875,0.0002840909090909091,0.022762784090909094
RF,4,0.1,1.0,crp_dataset_8_1_7.csv|crp_dataset_8_1_3.csv|crp_dataset_8_1_1.csv|crp_dataset_8_1_8.csv,crp_dataset_8_1_5.csv,0.7433333333333333,0.9999999999870129,0.7699999999923,77,0,23,156,0.039282226562499994,0.0013798701298701301,0.03790235643262987
RF,4,0.1,1.0,crp_dataset_8_1_7.csv|crp_dataset_8_1_3.csv|crp_dataset_8_1_1.csv|crp_dataset_8_1_8.csv,crp_dataset_8_1_2.csv,0.7433333333333333,0.9647058823415916,0.6890756302463102,82,3,37,134,0.039453125,0.0017647058823529415,0.03768841911764706
RF,4,0.1,1.0,crp_dataset_8_1_7.csv|crp_dataset_8_1_3.csv|crp_dataset_8_1_5.csv|crp_dataset_8_1_2.csv,crp_dataset_8_1_6.csv,0.67,0.7278481012612162,0.8214285714227041,115,43,25,73,0.026928710937499996,0.01483386075949367,0.012094850178006326
RF,4,0.1,1.0,crp_dataset_8_1_7.csv|crp_dataset_8_1_3.csv|crp_dataset_8_1_5.csv|crp_dataset_8_1_2.csv,crp_dataset_8_1_4.csv,0.67,0.9818181818092562,0.8244274809097373,108,2,23,123,0.023046875,0.00039772727272727274,0.02264914772727273
RF,4,0.1,1.0,crp_dataset_8_1_7.csv|crp_dataset_8_1_3.csv|crp_dataset_8_1_5.csv|crp_dataset_8_1_2.csv,crp_dataset_8_1_1.csv,0.67,0.9523809523658353,0.4761904761866969,60,3,66,127,0.0252685546875,0.0008928571428571428,0.024375697544642857
RF,4,0.1,1.0,crp_dataset_8_1_7.csv|crp_dataset_8_1_3.csv|crp_dataset_8_1_5.csv|crp_dataset_8_1_2.csv,crp_dataset_8_1_8.csv,0.67,0.9999999999814816,0.39130434782325146,54,0,84,118,0.0283203125,0.0025462962962962965,0.025774016203703703
RF,4,0.1,1.0,crp_dataset_8_1_7.csv|crp_dataset_8_1_3.csv|crp_dataset_8_1_5.csv|crp_dataset_8_1_8.csv,crp_dataset_8_1_6.csv,0.6,0.7964071856239736,0.9499999999932144,133,34,7,82,0.026928710937499996,0.010179640718562876,0.01674907021893712
RF,4,0.1,1.0,crp_dataset_8_1_7.csv|crp_dataset_8_1_3.csv|crp_dataset_8_1_5.csv|crp_dataset_8_1_8.csv,crp_dataset_8_1_4.csv,0.6,0.9909909909820631,0.8396946564821398,110,1,21,124,0.023046875,0.0003941441441441442,0.022652730855855858
RF,4,0.1,1.0,crp_dataset_8_1_7.csv|crp_dataset_8_1_3.csv|crp_dataset_8_1_5.csv|crp_dataset_8_1_8.csv,crp_dataset_8_1_1.csv,0.6,0.9361702127559981,0.6984126984071555,88,6,38,124,0.0252685546875,0.0011303191489361703,0.02413823553856383
RF,4,0.1,1.0,crp_dataset_8_1_7.csv|crp_dataset_8_1_3.csv|crp_dataset_8_1_5.csv|crp_dataset_8_1_8.csv,crp_dataset_8_1_2.csv,0.6,0.9999999999883721,0.7226890756241791,86,0,33,137,0.039453125,0.0013081395348837211,0.03814498546511628
RF,4,0.1,1.0,crp_dataset_8_1_7.csv|crp_dataset_8_1_3.csv|crp_dataset_8_1_2.csv|crp_dataset_8_1_8.csv,crp_dataset_8_1_6.csv,0.71,0.8762886597847805,0.6071428571385205,85,12,55,104,0.026928710937499996,0.005347938144329897,0.021580772793170097
RF,4,0.1,1.0,crp_dataset_8_1_7.csv|crp_dataset_8_1_3.csv|crp_dataset_8_1_2.csv|crp_dataset_8_1_8.csv,crp_dataset_8_1_4.csv,0.71,0.9909909909820631,0.8396946564821398,110,1,21,124,0.023046875,0.00039414414414414413,0.022652730855855858
RF,4,0.1,1.0,crp_dataset_8_1_7.csv|crp_dataset_8_1_3.csv|crp_dataset_8_1_2.csv|crp_dataset_8_1_8.csv,crp_dataset_8_1_1.csv,0.71,0.9677419354682623,0.4761904761866969,60,2,66,128,0.0252685546875,0.0007056451612903226,0.024562909526209677
RF,4,0.1,1.0,crp_dataset_8_1_7.csv|crp_dataset_8_1_3.csv|crp_dataset_8_1_2.csv|crp_dataset_8_1_8.csv,crp_dataset_8_1_5.csv,0.71,0.9999999999870129,0.7699999999923,77,0,23,156,0.039282226562499994,0.0013798701298701301,0.03790235643262987
RF,4,0.1,1.0,crp_dataset_8_1_7.csv|crp_dataset_8_1_1.csv|crp_dataset_8_1_5.csv|crp_dataset_8_1_2.csv,crp_dataset_8_1_6.csv,0.6366666666666667,0.9999999999875,0.5714285714244899,80,0,60,116,0.026928710937499996,7.8125e-05,0.026850585937499998
RF,4,0.1,1.0,crp_dataset_8_1_7.csv|crp_dataset_8_1_1.csv|crp_dataset_8_1_5.csv|crp_dataset_8_1_2.csv,crp_dataset_8_1_4.csv,0.6366666666666667,0.999999999990909,0.8396946564821398,110,0,21,125,0.023046875,0.0002840909090909091,0.022762784090909094
RF,4,0.1,1.0,crp_dataset_8_1_7.csv|crp_dataset_8_1_1.csv|crp_dataset_8_1_5.csv|crp_dataset_8_1_2.csv,crp_dataset_8_1_3.csv,0.6366666666666667,0.9999999999910714,0.6473988439268937,112,0,61,83,0.0196044921875,0.0,0.0196044921875
RF,4,0.1,1.0,crp_dataset_8_1_7.csv|crp_dataset_8_1_1.csv|crp_dataset_8_1_5.csv|crp_dataset_8_1_2.csv,crp_dataset_8_1_8.csv,0.6366666666666667,0.9999999999836067,0.4420289855040433,61,0,77,118,0.0283203125,0.0029713114754098364,0.025349001024590163
RF,4,0.1,1.0,crp_dataset_8_1_7.csv|crp_dataset_8_1_1.csv|crp_dataset_8_1_5.csv|crp_dataset_8_1_8.csv,crp_dataset_8_1_6.csv,0.8466666666666667,0.9999999999868421,0.5428571428532654,76,0,64,116,0.026928710937499996,8.223684210526316e-05,0.026846474095394732
RF,4,0.1,1.0,crp_dataset_8_1_7.csv|crp_dataset_8_1_1.csv|crp_dataset_8_1_5.csv|crp_dataset_8_1_8.csv,crp_dataset_8_1_4.csv,0.8466666666666667,0.999999999990909,0.8396946564821398,110,0,21,125,0.023046875,0.0002840909090909091,0.022762784090909094
RF,4,0.1,1.0,crp_dataset_8_1_7.csv|crp_dataset_8_1_1.csv|crp_dataset_8_1_5.csv|crp_dataset_8_1_8.csv,crp_dataset_8_1_3.csv,0.8466666666666667,0.9824561403422591,0.6473988439268937,112,2,61,81,0.0196044921875,0.0002192982456140351,0.019385193941885964
RF,4,0.1,1.0,crp_dataset_8_1_7.csv|crp_dataset_8_1_1.csv|crp_dataset_8_1_5.csv|crp_dataset_8_1_8.csv,crp_dataset_8_1_2.csv,0.8466666666666667,0.9999999999677419,0.26050420167848315,31,0,88,137,0.039453125,0.0008064516129032258,0.03864667338709677
RF,4,0.1,1.0,crp_dataset_8_1_7.csv|crp_dataset_8_1_1.csv|crp_dataset_8_1_2.csv|crp_dataset_8_1_8.csv,crp_dataset_8_1_6.csv,0.7966666666666666,0.9999999999868421,0.5428571428532654,76,0,64,116,0.026928710937499996,8.223684210526316e-05,0.026846474095394732
RF,4,0.1,1.0,crp_dataset_8_1_7.csv|crp_dataset_8_1_1.csv|crp_dataset_8_1_2.csv|crp_dataset_8_1_8.csv,crp_dataset_8_1_4.csv,0.7966666666666666,0.999999999990909,0.8396946564821398,110,0,21,125,0.023046875,0.0002840909090909091,0.022762784090909094
RF,4,0.1,1.0,crp_dataset_8_1_7.csv|crp_dataset_8_1_1.csv|crp_dataset_8_1_2.csv|crp_dataset_8_1_8.csv,crp_dataset_8_1_3.csv,0.7966666666666666,0.9999999999910714,0.6473988439268937,112,0,61,83,0.0196044921875,0.0,0.0196044921875
RF,4,0.1,1.0,crp_dataset_8_1_7.csv|crp_dataset_8_1_1.csv|crp_dataset_8_1_2.csv|crp_dataset_8_1_8.csv,crp_dataset_8_1_5.csv,0.7966666666666666,0.9999999999859155,0.7099999999929,71,0,29,156,0.039282226562499994,0.0011443661971830986,0.0381378603653169
RF,4,0.1,1.0,crp_dataset_8_1_7.csv|crp_dataset_8_1_5.csv|crp_dataset_8_1_2.csv|crp_dataset_8_1_8.csv,crp_dataset_8_1_6.csv,0.7666666666666667,0.9999999999791668,0.34285714285469393,48,0,92,116,0.026928710937499996,0.0,0.026928710937499996
RF,4,0.1,1.0,crp_dataset_8_1_7.csv|crp_dataset_8_1_5.csv|crp_dataset_8_1_2.csv|crp_dataset_8_1_8.csv,crp_dataset_8_1_4.csv,0.7666666666666667,0.7880794701934565,0.9083969465579512,119,32,12,93,0.023046875,0.010678807947019867,0.012368067052980134
RF,4,0.1,1.0,crp_dataset_8_1_7.csv|crp_dataset_8_1_5.csv|crp_dataset_8_1_2.csv|crp_dataset_8_1_8.csv,crp_dataset_8_1_3.csv,0.7666666666666667,0.9824561403422591,0.6473988439268937,112,2,61,81,0.0196044921875,0.0011513157894736843,0.018453176398026315
RF,4,0.1,1.0,crp_dataset_8_1_7.csv|crp_dataset_8_1_5.csv|crp_dataset_8_1_2.csv|crp_dataset_8_1_8.csv,crp_dataset_8_1_1.csv,0.7666666666666667,0.6249999999956598,0.7142857142800453,90,54,36,76,0.0252685546875,0.015711805555555555,0.009556749131944445
RF,4,0.1,1.0,crp_dataset_8_1_3.csv|crp_dataset_8_1_1.csv|crp_dataset_8_1_5.csv|crp_dataset_8_1_2.csv,crp_dataset_8_1_6.csv,0.5,0.9191919191826344,0.6499999999953572,91,8,49,108,0.026928710937499996,0.004482323232323232,0.022446387705176762
RF,4,0.1,1.0,crp_dataset_8_1_3.csv|crp_dataset_8_1_1.csv|crp_dataset_8_1_5.csv|crp_dataset_8_1_2.csv,crp_dataset_8_1_4.csv,0.5,0.9435483870891649,0.8931297709855487,117,7,14,118,0.023046875,0.001713709677419355,0.021333165322580647
RF,4,0.1,1.0,crp_dataset_8_1_3.csv|crp_dataset_8_1_1.csv|crp_dataset_8_1_5.csv|crp_dataset_8_1_2.csv,crp_dataset_8_1_7.csv,0.5,0.9606986899521367,0.9999999999954546,220,9,0,27,0.0095703125,0.0013919213973799126,0.008178391102620088
RF,4,0.1,1.0,crp_dataset_8_1_3.csv|crp_dataset_8_1_1.csv|crp_dataset_8_1_5.csv|crp_dataset_8_1_2.csv,crp_dataset_8_1_8.csv,0.5,0.9444444444313271,0.4927536231848352,68,4,70,114,0.0283203125,0.004079861111111111,0.02424045138888889
RF,4,0.1,1.0,crp_dataset_8_1_3.csv|crp_dataset_8_1_1.csv|crp_dataset_8_1_5.csv|crp_dataset_8_1_8.csv,crp_dataset_8_1_6.csv,0.62,0.8905109488986095,0.871428571422347,122,15,18,101,0.026928710937499996,0.005474452554744526,0.02145425838275547
RF,4,0.1,1.0,crp_dataset_8_1_3.csv|crp_dataset_8_1_1.csv|crp_dataset_8_1_5.csv|crp_dataset_8_1_8.csv,crp_dataset_8_1_4.csv,0.62,0.999999999990909,0.8396946564821398,110,0,21,125,0.023046875,0.0002840909090909091,0.022762784090909094
RF,4,0.1,1.0,crp_dataset_8_1_3.csv|crp_dataset_8_1_1.csv|crp_dataset_8_1_5.csv|crp_dataset_8_1_8.csv,crp_dataset_8_1_7.csv,0.62,0.9999999999954546,0.9999999999954546,220,0,0,36,0.0095703125,0.00034090909090909094,0.00922940340909091
RF,4,0.1,1.0,crp_dataset_8_1_3.csv|crp_dataset_8_1_1.csv|crp_dataset_8_1_5.csv|crp_dataset_8_1_8.csv,crp_dataset_8_1_2.csv,0.62,0.9999999999878049,0.6890756302463102,82,0,37,137,0.039453125,0.0013719512195121953,0.0380811737804878
RF,4,0.1,1.0,crp_dataset_8_1_3.csv|crp_dataset_8_1_1.csv|crp_dataset_8_1_2.csv|crp_dataset_8_1_8.csv,crp_dataset_8_1_6.csv,0.7633333333333333,0.9999999999870129,0.5499999999960715,77,0,63,116,0.026928710937499996,8.116883116883117e-05,0.026847542106331165
RF,4,0.1,1.0,crp_dataset_8_1_3.csv|crp_dataset_8_1_1.csv|crp_dataset_8_1_2.csv|crp_dataset_8_1_8.csv,crp_dataset_8_1_4.csv,0.7633333333333333,0.999999999990909,0.8396946564821398,110,0,21,125,0.023046875,0.0002840909090909091,0.022762784090909094
RF,4,0.1,1.0,crp_dataset_8_1_3.csv|crp_dataset_8_1_1.csv|crp_dataset_8_1_2.csv|crp_dataset_8_1_8.csv,crp_dataset_8_1_7.csv,0.7633333333333333,0.9999999999954546,0.9999999999954546,220,0,0,36,0.0095703125,0.00034090909090909094,0.00922940340909091
RF,4,0.1,1.0,crp_dataset_8_1_3.csv|crp_dataset_8_1_1.csv|crp_dataset_8_1_2.csv|crp_dataset_8_1_8.csv,crp_dataset_8_1_5.csv,0.7633333333333333,0.9999999999870129,0.7699999999923,77,0,23,156,0.039282226562499994,0.0013798701298701301,0.03790235643262987
RF,4,0.1,1.0,crp_dataset_8_1_3.csv|crp_dataset_8_1_5.csv|crp_dataset_8_1_2.csv|crp_dataset_8_1_8.csv,crp_dataset_8_1_6.csv,0.66,0.9999999999882353,0.6071428571385205,85,0,55,116,0.026928710937499996,7.352941176470589e-05,0.02685518152573529
RF,4,0.1,1.0,crp_dataset_8_1_3.csv|crp_dataset_8_1_5.csv|crp_dataset_8_1_2.csv|crp_dataset_8_1_8.csv,crp_dataset_8_1_4.csv,0.66,0.9909909909820631,0.8396946564821398,110,1,21,124,0.023046875,0.0003941441441441442,0.022652730855855858
RF,4,0.1,1.0,crp_dataset_8_1_3.csv|crp_dataset_8_1_5.csv|crp_dataset_8_1_2.csv|crp_dataset_8_1_8.csv,crp_dataset_8_1_7.csv,0.66,0.9999999999954546,0.9999999999954546,220,0,0,36,0.0095703125,0.00034090909090909094,0.00922940340909091
RF,4,0.1,1.0,crp_dataset_8_1_3.csv|crp_dataset_8_1_5.csv|crp_dataset_8_1_2.csv|crp_dataset_8_1_8.csv,crp_dataset_8_1_1.csv,0.66,0.9999999999852941,0.5396825396782565,68,0,58,130,0.0252685546875,9.191176470588235e-05,0.025176642922794118
RF,4,0.1,1.0,crp_dataset_8_1_1.csv|crp_dataset_8_1_5.csv|crp_dataset_8_1_2.csv|crp_dataset_8_1_8.csv,crp_dataset_8_1_6.csv,0.77,0.9999999999868421,0.5428571428532654,76,0,64,116,0.026928710937499996,8.223684210526316e-05,0.026846474095394732
RF,4,0.1,1.0,crp_dataset_8_1_1.csv|crp_dataset_8_1_5.csv|crp_dataset_8_1_2.csv|crp_dataset_8_1_8.csv,crp_dataset_8_1_4.csv,0.77,0.9999999999907407,0.8244274809097373,108,0,23,125,0.023046875,0.00017361111111111114,0.02287326388888889
RF,4,0.1,1.0,crp_dataset_8_1_1.csv|crp_dataset_8_1_5.csv|crp_dataset_8_1_2.csv|crp_dataset_8_1_8.csv,crp_dataset_8_1_7.csv,0.77,0.999999999995,0.9090909090867769,200,0,20,36,0.0095703125,0.00034375000000000003,0.0092265625
RF,4,0.1,1.0,crp_dataset_8_1_1.csv|crp_dataset_8_1_5.csv|crp_dataset_8_1_2.csv|crp_dataset_8_1_8.csv,crp_dataset_8_1_3.csv,0.77,0.999999999990566,0.6127167630022387,106,0,67,83,0.0196044921875,0.0,0.0196044921875
RF,5,0.1,1.0,crp_dataset_8_1_6.csv|crp_dataset_8_1_4.csv|crp_dataset_8_1_7.csv|crp_dataset_8_1_3.csv|crp_dataset_8_1_1.csv,crp_dataset_8_1_5.csv,0.7466666666666667,0.9999999999870129,0.7699999999923,77,0,23,156,0.039282226562499994,0.0013798701298701301,0.03790235643262987
RF,5,0.1,1.0,crp_dataset_8_1_6.csv|crp_dataset_8_1_4.csv|crp_dataset_8_1_7.csv|crp_dataset_8_1_3.csv|crp_dataset_8_1_1.csv,crp_dataset_8_1_2.csv,0.7466666666666667,0.9425287356213502,0.6890756302463102,82,5,37,132,0.039453125,0.0020114942528735636,0.037441630747126434
RF,5,0.1,1.0,crp_dataset_8_1_6.csv|crp_dataset_8_1_4.csv|crp_dataset_8_1_7.csv|crp_dataset_8_1_3.csv|crp_dataset_8_1_1.csv,crp_dataset_8_1_8.csv,0.7466666666666667,0.9682539682385992,0.4420289855040433,61,2,77,116,0.0283203125,0.0032738095238095243,0.025046502976190474
RF,5,0.1,1.0,crp_dataset_8_1_6.csv|crp_dataset_8_1_4.csv|crp_dataset_8_1_7.csv|crp_dataset_8_1_3.csv|crp_dataset_8_1_5.csv,crp_dataset_8_1_1.csv,0.6133333333333333,0.9552238805827578,0.5079365079324767,64,3,62,127,0.0252685546875,0.0008395522388059701,0.02442900244869403
RF,5,0.1,1.0,crp_dataset_8_1_6.csv|crp_dataset_8_1_4.csv|crp_dataset_8_1_7.csv|crp_dataset_8_1_3.csv|crp_dataset_8_1_5.csv,crp_dataset_8_1_2.csv,0.6133333333333333,0.8962264150858846,0.7983193277243839,95,11,24,126,0.039453125,0.002476415094339622,0.036976709905660377
RF,5,0.1,1.0,crp_dataset_8_1_6.csv|crp_dataset_8_1_4.csv|crp_dataset_8_1_7.csv|crp_dataset_8_1_3.csv|crp_dataset_8_1_5.csv,crp_dataset_8_1_8.csv,0.6133333333333333,0.7894736842022161,0.543478260865627,75,20,63,98,0.0283203125,0.00506578947368421,0.02325452302631579
RF,5,0.1,1.0,crp_dataset_8_1_6.csv|crp_dataset_8_1_4.csv|crp_dataset_8_1_7.csv|crp_dataset_8_1_3.csv|crp_dataset_8_1_2.csv,crp_dataset_8_1_1.csv,0.8166666666666667,0.9999999999833334,0.4761904761866969,60,0,66,130,0.0252685546875,0.00010416666666666667,0.025164388020833334
RF,5,0.1,1.0,crp_dataset_8_1_6.csv|crp_dataset_8_1_4.csv|crp_dataset_8_1_7.csv|crp_dataset_8_1_3.csv|crp_dataset_8_1_2.csv,crp_dataset_8_1_5.csv,0.8166666666666667,0.9999999999870129,0.7699999999923,77,0,23,156,0.039282226562499994,0.0013798701298701301,0.03790235643262987
RF,5,0.1,1.0,crp_dataset_8_1_6.csv|crp_dataset_8_1_4.csv|crp_dataset_8_1_7.csv|crp_dataset_8_1_3.csv|crp_dataset_8_1_2.csv,crp_dataset_8_1_8.csv,0.8166666666666667,0.9999999999803922,0.36956521738862635,51,0,87,118,0.0283203125,0.00232843137254902,0.02599188112745098
RF,5,0.1,1.0,crp_dataset_8_1_6.csv|crp_dataset_8_1_4.csv|crp_dataset_8_1_7.csv|crp_dataset_8_1_3.csv|crp_dataset_8_1_8.csv,crp_dataset_8_1_1.csv,0.8666666666666667,0.9999999999833334,0.4761904761866969,60,0,66,130,0.0252685546875,0.00010416666666666667,0.025164388020833334
RF,5,0.1,1.0,crp_dataset_8_1_6.csv|crp_dataset_8_1_4.csv|crp_dataset_8_1_7.csv|crp_dataset_8_1_3.csv|crp_dataset_8_1_8.csv,crp_dataset_8_1_5.csv,0.8666666666666667,0.9999999999870129,0.7699999999923,77,0,23,156,0.039282226562499994,0.0013798701298701301,0.03790235643262987
RF,5,0.1,1.0,crp_dataset_8_1_6.csv|crp_dataset_8_1_4.csv|crp_dataset_8_1_7.csv|crp_dataset_8_1_3.csv|crp_dataset_8_1_8.csv,crp_dataset_8_1_2.csv,0.8666666666666667,0.9534883720819362,0.6890756302463102,82,4,37,133,0.039453125,0.0018895348837209306,0.03756359011627907
RF,5,0.1,1.0,crp_dataset_8_1_6.csv|crp_dataset_8_1_4.csv|crp_dataset_8_1_7.csv|crp_dataset_8_1_1.csv|crp_dataset_8_1_5.csv,crp_dataset_8_1_3.csv,0.6133333333333333,0.9827586206811831,0.6589595375684454,114,2,59,81,0.0196044921875,0.00021551724137931037,0.01938897494612069
RF,5,0.1,1.0,crp_dataset_8_1_6.csv|crp_dataset_8_1_4.csv|crp_dataset_8_1_7.csv|crp_dataset_8_1_1.csv|crp_dataset_8_1_5.csv,crp_dataset_8_1_2.csv,0.6133333333333333,0.9425287356213502,0.6890756302463102,82,5,37,132,0.039453125,0.0020114942528735636,0.037441630747126434
RF,5,0.1,1.0,crp_dataset_8_1_6.csv|crp_dataset_8_1_4.csv|crp_dataset_8_1_7.csv|crp_dataset_8_1_1.csv|crp_dataset_8_1_5.csv,crp_dataset_8_1_8.csv,0.6133333333333333,0.9682539682385992,0.4420289855040433,61,2,77,116,0.0283203125,0.0032738095238095243,0.025046502976190474
RF,5,0.1,1.0,crp_dataset_8_1_6.csv|crp_dataset_8_1_4.csv|crp_dataset_8_1_7.csv|crp_dataset_8_1_1.csv|crp_dataset_8_1_2.csv,crp_dataset_8_1_3.csv,0.7933333333333333,0.9999999999911504,0.6531791907476695,113,0,60,83,0.0196044921875,0.0,0.0196044921875
RF,5,0.1,1.0,crp_dataset_8_1_6.csv|crp_dataset_8_1_4.csv|crp_dataset_8_1_7.csv|crp_dataset_8_1_1.csv|crp_dataset_8_1_2.csv,crp_dataset_8_1_5.csv,0.7933333333333333,0.9999999999870129,0.7699999999923,77,0,23,156,0.039282226562499994,0.0013798701298701301,0.03790235643262987
RF,5,0.1,1.0,crp_dataset_8_1_6.csv|crp_dataset_8_1_4.csv|crp_dataset_8_1_7.csv|crp_dataset_8_1_1.csv|crp_dataset_8_1_2.csv,crp_dataset_8_1_8.csv,0.7933333333333333,0.9999999999830509,0.4275362318809599,59,0,79,118,0.0283203125,0.0028601694915254237,0.025460143008474576
RF,5,0.1,1.0,crp_dataset_8_1_6.csv|crp_dataset_8_1_4.csv|crp_dataset_8_1_7.csv|crp_dataset_8_1_1.csv|crp_dataset_8_1_8.csv,crp_dataset_8_1_3.csv,0.6466666666666666,0.9836065573689868,0.6936416184931004,120,2,53,81,0.0196044921875,0.00020491803278688525,0.019399574154713113
RF,5,0.1,1.0,crp_dataset_8_1_6.csv|crp_dataset_8_1_4.csv|crp_dataset_8_1_7.csv|crp_dataset_8_1_1.csv|crp_dataset_8_1_8.csv,crp_dataset_8_1_5.csv,0.6466666666666666,0.9999999999870129,0.7699999999923,77,0,23,156,0.039282226562499994,0.0013798701298701301,0.03790235643262987
RF,5,0.1,1.0,crp_dataset_8_1_6.csv|crp_dataset_8_1_4.csv|crp_dataset_8_1_7.csv|crp_dataset_8_1_1.csv|crp_dataset_8_1_8.csv,crp_dataset_8_1_2.csv,0.6466666666666666,0.9425287356213502,0.6890756302463102,82,5,37,132,0.039453125,0.0020114942528735636,0.037441630747126434
RF,5,0.1,1.0,crp_dataset_8_1_6.csv|crp_dataset_8_1_4.csv|crp_dataset_8_1_7.csv|crp_dataset_8_1_5.csv|crp_dataset_8_1_2.csv,crp_dataset_8_1_3.csv,0.86,0.9999999999910714,0.6473988439268937,112,0,61,83,0.0196044921875,0.0,0.0196044921875
RF,5,0.1,1.0,crp_dataset_8_1_6.csv|crp_dataset_8_1_4.csv|crp_dataset_8_1_7.csv|crp_dataset_8_1_5.csv|crp_dataset_8_1_2.csv,crp_dataset_8_1_1.csv,0.86,0.9999999999833334,0.4761904761866969,60,0,66,130,0.0252685546875,0.00010416666666666667,0.025164388020833334
RF,5,0.1,1.0,crp_dataset_8_1_6.csv|crp_dataset_8_1_4.csv|crp_dataset_8_1_7.csv|crp_dataset_8_1_5.csv|crp_dataset_8_1_2.csv,crp_dataset_8_1_8.csv,0.86,0.9999999999836067,0.4420289855040433,61,0,77,118,0.0283203125,0.0029713114754098364,0.025349001024590163
RF,5,0.1,1.0,crp_dataset_8_1_6.csv|crp_dataset_8_1_4.csv|crp_dataset_8_1_7.csv|crp_dataset_8_1_5.csv|crp_dataset_8_1_8.csv,crp_dataset_8_1_3.csv,0.6066666666666667,0.9830508474492962,0.670520231209997,116,2,57,81,0.0196044921875,0.00021186440677966104,0.019392627780720338
RF,5,0.1,1.0,crp_dataset_8_1_6.csv|crp_dataset_8_1_4.csv|crp_dataset_8_1_7.csv|crp_dataset_8_1_5.csv|crp_dataset_8_1_8.csv,crp_dataset_8_1_1.csv,0.6066666666666667,0.9868421052501731,0.5952380952333711,75,1,51,129,0.0252685546875,0.00024671052631578954,0.02502184416118421
RF,5,0.1,1.0,crp_dataset_8_1_6.csv|crp_dataset_8_1_4.csv|crp_dataset_8_1_7.csv|crp_dataset_8_1_5.csv|crp_dataset_8_1_8.csv,crp_dataset_8_1_2.csv,0.6066666666666667,0.9425287356213502,0.6890756302463102,82,5,37,132,0.039453125,0.0020114942528735636,0.037441630747126434
RF,5,0.1,1.0,crp_dataset_8_1_6.csv|crp_dataset_8_1_4.csv|crp_dataset_8_1_7.csv|crp_dataset_8_1_2.csv|crp_dataset_8_1_8.csv,crp_dataset_8_1_3.csv,0.65,0.9999999999913792,0.670520231209997,116,0,57,83,0.0196044921875,0.0,0.0196044921875
RF,5,0.1,1.0,crp_dataset_8_1_6.csv|crp_dataset_8_1_4.csv|crp_dataset_8_1_7.csv|crp_dataset_8_1_2.csv|crp_dataset_8_1_8.csv,crp_dataset_8_1_1.csv,0.65,0.9999999999878049,0.6507936507884857,82,0,44,130,0.0252685546875,7.621951219512195e-05,0.025192335175304878
RF,5,0.1,1.0,crp_dataset_8_1_6.csv|crp_dataset_8_1_4.csv|crp_dataset_8_1_7.csv|crp_dataset_8_1_2.csv|crp_dataset_8_1_8.csv,crp_dataset_8_1_5.csv,0.65,0.9999999999870129,0.7699999999923,77,0,23,156,0.039282226562499994,0.0013798701298701301,0.03790235643262987
RF,5,0.1,1.0,crp_dataset_8_1_6.csv|crp_dataset_8_1_4.csv|crp_dataset_8_1_3.csv|crp_dataset_8_1_1.csv|crp_dataset_8_1_5.csv,crp_dataset_8_1_7.csv,0.5,0.9777777777734321,0.9999999999954546,220,5,0,31,0.0095703125,0.0009722222222222222,0.00859809027777778
RF,5,0.1,1.0,crp_dataset_8_1_6.csv|crp_dataset_8_1_4.csv|crp_dataset_8_1_3.csv|crp_dataset_8_1_1.csv|crp_dataset_8_1_5.csv,crp_dataset_8_1_2.csv,0.5,0.9425287356213502,0.6890756302463102,82,5,37,132,0.039453125,0.0020114942528735636,0.037441630747126434
RF,5,0.1,1.0,crp_dataset_8_1_6.csv|crp_dataset_8_1_4.csv|crp_dataset_8_1_3.csv|crp_dataset_8_1_1.csv|crp_dataset_8_1_5.csv,crp_dataset_8_1_8.csv,0.5,0.9347826086854915,0.6231884057925856,86,6,52,112,0.0283203125,0.0035326086956521735,0.024787703804347826
RF,5,0.1,1.0,crp_dataset_8_1_6.csv|crp_dataset_8_1_4.csv|crp_dataset_8_1_3.csv|crp_dataset_8_1_1.csv|crp_dataset_8_1_2.csv,crp_dataset_8_1_7.csv,0.6633333333333333,0.9999999999954546,0.9999999999954546,220,0,0,36,0.0095703125,0.00034090909090909094,0.00922940340909091
RF,5,0.1,1.0,crp_dataset_8_1_6.csv|crp_dataset_8_1_4.csv|crp_dataset_8_1_3.csv|crp_dataset_8_1_1.csv|crp_dataset_8_1_2.csv,crp_dataset_8_1_5.csv,0.6633333333333333,0.9999999999870129,0.7699999999923,77,0,23,156,0.039282226562499994,0.0013798701298701301,0.03790235643262987
RF,5,0.1,1.0,crp_dataset_8_1_6.csv|crp_dataset_8_1_4.csv|crp_dataset_8_1_3.csv|crp_dataset_8_1_1.csv|crp_dataset_8_1_2.csv,crp_dataset_8_1_8.csv,0.6633333333333333,0.9838709677260666,0.4420289855040433,61,1,77,117,0.0283203125,0.0031250000000000006,0.0251953125
RF,5,0.1,1.0,crp_dataset_8_1_6.csv|crp_dataset_8_1_4.csv|crp_dataset_8_1_3.csv|crp_dataset_8_1_1.csv|crp_dataset_8_1_8.csv,crp_dataset_8_1_7.csv,0.6533333333333333,0.9999999999954546,0.9999999999954546,220,0,0,36,0.0095703125,0.00034090909090909094,0.00922940340909091
RF,5,0.1,1.0,crp_dataset_8_1_6.csv|crp_dataset_8_1_4.csv|crp_dataset_8_1_3.csv|crp_dataset_8_1_1.csv|crp_dataset_8_1_8.csv,crp_dataset_8_1_5.csv,0.6533333333333333,0.9999999999870129,0.7699999999923,77,0,23,156,0.039282226562499994,0.0013798701298701301,0.03790235643262987
RF,5,0.1,1.0,crp_dataset_8_1_6.csv|crp_dataset_8_1_4.csv|crp_dataset_8_1_3.csv|crp_dataset_8_1_1.csv|crp_dataset_8_1_8.csv,crp_dataset_8_1_2.csv,0.6533333333333333,0.9425287356213502,0.6890756302463102,82,5,37,132,0.039453125,0.0020114942528735636,0.037441630747126434
RF,5,0.1,1.0,crp_dataset_8_1_6.csv|crp_dataset_8_1_4.csv|crp_dataset_8_1_3.csv|crp_dataset_8_1_5.csv|crp_dataset_8_1_2.csv,crp_dataset_8_1_7.csv,0.73,0.9999999999954546,0.9999999999954546,220,0,0,36,0.0095703125,0.00034090909090909094,0.00922940340909091
RF,5,0.1,1.0,crp_dataset_8_1_6.csv|crp_dataset_8_1_4.csv|crp_dataset_8_1_3.csv|crp_dataset_8_1_5.csv|crp_dataset_8_1_2.csv,crp_dataset_8_1_1.csv,0.73,0.9552238805827578,0.5079365079324767,64,3,62,127,0.0252685546875,0.0006529850746268657,0.024615569612873135
RF,5,0.1,1.0,crp_dataset_8_1_6.csv|crp_dataset_8_1_4.csv|crp_dataset_8_1_3.csv|crp_dataset_8_1_5.csv|crp_dataset_8_1_2.csv,crp_dataset_8_1_8.csv,0.73,0.9493670885955776,0.543478260865627,75,4,63,114,0.0283203125,0.0034810126582278476,0.024839299841772154
RF,5,0.1,1.0,crp_dataset_8_1_6.csv|crp_dataset_8_1_4.csv|crp_dataset_8_1_3.csv|crp_dataset_8_1_5.csv|crp_dataset_8_1_8.csv,crp_dataset_8_1_7.csv,0.6066666666666667,0.9999999999954546,0.9999999999954546,220,0,0,36,0.0095703125,0.00034090909090909094,0.00922940340909091
RF,5,0.1,1.0,crp_dataset_8_1_6.csv|crp_dataset_8_1_4.csv|crp_dataset_8_1_3.csv|crp_dataset_8_1_5.csv|crp_dataset_8_1_8.csv,crp_dataset_8_1_1.csv,0.6066666666666667,0.9009900990009803,0.7222222222164902,91,10,35,120,0.0252685546875,0.001608910891089109,0.02365964379641089
RF,5,0.1,1.0,crp_dataset_8_1_6.csv|crp_dataset_8_1_4.csv|crp_dataset_8_1_3.csv|crp_dataset_8_1_5.csv|crp_dataset_8_1_8.csv,crp_dataset_8_1_2.csv,0.6066666666666667,0.9473684210426593,0.7563025210020479,90,5,29,132,0.039453125,0.0018421052631578951,0.037611019736842104
RF,5,0.1,1.0,crp_dataset_8_1_6.csv|crp_dataset_8_1_4.csv|crp_dataset_8_1_3.csv|crp_dataset_8_1_2.csv|crp_dataset_8_1_8.csv,crp_dataset_8_1_7.csv,0.6266666666666667,0.9999999999954546,0.9999999999954546,220,0,0,36,0.0095703125,0.00034090909090909094,0.00922940340909091
RF,5,0.1,1.0,crp_dataset_8_1_6.csv|crp_dataset_8_1_4.csv|crp_dataset_8_1_3.csv|crp_dataset_8_1_2.csv|crp_dataset_8_1_8.csv,crp_dataset_8_1_1.csv,0.6266666666666667,0.9999999999852941,0.5396825396782565,68,0,58,130,0.0252685546875,9.191176470588235e-05,0.025176642922794118
RF,5,0.1,1.0,crp_dataset_8_1_6.csv|crp_dataset_8_1_4.csv|crp_dataset_8_1_3.csv|crp_dataset_8_1_2.csv|crp_dataset_8_1_8.csv,crp_dataset_8_1_5.csv,0.6266666666666667,0.9999999999870129,0.7699999999923,77,0,23,156,0.039282226562499994,0.0013798701298701301,0.03790235643262987
RF,5,0.1,1.0,crp_dataset_8_1_6.csv|crp_dataset_8_1_4.csv|crp_dataset_8_1_1.csv|crp_dataset_8_1_5.csv|crp_dataset_8_1_2.csv,crp_dataset_8_1_7.csv,0.6066666666666667,0.9999999999954546,0.9999999999954546,220,0,0,36,0.0095703125,0.00034090909090909094,0.00922940340909091
RF,5,0.1,1.0,crp_dataset_8_1_6.csv|crp_dataset_8_1_4.csv|crp_dataset_8_1_1.csv|crp_dataset_8_1_5.csv|crp_dataset_8_1_2.csv,crp_dataset_8_1_3.csv,0.6066666666666667,0.999999999991228,0.6589595375684454,114,0,59,83,0.0196044921875,0.0,0.0196044921875
RF,5,0.1,1.0,crp_dataset_8_1_6.csv|crp_dataset_8_1_4.csv|crp_dataset_8_1_1.csv|crp_dataset_8_1_5.csv|crp_dataset_8_1_2.csv,crp_dataset_8_1_8.csv,0.6066666666666667,0.9999999999836067,0.4420289855040433,61,0,77,118,0.0283203125,0.0029713114754098364,0.025349001024590163
RF,5,0.1,1.0,crp_dataset_8_1_6.csv|crp_dataset_8_1_4.csv|crp_dataset_8_1_1.csv|crp_dataset_8_1_5.csv|crp_dataset_8_1_8.csv,crp_dataset_8_1_7.csv,0.7866666666666666,0.9999999999954546,0.9999999999954546,220,0,0,36,0.0095703125,0.00034090909090909094,0.00922940340909091
RF,5,0.1,1.0,crp_dataset_8_1_6.csv|crp_dataset_8_1_4.csv|crp_dataset_8_1_1.csv|crp_dataset_8_1_5.csv|crp_dataset_8_1_8.csv,crp_dataset_8_1_3.csv,0.7866666666666666,0.9824561403422591,0.6473988439268937,112,2,61,81,0.0196044921875,0.0002192982456140351,0.019385193941885964
RF,5,0.1,1.0,crp_dataset_8_1_6.csv|crp_dataset_8_1_4.csv|crp_dataset_8_1_1.csv|crp_dataset_8_1_5.csv|crp_dataset_8_1_8.csv,crp_dataset_8_1_2.csv,0.7866666666666666,0.9999999999878049,0.6890756302463102,82,0,37,137,0.039453125,0.0013719512195121953,0.0380811737804878
RF,5,0.1,1.0,crp_dataset_8_1_6.csv|crp_dataset_8_1_4.csv|crp_dataset_8_1_1.csv|crp_dataset_8_1_2.csv|crp_dataset_8_1_8.csv,crp_dataset_8_1_7.csv,0.61,0.9999999999954546,0.9999999999954546,220,0,0,36,0.0095703125,0.00034090909090909094,0.00922940340909091
RF,5,0.1,1.0,crp_dataset_8_1_6.csv|crp_dataset_8_1_4.csv|crp_dataset_8_1_1.csv|crp_dataset_8_1_2.csv|crp_dataset_8_1_8.csv,crp_dataset_8_1_3.csv,0.61,0.9921259842441564,0.7283236994177554,126,1,47,82,0.0196044921875,0.0002952755905511811,0.019309216596948817
RF,5,0.1,1.0,crp_dataset_8_1_6.csv|crp_dataset_8_1_4.csv|crp_dataset_8_1_1.csv|crp_dataset_8_1_2.csv|crp_dataset_8_1_8.csv,crp_dataset_8_1_5.csv,0.61,0.9999999999870129,0.7699999999923,77,0,23,156,0.039282226562499994,0.0013798701298701301,0.03790235643262987
RF,5,0.1,1.0,crp_dataset_8_1_6.csv|crp_dataset_8_1_4.csv|crp_dataset_8_1_5.csv|crp_dataset_8_1_2.csv|crp_dataset_8_1_8.csv,crp_dataset_8_1_7.csv,0.5,0.9999999999954546,0.9999999999954546,220,0,0,36,0.0095703125,0.00034090909090909094,0.00922940340909091
RF,5,0.1,1.0,crp_dataset_8_1_6.csv|crp_dataset_8_1_4.csv|crp_dataset_8_1_5.csv|crp_dataset_8_1_2.csv|crp_dataset_8_1_8.csv,crp_dataset_8_1_3.csv,0.5,0.9999999999919355,0.7167630057762038,124,0,49,83,0.0196044921875,0.0,0.0196044921875
RF,5,0.1,1.0,crp_dataset_8_1_6.csv|crp_dataset_8_1_4.csv|crp_dataset_8_1_5.csv|crp_dataset_8_1_2.csv|crp_dataset_8_1_8.csv,crp_dataset_8_1_1.csv,0.5,0.8761904761821315,0.7301587301529352,92,13,34,117,0.0252685546875,0.004107142857142857,0.021161411830357142
RF,5,0.1,1.0,crp_dataset_8_1_6.csv|crp_dataset_8_1_7.csv|crp_dataset_8_1_3.csv|crp_dataset_8_1_1.csv|crp_dataset_8_1_5.csv,crp_dataset_8_1_4.csv,0.8866666666666667,0.9999999999903846,0.7938931297649322,104,0,27,125,0.023046875,0.00018028846153846158,0.02286658653846154
RF,5,0.1,1.0,crp_dataset_8_1_6.csv|crp_dataset_8_1_7.csv|crp_dataset_8_1_3.csv|crp_dataset_8_1_1.csv|crp_dataset_8_1_5.csv,crp_dataset_8_1_2.csv,0.8866666666666667,0.9999999998333333,0.05042016806680319,6,0,113,137,0.039453125,0.0,0.039453125
RF,5,0.1,1.0,crp_dataset_8_1_6.csv|crp_dataset_8_1_7.csv|crp_dataset_8_1_3.csv|crp_dataset_8_1_1.csv|crp_dataset_8_1_5.csv,crp_dataset_8_1_8.csv,0.8866666666666667,0.9999999999750001,0.28985507246166775,40,0,98,118,0.0283203125,0.0031250000000000006,0.0251953125
RF,5,0.1,1.0,crp_dataset_8_1_6.csv|crp_dataset_8_1_7.csv|crp_dataset_8_1_3.csv|crp_dataset_8_1_1.csv|crp_dataset_8_1_2.csv,crp_dataset_8_1_4.csv,0.5,0.9230769230698226,0.9160305343441525,120,10,11,115,0.023046875,0.0021634615384615386,0.020883413461538464
RF,5,0.1,1.0,crp_dataset_8_1_6.csv|crp_dataset_8_1_7.csv|crp_dataset_8_1_3.csv|crp_dataset_8_1_1.csv|crp_dataset_8_1_2.csv,crp_dataset_8_1_5.csv,0.5,0.9277108433623167,0.7699999999923,77,6,23,150,0.039282226562499994,0.0026355421686746986,0.0366466843938253
RF,5,0.1,1.0,crp_dataset_8_1_6.csv|crp_dataset_8_1_7.csv|crp_dataset_8_1_3.csv|crp_dataset_8_1_1.csv|crp_dataset_8_1_2.csv,crp_dataset_8_1_8.csv,0.5,0.9459459459331628,0.5072463768079185,70,4,68,114,0.0283203125,0.0033783783783783786,0.02494193412162162
RF,5,0.1,1.0,crp_dataset_8_1_6.csv|crp_dataset_8_1_7.csv|crp_dataset_8_1_3.csv|crp_dataset_8_1_1.csv|crp_dataset_8_1_8.csv,crp_dataset_8_1_4.csv,0.84,0.999999999990909,0.8396946564821398,110,0,21,125,0.023046875,0.0002840909090909091,0.022762784090909094
RF,5,0.1,1.0,crp_dataset_8_1_6.csv|crp_dataset_8_1_7.csv|crp_dataset_8_1_3.csv|crp_dataset_8_1_1.csv|crp_dataset_8_1_8.csv,crp_dataset_8_1_5.csv,0.84,0.9999999999870129,0.7699999999923,77,0,23,156,0.039282226562499994,0.0013798701298701301,0.03790235643262987
RF,5,0.1,1.0,crp_dataset_8_1_6.csv|crp_dataset_8_1_7.csv|crp_dataset_8_1_3.csv|crp_dataset_8_1_1.csv|crp_dataset_8_1_8.csv,crp_dataset_8_1_2.csv,0.84,0.9534883720819362,0.6890756302463102,82,4,37,133,0.039453125,0.0018895348837209306,0.03756359011627907
RF,5,0.1,1.0,crp_dataset_8_1_6.csv|crp_dataset_8_1_7.csv|crp_dataset_8_1_3.csv|crp_dataset_8_1_5.csv|crp_dataset_8_1_2.csv,crp_dataset_8_1_4.csv,0.61,0.9401709401629045,0.8396946564821398,110,7,21,118,0.023046875,0.0019230769230769232,0.021123798076923078
RF,5,0.1,1.0,crp_dataset_8_1_6.csv|crp_dataset_8_1_7.csv|crp_dataset_8_1_3.csv|crp_dataset_8_1_5.csv|crp_dataset_8_1_2.csv,crp_dataset_8_1_1.csv,0.61,0.9687499999848632,0.49206349205958677,62,2,64,128,0.0252685546875,0.0007812499999999999,0.0244873046875
RF,5,0.1,1.0,crp_dataset_8_1_6.csv|crp_dataset_8_1_7.csv|crp_dataset_8_1_3.csv|crp_dataset_8_1_5.csv|crp_dataset_8_1_2.csv,crp_dataset_8_1_8.csv,0.61,0.9599999999872,0.521739130431002,72,3,66,115,0.0283203125,0.003166666666666667,0.02515364583333333
RF,5,0.1,1.0,crp_dataset_8_1_6.csv|crp_dataset_8_1_7.csv|crp_dataset_8_1_3.csv|crp_dataset_8_1_5.csv|crp_dataset_8_1_8.csv,crp_dataset_8_1_4.csv,0.8,0.999999999990909,0.8396946564821398,110,0,21,125,0.023046875,0.0002840909090909091,0.022762784090909094
RF,5,0.1,1.0,crp_dataset_8_1_6.csv|crp_dataset_8_1_7.csv|crp_dataset_8_1_3.csv|crp_dataset_8_1_5.csv|crp_dataset_8_1_8.csv,crp_dataset_8_1_1.csv,0.8,0.9999999999859155,0.5634920634875913,71,0,55,130,0.0252685546875,8.802816901408451e-05,0.025180526518485916
RF,5,0.1,1.0,crp_dataset_8_1_6.csv|crp_dataset_8_1_7.csv|crp_dataset_8_1_3.csv|crp_dataset_8_1_5.csv|crp_dataset_8_1_8.csv,crp_dataset_8_1_2.csv,0.8,0.9999999999891304,0.7731092436909822,92,0,27,137,0.039453125,0.0014266304347826087,0.03802649456521739
RF,5,0.1,1.0,crp_dataset_8_1_6.csv|crp_dataset_8_1_7.csv|crp_dataset_8_1_3.csv|crp_dataset_8_1_2.csv|crp_dataset_8_1_8.csv,crp_dataset_8_1_4.csv,0.64,0.975999999992192,0.931297709916555,122,3,9,122,0.023046875,0.00075,0.022296875
RF,5,0.1,1.0,crp_dataset_8_1_6.csv|crp_dataset_8_1_7.csv|crp_dataset_8_1_3.csv|crp_dataset_8_1_2.csv|crp_dataset_8_1_8.csv,crp_dataset_8_1_1.csv,0.64,0.9642857142742347,0.6428571428520408,81,3,45,127,0.0252685546875,0.0005208333333333334,0.024747721354166665
RF,5,0.1,1.0,crp_dataset_8_1_6.csv|crp_dataset_8_1_7.csv|crp_dataset_8_1_3.csv|crp_dataset_8_1_2.csv|crp_dataset_8_1_8.csv,crp_dataset_8_1_5.csv,0.64,0.9999999999870129,0.7699999999923,77,0,23,156,0.039282226562499994,0.0013798701298701301,0.03790235643262987
RF,5,0.1,1.0,crp_dataset_8_1_6.csv|crp_dataset_8_1_7.csv|crp_dataset_8_1_1.csv|crp_dataset_8_1_5.csv|crp_dataset_8_1_2.csv,crp_dataset_8_1_4.csv,0.5,0.9999999999915254,0.90076335877175,118,0,13,125,0.023046875,0.00031779661016949156,0.02272907838983051
RF,5,0.1,1.0,crp_dataset_8_1_6.csv|crp_dataset_8_1_7.csv|crp_dataset_8_1_1.csv|crp_dataset_8_1_5.csv|crp_dataset_8_1_2.csv,crp_dataset_8_1_3.csv,0.5,0.9699248120227826,0.7456647398800829,129,4,44,79,0.0196044921875,0.0009398496240601503,0.01866464256343985
RF,5,0.1,1.0,crp_dataset_8_1_6.csv|crp_dataset_8_1_7.csv|crp_dataset_8_1_1.csv|crp_dataset_8_1_5.csv|crp_dataset_8_1_2.csv,crp_dataset_8_1_8.csv,0.5,0.8019801980118616,0.5869565217348772,81,20,57,98,0.0283203125,0.0088490099009901,0.0194713025990099
RF,5,0.1,1.0,crp_dataset_8_1_6.csv|crp_dataset_8_1_7.csv|crp_dataset_8_1_1.csv|crp_dataset_8_1_5.csv|crp_dataset_8_1_8.csv,crp_dataset_8_1_4.csv,0.7533333333333333,0.999999999990909,0.8396946564821398,110,0,21,125,0.023046875,0.0002840909090909091,0.022762784090909094
RF,5,0.1,1.0,crp_dataset_8_1_6.csv|crp_dataset_8_1_7.csv|crp_dataset_8_1_1.csv|crp_dataset_8_1_5.csv|crp_dataset_8_1_8.csv,crp_dataset_8_1_3.csv,0.7533333333333333,0.9824561403422591,0.6473988439268937,112,2,61,81,0.0196044921875,0.0002192982456140351,0.019385193941885964
RF,5,0.1,1.0,crp_dataset_8_1_6.csv|crp_dataset_8_1_7.csv|crp_dataset_8_1_1.csv|crp_dataset_8_1_5.csv|crp_dataset_8_1_8.csv,crp_dataset_8_1_2.csv,0.7533333333333333,0.9999999999878049,0.6890756302463102,82,0,37,137,0.039453125,0.0013719512195121953,0.0380811737804878
RF,5,0.1,1.0,crp_dataset_8_1_6.csv|crp_dataset_8_1_7.csv|crp_dataset_8_1_1.csv|crp_dataset_8_1_2.csv|crp_dataset_8_1_8.csv,crp_dataset_8_1_4.csv,0.77,0.999999999990909,0.8396946564821398,110,0,21,125,0.023046875,0.0002840909090909091,0.022762784090909094
RF,5,0.1,1.0,crp_dataset_8_1_6.csv|crp_dataset_8_1_7.csv|crp_dataset_8_1_1.csv|crp_dataset_8_1_2.csv|crp_dataset_8_1_8.csv,crp_dataset_8_1_3.csv,0.77,0.9999999999910714,0.6473988439268937,112,0,61,83,0.0196044921875,0.0,0.0196044921875
RF,5,0.1,1.0,crp_dataset_8_1_6.csv|crp_dataset_8_1_7.csv|crp_dataset_8_1_1.csv|crp_dataset_8_1_2.csv|crp_dataset_8_1_8.csv,crp_dataset_8_1_5.csv,0.77,0.9999999999870129,0.7699999999923,77,0,23,156,0.039282226562499994,0.0013798701298701301,0.03790235643262987
RF,5,0.1,1.0,crp_dataset_8_1_6.csv|crp_dataset_8_1_7.csv|crp_dataset_8_1_5.csv|crp_dataset_8_1_2.csv|crp_dataset_8_1_8.csv,crp_dataset_8_1_4.csv,0.8266666666666667,0.999999999990909,0.8396946564821398,110,0,21,125,0.023046875,0.0002840909090909091,0.022762784090909094
RF,5,0.1,1.0,crp_dataset_8_1_6.csv|crp_dataset_8_1_7.csv|crp_dataset_8_1_5.csv|crp_dataset_8_1_2.csv|crp_dataset_8_1_8.csv,crp_dataset_8_1_3.csv,0.8266666666666667,0.9999999999910714,0.6473988439268937,112,0,61,83,0.0196044921875,0.0,0.0196044921875
RF,5,0.1,1.0,crp_dataset_8_1_6.csv|crp_dataset_8_1_7.csv|crp_dataset_8_1_5.csv|crp_dataset_8_1_2.csv|crp_dataset_8_1_8.csv,crp_dataset_8_1_1.csv,0.8266666666666667,0.9999999999833334,0.4761904761866969,60,0,66,130,0.0252685546875,0.00010416666666666667,0.025164388020833334
RF,5,0.1,1.0,crp_dataset_8_1_6.csv|crp_dataset_8_1_3.csv|crp_dataset_8_1_1.csv|crp_dataset_8_1_5.csv|crp_dataset_8_1_2.csv,crp_dataset_8_1_4.csv,0.7166666666666667,0.9999999999908257,0.8320610686959385,109,0,22,125,0.023046875,0.00022935779816513763,0.022817517201834864
RF,5,0.1,1.0,crp_dataset_8_1_6.csv|crp_dataset_8_1_3.csv|crp_dataset_8_1_1.csv|crp_dataset_8_1_5.csv|crp_dataset_8_1_2.csv,crp_dataset_8_1_7.csv,0.7166666666666667,0.9777777777734321,0.9999999999954546,220,5,0,31,0.0095703125,0.0009722222222222222,0.00859809027777778
RF,5,0.1,1.0,crp_dataset_8_1_6.csv|crp_dataset_8_1_3.csv|crp_dataset_8_1_1.csv|crp_dataset_8_1_5.csv|crp_dataset_8_1_2.csv,crp_dataset_8_1_8.csv,0.7166666666666667,0.9999999999803922,0.36956521738862635,51,0,87,118,0.0283203125,0.00232843137254902,0.02599188112745098
RF,5,0.1,1.0,crp_dataset_8_1_6.csv|crp_dataset_8_1_3.csv|crp_dataset_8_1_1.csv|crp_dataset_8_1_5.csv|crp_dataset_8_1_8.csv,crp_dataset_8_1_4.csv,0.6866666666666666,0.9915966386471294,0.90076335877175,118,1,13,124,0.023046875,0.00036764705882352946,0.022679227941176473
RF,5,0.1,1.0,crp_dataset_8_1_6.csv|crp_dataset_8_1_3.csv|crp_dataset_8_1_1.csv|crp_dataset_8_1_5.csv|crp_dataset_8_1_8.csv,crp_dataset_8_1_7.csv,0.6866666666666666,0.9999999999954546,0.9999999999954546,220,0,0,36,0.0095703125,0.00034090909090909094,0.00922940340909091
RF,5,0.1,1.0,crp_dataset_8_1_6.csv|crp_dataset_8_1_3.csv|crp_dataset_8_1_1.csv|crp_dataset_8_1_5.csv|crp_dataset_8_1_8.csv,crp_dataset_8_1_2.csv,0.6866666666666666,0.9999999999878049,0.6890756302463102,82,0,37,137,0.039453125,0.0013719512195121953,0.0380811737804878
RF,5,0.1,1.0,crp_dataset_8_1_6.csv|crp_dataset_8_1_3.csv|crp_dataset_8_1_1.csv|crp_dataset_8_1_2.csv|crp_dataset_8_1_8.csv,crp_dataset_8_1_4.csv,0.69,0.999999999990909,0.8396946564821398,110,0,21,125,0.023046875,0.0002840909090909091,0.022762784090909094
RF,5,0.1,1.0,crp_dataset_8_1_6.csv|crp_dataset_8_1_3.csv|crp_dataset_8_1_1.csv|crp_dataset_8_1_2.csv|crp_dataset_8_1_8.csv,crp_dataset_8_1_7.csv,0.69,0.9999999999954546,0.9999999999954546,220,0,0,36,0.0095703125,0.00034090909090909094,0.00922940340909091
RF,5,0.1,1.0,crp_dataset_8_1_6.csv|crp_dataset_8_1_3.csv|crp_dataset_8_1_1.csv|crp_dataset_8_1_2.csv|crp_dataset_8_1_8.csv,crp_dataset_8_1_5.csv,0.69,0.9999999999870129,0.7699999999923,77,0,23,156,0.039282226562499994,0.0013798701298701301,0.03790235643262987
RF,5,0.1,1.0,crp_dataset_8_1_6.csv|crp_dataset_8_1_3.csv|crp_dataset_8_1_5.csv|crp_dataset_8_1_2.csv|crp_dataset_8_1_8.csv,crp_dataset_8_1_4.csv,0.6566666666666666,0.9758064516050338,0.9236641221303538,121,3,10,122,0.023046875,0.0010080645161290322,0.02203881048387097
RF,5,0.1,1.0,crp_dataset_8_1_6.csv|crp_dataset_8_1_3.csv|crp_dataset_8_1_5.csv|crp_dataset_8_1_2.csv|crp_dataset_8_1_8.csv,crp_dataset_8_1_7.csv,0.6566666666666666,0.9777777777734321,0.9999999999954546,220,5,0,31,0.0095703125,0.0009722222222222222,0.00859809027777778
RF,5,0.1,1.0,crp_dataset_8_1_6.csv|crp_dataset_8_1_3.csv|crp_dataset_8_1_5.csv|crp_dataset_8_1_2.csv|crp_dataset_8_1_8.csv,crp_dataset_8_1_1.csv,0.6566666666666666,0.9230769230650887,0.5714285714240362,72,6,54,124,0.0252685546875,0.0013621794871794873,0.023906375200320514
RF,5,0.1,1.0,crp_dataset_8_1_6.csv|crp_dataset_8_1_1.csv|crp_dataset_8_1_5.csv|crp_dataset_8_1_2.csv|crp_dataset_8_1_8.csv,crp_dataset_8_1_4.csv,0.73,0.999999999990909,0.8396946564821398,110,0,21,125,0.023046875,0.0002840909090909091,0.022762784090909094
RF,5,0.1,1.0,crp_dataset_8_1_6.csv|crp_dataset_8_1_1.csv|crp_dataset_8_1_5.csv|crp_dataset_8_1_2.csv|crp_dataset_8_1_8.csv,crp_dataset_8_1_7.csv,0.73,0.9999999999954546,0.9999999999954546,220,0,0,36,0.0095703125,0.00034090909090909094,0.00922940340909091
RF,5,0.1,1.0,crp_dataset_8_1_6.csv|crp_dataset_8_1_1.csv|crp_dataset_8_1_5.csv|crp_dataset_8_1_2.csv|crp_dataset_8_1_8.csv,crp_dataset_8_1_3.csv,0.73,0.9827586206811831,0.6589595375684454,114,2,59,81,0.0196044921875,0.00021551724137931037,0.01938897494612069
RF,5,0.1,1.0,crp_dataset_8_1_4.csv|crp_dataset_8_1_7.csv|crp_dataset_8_1_3.csv|crp_dataset_8_1_1.csv|crp_dataset_8_1_5.csv,crp_dataset_8_1_6.csv,0.74,0.952380952371882,0.7142857142806123,100,5,40,111,0.026928710937499996,0.0023214285714285715,0.024607282366071424
RF,5,0.1,1.0,crp_dataset_8_1_4.csv|crp_dataset_8_1_7.csv|crp_dataset_8_1_3.csv|crp_dataset_8_1_1.csv|crp_dataset_8_1_5.csv,crp_dataset_8_1_2.csv,0.74,0.9999999999878049,0.6890756302463102,82,0,37,137,0.039453125,0.0013719512195121953,0.0380811737804878
RF,5,0.1,1.0,crp_dataset_8_1_4.csv|crp_dataset_8_1_7.csv|crp_dataset_8_1_3.csv|crp_dataset_8_1_1.csv|crp_dataset_8_1_5.csv,crp_dataset_8_1_8.csv,0.74,0.9999999999836067,0.4420289855040433,61,0,77,118,0.0283203125,0.0029713114754098364,0.025349001024590163
RF,5,0.1,1.0,crp_dataset_8_1_4.csv|crp_dataset_8_1_7.csv|crp_dataset_8_1_3.csv|crp_dataset_8_1_1.csv|crp_dataset_8_1_2.csv,crp_dataset_8_1_6.csv,0.5,0.712041884813026,0.9714285714216327,136,55,4,61,0.026928710937499996,0.014790575916230368,0.012138135021269628
RF,5,0.1,1.0,crp_dataset_8_1_4.csv|crp_dataset_8_1_7.csv|crp_dataset_8_1_3.csv|crp_dataset_8_1_1.csv|crp_dataset_8_1_2.csv,crp_dataset_8_1_5.csv,0.5,0.9746835442914596,0.7699999999923,77,2,23,154,0.039282226562499994,0.001819620253164557,0.037462606309335435
RF,5,0.1,1.0,crp_dataset_8_1_4.csv|crp_dataset_8_1_7.csv|crp_dataset_8_1_3.csv|crp_dataset_8_1_1.csv|crp_dataset_8_1_2.csv,crp_dataset_8_1_8.csv,0.5,0.9583333333200231,0.49999999999637684,69,3,69,115,0.0283203125,0.0031250000000000006,0.0251953125
RF,5,0.1,1.0,crp_dataset_8_1_4.csv|crp_dataset_8_1_7.csv|crp_dataset_8_1_3.csv|crp_dataset_8_1_1.csv|crp_dataset_8_1_8.csv,crp_dataset_8_1_6.csv,0.6466666666666666,0.9298245613953524,0.757142857137449,106,8,34,108,0.026928710937499996,0.0026315789473684214,0.024297131990131574
RF,5,0.1,1.0,crp_dataset_8_1_4.csv|crp_dataset_8_1_7.csv|crp_dataset_8_1_3.csv|crp_dataset_8_1_1.csv|crp_dataset_8_1_8.csv,crp_dataset_8_1_5.csv,0.6466666666666666,0.9999999999870129,0.7699999999923,77,0,23,156,0.039282226562499994,0.0013798701298701301,0.03790235643262987
RF,5,0.1,1.0,crp_dataset_8_1_4.csv|crp_dataset_8_1_7.csv|crp_dataset_8_1_3.csv|crp_dataset_8_1_1.csv|crp_dataset_8_1_8.csv,crp_dataset_8_1_2.csv,0.6466666666666666,0.9425287356213502,0.6890756302463102,82,5,37,132,0.039453125,0.0020114942528735636,0.037441630747126434
RF,5,0.1,1.0,crp_dataset_8_1_4.csv|crp_dataset_8_1_7.csv|crp_dataset_8_1_3.csv|crp_dataset_8_1_5.csv|crp_dataset_8_1_2.csv,crp_dataset_8_1_6.csv,0.6766666666666666,0.9999999999893616,0.6714285714237755,94,0,46,116,0.026928710937499996,0.000199468085106383,0.026729242852393614
RF,5,0.1,1.0,crp_dataset_8_1_4.csv|crp_dataset_8_1_7.csv|crp_dataset_8_1_3.csv|crp_dataset_8_1_5.csv|crp_dataset_8_1_2.csv,crp_dataset_8_1_1.csv,0.6766666666666666,0.9411764705743945,0.5079365079324767,64,4,62,126,0.0252685546875,0.0009191176470588235,0.024349437040441176
RF,5,0.1,1.0,crp_dataset_8_1_4.csv|crp_dataset_8_1_7.csv|crp_dataset_8_1_3.csv|crp_dataset_8_1_5.csv|crp_dataset_8_1_2.csv,crp_dataset_8_1_8.csv,0.6766666666666666,0.9374999999882813,0.543478260865627,75,5,63,113,0.0283203125,0.0035937499999999997,0.0247265625
RF,5,0.1,1.0,crp_dataset_8_1_4.csv|crp_dataset_8_1_7.csv|crp_dataset_8_1_3.csv|crp_dataset_8_1_5.csv|crp_dataset_8_1_8.csv,crp_dataset_8_1_6.csv,0.6,0.9108910890998921,0.6571428571381633,92,9,48,107,0.026928710937499996,0.004764851485148515,0.02216385945235148
RF,5,0.1,1.0,crp_dataset_8_1_4.csv|crp_dataset_8_1_7.csv|crp_dataset_8_1_3.csv|crp_dataset_8_1_5.csv|crp_dataset_8_1_8.csv,crp_dataset_8_1_1.csv,0.6,0.9999999999879517,0.6587301587249307,83,0,43,130,0.0252685546875,7.530120481927712e-05,0.025193253482680724
RF,5,0.1,1.0,crp_dataset_8_1_4.csv|crp_dataset_8_1_7.csv|crp_dataset_8_1_3.csv|crp_dataset_8_1_5.csv|crp_dataset_8_1_8.csv,crp_dataset_8_1_2.csv,0.6,0.9425287356213502,0.6890756302463102,82,5,37,132,0.039453125,0.0020114942528735636,0.037441630747126434
RF,5,0.1,1.0,crp_dataset_8_1_4.csv|crp_dataset_8_1_7.csv|crp_dataset_8_1_3.csv|crp_dataset_8_1_2.csv|crp_dataset_8_1_8.csv,crp_dataset_8_1_6.csv,0.5,0.9159663865469246,0.7785714285658674,109,10,31,106,0.026928710937499996,0.0046743697478991595,0.022254341189600835
RF,5,0.1,1.0,crp_dataset_8_1_4.csv|crp_dataset_8_1_7.csv|crp_dataset_8_1_3.csv|crp_dataset_8_1_2.csv|crp_dataset_8_1_8.csv,crp_dataset_8_1_1.csv,0.5,0.9215686274419453,0.7460317460258251,94,8,32,122,0.0252685546875,0.0023897058823529414,0.02287884880514706
RF,5,0.1,1.0,crp_dataset_8_1_4.csv|crp_dataset_8_1_7.csv|crp_dataset_8_1_3.csv|crp_dataset_8_1_2.csv|crp_dataset_8_1_8.csv,crp_dataset_8_1_5.csv,0.5,0.9999999999870129,0.7699999999923,77,0,23,156,0.039282226562499994,0.0013798701298701301,0.03790235643262987
RF,5,0.1,1.0,crp_dataset_8_1_4.csv|crp_dataset_8_1_7.csv|crp_dataset_8_1_1.csv|crp_dataset_8_1_5.csv|crp_dataset_8_1_2.csv,crp_dataset_8_1_6.csv,0.8566666666666667,0.9999999999868421,0.5428571428532654,76,0,64,116,0.026928710937499996,8.223684210526316e-05,0.026846474095394732
RF,5,0.1,1.0,crp_dataset_8_1_4.csv|crp_dataset_8_1_7.csv|crp_dataset_8_1_1.csv|crp_dataset_8_1_5.csv|crp_dataset_8_1_2.csv,crp_dataset_8_1_3.csv,0.8566666666666667,0.9999999999910714,0.6473988439268937,112,0,61,83,0.0196044921875,0.0,0.0196044921875
RF,5,0.1,1.0,crp_dataset_8_1_4.csv|crp_dataset_8_1_7.csv|crp_dataset_8_1_1.csv|crp_dataset_8_1_5.csv|crp_dataset_8_1_2.csv,crp_dataset_8_1_8.csv,0.8566666666666667,0.9999999999836067,0.4420289855040433,61,0,77,118,0.0283203125,0.0029713114754098364,0.025349001024590163
RF,5,0.1,1.0,crp_dataset_8_1_4.csv|crp_dataset_8_1_7.csv|crp_dataset_8_1_1.csv|crp_dataset_8_1_5.csv|crp_dataset_8_1_8.csv,crp_dataset_8_1_6.csv,0.5,0.8181818181768595,0.9642857142788266,135,30,5,86,0.026928710937499996,0.009242424242424243,0.017686286695075753
RF,5,0.1,1.0,crp_dataset_8_1_4.csv|crp_dataset_8_1_7.csv|crp_dataset_8_1_1.csv|crp_dataset_8_1_5.csv|crp_dataset_8_1_8.csv,crp_dataset_8_1_3.csv,0.5,0.8780487804824509,0.8323699421917204,144,20,29,63,0.0196044921875,0.005335365853658537,0.014269126333841461
RF,5,0.1,1.0,crp_dataset_8_1_4.csv|crp_dataset_8_1_7.csv|crp_dataset_8_1_1.csv|crp_dataset_8_1_5.csv|crp_dataset_8_1_8.csv,crp_dataset_8_1_2.csv,0.5,0.9199999999908,0.7731092436909822,92,8,27,129,0.039453125,0.002625,0.036828124999999996
RF,5,0.1,1.0,crp_dataset_8_1_4.csv|crp_dataset_8_1_7.csv|crp_dataset_8_1_1.csv|crp_dataset_8_1_2.csv|crp_dataset_8_1_8.csv,crp_dataset_8_1_6.csv,0.7633333333333333,0.9999999999868421,0.5428571428532654,76,0,64,116,0.026928710937499996,8.223684210526316e-05,0.026846474095394732
RF,5,0.1,1.0,crp_dataset_8_1_4.csv|crp_dataset_8_1_7.csv|crp_dataset_8_1_1.csv|crp_dataset_8_1_2.csv|crp_dataset_8_1_8.csv,crp_dataset_8_1_3.csv,0.7633333333333333,0.9999999999910714,0.6473988439268937,112,0,61,83,0.0196044921875,0.0,0.0196044921875
RF,5,0.1,1.0,crp_dataset_8_1_4.csv|crp_dataset_8_1_7.csv|crp_dataset_8_1_1.csv|crp_dataset_8_1_2.csv|crp_dataset_8_1_8.csv,crp_dataset_8_1_5.csv,0.7633333333333333,0.9999999999870129,0.7699999999923,77,0,23,156,0.039282226562499994,0.0013798701298701301,0.03790235643262987
RF,5,0.1,1.0,crp_dataset_8_1_4.csv|crp_dataset_8_1_7.csv|crp_dataset_8_1_5.csv|crp_dataset_8_1_2.csv|crp_dataset_8_1_8.csv,crp_dataset_8_1_6.csv,0.8966666666666666,0.9999999999814816,0.38571428571153066,54,0,86,116,0.026928710937499996,0.00011574074074074075,0.026812970196759257
RF,5,0.1,1.0,crp_dataset_8_1_4.csv|crp_dataset_8_1_7.csv|crp_dataset_8_1_5.csv|crp_dataset_8_1_2.csv|crp_dataset_8_1_8.csv,crp_dataset_8_1_3.csv,0.8966666666666666,0.9999999999910714,0.6473988439268937,112,0,61,83,0.0196044921875,0.0,0.0196044921875
RF,5,0.1,1.0,crp_dataset_8_1_4.csv|crp_dataset_8_1_7.csv|crp_dataset_8_1_5.csv|crp_dataset_8_1_2.csv|crp_dataset_8_1_8.csv,crp_dataset_8_1_1.csv,0.8966666666666666,0.9999999999830509,0.46825396825025195,59,0,67,130,0.0252685546875,0.0,0.0252685546875
RF,5,0.1,1.0,crp_dataset_8_1_4.csv|crp_dataset_8_1_3.csv|crp_dataset_8_1_1.csv|crp_dataset_8_1_5.csv|crp_dataset_8_1_2.csv,crp_dataset_8_1_6.csv,0.7966666666666666,0.9999999999868421,0.5428571428532654,76,0,64,116,0.026928710937499996,8.223684210526316e-05,0.026846474095394732
RF,5,0.1,1.0,crp_dataset_8_1_4.csv|crp_dataset_8_1_3.csv|crp_dataset_8_1_1.csv|crp_dataset_8_1_5.csv|crp_dataset_8_1_2.csv,crp_dataset_8_1_7.csv,0.7966666666666666,0.9999999999954339,0.9954545454500207,219,0,1,36,0.0095703125,0.00031392694063926945,0.009256385559360732
RF,5,0.1,1.0,crp_dataset_8_1_4.csv|crp_dataset_8_1_3.csv|crp_dataset_8_1_1.csv|crp_dataset_8_1_5.csv|crp_dataset_8_1_2.csv,crp_dataset_8_1_8.csv,0.7966666666666666,0.9999999999836067,0.4420289855040433,61,0,77,118,0.0283203125,0.0029713114754098364,0.025349001024590163
RF,5,0.1,1.0,crp_dataset_8_1_4.csv|crp_dataset_8_1_3.csv|crp_dataset_8_1_1.csv|crp_dataset_8_1_5.csv|crp_dataset_8_1_8.csv,crp_dataset_8_1_6.csv,0.6033333333333334,0.8970588235228159,0.871428571422347,122,14,18,102,0.026928710937499996,0.004549632352941177,0.022379078584558818
RF,5,0.1,1.0,crp_dataset_8_1_4.csv|crp_dataset_8_1_3.csv|crp_dataset_8_1_1.csv|crp_dataset_8_1_5.csv|crp_dataset_8_1_8.csv,crp_dataset_8_1_7.csv,0.6033333333333334,0.9999999999954546,0.9999999999954546,220,0,0,36,0.0095703125,0.00034090909090909094,0.00922940340909091
RF,5,0.1,1.0,crp_dataset_8_1_4.csv|crp_dataset_8_1_3.csv|crp_dataset_8_1_1.csv|crp_dataset_8_1_5.csv|crp_dataset_8_1_8.csv,crp_dataset_8_1_2.csv,0.6033333333333334,0.9425287356213502,0.6890756302463102,82,5,37,132,0.039453125,0.0020114942528735636,0.037441630747126434
RF,5,0.1,1.0,crp_dataset_8_1_4.csv|crp_dataset_8_1_3.csv|crp_dataset_8_1_1.csv|crp_dataset_8_1_2.csv|crp_dataset_8_1_8.csv,crp_dataset_8_1_6.csv,0.6633333333333333,0.9702970296933634,0.6999999999950001,98,3,42,113,0.026928710937499996,0.0006806930693069308,0.026248017868193065
RF,5,0.1,1.0,crp_dataset_8_1_4.csv|crp_dataset_8_1_3.csv|crp_dataset_8_1_1.csv|crp_dataset_8_1_2.csv|crp_dataset_8_1_8.csv,crp_dataset_8_1_7.csv,0.6633333333333333,0.9999999999954546,0.9999999999954546,220,0,0,36,0.0095703125,0.00034090909090909094,0.00922940340909091
RF,5,0.1,1.0,crp_dataset_8_1_4.csv|crp_dataset_8_1_3.csv|crp_dataset_8_1_1.csv|crp_dataset_8_1_2.csv|crp_dataset_8_1_8.csv,crp_dataset_8_1_5.csv,0.6633333333333333,0.9999999999870129,0.7699999999923,77,0,23,156,0.039282226562499994,0.0013798701298701301,0.03790235643262987
RF,5,0.1,1.0,crp_dataset_8_1_4.csv|crp_dataset_8_1_3.csv|crp_dataset_8_1_5.csv|crp_dataset_8_1_2.csv|crp_dataset_8_1_8.csv,crp_dataset_8_1_6.csv,0.6433333333333333,0.9797979797880828,0.6928571428521939,97,2,43,114,0.026928710937499996,0.000946969696969697,0.0259817412405303
RF,5,0.1,1.0,crp_dataset_8_1_4.csv|crp_dataset_8_1_3.csv|crp_dataset_8_1_5.csv|crp_dataset_8_1_2.csv|crp_dataset_8_1_8.csv,crp_dataset_8_1_7.csv,0.6433333333333333,0.9999999999954546,0.9999999999954546,220,0,0,36,0.0095703125,0.00034090909090909094,0.00922940340909091
RF,5,0.1,1.0,crp_dataset_8_1_4.csv|crp_dataset_8_1_3.csv|crp_dataset_8_1_5.csv|crp_dataset_8_1_2.csv|crp_dataset_8_1_8.csv,crp_dataset_8_1_1.csv,0.6433333333333333,0.9999999999864865,0.5873015872969262,74,0,52,130,0.0252685546875,8.445945945945946e-05,0.02518409522804054
RF,5,0.1,1.0,crp_dataset_8_1_4.csv|crp_dataset_8_1_1.csv|crp_dataset_8_1_5.csv|crp_dataset_8_1_2.csv|crp_dataset_8_1_8.csv,crp_dataset_8_1_6.csv,0.6533333333333333,0.7851851851793691,0.757142857137449,106,29,34,87,0.026928710937499996,0.011712962962962965,0.015215747974537031
RF,5,0.1,1.0,crp_dataset_8_1_4.csv|crp_dataset_8_1_1.csv|crp_dataset_8_1_5.csv|crp_dataset_8_1_2.csv|crp_dataset_8_1_8.csv,crp_dataset_8_1_7.csv,0.6533333333333333,0.9999999999954546,0.9999999999954546,220,0,0,36,0.0095703125,0.00034090909090909094,0.00922940340909091
RF,5,0.1,1.0,crp_dataset_8_1_4.csv|crp_dataset_8_1_1.csv|crp_dataset_8_1_5.csv|crp_dataset_8_1_2.csv|crp_dataset_8_1_8.csv,crp_dataset_8_1_3.csv,0.6533333333333333,0.8838709677362332,0.7919075144462896,137,18,36,65,0.0196044921875,0.00564516129032258,0.013959330897177418
RF,5,0.1,1.0,crp_dataset_8_1_7.csv|crp_dataset_8_1_3.csv|crp_dataset_8_1_1.csv|crp_dataset_8_1_5.csv|crp_dataset_8_1_2.csv,crp_dataset_8_1_6.csv,0.6166666666666667,0.7039106145212073,0.8999999999935715,126,53,14,63,0.026928710937499996,0.014874301675977654,0.012054409261522342
RF,5,0.1,1.0,crp_dataset_8_1_7.csv|crp_dataset_8_1_3.csv|crp_dataset_8_1_1.csv|crp_dataset_8_1_5.csv|crp_dataset_8_1_2.csv,crp_dataset_8_1_4.csv,0.6166666666666667,0.9642857142771045,0.8244274809097373,108,4,23,121,0.023046875,0.0016741071428571428,0.021372767857142858
RF,5,0.1,1.0,crp_dataset_8_1_7.csv|crp_dataset_8_1_3.csv|crp_dataset_8_1_1.csv|crp_dataset_8_1_5.csv|crp_dataset_8_1_2.csv,crp_dataset_8_1_8.csv,0.6166666666666667,0.9841269841113631,0.449275362315585,62,1,76,117,0.0283203125,0.0029761904761904765,0.025344122023809524
RF,5,0.1,1.0,crp_dataset_8_1_7.csv|crp_dataset_8_1_3.csv|crp_dataset_8_1_1.csv|crp_dataset_8_1_5.csv|crp_dataset_8_1_8.csv,crp_dataset_8_1_6.csv,0.61,0.8968253968182791,0.8071428571370919,113,13,27,103,0.026928710937499996,0.005406746031746032,0.021521964905753962
RF,5,0.1,1.0,crp_dataset_8_1_7.csv|crp_dataset_8_1_3.csv|crp_dataset_8_1_1.csv|crp_dataset_8_1_5.csv|crp_dataset_8_1_8.csv,crp_dataset_8_1_4.csv,0.61,0.999999999990909,0.8396946564821398,110,0,21,125,0.023046875,0.0002840909090909091,0.022762784090909094
RF,5,0.1,1.0,crp_dataset_8_1_7.csv|crp_dataset_8_1_3.csv|crp_dataset_8_1_1.csv|crp_dataset_8_1_5.csv|crp_dataset_8_1_8.csv,crp_dataset_8_1_2.csv,0.61,0.934579439243602,0.8403361344467198,100,7,19,130,0.039453125,0.002336448598130841,0.03711667640186916
RF,5,0.1,1.0,crp_dataset_8_1_7.csv|crp_dataset_8_1_3.csv|crp_dataset_8_1_1.csv|crp_dataset_8_1_2.csv|crp_dataset_8_1_8.csv,crp_dataset_8_1_6.csv,0.7566666666666667,0.9999999999868421,0.5428571428532654,76,0,64,116,0.026928710937499996,8.223684210526316e-05,0.026846474095394732
RF,5,0.1,1.0,crp_dataset_8_1_7.csv|crp_dataset_8_1_3.csv|crp_dataset_8_1_1.csv|crp_dataset_8_1_2.csv|crp_dataset_8_1_8.csv,crp_dataset_8_1_4.csv,0.7566666666666667,0.999999999990909,0.8396946564821398,110,0,21,125,0.023046875,0.0002840909090909091,0.022762784090909094
RF,5,0.1,1.0,crp_dataset_8_1_7.csv|crp_dataset_8_1_3.csv|crp_dataset_8_1_1.csv|crp_dataset_8_1_2.csv|crp_dataset_8_1_8.csv,crp_dataset_8_1_5.csv,0.7566666666666667,0.9999999999868421,0.7599999999924,76,0,24,156,0.039282226562499994,0.0013157894736842105,0.03796643708881579
RF,5,0.1,1.0,crp_dataset_8_1_7.csv|crp_dataset_8_1_3.csv|crp_dataset_8_1_5.csv|crp_dataset_8_1_2.csv|crp_dataset_8_1_8.csv,crp_dataset_8_1_6.csv,0.6066666666666667,0.8695652173850033,0.8571428571367348,120,18,20,98,0.026928710937499996,0.006340579710144928,0.020588131227355068
RF,5,0.1,1.0,crp_dataset_8_1_7.csv|crp_dataset_8_1_3.csv|crp_dataset_8_1_5.csv|crp_dataset_8_1_2.csv|crp_dataset_8_1_8.csv,crp_dataset_8_1_4.csv,0.6066666666666667,0.999999999990909,0.8396946564821398,110,0,21,125,0.023046875,0.0002840909090909091,0.022762784090909094
RF,5,0.1,1.0,crp_dataset_8_1_7.csv|crp_dataset_8_1_3.csv|crp_dataset_8_1_5.csv|crp_dataset_8_1_2.csv|crp_dataset_8_1_8.csv,crp_dataset_8_1_1.csv,0.6066666666666667,0.9358974358854372,0.5793650793604812,73,5,53,125,0.0252685546875,0.0021634615384615386,0.023105093149038462
RF,5,0.1,1.0,crp_dataset_8_1_7.csv|crp_dataset_8_1_1.csv|crp_dataset_8_1_5.csv|crp_dataset_8_1_2.csv|crp_dataset_8_1_8.csv,crp_dataset_8_1_6.csv,0.89,0.9999999999866667,0.5357142857104592,75,0,65,116,0.026928710937499996,0.0,0.026928710937499996
RF,5,0.1,1.0,crp_dataset_8_1_7.csv|crp_dataset_8_1_1.csv|crp_dataset_8_1_5.csv|crp_dataset_8_1_2.csv|crp_dataset_8_1_8.csv,crp_dataset_8_1_4.csv,0.89,0.999999999990909,0.8396946564821398,110,0,21,125,0.023046875,0.0002840909090909091,0.022762784090909094
RF,5,0.1,1.0,crp_dataset_8_1_7.csv|crp_dataset_8_1_1.csv|crp_dataset_8_1_5.csv|crp_dataset_8_1_2.csv|crp_dataset_8_1_8.csv,crp_dataset_8_1_3.csv,0.89,0.9999999999910714,0.6473988439268937,112,0,61,83,0.0196044921875,0.0,0.0196044921875
RF,5,0.1,1.0,crp_dataset_8_1_3.csv|crp_dataset_8_1_1.csv|crp_dataset_8_1_5.csv|crp_dataset_8_1_2.csv|crp_dataset_8_1_8.csv,crp_dataset_8_1_6.csv,0.7433333333333333,0.9999999999868421,0.5428571428532654,76,0,64,116,0.026928710937499996,8.223684210526316e-05,0.026846474095394732
RF,5,0.1,1.0,crp_dataset_8_1_3.csv|crp_dataset_8_1_1.csv|crp_dataset_8_1_5.csv|crp_dataset_8_1_2.csv|crp_dataset_8_1_8.csv,crp_dataset_8_1_4.csv,0.7433333333333333,0.999999999990909,0.8396946564821398,110,0,21,125,0.023046875,0.0002840909090909091,0.022762784090909094
RF,5,0.1,1.0,crp_dataset_8_1_3.csv|crp_dataset_8_1_1.csv|crp_dataset_8_1_5.csv|crp_dataset_8_1_2.csv|crp_dataset_8_1_8.csv,crp_dataset_8_1_7.csv,0.7433333333333333,0.9999999999954546,0.9999999999954546,220,0,0,36,0.0095703125,0.00034090909090909094,0.00922940340909091
RF,6,0.1,1.0,crp_dataset_8_1_6.csv|crp_dataset_8_1_4.csv|crp_dataset_8_1_7.csv|crp_dataset_8_1_3.csv|crp_dataset_8_1_1.csv|crp_dataset_8_1_5.csv,crp_dataset_8_1_2.csv,0.5,0.9425287356213502,0.6890756302463102,82,5,37,132,0.039453125,0.0020114942528735636,0.037441630747126434
RF,6,0.1,1.0,crp_dataset_8_1_6.csv|crp_dataset_8_1_4.csv|crp_dataset_8_1_7.csv|crp_dataset_8_1_3.csv|crp_dataset_8_1_1.csv|crp_dataset_8_1_5.csv,crp_dataset_8_1_8.csv,0.5,0.9569892473015377,0.6449275362272108,89,4,49,114,0.0283203125,0.003158602150537634,0.025161710349462366
RF,6,0.1,1.0,crp_dataset_8_1_6.csv|crp_dataset_8_1_4.csv|crp_dataset_8_1_7.csv|crp_dataset_8_1_3.csv|crp_dataset_8_1_1.csv|crp_dataset_8_1_2.csv,crp_dataset_8_1_5.csv,0.617037037037037,0.9999999999870129,0.7699999999923,77,0,23,156,0.039282226562499994,0.0013798701298701301,0.03790235643262987
RF,6,0.1,1.0,crp_dataset_8_1_6.csv|crp_dataset_8_1_4.csv|crp_dataset_8_1_7.csv|crp_dataset_8_1_3.csv|crp_dataset_8_1_1.csv|crp_dataset_8_1_2.csv,crp_dataset_8_1_8.csv,0.617037037037037,0.9999999999836067,0.4420289855040433,61,0,77,118,0.0283203125,0.0029713114754098364,0.025349001024590163
RF,6,0.1,1.0,crp_dataset_8_1_6.csv|crp_dataset_8_1_4.csv|crp_dataset_8_1_7.csv|crp_dataset_8_1_3.csv|crp_dataset_8_1_1.csv|crp_dataset_8_1_8.csv,crp_dataset_8_1_5.csv,0.65,0.9999999999875,0.799999999992,80,0,20,156,0.039282226562499994,0.00140625,0.0378759765625
RF,6,0.1,1.0,crp_dataset_8_1_6.csv|crp_dataset_8_1_4.csv|crp_dataset_8_1_7.csv|crp_dataset_8_1_3.csv|crp_dataset_8_1_1.csv|crp_dataset_8_1_8.csv,crp_dataset_8_1_2.csv,0.65,0.9425287356213502,0.6890756302463102,82,5,37,132,0.039453125,0.0020114942528735636,0.037441630747126434
RF,6,0.1,1.0,crp_dataset_8_1_6.csv|crp_dataset_8_1_4.csv|crp_dataset_8_1_7.csv|crp_dataset_8_1_3.csv|crp_dataset_8_1_5.csv|crp_dataset_8_1_2.csv,crp_dataset_8_1_1.csv,0.87,0.9999999999833334,0.4761904761866969,60,0,66,130,0.0252685546875,0.00010416666666666667,0.025164388020833334
RF,6,0.1,1.0,crp_dataset_8_1_6.csv|crp_dataset_8_1_4.csv|crp_dataset_8_1_7.csv|crp_dataset_8_1_3.csv|crp_dataset_8_1_5.csv|crp_dataset_8_1_2.csv,crp_dataset_8_1_8.csv,0.87,0.9682539682385992,0.4420289855040433,61,2,77,116,0.0283203125,0.0032738095238095243,0.025046502976190474
RF,6,0.1,1.0,crp_dataset_8_1_6.csv|crp_dataset_8_1_4.csv|crp_dataset_8_1_7.csv|crp_dataset_8_1_3.csv|crp_dataset_8_1_5.csv|crp_dataset_8_1_8.csv,crp_dataset_8_1_1.csv,0.7666666666666667,0.9999999999846153,0.5158730158689216,65,0,61,130,0.0252685546875,9.615384615384615e-05,0.025172400841346153
RF,6,0.1,1.0,crp_dataset_8_1_6.csv|crp_dataset_8_1_4.csv|crp_dataset_8_1_7.csv|crp_dataset_8_1_3.csv|crp_dataset_8_1_5.csv|crp_dataset_8_1_8.csv,crp_dataset_8_1_2.csv,0.7666666666666667,0.9425287356213502,0.6890756302463102,82,5,37,132,0.039453125,0.0020114942528735636,0.037441630747126434
RF,6,0.1,1.0,crp_dataset_8_1_6.csv|crp_dataset_8_1_4.csv|crp_dataset_8_1_7.csv|crp_dataset_8_1_3.csv|crp_dataset_8_1_2.csv|crp_dataset_8_1_8.csv,crp_dataset_8_1_1.csv,0.6166666666666667,0.9999999999848485,0.5238095238053666,66,0,60,130,0.0252685546875,9.46969696969697e-05,0.02517385771780303
RF,6,0.1,1.0,crp_dataset_8_1_6.csv|crp_dataset_8_1_4.csv|crp_dataset_8_1_7.csv|crp_dataset_8_1_3.csv|crp_dataset_8_1_2.csv|crp_dataset_8_1_8.csv,crp_dataset_8_1_5.csv,0.6166666666666667,0.9999999999870129,0.7699999999923,77,0,23,156,0.039282226562499994,0.0013798701298701301,0.03790235643262987
RF,6,0.1,1.0,crp_dataset_8_1_6.csv|crp_dataset_8_1_4.csv|crp_dataset_8_1_7.csv|crp_dataset_8_1_1.csv|crp_dataset_8_1_5.csv|crp_dataset_8_1_2.csv,crp_dataset_8_1_3.csv,0.89,0.9999999999910714,0.6473988439268937,112,0,61,83,0.0196044921875,0.0,0.0196044921875
RF,6,0.1,1.0,crp_dataset_8_1_6.csv|crp_dataset_8_1_4.csv|crp_dataset_8_1_7.csv|crp_dataset_8_1_1.csv|crp_dataset_8_1_5.csv|crp_dataset_8_1_2.csv,crp_dataset_8_1_8.csv,0.89,0.9999999999743591,0.28260869565012603,39,0,99,118,0.0283203125,0.0011217948717948717,0.02719851762820513
RF,6,0.1,1.0,crp_dataset_8_1_6.csv|crp_dataset_8_1_4.csv|crp_dataset_8_1_7.csv|crp_dataset_8_1_1.csv|crp_dataset_8_1_5.csv|crp_dataset_8_1_8.csv,crp_dataset_8_1_3.csv,0.6833333333333333,0.983870967734001,0.705202312134652,122,2,51,81,0.0196044921875,0.00020161290322580645,0.019402879284274192
RF,6,0.1,1.0,crp_dataset_8_1_6.csv|crp_dataset_8_1_4.csv|crp_dataset_8_1_7.csv|crp_dataset_8_1_1.csv|crp_dataset_8_1_5.csv|crp_dataset_8_1_8.csv,crp_dataset_8_1_2.csv,0.6833333333333333,0.9425287356213502,0.6890756302463102,82,5,37,132,0.039453125,0.0020114942528735636,0.037441630747126434
RF,6,0.1,1.0,crp_dataset_8_1_6.csv|crp_dataset_8_1_4.csv|crp_dataset_8_1_7.csv|crp_dataset_8_1_1.csv|crp_dataset_8_1_2.csv|crp_dataset_8_1_8.csv,crp_dataset_8_1_3.csv,0.62,0.983870967734001,0.705202312134652,122,2,51,81,0.0196044921875,0.00020161290322580645,0.019402879284274192
RF,6,0.1,1.0,crp_dataset_8_1_6.csv|crp_dataset_8_1_4.csv|crp_dataset_8_1_7.csv|crp_dataset_8_1_1.csv|crp_dataset_8_1_2.csv|crp_dataset_8_1_8.csv,crp_dataset_8_1_5.csv,0.62,0.9999999999870129,0.7699999999923,77,0,23,156,0.039282226562499994,0.0013798701298701301,0.03790235643262987
RF,6,0.1,1.0,crp_dataset_8_1_6.csv|crp_dataset_8_1_4.csv|crp_dataset_8_1_7.csv|crp_dataset_8_1_5.csv|crp_dataset_8_1_2.csv|crp_dataset_8_1_8.csv,crp_dataset_8_1_3.csv,0.6133333333333333,0.9999999999918032,0.705202312134652,122,0,51,83,0.0196044921875,0.0,0.0196044921875
RF,6,0.1,1.0,crp_dataset_8_1_6.csv|crp_dataset_8_1_4.csv|crp_dataset_8_1_7.csv|crp_dataset_8_1_5.csv|crp_dataset_8_1_2.csv|crp_dataset_8_1_8.csv,crp_dataset_8_1_1.csv,0.6133333333333333,0.9620253164435186,0.6031746031698161,76,3,50,127,0.0252685546875,0.0005537974683544303,0.02471475721914557
RF,6,0.1,1.0,crp_dataset_8_1_6.csv|crp_dataset_8_1_4.csv|crp_dataset_8_1_3.csv|crp_dataset_8_1_1.csv|crp_dataset_8_1_5.csv|crp_dataset_8_1_2.csv,crp_dataset_8_1_7.csv,0.64,0.9999999999954546,0.9999999999954546,220,0,0,36,0.0095703125,0.00034090909090909094,0.00922940340909091
RF,6,0.1,1.0,crp_dataset_8_1_6.csv|crp_dataset_8_1_4.csv|crp_dataset_8_1_3.csv|crp_dataset_8_1_1.csv|crp_dataset_8_1_5.csv|crp_dataset_8_1_2.csv,crp_dataset_8_1_8.csv,0.64,0.9999999999836067,0.4420289855040433,61,0,77,118,0.0283203125,0.0029713114754098364,0.025349001024590163
RF,6,0.1,1.0,crp_dataset_8_1_6.csv|crp_dataset_8_1_4.csv|crp_dataset_8_1_3.csv|crp_dataset_8_1_1.csv|crp_dataset_8_1_5.csv|crp_dataset_8_1_8.csv,crp_dataset_8_1_7.csv,0.7033333333333334,0.9999999999954546,0.9999999999954546,220,0,0,36,0.0095703125,0.00034090909090909094,0.00922940340909091
RF,6,0.1,1.0,crp_dataset_8_1_6.csv|crp_dataset_8_1_4.csv|crp_dataset_8_1_3.csv|crp_dataset_8_1_1.csv|crp_dataset_8_1_5.csv|crp_dataset_8_1_8.csv,crp_dataset_8_1_2.csv,0.7033333333333334,0.9425287356213502,0.6890756302463102,82,5,37,132,0.039453125,0.0020114942528735636,0.037441630747126434
RF,6,0.1,1.0,crp_dataset_8_1_6.csv|crp_dataset_8_1_4.csv|crp_dataset_8_1_3.csv|crp_dataset_8_1_1.csv|crp_dataset_8_1_2.csv|crp_dataset_8_1_8.csv,crp_dataset_8_1_7.csv,0.6316666666666667,0.9999999999954546,0.9999999999954546,220,0,0,36,0.0095703125,0.00034090909090909094,0.00922940340909091
RF,6,0.1,1.0,crp_dataset_8_1_6.csv|crp_dataset_8_1_4.csv|crp_dataset_8_1_3.csv|crp_dataset_8_1_1.csv|crp_dataset_8_1_2.csv|crp_dataset_8_1_8.csv,crp_dataset_8_1_5.csv,0.6316666666666667,0.9999999999870129,0.7699999999923,77,0,23,156,0.039282226562499994,0.0013798701298701301,0.03790235643262987
RF,6,0.1,1.0,crp_dataset_8_1_6.csv|crp_dataset_8_1_4.csv|crp_dataset_8_1_3.csv|crp_dataset_8_1_5.csv|crp_dataset_8_1_2.csv|crp_dataset_8_1_8.csv,crp_dataset_8_1_7.csv,0.6466666666666666,0.9999999999954546,0.9999999999954546,220,0,0,36,0.0095703125,0.00034090909090909094,0.00922940340909091
RF,6,0.1,1.0,crp_dataset_8_1_6.csv|crp_dataset_8_1_4.csv|crp_dataset_8_1_3.csv|crp_dataset_8_1_5.csv|crp_dataset_8_1_2.csv|crp_dataset_8_1_8.csv,crp_dataset_8_1_1.csv,0.6466666666666666,0.9855072463625288,0.5396825396782565,68,1,58,129,0.0252685546875,0.00027173913043478267,0.02499681555706522
RF,6,0.1,1.0,crp_dataset_8_1_6.csv|crp_dataset_8_1_4.csv|crp_dataset_8_1_1.csv|crp_dataset_8_1_5.csv|crp_dataset_8_1_2.csv|crp_dataset_8_1_8.csv,crp_dataset_8_1_7.csv,0.71,0.9999999999954546,0.9999999999954546,220,0,0,36,0.0095703125,0.00034090909090909094,0.00922940340909091
RF,6,0.1,1.0,crp_dataset_8_1_6.csv|crp_dataset_8_1_4.csv|crp_dataset_8_1_1.csv|crp_dataset_8_1_5.csv|crp_dataset_8_1_2.csv|crp_dataset_8_1_8.csv,crp_dataset_8_1_3.csv,0.71,0.9999999999911504,0.6531791907476695,113,0,60,83,0.0196044921875,0.0,0.0196044921875
RF,6,0.1,1.0,crp_dataset_8_1_6.csv|crp_dataset_8_1_7.csv|crp_dataset_8_1_3.csv|crp_dataset_8_1_1.csv|crp_dataset_8_1_5.csv|crp_dataset_8_1_2.csv,crp_dataset_8_1_4.csv,0.68,0.9909909909820631,0.8396946564821398,110,1,21,124,0.023046875,0.0003941441441441442,0.022652730855855858
RF,6,0.1,1.0,crp_dataset_8_1_6.csv|crp_dataset_8_1_7.csv|crp_dataset_8_1_3.csv|crp_dataset_8_1_1.csv|crp_dataset_8_1_5.csv|crp_dataset_8_1_2.csv,crp_dataset_8_1_8.csv,0.68,0.9999999999836067,0.4420289855040433,61,0,77,118,0.0283203125,0.0029713114754098364,0.025349001024590163
RF,6,0.1,1.0,crp_dataset_8_1_6.csv|crp_dataset_8_1_7.csv|crp_dataset_8_1_3.csv|crp_dataset_8_1_1.csv|crp_dataset_8_1_5.csv|crp_dataset_8_1_8.csv,crp_dataset_8_1_4.csv,0.71,0.9913043478174669,0.8702290076269449,114,1,17,124,0.023046875,0.0004347826086956522,0.02261209239130435
RF,6,0.1,1.0,crp_dataset_8_1_6.csv|crp_dataset_8_1_7.csv|crp_dataset_8_1_3.csv|crp_dataset_8_1_1.csv|crp_dataset_8_1_5.csv|crp_dataset_8_1_8.csv,crp_dataset_8_1_2.csv,0.71,0.9425287356213502,0.6890756302463102,82,5,37,132,0.039453125,0.0020114942528735636,0.037441630747126434
RF,6,0.1,1.0,crp_dataset_8_1_6.csv|crp_dataset_8_1_7.csv|crp_dataset_8_1_3.csv|crp_dataset_8_1_1.csv|crp_dataset_8_1_2.csv|crp_dataset_8_1_8.csv,crp_dataset_8_1_4.csv,0.63,0.9754098360575786,0.9083969465579512,119,3,12,122,0.023046875,0.0007172131147540983,0.0223296618852459
RF,6,0.1,1.0,crp_dataset_8_1_6.csv|crp_dataset_8_1_7.csv|crp_dataset_8_1_3.csv|crp_dataset_8_1_1.csv|crp_dataset_8_1_2.csv|crp_dataset_8_1_8.csv,crp_dataset_8_1_5.csv,0.63,0.987179487166831,0.7699999999923,77,1,23,155,0.039282226562499994,0.0016025641025641025,0.03767966245993589
RF,6,0.1,1.0,crp_dataset_8_1_6.csv|crp_dataset_8_1_7.csv|crp_dataset_8_1_3.csv|crp_dataset_8_1_5.csv|crp_dataset_8_1_2.csv|crp_dataset_8_1_8.csv,crp_dataset_8_1_4.csv,0.8033333333333333,0.999999999990909,0.8396946564821398,110,0,21,125,0.023046875,0.0002840909090909091,0.022762784090909094
RF,6,0.1,1.0,crp_dataset_8_1_6.csv|crp_dataset_8_1_7.csv|crp_dataset_8_1_3.csv|crp_dataset_8_1_5.csv|crp_dataset_8_1_2.csv|crp_dataset_8_1_8.csv,crp_dataset_8_1_1.csv,0.8033333333333333,0.9999999999852941,0.5396825396782565,68,0,58,130,0.0252685546875,9.191176470588235e-05,0.025176642922794118
RF,6,0.1,1.0,crp_dataset_8_1_6.csv|crp_dataset_8_1_7.csv|crp_dataset_8_1_1.csv|crp_dataset_8_1_5.csv|crp_dataset_8_1_2.csv|crp_dataset_8_1_8.csv,crp_dataset_8_1_4.csv,0.6766666666666666,0.9999999999913043,0.8778625954131462,115,0,16,125,0.023046875,0.0002717391304347826,0.02277513586956522
RF,6,0.1,1.0,crp_dataset_8_1_6.csv|crp_dataset_8_1_7.csv|crp_dataset_8_1_1.csv|crp_dataset_8_1_5.csv|crp_dataset_8_1_2.csv|crp_dataset_8_1_8.csv,crp_dataset_8_1_3.csv,0.6766666666666666,0.9830508474492962,0.670520231209997,116,2,57,81,0.0196044921875,0.00021186440677966104,0.019392627780720338
RF,6,0.1,1.0,crp_dataset_8_1_6.csv|crp_dataset_8_1_3.csv|crp_dataset_8_1_1.csv|crp_dataset_8_1_5.csv|crp_dataset_8_1_2.csv|crp_dataset_8_1_8.csv,crp_dataset_8_1_4.csv,0.6066666666666667,0.9256198347030941,0.8549618320545423,112,9,19,116,0.023046875,0.002066115702479339,0.020980759297520662
RF,6,0.1,1.0,crp_dataset_8_1_6.csv|crp_dataset_8_1_3.csv|crp_dataset_8_1_1.csv|crp_dataset_8_1_5.csv|crp_dataset_8_1_2.csv|crp_dataset_8_1_8.csv,crp_dataset_8_1_7.csv,0.6066666666666667,0.956521739126276,0.9999999999954546,220,10,0,26,0.0095703125,0.0015489130434782608,0.008021399456521739
RF,6,0.1,1.0,crp_dataset_8_1_4.csv|crp_dataset_8_1_7.csv|crp_dataset_8_1_3.csv|crp_dataset_8_1_1.csv|crp_dataset_8_1_5.csv|crp_dataset_8_1_2.csv,crp_dataset_8_1_6.csv,0.8666666666666667,0.9999999999868421,0.5428571428532654,76,0,64,116,0.026928710937499996,8.223684210526316e-05,0.026846474095394732
RF,6,0.1,1.0,crp_dataset_8_1_4.csv|crp_dataset_8_1_7.csv|crp_dataset_8_1_3.csv|crp_dataset_8_1_1.csv|crp_dataset_8_1_5.csv|crp_dataset_8_1_2.csv,crp_dataset_8_1_8.csv,0.8666666666666667,0.9999999999836067,0.4420289855040433,61,0,77,118,0.0283203125,0.0029713114754098364,0.025349001024590163
RF,6,0.1,1.0,crp_dataset_8_1_4.csv|crp_dataset_8_1_7.csv|crp_dataset_8_1_3.csv|crp_dataset_8_1_1.csv|crp_dataset_8_1_5.csv|crp_dataset_8_1_8.csv,crp_dataset_8_1_6.csv,0.63,0.8282208588906245,0.9642857142788266,135,28,5,88,0.026928710937499996,0.008013803680981594,0.018914907256518402
RF,6,0.1,1.0,crp_dataset_8_1_4.csv|crp_dataset_8_1_7.csv|crp_dataset_8_1_3.csv|crp_dataset_8_1_1.csv|crp_dataset_8_1_5.csv|crp_dataset_8_1_8.csv,crp_dataset_8_1_2.csv,0.63,0.9425287356213502,0.6890756302463102,82,5,37,132,0.039453125,0.0020114942528735636,0.037441630747126434
RF,6,0.1,1.0,crp_dataset_8_1_4.csv|crp_dataset_8_1_7.csv|crp_dataset_8_1_3.csv|crp_dataset_8_1_1.csv|crp_dataset_8_1_2.csv|crp_dataset_8_1_8.csv,crp_dataset_8_1_6.csv,0.7733333333333333,0.9999999999868421,0.5428571428532654,76,0,64,116,0.026928710937499996,8.223684210526316e-05,0.026846474095394732
RF,6,0.1,1.0,crp_dataset_8_1_4.csv|crp_dataset_8_1_7.csv|crp_dataset_8_1_3.csv|crp_dataset_8_1_1.csv|crp_dataset_8_1_2.csv|crp_dataset_8_1_8.csv,crp_dataset_8_1_5.csv,0.7733333333333333,0.9999999999870129,0.7699999999923,77,0,23,156,0.039282226562499994,0.0013798701298701301,0.03790235643262987
RF,6,0.1,1.0,crp_dataset_8_1_4.csv|crp_dataset_8_1_7.csv|crp_dataset_8_1_3.csv|crp_dataset_8_1_5.csv|crp_dataset_8_1_2.csv|crp_dataset_8_1_8.csv,crp_dataset_8_1_6.csv,0.6466666666666666,0.9903846153750924,0.7357142857090306,103,1,37,115,0.026928710937499996,0.00048076923076923074,0.026447941706730767
RF,6,0.1,1.0,crp_dataset_8_1_4.csv|crp_dataset_8_1_7.csv|crp_dataset_8_1_3.csv|crp_dataset_8_1_5.csv|crp_dataset_8_1_2.csv|crp_dataset_8_1_8.csv,crp_dataset_8_1_1.csv,0.6466666666666666,0.9540229884947813,0.6587301587249307,83,4,43,126,0.0252685546875,0.0012931034482758623,0.02397545123922414
RF,6,0.1,1.0,crp_dataset_8_1_4.csv|crp_dataset_8_1_7.csv|crp_dataset_8_1_1.csv|crp_dataset_8_1_5.csv|crp_dataset_8_1_2.csv|crp_dataset_8_1_8.csv,crp_dataset_8_1_6.csv,0.7133333333333334,0.9999999999868421,0.5428571428532654,76,0,64,116,0.026928710937499996,8.223684210526316e-05,0.026846474095394732
RF,6,0.1,1.0,crp_dataset_8_1_4.csv|crp_dataset_8_1_7.csv|crp_dataset_8_1_1.csv|crp_dataset_8_1_5.csv|crp_dataset_8_1_2.csv|crp_dataset_8_1_8.csv,crp_dataset_8_1_3.csv,0.7133333333333334,0.9999999999916667,0.6936416184931004,120,0,53,83,0.0196044921875,0.0,0.0196044921875
RF,6,0.1,1.0,crp_dataset_8_1_4.csv|crp_dataset_8_1_3.csv|crp_dataset_8_1_1.csv|crp_dataset_8_1_5.csv|crp_dataset_8_1_2.csv|crp_dataset_8_1_8.csv,crp_dataset_8_1_6.csv,0.6680952380952381,0.999999999988764,0.635714285709745,89,0,51,116,0.026928710937499996,7.02247191011236e-05,0.026858486218398873
RF,6,0.1,1.0,crp_dataset_8_1_4.csv|crp_dataset_8_1_3.csv|crp_dataset_8_1_1.csv|crp_dataset_8_1_5.csv|crp_dataset_8_1_2.csv|crp_dataset_8_1_8.csv,crp_dataset_8_1_7.csv,0.6680952380952381,0.9999999999954546,0.9999999999954546,220,0,0,36,0.0095703125,0.00034090909090909094,0.00922940340909091
RF,6,0.1,1.0,crp_dataset_8_1_7.csv|crp_dataset_8_1_3.csv|crp_dataset_8_1_1.csv|crp_dataset_8_1_5.csv|crp_dataset_8_1_2.csv|crp_dataset_8_1_8.csv,crp_dataset_8_1_6.csv,0.7133333333333334,0.9999999999883721,0.6142857142813266,86,0,54,116,0.026928710937499996,7.267441860465116e-05,0.026856036518895343
RF,6,0.1,1.0,crp_dataset_8_1_7.csv|crp_dataset_8_1_3.csv|crp_dataset_8_1_1.csv|crp_dataset_8_1_5.csv|crp_dataset_8_1_2.csv|crp_dataset_8_1_8.csv,crp_dataset_8_1_4.csv,0.7133333333333334,0.9912280701667436,0.8625954198407436,113,1,18,124,0.023046875,0.0004385964912280702,0.02260827850877193
RF,7,0.1,1.0,crp_dataset_8_1_6.csv|crp_dataset_8_1_4.csv|crp_dataset_8_1_7.csv|crp_dataset_8_1_3.csv|crp_dataset_8_1_1.csv|crp_dataset_8_1_5.csv|crp_dataset_8_1_2.csv,crp_dataset_8_1_8.csv,0.8433333333333334,0.9999999999836067,0.4420289855040433,61,0,77,118,0.0283203125,0.0029713114754098364,0.025349001024590163
RF,7,0.1,1.0,crp_dataset_8_1_6.csv|crp_dataset_8_1_4.csv|crp_dataset_8_1_7.csv|crp_dataset_8_1_3.csv|crp_dataset_8_1_1.csv|crp_dataset_8_1_5.csv|crp_dataset_8_1_8.csv,crp_dataset_8_1_2.csv,0.5,0.9484536082376448,0.7731092436909822,92,5,27,132,0.039453125,0.0021262886597938147,0.037326836340206185
RF,7,0.1,1.0,crp_dataset_8_1_6.csv|crp_dataset_8_1_4.csv|crp_dataset_8_1_7.csv|crp_dataset_8_1_3.csv|crp_dataset_8_1_1.csv|crp_dataset_8_1_2.csv|crp_dataset_8_1_8.csv,crp_dataset_8_1_5.csv,0.5,0.9999999999870129,0.7699999999923,77,0,23,156,0.039282226562499994,0.0013798701298701301,0.03790235643262987
RF,7,0.1,1.0,crp_dataset_8_1_6.csv|crp_dataset_8_1_4.csv|crp_dataset_8_1_7.csv|crp_dataset_8_1_3.csv|crp_dataset_8_1_5.csv|crp_dataset_8_1_2.csv|crp_dataset_8_1_8.csv,crp_dataset_8_1_1.csv,0.6357142857142858,0.9615384615261341,0.5952380952333711,75,3,51,127,0.0252685546875,0.000560897435897436,0.024707657251602563
RF,7,0.1,1.0,crp_dataset_8_1_6.csv|crp_dataset_8_1_4.csv|crp_dataset_8_1_7.csv|crp_dataset_8_1_1.csv|crp_dataset_8_1_5.csv|crp_dataset_8_1_2.csv|crp_dataset_8_1_8.csv,crp_dataset_8_1_3.csv,0.6566666666666666,0.9756097560896292,0.6936416184931004,120,3,53,80,0.0196044921875,0.0006097560975609757,0.018994736089939023
RF,7,0.1,1.0,crp_dataset_8_1_6.csv|crp_dataset_8_1_4.csv|crp_dataset_8_1_3.csv|crp_dataset_8_1_1.csv|crp_dataset_8_1_5.csv|crp_dataset_8_1_2.csv|crp_dataset_8_1_8.csv,crp_dataset_8_1_7.csv,0.6635555555555556,0.9999999999954546,0.9999999999954546,220,0,0,36,0.0095703125,0.00034090909090909094,0.00922940340909091
RF,7,0.1,1.0,crp_dataset_8_1_6.csv|crp_dataset_8_1_7.csv|crp_dataset_8_1_3.csv|crp_dataset_8_1_1.csv|crp_dataset_8_1_5.csv|crp_dataset_8_1_2.csv|crp_dataset_8_1_8.csv,crp_dataset_8_1_4.csv,0.7,0.9999999999910714,0.8549618320545423,112,0,19,125,0.023046875,0.00027901785714285713,0.022767857142857145
RF,7,0.1,1.0,crp_dataset_8_1_4.csv|crp_dataset_8_1_7.csv|crp_dataset_8_1_3.csv|crp_dataset_8_1_1.csv|crp_dataset_8_1_5.csv|crp_dataset_8_1_2.csv|crp_dataset_8_1_8.csv,crp_dataset_8_1_6.csv,0.6144444444444445,0.9275362318773368,0.9142857142791837,128,10,12,106,0.026928710937499996,0.0029891304347826084,0.023939580502717387
