model,k_train_datasets,train_pct,test_pct,train_set,test_dataset,best_threshold,precision,recall,TP,FP,FN,TN,old_ber,new_ber,ber_reduction
RF,1,0.75,1.0,crp_dataset_8_1_8.csv,crp_dataset_8_1_2.csv,0.6533333333333333,0.9425287356213502,0.6890756302463102,82,5,37,132,0.039453125,0.0020114942528735636,0.037441630747126434
RF,1,0.75,1.0,crp_dataset_8_1_8.csv,crp_dataset_8_1_7.csv,0.6533333333333333,0.9999999999954546,0.9999999999954546,220,0,0,36,0.0095703125,0.00034090909090909094,0.00922940340909091
RF,1,0.75,1.0,crp_dataset_8_1_8.csv,crp_dataset_8_1_4.csv,0.6533333333333333,0.9914529914445175,0.8854961831993474,116,1,15,124,0.023046875,0.00037393162393162396,0.02267294337606838
RF,1,0.75,1.0,crp_dataset_8_1_8.csv,crp_dataset_8_1_5.csv,0.6533333333333333,0.9999999999870129,0.7699999999923,77,0,23,156,0.039282226562499994,0.0013798701298701301,0.03790235643262987
RF,1,0.75,1.0,crp_dataset_8_1_8.csv,crp_dataset_8_1_6.csv,0.6533333333333333,0.9999999999888889,0.642857142852551,90,0,50,116,0.026928710937499996,0.0002777777777777778,0.02665093315972222
RF,1,0.75,1.0,crp_dataset_8_1_8.csv,crp_dataset_8_1_3.csv,0.6533333333333333,0.9834710743720374,0.6878612716723246,119,2,54,81,0.0196044921875,0.0002066115702479339,0.019397880617252065
RF,1,0.75,1.0,crp_dataset_8_1_8.csv,crp_dataset_8_1_1.csv,0.6533333333333333,0.999999999984127,0.49999999999603173,63,0,63,130,0.0252685546875,9.92063492063492e-05,0.02516934833829365
RF,1,0.75,1.0,crp_dataset_8_1_2.csv,crp_dataset_8_1_8.csv,0.83,0.9571428571291837,0.48550724637329346,67,3,71,115,0.0283203125,0.0034821428571428577,0.024838169642857143
RF,1,0.75,1.0,crp_dataset_8_1_2.csv,crp_dataset_8_1_7.csv,0.83,0.9999999999846153,0.2954545454532025,65,0,155,36,0.0095703125,0.0,0.0095703125
RF,1,0.75,1.0,crp_dataset_8_1_2.csv,crp_dataset_8_1_4.csv,0.83,0.8971962616738579,0.7328244274753221,96,11,35,114,0.023046875,0.003154205607476635,0.019892669392523366
RF,1,0.75,1.0,crp_dataset_8_1_2.csv,crp_dataset_8_1_5.csv,0.83,0.9999999999870129,0.7699999999923,77,0,23,156,0.039282226562499994,0.0013798701298701301,0.03790235643262987
RF,1,0.75,1.0,crp_dataset_8_1_2.csv,crp_dataset_8_1_6.csv,0.83,0.9425287356213502,0.5857142857101021,82,5,58,111,0.026928710937499996,0.0025143678160919544,0.02441434312140804
RF,1,0.75,1.0,crp_dataset_8_1_2.csv,crp_dataset_8_1_3.csv,0.83,0.9491525423648377,0.6473988439268937,112,6,61,77,0.0196044921875,0.002701271186440678,0.016903221001059322
RF,1,0.75,1.0,crp_dataset_8_1_2.csv,crp_dataset_8_1_1.csv,0.83,0.9687499999848632,0.49206349205958677,62,2,64,128,0.0252685546875,0.00126953125,0.0239990234375
RF,1,0.75,1.0,crp_dataset_8_1_7.csv,crp_dataset_8_1_8.csv,0.5,0.8243243243131848,0.4420289855040433,61,13,77,105,0.0283203125,0.0046452702702702705,0.02367504222972973
RF,1,0.75,1.0,crp_dataset_8_1_7.csv,crp_dataset_8_1_2.csv,0.5,0.9010989010889989,0.6890756302463102,82,9,37,128,0.039453125,0.0024725274725274724,0.03698059752747253
RF,1,0.75,1.0,crp_dataset_8_1_7.csv,crp_dataset_8_1_4.csv,0.5,0.9649122806932902,0.8396946564821398,110,4,21,121,0.023046875,0.0007127192982456142,0.02233415570175439
RF,1,0.75,1.0,crp_dataset_8_1_7.csv,crp_dataset_8_1_5.csv,0.5,0.9624999999879688,0.7699999999923,77,3,23,153,0.039282226562499994,0.0017968749999999999,0.03748535156249999
RF,1,0.75,1.0,crp_dataset_8_1_7.csv,crp_dataset_8_1_6.csv,0.5,0.9999999999868421,0.5428571428532654,76,0,64,116,0.026928710937499996,8.223684210526316e-05,0.026846474095394732
RF,1,0.75,1.0,crp_dataset_8_1_7.csv,crp_dataset_8_1_3.csv,0.5,0.9824561403422591,0.6473988439268937,112,2,61,81,0.0196044921875,0.0002192982456140351,0.019385193941885964
RF,1,0.75,1.0,crp_dataset_8_1_7.csv,crp_dataset_8_1_1.csv,0.5,0.9836065573609245,0.4761904761866969,60,1,66,129,0.0252685546875,0.0003073770491803279,0.024961177638319672
RF,1,0.75,1.0,crp_dataset_8_1_4.csv,crp_dataset_8_1_8.csv,0.5,0.8735632183807636,0.5507246376771687,76,11,62,107,0.0283203125,0.004813218390804596,0.023507094109195402
RF,1,0.75,1.0,crp_dataset_8_1_4.csv,crp_dataset_8_1_2.csv,0.5,0.9425287356213502,0.6890756302463102,82,5,37,132,0.039453125,0.0020114942528735636,0.037441630747126434
RF,1,0.75,1.0,crp_dataset_8_1_4.csv,crp_dataset_8_1_7.csv,0.5,0.9999999999954546,0.9999999999954546,220,0,0,36,0.0095703125,0.00034090909090909094,0.00922940340909091
RF,1,0.75,1.0,crp_dataset_8_1_4.csv,crp_dataset_8_1_5.csv,0.5,0.9325842696524428,0.8299999999916999,83,6,17,150,0.039282226562499994,0.0044943820224719105,0.03478784454002808
RF,1,0.75,1.0,crp_dataset_8_1_4.csv,crp_dataset_8_1_6.csv,0.5,0.979166666656467,0.6714285714237755,94,2,46,114,0.026928710937499996,0.00045572916666666673,0.02647298177083333
RF,1,0.75,1.0,crp_dataset_8_1_4.csv,crp_dataset_8_1_3.csv,0.5,0.9769230769155622,0.7341040462385312,127,3,46,80,0.0196044921875,0.0005769230769230769,0.019027569110576924
RF,1,0.75,1.0,crp_dataset_8_1_4.csv,crp_dataset_8_1_1.csv,0.5,0.9552238805827578,0.5079365079324767,64,3,62,127,0.0252685546875,0.0006529850746268657,0.024615569612873135
RF,1,0.75,1.0,crp_dataset_8_1_5.csv,crp_dataset_8_1_8.csv,0.6166666666666667,0.8080808080726456,0.5797101449233355,80,19,58,99,0.0283203125,0.007007575757575758,0.021312736742424242
RF,1,0.75,1.0,crp_dataset_8_1_5.csv,crp_dataset_8_1_2.csv,0.6166666666666667,0.901515151508322,0.9999999999915966,119,13,0,124,0.039453125,0.00340909090909091,0.03604403409090909
RF,1,0.75,1.0,crp_dataset_8_1_5.csv,crp_dataset_8_1_7.csv,0.6166666666666667,0.9999999999954546,0.9999999999954546,220,0,0,36,0.0095703125,0.00034090909090909094,0.00922940340909091
RF,1,0.75,1.0,crp_dataset_8_1_5.csv,crp_dataset_8_1_4.csv,0.6166666666666667,0.7456647398800829,0.9847328244199639,129,44,2,81,0.023046875,0.011921965317919074,0.011124909682080927
RF,1,0.75,1.0,crp_dataset_8_1_5.csv,crp_dataset_8_1_6.csv,0.6166666666666667,0.7214285714234184,0.7214285714234184,101,39,39,77,0.026928710937499996,0.016250000000000004,0.010678710937499992
RF,1,0.75,1.0,crp_dataset_8_1_5.csv,crp_dataset_8_1_3.csv,0.6166666666666667,0.8392857142807186,0.8150289017293929,141,27,32,56,0.0196044921875,0.007998511904761904,0.011605980282738095
RF,1,0.75,1.0,crp_dataset_8_1_5.csv,crp_dataset_8_1_1.csv,0.6166666666666667,0.6699029126148552,0.5476190476147014,69,34,57,96,0.0252685546875,0.012682038834951453,0.012586515852548547
RF,1,0.75,1.0,crp_dataset_8_1_6.csv,crp_dataset_8_1_8.csv,0.6433333333333333,0.8144329896823254,0.5724637681117938,79,18,59,100,0.0283203125,0.004574742268041237,0.023745570231958762
RF,1,0.75,1.0,crp_dataset_8_1_6.csv,crp_dataset_8_1_2.csv,0.6433333333333333,0.881720430098046,0.6890756302463102,82,11,37,126,0.039453125,0.002688172043010753,0.03676495295698925
RF,1,0.75,1.0,crp_dataset_8_1_6.csv,crp_dataset_8_1_7.csv,0.6433333333333333,0.9865470851973698,0.9999999999954546,220,3,0,33,0.0095703125,0.0005044843049327355,0.009065828195067266
RF,1,0.75,1.0,crp_dataset_8_1_6.csv,crp_dataset_8_1_4.csv,0.6433333333333333,0.9615384615310651,0.9541984732751588,125,5,6,120,0.023046875,0.0007211538461538462,0.022325721153846154
RF,1,0.75,1.0,crp_dataset_8_1_6.csv,crp_dataset_8_1_5.csv,0.6433333333333333,0.9302325581287182,0.799999999992,80,6,20,150,0.039282226562499994,0.002180232558139535,0.03710199400436046
RF,1,0.75,1.0,crp_dataset_8_1_6.csv,crp_dataset_8_1_3.csv,0.6433333333333333,0.984251968496187,0.7225433525969795,125,2,48,81,0.0196044921875,0.00019685039370078743,0.01940764179379921
RF,1,0.75,1.0,crp_dataset_8_1_6.csv,crp_dataset_8_1_1.csv,0.6433333333333333,0.9452054794391067,0.5476190476147014,69,4,57,126,0.0252685546875,0.0007705479452054795,0.02449800674229452
RF,1,0.75,1.0,crp_dataset_8_1_3.csv,crp_dataset_8_1_8.csv,0.6433333333333333,0.928571428554847,0.3768115942001681,52,4,86,114,0.0283203125,0.0016741071428571428,0.026646205357142856
RF,1,0.75,1.0,crp_dataset_8_1_3.csv,crp_dataset_8_1_2.csv,0.6433333333333333,0.9999999999843749,0.5378151260459006,64,0,55,137,0.039453125,0.0,0.039453125
RF,1,0.75,1.0,crp_dataset_8_1_3.csv,crp_dataset_8_1_7.csv,0.6433333333333333,0.9999999999950495,0.9181818181776447,202,0,18,36,0.0095703125,0.0,0.0095703125
RF,1,0.75,1.0,crp_dataset_8_1_3.csv,crp_dataset_8_1_4.csv,0.6433333333333333,0.9724770642112617,0.8091603053373347,106,3,25,122,0.023046875,0.0005733944954128441,0.022473480504587157
RF,1,0.75,1.0,crp_dataset_8_1_3.csv,crp_dataset_8_1_5.csv,0.6433333333333333,0.9843749999846191,0.6299999999936999,63,1,37,155,0.039282226562499994,0.00029296875000000004,0.0389892578125
RF,1,0.75,1.0,crp_dataset_8_1_3.csv,crp_dataset_8_1_6.csv,0.6433333333333333,0.5761316872404275,0.9999999999928573,140,103,0,13,0.026928710937499996,0.024074074074074074,0.0028546368634259217
RF,1,0.75,1.0,crp_dataset_8_1_3.csv,crp_dataset_8_1_1.csv,0.6433333333333333,0.9565217391200378,0.6984126984071555,88,4,38,126,0.0252685546875,0.0010190217391304348,0.024249532948369564
RF,1,0.75,1.0,crp_dataset_8_1_1.csv,crp_dataset_8_1_8.csv,0.8133333333333334,0.8899999999911,0.6449275362272108,89,11,49,107,0.0283203125,0.004,0.0243203125
RF,1,0.75,1.0,crp_dataset_8_1_1.csv,crp_dataset_8_1_2.csv,0.8133333333333334,0.9999999999767443,0.36134453781208953,43,0,76,137,0.039453125,0.0008720930232558139,0.03858103197674419
RF,1,0.75,1.0,crp_dataset_8_1_1.csv,crp_dataset_8_1_7.csv,0.8133333333333334,0.9999999999750001,0.18181818181735537,40,0,180,36,0.0095703125,0.0,0.0095703125
RF,1,0.75,1.0,crp_dataset_8_1_1.csv,crp_dataset_8_1_4.csv,0.8133333333333334,0.9999999999871795,0.5954198473236991,78,0,53,125,0.023046875,8.012820512820513e-05,0.022966746794871797
RF,1,0.75,1.0,crp_dataset_8_1_1.csv,crp_dataset_8_1_5.csv,0.8133333333333334,0.9999999999824563,0.5699999999943,57,0,43,156,0.039282226562499994,0.0010964912280701754,0.038185735334429816
RF,1,0.75,1.0,crp_dataset_8_1_1.csv,crp_dataset_8_1_6.csv,0.8133333333333334,0.8749999999726563,0.19999999999857143,28,4,112,112,0.026928710937499996,0.0064453125000000005,0.020483398437499994
RF,1,0.75,1.0,crp_dataset_8_1_1.csv,crp_dataset_8_1_3.csv,0.8133333333333334,0.9999999999756098,0.2369942196518093,41,0,132,83,0.0196044921875,0.0004573170731707318,0.019147175114329267
RF,2,0.75,1.0,crp_dataset_8_1_8.csv|crp_dataset_8_1_2.csv,crp_dataset_8_1_7.csv,0.6716666666666666,0.9999999999954546,0.9999999999954546,220,0,0,36,0.0095703125,0.00034090909090909094,0.00922940340909091
RF,2,0.75,1.0,crp_dataset_8_1_8.csv|crp_dataset_8_1_2.csv,crp_dataset_8_1_4.csv,0.6716666666666666,0.9609374999924928,0.9389312977027563,123,5,8,120,0.023046875,0.0011718750000000002,0.021875000000000002
RF,2,0.75,1.0,crp_dataset_8_1_8.csv|crp_dataset_8_1_2.csv,crp_dataset_8_1_5.csv,0.6716666666666666,0.9999999999870129,0.7699999999923,77,0,23,156,0.039282226562499994,0.0013798701298701301,0.03790235643262987
RF,2,0.75,1.0,crp_dataset_8_1_8.csv|crp_dataset_8_1_2.csv,crp_dataset_8_1_6.csv,0.6716666666666666,0.8188405797042113,0.8071428571370919,113,25,27,91,0.026928710937499996,0.009465579710144927,0.01746313122735507
RF,2,0.75,1.0,crp_dataset_8_1_8.csv|crp_dataset_8_1_2.csv,crp_dataset_8_1_3.csv,0.6716666666666666,0.9683544303736181,0.884393063578703,153,5,20,78,0.0196044921875,0.001384493670886076,0.018219998516613923
RF,2,0.75,1.0,crp_dataset_8_1_8.csv|crp_dataset_8_1_2.csv,crp_dataset_8_1_1.csv,0.6716666666666666,0.9901960784216647,0.8015873015809397,101,1,25,129,0.0252685546875,0.00036764705882352946,0.024900907628676472
RF,2,0.75,1.0,crp_dataset_8_1_8.csv|crp_dataset_8_1_7.csv,crp_dataset_8_1_2.csv,0.6366666666666667,0.9534883720819362,0.6890756302463102,82,4,37,133,0.039453125,0.007848837209302326,0.03160428779069767
RF,2,0.75,1.0,crp_dataset_8_1_8.csv|crp_dataset_8_1_7.csv,crp_dataset_8_1_4.csv,0.6366666666666667,0.999999999990909,0.8396946564821398,110,0,21,125,0.023046875,0.0002840909090909091,0.022762784090909094
RF,2,0.75,1.0,crp_dataset_8_1_8.csv|crp_dataset_8_1_7.csv,crp_dataset_8_1_5.csv,0.6366666666666667,0.9873417721394007,0.7799999999921999,78,1,22,155,0.039282226562499994,0.0018196202531645571,0.037462606309335435
RF,2,0.75,1.0,crp_dataset_8_1_8.csv|crp_dataset_8_1_7.csv,crp_dataset_8_1_6.csv,0.6366666666666667,0.9999999999868421,0.5428571428532654,76,0,64,116,0.026928710937499996,8.223684210526316e-05,0.026846474095394732
RF,2,0.75,1.0,crp_dataset_8_1_8.csv|crp_dataset_8_1_7.csv,crp_dataset_8_1_3.csv,0.6366666666666667,0.9824561403422591,0.6473988439268937,112,2,61,81,0.0196044921875,0.0002192982456140351,0.019385193941885964
RF,2,0.75,1.0,crp_dataset_8_1_8.csv|crp_dataset_8_1_7.csv,crp_dataset_8_1_1.csv,0.6366666666666667,0.9999999999836067,0.4841269841231418,61,0,65,130,0.0252685546875,0.00010245901639344262,0.02516609567110656
RF,2,0.75,1.0,crp_dataset_8_1_8.csv|crp_dataset_8_1_4.csv,crp_dataset_8_1_2.csv,0.7933333333333333,0.9999999999878049,0.6890756302463102,82,0,37,137,0.039453125,0.0013719512195121953,0.0380811737804878
RF,2,0.75,1.0,crp_dataset_8_1_8.csv|crp_dataset_8_1_4.csv,crp_dataset_8_1_7.csv,0.7933333333333333,0.9999999999954546,0.9999999999954546,220,0,0,36,0.0095703125,0.00034090909090909094,0.00922940340909091
RF,2,0.75,1.0,crp_dataset_8_1_8.csv|crp_dataset_8_1_4.csv,crp_dataset_8_1_5.csv,0.7933333333333333,0.9999999999870129,0.7699999999923,77,0,23,156,0.039282226562499994,0.0013798701298701301,0.03790235643262987
RF,2,0.75,1.0,crp_dataset_8_1_8.csv|crp_dataset_8_1_4.csv,crp_dataset_8_1_6.csv,0.7933333333333333,0.9999999999879517,0.5928571428529082,83,0,57,116,0.026928710937499996,7.530120481927712e-05,0.02685340973268072
RF,2,0.75,1.0,crp_dataset_8_1_8.csv|crp_dataset_8_1_4.csv,crp_dataset_8_1_3.csv,0.7933333333333333,0.9999999999910714,0.6473988439268937,112,0,61,83,0.0196044921875,0.0,0.0196044921875
RF,2,0.75,1.0,crp_dataset_8_1_8.csv|crp_dataset_8_1_4.csv,crp_dataset_8_1_1.csv,0.7933333333333333,0.9999999999843749,0.5079365079324767,64,0,62,130,0.0252685546875,9.765625e-05,0.0251708984375
RF,2,0.75,1.0,crp_dataset_8_1_8.csv|crp_dataset_8_1_5.csv,crp_dataset_8_1_2.csv,0.6366666666666667,0.9814814814723937,0.890756302513523,106,2,13,135,0.039453125,0.0019097222222222224,0.037543402777777776
RF,2,0.75,1.0,crp_dataset_8_1_8.csv|crp_dataset_8_1_5.csv,crp_dataset_8_1_7.csv,0.6366666666666667,0.9999999999954546,0.9999999999954546,220,0,0,36,0.0095703125,0.00034090909090909094,0.00922940340909091
RF,2,0.75,1.0,crp_dataset_8_1_8.csv|crp_dataset_8_1_5.csv,crp_dataset_8_1_4.csv,0.6366666666666667,0.8775510204021936,0.9847328244199639,129,18,2,107,0.023046875,0.004336734693877551,0.01871014030612245
RF,2,0.75,1.0,crp_dataset_8_1_8.csv|crp_dataset_8_1_5.csv,crp_dataset_8_1_6.csv,0.6366666666666667,0.7599999999956571,0.9499999999932144,133,42,7,74,0.026928710937499996,0.012642857142857145,0.014285853794642851
RF,2,0.75,1.0,crp_dataset_8_1_8.csv|crp_dataset_8_1_5.csv,crp_dataset_8_1_3.csv,0.6366666666666667,0.8994708994661404,0.9826589595318922,170,19,3,64,0.0196044921875,0.0058862433862433864,0.013718248801256612
RF,2,0.75,1.0,crp_dataset_8_1_8.csv|crp_dataset_8_1_5.csv,crp_dataset_8_1_1.csv,0.6366666666666667,0.9669421487523393,0.9285714285640589,117,4,9,126,0.0252685546875,0.0016012396694214878,0.023667315018078512
RF,2,0.75,1.0,crp_dataset_8_1_8.csv|crp_dataset_8_1_6.csv,crp_dataset_8_1_2.csv,0.6516666666666666,0.9879518072170126,0.6890756302463102,82,1,37,136,0.039453125,0.004141566265060241,0.035311558734939755
RF,2,0.75,1.0,crp_dataset_8_1_8.csv|crp_dataset_8_1_6.csv,crp_dataset_8_1_7.csv,0.6516666666666666,0.9999999999954546,0.9999999999954546,220,0,0,36,0.0095703125,0.00034090909090909094,0.00922940340909091
RF,2,0.75,1.0,crp_dataset_8_1_8.csv|crp_dataset_8_1_6.csv,crp_dataset_8_1_4.csv,0.6516666666666666,0.9920634920556185,0.9541984732751588,125,1,6,124,0.023046875,0.00034722222222222224,0.02269965277777778
RF,2,0.75,1.0,crp_dataset_8_1_8.csv|crp_dataset_8_1_6.csv,crp_dataset_8_1_5.csv,0.6516666666666666,0.9999999999875,0.799999999992,80,0,20,156,0.039282226562499994,0.00140625,0.0378759765625
RF,2,0.75,1.0,crp_dataset_8_1_8.csv|crp_dataset_8_1_6.csv,crp_dataset_8_1_3.csv,0.6516666666666666,0.999999999992126,0.7341040462385312,127,0,46,83,0.0196044921875,0.0,0.0196044921875
RF,2,0.75,1.0,crp_dataset_8_1_8.csv|crp_dataset_8_1_6.csv,crp_dataset_8_1_1.csv,0.6516666666666666,0.9583333333200231,0.5476190476147014,69,3,57,127,0.0252685546875,0.0006076388888888889,0.02466091579861111
RF,2,0.75,1.0,crp_dataset_8_1_8.csv|crp_dataset_8_1_3.csv,crp_dataset_8_1_2.csv,0.7357575757575757,0.9999999999878049,0.6890756302463102,82,0,37,137,0.039453125,0.0013719512195121953,0.0380811737804878
RF,2,0.75,1.0,crp_dataset_8_1_8.csv|crp_dataset_8_1_3.csv,crp_dataset_8_1_7.csv,0.7357575757575757,0.9999999999954339,0.9954545454500207,219,0,1,36,0.0095703125,0.00031392694063926945,0.009256385559360732
RF,2,0.75,1.0,crp_dataset_8_1_8.csv|crp_dataset_8_1_3.csv,crp_dataset_8_1_4.csv,0.7357575757575757,0.999999999990909,0.8396946564821398,110,0,21,125,0.023046875,0.0002840909090909091,0.022762784090909094
RF,2,0.75,1.0,crp_dataset_8_1_8.csv|crp_dataset_8_1_3.csv,crp_dataset_8_1_5.csv,0.7357575757575757,0.9999999999870129,0.7699999999923,77,0,23,156,0.039282226562499994,0.0013798701298701301,0.03790235643262987
RF,2,0.75,1.0,crp_dataset_8_1_8.csv|crp_dataset_8_1_3.csv,crp_dataset_8_1_6.csv,0.7357575757575757,0.6818181818147383,0.9642857142788266,135,63,5,53,0.026928710937499996,0.01628787878787879,0.010640832149621207
RF,2,0.75,1.0,crp_dataset_8_1_8.csv|crp_dataset_8_1_3.csv,crp_dataset_8_1_1.csv,0.7357575757575757,0.9999999999875,0.6349206349155958,80,0,46,130,0.0252685546875,7.8125e-05,0.0251904296875
RF,2,0.75,1.0,crp_dataset_8_1_8.csv|crp_dataset_8_1_1.csv,crp_dataset_8_1_2.csv,0.6166666666666667,0.9999999999878049,0.6890756302463102,82,0,37,137,0.039453125,0.0013719512195121953,0.0380811737804878
RF,2,0.75,1.0,crp_dataset_8_1_8.csv|crp_dataset_8_1_1.csv,crp_dataset_8_1_7.csv,0.6166666666666667,0.9999999999954546,0.9999999999954546,220,0,0,36,0.0095703125,0.00034090909090909094,0.00922940340909091
RF,2,0.75,1.0,crp_dataset_8_1_8.csv|crp_dataset_8_1_1.csv,crp_dataset_8_1_4.csv,0.6166666666666667,0.9841269841191735,0.9465648854889576,124,2,7,123,0.023046875,0.0005456349206349206,0.02250124007936508
RF,2,0.75,1.0,crp_dataset_8_1_8.csv|crp_dataset_8_1_1.csv,crp_dataset_8_1_5.csv,0.6166666666666667,0.9999999999875,0.799999999992,80,0,20,156,0.039282226562499994,0.00140625,0.0378759765625
RF,2,0.75,1.0,crp_dataset_8_1_8.csv|crp_dataset_8_1_1.csv,crp_dataset_8_1_6.csv,0.6166666666666667,0.8051948051895768,0.8857142857079593,124,30,16,86,0.026928710937499996,0.011525974025974025,0.015402736911525971
RF,2,0.75,1.0,crp_dataset_8_1_8.csv|crp_dataset_8_1_1.csv,crp_dataset_8_1_3.csv,0.6166666666666667,0.9863013698562583,0.8323699421917204,144,2,29,81,0.0196044921875,0.00029965753424657536,0.019304834653253423
RF,2,0.75,1.0,crp_dataset_8_1_2.csv|crp_dataset_8_1_7.csv,crp_dataset_8_1_8.csv,0.6733333333333333,0.7735849056530794,0.5942028985464188,82,24,56,94,0.0283203125,0.008962264150943398,0.019358048349056602
RF,2,0.75,1.0,crp_dataset_8_1_2.csv|crp_dataset_8_1_7.csv,crp_dataset_8_1_4.csv,0.6733333333333333,0.932773109235859,0.8473282442683411,111,8,20,117,0.023046875,0.004359243697478992,0.01868763130252101
RF,2,0.75,1.0,crp_dataset_8_1_2.csv|crp_dataset_8_1_7.csv,crp_dataset_8_1_5.csv,0.6733333333333333,0.9999999999871795,0.7799999999921999,78,0,22,156,0.039282226562499994,0.0014423076923076924,0.0378399188701923
RF,2,0.75,1.0,crp_dataset_8_1_2.csv|crp_dataset_8_1_7.csv,crp_dataset_8_1_6.csv,0.6733333333333333,0.9999999999868421,0.5428571428532654,76,0,64,116,0.026928710937499996,8.223684210526316e-05,0.026846474095394732
RF,2,0.75,1.0,crp_dataset_8_1_2.csv|crp_dataset_8_1_7.csv,crp_dataset_8_1_3.csv,0.6733333333333333,0.9999999999910714,0.6473988439268937,112,0,61,83,0.0196044921875,0.0,0.0196044921875
RF,2,0.75,1.0,crp_dataset_8_1_2.csv|crp_dataset_8_1_7.csv,crp_dataset_8_1_1.csv,0.6733333333333333,0.6481481481421467,0.5555555555511463,70,38,56,92,0.0252685546875,0.013541666666666665,0.011726888020833335
RF,2,0.75,1.0,crp_dataset_8_1_2.csv|crp_dataset_8_1_4.csv,crp_dataset_8_1_8.csv,0.61,0.826530612236464,0.5869565217348772,81,17,57,101,0.0283203125,0.007716836734693878,0.02060347576530612
RF,2,0.75,1.0,crp_dataset_8_1_2.csv|crp_dataset_8_1_4.csv,crp_dataset_8_1_7.csv,0.61,0.9999999999954546,0.9999999999954546,220,0,0,36,0.0095703125,0.00034090909090909094,0.00922940340909091
RF,2,0.75,1.0,crp_dataset_8_1_2.csv|crp_dataset_8_1_4.csv,crp_dataset_8_1_5.csv,0.61,0.9999999999871795,0.7799999999921999,78,0,22,156,0.039282226562499994,0.0014423076923076924,0.0378399188701923
RF,2,0.75,1.0,crp_dataset_8_1_2.csv|crp_dataset_8_1_4.csv,crp_dataset_8_1_6.csv,0.61,0.9887640449327105,0.6285714285669388,88,1,52,115,0.026928710937499996,0.00035112359550561797,0.026577587341994377
RF,2,0.75,1.0,crp_dataset_8_1_2.csv|crp_dataset_8_1_4.csv,crp_dataset_8_1_3.csv,0.61,0.9999999999918032,0.705202312134652,122,0,51,83,0.0196044921875,5.122950819672131e-05,0.01955326267930328
RF,2,0.75,1.0,crp_dataset_8_1_2.csv|crp_dataset_8_1_4.csv,crp_dataset_8_1_1.csv,0.61,0.9565217391165721,0.5238095238053666,66,3,60,127,0.0252685546875,0.0014492753623188406,0.02381927932518116
RF,2,0.75,1.0,crp_dataset_8_1_2.csv|crp_dataset_8_1_5.csv,crp_dataset_8_1_8.csv,0.6366666666666667,0.7454545454477686,0.5942028985464188,82,28,56,90,0.0283203125,0.010681818181818183,0.01763849431818182
RF,2,0.75,1.0,crp_dataset_8_1_2.csv|crp_dataset_8_1_5.csv,crp_dataset_8_1_7.csv,0.6366666666666667,0.9999999999954546,0.9999999999954546,220,0,0,36,0.0095703125,0.00034090909090909094,0.00922940340909091
RF,2,0.75,1.0,crp_dataset_8_1_2.csv|crp_dataset_8_1_5.csv,crp_dataset_8_1_4.csv,0.6366666666666667,0.7262569832361662,0.9923664122061652,130,49,1,76,0.023046875,0.011731843575418994,0.011315031424581007
RF,2,0.75,1.0,crp_dataset_8_1_2.csv|crp_dataset_8_1_5.csv,crp_dataset_8_1_6.csv,0.6366666666666667,0.6858974358930392,0.7642857142802552,107,49,33,67,0.026928710937499996,0.01658653846153846,0.010342172475961534
RF,2,0.75,1.0,crp_dataset_8_1_2.csv|crp_dataset_8_1_5.csv,crp_dataset_8_1_3.csv,0.6366666666666667,0.818181818177443,0.884393063578703,153,34,20,49,0.0196044921875,0.00945855614973262,0.010145936037767379
RF,2,0.75,1.0,crp_dataset_8_1_2.csv|crp_dataset_8_1_5.csv,crp_dataset_8_1_1.csv,0.6366666666666667,0.6065573770442085,0.5873015872969262,74,48,52,82,0.0252685546875,0.014702868852459016,0.010565685835040984
RF,2,0.75,1.0,crp_dataset_8_1_2.csv|crp_dataset_8_1_6.csv,crp_dataset_8_1_8.csv,0.6266666666666667,0.8039215686195693,0.5942028985464188,82,20,56,98,0.0283203125,0.006985294117647058,0.02133501838235294
RF,2,0.75,1.0,crp_dataset_8_1_2.csv|crp_dataset_8_1_6.csv,crp_dataset_8_1_7.csv,0.6266666666666667,0.9999999999954546,0.9999999999954546,220,0,0,36,0.0095703125,0.00034090909090909094,0.00922940340909091
RF,2,0.75,1.0,crp_dataset_8_1_2.csv|crp_dataset_8_1_6.csv,crp_dataset_8_1_4.csv,0.6266666666666667,0.9136690647416283,0.9694656488475614,127,12,4,113,0.023046875,0.003237410071942446,0.019809464928057557
RF,2,0.75,1.0,crp_dataset_8_1_2.csv|crp_dataset_8_1_6.csv,crp_dataset_8_1_5.csv,0.6266666666666667,0.9999999999875,0.799999999992,80,0,20,156,0.039282226562499994,0.0015625,0.03771972656249999
RF,2,0.75,1.0,crp_dataset_8_1_2.csv|crp_dataset_8_1_6.csv,crp_dataset_8_1_3.csv,0.6266666666666667,0.999999999992,0.7225433525969795,125,0,48,83,0.0196044921875,0.0,0.0196044921875
RF,2,0.75,1.0,crp_dataset_8_1_2.csv|crp_dataset_8_1_6.csv,crp_dataset_8_1_1.csv,0.6266666666666667,0.7184466019347724,0.5873015872969262,74,29,52,101,0.0252685546875,0.010376213592233008,0.014892341095266992
RF,2,0.75,1.0,crp_dataset_8_1_2.csv|crp_dataset_8_1_3.csv,crp_dataset_8_1_8.csv,0.8033333333333333,0.9999999999836067,0.4420289855040433,61,0,77,118,0.0283203125,0.0029713114754098364,0.025349001024590163
RF,2,0.75,1.0,crp_dataset_8_1_2.csv|crp_dataset_8_1_3.csv,crp_dataset_8_1_7.csv,0.8033333333333333,0.9999999999953272,0.9727272727228513,214,0,6,36,0.0095703125,0.0001752336448598131,0.009395078855140187
RF,2,0.75,1.0,crp_dataset_8_1_2.csv|crp_dataset_8_1_3.csv,crp_dataset_8_1_4.csv,0.8033333333333333,0.999999999990909,0.8396946564821398,110,0,21,125,0.023046875,0.0002840909090909091,0.022762784090909094
RF,2,0.75,1.0,crp_dataset_8_1_2.csv|crp_dataset_8_1_3.csv,crp_dataset_8_1_5.csv,0.8033333333333333,0.9999999999870129,0.7699999999923,77,0,23,156,0.039282226562499994,0.0013798701298701301,0.03790235643262987
RF,2,0.75,1.0,crp_dataset_8_1_2.csv|crp_dataset_8_1_3.csv,crp_dataset_8_1_6.csv,0.8033333333333333,0.903508771921899,0.7357142857090306,103,11,37,105,0.026928710937499996,0.003399122807017544,0.023529588130482452
RF,2,0.75,1.0,crp_dataset_8_1_2.csv|crp_dataset_8_1_3.csv,crp_dataset_8_1_1.csv,0.8033333333333333,0.999999999984127,0.49999999999603173,63,0,63,130,0.0252685546875,9.92063492063492e-05,0.02516934833829365
RF,2,0.75,1.0,crp_dataset_8_1_2.csv|crp_dataset_8_1_1.csv,crp_dataset_8_1_8.csv,0.66,0.9999999999846153,0.47101449275021007,65,0,73,118,0.0283203125,0.0027884615384615383,0.02553185096153846
RF,2,0.75,1.0,crp_dataset_8_1_2.csv|crp_dataset_8_1_1.csv,crp_dataset_8_1_7.csv,0.66,0.9999999999954546,0.9999999999954546,220,0,0,36,0.0095703125,0.00034090909090909094,0.00922940340909091
RF,2,0.75,1.0,crp_dataset_8_1_2.csv|crp_dataset_8_1_1.csv,crp_dataset_8_1_4.csv,0.66,0.9916666666584028,0.9083969465579512,119,1,12,124,0.023046875,0.0004166666666666667,0.022630208333333336
RF,2,0.75,1.0,crp_dataset_8_1_2.csv|crp_dataset_8_1_1.csv,crp_dataset_8_1_5.csv,0.66,0.9999999999870129,0.7699999999923,77,0,23,156,0.039282226562499994,0.0013798701298701301,0.03790235643262987
RF,2,0.75,1.0,crp_dataset_8_1_2.csv|crp_dataset_8_1_1.csv,crp_dataset_8_1_6.csv,0.66,0.7093023255772716,0.871428571422347,122,50,18,66,0.026928710937499996,0.017986918604651164,0.008941792332848832
RF,2,0.75,1.0,crp_dataset_8_1_2.csv|crp_dataset_8_1_1.csv,crp_dataset_8_1_3.csv,0.66,0.9999999999935898,0.9017341040410305,156,0,17,83,0.0196044921875,0.00012019230769230771,0.019484299879807692
RF,2,0.75,1.0,crp_dataset_8_1_7.csv|crp_dataset_8_1_4.csv,crp_dataset_8_1_8.csv,0.82,0.9682539682385992,0.4420289855040433,61,2,77,116,0.0283203125,0.0032738095238095243,0.025046502976190474
RF,2,0.75,1.0,crp_dataset_8_1_7.csv|crp_dataset_8_1_4.csv,crp_dataset_8_1_2.csv,0.82,0.9425287356213502,0.6890756302463102,82,5,37,132,0.039453125,0.0020114942528735636,0.037441630747126434
RF,2,0.75,1.0,crp_dataset_8_1_7.csv|crp_dataset_8_1_4.csv,crp_dataset_8_1_5.csv,0.82,0.9999999999870129,0.7699999999923,77,0,23,156,0.039282226562499994,0.0013798701298701301,0.03790235643262987
RF,2,0.75,1.0,crp_dataset_8_1_7.csv|crp_dataset_8_1_4.csv,crp_dataset_8_1_6.csv,0.82,0.9999999999868421,0.5428571428532654,76,0,64,116,0.026928710937499996,8.223684210526316e-05,0.026846474095394732
RF,2,0.75,1.0,crp_dataset_8_1_7.csv|crp_dataset_8_1_4.csv,crp_dataset_8_1_3.csv,0.82,0.9824561403422591,0.6473988439268937,112,2,61,81,0.0196044921875,0.0002192982456140351,0.019385193941885964
RF,2,0.75,1.0,crp_dataset_8_1_7.csv|crp_dataset_8_1_4.csv,crp_dataset_8_1_1.csv,0.82,0.9999999999833334,0.4761904761866969,60,0,66,130,0.0252685546875,0.00010416666666666667,0.025164388020833334
RF,2,0.75,1.0,crp_dataset_8_1_7.csv|crp_dataset_8_1_5.csv,crp_dataset_8_1_8.csv,0.88,0.9682539682385992,0.4420289855040433,61,2,77,116,0.0283203125,0.0032738095238095243,0.025046502976190474
RF,2,0.75,1.0,crp_dataset_8_1_7.csv|crp_dataset_8_1_5.csv,crp_dataset_8_1_2.csv,0.88,0.9534883720819362,0.6890756302463102,82,4,37,133,0.039453125,0.0018895348837209306,0.03756359011627907
RF,2,0.75,1.0,crp_dataset_8_1_7.csv|crp_dataset_8_1_5.csv,crp_dataset_8_1_4.csv,0.88,0.999999999990909,0.8396946564821398,110,0,21,125,0.023046875,0.0002840909090909091,0.022762784090909094
RF,2,0.75,1.0,crp_dataset_8_1_7.csv|crp_dataset_8_1_5.csv,crp_dataset_8_1_6.csv,0.88,0.9999999999868421,0.5428571428532654,76,0,64,116,0.026928710937499996,8.223684210526316e-05,0.026846474095394732
RF,2,0.75,1.0,crp_dataset_8_1_7.csv|crp_dataset_8_1_5.csv,crp_dataset_8_1_3.csv,0.88,0.9824561403422591,0.6473988439268937,112,2,61,81,0.0196044921875,0.0002192982456140351,0.019385193941885964
RF,2,0.75,1.0,crp_dataset_8_1_7.csv|crp_dataset_8_1_5.csv,crp_dataset_8_1_1.csv,0.88,0.9999999999833334,0.4761904761866969,60,0,66,130,0.0252685546875,0.00010416666666666667,0.025164388020833334
RF,2,0.75,1.0,crp_dataset_8_1_7.csv|crp_dataset_8_1_6.csv,crp_dataset_8_1_8.csv,0.6366666666666667,0.9682539682385992,0.4420289855040433,61,2,77,116,0.0283203125,0.0032738095238095243,0.025046502976190474
RF,2,0.75,1.0,crp_dataset_8_1_7.csv|crp_dataset_8_1_6.csv,crp_dataset_8_1_2.csv,0.6366666666666667,0.9425287356213502,0.6890756302463102,82,5,37,132,0.039453125,0.0020114942528735636,0.037441630747126434
RF,2,0.75,1.0,crp_dataset_8_1_7.csv|crp_dataset_8_1_6.csv,crp_dataset_8_1_4.csv,0.6366666666666667,0.9909909909820631,0.8396946564821398,110,1,21,124,0.023046875,0.0003941441441441442,0.022652730855855858
RF,2,0.75,1.0,crp_dataset_8_1_7.csv|crp_dataset_8_1_6.csv,crp_dataset_8_1_5.csv,0.6366666666666667,0.9999999999870129,0.7699999999923,77,0,23,156,0.039282226562499994,0.0013798701298701301,0.03790235643262987
RF,2,0.75,1.0,crp_dataset_8_1_7.csv|crp_dataset_8_1_6.csv,crp_dataset_8_1_3.csv,0.6366666666666667,0.9827586206811831,0.6589595375684454,114,2,59,81,0.0196044921875,0.00021551724137931037,0.01938897494612069
RF,2,0.75,1.0,crp_dataset_8_1_7.csv|crp_dataset_8_1_6.csv,crp_dataset_8_1_1.csv,0.6366666666666667,0.9999999999833334,0.4761904761866969,60,0,66,130,0.0252685546875,0.00010416666666666667,0.025164388020833334
RF,2,0.75,1.0,crp_dataset_8_1_7.csv|crp_dataset_8_1_3.csv,crp_dataset_8_1_8.csv,0.6266666666666667,0.9999999999846153,0.47101449275021007,65,0,73,118,0.0283203125,0.0027884615384615383,0.02553185096153846
RF,2,0.75,1.0,crp_dataset_8_1_7.csv|crp_dataset_8_1_3.csv,crp_dataset_8_1_2.csv,0.6266666666666667,0.9999999999878049,0.6890756302463102,82,0,37,137,0.039453125,0.0013719512195121953,0.0380811737804878
RF,2,0.75,1.0,crp_dataset_8_1_7.csv|crp_dataset_8_1_3.csv,crp_dataset_8_1_4.csv,0.6266666666666667,0.999999999990909,0.8396946564821398,110,0,21,125,0.023046875,0.0002840909090909091,0.022762784090909094
RF,2,0.75,1.0,crp_dataset_8_1_7.csv|crp_dataset_8_1_3.csv,crp_dataset_8_1_5.csv,0.6266666666666667,0.9999999999870129,0.7699999999923,77,0,23,156,0.039282226562499994,0.0013798701298701301,0.03790235643262987
RF,2,0.75,1.0,crp_dataset_8_1_7.csv|crp_dataset_8_1_3.csv,crp_dataset_8_1_6.csv,0.6266666666666667,0.6113537117877234,0.9999999999928573,140,89,0,27,0.026928710937499996,0.02210698689956332,0.0048217240379366776
RF,2,0.75,1.0,crp_dataset_8_1_7.csv|crp_dataset_8_1_3.csv,crp_dataset_8_1_1.csv,0.6266666666666667,0.9999999999871795,0.619047619042706,78,0,48,130,0.0252685546875,0.00024038461538461543,0.025028170072115385
RF,2,0.75,1.0,crp_dataset_8_1_7.csv|crp_dataset_8_1_1.csv,crp_dataset_8_1_8.csv,0.6866666666666666,0.9770114942416435,0.615942028981044,85,2,53,116,0.0283203125,0.002370689655172414,0.025949622844827585
RF,2,0.75,1.0,crp_dataset_8_1_7.csv|crp_dataset_8_1_1.csv,crp_dataset_8_1_2.csv,0.6866666666666666,0.9425287356213502,0.6890756302463102,82,5,37,132,0.039453125,0.0020114942528735636,0.037441630747126434
RF,2,0.75,1.0,crp_dataset_8_1_7.csv|crp_dataset_8_1_1.csv,crp_dataset_8_1_4.csv,0.6866666666666666,0.999999999990909,0.8396946564821398,110,0,21,125,0.023046875,0.0002840909090909091,0.022762784090909094
RF,2,0.75,1.0,crp_dataset_8_1_7.csv|crp_dataset_8_1_1.csv,crp_dataset_8_1_5.csv,0.6866666666666666,0.9999999999870129,0.7699999999923,77,0,23,156,0.039282226562499994,0.0013798701298701301,0.03790235643262987
RF,2,0.75,1.0,crp_dataset_8_1_7.csv|crp_dataset_8_1_1.csv,crp_dataset_8_1_6.csv,0.6866666666666666,0.9904761904667574,0.7428571428518368,104,1,36,115,0.026928710937499996,0.00041666666666666664,0.02651204427083333
RF,2,0.75,1.0,crp_dataset_8_1_7.csv|crp_dataset_8_1_1.csv,crp_dataset_8_1_3.csv,0.6866666666666666,0.9837398373903761,0.6994219653138762,121,2,52,81,0.0196044921875,0.00035569105691056913,0.01924880113058943
RF,2,0.75,1.0,crp_dataset_8_1_4.csv|crp_dataset_8_1_5.csv,crp_dataset_8_1_8.csv,0.6236363636363637,0.9736842105135041,0.5362318840540853,74,2,64,116,0.0283203125,0.003125,0.0251953125
RF,2,0.75,1.0,crp_dataset_8_1_4.csv|crp_dataset_8_1_5.csv,crp_dataset_8_1_2.csv,0.6236363636363637,0.9479166666567925,0.764705882346515,91,5,28,132,0.039453125,0.002018229166666667,0.03743489583333333
RF,2,0.75,1.0,crp_dataset_8_1_4.csv|crp_dataset_8_1_5.csv,crp_dataset_8_1_7.csv,0.6236363636363637,0.9999999999954546,0.9999999999954546,220,0,0,36,0.0095703125,0.00034090909090909094,0.00922940340909091
RF,2,0.75,1.0,crp_dataset_8_1_4.csv|crp_dataset_8_1_5.csv,crp_dataset_8_1_6.csv,0.6236363636363637,0.9999999999879517,0.5928571428529082,83,0,57,116,0.026928710937499996,7.530120481927712e-05,0.02685340973268072
RF,2,0.75,1.0,crp_dataset_8_1_4.csv|crp_dataset_8_1_5.csv,crp_dataset_8_1_3.csv,0.6236363636363637,0.982905982897582,0.6647398843892212,115,2,58,81,0.0196044921875,0.00021367521367521368,0.019390816973824786
RF,2,0.75,1.0,crp_dataset_8_1_4.csv|crp_dataset_8_1_5.csv,crp_dataset_8_1_1.csv,0.6236363636363637,0.9999999999843749,0.5079365079324767,64,0,62,130,0.0252685546875,9.765625e-05,0.0251708984375
RF,2,0.75,1.0,crp_dataset_8_1_4.csv|crp_dataset_8_1_6.csv,crp_dataset_8_1_8.csv,0.7266666666666667,0.951807228904195,0.5724637681117938,79,4,59,114,0.0283203125,0.003237951807228915,0.025082360692771085
RF,2,0.75,1.0,crp_dataset_8_1_4.csv|crp_dataset_8_1_6.csv,crp_dataset_8_1_2.csv,0.7266666666666667,0.9425287356213502,0.6890756302463102,82,5,37,132,0.039453125,0.0020114942528735636,0.037441630747126434
RF,2,0.75,1.0,crp_dataset_8_1_4.csv|crp_dataset_8_1_6.csv,crp_dataset_8_1_7.csv,0.7266666666666667,0.9999999999954546,0.9999999999954546,220,0,0,36,0.0095703125,0.00034090909090909094,0.00922940340909091
RF,2,0.75,1.0,crp_dataset_8_1_4.csv|crp_dataset_8_1_6.csv,crp_dataset_8_1_5.csv,0.7266666666666667,0.987654320975461,0.799999999992,80,1,20,155,0.039282226562499994,0.0015432098765432098,0.037739016685956785
RF,2,0.75,1.0,crp_dataset_8_1_4.csv|crp_dataset_8_1_6.csv,crp_dataset_8_1_3.csv,0.7266666666666667,0.9841269841191735,0.7167630057762038,124,2,49,81,0.0196044921875,0.0001984126984126984,0.0194060794890873
RF,2,0.75,1.0,crp_dataset_8_1_4.csv|crp_dataset_8_1_6.csv,crp_dataset_8_1_1.csv,0.7266666666666667,0.9855072463625288,0.5396825396782565,68,1,58,129,0.0252685546875,0.00027173913043478267,0.02499681555706522
RF,2,0.75,1.0,crp_dataset_8_1_4.csv|crp_dataset_8_1_3.csv,crp_dataset_8_1_8.csv,0.7033333333333334,0.9838709677260666,0.4420289855040433,61,1,77,117,0.0283203125,0.0031250000000000006,0.0251953125
RF,2,0.75,1.0,crp_dataset_8_1_4.csv|crp_dataset_8_1_3.csv,crp_dataset_8_1_2.csv,0.7033333333333334,0.9647058823415916,0.6890756302463102,82,3,37,134,0.039453125,0.0017647058823529415,0.03768841911764706
RF,2,0.75,1.0,crp_dataset_8_1_4.csv|crp_dataset_8_1_3.csv,crp_dataset_8_1_7.csv,0.7033333333333334,0.9999999999954129,0.9909090909045868,218,0,2,36,0.0095703125,0.00028669724770642203,0.009283615252293579
RF,2,0.75,1.0,crp_dataset_8_1_4.csv|crp_dataset_8_1_3.csv,crp_dataset_8_1_5.csv,0.7033333333333334,0.9999999999870129,0.7699999999923,77,0,23,156,0.039282226562499994,0.0013798701298701301,0.03790235643262987
RF,2,0.75,1.0,crp_dataset_8_1_4.csv|crp_dataset_8_1_3.csv,crp_dataset_8_1_6.csv,0.7033333333333334,0.6481481481451475,0.9999999999928573,140,76,0,40,0.026928710937499996,0.018836805555555558,0.008091905381944438
RF,2,0.75,1.0,crp_dataset_8_1_4.csv|crp_dataset_8_1_3.csv,crp_dataset_8_1_1.csv,0.7033333333333334,0.9999999999836067,0.4841269841231418,61,0,65,130,0.0252685546875,0.00010245901639344262,0.02516609567110656
RF,2,0.75,1.0,crp_dataset_8_1_4.csv|crp_dataset_8_1_1.csv,crp_dataset_8_1_8.csv,0.8466666666666667,0.9868421052501731,0.543478260865627,75,1,63,117,0.0283203125,0.0025493421052631584,0.02577097039473684
RF,2,0.75,1.0,crp_dataset_8_1_4.csv|crp_dataset_8_1_1.csv,crp_dataset_8_1_2.csv,0.8466666666666667,0.9999999999878049,0.6890756302463102,82,0,37,137,0.039453125,0.0013719512195121953,0.0380811737804878
RF,2,0.75,1.0,crp_dataset_8_1_4.csv|crp_dataset_8_1_1.csv,crp_dataset_8_1_7.csv,0.8466666666666667,0.9999999999954546,0.9999999999954546,220,0,0,36,0.0095703125,0.00034090909090909094,0.00922940340909091
RF,2,0.75,1.0,crp_dataset_8_1_4.csv|crp_dataset_8_1_1.csv,crp_dataset_8_1_5.csv,0.8466666666666667,0.9999999999870129,0.7699999999923,77,0,23,156,0.039282226562499994,0.0013798701298701301,0.03790235643262987
RF,2,0.75,1.0,crp_dataset_8_1_4.csv|crp_dataset_8_1_1.csv,crp_dataset_8_1_6.csv,0.8466666666666667,0.9814814814723937,0.757142857137449,106,2,34,114,0.026928710937499996,0.0009837962962962964,0.0259449146412037
RF,2,0.75,1.0,crp_dataset_8_1_4.csv|crp_dataset_8_1_1.csv,crp_dataset_8_1_3.csv,0.8466666666666667,0.9999999999918032,0.705202312134652,122,0,51,83,0.0196044921875,0.00015368852459016395,0.019450803662909834
RF,2,0.75,1.0,crp_dataset_8_1_5.csv|crp_dataset_8_1_6.csv,crp_dataset_8_1_8.csv,0.6466666666666666,0.929411764694948,0.5724637681117938,79,6,59,112,0.0283203125,0.0035294117647058816,0.02479090073529412
RF,2,0.75,1.0,crp_dataset_8_1_5.csv|crp_dataset_8_1_6.csv,crp_dataset_8_1_2.csv,0.6466666666666666,0.9593495934881353,0.9915966386471294,118,5,1,132,0.039453125,0.0019308943089430895,0.03752223069105691
RF,2,0.75,1.0,crp_dataset_8_1_5.csv|crp_dataset_8_1_6.csv,crp_dataset_8_1_7.csv,0.6466666666666666,0.9999999999954546,0.9999999999954546,220,0,0,36,0.0095703125,0.00034090909090909094,0.00922940340909091
RF,2,0.75,1.0,crp_dataset_8_1_5.csv|crp_dataset_8_1_6.csv,crp_dataset_8_1_4.csv,0.6466666666666666,0.9920634920556185,0.9541984732751588,125,1,6,124,0.023046875,0.00034722222222222224,0.02269965277777778
RF,2,0.75,1.0,crp_dataset_8_1_5.csv|crp_dataset_8_1_6.csv,crp_dataset_8_1_3.csv,0.6466666666666666,0.984251968496187,0.7225433525969795,125,2,48,81,0.0196044921875,0.00019685039370078743,0.01940764179379921
RF,2,0.75,1.0,crp_dataset_8_1_5.csv|crp_dataset_8_1_6.csv,crp_dataset_8_1_1.csv,0.6466666666666666,0.9710144927395504,0.5317460317418116,67,2,59,128,0.0252685546875,0.0004528985507246377,0.024815656136775364
RF,2,0.75,1.0,crp_dataset_8_1_5.csv|crp_dataset_8_1_3.csv,crp_dataset_8_1_8.csv,0.7565277777777778,0.999999999983871,0.449275362315585,62,0,76,118,0.0283203125,0.002923387096774194,0.025396925403225808
RF,2,0.75,1.0,crp_dataset_8_1_5.csv|crp_dataset_8_1_3.csv,crp_dataset_8_1_2.csv,0.7565277777777778,0.9999999999913043,0.9663865546137278,115,0,4,137,0.039453125,0.0014130434782608696,0.03804008152173913
RF,2,0.75,1.0,crp_dataset_8_1_5.csv|crp_dataset_8_1_3.csv,crp_dataset_8_1_7.csv,0.7565277777777778,0.9999999999953704,0.981818181813719,216,0,4,36,0.0095703125,0.0002314814814814815,0.009338831018518519
RF,2,0.75,1.0,crp_dataset_8_1_5.csv|crp_dataset_8_1_3.csv,crp_dataset_8_1_4.csv,0.7565277777777778,0.999999999990909,0.8396946564821398,110,0,21,125,0.023046875,0.0002840909090909091,0.022762784090909094
RF,2,0.75,1.0,crp_dataset_8_1_5.csv|crp_dataset_8_1_3.csv,crp_dataset_8_1_6.csv,0.7565277777777778,0.7999999999951516,0.9428571428504082,132,33,8,83,0.026928710937499996,0.009356060606060607,0.01757265033143939
RF,2,0.75,1.0,crp_dataset_8_1_5.csv|crp_dataset_8_1_3.csv,crp_dataset_8_1_1.csv,0.7565277777777778,0.9999999999846153,0.5158730158689216,65,0,61,130,0.0252685546875,9.615384615384615e-05,0.025172400841346153
RF,2,0.75,1.0,crp_dataset_8_1_5.csv|crp_dataset_8_1_1.csv,crp_dataset_8_1_8.csv,0.6033333333333334,0.9009009008927846,0.7246376811541694,100,11,38,107,0.0283203125,0.003772522522522522,0.024547789977477478
RF,2,0.75,1.0,crp_dataset_8_1_5.csv|crp_dataset_8_1_1.csv,crp_dataset_8_1_2.csv,0.6033333333333334,0.9532710280284741,0.8571428571356542,102,5,17,132,0.039453125,0.0020443925233644858,0.037408732476635516
RF,2,0.75,1.0,crp_dataset_8_1_5.csv|crp_dataset_8_1_1.csv,crp_dataset_8_1_7.csv,0.6033333333333334,0.9999999999954546,0.9999999999954546,220,0,0,36,0.0095703125,0.00034090909090909094,0.00922940340909091
RF,2,0.75,1.0,crp_dataset_8_1_5.csv|crp_dataset_8_1_1.csv,crp_dataset_8_1_4.csv,0.6033333333333334,0.983999999992128,0.9389312977027563,123,2,8,123,0.023046875,0.0005,0.022546875
RF,2,0.75,1.0,crp_dataset_8_1_5.csv|crp_dataset_8_1_1.csv,crp_dataset_8_1_6.csv,0.6033333333333334,0.6633165829112396,0.9428571428504082,132,67,8,49,0.026928710937499996,0.021513819095477386,0.005414891842022609
RF,2,0.75,1.0,crp_dataset_8_1_5.csv|crp_dataset_8_1_1.csv,crp_dataset_8_1_3.csv,0.6033333333333334,0.9824561403451318,0.9710982658903405,168,3,5,80,0.0196044921875,0.0005116959064327485,0.01909279628106725
RF,2,0.75,1.0,crp_dataset_8_1_6.csv|crp_dataset_8_1_3.csv,crp_dataset_8_1_8.csv,0.7091666666666666,0.9753086419632677,0.5724637681117938,79,2,59,116,0.0283203125,0.0030092592592592597,0.02531105324074074
RF,2,0.75,1.0,crp_dataset_8_1_6.csv|crp_dataset_8_1_3.csv,crp_dataset_8_1_2.csv,0.7091666666666666,0.9425287356213502,0.6890756302463102,82,5,37,132,0.039453125,0.0020114942528735636,0.037441630747126434
RF,2,0.75,1.0,crp_dataset_8_1_6.csv|crp_dataset_8_1_3.csv,crp_dataset_8_1_7.csv,0.7091666666666666,0.9999999999954546,0.9999999999954546,220,0,0,36,0.0095703125,0.00034090909090909094,0.00922940340909091
RF,2,0.75,1.0,crp_dataset_8_1_6.csv|crp_dataset_8_1_3.csv,crp_dataset_8_1_4.csv,0.7091666666666666,0.9999999999915254,0.90076335877175,118,0,13,125,0.023046875,0.00026483050847457627,0.022782044491525426
RF,2,0.75,1.0,crp_dataset_8_1_6.csv|crp_dataset_8_1_3.csv,crp_dataset_8_1_5.csv,0.7091666666666666,0.9999999999875,0.799999999992,80,0,20,156,0.039282226562499994,0.00140625,0.0378759765625
RF,2,0.75,1.0,crp_dataset_8_1_6.csv|crp_dataset_8_1_3.csv,crp_dataset_8_1_1.csv,0.7091666666666666,0.9999999999850746,0.5317460317418116,67,0,59,130,0.0252685546875,9.328358208955224e-05,0.025175271105410447
RF,2,0.75,1.0,crp_dataset_8_1_6.csv|crp_dataset_8_1_1.csv,crp_dataset_8_1_8.csv,0.8266666666666667,0.9749999999878125,0.5652173913002521,78,2,60,116,0.0283203125,0.002578125,0.0257421875
RF,2,0.75,1.0,crp_dataset_8_1_6.csv|crp_dataset_8_1_1.csv,crp_dataset_8_1_2.csv,0.8266666666666667,0.9999999999878049,0.6890756302463102,82,0,37,137,0.039453125,0.0013719512195121953,0.0380811737804878
RF,2,0.75,1.0,crp_dataset_8_1_6.csv|crp_dataset_8_1_1.csv,crp_dataset_8_1_7.csv,0.8266666666666667,0.9999999999954546,0.9999999999954546,220,0,0,36,0.0095703125,0.00034090909090909094,0.00922940340909091
RF,2,0.75,1.0,crp_dataset_8_1_6.csv|crp_dataset_8_1_1.csv,crp_dataset_8_1_4.csv,0.8266666666666667,0.999999999991228,0.8702290076269449,114,0,17,125,0.023046875,0.00027412280701754384,0.022772752192982457
RF,2,0.75,1.0,crp_dataset_8_1_6.csv|crp_dataset_8_1_1.csv,crp_dataset_8_1_5.csv,0.8266666666666667,0.9999999999870129,0.7699999999923,77,0,23,156,0.039282226562499994,0.0013798701298701301,0.03790235643262987
RF,2,0.75,1.0,crp_dataset_8_1_6.csv|crp_dataset_8_1_1.csv,crp_dataset_8_1_3.csv,0.8266666666666667,0.9855072463696704,0.7861271676255137,136,2,37,81,0.0196044921875,0.00027173913043478267,0.01933275305706522
RF,2,0.75,1.0,crp_dataset_8_1_3.csv|crp_dataset_8_1_1.csv,crp_dataset_8_1_8.csv,0.77,0.9999999999843749,0.4637681159386684,64,0,74,118,0.0283203125,0.00126953125,0.02705078125
RF,2,0.75,1.0,crp_dataset_8_1_3.csv|crp_dataset_8_1_1.csv,crp_dataset_8_1_2.csv,0.77,0.9999999999846153,0.5462184873903679,65,0,54,137,0.039453125,9.615384615384615e-05,0.039356971153846156
RF,2,0.75,1.0,crp_dataset_8_1_3.csv|crp_dataset_8_1_1.csv,crp_dataset_8_1_7.csv,0.77,0.9999999999951924,0.945454545450248,208,0,12,36,0.0095703125,0.0,0.0095703125
RF,2,0.75,1.0,crp_dataset_8_1_3.csv|crp_dataset_8_1_1.csv,crp_dataset_8_1_4.csv,0.77,0.999999999990566,0.8091603053373347,106,0,25,125,0.023046875,0.0,0.023046875
RF,2,0.75,1.0,crp_dataset_8_1_3.csv|crp_dataset_8_1_1.csv,crp_dataset_8_1_5.csv,0.77,0.9999999999833334,0.599999999994,60,0,40,156,0.039282226562499994,0.0,0.039282226562499994
RF,2,0.75,1.0,crp_dataset_8_1_3.csv|crp_dataset_8_1_1.csv,crp_dataset_8_1_6.csv,0.77,0.7127659574430173,0.9571428571360204,134,54,6,62,0.026928710937499996,0.01346409574468085,0.013464615192819145
RF,3,0.75,1.0,crp_dataset_8_1_8.csv|crp_dataset_8_1_2.csv|crp_dataset_8_1_7.csv,crp_dataset_8_1_4.csv,0.6316197478991596,0.999999999990909,0.8396946564821398,110,0,21,125,0.023046875,0.0002840909090909091,0.022762784090909094
RF,3,0.75,1.0,crp_dataset_8_1_8.csv|crp_dataset_8_1_2.csv|crp_dataset_8_1_7.csv,crp_dataset_8_1_5.csv,0.6316197478991596,0.9999999999878049,0.8199999999918,82,0,18,156,0.039282226562499994,0.001600609756097561,0.03768161680640243
RF,3,0.75,1.0,crp_dataset_8_1_8.csv|crp_dataset_8_1_2.csv|crp_dataset_8_1_7.csv,crp_dataset_8_1_6.csv,0.6316197478991596,0.9999999999868421,0.5428571428532654,76,0,64,116,0.026928710937499996,8.223684210526316e-05,0.026846474095394732
RF,3,0.75,1.0,crp_dataset_8_1_8.csv|crp_dataset_8_1_2.csv|crp_dataset_8_1_7.csv,crp_dataset_8_1_3.csv,0.6316197478991596,0.9999999999910714,0.6473988439268937,112,0,61,83,0.0196044921875,0.0,0.0196044921875
RF,3,0.75,1.0,crp_dataset_8_1_8.csv|crp_dataset_8_1_2.csv|crp_dataset_8_1_7.csv,crp_dataset_8_1_1.csv,0.6316197478991596,0.9999999999871795,0.619047619042706,78,0,48,130,0.0252685546875,8.012820512820513e-05,0.025188426482371795
RF,3,0.75,1.0,crp_dataset_8_1_8.csv|crp_dataset_8_1_2.csv|crp_dataset_8_1_4.csv,crp_dataset_8_1_7.csv,0.6783851756334026,0.9999999999954546,0.9999999999954546,220,0,0,36,0.0095703125,0.00034090909090909094,0.00922940340909091
RF,3,0.75,1.0,crp_dataset_8_1_8.csv|crp_dataset_8_1_2.csv|crp_dataset_8_1_4.csv,crp_dataset_8_1_5.csv,0.6783851756334026,0.9999999999880952,0.8399999999916,84,0,16,156,0.039282226562499994,0.001636904761904762,0.03764532180059523
RF,3,0.75,1.0,crp_dataset_8_1_8.csv|crp_dataset_8_1_2.csv|crp_dataset_8_1_4.csv,crp_dataset_8_1_6.csv,0.6783851756334026,0.9999999999886363,0.6285714285669388,88,0,52,116,0.026928710937499996,0.00021306818181818186,0.026715642755681814
RF,3,0.75,1.0,crp_dataset_8_1_8.csv|crp_dataset_8_1_2.csv|crp_dataset_8_1_4.csv,crp_dataset_8_1_3.csv,0.6783851756334026,0.9999999999913043,0.6647398843892212,115,0,58,83,0.0196044921875,0.0,0.0196044921875
RF,3,0.75,1.0,crp_dataset_8_1_8.csv|crp_dataset_8_1_2.csv|crp_dataset_8_1_4.csv,crp_dataset_8_1_1.csv,0.6783851756334026,0.9864864864731555,0.5793650793604812,73,1,53,129,0.0252685546875,0.0002533783783783784,0.02501517630912162
RF,3,0.75,1.0,crp_dataset_8_1_8.csv|crp_dataset_8_1_2.csv|crp_dataset_8_1_5.csv,crp_dataset_8_1_7.csv,0.6610163638104813,0.9999999999954546,0.9999999999954546,220,0,0,36,0.0095703125,0.00034090909090909094,0.00922940340909091
RF,3,0.75,1.0,crp_dataset_8_1_8.csv|crp_dataset_8_1_2.csv|crp_dataset_8_1_5.csv,crp_dataset_8_1_4.csv,0.6610163638104813,0.9037037036970097,0.931297709916555,122,13,9,112,0.023046875,0.003287037037037037,0.019759837962962965
RF,3,0.75,1.0,crp_dataset_8_1_8.csv|crp_dataset_8_1_2.csv|crp_dataset_8_1_5.csv,crp_dataset_8_1_6.csv,0.6610163638104813,0.89830508473815,0.757142857137449,106,12,34,104,0.026928710937499996,0.005932203389830508,0.020996507547669487
RF,3,0.75,1.0,crp_dataset_8_1_8.csv|crp_dataset_8_1_2.csv|crp_dataset_8_1_5.csv,crp_dataset_8_1_3.csv,0.6610163638104813,0.9935483870903643,0.8901734103994788,154,1,19,82,0.0196044921875,0.00020161290322580645,0.019402879284274192
RF,3,0.75,1.0,crp_dataset_8_1_8.csv|crp_dataset_8_1_2.csv|crp_dataset_8_1_5.csv,crp_dataset_8_1_1.csv,0.6610163638104813,0.9793814432888723,0.7539682539622701,95,2,31,128,0.0252685546875,0.0006443298969072165,0.024624224790592782
RF,3,0.75,1.0,crp_dataset_8_1_8.csv|crp_dataset_8_1_2.csv|crp_dataset_8_1_6.csv,crp_dataset_8_1_7.csv,0.6432587192306125,0.9999999999954546,0.9999999999954546,220,0,0,36,0.0095703125,0.00034090909090909094,0.00922940340909091
RF,3,0.75,1.0,crp_dataset_8_1_8.csv|crp_dataset_8_1_2.csv|crp_dataset_8_1_6.csv,crp_dataset_8_1_4.csv,0.6432587192306125,0.9920634920556185,0.9541984732751588,125,1,6,124,0.023046875,0.00034722222222222224,0.02269965277777778
RF,3,0.75,1.0,crp_dataset_8_1_8.csv|crp_dataset_8_1_2.csv|crp_dataset_8_1_6.csv,crp_dataset_8_1_5.csv,0.6432587192306125,0.9999999999880952,0.8399999999916,84,0,16,156,0.039282226562499994,0.001711309523809524,0.03757091703869047
RF,3,0.75,1.0,crp_dataset_8_1_8.csv|crp_dataset_8_1_2.csv|crp_dataset_8_1_6.csv,crp_dataset_8_1_3.csv,0.6432587192306125,0.999999999992126,0.7341040462385312,127,0,46,83,0.0196044921875,0.0,0.0196044921875
RF,3,0.75,1.0,crp_dataset_8_1_8.csv|crp_dataset_8_1_2.csv|crp_dataset_8_1_6.csv,crp_dataset_8_1_1.csv,0.6432587192306125,0.9677419354734651,0.7142857142800453,90,3,36,127,0.0252685546875,0.0004704301075268817,0.02479812457997312
RF,3,0.75,1.0,crp_dataset_8_1_8.csv|crp_dataset_8_1_2.csv|crp_dataset_8_1_3.csv,crp_dataset_8_1_7.csv,0.6241688023588031,0.9999999999954546,0.9999999999954546,220,0,0,36,0.0095703125,0.00034090909090909094,0.00922940340909091
RF,3,0.75,1.0,crp_dataset_8_1_8.csv|crp_dataset_8_1_2.csv|crp_dataset_8_1_3.csv,crp_dataset_8_1_4.csv,0.6241688023588031,0.9915966386471294,0.90076335877175,118,1,13,124,0.023046875,0.0004201680672268908,0.022626706932773112
RF,3,0.75,1.0,crp_dataset_8_1_8.csv|crp_dataset_8_1_2.csv|crp_dataset_8_1_3.csv,crp_dataset_8_1_5.csv,0.6241688023588031,0.9999999999878049,0.8199999999918,82,0,18,156,0.039282226562499994,0.001600609756097561,0.03768161680640243
RF,3,0.75,1.0,crp_dataset_8_1_8.csv|crp_dataset_8_1_2.csv|crp_dataset_8_1_3.csv,crp_dataset_8_1_6.csv,0.6241688023588031,0.7164948453571315,0.9928571428500511,139,55,1,61,0.026928710937499996,0.01369201030927835,0.013236700628221645
RF,3,0.75,1.0,crp_dataset_8_1_8.csv|crp_dataset_8_1_2.csv|crp_dataset_8_1_3.csv,crp_dataset_8_1_1.csv,0.6241688023588031,0.9677419354760666,0.9523809523733938,120,4,6,126,0.0252685546875,0.0007056451612903225,0.024562909526209677
RF,3,0.75,1.0,crp_dataset_8_1_8.csv|crp_dataset_8_1_2.csv|crp_dataset_8_1_1.csv,crp_dataset_8_1_7.csv,0.6319722222222223,0.9999999999954546,0.9999999999954546,220,0,0,36,0.0095703125,0.00034090909090909094,0.00922940340909091
RF,3,0.75,1.0,crp_dataset_8_1_8.csv|crp_dataset_8_1_2.csv|crp_dataset_8_1_1.csv,crp_dataset_8_1_4.csv,0.6319722222222223,0.9999999999911504,0.8625954198407436,113,0,18,125,0.023046875,0.00033185840707964607,0.022715016592920356
RF,3,0.75,1.0,crp_dataset_8_1_8.csv|crp_dataset_8_1_2.csv|crp_dataset_8_1_1.csv,crp_dataset_8_1_5.csv,0.6319722222222223,0.9999999999870129,0.7699999999923,77,0,23,156,0.039282226562499994,0.0013798701298701301,0.03790235643262987
RF,3,0.75,1.0,crp_dataset_8_1_8.csv|crp_dataset_8_1_2.csv|crp_dataset_8_1_1.csv,crp_dataset_8_1_6.csv,0.6319722222222223,0.7956204379503969,0.7785714285658674,109,28,31,88,0.026928710937499996,0.010903284671532846,0.01602542626596715
RF,3,0.75,1.0,crp_dataset_8_1_8.csv|crp_dataset_8_1_2.csv|crp_dataset_8_1_1.csv,crp_dataset_8_1_3.csv,0.6319722222222223,0.9999999999930557,0.8323699421917204,144,0,29,83,0.0196044921875,0.00013020833333333336,0.019474283854166666
RF,3,0.75,1.0,crp_dataset_8_1_8.csv|crp_dataset_8_1_7.csv|crp_dataset_8_1_4.csv,crp_dataset_8_1_2.csv,0.7183333333333334,0.9999999999878049,0.6890756302463102,82,0,37,137,0.039453125,0.0013719512195121953,0.0380811737804878
RF,3,0.75,1.0,crp_dataset_8_1_8.csv|crp_dataset_8_1_7.csv|crp_dataset_8_1_4.csv,crp_dataset_8_1_5.csv,0.7183333333333334,0.9874999999876563,0.7899999999921,79,1,21,155,0.039282226562499994,0.0017968749999999999,0.03748535156249999
RF,3,0.75,1.0,crp_dataset_8_1_8.csv|crp_dataset_8_1_7.csv|crp_dataset_8_1_4.csv,crp_dataset_8_1_6.csv,0.7183333333333334,0.9999999999875,0.5714285714244899,80,0,60,116,0.026928710937499996,7.8125e-05,0.026850585937499998
RF,3,0.75,1.0,crp_dataset_8_1_8.csv|crp_dataset_8_1_7.csv|crp_dataset_8_1_4.csv,crp_dataset_8_1_3.csv,0.7183333333333334,0.9999999999911504,0.6531791907476695,113,0,60,83,0.0196044921875,0.0,0.0196044921875
RF,3,0.75,1.0,crp_dataset_8_1_8.csv|crp_dataset_8_1_7.csv|crp_dataset_8_1_4.csv,crp_dataset_8_1_1.csv,0.7183333333333334,0.9999999999843749,0.5079365079324767,64,0,62,130,0.0252685546875,9.765625e-05,0.0251708984375
RF,3,0.75,1.0,crp_dataset_8_1_8.csv|crp_dataset_8_1_7.csv|crp_dataset_8_1_5.csv,crp_dataset_8_1_2.csv,0.6433333333333333,0.9999999999879517,0.6974789915907774,83,0,36,137,0.039453125,0.0013554216867469882,0.03809770331325301
RF,3,0.75,1.0,crp_dataset_8_1_8.csv|crp_dataset_8_1_7.csv|crp_dataset_8_1_5.csv,crp_dataset_8_1_4.csv,0.6433333333333333,0.9911504424691049,0.8549618320545423,112,1,19,124,0.023046875,0.0003871681415929204,0.02265970685840708
RF,3,0.75,1.0,crp_dataset_8_1_8.csv|crp_dataset_8_1_7.csv|crp_dataset_8_1_5.csv,crp_dataset_8_1_6.csv,0.6433333333333333,0.9999999999868421,0.5428571428532654,76,0,64,116,0.026928710937499996,8.223684210526316e-05,0.026846474095394732
RF,3,0.75,1.0,crp_dataset_8_1_8.csv|crp_dataset_8_1_7.csv|crp_dataset_8_1_5.csv,crp_dataset_8_1_3.csv,0.6433333333333333,0.9999999999910714,0.6473988439268937,112,0,61,83,0.0196044921875,0.0,0.0196044921875
RF,3,0.75,1.0,crp_dataset_8_1_8.csv|crp_dataset_8_1_7.csv|crp_dataset_8_1_5.csv,crp_dataset_8_1_1.csv,0.6433333333333333,0.9767441860351541,0.6666666666613756,84,2,42,128,0.0252685546875,0.0003633720930232558,0.024905182594476744
RF,3,0.75,1.0,crp_dataset_8_1_8.csv|crp_dataset_8_1_7.csv|crp_dataset_8_1_6.csv,crp_dataset_8_1_2.csv,0.6519047619047619,0.9425287356213502,0.6890756302463102,82,5,37,132,0.039453125,0.0020114942528735636,0.037441630747126434
RF,3,0.75,1.0,crp_dataset_8_1_8.csv|crp_dataset_8_1_7.csv|crp_dataset_8_1_6.csv,crp_dataset_8_1_4.csv,0.6519047619047619,0.9765624999923707,0.9541984732751588,125,3,6,122,0.023046875,0.000634765625,0.022412109375000003
RF,3,0.75,1.0,crp_dataset_8_1_8.csv|crp_dataset_8_1_7.csv|crp_dataset_8_1_6.csv,crp_dataset_8_1_5.csv,0.6519047619047619,0.987179487166831,0.7699999999923,77,1,23,155,0.039282226562499994,0.0018429487179487181,0.037439277844551276
RF,3,0.75,1.0,crp_dataset_8_1_8.csv|crp_dataset_8_1_7.csv|crp_dataset_8_1_6.csv,crp_dataset_8_1_3.csv,0.6519047619047619,0.984251968496187,0.7225433525969795,125,2,48,81,0.0196044921875,0.00019685039370078743,0.01940764179379921
RF,3,0.75,1.0,crp_dataset_8_1_8.csv|crp_dataset_8_1_7.csv|crp_dataset_8_1_6.csv,crp_dataset_8_1_1.csv,0.6519047619047619,0.9583333333200231,0.5476190476147014,69,3,57,127,0.0252685546875,0.0006076388888888889,0.02466091579861111
RF,3,0.75,1.0,crp_dataset_8_1_8.csv|crp_dataset_8_1_7.csv|crp_dataset_8_1_3.csv,crp_dataset_8_1_2.csv,0.67,0.9647058823415916,0.6890756302463102,82,3,37,134,0.039453125,0.007205882352941177,0.03224724264705882
RF,3,0.75,1.0,crp_dataset_8_1_8.csv|crp_dataset_8_1_7.csv|crp_dataset_8_1_3.csv,crp_dataset_8_1_4.csv,0.67,0.9919354838629683,0.9389312977027563,123,1,8,124,0.023046875,0.0003528225806451613,0.022694052419354842
RF,3,0.75,1.0,crp_dataset_8_1_8.csv|crp_dataset_8_1_7.csv|crp_dataset_8_1_3.csv,crp_dataset_8_1_5.csv,0.67,0.9761904761788548,0.8199999999918,82,2,18,154,0.039282226562499994,0.0020089285714285717,0.03727329799107142
RF,3,0.75,1.0,crp_dataset_8_1_8.csv|crp_dataset_8_1_7.csv|crp_dataset_8_1_3.csv,crp_dataset_8_1_6.csv,0.67,0.6205357142829441,0.9928571428500511,139,85,1,31,0.026928710937499996,0.02142857142857143,0.005500139508928567
RF,3,0.75,1.0,crp_dataset_8_1_8.csv|crp_dataset_8_1_7.csv|crp_dataset_8_1_3.csv,crp_dataset_8_1_1.csv,0.67,0.9642857142742347,0.6428571428520408,81,3,45,127,0.0252685546875,0.0005208333333333333,0.024747721354166665
RF,3,0.75,1.0,crp_dataset_8_1_8.csv|crp_dataset_8_1_7.csv|crp_dataset_8_1_1.csv,crp_dataset_8_1_2.csv,0.6792435897435898,0.9999999999878049,0.6890756302463102,82,0,37,137,0.039453125,0.0013719512195121953,0.0380811737804878
RF,3,0.75,1.0,crp_dataset_8_1_8.csv|crp_dataset_8_1_7.csv|crp_dataset_8_1_1.csv,crp_dataset_8_1_4.csv,0.6792435897435898,0.9824561403422591,0.8549618320545423,112,2,19,123,0.023046875,0.0005482456140350877,0.022498629385964912
RF,3,0.75,1.0,crp_dataset_8_1_8.csv|crp_dataset_8_1_7.csv|crp_dataset_8_1_1.csv,crp_dataset_8_1_5.csv,0.6792435897435898,0.9999999999870129,0.7699999999923,77,0,23,156,0.039282226562499994,0.0013798701298701301,0.03790235643262987
RF,3,0.75,1.0,crp_dataset_8_1_8.csv|crp_dataset_8_1_7.csv|crp_dataset_8_1_1.csv,crp_dataset_8_1_6.csv,0.6792435897435898,0.9999999999903846,0.7428571428518368,104,0,36,116,0.026928710937499996,0.0001201923076923077,0.02680851862980769
RF,3,0.75,1.0,crp_dataset_8_1_8.csv|crp_dataset_8_1_7.csv|crp_dataset_8_1_1.csv,crp_dataset_8_1_3.csv,0.6792435897435898,0.9999999999922481,0.7456647398800829,129,0,44,83,0.0196044921875,0.00014534883720930235,0.019459143350290697
RF,3,0.75,1.0,crp_dataset_8_1_8.csv|crp_dataset_8_1_4.csv|crp_dataset_8_1_5.csv,crp_dataset_8_1_2.csv,0.6239847883597883,0.9999999999878049,0.6890756302463102,82,0,37,137,0.039453125,0.0013719512195121953,0.0380811737804878
RF,3,0.75,1.0,crp_dataset_8_1_8.csv|crp_dataset_8_1_4.csv|crp_dataset_8_1_5.csv,crp_dataset_8_1_7.csv,0.6239847883597883,0.9999999999954546,0.9999999999954546,220,0,0,36,0.0095703125,0.00034090909090909094,0.00922940340909091
RF,3,0.75,1.0,crp_dataset_8_1_8.csv|crp_dataset_8_1_4.csv|crp_dataset_8_1_5.csv,crp_dataset_8_1_6.csv,0.6239847883597883,0.9999999999886363,0.6285714285669388,88,0,52,116,0.026928710937499996,0.00021306818181818186,0.026715642755681814
RF,3,0.75,1.0,crp_dataset_8_1_8.csv|crp_dataset_8_1_4.csv|crp_dataset_8_1_5.csv,crp_dataset_8_1_3.csv,0.6239847883597883,0.9999999999919355,0.7167630057762038,124,0,49,83,0.0196044921875,0.0,0.0196044921875
RF,3,0.75,1.0,crp_dataset_8_1_8.csv|crp_dataset_8_1_4.csv|crp_dataset_8_1_5.csv,crp_dataset_8_1_1.csv,0.6239847883597883,0.9999999999843749,0.5079365079324767,64,0,62,130,0.0252685546875,9.765625e-05,0.0251708984375
RF,3,0.75,1.0,crp_dataset_8_1_8.csv|crp_dataset_8_1_4.csv|crp_dataset_8_1_6.csv,crp_dataset_8_1_2.csv,0.65,0.9879518072170126,0.6890756302463102,82,1,37,136,0.039453125,0.004141566265060241,0.035311558734939755
RF,3,0.75,1.0,crp_dataset_8_1_8.csv|crp_dataset_8_1_4.csv|crp_dataset_8_1_6.csv,crp_dataset_8_1_7.csv,0.65,0.9999999999954546,0.9999999999954546,220,0,0,36,0.0095703125,0.00034090909090909094,0.00922940340909091
RF,3,0.75,1.0,crp_dataset_8_1_8.csv|crp_dataset_8_1_4.csv|crp_dataset_8_1_6.csv,crp_dataset_8_1_5.csv,0.65,0.9999999999873417,0.7899999999921,79,0,21,156,0.039282226562499994,0.0013449367088607597,0.037937289853639235
RF,3,0.75,1.0,crp_dataset_8_1_8.csv|crp_dataset_8_1_4.csv|crp_dataset_8_1_6.csv,crp_dataset_8_1_3.csv,0.65,0.9846153846078107,0.7398843930593071,128,2,45,81,0.0196044921875,0.0002403846153846154,0.019364107572115385
RF,3,0.75,1.0,crp_dataset_8_1_8.csv|crp_dataset_8_1_4.csv|crp_dataset_8_1_6.csv,crp_dataset_8_1_1.csv,0.65,0.9594594594464937,0.5634920634875913,71,3,55,127,0.0252685546875,0.0007601351351351353,0.024508419552364866
RF,3,0.75,1.0,crp_dataset_8_1_8.csv|crp_dataset_8_1_4.csv|crp_dataset_8_1_3.csv,crp_dataset_8_1_2.csv,0.6227013992101154,0.9213483145963893,0.6890756302463102,82,7,37,130,0.039453125,0.00976123595505618,0.02969188904494382
RF,3,0.75,1.0,crp_dataset_8_1_8.csv|crp_dataset_8_1_4.csv|crp_dataset_8_1_3.csv,crp_dataset_8_1_7.csv,0.6227013992101154,0.9999999999954546,0.9999999999954546,220,0,0,36,0.0095703125,0.00034090909090909094,0.00922940340909091
RF,3,0.75,1.0,crp_dataset_8_1_8.csv|crp_dataset_8_1_4.csv|crp_dataset_8_1_3.csv,crp_dataset_8_1_5.csv,0.6227013992101154,0.9655172413682124,0.8399999999916,84,3,16,153,0.039282226562499994,0.001867816091954023,0.03741441047054597
RF,3,0.75,1.0,crp_dataset_8_1_8.csv|crp_dataset_8_1_4.csv|crp_dataset_8_1_3.csv,crp_dataset_8_1_6.csv,0.6227013992101154,0.5932203389805373,0.9999999999928573,140,96,0,20,0.026928710937499996,0.02386122881355932,0.003067482123940677
RF,3,0.75,1.0,crp_dataset_8_1_8.csv|crp_dataset_8_1_4.csv|crp_dataset_8_1_3.csv,crp_dataset_8_1_1.csv,0.6227013992101154,0.9789473684107479,0.7380952380893802,93,2,33,128,0.0252685546875,0.0003289473684210526,0.024939607319078946
RF,3,0.75,1.0,crp_dataset_8_1_8.csv|crp_dataset_8_1_4.csv|crp_dataset_8_1_1.csv,crp_dataset_8_1_2.csv,0.6170833333333333,0.9879518072170126,0.6890756302463102,82,1,37,136,0.039453125,0.004141566265060241,0.035311558734939755
RF,3,0.75,1.0,crp_dataset_8_1_8.csv|crp_dataset_8_1_4.csv|crp_dataset_8_1_1.csv,crp_dataset_8_1_7.csv,0.6170833333333333,0.9999999999954546,0.9999999999954546,220,0,0,36,0.0095703125,0.00034090909090909094,0.00922940340909091
RF,3,0.75,1.0,crp_dataset_8_1_8.csv|crp_dataset_8_1_4.csv|crp_dataset_8_1_1.csv,crp_dataset_8_1_5.csv,0.6170833333333333,0.987654320975461,0.799999999992,80,1,20,155,0.039282226562499994,0.001697530864197531,0.037584695698302466
RF,3,0.75,1.0,crp_dataset_8_1_8.csv|crp_dataset_8_1_4.csv|crp_dataset_8_1_1.csv,crp_dataset_8_1_6.csv,0.6170833333333333,0.9579831932692606,0.814285714279898,114,5,26,111,0.026928710937499996,0.0023634453781512603,0.024565265559348737
RF,3,0.75,1.0,crp_dataset_8_1_8.csv|crp_dataset_8_1_4.csv|crp_dataset_8_1_1.csv,crp_dataset_8_1_3.csv,0.6170833333333333,0.999999999993007,0.8265895953709447,143,0,30,83,0.0196044921875,0.00013111888111888115,0.019473373306381117
RF,3,0.75,1.0,crp_dataset_8_1_8.csv|crp_dataset_8_1_5.csv|crp_dataset_8_1_6.csv,crp_dataset_8_1_2.csv,0.6333333333333333,0.9999999999880952,0.7058823529352447,84,0,35,137,0.039453125,0.0013392857142857145,0.03811383928571428
RF,3,0.75,1.0,crp_dataset_8_1_8.csv|crp_dataset_8_1_5.csv|crp_dataset_8_1_6.csv,crp_dataset_8_1_7.csv,0.6333333333333333,0.9999999999954546,0.9999999999954546,220,0,0,36,0.0095703125,0.00034090909090909094,0.00922940340909091
RF,3,0.75,1.0,crp_dataset_8_1_8.csv|crp_dataset_8_1_5.csv|crp_dataset_8_1_6.csv,crp_dataset_8_1_4.csv,0.6333333333333333,0.9920634920556185,0.9541984732751588,125,1,6,124,0.023046875,0.00034722222222222224,0.02269965277777778
RF,3,0.75,1.0,crp_dataset_8_1_8.csv|crp_dataset_8_1_5.csv|crp_dataset_8_1_6.csv,crp_dataset_8_1_3.csv,0.6333333333333333,0.999999999992,0.7225433525969795,125,0,48,83,0.0196044921875,0.0,0.0196044921875
RF,3,0.75,1.0,crp_dataset_8_1_8.csv|crp_dataset_8_1_5.csv|crp_dataset_8_1_6.csv,crp_dataset_8_1_1.csv,0.6333333333333333,0.9724770642112617,0.8412698412631645,106,3,20,127,0.0252685546875,0.0004587155963302752,0.024809839091169725
RF,3,0.75,1.0,crp_dataset_8_1_8.csv|crp_dataset_8_1_5.csv|crp_dataset_8_1_3.csv,crp_dataset_8_1_2.csv,0.7481481481481482,0.9999999999879517,0.6974789915907774,83,0,36,137,0.039453125,0.0013554216867469882,0.03809770331325301
RF,3,0.75,1.0,crp_dataset_8_1_8.csv|crp_dataset_8_1_5.csv|crp_dataset_8_1_3.csv,crp_dataset_8_1_7.csv,0.7481481481481482,0.9999999999954546,0.9999999999954546,220,0,0,36,0.0095703125,0.00034090909090909094,0.00922940340909091
RF,3,0.75,1.0,crp_dataset_8_1_8.csv|crp_dataset_8_1_5.csv|crp_dataset_8_1_3.csv,crp_dataset_8_1_4.csv,0.7481481481481482,0.999999999990909,0.8396946564821398,110,0,21,125,0.023046875,0.0002840909090909091,0.022762784090909094
RF,3,0.75,1.0,crp_dataset_8_1_8.csv|crp_dataset_8_1_5.csv|crp_dataset_8_1_3.csv,crp_dataset_8_1_6.csv,0.7481481481481482,0.8231707317022978,0.9642857142788266,135,29,5,87,0.026928710937499996,0.008041158536585366,0.01888755240091463
RF,3,0.75,1.0,crp_dataset_8_1_8.csv|crp_dataset_8_1_5.csv|crp_dataset_8_1_3.csv,crp_dataset_8_1_1.csv,0.7481481481481482,0.9999999999901961,0.8095238095173847,102,0,24,130,0.0252685546875,0.00012254901960784314,0.025146005667892157
RF,3,0.75,1.0,crp_dataset_8_1_8.csv|crp_dataset_8_1_5.csv|crp_dataset_8_1_1.csv,crp_dataset_8_1_2.csv,0.7634716621749054,0.9999999999878049,0.6890756302463102,82,0,37,137,0.039453125,0.0013719512195121953,0.0380811737804878
RF,3,0.75,1.0,crp_dataset_8_1_8.csv|crp_dataset_8_1_5.csv|crp_dataset_8_1_1.csv,crp_dataset_8_1_7.csv,0.7634716621749054,0.9999999999954546,0.9999999999954546,220,0,0,36,0.0095703125,0.00034090909090909094,0.00922940340909091
RF,3,0.75,1.0,crp_dataset_8_1_8.csv|crp_dataset_8_1_5.csv|crp_dataset_8_1_1.csv,crp_dataset_8_1_4.csv,0.7634716621749054,0.999999999990991,0.8473282442683411,111,0,20,125,0.023046875,0.0003378378378378379,0.022709037162162164
RF,3,0.75,1.0,crp_dataset_8_1_8.csv|crp_dataset_8_1_5.csv|crp_dataset_8_1_1.csv,crp_dataset_8_1_6.csv,0.7634716621749054,0.9629629629540466,0.7428571428518368,104,4,36,112,0.026928710937499996,0.001967592592592593,0.024961118344907402
RF,3,0.75,1.0,crp_dataset_8_1_8.csv|crp_dataset_8_1_5.csv|crp_dataset_8_1_1.csv,crp_dataset_8_1_3.csv,0.7634716621749054,0.9999999999924243,0.7630057803424104,132,0,41,83,0.0196044921875,0.00014204545454545457,0.019462446732954546
RF,3,0.75,1.0,crp_dataset_8_1_8.csv|crp_dataset_8_1_6.csv|crp_dataset_8_1_3.csv,crp_dataset_8_1_2.csv,0.7084219274857863,0.9999999999878049,0.6890756302463102,82,0,37,137,0.039453125,0.0013719512195121953,0.0380811737804878
RF,3,0.75,1.0,crp_dataset_8_1_8.csv|crp_dataset_8_1_6.csv|crp_dataset_8_1_3.csv,crp_dataset_8_1_7.csv,0.7084219274857863,0.9999999999954546,0.9999999999954546,220,0,0,36,0.0095703125,0.00034090909090909094,0.00922940340909091
RF,3,0.75,1.0,crp_dataset_8_1_8.csv|crp_dataset_8_1_6.csv|crp_dataset_8_1_3.csv,crp_dataset_8_1_4.csv,0.7084219274857863,0.9920634920556185,0.9541984732751588,125,1,6,124,0.023046875,0.00034722222222222224,0.02269965277777778
RF,3,0.75,1.0,crp_dataset_8_1_8.csv|crp_dataset_8_1_6.csv|crp_dataset_8_1_3.csv,crp_dataset_8_1_5.csv,0.7084219274857863,0.9999999999870129,0.7699999999923,77,0,23,156,0.039282226562499994,0.0013798701298701301,0.03790235643262987
RF,3,0.75,1.0,crp_dataset_8_1_8.csv|crp_dataset_8_1_6.csv|crp_dataset_8_1_3.csv,crp_dataset_8_1_1.csv,0.7084219274857863,0.979166666656467,0.7460317460258251,94,2,32,128,0.0252685546875,0.00045572916666666673,0.024812825520833335
RF,3,0.75,1.0,crp_dataset_8_1_8.csv|crp_dataset_8_1_6.csv|crp_dataset_8_1_1.csv,crp_dataset_8_1_2.csv,0.6335265700483091,0.9999999999878049,0.6890756302463102,82,0,37,137,0.039453125,0.0013719512195121953,0.0380811737804878
RF,3,0.75,1.0,crp_dataset_8_1_8.csv|crp_dataset_8_1_6.csv|crp_dataset_8_1_1.csv,crp_dataset_8_1_7.csv,0.6335265700483091,0.9999999999954546,0.9999999999954546,220,0,0,36,0.0095703125,0.00034090909090909094,0.00922940340909091
RF,3,0.75,1.0,crp_dataset_8_1_8.csv|crp_dataset_8_1_6.csv|crp_dataset_8_1_1.csv,crp_dataset_8_1_4.csv,0.6335265700483091,0.9920634920556185,0.9541984732751588,125,1,6,124,0.023046875,0.00034722222222222224,0.02269965277777778
RF,3,0.75,1.0,crp_dataset_8_1_8.csv|crp_dataset_8_1_6.csv|crp_dataset_8_1_1.csv,crp_dataset_8_1_5.csv,0.6335265700483091,0.9999999999875,0.799999999992,80,0,20,156,0.039282226562499994,0.00140625,0.0378759765625
RF,3,0.75,1.0,crp_dataset_8_1_8.csv|crp_dataset_8_1_6.csv|crp_dataset_8_1_1.csv,crp_dataset_8_1_3.csv,0.6335265700483091,0.9863945578164192,0.8381502890124963,145,2,28,81,0.0196044921875,0.00029761904761904765,0.019306873139880953
RF,3,0.75,1.0,crp_dataset_8_1_8.csv|crp_dataset_8_1_3.csv|crp_dataset_8_1_1.csv,crp_dataset_8_1_2.csv,0.6505996133496136,0.9999999999878049,0.6890756302463102,82,0,37,137,0.039453125,0.0013719512195121953,0.0380811737804878
RF,3,0.75,1.0,crp_dataset_8_1_8.csv|crp_dataset_8_1_3.csv|crp_dataset_8_1_1.csv,crp_dataset_8_1_7.csv,0.6505996133496136,0.9999999999954546,0.9999999999954546,220,0,0,36,0.0095703125,0.00034090909090909094,0.00922940340909091
RF,3,0.75,1.0,crp_dataset_8_1_8.csv|crp_dataset_8_1_3.csv|crp_dataset_8_1_1.csv,crp_dataset_8_1_4.csv,0.6505996133496136,0.9920634920556185,0.9541984732751588,125,1,6,124,0.023046875,0.00044642857142857147,0.02260044642857143
RF,3,0.75,1.0,crp_dataset_8_1_8.csv|crp_dataset_8_1_3.csv|crp_dataset_8_1_1.csv,crp_dataset_8_1_5.csv,0.6505996133496136,0.9999999999875,0.799999999992,80,0,20,156,0.039282226562499994,0.00140625,0.0378759765625
RF,3,0.75,1.0,crp_dataset_8_1_8.csv|crp_dataset_8_1_3.csv|crp_dataset_8_1_1.csv,crp_dataset_8_1_6.csv,0.6505996133496136,0.61674008810301,0.9999999999928573,140,87,0,29,0.026928710937499996,0.021475770925110133,0.005452940012389863
RF,3,0.75,1.0,crp_dataset_8_1_2.csv|crp_dataset_8_1_7.csv|crp_dataset_8_1_4.csv,crp_dataset_8_1_8.csv,0.6633333333333333,0.8526315789383934,0.5869565217348772,81,14,57,104,0.0283203125,0.006907894736842104,0.021412417763157894
RF,3,0.75,1.0,crp_dataset_8_1_2.csv|crp_dataset_8_1_7.csv|crp_dataset_8_1_4.csv,crp_dataset_8_1_5.csv,0.6633333333333333,0.9999999999870129,0.7699999999923,77,0,23,156,0.039282226562499994,0.0013798701298701301,0.03790235643262987
RF,3,0.75,1.0,crp_dataset_8_1_2.csv|crp_dataset_8_1_7.csv|crp_dataset_8_1_4.csv,crp_dataset_8_1_6.csv,0.6633333333333333,0.9999999999879517,0.5928571428529082,83,0,57,116,0.026928710937499996,7.530120481927712e-05,0.02685340973268072
RF,3,0.75,1.0,crp_dataset_8_1_2.csv|crp_dataset_8_1_7.csv|crp_dataset_8_1_4.csv,crp_dataset_8_1_3.csv,0.6633333333333333,0.9999999999910714,0.6473988439268937,112,0,61,83,0.0196044921875,0.0,0.0196044921875
RF,3,0.75,1.0,crp_dataset_8_1_2.csv|crp_dataset_8_1_7.csv|crp_dataset_8_1_4.csv,crp_dataset_8_1_1.csv,0.6633333333333333,0.9285714285581632,0.5158730158689216,65,5,61,125,0.0252685546875,0.002946428571428571,0.022322126116071428
RF,3,0.75,1.0,crp_dataset_8_1_2.csv|crp_dataset_8_1_7.csv|crp_dataset_8_1_5.csv,crp_dataset_8_1_8.csv,0.7033333333333334,0.8315789473596675,0.5724637681117938,79,16,59,102,0.0283203125,0.005789473684210524,0.022530838815789475
RF,3,0.75,1.0,crp_dataset_8_1_2.csv|crp_dataset_8_1_7.csv|crp_dataset_8_1_5.csv,crp_dataset_8_1_4.csv,0.7033333333333334,0.9032258064443288,0.8549618320545423,112,12,19,113,0.023046875,0.005141129032258064,0.017905745967741936
RF,3,0.75,1.0,crp_dataset_8_1_2.csv|crp_dataset_8_1_7.csv|crp_dataset_8_1_5.csv,crp_dataset_8_1_6.csv,0.7033333333333334,0.9999999999868421,0.5428571428532654,76,0,64,116,0.026928710937499996,8.223684210526316e-05,0.026846474095394732
RF,3,0.75,1.0,crp_dataset_8_1_2.csv|crp_dataset_8_1_7.csv|crp_dataset_8_1_5.csv,crp_dataset_8_1_3.csv,0.7033333333333334,0.9999999999910714,0.6473988439268937,112,0,61,83,0.0196044921875,0.0,0.0196044921875
RF,3,0.75,1.0,crp_dataset_8_1_2.csv|crp_dataset_8_1_7.csv|crp_dataset_8_1_5.csv,crp_dataset_8_1_1.csv,0.7033333333333334,0.7362637362556455,0.5317460317418116,67,24,59,106,0.0252685546875,0.010714285714285716,0.014554268973214284
RF,3,0.75,1.0,crp_dataset_8_1_2.csv|crp_dataset_8_1_7.csv|crp_dataset_8_1_6.csv,crp_dataset_8_1_8.csv,0.7233333333333334,0.8039215686195693,0.5942028985464188,82,20,56,98,0.0283203125,0.0074142156862745095,0.02090609681372549
RF,3,0.75,1.0,crp_dataset_8_1_2.csv|crp_dataset_8_1_7.csv|crp_dataset_8_1_6.csv,crp_dataset_8_1_4.csv,0.7233333333333334,0.9843749999923097,0.9618320610613601,126,2,5,123,0.023046875,0.0005859375000000001,0.0224609375
RF,3,0.75,1.0,crp_dataset_8_1_2.csv|crp_dataset_8_1_7.csv|crp_dataset_8_1_6.csv,crp_dataset_8_1_5.csv,0.7233333333333334,0.9999999999871795,0.7799999999921999,78,0,22,156,0.039282226562499994,0.0014423076923076924,0.0378399188701923
RF,3,0.75,1.0,crp_dataset_8_1_2.csv|crp_dataset_8_1_7.csv|crp_dataset_8_1_6.csv,crp_dataset_8_1_3.csv,0.7233333333333334,0.9999999999919355,0.7167630057762038,124,0,49,83,0.0196044921875,0.0,0.0196044921875
RF,3,0.75,1.0,crp_dataset_8_1_2.csv|crp_dataset_8_1_7.csv|crp_dataset_8_1_6.csv,crp_dataset_8_1_1.csv,0.7233333333333334,0.7184466019347724,0.5873015872969262,74,29,52,101,0.0252685546875,0.010740291262135921,0.014528263425364079
RF,3,0.75,1.0,crp_dataset_8_1_2.csv|crp_dataset_8_1_7.csv|crp_dataset_8_1_3.csv,crp_dataset_8_1_8.csv,0.7395833333333334,0.9999999999836067,0.4420289855040433,61,0,77,118,0.0283203125,0.0029713114754098364,0.025349001024590163
RF,3,0.75,1.0,crp_dataset_8_1_2.csv|crp_dataset_8_1_7.csv|crp_dataset_8_1_3.csv,crp_dataset_8_1_4.csv,0.7395833333333334,0.999999999990909,0.8396946564821398,110,0,21,125,0.023046875,0.0002840909090909091,0.022762784090909094
RF,3,0.75,1.0,crp_dataset_8_1_2.csv|crp_dataset_8_1_7.csv|crp_dataset_8_1_3.csv,crp_dataset_8_1_5.csv,0.7395833333333334,0.9999999999870129,0.7699999999923,77,0,23,156,0.039282226562499994,0.0013798701298701301,0.03790235643262987
RF,3,0.75,1.0,crp_dataset_8_1_2.csv|crp_dataset_8_1_7.csv|crp_dataset_8_1_3.csv,crp_dataset_8_1_6.csv,0.7395833333333334,0.7430167597723855,0.9499999999932144,133,46,7,70,0.026928710937499996,0.012360335195530729,0.014568375741969267
RF,3,0.75,1.0,crp_dataset_8_1_2.csv|crp_dataset_8_1_7.csv|crp_dataset_8_1_3.csv,crp_dataset_8_1_1.csv,0.7395833333333334,0.9999999999850746,0.5317460317418116,67,0,59,130,0.0252685546875,9.328358208955224e-05,0.025175271105410447
RF,3,0.75,1.0,crp_dataset_8_1_2.csv|crp_dataset_8_1_7.csv|crp_dataset_8_1_1.csv,crp_dataset_8_1_8.csv,0.8373333333333333,0.9999999999836067,0.4420289855040433,61,0,77,118,0.0283203125,0.0029713114754098364,0.025349001024590163
RF,3,0.75,1.0,crp_dataset_8_1_2.csv|crp_dataset_8_1_7.csv|crp_dataset_8_1_1.csv,crp_dataset_8_1_4.csv,0.8373333333333333,0.999999999990909,0.8396946564821398,110,0,21,125,0.023046875,0.0002840909090909091,0.022762784090909094
RF,3,0.75,1.0,crp_dataset_8_1_2.csv|crp_dataset_8_1_7.csv|crp_dataset_8_1_1.csv,crp_dataset_8_1_5.csv,0.8373333333333333,0.9999999999870129,0.7699999999923,77,0,23,156,0.039282226562499994,0.0013798701298701301,0.03790235643262987
RF,3,0.75,1.0,crp_dataset_8_1_2.csv|crp_dataset_8_1_7.csv|crp_dataset_8_1_1.csv,crp_dataset_8_1_6.csv,0.8373333333333333,0.9999999999868421,0.5428571428532654,76,0,64,116,0.026928710937499996,8.223684210526316e-05,0.026846474095394732
RF,3,0.75,1.0,crp_dataset_8_1_2.csv|crp_dataset_8_1_7.csv|crp_dataset_8_1_1.csv,crp_dataset_8_1_3.csv,0.8373333333333333,0.9999999999911504,0.6531791907476695,113,0,60,83,0.0196044921875,0.0,0.0196044921875
RF,3,0.75,1.0,crp_dataset_8_1_2.csv|crp_dataset_8_1_4.csv|crp_dataset_8_1_5.csv,crp_dataset_8_1_8.csv,0.71,0.9743589743464826,0.5507246376771687,76,2,62,116,0.0283203125,0.0031250000000000006,0.0251953125
RF,3,0.75,1.0,crp_dataset_8_1_2.csv|crp_dataset_8_1_4.csv|crp_dataset_8_1_5.csv,crp_dataset_8_1_7.csv,0.71,0.9999999999954546,0.9999999999954546,220,0,0,36,0.0095703125,0.00034090909090909094,0.00922940340909091
RF,3,0.75,1.0,crp_dataset_8_1_2.csv|crp_dataset_8_1_4.csv|crp_dataset_8_1_5.csv,crp_dataset_8_1_6.csv,0.71,0.9999999999880952,0.5999999999957143,84,0,56,116,0.026928710937499996,7.440476190476191e-05,0.026854306175595234
RF,3,0.75,1.0,crp_dataset_8_1_2.csv|crp_dataset_8_1_4.csv|crp_dataset_8_1_5.csv,crp_dataset_8_1_3.csv,0.71,0.9999999999916667,0.6936416184931004,120,0,53,83,0.0196044921875,0.0,0.0196044921875
RF,3,0.75,1.0,crp_dataset_8_1_2.csv|crp_dataset_8_1_4.csv|crp_dataset_8_1_5.csv,crp_dataset_8_1_1.csv,0.71,0.9999999999843749,0.5079365079324767,64,0,62,130,0.0252685546875,9.765625e-05,0.0251708984375
RF,3,0.75,1.0,crp_dataset_8_1_2.csv|crp_dataset_8_1_4.csv|crp_dataset_8_1_6.csv,crp_dataset_8_1_8.csv,0.8102777777777778,0.9743589743464826,0.5507246376771687,76,2,62,116,0.0283203125,0.0028846153846153848,0.025435697115384615
RF,3,0.75,1.0,crp_dataset_8_1_2.csv|crp_dataset_8_1_4.csv|crp_dataset_8_1_6.csv,crp_dataset_8_1_7.csv,0.8102777777777778,0.9999999999954546,0.9999999999954546,220,0,0,36,0.0095703125,0.00034090909090909094,0.00922940340909091
RF,3,0.75,1.0,crp_dataset_8_1_2.csv|crp_dataset_8_1_4.csv|crp_dataset_8_1_6.csv,crp_dataset_8_1_5.csv,0.8102777777777778,0.9999999999870129,0.7699999999923,77,0,23,156,0.039282226562499994,0.0013798701298701301,0.03790235643262987
RF,3,0.75,1.0,crp_dataset_8_1_2.csv|crp_dataset_8_1_4.csv|crp_dataset_8_1_6.csv,crp_dataset_8_1_3.csv,0.8102777777777778,0.999999999992,0.7225433525969795,125,0,48,83,0.0196044921875,0.0,0.0196044921875
RF,3,0.75,1.0,crp_dataset_8_1_2.csv|crp_dataset_8_1_4.csv|crp_dataset_8_1_6.csv,crp_dataset_8_1_1.csv,0.8102777777777778,0.9999999999843749,0.5079365079324767,64,0,62,130,0.0252685546875,9.765625e-05,0.0251708984375
RF,3,0.75,1.0,crp_dataset_8_1_2.csv|crp_dataset_8_1_4.csv|crp_dataset_8_1_3.csv,crp_dataset_8_1_8.csv,0.6595620241827138,0.9740259740133242,0.543478260865627,75,2,63,116,0.0283203125,0.0031655844155844158,0.025154728084415583
RF,3,0.75,1.0,crp_dataset_8_1_2.csv|crp_dataset_8_1_4.csv|crp_dataset_8_1_3.csv,crp_dataset_8_1_7.csv,0.6595620241827138,0.9999999999954546,0.9999999999954546,220,0,0,36,0.0095703125,0.00034090909090909094,0.00922940340909091
RF,3,0.75,1.0,crp_dataset_8_1_2.csv|crp_dataset_8_1_4.csv|crp_dataset_8_1_3.csv,crp_dataset_8_1_5.csv,0.6595620241827138,0.9999999999870129,0.7699999999923,77,0,23,156,0.039282226562499994,0.0013798701298701301,0.03790235643262987
RF,3,0.75,1.0,crp_dataset_8_1_2.csv|crp_dataset_8_1_4.csv|crp_dataset_8_1_3.csv,crp_dataset_8_1_6.csv,0.6595620241827138,0.6699029126181073,0.985714285707245,138,68,2,48,0.026928710937499996,0.017324029126213596,0.0096046818112864
RF,3,0.75,1.0,crp_dataset_8_1_2.csv|crp_dataset_8_1_4.csv|crp_dataset_8_1_3.csv,crp_dataset_8_1_1.csv,0.6595620241827138,0.9999999999852941,0.5396825396782565,68,0,58,130,0.0252685546875,9.191176470588235e-05,0.025176642922794118
RF,3,0.75,1.0,crp_dataset_8_1_2.csv|crp_dataset_8_1_4.csv|crp_dataset_8_1_1.csv,crp_dataset_8_1_8.csv,0.6133059228091302,0.9999999999871795,0.5652173913002521,78,0,60,118,0.0283203125,0.0028044871794871795,0.02551582532051282
RF,3,0.75,1.0,crp_dataset_8_1_2.csv|crp_dataset_8_1_4.csv|crp_dataset_8_1_1.csv,crp_dataset_8_1_7.csv,0.6133059228091302,0.9999999999954546,0.9999999999954546,220,0,0,36,0.0095703125,0.00034090909090909094,0.00922940340909091
RF,3,0.75,1.0,crp_dataset_8_1_2.csv|crp_dataset_8_1_4.csv|crp_dataset_8_1_1.csv,crp_dataset_8_1_5.csv,0.6133059228091302,0.9999999999870129,0.7699999999923,77,0,23,156,0.039282226562499994,0.0013798701298701301,0.03790235643262987
RF,3,0.75,1.0,crp_dataset_8_1_2.csv|crp_dataset_8_1_4.csv|crp_dataset_8_1_1.csv,crp_dataset_8_1_6.csv,0.6133059228091302,0.733727810646546,0.8857142857079593,124,45,16,71,0.026928710937499996,0.0165310650887574,0.010397645848742598
RF,3,0.75,1.0,crp_dataset_8_1_2.csv|crp_dataset_8_1_4.csv|crp_dataset_8_1_1.csv,crp_dataset_8_1_3.csv,0.6133059228091302,0.9999999999925927,0.7803468208047379,135,0,38,83,0.0196044921875,0.00013888888888888892,0.01946560329861111
RF,3,0.75,1.0,crp_dataset_8_1_2.csv|crp_dataset_8_1_5.csv|crp_dataset_8_1_6.csv,crp_dataset_8_1_8.csv,0.6277539682539682,0.7735849056530794,0.5942028985464188,82,24,56,94,0.0283203125,0.008372641509433962,0.01994767099056604
RF,3,0.75,1.0,crp_dataset_8_1_2.csv|crp_dataset_8_1_5.csv|crp_dataset_8_1_6.csv,crp_dataset_8_1_7.csv,0.6277539682539682,0.9999999999954546,0.9999999999954546,220,0,0,36,0.0095703125,0.00034090909090909094,0.00922940340909091
RF,3,0.75,1.0,crp_dataset_8_1_2.csv|crp_dataset_8_1_5.csv|crp_dataset_8_1_6.csv,crp_dataset_8_1_4.csv,0.6277539682539682,0.9148936170147881,0.9847328244199639,129,12,2,113,0.023046875,0.003280141843971631,0.01976673315602837
RF,3,0.75,1.0,crp_dataset_8_1_2.csv|crp_dataset_8_1_5.csv|crp_dataset_8_1_6.csv,crp_dataset_8_1_3.csv,0.6277539682539682,0.9999999999922481,0.7456647398800829,129,0,44,83,0.0196044921875,0.0,0.0196044921875
RF,3,0.75,1.0,crp_dataset_8_1_2.csv|crp_dataset_8_1_5.csv|crp_dataset_8_1_6.csv,crp_dataset_8_1_1.csv,0.6277539682539682,0.6851851851788409,0.5873015872969262,74,34,52,96,0.0252685546875,0.012268518518518515,0.013000036168981485
RF,3,0.75,1.0,crp_dataset_8_1_2.csv|crp_dataset_8_1_5.csv|crp_dataset_8_1_3.csv,crp_dataset_8_1_8.csv,0.6933333333333334,0.9861111110974151,0.5144927536194602,71,1,67,117,0.0283203125,0.002951388888888889,0.02536892361111111
RF,3,0.75,1.0,crp_dataset_8_1_2.csv|crp_dataset_8_1_5.csv|crp_dataset_8_1_3.csv,crp_dataset_8_1_7.csv,0.6933333333333334,0.9999999999954546,0.9999999999954546,220,0,0,36,0.0095703125,0.00034090909090909094,0.00922940340909091
RF,3,0.75,1.0,crp_dataset_8_1_2.csv|crp_dataset_8_1_5.csv|crp_dataset_8_1_3.csv,crp_dataset_8_1_4.csv,0.6933333333333334,0.9911504424691049,0.8549618320545423,112,1,19,124,0.023046875,0.0012721238938053097,0.02177475110619469
RF,3,0.75,1.0,crp_dataset_8_1_2.csv|crp_dataset_8_1_5.csv|crp_dataset_8_1_3.csv,crp_dataset_8_1_6.csv,0.6933333333333334,0.838028169008183,0.8499999999939286,119,23,21,93,0.026928710937499996,0.007746478873239438,0.01918223206426056
RF,3,0.75,1.0,crp_dataset_8_1_2.csv|crp_dataset_8_1_5.csv|crp_dataset_8_1_3.csv,crp_dataset_8_1_1.csv,0.6933333333333334,0.9285714285581632,0.5158730158689216,65,5,61,125,0.0252685546875,0.0016964285714285714,0.02357212611607143
RF,3,0.75,1.0,crp_dataset_8_1_2.csv|crp_dataset_8_1_5.csv|crp_dataset_8_1_1.csv,crp_dataset_8_1_8.csv,0.69,0.9999999999846153,0.47101449275021007,65,0,73,118,0.0283203125,0.0027884615384615383,0.02553185096153846
RF,3,0.75,1.0,crp_dataset_8_1_2.csv|crp_dataset_8_1_5.csv|crp_dataset_8_1_1.csv,crp_dataset_8_1_7.csv,0.69,0.9999999999954546,0.9999999999954546,220,0,0,36,0.0095703125,0.00034090909090909094,0.00922940340909091
RF,3,0.75,1.0,crp_dataset_8_1_2.csv|crp_dataset_8_1_5.csv|crp_dataset_8_1_1.csv,crp_dataset_8_1_4.csv,0.69,0.999999999990909,0.8396946564821398,110,0,21,125,0.023046875,0.0002840909090909091,0.022762784090909094
RF,3,0.75,1.0,crp_dataset_8_1_2.csv|crp_dataset_8_1_5.csv|crp_dataset_8_1_1.csv,crp_dataset_8_1_6.csv,0.69,0.7077922077876118,0.7785714285658674,109,45,31,71,0.026928710937499996,0.017857142857142856,0.00907156808035714
RF,3,0.75,1.0,crp_dataset_8_1_2.csv|crp_dataset_8_1_5.csv|crp_dataset_8_1_1.csv,crp_dataset_8_1_3.csv,0.69,0.993006993000049,0.8208092485501688,142,1,31,82,0.0196044921875,0.0006993006993006993,0.0189051914881993
RF,3,0.75,1.0,crp_dataset_8_1_2.csv|crp_dataset_8_1_6.csv|crp_dataset_8_1_3.csv,crp_dataset_8_1_8.csv,0.6147222222222222,0.8282828282744618,0.5942028985464188,82,17,56,101,0.0283203125,0.006944444444444446,0.021375868055555552
RF,3,0.75,1.0,crp_dataset_8_1_2.csv|crp_dataset_8_1_6.csv|crp_dataset_8_1_3.csv,crp_dataset_8_1_7.csv,0.6147222222222222,0.9999999999954546,0.9999999999954546,220,0,0,36,0.0095703125,0.00034090909090909094,0.00922940340909091
RF,3,0.75,1.0,crp_dataset_8_1_2.csv|crp_dataset_8_1_6.csv|crp_dataset_8_1_3.csv,crp_dataset_8_1_4.csv,0.6147222222222222,0.9402985074556695,0.9618320610613601,126,8,5,117,0.023046875,0.0031716417910447763,0.019875233208955224
RF,3,0.75,1.0,crp_dataset_8_1_2.csv|crp_dataset_8_1_6.csv|crp_dataset_8_1_3.csv,crp_dataset_8_1_5.csv,0.6147222222222222,0.9999999999870129,0.7699999999923,77,0,23,156,0.039282226562499994,0.0013798701298701301,0.03790235643262987
RF,3,0.75,1.0,crp_dataset_8_1_2.csv|crp_dataset_8_1_6.csv|crp_dataset_8_1_3.csv,crp_dataset_8_1_1.csv,0.6147222222222222,0.895999999992832,0.8888888888818341,112,13,14,117,0.0252685546875,0.0032,0.0220685546875
RF,3,0.75,1.0,crp_dataset_8_1_2.csv|crp_dataset_8_1_6.csv|crp_dataset_8_1_1.csv,crp_dataset_8_1_8.csv,0.6171683137768665,0.9999999999866667,0.543478260865627,75,0,63,118,0.0283203125,0.0025833333333333337,0.025736979166666667
RF,3,0.75,1.0,crp_dataset_8_1_2.csv|crp_dataset_8_1_6.csv|crp_dataset_8_1_1.csv,crp_dataset_8_1_7.csv,0.6171683137768665,0.9999999999954546,0.9999999999954546,220,0,0,36,0.0095703125,0.00034090909090909094,0.00922940340909091
RF,3,0.75,1.0,crp_dataset_8_1_2.csv|crp_dataset_8_1_6.csv|crp_dataset_8_1_1.csv,crp_dataset_8_1_4.csv,0.6171683137768665,0.999999999992,0.9541984732751588,125,0,6,125,0.023046875,0.00025,0.022796875
RF,3,0.75,1.0,crp_dataset_8_1_2.csv|crp_dataset_8_1_6.csv|crp_dataset_8_1_1.csv,crp_dataset_8_1_5.csv,0.6171683137768665,0.9999999999870129,0.7699999999923,77,0,23,156,0.039282226562499994,0.0013798701298701301,0.03790235643262987
RF,3,0.75,1.0,crp_dataset_8_1_2.csv|crp_dataset_8_1_6.csv|crp_dataset_8_1_1.csv,crp_dataset_8_1_3.csv,0.6171683137768665,0.9999999999929079,0.8150289017293929,141,0,32,83,0.0196044921875,0.00013297872340425535,0.019471513464095744
RF,3,0.75,1.0,crp_dataset_8_1_2.csv|crp_dataset_8_1_3.csv|crp_dataset_8_1_1.csv,crp_dataset_8_1_8.csv,0.6423950129703805,0.9999999999863013,0.5289855072425437,73,0,65,118,0.0283203125,0.002568493150684932,0.02575181934931507
RF,3,0.75,1.0,crp_dataset_8_1_2.csv|crp_dataset_8_1_3.csv|crp_dataset_8_1_1.csv,crp_dataset_8_1_7.csv,0.6423950129703805,0.9999999999954546,0.9999999999954546,220,0,0,36,0.0095703125,0.00034090909090909094,0.00922940340909091
RF,3,0.75,1.0,crp_dataset_8_1_2.csv|crp_dataset_8_1_3.csv|crp_dataset_8_1_1.csv,crp_dataset_8_1_4.csv,0.6423950129703805,0.984251968496187,0.9541984732751588,125,2,6,123,0.023046875,0.0004921259842519685,0.022554749015748034
RF,3,0.75,1.0,crp_dataset_8_1_2.csv|crp_dataset_8_1_3.csv|crp_dataset_8_1_1.csv,crp_dataset_8_1_5.csv,0.6423950129703805,0.9999999999870129,0.7699999999923,77,0,23,156,0.039282226562499994,0.0013798701298701301,0.03790235643262987
RF,3,0.75,1.0,crp_dataset_8_1_2.csv|crp_dataset_8_1_3.csv|crp_dataset_8_1_1.csv,crp_dataset_8_1_6.csv,0.6423950129703805,0.6813725490162679,0.9928571428500511,139,65,1,51,0.026928710937499996,0.016727941176470588,0.010200769761029408
RF,3,0.75,1.0,crp_dataset_8_1_7.csv|crp_dataset_8_1_4.csv|crp_dataset_8_1_5.csv,crp_dataset_8_1_8.csv,0.7206666666666667,0.9718309859018052,0.49999999999637684,69,2,69,116,0.0283203125,0.0029049295774647888,0.02541538292253521
RF,3,0.75,1.0,crp_dataset_8_1_7.csv|crp_dataset_8_1_4.csv|crp_dataset_8_1_5.csv,crp_dataset_8_1_2.csv,0.7206666666666667,0.9431818181711001,0.6974789915907774,83,5,36,132,0.039453125,0.0019886363636363634,0.03746448863636363
RF,3,0.75,1.0,crp_dataset_8_1_7.csv|crp_dataset_8_1_4.csv|crp_dataset_8_1_5.csv,crp_dataset_8_1_6.csv,0.7206666666666667,0.9999999999878049,0.5857142857101021,82,0,58,116,0.026928710937499996,7.621951219512195e-05,0.026852491425304874
RF,3,0.75,1.0,crp_dataset_8_1_7.csv|crp_dataset_8_1_4.csv|crp_dataset_8_1_5.csv,crp_dataset_8_1_3.csv,0.7206666666666667,0.9824561403422591,0.6473988439268937,112,2,61,81,0.0196044921875,0.0002192982456140351,0.019385193941885964
RF,3,0.75,1.0,crp_dataset_8_1_7.csv|crp_dataset_8_1_4.csv|crp_dataset_8_1_5.csv,crp_dataset_8_1_1.csv,0.7206666666666667,0.9999999999843749,0.5079365079324767,64,0,62,130,0.0252685546875,9.765625e-05,0.0251708984375
RF,3,0.75,1.0,crp_dataset_8_1_7.csv|crp_dataset_8_1_4.csv|crp_dataset_8_1_6.csv,crp_dataset_8_1_8.csv,0.8433333333333334,0.9687499999848632,0.449275362315585,62,2,76,116,0.0283203125,0.0032226562500000003,0.02509765625
RF,3,0.75,1.0,crp_dataset_8_1_7.csv|crp_dataset_8_1_4.csv|crp_dataset_8_1_6.csv,crp_dataset_8_1_2.csv,0.8433333333333334,0.9425287356213502,0.6890756302463102,82,5,37,132,0.039453125,0.0020114942528735636,0.037441630747126434
RF,3,0.75,1.0,crp_dataset_8_1_7.csv|crp_dataset_8_1_4.csv|crp_dataset_8_1_6.csv,crp_dataset_8_1_5.csv,0.8433333333333334,0.9999999999870129,0.7699999999923,77,0,23,156,0.039282226562499994,0.0013798701298701301,0.03790235643262987
RF,3,0.75,1.0,crp_dataset_8_1_7.csv|crp_dataset_8_1_4.csv|crp_dataset_8_1_6.csv,crp_dataset_8_1_3.csv,0.8433333333333334,0.982905982897582,0.6647398843892212,115,2,58,81,0.0196044921875,0.00021367521367521368,0.019390816973824786
RF,3,0.75,1.0,crp_dataset_8_1_7.csv|crp_dataset_8_1_4.csv|crp_dataset_8_1_6.csv,crp_dataset_8_1_1.csv,0.8433333333333334,0.9999999999833334,0.4761904761866969,60,0,66,130,0.0252685546875,0.00010416666666666667,0.025164388020833334
RF,3,0.75,1.0,crp_dataset_8_1_7.csv|crp_dataset_8_1_4.csv|crp_dataset_8_1_3.csv,crp_dataset_8_1_8.csv,0.7341666666666666,0.9302325581287182,0.5797101449233355,80,6,58,112,0.0283203125,0.0037063953488372086,0.02461391715116279
RF,3,0.75,1.0,crp_dataset_8_1_7.csv|crp_dataset_8_1_4.csv|crp_dataset_8_1_3.csv,crp_dataset_8_1_2.csv,0.7341666666666666,0.9999999999878049,0.6890756302463102,82,0,37,137,0.039453125,0.0013719512195121953,0.0380811737804878
RF,3,0.75,1.0,crp_dataset_8_1_7.csv|crp_dataset_8_1_4.csv|crp_dataset_8_1_3.csv,crp_dataset_8_1_5.csv,0.7341666666666666,0.987654320975461,0.799999999992,80,1,20,155,0.039282226562499994,0.0015432098765432098,0.037739016685956785
RF,3,0.75,1.0,crp_dataset_8_1_7.csv|crp_dataset_8_1_4.csv|crp_dataset_8_1_3.csv,crp_dataset_8_1_6.csv,0.7341666666666666,0.6556603773553978,0.9928571428500511,139,73,1,43,0.026928710937499996,0.018337264150943396,0.0085914467865566
RF,3,0.75,1.0,crp_dataset_8_1_7.csv|crp_dataset_8_1_4.csv|crp_dataset_8_1_3.csv,crp_dataset_8_1_1.csv,0.7341666666666666,0.9565217391165721,0.5238095238053666,66,3,60,127,0.0252685546875,0.0006340579710144928,0.02463449671648551
RF,3,0.75,1.0,crp_dataset_8_1_7.csv|crp_dataset_8_1_4.csv|crp_dataset_8_1_1.csv,crp_dataset_8_1_8.csv,0.6089550264550265,0.9797979797880828,0.7028985507195442,97,2,41,116,0.0283203125,0.002272727272727273,0.026047585227272727
RF,3,0.75,1.0,crp_dataset_8_1_7.csv|crp_dataset_8_1_4.csv|crp_dataset_8_1_1.csv,crp_dataset_8_1_2.csv,0.6089550264550265,0.9425287356213502,0.6890756302463102,82,5,37,132,0.039453125,0.0020114942528735636,0.037441630747126434
RF,3,0.75,1.0,crp_dataset_8_1_7.csv|crp_dataset_8_1_4.csv|crp_dataset_8_1_1.csv,crp_dataset_8_1_5.csv,0.6089550264550265,0.9999999999873417,0.7899999999921,79,0,21,156,0.039282226562499994,0.0013449367088607597,0.037937289853639235
RF,3,0.75,1.0,crp_dataset_8_1_7.csv|crp_dataset_8_1_4.csv|crp_dataset_8_1_1.csv,crp_dataset_8_1_6.csv,0.6089550264550265,0.723163841803824,0.9142857142791837,128,49,12,67,0.026928710937499996,0.017090395480225992,0.009838315457274004
RF,3,0.75,1.0,crp_dataset_8_1_7.csv|crp_dataset_8_1_4.csv|crp_dataset_8_1_1.csv,crp_dataset_8_1_3.csv,0.6089550264550265,0.9782608695581286,0.7803468208047379,135,3,38,80,0.0196044921875,0.0010416666666666667,0.018562825520833333
RF,3,0.75,1.0,crp_dataset_8_1_7.csv|crp_dataset_8_1_5.csv|crp_dataset_8_1_6.csv,crp_dataset_8_1_8.csv,0.6166666666666667,0.9404761904649943,0.5724637681117938,79,5,59,113,0.0283203125,0.003348214285714285,0.024972098214285716
RF,3,0.75,1.0,crp_dataset_8_1_7.csv|crp_dataset_8_1_5.csv|crp_dataset_8_1_6.csv,crp_dataset_8_1_2.csv,0.6166666666666667,0.9504950494955396,0.806722689068851,96,5,23,132,0.039453125,0.0019183168316831687,0.03753480816831683
RF,3,0.75,1.0,crp_dataset_8_1_7.csv|crp_dataset_8_1_5.csv|crp_dataset_8_1_6.csv,crp_dataset_8_1_4.csv,0.6166666666666667,0.999999999992,0.9541984732751588,125,0,6,125,0.023046875,0.00025,0.022796875
RF,3,0.75,1.0,crp_dataset_8_1_7.csv|crp_dataset_8_1_5.csv|crp_dataset_8_1_6.csv,crp_dataset_8_1_3.csv,0.6166666666666667,0.983999999992128,0.7109826589554279,123,2,50,81,0.0196044921875,0.0002,0.0194044921875
RF,3,0.75,1.0,crp_dataset_8_1_7.csv|crp_dataset_8_1_5.csv|crp_dataset_8_1_6.csv,crp_dataset_8_1_1.csv,0.6166666666666667,0.9999999999848485,0.5238095238053666,66,0,60,130,0.0252685546875,9.46969696969697e-05,0.02517385771780303
RF,3,0.75,1.0,crp_dataset_8_1_7.csv|crp_dataset_8_1_5.csv|crp_dataset_8_1_3.csv,crp_dataset_8_1_8.csv,0.77,0.9999999999846153,0.47101449275021007,65,0,73,118,0.0283203125,0.0027884615384615387,0.02553185096153846
RF,3,0.75,1.0,crp_dataset_8_1_7.csv|crp_dataset_8_1_5.csv|crp_dataset_8_1_3.csv,crp_dataset_8_1_2.csv,0.77,0.9999999999904762,0.8823529411690558,105,0,14,137,0.039453125,0.0014285714285714286,0.03802455357142857
RF,3,0.75,1.0,crp_dataset_8_1_7.csv|crp_dataset_8_1_5.csv|crp_dataset_8_1_3.csv,crp_dataset_8_1_4.csv,0.77,0.999999999990909,0.8396946564821398,110,0,21,125,0.023046875,0.0002840909090909091,0.022762784090909094
RF,3,0.75,1.0,crp_dataset_8_1_7.csv|crp_dataset_8_1_5.csv|crp_dataset_8_1_3.csv,crp_dataset_8_1_6.csv,0.77,0.7584269662878741,0.9642857142788266,135,43,5,73,0.026928710937499996,0.010990168539325842,0.015938542398174153
RF,3,0.75,1.0,crp_dataset_8_1_7.csv|crp_dataset_8_1_5.csv|crp_dataset_8_1_3.csv,crp_dataset_8_1_1.csv,0.77,0.9999999999852941,0.5396825396782565,68,0,58,130,0.0252685546875,9.191176470588235e-05,0.025176642922794118
RF,3,0.75,1.0,crp_dataset_8_1_7.csv|crp_dataset_8_1_5.csv|crp_dataset_8_1_1.csv,crp_dataset_8_1_8.csv,0.6166666666666667,0.977528089876657,0.6304347826041273,87,2,51,116,0.0283203125,0.0023174157303370788,0.02600289676966292
RF,3,0.75,1.0,crp_dataset_8_1_7.csv|crp_dataset_8_1_5.csv|crp_dataset_8_1_1.csv,crp_dataset_8_1_2.csv,0.6166666666666667,0.9537037036948731,0.8655462184801215,103,5,16,132,0.039453125,0.001967592592592593,0.03748553240740741
RF,3,0.75,1.0,crp_dataset_8_1_7.csv|crp_dataset_8_1_5.csv|crp_dataset_8_1_1.csv,crp_dataset_8_1_4.csv,0.6166666666666667,0.9913793103362811,0.8778625954131462,115,1,16,124,0.023046875,0.00043103448275862074,0.02261584051724138
RF,3,0.75,1.0,crp_dataset_8_1_7.csv|crp_dataset_8_1_5.csv|crp_dataset_8_1_1.csv,crp_dataset_8_1_6.csv,0.6166666666666667,0.6981132075427792,0.7928571428514797,111,48,29,68,0.026928710937499996,0.019378930817610062,0.007549780119889934
RF,3,0.75,1.0,crp_dataset_8_1_7.csv|crp_dataset_8_1_5.csv|crp_dataset_8_1_1.csv,crp_dataset_8_1_3.csv,0.6166666666666667,0.9701492537241034,0.7514450867008587,130,4,43,79,0.0196044921875,0.0017257462686567165,0.017878745918843284
RF,3,0.75,1.0,crp_dataset_8_1_7.csv|crp_dataset_8_1_6.csv|crp_dataset_8_1_3.csv,crp_dataset_8_1_8.csv,0.6487698412698412,0.9999999999846153,0.47101449275021007,65,0,73,118,0.0283203125,0.0027884615384615383,0.02553185096153846
RF,3,0.75,1.0,crp_dataset_8_1_7.csv|crp_dataset_8_1_6.csv|crp_dataset_8_1_3.csv,crp_dataset_8_1_2.csv,0.6487698412698412,0.9999999999878049,0.6890756302463102,82,0,37,137,0.039453125,0.0013719512195121953,0.0380811737804878
RF,3,0.75,1.0,crp_dataset_8_1_7.csv|crp_dataset_8_1_6.csv|crp_dataset_8_1_3.csv,crp_dataset_8_1_4.csv,0.6487698412698412,0.999999999990991,0.8473282442683411,111,0,20,125,0.023046875,0.00028153153153153153,0.02276534346846847
RF,3,0.75,1.0,crp_dataset_8_1_7.csv|crp_dataset_8_1_6.csv|crp_dataset_8_1_3.csv,crp_dataset_8_1_5.csv,0.6487698412698412,0.9999999999870129,0.7699999999923,77,0,23,156,0.039282226562499994,0.0013798701298701301,0.03790235643262987
RF,3,0.75,1.0,crp_dataset_8_1_7.csv|crp_dataset_8_1_6.csv|crp_dataset_8_1_3.csv,crp_dataset_8_1_1.csv,0.6487698412698412,0.9999999999866667,0.5952380952333711,75,0,51,130,0.0252685546875,8.333333333333334e-05,0.025185221354166665
RF,3,0.75,1.0,crp_dataset_8_1_7.csv|crp_dataset_8_1_6.csv|crp_dataset_8_1_1.csv,crp_dataset_8_1_8.csv,0.6621233211233211,0.9784946236453925,0.6594202898502941,91,2,47,116,0.0283203125,0.002419354838709678,0.025900957661290323
RF,3,0.75,1.0,crp_dataset_8_1_7.csv|crp_dataset_8_1_6.csv|crp_dataset_8_1_1.csv,crp_dataset_8_1_2.csv,0.6621233211233211,0.9425287356213502,0.6890756302463102,82,5,37,132,0.039453125,0.0020114942528735636,0.037441630747126434
RF,3,0.75,1.0,crp_dataset_8_1_7.csv|crp_dataset_8_1_6.csv|crp_dataset_8_1_1.csv,crp_dataset_8_1_4.csv,0.6621233211233211,0.9999999999916667,0.9160305343441525,120,0,11,125,0.023046875,0.00026041666666666666,0.022786458333333336
RF,3,0.75,1.0,crp_dataset_8_1_7.csv|crp_dataset_8_1_6.csv|crp_dataset_8_1_1.csv,crp_dataset_8_1_5.csv,0.6621233211233211,0.9999999999870129,0.7699999999923,77,0,23,156,0.039282226562499994,0.0013798701298701301,0.03790235643262987
RF,3,0.75,1.0,crp_dataset_8_1_7.csv|crp_dataset_8_1_6.csv|crp_dataset_8_1_1.csv,crp_dataset_8_1_3.csv,0.6621233211233211,0.984496124023376,0.7341040462385312,127,2,46,81,0.0196044921875,0.0001937984496124031,0.019410693737887598
RF,3,0.75,1.0,crp_dataset_8_1_7.csv|crp_dataset_8_1_3.csv|crp_dataset_8_1_1.csv,crp_dataset_8_1_8.csv,0.6966666666666667,0.9999999999883721,0.6231884057925856,86,0,52,118,0.0283203125,0.002107558139534884,0.026212754360465117
RF,3,0.75,1.0,crp_dataset_8_1_7.csv|crp_dataset_8_1_3.csv|crp_dataset_8_1_1.csv,crp_dataset_8_1_2.csv,0.6966666666666667,0.9999999999878049,0.6890756302463102,82,0,37,137,0.039453125,0.0013719512195121953,0.0380811737804878
RF,3,0.75,1.0,crp_dataset_8_1_7.csv|crp_dataset_8_1_3.csv|crp_dataset_8_1_1.csv,crp_dataset_8_1_4.csv,0.6966666666666667,0.9910714285625797,0.8473282442683411,111,1,20,124,0.023046875,0.00044642857142857147,0.02260044642857143
RF,3,0.75,1.0,crp_dataset_8_1_7.csv|crp_dataset_8_1_3.csv|crp_dataset_8_1_1.csv,crp_dataset_8_1_5.csv,0.6966666666666667,0.9999999999870129,0.7699999999923,77,0,23,156,0.039282226562499994,0.0013798701298701301,0.03790235643262987
RF,3,0.75,1.0,crp_dataset_8_1_7.csv|crp_dataset_8_1_3.csv|crp_dataset_8_1_1.csv,crp_dataset_8_1_6.csv,0.6966666666666667,0.63063063062779,0.9999999999928573,140,82,0,34,0.026928710937499996,0.02134009009009009,0.005588620847409905
RF,3,0.75,1.0,crp_dataset_8_1_4.csv|crp_dataset_8_1_5.csv|crp_dataset_8_1_6.csv,crp_dataset_8_1_8.csv,0.6107417736584404,0.9302325581287182,0.5797101449233355,80,6,58,112,0.0283203125,0.0035610465116279067,0.024759265988372095
RF,3,0.75,1.0,crp_dataset_8_1_4.csv|crp_dataset_8_1_5.csv|crp_dataset_8_1_6.csv,crp_dataset_8_1_2.csv,0.6107417736584404,0.9499999999905,0.7983193277243839,95,5,24,132,0.039453125,0.0019375000000000004,0.037515625
RF,3,0.75,1.0,crp_dataset_8_1_4.csv|crp_dataset_8_1_5.csv|crp_dataset_8_1_6.csv,crp_dataset_8_1_7.csv,0.6107417736584404,0.9999999999954546,0.9999999999954546,220,0,0,36,0.0095703125,0.00034090909090909094,0.00922940340909091
RF,3,0.75,1.0,crp_dataset_8_1_4.csv|crp_dataset_8_1_5.csv|crp_dataset_8_1_6.csv,crp_dataset_8_1_3.csv,0.6107417736584404,0.984496124023376,0.7341040462385312,127,2,46,81,0.0196044921875,0.0001937984496124031,0.019410693737887598
RF,3,0.75,1.0,crp_dataset_8_1_4.csv|crp_dataset_8_1_5.csv|crp_dataset_8_1_6.csv,crp_dataset_8_1_1.csv,0.6107417736584404,0.9722222222087191,0.5555555555511463,70,2,56,128,0.0252685546875,0.00043402777777777775,0.024834526909722224
RF,3,0.75,1.0,crp_dataset_8_1_4.csv|crp_dataset_8_1_5.csv|crp_dataset_8_1_3.csv,crp_dataset_8_1_8.csv,0.7037333333333333,0.9999999999855071,0.49999999999637684,69,0,69,118,0.0283203125,0.0026268115942028993,0.0256935009057971
RF,3,0.75,1.0,crp_dataset_8_1_4.csv|crp_dataset_8_1_5.csv|crp_dataset_8_1_3.csv,crp_dataset_8_1_2.csv,0.7037333333333333,0.9999999999888889,0.7563025210020479,90,0,29,137,0.039453125,0.0013194444444444447,0.038133680555555556
RF,3,0.75,1.0,crp_dataset_8_1_4.csv|crp_dataset_8_1_5.csv|crp_dataset_8_1_3.csv,crp_dataset_8_1_7.csv,0.7037333333333333,0.9999999999954546,0.9999999999954546,220,0,0,36,0.0095703125,0.00034090909090909094,0.00922940340909091
RF,3,0.75,1.0,crp_dataset_8_1_4.csv|crp_dataset_8_1_5.csv|crp_dataset_8_1_3.csv,crp_dataset_8_1_6.csv,0.7037333333333333,0.6556603773553978,0.9928571428500511,139,73,1,43,0.026928710937499996,0.01857311320754717,0.008355597729952827
RF,3,0.75,1.0,crp_dataset_8_1_4.csv|crp_dataset_8_1_5.csv|crp_dataset_8_1_3.csv,crp_dataset_8_1_1.csv,0.7037333333333333,0.9999999999850746,0.5317460317418116,67,0,59,130,0.0252685546875,9.328358208955224e-05,0.025175271105410447
RF,3,0.75,1.0,crp_dataset_8_1_4.csv|crp_dataset_8_1_5.csv|crp_dataset_8_1_1.csv,crp_dataset_8_1_8.csv,0.6452623302623302,0.979166666656467,0.6811594202849192,94,2,44,116,0.0283203125,0.0026041666666666665,0.025716145833333332
RF,3,0.75,1.0,crp_dataset_8_1_4.csv|crp_dataset_8_1_5.csv|crp_dataset_8_1_1.csv,crp_dataset_8_1_2.csv,0.6452623302623302,0.9444444444339506,0.7142857142797119,85,5,34,132,0.039453125,0.0019444444444444446,0.037508680555555556
RF,3,0.75,1.0,crp_dataset_8_1_4.csv|crp_dataset_8_1_5.csv|crp_dataset_8_1_1.csv,crp_dataset_8_1_7.csv,0.6452623302623302,0.9999999999954546,0.9999999999954546,220,0,0,36,0.0095703125,0.00034090909090909094,0.00922940340909091
RF,3,0.75,1.0,crp_dataset_8_1_4.csv|crp_dataset_8_1_5.csv|crp_dataset_8_1_1.csv,crp_dataset_8_1_6.csv,0.6452623302623302,0.785234899323589,0.8357142857083164,117,32,23,84,0.026928710937499996,0.012877516778523489,0.014051194158976507
RF,3,0.75,1.0,crp_dataset_8_1_4.csv|crp_dataset_8_1_5.csv|crp_dataset_8_1_1.csv,crp_dataset_8_1_3.csv,0.6452623302623302,0.9850746268583204,0.7630057803424104,132,2,41,81,0.0196044921875,0.00032649253731343285,0.019277999650186565
RF,3,0.75,1.0,crp_dataset_8_1_4.csv|crp_dataset_8_1_6.csv|crp_dataset_8_1_3.csv,crp_dataset_8_1_8.csv,0.75,0.9999999999836067,0.4420289855040433,61,0,77,118,0.0283203125,0.0029713114754098364,0.025349001024590163
RF,3,0.75,1.0,crp_dataset_8_1_4.csv|crp_dataset_8_1_6.csv|crp_dataset_8_1_3.csv,crp_dataset_8_1_2.csv,0.75,0.9999999999878049,0.6890756302463102,82,0,37,137,0.039453125,0.0013719512195121953,0.0380811737804878
RF,3,0.75,1.0,crp_dataset_8_1_4.csv|crp_dataset_8_1_6.csv|crp_dataset_8_1_3.csv,crp_dataset_8_1_7.csv,0.75,0.9999999999954546,0.9999999999954546,220,0,0,36,0.0095703125,0.00034090909090909094,0.00922940340909091
RF,3,0.75,1.0,crp_dataset_8_1_4.csv|crp_dataset_8_1_6.csv|crp_dataset_8_1_3.csv,crp_dataset_8_1_5.csv,0.75,0.9999999999870129,0.7699999999923,77,0,23,156,0.039282226562499994,0.0013798701298701301,0.03790235643262987
RF,3,0.75,1.0,crp_dataset_8_1_4.csv|crp_dataset_8_1_6.csv|crp_dataset_8_1_3.csv,crp_dataset_8_1_1.csv,0.75,0.999999999984127,0.49999999999603173,63,0,63,130,0.0252685546875,9.92063492063492e-05,0.02516934833829365
RF,3,0.75,1.0,crp_dataset_8_1_4.csv|crp_dataset_8_1_6.csv|crp_dataset_8_1_1.csv,crp_dataset_8_1_8.csv,0.6682837022132797,0.9799999999901999,0.7101449275310859,98,2,40,116,0.0283203125,0.0028124999999999995,0.0255078125
RF,3,0.75,1.0,crp_dataset_8_1_4.csv|crp_dataset_8_1_6.csv|crp_dataset_8_1_1.csv,crp_dataset_8_1_2.csv,0.6682837022132797,0.9425287356213502,0.6890756302463102,82,5,37,132,0.039453125,0.0020114942528735636,0.037441630747126434
RF,3,0.75,1.0,crp_dataset_8_1_4.csv|crp_dataset_8_1_6.csv|crp_dataset_8_1_1.csv,crp_dataset_8_1_7.csv,0.6682837022132797,0.9999999999954546,0.9999999999954546,220,0,0,36,0.0095703125,0.00034090909090909094,0.00922940340909091
RF,3,0.75,1.0,crp_dataset_8_1_4.csv|crp_dataset_8_1_6.csv|crp_dataset_8_1_1.csv,crp_dataset_8_1_5.csv,0.6682837022132797,0.9999999999871795,0.7799999999921999,78,0,22,156,0.039282226562499994,0.0013621794871794873,0.037920047075320505
RF,3,0.75,1.0,crp_dataset_8_1_4.csv|crp_dataset_8_1_6.csv|crp_dataset_8_1_1.csv,crp_dataset_8_1_3.csv,0.6682837022132797,0.9850746268583204,0.7630057803424104,132,2,41,81,0.0196044921875,0.00018656716417910448,0.019417925023320896
RF,3,0.75,1.0,crp_dataset_8_1_4.csv|crp_dataset_8_1_3.csv|crp_dataset_8_1_1.csv,crp_dataset_8_1_8.csv,0.8236682312136034,0.9999999999875,0.5797101449233355,80,0,58,118,0.0283203125,0.002265625,0.0260546875
RF,3,0.75,1.0,crp_dataset_8_1_4.csv|crp_dataset_8_1_3.csv|crp_dataset_8_1_1.csv,crp_dataset_8_1_2.csv,0.8236682312136034,0.9999999999878049,0.6890756302463102,82,0,37,137,0.039453125,0.0013719512195121953,0.0380811737804878
RF,3,0.75,1.0,crp_dataset_8_1_4.csv|crp_dataset_8_1_3.csv|crp_dataset_8_1_1.csv,crp_dataset_8_1_7.csv,0.8236682312136034,0.9999999999953488,0.9772727272682852,215,0,5,36,0.0095703125,0.00020348837209302326,0.009366824127906978
RF,3,0.75,1.0,crp_dataset_8_1_4.csv|crp_dataset_8_1_3.csv|crp_dataset_8_1_1.csv,crp_dataset_8_1_5.csv,0.8236682312136034,0.9999999999870129,0.7699999999923,77,0,23,156,0.039282226562499994,0.0013798701298701301,0.03790235643262987
RF,3,0.75,1.0,crp_dataset_8_1_4.csv|crp_dataset_8_1_3.csv|crp_dataset_8_1_1.csv,crp_dataset_8_1_6.csv,0.8236682312136034,0.8083832335280936,0.9642857142788266,135,32,5,84,0.026928710937499996,0.009244011976047906,0.01768469896145209
RF,3,0.75,1.0,crp_dataset_8_1_5.csv|crp_dataset_8_1_6.csv|crp_dataset_8_1_3.csv,crp_dataset_8_1_8.csv,0.6471111111111111,0.9999999999868421,0.5507246376771687,76,0,62,118,0.0283203125,0.0028782894736842104,0.02544202302631579
RF,3,0.75,1.0,crp_dataset_8_1_5.csv|crp_dataset_8_1_6.csv|crp_dataset_8_1_3.csv,crp_dataset_8_1_2.csv,0.6471111111111111,0.9999999999915966,0.9999999999915966,119,0,0,137,0.039453125,0.0015231092436974792,0.03793001575630252
RF,3,0.75,1.0,crp_dataset_8_1_5.csv|crp_dataset_8_1_6.csv|crp_dataset_8_1_3.csv,crp_dataset_8_1_7.csv,0.6471111111111111,0.9999999999954546,0.9999999999954546,220,0,0,36,0.0095703125,0.00034090909090909094,0.00922940340909091
RF,3,0.75,1.0,crp_dataset_8_1_5.csv|crp_dataset_8_1_6.csv|crp_dataset_8_1_3.csv,crp_dataset_8_1_4.csv,0.6471111111111111,0.999999999992,0.9541984732751588,125,0,6,125,0.023046875,0.00025,0.022796875
RF,3,0.75,1.0,crp_dataset_8_1_5.csv|crp_dataset_8_1_6.csv|crp_dataset_8_1_3.csv,crp_dataset_8_1_1.csv,0.6471111111111111,0.95774647885975,0.5396825396782565,68,3,58,127,0.0252685546875,0.0006161971830985915,0.02465235750440141
RF,3,0.75,1.0,crp_dataset_8_1_5.csv|crp_dataset_8_1_6.csv|crp_dataset_8_1_1.csv,crp_dataset_8_1_8.csv,0.6834284268363217,0.9780219780112305,0.6449275362272108,89,2,49,116,0.0283203125,0.002403846153846154,0.025916466346153848
RF,3,0.75,1.0,crp_dataset_8_1_5.csv|crp_dataset_8_1_6.csv|crp_dataset_8_1_1.csv,crp_dataset_8_1_2.csv,0.6834284268363217,0.9425287356213502,0.6890756302463102,82,5,37,132,0.039453125,0.0020114942528735636,0.037441630747126434
RF,3,0.75,1.0,crp_dataset_8_1_5.csv|crp_dataset_8_1_6.csv|crp_dataset_8_1_1.csv,crp_dataset_8_1_7.csv,0.6834284268363217,0.9999999999954546,0.9999999999954546,220,0,0,36,0.0095703125,0.00034090909090909094,0.00922940340909091
RF,3,0.75,1.0,crp_dataset_8_1_5.csv|crp_dataset_8_1_6.csv|crp_dataset_8_1_1.csv,crp_dataset_8_1_4.csv,0.6834284268363217,0.9920634920556185,0.9541984732751588,125,1,6,124,0.023046875,0.0003968253968253968,0.022650049603174606
RF,3,0.75,1.0,crp_dataset_8_1_5.csv|crp_dataset_8_1_6.csv|crp_dataset_8_1_1.csv,crp_dataset_8_1_3.csv,0.6834284268363217,0.9863945578164192,0.8381502890124963,145,2,28,81,0.0196044921875,0.00029761904761904765,0.019306873139880953
RF,3,0.75,1.0,crp_dataset_8_1_5.csv|crp_dataset_8_1_3.csv|crp_dataset_8_1_1.csv,crp_dataset_8_1_8.csv,0.6100882820845178,0.9999999999883721,0.6231884057925856,86,0,52,118,0.0283203125,0.0021802325581395353,0.026140079941860465
RF,3,0.75,1.0,crp_dataset_8_1_5.csv|crp_dataset_8_1_3.csv|crp_dataset_8_1_1.csv,crp_dataset_8_1_2.csv,0.6100882820845178,0.9999999999892473,0.7815126050354495,93,0,26,137,0.039453125,0.0012768817204301078,0.038176243279569894
RF,3,0.75,1.0,crp_dataset_8_1_5.csv|crp_dataset_8_1_3.csv|crp_dataset_8_1_1.csv,crp_dataset_8_1_7.csv,0.6100882820845178,0.9999999999954546,0.9999999999954546,220,0,0,36,0.0095703125,0.00034090909090909094,0.00922940340909091
RF,3,0.75,1.0,crp_dataset_8_1_5.csv|crp_dataset_8_1_3.csv|crp_dataset_8_1_1.csv,crp_dataset_8_1_4.csv,0.6100882820845178,0.9920634920556185,0.9541984732751588,125,1,6,124,0.023046875,0.0003968253968253968,0.022650049603174606
RF,3,0.75,1.0,crp_dataset_8_1_5.csv|crp_dataset_8_1_3.csv|crp_dataset_8_1_1.csv,crp_dataset_8_1_6.csv,0.6100882820845178,0.5982905982880415,0.9999999999928573,140,94,0,22,0.026928710937499996,0.023985042735042733,0.0029436682024572627
RF,3,0.75,1.0,crp_dataset_8_1_6.csv|crp_dataset_8_1_3.csv|crp_dataset_8_1_1.csv,crp_dataset_8_1_8.csv,0.7228366927190457,0.999999999988764,0.6449275362272108,89,0,49,118,0.0283203125,0.002106741573033708,0.026213570926966294
RF,3,0.75,1.0,crp_dataset_8_1_6.csv|crp_dataset_8_1_3.csv|crp_dataset_8_1_1.csv,crp_dataset_8_1_2.csv,0.7228366927190457,0.9999999999859155,0.5966386554571711,71,0,48,137,0.039453125,0.0006161971830985916,0.03883692781690141
RF,3,0.75,1.0,crp_dataset_8_1_6.csv|crp_dataset_8_1_3.csv|crp_dataset_8_1_1.csv,crp_dataset_8_1_7.csv,0.7228366927190457,0.9999999999952381,0.9545454545411157,210,0,10,36,0.0095703125,5.9523809523809524e-05,0.009510788690476191
RF,3,0.75,1.0,crp_dataset_8_1_6.csv|crp_dataset_8_1_3.csv|crp_dataset_8_1_1.csv,crp_dataset_8_1_4.csv,0.7228366927190457,0.991803278680395,0.9236641221303538,121,1,10,124,0.023046875,0.00015368852459016395,0.022893186475409836
RF,3,0.75,1.0,crp_dataset_8_1_6.csv|crp_dataset_8_1_3.csv|crp_dataset_8_1_1.csv,crp_dataset_8_1_5.csv,0.7228366927190457,0.9864864864731555,0.7299999999926999,73,1,27,155,0.039282226562499994,0.0010979729729729733,0.03818425358952702
RF,4,0.75,1.0,crp_dataset_8_1_8.csv|crp_dataset_8_1_2.csv|crp_dataset_8_1_7.csv|crp_dataset_8_1_4.csv,crp_dataset_8_1_5.csv,0.7365084670231729,0.9999999999870129,0.7699999999923,77,0,23,156,0.039282226562499994,0.0013798701298701301,0.03790235643262987
RF,4,0.75,1.0,crp_dataset_8_1_8.csv|crp_dataset_8_1_2.csv|crp_dataset_8_1_7.csv|crp_dataset_8_1_4.csv,crp_dataset_8_1_6.csv,0.7365084670231729,0.9999999999878049,0.5857142857101021,82,0,58,116,0.026928710937499996,7.621951219512195e-05,0.026852491425304874
RF,4,0.75,1.0,crp_dataset_8_1_8.csv|crp_dataset_8_1_2.csv|crp_dataset_8_1_7.csv|crp_dataset_8_1_4.csv,crp_dataset_8_1_3.csv,0.7365084670231729,0.999999999991228,0.6589595375684454,114,0,59,83,0.0196044921875,0.0,0.0196044921875
RF,4,0.75,1.0,crp_dataset_8_1_8.csv|crp_dataset_8_1_2.csv|crp_dataset_8_1_7.csv|crp_dataset_8_1_4.csv,crp_dataset_8_1_1.csv,0.7365084670231729,0.9999999999846153,0.5158730158689216,65,0,61,130,0.0252685546875,9.615384615384615e-05,0.025172400841346153
RF,4,0.75,1.0,crp_dataset_8_1_8.csv|crp_dataset_8_1_2.csv|crp_dataset_8_1_7.csv|crp_dataset_8_1_5.csv,crp_dataset_8_1_4.csv,0.6138071895424837,0.9999999999910714,0.8549618320545423,112,0,19,125,0.023046875,0.00027901785714285713,0.022767857142857145
RF,4,0.75,1.0,crp_dataset_8_1_8.csv|crp_dataset_8_1_2.csv|crp_dataset_8_1_7.csv|crp_dataset_8_1_5.csv,crp_dataset_8_1_6.csv,0.6138071895424837,0.9999999999868421,0.5428571428532654,76,0,64,116,0.026928710937499996,8.223684210526316e-05,0.026846474095394732
RF,4,0.75,1.0,crp_dataset_8_1_8.csv|crp_dataset_8_1_2.csv|crp_dataset_8_1_7.csv|crp_dataset_8_1_5.csv,crp_dataset_8_1_3.csv,0.6138071895424837,0.999999999991228,0.6589595375684454,114,0,59,83,0.0196044921875,0.0,0.0196044921875
RF,4,0.75,1.0,crp_dataset_8_1_8.csv|crp_dataset_8_1_2.csv|crp_dataset_8_1_7.csv|crp_dataset_8_1_5.csv,crp_dataset_8_1_1.csv,0.6138071895424837,0.9999999999875,0.6349206349155958,80,0,46,130,0.0252685546875,7.8125e-05,0.0251904296875
RF,4,0.75,1.0,crp_dataset_8_1_8.csv|crp_dataset_8_1_2.csv|crp_dataset_8_1_7.csv|crp_dataset_8_1_6.csv,crp_dataset_8_1_4.csv,0.6386417950000333,0.9920634920556185,0.9541984732751588,125,1,6,124,0.023046875,0.00034722222222222224,0.02269965277777778
RF,4,0.75,1.0,crp_dataset_8_1_8.csv|crp_dataset_8_1_2.csv|crp_dataset_8_1_7.csv|crp_dataset_8_1_6.csv,crp_dataset_8_1_5.csv,0.6386417950000333,0.9999999999876543,0.8099999999919,81,0,19,156,0.039282226562499994,0.0016203703703703708,0.037661856192129625
RF,4,0.75,1.0,crp_dataset_8_1_8.csv|crp_dataset_8_1_2.csv|crp_dataset_8_1_7.csv|crp_dataset_8_1_6.csv,crp_dataset_8_1_3.csv,0.6386417950000333,0.999999999992,0.7225433525969795,125,0,48,83,0.0196044921875,0.0,0.0196044921875
RF,4,0.75,1.0,crp_dataset_8_1_8.csv|crp_dataset_8_1_2.csv|crp_dataset_8_1_7.csv|crp_dataset_8_1_6.csv,crp_dataset_8_1_1.csv,0.6386417950000333,0.9659090908981146,0.6746031745978206,85,3,41,127,0.0252685546875,0.000497159090909091,0.02477139559659091
RF,4,0.75,1.0,crp_dataset_8_1_8.csv|crp_dataset_8_1_2.csv|crp_dataset_8_1_7.csv|crp_dataset_8_1_3.csv,crp_dataset_8_1_4.csv,0.6311802240078127,0.9913043478174669,0.8702290076269449,114,1,17,124,0.023046875,0.0004891304347826087,0.02255774456521739
RF,4,0.75,1.0,crp_dataset_8_1_8.csv|crp_dataset_8_1_2.csv|crp_dataset_8_1_7.csv|crp_dataset_8_1_3.csv,crp_dataset_8_1_5.csv,0.6311802240078127,0.9999999999876543,0.8099999999919,81,0,19,156,0.039282226562499994,0.0015432098765432098,0.037739016685956785
RF,4,0.75,1.0,crp_dataset_8_1_8.csv|crp_dataset_8_1_2.csv|crp_dataset_8_1_7.csv|crp_dataset_8_1_3.csv,crp_dataset_8_1_6.csv,0.6311802240078127,0.6278026905801444,0.9999999999928573,140,83,0,33,0.026928710937499996,0.0210762331838565,0.005852477753643497
RF,4,0.75,1.0,crp_dataset_8_1_8.csv|crp_dataset_8_1_2.csv|crp_dataset_8_1_7.csv|crp_dataset_8_1_3.csv,crp_dataset_8_1_1.csv,0.6311802240078127,0.9579831932692606,0.9047619047547241,114,5,12,125,0.0252685546875,0.0008928571428571429,0.024375697544642857
RF,4,0.75,1.0,crp_dataset_8_1_8.csv|crp_dataset_8_1_2.csv|crp_dataset_8_1_7.csv|crp_dataset_8_1_1.csv,crp_dataset_8_1_4.csv,0.6051634638689701,0.999999999990991,0.8473282442683411,111,0,20,125,0.023046875,0.0003378378378378379,0.022709037162162164
RF,4,0.75,1.0,crp_dataset_8_1_8.csv|crp_dataset_8_1_2.csv|crp_dataset_8_1_7.csv|crp_dataset_8_1_1.csv,crp_dataset_8_1_5.csv,0.6051634638689701,0.9999999999870129,0.7699999999923,77,0,23,156,0.039282226562499994,0.0013798701298701301,0.03790235643262987
RF,4,0.75,1.0,crp_dataset_8_1_8.csv|crp_dataset_8_1_2.csv|crp_dataset_8_1_7.csv|crp_dataset_8_1_1.csv,crp_dataset_8_1_6.csv,0.6051634638689701,0.9067796610092645,0.7642857142802552,107,11,33,105,0.026928710937499996,0.005137711864406779,0.021790999073093217
RF,4,0.75,1.0,crp_dataset_8_1_8.csv|crp_dataset_8_1_2.csv|crp_dataset_8_1_7.csv|crp_dataset_8_1_1.csv,crp_dataset_8_1_3.csv,0.6051634638689701,0.9924242424167241,0.7572254335216346,131,1,42,82,0.0196044921875,0.0007575757575757576,0.01884691642992424
RF,4,0.75,1.0,crp_dataset_8_1_8.csv|crp_dataset_8_1_2.csv|crp_dataset_8_1_4.csv|crp_dataset_8_1_5.csv,crp_dataset_8_1_7.csv,0.6766666666666666,0.9999999999954546,0.9999999999954546,220,0,0,36,0.0095703125,0.00034090909090909094,0.00922940340909091
RF,4,0.75,1.0,crp_dataset_8_1_8.csv|crp_dataset_8_1_2.csv|crp_dataset_8_1_4.csv|crp_dataset_8_1_5.csv,crp_dataset_8_1_6.csv,0.6766666666666666,0.999999999988764,0.635714285709745,89,0,51,116,0.026928710937499996,7.02247191011236e-05,0.026858486218398873
RF,4,0.75,1.0,crp_dataset_8_1_8.csv|crp_dataset_8_1_2.csv|crp_dataset_8_1_4.csv|crp_dataset_8_1_5.csv,crp_dataset_8_1_3.csv,0.6766666666666666,0.9999999999918698,0.7109826589554279,123,0,50,83,0.0196044921875,0.0,0.0196044921875
RF,4,0.75,1.0,crp_dataset_8_1_8.csv|crp_dataset_8_1_2.csv|crp_dataset_8_1_4.csv|crp_dataset_8_1_5.csv,crp_dataset_8_1_1.csv,0.6766666666666666,0.9624999999879688,0.611111111106261,77,3,49,127,0.0252685546875,0.0005468749999999999,0.0247216796875
RF,4,0.75,1.0,crp_dataset_8_1_8.csv|crp_dataset_8_1_2.csv|crp_dataset_8_1_4.csv|crp_dataset_8_1_6.csv,crp_dataset_8_1_7.csv,0.6567007210654269,0.9999999999954546,0.9999999999954546,220,0,0,36,0.0095703125,0.00034090909090909094,0.00922940340909091
RF,4,0.75,1.0,crp_dataset_8_1_8.csv|crp_dataset_8_1_2.csv|crp_dataset_8_1_4.csv|crp_dataset_8_1_6.csv,crp_dataset_8_1_5.csv,0.6567007210654269,0.9999999999883721,0.8599999999914,86,0,14,156,0.039282226562499994,0.0016715116279069767,0.03761071493459302
RF,4,0.75,1.0,crp_dataset_8_1_8.csv|crp_dataset_8_1_2.csv|crp_dataset_8_1_4.csv|crp_dataset_8_1_6.csv,crp_dataset_8_1_3.csv,0.6567007210654269,0.999999999992,0.7225433525969795,125,0,48,83,0.0196044921875,0.0,0.0196044921875
RF,4,0.75,1.0,crp_dataset_8_1_8.csv|crp_dataset_8_1_2.csv|crp_dataset_8_1_4.csv|crp_dataset_8_1_6.csv,crp_dataset_8_1_1.csv,0.6567007210654269,0.9638554216751343,0.6349206349155958,80,3,46,127,0.0252685546875,0.0005271084337349398,0.02474144625376506
RF,4,0.75,1.0,crp_dataset_8_1_8.csv|crp_dataset_8_1_2.csv|crp_dataset_8_1_4.csv|crp_dataset_8_1_3.csv,crp_dataset_8_1_7.csv,0.7258743702691071,0.9999999999954546,0.9999999999954546,220,0,0,36,0.0095703125,0.00034090909090909094,0.00922940340909091
RF,4,0.75,1.0,crp_dataset_8_1_8.csv|crp_dataset_8_1_2.csv|crp_dataset_8_1_4.csv|crp_dataset_8_1_3.csv,crp_dataset_8_1_5.csv,0.7258743702691071,0.9999999999875,0.799999999992,80,0,20,156,0.039282226562499994,0.0015625,0.03771972656249999
RF,4,0.75,1.0,crp_dataset_8_1_8.csv|crp_dataset_8_1_2.csv|crp_dataset_8_1_4.csv|crp_dataset_8_1_3.csv,crp_dataset_8_1_6.csv,0.7258743702691071,0.7894736842059096,0.9642857142788266,135,36,5,80,0.026928710937499996,0.0097953216374269,0.017133389300073097
RF,4,0.75,1.0,crp_dataset_8_1_8.csv|crp_dataset_8_1_2.csv|crp_dataset_8_1_4.csv|crp_dataset_8_1_3.csv,crp_dataset_8_1_1.csv,0.7258743702691071,0.9999999999891304,0.7301587301529352,92,0,34,130,0.0252685546875,0.0001358695652173913,0.02513268512228261
RF,4,0.75,1.0,crp_dataset_8_1_8.csv|crp_dataset_8_1_2.csv|crp_dataset_8_1_4.csv|crp_dataset_8_1_1.csv,crp_dataset_8_1_7.csv,0.7395760762810051,0.9999999999954546,0.9999999999954546,220,0,0,36,0.0095703125,0.00034090909090909094,0.00922940340909091
RF,4,0.75,1.0,crp_dataset_8_1_8.csv|crp_dataset_8_1_2.csv|crp_dataset_8_1_4.csv|crp_dataset_8_1_1.csv,crp_dataset_8_1_5.csv,0.7395760762810051,0.9999999999870129,0.7699999999923,77,0,23,156,0.039282226562499994,0.0013798701298701301,0.03790235643262987
RF,4,0.75,1.0,crp_dataset_8_1_8.csv|crp_dataset_8_1_2.csv|crp_dataset_8_1_4.csv|crp_dataset_8_1_1.csv,crp_dataset_8_1_6.csv,0.7395760762810051,0.9666666666586111,0.8285714285655102,116,4,24,112,0.026928710937499996,0.0017708333333333335,0.025157877604166663
RF,4,0.75,1.0,crp_dataset_8_1_8.csv|crp_dataset_8_1_2.csv|crp_dataset_8_1_4.csv|crp_dataset_8_1_1.csv,crp_dataset_8_1_3.csv,0.7395760762810051,0.999999999992126,0.7341040462385312,127,0,46,83,0.0196044921875,0.00014763779527559058,0.01945685439222441
RF,4,0.75,1.0,crp_dataset_8_1_8.csv|crp_dataset_8_1_2.csv|crp_dataset_8_1_5.csv|crp_dataset_8_1_6.csv,crp_dataset_8_1_7.csv,0.638126984126984,0.9999999999954546,0.9999999999954546,220,0,0,36,0.0095703125,0.00034090909090909094,0.00922940340909091
RF,4,0.75,1.0,crp_dataset_8_1_8.csv|crp_dataset_8_1_2.csv|crp_dataset_8_1_5.csv|crp_dataset_8_1_6.csv,crp_dataset_8_1_4.csv,0.638126984126984,0.9920634920556185,0.9541984732751588,125,1,6,124,0.023046875,0.00034722222222222224,0.02269965277777778
RF,4,0.75,1.0,crp_dataset_8_1_8.csv|crp_dataset_8_1_2.csv|crp_dataset_8_1_5.csv|crp_dataset_8_1_6.csv,crp_dataset_8_1_3.csv,0.638126984126984,0.999999999992,0.7225433525969795,125,0,48,83,0.0196044921875,0.0,0.0196044921875
RF,4,0.75,1.0,crp_dataset_8_1_8.csv|crp_dataset_8_1_2.csv|crp_dataset_8_1_5.csv|crp_dataset_8_1_6.csv,crp_dataset_8_1_1.csv,0.638126984126984,0.9594594594464937,0.5634920634875913,71,3,55,127,0.0252685546875,0.0005912162162162162,0.024677338471283783
RF,4,0.75,1.0,crp_dataset_8_1_8.csv|crp_dataset_8_1_2.csv|crp_dataset_8_1_5.csv|crp_dataset_8_1_3.csv,crp_dataset_8_1_7.csv,0.8121309056956115,0.9999999999954546,0.9999999999954546,220,0,0,36,0.0095703125,0.00034090909090909094,0.00922940340909091
RF,4,0.75,1.0,crp_dataset_8_1_8.csv|crp_dataset_8_1_2.csv|crp_dataset_8_1_5.csv|crp_dataset_8_1_3.csv,crp_dataset_8_1_4.csv,0.8121309056956115,0.999999999990909,0.8396946564821398,110,0,21,125,0.023046875,0.0002840909090909091,0.022762784090909094
RF,4,0.75,1.0,crp_dataset_8_1_8.csv|crp_dataset_8_1_2.csv|crp_dataset_8_1_5.csv|crp_dataset_8_1_3.csv,crp_dataset_8_1_6.csv,0.8121309056956115,0.9999999999890109,0.6499999999953572,91,0,49,116,0.026928710937499996,0.00034340659340659343,0.026585304344093404
RF,4,0.75,1.0,crp_dataset_8_1_8.csv|crp_dataset_8_1_2.csv|crp_dataset_8_1_5.csv|crp_dataset_8_1_3.csv,crp_dataset_8_1_1.csv,0.8121309056956115,0.9999999999880952,0.6666666666613756,84,0,42,130,0.0252685546875,7.440476190476191e-05,0.02519414992559524
RF,4,0.75,1.0,crp_dataset_8_1_8.csv|crp_dataset_8_1_2.csv|crp_dataset_8_1_5.csv|crp_dataset_8_1_1.csv,crp_dataset_8_1_7.csv,0.6366666666666667,0.9999999999954546,0.9999999999954546,220,0,0,36,0.0095703125,0.00034090909090909094,0.00922940340909091
RF,4,0.75,1.0,crp_dataset_8_1_8.csv|crp_dataset_8_1_2.csv|crp_dataset_8_1_5.csv|crp_dataset_8_1_1.csv,crp_dataset_8_1_4.csv,0.6366666666666667,0.999999999990991,0.8473282442683411,111,0,20,125,0.023046875,0.0003378378378378379,0.022709037162162164
RF,4,0.75,1.0,crp_dataset_8_1_8.csv|crp_dataset_8_1_2.csv|crp_dataset_8_1_5.csv|crp_dataset_8_1_1.csv,crp_dataset_8_1_6.csv,0.6366666666666667,0.9469026548588769,0.7642857142802552,107,6,33,110,0.026928710937499996,0.00331858407079646,0.023610126866703537
RF,4,0.75,1.0,crp_dataset_8_1_8.csv|crp_dataset_8_1_2.csv|crp_dataset_8_1_5.csv|crp_dataset_8_1_1.csv,crp_dataset_8_1_3.csv,0.6366666666666667,0.9999999999924243,0.7630057803424104,132,0,41,83,0.0196044921875,0.00014204545454545457,0.019462446732954546
RF,4,0.75,1.0,crp_dataset_8_1_8.csv|crp_dataset_8_1_2.csv|crp_dataset_8_1_6.csv|crp_dataset_8_1_3.csv,crp_dataset_8_1_7.csv,0.7154107142857142,0.9999999999954546,0.9999999999954546,220,0,0,36,0.0095703125,0.00034090909090909094,0.00922940340909091
RF,4,0.75,1.0,crp_dataset_8_1_8.csv|crp_dataset_8_1_2.csv|crp_dataset_8_1_6.csv|crp_dataset_8_1_3.csv,crp_dataset_8_1_4.csv,0.7154107142857142,0.9920634920556185,0.9541984732751588,125,1,6,124,0.023046875,0.00034722222222222224,0.02269965277777778
RF,4,0.75,1.0,crp_dataset_8_1_8.csv|crp_dataset_8_1_2.csv|crp_dataset_8_1_6.csv|crp_dataset_8_1_3.csv,crp_dataset_8_1_5.csv,0.7154107142857142,0.9999999999870129,0.7699999999923,77,0,23,156,0.039282226562499994,0.0013798701298701301,0.03790235643262987
RF,4,0.75,1.0,crp_dataset_8_1_8.csv|crp_dataset_8_1_2.csv|crp_dataset_8_1_6.csv|crp_dataset_8_1_3.csv,crp_dataset_8_1_1.csv,0.7154107142857142,0.9677419354760666,0.9523809523733938,120,4,6,126,0.0252685546875,0.0007056451612903225,0.024562909526209677
RF,4,0.75,1.0,crp_dataset_8_1_8.csv|crp_dataset_8_1_2.csv|crp_dataset_8_1_6.csv|crp_dataset_8_1_1.csv,crp_dataset_8_1_7.csv,0.6571521367521368,0.9999999999954546,0.9999999999954546,220,0,0,36,0.0095703125,0.00034090909090909094,0.00922940340909091
RF,4,0.75,1.0,crp_dataset_8_1_8.csv|crp_dataset_8_1_2.csv|crp_dataset_8_1_6.csv|crp_dataset_8_1_1.csv,crp_dataset_8_1_4.csv,0.6571521367521368,0.984251968496187,0.9541984732751588,125,2,6,123,0.023046875,0.0004921259842519685,0.022554749015748034
RF,4,0.75,1.0,crp_dataset_8_1_8.csv|crp_dataset_8_1_2.csv|crp_dataset_8_1_6.csv|crp_dataset_8_1_1.csv,crp_dataset_8_1_5.csv,0.6571521367521368,0.9999999999871795,0.7799999999921999,78,0,22,156,0.039282226562499994,0.0014423076923076924,0.0378399188701923
RF,4,0.75,1.0,crp_dataset_8_1_8.csv|crp_dataset_8_1_2.csv|crp_dataset_8_1_6.csv|crp_dataset_8_1_1.csv,crp_dataset_8_1_3.csv,0.6571521367521368,0.9999999999931035,0.8381502890124963,145,0,28,83,0.0196044921875,0.00012931034482758624,0.019475181842672412
RF,4,0.75,1.0,crp_dataset_8_1_8.csv|crp_dataset_8_1_2.csv|crp_dataset_8_1_3.csv|crp_dataset_8_1_1.csv,crp_dataset_8_1_7.csv,0.6823711646084011,0.9999999999954546,0.9999999999954546,220,0,0,36,0.0095703125,0.00034090909090909094,0.00922940340909091
RF,4,0.75,1.0,crp_dataset_8_1_8.csv|crp_dataset_8_1_2.csv|crp_dataset_8_1_3.csv|crp_dataset_8_1_1.csv,crp_dataset_8_1_4.csv,0.6823711646084011,0.9921259842441564,0.9618320610613601,126,1,5,124,0.023046875,0.0004429133858267717,0.02260396161417323
RF,4,0.75,1.0,crp_dataset_8_1_8.csv|crp_dataset_8_1_2.csv|crp_dataset_8_1_3.csv|crp_dataset_8_1_1.csv,crp_dataset_8_1_5.csv,0.6823711646084011,0.9999999999870129,0.7699999999923,77,0,23,156,0.039282226562499994,0.0013798701298701301,0.03790235643262987
RF,4,0.75,1.0,crp_dataset_8_1_8.csv|crp_dataset_8_1_2.csv|crp_dataset_8_1_3.csv|crp_dataset_8_1_1.csv,crp_dataset_8_1_6.csv,0.6823711646084011,0.6731707317040333,0.985714285707245,138,67,2,49,0.026928710937499996,0.01670731707317073,0.010221393864329267
RF,4,0.75,1.0,crp_dataset_8_1_8.csv|crp_dataset_8_1_7.csv|crp_dataset_8_1_4.csv|crp_dataset_8_1_5.csv,crp_dataset_8_1_2.csv,0.6133813732563732,0.9999999999880952,0.7058823529352447,84,0,35,137,0.039453125,0.0013392857142857145,0.03811383928571428
RF,4,0.75,1.0,crp_dataset_8_1_8.csv|crp_dataset_8_1_7.csv|crp_dataset_8_1_4.csv|crp_dataset_8_1_5.csv,crp_dataset_8_1_6.csv,0.6133813732563732,0.9999999999882353,0.6071428571385205,85,0,55,116,0.026928710937499996,0.00022058823529411768,0.026708122702205878
RF,4,0.75,1.0,crp_dataset_8_1_8.csv|crp_dataset_8_1_7.csv|crp_dataset_8_1_4.csv|crp_dataset_8_1_5.csv,crp_dataset_8_1_3.csv,0.6133813732563732,0.9999999999913792,0.670520231209997,116,0,57,83,0.0196044921875,0.0,0.0196044921875
RF,4,0.75,1.0,crp_dataset_8_1_8.csv|crp_dataset_8_1_7.csv|crp_dataset_8_1_4.csv|crp_dataset_8_1_5.csv,crp_dataset_8_1_1.csv,0.6133813732563732,0.9999999999843749,0.5079365079324767,64,0,62,130,0.0252685546875,9.765625e-05,0.0251708984375
RF,4,0.75,1.0,crp_dataset_8_1_8.csv|crp_dataset_8_1_7.csv|crp_dataset_8_1_4.csv|crp_dataset_8_1_6.csv,crp_dataset_8_1_2.csv,0.6535000000000001,0.9010989010889989,0.6890756302463102,82,9,37,128,0.039453125,0.00940934065934066,0.030043784340659338
RF,4,0.75,1.0,crp_dataset_8_1_8.csv|crp_dataset_8_1_7.csv|crp_dataset_8_1_4.csv|crp_dataset_8_1_6.csv,crp_dataset_8_1_5.csv,0.6535000000000001,0.9759036144460734,0.8099999999919,81,2,19,154,0.039282226562499994,0.002108433734939759,0.03717379282756023
RF,4,0.75,1.0,crp_dataset_8_1_8.csv|crp_dataset_8_1_7.csv|crp_dataset_8_1_4.csv|crp_dataset_8_1_6.csv,crp_dataset_8_1_3.csv,0.6535000000000001,0.984496124023376,0.7341040462385312,127,2,46,81,0.0196044921875,0.0001937984496124031,0.019410693737887598
RF,4,0.75,1.0,crp_dataset_8_1_8.csv|crp_dataset_8_1_7.csv|crp_dataset_8_1_4.csv|crp_dataset_8_1_6.csv,crp_dataset_8_1_1.csv,0.6535000000000001,0.9583333333200231,0.5476190476147014,69,3,57,127,0.0252685546875,0.0006076388888888889,0.02466091579861111
RF,4,0.75,1.0,crp_dataset_8_1_8.csv|crp_dataset_8_1_7.csv|crp_dataset_8_1_4.csv|crp_dataset_8_1_3.csv,crp_dataset_8_1_2.csv,0.6347201604438446,0.9761904761788548,0.6890756302463102,82,2,37,135,0.039453125,0.006473214285714285,0.032979910714285715
RF,4,0.75,1.0,crp_dataset_8_1_8.csv|crp_dataset_8_1_7.csv|crp_dataset_8_1_4.csv|crp_dataset_8_1_3.csv,crp_dataset_8_1_5.csv,0.6347201604438446,0.9638554216751343,0.799999999992,80,3,20,153,0.039282226562499994,0.002259036144578313,0.03702319041792168
RF,4,0.75,1.0,crp_dataset_8_1_8.csv|crp_dataset_8_1_7.csv|crp_dataset_8_1_4.csv|crp_dataset_8_1_3.csv,crp_dataset_8_1_6.csv,0.6347201604438446,0.5882352941151755,0.9999999999928573,140,98,0,18,0.026928710937499996,0.02436974789915966,0.0025589630383403353
RF,4,0.75,1.0,crp_dataset_8_1_8.csv|crp_dataset_8_1_7.csv|crp_dataset_8_1_4.csv|crp_dataset_8_1_3.csv,crp_dataset_8_1_1.csv,0.6347201604438446,0.970588235284602,0.7857142857080499,99,3,27,127,0.0252685546875,0.0004901960784313725,0.02477835860906863
RF,4,0.75,1.0,crp_dataset_8_1_8.csv|crp_dataset_8_1_7.csv|crp_dataset_8_1_4.csv|crp_dataset_8_1_1.csv,crp_dataset_8_1_2.csv,0.6847590927590927,0.9999999999878049,0.6890756302463102,82,0,37,137,0.039453125,0.0013719512195121953,0.0380811737804878
RF,4,0.75,1.0,crp_dataset_8_1_8.csv|crp_dataset_8_1_7.csv|crp_dataset_8_1_4.csv|crp_dataset_8_1_1.csv,crp_dataset_8_1_5.csv,0.6847590927590927,0.9999999999873417,0.7899999999921,79,0,21,156,0.039282226562499994,0.0013449367088607597,0.037937289853639235
RF,4,0.75,1.0,crp_dataset_8_1_8.csv|crp_dataset_8_1_7.csv|crp_dataset_8_1_4.csv|crp_dataset_8_1_1.csv,crp_dataset_8_1_6.csv,0.6847590927590927,0.965811965803711,0.8071428571370919,113,4,27,112,0.026928710937499996,0.0019230769230769234,0.025005634014423073
RF,4,0.75,1.0,crp_dataset_8_1_8.csv|crp_dataset_8_1_7.csv|crp_dataset_8_1_4.csv|crp_dataset_8_1_1.csv,crp_dataset_8_1_3.csv,0.6847590927590927,0.9999999999924812,0.7687861271631863,133,0,40,83,0.0196044921875,0.00014097744360902256,0.019463514743890978
RF,4,0.75,1.0,crp_dataset_8_1_8.csv|crp_dataset_8_1_7.csv|crp_dataset_8_1_5.csv|crp_dataset_8_1_6.csv,crp_dataset_8_1_2.csv,0.6555285364165961,0.9999999999878049,0.6890756302463102,82,0,37,137,0.039453125,0.0013719512195121953,0.0380811737804878
RF,4,0.75,1.0,crp_dataset_8_1_8.csv|crp_dataset_8_1_7.csv|crp_dataset_8_1_5.csv|crp_dataset_8_1_6.csv,crp_dataset_8_1_4.csv,0.6555285364165961,0.9920634920556185,0.9541984732751588,125,1,6,124,0.023046875,0.00034722222222222224,0.02269965277777778
RF,4,0.75,1.0,crp_dataset_8_1_8.csv|crp_dataset_8_1_7.csv|crp_dataset_8_1_5.csv|crp_dataset_8_1_6.csv,crp_dataset_8_1_3.csv,0.6555285364165961,0.999999999992,0.7225433525969795,125,0,48,83,0.0196044921875,0.0,0.0196044921875
RF,4,0.75,1.0,crp_dataset_8_1_8.csv|crp_dataset_8_1_7.csv|crp_dataset_8_1_5.csv|crp_dataset_8_1_6.csv,crp_dataset_8_1_1.csv,0.6555285364165961,0.9655172413682124,0.6666666666613756,84,3,42,127,0.0252685546875,0.0005028735632183909,0.02476568112428161
RF,4,0.75,1.0,crp_dataset_8_1_8.csv|crp_dataset_8_1_7.csv|crp_dataset_8_1_5.csv|crp_dataset_8_1_3.csv,crp_dataset_8_1_2.csv,0.6088717948717949,0.9901960784216647,0.848739495791187,101,1,18,136,0.039453125,0.0015931372549019612,0.03785998774509804
RF,4,0.75,1.0,crp_dataset_8_1_8.csv|crp_dataset_8_1_7.csv|crp_dataset_8_1_5.csv|crp_dataset_8_1_3.csv,crp_dataset_8_1_4.csv,0.6088717948717949,0.9921259842441564,0.9618320610613601,126,1,5,124,0.023046875,0.00044291338582677165,0.02260396161417323
RF,4,0.75,1.0,crp_dataset_8_1_8.csv|crp_dataset_8_1_7.csv|crp_dataset_8_1_5.csv|crp_dataset_8_1_3.csv,crp_dataset_8_1_6.csv,0.6088717948717949,0.6113537117877234,0.9999999999928573,140,89,0,27,0.026928710937499996,0.02205240174672489,0.004876309190775106
RF,4,0.75,1.0,crp_dataset_8_1_8.csv|crp_dataset_8_1_7.csv|crp_dataset_8_1_5.csv|crp_dataset_8_1_3.csv,crp_dataset_8_1_1.csv,0.6088717948717949,0.952755905504309,0.9603174603098388,121,6,5,124,0.0252685546875,0.0010334645669291338,0.024235090120570867
RF,4,0.75,1.0,crp_dataset_8_1_8.csv|crp_dataset_8_1_7.csv|crp_dataset_8_1_5.csv|crp_dataset_8_1_1.csv,crp_dataset_8_1_2.csv,0.6122359750664349,0.9425287356213502,0.6890756302463102,82,5,37,132,0.039453125,0.0020114942528735636,0.037441630747126434
RF,4,0.75,1.0,crp_dataset_8_1_8.csv|crp_dataset_8_1_7.csv|crp_dataset_8_1_5.csv|crp_dataset_8_1_1.csv,crp_dataset_8_1_4.csv,0.6122359750664349,0.999999999991228,0.8702290076269449,114,0,17,125,0.023046875,0.0003289473684210527,0.022717927631578948
RF,4,0.75,1.0,crp_dataset_8_1_8.csv|crp_dataset_8_1_7.csv|crp_dataset_8_1_5.csv|crp_dataset_8_1_1.csv,crp_dataset_8_1_6.csv,0.6122359750664349,0.9719626168133461,0.7428571428518368,104,3,36,113,0.026928710937499996,0.0016355140186915889,0.025293196918808408
RF,4,0.75,1.0,crp_dataset_8_1_8.csv|crp_dataset_8_1_7.csv|crp_dataset_8_1_5.csv|crp_dataset_8_1_1.csv,crp_dataset_8_1_3.csv,0.6122359750664349,0.9854014598468219,0.7803468208047379,135,2,38,81,0.0196044921875,0.0003193430656934307,0.01928514912180657
RF,4,0.75,1.0,crp_dataset_8_1_8.csv|crp_dataset_8_1_7.csv|crp_dataset_8_1_6.csv|crp_dataset_8_1_3.csv,crp_dataset_8_1_2.csv,0.6949057694460753,0.9999999999878049,0.6890756302463102,82,0,37,137,0.039453125,0.0013719512195121953,0.0380811737804878
RF,4,0.75,1.0,crp_dataset_8_1_8.csv|crp_dataset_8_1_7.csv|crp_dataset_8_1_6.csv|crp_dataset_8_1_3.csv,crp_dataset_8_1_4.csv,0.6949057694460753,0.9920634920556185,0.9541984732751588,125,1,6,124,0.023046875,0.00034722222222222224,0.02269965277777778
RF,4,0.75,1.0,crp_dataset_8_1_8.csv|crp_dataset_8_1_7.csv|crp_dataset_8_1_6.csv|crp_dataset_8_1_3.csv,crp_dataset_8_1_5.csv,0.6949057694460753,0.9999999999870129,0.7699999999923,77,0,23,156,0.039282226562499994,0.0013798701298701301,0.03790235643262987
RF,4,0.75,1.0,crp_dataset_8_1_8.csv|crp_dataset_8_1_7.csv|crp_dataset_8_1_6.csv|crp_dataset_8_1_3.csv,crp_dataset_8_1_1.csv,0.6949057694460753,0.9743589743506464,0.9047619047547241,114,3,12,127,0.0252685546875,0.0005876068376068377,0.02468094784989316
RF,4,0.75,1.0,crp_dataset_8_1_8.csv|crp_dataset_8_1_7.csv|crp_dataset_8_1_6.csv|crp_dataset_8_1_1.csv,crp_dataset_8_1_2.csv,0.6626060606060606,0.9999999999878049,0.6890756302463102,82,0,37,137,0.039453125,0.0013719512195121953,0.0380811737804878
RF,4,0.75,1.0,crp_dataset_8_1_8.csv|crp_dataset_8_1_7.csv|crp_dataset_8_1_6.csv|crp_dataset_8_1_1.csv,crp_dataset_8_1_4.csv,0.6626060606060606,0.9920634920556185,0.9541984732751588,125,1,6,124,0.023046875,0.0003968253968253968,0.022650049603174606
RF,4,0.75,1.0,crp_dataset_8_1_8.csv|crp_dataset_8_1_7.csv|crp_dataset_8_1_6.csv|crp_dataset_8_1_1.csv,crp_dataset_8_1_5.csv,0.6626060606060606,0.9999999999870129,0.7699999999923,77,0,23,156,0.039282226562499994,0.0013798701298701301,0.03790235643262987
RF,4,0.75,1.0,crp_dataset_8_1_8.csv|crp_dataset_8_1_7.csv|crp_dataset_8_1_6.csv|crp_dataset_8_1_1.csv,crp_dataset_8_1_3.csv,0.6626060606060606,0.9999999999929079,0.8150289017293929,141,0,32,83,0.0196044921875,8.865248226950355e-05,0.019515839705230496
RF,4,0.75,1.0,crp_dataset_8_1_8.csv|crp_dataset_8_1_7.csv|crp_dataset_8_1_3.csv|crp_dataset_8_1_1.csv,crp_dataset_8_1_2.csv,0.7421459694989107,0.9999999999878049,0.6890756302463102,82,0,37,137,0.039453125,0.0013719512195121953,0.0380811737804878
RF,4,0.75,1.0,crp_dataset_8_1_8.csv|crp_dataset_8_1_7.csv|crp_dataset_8_1_3.csv|crp_dataset_8_1_1.csv,crp_dataset_8_1_4.csv,0.7421459694989107,0.984251968496187,0.9541984732751588,125,2,6,123,0.023046875,0.0004921259842519685,0.022554749015748034
RF,4,0.75,1.0,crp_dataset_8_1_8.csv|crp_dataset_8_1_7.csv|crp_dataset_8_1_3.csv|crp_dataset_8_1_1.csv,crp_dataset_8_1_5.csv,0.7421459694989107,0.987654320975461,0.799999999992,80,1,20,155,0.039282226562499994,0.0015432098765432098,0.037739016685956785
RF,4,0.75,1.0,crp_dataset_8_1_8.csv|crp_dataset_8_1_7.csv|crp_dataset_8_1_3.csv|crp_dataset_8_1_1.csv,crp_dataset_8_1_6.csv,0.7421459694989107,0.6683168316798599,0.9642857142788266,135,67,5,49,0.026928710937499996,0.016676980198019803,0.010251730739480193
RF,4,0.75,1.0,crp_dataset_8_1_8.csv|crp_dataset_8_1_4.csv|crp_dataset_8_1_5.csv|crp_dataset_8_1_6.csv,crp_dataset_8_1_2.csv,0.6381862233779743,0.9425287356213502,0.6890756302463102,82,5,37,132,0.039453125,0.0020114942528735636,0.037441630747126434
RF,4,0.75,1.0,crp_dataset_8_1_8.csv|crp_dataset_8_1_4.csv|crp_dataset_8_1_5.csv|crp_dataset_8_1_6.csv,crp_dataset_8_1_7.csv,0.6381862233779743,0.9999999999954546,0.9999999999954546,220,0,0,36,0.0095703125,0.00034090909090909094,0.00922940340909091
RF,4,0.75,1.0,crp_dataset_8_1_8.csv|crp_dataset_8_1_4.csv|crp_dataset_8_1_5.csv|crp_dataset_8_1_6.csv,crp_dataset_8_1_3.csv,0.6381862233779743,0.984496124023376,0.7341040462385312,127,2,46,81,0.0196044921875,0.0001937984496124031,0.019410693737887598
RF,4,0.75,1.0,crp_dataset_8_1_8.csv|crp_dataset_8_1_4.csv|crp_dataset_8_1_5.csv|crp_dataset_8_1_6.csv,crp_dataset_8_1_1.csv,0.6381862233779743,0.96103896102648,0.5873015872969262,74,3,52,127,0.0252685546875,0.0005681818181818182,0.02470037286931818
RF,4,0.75,1.0,crp_dataset_8_1_8.csv|crp_dataset_8_1_4.csv|crp_dataset_8_1_5.csv|crp_dataset_8_1_3.csv,crp_dataset_8_1_2.csv,0.6348107432559895,0.9999999999878049,0.6890756302463102,82,0,37,137,0.039453125,0.0013719512195121953,0.0380811737804878
RF,4,0.75,1.0,crp_dataset_8_1_8.csv|crp_dataset_8_1_4.csv|crp_dataset_8_1_5.csv|crp_dataset_8_1_3.csv,crp_dataset_8_1_7.csv,0.6348107432559895,0.9999999999954546,0.9999999999954546,220,0,0,36,0.0095703125,0.00034090909090909094,0.00922940340909091
RF,4,0.75,1.0,crp_dataset_8_1_8.csv|crp_dataset_8_1_4.csv|crp_dataset_8_1_5.csv|crp_dataset_8_1_3.csv,crp_dataset_8_1_6.csv,0.6348107432559895,0.5882352941151755,0.9999999999928573,140,98,0,18,0.026928710937499996,0.02502626050420168,0.0019024504332983173
RF,4,0.75,1.0,crp_dataset_8_1_8.csv|crp_dataset_8_1_4.csv|crp_dataset_8_1_5.csv|crp_dataset_8_1_3.csv,crp_dataset_8_1_1.csv,0.6348107432559895,0.9734513274250137,0.8730158730089443,110,3,16,127,0.0252685546875,0.00044247787610619474,0.024826076811393805
RF,4,0.75,1.0,crp_dataset_8_1_8.csv|crp_dataset_8_1_4.csv|crp_dataset_8_1_5.csv|crp_dataset_8_1_1.csv,crp_dataset_8_1_2.csv,0.7352876941599852,0.9999999999878049,0.6890756302463102,82,0,37,137,0.039453125,0.0013719512195121953,0.0380811737804878
RF,4,0.75,1.0,crp_dataset_8_1_8.csv|crp_dataset_8_1_4.csv|crp_dataset_8_1_5.csv|crp_dataset_8_1_1.csv,crp_dataset_8_1_7.csv,0.7352876941599852,0.9999999999954546,0.9999999999954546,220,0,0,36,0.0095703125,0.00034090909090909094,0.00922940340909091
RF,4,0.75,1.0,crp_dataset_8_1_8.csv|crp_dataset_8_1_4.csv|crp_dataset_8_1_5.csv|crp_dataset_8_1_1.csv,crp_dataset_8_1_6.csv,0.7352876941599852,0.9826086956436294,0.8071428571370919,113,2,27,114,0.026928710937499996,0.0010326086956521738,0.025896102241847824
RF,4,0.75,1.0,crp_dataset_8_1_8.csv|crp_dataset_8_1_4.csv|crp_dataset_8_1_5.csv|crp_dataset_8_1_1.csv,crp_dataset_8_1_3.csv,0.7352876941599852,0.999999999992,0.7225433525969795,125,0,48,83,0.0196044921875,0.00015000000000000001,0.0194544921875
RF,4,0.75,1.0,crp_dataset_8_1_8.csv|crp_dataset_8_1_4.csv|crp_dataset_8_1_6.csv|crp_dataset_8_1_3.csv,crp_dataset_8_1_2.csv,0.6728130954168517,0.9761904761788548,0.6890756302463102,82,2,37,135,0.039453125,0.0046875,0.034765625
RF,4,0.75,1.0,crp_dataset_8_1_8.csv|crp_dataset_8_1_4.csv|crp_dataset_8_1_6.csv|crp_dataset_8_1_3.csv,crp_dataset_8_1_7.csv,0.6728130954168517,0.9999999999954546,0.9999999999954546,220,0,0,36,0.0095703125,0.00034090909090909094,0.00922940340909091
RF,4,0.75,1.0,crp_dataset_8_1_8.csv|crp_dataset_8_1_4.csv|crp_dataset_8_1_6.csv|crp_dataset_8_1_3.csv,crp_dataset_8_1_5.csv,0.6728130954168517,0.9879518072170126,0.8199999999918,82,1,18,155,0.039282226562499994,0.0017319277108433736,0.03755029885165662
RF,4,0.75,1.0,crp_dataset_8_1_8.csv|crp_dataset_8_1_4.csv|crp_dataset_8_1_6.csv|crp_dataset_8_1_3.csv,crp_dataset_8_1_1.csv,0.6728130954168517,0.9642857142742347,0.6428571428520408,81,3,45,127,0.0252685546875,0.0005208333333333333,0.024747721354166665
RF,4,0.75,1.0,crp_dataset_8_1_8.csv|crp_dataset_8_1_4.csv|crp_dataset_8_1_6.csv|crp_dataset_8_1_1.csv,crp_dataset_8_1_2.csv,0.7333333333333333,0.9999999999878049,0.6890756302463102,82,0,37,137,0.039453125,0.0013719512195121953,0.0380811737804878
RF,4,0.75,1.0,crp_dataset_8_1_8.csv|crp_dataset_8_1_4.csv|crp_dataset_8_1_6.csv|crp_dataset_8_1_1.csv,crp_dataset_8_1_7.csv,0.7333333333333333,0.9999999999954546,0.9999999999954546,220,0,0,36,0.0095703125,0.00034090909090909094,0.00922940340909091
RF,4,0.75,1.0,crp_dataset_8_1_8.csv|crp_dataset_8_1_4.csv|crp_dataset_8_1_6.csv|crp_dataset_8_1_1.csv,crp_dataset_8_1_5.csv,0.7333333333333333,0.9999999999870129,0.7699999999923,77,0,23,156,0.039282226562499994,0.0013798701298701301,0.03790235643262987
RF,4,0.75,1.0,crp_dataset_8_1_8.csv|crp_dataset_8_1_4.csv|crp_dataset_8_1_6.csv|crp_dataset_8_1_1.csv,crp_dataset_8_1_3.csv,0.7333333333333333,0.9999999999925927,0.7803468208047379,135,0,38,83,0.0196044921875,4.62962962962963e-05,0.0195581958912037
RF,4,0.75,1.0,crp_dataset_8_1_8.csv|crp_dataset_8_1_4.csv|crp_dataset_8_1_3.csv|crp_dataset_8_1_1.csv,crp_dataset_8_1_2.csv,0.6547180996642977,0.9999999999878049,0.6890756302463102,82,0,37,137,0.039453125,0.0013719512195121953,0.0380811737804878
RF,4,0.75,1.0,crp_dataset_8_1_8.csv|crp_dataset_8_1_4.csv|crp_dataset_8_1_3.csv|crp_dataset_8_1_1.csv,crp_dataset_8_1_7.csv,0.6547180996642977,0.9999999999954546,0.9999999999954546,220,0,0,36,0.0095703125,0.00034090909090909094,0.00922940340909091
RF,4,0.75,1.0,crp_dataset_8_1_8.csv|crp_dataset_8_1_4.csv|crp_dataset_8_1_3.csv|crp_dataset_8_1_1.csv,crp_dataset_8_1_5.csv,0.6547180996642977,0.9999999999875,0.799999999992,80,0,20,156,0.039282226562499994,0.00140625,0.0378759765625
RF,4,0.75,1.0,crp_dataset_8_1_8.csv|crp_dataset_8_1_4.csv|crp_dataset_8_1_3.csv|crp_dataset_8_1_1.csv,crp_dataset_8_1_6.csv,0.6547180996642977,0.6043478260843289,0.9928571428500511,139,91,1,25,0.026928710937499996,0.02326086956521739,0.0036678413722826056
RF,4,0.75,1.0,crp_dataset_8_1_8.csv|crp_dataset_8_1_5.csv|crp_dataset_8_1_6.csv|crp_dataset_8_1_3.csv,crp_dataset_8_1_2.csv,0.6773063821785049,0.9999999999888889,0.7563025210020479,90,0,29,137,0.039453125,0.001388888888888889,0.03806423611111111
RF,4,0.75,1.0,crp_dataset_8_1_8.csv|crp_dataset_8_1_5.csv|crp_dataset_8_1_6.csv|crp_dataset_8_1_3.csv,crp_dataset_8_1_7.csv,0.6773063821785049,0.9999999999954546,0.9999999999954546,220,0,0,36,0.0095703125,0.00034090909090909094,0.00922940340909091
RF,4,0.75,1.0,crp_dataset_8_1_8.csv|crp_dataset_8_1_5.csv|crp_dataset_8_1_6.csv|crp_dataset_8_1_3.csv,crp_dataset_8_1_4.csv,0.6773063821785049,0.9921259842441564,0.9618320610613601,126,1,5,124,0.023046875,0.00039370078740157485,0.022653174212598427
RF,4,0.75,1.0,crp_dataset_8_1_8.csv|crp_dataset_8_1_5.csv|crp_dataset_8_1_6.csv|crp_dataset_8_1_3.csv,crp_dataset_8_1_1.csv,0.6773063821785049,0.9752066115621884,0.9365079365005039,118,3,8,127,0.0252685546875,0.0005681818181818183,0.02470037286931818
RF,4,0.75,1.0,crp_dataset_8_1_8.csv|crp_dataset_8_1_5.csv|crp_dataset_8_1_6.csv|crp_dataset_8_1_1.csv,crp_dataset_8_1_2.csv,0.7513270106799519,0.9999999999878049,0.6890756302463102,82,0,37,137,0.039453125,0.0013719512195121953,0.0380811737804878
RF,4,0.75,1.0,crp_dataset_8_1_8.csv|crp_dataset_8_1_5.csv|crp_dataset_8_1_6.csv|crp_dataset_8_1_1.csv,crp_dataset_8_1_7.csv,0.7513270106799519,0.9999999999954546,0.9999999999954546,220,0,0,36,0.0095703125,0.00034090909090909094,0.00922940340909091
RF,4,0.75,1.0,crp_dataset_8_1_8.csv|crp_dataset_8_1_5.csv|crp_dataset_8_1_6.csv|crp_dataset_8_1_1.csv,crp_dataset_8_1_4.csv,0.7513270106799519,0.9999999999917355,0.9236641221303538,121,0,10,125,0.023046875,0.00025826446280991736,0.022788610537190085
RF,4,0.75,1.0,crp_dataset_8_1_8.csv|crp_dataset_8_1_5.csv|crp_dataset_8_1_6.csv|crp_dataset_8_1_1.csv,crp_dataset_8_1_3.csv,0.7513270106799519,0.999999999993007,0.8265895953709447,143,0,30,83,0.0196044921875,0.00013111888111888115,0.019473373306381117
RF,4,0.75,1.0,crp_dataset_8_1_8.csv|crp_dataset_8_1_5.csv|crp_dataset_8_1_3.csv|crp_dataset_8_1_1.csv,crp_dataset_8_1_2.csv,0.6132713807796667,0.9999999999878049,0.6890756302463102,82,0,37,137,0.039453125,0.0013719512195121953,0.0380811737804878
RF,4,0.75,1.0,crp_dataset_8_1_8.csv|crp_dataset_8_1_5.csv|crp_dataset_8_1_3.csv|crp_dataset_8_1_1.csv,crp_dataset_8_1_7.csv,0.6132713807796667,0.9999999999954546,0.9999999999954546,220,0,0,36,0.0095703125,0.00034090909090909094,0.00922940340909091
RF,4,0.75,1.0,crp_dataset_8_1_8.csv|crp_dataset_8_1_5.csv|crp_dataset_8_1_3.csv|crp_dataset_8_1_1.csv,crp_dataset_8_1_4.csv,0.6132713807796667,0.984251968496187,0.9541984732751588,125,2,6,123,0.023046875,0.0005413385826771653,0.022505536417322836
RF,4,0.75,1.0,crp_dataset_8_1_8.csv|crp_dataset_8_1_5.csv|crp_dataset_8_1_3.csv|crp_dataset_8_1_1.csv,crp_dataset_8_1_6.csv,0.6132713807796667,0.5907172995755666,0.9999999999928573,140,97,0,19,0.026928710937499996,0.024551687763713078,0.002377023173786918
RF,4,0.75,1.0,crp_dataset_8_1_8.csv|crp_dataset_8_1_6.csv|crp_dataset_8_1_3.csv|crp_dataset_8_1_1.csv,crp_dataset_8_1_2.csv,0.6075268817204301,0.9999999999878049,0.6890756302463102,82,0,37,137,0.039453125,0.0013719512195121953,0.0380811737804878
RF,4,0.75,1.0,crp_dataset_8_1_8.csv|crp_dataset_8_1_6.csv|crp_dataset_8_1_3.csv|crp_dataset_8_1_1.csv,crp_dataset_8_1_7.csv,0.6075268817204301,0.9999999999954546,0.9999999999954546,220,0,0,36,0.0095703125,0.00034090909090909094,0.00922940340909091
RF,4,0.75,1.0,crp_dataset_8_1_8.csv|crp_dataset_8_1_6.csv|crp_dataset_8_1_3.csv|crp_dataset_8_1_1.csv,crp_dataset_8_1_4.csv,0.6075268817204301,0.9843749999923097,0.9618320610613601,126,2,5,123,0.023046875,0.000537109375,0.022509765625
RF,4,0.75,1.0,crp_dataset_8_1_8.csv|crp_dataset_8_1_6.csv|crp_dataset_8_1_3.csv|crp_dataset_8_1_1.csv,crp_dataset_8_1_5.csv,0.6075268817204301,0.9999999999871795,0.7799999999921999,78,0,22,156,0.039282226562499994,0.0013621794871794873,0.037920047075320505
RF,4,0.75,1.0,crp_dataset_8_1_2.csv|crp_dataset_8_1_7.csv|crp_dataset_8_1_4.csv|crp_dataset_8_1_5.csv,crp_dataset_8_1_8.csv,0.6381333333333333,0.9493670885955776,0.543478260865627,75,4,63,114,0.0283203125,0.0034810126582278476,0.024839299841772154
RF,4,0.75,1.0,crp_dataset_8_1_2.csv|crp_dataset_8_1_7.csv|crp_dataset_8_1_4.csv|crp_dataset_8_1_5.csv,crp_dataset_8_1_6.csv,0.6381333333333333,0.9999999999879517,0.5928571428529082,83,0,57,116,0.026928710937499996,7.530120481927712e-05,0.02685340973268072
RF,4,0.75,1.0,crp_dataset_8_1_2.csv|crp_dataset_8_1_7.csv|crp_dataset_8_1_4.csv|crp_dataset_8_1_5.csv,crp_dataset_8_1_3.csv,0.6381333333333333,0.9999999999910714,0.6473988439268937,112,0,61,83,0.0196044921875,0.0,0.0196044921875
RF,4,0.75,1.0,crp_dataset_8_1_2.csv|crp_dataset_8_1_7.csv|crp_dataset_8_1_4.csv|crp_dataset_8_1_5.csv,crp_dataset_8_1_1.csv,0.6381333333333333,0.9999999999846153,0.5158730158689216,65,0,61,130,0.0252685546875,9.615384615384615e-05,0.025172400841346153
RF,4,0.75,1.0,crp_dataset_8_1_2.csv|crp_dataset_8_1_7.csv|crp_dataset_8_1_4.csv|crp_dataset_8_1_6.csv,crp_dataset_8_1_8.csv,0.7016666666666667,0.951807228904195,0.5724637681117938,79,4,59,114,0.0283203125,0.003237951807228915,0.025082360692771085
RF,4,0.75,1.0,crp_dataset_8_1_2.csv|crp_dataset_8_1_7.csv|crp_dataset_8_1_4.csv|crp_dataset_8_1_6.csv,crp_dataset_8_1_5.csv,0.7016666666666667,0.9999999999870129,0.7699999999923,77,0,23,156,0.039282226562499994,0.0013798701298701301,0.03790235643262987
RF,4,0.75,1.0,crp_dataset_8_1_2.csv|crp_dataset_8_1_7.csv|crp_dataset_8_1_4.csv|crp_dataset_8_1_6.csv,crp_dataset_8_1_3.csv,0.7016666666666667,0.9999999999920635,0.7283236994177554,126,0,47,83,0.0196044921875,0.0,0.0196044921875
RF,4,0.75,1.0,crp_dataset_8_1_2.csv|crp_dataset_8_1_7.csv|crp_dataset_8_1_4.csv|crp_dataset_8_1_6.csv,crp_dataset_8_1_1.csv,0.7016666666666667,0.9583333333200231,0.5476190476147014,69,3,57,127,0.0252685546875,0.0006076388888888889,0.02466091579861111
RF,4,0.75,1.0,crp_dataset_8_1_2.csv|crp_dataset_8_1_7.csv|crp_dataset_8_1_4.csv|crp_dataset_8_1_3.csv,crp_dataset_8_1_8.csv,0.6946514460485049,0.9523809523696145,0.5797101449233355,80,4,58,114,0.0283203125,0.0034226190476190467,0.024897693452380954
RF,4,0.75,1.0,crp_dataset_8_1_2.csv|crp_dataset_8_1_7.csv|crp_dataset_8_1_4.csv|crp_dataset_8_1_3.csv,crp_dataset_8_1_5.csv,0.6946514460485049,0.9999999999870129,0.7699999999923,77,0,23,156,0.039282226562499994,0.0013798701298701301,0.03790235643262987
RF,4,0.75,1.0,crp_dataset_8_1_2.csv|crp_dataset_8_1_7.csv|crp_dataset_8_1_4.csv|crp_dataset_8_1_3.csv,crp_dataset_8_1_6.csv,0.6946514460485049,0.7740112994306554,0.9785714285644388,137,40,3,76,0.026928710937499996,0.010240112994350282,0.016688597943149714
RF,4,0.75,1.0,crp_dataset_8_1_2.csv|crp_dataset_8_1_7.csv|crp_dataset_8_1_4.csv|crp_dataset_8_1_3.csv,crp_dataset_8_1_1.csv,0.6946514460485049,0.9743589743464826,0.6031746031698161,76,2,50,128,0.0252685546875,0.00040064102564102563,0.024867913661858976
RF,4,0.75,1.0,crp_dataset_8_1_2.csv|crp_dataset_8_1_7.csv|crp_dataset_8_1_4.csv|crp_dataset_8_1_1.csv,crp_dataset_8_1_8.csv,0.6209164135158438,0.9999999999871795,0.5652173913002521,78,0,60,118,0.0283203125,0.00280448717948718,0.02551582532051282
RF,4,0.75,1.0,crp_dataset_8_1_2.csv|crp_dataset_8_1_7.csv|crp_dataset_8_1_4.csv|crp_dataset_8_1_1.csv,crp_dataset_8_1_5.csv,0.6209164135158438,0.9999999999870129,0.7699999999923,77,0,23,156,0.039282226562499994,0.0013798701298701301,0.03790235643262987
RF,4,0.75,1.0,crp_dataset_8_1_2.csv|crp_dataset_8_1_7.csv|crp_dataset_8_1_4.csv|crp_dataset_8_1_1.csv,crp_dataset_8_1_6.csv,0.6209164135158438,0.7972972972919102,0.8428571428511226,118,30,22,86,0.026928710937499996,0.010219594594594594,0.0167091163429054
RF,4,0.75,1.0,crp_dataset_8_1_2.csv|crp_dataset_8_1_7.csv|crp_dataset_8_1_4.csv|crp_dataset_8_1_1.csv,crp_dataset_8_1_3.csv,0.6209164135158438,0.9999999999921876,0.7398843930593071,128,0,45,83,0.0196044921875,0.00014648437500000002,0.0194580078125
RF,4,0.75,1.0,crp_dataset_8_1_2.csv|crp_dataset_8_1_7.csv|crp_dataset_8_1_5.csv|crp_dataset_8_1_6.csv,crp_dataset_8_1_8.csv,0.6118518518518518,0.8039215686195693,0.5942028985464188,82,20,56,98,0.0283203125,0.00704656862745098,0.02127374387254902
RF,4,0.75,1.0,crp_dataset_8_1_2.csv|crp_dataset_8_1_7.csv|crp_dataset_8_1_5.csv|crp_dataset_8_1_6.csv,crp_dataset_8_1_4.csv,0.6118518518518518,0.9407407407337723,0.9694656488475614,127,8,4,117,0.023046875,0.0022685185185185187,0.020778356481481484
RF,4,0.75,1.0,crp_dataset_8_1_2.csv|crp_dataset_8_1_7.csv|crp_dataset_8_1_5.csv|crp_dataset_8_1_6.csv,crp_dataset_8_1_3.csv,0.6118518518518518,0.999999999992,0.7225433525969795,125,0,48,83,0.0196044921875,0.0,0.0196044921875
RF,4,0.75,1.0,crp_dataset_8_1_2.csv|crp_dataset_8_1_7.csv|crp_dataset_8_1_5.csv|crp_dataset_8_1_6.csv,crp_dataset_8_1_1.csv,0.6118518518518518,0.7156862745027873,0.5793650793604812,73,29,53,101,0.0252685546875,0.01096813725490196,0.01430041743259804
RF,4,0.75,1.0,crp_dataset_8_1_2.csv|crp_dataset_8_1_7.csv|crp_dataset_8_1_5.csv|crp_dataset_8_1_3.csv,crp_dataset_8_1_8.csv,0.6211111111111112,0.9999999999859155,0.5144927536194602,71,0,67,118,0.0283203125,0.0026408450704225356,0.025679467429577465
RF,4,0.75,1.0,crp_dataset_8_1_2.csv|crp_dataset_8_1_7.csv|crp_dataset_8_1_5.csv|crp_dataset_8_1_3.csv,crp_dataset_8_1_4.csv,0.6211111111111112,0.965811965803711,0.8625954198407436,113,4,18,121,0.023046875,0.002510683760683761,0.02053619123931624
RF,4,0.75,1.0,crp_dataset_8_1_2.csv|crp_dataset_8_1_7.csv|crp_dataset_8_1_5.csv|crp_dataset_8_1_3.csv,crp_dataset_8_1_6.csv,0.6211111111111112,0.6813725490162679,0.9928571428500511,139,65,1,51,0.026928710937499996,0.016482843137254902,0.010445867800245093
RF,4,0.75,1.0,crp_dataset_8_1_2.csv|crp_dataset_8_1_7.csv|crp_dataset_8_1_5.csv|crp_dataset_8_1_3.csv,crp_dataset_8_1_1.csv,0.6211111111111112,0.9883720930117631,0.6746031745978206,85,1,41,129,0.0252685546875,0.0007994186046511629,0.024469136082848838
RF,4,0.75,1.0,crp_dataset_8_1_2.csv|crp_dataset_8_1_7.csv|crp_dataset_8_1_5.csv|crp_dataset_8_1_1.csv,crp_dataset_8_1_8.csv,0.611955938697318,0.9999999999863013,0.5289855072425437,73,0,65,118,0.0283203125,0.0024828767123287673,0.025837435787671233
RF,4,0.75,1.0,crp_dataset_8_1_2.csv|crp_dataset_8_1_7.csv|crp_dataset_8_1_5.csv|crp_dataset_8_1_1.csv,crp_dataset_8_1_4.csv,0.611955938697318,0.9583333333253472,0.8778625954131462,115,5,16,120,0.023046875,0.00234375,0.020703125000000003
RF,4,0.75,1.0,crp_dataset_8_1_2.csv|crp_dataset_8_1_7.csv|crp_dataset_8_1_5.csv|crp_dataset_8_1_1.csv,crp_dataset_8_1_6.csv,0.611955938697318,0.6898734177171527,0.7785714285658674,109,49,31,67,0.026928710937499996,0.019501582278481016,0.00742712865901898
RF,4,0.75,1.0,crp_dataset_8_1_2.csv|crp_dataset_8_1_7.csv|crp_dataset_8_1_5.csv|crp_dataset_8_1_1.csv,crp_dataset_8_1_3.csv,0.611955938697318,0.9767441860389401,0.7283236994177554,126,3,47,80,0.0196044921875,0.002131782945736434,0.017472709241763563
RF,4,0.75,1.0,crp_dataset_8_1_2.csv|crp_dataset_8_1_7.csv|crp_dataset_8_1_6.csv|crp_dataset_8_1_3.csv,crp_dataset_8_1_8.csv,0.6236705288175877,0.9213483145963893,0.5942028985464188,82,7,56,111,0.0283203125,0.004002808988764045,0.024317503511235954
RF,4,0.75,1.0,crp_dataset_8_1_2.csv|crp_dataset_8_1_7.csv|crp_dataset_8_1_6.csv|crp_dataset_8_1_3.csv,crp_dataset_8_1_4.csv,0.6236705288175877,0.983999999992128,0.9389312977027563,123,2,8,123,0.023046875,0.0013,0.021746875000000002
RF,4,0.75,1.0,crp_dataset_8_1_2.csv|crp_dataset_8_1_7.csv|crp_dataset_8_1_6.csv|crp_dataset_8_1_3.csv,crp_dataset_8_1_5.csv,0.6236705288175877,0.9999999999870129,0.7699999999923,77,0,23,156,0.039282226562499994,0.0013798701298701301,0.03790235643262987
RF,4,0.75,1.0,crp_dataset_8_1_2.csv|crp_dataset_8_1_7.csv|crp_dataset_8_1_6.csv|crp_dataset_8_1_3.csv,crp_dataset_8_1_1.csv,0.6236705288175877,0.9607843137160708,0.777777777771605,98,4,28,126,0.0252685546875,0.0008578431372549021,0.024410711550245098
RF,4,0.75,1.0,crp_dataset_8_1_2.csv|crp_dataset_8_1_7.csv|crp_dataset_8_1_6.csv|crp_dataset_8_1_1.csv,crp_dataset_8_1_8.csv,0.6041152263374486,0.9999999999875,0.5797101449233355,80,0,58,118,0.0283203125,0.00234375,0.0259765625
RF,4,0.75,1.0,crp_dataset_8_1_2.csv|crp_dataset_8_1_7.csv|crp_dataset_8_1_6.csv|crp_dataset_8_1_1.csv,crp_dataset_8_1_4.csv,0.6041152263374486,0.991999999992064,0.9465648854889576,124,1,7,124,0.023046875,0.00035000000000000005,0.022696875000000002
RF,4,0.75,1.0,crp_dataset_8_1_2.csv|crp_dataset_8_1_7.csv|crp_dataset_8_1_6.csv|crp_dataset_8_1_1.csv,crp_dataset_8_1_5.csv,0.6041152263374486,0.9999999999871795,0.7799999999921999,78,0,22,156,0.039282226562499994,0.0014423076923076924,0.0378399188701923
RF,4,0.75,1.0,crp_dataset_8_1_2.csv|crp_dataset_8_1_7.csv|crp_dataset_8_1_6.csv|crp_dataset_8_1_1.csv,crp_dataset_8_1_3.csv,0.6041152263374486,0.9999999999930557,0.8323699421917204,144,0,29,83,0.0196044921875,8.680555555555556e-05,0.019517686631944444
RF,4,0.75,1.0,crp_dataset_8_1_2.csv|crp_dataset_8_1_7.csv|crp_dataset_8_1_3.csv|crp_dataset_8_1_1.csv,crp_dataset_8_1_8.csv,0.7288752172334548,0.999999999984127,0.4565217391271267,63,0,75,118,0.0283203125,0.002876984126984127,0.025443328373015873
RF,4,0.75,1.0,crp_dataset_8_1_2.csv|crp_dataset_8_1_7.csv|crp_dataset_8_1_3.csv|crp_dataset_8_1_1.csv,crp_dataset_8_1_4.csv,0.7288752172334548,0.9910714285625797,0.8473282442683411,111,1,20,124,0.023046875,0.00044642857142857147,0.02260044642857143
RF,4,0.75,1.0,crp_dataset_8_1_2.csv|crp_dataset_8_1_7.csv|crp_dataset_8_1_3.csv|crp_dataset_8_1_1.csv,crp_dataset_8_1_5.csv,0.7288752172334548,0.9999999999870129,0.7699999999923,77,0,23,156,0.039282226562499994,0.0013798701298701301,0.03790235643262987
RF,4,0.75,1.0,crp_dataset_8_1_2.csv|crp_dataset_8_1_7.csv|crp_dataset_8_1_3.csv|crp_dataset_8_1_1.csv,crp_dataset_8_1_6.csv,0.7288752172334548,0.8231707317022978,0.9642857142788266,135,29,5,87,0.026928710937499996,0.008307926829268293,0.018620784108231703
RF,4,0.75,1.0,crp_dataset_8_1_2.csv|crp_dataset_8_1_4.csv|crp_dataset_8_1_5.csv|crp_dataset_8_1_6.csv,crp_dataset_8_1_8.csv,0.6581447308134023,0.9101123595403358,0.5869565217348772,81,8,57,110,0.0283203125,0.004002808988764045,0.024317503511235954
RF,4,0.75,1.0,crp_dataset_8_1_2.csv|crp_dataset_8_1_4.csv|crp_dataset_8_1_5.csv|crp_dataset_8_1_6.csv,crp_dataset_8_1_7.csv,0.6581447308134023,0.9999999999954546,0.9999999999954546,220,0,0,36,0.0095703125,0.00034090909090909094,0.00922940340909091
RF,4,0.75,1.0,crp_dataset_8_1_2.csv|crp_dataset_8_1_4.csv|crp_dataset_8_1_5.csv|crp_dataset_8_1_6.csv,crp_dataset_8_1_3.csv,0.6581447308134023,0.999999999992,0.7225433525969795,125,0,48,83,0.0196044921875,0.0,0.0196044921875
RF,4,0.75,1.0,crp_dataset_8_1_2.csv|crp_dataset_8_1_4.csv|crp_dataset_8_1_5.csv|crp_dataset_8_1_6.csv,crp_dataset_8_1_1.csv,0.6581447308134023,0.9583333333200231,0.5476190476147014,69,3,57,127,0.0252685546875,0.0006076388888888889,0.02466091579861111
RF,4,0.75,1.0,crp_dataset_8_1_2.csv|crp_dataset_8_1_4.csv|crp_dataset_8_1_5.csv|crp_dataset_8_1_3.csv,crp_dataset_8_1_8.csv,0.65,0.9634146341345925,0.5724637681117938,79,3,59,115,0.0283203125,0.0031249999999999997,0.0251953125
RF,4,0.75,1.0,crp_dataset_8_1_2.csv|crp_dataset_8_1_4.csv|crp_dataset_8_1_5.csv|crp_dataset_8_1_3.csv,crp_dataset_8_1_7.csv,0.65,0.9999999999954546,0.9999999999954546,220,0,0,36,0.0095703125,0.00034090909090909094,0.00922940340909091
RF,4,0.75,1.0,crp_dataset_8_1_2.csv|crp_dataset_8_1_4.csv|crp_dataset_8_1_5.csv|crp_dataset_8_1_3.csv,crp_dataset_8_1_6.csv,0.65,0.6715686274476884,0.9785714285644388,137,67,3,49,0.026928710937499996,0.016636029411764706,0.01029268152573529
RF,4,0.75,1.0,crp_dataset_8_1_2.csv|crp_dataset_8_1_4.csv|crp_dataset_8_1_5.csv|crp_dataset_8_1_3.csv,crp_dataset_8_1_1.csv,0.65,0.9999999999846153,0.5158730158689216,65,0,61,130,0.0252685546875,9.615384615384615e-05,0.025172400841346153
RF,4,0.75,1.0,crp_dataset_8_1_2.csv|crp_dataset_8_1_4.csv|crp_dataset_8_1_5.csv|crp_dataset_8_1_1.csv,crp_dataset_8_1_8.csv,0.6677552252758137,0.9999999999857142,0.5072463768079185,70,0,68,118,0.0283203125,0.0025892857142857145,0.025731026785714286
RF,4,0.75,1.0,crp_dataset_8_1_2.csv|crp_dataset_8_1_4.csv|crp_dataset_8_1_5.csv|crp_dataset_8_1_1.csv,crp_dataset_8_1_7.csv,0.6677552252758137,0.9999999999954546,0.9999999999954546,220,0,0,36,0.0095703125,0.00034090909090909094,0.00922940340909091
RF,4,0.75,1.0,crp_dataset_8_1_2.csv|crp_dataset_8_1_4.csv|crp_dataset_8_1_5.csv|crp_dataset_8_1_1.csv,crp_dataset_8_1_6.csv,0.6677552252758137,0.7485380116915291,0.9142857142791837,128,43,12,73,0.026928710937499996,0.01567982456140351,0.011248886376096487
RF,4,0.75,1.0,crp_dataset_8_1_2.csv|crp_dataset_8_1_4.csv|crp_dataset_8_1_5.csv|crp_dataset_8_1_1.csv,crp_dataset_8_1_3.csv,0.6677552252758137,0.9999999999926471,0.7861271676255137,136,0,37,83,0.0196044921875,0.00013786764705882355,0.019466624540441176
RF,4,0.75,1.0,crp_dataset_8_1_2.csv|crp_dataset_8_1_4.csv|crp_dataset_8_1_6.csv|crp_dataset_8_1_3.csv,crp_dataset_8_1_8.csv,0.6455555555555555,0.951807228904195,0.5724637681117938,79,4,59,114,0.0283203125,0.003237951807228915,0.025082360692771085
RF,4,0.75,1.0,crp_dataset_8_1_2.csv|crp_dataset_8_1_4.csv|crp_dataset_8_1_6.csv|crp_dataset_8_1_3.csv,crp_dataset_8_1_7.csv,0.6455555555555555,0.9999999999954546,0.9999999999954546,220,0,0,36,0.0095703125,0.00034090909090909094,0.00922940340909091
RF,4,0.75,1.0,crp_dataset_8_1_2.csv|crp_dataset_8_1_4.csv|crp_dataset_8_1_6.csv|crp_dataset_8_1_3.csv,crp_dataset_8_1_5.csv,0.6455555555555555,0.9999999999870129,0.7699999999923,77,0,23,156,0.039282226562499994,0.0013798701298701301,0.03790235643262987
RF,4,0.75,1.0,crp_dataset_8_1_2.csv|crp_dataset_8_1_4.csv|crp_dataset_8_1_6.csv|crp_dataset_8_1_3.csv,crp_dataset_8_1_1.csv,0.6455555555555555,0.9589041095759053,0.5555555555511463,70,3,56,127,0.0252685546875,0.0005993150684931506,0.02466923961900685
RF,4,0.75,1.0,crp_dataset_8_1_2.csv|crp_dataset_8_1_4.csv|crp_dataset_8_1_6.csv|crp_dataset_8_1_1.csv,crp_dataset_8_1_8.csv,0.6629585894861981,0.9999999999863013,0.5289855072425437,73,0,65,118,0.0283203125,0.002568493150684932,0.02575181934931507
RF,4,0.75,1.0,crp_dataset_8_1_2.csv|crp_dataset_8_1_4.csv|crp_dataset_8_1_6.csv|crp_dataset_8_1_1.csv,crp_dataset_8_1_7.csv,0.6629585894861981,0.9999999999954546,0.9999999999954546,220,0,0,36,0.0095703125,0.00034090909090909094,0.00922940340909091
RF,4,0.75,1.0,crp_dataset_8_1_2.csv|crp_dataset_8_1_4.csv|crp_dataset_8_1_6.csv|crp_dataset_8_1_1.csv,crp_dataset_8_1_5.csv,0.6629585894861981,0.9999999999870129,0.7699999999923,77,0,23,156,0.039282226562499994,0.0013798701298701301,0.03790235643262987
RF,4,0.75,1.0,crp_dataset_8_1_2.csv|crp_dataset_8_1_4.csv|crp_dataset_8_1_6.csv|crp_dataset_8_1_1.csv,crp_dataset_8_1_3.csv,0.6629585894861981,0.999999999992,0.7225433525969795,125,0,48,83,0.0196044921875,0.0,0.0196044921875
RF,4,0.75,1.0,crp_dataset_8_1_2.csv|crp_dataset_8_1_4.csv|crp_dataset_8_1_3.csv|crp_dataset_8_1_1.csv,crp_dataset_8_1_8.csv,0.6700837889493797,0.9999999999868421,0.5507246376771687,76,0,62,118,0.0283203125,0.002631578947368421,0.025688733552631578
RF,4,0.75,1.0,crp_dataset_8_1_2.csv|crp_dataset_8_1_4.csv|crp_dataset_8_1_3.csv|crp_dataset_8_1_1.csv,crp_dataset_8_1_7.csv,0.6700837889493797,0.9999999999954546,0.9999999999954546,220,0,0,36,0.0095703125,0.00034090909090909094,0.00922940340909091
RF,4,0.75,1.0,crp_dataset_8_1_2.csv|crp_dataset_8_1_4.csv|crp_dataset_8_1_3.csv|crp_dataset_8_1_1.csv,crp_dataset_8_1_5.csv,0.6700837889493797,0.9999999999870129,0.7699999999923,77,0,23,156,0.039282226562499994,0.0013798701298701301,0.03790235643262987
RF,4,0.75,1.0,crp_dataset_8_1_2.csv|crp_dataset_8_1_4.csv|crp_dataset_8_1_3.csv|crp_dataset_8_1_1.csv,crp_dataset_8_1_6.csv,0.6700837889493797,0.6763285024121917,0.9999999999928573,140,67,0,49,0.026928710937499996,0.017693236714975847,0.009235474222524149
RF,4,0.75,1.0,crp_dataset_8_1_2.csv|crp_dataset_8_1_5.csv|crp_dataset_8_1_6.csv|crp_dataset_8_1_3.csv,crp_dataset_8_1_8.csv,0.6489444444444444,0.9204545454440857,0.5869565217348772,81,7,57,111,0.0283203125,0.00390625,0.0244140625
RF,4,0.75,1.0,crp_dataset_8_1_2.csv|crp_dataset_8_1_5.csv|crp_dataset_8_1_6.csv|crp_dataset_8_1_3.csv,crp_dataset_8_1_7.csv,0.6489444444444444,0.9999999999954546,0.9999999999954546,220,0,0,36,0.0095703125,0.00034090909090909094,0.00922940340909091
RF,4,0.75,1.0,crp_dataset_8_1_2.csv|crp_dataset_8_1_5.csv|crp_dataset_8_1_6.csv|crp_dataset_8_1_3.csv,crp_dataset_8_1_4.csv,0.6489444444444444,0.9921874999922486,0.9694656488475614,127,1,4,124,0.023046875,0.000390625,0.022656250000000003
RF,4,0.75,1.0,crp_dataset_8_1_2.csv|crp_dataset_8_1_5.csv|crp_dataset_8_1_6.csv|crp_dataset_8_1_3.csv,crp_dataset_8_1_1.csv,0.6489444444444444,0.9655172413682124,0.6666666666613756,84,3,42,127,0.0252685546875,0.0005028735632183908,0.02476568112428161
RF,4,0.75,1.0,crp_dataset_8_1_2.csv|crp_dataset_8_1_5.csv|crp_dataset_8_1_6.csv|crp_dataset_8_1_1.csv,crp_dataset_8_1_8.csv,0.6427050509799473,0.9999999999870129,0.5579710144887104,77,0,61,118,0.0283203125,0.0025974025974025974,0.0257229099025974
RF,4,0.75,1.0,crp_dataset_8_1_2.csv|crp_dataset_8_1_5.csv|crp_dataset_8_1_6.csv|crp_dataset_8_1_1.csv,crp_dataset_8_1_7.csv,0.6427050509799473,0.9999999999954546,0.9999999999954546,220,0,0,36,0.0095703125,0.00034090909090909094,0.00922940340909091
RF,4,0.75,1.0,crp_dataset_8_1_2.csv|crp_dataset_8_1_5.csv|crp_dataset_8_1_6.csv|crp_dataset_8_1_1.csv,crp_dataset_8_1_4.csv,0.6427050509799473,0.984251968496187,0.9541984732751588,125,2,6,123,0.023046875,0.0004921259842519685,0.022554749015748034
RF,4,0.75,1.0,crp_dataset_8_1_2.csv|crp_dataset_8_1_5.csv|crp_dataset_8_1_6.csv|crp_dataset_8_1_1.csv,crp_dataset_8_1_3.csv,0.6427050509799473,0.9999999999931035,0.8381502890124963,145,0,28,83,0.0196044921875,0.00012931034482758624,0.019475181842672412
RF,4,0.75,1.0,crp_dataset_8_1_2.csv|crp_dataset_8_1_5.csv|crp_dataset_8_1_3.csv|crp_dataset_8_1_1.csv,crp_dataset_8_1_8.csv,0.6047991452991452,0.9999999999863013,0.5289855072425437,73,0,65,118,0.0283203125,0.002482876712328767,0.025837435787671233
RF,4,0.75,1.0,crp_dataset_8_1_2.csv|crp_dataset_8_1_5.csv|crp_dataset_8_1_3.csv|crp_dataset_8_1_1.csv,crp_dataset_8_1_7.csv,0.6047991452991452,0.9999999999954546,0.9999999999954546,220,0,0,36,0.0095703125,0.00034090909090909094,0.00922940340909091
RF,4,0.75,1.0,crp_dataset_8_1_2.csv|crp_dataset_8_1_5.csv|crp_dataset_8_1_3.csv|crp_dataset_8_1_1.csv,crp_dataset_8_1_4.csv,0.6047991452991452,0.991803278680395,0.9236641221303538,121,1,10,124,0.023046875,0.0004098360655737705,0.022637038934426233
RF,4,0.75,1.0,crp_dataset_8_1_2.csv|crp_dataset_8_1_5.csv|crp_dataset_8_1_3.csv|crp_dataset_8_1_1.csv,crp_dataset_8_1_6.csv,0.6047991452991452,0.6422018348594395,0.9999999999928573,140,78,0,38,0.026928710937499996,0.019438073394495416,0.00749063754300458
RF,4,0.75,1.0,crp_dataset_8_1_2.csv|crp_dataset_8_1_6.csv|crp_dataset_8_1_3.csv|crp_dataset_8_1_1.csv,crp_dataset_8_1_8.csv,0.6458911385177654,0.999999999983871,0.449275362315585,62,0,76,118,0.0283203125,0.002923387096774194,0.025396925403225808
RF,4,0.75,1.0,crp_dataset_8_1_2.csv|crp_dataset_8_1_6.csv|crp_dataset_8_1_3.csv|crp_dataset_8_1_1.csv,crp_dataset_8_1_7.csv,0.6458911385177654,0.9999999999954546,0.9999999999954546,220,0,0,36,0.0095703125,0.00034090909090909094,0.00922940340909091
RF,4,0.75,1.0,crp_dataset_8_1_2.csv|crp_dataset_8_1_6.csv|crp_dataset_8_1_3.csv|crp_dataset_8_1_1.csv,crp_dataset_8_1_4.csv,0.6458911385177654,0.984251968496187,0.9541984732751588,125,2,6,123,0.023046875,0.0004921259842519685,0.022554749015748034
RF,4,0.75,1.0,crp_dataset_8_1_2.csv|crp_dataset_8_1_6.csv|crp_dataset_8_1_3.csv|crp_dataset_8_1_1.csv,crp_dataset_8_1_5.csv,0.6458911385177654,0.9999999999870129,0.7699999999923,77,0,23,156,0.039282226562499994,0.0013798701298701301,0.03790235643262987
RF,4,0.75,1.0,crp_dataset_8_1_7.csv|crp_dataset_8_1_4.csv|crp_dataset_8_1_5.csv|crp_dataset_8_1_6.csv,crp_dataset_8_1_8.csv,0.6335370370370371,0.9404761904649943,0.5724637681117938,79,5,59,113,0.0283203125,0.003348214285714285,0.024972098214285716
RF,4,0.75,1.0,crp_dataset_8_1_7.csv|crp_dataset_8_1_4.csv|crp_dataset_8_1_5.csv|crp_dataset_8_1_6.csv,crp_dataset_8_1_2.csv,0.6335370370370371,0.9444444444339506,0.7142857142797119,85,5,34,132,0.039453125,0.0019444444444444446,0.037508680555555556
RF,4,0.75,1.0,crp_dataset_8_1_7.csv|crp_dataset_8_1_4.csv|crp_dataset_8_1_5.csv|crp_dataset_8_1_6.csv,crp_dataset_8_1_3.csv,0.6335370370370371,0.984496124023376,0.7341040462385312,127,2,46,81,0.0196044921875,0.0001937984496124031,0.019410693737887598
RF,4,0.75,1.0,crp_dataset_8_1_7.csv|crp_dataset_8_1_4.csv|crp_dataset_8_1_5.csv|crp_dataset_8_1_6.csv,crp_dataset_8_1_1.csv,0.6335370370370371,0.9722222222087191,0.5555555555511463,70,2,56,128,0.0252685546875,0.00043402777777777775,0.024834526909722224
RF,4,0.75,1.0,crp_dataset_8_1_7.csv|crp_dataset_8_1_4.csv|crp_dataset_8_1_5.csv|crp_dataset_8_1_3.csv,crp_dataset_8_1_8.csv,0.6116666666666667,0.9318181818075929,0.5942028985464188,82,6,56,112,0.0283203125,0.003622159090909091,0.024698153409090907
RF,4,0.75,1.0,crp_dataset_8_1_7.csv|crp_dataset_8_1_4.csv|crp_dataset_8_1_5.csv|crp_dataset_8_1_3.csv,crp_dataset_8_1_2.csv,0.6116666666666667,0.999999999990991,0.932773109235859,111,0,8,137,0.039453125,0.0015202702702702704,0.03793285472972973
RF,4,0.75,1.0,crp_dataset_8_1_7.csv|crp_dataset_8_1_4.csv|crp_dataset_8_1_5.csv|crp_dataset_8_1_3.csv,crp_dataset_8_1_6.csv,0.6116666666666667,0.6060606060579824,0.9999999999928573,140,91,0,25,0.026928710937499996,0.022889610389610387,0.004039100547889609
RF,4,0.75,1.0,crp_dataset_8_1_7.csv|crp_dataset_8_1_4.csv|crp_dataset_8_1_5.csv|crp_dataset_8_1_3.csv,crp_dataset_8_1_1.csv,0.6116666666666667,0.9999999999870129,0.611111111106261,77,0,49,130,0.0252685546875,8.116883116883117e-05,0.02518738585633117
RF,4,0.75,1.0,crp_dataset_8_1_7.csv|crp_dataset_8_1_4.csv|crp_dataset_8_1_5.csv|crp_dataset_8_1_1.csv,crp_dataset_8_1_8.csv,0.6738206045477042,0.9787234042449071,0.6666666666618358,92,2,46,116,0.0283203125,0.0025265957446808512,0.02579371675531915
RF,4,0.75,1.0,crp_dataset_8_1_7.csv|crp_dataset_8_1_4.csv|crp_dataset_8_1_5.csv|crp_dataset_8_1_1.csv,crp_dataset_8_1_2.csv,0.6738206045477042,0.9431818181711001,0.6974789915907774,83,5,36,132,0.039453125,0.0019886363636363634,0.03746448863636363
RF,4,0.75,1.0,crp_dataset_8_1_7.csv|crp_dataset_8_1_4.csv|crp_dataset_8_1_5.csv|crp_dataset_8_1_1.csv,crp_dataset_8_1_6.csv,0.6738206045477042,0.7468354430332479,0.8428571428511226,118,40,22,76,0.026928710937499996,0.01483386075949367,0.012094850178006326
RF,4,0.75,1.0,crp_dataset_8_1_7.csv|crp_dataset_8_1_4.csv|crp_dataset_8_1_5.csv|crp_dataset_8_1_1.csv,crp_dataset_8_1_3.csv,0.6738206045477042,0.9847328244199639,0.7456647398800829,129,2,44,81,0.0196044921875,0.000333969465648855,0.019270522721851143
RF,4,0.75,1.0,crp_dataset_8_1_7.csv|crp_dataset_8_1_4.csv|crp_dataset_8_1_6.csv|crp_dataset_8_1_3.csv,crp_dataset_8_1_8.csv,0.7188571428571429,0.9999999999864865,0.5362318840540853,74,0,64,118,0.0283203125,0.0027871621621621623,0.02553315033783784
RF,4,0.75,1.0,crp_dataset_8_1_7.csv|crp_dataset_8_1_4.csv|crp_dataset_8_1_6.csv|crp_dataset_8_1_3.csv,crp_dataset_8_1_2.csv,0.7188571428571429,0.9999999999878049,0.6890756302463102,82,0,37,137,0.039453125,0.0013719512195121953,0.0380811737804878
RF,4,0.75,1.0,crp_dataset_8_1_7.csv|crp_dataset_8_1_4.csv|crp_dataset_8_1_6.csv|crp_dataset_8_1_3.csv,crp_dataset_8_1_5.csv,0.7188571428571429,0.9999999999875,0.799999999992,80,0,20,156,0.039282226562499994,0.00140625,0.0378759765625
RF,4,0.75,1.0,crp_dataset_8_1_7.csv|crp_dataset_8_1_4.csv|crp_dataset_8_1_6.csv|crp_dataset_8_1_3.csv,crp_dataset_8_1_1.csv,0.7188571428571429,0.999999999984127,0.49999999999603173,63,0,63,130,0.0252685546875,9.92063492063492e-05,0.02516934833829365
RF,4,0.75,1.0,crp_dataset_8_1_7.csv|crp_dataset_8_1_4.csv|crp_dataset_8_1_6.csv|crp_dataset_8_1_1.csv,crp_dataset_8_1_8.csv,0.7353030303030303,0.9772727272616218,0.6231884057925856,86,2,52,116,0.0283203125,0.00234375,0.0259765625
RF,4,0.75,1.0,crp_dataset_8_1_7.csv|crp_dataset_8_1_4.csv|crp_dataset_8_1_6.csv|crp_dataset_8_1_1.csv,crp_dataset_8_1_2.csv,0.7353030303030303,0.9425287356213502,0.6890756302463102,82,5,37,132,0.039453125,0.0020114942528735636,0.037441630747126434
RF,4,0.75,1.0,crp_dataset_8_1_7.csv|crp_dataset_8_1_4.csv|crp_dataset_8_1_6.csv|crp_dataset_8_1_1.csv,crp_dataset_8_1_5.csv,0.7353030303030303,0.9999999999870129,0.7699999999923,77,0,23,156,0.039282226562499994,0.0013798701298701301,0.03790235643262987
RF,4,0.75,1.0,crp_dataset_8_1_7.csv|crp_dataset_8_1_4.csv|crp_dataset_8_1_6.csv|crp_dataset_8_1_1.csv,crp_dataset_8_1_3.csv,0.7353030303030303,0.9843749999923097,0.7283236994177554,126,2,47,81,0.0196044921875,0.0001953125,0.0194091796875
RF,4,0.75,1.0,crp_dataset_8_1_7.csv|crp_dataset_8_1_4.csv|crp_dataset_8_1_3.csv|crp_dataset_8_1_1.csv,crp_dataset_8_1_8.csv,0.6595949635876106,0.977528089876657,0.6304347826041273,87,2,51,116,0.0283203125,0.0023876404494382023,0.025932672050561798
RF,4,0.75,1.0,crp_dataset_8_1_7.csv|crp_dataset_8_1_4.csv|crp_dataset_8_1_3.csv|crp_dataset_8_1_1.csv,crp_dataset_8_1_2.csv,0.6595949635876106,0.9647058823415916,0.6890756302463102,82,3,37,134,0.039453125,0.0017647058823529415,0.03768841911764706
RF,4,0.75,1.0,crp_dataset_8_1_7.csv|crp_dataset_8_1_4.csv|crp_dataset_8_1_3.csv|crp_dataset_8_1_1.csv,crp_dataset_8_1_5.csv,0.6595949635876106,0.9999999999870129,0.7699999999923,77,0,23,156,0.039282226562499994,0.0013798701298701301,0.03790235643262987
RF,4,0.75,1.0,crp_dataset_8_1_7.csv|crp_dataset_8_1_4.csv|crp_dataset_8_1_3.csv|crp_dataset_8_1_1.csv,crp_dataset_8_1_6.csv,0.6595949635876106,0.6086956521712665,0.9999999999928573,140,90,0,26,0.026928710937499996,0.022744565217391304,0.004184145720108692
RF,4,0.75,1.0,crp_dataset_8_1_7.csv|crp_dataset_8_1_5.csv|crp_dataset_8_1_6.csv|crp_dataset_8_1_3.csv,crp_dataset_8_1_8.csv,0.6801159174418054,0.9999999999857142,0.5072463768079185,70,0,68,118,0.0283203125,0.002678571428571429,0.02564174107142857
RF,4,0.75,1.0,crp_dataset_8_1_7.csv|crp_dataset_8_1_5.csv|crp_dataset_8_1_6.csv|crp_dataset_8_1_3.csv,crp_dataset_8_1_2.csv,0.6801159174418054,0.9999999999915966,0.9999999999915966,119,0,0,137,0.039453125,0.0015231092436974792,0.03793001575630252
RF,4,0.75,1.0,crp_dataset_8_1_7.csv|crp_dataset_8_1_5.csv|crp_dataset_8_1_6.csv|crp_dataset_8_1_3.csv,crp_dataset_8_1_4.csv,0.6801159174418054,0.999999999992,0.9541984732751588,125,0,6,125,0.023046875,0.00025,0.022796875
RF,4,0.75,1.0,crp_dataset_8_1_7.csv|crp_dataset_8_1_5.csv|crp_dataset_8_1_6.csv|crp_dataset_8_1_3.csv,crp_dataset_8_1_1.csv,0.6801159174418054,0.9999999999861111,0.5714285714240362,72,0,54,130,0.0252685546875,8.680555555555556e-05,0.025181749131944445
RF,4,0.75,1.0,crp_dataset_8_1_7.csv|crp_dataset_8_1_5.csv|crp_dataset_8_1_6.csv|crp_dataset_8_1_1.csv,crp_dataset_8_1_8.csv,0.6766666666666666,0.9767441860351541,0.6086956521695023,84,2,54,116,0.0283203125,0.002543604651162791,0.025776707848837208
RF,4,0.75,1.0,crp_dataset_8_1_7.csv|crp_dataset_8_1_5.csv|crp_dataset_8_1_6.csv|crp_dataset_8_1_1.csv,crp_dataset_8_1_2.csv,0.6766666666666666,0.9431818181711001,0.6974789915907774,83,5,36,132,0.039453125,0.001988636363636364,0.03746448863636363
RF,4,0.75,1.0,crp_dataset_8_1_7.csv|crp_dataset_8_1_5.csv|crp_dataset_8_1_6.csv|crp_dataset_8_1_1.csv,crp_dataset_8_1_4.csv,0.6766666666666666,0.9919354838629683,0.9389312977027563,123,1,8,124,0.023046875,0.0003528225806451613,0.022694052419354842
RF,4,0.75,1.0,crp_dataset_8_1_7.csv|crp_dataset_8_1_5.csv|crp_dataset_8_1_6.csv|crp_dataset_8_1_1.csv,crp_dataset_8_1_3.csv,0.6766666666666666,0.9850746268583204,0.7630057803424104,132,2,41,81,0.0196044921875,0.00018656716417910448,0.019417925023320896
RF,4,0.75,1.0,crp_dataset_8_1_7.csv|crp_dataset_8_1_5.csv|crp_dataset_8_1_3.csv|crp_dataset_8_1_1.csv,crp_dataset_8_1_8.csv,0.6873224062219112,0.9999999999883721,0.6231884057925856,86,0,52,118,0.0283203125,0.0022529069767441862,0.026067405523255816
RF,4,0.75,1.0,crp_dataset_8_1_7.csv|crp_dataset_8_1_5.csv|crp_dataset_8_1_3.csv|crp_dataset_8_1_1.csv,crp_dataset_8_1_2.csv,0.6873224062219112,0.9999999999886363,0.7394957983131134,88,0,31,137,0.039453125,0.001278409090909091,0.038174715909090905
RF,4,0.75,1.0,crp_dataset_8_1_7.csv|crp_dataset_8_1_5.csv|crp_dataset_8_1_3.csv|crp_dataset_8_1_1.csv,crp_dataset_8_1_4.csv,0.6873224062219112,0.991869918691123,0.931297709916555,122,1,9,124,0.023046875,0.0004065040650406504,0.02264037093495935
RF,4,0.75,1.0,crp_dataset_8_1_7.csv|crp_dataset_8_1_5.csv|crp_dataset_8_1_3.csv|crp_dataset_8_1_1.csv,crp_dataset_8_1_6.csv,0.6873224062219112,0.6278026905801444,0.9999999999928573,140,83,0,33,0.026928710937499996,0.02045964125560538,0.006469069681894615
RF,4,0.75,1.0,crp_dataset_8_1_7.csv|crp_dataset_8_1_6.csv|crp_dataset_8_1_3.csv|crp_dataset_8_1_1.csv,crp_dataset_8_1_8.csv,0.6590064935064935,0.9999999999890109,0.6594202898502941,91,0,47,118,0.0283203125,0.002197802197802198,0.026122510302197803
RF,4,0.75,1.0,crp_dataset_8_1_7.csv|crp_dataset_8_1_6.csv|crp_dataset_8_1_3.csv|crp_dataset_8_1_1.csv,crp_dataset_8_1_2.csv,0.6590064935064935,0.9999999999878049,0.6890756302463102,82,0,37,137,0.039453125,0.0013719512195121953,0.0380811737804878
RF,4,0.75,1.0,crp_dataset_8_1_7.csv|crp_dataset_8_1_6.csv|crp_dataset_8_1_3.csv|crp_dataset_8_1_1.csv,crp_dataset_8_1_4.csv,0.6590064935064935,0.999999999992,0.9541984732751588,125,0,6,125,0.023046875,0.00025,0.022796875
RF,4,0.75,1.0,crp_dataset_8_1_7.csv|crp_dataset_8_1_6.csv|crp_dataset_8_1_3.csv|crp_dataset_8_1_1.csv,crp_dataset_8_1_5.csv,0.6590064935064935,0.9999999999870129,0.7699999999923,77,0,23,156,0.039282226562499994,0.0013798701298701301,0.03790235643262987
RF,4,0.75,1.0,crp_dataset_8_1_4.csv|crp_dataset_8_1_5.csv|crp_dataset_8_1_6.csv|crp_dataset_8_1_3.csv,crp_dataset_8_1_8.csv,0.6122330723163266,0.9999999999875,0.5797101449233355,80,0,58,118,0.0283203125,0.002734375,0.0255859375
RF,4,0.75,1.0,crp_dataset_8_1_4.csv|crp_dataset_8_1_5.csv|crp_dataset_8_1_6.csv|crp_dataset_8_1_3.csv,crp_dataset_8_1_2.csv,0.6122330723163266,0.9999999999915966,0.9999999999915966,119,0,0,137,0.039453125,0.0015231092436974792,0.03793001575630252
RF,4,0.75,1.0,crp_dataset_8_1_4.csv|crp_dataset_8_1_5.csv|crp_dataset_8_1_6.csv|crp_dataset_8_1_3.csv,crp_dataset_8_1_7.csv,0.6122330723163266,0.9999999999954546,0.9999999999954546,220,0,0,36,0.0095703125,0.00034090909090909094,0.00922940340909091
RF,4,0.75,1.0,crp_dataset_8_1_4.csv|crp_dataset_8_1_5.csv|crp_dataset_8_1_6.csv|crp_dataset_8_1_3.csv,crp_dataset_8_1_1.csv,0.6122330723163266,0.9999999999859155,0.5634920634875913,71,0,55,130,0.0252685546875,8.802816901408451e-05,0.025180526518485916
RF,4,0.75,1.0,crp_dataset_8_1_4.csv|crp_dataset_8_1_5.csv|crp_dataset_8_1_6.csv|crp_dataset_8_1_1.csv,crp_dataset_8_1_8.csv,0.6001924752357084,0.979591836724698,0.6956521739080026,96,2,42,116,0.0283203125,0.0024872448979591836,0.025833067602040818
RF,4,0.75,1.0,crp_dataset_8_1_4.csv|crp_dataset_8_1_5.csv|crp_dataset_8_1_6.csv|crp_dataset_8_1_1.csv,crp_dataset_8_1_2.csv,0.6001924752357084,0.9484536082376448,0.7731092436909822,92,5,27,132,0.039453125,0.001997422680412371,0.03745570231958763
RF,4,0.75,1.0,crp_dataset_8_1_4.csv|crp_dataset_8_1_5.csv|crp_dataset_8_1_6.csv|crp_dataset_8_1_1.csv,crp_dataset_8_1_7.csv,0.6001924752357084,0.9999999999954546,0.9999999999954546,220,0,0,36,0.0095703125,0.00034090909090909094,0.00922940340909091
RF,4,0.75,1.0,crp_dataset_8_1_4.csv|crp_dataset_8_1_5.csv|crp_dataset_8_1_6.csv|crp_dataset_8_1_1.csv,crp_dataset_8_1_3.csv,0.6001924752357084,0.9862068965449228,0.8265895953709447,143,2,30,81,0.0196044921875,0.0003017241379310345,0.019302768049568965
RF,4,0.75,1.0,crp_dataset_8_1_4.csv|crp_dataset_8_1_5.csv|crp_dataset_8_1_3.csv|crp_dataset_8_1_1.csv,crp_dataset_8_1_8.csv,0.6043167272757056,0.9793814432888723,0.6884057970964609,95,2,43,116,0.0283203125,0.002577319587628866,0.025742992912371133
RF,4,0.75,1.0,crp_dataset_8_1_4.csv|crp_dataset_8_1_5.csv|crp_dataset_8_1_3.csv|crp_dataset_8_1_1.csv,crp_dataset_8_1_2.csv,0.6043167272757056,0.969387755092149,0.7983193277243839,95,3,24,134,0.039453125,0.0017219387755102041,0.037731186224489795
RF,4,0.75,1.0,crp_dataset_8_1_4.csv|crp_dataset_8_1_5.csv|crp_dataset_8_1_3.csv|crp_dataset_8_1_1.csv,crp_dataset_8_1_7.csv,0.6043167272757056,0.9999999999954546,0.9999999999954546,220,0,0,36,0.0095703125,0.00034090909090909094,0.00922940340909091
RF,4,0.75,1.0,crp_dataset_8_1_4.csv|crp_dataset_8_1_5.csv|crp_dataset_8_1_3.csv|crp_dataset_8_1_1.csv,crp_dataset_8_1_6.csv,0.6043167272757056,0.5957446808485287,0.9999999999928573,140,95,0,21,0.026928710937499996,0.02356382978723404,0.003364881150265956
RF,4,0.75,1.0,crp_dataset_8_1_4.csv|crp_dataset_8_1_6.csv|crp_dataset_8_1_3.csv|crp_dataset_8_1_1.csv,crp_dataset_8_1_8.csv,0.6426028891455389,0.9999999999888889,0.6521739130387524,90,0,48,118,0.0283203125,0.0022916666666666667,0.026028645833333332
RF,4,0.75,1.0,crp_dataset_8_1_4.csv|crp_dataset_8_1_6.csv|crp_dataset_8_1_3.csv|crp_dataset_8_1_1.csv,crp_dataset_8_1_2.csv,0.6426028891455389,0.9999999999878049,0.6890756302463102,82,0,37,137,0.039453125,0.0013719512195121953,0.0380811737804878
RF,4,0.75,1.0,crp_dataset_8_1_4.csv|crp_dataset_8_1_6.csv|crp_dataset_8_1_3.csv|crp_dataset_8_1_1.csv,crp_dataset_8_1_7.csv,0.6426028891455389,0.9999999999954546,0.9999999999954546,220,0,0,36,0.0095703125,0.00034090909090909094,0.00922940340909091
RF,4,0.75,1.0,crp_dataset_8_1_4.csv|crp_dataset_8_1_6.csv|crp_dataset_8_1_3.csv|crp_dataset_8_1_1.csv,crp_dataset_8_1_5.csv,0.6426028891455389,0.9999999999870129,0.7699999999923,77,0,23,156,0.039282226562499994,0.0013798701298701301,0.03790235643262987
RF,4,0.75,1.0,crp_dataset_8_1_5.csv|crp_dataset_8_1_6.csv|crp_dataset_8_1_3.csv|crp_dataset_8_1_1.csv,crp_dataset_8_1_8.csv,0.602418166628693,0.9999999999885058,0.6304347826041273,87,0,51,118,0.0283203125,0.0020833333333333337,0.026236979166666667
RF,4,0.75,1.0,crp_dataset_8_1_5.csv|crp_dataset_8_1_6.csv|crp_dataset_8_1_3.csv|crp_dataset_8_1_1.csv,crp_dataset_8_1_2.csv,0.602418166628693,0.9999999999897958,0.8235294117577855,98,0,21,137,0.039453125,0.001211734693877551,0.03824139030612245
RF,4,0.75,1.0,crp_dataset_8_1_5.csv|crp_dataset_8_1_6.csv|crp_dataset_8_1_3.csv|crp_dataset_8_1_1.csv,crp_dataset_8_1_7.csv,0.602418166628693,0.9999999999954546,0.9999999999954546,220,0,0,36,0.0095703125,0.00034090909090909094,0.00922940340909091
RF,4,0.75,1.0,crp_dataset_8_1_5.csv|crp_dataset_8_1_6.csv|crp_dataset_8_1_3.csv|crp_dataset_8_1_1.csv,crp_dataset_8_1_4.csv,0.602418166628693,0.9920634920556185,0.9541984732751588,125,1,6,124,0.023046875,0.00034722222222222224,0.02269965277777778
RF,5,0.75,1.0,crp_dataset_8_1_8.csv|crp_dataset_8_1_2.csv|crp_dataset_8_1_7.csv|crp_dataset_8_1_4.csv|crp_dataset_8_1_5.csv,crp_dataset_8_1_6.csv,0.6124992855843919,0.999999999988764,0.635714285709745,89,0,51,116,0.026928710937499996,7.02247191011236e-05,0.026858486218398873
RF,5,0.75,1.0,crp_dataset_8_1_8.csv|crp_dataset_8_1_2.csv|crp_dataset_8_1_7.csv|crp_dataset_8_1_4.csv|crp_dataset_8_1_5.csv,crp_dataset_8_1_3.csv,0.6124992855843919,0.9999999999915254,0.6820809248515487,118,0,55,83,0.0196044921875,0.0,0.0196044921875
RF,5,0.75,1.0,crp_dataset_8_1_8.csv|crp_dataset_8_1_2.csv|crp_dataset_8_1_7.csv|crp_dataset_8_1_4.csv|crp_dataset_8_1_5.csv,crp_dataset_8_1_1.csv,0.6124992855843919,0.9746835442914596,0.611111111106261,77,2,49,128,0.0252685546875,0.00039556962025316455,0.024872985067246837
RF,5,0.75,1.0,crp_dataset_8_1_8.csv|crp_dataset_8_1_2.csv|crp_dataset_8_1_7.csv|crp_dataset_8_1_4.csv|crp_dataset_8_1_6.csv,crp_dataset_8_1_5.csv,0.6757377436594986,0.9999999999878049,0.8199999999918,82,0,18,156,0.039282226562499994,0.001600609756097561,0.03768161680640243
RF,5,0.75,1.0,crp_dataset_8_1_8.csv|crp_dataset_8_1_2.csv|crp_dataset_8_1_7.csv|crp_dataset_8_1_4.csv|crp_dataset_8_1_6.csv,crp_dataset_8_1_3.csv,0.6757377436594986,0.999999999992126,0.7341040462385312,127,0,46,83,0.0196044921875,0.0,0.0196044921875
RF,5,0.75,1.0,crp_dataset_8_1_8.csv|crp_dataset_8_1_2.csv|crp_dataset_8_1_7.csv|crp_dataset_8_1_4.csv|crp_dataset_8_1_6.csv,crp_dataset_8_1_1.csv,0.6757377436594986,0.9629629629510745,0.619047619042706,78,3,48,127,0.0252685546875,0.0005401234567901234,0.024728431230709877
RF,5,0.75,1.0,crp_dataset_8_1_8.csv|crp_dataset_8_1_2.csv|crp_dataset_8_1_7.csv|crp_dataset_8_1_4.csv|crp_dataset_8_1_3.csv,crp_dataset_8_1_5.csv,0.7318210751050285,0.9999999999870129,0.7699999999923,77,0,23,156,0.039282226562499994,0.0013798701298701301,0.03790235643262987
RF,5,0.75,1.0,crp_dataset_8_1_8.csv|crp_dataset_8_1_2.csv|crp_dataset_8_1_7.csv|crp_dataset_8_1_4.csv|crp_dataset_8_1_3.csv,crp_dataset_8_1_6.csv,0.7318210751050285,0.754189944129865,0.9642857142788266,135,44,5,72,0.026928710937499996,0.011208100558659218,0.015720610378840778
RF,5,0.75,1.0,crp_dataset_8_1_8.csv|crp_dataset_8_1_2.csv|crp_dataset_8_1_7.csv|crp_dataset_8_1_4.csv|crp_dataset_8_1_3.csv,crp_dataset_8_1_1.csv,0.7318210751050285,0.9999999999897958,0.777777777771605,98,0,28,130,0.0252685546875,6.377551020408164e-05,0.025204779177295918
RF,5,0.75,1.0,crp_dataset_8_1_8.csv|crp_dataset_8_1_2.csv|crp_dataset_8_1_7.csv|crp_dataset_8_1_4.csv|crp_dataset_8_1_1.csv,crp_dataset_8_1_5.csv,0.6341128912955,0.9999999999870129,0.7699999999923,77,0,23,156,0.039282226562499994,0.0013798701298701301,0.03790235643262987
RF,5,0.75,1.0,crp_dataset_8_1_8.csv|crp_dataset_8_1_2.csv|crp_dataset_8_1_7.csv|crp_dataset_8_1_4.csv|crp_dataset_8_1_1.csv,crp_dataset_8_1_6.csv,0.6341128912955,0.8823529411699828,0.8571428571367348,120,16,20,100,0.026928710937499996,0.0061121323529411764,0.02081657858455882
RF,5,0.75,1.0,crp_dataset_8_1_8.csv|crp_dataset_8_1_2.csv|crp_dataset_8_1_7.csv|crp_dataset_8_1_4.csv|crp_dataset_8_1_1.csv,crp_dataset_8_1_3.csv,0.6341128912955,0.9999999999927537,0.7976878612670655,138,0,35,83,0.0196044921875,0.00013586956521739133,0.01946862262228261
RF,5,0.75,1.0,crp_dataset_8_1_8.csv|crp_dataset_8_1_2.csv|crp_dataset_8_1_7.csv|crp_dataset_8_1_5.csv|crp_dataset_8_1_6.csv,crp_dataset_8_1_4.csv,0.6711421568627451,0.9920634920556185,0.9541984732751588,125,1,6,124,0.023046875,0.00034722222222222224,0.02269965277777778
RF,5,0.75,1.0,crp_dataset_8_1_8.csv|crp_dataset_8_1_2.csv|crp_dataset_8_1_7.csv|crp_dataset_8_1_5.csv|crp_dataset_8_1_6.csv,crp_dataset_8_1_3.csv,0.6711421568627451,0.999999999992,0.7225433525969795,125,0,48,83,0.0196044921875,0.0,0.0196044921875
RF,5,0.75,1.0,crp_dataset_8_1_8.csv|crp_dataset_8_1_2.csv|crp_dataset_8_1_7.csv|crp_dataset_8_1_5.csv|crp_dataset_8_1_6.csv,crp_dataset_8_1_1.csv,0.6711421568627451,0.9624999999879688,0.611111111106261,77,3,49,127,0.0252685546875,0.0005468749999999999,0.0247216796875
RF,5,0.75,1.0,crp_dataset_8_1_8.csv|crp_dataset_8_1_2.csv|crp_dataset_8_1_7.csv|crp_dataset_8_1_5.csv|crp_dataset_8_1_3.csv,crp_dataset_8_1_4.csv,0.6095919777580618,0.9999999999915966,0.9083969465579512,119,0,12,125,0.023046875,0.00031512605042016814,0.022731748949579834
RF,5,0.75,1.0,crp_dataset_8_1_8.csv|crp_dataset_8_1_2.csv|crp_dataset_8_1_7.csv|crp_dataset_8_1_5.csv|crp_dataset_8_1_3.csv,crp_dataset_8_1_6.csv,0.6095919777580618,0.639269406389775,0.9999999999928573,140,79,0,37,0.026928710937499996,0.01917808219178082,0.007750628745719176
RF,5,0.75,1.0,crp_dataset_8_1_8.csv|crp_dataset_8_1_2.csv|crp_dataset_8_1_7.csv|crp_dataset_8_1_5.csv|crp_dataset_8_1_3.csv,crp_dataset_8_1_1.csv,0.6095919777580618,0.973913043469792,0.8888888888818341,112,3,14,127,0.0252685546875,0.0005434782608695652,0.024725076426630434
RF,5,0.75,1.0,crp_dataset_8_1_8.csv|crp_dataset_8_1_2.csv|crp_dataset_8_1_7.csv|crp_dataset_8_1_5.csv|crp_dataset_8_1_1.csv,crp_dataset_8_1_4.csv,0.6025100408850409,0.9917355371818865,0.9160305343441525,120,1,11,124,0.023046875,0.00046487603305785124,0.02258199896694215
RF,5,0.75,1.0,crp_dataset_8_1_8.csv|crp_dataset_8_1_2.csv|crp_dataset_8_1_7.csv|crp_dataset_8_1_5.csv|crp_dataset_8_1_1.csv,crp_dataset_8_1_6.csv,0.6025100408850409,0.9729729729642074,0.7714285714230613,108,3,32,113,0.026928710937499996,0.0016328828828828831,0.025295828054617112
RF,5,0.75,1.0,crp_dataset_8_1_8.csv|crp_dataset_8_1_2.csv|crp_dataset_8_1_7.csv|crp_dataset_8_1_5.csv|crp_dataset_8_1_1.csv,crp_dataset_8_1_3.csv,0.6025100408850409,0.9999999999924243,0.7630057803424104,132,0,41,83,0.0196044921875,0.00014204545454545457,0.019462446732954546
RF,5,0.75,1.0,crp_dataset_8_1_8.csv|crp_dataset_8_1_2.csv|crp_dataset_8_1_7.csv|crp_dataset_8_1_6.csv|crp_dataset_8_1_3.csv,crp_dataset_8_1_4.csv,0.6034976935679649,0.9767441860389401,0.9618320610613601,126,3,5,122,0.023046875,0.0006782945736434108,0.02236858042635659
RF,5,0.75,1.0,crp_dataset_8_1_8.csv|crp_dataset_8_1_2.csv|crp_dataset_8_1_7.csv|crp_dataset_8_1_6.csv|crp_dataset_8_1_3.csv,crp_dataset_8_1_5.csv,0.6034976935679649,0.9999999999879517,0.8299999999916999,83,0,17,156,0.039282226562499994,0.0016566265060240966,0.037625600056475896
RF,5,0.75,1.0,crp_dataset_8_1_8.csv|crp_dataset_8_1_2.csv|crp_dataset_8_1_7.csv|crp_dataset_8_1_6.csv|crp_dataset_8_1_3.csv,crp_dataset_8_1_1.csv,0.6034976935679649,0.9682539682462836,0.9682539682462836,122,4,4,126,0.0252685546875,0.0006944444444444445,0.024574110243055555
RF,5,0.75,1.0,crp_dataset_8_1_8.csv|crp_dataset_8_1_2.csv|crp_dataset_8_1_7.csv|crp_dataset_8_1_6.csv|crp_dataset_8_1_1.csv,crp_dataset_8_1_4.csv,0.643076089443784,0.9999999999920635,0.9618320610613601,126,0,5,125,0.023046875,0.00029761904761904765,0.022749255952380955
RF,5,0.75,1.0,crp_dataset_8_1_8.csv|crp_dataset_8_1_2.csv|crp_dataset_8_1_7.csv|crp_dataset_8_1_6.csv|crp_dataset_8_1_1.csv,crp_dataset_8_1_5.csv,0.643076089443784,0.9999999999870129,0.7699999999923,77,0,23,156,0.039282226562499994,0.0013798701298701301,0.03790235643262987
RF,5,0.75,1.0,crp_dataset_8_1_8.csv|crp_dataset_8_1_2.csv|crp_dataset_8_1_7.csv|crp_dataset_8_1_6.csv|crp_dataset_8_1_1.csv,crp_dataset_8_1_3.csv,0.643076089443784,0.9999999999931035,0.8381502890124963,145,0,28,83,0.0196044921875,0.00012931034482758624,0.019475181842672412
RF,5,0.75,1.0,crp_dataset_8_1_8.csv|crp_dataset_8_1_2.csv|crp_dataset_8_1_7.csv|crp_dataset_8_1_3.csv|crp_dataset_8_1_1.csv,crp_dataset_8_1_4.csv,0.6092861045635964,0.999999999992,0.9541984732751588,125,0,6,125,0.023046875,0.00030000000000000003,0.022746875
RF,5,0.75,1.0,crp_dataset_8_1_8.csv|crp_dataset_8_1_2.csv|crp_dataset_8_1_7.csv|crp_dataset_8_1_3.csv|crp_dataset_8_1_1.csv,crp_dataset_8_1_5.csv,0.6092861045635964,0.9999999999870129,0.7699999999923,77,0,23,156,0.039282226562499994,0.0013798701298701301,0.03790235643262987
RF,5,0.75,1.0,crp_dataset_8_1_8.csv|crp_dataset_8_1_2.csv|crp_dataset_8_1_7.csv|crp_dataset_8_1_3.csv|crp_dataset_8_1_1.csv,crp_dataset_8_1_6.csv,0.6092861045635964,0.63063063062779,0.9999999999928573,140,82,0,34,0.026928710937499996,0.02128378378378378,0.005644927153716214
RF,5,0.75,1.0,crp_dataset_8_1_8.csv|crp_dataset_8_1_2.csv|crp_dataset_8_1_4.csv|crp_dataset_8_1_5.csv|crp_dataset_8_1_6.csv,crp_dataset_8_1_7.csv,0.6233333333333333,0.9999999999954546,0.9999999999954546,220,0,0,36,0.0095703125,0.00034090909090909094,0.00922940340909091
RF,5,0.75,1.0,crp_dataset_8_1_8.csv|crp_dataset_8_1_2.csv|crp_dataset_8_1_4.csv|crp_dataset_8_1_5.csv|crp_dataset_8_1_6.csv,crp_dataset_8_1_3.csv,0.6233333333333333,0.999999999992126,0.7341040462385312,127,0,46,83,0.0196044921875,0.0,0.0196044921875
RF,5,0.75,1.0,crp_dataset_8_1_8.csv|crp_dataset_8_1_2.csv|crp_dataset_8_1_4.csv|crp_dataset_8_1_5.csv|crp_dataset_8_1_6.csv,crp_dataset_8_1_1.csv,0.6233333333333333,0.9634146341345925,0.6269841269791508,79,3,47,127,0.0252685546875,0.0005335365853658536,0.024735018102134146
RF,5,0.75,1.0,crp_dataset_8_1_8.csv|crp_dataset_8_1_2.csv|crp_dataset_8_1_4.csv|crp_dataset_8_1_5.csv|crp_dataset_8_1_3.csv,crp_dataset_8_1_7.csv,0.6157436381223519,0.9999999999954546,0.9999999999954546,220,0,0,36,0.0095703125,0.00034090909090909094,0.00922940340909091
RF,5,0.75,1.0,crp_dataset_8_1_8.csv|crp_dataset_8_1_2.csv|crp_dataset_8_1_4.csv|crp_dataset_8_1_5.csv|crp_dataset_8_1_3.csv,crp_dataset_8_1_6.csv,0.6157436381223519,0.6363636363607438,0.9999999999928573,140,80,0,36,0.026928710937499996,0.02008522727272727,0.006843483664772727
RF,5,0.75,1.0,crp_dataset_8_1_8.csv|crp_dataset_8_1_2.csv|crp_dataset_8_1_4.csv|crp_dataset_8_1_5.csv|crp_dataset_8_1_3.csv,crp_dataset_8_1_1.csv,0.6157436381223519,0.9727272727184297,0.8492063491996095,107,3,19,127,0.0252685546875,0.0005113636363636364,0.024757191051136364
RF,5,0.75,1.0,crp_dataset_8_1_8.csv|crp_dataset_8_1_2.csv|crp_dataset_8_1_4.csv|crp_dataset_8_1_5.csv|crp_dataset_8_1_1.csv,crp_dataset_8_1_7.csv,0.7978240380698438,0.9999999999954546,0.9999999999954546,220,0,0,36,0.0095703125,0.00034090909090909094,0.00922940340909091
RF,5,0.75,1.0,crp_dataset_8_1_8.csv|crp_dataset_8_1_2.csv|crp_dataset_8_1_4.csv|crp_dataset_8_1_5.csv|crp_dataset_8_1_1.csv,crp_dataset_8_1_6.csv,0.7978240380698438,0.9823008849470592,0.7928571428514797,111,2,29,114,0.026928710937499996,0.0009402654867256638,0.025988445450774333
RF,5,0.75,1.0,crp_dataset_8_1_8.csv|crp_dataset_8_1_2.csv|crp_dataset_8_1_4.csv|crp_dataset_8_1_5.csv|crp_dataset_8_1_1.csv,crp_dataset_8_1_3.csv,0.7978240380698438,0.9999999999916667,0.6936416184931004,120,0,53,83,0.0196044921875,0.00015625000000000003,0.0194482421875
RF,5,0.75,1.0,crp_dataset_8_1_8.csv|crp_dataset_8_1_2.csv|crp_dataset_8_1_4.csv|crp_dataset_8_1_6.csv|crp_dataset_8_1_3.csv,crp_dataset_8_1_7.csv,0.6002005412070487,0.9999999999954546,0.9999999999954546,220,0,0,36,0.0095703125,0.00034090909090909094,0.00922940340909091
RF,5,0.75,1.0,crp_dataset_8_1_8.csv|crp_dataset_8_1_2.csv|crp_dataset_8_1_4.csv|crp_dataset_8_1_6.csv|crp_dataset_8_1_3.csv,crp_dataset_8_1_5.csv,0.6002005412070487,0.9999999999879517,0.8299999999916999,83,0,17,156,0.039282226562499994,0.0016566265060240966,0.037625600056475896
RF,5,0.75,1.0,crp_dataset_8_1_8.csv|crp_dataset_8_1_2.csv|crp_dataset_8_1_4.csv|crp_dataset_8_1_6.csv|crp_dataset_8_1_3.csv,crp_dataset_8_1_1.csv,0.6002005412070487,0.9752066115621884,0.9365079365005039,118,3,8,127,0.0252685546875,0.0005681818181818183,0.02470037286931818
RF,5,0.75,1.0,crp_dataset_8_1_8.csv|crp_dataset_8_1_2.csv|crp_dataset_8_1_4.csv|crp_dataset_8_1_6.csv|crp_dataset_8_1_1.csv,crp_dataset_8_1_7.csv,0.6783548331613346,0.9999999999954546,0.9999999999954546,220,0,0,36,0.0095703125,0.00034090909090909094,0.00922940340909091
RF,5,0.75,1.0,crp_dataset_8_1_8.csv|crp_dataset_8_1_2.csv|crp_dataset_8_1_4.csv|crp_dataset_8_1_6.csv|crp_dataset_8_1_1.csv,crp_dataset_8_1_5.csv,0.6783548331613346,0.9999999999871795,0.7799999999921999,78,0,22,156,0.039282226562499994,0.0014423076923076924,0.0378399188701923
RF,5,0.75,1.0,crp_dataset_8_1_8.csv|crp_dataset_8_1_2.csv|crp_dataset_8_1_4.csv|crp_dataset_8_1_6.csv|crp_dataset_8_1_1.csv,crp_dataset_8_1_3.csv,0.6783548331613346,0.9999999999930557,0.8323699421917204,144,0,29,83,0.0196044921875,0.00013020833333333336,0.019474283854166666
RF,5,0.75,1.0,crp_dataset_8_1_8.csv|crp_dataset_8_1_2.csv|crp_dataset_8_1_4.csv|crp_dataset_8_1_3.csv|crp_dataset_8_1_1.csv,crp_dataset_8_1_7.csv,0.7189129897779225,0.9999999999954546,0.9999999999954546,220,0,0,36,0.0095703125,0.00034090909090909094,0.00922940340909091
RF,5,0.75,1.0,crp_dataset_8_1_8.csv|crp_dataset_8_1_2.csv|crp_dataset_8_1_4.csv|crp_dataset_8_1_3.csv|crp_dataset_8_1_1.csv,crp_dataset_8_1_5.csv,0.7189129897779225,0.9999999999870129,0.7699999999923,77,0,23,156,0.039282226562499994,0.0013798701298701301,0.03790235643262987
RF,5,0.75,1.0,crp_dataset_8_1_8.csv|crp_dataset_8_1_2.csv|crp_dataset_8_1_4.csv|crp_dataset_8_1_3.csv|crp_dataset_8_1_1.csv,crp_dataset_8_1_6.csv,0.7189129897779225,0.8192771084287996,0.9714285714216327,136,30,4,86,0.026928710937499996,0.008546686746987952,0.018382024190512044
RF,5,0.75,1.0,crp_dataset_8_1_8.csv|crp_dataset_8_1_2.csv|crp_dataset_8_1_5.csv|crp_dataset_8_1_6.csv|crp_dataset_8_1_3.csv,crp_dataset_8_1_7.csv,0.6732917511832319,0.9999999999954546,0.9999999999954546,220,0,0,36,0.0095703125,0.00034090909090909094,0.00922940340909091
RF,5,0.75,1.0,crp_dataset_8_1_8.csv|crp_dataset_8_1_2.csv|crp_dataset_8_1_5.csv|crp_dataset_8_1_6.csv|crp_dataset_8_1_3.csv,crp_dataset_8_1_4.csv,0.6732917511832319,0.9767441860389401,0.9618320610613601,126,3,5,122,0.023046875,0.0006782945736434108,0.02236858042635659
RF,5,0.75,1.0,crp_dataset_8_1_8.csv|crp_dataset_8_1_2.csv|crp_dataset_8_1_5.csv|crp_dataset_8_1_6.csv|crp_dataset_8_1_3.csv,crp_dataset_8_1_1.csv,0.6732917511832319,0.953488372085632,0.9761904761827286,123,6,3,124,0.0252685546875,0.0010174418604651163,0.024251112827034883
RF,5,0.75,1.0,crp_dataset_8_1_8.csv|crp_dataset_8_1_2.csv|crp_dataset_8_1_5.csv|crp_dataset_8_1_6.csv|crp_dataset_8_1_1.csv,crp_dataset_8_1_7.csv,0.63699448091638,0.9999999999954546,0.9999999999954546,220,0,0,36,0.0095703125,0.00034090909090909094,0.00922940340909091
RF,5,0.75,1.0,crp_dataset_8_1_8.csv|crp_dataset_8_1_2.csv|crp_dataset_8_1_5.csv|crp_dataset_8_1_6.csv|crp_dataset_8_1_1.csv,crp_dataset_8_1_4.csv,0.63699448091638,0.9843749999923097,0.9618320610613601,126,2,5,123,0.023046875,0.000537109375,0.022509765625
RF,5,0.75,1.0,crp_dataset_8_1_8.csv|crp_dataset_8_1_2.csv|crp_dataset_8_1_5.csv|crp_dataset_8_1_6.csv|crp_dataset_8_1_1.csv,crp_dataset_8_1_3.csv,0.63699448091638,0.9999999999931035,0.8381502890124963,145,0,28,83,0.0196044921875,0.00012931034482758624,0.019475181842672412
RF,5,0.75,1.0,crp_dataset_8_1_8.csv|crp_dataset_8_1_2.csv|crp_dataset_8_1_5.csv|crp_dataset_8_1_3.csv|crp_dataset_8_1_1.csv,crp_dataset_8_1_7.csv,0.6655665392671889,0.9999999999954546,0.9999999999954546,220,0,0,36,0.0095703125,0.00034090909090909094,0.00922940340909091
RF,5,0.75,1.0,crp_dataset_8_1_8.csv|crp_dataset_8_1_2.csv|crp_dataset_8_1_5.csv|crp_dataset_8_1_3.csv|crp_dataset_8_1_1.csv,crp_dataset_8_1_4.csv,0.6655665392671889,0.9915966386471294,0.90076335877175,118,1,13,124,0.023046875,0.00047268907563025216,0.02257418592436975
RF,5,0.75,1.0,crp_dataset_8_1_8.csv|crp_dataset_8_1_2.csv|crp_dataset_8_1_5.csv|crp_dataset_8_1_3.csv|crp_dataset_8_1_1.csv,crp_dataset_8_1_6.csv,0.6655665392671889,0.7627118644024706,0.9642857142788266,135,42,5,74,0.026928710937499996,0.010981638418079096,0.015947072519420902
RF,5,0.75,1.0,crp_dataset_8_1_8.csv|crp_dataset_8_1_2.csv|crp_dataset_8_1_6.csv|crp_dataset_8_1_3.csv|crp_dataset_8_1_1.csv,crp_dataset_8_1_7.csv,0.7187795641510316,0.9999999999954546,0.9999999999954546,220,0,0,36,0.0095703125,0.00034090909090909094,0.00922940340909091
RF,5,0.75,1.0,crp_dataset_8_1_8.csv|crp_dataset_8_1_2.csv|crp_dataset_8_1_6.csv|crp_dataset_8_1_3.csv|crp_dataset_8_1_1.csv,crp_dataset_8_1_4.csv,0.7187795641510316,0.9921259842441564,0.9618320610613601,126,1,5,124,0.023046875,0.00039370078740157485,0.022653174212598427
RF,5,0.75,1.0,crp_dataset_8_1_8.csv|crp_dataset_8_1_2.csv|crp_dataset_8_1_6.csv|crp_dataset_8_1_3.csv|crp_dataset_8_1_1.csv,crp_dataset_8_1_5.csv,0.7187795641510316,0.9999999999870129,0.7699999999923,77,0,23,156,0.039282226562499994,0.0013798701298701301,0.03790235643262987
RF,5,0.75,1.0,crp_dataset_8_1_8.csv|crp_dataset_8_1_7.csv|crp_dataset_8_1_4.csv|crp_dataset_8_1_5.csv|crp_dataset_8_1_6.csv,crp_dataset_8_1_2.csv,0.6783122298499873,0.9999999999878049,0.6890756302463102,82,0,37,137,0.039453125,0.0013719512195121953,0.0380811737804878
RF,5,0.75,1.0,crp_dataset_8_1_8.csv|crp_dataset_8_1_7.csv|crp_dataset_8_1_4.csv|crp_dataset_8_1_5.csv|crp_dataset_8_1_6.csv,crp_dataset_8_1_3.csv,0.6783122298499873,0.999999999992126,0.7341040462385312,127,0,46,83,0.0196044921875,0.0,0.0196044921875
RF,5,0.75,1.0,crp_dataset_8_1_8.csv|crp_dataset_8_1_7.csv|crp_dataset_8_1_4.csv|crp_dataset_8_1_5.csv|crp_dataset_8_1_6.csv,crp_dataset_8_1_1.csv,0.6783122298499873,0.9705882352798443,0.5238095238053666,66,2,60,128,0.0252685546875,0.00045955882352941176,0.02480899586397059
RF,5,0.75,1.0,crp_dataset_8_1_8.csv|crp_dataset_8_1_7.csv|crp_dataset_8_1_4.csv|crp_dataset_8_1_5.csv|crp_dataset_8_1_3.csv,crp_dataset_8_1_2.csv,0.6254252158392465,0.9999999999882353,0.7142857142797119,85,0,34,137,0.039453125,0.001323529411764706,0.038129595588235296
RF,5,0.75,1.0,crp_dataset_8_1_8.csv|crp_dataset_8_1_7.csv|crp_dataset_8_1_4.csv|crp_dataset_8_1_5.csv|crp_dataset_8_1_3.csv,crp_dataset_8_1_6.csv,0.6254252158392465,0.6034482758594679,0.9999999999928573,140,92,0,24,0.026928710937499996,0.022952586206896552,0.003976124730603443
RF,5,0.75,1.0,crp_dataset_8_1_8.csv|crp_dataset_8_1_7.csv|crp_dataset_8_1_4.csv|crp_dataset_8_1_5.csv|crp_dataset_8_1_3.csv,crp_dataset_8_1_1.csv,0.6254252158392465,0.9663865546137278,0.912698412691169,115,4,11,126,0.0252685546875,0.0007352941176470588,0.02453326056985294
RF,5,0.75,1.0,crp_dataset_8_1_8.csv|crp_dataset_8_1_7.csv|crp_dataset_8_1_4.csv|crp_dataset_8_1_5.csv|crp_dataset_8_1_1.csv,crp_dataset_8_1_2.csv,0.6428803250968199,0.9999999999878049,0.6890756302463102,82,0,37,137,0.039453125,0.0013719512195121953,0.0380811737804878
RF,5,0.75,1.0,crp_dataset_8_1_8.csv|crp_dataset_8_1_7.csv|crp_dataset_8_1_4.csv|crp_dataset_8_1_5.csv|crp_dataset_8_1_1.csv,crp_dataset_8_1_6.csv,0.6428803250968199,0.9661016949070669,0.814285714279898,114,4,26,112,0.026928710937499996,0.0019597457627118643,0.02496896517478813
RF,5,0.75,1.0,crp_dataset_8_1_8.csv|crp_dataset_8_1_7.csv|crp_dataset_8_1_4.csv|crp_dataset_8_1_5.csv|crp_dataset_8_1_1.csv,crp_dataset_8_1_3.csv,0.6428803250968199,0.9999999999925374,0.7745664739839621,134,0,39,83,0.0196044921875,0.00013992537313432837,0.01946456681436567
RF,5,0.75,1.0,crp_dataset_8_1_8.csv|crp_dataset_8_1_7.csv|crp_dataset_8_1_4.csv|crp_dataset_8_1_6.csv|crp_dataset_8_1_3.csv,crp_dataset_8_1_2.csv,0.6629011572566281,0.9761904761788548,0.6890756302463102,82,2,37,135,0.039453125,0.006473214285714285,0.032979910714285715
RF,5,0.75,1.0,crp_dataset_8_1_8.csv|crp_dataset_8_1_7.csv|crp_dataset_8_1_4.csv|crp_dataset_8_1_6.csv|crp_dataset_8_1_3.csv,crp_dataset_8_1_5.csv,0.6629011572566281,0.9999999999878049,0.8199999999918,82,0,18,156,0.039282226562499994,0.0014481707317073173,0.037834055830792676
RF,5,0.75,1.0,crp_dataset_8_1_8.csv|crp_dataset_8_1_7.csv|crp_dataset_8_1_4.csv|crp_dataset_8_1_6.csv|crp_dataset_8_1_3.csv,crp_dataset_8_1_1.csv,0.6629011572566281,0.9722222222132201,0.8333333333267195,105,3,21,127,0.0252685546875,0.000462962962962963,0.024805591724537036
RF,5,0.75,1.0,crp_dataset_8_1_8.csv|crp_dataset_8_1_7.csv|crp_dataset_8_1_4.csv|crp_dataset_8_1_6.csv|crp_dataset_8_1_1.csv,crp_dataset_8_1_2.csv,0.637414131335783,0.9999999999878049,0.6890756302463102,82,0,37,137,0.039453125,0.0013719512195121953,0.0380811737804878
RF,5,0.75,1.0,crp_dataset_8_1_8.csv|crp_dataset_8_1_7.csv|crp_dataset_8_1_4.csv|crp_dataset_8_1_6.csv|crp_dataset_8_1_1.csv,crp_dataset_8_1_5.csv,0.637414131335783,0.9999999999871795,0.7799999999921999,78,0,22,156,0.039282226562499994,0.0013621794871794873,0.037920047075320505
RF,5,0.75,1.0,crp_dataset_8_1_8.csv|crp_dataset_8_1_7.csv|crp_dataset_8_1_4.csv|crp_dataset_8_1_6.csv|crp_dataset_8_1_1.csv,crp_dataset_8_1_3.csv,0.637414131335783,0.9865771812014325,0.849710982654048,147,2,26,81,0.0196044921875,0.00029362416107382553,0.019310868026426172
RF,5,0.75,1.0,crp_dataset_8_1_8.csv|crp_dataset_8_1_7.csv|crp_dataset_8_1_4.csv|crp_dataset_8_1_3.csv|crp_dataset_8_1_1.csv,crp_dataset_8_1_2.csv,0.6412692012314418,0.9999999999878049,0.6890756302463102,82,0,37,137,0.039453125,0.0013719512195121953,0.0380811737804878
RF,5,0.75,1.0,crp_dataset_8_1_8.csv|crp_dataset_8_1_7.csv|crp_dataset_8_1_4.csv|crp_dataset_8_1_3.csv|crp_dataset_8_1_1.csv,crp_dataset_8_1_5.csv,0.6412692012314418,0.9999999999875,0.799999999992,80,0,20,156,0.039282226562499994,0.00140625,0.0378759765625
RF,5,0.75,1.0,crp_dataset_8_1_8.csv|crp_dataset_8_1_7.csv|crp_dataset_8_1_4.csv|crp_dataset_8_1_3.csv|crp_dataset_8_1_1.csv,crp_dataset_8_1_6.csv,0.6412692012314418,0.6222222222194568,0.9999999999928573,140,85,0,31,0.026928710937499996,0.02225,0.004678710937499997
RF,5,0.75,1.0,crp_dataset_8_1_8.csv|crp_dataset_8_1_7.csv|crp_dataset_8_1_5.csv|crp_dataset_8_1_6.csv|crp_dataset_8_1_3.csv,crp_dataset_8_1_2.csv,0.659608273133815,0.9999999999896907,0.8151260504133182,97,0,22,137,0.039453125,0.0012886597938144332,0.03816446520618556
RF,5,0.75,1.0,crp_dataset_8_1_8.csv|crp_dataset_8_1_7.csv|crp_dataset_8_1_5.csv|crp_dataset_8_1_6.csv|crp_dataset_8_1_3.csv,crp_dataset_8_1_4.csv,0.659608273133815,0.9921259842441564,0.9618320610613601,126,1,5,124,0.023046875,0.00039370078740157485,0.022653174212598427
RF,5,0.75,1.0,crp_dataset_8_1_8.csv|crp_dataset_8_1_7.csv|crp_dataset_8_1_5.csv|crp_dataset_8_1_6.csv|crp_dataset_8_1_3.csv,crp_dataset_8_1_1.csv,0.659608273133815,0.9679999999922559,0.9603174603098388,121,4,5,126,0.0252685546875,0.0007000000000000001,0.0245685546875
RF,5,0.75,1.0,crp_dataset_8_1_8.csv|crp_dataset_8_1_7.csv|crp_dataset_8_1_5.csv|crp_dataset_8_1_6.csv|crp_dataset_8_1_1.csv,crp_dataset_8_1_2.csv,0.6072873909363237,0.9999999999878049,0.6890756302463102,82,0,37,137,0.039453125,0.0013719512195121953,0.0380811737804878
RF,5,0.75,1.0,crp_dataset_8_1_8.csv|crp_dataset_8_1_7.csv|crp_dataset_8_1_5.csv|crp_dataset_8_1_6.csv|crp_dataset_8_1_1.csv,crp_dataset_8_1_4.csv,0.6072873909363237,0.9921259842441564,0.9618320610613601,126,1,5,124,0.023046875,0.00039370078740157485,0.022653174212598427
RF,5,0.75,1.0,crp_dataset_8_1_8.csv|crp_dataset_8_1_7.csv|crp_dataset_8_1_5.csv|crp_dataset_8_1_6.csv|crp_dataset_8_1_1.csv,crp_dataset_8_1_3.csv,0.6072873909363237,0.9999999999931035,0.8381502890124963,145,0,28,83,0.0196044921875,0.00012931034482758624,0.019475181842672412
RF,5,0.75,1.0,crp_dataset_8_1_8.csv|crp_dataset_8_1_7.csv|crp_dataset_8_1_5.csv|crp_dataset_8_1_3.csv|crp_dataset_8_1_1.csv,crp_dataset_8_1_2.csv,0.6015261940866734,0.9999999999885058,0.7310924369686462,87,0,32,137,0.039453125,0.0012931034482758623,0.038160021551724134
RF,5,0.75,1.0,crp_dataset_8_1_8.csv|crp_dataset_8_1_7.csv|crp_dataset_8_1_5.csv|crp_dataset_8_1_3.csv|crp_dataset_8_1_1.csv,crp_dataset_8_1_4.csv,0.6015261940866734,0.9999999999920635,0.9618320610613601,126,0,5,125,0.023046875,0.00029761904761904765,0.022749255952380955
RF,5,0.75,1.0,crp_dataset_8_1_8.csv|crp_dataset_8_1_7.csv|crp_dataset_8_1_5.csv|crp_dataset_8_1_3.csv|crp_dataset_8_1_1.csv,crp_dataset_8_1_6.csv,0.6015261940866734,0.6194690265459316,0.9999999999928573,140,86,0,30,0.026928710937499996,0.02190265486725664,0.005026056070243357
RF,5,0.75,1.0,crp_dataset_8_1_8.csv|crp_dataset_8_1_7.csv|crp_dataset_8_1_6.csv|crp_dataset_8_1_3.csv|crp_dataset_8_1_1.csv,crp_dataset_8_1_2.csv,0.6399448294987511,0.9999999999878049,0.6890756302463102,82,0,37,137,0.039453125,0.0013719512195121953,0.0380811737804878
RF,5,0.75,1.0,crp_dataset_8_1_8.csv|crp_dataset_8_1_7.csv|crp_dataset_8_1_6.csv|crp_dataset_8_1_3.csv|crp_dataset_8_1_1.csv,crp_dataset_8_1_4.csv,0.6399448294987511,0.9843749999923097,0.9618320610613601,126,2,5,123,0.023046875,0.000537109375,0.022509765625
RF,5,0.75,1.0,crp_dataset_8_1_8.csv|crp_dataset_8_1_7.csv|crp_dataset_8_1_6.csv|crp_dataset_8_1_3.csv|crp_dataset_8_1_1.csv,crp_dataset_8_1_5.csv,0.6399448294987511,0.9999999999873417,0.7899999999921,79,0,21,156,0.039282226562499994,0.0013449367088607597,0.037937289853639235
RF,5,0.75,1.0,crp_dataset_8_1_8.csv|crp_dataset_8_1_4.csv|crp_dataset_8_1_5.csv|crp_dataset_8_1_6.csv|crp_dataset_8_1_3.csv,crp_dataset_8_1_2.csv,0.639306489292037,0.9999999999882353,0.7142857142797119,85,0,34,137,0.039453125,0.001323529411764706,0.038129595588235296
RF,5,0.75,1.0,crp_dataset_8_1_8.csv|crp_dataset_8_1_4.csv|crp_dataset_8_1_5.csv|crp_dataset_8_1_6.csv|crp_dataset_8_1_3.csv,crp_dataset_8_1_7.csv,0.639306489292037,0.9999999999954546,0.9999999999954546,220,0,0,36,0.0095703125,0.00034090909090909094,0.00922940340909091
RF,5,0.75,1.0,crp_dataset_8_1_8.csv|crp_dataset_8_1_4.csv|crp_dataset_8_1_5.csv|crp_dataset_8_1_6.csv|crp_dataset_8_1_3.csv,crp_dataset_8_1_1.csv,0.639306489292037,0.9745762711781816,0.912698412691169,115,3,11,127,0.0252685546875,0.0004766949152542373,0.024791859772245763
RF,5,0.75,1.0,crp_dataset_8_1_8.csv|crp_dataset_8_1_4.csv|crp_dataset_8_1_5.csv|crp_dataset_8_1_6.csv|crp_dataset_8_1_1.csv,crp_dataset_8_1_2.csv,0.6323122373432396,0.9999999999878049,0.6890756302463102,82,0,37,137,0.039453125,0.0013719512195121953,0.0380811737804878
RF,5,0.75,1.0,crp_dataset_8_1_8.csv|crp_dataset_8_1_4.csv|crp_dataset_8_1_5.csv|crp_dataset_8_1_6.csv|crp_dataset_8_1_1.csv,crp_dataset_8_1_7.csv,0.6323122373432396,0.9999999999954546,0.9999999999954546,220,0,0,36,0.0095703125,0.00034090909090909094,0.00922940340909091
RF,5,0.75,1.0,crp_dataset_8_1_8.csv|crp_dataset_8_1_4.csv|crp_dataset_8_1_5.csv|crp_dataset_8_1_6.csv|crp_dataset_8_1_1.csv,crp_dataset_8_1_3.csv,0.6323122373432396,0.9999999999931973,0.849710982654048,147,0,26,83,0.0196044921875,0.00012755102040816328,0.019476941167091835
RF,5,0.75,1.0,crp_dataset_8_1_8.csv|crp_dataset_8_1_4.csv|crp_dataset_8_1_5.csv|crp_dataset_8_1_3.csv|crp_dataset_8_1_1.csv,crp_dataset_8_1_2.csv,0.622591070390318,0.9999999999879517,0.6974789915907774,83,0,36,137,0.039453125,0.0013554216867469882,0.03809770331325301
RF,5,0.75,1.0,crp_dataset_8_1_8.csv|crp_dataset_8_1_4.csv|crp_dataset_8_1_5.csv|crp_dataset_8_1_3.csv|crp_dataset_8_1_1.csv,crp_dataset_8_1_7.csv,0.622591070390318,0.9999999999954546,0.9999999999954546,220,0,0,36,0.0095703125,0.00034090909090909094,0.00922940340909091
RF,5,0.75,1.0,crp_dataset_8_1_8.csv|crp_dataset_8_1_4.csv|crp_dataset_8_1_5.csv|crp_dataset_8_1_3.csv|crp_dataset_8_1_1.csv,crp_dataset_8_1_6.csv,0.622591070390318,0.6160714285686782,0.985714285707245,138,86,2,30,0.026928710937499996,0.02279575892857143,0.004132952008928565
RF,5,0.75,1.0,crp_dataset_8_1_8.csv|crp_dataset_8_1_4.csv|crp_dataset_8_1_6.csv|crp_dataset_8_1_3.csv|crp_dataset_8_1_1.csv,crp_dataset_8_1_2.csv,0.646518522287371,0.9999999999878049,0.6890756302463102,82,0,37,137,0.039453125,0.0013719512195121953,0.0380811737804878
RF,5,0.75,1.0,crp_dataset_8_1_8.csv|crp_dataset_8_1_4.csv|crp_dataset_8_1_6.csv|crp_dataset_8_1_3.csv|crp_dataset_8_1_1.csv,crp_dataset_8_1_7.csv,0.646518522287371,0.9999999999954546,0.9999999999954546,220,0,0,36,0.0095703125,0.00034090909090909094,0.00922940340909091
RF,5,0.75,1.0,crp_dataset_8_1_8.csv|crp_dataset_8_1_4.csv|crp_dataset_8_1_6.csv|crp_dataset_8_1_3.csv|crp_dataset_8_1_1.csv,crp_dataset_8_1_5.csv,0.646518522287371,0.9999999999870129,0.7699999999923,77,0,23,156,0.039282226562499994,0.0013798701298701301,0.03790235643262987
RF,5,0.75,1.0,crp_dataset_8_1_8.csv|crp_dataset_8_1_5.csv|crp_dataset_8_1_6.csv|crp_dataset_8_1_3.csv|crp_dataset_8_1_1.csv,crp_dataset_8_1_2.csv,0.6119032481821661,0.999999999988764,0.7478991596575807,89,0,30,137,0.039453125,0.0013342696629213481,0.03811885533707865
RF,5,0.75,1.0,crp_dataset_8_1_8.csv|crp_dataset_8_1_5.csv|crp_dataset_8_1_6.csv|crp_dataset_8_1_3.csv|crp_dataset_8_1_1.csv,crp_dataset_8_1_7.csv,0.6119032481821661,0.9999999999954546,0.9999999999954546,220,0,0,36,0.0095703125,0.00034090909090909094,0.00922940340909091
RF,5,0.75,1.0,crp_dataset_8_1_8.csv|crp_dataset_8_1_5.csv|crp_dataset_8_1_6.csv|crp_dataset_8_1_3.csv|crp_dataset_8_1_1.csv,crp_dataset_8_1_4.csv,0.6119032481821661,0.9843749999923097,0.9618320610613601,126,2,5,123,0.023046875,0.000537109375,0.022509765625
RF,5,0.75,1.0,crp_dataset_8_1_2.csv|crp_dataset_8_1_7.csv|crp_dataset_8_1_4.csv|crp_dataset_8_1_5.csv|crp_dataset_8_1_6.csv,crp_dataset_8_1_8.csv,0.6791775867281294,0.9302325581287182,0.5797101449233355,80,6,58,112,0.0283203125,0.0037063953488372086,0.02461391715116279
RF,5,0.75,1.0,crp_dataset_8_1_2.csv|crp_dataset_8_1_7.csv|crp_dataset_8_1_4.csv|crp_dataset_8_1_5.csv|crp_dataset_8_1_6.csv,crp_dataset_8_1_3.csv,0.6791775867281294,0.999999999992126,0.7341040462385312,127,0,46,83,0.0196044921875,0.0,0.0196044921875
RF,5,0.75,1.0,crp_dataset_8_1_2.csv|crp_dataset_8_1_7.csv|crp_dataset_8_1_4.csv|crp_dataset_8_1_5.csv|crp_dataset_8_1_6.csv,crp_dataset_8_1_1.csv,0.6791775867281294,0.9589041095759053,0.5555555555511463,70,3,56,127,0.0252685546875,0.0005993150684931506,0.02466923961900685
RF,5,0.75,1.0,crp_dataset_8_1_2.csv|crp_dataset_8_1_7.csv|crp_dataset_8_1_4.csv|crp_dataset_8_1_5.csv|crp_dataset_8_1_3.csv,crp_dataset_8_1_8.csv,0.6213744189137396,0.9404761904649943,0.5724637681117938,79,5,59,113,0.0283203125,0.003422619047619047,0.024897693452380954
RF,5,0.75,1.0,crp_dataset_8_1_2.csv|crp_dataset_8_1_7.csv|crp_dataset_8_1_4.csv|crp_dataset_8_1_5.csv|crp_dataset_8_1_3.csv,crp_dataset_8_1_6.csv,0.6213744189137396,0.7354497354458442,0.9928571428500511,139,50,1,66,0.026928710937499996,0.012962962962962964,0.013965747974537032
RF,5,0.75,1.0,crp_dataset_8_1_2.csv|crp_dataset_8_1_7.csv|crp_dataset_8_1_4.csv|crp_dataset_8_1_5.csv|crp_dataset_8_1_3.csv,crp_dataset_8_1_1.csv,0.6213744189137396,0.9999999999878049,0.6507936507884857,82,0,44,130,0.0252685546875,7.621951219512195e-05,0.025192335175304878
RF,5,0.75,1.0,crp_dataset_8_1_2.csv|crp_dataset_8_1_7.csv|crp_dataset_8_1_4.csv|crp_dataset_8_1_5.csv|crp_dataset_8_1_1.csv,crp_dataset_8_1_8.csv,0.7086338053740014,0.9999999999866667,0.543478260865627,75,0,63,118,0.0283203125,0.0028333333333333335,0.025486979166666666
RF,5,0.75,1.0,crp_dataset_8_1_2.csv|crp_dataset_8_1_7.csv|crp_dataset_8_1_4.csv|crp_dataset_8_1_5.csv|crp_dataset_8_1_1.csv,crp_dataset_8_1_6.csv,0.7086338053740014,0.911290322573296,0.8071428571370919,113,11,27,105,0.026928710937499996,0.004737903225806452,0.022190807711693544
RF,5,0.75,1.0,crp_dataset_8_1_2.csv|crp_dataset_8_1_7.csv|crp_dataset_8_1_4.csv|crp_dataset_8_1_5.csv|crp_dataset_8_1_1.csv,crp_dataset_8_1_3.csv,0.7086338053740014,0.9999999999917355,0.6994219653138762,121,0,52,83,0.0196044921875,5.1652892561983477e-05,0.019552839294938017
RF,5,0.75,1.0,crp_dataset_8_1_2.csv|crp_dataset_8_1_7.csv|crp_dataset_8_1_4.csv|crp_dataset_8_1_6.csv|crp_dataset_8_1_3.csv,crp_dataset_8_1_8.csv,0.6003628044121975,0.9111111111009876,0.5942028985464188,82,8,56,110,0.0283203125,0.004236111111111111,0.02408420138888889
RF,5,0.75,1.0,crp_dataset_8_1_2.csv|crp_dataset_8_1_7.csv|crp_dataset_8_1_4.csv|crp_dataset_8_1_6.csv|crp_dataset_8_1_3.csv,crp_dataset_8_1_5.csv,0.6003628044121975,0.9999999999871795,0.7799999999921999,78,0,22,156,0.039282226562499994,0.0014423076923076924,0.0378399188701923
RF,5,0.75,1.0,crp_dataset_8_1_2.csv|crp_dataset_8_1_7.csv|crp_dataset_8_1_4.csv|crp_dataset_8_1_6.csv|crp_dataset_8_1_3.csv,crp_dataset_8_1_1.csv,0.6003628044121975,0.9487179487057856,0.5873015872969262,74,4,52,126,0.0252685546875,0.0008012820512820513,0.024467272636217948
RF,5,0.75,1.0,crp_dataset_8_1_2.csv|crp_dataset_8_1_7.csv|crp_dataset_8_1_4.csv|crp_dataset_8_1_6.csv|crp_dataset_8_1_1.csv,crp_dataset_8_1_8.csv,0.6657548387096774,0.9999999999855071,0.49999999999637684,69,0,69,118,0.0283203125,0.002626811594202899,0.0256935009057971
RF,5,0.75,1.0,crp_dataset_8_1_2.csv|crp_dataset_8_1_7.csv|crp_dataset_8_1_4.csv|crp_dataset_8_1_6.csv|crp_dataset_8_1_1.csv,crp_dataset_8_1_5.csv,0.6657548387096774,0.9999999999870129,0.7699999999923,77,0,23,156,0.039282226562499994,0.0013798701298701301,0.03790235643262987
RF,5,0.75,1.0,crp_dataset_8_1_2.csv|crp_dataset_8_1_7.csv|crp_dataset_8_1_4.csv|crp_dataset_8_1_6.csv|crp_dataset_8_1_1.csv,crp_dataset_8_1_3.csv,0.6657548387096774,0.9999999999922481,0.7456647398800829,129,0,44,83,0.0196044921875,0.0,0.0196044921875
RF,5,0.75,1.0,crp_dataset_8_1_2.csv|crp_dataset_8_1_7.csv|crp_dataset_8_1_4.csv|crp_dataset_8_1_3.csv|crp_dataset_8_1_1.csv,crp_dataset_8_1_8.csv,0.7821686390063898,0.999999999983871,0.449275362315585,62,0,76,118,0.0283203125,0.002923387096774194,0.025396925403225808
RF,5,0.75,1.0,crp_dataset_8_1_2.csv|crp_dataset_8_1_7.csv|crp_dataset_8_1_4.csv|crp_dataset_8_1_3.csv|crp_dataset_8_1_1.csv,crp_dataset_8_1_5.csv,0.7821686390063898,0.9999999999870129,0.7699999999923,77,0,23,156,0.039282226562499994,0.0013798701298701301,0.03790235643262987
RF,5,0.75,1.0,crp_dataset_8_1_2.csv|crp_dataset_8_1_7.csv|crp_dataset_8_1_4.csv|crp_dataset_8_1_3.csv|crp_dataset_8_1_1.csv,crp_dataset_8_1_6.csv,0.7821686390063898,0.8544303797414277,0.9642857142788266,135,23,5,93,0.026928710937499996,0.007080696202531646,0.01984801473496835
RF,5,0.75,1.0,crp_dataset_8_1_2.csv|crp_dataset_8_1_7.csv|crp_dataset_8_1_5.csv|crp_dataset_8_1_6.csv|crp_dataset_8_1_3.csv,crp_dataset_8_1_8.csv,0.6048106060606061,0.9425287356213502,0.5942028985464188,82,5,56,113,0.0283203125,0.003663793103448275,0.024656519396551724
RF,5,0.75,1.0,crp_dataset_8_1_2.csv|crp_dataset_8_1_7.csv|crp_dataset_8_1_5.csv|crp_dataset_8_1_6.csv|crp_dataset_8_1_3.csv,crp_dataset_8_1_4.csv,0.6048106060606061,0.9769230769155622,0.9694656488475614,127,3,4,122,0.023046875,0.0010096153846153846,0.02203725961538462
RF,5,0.75,1.0,crp_dataset_8_1_2.csv|crp_dataset_8_1_7.csv|crp_dataset_8_1_5.csv|crp_dataset_8_1_6.csv|crp_dataset_8_1_3.csv,crp_dataset_8_1_1.csv,0.6048106060606061,0.9484536082376448,0.7301587301529352,92,5,34,125,0.0252685546875,0.0009664948453608248,0.024302059842139175
RF,5,0.75,1.0,crp_dataset_8_1_2.csv|crp_dataset_8_1_7.csv|crp_dataset_8_1_5.csv|crp_dataset_8_1_6.csv|crp_dataset_8_1_1.csv,crp_dataset_8_1_8.csv,0.6087995879192224,0.9890109890001207,0.6521739130387524,90,1,48,117,0.0283203125,0.0025412087912087913,0.025779103708791207
RF,5,0.75,1.0,crp_dataset_8_1_2.csv|crp_dataset_8_1_7.csv|crp_dataset_8_1_5.csv|crp_dataset_8_1_6.csv|crp_dataset_8_1_1.csv,crp_dataset_8_1_4.csv,0.6087995879192224,0.9920634920556185,0.9541984732751588,125,1,6,124,0.023046875,0.00034722222222222224,0.02269965277777778
RF,5,0.75,1.0,crp_dataset_8_1_2.csv|crp_dataset_8_1_7.csv|crp_dataset_8_1_5.csv|crp_dataset_8_1_6.csv|crp_dataset_8_1_1.csv,crp_dataset_8_1_3.csv,0.6087995879192224,0.9999999999929579,0.8208092485501688,142,0,31,83,0.0196044921875,0.00013204225352112677,0.019472449933978873
RF,5,0.75,1.0,crp_dataset_8_1_2.csv|crp_dataset_8_1_7.csv|crp_dataset_8_1_5.csv|crp_dataset_8_1_3.csv|crp_dataset_8_1_1.csv,crp_dataset_8_1_8.csv,0.6082833755748389,0.9883720930117631,0.615942028981044,85,1,53,117,0.0283203125,0.0026889534883720936,0.025631359011627906
RF,5,0.75,1.0,crp_dataset_8_1_2.csv|crp_dataset_8_1_7.csv|crp_dataset_8_1_5.csv|crp_dataset_8_1_3.csv|crp_dataset_8_1_1.csv,crp_dataset_8_1_4.csv,0.6082833755748389,0.9917355371818865,0.9160305343441525,120,1,11,124,0.023046875,0.0004132231404958678,0.022633651859504132
RF,5,0.75,1.0,crp_dataset_8_1_2.csv|crp_dataset_8_1_7.csv|crp_dataset_8_1_5.csv|crp_dataset_8_1_3.csv|crp_dataset_8_1_1.csv,crp_dataset_8_1_6.csv,0.6082833755748389,0.6376146788961577,0.9928571428500511,139,79,1,37,0.026928710937499996,0.020068807339449542,0.0068599035980504534
RF,5,0.75,1.0,crp_dataset_8_1_2.csv|crp_dataset_8_1_7.csv|crp_dataset_8_1_6.csv|crp_dataset_8_1_3.csv|crp_dataset_8_1_1.csv,crp_dataset_8_1_8.csv,0.6450236964303036,0.9999999999866667,0.543478260865627,75,0,63,118,0.0283203125,0.002416666666666667,0.025903645833333332
RF,5,0.75,1.0,crp_dataset_8_1_2.csv|crp_dataset_8_1_7.csv|crp_dataset_8_1_6.csv|crp_dataset_8_1_3.csv|crp_dataset_8_1_1.csv,crp_dataset_8_1_4.csv,0.6450236964303036,0.999999999992,0.9541984732751588,125,0,6,125,0.023046875,0.00025,0.022796875
RF,5,0.75,1.0,crp_dataset_8_1_2.csv|crp_dataset_8_1_7.csv|crp_dataset_8_1_6.csv|crp_dataset_8_1_3.csv|crp_dataset_8_1_1.csv,crp_dataset_8_1_5.csv,0.6450236964303036,0.9999999999870129,0.7699999999923,77,0,23,156,0.039282226562499994,0.0013798701298701301,0.03790235643262987
RF,5,0.75,1.0,crp_dataset_8_1_2.csv|crp_dataset_8_1_4.csv|crp_dataset_8_1_5.csv|crp_dataset_8_1_6.csv|crp_dataset_8_1_3.csv,crp_dataset_8_1_8.csv,0.6482301587301588,0.9523809523696145,0.5797101449233355,80,4,58,114,0.0283203125,0.0032738095238095235,0.025046502976190477
RF,5,0.75,1.0,crp_dataset_8_1_2.csv|crp_dataset_8_1_4.csv|crp_dataset_8_1_5.csv|crp_dataset_8_1_6.csv|crp_dataset_8_1_3.csv,crp_dataset_8_1_7.csv,0.6482301587301588,0.9999999999954546,0.9999999999954546,220,0,0,36,0.0095703125,0.00034090909090909094,0.00922940340909091
RF,5,0.75,1.0,crp_dataset_8_1_2.csv|crp_dataset_8_1_4.csv|crp_dataset_8_1_5.csv|crp_dataset_8_1_6.csv|crp_dataset_8_1_3.csv,crp_dataset_8_1_1.csv,0.6482301587301588,0.9599999999872,0.5714285714240362,72,3,54,127,0.0252685546875,0.0005833333333333333,0.02468522135416667
RF,5,0.75,1.0,crp_dataset_8_1_2.csv|crp_dataset_8_1_4.csv|crp_dataset_8_1_5.csv|crp_dataset_8_1_6.csv|crp_dataset_8_1_1.csv,crp_dataset_8_1_8.csv,0.696842901327598,0.9999999999863013,0.5289855072425437,73,0,65,118,0.0283203125,0.0024828767123287673,0.025837435787671233
RF,5,0.75,1.0,crp_dataset_8_1_2.csv|crp_dataset_8_1_4.csv|crp_dataset_8_1_5.csv|crp_dataset_8_1_6.csv|crp_dataset_8_1_1.csv,crp_dataset_8_1_7.csv,0.696842901327598,0.9999999999954546,0.9999999999954546,220,0,0,36,0.0095703125,0.00034090909090909094,0.00922940340909091
RF,5,0.75,1.0,crp_dataset_8_1_2.csv|crp_dataset_8_1_4.csv|crp_dataset_8_1_5.csv|crp_dataset_8_1_6.csv|crp_dataset_8_1_1.csv,crp_dataset_8_1_3.csv,0.696842901327598,0.9999999999920635,0.7283236994177554,126,0,47,83,0.0196044921875,0.0,0.0196044921875
RF,5,0.75,1.0,crp_dataset_8_1_2.csv|crp_dataset_8_1_4.csv|crp_dataset_8_1_5.csv|crp_dataset_8_1_3.csv|crp_dataset_8_1_1.csv,crp_dataset_8_1_8.csv,0.6596515039339917,0.9999999999876543,0.5869565217348772,81,0,57,118,0.0283203125,0.0025462962962962965,0.025774016203703703
RF,5,0.75,1.0,crp_dataset_8_1_2.csv|crp_dataset_8_1_4.csv|crp_dataset_8_1_5.csv|crp_dataset_8_1_3.csv|crp_dataset_8_1_1.csv,crp_dataset_8_1_7.csv,0.6596515039339917,0.9999999999954546,0.9999999999954546,220,0,0,36,0.0095703125,0.00034090909090909094,0.00922940340909091
RF,5,0.75,1.0,crp_dataset_8_1_2.csv|crp_dataset_8_1_4.csv|crp_dataset_8_1_5.csv|crp_dataset_8_1_3.csv|crp_dataset_8_1_1.csv,crp_dataset_8_1_6.csv,0.6596515039339917,0.6749999999966251,0.9642857142788266,135,65,5,51,0.026928710937499996,0.017750000000000002,0.009178710937499994
RF,5,0.75,1.0,crp_dataset_8_1_2.csv|crp_dataset_8_1_4.csv|crp_dataset_8_1_6.csv|crp_dataset_8_1_3.csv|crp_dataset_8_1_1.csv,crp_dataset_8_1_8.csv,0.6265962905634471,0.9999999999870129,0.5579710144887104,77,0,61,118,0.0283203125,0.0023538961038961042,0.025966416396103895
RF,5,0.75,1.0,crp_dataset_8_1_2.csv|crp_dataset_8_1_4.csv|crp_dataset_8_1_6.csv|crp_dataset_8_1_3.csv|crp_dataset_8_1_1.csv,crp_dataset_8_1_7.csv,0.6265962905634471,0.9999999999954546,0.9999999999954546,220,0,0,36,0.0095703125,0.00034090909090909094,0.00922940340909091
RF,5,0.75,1.0,crp_dataset_8_1_2.csv|crp_dataset_8_1_4.csv|crp_dataset_8_1_6.csv|crp_dataset_8_1_3.csv|crp_dataset_8_1_1.csv,crp_dataset_8_1_5.csv,0.6265962905634471,0.9999999999870129,0.7699999999923,77,0,23,156,0.039282226562499994,0.0013798701298701301,0.03790235643262987
RF,5,0.75,1.0,crp_dataset_8_1_2.csv|crp_dataset_8_1_5.csv|crp_dataset_8_1_6.csv|crp_dataset_8_1_3.csv|crp_dataset_8_1_1.csv,crp_dataset_8_1_8.csv,0.6495191458206627,0.9999999999866667,0.543478260865627,75,0,63,118,0.0283203125,0.0025,0.0258203125
RF,5,0.75,1.0,crp_dataset_8_1_2.csv|crp_dataset_8_1_5.csv|crp_dataset_8_1_6.csv|crp_dataset_8_1_3.csv|crp_dataset_8_1_1.csv,crp_dataset_8_1_7.csv,0.6495191458206627,0.9999999999954546,0.9999999999954546,220,0,0,36,0.0095703125,0.00034090909090909094,0.00922940340909091
RF,5,0.75,1.0,crp_dataset_8_1_2.csv|crp_dataset_8_1_5.csv|crp_dataset_8_1_6.csv|crp_dataset_8_1_3.csv|crp_dataset_8_1_1.csv,crp_dataset_8_1_4.csv,0.6495191458206627,0.984251968496187,0.9541984732751588,125,2,6,123,0.023046875,0.0004921259842519685,0.022554749015748034
RF,5,0.75,1.0,crp_dataset_8_1_7.csv|crp_dataset_8_1_4.csv|crp_dataset_8_1_5.csv|crp_dataset_8_1_6.csv|crp_dataset_8_1_3.csv,crp_dataset_8_1_8.csv,0.6547022441160373,0.9642857142742347,0.5869565217348772,81,3,57,115,0.0283203125,0.0030505952380952377,0.025269717261904762
RF,5,0.75,1.0,crp_dataset_8_1_7.csv|crp_dataset_8_1_4.csv|crp_dataset_8_1_5.csv|crp_dataset_8_1_6.csv|crp_dataset_8_1_3.csv,crp_dataset_8_1_2.csv,0.6547022441160373,0.9999999999906541,0.8991596638579902,107,0,12,137,0.039453125,0.0013434579439252337,0.03810966705607476
RF,5,0.75,1.0,crp_dataset_8_1_7.csv|crp_dataset_8_1_4.csv|crp_dataset_8_1_5.csv|crp_dataset_8_1_6.csv|crp_dataset_8_1_3.csv,crp_dataset_8_1_1.csv,0.6547022441160373,0.9459459459331628,0.5555555555511463,70,4,56,126,0.0252685546875,0.0008445945945945946,0.024423960092905407
RF,5,0.75,1.0,crp_dataset_8_1_7.csv|crp_dataset_8_1_4.csv|crp_dataset_8_1_5.csv|crp_dataset_8_1_6.csv|crp_dataset_8_1_1.csv,crp_dataset_8_1_8.csv,0.7334635618497382,0.9749999999878125,0.5652173913002521,78,2,60,116,0.0283203125,0.0025781249999999997,0.0257421875
RF,5,0.75,1.0,crp_dataset_8_1_7.csv|crp_dataset_8_1_4.csv|crp_dataset_8_1_5.csv|crp_dataset_8_1_6.csv|crp_dataset_8_1_1.csv,crp_dataset_8_1_2.csv,0.7334635618497382,0.9425287356213502,0.6890756302463102,82,5,37,132,0.039453125,0.0020114942528735636,0.037441630747126434
RF,5,0.75,1.0,crp_dataset_8_1_7.csv|crp_dataset_8_1_4.csv|crp_dataset_8_1_5.csv|crp_dataset_8_1_6.csv|crp_dataset_8_1_1.csv,crp_dataset_8_1_3.csv,0.7334635618497382,0.9846153846078107,0.7398843930593071,128,2,45,81,0.0196044921875,0.0001923076923076923,0.019412184495192306
RF,5,0.75,1.0,crp_dataset_8_1_7.csv|crp_dataset_8_1_4.csv|crp_dataset_8_1_5.csv|crp_dataset_8_1_3.csv|crp_dataset_8_1_1.csv,crp_dataset_8_1_8.csv,0.619302484395273,0.9999999999894736,0.6884057970964609,95,0,43,118,0.0283203125,0.0023026315789473686,0.02601768092105263
RF,5,0.75,1.0,crp_dataset_8_1_7.csv|crp_dataset_8_1_4.csv|crp_dataset_8_1_5.csv|crp_dataset_8_1_3.csv|crp_dataset_8_1_1.csv,crp_dataset_8_1_2.csv,0.619302484395273,0.999999999988764,0.7478991596575807,89,0,30,137,0.039453125,0.0012640449438202249,0.038189080056179776
RF,5,0.75,1.0,crp_dataset_8_1_7.csv|crp_dataset_8_1_4.csv|crp_dataset_8_1_5.csv|crp_dataset_8_1_3.csv|crp_dataset_8_1_1.csv,crp_dataset_8_1_6.csv,0.619302484395273,0.5882352941151755,0.9999999999928573,140,98,0,18,0.026928710937499996,0.02457983193277311,0.002348879004726887
RF,5,0.75,1.0,crp_dataset_8_1_7.csv|crp_dataset_8_1_4.csv|crp_dataset_8_1_6.csv|crp_dataset_8_1_3.csv|crp_dataset_8_1_1.csv,crp_dataset_8_1_8.csv,0.6180886423318801,0.9813084112057822,0.7608695652118778,105,2,33,116,0.0283203125,0.0026285046728971957,0.025691807827102803
RF,5,0.75,1.0,crp_dataset_8_1_7.csv|crp_dataset_8_1_4.csv|crp_dataset_8_1_6.csv|crp_dataset_8_1_3.csv|crp_dataset_8_1_1.csv,crp_dataset_8_1_2.csv,0.6180886423318801,0.9425287356213502,0.6890756302463102,82,5,37,132,0.039453125,0.0020114942528735636,0.037441630747126434
RF,5,0.75,1.0,crp_dataset_8_1_7.csv|crp_dataset_8_1_4.csv|crp_dataset_8_1_6.csv|crp_dataset_8_1_3.csv|crp_dataset_8_1_1.csv,crp_dataset_8_1_5.csv,0.6180886423318801,0.9999999999873417,0.7899999999921,79,0,21,156,0.039282226562499994,0.0013449367088607597,0.037937289853639235
RF,5,0.75,1.0,crp_dataset_8_1_7.csv|crp_dataset_8_1_5.csv|crp_dataset_8_1_6.csv|crp_dataset_8_1_3.csv|crp_dataset_8_1_1.csv,crp_dataset_8_1_8.csv,0.61,0.9999999999883721,0.6231884057925856,86,0,52,118,0.0283203125,0.0023255813953488376,0.025994731104651163
RF,5,0.75,1.0,crp_dataset_8_1_7.csv|crp_dataset_8_1_5.csv|crp_dataset_8_1_6.csv|crp_dataset_8_1_3.csv|crp_dataset_8_1_1.csv,crp_dataset_8_1_2.csv,0.61,0.9999999999892473,0.7815126050354495,93,0,26,137,0.039453125,0.0012768817204301078,0.038176243279569894
RF,5,0.75,1.0,crp_dataset_8_1_7.csv|crp_dataset_8_1_5.csv|crp_dataset_8_1_6.csv|crp_dataset_8_1_3.csv|crp_dataset_8_1_1.csv,crp_dataset_8_1_4.csv,0.61,0.999999999992,0.9541984732751588,125,0,6,125,0.023046875,0.00025,0.022796875
RF,5,0.75,1.0,crp_dataset_8_1_4.csv|crp_dataset_8_1_5.csv|crp_dataset_8_1_6.csv|crp_dataset_8_1_3.csv|crp_dataset_8_1_1.csv,crp_dataset_8_1_8.csv,0.7099789562289562,0.9999999999882353,0.615942028981044,85,0,53,118,0.0283203125,0.0021323529411764706,0.02618795955882353
RF,5,0.75,1.0,crp_dataset_8_1_4.csv|crp_dataset_8_1_5.csv|crp_dataset_8_1_6.csv|crp_dataset_8_1_3.csv|crp_dataset_8_1_1.csv,crp_dataset_8_1_2.csv,0.7099789562289562,0.9999999999882353,0.7142857142797119,85,0,34,137,0.039453125,0.001323529411764706,0.038129595588235296
RF,5,0.75,1.0,crp_dataset_8_1_4.csv|crp_dataset_8_1_5.csv|crp_dataset_8_1_6.csv|crp_dataset_8_1_3.csv|crp_dataset_8_1_1.csv,crp_dataset_8_1_7.csv,0.7099789562289562,0.9999999999954546,0.9999999999954546,220,0,0,36,0.0095703125,0.00034090909090909094,0.00922940340909091
RF,6,0.75,1.0,crp_dataset_8_1_8.csv|crp_dataset_8_1_2.csv|crp_dataset_8_1_7.csv|crp_dataset_8_1_4.csv|crp_dataset_8_1_5.csv|crp_dataset_8_1_6.csv,crp_dataset_8_1_3.csv,0.6040611652236652,0.999999999992126,0.7341040462385312,127,0,46,83,0.0196044921875,0.0,0.0196044921875
RF,6,0.75,1.0,crp_dataset_8_1_8.csv|crp_dataset_8_1_2.csv|crp_dataset_8_1_7.csv|crp_dataset_8_1_4.csv|crp_dataset_8_1_5.csv|crp_dataset_8_1_6.csv,crp_dataset_8_1_1.csv,0.6040611652236652,0.9659090908981146,0.6746031745978206,85,3,41,127,0.0252685546875,0.000497159090909091,0.02477139559659091
RF,6,0.75,1.0,crp_dataset_8_1_8.csv|crp_dataset_8_1_2.csv|crp_dataset_8_1_7.csv|crp_dataset_8_1_4.csv|crp_dataset_8_1_5.csv|crp_dataset_8_1_3.csv,crp_dataset_8_1_6.csv,0.6637095977974906,0.6831683168283011,0.985714285707245,138,64,2,52,0.026928710937499996,0.015903465346534654,0.011025245590965342
RF,6,0.75,1.0,crp_dataset_8_1_8.csv|crp_dataset_8_1_2.csv|crp_dataset_8_1_7.csv|crp_dataset_8_1_4.csv|crp_dataset_8_1_5.csv|crp_dataset_8_1_3.csv,crp_dataset_8_1_1.csv,0.6637095977974906,0.9722222222132201,0.8333333333267195,105,3,21,127,0.0252685546875,0.0005208333333333333,0.024747721354166665
RF,6,0.75,1.0,crp_dataset_8_1_8.csv|crp_dataset_8_1_2.csv|crp_dataset_8_1_7.csv|crp_dataset_8_1_4.csv|crp_dataset_8_1_5.csv|crp_dataset_8_1_1.csv,crp_dataset_8_1_6.csv,0.6318006138010676,0.9499999999920833,0.814285714279898,114,6,26,110,0.026928710937499996,0.0028125000000000003,0.024116210937499997
RF,6,0.75,1.0,crp_dataset_8_1_8.csv|crp_dataset_8_1_2.csv|crp_dataset_8_1_7.csv|crp_dataset_8_1_4.csv|crp_dataset_8_1_5.csv|crp_dataset_8_1_1.csv,crp_dataset_8_1_3.csv,0.6318006138010676,0.9999999999924243,0.7630057803424104,132,0,41,83,0.0196044921875,0.00014204545454545457,0.019462446732954546
RF,6,0.75,1.0,crp_dataset_8_1_8.csv|crp_dataset_8_1_2.csv|crp_dataset_8_1_7.csv|crp_dataset_8_1_4.csv|crp_dataset_8_1_6.csv|crp_dataset_8_1_3.csv,crp_dataset_8_1_5.csv,0.6635272760494982,0.9999999999879517,0.8299999999916999,83,0,17,156,0.039282226562499994,0.0016566265060240966,0.037625600056475896
RF,6,0.75,1.0,crp_dataset_8_1_8.csv|crp_dataset_8_1_2.csv|crp_dataset_8_1_7.csv|crp_dataset_8_1_4.csv|crp_dataset_8_1_6.csv|crp_dataset_8_1_3.csv,crp_dataset_8_1_1.csv,0.6635272760494982,0.9752066115621884,0.9365079365005039,118,3,8,127,0.0252685546875,0.0005681818181818183,0.02470037286931818
RF,6,0.75,1.0,crp_dataset_8_1_8.csv|crp_dataset_8_1_2.csv|crp_dataset_8_1_7.csv|crp_dataset_8_1_4.csv|crp_dataset_8_1_6.csv|crp_dataset_8_1_1.csv,crp_dataset_8_1_5.csv,0.6193407014317823,0.9999999999871795,0.7799999999921999,78,0,22,156,0.039282226562499994,0.0014423076923076924,0.0378399188701923
RF,6,0.75,1.0,crp_dataset_8_1_8.csv|crp_dataset_8_1_2.csv|crp_dataset_8_1_7.csv|crp_dataset_8_1_4.csv|crp_dataset_8_1_6.csv|crp_dataset_8_1_1.csv,crp_dataset_8_1_3.csv,0.6193407014317823,0.9999999999931973,0.849710982654048,147,0,26,83,0.0196044921875,0.00012755102040816328,0.019476941167091835
RF,6,0.75,1.0,crp_dataset_8_1_8.csv|crp_dataset_8_1_2.csv|crp_dataset_8_1_7.csv|crp_dataset_8_1_4.csv|crp_dataset_8_1_3.csv|crp_dataset_8_1_1.csv,crp_dataset_8_1_5.csv,0.6221680088639004,0.9999999999871795,0.7799999999921999,78,0,22,156,0.039282226562499994,0.0014423076923076924,0.0378399188701923
RF,6,0.75,1.0,crp_dataset_8_1_8.csv|crp_dataset_8_1_2.csv|crp_dataset_8_1_7.csv|crp_dataset_8_1_4.csv|crp_dataset_8_1_3.csv|crp_dataset_8_1_1.csv,crp_dataset_8_1_6.csv,0.6221680088639004,0.6086956521712665,0.9999999999928573,140,90,0,26,0.026928710937499996,0.022744565217391304,0.004184145720108692
RF,6,0.75,1.0,crp_dataset_8_1_8.csv|crp_dataset_8_1_2.csv|crp_dataset_8_1_7.csv|crp_dataset_8_1_5.csv|crp_dataset_8_1_6.csv|crp_dataset_8_1_3.csv,crp_dataset_8_1_4.csv,0.6645800599825014,0.9921259842441564,0.9618320610613601,126,1,5,124,0.023046875,0.00039370078740157485,0.022653174212598427
RF,6,0.75,1.0,crp_dataset_8_1_8.csv|crp_dataset_8_1_2.csv|crp_dataset_8_1_7.csv|crp_dataset_8_1_5.csv|crp_dataset_8_1_6.csv|crp_dataset_8_1_3.csv,crp_dataset_8_1_1.csv,0.6645800599825014,0.9752066115621884,0.9365079365005039,118,3,8,127,0.0252685546875,0.0005681818181818183,0.02470037286931818
RF,6,0.75,1.0,crp_dataset_8_1_8.csv|crp_dataset_8_1_2.csv|crp_dataset_8_1_7.csv|crp_dataset_8_1_5.csv|crp_dataset_8_1_6.csv|crp_dataset_8_1_1.csv,crp_dataset_8_1_4.csv,0.7004931761109291,0.9765624999923707,0.9541984732751588,125,3,6,122,0.023046875,0.000634765625,0.022412109375000003
RF,6,0.75,1.0,crp_dataset_8_1_8.csv|crp_dataset_8_1_2.csv|crp_dataset_8_1_7.csv|crp_dataset_8_1_5.csv|crp_dataset_8_1_6.csv|crp_dataset_8_1_1.csv,crp_dataset_8_1_3.csv,0.7004931761109291,0.9999999999927537,0.7976878612670655,138,0,35,83,0.0196044921875,0.0,0.0196044921875
RF,6,0.75,1.0,crp_dataset_8_1_8.csv|crp_dataset_8_1_2.csv|crp_dataset_8_1_7.csv|crp_dataset_8_1_5.csv|crp_dataset_8_1_3.csv|crp_dataset_8_1_1.csv,crp_dataset_8_1_4.csv,0.6324328353287355,0.9843749999923097,0.9618320610613601,126,2,5,123,0.023046875,0.000537109375,0.022509765625
RF,6,0.75,1.0,crp_dataset_8_1_8.csv|crp_dataset_8_1_2.csv|crp_dataset_8_1_7.csv|crp_dataset_8_1_5.csv|crp_dataset_8_1_3.csv|crp_dataset_8_1_1.csv,crp_dataset_8_1_6.csv,0.6324328353287355,0.660377358487451,0.9999999999928573,140,72,0,44,0.026928710937499996,0.01818985849056604,0.008738852446933957
RF,6,0.75,1.0,crp_dataset_8_1_8.csv|crp_dataset_8_1_2.csv|crp_dataset_8_1_7.csv|crp_dataset_8_1_6.csv|crp_dataset_8_1_3.csv|crp_dataset_8_1_1.csv,crp_dataset_8_1_4.csv,0.6000885245057784,0.9921259842441564,0.9618320610613601,126,1,5,124,0.023046875,0.00039370078740157485,0.022653174212598427
RF,6,0.75,1.0,crp_dataset_8_1_8.csv|crp_dataset_8_1_2.csv|crp_dataset_8_1_7.csv|crp_dataset_8_1_6.csv|crp_dataset_8_1_3.csv|crp_dataset_8_1_1.csv,crp_dataset_8_1_5.csv,0.6000885245057784,0.9999999999870129,0.7699999999923,77,0,23,156,0.039282226562499994,0.0013798701298701301,0.03790235643262987
RF,6,0.75,1.0,crp_dataset_8_1_8.csv|crp_dataset_8_1_2.csv|crp_dataset_8_1_4.csv|crp_dataset_8_1_5.csv|crp_dataset_8_1_6.csv|crp_dataset_8_1_3.csv,crp_dataset_8_1_7.csv,0.6135058812790453,0.9999999999954546,0.9999999999954546,220,0,0,36,0.0095703125,0.00034090909090909094,0.00922940340909091
RF,6,0.75,1.0,crp_dataset_8_1_8.csv|crp_dataset_8_1_2.csv|crp_dataset_8_1_4.csv|crp_dataset_8_1_5.csv|crp_dataset_8_1_6.csv|crp_dataset_8_1_3.csv,crp_dataset_8_1_1.csv,0.6135058812790453,0.9754098360575786,0.9444444444369489,119,3,7,127,0.0252685546875,0.0005635245901639345,0.024705030097336066
RF,6,0.75,1.0,crp_dataset_8_1_8.csv|crp_dataset_8_1_2.csv|crp_dataset_8_1_4.csv|crp_dataset_8_1_5.csv|crp_dataset_8_1_6.csv|crp_dataset_8_1_1.csv,crp_dataset_8_1_7.csv,0.712479813332108,0.9999999999954546,0.9999999999954546,220,0,0,36,0.0095703125,0.00034090909090909094,0.00922940340909091
RF,6,0.75,1.0,crp_dataset_8_1_8.csv|crp_dataset_8_1_2.csv|crp_dataset_8_1_4.csv|crp_dataset_8_1_5.csv|crp_dataset_8_1_6.csv|crp_dataset_8_1_1.csv,crp_dataset_8_1_3.csv,0.712479813332108,0.9999999999925927,0.7803468208047379,135,0,38,83,0.0196044921875,9.25925925925926e-05,0.019511899594907407
RF,6,0.75,1.0,crp_dataset_8_1_8.csv|crp_dataset_8_1_2.csv|crp_dataset_8_1_4.csv|crp_dataset_8_1_5.csv|crp_dataset_8_1_3.csv|crp_dataset_8_1_1.csv,crp_dataset_8_1_7.csv,0.626223281649235,0.9999999999954546,0.9999999999954546,220,0,0,36,0.0095703125,0.00034090909090909094,0.00922940340909091
RF,6,0.75,1.0,crp_dataset_8_1_8.csv|crp_dataset_8_1_2.csv|crp_dataset_8_1_4.csv|crp_dataset_8_1_5.csv|crp_dataset_8_1_3.csv|crp_dataset_8_1_1.csv,crp_dataset_8_1_6.csv,0.626223281649235,0.6376146788961577,0.9928571428500511,139,79,1,37,0.026928710937499996,0.020240825688073394,0.006687885249426602
RF,6,0.75,1.0,crp_dataset_8_1_8.csv|crp_dataset_8_1_2.csv|crp_dataset_8_1_4.csv|crp_dataset_8_1_6.csv|crp_dataset_8_1_3.csv|crp_dataset_8_1_1.csv,crp_dataset_8_1_7.csv,0.6651896041113444,0.9999999999954546,0.9999999999954546,220,0,0,36,0.0095703125,0.00034090909090909094,0.00922940340909091
RF,6,0.75,1.0,crp_dataset_8_1_8.csv|crp_dataset_8_1_2.csv|crp_dataset_8_1_4.csv|crp_dataset_8_1_6.csv|crp_dataset_8_1_3.csv|crp_dataset_8_1_1.csv,crp_dataset_8_1_5.csv,0.6651896041113444,0.9999999999870129,0.7699999999923,77,0,23,156,0.039282226562499994,0.0013798701298701301,0.03790235643262987
RF,6,0.75,1.0,crp_dataset_8_1_8.csv|crp_dataset_8_1_2.csv|crp_dataset_8_1_5.csv|crp_dataset_8_1_6.csv|crp_dataset_8_1_3.csv|crp_dataset_8_1_1.csv,crp_dataset_8_1_7.csv,0.6724867724867725,0.9999999999954546,0.9999999999954546,220,0,0,36,0.0095703125,0.00034090909090909094,0.00922940340909091
RF,6,0.75,1.0,crp_dataset_8_1_8.csv|crp_dataset_8_1_2.csv|crp_dataset_8_1_5.csv|crp_dataset_8_1_6.csv|crp_dataset_8_1_3.csv|crp_dataset_8_1_1.csv,crp_dataset_8_1_4.csv,0.6724867724867725,0.999999999992,0.9541984732751588,125,0,6,125,0.023046875,0.00025,0.022796875
RF,6,0.75,1.0,crp_dataset_8_1_8.csv|crp_dataset_8_1_7.csv|crp_dataset_8_1_4.csv|crp_dataset_8_1_5.csv|crp_dataset_8_1_6.csv|crp_dataset_8_1_3.csv,crp_dataset_8_1_2.csv,0.6400482317766186,0.9999999999878049,0.6890756302463102,82,0,37,137,0.039453125,0.0013719512195121953,0.0380811737804878
RF,6,0.75,1.0,crp_dataset_8_1_8.csv|crp_dataset_8_1_7.csv|crp_dataset_8_1_4.csv|crp_dataset_8_1_5.csv|crp_dataset_8_1_6.csv|crp_dataset_8_1_3.csv,crp_dataset_8_1_1.csv,0.6400482317766186,0.9752066115621884,0.9365079365005039,118,3,8,127,0.0252685546875,0.0005681818181818183,0.02470037286931818
RF,6,0.75,1.0,crp_dataset_8_1_8.csv|crp_dataset_8_1_7.csv|crp_dataset_8_1_4.csv|crp_dataset_8_1_5.csv|crp_dataset_8_1_6.csv|crp_dataset_8_1_1.csv,crp_dataset_8_1_2.csv,0.6249239240153982,0.9999999999878049,0.6890756302463102,82,0,37,137,0.039453125,0.0013719512195121953,0.0380811737804878
RF,6,0.75,1.0,crp_dataset_8_1_8.csv|crp_dataset_8_1_7.csv|crp_dataset_8_1_4.csv|crp_dataset_8_1_5.csv|crp_dataset_8_1_6.csv|crp_dataset_8_1_1.csv,crp_dataset_8_1_3.csv,0.6249239240153982,0.9932432432365322,0.849710982654048,147,1,26,82,0.0196044921875,0.00021114864864864866,0.01939334353885135
RF,6,0.75,1.0,crp_dataset_8_1_8.csv|crp_dataset_8_1_7.csv|crp_dataset_8_1_4.csv|crp_dataset_8_1_5.csv|crp_dataset_8_1_3.csv|crp_dataset_8_1_1.csv,crp_dataset_8_1_2.csv,0.616446609416257,0.9999999999878049,0.6890756302463102,82,0,37,137,0.039453125,0.0013719512195121953,0.0380811737804878
RF,6,0.75,1.0,crp_dataset_8_1_8.csv|crp_dataset_8_1_7.csv|crp_dataset_8_1_4.csv|crp_dataset_8_1_5.csv|crp_dataset_8_1_3.csv|crp_dataset_8_1_1.csv,crp_dataset_8_1_6.csv,0.616446609416257,0.5957446808485287,0.9999999999928573,140,95,0,21,0.026928710937499996,0.023989361702127655,0.0029393492353723405
RF,6,0.75,1.0,crp_dataset_8_1_8.csv|crp_dataset_8_1_7.csv|crp_dataset_8_1_4.csv|crp_dataset_8_1_6.csv|crp_dataset_8_1_3.csv|crp_dataset_8_1_1.csv,crp_dataset_8_1_2.csv,0.6238610579987133,0.9999999999878049,0.6890756302463102,82,0,37,137,0.039453125,0.0013719512195121953,0.0380811737804878
RF,6,0.75,1.0,crp_dataset_8_1_8.csv|crp_dataset_8_1_7.csv|crp_dataset_8_1_4.csv|crp_dataset_8_1_6.csv|crp_dataset_8_1_3.csv|crp_dataset_8_1_1.csv,crp_dataset_8_1_5.csv,0.6238610579987133,0.9999999999875,0.799999999992,80,0,20,156,0.039282226562499994,0.00140625,0.0378759765625
RF,6,0.75,1.0,crp_dataset_8_1_8.csv|crp_dataset_8_1_7.csv|crp_dataset_8_1_5.csv|crp_dataset_8_1_6.csv|crp_dataset_8_1_3.csv|crp_dataset_8_1_1.csv,crp_dataset_8_1_2.csv,0.6666965711976826,0.9999999999882353,0.7142857142797119,85,0,34,137,0.039453125,0.001323529411764706,0.038129595588235296
RF,6,0.75,1.0,crp_dataset_8_1_8.csv|crp_dataset_8_1_7.csv|crp_dataset_8_1_5.csv|crp_dataset_8_1_6.csv|crp_dataset_8_1_3.csv|crp_dataset_8_1_1.csv,crp_dataset_8_1_4.csv,0.6666965711976826,0.9999999999920635,0.9618320610613601,126,0,5,125,0.023046875,0.00029761904761904765,0.022749255952380955
RF,6,0.75,1.0,crp_dataset_8_1_8.csv|crp_dataset_8_1_4.csv|crp_dataset_8_1_5.csv|crp_dataset_8_1_6.csv|crp_dataset_8_1_3.csv|crp_dataset_8_1_1.csv,crp_dataset_8_1_2.csv,0.664486784123881,0.9999999999882353,0.7142857142797119,85,0,34,137,0.039453125,0.001323529411764706,0.038129595588235296
RF,6,0.75,1.0,crp_dataset_8_1_8.csv|crp_dataset_8_1_4.csv|crp_dataset_8_1_5.csv|crp_dataset_8_1_6.csv|crp_dataset_8_1_3.csv|crp_dataset_8_1_1.csv,crp_dataset_8_1_7.csv,0.664486784123881,0.9999999999954546,0.9999999999954546,220,0,0,36,0.0095703125,0.00034090909090909094,0.00922940340909091
RF,6,0.75,1.0,crp_dataset_8_1_2.csv|crp_dataset_8_1_7.csv|crp_dataset_8_1_4.csv|crp_dataset_8_1_5.csv|crp_dataset_8_1_6.csv|crp_dataset_8_1_3.csv,crp_dataset_8_1_8.csv,0.60373063202427,0.951807228904195,0.5724637681117938,79,4,59,114,0.0283203125,0.003237951807228915,0.025082360692771085
RF,6,0.75,1.0,crp_dataset_8_1_2.csv|crp_dataset_8_1_7.csv|crp_dataset_8_1_4.csv|crp_dataset_8_1_5.csv|crp_dataset_8_1_6.csv|crp_dataset_8_1_3.csv,crp_dataset_8_1_1.csv,0.60373063202427,0.9659090908981146,0.6746031745978206,85,3,41,127,0.0252685546875,0.000497159090909091,0.02477139559659091
RF,6,0.75,1.0,crp_dataset_8_1_2.csv|crp_dataset_8_1_7.csv|crp_dataset_8_1_4.csv|crp_dataset_8_1_5.csv|crp_dataset_8_1_6.csv|crp_dataset_8_1_1.csv,crp_dataset_8_1_8.csv,0.6790309325750502,0.9999999999878049,0.5942028985464188,82,0,56,118,0.0283203125,0.0024390243902439024,0.0258812881097561
RF,6,0.75,1.0,crp_dataset_8_1_2.csv|crp_dataset_8_1_7.csv|crp_dataset_8_1_4.csv|crp_dataset_8_1_5.csv|crp_dataset_8_1_6.csv|crp_dataset_8_1_1.csv,crp_dataset_8_1_3.csv,0.6790309325750502,0.999999999992126,0.7341040462385312,127,0,46,83,0.0196044921875,0.0,0.0196044921875
RF,6,0.75,1.0,crp_dataset_8_1_2.csv|crp_dataset_8_1_7.csv|crp_dataset_8_1_4.csv|crp_dataset_8_1_5.csv|crp_dataset_8_1_3.csv|crp_dataset_8_1_1.csv,crp_dataset_8_1_8.csv,0.6299371700428934,0.9999999999879517,0.6014492753579606,83,0,55,118,0.0283203125,0.0026355421686746986,0.025684770331325303
RF,6,0.75,1.0,crp_dataset_8_1_2.csv|crp_dataset_8_1_7.csv|crp_dataset_8_1_4.csv|crp_dataset_8_1_5.csv|crp_dataset_8_1_3.csv|crp_dataset_8_1_1.csv,crp_dataset_8_1_6.csv,0.6299371700428934,0.6422018348594395,0.9999999999928573,140,78,0,38,0.026928710937499996,0.019696100917431195,0.007232610020068801
RF,6,0.75,1.0,crp_dataset_8_1_2.csv|crp_dataset_8_1_7.csv|crp_dataset_8_1_4.csv|crp_dataset_8_1_6.csv|crp_dataset_8_1_3.csv|crp_dataset_8_1_1.csv,crp_dataset_8_1_8.csv,0.6662797769481981,0.9999999999873417,0.5724637681117938,79,0,59,118,0.0283203125,0.002768987341772152,0.025551325158227847
RF,6,0.75,1.0,crp_dataset_8_1_2.csv|crp_dataset_8_1_7.csv|crp_dataset_8_1_4.csv|crp_dataset_8_1_6.csv|crp_dataset_8_1_3.csv|crp_dataset_8_1_1.csv,crp_dataset_8_1_5.csv,0.6662797769481981,0.9999999999870129,0.7699999999923,77,0,23,156,0.039282226562499994,0.0013798701298701301,0.03790235643262987
RF,6,0.75,1.0,crp_dataset_8_1_2.csv|crp_dataset_8_1_7.csv|crp_dataset_8_1_5.csv|crp_dataset_8_1_6.csv|crp_dataset_8_1_3.csv|crp_dataset_8_1_1.csv,crp_dataset_8_1_8.csv,0.6301302117426982,0.9999999999868421,0.5507246376771687,76,0,62,118,0.0283203125,0.002467105263157895,0.025853207236842105
RF,6,0.75,1.0,crp_dataset_8_1_2.csv|crp_dataset_8_1_7.csv|crp_dataset_8_1_5.csv|crp_dataset_8_1_6.csv|crp_dataset_8_1_3.csv|crp_dataset_8_1_1.csv,crp_dataset_8_1_4.csv,0.6301302117426982,0.984251968496187,0.9541984732751588,125,2,6,123,0.023046875,0.0004921259842519685,0.022554749015748034
RF,6,0.75,1.0,crp_dataset_8_1_2.csv|crp_dataset_8_1_4.csv|crp_dataset_8_1_5.csv|crp_dataset_8_1_6.csv|crp_dataset_8_1_3.csv|crp_dataset_8_1_1.csv,crp_dataset_8_1_8.csv,0.6002106972302911,0.9999999999888889,0.6521739130387524,90,0,48,118,0.0283203125,0.002430555555555556,0.025889756944444443
RF,6,0.75,1.0,crp_dataset_8_1_2.csv|crp_dataset_8_1_4.csv|crp_dataset_8_1_5.csv|crp_dataset_8_1_6.csv|crp_dataset_8_1_3.csv|crp_dataset_8_1_1.csv,crp_dataset_8_1_7.csv,0.6002106972302911,0.9999999999954546,0.9999999999954546,220,0,0,36,0.0095703125,0.00034090909090909094,0.00922940340909091
RF,6,0.75,1.0,crp_dataset_8_1_7.csv|crp_dataset_8_1_4.csv|crp_dataset_8_1_5.csv|crp_dataset_8_1_6.csv|crp_dataset_8_1_3.csv|crp_dataset_8_1_1.csv,crp_dataset_8_1_8.csv,0.6557274317991372,0.9999999999890109,0.6594202898502941,91,0,47,118,0.0283203125,0.002060439560439561,0.02625987293956044
RF,6,0.75,1.0,crp_dataset_8_1_7.csv|crp_dataset_8_1_4.csv|crp_dataset_8_1_5.csv|crp_dataset_8_1_6.csv|crp_dataset_8_1_3.csv|crp_dataset_8_1_1.csv,crp_dataset_8_1_2.csv,0.6557274317991372,0.9999999999891304,0.7731092436909822,92,0,27,137,0.039453125,0.0013586956521739134,0.038094429347826086
RF,7,0.75,1.0,crp_dataset_8_1_8.csv|crp_dataset_8_1_2.csv|crp_dataset_8_1_7.csv|crp_dataset_8_1_4.csv|crp_dataset_8_1_5.csv|crp_dataset_8_1_6.csv|crp_dataset_8_1_3.csv,crp_dataset_8_1_1.csv,0.6543809523809524,0.973913043469792,0.8888888888818341,112,3,14,127,0.0252685546875,0.0004347826086956522,0.02483377207880435
RF,7,0.75,1.0,crp_dataset_8_1_8.csv|crp_dataset_8_1_2.csv|crp_dataset_8_1_7.csv|crp_dataset_8_1_4.csv|crp_dataset_8_1_5.csv|crp_dataset_8_1_6.csv|crp_dataset_8_1_1.csv,crp_dataset_8_1_3.csv,0.6648148148148147,0.9999999999931035,0.8381502890124963,145,0,28,83,0.0196044921875,0.00012931034482758624,0.019475181842672412
RF,7,0.75,1.0,crp_dataset_8_1_8.csv|crp_dataset_8_1_2.csv|crp_dataset_8_1_7.csv|crp_dataset_8_1_4.csv|crp_dataset_8_1_5.csv|crp_dataset_8_1_3.csv|crp_dataset_8_1_1.csv,crp_dataset_8_1_6.csv,0.6347890971248066,0.6881188118777817,0.9928571428500511,139,63,1,53,0.026928710937499996,0.015253712871287128,0.011674998066212867
RF,7,0.75,1.0,crp_dataset_8_1_8.csv|crp_dataset_8_1_2.csv|crp_dataset_8_1_7.csv|crp_dataset_8_1_4.csv|crp_dataset_8_1_6.csv|crp_dataset_8_1_3.csv|crp_dataset_8_1_1.csv,crp_dataset_8_1_5.csv,0.6250914389186503,0.9999999999871795,0.7799999999921999,78,0,22,156,0.039282226562499994,0.0014423076923076924,0.0378399188701923
RF,7,0.75,1.0,crp_dataset_8_1_8.csv|crp_dataset_8_1_2.csv|crp_dataset_8_1_7.csv|crp_dataset_8_1_5.csv|crp_dataset_8_1_6.csv|crp_dataset_8_1_3.csv|crp_dataset_8_1_1.csv,crp_dataset_8_1_4.csv,0.658240231990232,0.9920634920556185,0.9541984732751588,125,1,6,124,0.023046875,0.00034722222222222224,0.02269965277777778
RF,7,0.75,1.0,crp_dataset_8_1_8.csv|crp_dataset_8_1_2.csv|crp_dataset_8_1_4.csv|crp_dataset_8_1_5.csv|crp_dataset_8_1_6.csv|crp_dataset_8_1_3.csv|crp_dataset_8_1_1.csv,crp_dataset_8_1_7.csv,0.605095940147882,0.9999999999954546,0.9999999999954546,220,0,0,36,0.0095703125,0.00034090909090909094,0.00922940340909091
RF,7,0.75,1.0,crp_dataset_8_1_8.csv|crp_dataset_8_1_7.csv|crp_dataset_8_1_4.csv|crp_dataset_8_1_5.csv|crp_dataset_8_1_6.csv|crp_dataset_8_1_3.csv|crp_dataset_8_1_1.csv,crp_dataset_8_1_2.csv,0.7099283617849655,0.9999999999878049,0.6890756302463102,82,0,37,137,0.039453125,0.0013719512195121953,0.0380811737804878
RF,7,0.75,1.0,crp_dataset_8_1_2.csv|crp_dataset_8_1_7.csv|crp_dataset_8_1_4.csv|crp_dataset_8_1_5.csv|crp_dataset_8_1_6.csv|crp_dataset_8_1_3.csv|crp_dataset_8_1_1.csv,crp_dataset_8_1_8.csv,0.6486054246920298,0.9999999999890109,0.6594202898502941,91,0,47,118,0.0283203125,0.002403846153846154,0.025916466346153848
