model,k_train_datasets,train_pct,test_pct,train_set,test_dataset,best_threshold,precision,recall,TP,FP,FN,TN,old_ber,new_ber,ber_reduction
RF,1,0.5,1.0,crp_dataset_8_1_2.csv,crp_dataset_8_1_7.csv,0.6133333333333333,0.9999999999954546,0.9999999999954546,220,0,0,36,0.0095703125,0.00034090909090909094,0.00922940340909091
RF,1,0.5,1.0,crp_dataset_8_1_2.csv,crp_dataset_8_1_5.csv,0.6133333333333333,0.9999999999878049,0.8199999999918,82,0,18,156,0.039282226562499994,0.001524390243902439,0.037757836318597554
RF,1,0.5,1.0,crp_dataset_8_1_2.csv,crp_dataset_8_1_3.csv,0.6133333333333333,0.818181818177443,0.884393063578703,153,34,20,49,0.0196044921875,0.00945855614973262,0.010145936037767379
RF,1,0.5,1.0,crp_dataset_8_1_2.csv,crp_dataset_8_1_1.csv,0.6133333333333333,0.6461538461488758,0.6666666666613756,84,46,42,84,0.0252685546875,0.013269230769230766,0.011999323918269234
RF,1,0.5,1.0,crp_dataset_8_1_2.csv,crp_dataset_8_1_8.csv,0.6133333333333333,0.7714285714212245,0.5869565217348772,81,24,57,94,0.0283203125,0.009285714285714286,0.019034598214285714
RF,1,0.5,1.0,crp_dataset_8_1_2.csv,crp_dataset_8_1_6.csv,0.6133333333333333,0.7088607594891845,0.7999999999942857,112,46,28,70,0.026928710937499996,0.014912974683544305,0.01201573625395569
RF,1,0.5,1.0,crp_dataset_8_1_2.csv,crp_dataset_8_1_4.csv,0.6133333333333333,0.7386363636321669,0.9923664122061652,130,46,1,79,0.023046875,0.010973011363636364,0.012073863636363638
RF,1,0.5,1.0,crp_dataset_8_1_7.csv,crp_dataset_8_1_2.csv,0.8166666666666667,0.881720430098046,0.6890756302463102,82,11,37,126,0.039453125,0.002688172043010753,0.03676495295698925
RF,1,0.5,1.0,crp_dataset_8_1_7.csv,crp_dataset_8_1_5.csv,0.8166666666666667,0.9277108433623167,0.7699999999923,77,6,23,150,0.039282226562499994,0.002259036144578313,0.03702319041792168
RF,1,0.5,1.0,crp_dataset_8_1_7.csv,crp_dataset_8_1_3.csv,0.8166666666666667,0.973913043469792,0.6473988439268937,112,3,61,80,0.0196044921875,0.00038043478260869565,0.019224057404891304
RF,1,0.5,1.0,crp_dataset_8_1_7.csv,crp_dataset_8_1_1.csv,0.8166666666666667,0.9836065573609245,0.4761904761866969,60,1,66,129,0.0252685546875,0.0003073770491803279,0.024961177638319672
RF,1,0.5,1.0,crp_dataset_8_1_7.csv,crp_dataset_8_1_8.csv,0.8166666666666667,0.8133333333224888,0.4420289855040433,61,14,77,104,0.0283203125,0.00475,0.0235703125
RF,1,0.5,1.0,crp_dataset_8_1_7.csv,crp_dataset_8_1_6.csv,0.8166666666666667,0.9999999999743591,0.2785714285694388,39,0,101,116,0.026928710937499996,0.0,0.026928710937499996
RF,1,0.5,1.0,crp_dataset_8_1_7.csv,crp_dataset_8_1_4.csv,0.8166666666666667,0.9649122806932902,0.8396946564821398,110,4,21,121,0.023046875,0.0007127192982456142,0.02233415570175439
RF,1,0.5,1.0,crp_dataset_8_1_5.csv,crp_dataset_8_1_2.csv,0.6333333333333333,0.8623188405734615,0.9999999999915966,119,19,0,118,0.039453125,0.005615942028985507,0.03383718297101449
RF,1,0.5,1.0,crp_dataset_8_1_5.csv,crp_dataset_8_1_7.csv,0.6333333333333333,0.9954751131176676,0.9999999999954546,220,1,0,35,0.0095703125,0.0003959276018099547,0.009174384898190046
RF,1,0.5,1.0,crp_dataset_8_1_5.csv,crp_dataset_8_1_3.csv,0.6333333333333333,0.8010471204146542,0.884393063578703,153,38,20,45,0.0196044921875,0.009751308900523559,0.00985318328697644
RF,1,0.5,1.0,crp_dataset_8_1_5.csv,crp_dataset_8_1_1.csv,0.6333333333333333,0.5826771653497427,0.5873015872969262,74,53,52,77,0.0252685546875,0.016141732283464567,0.009126822404035433
RF,1,0.5,1.0,crp_dataset_8_1_5.csv,crp_dataset_8_1_8.csv,0.6333333333333333,0.7008547008487106,0.5942028985464188,82,35,56,83,0.0283203125,0.012339743589743591,0.01598056891025641
RF,1,0.5,1.0,crp_dataset_8_1_5.csv,crp_dataset_8_1_6.csv,0.6333333333333333,0.6729559748385349,0.7642857142802552,107,52,33,64,0.026928710937499996,0.018081761006289308,0.008846949931210688
RF,1,0.5,1.0,crp_dataset_8_1_5.csv,crp_dataset_8_1_4.csv,0.6333333333333333,0.6951871657716835,0.9923664122061652,130,57,1,68,0.023046875,0.013469251336898394,0.009577623663101607
RF,1,0.5,1.0,crp_dataset_8_1_3.csv,crp_dataset_8_1_2.csv,0.6033333333333334,0.9999999999843749,0.5378151260459006,64,0,55,137,0.039453125,0.0,0.039453125
RF,1,0.5,1.0,crp_dataset_8_1_3.csv,crp_dataset_8_1_7.csv,0.6033333333333334,0.9999999999951457,0.9363636363593802,206,0,14,36,0.0095703125,0.0,0.0095703125
RF,1,0.5,1.0,crp_dataset_8_1_3.csv,crp_dataset_8_1_5.csv,0.6033333333333334,0.9843749999846191,0.6299999999936999,63,1,37,155,0.039282226562499994,0.00029296875000000004,0.0389892578125
RF,1,0.5,1.0,crp_dataset_8_1_3.csv,crp_dataset_8_1_1.csv,0.6033333333333334,0.925531914883771,0.6904761904707105,87,7,39,123,0.0252685546875,0.001595744680851064,0.023672810006648937
RF,1,0.5,1.0,crp_dataset_8_1_3.csv,crp_dataset_8_1_8.csv,0.6033333333333334,0.8918918918798393,0.4782608695617518,66,8,72,110,0.0283203125,0.0029560810810810812,0.025364231418918918
RF,1,0.5,1.0,crp_dataset_8_1_3.csv,crp_dataset_8_1_6.csv,0.6033333333333334,0.5468749999978638,0.9999999999928573,140,116,0,0,0.026928710937499996,0.026928710937499996,0.0
RF,1,0.5,1.0,crp_dataset_8_1_3.csv,crp_dataset_8_1_4.csv,0.6033333333333334,0.9464285714201212,0.8091603053373347,106,6,25,119,0.023046875,0.002232142857142857,0.020814732142857145
RF,1,0.5,1.0,crp_dataset_8_1_1.csv,crp_dataset_8_1_2.csv,0.84,0.9999999999803922,0.4285714285678271,51,0,68,137,0.039453125,0.0008578431372549021,0.0385952818627451
RF,1,0.5,1.0,crp_dataset_8_1_1.csv,crp_dataset_8_1_7.csv,0.84,0.99999999975,0.01818181818173554,4,0,216,36,0.0095703125,0.0,0.0095703125
RF,1,0.5,1.0,crp_dataset_8_1_1.csv,crp_dataset_8_1_5.csv,0.84,0.9999999999830509,0.5899999999941,59,0,41,156,0.039282226562499994,0.0012711864406779662,0.03801104012182203
RF,1,0.5,1.0,crp_dataset_8_1_1.csv,crp_dataset_8_1_3.csv,0.84,0.9999999999791668,0.27745664739724013,48,0,125,83,0.0196044921875,0.00013020833333333333,0.019474283854166666
RF,1,0.5,1.0,crp_dataset_8_1_1.csv,crp_dataset_8_1_8.csv,0.84,0.9009900990009803,0.6594202898502941,91,10,47,108,0.0283203125,0.003589108910891089,0.02473120358910891
RF,1,0.5,1.0,crp_dataset_8_1_1.csv,crp_dataset_8_1_6.csv,0.84,0.9333333333022222,0.19999999999857143,28,2,112,114,0.026928710937499996,0.0025,0.024428710937499997
RF,1,0.5,1.0,crp_dataset_8_1_1.csv,crp_dataset_8_1_4.csv,0.84,0.999999999984127,0.48091603053068005,63,0,68,125,0.023046875,0.0,0.023046875
RF,1,0.5,1.0,crp_dataset_8_1_8.csv,crp_dataset_8_1_2.csv,0.6166666666666667,0.5857142857101021,0.6890756302463102,82,58,37,79,0.039453125,0.04151785714285714,-0.0020647321428571425
RF,1,0.5,1.0,crp_dataset_8_1_8.csv,crp_dataset_8_1_7.csv,0.6166666666666667,0.9999999999954129,0.9909090909045868,218,0,2,36,0.0095703125,0.0003440366972477065,0.009226275802752294
RF,1,0.5,1.0,crp_dataset_8_1_8.csv,crp_dataset_8_1_5.csv,0.6166666666666667,0.8504672897116778,0.9099999999909,91,16,9,140,0.039282226562499994,0.006016355140186916,0.033265871422313076
RF,1,0.5,1.0,crp_dataset_8_1_8.csv,crp_dataset_8_1_3.csv,0.6166666666666667,0.838028169008183,0.6878612716723246,119,23,54,60,0.0196044921875,0.009154929577464787,0.010449562610035212
RF,1,0.5,1.0,crp_dataset_8_1_8.csv,crp_dataset_8_1_1.csv,0.6166666666666667,0.8494623655822638,0.6269841269791508,79,14,47,116,0.0252685546875,0.004233870967741936,0.021034683719758064
RF,1,0.5,1.0,crp_dataset_8_1_8.csv,crp_dataset_8_1_6.csv,0.6166666666666667,0.6216216216160214,0.4928571428536225,69,42,71,74,0.026928710937499996,0.019707207207207207,0.007221503730292789
RF,1,0.5,1.0,crp_dataset_8_1_8.csv,crp_dataset_8_1_4.csv,0.6166666666666667,0.8584070796384211,0.7404580152615233,97,16,34,109,0.023046875,0.006526548672566371,0.01652032632743363
RF,1,0.5,1.0,crp_dataset_8_1_6.csv,crp_dataset_8_1_2.csv,0.7366666666666667,0.9213483145963893,0.6890756302463102,82,7,37,130,0.039453125,0.0022471910112359553,0.037205933988764046
RF,1,0.5,1.0,crp_dataset_8_1_6.csv,crp_dataset_8_1_7.csv,0.7366666666666667,0.9909909909865271,0.9999999999954546,220,2,0,34,0.0095703125,0.00045045045045045046,0.00911986204954955
RF,1,0.5,1.0,crp_dataset_8_1_6.csv,crp_dataset_8_1_5.csv,0.7366666666666667,0.9746835442914596,0.7699999999923,77,2,23,154,0.039282226562499994,0.001661392405063291,0.0376208341574367
RF,1,0.5,1.0,crp_dataset_8_1_6.csv,crp_dataset_8_1_3.csv,0.7366666666666667,0.9831932773026623,0.6763005780307729,117,2,56,81,0.0196044921875,0.0002100840336134454,0.019394408153886555
RF,1,0.5,1.0,crp_dataset_8_1_6.csv,crp_dataset_8_1_1.csv,0.7366666666666667,0.9999999999833334,0.4761904761866969,60,0,66,130,0.0252685546875,0.00010416666666666667,0.025164388020833334
RF,1,0.5,1.0,crp_dataset_8_1_6.csv,crp_dataset_8_1_8.csv,0.7366666666666667,0.9242424242284205,0.4420289855040433,61,5,77,113,0.0283203125,0.0036931818181818185,0.024627130681818182
RF,1,0.5,1.0,crp_dataset_8_1_6.csv,crp_dataset_8_1_4.csv,0.7366666666666667,0.9745762711781816,0.8778625954131462,115,3,16,122,0.023046875,0.0005826271186440678,0.022464247881355932
RF,1,0.5,1.0,crp_dataset_8_1_4.csv,crp_dataset_8_1_2.csv,0.76,0.9425287356213502,0.6890756302463102,82,5,37,132,0.039453125,0.0020114942528735636,0.037441630747126434
RF,1,0.5,1.0,crp_dataset_8_1_4.csv,crp_dataset_8_1_7.csv,0.76,0.9999999999954546,0.9999999999954546,220,0,0,36,0.0095703125,0.00034090909090909094,0.00922940340909091
RF,1,0.5,1.0,crp_dataset_8_1_4.csv,crp_dataset_8_1_5.csv,0.76,0.9999999999870129,0.7699999999923,77,0,23,156,0.039282226562499994,0.0013798701298701301,0.03790235643262987
RF,1,0.5,1.0,crp_dataset_8_1_4.csv,crp_dataset_8_1_3.csv,0.76,0.9999999999910714,0.6473988439268937,112,0,61,83,0.0196044921875,0.0,0.0196044921875
RF,1,0.5,1.0,crp_dataset_8_1_4.csv,crp_dataset_8_1_1.csv,0.76,0.9999999999833334,0.4761904761866969,60,0,66,130,0.0252685546875,0.00010416666666666667,0.025164388020833334
RF,1,0.5,1.0,crp_dataset_8_1_4.csv,crp_dataset_8_1_8.csv,0.76,0.9682539682385992,0.4420289855040433,61,2,77,116,0.0283203125,0.0032738095238095243,0.025046502976190474
RF,1,0.5,1.0,crp_dataset_8_1_4.csv,crp_dataset_8_1_6.csv,0.76,0.9999999999879517,0.5928571428529082,83,0,57,116,0.026928710937499996,7.530120481927712e-05,0.02685340973268072
RF,2,0.5,1.0,crp_dataset_8_1_2.csv|crp_dataset_8_1_7.csv,crp_dataset_8_1_5.csv,0.7433333333333333,0.9999999999870129,0.7699999999923,77,0,23,156,0.039282226562499994,0.0013798701298701301,0.03790235643262987
RF,2,0.5,1.0,crp_dataset_8_1_2.csv|crp_dataset_8_1_7.csv,crp_dataset_8_1_3.csv,0.7433333333333333,0.9999999999910714,0.6473988439268937,112,0,61,83,0.0196044921875,0.0,0.0196044921875
RF,2,0.5,1.0,crp_dataset_8_1_2.csv|crp_dataset_8_1_7.csv,crp_dataset_8_1_1.csv,0.7433333333333333,0.660377358484336,0.5555555555511463,70,36,56,94,0.0252685546875,0.01320754716981132,0.01206100751768868
RF,2,0.5,1.0,crp_dataset_8_1_2.csv|crp_dataset_8_1_7.csv,crp_dataset_8_1_8.csv,0.7433333333333333,0.7619047618975057,0.5797101449233355,80,25,58,93,0.0283203125,0.009642857142857144,0.018677455357142856
RF,2,0.5,1.0,crp_dataset_8_1_2.csv|crp_dataset_8_1_7.csv,crp_dataset_8_1_6.csv,0.7433333333333333,0.9999999999868421,0.5428571428532654,76,0,64,116,0.026928710937499996,8.223684210526316e-05,0.026846474095394732
RF,2,0.5,1.0,crp_dataset_8_1_2.csv|crp_dataset_8_1_7.csv,crp_dataset_8_1_4.csv,0.7433333333333333,0.9652173912959546,0.8473282442683411,111,4,20,121,0.023046875,0.001847826086956522,0.02119904891304348
RF,2,0.5,1.0,crp_dataset_8_1_2.csv|crp_dataset_8_1_5.csv,crp_dataset_8_1_7.csv,0.69,0.9999999999954546,0.9999999999954546,220,0,0,36,0.0095703125,0.00034090909090909094,0.00922940340909091
RF,2,0.5,1.0,crp_dataset_8_1_2.csv|crp_dataset_8_1_5.csv,crp_dataset_8_1_3.csv,0.69,0.8579545454496708,0.8728323699371513,151,25,22,58,0.0196044921875,0.0072443181818181825,0.012360174005681818
RF,2,0.5,1.0,crp_dataset_8_1_2.csv|crp_dataset_8_1_5.csv,crp_dataset_8_1_1.csv,0.69,0.6728971962553935,0.5714285714240362,72,35,54,95,0.0252685546875,0.01203271028037383,0.01323584440712617
RF,2,0.5,1.0,crp_dataset_8_1_2.csv|crp_dataset_8_1_5.csv,crp_dataset_8_1_8.csv,0.69,0.7735849056530794,0.5942028985464188,82,24,56,94,0.0283203125,0.009846698113207547,0.01847361438679245
RF,2,0.5,1.0,crp_dataset_8_1_2.csv|crp_dataset_8_1_5.csv,crp_dataset_8_1_6.csv,0.69,0.7092198581509985,0.7142857142806123,100,41,40,75,0.026928710937499996,0.015647163120567374,0.011281547816932622
RF,2,0.5,1.0,crp_dataset_8_1_2.csv|crp_dataset_8_1_5.csv,crp_dataset_8_1_4.csv,0.69,0.7558139534839778,0.9923664122061652,130,42,1,83,0.023046875,0.010937500000000001,0.012109375
RF,2,0.5,1.0,crp_dataset_8_1_2.csv|crp_dataset_8_1_3.csv,crp_dataset_8_1_7.csv,0.6066666666666667,0.9999999999954546,0.9999999999954546,220,0,0,36,0.0095703125,0.00034090909090909094,0.00922940340909091
RF,2,0.5,1.0,crp_dataset_8_1_2.csv|crp_dataset_8_1_3.csv,crp_dataset_8_1_5.csv,0.6066666666666667,0.9999999999873417,0.7899999999921,79,0,21,156,0.039282226562499994,0.0015031645569620255,0.03777906200553797
RF,2,0.5,1.0,crp_dataset_8_1_2.csv|crp_dataset_8_1_3.csv,crp_dataset_8_1_1.csv,0.6066666666666667,0.932432432419832,0.5476190476147014,69,5,57,125,0.0252685546875,0.0018581081081081082,0.02341044657939189
RF,2,0.5,1.0,crp_dataset_8_1_2.csv|crp_dataset_8_1_3.csv,crp_dataset_8_1_8.csv,0.6066666666666667,0.8749999999900567,0.5579710144887104,77,11,61,107,0.0283203125,0.005397727272727273,0.022922585227272727
RF,2,0.5,1.0,crp_dataset_8_1_2.csv|crp_dataset_8_1_3.csv,crp_dataset_8_1_6.csv,0.6066666666666667,0.775280898872049,0.985714285707245,138,40,2,76,0.026928710937499996,0.01014747191011236,0.016781239027387637
RF,2,0.5,1.0,crp_dataset_8_1_2.csv|crp_dataset_8_1_3.csv,crp_dataset_8_1_4.csv,0.6066666666666667,0.9565217391221171,0.8396946564821398,110,5,21,120,0.023046875,0.002717391304347826,0.020329483695652177
RF,2,0.5,1.0,crp_dataset_8_1_2.csv|crp_dataset_8_1_1.csv,crp_dataset_8_1_7.csv,0.7133333333333334,0.9999999999954546,0.9999999999954546,220,0,0,36,0.0095703125,0.00034090909090909094,0.00922940340909091
RF,2,0.5,1.0,crp_dataset_8_1_2.csv|crp_dataset_8_1_1.csv,crp_dataset_8_1_5.csv,0.7133333333333334,0.9999999999870129,0.7699999999923,77,0,23,156,0.039282226562499994,0.0013798701298701301,0.03790235643262987
RF,2,0.5,1.0,crp_dataset_8_1_2.csv|crp_dataset_8_1_1.csv,crp_dataset_8_1_3.csv,0.7133333333333334,0.9999999999919355,0.7167630057762038,124,0,49,83,0.0196044921875,5.040322580645161e-05,0.01955408896169355
RF,2,0.5,1.0,crp_dataset_8_1_2.csv|crp_dataset_8_1_1.csv,crp_dataset_8_1_8.csv,0.7133333333333334,0.9999999999843749,0.4637681159386684,64,0,74,118,0.0283203125,0.0028320312500000003,0.02548828125
RF,2,0.5,1.0,crp_dataset_8_1_2.csv|crp_dataset_8_1_1.csv,crp_dataset_8_1_6.csv,0.7133333333333334,0.8852459016320882,0.7714285714230613,108,14,32,102,0.026928710937499996,0.006096311475409837,0.02083239946209016
RF,2,0.5,1.0,crp_dataset_8_1_2.csv|crp_dataset_8_1_1.csv,crp_dataset_8_1_4.csv,0.7133333333333334,0.999999999990909,0.8396946564821398,110,0,21,125,0.023046875,0.0002840909090909091,0.022762784090909094
RF,2,0.5,1.0,crp_dataset_8_1_2.csv|crp_dataset_8_1_8.csv,crp_dataset_8_1_7.csv,0.6905128205128205,0.9999999999954546,0.9999999999954546,220,0,0,36,0.0095703125,0.00034090909090909094,0.00922940340909091
RF,2,0.5,1.0,crp_dataset_8_1_2.csv|crp_dataset_8_1_8.csv,crp_dataset_8_1_5.csv,0.6905128205128205,0.9999999999878049,0.8199999999918,82,0,18,156,0.039282226562499994,0.0016768292682926831,0.03760539729420731
RF,2,0.5,1.0,crp_dataset_8_1_2.csv|crp_dataset_8_1_8.csv,crp_dataset_8_1_3.csv,0.6905128205128205,0.9139072847621597,0.7976878612670655,138,13,35,70,0.0196044921875,0.004304635761589404,0.015299856425910596
RF,2,0.5,1.0,crp_dataset_8_1_2.csv|crp_dataset_8_1_8.csv,crp_dataset_8_1_1.csv,0.6905128205128205,0.8785046728889859,0.7460317460258251,94,13,32,117,0.0252685546875,0.003971962616822431,0.02129659207067757
RF,2,0.5,1.0,crp_dataset_8_1_2.csv|crp_dataset_8_1_8.csv,crp_dataset_8_1_6.csv,0.6905128205128205,0.8333333333263888,0.7142857142806123,100,20,40,96,0.026928710937499996,0.0096875,0.017241210937499994
RF,2,0.5,1.0,crp_dataset_8_1_2.csv|crp_dataset_8_1_8.csv,crp_dataset_8_1_4.csv,0.6905128205128205,0.8175675675620435,0.9236641221303538,121,27,10,98,0.023046875,0.007854729729729731,0.01519214527027027
RF,2,0.5,1.0,crp_dataset_8_1_2.csv|crp_dataset_8_1_6.csv,crp_dataset_8_1_7.csv,0.82,0.9999999999954546,0.9999999999954546,220,0,0,36,0.0095703125,0.00034090909090909094,0.00922940340909091
RF,2,0.5,1.0,crp_dataset_8_1_2.csv|crp_dataset_8_1_6.csv,crp_dataset_8_1_5.csv,0.82,0.9999999999870129,0.7699999999923,77,0,23,156,0.039282226562499994,0.0013798701298701301,0.03790235643262987
RF,2,0.5,1.0,crp_dataset_8_1_2.csv|crp_dataset_8_1_6.csv,crp_dataset_8_1_3.csv,0.82,0.9999999999910714,0.6473988439268937,112,0,61,83,0.0196044921875,0.0,0.0196044921875
RF,2,0.5,1.0,crp_dataset_8_1_2.csv|crp_dataset_8_1_6.csv,crp_dataset_8_1_1.csv,0.82,0.9999999999833334,0.4761904761866969,60,0,66,130,0.0252685546875,0.00010416666666666667,0.025164388020833334
RF,2,0.5,1.0,crp_dataset_8_1_2.csv|crp_dataset_8_1_6.csv,crp_dataset_8_1_8.csv,0.82,0.9999999999836067,0.4420289855040433,61,0,77,118,0.0283203125,0.0029713114754098364,0.025349001024590163
RF,2,0.5,1.0,crp_dataset_8_1_2.csv|crp_dataset_8_1_6.csv,crp_dataset_8_1_4.csv,0.82,0.999999999990909,0.8396946564821398,110,0,21,125,0.023046875,0.0002840909090909091,0.022762784090909094
RF,2,0.5,1.0,crp_dataset_8_1_2.csv|crp_dataset_8_1_4.csv,crp_dataset_8_1_7.csv,0.72,0.9999999999954546,0.9999999999954546,220,0,0,36,0.0095703125,0.00034090909090909094,0.00922940340909091
RF,2,0.5,1.0,crp_dataset_8_1_2.csv|crp_dataset_8_1_4.csv,crp_dataset_8_1_5.csv,0.72,0.9999999999870129,0.7699999999923,77,0,23,156,0.039282226562499994,0.0013798701298701301,0.03790235643262987
RF,2,0.5,1.0,crp_dataset_8_1_2.csv|crp_dataset_8_1_4.csv,crp_dataset_8_1_3.csv,0.72,0.9999999999910714,0.6473988439268937,112,0,61,83,0.0196044921875,0.0,0.0196044921875
RF,2,0.5,1.0,crp_dataset_8_1_2.csv|crp_dataset_8_1_4.csv,crp_dataset_8_1_1.csv,0.72,0.9838709677260666,0.4841269841231418,61,1,65,129,0.0252685546875,0.00030241935483870974,0.02496613533266129
RF,2,0.5,1.0,crp_dataset_8_1_2.csv|crp_dataset_8_1_4.csv,crp_dataset_8_1_8.csv,0.72,0.9367088607476366,0.5362318840540853,74,5,64,113,0.0283203125,0.0042721518987341766,0.024048160601265824
RF,2,0.5,1.0,crp_dataset_8_1_2.csv|crp_dataset_8_1_4.csv,crp_dataset_8_1_6.csv,0.72,0.9999999999879517,0.5928571428529082,83,0,57,116,0.026928710937499996,7.530120481927712e-05,0.02685340973268072
RF,2,0.5,1.0,crp_dataset_8_1_7.csv|crp_dataset_8_1_5.csv,crp_dataset_8_1_2.csv,0.5,0.8814814814749521,0.9999999999915966,119,16,0,121,0.039453125,0.005277777777777779,0.03417534722222222
RF,2,0.5,1.0,crp_dataset_8_1_7.csv|crp_dataset_8_1_5.csv,crp_dataset_8_1_3.csv,0.5,0.9323308270606593,0.7167630057762038,124,9,49,74,0.0196044921875,0.0033834586466165413,0.01622103354088346
RF,2,0.5,1.0,crp_dataset_8_1_7.csv|crp_dataset_8_1_5.csv,crp_dataset_8_1_1.csv,0.5,0.5967741935435744,0.5873015872969262,74,50,52,80,0.0252685546875,0.015272177419354837,0.009996377268145163
RF,2,0.5,1.0,crp_dataset_8_1_7.csv|crp_dataset_8_1_5.csv,crp_dataset_8_1_8.csv,0.5,0.7130434782546692,0.5942028985464188,82,33,56,85,0.0283203125,0.011304347826086959,0.01701596467391304
RF,2,0.5,1.0,crp_dataset_8_1_7.csv|crp_dataset_8_1_5.csv,crp_dataset_8_1_6.csv,0.5,0.9999999999871795,0.5571428571388776,78,0,62,116,0.026928710937499996,8.012820512820513e-05,0.02684858273237179
RF,2,0.5,1.0,crp_dataset_8_1_7.csv|crp_dataset_8_1_5.csv,crp_dataset_8_1_4.csv,0.5,0.7831325301157643,0.9923664122061652,130,36,1,89,0.023046875,0.010240963855421687,0.012805911144578314
RF,2,0.5,1.0,crp_dataset_8_1_7.csv|crp_dataset_8_1_3.csv,crp_dataset_8_1_2.csv,0.7566666666666667,0.9999999999878049,0.6890756302463102,82,0,37,137,0.039453125,0.0013719512195121953,0.0380811737804878
RF,2,0.5,1.0,crp_dataset_8_1_7.csv|crp_dataset_8_1_3.csv,crp_dataset_8_1_5.csv,0.7566666666666667,0.9999999999870129,0.7699999999923,77,0,23,156,0.039282226562499994,0.0013798701298701301,0.03790235643262987
RF,2,0.5,1.0,crp_dataset_8_1_7.csv|crp_dataset_8_1_3.csv,crp_dataset_8_1_1.csv,0.7566666666666667,0.9999999999848485,0.5238095238053666,66,0,60,130,0.0252685546875,9.46969696969697e-05,0.02517385771780303
RF,2,0.5,1.0,crp_dataset_8_1_7.csv|crp_dataset_8_1_3.csv,crp_dataset_8_1_8.csv,0.7566666666666667,0.9999999999836067,0.4420289855040433,61,0,77,118,0.0283203125,0.0029713114754098364,0.025349001024590163
RF,2,0.5,1.0,crp_dataset_8_1_7.csv|crp_dataset_8_1_3.csv,crp_dataset_8_1_6.csv,0.7566666666666667,0.712041884813026,0.9714285714216327,136,55,4,61,0.026928710937499996,0.0156413612565445,0.011287349680955495
RF,2,0.5,1.0,crp_dataset_8_1_7.csv|crp_dataset_8_1_3.csv,crp_dataset_8_1_4.csv,0.7566666666666667,0.999999999990909,0.8396946564821398,110,0,21,125,0.023046875,0.0002840909090909091,0.022762784090909094
RF,2,0.5,1.0,crp_dataset_8_1_7.csv|crp_dataset_8_1_1.csv,crp_dataset_8_1_2.csv,0.7066666666666667,0.881720430098046,0.6890756302463102,82,11,37,126,0.039453125,0.002688172043010753,0.03676495295698925
RF,2,0.5,1.0,crp_dataset_8_1_7.csv|crp_dataset_8_1_1.csv,crp_dataset_8_1_5.csv,0.7066666666666667,0.9390243902324509,0.7699999999923,77,5,23,151,0.039282226562499994,0.0020579268292682928,0.0372242997332317
RF,2,0.5,1.0,crp_dataset_8_1_7.csv|crp_dataset_8_1_1.csv,crp_dataset_8_1_3.csv,0.7066666666666667,0.9831932773026623,0.6763005780307729,117,2,56,81,0.0196044921875,0.0002100840336134454,0.019394408153886555
RF,2,0.5,1.0,crp_dataset_8_1_7.csv|crp_dataset_8_1_1.csv,crp_dataset_8_1_8.csv,0.7066666666666667,0.8599999999914,0.6231884057925856,86,14,52,104,0.0283203125,0.0035624999999999997,0.0247578125
RF,2,0.5,1.0,crp_dataset_8_1_7.csv|crp_dataset_8_1_1.csv,crp_dataset_8_1_6.csv,0.7066666666666667,0.9902912621263078,0.7285714285662246,102,1,38,115,0.026928710937499996,0.00018203883495145634,0.026746672102548538
RF,2,0.5,1.0,crp_dataset_8_1_7.csv|crp_dataset_8_1_1.csv,crp_dataset_8_1_4.csv,0.7066666666666667,0.9649122806932902,0.8396946564821398,110,4,21,121,0.023046875,0.0007127192982456142,0.02233415570175439
RF,2,0.5,1.0,crp_dataset_8_1_7.csv|crp_dataset_8_1_8.csv,crp_dataset_8_1_2.csv,0.7666666666666667,0.9425287356213502,0.6890756302463102,82,5,37,132,0.039453125,0.0020114942528735636,0.037441630747126434
RF,2,0.5,1.0,crp_dataset_8_1_7.csv|crp_dataset_8_1_8.csv,crp_dataset_8_1_5.csv,0.7666666666666667,0.9999999999870129,0.7699999999923,77,0,23,156,0.039282226562499994,0.0013798701298701301,0.03790235643262987
RF,2,0.5,1.0,crp_dataset_8_1_7.csv|crp_dataset_8_1_8.csv,crp_dataset_8_1_3.csv,0.7666666666666667,0.9824561403422591,0.6473988439268937,112,2,61,81,0.0196044921875,0.0002192982456140351,0.019385193941885964
RF,2,0.5,1.0,crp_dataset_8_1_7.csv|crp_dataset_8_1_8.csv,crp_dataset_8_1_1.csv,0.7666666666666667,0.9999999999836067,0.4841269841231418,61,0,65,130,0.0252685546875,0.00010245901639344262,0.02516609567110656
RF,2,0.5,1.0,crp_dataset_8_1_7.csv|crp_dataset_8_1_8.csv,crp_dataset_8_1_6.csv,0.7666666666666667,0.9999999999868421,0.5428571428532654,76,0,64,116,0.026928710937499996,8.223684210526316e-05,0.026846474095394732
RF,2,0.5,1.0,crp_dataset_8_1_7.csv|crp_dataset_8_1_8.csv,crp_dataset_8_1_4.csv,0.7666666666666667,0.999999999990909,0.8396946564821398,110,0,21,125,0.023046875,0.0002840909090909091,0.022762784090909094
RF,2,0.5,1.0,crp_dataset_8_1_7.csv|crp_dataset_8_1_6.csv,crp_dataset_8_1_2.csv,0.6266666666666667,0.881720430098046,0.6890756302463102,82,11,37,126,0.039453125,0.002688172043010753,0.03676495295698925
RF,2,0.5,1.0,crp_dataset_8_1_7.csv|crp_dataset_8_1_6.csv,crp_dataset_8_1_5.csv,0.6266666666666667,0.9277108433623167,0.7699999999923,77,6,23,150,0.039282226562499994,0.002259036144578313,0.03702319041792168
RF,2,0.5,1.0,crp_dataset_8_1_7.csv|crp_dataset_8_1_6.csv,crp_dataset_8_1_3.csv,0.6266666666666667,0.973913043469792,0.6473988439268937,112,3,61,80,0.0196044921875,0.00038043478260869565,0.019224057404891304
RF,2,0.5,1.0,crp_dataset_8_1_7.csv|crp_dataset_8_1_6.csv,crp_dataset_8_1_1.csv,0.6266666666666667,0.9836065573609245,0.4761904761866969,60,1,66,129,0.0252685546875,0.0003073770491803279,0.024961177638319672
RF,2,0.5,1.0,crp_dataset_8_1_7.csv|crp_dataset_8_1_6.csv,crp_dataset_8_1_8.csv,0.6266666666666667,0.8133333333224888,0.4420289855040433,61,14,77,104,0.0283203125,0.00475,0.0235703125
RF,2,0.5,1.0,crp_dataset_8_1_7.csv|crp_dataset_8_1_6.csv,crp_dataset_8_1_4.csv,0.6266666666666667,0.9649122806932902,0.8396946564821398,110,4,21,121,0.023046875,0.0007127192982456142,0.02233415570175439
RF,2,0.5,1.0,crp_dataset_8_1_7.csv|crp_dataset_8_1_4.csv,crp_dataset_8_1_2.csv,0.76,0.9425287356213502,0.6890756302463102,82,5,37,132,0.039453125,0.0020114942528735636,0.037441630747126434
RF,2,0.5,1.0,crp_dataset_8_1_7.csv|crp_dataset_8_1_4.csv,crp_dataset_8_1_5.csv,0.76,0.9999999999870129,0.7699999999923,77,0,23,156,0.039282226562499994,0.0013798701298701301,0.03790235643262987
RF,2,0.5,1.0,crp_dataset_8_1_7.csv|crp_dataset_8_1_4.csv,crp_dataset_8_1_3.csv,0.76,0.9824561403422591,0.6473988439268937,112,2,61,81,0.0196044921875,0.0002192982456140351,0.019385193941885964
RF,2,0.5,1.0,crp_dataset_8_1_7.csv|crp_dataset_8_1_4.csv,crp_dataset_8_1_1.csv,0.76,0.9999999999833334,0.4761904761866969,60,0,66,130,0.0252685546875,0.00010416666666666667,0.025164388020833334
RF,2,0.5,1.0,crp_dataset_8_1_7.csv|crp_dataset_8_1_4.csv,crp_dataset_8_1_8.csv,0.76,0.9682539682385992,0.4420289855040433,61,2,77,116,0.0283203125,0.0032738095238095243,0.025046502976190474
RF,2,0.5,1.0,crp_dataset_8_1_7.csv|crp_dataset_8_1_4.csv,crp_dataset_8_1_6.csv,0.76,0.9999999999868421,0.5428571428532654,76,0,64,116,0.026928710937499996,8.223684210526316e-05,0.026846474095394732
RF,2,0.5,1.0,crp_dataset_8_1_5.csv|crp_dataset_8_1_3.csv,crp_dataset_8_1_2.csv,0.6055555555555556,0.911290322573296,0.9495798319247934,113,11,6,126,0.039453125,0.002469758064516129,0.03698336693548387
RF,2,0.5,1.0,crp_dataset_8_1_5.csv|crp_dataset_8_1_3.csv,crp_dataset_8_1_7.csv,0.6055555555555556,0.9865470851973698,0.9999999999954546,220,3,0,33,0.0095703125,0.0005044843049327355,0.009065828195067266
RF,2,0.5,1.0,crp_dataset_8_1_5.csv|crp_dataset_8_1_3.csv,crp_dataset_8_1_1.csv,0.6055555555555556,0.987179487166831,0.611111111106261,77,1,49,129,0.0252685546875,0.00024038461538461543,0.025028170072115385
RF,2,0.5,1.0,crp_dataset_8_1_5.csv|crp_dataset_8_1_3.csv,crp_dataset_8_1_8.csv,0.6055555555555556,0.8105263157809418,0.5579710144887104,77,18,61,100,0.0283203125,0.004671052631578947,0.023649259868421053
RF,2,0.5,1.0,crp_dataset_8_1_5.csv|crp_dataset_8_1_3.csv,crp_dataset_8_1_6.csv,0.6055555555555556,0.5982905982880415,0.9999999999928573,140,94,0,22,0.026928710937499996,0.022756410256410252,0.004172300681089744
RF,2,0.5,1.0,crp_dataset_8_1_5.csv|crp_dataset_8_1_3.csv,crp_dataset_8_1_4.csv,0.6055555555555556,0.9649122806932902,0.8396946564821398,110,4,21,121,0.023046875,0.0007127192982456142,0.02233415570175439
RF,2,0.5,1.0,crp_dataset_8_1_5.csv|crp_dataset_8_1_1.csv,crp_dataset_8_1_2.csv,0.6833333333333333,0.9425287356213502,0.6890756302463102,82,5,37,132,0.039453125,0.0020114942528735636,0.037441630747126434
RF,2,0.5,1.0,crp_dataset_8_1_5.csv|crp_dataset_8_1_1.csv,crp_dataset_8_1_7.csv,0.6833333333333333,0.9954751131176676,0.9999999999954546,220,1,0,35,0.0095703125,0.0003959276018099547,0.009174384898190046
RF,2,0.5,1.0,crp_dataset_8_1_5.csv|crp_dataset_8_1_1.csv,crp_dataset_8_1_3.csv,0.6833333333333333,0.9851851851778876,0.7687861271631863,133,2,40,81,0.0196044921875,0.0003240740740740741,0.019280418113425925
RF,2,0.5,1.0,crp_dataset_8_1_5.csv|crp_dataset_8_1_1.csv,crp_dataset_8_1_8.csv,0.6833333333333333,0.9069767441755002,0.5652173913002521,78,8,60,110,0.0283203125,0.0032703488372093016,0.0250499636627907
RF,2,0.5,1.0,crp_dataset_8_1_5.csv|crp_dataset_8_1_1.csv,crp_dataset_8_1_6.csv,0.6833333333333333,0.7350993377434762,0.7928571428514797,111,40,29,76,0.026928710937499996,0.01634933774834437,0.010579373189155625
RF,2,0.5,1.0,crp_dataset_8_1_5.csv|crp_dataset_8_1_1.csv,crp_dataset_8_1_4.csv,0.6833333333333333,0.9909909909820631,0.8396946564821398,110,1,21,124,0.023046875,0.00045045045045045046,0.022596424549549552
RF,2,0.5,1.0,crp_dataset_8_1_5.csv|crp_dataset_8_1_8.csv,crp_dataset_8_1_2.csv,0.6833333333333333,0.9326923076833394,0.8151260504133182,97,7,22,130,0.039453125,0.0022836538461538463,0.037169471153846154
RF,2,0.5,1.0,crp_dataset_8_1_5.csv|crp_dataset_8_1_8.csv,crp_dataset_8_1_7.csv,0.6833333333333333,0.9909909909865271,0.9999999999954546,220,2,0,34,0.0095703125,0.0011261261261261261,0.008444186373873874
RF,2,0.5,1.0,crp_dataset_8_1_5.csv|crp_dataset_8_1_8.csv,crp_dataset_8_1_3.csv,0.6833333333333333,0.8149999999959251,0.9421965317864613,163,37,10,46,0.0196044921875,0.0114375,0.0081669921875
RF,2,0.5,1.0,crp_dataset_8_1_5.csv|crp_dataset_8_1_8.csv,crp_dataset_8_1_1.csv,0.6833333333333333,0.8837209302257076,0.9047619047547241,114,15,12,115,0.0252685546875,0.00436046511627907,0.02090808957122093
RF,2,0.5,1.0,crp_dataset_8_1_5.csv|crp_dataset_8_1_8.csv,crp_dataset_8_1_6.csv,0.6833333333333333,0.6146341463384652,0.8999999999935715,126,79,14,37,0.026928710937499996,0.023871951219512196,0.0030567597179878003
RF,2,0.5,1.0,crp_dataset_8_1_5.csv|crp_dataset_8_1_8.csv,crp_dataset_8_1_4.csv,0.6833333333333333,0.8169934640469478,0.9541984732751588,125,28,6,97,0.023046875,0.007965686274509805,0.015081188725490196
RF,2,0.5,1.0,crp_dataset_8_1_5.csv|crp_dataset_8_1_6.csv,crp_dataset_8_1_2.csv,0.6004615384615384,0.9565217391221171,0.9243697478913918,110,5,9,132,0.039453125,0.0017934782608695654,0.037659646739130435
RF,2,0.5,1.0,crp_dataset_8_1_5.csv|crp_dataset_8_1_6.csv,crp_dataset_8_1_7.csv,0.6004615384615384,0.9999999999954546,0.9999999999954546,220,0,0,36,0.0095703125,0.00034090909090909094,0.00922940340909091
RF,2,0.5,1.0,crp_dataset_8_1_5.csv|crp_dataset_8_1_6.csv,crp_dataset_8_1_3.csv,0.6004615384615384,0.984496124023376,0.7341040462385312,127,2,46,81,0.0196044921875,0.0001937984496124031,0.019410693737887598
RF,2,0.5,1.0,crp_dataset_8_1_5.csv|crp_dataset_8_1_6.csv,crp_dataset_8_1_1.csv,0.6004615384615384,0.888888888877915,0.5714285714240362,72,9,54,121,0.0252685546875,0.002623456790123457,0.022645097897376544
RF,2,0.5,1.0,crp_dataset_8_1_5.csv|crp_dataset_8_1_6.csv,crp_dataset_8_1_8.csv,0.6004615384615384,0.8453608247335529,0.5942028985464188,82,15,56,103,0.0283203125,0.004896907216494845,0.023423405283505155
RF,2,0.5,1.0,crp_dataset_8_1_5.csv|crp_dataset_8_1_6.csv,crp_dataset_8_1_4.csv,0.6004615384615384,0.9770992366337626,0.9770992366337626,128,3,3,122,0.023046875,0.0007156488549618321,0.022331226145038168
RF,2,0.5,1.0,crp_dataset_8_1_5.csv|crp_dataset_8_1_4.csv,crp_dataset_8_1_2.csv,0.89,0.9425287356213502,0.6890756302463102,82,5,37,132,0.039453125,0.0020114942528735636,0.037441630747126434
RF,2,0.5,1.0,crp_dataset_8_1_5.csv|crp_dataset_8_1_4.csv,crp_dataset_8_1_7.csv,0.89,0.9999999999954546,0.9999999999954546,220,0,0,36,0.0095703125,0.00034090909090909094,0.00922940340909091
RF,2,0.5,1.0,crp_dataset_8_1_5.csv|crp_dataset_8_1_4.csv,crp_dataset_8_1_3.csv,0.89,0.9999999999910714,0.6473988439268937,112,0,61,83,0.0196044921875,0.0,0.0196044921875
RF,2,0.5,1.0,crp_dataset_8_1_5.csv|crp_dataset_8_1_4.csv,crp_dataset_8_1_1.csv,0.89,0.9999999999833334,0.4761904761866969,60,0,66,130,0.0252685546875,0.00010416666666666667,0.025164388020833334
RF,2,0.5,1.0,crp_dataset_8_1_5.csv|crp_dataset_8_1_4.csv,crp_dataset_8_1_8.csv,0.89,0.9705882352798443,0.4782608695617518,66,2,72,116,0.0283203125,0.003308823529411765,0.025011488970588233
RF,2,0.5,1.0,crp_dataset_8_1_5.csv|crp_dataset_8_1_4.csv,crp_dataset_8_1_6.csv,0.89,0.9999999999868421,0.5428571428532654,76,0,64,116,0.026928710937499996,8.223684210526316e-05,0.026846474095394732
RF,2,0.5,1.0,crp_dataset_8_1_3.csv|crp_dataset_8_1_1.csv,crp_dataset_8_1_2.csv,0.6833333333333333,0.9999999999878049,0.6890756302463102,82,0,37,137,0.039453125,0.0013719512195121953,0.0380811737804878
RF,2,0.5,1.0,crp_dataset_8_1_3.csv|crp_dataset_8_1_1.csv,crp_dataset_8_1_7.csv,0.6833333333333333,0.9999999999952381,0.9545454545411157,210,0,10,36,0.0095703125,5.9523809523809524e-05,0.009510788690476191
RF,2,0.5,1.0,crp_dataset_8_1_3.csv|crp_dataset_8_1_1.csv,crp_dataset_8_1_5.csv,0.6833333333333333,0.987654320975461,0.799999999992,80,1,20,155,0.039282226562499994,0.0015432098765432098,0.037739016685956785
RF,2,0.5,1.0,crp_dataset_8_1_3.csv|crp_dataset_8_1_1.csv,crp_dataset_8_1_8.csv,0.6833333333333333,0.9892473118173198,0.6666666666618358,92,1,46,117,0.0283203125,0.002352150537634409,0.02596816196236559
RF,2,0.5,1.0,crp_dataset_8_1_3.csv|crp_dataset_8_1_1.csv,crp_dataset_8_1_6.csv,0.6833333333333333,0.6284403669695944,0.9785714285644388,137,81,3,35,0.026928710937499996,0.021616972477064223,0.005311738460435773
RF,2,0.5,1.0,crp_dataset_8_1_3.csv|crp_dataset_8_1_1.csv,crp_dataset_8_1_4.csv,0.6833333333333333,0.9916666666584028,0.9083969465579512,119,1,12,124,0.023046875,0.00026041666666666666,0.022786458333333336
RF,2,0.5,1.0,crp_dataset_8_1_3.csv|crp_dataset_8_1_8.csv,crp_dataset_8_1_2.csv,0.73,0.9999999999878049,0.6890756302463102,82,0,37,137,0.039453125,0.0013719512195121953,0.0380811737804878
RF,2,0.5,1.0,crp_dataset_8_1_3.csv|crp_dataset_8_1_8.csv,crp_dataset_8_1_7.csv,0.73,0.9999999999954546,0.9999999999954546,220,0,0,36,0.0095703125,0.00034090909090909094,0.00922940340909091
RF,2,0.5,1.0,crp_dataset_8_1_3.csv|crp_dataset_8_1_8.csv,crp_dataset_8_1_5.csv,0.73,0.9999999999870129,0.7699999999923,77,0,23,156,0.039282226562499994,0.0013798701298701301,0.03790235643262987
RF,2,0.5,1.0,crp_dataset_8_1_3.csv|crp_dataset_8_1_8.csv,crp_dataset_8_1_1.csv,0.73,0.9999999999882353,0.6746031745978206,85,0,41,130,0.0252685546875,7.352941176470589e-05,0.025195025275735295
RF,2,0.5,1.0,crp_dataset_8_1_3.csv|crp_dataset_8_1_8.csv,crp_dataset_8_1_6.csv,0.73,0.668269230766018,0.9928571428500511,139,69,1,47,0.026928710937499996,0.01649639423076923,0.010432316706730765
RF,2,0.5,1.0,crp_dataset_8_1_3.csv|crp_dataset_8_1_8.csv,crp_dataset_8_1_4.csv,0.73,0.9999999999910714,0.8549618320545423,112,0,19,125,0.023046875,0.00033482142857142863,0.022712053571428574
RF,2,0.5,1.0,crp_dataset_8_1_3.csv|crp_dataset_8_1_6.csv,crp_dataset_8_1_2.csv,0.8333333333333334,0.9999999999714286,0.29411764705635196,35,0,84,137,0.039453125,0.0,0.039453125
RF,2,0.5,1.0,crp_dataset_8_1_3.csv|crp_dataset_8_1_6.csv,crp_dataset_8_1_7.csv,0.8333333333333334,0.999999999995025,0.9136363636322108,201,0,19,36,0.0095703125,0.0,0.0095703125
RF,2,0.5,1.0,crp_dataset_8_1_3.csv|crp_dataset_8_1_6.csv,crp_dataset_8_1_5.csv,0.8333333333333334,0.9999999999729731,0.3699999999963,37,0,63,156,0.039282226562499994,0.0,0.039282226562499994
RF,2,0.5,1.0,crp_dataset_8_1_3.csv|crp_dataset_8_1_6.csv,crp_dataset_8_1_1.csv,0.8333333333333334,0.9999999999830509,0.46825396825025195,59,0,67,130,0.0252685546875,0.0,0.0252685546875
RF,2,0.5,1.0,crp_dataset_8_1_3.csv|crp_dataset_8_1_6.csv,crp_dataset_8_1_8.csv,0.8333333333333334,0.99999999996,0.18115942028854234,25,0,113,118,0.0283203125,0.0,0.0283203125
RF,2,0.5,1.0,crp_dataset_8_1_3.csv|crp_dataset_8_1_6.csv,crp_dataset_8_1_4.csv,0.8333333333333334,0.9999999999896907,0.7404580152615233,97,0,34,125,0.023046875,0.0,0.023046875
RF,2,0.5,1.0,crp_dataset_8_1_3.csv|crp_dataset_8_1_4.csv,crp_dataset_8_1_2.csv,0.6166666666666667,0.9999999999878049,0.6890756302463102,82,0,37,137,0.039453125,0.0013719512195121953,0.0380811737804878
RF,2,0.5,1.0,crp_dataset_8_1_3.csv|crp_dataset_8_1_4.csv,crp_dataset_8_1_7.csv,0.6166666666666667,0.9999999999954546,0.9999999999954546,220,0,0,36,0.0095703125,0.00034090909090909094,0.00922940340909091
RF,2,0.5,1.0,crp_dataset_8_1_3.csv|crp_dataset_8_1_4.csv,crp_dataset_8_1_5.csv,0.6166666666666667,0.9999999999875,0.799999999992,80,0,20,156,0.039282226562499994,0.00140625,0.0378759765625
RF,2,0.5,1.0,crp_dataset_8_1_3.csv|crp_dataset_8_1_4.csv,crp_dataset_8_1_1.csv,0.6166666666666667,0.9999999999836067,0.4841269841231418,61,0,65,130,0.0252685546875,0.00010245901639344262,0.02516609567110656
RF,2,0.5,1.0,crp_dataset_8_1_3.csv|crp_dataset_8_1_4.csv,crp_dataset_8_1_8.csv,0.6166666666666667,0.9999999999868421,0.5507246376771687,76,0,62,118,0.0283203125,0.0028782894736842104,0.02544202302631579
RF,2,0.5,1.0,crp_dataset_8_1_3.csv|crp_dataset_8_1_4.csv,crp_dataset_8_1_6.csv,0.6166666666666667,0.6278026905801444,0.9999999999928573,140,83,0,33,0.026928710937499996,0.020235426008968608,0.006693284928531388
RF,2,0.5,1.0,crp_dataset_8_1_1.csv|crp_dataset_8_1_8.csv,crp_dataset_8_1_2.csv,0.6566666666666666,0.9425287356213502,0.6890756302463102,82,5,37,132,0.039453125,0.0020114942528735636,0.037441630747126434
RF,2,0.5,1.0,crp_dataset_8_1_1.csv|crp_dataset_8_1_8.csv,crp_dataset_8_1_7.csv,0.6566666666666666,0.9999999999954546,0.9999999999954546,220,0,0,36,0.0095703125,0.00034090909090909094,0.00922940340909091
RF,2,0.5,1.0,crp_dataset_8_1_1.csv|crp_dataset_8_1_8.csv,crp_dataset_8_1_5.csv,0.6566666666666666,0.9999999999873417,0.7899999999921,79,0,21,156,0.039282226562499994,0.0013449367088607597,0.037937289853639235
RF,2,0.5,1.0,crp_dataset_8_1_1.csv|crp_dataset_8_1_8.csv,crp_dataset_8_1_3.csv,0.6566666666666666,0.9722222222154707,0.8092485549086171,140,4,33,79,0.0196044921875,0.001345486111111111,0.01825900607638889
RF,2,0.5,1.0,crp_dataset_8_1_1.csv|crp_dataset_8_1_8.csv,crp_dataset_8_1_6.csv,0.6566666666666666,0.846715328460973,0.8285714285655102,116,21,24,95,0.026928710937499996,0.008302919708029197,0.0186257912294708
RF,2,0.5,1.0,crp_dataset_8_1_1.csv|crp_dataset_8_1_8.csv,crp_dataset_8_1_4.csv,0.6566666666666666,0.999999999991453,0.8931297709855487,117,0,14,125,0.023046875,0.0002670940170940171,0.022779780982905985
RF,2,0.5,1.0,crp_dataset_8_1_1.csv|crp_dataset_8_1_6.csv,crp_dataset_8_1_2.csv,0.69125,0.9425287356213502,0.6890756302463102,82,5,37,132,0.039453125,0.0020114942528735636,0.037441630747126434
RF,2,0.5,1.0,crp_dataset_8_1_1.csv|crp_dataset_8_1_6.csv,crp_dataset_8_1_7.csv,0.69125,0.9999999999954546,0.9999999999954546,220,0,0,36,0.0095703125,0.00034090909090909094,0.00922940340909091
RF,2,0.5,1.0,crp_dataset_8_1_1.csv|crp_dataset_8_1_6.csv,crp_dataset_8_1_5.csv,0.69125,0.9999999999870129,0.7699999999923,77,0,23,156,0.039282226562499994,0.0013798701298701301,0.03790235643262987
RF,2,0.5,1.0,crp_dataset_8_1_1.csv|crp_dataset_8_1_6.csv,crp_dataset_8_1_3.csv,0.69125,0.9863945578164192,0.8381502890124963,145,2,28,81,0.0196044921875,0.00029761904761904765,0.019306873139880953
RF,2,0.5,1.0,crp_dataset_8_1_1.csv|crp_dataset_8_1_6.csv,crp_dataset_8_1_8.csv,0.69125,0.9780219780112305,0.6449275362272108,89,2,49,116,0.0283203125,0.0023351648351648355,0.025985147664835166
RF,2,0.5,1.0,crp_dataset_8_1_1.csv|crp_dataset_8_1_6.csv,crp_dataset_8_1_4.csv,0.69125,0.9999999999915254,0.90076335877175,118,0,13,125,0.023046875,0.00026483050847457627,0.022782044491525426
RF,2,0.5,1.0,crp_dataset_8_1_1.csv|crp_dataset_8_1_4.csv,crp_dataset_8_1_2.csv,0.82,0.9647058823415916,0.6890756302463102,82,3,37,134,0.039453125,0.0017647058823529415,0.03768841911764706
RF,2,0.5,1.0,crp_dataset_8_1_1.csv|crp_dataset_8_1_4.csv,crp_dataset_8_1_7.csv,0.82,0.9999999999954546,0.9999999999954546,220,0,0,36,0.0095703125,0.00034090909090909094,0.00922940340909091
RF,2,0.5,1.0,crp_dataset_8_1_1.csv|crp_dataset_8_1_4.csv,crp_dataset_8_1_5.csv,0.82,0.9999999999870129,0.7699999999923,77,0,23,156,0.039282226562499994,0.0013798701298701301,0.03790235643262987
RF,2,0.5,1.0,crp_dataset_8_1_1.csv|crp_dataset_8_1_4.csv,crp_dataset_8_1_3.csv,0.82,0.9826086956436294,0.6531791907476695,113,2,60,81,0.0196044921875,0.0002173913043478261,0.019387100883152174
RF,2,0.5,1.0,crp_dataset_8_1_1.csv|crp_dataset_8_1_4.csv,crp_dataset_8_1_8.csv,0.82,0.9756097560856632,0.5797101449233355,80,2,58,116,0.0283203125,0.0025152439024390245,0.025805068597560977
RF,2,0.5,1.0,crp_dataset_8_1_1.csv|crp_dataset_8_1_4.csv,crp_dataset_8_1_6.csv,0.82,0.9999999999904762,0.749999999994643,105,0,35,116,0.026928710937499996,5.9523809523809524e-05,0.026869187127976188
RF,2,0.5,1.0,crp_dataset_8_1_8.csv|crp_dataset_8_1_6.csv,crp_dataset_8_1_2.csv,0.62,0.8541666666577691,0.6890756302463102,82,14,37,123,0.039453125,0.011197916666666669,0.02825520833333333
RF,2,0.5,1.0,crp_dataset_8_1_8.csv|crp_dataset_8_1_6.csv,crp_dataset_8_1_7.csv,0.62,0.9999999999954546,0.9999999999954546,220,0,0,36,0.0095703125,0.00034090909090909094,0.00922940340909091
RF,2,0.5,1.0,crp_dataset_8_1_8.csv|crp_dataset_8_1_6.csv,crp_dataset_8_1_5.csv,0.62,0.8240740740664437,0.8899999999911,89,19,11,137,0.039282226562499994,0.005208333333333333,0.03407389322916666
RF,2,0.5,1.0,crp_dataset_8_1_8.csv|crp_dataset_8_1_6.csv,crp_dataset_8_1_3.csv,0.62,0.9834710743720374,0.6878612716723246,119,2,54,81,0.0196044921875,0.0002066115702479339,0.019397880617252065
RF,2,0.5,1.0,crp_dataset_8_1_8.csv|crp_dataset_8_1_6.csv,crp_dataset_8_1_1.csv,0.62,0.9859154929438603,0.5555555555511463,70,1,56,129,0.0252685546875,0.00026408450704225355,0.025004470180457747
RF,2,0.5,1.0,crp_dataset_8_1_8.csv|crp_dataset_8_1_6.csv,crp_dataset_8_1_4.csv,0.62,0.9916666666584028,0.9083969465579512,119,1,12,124,0.023046875,0.00036458333333333335,0.022682291666666667
RF,2,0.5,1.0,crp_dataset_8_1_8.csv|crp_dataset_8_1_4.csv,crp_dataset_8_1_2.csv,0.6,0.9425287356213502,0.6890756302463102,82,5,37,132,0.039453125,0.0020114942528735636,0.037441630747126434
RF,2,0.5,1.0,crp_dataset_8_1_8.csv|crp_dataset_8_1_4.csv,crp_dataset_8_1_7.csv,0.6,0.9999999999954546,0.9999999999954546,220,0,0,36,0.0095703125,0.00034090909090909094,0.00922940340909091
RF,2,0.5,1.0,crp_dataset_8_1_8.csv|crp_dataset_8_1_4.csv,crp_dataset_8_1_5.csv,0.6,0.9756097560856632,0.799999999992,80,2,20,154,0.039282226562499994,0.0021341463414634144,0.03714808022103658
RF,2,0.5,1.0,crp_dataset_8_1_8.csv|crp_dataset_8_1_4.csv,crp_dataset_8_1_3.csv,0.6,0.983999999992128,0.7109826589554279,123,2,50,81,0.0196044921875,0.0002,0.0194044921875
RF,2,0.5,1.0,crp_dataset_8_1_8.csv|crp_dataset_8_1_4.csv,crp_dataset_8_1_1.csv,0.6,0.9999999999843749,0.5079365079324767,64,0,62,130,0.0252685546875,9.765625e-05,0.0251708984375
RF,2,0.5,1.0,crp_dataset_8_1_8.csv|crp_dataset_8_1_4.csv,crp_dataset_8_1_6.csv,0.6,0.9787234042449071,0.6571428571381633,92,2,48,114,0.026928710937499996,0.00046542553191489364,0.026463285405585103
RF,2,0.5,1.0,crp_dataset_8_1_6.csv|crp_dataset_8_1_4.csv,crp_dataset_8_1_2.csv,0.68,0.9425287356213502,0.6890756302463102,82,5,37,132,0.039453125,0.0020114942528735636,0.037441630747126434
RF,2,0.5,1.0,crp_dataset_8_1_6.csv|crp_dataset_8_1_4.csv,crp_dataset_8_1_7.csv,0.68,0.9999999999954546,0.9999999999954546,220,0,0,36,0.0095703125,0.00034090909090909094,0.00922940340909091
RF,2,0.5,1.0,crp_dataset_8_1_6.csv|crp_dataset_8_1_4.csv,crp_dataset_8_1_5.csv,0.68,0.987654320975461,0.799999999992,80,1,20,155,0.039282226562499994,0.0015432098765432098,0.037739016685956785
RF,2,0.5,1.0,crp_dataset_8_1_6.csv|crp_dataset_8_1_4.csv,crp_dataset_8_1_3.csv,0.68,0.984251968496187,0.7225433525969795,125,2,48,81,0.0196044921875,0.00019685039370078743,0.01940764179379921
RF,2,0.5,1.0,crp_dataset_8_1_6.csv|crp_dataset_8_1_4.csv,crp_dataset_8_1_1.csv,0.68,0.9848484848335628,0.5158730158689216,65,1,61,129,0.0252685546875,0.00028409090909090913,0.024984463778409093
RF,2,0.5,1.0,crp_dataset_8_1_6.csv|crp_dataset_8_1_4.csv,crp_dataset_8_1_8.csv,0.68,0.9390243902324509,0.5579710144887104,77,5,61,113,0.0283203125,0.003429878048780488,0.024890434451219513
RF,3,0.5,1.0,crp_dataset_8_1_2.csv|crp_dataset_8_1_7.csv|crp_dataset_8_1_5.csv,crp_dataset_8_1_3.csv,0.61,0.9999999999910714,0.6473988439268937,112,0,61,83,0.0196044921875,0.0,0.0196044921875
RF,3,0.5,1.0,crp_dataset_8_1_2.csv|crp_dataset_8_1_7.csv|crp_dataset_8_1_5.csv,crp_dataset_8_1_1.csv,0.61,0.7419354838629899,0.5476190476147014,69,24,57,106,0.0252685546875,0.010416666666666668,0.014851888020833332
RF,3,0.5,1.0,crp_dataset_8_1_2.csv|crp_dataset_8_1_7.csv|crp_dataset_8_1_5.csv,crp_dataset_8_1_8.csv,0.61,0.759259259252229,0.5942028985464188,82,26,56,92,0.0283203125,0.009548611111111114,0.018771701388888888
RF,3,0.5,1.0,crp_dataset_8_1_2.csv|crp_dataset_8_1_7.csv|crp_dataset_8_1_5.csv,crp_dataset_8_1_6.csv,0.61,0.9999999999868421,0.5428571428532654,76,0,64,116,0.026928710937499996,8.223684210526316e-05,0.026846474095394732
RF,3,0.5,1.0,crp_dataset_8_1_2.csv|crp_dataset_8_1_7.csv|crp_dataset_8_1_5.csv,crp_dataset_8_1_4.csv,0.61,0.8602941176407332,0.8931297709855487,117,19,14,106,0.023046875,0.00739889705882353,0.01564797794117647
RF,3,0.5,1.0,crp_dataset_8_1_2.csv|crp_dataset_8_1_7.csv|crp_dataset_8_1_3.csv,crp_dataset_8_1_5.csv,0.63,0.9999999999870129,0.7699999999923,77,0,23,156,0.039282226562499994,0.0013798701298701301,0.03790235643262987
RF,3,0.5,1.0,crp_dataset_8_1_2.csv|crp_dataset_8_1_7.csv|crp_dataset_8_1_3.csv,crp_dataset_8_1_1.csv,0.63,0.9052631578852077,0.6825396825342656,86,9,40,121,0.0252685546875,0.0034210526315789475,0.021847502055921054
RF,3,0.5,1.0,crp_dataset_8_1_2.csv|crp_dataset_8_1_7.csv|crp_dataset_8_1_3.csv,crp_dataset_8_1_8.csv,0.63,0.8977272727170712,0.5724637681117938,79,9,59,109,0.0283203125,0.003977272727272727,0.024343039772727275
RF,3,0.5,1.0,crp_dataset_8_1_2.csv|crp_dataset_8_1_7.csv|crp_dataset_8_1_3.csv,crp_dataset_8_1_6.csv,0.63,0.6989795918331685,0.9785714285644388,137,59,3,57,0.026928710937499996,0.015625,0.011303710937499996
RF,3,0.5,1.0,crp_dataset_8_1_2.csv|crp_dataset_8_1_7.csv|crp_dataset_8_1_3.csv,crp_dataset_8_1_4.csv,0.63,0.8484848484784207,0.8549618320545423,112,20,19,105,0.023046875,0.008285984848484848,0.014760890151515153
RF,3,0.5,1.0,crp_dataset_8_1_2.csv|crp_dataset_8_1_7.csv|crp_dataset_8_1_1.csv,crp_dataset_8_1_5.csv,0.6257070707070708,0.9999999999870129,0.7699999999923,77,0,23,156,0.039282226562499994,0.0013798701298701301,0.03790235643262987
RF,3,0.5,1.0,crp_dataset_8_1_2.csv|crp_dataset_8_1_7.csv|crp_dataset_8_1_1.csv,crp_dataset_8_1_3.csv,0.6257070707070708,0.9999999999919355,0.7167630057762038,124,0,49,83,0.0196044921875,0.00015120967741935487,0.019453282510080643
RF,3,0.5,1.0,crp_dataset_8_1_2.csv|crp_dataset_8_1_7.csv|crp_dataset_8_1_1.csv,crp_dataset_8_1_8.csv,0.6257070707070708,0.9863013698495027,0.521739130431002,72,1,66,117,0.0283203125,0.0029109589041095892,0.02540935359589041
RF,3,0.5,1.0,crp_dataset_8_1_2.csv|crp_dataset_8_1_7.csv|crp_dataset_8_1_1.csv,crp_dataset_8_1_6.csv,0.6257070707070708,0.855999999993152,0.7642857142802552,107,18,33,98,0.026928710937499996,0.00785,0.019078710937499996
RF,3,0.5,1.0,crp_dataset_8_1_2.csv|crp_dataset_8_1_7.csv|crp_dataset_8_1_1.csv,crp_dataset_8_1_4.csv,0.6257070707070708,0.9910714285625797,0.8473282442683411,111,1,20,124,0.023046875,0.00044642857142857147,0.02260044642857143
RF,3,0.5,1.0,crp_dataset_8_1_2.csv|crp_dataset_8_1_7.csv|crp_dataset_8_1_8.csv,crp_dataset_8_1_5.csv,0.62,0.9999999999880952,0.8399999999916,84,0,16,156,0.039282226562499994,0.001636904761904762,0.03764532180059523
RF,3,0.5,1.0,crp_dataset_8_1_2.csv|crp_dataset_8_1_7.csv|crp_dataset_8_1_8.csv,crp_dataset_8_1_3.csv,0.62,0.999999999991228,0.6589595375684454,114,0,59,83,0.0196044921875,0.0,0.0196044921875
RF,3,0.5,1.0,crp_dataset_8_1_2.csv|crp_dataset_8_1_7.csv|crp_dataset_8_1_8.csv,crp_dataset_8_1_1.csv,0.62,0.7727272727202479,0.6746031745978206,85,25,41,105,0.0252685546875,0.008011363636363638,0.017257191051136364
RF,3,0.5,1.0,crp_dataset_8_1_2.csv|crp_dataset_8_1_7.csv|crp_dataset_8_1_8.csv,crp_dataset_8_1_6.csv,0.62,0.9999999999868421,0.5428571428532654,76,0,64,116,0.026928710937499996,8.223684210526316e-05,0.026846474095394732
RF,3,0.5,1.0,crp_dataset_8_1_2.csv|crp_dataset_8_1_7.csv|crp_dataset_8_1_8.csv,crp_dataset_8_1_4.csv,0.62,0.8947368420985359,0.9083969465579512,119,14,12,111,0.023046875,0.005404135338345864,0.01764273966165414
RF,3,0.5,1.0,crp_dataset_8_1_2.csv|crp_dataset_8_1_7.csv|crp_dataset_8_1_6.csv,crp_dataset_8_1_5.csv,0.67,0.9999999999875,0.799999999992,80,0,20,156,0.039282226562499994,0.0015625,0.03771972656249999
RF,3,0.5,1.0,crp_dataset_8_1_2.csv|crp_dataset_8_1_7.csv|crp_dataset_8_1_6.csv,crp_dataset_8_1_3.csv,0.67,0.999999999991228,0.6589595375684454,114,0,59,83,0.0196044921875,0.0,0.0196044921875
RF,3,0.5,1.0,crp_dataset_8_1_2.csv|crp_dataset_8_1_7.csv|crp_dataset_8_1_6.csv,crp_dataset_8_1_1.csv,0.67,0.7070707070635649,0.5555555555511463,70,29,56,101,0.0252685546875,0.011237373737373735,0.014031180950126265
RF,3,0.5,1.0,crp_dataset_8_1_2.csv|crp_dataset_8_1_7.csv|crp_dataset_8_1_6.csv,crp_dataset_8_1_8.csv,0.67,0.7884615384539571,0.5942028985464188,82,22,56,96,0.0283203125,0.008233173076923077,0.020087139423076925
RF,3,0.5,1.0,crp_dataset_8_1_2.csv|crp_dataset_8_1_7.csv|crp_dataset_8_1_6.csv,crp_dataset_8_1_4.csv,0.67,0.9915966386471294,0.90076335877175,118,1,13,124,0.023046875,0.0009453781512605042,0.022101496848739497
RF,3,0.5,1.0,crp_dataset_8_1_2.csv|crp_dataset_8_1_7.csv|crp_dataset_8_1_4.csv,crp_dataset_8_1_5.csv,0.7666666666666667,0.9999999999870129,0.7699999999923,77,0,23,156,0.039282226562499994,0.0013798701298701301,0.03790235643262987
RF,3,0.5,1.0,crp_dataset_8_1_2.csv|crp_dataset_8_1_7.csv|crp_dataset_8_1_4.csv,crp_dataset_8_1_3.csv,0.7666666666666667,0.9999999999910714,0.6473988439268937,112,0,61,83,0.0196044921875,0.0,0.0196044921875
RF,3,0.5,1.0,crp_dataset_8_1_2.csv|crp_dataset_8_1_7.csv|crp_dataset_8_1_4.csv,crp_dataset_8_1_1.csv,0.7666666666666667,0.9999999999833334,0.4761904761866969,60,0,66,130,0.0252685546875,0.00010416666666666667,0.025164388020833334
RF,3,0.5,1.0,crp_dataset_8_1_2.csv|crp_dataset_8_1_7.csv|crp_dataset_8_1_4.csv,crp_dataset_8_1_8.csv,0.7666666666666667,0.9726027397127041,0.5144927536194602,71,2,67,116,0.0283203125,0.0029965753424657537,0.025323737157534245
RF,3,0.5,1.0,crp_dataset_8_1_2.csv|crp_dataset_8_1_7.csv|crp_dataset_8_1_4.csv,crp_dataset_8_1_6.csv,0.7666666666666667,0.9999999999868421,0.5428571428532654,76,0,64,116,0.026928710937499996,8.223684210526316e-05,0.026846474095394732
RF,3,0.5,1.0,crp_dataset_8_1_2.csv|crp_dataset_8_1_5.csv|crp_dataset_8_1_3.csv,crp_dataset_8_1_7.csv,0.6393333333333334,0.9999999999954546,0.9999999999954546,220,0,0,36,0.0095703125,0.00034090909090909094,0.00922940340909091
RF,3,0.5,1.0,crp_dataset_8_1_2.csv|crp_dataset_8_1_5.csv|crp_dataset_8_1_3.csv,crp_dataset_8_1_1.csv,0.6393333333333334,0.9393939393797061,0.49206349205958677,62,4,64,126,0.0252685546875,0.0016098484848484848,0.023658706202651515
RF,3,0.5,1.0,crp_dataset_8_1_2.csv|crp_dataset_8_1_5.csv|crp_dataset_8_1_3.csv,crp_dataset_8_1_8.csv,0.6393333333333334,0.9506172839388812,0.5579710144887104,77,4,61,114,0.0283203125,0.0033950617283950613,0.02492525077160494
RF,3,0.5,1.0,crp_dataset_8_1_2.csv|crp_dataset_8_1_5.csv|crp_dataset_8_1_3.csv,crp_dataset_8_1_6.csv,0.6393333333333334,0.7653631284873443,0.9785714285644388,137,42,3,74,0.026928710937499996,0.011382681564245814,0.015546029373254182
RF,3,0.5,1.0,crp_dataset_8_1_2.csv|crp_dataset_8_1_5.csv|crp_dataset_8_1_3.csv,crp_dataset_8_1_4.csv,0.6393333333333334,0.9909909909820631,0.8396946564821398,110,1,21,124,0.023046875,0.0012950450450450453,0.021751829954954956
RF,3,0.5,1.0,crp_dataset_8_1_2.csv|crp_dataset_8_1_5.csv|crp_dataset_8_1_1.csv,crp_dataset_8_1_7.csv,0.6566666666666666,0.9999999999954546,0.9999999999954546,220,0,0,36,0.0095703125,0.00034090909090909094,0.00922940340909091
RF,3,0.5,1.0,crp_dataset_8_1_2.csv|crp_dataset_8_1_5.csv|crp_dataset_8_1_1.csv,crp_dataset_8_1_3.csv,0.6566666666666666,0.9999999999933775,0.8728323699371513,151,0,22,83,0.0196044921875,0.00016556291390728477,0.019438929273592715
RF,3,0.5,1.0,crp_dataset_8_1_2.csv|crp_dataset_8_1_5.csv|crp_dataset_8_1_1.csv,crp_dataset_8_1_8.csv,0.6566666666666666,0.9999999999846153,0.47101449275021007,65,0,73,118,0.0283203125,0.0027884615384615383,0.02553185096153846
RF,3,0.5,1.0,crp_dataset_8_1_2.csv|crp_dataset_8_1_5.csv|crp_dataset_8_1_1.csv,crp_dataset_8_1_6.csv,0.6566666666666666,0.6987179487134698,0.7785714285658674,109,47,31,69,0.026928710937499996,0.019070512820512822,0.007858198116987174
RF,3,0.5,1.0,crp_dataset_8_1_2.csv|crp_dataset_8_1_5.csv|crp_dataset_8_1_1.csv,crp_dataset_8_1_4.csv,0.6566666666666666,0.999999999990909,0.8396946564821398,110,0,21,125,0.023046875,0.0002840909090909091,0.022762784090909094
RF,3,0.5,1.0,crp_dataset_8_1_2.csv|crp_dataset_8_1_5.csv|crp_dataset_8_1_8.csv,crp_dataset_8_1_7.csv,0.6161904761904762,0.9999999999954546,0.9999999999954546,220,0,0,36,0.0095703125,0.00034090909090909094,0.00922940340909091
RF,3,0.5,1.0,crp_dataset_8_1_2.csv|crp_dataset_8_1_5.csv|crp_dataset_8_1_8.csv,crp_dataset_8_1_3.csv,0.6161904761904762,0.8518518518473448,0.9306358381449097,161,28,12,55,0.0196044921875,0.008697089947089948,0.010907402240410051
RF,3,0.5,1.0,crp_dataset_8_1_2.csv|crp_dataset_8_1_5.csv|crp_dataset_8_1_8.csv,crp_dataset_8_1_1.csv,0.6161904761904762,0.8030303030242195,0.8412698412631645,106,26,20,104,0.0252685546875,0.007149621212121213,0.01811893347537879
RF,3,0.5,1.0,crp_dataset_8_1_2.csv|crp_dataset_8_1_5.csv|crp_dataset_8_1_8.csv,crp_dataset_8_1_6.csv,0.6161904761904762,0.648351648348086,0.8428571428511226,118,64,22,52,0.026928710937499996,0.02087912087912088,0.0060495900583791146
RF,3,0.5,1.0,crp_dataset_8_1_2.csv|crp_dataset_8_1_5.csv|crp_dataset_8_1_8.csv,crp_dataset_8_1_4.csv,0.6161904761904762,0.7770700636893181,0.931297709916555,122,35,9,90,0.023046875,0.010350318471337579,0.012696556528662422
RF,3,0.5,1.0,crp_dataset_8_1_2.csv|crp_dataset_8_1_5.csv|crp_dataset_8_1_6.csv,crp_dataset_8_1_7.csv,0.61,0.9999999999954546,0.9999999999954546,220,0,0,36,0.0095703125,0.00034090909090909094,0.00922940340909091
RF,3,0.5,1.0,crp_dataset_8_1_2.csv|crp_dataset_8_1_5.csv|crp_dataset_8_1_6.csv,crp_dataset_8_1_3.csv,0.61,0.999999999991228,0.6589595375684454,114,0,59,83,0.0196044921875,0.0,0.0196044921875
RF,3,0.5,1.0,crp_dataset_8_1_2.csv|crp_dataset_8_1_5.csv|crp_dataset_8_1_6.csv,crp_dataset_8_1_1.csv,0.61,0.8961038960922584,0.5476190476147014,69,8,57,122,0.0252685546875,0.0025974025974025974,0.0226711520900974
RF,3,0.5,1.0,crp_dataset_8_1_2.csv|crp_dataset_8_1_5.csv|crp_dataset_8_1_6.csv,crp_dataset_8_1_8.csv,0.61,0.7663551401797537,0.5942028985464188,82,25,56,93,0.0283203125,0.008936915887850467,0.019383396612149533
RF,3,0.5,1.0,crp_dataset_8_1_2.csv|crp_dataset_8_1_5.csv|crp_dataset_8_1_6.csv,crp_dataset_8_1_4.csv,0.61,0.9836065573689868,0.9160305343441525,120,2,11,123,0.023046875,0.0007172131147540983,0.0223296618852459
RF,3,0.5,1.0,crp_dataset_8_1_2.csv|crp_dataset_8_1_5.csv|crp_dataset_8_1_4.csv,crp_dataset_8_1_7.csv,0.73,0.9999999999954546,0.9999999999954546,220,0,0,36,0.0095703125,0.00034090909090909094,0.00922940340909091
RF,3,0.5,1.0,crp_dataset_8_1_2.csv|crp_dataset_8_1_5.csv|crp_dataset_8_1_4.csv,crp_dataset_8_1_3.csv,0.73,0.9999999999910714,0.6473988439268937,112,0,61,83,0.0196044921875,0.0,0.0196044921875
RF,3,0.5,1.0,crp_dataset_8_1_2.csv|crp_dataset_8_1_5.csv|crp_dataset_8_1_4.csv,crp_dataset_8_1_1.csv,0.73,0.9999999999833334,0.4761904761866969,60,0,66,130,0.0252685546875,0.00010416666666666667,0.025164388020833334
RF,3,0.5,1.0,crp_dataset_8_1_2.csv|crp_dataset_8_1_5.csv|crp_dataset_8_1_4.csv,crp_dataset_8_1_8.csv,0.73,0.9740259740133242,0.543478260865627,75,2,63,116,0.0283203125,0.0031655844155844158,0.025154728084415583
RF,3,0.5,1.0,crp_dataset_8_1_2.csv|crp_dataset_8_1_5.csv|crp_dataset_8_1_4.csv,crp_dataset_8_1_6.csv,0.73,0.9999999999879517,0.5928571428529082,83,0,57,116,0.026928710937499996,7.530120481927712e-05,0.02685340973268072
RF,3,0.5,1.0,crp_dataset_8_1_2.csv|crp_dataset_8_1_3.csv|crp_dataset_8_1_1.csv,crp_dataset_8_1_7.csv,0.6017543859649124,0.9999999999954546,0.9999999999954546,220,0,0,36,0.0095703125,0.00034090909090909094,0.00922940340909091
RF,3,0.5,1.0,crp_dataset_8_1_2.csv|crp_dataset_8_1_3.csv|crp_dataset_8_1_1.csv,crp_dataset_8_1_5.csv,0.6017543859649124,0.9999999999870129,0.7699999999923,77,0,23,156,0.039282226562499994,0.0013798701298701301,0.03790235643262987
RF,3,0.5,1.0,crp_dataset_8_1_2.csv|crp_dataset_8_1_3.csv|crp_dataset_8_1_1.csv,crp_dataset_8_1_8.csv,0.6017543859649124,0.9999999999875,0.5797101449233355,80,0,58,118,0.0283203125,0.0023437500000000003,0.0259765625
RF,3,0.5,1.0,crp_dataset_8_1_2.csv|crp_dataset_8_1_3.csv|crp_dataset_8_1_1.csv,crp_dataset_8_1_6.csv,0.6017543859649124,0.6347031963441339,0.9928571428500511,139,80,1,36,0.026928710937499996,0.021746575342465754,0.0051821355950342415
RF,3,0.5,1.0,crp_dataset_8_1_2.csv|crp_dataset_8_1_3.csv|crp_dataset_8_1_1.csv,crp_dataset_8_1_4.csv,0.6017543859649124,0.991869918691123,0.931297709916555,122,1,9,124,0.023046875,0.0004065040650406504,0.02264037093495935
RF,3,0.5,1.0,crp_dataset_8_1_2.csv|crp_dataset_8_1_3.csv|crp_dataset_8_1_8.csv,crp_dataset_8_1_7.csv,0.7633333333333333,0.9999999999954546,0.9999999999954546,220,0,0,36,0.0095703125,0.00034090909090909094,0.00922940340909091
RF,3,0.5,1.0,crp_dataset_8_1_2.csv|crp_dataset_8_1_3.csv|crp_dataset_8_1_8.csv,crp_dataset_8_1_5.csv,0.7633333333333333,0.9999999999871795,0.7799999999921999,78,0,22,156,0.039282226562499994,0.0014423076923076924,0.0378399188701923
RF,3,0.5,1.0,crp_dataset_8_1_2.csv|crp_dataset_8_1_3.csv|crp_dataset_8_1_8.csv,crp_dataset_8_1_1.csv,0.7633333333333333,0.9999999999888889,0.7142857142800453,90,0,36,130,0.0252685546875,0.0001388888888888889,0.02512966579861111
RF,3,0.5,1.0,crp_dataset_8_1_2.csv|crp_dataset_8_1_3.csv|crp_dataset_8_1_8.csv,crp_dataset_8_1_6.csv,0.7633333333333333,0.9811320754624421,0.7428571428518368,104,2,36,114,0.026928710937499996,0.0009433962264150943,0.0259853147110849
RF,3,0.5,1.0,crp_dataset_8_1_2.csv|crp_dataset_8_1_3.csv|crp_dataset_8_1_8.csv,crp_dataset_8_1_4.csv,0.7633333333333333,0.999999999990909,0.8396946564821398,110,0,21,125,0.023046875,0.0002840909090909091,0.022762784090909094
RF,3,0.5,1.0,crp_dataset_8_1_2.csv|crp_dataset_8_1_3.csv|crp_dataset_8_1_6.csv,crp_dataset_8_1_7.csv,0.6052691570881227,0.9999999999954546,0.9999999999954546,220,0,0,36,0.0095703125,0.00034090909090909094,0.00922940340909091
RF,3,0.5,1.0,crp_dataset_8_1_2.csv|crp_dataset_8_1_3.csv|crp_dataset_8_1_6.csv,crp_dataset_8_1_5.csv,0.6052691570881227,0.9999999999870129,0.7699999999923,77,0,23,156,0.039282226562499994,0.0013798701298701301,0.03790235643262987
RF,3,0.5,1.0,crp_dataset_8_1_2.csv|crp_dataset_8_1_3.csv|crp_dataset_8_1_6.csv,crp_dataset_8_1_1.csv,0.6052691570881227,0.9393939393844505,0.7380952380893802,93,6,33,124,0.0252685546875,0.001325757575757576,0.023942797111742423
RF,3,0.5,1.0,crp_dataset_8_1_2.csv|crp_dataset_8_1_3.csv|crp_dataset_8_1_6.csv,crp_dataset_8_1_8.csv,0.6052691570881227,0.8367346938690129,0.5942028985464188,82,16,56,102,0.0283203125,0.005739795918367347,0.022580516581632654
RF,3,0.5,1.0,crp_dataset_8_1_2.csv|crp_dataset_8_1_3.csv|crp_dataset_8_1_6.csv,crp_dataset_8_1_4.csv,0.6052691570881227,0.9767441860389401,0.9618320610613601,126,3,5,122,0.023046875,0.0006782945736434108,0.02236858042635659
RF,3,0.5,1.0,crp_dataset_8_1_2.csv|crp_dataset_8_1_3.csv|crp_dataset_8_1_4.csv,crp_dataset_8_1_7.csv,0.71,0.9999999999954546,0.9999999999954546,220,0,0,36,0.0095703125,0.00034090909090909094,0.00922940340909091
RF,3,0.5,1.0,crp_dataset_8_1_2.csv|crp_dataset_8_1_3.csv|crp_dataset_8_1_4.csv,crp_dataset_8_1_5.csv,0.71,0.9999999999870129,0.7699999999923,77,0,23,156,0.039282226562499994,0.0013798701298701301,0.03790235643262987
RF,3,0.5,1.0,crp_dataset_8_1_2.csv|crp_dataset_8_1_3.csv|crp_dataset_8_1_4.csv,crp_dataset_8_1_1.csv,0.71,0.9999999999836067,0.4841269841231418,61,0,65,130,0.0252685546875,0.00010245901639344262,0.02516609567110656
RF,3,0.5,1.0,crp_dataset_8_1_2.csv|crp_dataset_8_1_3.csv|crp_dataset_8_1_4.csv,crp_dataset_8_1_8.csv,0.71,0.9736842105135041,0.5362318840540853,74,2,64,116,0.0283203125,0.0031250000000000006,0.0251953125
RF,3,0.5,1.0,crp_dataset_8_1_2.csv|crp_dataset_8_1_3.csv|crp_dataset_8_1_4.csv,crp_dataset_8_1_6.csv,0.71,0.8437499999947267,0.9642857142788266,135,25,5,91,0.026928710937499996,0.007343749999999999,0.019584960937499996
RF,3,0.5,1.0,crp_dataset_8_1_2.csv|crp_dataset_8_1_1.csv|crp_dataset_8_1_8.csv,crp_dataset_8_1_7.csv,0.6454359509885825,0.9999999999954546,0.9999999999954546,220,0,0,36,0.0095703125,0.00034090909090909094,0.00922940340909091
RF,3,0.5,1.0,crp_dataset_8_1_2.csv|crp_dataset_8_1_1.csv|crp_dataset_8_1_8.csv,crp_dataset_8_1_5.csv,0.6454359509885825,0.9999999999871795,0.7799999999921999,78,0,22,156,0.039282226562499994,0.0014423076923076924,0.0378399188701923
RF,3,0.5,1.0,crp_dataset_8_1_2.csv|crp_dataset_8_1_1.csv|crp_dataset_8_1_8.csv,crp_dataset_8_1_3.csv,0.6454359509885825,0.9999999999933775,0.8728323699371513,151,0,22,83,0.0196044921875,0.0001241721854304636,0.019480320002069534
RF,3,0.5,1.0,crp_dataset_8_1_2.csv|crp_dataset_8_1_1.csv|crp_dataset_8_1_8.csv,crp_dataset_8_1_6.csv,0.6454359509885825,0.8169014084449514,0.8285714285655102,116,26,24,90,0.026928710937499996,0.011663732394366197,0.015264978543133799
RF,3,0.5,1.0,crp_dataset_8_1_2.csv|crp_dataset_8_1_1.csv|crp_dataset_8_1_8.csv,crp_dataset_8_1_4.csv,0.6454359509885825,0.9830508474492962,0.8854961831993474,116,2,15,123,0.023046875,0.0005826271186440678,0.022464247881355932
RF,3,0.5,1.0,crp_dataset_8_1_2.csv|crp_dataset_8_1_1.csv|crp_dataset_8_1_6.csv,crp_dataset_8_1_7.csv,0.6773859126984126,0.9999999999954546,0.9999999999954546,220,0,0,36,0.0095703125,0.00034090909090909094,0.00922940340909091
RF,3,0.5,1.0,crp_dataset_8_1_2.csv|crp_dataset_8_1_1.csv|crp_dataset_8_1_6.csv,crp_dataset_8_1_5.csv,0.6773859126984126,0.9999999999870129,0.7699999999923,77,0,23,156,0.039282226562499994,0.0013798701298701301,0.03790235643262987
RF,3,0.5,1.0,crp_dataset_8_1_2.csv|crp_dataset_8_1_1.csv|crp_dataset_8_1_6.csv,crp_dataset_8_1_3.csv,0.6773859126984126,0.9999999999928573,0.8092485549086171,140,0,33,83,0.0196044921875,0.0,0.0196044921875
RF,3,0.5,1.0,crp_dataset_8_1_2.csv|crp_dataset_8_1_1.csv|crp_dataset_8_1_6.csv,crp_dataset_8_1_8.csv,0.6773859126984126,0.9999999999870129,0.5579710144887104,77,0,61,118,0.0283203125,0.0024350649350649354,0.025885247564935064
RF,3,0.5,1.0,crp_dataset_8_1_2.csv|crp_dataset_8_1_1.csv|crp_dataset_8_1_6.csv,crp_dataset_8_1_4.csv,0.6773859126984126,0.983870967734001,0.931297709916555,122,2,9,123,0.023046875,0.0005040322580645161,0.022542842741935486
RF,3,0.5,1.0,crp_dataset_8_1_2.csv|crp_dataset_8_1_1.csv|crp_dataset_8_1_4.csv,crp_dataset_8_1_7.csv,0.6117037037037037,0.9999999999954546,0.9999999999954546,220,0,0,36,0.0095703125,0.00034090909090909094,0.00922940340909091
RF,3,0.5,1.0,crp_dataset_8_1_2.csv|crp_dataset_8_1_1.csv|crp_dataset_8_1_4.csv,crp_dataset_8_1_5.csv,0.6117037037037037,0.9999999999870129,0.7699999999923,77,0,23,156,0.039282226562499994,0.0013798701298701301,0.03790235643262987
RF,3,0.5,1.0,crp_dataset_8_1_2.csv|crp_dataset_8_1_1.csv|crp_dataset_8_1_4.csv,crp_dataset_8_1_3.csv,0.6117037037037037,0.9999999999925927,0.7803468208047379,135,0,38,83,0.0196044921875,0.00013888888888888892,0.01946560329861111
RF,3,0.5,1.0,crp_dataset_8_1_2.csv|crp_dataset_8_1_1.csv|crp_dataset_8_1_4.csv,crp_dataset_8_1_8.csv,0.6117037037037037,0.9767441860351541,0.6086956521695023,84,2,54,116,0.0283203125,0.0027616279069767446,0.025558684593023254
RF,3,0.5,1.0,crp_dataset_8_1_2.csv|crp_dataset_8_1_1.csv|crp_dataset_8_1_4.csv,crp_dataset_8_1_6.csv,0.6117037037037037,0.770186335398943,0.8857142857079593,124,37,16,79,0.026928710937499996,0.013548136645962732,0.013380574291537264
RF,3,0.5,1.0,crp_dataset_8_1_2.csv|crp_dataset_8_1_8.csv|crp_dataset_8_1_6.csv,crp_dataset_8_1_7.csv,0.7094444444444444,0.9999999999954546,0.9999999999954546,220,0,0,36,0.0095703125,0.00034090909090909094,0.00922940340909091
RF,3,0.5,1.0,crp_dataset_8_1_2.csv|crp_dataset_8_1_8.csv|crp_dataset_8_1_6.csv,crp_dataset_8_1_5.csv,0.7094444444444444,0.9999999999875,0.799999999992,80,0,20,156,0.039282226562499994,0.0015625,0.03771972656249999
RF,3,0.5,1.0,crp_dataset_8_1_2.csv|crp_dataset_8_1_8.csv|crp_dataset_8_1_6.csv,crp_dataset_8_1_3.csv,0.7094444444444444,0.9999999999916667,0.6936416184931004,120,0,53,83,0.0196044921875,0.0,0.0196044921875
RF,3,0.5,1.0,crp_dataset_8_1_2.csv|crp_dataset_8_1_8.csv|crp_dataset_8_1_6.csv,crp_dataset_8_1_1.csv,0.7094444444444444,0.9651162790585451,0.6587301587249307,83,3,43,127,0.0252685546875,0.0005087209302325582,0.02475983375726744
RF,3,0.5,1.0,crp_dataset_8_1_2.csv|crp_dataset_8_1_8.csv|crp_dataset_8_1_6.csv,crp_dataset_8_1_4.csv,0.7094444444444444,0.991803278680395,0.9236641221303538,121,1,10,124,0.023046875,0.0004098360655737705,0.022637038934426233
RF,3,0.5,1.0,crp_dataset_8_1_2.csv|crp_dataset_8_1_8.csv|crp_dataset_8_1_4.csv,crp_dataset_8_1_7.csv,0.7633333333333333,0.9999999999954546,0.9999999999954546,220,0,0,36,0.0095703125,0.00034090909090909094,0.00922940340909091
RF,3,0.5,1.0,crp_dataset_8_1_2.csv|crp_dataset_8_1_8.csv|crp_dataset_8_1_4.csv,crp_dataset_8_1_5.csv,0.7633333333333333,0.9999999999871795,0.7799999999921999,78,0,22,156,0.039282226562499994,0.0014423076923076924,0.0378399188701923
RF,3,0.5,1.0,crp_dataset_8_1_2.csv|crp_dataset_8_1_8.csv|crp_dataset_8_1_4.csv,crp_dataset_8_1_3.csv,0.7633333333333333,0.9999999999910714,0.6473988439268937,112,0,61,83,0.0196044921875,0.0,0.0196044921875
RF,3,0.5,1.0,crp_dataset_8_1_2.csv|crp_dataset_8_1_8.csv|crp_dataset_8_1_4.csv,crp_dataset_8_1_1.csv,0.7633333333333333,0.999999999984127,0.49999999999603173,63,0,63,130,0.0252685546875,9.92063492063492e-05,0.02516934833829365
RF,3,0.5,1.0,crp_dataset_8_1_2.csv|crp_dataset_8_1_8.csv|crp_dataset_8_1_4.csv,crp_dataset_8_1_6.csv,0.7633333333333333,0.9999999999875,0.5714285714244899,80,0,60,116,0.026928710937499996,7.8125e-05,0.026850585937499998
RF,3,0.5,1.0,crp_dataset_8_1_2.csv|crp_dataset_8_1_6.csv|crp_dataset_8_1_4.csv,crp_dataset_8_1_7.csv,0.7566666666666667,0.9999999999954546,0.9999999999954546,220,0,0,36,0.0095703125,0.00034090909090909094,0.00922940340909091
RF,3,0.5,1.0,crp_dataset_8_1_2.csv|crp_dataset_8_1_6.csv|crp_dataset_8_1_4.csv,crp_dataset_8_1_5.csv,0.7566666666666667,0.9999999999870129,0.7699999999923,77,0,23,156,0.039282226562499994,0.0013798701298701301,0.03790235643262987
RF,3,0.5,1.0,crp_dataset_8_1_2.csv|crp_dataset_8_1_6.csv|crp_dataset_8_1_4.csv,crp_dataset_8_1_3.csv,0.7566666666666667,0.9999999999918698,0.7109826589554279,123,0,50,83,0.0196044921875,0.0,0.0196044921875
RF,3,0.5,1.0,crp_dataset_8_1_2.csv|crp_dataset_8_1_6.csv|crp_dataset_8_1_4.csv,crp_dataset_8_1_1.csv,0.7566666666666667,0.9999999999833334,0.4761904761866969,60,0,66,130,0.0252685546875,0.00010416666666666667,0.025164388020833334
RF,3,0.5,1.0,crp_dataset_8_1_2.csv|crp_dataset_8_1_6.csv|crp_dataset_8_1_4.csv,crp_dataset_8_1_8.csv,0.7566666666666667,0.9615384615261341,0.543478260865627,75,3,63,115,0.0283203125,0.003205128205128205,0.025115184294871796
RF,3,0.5,1.0,crp_dataset_8_1_7.csv|crp_dataset_8_1_5.csv|crp_dataset_8_1_3.csv,crp_dataset_8_1_2.csv,0.76,0.9915254237204107,0.9831932773026623,117,1,2,136,0.039453125,0.0016949152542372883,0.03775820974576271
RF,3,0.5,1.0,crp_dataset_8_1_7.csv|crp_dataset_8_1_5.csv|crp_dataset_8_1_3.csv,crp_dataset_8_1_1.csv,0.76,0.9999999999843749,0.5079365079324767,64,0,62,130,0.0252685546875,9.765625e-05,0.0251708984375
RF,3,0.5,1.0,crp_dataset_8_1_7.csv|crp_dataset_8_1_5.csv|crp_dataset_8_1_3.csv,crp_dataset_8_1_8.csv,0.76,0.985074626850969,0.4782608695617518,66,1,72,117,0.0283203125,0.003078358208955224,0.025241954291044776
RF,3,0.5,1.0,crp_dataset_8_1_7.csv|crp_dataset_8_1_5.csv|crp_dataset_8_1_3.csv,crp_dataset_8_1_6.csv,0.76,0.7714285714241633,0.9642857142788266,135,40,5,76,0.026928710937499996,0.010642857142857141,0.016285853794642854
RF,3,0.5,1.0,crp_dataset_8_1_7.csv|crp_dataset_8_1_5.csv|crp_dataset_8_1_3.csv,crp_dataset_8_1_4.csv,0.76,0.999999999990909,0.8396946564821398,110,0,21,125,0.023046875,0.0002840909090909091,0.022762784090909094
RF,3,0.5,1.0,crp_dataset_8_1_7.csv|crp_dataset_8_1_5.csv|crp_dataset_8_1_1.csv,crp_dataset_8_1_2.csv,0.7966666666666666,0.9425287356213502,0.6890756302463102,82,5,37,132,0.039453125,0.0020114942528735636,0.037441630747126434
RF,3,0.5,1.0,crp_dataset_8_1_7.csv|crp_dataset_8_1_5.csv|crp_dataset_8_1_1.csv,crp_dataset_8_1_3.csv,0.7966666666666666,0.9831932773026623,0.6763005780307729,117,2,56,81,0.0196044921875,0.0002626050420168067,0.019341887145483194
RF,3,0.5,1.0,crp_dataset_8_1_7.csv|crp_dataset_8_1_5.csv|crp_dataset_8_1_1.csv,crp_dataset_8_1_8.csv,0.7966666666666666,0.9687499999848632,0.449275362315585,62,2,76,116,0.0283203125,0.0032226562500000003,0.02509765625
RF,3,0.5,1.0,crp_dataset_8_1_7.csv|crp_dataset_8_1_5.csv|crp_dataset_8_1_1.csv,crp_dataset_8_1_6.csv,0.7966666666666666,0.9999999999888889,0.642857142852551,90,0,50,116,0.026928710937499996,6.944444444444444e-05,0.02685926649305555
RF,3,0.5,1.0,crp_dataset_8_1_7.csv|crp_dataset_8_1_5.csv|crp_dataset_8_1_1.csv,crp_dataset_8_1_4.csv,0.7966666666666666,0.999999999990909,0.8396946564821398,110,0,21,125,0.023046875,0.0002840909090909091,0.022762784090909094
RF,3,0.5,1.0,crp_dataset_8_1_7.csv|crp_dataset_8_1_5.csv|crp_dataset_8_1_8.csv,crp_dataset_8_1_2.csv,0.6266666666666667,0.9423076922986316,0.8235294117577855,98,6,21,131,0.039453125,0.002043269230769231,0.03740985576923077
RF,3,0.5,1.0,crp_dataset_8_1_7.csv|crp_dataset_8_1_5.csv|crp_dataset_8_1_8.csv,crp_dataset_8_1_3.csv,0.6266666666666667,0.9824561403422591,0.6473988439268937,112,2,61,81,0.0196044921875,0.0002192982456140351,0.019385193941885964
RF,3,0.5,1.0,crp_dataset_8_1_7.csv|crp_dataset_8_1_5.csv|crp_dataset_8_1_8.csv,crp_dataset_8_1_1.csv,0.6266666666666667,0.9183673469294044,0.7142857142800453,90,8,36,122,0.0252685546875,0.002806122448979592,0.02246243223852041
RF,3,0.5,1.0,crp_dataset_8_1_7.csv|crp_dataset_8_1_5.csv|crp_dataset_8_1_8.csv,crp_dataset_8_1_6.csv,0.6266666666666667,0.9999999999868421,0.5428571428532654,76,0,64,116,0.026928710937499996,8.223684210526316e-05,0.026846474095394732
RF,3,0.5,1.0,crp_dataset_8_1_7.csv|crp_dataset_8_1_5.csv|crp_dataset_8_1_8.csv,crp_dataset_8_1_4.csv,0.6266666666666667,0.991869918691123,0.931297709916555,122,1,9,124,0.023046875,0.0013211382113821142,0.02172573678861789
RF,3,0.5,1.0,crp_dataset_8_1_7.csv|crp_dataset_8_1_5.csv|crp_dataset_8_1_6.csv,crp_dataset_8_1_2.csv,0.6033333333333334,0.9596774193470994,0.9999999999915966,119,5,0,132,0.039453125,0.001965725806451613,0.03748739919354838
RF,3,0.5,1.0,crp_dataset_8_1_7.csv|crp_dataset_8_1_5.csv|crp_dataset_8_1_6.csv,crp_dataset_8_1_3.csv,0.6033333333333334,0.9841269841191735,0.7167630057762038,124,2,49,81,0.0196044921875,0.0001984126984126984,0.0194060794890873
RF,3,0.5,1.0,crp_dataset_8_1_7.csv|crp_dataset_8_1_5.csv|crp_dataset_8_1_6.csv,crp_dataset_8_1_1.csv,0.6033333333333334,0.9210526315668283,0.5555555555511463,70,6,56,124,0.0252685546875,0.001151315789473684,0.024117238898026316
RF,3,0.5,1.0,crp_dataset_8_1_7.csv|crp_dataset_8_1_5.csv|crp_dataset_8_1_6.csv,crp_dataset_8_1_8.csv,0.6033333333333334,0.8913043478163988,0.5942028985464188,82,10,56,108,0.0283203125,0.0042119565217391295,0.02410835597826087
RF,3,0.5,1.0,crp_dataset_8_1_7.csv|crp_dataset_8_1_5.csv|crp_dataset_8_1_6.csv,crp_dataset_8_1_4.csv,0.6033333333333334,0.984251968496187,0.9541984732751588,125,2,6,123,0.023046875,0.0004921259842519685,0.022554749015748034
RF,3,0.5,1.0,crp_dataset_8_1_7.csv|crp_dataset_8_1_5.csv|crp_dataset_8_1_4.csv,crp_dataset_8_1_2.csv,0.7333333333333333,0.9425287356213502,0.6890756302463102,82,5,37,132,0.039453125,0.0020114942528735636,0.037441630747126434
RF,3,0.5,1.0,crp_dataset_8_1_7.csv|crp_dataset_8_1_5.csv|crp_dataset_8_1_4.csv,crp_dataset_8_1_3.csv,0.7333333333333333,0.9824561403422591,0.6473988439268937,112,2,61,81,0.0196044921875,0.0002192982456140351,0.019385193941885964
RF,3,0.5,1.0,crp_dataset_8_1_7.csv|crp_dataset_8_1_5.csv|crp_dataset_8_1_4.csv,crp_dataset_8_1_1.csv,0.7333333333333333,0.9999999999843749,0.5079365079324767,64,0,62,130,0.0252685546875,9.765625e-05,0.0251708984375
RF,3,0.5,1.0,crp_dataset_8_1_7.csv|crp_dataset_8_1_5.csv|crp_dataset_8_1_4.csv,crp_dataset_8_1_8.csv,0.7333333333333333,0.9740259740133242,0.543478260865627,75,2,63,116,0.0283203125,0.0031655844155844153,0.025154728084415583
RF,3,0.5,1.0,crp_dataset_8_1_7.csv|crp_dataset_8_1_5.csv|crp_dataset_8_1_4.csv,crp_dataset_8_1_6.csv,0.7333333333333333,0.9999999999878049,0.5857142857101021,82,0,58,116,0.026928710937499996,7.621951219512195e-05,0.026852491425304874
RF,3,0.5,1.0,crp_dataset_8_1_7.csv|crp_dataset_8_1_3.csv|crp_dataset_8_1_1.csv,crp_dataset_8_1_2.csv,0.79,0.9999999999878049,0.6890756302463102,82,0,37,137,0.039453125,0.0013719512195121953,0.0380811737804878
RF,3,0.5,1.0,crp_dataset_8_1_7.csv|crp_dataset_8_1_3.csv|crp_dataset_8_1_1.csv,crp_dataset_8_1_5.csv,0.79,0.9999999999870129,0.7699999999923,77,0,23,156,0.039282226562499994,0.0013798701298701301,0.03790235643262987
RF,3,0.5,1.0,crp_dataset_8_1_7.csv|crp_dataset_8_1_3.csv|crp_dataset_8_1_1.csv,crp_dataset_8_1_8.csv,0.79,0.9999999999885058,0.6304347826041273,87,0,51,118,0.0283203125,0.0020833333333333337,0.026236979166666667
RF,3,0.5,1.0,crp_dataset_8_1_7.csv|crp_dataset_8_1_3.csv|crp_dataset_8_1_1.csv,crp_dataset_8_1_6.csv,0.79,0.7670454545410964,0.9642857142788266,135,41,5,75,0.026928710937499996,0.011079545454545455,0.015849165482954543
RF,3,0.5,1.0,crp_dataset_8_1_7.csv|crp_dataset_8_1_3.csv|crp_dataset_8_1_1.csv,crp_dataset_8_1_4.csv,0.79,0.9999999999907407,0.8244274809097373,108,0,23,125,0.023046875,5.787037037037037e-05,0.02298900462962963
RF,3,0.5,1.0,crp_dataset_8_1_7.csv|crp_dataset_8_1_3.csv|crp_dataset_8_1_8.csv,crp_dataset_8_1_2.csv,0.7366666666666667,0.9999999999878049,0.6890756302463102,82,0,37,137,0.039453125,0.0013719512195121953,0.0380811737804878
RF,3,0.5,1.0,crp_dataset_8_1_7.csv|crp_dataset_8_1_3.csv|crp_dataset_8_1_8.csv,crp_dataset_8_1_5.csv,0.7366666666666667,0.9999999999870129,0.7699999999923,77,0,23,156,0.039282226562499994,0.0013798701298701301,0.03790235643262987
RF,3,0.5,1.0,crp_dataset_8_1_7.csv|crp_dataset_8_1_3.csv|crp_dataset_8_1_8.csv,crp_dataset_8_1_1.csv,0.7366666666666667,0.9999999999880952,0.6666666666613756,84,0,42,130,0.0252685546875,0.00014880952380952382,0.025119745163690477
RF,3,0.5,1.0,crp_dataset_8_1_7.csv|crp_dataset_8_1_3.csv|crp_dataset_8_1_8.csv,crp_dataset_8_1_6.csv,0.7366666666666667,0.6881188118777817,0.9928571428500511,139,63,1,53,0.026928710937499996,0.01547029702970297,0.011458413907797026
RF,3,0.5,1.0,crp_dataset_8_1_7.csv|crp_dataset_8_1_3.csv|crp_dataset_8_1_8.csv,crp_dataset_8_1_4.csv,0.7366666666666667,0.999999999990909,0.8396946564821398,110,0,21,125,0.023046875,0.0002840909090909091,0.022762784090909094
RF,3,0.5,1.0,crp_dataset_8_1_7.csv|crp_dataset_8_1_3.csv|crp_dataset_8_1_6.csv,crp_dataset_8_1_2.csv,0.64,0.9425287356213502,0.6890756302463102,82,5,37,132,0.039453125,0.0020114942528735636,0.037441630747126434
RF,3,0.5,1.0,crp_dataset_8_1_7.csv|crp_dataset_8_1_3.csv|crp_dataset_8_1_6.csv,crp_dataset_8_1_5.csv,0.64,0.987654320975461,0.799999999992,80,1,20,155,0.039282226562499994,0.0015432098765432098,0.037739016685956785
RF,3,0.5,1.0,crp_dataset_8_1_7.csv|crp_dataset_8_1_3.csv|crp_dataset_8_1_6.csv,crp_dataset_8_1_1.csv,0.64,0.9519230769139237,0.7857142857080499,99,5,27,125,0.0252685546875,0.0009615384615384616,0.02430701622596154
RF,3,0.5,1.0,crp_dataset_8_1_7.csv|crp_dataset_8_1_3.csv|crp_dataset_8_1_6.csv,crp_dataset_8_1_8.csv,0.64,0.9052631578852077,0.6231884057925856,86,9,52,109,0.0283203125,0.0036842105263157885,0.02463610197368421
RF,3,0.5,1.0,crp_dataset_8_1_7.csv|crp_dataset_8_1_3.csv|crp_dataset_8_1_6.csv,crp_dataset_8_1_4.csv,0.64,0.974789915958195,0.8854961831993474,116,3,15,122,0.023046875,0.0006302521008403363,0.022416622899159664
RF,3,0.5,1.0,crp_dataset_8_1_7.csv|crp_dataset_8_1_3.csv|crp_dataset_8_1_4.csv,crp_dataset_8_1_2.csv,0.870701754385965,0.9999999999878049,0.6890756302463102,82,0,37,137,0.039453125,0.0013719512195121953,0.0380811737804878
RF,3,0.5,1.0,crp_dataset_8_1_7.csv|crp_dataset_8_1_3.csv|crp_dataset_8_1_4.csv,crp_dataset_8_1_5.csv,0.870701754385965,0.9999999999870129,0.7699999999923,77,0,23,156,0.039282226562499994,0.0013798701298701301,0.03790235643262987
RF,3,0.5,1.0,crp_dataset_8_1_7.csv|crp_dataset_8_1_3.csv|crp_dataset_8_1_4.csv,crp_dataset_8_1_1.csv,0.870701754385965,0.9999999999833334,0.4761904761866969,60,0,66,130,0.0252685546875,0.00010416666666666667,0.025164388020833334
RF,3,0.5,1.0,crp_dataset_8_1_7.csv|crp_dataset_8_1_3.csv|crp_dataset_8_1_4.csv,crp_dataset_8_1_8.csv,0.870701754385965,0.9999999999836067,0.4420289855040433,61,0,77,118,0.0283203125,0.0029713114754098364,0.025349001024590163
RF,3,0.5,1.0,crp_dataset_8_1_7.csv|crp_dataset_8_1_3.csv|crp_dataset_8_1_4.csv,crp_dataset_8_1_6.csv,0.870701754385965,0.9894736842001107,0.6714285714237755,94,1,46,115,0.026928710937499996,0.0002631578947368421,0.026665553042763152
RF,3,0.5,1.0,crp_dataset_8_1_7.csv|crp_dataset_8_1_1.csv|crp_dataset_8_1_8.csv,crp_dataset_8_1_2.csv,0.8966666666666666,0.9999999999836067,0.5126050420124991,61,0,58,137,0.039453125,0.0012295081967213116,0.03822361680327869
RF,3,0.5,1.0,crp_dataset_8_1_7.csv|crp_dataset_8_1_1.csv|crp_dataset_8_1_8.csv,crp_dataset_8_1_5.csv,0.8966666666666666,0.999999999984127,0.6299999999936999,63,0,37,156,0.039282226562499994,0.0013888888888888887,0.037893337673611104
RF,3,0.5,1.0,crp_dataset_8_1_7.csv|crp_dataset_8_1_1.csv|crp_dataset_8_1_8.csv,crp_dataset_8_1_3.csv,0.8966666666666666,0.9827586206811831,0.6589595375684454,114,2,59,81,0.0196044921875,0.00021551724137931037,0.01938897494612069
RF,3,0.5,1.0,crp_dataset_8_1_7.csv|crp_dataset_8_1_1.csv|crp_dataset_8_1_8.csv,crp_dataset_8_1_6.csv,0.8966666666666666,0.9999999999756098,0.29285714285505104,41,0,99,116,0.026928710937499996,0.0,0.026928710937499996
RF,3,0.5,1.0,crp_dataset_8_1_7.csv|crp_dataset_8_1_1.csv|crp_dataset_8_1_8.csv,crp_dataset_8_1_4.csv,0.8966666666666666,0.999999999990909,0.8396946564821398,110,0,21,125,0.023046875,0.0002840909090909091,0.022762784090909094
RF,3,0.5,1.0,crp_dataset_8_1_7.csv|crp_dataset_8_1_1.csv|crp_dataset_8_1_6.csv,crp_dataset_8_1_2.csv,0.7033333333333334,0.9425287356213502,0.6890756302463102,82,5,37,132,0.039453125,0.0020114942528735636,0.037441630747126434
RF,3,0.5,1.0,crp_dataset_8_1_7.csv|crp_dataset_8_1_1.csv|crp_dataset_8_1_6.csv,crp_dataset_8_1_5.csv,0.7033333333333334,0.9999999999870129,0.7699999999923,77,0,23,156,0.039282226562499994,0.0013798701298701301,0.03790235643262987
RF,3,0.5,1.0,crp_dataset_8_1_7.csv|crp_dataset_8_1_1.csv|crp_dataset_8_1_6.csv,crp_dataset_8_1_3.csv,0.7033333333333334,0.9831932773026623,0.6763005780307729,117,2,56,81,0.0196044921875,0.0002100840336134454,0.019394408153886555
RF,3,0.5,1.0,crp_dataset_8_1_7.csv|crp_dataset_8_1_1.csv|crp_dataset_8_1_6.csv,crp_dataset_8_1_8.csv,0.7033333333333334,0.9746835442914596,0.5579710144887104,77,2,61,116,0.0283203125,0.0027689873417721523,0.025551325158227847
RF,3,0.5,1.0,crp_dataset_8_1_7.csv|crp_dataset_8_1_1.csv|crp_dataset_8_1_6.csv,crp_dataset_8_1_4.csv,0.7033333333333334,0.999999999990991,0.8473282442683411,111,0,20,125,0.023046875,0.00028153153153153153,0.02276534346846847
RF,3,0.5,1.0,crp_dataset_8_1_7.csv|crp_dataset_8_1_1.csv|crp_dataset_8_1_4.csv,crp_dataset_8_1_2.csv,0.6037777777777777,0.9318181818075929,0.6890756302463102,82,6,37,131,0.039453125,0.0027698863636363637,0.036683238636363635
RF,3,0.5,1.0,crp_dataset_8_1_7.csv|crp_dataset_8_1_1.csv|crp_dataset_8_1_4.csv,crp_dataset_8_1_5.csv,0.6037777777777777,0.919540229874488,0.799999999992,80,7,20,149,0.039282226562499994,0.003376436781609195,0.0359057897808908
RF,3,0.5,1.0,crp_dataset_8_1_7.csv|crp_dataset_8_1_1.csv|crp_dataset_8_1_4.csv,crp_dataset_8_1_3.csv,0.6037777777777777,0.9854014598468219,0.7803468208047379,135,2,38,81,0.0196044921875,0.0003193430656934307,0.01928514912180657
RF,3,0.5,1.0,crp_dataset_8_1_7.csv|crp_dataset_8_1_1.csv|crp_dataset_8_1_4.csv,crp_dataset_8_1_8.csv,0.6037777777777777,0.8848920863245692,0.8913043478196283,123,16,15,102,0.0283203125,0.00485611510791367,0.02346419739208633
RF,3,0.5,1.0,crp_dataset_8_1_7.csv|crp_dataset_8_1_1.csv|crp_dataset_8_1_4.csv,crp_dataset_8_1_6.csv,0.6037777777777777,0.723926380363657,0.8428571428511226,118,45,22,71,0.026928710937499996,0.01736963190184049,0.009559079035659505
RF,3,0.5,1.0,crp_dataset_8_1_7.csv|crp_dataset_8_1_8.csv|crp_dataset_8_1_6.csv,crp_dataset_8_1_2.csv,0.65,0.9318181818075929,0.6890756302463102,82,6,37,131,0.039453125,0.0027698863636363637,0.036683238636363635
RF,3,0.5,1.0,crp_dataset_8_1_7.csv|crp_dataset_8_1_8.csv|crp_dataset_8_1_6.csv,crp_dataset_8_1_5.csv,0.65,0.987654320975461,0.799999999992,80,1,20,155,0.039282226562499994,0.0018518518518518521,0.03743037471064814
RF,3,0.5,1.0,crp_dataset_8_1_7.csv|crp_dataset_8_1_8.csv|crp_dataset_8_1_6.csv,crp_dataset_8_1_3.csv,0.65,0.9841269841191735,0.7167630057762038,124,2,49,81,0.0196044921875,0.0001984126984126984,0.0194060794890873
RF,3,0.5,1.0,crp_dataset_8_1_7.csv|crp_dataset_8_1_8.csv|crp_dataset_8_1_6.csv,crp_dataset_8_1_1.csv,0.65,0.999999999984127,0.49999999999603173,63,0,63,130,0.0252685546875,9.92063492063492e-05,0.02516934833829365
RF,3,0.5,1.0,crp_dataset_8_1_7.csv|crp_dataset_8_1_8.csv|crp_dataset_8_1_6.csv,crp_dataset_8_1_4.csv,0.65,0.999999999991453,0.8931297709855487,117,0,14,125,0.023046875,0.0002670940170940171,0.022779780982905985
RF,3,0.5,1.0,crp_dataset_8_1_7.csv|crp_dataset_8_1_8.csv|crp_dataset_8_1_4.csv,crp_dataset_8_1_2.csv,0.7166666666666667,0.9318181818075929,0.6890756302463102,82,6,37,131,0.039453125,0.004616477272727273,0.034836647727272727
RF,3,0.5,1.0,crp_dataset_8_1_7.csv|crp_dataset_8_1_8.csv|crp_dataset_8_1_4.csv,crp_dataset_8_1_5.csv,0.7166666666666667,0.9756097560856632,0.799999999992,80,2,20,154,0.039282226562499994,0.0021341463414634144,0.03714808022103658
RF,3,0.5,1.0,crp_dataset_8_1_7.csv|crp_dataset_8_1_8.csv|crp_dataset_8_1_4.csv,crp_dataset_8_1_3.csv,0.7166666666666667,0.9826086956436294,0.6531791907476695,113,2,60,81,0.0196044921875,0.0002173913043478261,0.019387100883152174
RF,3,0.5,1.0,crp_dataset_8_1_7.csv|crp_dataset_8_1_8.csv|crp_dataset_8_1_4.csv,crp_dataset_8_1_1.csv,0.7166666666666667,0.9999999999843749,0.5079365079324767,64,0,62,130,0.0252685546875,9.765625e-05,0.0251708984375
RF,3,0.5,1.0,crp_dataset_8_1_7.csv|crp_dataset_8_1_8.csv|crp_dataset_8_1_4.csv,crp_dataset_8_1_6.csv,0.7166666666666667,0.9999999999871795,0.5571428571388776,78,0,62,116,0.026928710937499996,8.012820512820513e-05,0.02684858273237179
RF,3,0.5,1.0,crp_dataset_8_1_7.csv|crp_dataset_8_1_6.csv|crp_dataset_8_1_4.csv,crp_dataset_8_1_2.csv,0.6266666666666667,0.9425287356213502,0.6890756302463102,82,5,37,132,0.039453125,0.0020114942528735636,0.037441630747126434
RF,3,0.5,1.0,crp_dataset_8_1_7.csv|crp_dataset_8_1_6.csv|crp_dataset_8_1_4.csv,crp_dataset_8_1_5.csv,0.6266666666666667,0.987654320975461,0.799999999992,80,1,20,155,0.039282226562499994,0.0015432098765432098,0.037739016685956785
RF,3,0.5,1.0,crp_dataset_8_1_7.csv|crp_dataset_8_1_6.csv|crp_dataset_8_1_4.csv,crp_dataset_8_1_3.csv,0.6266666666666667,0.984251968496187,0.7225433525969795,125,2,48,81,0.0196044921875,0.00019685039370078743,0.01940764179379921
RF,3,0.5,1.0,crp_dataset_8_1_7.csv|crp_dataset_8_1_6.csv|crp_dataset_8_1_4.csv,crp_dataset_8_1_1.csv,0.6266666666666667,0.985074626850969,0.5238095238053666,66,1,60,129,0.0252685546875,0.00027985074626865673,0.024988703941231344
RF,3,0.5,1.0,crp_dataset_8_1_7.csv|crp_dataset_8_1_6.csv|crp_dataset_8_1_4.csv,crp_dataset_8_1_8.csv,0.6266666666666667,0.929411764694948,0.5724637681117938,79,6,59,112,0.0283203125,0.003455882352941176,0.024864430147058823
RF,3,0.5,1.0,crp_dataset_8_1_5.csv|crp_dataset_8_1_3.csv|crp_dataset_8_1_1.csv,crp_dataset_8_1_2.csv,0.6278076923076923,0.9909909909820631,0.9243697478913918,110,1,9,136,0.039453125,0.0015765765765765767,0.037876548423423424
RF,3,0.5,1.0,crp_dataset_8_1_5.csv|crp_dataset_8_1_3.csv|crp_dataset_8_1_1.csv,crp_dataset_8_1_7.csv,0.6278076923076923,0.9999999999954546,0.9999999999954546,220,0,0,36,0.0095703125,0.00034090909090909094,0.00922940340909091
RF,3,0.5,1.0,crp_dataset_8_1_5.csv|crp_dataset_8_1_3.csv|crp_dataset_8_1_1.csv,crp_dataset_8_1_8.csv,0.6278076923076923,0.9999999999888889,0.6521739130387524,90,0,48,118,0.0283203125,0.002361111111111111,0.025959201388888888
RF,3,0.5,1.0,crp_dataset_8_1_5.csv|crp_dataset_8_1_3.csv|crp_dataset_8_1_1.csv,crp_dataset_8_1_6.csv,0.6278076923076923,0.6732673267293403,0.9714285714216327,136,66,4,50,0.026928710937499996,0.01896658415841584,0.007962126779084155
RF,3,0.5,1.0,crp_dataset_8_1_5.csv|crp_dataset_8_1_3.csv|crp_dataset_8_1_1.csv,crp_dataset_8_1_4.csv,0.6278076923076923,0.9920634920556185,0.9541984732751588,125,1,6,124,0.023046875,0.0003968253968253968,0.022650049603174606
RF,3,0.5,1.0,crp_dataset_8_1_5.csv|crp_dataset_8_1_3.csv|crp_dataset_8_1_8.csv,crp_dataset_8_1_2.csv,0.8460000000000001,0.9425287356213502,0.6890756302463102,82,5,37,132,0.039453125,0.0020114942528735636,0.037441630747126434
RF,3,0.5,1.0,crp_dataset_8_1_5.csv|crp_dataset_8_1_3.csv|crp_dataset_8_1_8.csv,crp_dataset_8_1_7.csv,0.8460000000000001,0.9999999999954546,0.9999999999954546,220,0,0,36,0.0095703125,0.00034090909090909094,0.00922940340909091
RF,3,0.5,1.0,crp_dataset_8_1_5.csv|crp_dataset_8_1_3.csv|crp_dataset_8_1_8.csv,crp_dataset_8_1_1.csv,0.8460000000000001,0.9999999999852941,0.5396825396782565,68,0,58,130,0.0252685546875,9.191176470588235e-05,0.025176642922794118
RF,3,0.5,1.0,crp_dataset_8_1_5.csv|crp_dataset_8_1_3.csv|crp_dataset_8_1_8.csv,crp_dataset_8_1_6.csv,0.8460000000000001,0.952380952371882,0.7142857142806123,100,5,40,111,0.026928710937499996,0.0026190476190476194,0.024309663318452378
RF,3,0.5,1.0,crp_dataset_8_1_5.csv|crp_dataset_8_1_3.csv|crp_dataset_8_1_8.csv,crp_dataset_8_1_4.csv,0.8460000000000001,0.999999999990909,0.8396946564821398,110,0,21,125,0.023046875,0.0002840909090909091,0.022762784090909094
RF,3,0.5,1.0,crp_dataset_8_1_5.csv|crp_dataset_8_1_3.csv|crp_dataset_8_1_6.csv,crp_dataset_8_1_2.csv,0.65,0.9296874999927369,0.9999999999915966,119,9,0,128,0.039453125,0.002587890625,0.036865234375
RF,3,0.5,1.0,crp_dataset_8_1_5.csv|crp_dataset_8_1_3.csv|crp_dataset_8_1_6.csv,crp_dataset_8_1_7.csv,0.65,0.9999999999954546,0.9999999999954546,220,0,0,36,0.0095703125,0.00034090909090909094,0.00922940340909091
RF,3,0.5,1.0,crp_dataset_8_1_5.csv|crp_dataset_8_1_3.csv|crp_dataset_8_1_6.csv,crp_dataset_8_1_1.csv,0.65,0.9268292682813801,0.6031746031698161,76,6,50,124,0.0252685546875,0.0010670731707317074,0.024201481516768292
RF,3,0.5,1.0,crp_dataset_8_1_5.csv|crp_dataset_8_1_3.csv|crp_dataset_8_1_6.csv,crp_dataset_8_1_8.csv,0.65,0.9120879120778891,0.6014492753579606,83,8,55,110,0.0283203125,0.003846153846153846,0.024474158653846154
RF,3,0.5,1.0,crp_dataset_8_1_5.csv|crp_dataset_8_1_3.csv|crp_dataset_8_1_6.csv,crp_dataset_8_1_4.csv,0.65,0.9765624999923707,0.9541984732751588,125,3,6,122,0.023046875,0.000634765625,0.022412109375000003
RF,3,0.5,1.0,crp_dataset_8_1_5.csv|crp_dataset_8_1_3.csv|crp_dataset_8_1_4.csv,crp_dataset_8_1_2.csv,0.6437037037037037,0.999999999991453,0.9831932773026623,117,0,2,137,0.039453125,0.0014957264957264958,0.0379573985042735
RF,3,0.5,1.0,crp_dataset_8_1_5.csv|crp_dataset_8_1_3.csv|crp_dataset_8_1_4.csv,crp_dataset_8_1_7.csv,0.6437037037037037,0.9999999999954546,0.9999999999954546,220,0,0,36,0.0095703125,0.00034090909090909094,0.00922940340909091
RF,3,0.5,1.0,crp_dataset_8_1_5.csv|crp_dataset_8_1_3.csv|crp_dataset_8_1_4.csv,crp_dataset_8_1_1.csv,0.6437037037037037,0.9999999999846153,0.5158730158689216,65,0,61,130,0.0252685546875,9.615384615384615e-05,0.025172400841346153
RF,3,0.5,1.0,crp_dataset_8_1_5.csv|crp_dataset_8_1_3.csv|crp_dataset_8_1_4.csv,crp_dataset_8_1_8.csv,0.6437037037037037,0.9493670885955776,0.543478260865627,75,4,63,114,0.0283203125,0.003401898734177215,0.024918413765822784
RF,3,0.5,1.0,crp_dataset_8_1_5.csv|crp_dataset_8_1_3.csv|crp_dataset_8_1_4.csv,crp_dataset_8_1_6.csv,0.6437037037037037,0.5668016194309037,0.9999999999928573,140,107,0,9,0.026928710937499996,0.026214574898785422,0.0007141360387145738
RF,3,0.5,1.0,crp_dataset_8_1_5.csv|crp_dataset_8_1_1.csv|crp_dataset_8_1_8.csv,crp_dataset_8_1_2.csv,0.6541666666666667,0.9450549450445598,0.7226890756241791,86,5,33,132,0.039453125,0.002060439560439561,0.03739268543956044
RF,3,0.5,1.0,crp_dataset_8_1_5.csv|crp_dataset_8_1_1.csv|crp_dataset_8_1_8.csv,crp_dataset_8_1_7.csv,0.6541666666666667,0.9999999999954546,0.9999999999954546,220,0,0,36,0.0095703125,0.00034090909090909094,0.00922940340909091
RF,3,0.5,1.0,crp_dataset_8_1_5.csv|crp_dataset_8_1_1.csv|crp_dataset_8_1_8.csv,crp_dataset_8_1_3.csv,0.6541666666666667,0.979166666659867,0.8150289017293929,141,3,32,80,0.0196044921875,0.0007812500000000002,0.0188232421875
RF,3,0.5,1.0,crp_dataset_8_1_5.csv|crp_dataset_8_1_1.csv|crp_dataset_8_1_8.csv,crp_dataset_8_1_6.csv,0.6541666666666667,0.8625954198407436,0.8071428571370919,113,18,27,98,0.026928710937499996,0.007061068702290077,0.01986764223520992
RF,3,0.5,1.0,crp_dataset_8_1_5.csv|crp_dataset_8_1_1.csv|crp_dataset_8_1_8.csv,crp_dataset_8_1_4.csv,0.6541666666666667,0.9999999999911504,0.8625954198407436,113,0,18,125,0.023046875,0.00033185840707964607,0.022715016592920356
RF,3,0.5,1.0,crp_dataset_8_1_5.csv|crp_dataset_8_1_1.csv|crp_dataset_8_1_6.csv,crp_dataset_8_1_2.csv,0.63,0.9479166666567925,0.764705882346515,91,5,28,132,0.039453125,0.0018880208333333333,0.03756510416666667
RF,3,0.5,1.0,crp_dataset_8_1_5.csv|crp_dataset_8_1_1.csv|crp_dataset_8_1_6.csv,crp_dataset_8_1_7.csv,0.63,0.9999999999954546,0.9999999999954546,220,0,0,36,0.0095703125,0.00034090909090909094,0.00922940340909091
RF,3,0.5,1.0,crp_dataset_8_1_5.csv|crp_dataset_8_1_1.csv|crp_dataset_8_1_6.csv,crp_dataset_8_1_3.csv,0.63,0.9861111111042632,0.8208092485501688,142,2,31,81,0.0196044921875,0.00017361111111111112,0.01943088107638889
RF,3,0.5,1.0,crp_dataset_8_1_5.csv|crp_dataset_8_1_1.csv|crp_dataset_8_1_6.csv,crp_dataset_8_1_8.csv,0.63,0.9677419354734651,0.6521739130387524,90,3,48,115,0.0283203125,0.0024865591397849464,0.025833753360215053
RF,3,0.5,1.0,crp_dataset_8_1_5.csv|crp_dataset_8_1_1.csv|crp_dataset_8_1_6.csv,crp_dataset_8_1_4.csv,0.63,0.983999999992128,0.9389312977027563,123,2,8,123,0.023046875,0.0005,0.022546875
RF,3,0.5,1.0,crp_dataset_8_1_5.csv|crp_dataset_8_1_1.csv|crp_dataset_8_1_4.csv,crp_dataset_8_1_2.csv,0.6481481481481481,0.9462365591296104,0.7394957983131134,88,5,31,132,0.039453125,0.001881720430107527,0.03757140456989247
RF,3,0.5,1.0,crp_dataset_8_1_5.csv|crp_dataset_8_1_1.csv|crp_dataset_8_1_4.csv,crp_dataset_8_1_7.csv,0.6481481481481481,0.9999999999954546,0.9999999999954546,220,0,0,36,0.0095703125,0.00034090909090909094,0.00922940340909091
RF,3,0.5,1.0,crp_dataset_8_1_5.csv|crp_dataset_8_1_1.csv|crp_dataset_8_1_4.csv,crp_dataset_8_1_3.csv,0.6481481481481481,0.984496124023376,0.7341040462385312,127,2,46,81,0.0196044921875,0.0003391472868217055,0.019265344900678293
RF,3,0.5,1.0,crp_dataset_8_1_5.csv|crp_dataset_8_1_1.csv|crp_dataset_8_1_4.csv,crp_dataset_8_1_8.csv,0.6481481481481481,0.979166666656467,0.6811594202849192,94,2,44,116,0.0283203125,0.0025390625,0.02578125
RF,3,0.5,1.0,crp_dataset_8_1_5.csv|crp_dataset_8_1_1.csv|crp_dataset_8_1_4.csv,crp_dataset_8_1_6.csv,0.6481481481481481,0.719512195117564,0.8428571428511226,118,46,22,70,0.026928710937499996,0.01764481707317073,0.009283893864329266
RF,3,0.5,1.0,crp_dataset_8_1_5.csv|crp_dataset_8_1_8.csv|crp_dataset_8_1_6.csv,crp_dataset_8_1_2.csv,0.6569294871794873,0.9438202247084964,0.7058823529352447,84,5,35,132,0.039453125,0.0020365168539325843,0.03741660814606741
RF,3,0.5,1.0,crp_dataset_8_1_5.csv|crp_dataset_8_1_8.csv|crp_dataset_8_1_6.csv,crp_dataset_8_1_7.csv,0.6569294871794873,0.9999999999954546,0.9999999999954546,220,0,0,36,0.0095703125,0.00034090909090909094,0.00922940340909091
RF,3,0.5,1.0,crp_dataset_8_1_5.csv|crp_dataset_8_1_8.csv|crp_dataset_8_1_6.csv,crp_dataset_8_1_3.csv,0.6569294871794873,0.984251968496187,0.7225433525969795,125,2,48,81,0.0196044921875,0.00019685039370078743,0.01940764179379921
RF,3,0.5,1.0,crp_dataset_8_1_5.csv|crp_dataset_8_1_8.csv|crp_dataset_8_1_6.csv,crp_dataset_8_1_1.csv,0.6569294871794873,0.9555555555449382,0.6825396825342656,86,4,40,126,0.0252685546875,0.0006944444444444445,0.024574110243055555
RF,3,0.5,1.0,crp_dataset_8_1_5.csv|crp_dataset_8_1_8.csv|crp_dataset_8_1_6.csv,crp_dataset_8_1_4.csv,0.6569294871794873,0.9920634920556185,0.9541984732751588,125,1,6,124,0.023046875,0.00034722222222222224,0.02269965277777778
RF,3,0.5,1.0,crp_dataset_8_1_5.csv|crp_dataset_8_1_8.csv|crp_dataset_8_1_4.csv,crp_dataset_8_1_2.csv,0.62,0.9450549450445598,0.7226890756241791,86,5,33,132,0.039453125,0.0020604395604395605,0.03739268543956044
RF,3,0.5,1.0,crp_dataset_8_1_5.csv|crp_dataset_8_1_8.csv|crp_dataset_8_1_4.csv,crp_dataset_8_1_7.csv,0.62,0.9999999999954546,0.9999999999954546,220,0,0,36,0.0095703125,0.00034090909090909094,0.00922940340909091
RF,3,0.5,1.0,crp_dataset_8_1_5.csv|crp_dataset_8_1_8.csv|crp_dataset_8_1_4.csv,crp_dataset_8_1_3.csv,0.62,0.9841269841191735,0.7167630057762038,124,2,49,81,0.0196044921875,0.0001984126984126984,0.0194060794890873
RF,3,0.5,1.0,crp_dataset_8_1_5.csv|crp_dataset_8_1_8.csv|crp_dataset_8_1_4.csv,crp_dataset_8_1_1.csv,0.62,0.9999999999871795,0.619047619042706,78,0,48,130,0.0252685546875,8.012820512820513e-05,0.025188426482371795
RF,3,0.5,1.0,crp_dataset_8_1_5.csv|crp_dataset_8_1_8.csv|crp_dataset_8_1_4.csv,crp_dataset_8_1_6.csv,0.62,0.9999999999886363,0.6285714285669388,88,0,52,116,0.026928710937499996,0.00021306818181818186,0.026715642755681814
RF,3,0.5,1.0,crp_dataset_8_1_5.csv|crp_dataset_8_1_6.csv|crp_dataset_8_1_4.csv,crp_dataset_8_1_2.csv,0.6333333333333333,0.9532710280284741,0.8571428571356542,102,5,17,132,0.039453125,0.001927570093457944,0.03752555490654205
RF,3,0.5,1.0,crp_dataset_8_1_5.csv|crp_dataset_8_1_6.csv|crp_dataset_8_1_4.csv,crp_dataset_8_1_7.csv,0.6333333333333333,0.9999999999954546,0.9999999999954546,220,0,0,36,0.0095703125,0.00034090909090909094,0.00922940340909091
RF,3,0.5,1.0,crp_dataset_8_1_5.csv|crp_dataset_8_1_6.csv|crp_dataset_8_1_4.csv,crp_dataset_8_1_3.csv,0.6333333333333333,0.984496124023376,0.7341040462385312,127,2,46,81,0.0196044921875,0.0001937984496124031,0.019410693737887598
RF,3,0.5,1.0,crp_dataset_8_1_5.csv|crp_dataset_8_1_6.csv|crp_dataset_8_1_4.csv,crp_dataset_8_1_1.csv,0.6333333333333333,0.9583333333200231,0.5476190476147014,69,3,57,127,0.0252685546875,0.0006076388888888889,0.02466091579861111
RF,3,0.5,1.0,crp_dataset_8_1_5.csv|crp_dataset_8_1_6.csv|crp_dataset_8_1_4.csv,crp_dataset_8_1_8.csv,0.6333333333333333,0.9186046511521092,0.5724637681117938,79,7,59,111,0.0283203125,0.0036337209302325577,0.024686591569767442
RF,3,0.5,1.0,crp_dataset_8_1_3.csv|crp_dataset_8_1_1.csv|crp_dataset_8_1_8.csv,crp_dataset_8_1_2.csv,0.8410833333333333,0.9999999999878049,0.6890756302463102,82,0,37,137,0.039453125,0.0013719512195121953,0.0380811737804878
RF,3,0.5,1.0,crp_dataset_8_1_3.csv|crp_dataset_8_1_1.csv|crp_dataset_8_1_8.csv,crp_dataset_8_1_7.csv,0.8410833333333333,0.9999999999952154,0.9499999999956819,209,0,11,36,0.0095703125,0.00011961722488038278,0.009450695275119618
RF,3,0.5,1.0,crp_dataset_8_1_3.csv|crp_dataset_8_1_1.csv|crp_dataset_8_1_8.csv,crp_dataset_8_1_5.csv,0.8410833333333333,0.9999999999870129,0.7699999999923,77,0,23,156,0.039282226562499994,0.0013798701298701301,0.03790235643262987
RF,3,0.5,1.0,crp_dataset_8_1_3.csv|crp_dataset_8_1_1.csv|crp_dataset_8_1_8.csv,crp_dataset_8_1_6.csv,0.8410833333333333,0.9122807017463834,0.7428571428518368,104,10,36,106,0.026928710937499996,0.0044956140350877185,0.022433096902412276
RF,3,0.5,1.0,crp_dataset_8_1_3.csv|crp_dataset_8_1_1.csv|crp_dataset_8_1_8.csv,crp_dataset_8_1_4.csv,0.8410833333333333,0.999999999990909,0.8396946564821398,110,0,21,125,0.023046875,0.0002840909090909091,0.022762784090909094
RF,3,0.5,1.0,crp_dataset_8_1_3.csv|crp_dataset_8_1_1.csv|crp_dataset_8_1_6.csv,crp_dataset_8_1_2.csv,0.6390180451127819,0.9318181818075929,0.6890756302463102,82,6,37,131,0.039453125,0.002130681818181818,0.03732244318181818
RF,3,0.5,1.0,crp_dataset_8_1_3.csv|crp_dataset_8_1_1.csv|crp_dataset_8_1_6.csv,crp_dataset_8_1_7.csv,0.6390180451127819,0.9999999999954546,0.9999999999954546,220,0,0,36,0.0095703125,0.00034090909090909094,0.00922940340909091
RF,3,0.5,1.0,crp_dataset_8_1_3.csv|crp_dataset_8_1_1.csv|crp_dataset_8_1_6.csv,crp_dataset_8_1_5.csv,0.6390180451127819,0.987654320975461,0.799999999992,80,1,20,155,0.039282226562499994,0.0015432098765432098,0.037739016685956785
RF,3,0.5,1.0,crp_dataset_8_1_3.csv|crp_dataset_8_1_1.csv|crp_dataset_8_1_6.csv,crp_dataset_8_1_8.csv,0.6390180451127819,0.9016393442549046,0.7971014492695863,110,12,28,106,0.0283203125,0.003688524590163934,0.024631787909836066
RF,3,0.5,1.0,crp_dataset_8_1_3.csv|crp_dataset_8_1_1.csv|crp_dataset_8_1_6.csv,crp_dataset_8_1_4.csv,0.6390180451127819,0.991869918691123,0.931297709916555,122,1,9,124,0.023046875,0.0003556910569105691,0.022691183943089433
RF,3,0.5,1.0,crp_dataset_8_1_3.csv|crp_dataset_8_1_1.csv|crp_dataset_8_1_4.csv,crp_dataset_8_1_2.csv,0.6591996891996892,0.9647058823415916,0.6890756302463102,82,3,37,134,0.039453125,0.0017647058823529415,0.03768841911764706
RF,3,0.5,1.0,crp_dataset_8_1_3.csv|crp_dataset_8_1_1.csv|crp_dataset_8_1_4.csv,crp_dataset_8_1_7.csv,0.6591996891996892,0.9999999999954546,0.9999999999954546,220,0,0,36,0.0095703125,0.00034090909090909094,0.00922940340909091
RF,3,0.5,1.0,crp_dataset_8_1_3.csv|crp_dataset_8_1_1.csv|crp_dataset_8_1_4.csv,crp_dataset_8_1_5.csv,0.6591996891996892,0.9999999999870129,0.7699999999923,77,0,23,156,0.039282226562499994,0.0013798701298701301,0.03790235643262987
RF,3,0.5,1.0,crp_dataset_8_1_3.csv|crp_dataset_8_1_1.csv|crp_dataset_8_1_4.csv,crp_dataset_8_1_8.csv,0.6591996891996892,0.9813084112057822,0.7608695652118778,105,2,33,116,0.0283203125,0.002920560747663551,0.02539975175233645
RF,3,0.5,1.0,crp_dataset_8_1_3.csv|crp_dataset_8_1_1.csv|crp_dataset_8_1_4.csv,crp_dataset_8_1_6.csv,0.6591996891996892,0.7225130890014528,0.985714285707245,138,53,2,63,0.026928710937499996,0.01606675392670157,0.010861957010798427
RF,3,0.5,1.0,crp_dataset_8_1_3.csv|crp_dataset_8_1_8.csv|crp_dataset_8_1_6.csv,crp_dataset_8_1_2.csv,0.6493333333333333,0.9999999999878049,0.6890756302463102,82,0,37,137,0.039453125,0.0013719512195121953,0.0380811737804878
RF,3,0.5,1.0,crp_dataset_8_1_3.csv|crp_dataset_8_1_8.csv|crp_dataset_8_1_6.csv,crp_dataset_8_1_7.csv,0.6493333333333333,0.9999999999954546,0.9999999999954546,220,0,0,36,0.0095703125,0.00034090909090909094,0.00922940340909091
RF,3,0.5,1.0,crp_dataset_8_1_3.csv|crp_dataset_8_1_8.csv|crp_dataset_8_1_6.csv,crp_dataset_8_1_5.csv,0.6493333333333333,0.9999999999875,0.799999999992,80,0,20,156,0.039282226562499994,0.00140625,0.0378759765625
RF,3,0.5,1.0,crp_dataset_8_1_3.csv|crp_dataset_8_1_8.csv|crp_dataset_8_1_6.csv,crp_dataset_8_1_1.csv,0.6493333333333333,0.9756097560896292,0.9523809523733938,120,3,6,127,0.0252685546875,0.0005589430894308943,0.024709611598069104
RF,3,0.5,1.0,crp_dataset_8_1_3.csv|crp_dataset_8_1_8.csv|crp_dataset_8_1_6.csv,crp_dataset_8_1_4.csv,0.6493333333333333,0.9921259842441564,0.9618320610613601,126,1,5,124,0.023046875,0.00039370078740157485,0.022653174212598427
RF,3,0.5,1.0,crp_dataset_8_1_3.csv|crp_dataset_8_1_8.csv|crp_dataset_8_1_4.csv,crp_dataset_8_1_2.csv,0.7433333333333333,0.9999999999878049,0.6890756302463102,82,0,37,137,0.039453125,0.0013719512195121953,0.0380811737804878
RF,3,0.5,1.0,crp_dataset_8_1_3.csv|crp_dataset_8_1_8.csv|crp_dataset_8_1_4.csv,crp_dataset_8_1_7.csv,0.7433333333333333,0.9999999999954546,0.9999999999954546,220,0,0,36,0.0095703125,0.00034090909090909094,0.00922940340909091
RF,3,0.5,1.0,crp_dataset_8_1_3.csv|crp_dataset_8_1_8.csv|crp_dataset_8_1_4.csv,crp_dataset_8_1_5.csv,0.7433333333333333,0.9999999999870129,0.7699999999923,77,0,23,156,0.039282226562499994,0.0013798701298701301,0.03790235643262987
RF,3,0.5,1.0,crp_dataset_8_1_3.csv|crp_dataset_8_1_8.csv|crp_dataset_8_1_4.csv,crp_dataset_8_1_1.csv,0.7433333333333333,0.9999999999846153,0.5158730158689216,65,0,61,130,0.0252685546875,9.615384615384615e-05,0.025172400841346153
RF,3,0.5,1.0,crp_dataset_8_1_3.csv|crp_dataset_8_1_8.csv|crp_dataset_8_1_4.csv,crp_dataset_8_1_6.csv,0.7433333333333333,0.9054054053992878,0.9571428571360204,134,14,6,102,0.026928710937499996,0.0042652027027027025,0.02266350823479729
RF,3,0.5,1.0,crp_dataset_8_1_3.csv|crp_dataset_8_1_6.csv|crp_dataset_8_1_4.csv,crp_dataset_8_1_2.csv,0.6233333333333333,0.9534883720819362,0.6890756302463102,82,4,37,133,0.039453125,0.0018895348837209306,0.03756359011627907
RF,3,0.5,1.0,crp_dataset_8_1_3.csv|crp_dataset_8_1_6.csv|crp_dataset_8_1_4.csv,crp_dataset_8_1_7.csv,0.6233333333333333,0.9999999999954546,0.9999999999954546,220,0,0,36,0.0095703125,0.00034090909090909094,0.00922940340909091
RF,3,0.5,1.0,crp_dataset_8_1_3.csv|crp_dataset_8_1_6.csv|crp_dataset_8_1_4.csv,crp_dataset_8_1_5.csv,0.6233333333333333,0.987654320975461,0.799999999992,80,1,20,155,0.039282226562499994,0.0015432098765432098,0.037739016685956785
RF,3,0.5,1.0,crp_dataset_8_1_3.csv|crp_dataset_8_1_6.csv|crp_dataset_8_1_4.csv,crp_dataset_8_1_1.csv,0.6233333333333333,0.95774647885975,0.5396825396782565,68,3,58,127,0.0252685546875,0.0006161971830985916,0.02465235750440141
RF,3,0.5,1.0,crp_dataset_8_1_3.csv|crp_dataset_8_1_6.csv|crp_dataset_8_1_4.csv,crp_dataset_8_1_8.csv,0.6233333333333333,0.9139784946138282,0.615942028981044,85,8,53,110,0.0283203125,0.003696236559139785,0.024624075940860215
RF,3,0.5,1.0,crp_dataset_8_1_1.csv|crp_dataset_8_1_8.csv|crp_dataset_8_1_6.csv,crp_dataset_8_1_2.csv,0.6133333333333333,0.9425287356213502,0.6890756302463102,82,5,37,132,0.039453125,0.0020114942528735636,0.037441630747126434
RF,3,0.5,1.0,crp_dataset_8_1_1.csv|crp_dataset_8_1_8.csv|crp_dataset_8_1_6.csv,crp_dataset_8_1_7.csv,0.6133333333333333,0.9999999999954546,0.9999999999954546,220,0,0,36,0.0095703125,0.00034090909090909094,0.00922940340909091
RF,3,0.5,1.0,crp_dataset_8_1_1.csv|crp_dataset_8_1_8.csv|crp_dataset_8_1_6.csv,crp_dataset_8_1_5.csv,0.6133333333333333,0.9999999999870129,0.7699999999923,77,0,23,156,0.039282226562499994,0.0013798701298701301,0.03790235643262987
RF,3,0.5,1.0,crp_dataset_8_1_1.csv|crp_dataset_8_1_8.csv|crp_dataset_8_1_6.csv,crp_dataset_8_1_3.csv,0.6133333333333333,0.9863945578164192,0.8381502890124963,145,2,28,81,0.0196044921875,0.00029761904761904765,0.019306873139880953
RF,3,0.5,1.0,crp_dataset_8_1_1.csv|crp_dataset_8_1_8.csv|crp_dataset_8_1_6.csv,crp_dataset_8_1_4.csv,0.6133333333333333,0.9843749999923097,0.9618320610613601,126,2,5,123,0.023046875,0.000537109375,0.022509765625
RF,3,0.5,1.0,crp_dataset_8_1_1.csv|crp_dataset_8_1_8.csv|crp_dataset_8_1_4.csv,crp_dataset_8_1_2.csv,0.6402222222222222,0.9425287356213502,0.6890756302463102,82,5,37,132,0.039453125,0.0020114942528735636,0.037441630747126434
RF,3,0.5,1.0,crp_dataset_8_1_1.csv|crp_dataset_8_1_8.csv|crp_dataset_8_1_4.csv,crp_dataset_8_1_7.csv,0.6402222222222222,0.9999999999954546,0.9999999999954546,220,0,0,36,0.0095703125,0.00034090909090909094,0.00922940340909091
RF,3,0.5,1.0,crp_dataset_8_1_1.csv|crp_dataset_8_1_8.csv|crp_dataset_8_1_4.csv,crp_dataset_8_1_5.csv,0.6402222222222222,0.9999999999870129,0.7699999999923,77,0,23,156,0.039282226562499994,0.0013798701298701301,0.03790235643262987
RF,3,0.5,1.0,crp_dataset_8_1_1.csv|crp_dataset_8_1_8.csv|crp_dataset_8_1_4.csv,crp_dataset_8_1_3.csv,0.6402222222222222,0.9863013698562583,0.8323699421917204,144,2,29,81,0.0196044921875,0.00029965753424657536,0.019304834653253423
RF,3,0.5,1.0,crp_dataset_8_1_1.csv|crp_dataset_8_1_8.csv|crp_dataset_8_1_4.csv,crp_dataset_8_1_6.csv,0.6402222222222222,0.9516129032181321,0.8428571428511226,118,6,22,110,0.026928710937499996,0.002368951612903226,0.02455975932459677
RF,3,0.5,1.0,crp_dataset_8_1_1.csv|crp_dataset_8_1_6.csv|crp_dataset_8_1_4.csv,crp_dataset_8_1_2.csv,0.65375,0.9425287356213502,0.6890756302463102,82,5,37,132,0.039453125,0.0020114942528735636,0.037441630747126434
RF,3,0.5,1.0,crp_dataset_8_1_1.csv|crp_dataset_8_1_6.csv|crp_dataset_8_1_4.csv,crp_dataset_8_1_7.csv,0.65375,0.9999999999954546,0.9999999999954546,220,0,0,36,0.0095703125,0.00034090909090909094,0.00922940340909091
RF,3,0.5,1.0,crp_dataset_8_1_1.csv|crp_dataset_8_1_6.csv|crp_dataset_8_1_4.csv,crp_dataset_8_1_5.csv,0.65375,0.9999999999870129,0.7699999999923,77,0,23,156,0.039282226562499994,0.0013798701298701301,0.03790235643262987
RF,3,0.5,1.0,crp_dataset_8_1_1.csv|crp_dataset_8_1_6.csv|crp_dataset_8_1_4.csv,crp_dataset_8_1_3.csv,0.65375,0.985714285707245,0.7976878612670655,138,2,35,81,0.0196044921875,0.00026785714285714287,0.019336635044642857
RF,3,0.5,1.0,crp_dataset_8_1_1.csv|crp_dataset_8_1_6.csv|crp_dataset_8_1_4.csv,crp_dataset_8_1_8.csv,0.65375,0.9787234042449071,0.6666666666618358,92,2,46,116,0.0283203125,0.002593085106382979,0.02572722739361702
RF,3,0.5,1.0,crp_dataset_8_1_8.csv|crp_dataset_8_1_6.csv|crp_dataset_8_1_4.csv,crp_dataset_8_1_2.csv,0.6969047619047618,0.9318181818075929,0.6890756302463102,82,6,37,131,0.039453125,0.004616477272727273,0.034836647727272727
RF,3,0.5,1.0,crp_dataset_8_1_8.csv|crp_dataset_8_1_6.csv|crp_dataset_8_1_4.csv,crp_dataset_8_1_7.csv,0.6969047619047618,0.9999999999954546,0.9999999999954546,220,0,0,36,0.0095703125,0.00034090909090909094,0.00922940340909091
RF,3,0.5,1.0,crp_dataset_8_1_8.csv|crp_dataset_8_1_6.csv|crp_dataset_8_1_4.csv,crp_dataset_8_1_5.csv,0.6969047619047618,0.9761904761788548,0.8199999999918,82,2,18,154,0.039282226562499994,0.0017857142857142859,0.03749651227678571
RF,3,0.5,1.0,crp_dataset_8_1_8.csv|crp_dataset_8_1_6.csv|crp_dataset_8_1_4.csv,crp_dataset_8_1_3.csv,0.6969047619047618,0.9830508474492962,0.670520231209997,116,2,57,81,0.0196044921875,0.00021186440677966104,0.019392627780720338
RF,3,0.5,1.0,crp_dataset_8_1_8.csv|crp_dataset_8_1_6.csv|crp_dataset_8_1_4.csv,crp_dataset_8_1_1.csv,0.6969047619047618,0.9999999999843749,0.5079365079324767,64,0,62,130,0.0252685546875,9.765625e-05,0.0251708984375
RF,4,0.5,1.0,crp_dataset_8_1_2.csv|crp_dataset_8_1_7.csv|crp_dataset_8_1_5.csv|crp_dataset_8_1_3.csv,crp_dataset_8_1_1.csv,0.6866666666666666,0.9166666666539351,0.5238095238053666,66,6,60,124,0.0252685546875,0.0018229166666666667,0.023445638020833333
RF,4,0.5,1.0,crp_dataset_8_1_2.csv|crp_dataset_8_1_7.csv|crp_dataset_8_1_5.csv|crp_dataset_8_1_3.csv,crp_dataset_8_1_8.csv,0.6866666666666666,0.9277108433623167,0.5579710144887104,77,6,61,112,0.0283203125,0.004367469879518072,0.023952842620481928
RF,4,0.5,1.0,crp_dataset_8_1_2.csv|crp_dataset_8_1_7.csv|crp_dataset_8_1_5.csv|crp_dataset_8_1_3.csv,crp_dataset_8_1_6.csv,0.6866666666666666,0.7758620689610584,0.9642857142788266,135,39,5,77,0.026928710937499996,0.012499999999999999,0.014428710937499997
RF,4,0.5,1.0,crp_dataset_8_1_2.csv|crp_dataset_8_1_7.csv|crp_dataset_8_1_5.csv|crp_dataset_8_1_3.csv,crp_dataset_8_1_4.csv,0.6866666666666666,0.9482758620607907,0.8396946564821398,110,6,21,119,0.023046875,0.004418103448275862,0.01862877155172414
RF,4,0.5,1.0,crp_dataset_8_1_2.csv|crp_dataset_8_1_7.csv|crp_dataset_8_1_5.csv|crp_dataset_8_1_1.csv,crp_dataset_8_1_3.csv,0.6270833333333333,0.9465648854889576,0.7167630057762038,124,7,49,76,0.0196044921875,0.003864503816793894,0.015739988370706105
RF,4,0.5,1.0,crp_dataset_8_1_2.csv|crp_dataset_8_1_7.csv|crp_dataset_8_1_5.csv|crp_dataset_8_1_1.csv,crp_dataset_8_1_8.csv,0.6270833333333333,0.9696969696822773,0.4637681159386684,64,2,74,116,0.0283203125,0.003125,0.0251953125
RF,4,0.5,1.0,crp_dataset_8_1_2.csv|crp_dataset_8_1_7.csv|crp_dataset_8_1_5.csv|crp_dataset_8_1_1.csv,crp_dataset_8_1_6.csv,0.6270833333333333,0.717105263153177,0.7785714285658674,109,43,31,73,0.026928710937499996,0.01817434210526316,0.008754368832236837
RF,4,0.5,1.0,crp_dataset_8_1_2.csv|crp_dataset_8_1_7.csv|crp_dataset_8_1_5.csv|crp_dataset_8_1_1.csv,crp_dataset_8_1_4.csv,0.6270833333333333,0.999999999990909,0.8396946564821398,110,0,21,125,0.023046875,0.0002840909090909091,0.022762784090909094
RF,4,0.5,1.0,crp_dataset_8_1_2.csv|crp_dataset_8_1_7.csv|crp_dataset_8_1_5.csv|crp_dataset_8_1_8.csv,crp_dataset_8_1_3.csv,0.8861111111111111,0.9999999999910714,0.6473988439268937,112,0,61,83,0.0196044921875,0.0,0.0196044921875
RF,4,0.5,1.0,crp_dataset_8_1_2.csv|crp_dataset_8_1_7.csv|crp_dataset_8_1_5.csv|crp_dataset_8_1_8.csv,crp_dataset_8_1_1.csv,0.8861111111111111,0.9999999999833334,0.4761904761866969,60,0,66,130,0.0252685546875,0.00010416666666666667,0.025164388020833334
RF,4,0.5,1.0,crp_dataset_8_1_2.csv|crp_dataset_8_1_7.csv|crp_dataset_8_1_5.csv|crp_dataset_8_1_8.csv,crp_dataset_8_1_6.csv,0.8861111111111111,0.9999999999868421,0.5428571428532654,76,0,64,116,0.026928710937499996,8.223684210526316e-05,0.026846474095394732
RF,4,0.5,1.0,crp_dataset_8_1_2.csv|crp_dataset_8_1_7.csv|crp_dataset_8_1_5.csv|crp_dataset_8_1_8.csv,crp_dataset_8_1_4.csv,0.8861111111111111,0.999999999990909,0.8396946564821398,110,0,21,125,0.023046875,0.0002840909090909091,0.022762784090909094
RF,4,0.5,1.0,crp_dataset_8_1_2.csv|crp_dataset_8_1_7.csv|crp_dataset_8_1_5.csv|crp_dataset_8_1_6.csv,crp_dataset_8_1_3.csv,0.7733333333333333,0.9999999999910714,0.6473988439268937,112,0,61,83,0.0196044921875,0.0,0.0196044921875
RF,4,0.5,1.0,crp_dataset_8_1_2.csv|crp_dataset_8_1_7.csv|crp_dataset_8_1_5.csv|crp_dataset_8_1_6.csv,crp_dataset_8_1_1.csv,0.7733333333333333,0.999999999984127,0.49999999999603173,63,0,63,130,0.0252685546875,9.92063492063492e-05,0.02516934833829365
RF,4,0.5,1.0,crp_dataset_8_1_2.csv|crp_dataset_8_1_7.csv|crp_dataset_8_1_5.csv|crp_dataset_8_1_6.csv,crp_dataset_8_1_8.csv,0.7733333333333333,0.9506172839388812,0.5579710144887104,77,4,61,114,0.0283203125,0.0033179012345679005,0.0250024112654321
RF,4,0.5,1.0,crp_dataset_8_1_2.csv|crp_dataset_8_1_7.csv|crp_dataset_8_1_5.csv|crp_dataset_8_1_6.csv,crp_dataset_8_1_4.csv,0.7733333333333333,0.999999999990909,0.8396946564821398,110,0,21,125,0.023046875,0.0002840909090909091,0.022762784090909094
RF,4,0.5,1.0,crp_dataset_8_1_2.csv|crp_dataset_8_1_7.csv|crp_dataset_8_1_5.csv|crp_dataset_8_1_4.csv,crp_dataset_8_1_3.csv,0.6933333333333334,0.9999999999910714,0.6473988439268937,112,0,61,83,0.0196044921875,0.0,0.0196044921875
RF,4,0.5,1.0,crp_dataset_8_1_2.csv|crp_dataset_8_1_7.csv|crp_dataset_8_1_5.csv|crp_dataset_8_1_4.csv,crp_dataset_8_1_1.csv,0.6933333333333334,0.9999999999846153,0.5158730158689216,65,0,61,130,0.0252685546875,9.615384615384615e-05,0.025172400841346153
RF,4,0.5,1.0,crp_dataset_8_1_2.csv|crp_dataset_8_1_7.csv|crp_dataset_8_1_5.csv|crp_dataset_8_1_4.csv,crp_dataset_8_1_8.csv,0.6933333333333334,0.9615384615261341,0.543478260865627,75,3,63,115,0.0283203125,0.00328525641025641,0.02503505608974359
RF,4,0.5,1.0,crp_dataset_8_1_2.csv|crp_dataset_8_1_7.csv|crp_dataset_8_1_5.csv|crp_dataset_8_1_4.csv,crp_dataset_8_1_6.csv,0.6933333333333334,0.9999999999876543,0.5785714285672959,81,0,59,116,0.026928710937499996,7.716049382716049e-05,0.026851550443672836
RF,4,0.5,1.0,crp_dataset_8_1_2.csv|crp_dataset_8_1_7.csv|crp_dataset_8_1_3.csv|crp_dataset_8_1_1.csv,crp_dataset_8_1_5.csv,0.6177443244663833,0.9999999999870129,0.7699999999923,77,0,23,156,0.039282226562499994,0.0013798701298701301,0.03790235643262987
RF,4,0.5,1.0,crp_dataset_8_1_2.csv|crp_dataset_8_1_7.csv|crp_dataset_8_1_3.csv|crp_dataset_8_1_1.csv,crp_dataset_8_1_8.csv,0.6177443244663833,0.9999999999876543,0.5869565217348772,81,0,57,118,0.0283203125,0.002237654320987655,0.026082658179012345
RF,4,0.5,1.0,crp_dataset_8_1_2.csv|crp_dataset_8_1_7.csv|crp_dataset_8_1_3.csv|crp_dataset_8_1_1.csv,crp_dataset_8_1_6.csv,0.6177443244663833,0.63063063062779,0.9999999999928573,140,82,0,34,0.026928710937499996,0.02159346846846847,0.005335242469031526
RF,4,0.5,1.0,crp_dataset_8_1_2.csv|crp_dataset_8_1_7.csv|crp_dataset_8_1_3.csv|crp_dataset_8_1_1.csv,crp_dataset_8_1_4.csv,0.6177443244663833,0.9999999999915966,0.9083969465579512,119,0,12,125,0.023046875,0.0002626050420168067,0.022784269957983196
RF,4,0.5,1.0,crp_dataset_8_1_2.csv|crp_dataset_8_1_7.csv|crp_dataset_8_1_3.csv|crp_dataset_8_1_8.csv,crp_dataset_8_1_5.csv,0.7166666666666667,0.9999999999873417,0.7899999999921,79,0,21,156,0.039282226562499994,0.0015031645569620253,0.03777906200553797
RF,4,0.5,1.0,crp_dataset_8_1_2.csv|crp_dataset_8_1_7.csv|crp_dataset_8_1_3.csv|crp_dataset_8_1_8.csv,crp_dataset_8_1_1.csv,0.7166666666666667,0.9782608695545841,0.7142857142800453,90,2,36,128,0.0252685546875,0.00033967391304347825,0.02492888077445652
RF,4,0.5,1.0,crp_dataset_8_1_2.csv|crp_dataset_8_1_7.csv|crp_dataset_8_1_3.csv|crp_dataset_8_1_8.csv,crp_dataset_8_1_6.csv,0.7166666666666667,0.9241379310281095,0.9571428571360204,134,11,6,105,0.026928710937499996,0.0028017241379310344,0.024126986799568963
RF,4,0.5,1.0,crp_dataset_8_1_2.csv|crp_dataset_8_1_7.csv|crp_dataset_8_1_3.csv|crp_dataset_8_1_8.csv,crp_dataset_8_1_4.csv,0.7166666666666667,0.999999999990991,0.8473282442683411,111,0,20,125,0.023046875,0.00028153153153153153,0.02276534346846847
RF,4,0.5,1.0,crp_dataset_8_1_2.csv|crp_dataset_8_1_7.csv|crp_dataset_8_1_3.csv|crp_dataset_8_1_6.csv,crp_dataset_8_1_5.csv,0.651832358674464,0.9999999999870129,0.7699999999923,77,0,23,156,0.039282226562499994,0.0013798701298701301,0.03790235643262987
RF,4,0.5,1.0,crp_dataset_8_1_2.csv|crp_dataset_8_1_7.csv|crp_dataset_8_1_3.csv|crp_dataset_8_1_6.csv,crp_dataset_8_1_1.csv,0.651832358674464,0.9473684210401662,0.5714285714240362,72,4,54,126,0.0252685546875,0.0009046052631578948,0.024363949424342106
RF,4,0.5,1.0,crp_dataset_8_1_2.csv|crp_dataset_8_1_7.csv|crp_dataset_8_1_3.csv|crp_dataset_8_1_6.csv,crp_dataset_8_1_8.csv,0.651832358674464,0.9318181818075929,0.5942028985464188,82,6,56,112,0.0283203125,0.0037642045454545454,0.024556107954545454
RF,4,0.5,1.0,crp_dataset_8_1_2.csv|crp_dataset_8_1_7.csv|crp_dataset_8_1_3.csv|crp_dataset_8_1_6.csv,crp_dataset_8_1_4.csv,0.651832358674464,0.9920634920556185,0.9541984732751588,125,1,6,124,0.023046875,0.0003968253968253968,0.022650049603174606
RF,4,0.5,1.0,crp_dataset_8_1_2.csv|crp_dataset_8_1_7.csv|crp_dataset_8_1_3.csv|crp_dataset_8_1_4.csv,crp_dataset_8_1_5.csv,0.69,0.9999999999870129,0.7699999999923,77,0,23,156,0.039282226562499994,0.0013798701298701301,0.03790235643262987
RF,4,0.5,1.0,crp_dataset_8_1_2.csv|crp_dataset_8_1_7.csv|crp_dataset_8_1_3.csv|crp_dataset_8_1_4.csv,crp_dataset_8_1_1.csv,0.69,0.9729729729598247,0.5714285714240362,72,2,54,128,0.0252685546875,0.0004222972972972973,0.024846257390202704
RF,4,0.5,1.0,crp_dataset_8_1_2.csv|crp_dataset_8_1_7.csv|crp_dataset_8_1_3.csv|crp_dataset_8_1_4.csv,crp_dataset_8_1_8.csv,0.69,0.9620253164435186,0.5507246376771687,76,3,62,115,0.0283203125,0.003243670886075949,0.02507664161392405
RF,4,0.5,1.0,crp_dataset_8_1_2.csv|crp_dataset_8_1_7.csv|crp_dataset_8_1_3.csv|crp_dataset_8_1_4.csv,crp_dataset_8_1_6.csv,0.69,0.6989795918331685,0.9785714285644388,137,59,3,57,0.026928710937499996,0.015369897959183674,0.011558812978316322
RF,4,0.5,1.0,crp_dataset_8_1_2.csv|crp_dataset_8_1_7.csv|crp_dataset_8_1_1.csv|crp_dataset_8_1_8.csv,crp_dataset_8_1_5.csv,0.6109798065425002,0.9999999999873417,0.7899999999921,79,0,21,156,0.039282226562499994,0.0015031645569620255,0.03777906200553797
RF,4,0.5,1.0,crp_dataset_8_1_2.csv|crp_dataset_8_1_7.csv|crp_dataset_8_1_1.csv|crp_dataset_8_1_8.csv,crp_dataset_8_1_3.csv,0.6109798065425002,0.9999999999923078,0.7514450867008587,130,0,43,83,0.0196044921875,0.00014423076923076924,0.01946026141826923
RF,4,0.5,1.0,crp_dataset_8_1_2.csv|crp_dataset_8_1_7.csv|crp_dataset_8_1_1.csv|crp_dataset_8_1_8.csv,crp_dataset_8_1_6.csv,0.6109798065425002,0.9722222222132201,0.749999999994643,105,3,35,113,0.026928710937499996,0.0014467592592592592,0.025481951678240737
RF,4,0.5,1.0,crp_dataset_8_1_2.csv|crp_dataset_8_1_7.csv|crp_dataset_8_1_1.csv|crp_dataset_8_1_8.csv,crp_dataset_8_1_4.csv,0.6109798065425002,0.999999999990991,0.8473282442683411,111,0,20,125,0.023046875,0.00028153153153153153,0.02276534346846847
RF,4,0.5,1.0,crp_dataset_8_1_2.csv|crp_dataset_8_1_7.csv|crp_dataset_8_1_1.csv|crp_dataset_8_1_6.csv,crp_dataset_8_1_5.csv,0.7005690235690236,0.9999999999870129,0.7699999999923,77,0,23,156,0.039282226562499994,0.0013798701298701301,0.03790235643262987
RF,4,0.5,1.0,crp_dataset_8_1_2.csv|crp_dataset_8_1_7.csv|crp_dataset_8_1_1.csv|crp_dataset_8_1_6.csv,crp_dataset_8_1_3.csv,0.7005690235690236,0.9999999999919355,0.7167630057762038,124,0,49,83,0.0196044921875,0.0,0.0196044921875
RF,4,0.5,1.0,crp_dataset_8_1_2.csv|crp_dataset_8_1_7.csv|crp_dataset_8_1_1.csv|crp_dataset_8_1_6.csv,crp_dataset_8_1_8.csv,0.7005690235690236,0.9999999999836067,0.4420289855040433,61,0,77,118,0.0283203125,0.0029713114754098364,0.025349001024590163
RF,4,0.5,1.0,crp_dataset_8_1_2.csv|crp_dataset_8_1_7.csv|crp_dataset_8_1_1.csv|crp_dataset_8_1_6.csv,crp_dataset_8_1_4.csv,0.7005690235690236,0.999999999990909,0.8396946564821398,110,0,21,125,0.023046875,0.0002840909090909091,0.022762784090909094
RF,4,0.5,1.0,crp_dataset_8_1_2.csv|crp_dataset_8_1_7.csv|crp_dataset_8_1_1.csv|crp_dataset_8_1_4.csv,crp_dataset_8_1_5.csv,0.6202777777777777,0.9999999999871795,0.7799999999921999,78,0,22,156,0.039282226562499994,0.0013621794871794873,0.037920047075320505
RF,4,0.5,1.0,crp_dataset_8_1_2.csv|crp_dataset_8_1_7.csv|crp_dataset_8_1_1.csv|crp_dataset_8_1_4.csv,crp_dataset_8_1_3.csv,0.6202777777777777,0.9926470588162306,0.7803468208047379,135,1,38,82,0.0196044921875,0.0008731617647058824,0.018731330422794117
RF,4,0.5,1.0,crp_dataset_8_1_2.csv|crp_dataset_8_1_7.csv|crp_dataset_8_1_1.csv|crp_dataset_8_1_4.csv,crp_dataset_8_1_8.csv,0.6202777777777777,0.9873417721394007,0.5652173913002521,78,1,60,117,0.0283203125,0.002848101265822785,0.025472211234177214
RF,4,0.5,1.0,crp_dataset_8_1_2.csv|crp_dataset_8_1_7.csv|crp_dataset_8_1_1.csv|crp_dataset_8_1_4.csv,crp_dataset_8_1_6.csv,0.6202777777777777,0.8493150684873335,0.8857142857079593,124,22,16,94,0.026928710937499996,0.007577054794520548,0.01935165614297945
RF,4,0.5,1.0,crp_dataset_8_1_2.csv|crp_dataset_8_1_7.csv|crp_dataset_8_1_8.csv|crp_dataset_8_1_6.csv,crp_dataset_8_1_5.csv,0.7066666666666667,0.9999999999879517,0.8299999999916999,83,0,17,156,0.039282226562499994,0.0016566265060240966,0.037625600056475896
RF,4,0.5,1.0,crp_dataset_8_1_2.csv|crp_dataset_8_1_7.csv|crp_dataset_8_1_8.csv|crp_dataset_8_1_6.csv,crp_dataset_8_1_3.csv,0.7066666666666667,0.9999999999913792,0.670520231209997,116,0,57,83,0.0196044921875,0.0,0.0196044921875
RF,4,0.5,1.0,crp_dataset_8_1_2.csv|crp_dataset_8_1_7.csv|crp_dataset_8_1_8.csv|crp_dataset_8_1_6.csv,crp_dataset_8_1_1.csv,0.7066666666666667,0.9749999999878125,0.619047619042706,78,2,48,128,0.0252685546875,0.000390625,0.0248779296875
RF,4,0.5,1.0,crp_dataset_8_1_2.csv|crp_dataset_8_1_7.csv|crp_dataset_8_1_8.csv|crp_dataset_8_1_6.csv,crp_dataset_8_1_4.csv,0.7066666666666667,0.9999999999911504,0.8625954198407436,113,0,18,125,0.023046875,0.0002765486725663717,0.02277032632743363
RF,4,0.5,1.0,crp_dataset_8_1_2.csv|crp_dataset_8_1_7.csv|crp_dataset_8_1_8.csv|crp_dataset_8_1_4.csv,crp_dataset_8_1_5.csv,0.6559126984126985,0.9999999999882353,0.8499999999915,85,0,15,156,0.039282226562499994,0.0016176470588235296,0.037664579503676465
RF,4,0.5,1.0,crp_dataset_8_1_2.csv|crp_dataset_8_1_7.csv|crp_dataset_8_1_8.csv|crp_dataset_8_1_4.csv,crp_dataset_8_1_3.csv,0.6559126984126985,0.9999999999910714,0.6473988439268937,112,0,61,83,0.0196044921875,0.0,0.0196044921875
RF,4,0.5,1.0,crp_dataset_8_1_2.csv|crp_dataset_8_1_7.csv|crp_dataset_8_1_8.csv|crp_dataset_8_1_4.csv,crp_dataset_8_1_1.csv,0.6559126984126985,0.9599999999872,0.5714285714240362,72,3,54,127,0.0252685546875,0.0005833333333333333,0.02468522135416667
RF,4,0.5,1.0,crp_dataset_8_1_2.csv|crp_dataset_8_1_7.csv|crp_dataset_8_1_8.csv|crp_dataset_8_1_4.csv,crp_dataset_8_1_6.csv,0.6559126984126985,0.9999999999879517,0.5928571428529082,83,0,57,116,0.026928710937499996,7.530120481927712e-05,0.02685340973268072
RF,4,0.5,1.0,crp_dataset_8_1_2.csv|crp_dataset_8_1_7.csv|crp_dataset_8_1_6.csv|crp_dataset_8_1_4.csv,crp_dataset_8_1_5.csv,0.74,0.9999999999870129,0.7699999999923,77,0,23,156,0.039282226562499994,0.0013798701298701301,0.03790235643262987
RF,4,0.5,1.0,crp_dataset_8_1_2.csv|crp_dataset_8_1_7.csv|crp_dataset_8_1_6.csv|crp_dataset_8_1_4.csv,crp_dataset_8_1_3.csv,0.74,0.9999999999918698,0.7109826589554279,123,0,50,83,0.0196044921875,0.0,0.0196044921875
RF,4,0.5,1.0,crp_dataset_8_1_2.csv|crp_dataset_8_1_7.csv|crp_dataset_8_1_6.csv|crp_dataset_8_1_4.csv,crp_dataset_8_1_1.csv,0.74,0.9999999999846153,0.5158730158689216,65,0,61,130,0.0252685546875,9.615384615384615e-05,0.025172400841346153
RF,4,0.5,1.0,crp_dataset_8_1_2.csv|crp_dataset_8_1_7.csv|crp_dataset_8_1_6.csv|crp_dataset_8_1_4.csv,crp_dataset_8_1_8.csv,0.74,0.9634146341345925,0.5724637681117938,79,3,59,115,0.0283203125,0.0031249999999999997,0.0251953125
RF,4,0.5,1.0,crp_dataset_8_1_2.csv|crp_dataset_8_1_5.csv|crp_dataset_8_1_3.csv|crp_dataset_8_1_1.csv,crp_dataset_8_1_7.csv,0.6201096124085252,0.9999999999954546,0.9999999999954546,220,0,0,36,0.0095703125,0.00034090909090909094,0.00922940340909091
RF,4,0.5,1.0,crp_dataset_8_1_2.csv|crp_dataset_8_1_5.csv|crp_dataset_8_1_3.csv|crp_dataset_8_1_1.csv,crp_dataset_8_1_8.csv,0.6201096124085252,0.9999999999868421,0.5507246376771687,76,0,62,118,0.0283203125,0.0027138157894736844,0.025606496710526314
RF,4,0.5,1.0,crp_dataset_8_1_2.csv|crp_dataset_8_1_5.csv|crp_dataset_8_1_3.csv|crp_dataset_8_1_1.csv,crp_dataset_8_1_6.csv,0.6201096124085252,0.7180851063791591,0.9642857142788266,135,53,5,63,0.026928710937499996,0.01702127659574468,0.009907434341755315
RF,4,0.5,1.0,crp_dataset_8_1_2.csv|crp_dataset_8_1_5.csv|crp_dataset_8_1_3.csv|crp_dataset_8_1_1.csv,crp_dataset_8_1_4.csv,0.6201096124085252,0.9913043478174669,0.8702290076269449,114,1,17,124,0.023046875,0.0004347826086956522,0.02261209239130435
RF,4,0.5,1.0,crp_dataset_8_1_2.csv|crp_dataset_8_1_5.csv|crp_dataset_8_1_3.csv|crp_dataset_8_1_8.csv,crp_dataset_8_1_7.csv,0.7859595748630837,0.9999999999954546,0.9999999999954546,220,0,0,36,0.0095703125,0.00034090909090909094,0.00922940340909091
RF,4,0.5,1.0,crp_dataset_8_1_2.csv|crp_dataset_8_1_5.csv|crp_dataset_8_1_3.csv|crp_dataset_8_1_8.csv,crp_dataset_8_1_1.csv,0.7859595748630837,0.9999999999861111,0.5714285714240362,72,0,54,130,0.0252685546875,8.680555555555556e-05,0.025181749131944445
RF,4,0.5,1.0,crp_dataset_8_1_2.csv|crp_dataset_8_1_5.csv|crp_dataset_8_1_3.csv|crp_dataset_8_1_8.csv,crp_dataset_8_1_6.csv,0.7859595748630837,0.9787234042449071,0.6571428571381633,92,2,48,114,0.026928710937499996,0.0010638297872340426,0.025864881150265952
RF,4,0.5,1.0,crp_dataset_8_1_2.csv|crp_dataset_8_1_5.csv|crp_dataset_8_1_3.csv|crp_dataset_8_1_8.csv,crp_dataset_8_1_4.csv,0.7859595748630837,0.999999999990909,0.8396946564821398,110,0,21,125,0.023046875,0.0002840909090909091,0.022762784090909094
RF,4,0.5,1.0,crp_dataset_8_1_2.csv|crp_dataset_8_1_5.csv|crp_dataset_8_1_3.csv|crp_dataset_8_1_6.csv,crp_dataset_8_1_7.csv,0.6041924603174603,0.9999999999954546,0.9999999999954546,220,0,0,36,0.0095703125,0.00034090909090909094,0.00922940340909091
RF,4,0.5,1.0,crp_dataset_8_1_2.csv|crp_dataset_8_1_5.csv|crp_dataset_8_1_3.csv|crp_dataset_8_1_6.csv,crp_dataset_8_1_1.csv,0.6041924603174603,0.9367088607476366,0.5873015872969262,74,5,52,125,0.0252685546875,0.0011075949367088608,0.02416095975079114
RF,4,0.5,1.0,crp_dataset_8_1_2.csv|crp_dataset_8_1_5.csv|crp_dataset_8_1_3.csv|crp_dataset_8_1_6.csv,crp_dataset_8_1_8.csv,0.6041924603174603,0.8631578947277562,0.5942028985464188,82,13,56,105,0.0283203125,0.004802631578947368,0.023517680921052633
RF,4,0.5,1.0,crp_dataset_8_1_2.csv|crp_dataset_8_1_5.csv|crp_dataset_8_1_3.csv|crp_dataset_8_1_6.csv,crp_dataset_8_1_4.csv,0.6041924603174603,0.999999999992,0.9541984732751588,125,0,6,125,0.023046875,0.00025,0.022796875
RF,4,0.5,1.0,crp_dataset_8_1_2.csv|crp_dataset_8_1_5.csv|crp_dataset_8_1_3.csv|crp_dataset_8_1_4.csv,crp_dataset_8_1_7.csv,0.6186507936507936,0.9999999999954546,0.9999999999954546,220,0,0,36,0.0095703125,0.00034090909090909094,0.00922940340909091
RF,4,0.5,1.0,crp_dataset_8_1_2.csv|crp_dataset_8_1_5.csv|crp_dataset_8_1_3.csv|crp_dataset_8_1_4.csv,crp_dataset_8_1_1.csv,0.6186507936507936,0.9733333333203555,0.5793650793604812,73,2,53,128,0.0252685546875,0.0004166666666666667,0.024851888020833334
RF,4,0.5,1.0,crp_dataset_8_1_2.csv|crp_dataset_8_1_5.csv|crp_dataset_8_1_3.csv|crp_dataset_8_1_4.csv,crp_dataset_8_1_8.csv,0.6186507936507936,0.929411764694948,0.5724637681117938,79,6,59,112,0.0283203125,0.003602941176470588,0.024717371323529413
RF,4,0.5,1.0,crp_dataset_8_1_2.csv|crp_dataset_8_1_5.csv|crp_dataset_8_1_3.csv|crp_dataset_8_1_4.csv,crp_dataset_8_1_6.csv,0.6186507936507936,0.7554347826045901,0.9928571428500511,139,45,1,71,0.026928710937499996,0.01141304347826087,0.015515667459239126
RF,4,0.5,1.0,crp_dataset_8_1_2.csv|crp_dataset_8_1_5.csv|crp_dataset_8_1_1.csv|crp_dataset_8_1_8.csv,crp_dataset_8_1_7.csv,0.6461096618357488,0.9999999999954546,0.9999999999954546,220,0,0,36,0.0095703125,0.00034090909090909094,0.00922940340909091
RF,4,0.5,1.0,crp_dataset_8_1_2.csv|crp_dataset_8_1_5.csv|crp_dataset_8_1_1.csv|crp_dataset_8_1_8.csv,crp_dataset_8_1_3.csv,0.6461096618357488,0.9999999999929579,0.8208092485501688,142,0,31,83,0.0196044921875,0.00013204225352112677,0.019472449933978873
RF,4,0.5,1.0,crp_dataset_8_1_2.csv|crp_dataset_8_1_5.csv|crp_dataset_8_1_1.csv|crp_dataset_8_1_8.csv,crp_dataset_8_1_6.csv,0.6461096618357488,0.8515624999933472,0.7785714285658674,109,19,31,97,0.026928710937499996,0.008154296875000001,0.018774414062499994
RF,4,0.5,1.0,crp_dataset_8_1_2.csv|crp_dataset_8_1_5.csv|crp_dataset_8_1_1.csv|crp_dataset_8_1_8.csv,crp_dataset_8_1_4.csv,0.6461096618357488,0.9999999999911504,0.8625954198407436,113,0,18,125,0.023046875,0.00033185840707964607,0.022715016592920356
RF,4,0.5,1.0,crp_dataset_8_1_2.csv|crp_dataset_8_1_5.csv|crp_dataset_8_1_1.csv|crp_dataset_8_1_6.csv,crp_dataset_8_1_7.csv,0.6037884860237802,0.9999999999954546,0.9999999999954546,220,0,0,36,0.0095703125,0.00034090909090909094,0.00922940340909091
RF,4,0.5,1.0,crp_dataset_8_1_2.csv|crp_dataset_8_1_5.csv|crp_dataset_8_1_1.csv|crp_dataset_8_1_6.csv,crp_dataset_8_1_3.csv,0.6037884860237802,0.985714285707245,0.7976878612670655,138,2,35,81,0.0196044921875,0.0003125,0.0192919921875
RF,4,0.5,1.0,crp_dataset_8_1_2.csv|crp_dataset_8_1_5.csv|crp_dataset_8_1_1.csv|crp_dataset_8_1_6.csv,crp_dataset_8_1_8.csv,0.6037884860237802,0.9545454545346074,0.6086956521695023,84,4,54,114,0.0283203125,0.002840909090909091,0.025479403409090908
RF,4,0.5,1.0,crp_dataset_8_1_2.csv|crp_dataset_8_1_5.csv|crp_dataset_8_1_1.csv|crp_dataset_8_1_6.csv,crp_dataset_8_1_4.csv,0.6037884860237802,0.9999999999918698,0.9389312977027563,123,0,8,125,0.023046875,0.00025406504065040653,0.022792809959349594
RF,4,0.5,1.0,crp_dataset_8_1_2.csv|crp_dataset_8_1_5.csv|crp_dataset_8_1_1.csv|crp_dataset_8_1_4.csv,crp_dataset_8_1_7.csv,0.6957393129570549,0.9999999999954546,0.9999999999954546,220,0,0,36,0.0095703125,0.00034090909090909094,0.00922940340909091
RF,4,0.5,1.0,crp_dataset_8_1_2.csv|crp_dataset_8_1_5.csv|crp_dataset_8_1_1.csv|crp_dataset_8_1_4.csv,crp_dataset_8_1_3.csv,0.6957393129570549,0.9999999999917355,0.6994219653138762,121,0,52,83,0.0196044921875,0.00015495867768595042,0.01944953350981405
RF,4,0.5,1.0,crp_dataset_8_1_2.csv|crp_dataset_8_1_5.csv|crp_dataset_8_1_1.csv|crp_dataset_8_1_4.csv,crp_dataset_8_1_8.csv,0.6957393129570549,0.9999999999885058,0.6304347826041273,87,0,51,118,0.0283203125,0.0025143678160919544,0.025805944683908046
RF,4,0.5,1.0,crp_dataset_8_1_2.csv|crp_dataset_8_1_5.csv|crp_dataset_8_1_1.csv|crp_dataset_8_1_4.csv,crp_dataset_8_1_6.csv,0.6957393129570549,0.911999999992704,0.814285714279898,114,11,26,105,0.026928710937499996,0.0052,0.021728710937499996
RF,4,0.5,1.0,crp_dataset_8_1_2.csv|crp_dataset_8_1_5.csv|crp_dataset_8_1_8.csv|crp_dataset_8_1_6.csv,crp_dataset_8_1_7.csv,0.640353805103805,0.9999999999954546,0.9999999999954546,220,0,0,36,0.0095703125,0.00034090909090909094,0.00922940340909091
RF,4,0.5,1.0,crp_dataset_8_1_2.csv|crp_dataset_8_1_5.csv|crp_dataset_8_1_8.csv|crp_dataset_8_1_6.csv,crp_dataset_8_1_3.csv,0.640353805103805,0.9999999999924243,0.7630057803424104,132,0,41,83,0.0196044921875,0.0,0.0196044921875
RF,4,0.5,1.0,crp_dataset_8_1_2.csv|crp_dataset_8_1_5.csv|crp_dataset_8_1_8.csv|crp_dataset_8_1_6.csv,crp_dataset_8_1_1.csv,0.640353805103805,0.9649122806932902,0.8730158730089443,110,4,16,126,0.0252685546875,0.0006578947368421052,0.024610659950657896
RF,4,0.5,1.0,crp_dataset_8_1_2.csv|crp_dataset_8_1_5.csv|crp_dataset_8_1_8.csv|crp_dataset_8_1_6.csv,crp_dataset_8_1_4.csv,0.640353805103805,0.991999999992064,0.9465648854889576,124,1,7,124,0.023046875,0.00045,0.022596875000000002
RF,4,0.5,1.0,crp_dataset_8_1_2.csv|crp_dataset_8_1_5.csv|crp_dataset_8_1_8.csv|crp_dataset_8_1_4.csv,crp_dataset_8_1_7.csv,0.6025396825396826,0.9999999999954546,0.9999999999954546,220,0,0,36,0.0095703125,0.00034090909090909094,0.00922940340909091
RF,4,0.5,1.0,crp_dataset_8_1_2.csv|crp_dataset_8_1_5.csv|crp_dataset_8_1_8.csv|crp_dataset_8_1_4.csv,crp_dataset_8_1_3.csv,0.6025396825396826,0.9999999999917355,0.6994219653138762,121,0,52,83,0.0196044921875,0.0,0.0196044921875
RF,4,0.5,1.0,crp_dataset_8_1_2.csv|crp_dataset_8_1_5.csv|crp_dataset_8_1_8.csv|crp_dataset_8_1_4.csv,crp_dataset_8_1_1.csv,0.6025396825396826,0.9999999999876543,0.6428571428520408,81,0,45,130,0.0252685546875,7.716049382716049e-05,0.02519139419367284
RF,4,0.5,1.0,crp_dataset_8_1_2.csv|crp_dataset_8_1_5.csv|crp_dataset_8_1_8.csv|crp_dataset_8_1_4.csv,crp_dataset_8_1_6.csv,0.6025396825396826,0.9999999999886363,0.6285714285669388,88,0,52,116,0.026928710937499996,7.102272727272728e-05,0.026857688210227267
RF,4,0.5,1.0,crp_dataset_8_1_2.csv|crp_dataset_8_1_5.csv|crp_dataset_8_1_6.csv|crp_dataset_8_1_4.csv,crp_dataset_8_1_7.csv,0.722852564102564,0.9999999999954546,0.9999999999954546,220,0,0,36,0.0095703125,0.00034090909090909094,0.00922940340909091
RF,4,0.5,1.0,crp_dataset_8_1_2.csv|crp_dataset_8_1_5.csv|crp_dataset_8_1_6.csv|crp_dataset_8_1_4.csv,crp_dataset_8_1_3.csv,0.722852564102564,0.9999999999918698,0.7109826589554279,123,0,50,83,0.0196044921875,0.0,0.0196044921875
RF,4,0.5,1.0,crp_dataset_8_1_2.csv|crp_dataset_8_1_5.csv|crp_dataset_8_1_6.csv|crp_dataset_8_1_4.csv,crp_dataset_8_1_1.csv,0.722852564102564,0.9718309859018052,0.5476190476147014,69,2,57,128,0.0252685546875,0.00044014084507042255,0.024828413842429578
RF,4,0.5,1.0,crp_dataset_8_1_2.csv|crp_dataset_8_1_5.csv|crp_dataset_8_1_6.csv|crp_dataset_8_1_4.csv,crp_dataset_8_1_8.csv,0.722852564102564,0.951807228904195,0.5724637681117938,79,4,59,114,0.0283203125,0.0033132530120481922,0.02500705948795181
RF,4,0.5,1.0,crp_dataset_8_1_2.csv|crp_dataset_8_1_3.csv|crp_dataset_8_1_1.csv|crp_dataset_8_1_8.csv,crp_dataset_8_1_7.csv,0.624334549620264,0.9999999999954546,0.9999999999954546,220,0,0,36,0.0095703125,0.00034090909090909094,0.00922940340909091
RF,4,0.5,1.0,crp_dataset_8_1_2.csv|crp_dataset_8_1_3.csv|crp_dataset_8_1_1.csv|crp_dataset_8_1_8.csv,crp_dataset_8_1_5.csv,0.624334549620264,0.9999999999870129,0.7699999999923,77,0,23,156,0.039282226562499994,0.0013798701298701301,0.03790235643262987
RF,4,0.5,1.0,crp_dataset_8_1_2.csv|crp_dataset_8_1_3.csv|crp_dataset_8_1_1.csv|crp_dataset_8_1_8.csv,crp_dataset_8_1_6.csv,0.624334549620264,0.8527607361910874,0.9928571428500511,139,24,1,92,0.026928710937499996,0.006863496932515337,0.02006521400498466
RF,4,0.5,1.0,crp_dataset_8_1_2.csv|crp_dataset_8_1_3.csv|crp_dataset_8_1_1.csv|crp_dataset_8_1_8.csv,crp_dataset_8_1_4.csv,0.624334549620264,0.9999999999915966,0.9083969465579512,119,0,12,125,0.023046875,0.00031512605042016814,0.022731748949579834
RF,4,0.5,1.0,crp_dataset_8_1_2.csv|crp_dataset_8_1_3.csv|crp_dataset_8_1_1.csv|crp_dataset_8_1_6.csv,crp_dataset_8_1_7.csv,0.6202222222222222,0.9999999999954546,0.9999999999954546,220,0,0,36,0.0095703125,0.00034090909090909094,0.00922940340909091
RF,4,0.5,1.0,crp_dataset_8_1_2.csv|crp_dataset_8_1_3.csv|crp_dataset_8_1_1.csv|crp_dataset_8_1_6.csv,crp_dataset_8_1_5.csv,0.6202222222222222,0.9999999999870129,0.7699999999923,77,0,23,156,0.039282226562499994,0.0013798701298701301,0.03790235643262987
RF,4,0.5,1.0,crp_dataset_8_1_2.csv|crp_dataset_8_1_3.csv|crp_dataset_8_1_1.csv|crp_dataset_8_1_6.csv,crp_dataset_8_1_8.csv,0.6202222222222222,0.9999999999870129,0.5579710144887104,77,0,61,118,0.0283203125,0.0025162337662337666,0.025804078733766233
RF,4,0.5,1.0,crp_dataset_8_1_2.csv|crp_dataset_8_1_3.csv|crp_dataset_8_1_1.csv|crp_dataset_8_1_6.csv,crp_dataset_8_1_4.csv,0.6202222222222222,0.984251968496187,0.9541984732751588,125,2,6,123,0.023046875,0.0004921259842519685,0.022554749015748034
RF,4,0.5,1.0,crp_dataset_8_1_2.csv|crp_dataset_8_1_3.csv|crp_dataset_8_1_1.csv|crp_dataset_8_1_4.csv,crp_dataset_8_1_7.csv,0.6905880807987727,0.9999999999954546,0.9999999999954546,220,0,0,36,0.0095703125,0.00034090909090909094,0.00922940340909091
RF,4,0.5,1.0,crp_dataset_8_1_2.csv|crp_dataset_8_1_3.csv|crp_dataset_8_1_1.csv|crp_dataset_8_1_4.csv,crp_dataset_8_1_5.csv,0.6905880807987727,0.9999999999870129,0.7699999999923,77,0,23,156,0.039282226562499994,0.0013798701298701301,0.03790235643262987
RF,4,0.5,1.0,crp_dataset_8_1_2.csv|crp_dataset_8_1_3.csv|crp_dataset_8_1_1.csv|crp_dataset_8_1_4.csv,crp_dataset_8_1_8.csv,0.6905880807987727,0.9999999999857142,0.5072463768079185,70,0,68,118,0.0283203125,0.0025892857142857145,0.025731026785714286
RF,4,0.5,1.0,crp_dataset_8_1_2.csv|crp_dataset_8_1_3.csv|crp_dataset_8_1_1.csv|crp_dataset_8_1_4.csv,crp_dataset_8_1_6.csv,0.6905880807987727,0.7234042553153011,0.9714285714216327,136,52,4,64,0.026928710937499996,0.015325797872340426,0.01160291306515957
RF,4,0.5,1.0,crp_dataset_8_1_2.csv|crp_dataset_8_1_3.csv|crp_dataset_8_1_8.csv|crp_dataset_8_1_6.csv,crp_dataset_8_1_7.csv,0.6423457188445291,0.9999999999954546,0.9999999999954546,220,0,0,36,0.0095703125,0.00034090909090909094,0.00922940340909091
RF,4,0.5,1.0,crp_dataset_8_1_2.csv|crp_dataset_8_1_3.csv|crp_dataset_8_1_8.csv|crp_dataset_8_1_6.csv,crp_dataset_8_1_5.csv,0.6423457188445291,0.9999999999878049,0.8199999999918,82,0,18,156,0.039282226562499994,0.0016006097560975613,0.03768161680640243
RF,4,0.5,1.0,crp_dataset_8_1_2.csv|crp_dataset_8_1_3.csv|crp_dataset_8_1_8.csv|crp_dataset_8_1_6.csv,crp_dataset_8_1_1.csv,0.6423457188445291,0.9758064516050338,0.9603174603098388,121,3,5,127,0.0252685546875,0.0005544354838709677,0.024714119203629033
RF,4,0.5,1.0,crp_dataset_8_1_2.csv|crp_dataset_8_1_3.csv|crp_dataset_8_1_8.csv|crp_dataset_8_1_6.csv,crp_dataset_8_1_4.csv,0.6423457188445291,0.9919354838629683,0.9389312977027563,123,1,8,124,0.023046875,0.0004032258064516129,0.022643649193548387
RF,4,0.5,1.0,crp_dataset_8_1_2.csv|crp_dataset_8_1_3.csv|crp_dataset_8_1_8.csv|crp_dataset_8_1_4.csv,crp_dataset_8_1_7.csv,0.68899058936706,0.9999999999954546,0.9999999999954546,220,0,0,36,0.0095703125,0.00034090909090909094,0.00922940340909091
RF,4,0.5,1.0,crp_dataset_8_1_2.csv|crp_dataset_8_1_3.csv|crp_dataset_8_1_8.csv|crp_dataset_8_1_4.csv,crp_dataset_8_1_5.csv,0.68899058936706,0.9999999999878049,0.8199999999918,82,0,18,156,0.039282226562499994,0.0016006097560975613,0.03768161680640243
RF,4,0.5,1.0,crp_dataset_8_1_2.csv|crp_dataset_8_1_3.csv|crp_dataset_8_1_8.csv|crp_dataset_8_1_4.csv,crp_dataset_8_1_1.csv,0.68899058936706,0.9999999999894736,0.7539682539622701,95,0,31,130,0.0252685546875,6.578947368421052e-05,0.02520276521381579
RF,4,0.5,1.0,crp_dataset_8_1_2.csv|crp_dataset_8_1_3.csv|crp_dataset_8_1_8.csv|crp_dataset_8_1_4.csv,crp_dataset_8_1_6.csv,0.68899058936706,0.9109589041033497,0.9499999999932144,133,13,7,103,0.026928710937499996,0.004152397260273972,0.022776313677226025
RF,4,0.5,1.0,crp_dataset_8_1_2.csv|crp_dataset_8_1_3.csv|crp_dataset_8_1_6.csv|crp_dataset_8_1_4.csv,crp_dataset_8_1_7.csv,0.6370866326241535,0.9999999999954546,0.9999999999954546,220,0,0,36,0.0095703125,0.00034090909090909094,0.00922940340909091
RF,4,0.5,1.0,crp_dataset_8_1_2.csv|crp_dataset_8_1_3.csv|crp_dataset_8_1_6.csv|crp_dataset_8_1_4.csv,crp_dataset_8_1_5.csv,0.6370866326241535,0.9999999999870129,0.7699999999923,77,0,23,156,0.039282226562499994,0.0013798701298701301,0.03790235643262987
RF,4,0.5,1.0,crp_dataset_8_1_2.csv|crp_dataset_8_1_3.csv|crp_dataset_8_1_6.csv|crp_dataset_8_1_4.csv,crp_dataset_8_1_1.csv,0.6370866326241535,0.9701492537168634,0.5158730158689216,65,2,61,128,0.0252685546875,0.0004664179104477612,0.024802136777052237
RF,4,0.5,1.0,crp_dataset_8_1_2.csv|crp_dataset_8_1_3.csv|crp_dataset_8_1_6.csv|crp_dataset_8_1_4.csv,crp_dataset_8_1_8.csv,0.6370866326241535,0.9753086419632677,0.5724637681117938,79,2,59,116,0.0283203125,0.0030092592592592593,0.02531105324074074
RF,4,0.5,1.0,crp_dataset_8_1_2.csv|crp_dataset_8_1_1.csv|crp_dataset_8_1_8.csv|crp_dataset_8_1_6.csv,crp_dataset_8_1_7.csv,0.7358290598290599,0.9999999999954546,0.9999999999954546,220,0,0,36,0.0095703125,0.00034090909090909094,0.00922940340909091
RF,4,0.5,1.0,crp_dataset_8_1_2.csv|crp_dataset_8_1_1.csv|crp_dataset_8_1_8.csv|crp_dataset_8_1_6.csv,crp_dataset_8_1_5.csv,0.7358290598290599,0.9999999999870129,0.7699999999923,77,0,23,156,0.039282226562499994,0.0013798701298701301,0.03790235643262987
RF,4,0.5,1.0,crp_dataset_8_1_2.csv|crp_dataset_8_1_1.csv|crp_dataset_8_1_8.csv|crp_dataset_8_1_6.csv,crp_dataset_8_1_3.csv,0.7358290598290599,0.999999999993007,0.8265895953709447,143,0,30,83,0.0196044921875,0.00013111888111888115,0.019473373306381117
RF,4,0.5,1.0,crp_dataset_8_1_2.csv|crp_dataset_8_1_1.csv|crp_dataset_8_1_8.csv|crp_dataset_8_1_6.csv,crp_dataset_8_1_4.csv,0.7358290598290599,0.9920634920556185,0.9541984732751588,125,1,6,124,0.023046875,0.00034722222222222224,0.02269965277777778
RF,4,0.5,1.0,crp_dataset_8_1_2.csv|crp_dataset_8_1_1.csv|crp_dataset_8_1_8.csv|crp_dataset_8_1_4.csv,crp_dataset_8_1_7.csv,0.712984864121087,0.9999999999954546,0.9999999999954546,220,0,0,36,0.0095703125,0.00034090909090909094,0.00922940340909091
RF,4,0.5,1.0,crp_dataset_8_1_2.csv|crp_dataset_8_1_1.csv|crp_dataset_8_1_8.csv|crp_dataset_8_1_4.csv,crp_dataset_8_1_5.csv,0.712984864121087,0.9999999999870129,0.7699999999923,77,0,23,156,0.039282226562499994,0.0013798701298701301,0.03790235643262987
RF,4,0.5,1.0,crp_dataset_8_1_2.csv|crp_dataset_8_1_1.csv|crp_dataset_8_1_8.csv|crp_dataset_8_1_4.csv,crp_dataset_8_1_3.csv,0.712984864121087,0.9999999999921876,0.7398843930593071,128,0,45,83,0.0196044921875,0.00014648437500000002,0.0194580078125
RF,4,0.5,1.0,crp_dataset_8_1_2.csv|crp_dataset_8_1_1.csv|crp_dataset_8_1_8.csv|crp_dataset_8_1_4.csv,crp_dataset_8_1_6.csv,0.712984864121087,0.9642857142771045,0.7714285714230613,108,4,32,112,0.026928710937499996,0.0018973214285714288,0.025031389508928567
RF,4,0.5,1.0,crp_dataset_8_1_2.csv|crp_dataset_8_1_1.csv|crp_dataset_8_1_6.csv|crp_dataset_8_1_4.csv,crp_dataset_8_1_7.csv,0.6348611111111111,0.9999999999954546,0.9999999999954546,220,0,0,36,0.0095703125,0.00034090909090909094,0.00922940340909091
RF,4,0.5,1.0,crp_dataset_8_1_2.csv|crp_dataset_8_1_1.csv|crp_dataset_8_1_6.csv|crp_dataset_8_1_4.csv,crp_dataset_8_1_5.csv,0.6348611111111111,0.9999999999871795,0.7799999999921999,78,0,22,156,0.039282226562499994,0.0014423076923076924,0.0378399188701923
RF,4,0.5,1.0,crp_dataset_8_1_2.csv|crp_dataset_8_1_1.csv|crp_dataset_8_1_6.csv|crp_dataset_8_1_4.csv,crp_dataset_8_1_3.csv,0.6348611111111111,0.9999999999923078,0.7514450867008587,130,0,43,83,0.0196044921875,0.0,0.0196044921875
RF,4,0.5,1.0,crp_dataset_8_1_2.csv|crp_dataset_8_1_1.csv|crp_dataset_8_1_6.csv|crp_dataset_8_1_4.csv,crp_dataset_8_1_8.csv,0.6348611111111111,0.9999999999857142,0.5072463768079185,70,0,68,118,0.0283203125,0.002678571428571429,0.02564174107142857
RF,4,0.5,1.0,crp_dataset_8_1_2.csv|crp_dataset_8_1_8.csv|crp_dataset_8_1_6.csv|crp_dataset_8_1_4.csv,crp_dataset_8_1_7.csv,0.6907074022074023,0.9999999999954546,0.9999999999954546,220,0,0,36,0.0095703125,0.00034090909090909094,0.00922940340909091
RF,4,0.5,1.0,crp_dataset_8_1_2.csv|crp_dataset_8_1_8.csv|crp_dataset_8_1_6.csv|crp_dataset_8_1_4.csv,crp_dataset_8_1_5.csv,0.6907074022074023,0.9999999999871795,0.7799999999921999,78,0,22,156,0.039282226562499994,0.0014423076923076924,0.0378399188701923
RF,4,0.5,1.0,crp_dataset_8_1_2.csv|crp_dataset_8_1_8.csv|crp_dataset_8_1_6.csv|crp_dataset_8_1_4.csv,crp_dataset_8_1_3.csv,0.6907074022074023,0.999999999992,0.7225433525969795,125,0,48,83,0.0196044921875,0.0,0.0196044921875
RF,4,0.5,1.0,crp_dataset_8_1_2.csv|crp_dataset_8_1_8.csv|crp_dataset_8_1_6.csv|crp_dataset_8_1_4.csv,crp_dataset_8_1_1.csv,0.6907074022074023,0.9605263157768351,0.5793650793604812,73,3,53,127,0.0252685546875,0.000575657894736842,0.02469289679276316
RF,4,0.5,1.0,crp_dataset_8_1_7.csv|crp_dataset_8_1_5.csv|crp_dataset_8_1_3.csv|crp_dataset_8_1_1.csv,crp_dataset_8_1_2.csv,0.7440151515151515,0.9999999999890109,0.764705882346515,91,0,28,137,0.039453125,0.0013736263736263737,0.03807949862637362
RF,4,0.5,1.0,crp_dataset_8_1_7.csv|crp_dataset_8_1_5.csv|crp_dataset_8_1_3.csv|crp_dataset_8_1_1.csv,crp_dataset_8_1_8.csv,0.7440151515151515,0.9999999999873417,0.5724637681117938,79,0,59,118,0.0283203125,0.0022943037974683545,0.026026008702531647
RF,4,0.5,1.0,crp_dataset_8_1_7.csv|crp_dataset_8_1_5.csv|crp_dataset_8_1_3.csv|crp_dataset_8_1_1.csv,crp_dataset_8_1_6.csv,0.7440151515151515,0.7127659574430173,0.9571428571360204,134,54,6,62,0.026928710937499996,0.016589095744680853,0.010339615192819143
RF,4,0.5,1.0,crp_dataset_8_1_7.csv|crp_dataset_8_1_5.csv|crp_dataset_8_1_3.csv|crp_dataset_8_1_1.csv,crp_dataset_8_1_4.csv,0.7440151515151515,0.999999999990991,0.8473282442683411,111,0,20,125,0.023046875,0.00028153153153153153,0.02276534346846847
RF,4,0.5,1.0,crp_dataset_8_1_7.csv|crp_dataset_8_1_5.csv|crp_dataset_8_1_3.csv|crp_dataset_8_1_8.csv,crp_dataset_8_1_2.csv,0.6263412698412698,0.999999999988764,0.7478991596575807,89,0,30,137,0.039453125,0.0013342696629213486,0.03811885533707865
RF,4,0.5,1.0,crp_dataset_8_1_7.csv|crp_dataset_8_1_5.csv|crp_dataset_8_1_3.csv|crp_dataset_8_1_8.csv,crp_dataset_8_1_1.csv,0.6263412698412698,0.9914529914445175,0.920634920627614,116,1,10,129,0.0252685546875,0.00042735042735042735,0.024841204260149574
RF,4,0.5,1.0,crp_dataset_8_1_7.csv|crp_dataset_8_1_5.csv|crp_dataset_8_1_3.csv|crp_dataset_8_1_8.csv,crp_dataset_8_1_6.csv,0.6263412698412698,0.6698564593269385,0.9999999999928573,140,69,0,47,0.026928710937499996,0.017553827751196172,0.009374883186303824
RF,4,0.5,1.0,crp_dataset_8_1_7.csv|crp_dataset_8_1_5.csv|crp_dataset_8_1_3.csv|crp_dataset_8_1_8.csv,crp_dataset_8_1_4.csv,0.6263412698412698,0.9912280701667436,0.8625954198407436,113,1,18,124,0.023046875,0.0004385964912280702,0.02260827850877193
RF,4,0.5,1.0,crp_dataset_8_1_7.csv|crp_dataset_8_1_5.csv|crp_dataset_8_1_3.csv|crp_dataset_8_1_6.csv,crp_dataset_8_1_2.csv,0.6394021164021164,0.9916666666584028,0.9999999999915966,119,1,0,136,0.039453125,0.0016145833333333333,0.03783854166666666
RF,4,0.5,1.0,crp_dataset_8_1_7.csv|crp_dataset_8_1_5.csv|crp_dataset_8_1_3.csv|crp_dataset_8_1_6.csv,crp_dataset_8_1_1.csv,0.6394021164021164,0.96103896102648,0.5873015872969262,74,3,52,127,0.0252685546875,0.0006493506493506494,0.02461920403814935
RF,4,0.5,1.0,crp_dataset_8_1_7.csv|crp_dataset_8_1_5.csv|crp_dataset_8_1_3.csv|crp_dataset_8_1_6.csv,crp_dataset_8_1_8.csv,0.6394021164021164,0.9222222222119753,0.6014492753579606,83,7,55,111,0.0283203125,0.0035416666666666665,0.024778645833333335
RF,4,0.5,1.0,crp_dataset_8_1_7.csv|crp_dataset_8_1_5.csv|crp_dataset_8_1_3.csv|crp_dataset_8_1_6.csv,crp_dataset_8_1_4.csv,0.6394021164021164,0.9999999999917355,0.9236641221303538,121,0,10,125,0.023046875,0.00025826446280991736,0.022788610537190085
RF,4,0.5,1.0,crp_dataset_8_1_7.csv|crp_dataset_8_1_5.csv|crp_dataset_8_1_3.csv|crp_dataset_8_1_4.csv,crp_dataset_8_1_2.csv,0.7603996486605182,0.9999999999879517,0.6974789915907774,83,0,36,137,0.039453125,0.0013554216867469882,0.03809770331325301
RF,4,0.5,1.0,crp_dataset_8_1_7.csv|crp_dataset_8_1_5.csv|crp_dataset_8_1_3.csv|crp_dataset_8_1_4.csv,crp_dataset_8_1_1.csv,0.7603996486605182,0.9696969696822773,0.5079365079324767,64,2,62,128,0.0252685546875,0.0004734848484848485,0.024795069839015152
RF,4,0.5,1.0,crp_dataset_8_1_7.csv|crp_dataset_8_1_5.csv|crp_dataset_8_1_3.csv|crp_dataset_8_1_4.csv,crp_dataset_8_1_8.csv,0.7603996486605182,0.9493670885955776,0.543478260865627,75,4,63,114,0.0283203125,0.003401898734177215,0.024918413765822784
RF,4,0.5,1.0,crp_dataset_8_1_7.csv|crp_dataset_8_1_5.csv|crp_dataset_8_1_3.csv|crp_dataset_8_1_4.csv,crp_dataset_8_1_6.csv,0.7603996486605182,0.7976190476142999,0.9571428571360204,134,34,6,82,0.026928710937499996,0.009561011904761905,0.01736769903273809
RF,4,0.5,1.0,crp_dataset_8_1_7.csv|crp_dataset_8_1_5.csv|crp_dataset_8_1_1.csv|crp_dataset_8_1_8.csv,crp_dataset_8_1_2.csv,0.6498503669851821,0.9425287356213502,0.6890756302463102,82,5,37,132,0.039453125,0.0020114942528735636,0.037441630747126434
RF,4,0.5,1.0,crp_dataset_8_1_7.csv|crp_dataset_8_1_5.csv|crp_dataset_8_1_1.csv|crp_dataset_8_1_8.csv,crp_dataset_8_1_3.csv,0.6498503669851821,0.9847328244199639,0.7456647398800829,129,2,44,81,0.0196044921875,0.000333969465648855,0.019270522721851143
RF,4,0.5,1.0,crp_dataset_8_1_7.csv|crp_dataset_8_1_5.csv|crp_dataset_8_1_1.csv|crp_dataset_8_1_8.csv,crp_dataset_8_1_6.csv,0.6498503669851821,0.9999999999903846,0.7428571428518368,104,0,36,116,0.026928710937499996,0.0001201923076923077,0.02680851862980769
RF,4,0.5,1.0,crp_dataset_8_1_7.csv|crp_dataset_8_1_5.csv|crp_dataset_8_1_1.csv|crp_dataset_8_1_8.csv,crp_dataset_8_1_4.csv,0.6498503669851821,0.999999999990991,0.8473282442683411,111,0,20,125,0.023046875,0.0003378378378378379,0.022709037162162164
RF,4,0.5,1.0,crp_dataset_8_1_7.csv|crp_dataset_8_1_5.csv|crp_dataset_8_1_1.csv|crp_dataset_8_1_6.csv,crp_dataset_8_1_2.csv,0.6504065385116671,0.9425287356213502,0.6890756302463102,82,5,37,132,0.039453125,0.0020114942528735636,0.037441630747126434
RF,4,0.5,1.0,crp_dataset_8_1_7.csv|crp_dataset_8_1_5.csv|crp_dataset_8_1_1.csv|crp_dataset_8_1_6.csv,crp_dataset_8_1_3.csv,0.6504065385116671,0.9860139860070909,0.8150289017293929,141,2,32,81,0.0196044921875,0.00030594405594405597,0.019298548131555942
RF,4,0.5,1.0,crp_dataset_8_1_7.csv|crp_dataset_8_1_5.csv|crp_dataset_8_1_1.csv|crp_dataset_8_1_6.csv,crp_dataset_8_1_8.csv,0.6504065385116671,0.979166666656467,0.6811594202849192,94,2,44,116,0.0283203125,0.0024088541666666668,0.02591145833333333
RF,4,0.5,1.0,crp_dataset_8_1_7.csv|crp_dataset_8_1_5.csv|crp_dataset_8_1_1.csv|crp_dataset_8_1_6.csv,crp_dataset_8_1_4.csv,0.6504065385116671,0.9919354838629683,0.9389312977027563,123,1,8,124,0.023046875,0.0004032258064516129,0.022643649193548387
RF,4,0.5,1.0,crp_dataset_8_1_7.csv|crp_dataset_8_1_5.csv|crp_dataset_8_1_1.csv|crp_dataset_8_1_4.csv,crp_dataset_8_1_2.csv,0.631373360037153,0.9444444444339506,0.7142857142797119,85,5,34,132,0.039453125,0.0019444444444444446,0.037508680555555556
RF,4,0.5,1.0,crp_dataset_8_1_7.csv|crp_dataset_8_1_5.csv|crp_dataset_8_1_1.csv|crp_dataset_8_1_4.csv,crp_dataset_8_1_3.csv,0.631373360037153,0.9848484848410239,0.7514450867008587,130,2,43,81,0.0196044921875,0.00033143939393939396,0.019273052793560605
RF,4,0.5,1.0,crp_dataset_8_1_7.csv|crp_dataset_8_1_5.csv|crp_dataset_8_1_1.csv|crp_dataset_8_1_4.csv,crp_dataset_8_1_8.csv,0.631373360037153,0.9696969696871748,0.6956521739080026,96,3,42,115,0.0283203125,0.002588383838383838,0.025731928661616162
RF,4,0.5,1.0,crp_dataset_8_1_7.csv|crp_dataset_8_1_5.csv|crp_dataset_8_1_1.csv|crp_dataset_8_1_4.csv,crp_dataset_8_1_6.csv,0.631373360037153,0.7168674698751997,0.8499999999939286,119,47,21,69,0.026928710937499996,0.01799698795180723,0.008931722985692767
RF,4,0.5,1.0,crp_dataset_8_1_7.csv|crp_dataset_8_1_5.csv|crp_dataset_8_1_8.csv|crp_dataset_8_1_6.csv,crp_dataset_8_1_2.csv,0.6866666666666666,0.9425287356213502,0.6890756302463102,82,5,37,132,0.039453125,0.0020114942528735636,0.037441630747126434
RF,4,0.5,1.0,crp_dataset_8_1_7.csv|crp_dataset_8_1_5.csv|crp_dataset_8_1_8.csv|crp_dataset_8_1_6.csv,crp_dataset_8_1_3.csv,0.6866666666666666,0.9836065573689868,0.6936416184931004,120,2,53,81,0.0196044921875,0.00020491803278688525,0.019399574154713113
RF,4,0.5,1.0,crp_dataset_8_1_7.csv|crp_dataset_8_1_5.csv|crp_dataset_8_1_8.csv|crp_dataset_8_1_6.csv,crp_dataset_8_1_1.csv,0.6866666666666666,0.9583333333200231,0.5476190476147014,69,3,57,127,0.0252685546875,0.0006076388888888889,0.02466091579861111
RF,4,0.5,1.0,crp_dataset_8_1_7.csv|crp_dataset_8_1_5.csv|crp_dataset_8_1_8.csv|crp_dataset_8_1_6.csv,crp_dataset_8_1_4.csv,0.6866666666666666,0.991999999992064,0.9465648854889576,124,1,7,124,0.023046875,0.00035000000000000005,0.022696875000000002
RF,4,0.5,1.0,crp_dataset_8_1_7.csv|crp_dataset_8_1_5.csv|crp_dataset_8_1_8.csv|crp_dataset_8_1_4.csv,crp_dataset_8_1_2.csv,0.6235116516037569,0.9444444444339506,0.7142857142797119,85,5,34,132,0.039453125,0.0019444444444444446,0.037508680555555556
RF,4,0.5,1.0,crp_dataset_8_1_7.csv|crp_dataset_8_1_5.csv|crp_dataset_8_1_8.csv|crp_dataset_8_1_4.csv,crp_dataset_8_1_3.csv,0.6235116516037569,0.9833333333251388,0.6820809248515487,118,2,55,81,0.0196044921875,0.00020833333333333335,0.019396158854166665
RF,4,0.5,1.0,crp_dataset_8_1_7.csv|crp_dataset_8_1_5.csv|crp_dataset_8_1_8.csv|crp_dataset_8_1_4.csv,crp_dataset_8_1_1.csv,0.6235116516037569,0.9999999999873417,0.6269841269791508,79,0,47,130,0.0252685546875,7.911392405063291e-05,0.025189440763449367
RF,4,0.5,1.0,crp_dataset_8_1_7.csv|crp_dataset_8_1_5.csv|crp_dataset_8_1_8.csv|crp_dataset_8_1_4.csv,crp_dataset_8_1_6.csv,0.6235116516037569,0.9999999999882353,0.6071428571385205,85,0,55,116,0.026928710937499996,0.00022058823529411768,0.026708122702205878
RF,4,0.5,1.0,crp_dataset_8_1_7.csv|crp_dataset_8_1_5.csv|crp_dataset_8_1_6.csv|crp_dataset_8_1_4.csv,crp_dataset_8_1_2.csv,0.6091269841269842,0.9499999999905,0.7983193277243839,95,5,24,132,0.039453125,0.0018125000000000003,0.037640625
RF,4,0.5,1.0,crp_dataset_8_1_7.csv|crp_dataset_8_1_5.csv|crp_dataset_8_1_6.csv|crp_dataset_8_1_4.csv,crp_dataset_8_1_3.csv,0.6091269841269842,0.9843749999923097,0.7283236994177554,126,2,47,81,0.0196044921875,0.0001953125,0.0194091796875
RF,4,0.5,1.0,crp_dataset_8_1_7.csv|crp_dataset_8_1_5.csv|crp_dataset_8_1_6.csv|crp_dataset_8_1_4.csv,crp_dataset_8_1_1.csv,0.6091269841269842,0.9718309859018052,0.5476190476147014,69,2,57,128,0.0252685546875,0.00044014084507042255,0.024828413842429578
RF,4,0.5,1.0,crp_dataset_8_1_7.csv|crp_dataset_8_1_5.csv|crp_dataset_8_1_6.csv|crp_dataset_8_1_4.csv,crp_dataset_8_1_8.csv,0.6091269841269842,0.9080459770010569,0.5724637681117938,79,8,59,110,0.0283203125,0.0038793103448275853,0.024441002155172413
RF,4,0.5,1.0,crp_dataset_8_1_7.csv|crp_dataset_8_1_3.csv|crp_dataset_8_1_1.csv|crp_dataset_8_1_8.csv,crp_dataset_8_1_2.csv,0.6507777777777778,0.9425287356213502,0.6890756302463102,82,5,37,132,0.039453125,0.0020114942528735636,0.037441630747126434
RF,4,0.5,1.0,crp_dataset_8_1_7.csv|crp_dataset_8_1_3.csv|crp_dataset_8_1_1.csv|crp_dataset_8_1_8.csv,crp_dataset_8_1_5.csv,0.6507777777777778,0.9999999999870129,0.7699999999923,77,0,23,156,0.039282226562499994,0.0013798701298701301,0.03790235643262987
RF,4,0.5,1.0,crp_dataset_8_1_7.csv|crp_dataset_8_1_3.csv|crp_dataset_8_1_1.csv|crp_dataset_8_1_8.csv,crp_dataset_8_1_6.csv,0.6507777777777778,0.6451612903196076,0.9999999999928573,140,77,0,39,0.026928710937499996,0.021399769585253456,0.00552894135224654
RF,4,0.5,1.0,crp_dataset_8_1_7.csv|crp_dataset_8_1_3.csv|crp_dataset_8_1_1.csv|crp_dataset_8_1_8.csv,crp_dataset_8_1_4.csv,0.6507777777777778,0.991869918691123,0.931297709916555,122,1,9,124,0.023046875,0.0004065040650406504,0.02264037093495935
RF,4,0.5,1.0,crp_dataset_8_1_7.csv|crp_dataset_8_1_3.csv|crp_dataset_8_1_1.csv|crp_dataset_8_1_6.csv,crp_dataset_8_1_2.csv,0.6804761904761905,0.9879518072170126,0.6890756302463102,82,1,37,136,0.039453125,0.0015060240963855425,0.03794710090361446
RF,4,0.5,1.0,crp_dataset_8_1_7.csv|crp_dataset_8_1_3.csv|crp_dataset_8_1_1.csv|crp_dataset_8_1_6.csv,crp_dataset_8_1_5.csv,0.6804761904761905,0.9999999999870129,0.7699999999923,77,0,23,156,0.039282226562499994,0.0013798701298701301,0.03790235643262987
RF,4,0.5,1.0,crp_dataset_8_1_7.csv|crp_dataset_8_1_3.csv|crp_dataset_8_1_1.csv|crp_dataset_8_1_6.csv,crp_dataset_8_1_8.csv,0.6804761904761905,0.9890109890001207,0.6521739130387524,90,1,48,117,0.0283203125,0.0022664835164835167,0.026053828983516485
RF,4,0.5,1.0,crp_dataset_8_1_7.csv|crp_dataset_8_1_3.csv|crp_dataset_8_1_1.csv|crp_dataset_8_1_6.csv,crp_dataset_8_1_4.csv,0.6804761904761905,0.9917355371818865,0.9160305343441525,120,1,11,124,0.023046875,0.0004132231404958678,0.022633651859504132
RF,4,0.5,1.0,crp_dataset_8_1_7.csv|crp_dataset_8_1_3.csv|crp_dataset_8_1_1.csv|crp_dataset_8_1_4.csv,crp_dataset_8_1_2.csv,0.7012041459750171,0.9999999999878049,0.6890756302463102,82,0,37,137,0.039453125,0.0013719512195121953,0.0380811737804878
RF,4,0.5,1.0,crp_dataset_8_1_7.csv|crp_dataset_8_1_3.csv|crp_dataset_8_1_1.csv|crp_dataset_8_1_4.csv,crp_dataset_8_1_5.csv,0.7012041459750171,0.9999999999870129,0.7699999999923,77,0,23,156,0.039282226562499994,0.0013798701298701301,0.03790235643262987
RF,4,0.5,1.0,crp_dataset_8_1_7.csv|crp_dataset_8_1_3.csv|crp_dataset_8_1_1.csv|crp_dataset_8_1_4.csv,crp_dataset_8_1_8.csv,0.7012041459750171,0.9999999999878049,0.5942028985464188,82,0,56,118,0.0283203125,0.002210365853658537,0.02610994664634146
RF,4,0.5,1.0,crp_dataset_8_1_7.csv|crp_dataset_8_1_3.csv|crp_dataset_8_1_1.csv|crp_dataset_8_1_4.csv,crp_dataset_8_1_6.csv,0.7012041459750171,0.7219251336859791,0.9642857142788266,135,52,5,64,0.026928710937499996,0.015975935828877005,0.01095277510862299
RF,4,0.5,1.0,crp_dataset_8_1_7.csv|crp_dataset_8_1_3.csv|crp_dataset_8_1_8.csv|crp_dataset_8_1_6.csv,crp_dataset_8_1_2.csv,0.6858393719806763,0.9999999999878049,0.6890756302463102,82,0,37,137,0.039453125,0.0013719512195121953,0.0380811737804878
RF,4,0.5,1.0,crp_dataset_8_1_7.csv|crp_dataset_8_1_3.csv|crp_dataset_8_1_8.csv|crp_dataset_8_1_6.csv,crp_dataset_8_1_5.csv,0.6858393719806763,0.987654320975461,0.799999999992,80,1,20,155,0.039282226562499994,0.0018518518518518521,0.03743037471064814
RF,4,0.5,1.0,crp_dataset_8_1_7.csv|crp_dataset_8_1_3.csv|crp_dataset_8_1_8.csv|crp_dataset_8_1_6.csv,crp_dataset_8_1_1.csv,0.6858393719806763,0.9690721649384632,0.7460317460258251,94,3,32,127,0.0252685546875,0.0005154639175257732,0.024753090769974225
RF,4,0.5,1.0,crp_dataset_8_1_7.csv|crp_dataset_8_1_3.csv|crp_dataset_8_1_8.csv|crp_dataset_8_1_6.csv,crp_dataset_8_1_4.csv,0.6858393719806763,0.9920634920556185,0.9541984732751588,125,1,6,124,0.023046875,0.00034722222222222224,0.02269965277777778
RF,4,0.5,1.0,crp_dataset_8_1_7.csv|crp_dataset_8_1_3.csv|crp_dataset_8_1_8.csv|crp_dataset_8_1_4.csv,crp_dataset_8_1_2.csv,0.6241666666666666,0.8913043478163988,0.6890756302463102,82,10,37,127,0.039453125,0.012567934782608698,0.026885190217391303
RF,4,0.5,1.0,crp_dataset_8_1_7.csv|crp_dataset_8_1_3.csv|crp_dataset_8_1_8.csv|crp_dataset_8_1_4.csv,crp_dataset_8_1_5.csv,0.6241666666666666,0.925531914883771,0.8699999999913,87,7,13,149,0.039282226562499994,0.0027260638297872336,0.03655616273271276
RF,4,0.5,1.0,crp_dataset_8_1_7.csv|crp_dataset_8_1_3.csv|crp_dataset_8_1_8.csv|crp_dataset_8_1_4.csv,crp_dataset_8_1_1.csv,0.6241666666666666,0.9780219780112305,0.7063492063436004,89,2,37,128,0.0252685546875,0.00041208791208791214,0.02485646677541209
RF,4,0.5,1.0,crp_dataset_8_1_7.csv|crp_dataset_8_1_3.csv|crp_dataset_8_1_8.csv|crp_dataset_8_1_4.csv,crp_dataset_8_1_6.csv,0.6241666666666666,0.6086956521712665,0.9999999999928573,140,90,0,26,0.026928710937499996,0.023179347826086955,0.0037493631114130406
RF,4,0.5,1.0,crp_dataset_8_1_7.csv|crp_dataset_8_1_3.csv|crp_dataset_8_1_6.csv|crp_dataset_8_1_4.csv,crp_dataset_8_1_2.csv,0.6069267676767677,0.9425287356213502,0.6890756302463102,82,5,37,132,0.039453125,0.0020114942528735636,0.037441630747126434
RF,4,0.5,1.0,crp_dataset_8_1_7.csv|crp_dataset_8_1_3.csv|crp_dataset_8_1_6.csv|crp_dataset_8_1_4.csv,crp_dataset_8_1_5.csv,0.6069267676767677,0.987654320975461,0.799999999992,80,1,20,155,0.039282226562499994,0.0015432098765432098,0.037739016685956785
RF,4,0.5,1.0,crp_dataset_8_1_7.csv|crp_dataset_8_1_3.csv|crp_dataset_8_1_6.csv|crp_dataset_8_1_4.csv,crp_dataset_8_1_1.csv,0.6069267676767677,0.9701492537168634,0.5158730158689216,65,2,61,128,0.0252685546875,0.0004664179104477612,0.024802136777052237
RF,4,0.5,1.0,crp_dataset_8_1_7.csv|crp_dataset_8_1_3.csv|crp_dataset_8_1_6.csv|crp_dataset_8_1_4.csv,crp_dataset_8_1_8.csv,0.6069267676767677,0.9213483145963893,0.5942028985464188,82,7,56,111,0.0283203125,0.0035112359550561797,0.02480907654494382
RF,4,0.5,1.0,crp_dataset_8_1_7.csv|crp_dataset_8_1_1.csv|crp_dataset_8_1_8.csv|crp_dataset_8_1_6.csv,crp_dataset_8_1_2.csv,0.6455718954248365,0.9425287356213502,0.6890756302463102,82,5,37,132,0.039453125,0.0020114942528735636,0.037441630747126434
RF,4,0.5,1.0,crp_dataset_8_1_7.csv|crp_dataset_8_1_1.csv|crp_dataset_8_1_8.csv|crp_dataset_8_1_6.csv,crp_dataset_8_1_5.csv,0.6455718954248365,0.9756097560856632,0.799999999992,80,2,20,154,0.039282226562499994,0.0021341463414634144,0.03714808022103658
RF,4,0.5,1.0,crp_dataset_8_1_7.csv|crp_dataset_8_1_1.csv|crp_dataset_8_1_8.csv|crp_dataset_8_1_6.csv,crp_dataset_8_1_3.csv,0.6455718954248365,0.9860139860070909,0.8150289017293929,141,2,32,81,0.0196044921875,0.00030594405594405597,0.019298548131555942
RF,4,0.5,1.0,crp_dataset_8_1_7.csv|crp_dataset_8_1_1.csv|crp_dataset_8_1_8.csv|crp_dataset_8_1_6.csv,crp_dataset_8_1_4.csv,0.6455718954248365,0.9999999999915254,0.90076335877175,118,0,13,125,0.023046875,0.00031779661016949156,0.02272907838983051
RF,4,0.5,1.0,crp_dataset_8_1_7.csv|crp_dataset_8_1_1.csv|crp_dataset_8_1_8.csv|crp_dataset_8_1_4.csv,crp_dataset_8_1_2.csv,0.77,0.9425287356213502,0.6890756302463102,82,5,37,132,0.039453125,0.0020114942528735636,0.037441630747126434
RF,4,0.5,1.0,crp_dataset_8_1_7.csv|crp_dataset_8_1_1.csv|crp_dataset_8_1_8.csv|crp_dataset_8_1_4.csv,crp_dataset_8_1_5.csv,0.77,0.9999999999870129,0.7699999999923,77,0,23,156,0.039282226562499994,0.0013798701298701301,0.03790235643262987
RF,4,0.5,1.0,crp_dataset_8_1_7.csv|crp_dataset_8_1_1.csv|crp_dataset_8_1_8.csv|crp_dataset_8_1_4.csv,crp_dataset_8_1_3.csv,0.77,0.9833333333251388,0.6820809248515487,118,2,55,81,0.0196044921875,0.00026041666666666666,0.019344075520833334
RF,4,0.5,1.0,crp_dataset_8_1_7.csv|crp_dataset_8_1_1.csv|crp_dataset_8_1_8.csv|crp_dataset_8_1_4.csv,crp_dataset_8_1_6.csv,0.77,0.9908256880643043,0.7714285714230613,108,1,32,115,0.026928710937499996,0.0004013761467889908,0.026527334790711007
RF,4,0.5,1.0,crp_dataset_8_1_7.csv|crp_dataset_8_1_1.csv|crp_dataset_8_1_6.csv|crp_dataset_8_1_4.csv,crp_dataset_8_1_2.csv,0.7803703703703704,0.9425287356213502,0.6890756302463102,82,5,37,132,0.039453125,0.0020114942528735636,0.037441630747126434
RF,4,0.5,1.0,crp_dataset_8_1_7.csv|crp_dataset_8_1_1.csv|crp_dataset_8_1_6.csv|crp_dataset_8_1_4.csv,crp_dataset_8_1_5.csv,0.7803703703703704,0.9999999999870129,0.7699999999923,77,0,23,156,0.039282226562499994,0.0013798701298701301,0.03790235643262987
RF,4,0.5,1.0,crp_dataset_8_1_7.csv|crp_dataset_8_1_1.csv|crp_dataset_8_1_6.csv|crp_dataset_8_1_4.csv,crp_dataset_8_1_3.csv,0.7803703703703704,0.984251968496187,0.7225433525969795,125,2,48,81,0.0196044921875,0.00019685039370078743,0.01940764179379921
RF,4,0.5,1.0,crp_dataset_8_1_7.csv|crp_dataset_8_1_1.csv|crp_dataset_8_1_6.csv|crp_dataset_8_1_4.csv,crp_dataset_8_1_8.csv,0.7803703703703704,0.9767441860351541,0.6086956521695023,84,2,54,116,0.0283203125,0.002398255813953489,0.02592205668604651
RF,4,0.5,1.0,crp_dataset_8_1_7.csv|crp_dataset_8_1_8.csv|crp_dataset_8_1_6.csv|crp_dataset_8_1_4.csv,crp_dataset_8_1_2.csv,0.6133333333333333,0.694915254231399,0.6890756302463102,82,36,37,101,0.039453125,0.02727754237288136,0.012175582627118639
RF,4,0.5,1.0,crp_dataset_8_1_7.csv|crp_dataset_8_1_8.csv|crp_dataset_8_1_6.csv|crp_dataset_8_1_4.csv,crp_dataset_8_1_5.csv,0.6133333333333333,0.9292929292835425,0.9199999999908,92,7,8,149,0.039282226562499994,0.002714646464646465,0.036567580097853526
RF,4,0.5,1.0,crp_dataset_8_1_7.csv|crp_dataset_8_1_8.csv|crp_dataset_8_1_6.csv|crp_dataset_8_1_4.csv,crp_dataset_8_1_3.csv,0.6133333333333333,0.984496124023376,0.7341040462385312,127,2,46,81,0.0196044921875,0.0001937984496124031,0.019410693737887598
RF,4,0.5,1.0,crp_dataset_8_1_7.csv|crp_dataset_8_1_8.csv|crp_dataset_8_1_6.csv|crp_dataset_8_1_4.csv,crp_dataset_8_1_1.csv,0.6133333333333333,0.9583333333200231,0.5476190476147014,69,3,57,127,0.0252685546875,0.0006076388888888889,0.02466091579861111
RF,4,0.5,1.0,crp_dataset_8_1_5.csv|crp_dataset_8_1_3.csv|crp_dataset_8_1_1.csv|crp_dataset_8_1_8.csv,crp_dataset_8_1_2.csv,0.6084848484848484,0.9999999999882353,0.7142857142797119,85,0,34,137,0.039453125,0.001323529411764706,0.038129595588235296
RF,4,0.5,1.0,crp_dataset_8_1_5.csv|crp_dataset_8_1_3.csv|crp_dataset_8_1_1.csv|crp_dataset_8_1_8.csv,crp_dataset_8_1_7.csv,0.6084848484848484,0.9999999999954546,0.9999999999954546,220,0,0,36,0.0095703125,0.00034090909090909094,0.00922940340909091
RF,4,0.5,1.0,crp_dataset_8_1_5.csv|crp_dataset_8_1_3.csv|crp_dataset_8_1_1.csv|crp_dataset_8_1_8.csv,crp_dataset_8_1_6.csv,0.6084848484848484,0.63063063062779,0.9999999999928573,140,82,0,34,0.026928710937499996,0.021706081081081078,0.005222629856418918
RF,4,0.5,1.0,crp_dataset_8_1_5.csv|crp_dataset_8_1_3.csv|crp_dataset_8_1_1.csv|crp_dataset_8_1_8.csv,crp_dataset_8_1_4.csv,0.6084848484848484,0.9920634920556185,0.9541984732751588,125,1,6,124,0.023046875,0.0003968253968253968,0.022650049603174606
RF,4,0.5,1.0,crp_dataset_8_1_5.csv|crp_dataset_8_1_3.csv|crp_dataset_8_1_1.csv|crp_dataset_8_1_6.csv,crp_dataset_8_1_2.csv,0.6636793317793318,0.9999999999893616,0.7899159663799167,94,0,25,137,0.039453125,0.0013297872340425536,0.038123337765957444
RF,4,0.5,1.0,crp_dataset_8_1_5.csv|crp_dataset_8_1_3.csv|crp_dataset_8_1_1.csv|crp_dataset_8_1_6.csv,crp_dataset_8_1_7.csv,0.6636793317793318,0.9999999999954546,0.9999999999954546,220,0,0,36,0.0095703125,0.00034090909090909094,0.00922940340909091
RF,4,0.5,1.0,crp_dataset_8_1_5.csv|crp_dataset_8_1_3.csv|crp_dataset_8_1_1.csv|crp_dataset_8_1_6.csv,crp_dataset_8_1_8.csv,0.6636793317793318,0.9999999999888889,0.6521739130387524,90,0,48,118,0.0283203125,0.002430555555555556,0.025889756944444443
RF,4,0.5,1.0,crp_dataset_8_1_5.csv|crp_dataset_8_1_3.csv|crp_dataset_8_1_1.csv|crp_dataset_8_1_6.csv,crp_dataset_8_1_4.csv,0.6636793317793318,0.9920634920556185,0.9541984732751588,125,1,6,124,0.023046875,0.0003968253968253968,0.022650049603174606
RF,4,0.5,1.0,crp_dataset_8_1_5.csv|crp_dataset_8_1_3.csv|crp_dataset_8_1_1.csv|crp_dataset_8_1_4.csv,crp_dataset_8_1_2.csv,0.6381381639764442,0.9999999999883721,0.7226890756241791,86,0,33,137,0.039453125,0.0015261627906976748,0.03792696220930233
RF,4,0.5,1.0,crp_dataset_8_1_5.csv|crp_dataset_8_1_3.csv|crp_dataset_8_1_1.csv|crp_dataset_8_1_4.csv,crp_dataset_8_1_7.csv,0.6381381639764442,0.9999999999954546,0.9999999999954546,220,0,0,36,0.0095703125,0.00034090909090909094,0.00922940340909091
RF,4,0.5,1.0,crp_dataset_8_1_5.csv|crp_dataset_8_1_3.csv|crp_dataset_8_1_1.csv|crp_dataset_8_1_4.csv,crp_dataset_8_1_8.csv,0.6381381639764442,0.9999999999895833,0.6956521739080026,96,0,42,118,0.0283203125,0.0022786458333333335,0.026041666666666668
RF,4,0.5,1.0,crp_dataset_8_1_5.csv|crp_dataset_8_1_3.csv|crp_dataset_8_1_1.csv|crp_dataset_8_1_4.csv,crp_dataset_8_1_6.csv,0.6381381639764442,0.7015706806245992,0.9571428571360204,134,57,6,59,0.026928710937499996,0.01786649214659686,0.009062218790903135
RF,4,0.5,1.0,crp_dataset_8_1_5.csv|crp_dataset_8_1_3.csv|crp_dataset_8_1_8.csv|crp_dataset_8_1_6.csv,crp_dataset_8_1_2.csv,0.6890217864923748,0.9999999999882353,0.7142857142797119,85,0,34,137,0.039453125,0.001323529411764706,0.038129595588235296
RF,4,0.5,1.0,crp_dataset_8_1_5.csv|crp_dataset_8_1_3.csv|crp_dataset_8_1_8.csv|crp_dataset_8_1_6.csv,crp_dataset_8_1_7.csv,0.6890217864923748,0.9999999999954546,0.9999999999954546,220,0,0,36,0.0095703125,0.00034090909090909094,0.00922940340909091
RF,4,0.5,1.0,crp_dataset_8_1_5.csv|crp_dataset_8_1_3.csv|crp_dataset_8_1_8.csv|crp_dataset_8_1_6.csv,crp_dataset_8_1_1.csv,0.6890217864923748,0.9837398373903761,0.9603174603098388,121,2,5,128,0.0252685546875,0.00045731707317073173,0.024811237614329268
RF,4,0.5,1.0,crp_dataset_8_1_5.csv|crp_dataset_8_1_3.csv|crp_dataset_8_1_8.csv|crp_dataset_8_1_6.csv,crp_dataset_8_1_4.csv,0.6890217864923748,0.9843749999923097,0.9618320610613601,126,2,5,123,0.023046875,0.00048828125,0.02255859375
RF,4,0.5,1.0,crp_dataset_8_1_5.csv|crp_dataset_8_1_3.csv|crp_dataset_8_1_8.csv|crp_dataset_8_1_4.csv,crp_dataset_8_1_2.csv,0.6073015873015873,0.999999999988764,0.7478991596575807,89,0,30,137,0.039453125,0.0014044943820224719,0.03804863061797753
RF,4,0.5,1.0,crp_dataset_8_1_5.csv|crp_dataset_8_1_3.csv|crp_dataset_8_1_8.csv|crp_dataset_8_1_4.csv,crp_dataset_8_1_7.csv,0.6073015873015873,0.9999999999954546,0.9999999999954546,220,0,0,36,0.0095703125,0.00034090909090909094,0.00922940340909091
RF,4,0.5,1.0,crp_dataset_8_1_5.csv|crp_dataset_8_1_3.csv|crp_dataset_8_1_8.csv|crp_dataset_8_1_4.csv,crp_dataset_8_1_1.csv,0.6073015873015873,0.981651376137783,0.8492063491996095,107,2,19,128,0.0252685546875,0.0003440366972477065,0.024924517990252294
RF,4,0.5,1.0,crp_dataset_8_1_5.csv|crp_dataset_8_1_3.csv|crp_dataset_8_1_8.csv|crp_dataset_8_1_4.csv,crp_dataset_8_1_6.csv,0.6073015873015873,0.6798029556616759,0.985714285707245,138,65,2,51,0.026928710937499996,0.01690270935960591,0.010026001577894086
RF,4,0.5,1.0,crp_dataset_8_1_5.csv|crp_dataset_8_1_3.csv|crp_dataset_8_1_6.csv|crp_dataset_8_1_4.csv,crp_dataset_8_1_2.csv,0.6330543403964456,0.952380952371882,0.8403361344467198,100,5,19,132,0.039453125,0.0019642857142857144,0.03748883928571428
RF,4,0.5,1.0,crp_dataset_8_1_5.csv|crp_dataset_8_1_3.csv|crp_dataset_8_1_6.csv|crp_dataset_8_1_4.csv,crp_dataset_8_1_7.csv,0.6330543403964456,0.9999999999954546,0.9999999999954546,220,0,0,36,0.0095703125,0.00034090909090909094,0.00922940340909091
RF,4,0.5,1.0,crp_dataset_8_1_5.csv|crp_dataset_8_1_3.csv|crp_dataset_8_1_6.csv|crp_dataset_8_1_4.csv,crp_dataset_8_1_1.csv,0.6330543403964456,0.9701492537168634,0.5158730158689216,65,2,61,128,0.0252685546875,0.0004664179104477612,0.024802136777052237
RF,4,0.5,1.0,crp_dataset_8_1_5.csv|crp_dataset_8_1_3.csv|crp_dataset_8_1_6.csv|crp_dataset_8_1_4.csv,crp_dataset_8_1_8.csv,0.6330543403964456,0.9444444444339506,0.615942028981044,85,5,53,113,0.0283203125,0.003125,0.0251953125
RF,4,0.5,1.0,crp_dataset_8_1_5.csv|crp_dataset_8_1_1.csv|crp_dataset_8_1_8.csv|crp_dataset_8_1_6.csv,crp_dataset_8_1_2.csv,0.7356363636363636,0.9425287356213502,0.6890756302463102,82,5,37,132,0.039453125,0.0020114942528735636,0.037441630747126434
RF,4,0.5,1.0,crp_dataset_8_1_5.csv|crp_dataset_8_1_1.csv|crp_dataset_8_1_8.csv|crp_dataset_8_1_6.csv,crp_dataset_8_1_7.csv,0.7356363636363636,0.9999999999954546,0.9999999999954546,220,0,0,36,0.0095703125,0.00034090909090909094,0.00922940340909091
RF,4,0.5,1.0,crp_dataset_8_1_5.csv|crp_dataset_8_1_1.csv|crp_dataset_8_1_8.csv|crp_dataset_8_1_6.csv,crp_dataset_8_1_3.csv,0.7356363636363636,0.9859154929508035,0.8092485549086171,140,2,33,81,0.0196044921875,0.0003080985915492958,0.019296393595950704
RF,4,0.5,1.0,crp_dataset_8_1_5.csv|crp_dataset_8_1_1.csv|crp_dataset_8_1_8.csv|crp_dataset_8_1_6.csv,crp_dataset_8_1_4.csv,0.7356363636363636,0.999999999990991,0.8473282442683411,111,0,20,125,0.023046875,0.00028153153153153153,0.02276534346846847
RF,4,0.5,1.0,crp_dataset_8_1_5.csv|crp_dataset_8_1_1.csv|crp_dataset_8_1_8.csv|crp_dataset_8_1_4.csv,crp_dataset_8_1_2.csv,0.7644814814814814,0.9425287356213502,0.6890756302463102,82,5,37,132,0.039453125,0.0020114942528735636,0.037441630747126434
RF,4,0.5,1.0,crp_dataset_8_1_5.csv|crp_dataset_8_1_1.csv|crp_dataset_8_1_8.csv|crp_dataset_8_1_4.csv,crp_dataset_8_1_7.csv,0.7644814814814814,0.9999999999954546,0.9999999999954546,220,0,0,36,0.0095703125,0.00034090909090909094,0.00922940340909091
RF,4,0.5,1.0,crp_dataset_8_1_5.csv|crp_dataset_8_1_1.csv|crp_dataset_8_1_8.csv|crp_dataset_8_1_4.csv,crp_dataset_8_1_3.csv,0.7644814814814814,0.983999999992128,0.7109826589554279,123,2,50,81,0.0196044921875,0.00035,0.0192544921875
RF,4,0.5,1.0,crp_dataset_8_1_5.csv|crp_dataset_8_1_1.csv|crp_dataset_8_1_8.csv|crp_dataset_8_1_4.csv,crp_dataset_8_1_6.csv,0.7644814814814814,0.9999999999908257,0.7785714285658674,109,0,31,116,0.026928710937499996,0.00011467889908256881,0.026814032038417427
RF,4,0.5,1.0,crp_dataset_8_1_5.csv|crp_dataset_8_1_1.csv|crp_dataset_8_1_6.csv|crp_dataset_8_1_4.csv,crp_dataset_8_1_2.csv,0.6572222222222222,0.9468085106282254,0.7478991596575807,89,5,30,132,0.039453125,0.0019281914893617023,0.0375249335106383
RF,4,0.5,1.0,crp_dataset_8_1_5.csv|crp_dataset_8_1_1.csv|crp_dataset_8_1_6.csv|crp_dataset_8_1_4.csv,crp_dataset_8_1_7.csv,0.6572222222222222,0.9999999999954546,0.9999999999954546,220,0,0,36,0.0095703125,0.00034090909090909094,0.00922940340909091
RF,4,0.5,1.0,crp_dataset_8_1_5.csv|crp_dataset_8_1_1.csv|crp_dataset_8_1_6.csv|crp_dataset_8_1_4.csv,crp_dataset_8_1_3.csv,0.6572222222222222,0.9851851851778876,0.7687861271631863,133,2,40,81,0.0196044921875,0.0001851851851851852,0.019419307002314815
RF,4,0.5,1.0,crp_dataset_8_1_5.csv|crp_dataset_8_1_1.csv|crp_dataset_8_1_6.csv|crp_dataset_8_1_4.csv,crp_dataset_8_1_8.csv,0.6572222222222222,0.9793814432888723,0.6884057970964609,95,2,43,116,0.0283203125,0.0024484536082474227,0.02587185889175258
RF,4,0.5,1.0,crp_dataset_8_1_5.csv|crp_dataset_8_1_8.csv|crp_dataset_8_1_6.csv|crp_dataset_8_1_4.csv,crp_dataset_8_1_2.csv,0.6221601731601731,0.9425287356213502,0.6890756302463102,82,5,37,132,0.039453125,0.0020114942528735636,0.037441630747126434
RF,4,0.5,1.0,crp_dataset_8_1_5.csv|crp_dataset_8_1_8.csv|crp_dataset_8_1_6.csv|crp_dataset_8_1_4.csv,crp_dataset_8_1_7.csv,0.6221601731601731,0.9999999999954546,0.9999999999954546,220,0,0,36,0.0095703125,0.00034090909090909094,0.00922940340909091
RF,4,0.5,1.0,crp_dataset_8_1_5.csv|crp_dataset_8_1_8.csv|crp_dataset_8_1_6.csv|crp_dataset_8_1_4.csv,crp_dataset_8_1_3.csv,0.6221601731601731,0.984496124023376,0.7341040462385312,127,2,46,81,0.0196044921875,0.0001937984496124031,0.019410693737887598
RF,4,0.5,1.0,crp_dataset_8_1_5.csv|crp_dataset_8_1_8.csv|crp_dataset_8_1_6.csv|crp_dataset_8_1_4.csv,crp_dataset_8_1_1.csv,0.6221601731601731,0.9655172413682124,0.6666666666613756,84,3,42,127,0.0252685546875,0.0005028735632183909,0.02476568112428161
RF,4,0.5,1.0,crp_dataset_8_1_3.csv|crp_dataset_8_1_1.csv|crp_dataset_8_1_8.csv|crp_dataset_8_1_6.csv,crp_dataset_8_1_2.csv,0.6904444444444444,0.9999999999878049,0.6890756302463102,82,0,37,137,0.039453125,0.0013719512195121953,0.0380811737804878
RF,4,0.5,1.0,crp_dataset_8_1_3.csv|crp_dataset_8_1_1.csv|crp_dataset_8_1_8.csv|crp_dataset_8_1_6.csv,crp_dataset_8_1_7.csv,0.6904444444444444,0.9999999999954546,0.9999999999954546,220,0,0,36,0.0095703125,0.00034090909090909094,0.00922940340909091
RF,4,0.5,1.0,crp_dataset_8_1_3.csv|crp_dataset_8_1_1.csv|crp_dataset_8_1_8.csv|crp_dataset_8_1_6.csv,crp_dataset_8_1_5.csv,0.6904444444444444,0.9999999999870129,0.7699999999923,77,0,23,156,0.039282226562499994,0.0013798701298701301,0.03790235643262987
RF,4,0.5,1.0,crp_dataset_8_1_3.csv|crp_dataset_8_1_1.csv|crp_dataset_8_1_8.csv|crp_dataset_8_1_6.csv,crp_dataset_8_1_4.csv,0.6904444444444444,0.9843749999923097,0.9618320610613601,126,2,5,123,0.023046875,0.000537109375,0.022509765625
RF,4,0.5,1.0,crp_dataset_8_1_3.csv|crp_dataset_8_1_1.csv|crp_dataset_8_1_8.csv|crp_dataset_8_1_4.csv,crp_dataset_8_1_2.csv,0.6408633520373391,0.9999999999878049,0.6890756302463102,82,0,37,137,0.039453125,0.0013719512195121953,0.0380811737804878
RF,4,0.5,1.0,crp_dataset_8_1_3.csv|crp_dataset_8_1_1.csv|crp_dataset_8_1_8.csv|crp_dataset_8_1_4.csv,crp_dataset_8_1_7.csv,0.6408633520373391,0.9999999999954546,0.9999999999954546,220,0,0,36,0.0095703125,0.00034090909090909094,0.00922940340909091
RF,4,0.5,1.0,crp_dataset_8_1_3.csv|crp_dataset_8_1_1.csv|crp_dataset_8_1_8.csv|crp_dataset_8_1_4.csv,crp_dataset_8_1_5.csv,0.6408633520373391,0.9756097560856632,0.799999999992,80,2,20,154,0.039282226562499994,0.0021341463414634144,0.03714808022103658
RF,4,0.5,1.0,crp_dataset_8_1_3.csv|crp_dataset_8_1_1.csv|crp_dataset_8_1_8.csv|crp_dataset_8_1_4.csv,crp_dataset_8_1_6.csv,0.6408633520373391,0.6363636363607438,0.9999999999928573,140,80,0,36,0.026928710937499996,0.021392045454545455,0.005536665482954541
RF,4,0.5,1.0,crp_dataset_8_1_3.csv|crp_dataset_8_1_1.csv|crp_dataset_8_1_6.csv|crp_dataset_8_1_4.csv,crp_dataset_8_1_2.csv,0.6327777777777778,0.9425287356213502,0.6890756302463102,82,5,37,132,0.039453125,0.0020114942528735636,0.037441630747126434
RF,4,0.5,1.0,crp_dataset_8_1_3.csv|crp_dataset_8_1_1.csv|crp_dataset_8_1_6.csv|crp_dataset_8_1_4.csv,crp_dataset_8_1_7.csv,0.6327777777777778,0.9999999999954546,0.9999999999954546,220,0,0,36,0.0095703125,0.00034090909090909094,0.00922940340909091
RF,4,0.5,1.0,crp_dataset_8_1_3.csv|crp_dataset_8_1_1.csv|crp_dataset_8_1_6.csv|crp_dataset_8_1_4.csv,crp_dataset_8_1_5.csv,0.6327777777777778,0.9999999999871795,0.7799999999921999,78,0,22,156,0.039282226562499994,0.0013621794871794873,0.037920047075320505
RF,4,0.5,1.0,crp_dataset_8_1_3.csv|crp_dataset_8_1_1.csv|crp_dataset_8_1_6.csv|crp_dataset_8_1_4.csv,crp_dataset_8_1_8.csv,0.6327777777777778,0.9642857142771045,0.7826086956465029,108,4,30,114,0.0283203125,0.0031249999999999997,0.0251953125
RF,4,0.5,1.0,crp_dataset_8_1_3.csv|crp_dataset_8_1_8.csv|crp_dataset_8_1_6.csv|crp_dataset_8_1_4.csv,crp_dataset_8_1_2.csv,0.6149537815126049,0.9761904761788548,0.6890756302463102,82,2,37,135,0.039453125,0.004241071428571429,0.03521205357142857
RF,4,0.5,1.0,crp_dataset_8_1_3.csv|crp_dataset_8_1_8.csv|crp_dataset_8_1_6.csv|crp_dataset_8_1_4.csv,crp_dataset_8_1_7.csv,0.6149537815126049,0.9999999999954546,0.9999999999954546,220,0,0,36,0.0095703125,0.00034090909090909094,0.00922940340909091
RF,4,0.5,1.0,crp_dataset_8_1_3.csv|crp_dataset_8_1_8.csv|crp_dataset_8_1_6.csv|crp_dataset_8_1_4.csv,crp_dataset_8_1_5.csv,0.6149537815126049,0.9638554216751343,0.799999999992,80,3,20,153,0.039282226562499994,0.002259036144578313,0.03702319041792168
RF,4,0.5,1.0,crp_dataset_8_1_3.csv|crp_dataset_8_1_8.csv|crp_dataset_8_1_6.csv|crp_dataset_8_1_4.csv,crp_dataset_8_1_1.csv,0.6149537815126049,0.9696969696871748,0.761904761898715,96,3,30,127,0.0252685546875,0.000505050505050505,0.024763504182449495
RF,4,0.5,1.0,crp_dataset_8_1_1.csv|crp_dataset_8_1_8.csv|crp_dataset_8_1_6.csv|crp_dataset_8_1_4.csv,crp_dataset_8_1_2.csv,0.6233333333333333,0.9425287356213502,0.6890756302463102,82,5,37,132,0.039453125,0.0020114942528735636,0.037441630747126434
RF,4,0.5,1.0,crp_dataset_8_1_1.csv|crp_dataset_8_1_8.csv|crp_dataset_8_1_6.csv|crp_dataset_8_1_4.csv,crp_dataset_8_1_7.csv,0.6233333333333333,0.9999999999954546,0.9999999999954546,220,0,0,36,0.0095703125,0.00034090909090909094,0.00922940340909091
RF,4,0.5,1.0,crp_dataset_8_1_1.csv|crp_dataset_8_1_8.csv|crp_dataset_8_1_6.csv|crp_dataset_8_1_4.csv,crp_dataset_8_1_5.csv,0.6233333333333333,0.9999999999875,0.799999999992,80,0,20,156,0.039282226562499994,0.00140625,0.0378759765625
RF,4,0.5,1.0,crp_dataset_8_1_1.csv|crp_dataset_8_1_8.csv|crp_dataset_8_1_6.csv|crp_dataset_8_1_4.csv,crp_dataset_8_1_3.csv,0.6233333333333333,0.9865771812014325,0.849710982654048,147,2,26,81,0.0196044921875,0.00029362416107382553,0.019310868026426172
RF,5,0.5,1.0,crp_dataset_8_1_2.csv|crp_dataset_8_1_7.csv|crp_dataset_8_1_5.csv|crp_dataset_8_1_3.csv|crp_dataset_8_1_1.csv,crp_dataset_8_1_8.csv,0.7171428571428571,0.9999999999852941,0.4927536231848352,68,0,70,118,0.0283203125,0.0026654411764705887,0.02565487132352941
RF,5,0.5,1.0,crp_dataset_8_1_2.csv|crp_dataset_8_1_7.csv|crp_dataset_8_1_5.csv|crp_dataset_8_1_3.csv|crp_dataset_8_1_1.csv,crp_dataset_8_1_6.csv,0.7171428571428571,0.8301886792400618,0.9428571428504082,132,27,8,89,0.026928710937499996,0.00805817610062893,0.018870534836871067
RF,5,0.5,1.0,crp_dataset_8_1_2.csv|crp_dataset_8_1_7.csv|crp_dataset_8_1_5.csv|crp_dataset_8_1_3.csv|crp_dataset_8_1_1.csv,crp_dataset_8_1_4.csv,0.7171428571428571,0.999999999990909,0.8396946564821398,110,0,21,125,0.023046875,0.0002840909090909091,0.022762784090909094
RF,5,0.5,1.0,crp_dataset_8_1_2.csv|crp_dataset_8_1_7.csv|crp_dataset_8_1_5.csv|crp_dataset_8_1_3.csv|crp_dataset_8_1_8.csv,crp_dataset_8_1_1.csv,0.6465632716049382,0.9914529914445175,0.920634920627614,116,1,10,129,0.0252685546875,0.0003739316239316239,0.024894623063568377
RF,5,0.5,1.0,crp_dataset_8_1_2.csv|crp_dataset_8_1_7.csv|crp_dataset_8_1_5.csv|crp_dataset_8_1_3.csv|crp_dataset_8_1_8.csv,crp_dataset_8_1_6.csv,0.6465632716049382,0.8263473053842734,0.985714285707245,138,29,2,87,0.026928710937499996,0.00782185628742515,0.019106854650074848
RF,5,0.5,1.0,crp_dataset_8_1_2.csv|crp_dataset_8_1_7.csv|crp_dataset_8_1_5.csv|crp_dataset_8_1_3.csv|crp_dataset_8_1_8.csv,crp_dataset_8_1_4.csv,0.6465632716049382,0.999999999990991,0.8473282442683411,111,0,20,125,0.023046875,0.0003378378378378379,0.022709037162162164
RF,5,0.5,1.0,crp_dataset_8_1_2.csv|crp_dataset_8_1_7.csv|crp_dataset_8_1_5.csv|crp_dataset_8_1_3.csv|crp_dataset_8_1_6.csv,crp_dataset_8_1_1.csv,0.6428020833333333,0.9240506328996955,0.5793650793604812,73,6,53,124,0.0252685546875,0.0014240506329113924,0.023844504054588607
RF,5,0.5,1.0,crp_dataset_8_1_2.csv|crp_dataset_8_1_7.csv|crp_dataset_8_1_5.csv|crp_dataset_8_1_3.csv|crp_dataset_8_1_6.csv,crp_dataset_8_1_8.csv,0.6428020833333333,0.8453608247335529,0.5942028985464188,82,15,56,103,0.0283203125,0.005670103092783504,0.022650209407216494
RF,5,0.5,1.0,crp_dataset_8_1_2.csv|crp_dataset_8_1_7.csv|crp_dataset_8_1_5.csv|crp_dataset_8_1_3.csv|crp_dataset_8_1_6.csv,crp_dataset_8_1_4.csv,0.6428020833333333,0.9765624999923707,0.9541984732751588,125,3,6,122,0.023046875,0.000634765625,0.022412109375000003
RF,5,0.5,1.0,crp_dataset_8_1_2.csv|crp_dataset_8_1_7.csv|crp_dataset_8_1_5.csv|crp_dataset_8_1_3.csv|crp_dataset_8_1_4.csv,crp_dataset_8_1_1.csv,0.6824325396825397,0.9999999999861111,0.5714285714240362,72,0,54,130,0.0252685546875,8.680555555555556e-05,0.025181749131944445
RF,5,0.5,1.0,crp_dataset_8_1_2.csv|crp_dataset_8_1_7.csv|crp_dataset_8_1_5.csv|crp_dataset_8_1_3.csv|crp_dataset_8_1_4.csv,crp_dataset_8_1_8.csv,0.6824325396825397,0.9493670885955776,0.543478260865627,75,4,63,114,0.0283203125,0.003401898734177215,0.024918413765822784
RF,5,0.5,1.0,crp_dataset_8_1_2.csv|crp_dataset_8_1_7.csv|crp_dataset_8_1_5.csv|crp_dataset_8_1_3.csv|crp_dataset_8_1_4.csv,crp_dataset_8_1_6.csv,0.6824325396825397,0.7091836734657695,0.9928571428500511,139,57,1,59,0.026928710937499996,0.014859693877551022,0.012069017059948974
RF,5,0.5,1.0,crp_dataset_8_1_2.csv|crp_dataset_8_1_7.csv|crp_dataset_8_1_5.csv|crp_dataset_8_1_1.csv|crp_dataset_8_1_8.csv,crp_dataset_8_1_3.csv,0.7009296828615715,0.9999999999920635,0.7283236994177554,126,0,47,83,0.0196044921875,0.00014880952380952382,0.019455682663690476
RF,5,0.5,1.0,crp_dataset_8_1_2.csv|crp_dataset_8_1_7.csv|crp_dataset_8_1_5.csv|crp_dataset_8_1_1.csv|crp_dataset_8_1_8.csv,crp_dataset_8_1_6.csv,0.7009296828615715,0.9999999999903846,0.7428571428518368,104,0,36,116,0.026928710937499996,0.0001201923076923077,0.02680851862980769
RF,5,0.5,1.0,crp_dataset_8_1_2.csv|crp_dataset_8_1_7.csv|crp_dataset_8_1_5.csv|crp_dataset_8_1_1.csv|crp_dataset_8_1_8.csv,crp_dataset_8_1_4.csv,0.7009296828615715,0.999999999990909,0.8396946564821398,110,0,21,125,0.023046875,0.0002840909090909091,0.022762784090909094
RF,5,0.5,1.0,crp_dataset_8_1_2.csv|crp_dataset_8_1_7.csv|crp_dataset_8_1_5.csv|crp_dataset_8_1_1.csv|crp_dataset_8_1_6.csv,crp_dataset_8_1_3.csv,0.6432917748917749,0.9843749999923097,0.7283236994177554,126,2,47,81,0.0196044921875,0.0001953125,0.0194091796875
RF,5,0.5,1.0,crp_dataset_8_1_2.csv|crp_dataset_8_1_7.csv|crp_dataset_8_1_5.csv|crp_dataset_8_1_1.csv|crp_dataset_8_1_6.csv,crp_dataset_8_1_8.csv,0.6432917748917749,0.9999999999870129,0.5579710144887104,77,0,61,118,0.0283203125,0.0024350649350649354,0.025885247564935064
RF,5,0.5,1.0,crp_dataset_8_1_2.csv|crp_dataset_8_1_7.csv|crp_dataset_8_1_5.csv|crp_dataset_8_1_1.csv|crp_dataset_8_1_6.csv,crp_dataset_8_1_4.csv,0.6432917748917749,0.9999999999911504,0.8625954198407436,113,0,18,125,0.023046875,0.0002765486725663717,0.02277032632743363
RF,5,0.5,1.0,crp_dataset_8_1_2.csv|crp_dataset_8_1_7.csv|crp_dataset_8_1_5.csv|crp_dataset_8_1_1.csv|crp_dataset_8_1_4.csv,crp_dataset_8_1_3.csv,0.6189465811965812,0.9999999999921876,0.7398843930593071,128,0,45,83,0.0196044921875,0.00014648437500000002,0.0194580078125
RF,5,0.5,1.0,crp_dataset_8_1_2.csv|crp_dataset_8_1_7.csv|crp_dataset_8_1_5.csv|crp_dataset_8_1_1.csv|crp_dataset_8_1_4.csv,crp_dataset_8_1_8.csv,0.6189465811965812,0.9999999999880952,0.6086956521695023,84,0,54,118,0.0283203125,0.002529761904761905,0.025790550595238094
RF,5,0.5,1.0,crp_dataset_8_1_2.csv|crp_dataset_8_1_7.csv|crp_dataset_8_1_5.csv|crp_dataset_8_1_1.csv|crp_dataset_8_1_4.csv,crp_dataset_8_1_6.csv,0.6189465811965812,0.7866666666614223,0.8428571428511226,118,32,22,84,0.026928710937499996,0.012541666666666668,0.014387044270833328
RF,5,0.5,1.0,crp_dataset_8_1_2.csv|crp_dataset_8_1_7.csv|crp_dataset_8_1_5.csv|crp_dataset_8_1_8.csv|crp_dataset_8_1_6.csv,crp_dataset_8_1_3.csv,0.673031746031746,0.999999999991228,0.6589595375684454,114,0,59,83,0.0196044921875,0.0,0.0196044921875
RF,5,0.5,1.0,crp_dataset_8_1_2.csv|crp_dataset_8_1_7.csv|crp_dataset_8_1_5.csv|crp_dataset_8_1_8.csv|crp_dataset_8_1_6.csv,crp_dataset_8_1_1.csv,0.673031746031746,0.9999999999878049,0.6507936507884857,82,0,44,130,0.0252685546875,7.621951219512195e-05,0.025192335175304878
RF,5,0.5,1.0,crp_dataset_8_1_2.csv|crp_dataset_8_1_7.csv|crp_dataset_8_1_5.csv|crp_dataset_8_1_8.csv|crp_dataset_8_1_6.csv,crp_dataset_8_1_4.csv,0.673031746031746,0.9999999999913043,0.8778625954131462,115,0,16,125,0.023046875,0.0002717391304347826,0.02277513586956522
RF,5,0.5,1.0,crp_dataset_8_1_2.csv|crp_dataset_8_1_7.csv|crp_dataset_8_1_5.csv|crp_dataset_8_1_8.csv|crp_dataset_8_1_4.csv,crp_dataset_8_1_3.csv,0.604,0.9999999999913792,0.670520231209997,116,0,57,83,0.0196044921875,0.0,0.0196044921875
RF,5,0.5,1.0,crp_dataset_8_1_2.csv|crp_dataset_8_1_7.csv|crp_dataset_8_1_5.csv|crp_dataset_8_1_8.csv|crp_dataset_8_1_4.csv,crp_dataset_8_1_1.csv,0.604,0.9999999999875,0.6349206349155958,80,0,46,130,0.0252685546875,7.8125e-05,0.0251904296875
RF,5,0.5,1.0,crp_dataset_8_1_2.csv|crp_dataset_8_1_7.csv|crp_dataset_8_1_5.csv|crp_dataset_8_1_8.csv|crp_dataset_8_1_4.csv,crp_dataset_8_1_6.csv,0.604,0.9999999999882353,0.6071428571385205,85,0,55,116,0.026928710937499996,0.00022058823529411768,0.026708122702205878
RF,5,0.5,1.0,crp_dataset_8_1_2.csv|crp_dataset_8_1_7.csv|crp_dataset_8_1_5.csv|crp_dataset_8_1_6.csv|crp_dataset_8_1_4.csv,crp_dataset_8_1_3.csv,0.74,0.9999999999918698,0.7109826589554279,123,0,50,83,0.0196044921875,0.0,0.0196044921875
RF,5,0.5,1.0,crp_dataset_8_1_2.csv|crp_dataset_8_1_7.csv|crp_dataset_8_1_5.csv|crp_dataset_8_1_6.csv|crp_dataset_8_1_4.csv,crp_dataset_8_1_1.csv,0.74,0.9714285714146939,0.5396825396782565,68,2,58,128,0.0252685546875,0.0004464285714285714,0.02482212611607143
RF,5,0.5,1.0,crp_dataset_8_1_2.csv|crp_dataset_8_1_7.csv|crp_dataset_8_1_5.csv|crp_dataset_8_1_6.csv|crp_dataset_8_1_4.csv,crp_dataset_8_1_8.csv,0.74,0.9634146341345925,0.5724637681117938,79,3,59,115,0.0283203125,0.0031249999999999997,0.0251953125
RF,5,0.5,1.0,crp_dataset_8_1_2.csv|crp_dataset_8_1_7.csv|crp_dataset_8_1_3.csv|crp_dataset_8_1_1.csv|crp_dataset_8_1_8.csv,crp_dataset_8_1_5.csv,0.7178162326998081,0.9999999999870129,0.7699999999923,77,0,23,156,0.039282226562499994,0.0013798701298701301,0.03790235643262987
RF,5,0.5,1.0,crp_dataset_8_1_2.csv|crp_dataset_8_1_7.csv|crp_dataset_8_1_3.csv|crp_dataset_8_1_1.csv|crp_dataset_8_1_8.csv,crp_dataset_8_1_6.csv,0.7178162326998081,0.8035714285666454,0.9642857142788266,135,33,5,83,0.026928710937499996,0.010677083333333334,0.016251627604166662
RF,5,0.5,1.0,crp_dataset_8_1_2.csv|crp_dataset_8_1_7.csv|crp_dataset_8_1_3.csv|crp_dataset_8_1_1.csv|crp_dataset_8_1_8.csv,crp_dataset_8_1_4.csv,0.7178162326998081,0.999999999990991,0.8473282442683411,111,0,20,125,0.023046875,0.0003378378378378379,0.022709037162162164
RF,5,0.5,1.0,crp_dataset_8_1_2.csv|crp_dataset_8_1_7.csv|crp_dataset_8_1_3.csv|crp_dataset_8_1_1.csv|crp_dataset_8_1_6.csv,crp_dataset_8_1_5.csv,0.601454678362573,0.9999999999870129,0.7699999999923,77,0,23,156,0.039282226562499994,0.0013798701298701301,0.03790235643262987
RF,5,0.5,1.0,crp_dataset_8_1_2.csv|crp_dataset_8_1_7.csv|crp_dataset_8_1_3.csv|crp_dataset_8_1_1.csv|crp_dataset_8_1_6.csv,crp_dataset_8_1_8.csv,0.601454678362573,0.999999999988764,0.6449275362272108,89,0,49,118,0.0283203125,0.0021769662921348313,0.026143346207865167
RF,5,0.5,1.0,crp_dataset_8_1_2.csv|crp_dataset_8_1_7.csv|crp_dataset_8_1_3.csv|crp_dataset_8_1_1.csv|crp_dataset_8_1_6.csv,crp_dataset_8_1_4.csv,0.601454678362573,0.9999999999917355,0.9236641221303538,121,0,10,125,0.023046875,0.00025826446280991736,0.022788610537190085
RF,5,0.5,1.0,crp_dataset_8_1_2.csv|crp_dataset_8_1_7.csv|crp_dataset_8_1_3.csv|crp_dataset_8_1_1.csv|crp_dataset_8_1_4.csv,crp_dataset_8_1_5.csv,0.6191500258828319,0.9999999999871795,0.7799999999921999,78,0,22,156,0.039282226562499994,0.0014423076923076924,0.0378399188701923
RF,5,0.5,1.0,crp_dataset_8_1_2.csv|crp_dataset_8_1_7.csv|crp_dataset_8_1_3.csv|crp_dataset_8_1_1.csv|crp_dataset_8_1_4.csv,crp_dataset_8_1_8.csv,0.6191500258828319,0.9999999999880952,0.6086956521695023,84,0,54,118,0.0283203125,0.0026785714285714286,0.02564174107142857
RF,5,0.5,1.0,crp_dataset_8_1_2.csv|crp_dataset_8_1_7.csv|crp_dataset_8_1_3.csv|crp_dataset_8_1_1.csv|crp_dataset_8_1_4.csv,crp_dataset_8_1_6.csv,0.6191500258828319,0.6666666666634921,0.9999999999928573,140,70,0,46,0.026928710937499996,0.019136904761904765,0.007791806175595231
RF,5,0.5,1.0,crp_dataset_8_1_2.csv|crp_dataset_8_1_7.csv|crp_dataset_8_1_3.csv|crp_dataset_8_1_8.csv|crp_dataset_8_1_6.csv,crp_dataset_8_1_5.csv,0.6661111111111111,0.9999999999875,0.799999999992,80,0,20,156,0.039282226562499994,0.0015625,0.03771972656249999
RF,5,0.5,1.0,crp_dataset_8_1_2.csv|crp_dataset_8_1_7.csv|crp_dataset_8_1_3.csv|crp_dataset_8_1_8.csv|crp_dataset_8_1_6.csv,crp_dataset_8_1_1.csv,0.6661111111111111,0.9666666666586111,0.920634920627614,116,4,10,126,0.0252685546875,0.0006770833333333334,0.024591471354166665
RF,5,0.5,1.0,crp_dataset_8_1_2.csv|crp_dataset_8_1_7.csv|crp_dataset_8_1_3.csv|crp_dataset_8_1_8.csv|crp_dataset_8_1_6.csv,crp_dataset_8_1_4.csv,0.6661111111111111,0.9999999999918032,0.931297709916555,122,0,9,125,0.023046875,0.0003586065573770492,0.022688268442622953
RF,5,0.5,1.0,crp_dataset_8_1_2.csv|crp_dataset_8_1_7.csv|crp_dataset_8_1_3.csv|crp_dataset_8_1_8.csv|crp_dataset_8_1_4.csv,crp_dataset_8_1_5.csv,0.6093110661268556,0.9999999999880952,0.8399999999916,84,0,16,156,0.039282226562499994,0.001636904761904762,0.03764532180059523
RF,5,0.5,1.0,crp_dataset_8_1_2.csv|crp_dataset_8_1_7.csv|crp_dataset_8_1_3.csv|crp_dataset_8_1_8.csv|crp_dataset_8_1_4.csv,crp_dataset_8_1_1.csv,0.6093110661268556,0.9827586206811831,0.9047619047547241,114,2,12,128,0.0252685546875,0.00043103448275862074,0.02483752020474138
RF,5,0.5,1.0,crp_dataset_8_1_2.csv|crp_dataset_8_1_7.csv|crp_dataset_8_1_3.csv|crp_dataset_8_1_8.csv|crp_dataset_8_1_4.csv,crp_dataset_8_1_6.csv,0.6093110661268556,0.7210526315751524,0.9785714285644388,137,53,3,63,0.026928710937499996,0.012664473684210526,0.01426423725328947
RF,5,0.5,1.0,crp_dataset_8_1_2.csv|crp_dataset_8_1_7.csv|crp_dataset_8_1_3.csv|crp_dataset_8_1_6.csv|crp_dataset_8_1_4.csv,crp_dataset_8_1_5.csv,0.6558891609479842,0.9999999999870129,0.7699999999923,77,0,23,156,0.039282226562499994,0.0013798701298701301,0.03790235643262987
RF,5,0.5,1.0,crp_dataset_8_1_2.csv|crp_dataset_8_1_7.csv|crp_dataset_8_1_3.csv|crp_dataset_8_1_6.csv|crp_dataset_8_1_4.csv,crp_dataset_8_1_1.csv,0.6558891609479842,0.9594594594464937,0.5634920634875913,71,3,55,127,0.0252685546875,0.0005912162162162161,0.024677338471283783
RF,5,0.5,1.0,crp_dataset_8_1_2.csv|crp_dataset_8_1_7.csv|crp_dataset_8_1_3.csv|crp_dataset_8_1_6.csv|crp_dataset_8_1_4.csv,crp_dataset_8_1_8.csv,0.6558891609479842,0.9634146341345925,0.5724637681117938,79,3,59,115,0.0283203125,0.0031249999999999997,0.0251953125
RF,5,0.5,1.0,crp_dataset_8_1_2.csv|crp_dataset_8_1_7.csv|crp_dataset_8_1_1.csv|crp_dataset_8_1_8.csv|crp_dataset_8_1_6.csv,crp_dataset_8_1_5.csv,0.6108305371626054,0.9999999999875,0.799999999992,80,0,20,156,0.039282226562499994,0.0015625,0.03771972656249999
RF,5,0.5,1.0,crp_dataset_8_1_2.csv|crp_dataset_8_1_7.csv|crp_dataset_8_1_1.csv|crp_dataset_8_1_8.csv|crp_dataset_8_1_6.csv,crp_dataset_8_1_3.csv,0.6108305371626054,0.999999999993007,0.8265895953709447,143,0,30,83,0.0196044921875,8.741258741258741e-05,0.019517079600087413
RF,5,0.5,1.0,crp_dataset_8_1_2.csv|crp_dataset_8_1_7.csv|crp_dataset_8_1_1.csv|crp_dataset_8_1_8.csv|crp_dataset_8_1_6.csv,crp_dataset_8_1_4.csv,0.6108305371626054,0.9843749999923097,0.9618320610613601,126,2,5,123,0.023046875,0.000537109375,0.022509765625
RF,5,0.5,1.0,crp_dataset_8_1_2.csv|crp_dataset_8_1_7.csv|crp_dataset_8_1_1.csv|crp_dataset_8_1_8.csv|crp_dataset_8_1_4.csv,crp_dataset_8_1_5.csv,0.7096876600102406,0.9999999999871795,0.7799999999921999,78,0,22,156,0.039282226562499994,0.0014423076923076924,0.0378399188701923
RF,5,0.5,1.0,crp_dataset_8_1_2.csv|crp_dataset_8_1_7.csv|crp_dataset_8_1_1.csv|crp_dataset_8_1_8.csv|crp_dataset_8_1_4.csv,crp_dataset_8_1_3.csv,0.7096876600102406,0.9999999999923664,0.7572254335216346,131,0,42,83,0.0196044921875,0.00014312977099236644,0.019461362416507633
RF,5,0.5,1.0,crp_dataset_8_1_2.csv|crp_dataset_8_1_7.csv|crp_dataset_8_1_1.csv|crp_dataset_8_1_8.csv|crp_dataset_8_1_4.csv,crp_dataset_8_1_6.csv,0.7096876600102406,0.9652173912959546,0.7928571428514797,111,4,29,112,0.026928710937499996,0.001847826086956522,0.025080884850543474
RF,5,0.5,1.0,crp_dataset_8_1_2.csv|crp_dataset_8_1_7.csv|crp_dataset_8_1_1.csv|crp_dataset_8_1_6.csv|crp_dataset_8_1_4.csv,crp_dataset_8_1_5.csv,0.6173862026339562,0.9999999999875,0.799999999992,80,0,20,156,0.039282226562499994,0.0015625,0.03771972656249999
RF,5,0.5,1.0,crp_dataset_8_1_2.csv|crp_dataset_8_1_7.csv|crp_dataset_8_1_1.csv|crp_dataset_8_1_6.csv|crp_dataset_8_1_4.csv,crp_dataset_8_1_3.csv,0.6173862026339562,0.9863013698562583,0.8323699421917204,144,2,29,81,0.0196044921875,0.00029965753424657536,0.019304834653253423
RF,5,0.5,1.0,crp_dataset_8_1_2.csv|crp_dataset_8_1_7.csv|crp_dataset_8_1_1.csv|crp_dataset_8_1_6.csv|crp_dataset_8_1_4.csv,crp_dataset_8_1_8.csv,0.6173862026339562,0.9767441860351541,0.6086956521695023,84,2,54,116,0.0283203125,0.002834302325581395,0.025486010174418604
RF,5,0.5,1.0,crp_dataset_8_1_2.csv|crp_dataset_8_1_7.csv|crp_dataset_8_1_8.csv|crp_dataset_8_1_6.csv|crp_dataset_8_1_4.csv,crp_dataset_8_1_5.csv,0.637839008363202,0.9999999999875,0.799999999992,80,0,20,156,0.039282226562499994,0.0015625,0.03771972656249999
RF,5,0.5,1.0,crp_dataset_8_1_2.csv|crp_dataset_8_1_7.csv|crp_dataset_8_1_8.csv|crp_dataset_8_1_6.csv|crp_dataset_8_1_4.csv,crp_dataset_8_1_3.csv,0.637839008363202,0.999999999992126,0.7341040462385312,127,0,46,83,0.0196044921875,0.0,0.0196044921875
RF,5,0.5,1.0,crp_dataset_8_1_2.csv|crp_dataset_8_1_7.csv|crp_dataset_8_1_8.csv|crp_dataset_8_1_6.csv|crp_dataset_8_1_4.csv,crp_dataset_8_1_1.csv,0.637839008363202,0.9659090908981146,0.6746031745978206,85,3,41,127,0.0252685546875,0.000497159090909091,0.02477139559659091
RF,5,0.5,1.0,crp_dataset_8_1_2.csv|crp_dataset_8_1_5.csv|crp_dataset_8_1_3.csv|crp_dataset_8_1_1.csv|crp_dataset_8_1_8.csv,crp_dataset_8_1_7.csv,0.6248552819148754,0.9999999999954546,0.9999999999954546,220,0,0,36,0.0095703125,0.00034090909090909094,0.00922940340909091
RF,5,0.5,1.0,crp_dataset_8_1_2.csv|crp_dataset_8_1_5.csv|crp_dataset_8_1_3.csv|crp_dataset_8_1_1.csv|crp_dataset_8_1_8.csv,crp_dataset_8_1_6.csv,0.6248552819148754,0.7528089887598157,0.9571428571360204,134,44,6,72,0.026928710937499996,0.013448033707865167,0.013480677229634828
RF,5,0.5,1.0,crp_dataset_8_1_2.csv|crp_dataset_8_1_5.csv|crp_dataset_8_1_3.csv|crp_dataset_8_1_1.csv|crp_dataset_8_1_8.csv,crp_dataset_8_1_4.csv,0.6248552819148754,0.9999999999916667,0.9160305343441525,120,0,11,125,0.023046875,0.0003125,0.022734375
RF,5,0.5,1.0,crp_dataset_8_1_2.csv|crp_dataset_8_1_5.csv|crp_dataset_8_1_3.csv|crp_dataset_8_1_1.csv|crp_dataset_8_1_6.csv,crp_dataset_8_1_7.csv,0.619090909090909,0.9999999999954546,0.9999999999954546,220,0,0,36,0.0095703125,0.00034090909090909094,0.00922940340909091
RF,5,0.5,1.0,crp_dataset_8_1_2.csv|crp_dataset_8_1_5.csv|crp_dataset_8_1_3.csv|crp_dataset_8_1_1.csv|crp_dataset_8_1_6.csv,crp_dataset_8_1_8.csv,0.619090909090909,0.9999999999885058,0.6304347826041273,87,0,51,118,0.0283203125,0.002370689655172414,0.025949622844827585
RF,5,0.5,1.0,crp_dataset_8_1_2.csv|crp_dataset_8_1_5.csv|crp_dataset_8_1_3.csv|crp_dataset_8_1_1.csv|crp_dataset_8_1_6.csv,crp_dataset_8_1_4.csv,0.619090909090909,0.984251968496187,0.9541984732751588,125,2,6,123,0.023046875,0.0004921259842519685,0.022554749015748034
RF,5,0.5,1.0,crp_dataset_8_1_2.csv|crp_dataset_8_1_5.csv|crp_dataset_8_1_3.csv|crp_dataset_8_1_1.csv|crp_dataset_8_1_4.csv,crp_dataset_8_1_7.csv,0.6085119481222753,0.9999999999954546,0.9999999999954546,220,0,0,36,0.0095703125,0.00034090909090909094,0.00922940340909091
RF,5,0.5,1.0,crp_dataset_8_1_2.csv|crp_dataset_8_1_5.csv|crp_dataset_8_1_3.csv|crp_dataset_8_1_1.csv|crp_dataset_8_1_4.csv,crp_dataset_8_1_8.csv,0.6085119481222753,0.9578947368320221,0.6594202898502941,91,4,47,114,0.0283203125,0.0028289473684210524,0.025491365131578948
RF,5,0.5,1.0,crp_dataset_8_1_2.csv|crp_dataset_8_1_5.csv|crp_dataset_8_1_3.csv|crp_dataset_8_1_1.csv|crp_dataset_8_1_4.csv,crp_dataset_8_1_6.csv,0.6085119481222753,0.7172774869072395,0.9785714285644388,137,54,3,62,0.026928710937499996,0.017473821989528796,0.0094548889479712
RF,5,0.5,1.0,crp_dataset_8_1_2.csv|crp_dataset_8_1_5.csv|crp_dataset_8_1_3.csv|crp_dataset_8_1_8.csv|crp_dataset_8_1_6.csv,crp_dataset_8_1_7.csv,0.6353639291465378,0.9999999999954546,0.9999999999954546,220,0,0,36,0.0095703125,0.00034090909090909094,0.00922940340909091
RF,5,0.5,1.0,crp_dataset_8_1_2.csv|crp_dataset_8_1_5.csv|crp_dataset_8_1_3.csv|crp_dataset_8_1_8.csv|crp_dataset_8_1_6.csv,crp_dataset_8_1_1.csv,0.6353639291465378,0.9830508474492962,0.920634920627614,116,2,10,128,0.0252685546875,0.0004766949152542373,0.024791859772245763
RF,5,0.5,1.0,crp_dataset_8_1_2.csv|crp_dataset_8_1_5.csv|crp_dataset_8_1_3.csv|crp_dataset_8_1_8.csv|crp_dataset_8_1_6.csv,crp_dataset_8_1_4.csv,0.6353639291465378,0.9999999999920635,0.9618320610613601,126,0,5,125,0.023046875,0.00029761904761904765,0.022749255952380955
RF,5,0.5,1.0,crp_dataset_8_1_2.csv|crp_dataset_8_1_5.csv|crp_dataset_8_1_3.csv|crp_dataset_8_1_8.csv|crp_dataset_8_1_4.csv,crp_dataset_8_1_7.csv,0.6912324929971988,0.9999999999954546,0.9999999999954546,220,0,0,36,0.0095703125,0.00034090909090909094,0.00922940340909091
RF,5,0.5,1.0,crp_dataset_8_1_2.csv|crp_dataset_8_1_5.csv|crp_dataset_8_1_3.csv|crp_dataset_8_1_8.csv|crp_dataset_8_1_4.csv,crp_dataset_8_1_1.csv,0.6912324929971988,0.9809523809430385,0.8174603174538296,103,2,23,128,0.0252685546875,0.0004166666666666667,0.024851888020833334
RF,5,0.5,1.0,crp_dataset_8_1_2.csv|crp_dataset_8_1_5.csv|crp_dataset_8_1_3.csv|crp_dataset_8_1_8.csv|crp_dataset_8_1_4.csv,crp_dataset_8_1_6.csv,0.6912324929971988,0.87012987012422,0.9571428571360204,134,20,6,96,0.026928710937499996,0.006168831168831168,0.02075987976866883
RF,5,0.5,1.0,crp_dataset_8_1_2.csv|crp_dataset_8_1_5.csv|crp_dataset_8_1_3.csv|crp_dataset_8_1_6.csv|crp_dataset_8_1_4.csv,crp_dataset_8_1_7.csv,0.631875,0.9999999999954546,0.9999999999954546,220,0,0,36,0.0095703125,0.00034090909090909094,0.00922940340909091
RF,5,0.5,1.0,crp_dataset_8_1_2.csv|crp_dataset_8_1_5.csv|crp_dataset_8_1_3.csv|crp_dataset_8_1_6.csv|crp_dataset_8_1_4.csv,crp_dataset_8_1_1.csv,0.631875,0.96103896102648,0.5873015872969262,74,3,52,127,0.0252685546875,0.0005681818181818182,0.02470037286931818
RF,5,0.5,1.0,crp_dataset_8_1_2.csv|crp_dataset_8_1_5.csv|crp_dataset_8_1_3.csv|crp_dataset_8_1_6.csv|crp_dataset_8_1_4.csv,crp_dataset_8_1_8.csv,0.631875,0.919540229874488,0.5797101449233355,80,7,58,111,0.0283203125,0.0038793103448275853,0.024441002155172413
RF,5,0.5,1.0,crp_dataset_8_1_2.csv|crp_dataset_8_1_5.csv|crp_dataset_8_1_1.csv|crp_dataset_8_1_8.csv|crp_dataset_8_1_6.csv,crp_dataset_8_1_7.csv,0.6088346104725415,0.9999999999954546,0.9999999999954546,220,0,0,36,0.0095703125,0.00034090909090909094,0.00922940340909091
RF,5,0.5,1.0,crp_dataset_8_1_2.csv|crp_dataset_8_1_5.csv|crp_dataset_8_1_1.csv|crp_dataset_8_1_8.csv|crp_dataset_8_1_6.csv,crp_dataset_8_1_3.csv,0.6088346104725415,0.9999999999930557,0.8323699421917204,144,0,29,83,0.0196044921875,0.00013020833333333336,0.019474283854166666
RF,5,0.5,1.0,crp_dataset_8_1_2.csv|crp_dataset_8_1_5.csv|crp_dataset_8_1_1.csv|crp_dataset_8_1_8.csv|crp_dataset_8_1_6.csv,crp_dataset_8_1_4.csv,0.6088346104725415,0.9999999999920635,0.9618320610613601,126,0,5,125,0.023046875,0.00029761904761904765,0.022749255952380955
RF,5,0.5,1.0,crp_dataset_8_1_2.csv|crp_dataset_8_1_5.csv|crp_dataset_8_1_1.csv|crp_dataset_8_1_8.csv|crp_dataset_8_1_4.csv,crp_dataset_8_1_7.csv,0.6520278980278982,0.9999999999954546,0.9999999999954546,220,0,0,36,0.0095703125,0.00034090909090909094,0.00922940340909091
RF,5,0.5,1.0,crp_dataset_8_1_2.csv|crp_dataset_8_1_5.csv|crp_dataset_8_1_1.csv|crp_dataset_8_1_8.csv|crp_dataset_8_1_4.csv,crp_dataset_8_1_3.csv,0.6520278980278982,0.9999999999930557,0.8323699421917204,144,0,29,83,0.0196044921875,0.00013020833333333336,0.019474283854166666
RF,5,0.5,1.0,crp_dataset_8_1_2.csv|crp_dataset_8_1_5.csv|crp_dataset_8_1_1.csv|crp_dataset_8_1_8.csv|crp_dataset_8_1_4.csv,crp_dataset_8_1_6.csv,0.6520278980278982,0.9586776859424903,0.8285714285655102,116,5,24,111,0.026928710937499996,0.0019628099173553725,0.024965901020144624
RF,5,0.5,1.0,crp_dataset_8_1_2.csv|crp_dataset_8_1_5.csv|crp_dataset_8_1_1.csv|crp_dataset_8_1_6.csv|crp_dataset_8_1_4.csv,crp_dataset_8_1_7.csv,0.6777407407407408,0.9999999999954546,0.9999999999954546,220,0,0,36,0.0095703125,0.00034090909090909094,0.00922940340909091
RF,5,0.5,1.0,crp_dataset_8_1_2.csv|crp_dataset_8_1_5.csv|crp_dataset_8_1_1.csv|crp_dataset_8_1_6.csv|crp_dataset_8_1_4.csv,crp_dataset_8_1_3.csv,0.6777407407407408,0.9999999999924812,0.7687861271631863,133,0,40,83,0.0196044921875,0.0,0.0196044921875
RF,5,0.5,1.0,crp_dataset_8_1_2.csv|crp_dataset_8_1_5.csv|crp_dataset_8_1_1.csv|crp_dataset_8_1_6.csv|crp_dataset_8_1_4.csv,crp_dataset_8_1_8.csv,0.6777407407407408,0.9999999999873417,0.5724637681117938,79,0,59,118,0.0283203125,0.0026898734177215194,0.02563043908227848
RF,5,0.5,1.0,crp_dataset_8_1_2.csv|crp_dataset_8_1_5.csv|crp_dataset_8_1_8.csv|crp_dataset_8_1_6.csv|crp_dataset_8_1_4.csv,crp_dataset_8_1_7.csv,0.6073509392664371,0.9999999999954546,0.9999999999954546,220,0,0,36,0.0095703125,0.00034090909090909094,0.00922940340909091
RF,5,0.5,1.0,crp_dataset_8_1_2.csv|crp_dataset_8_1_5.csv|crp_dataset_8_1_8.csv|crp_dataset_8_1_6.csv|crp_dataset_8_1_4.csv,crp_dataset_8_1_3.csv,0.6073509392664371,0.999999999992126,0.7341040462385312,127,0,46,83,0.0196044921875,0.0,0.0196044921875
RF,5,0.5,1.0,crp_dataset_8_1_2.csv|crp_dataset_8_1_5.csv|crp_dataset_8_1_8.csv|crp_dataset_8_1_6.csv|crp_dataset_8_1_4.csv,crp_dataset_8_1_1.csv,0.6073509392664371,0.9670329670223402,0.6984126984071555,88,3,38,127,0.0252685546875,0.00048076923076923074,0.02478778545673077
RF,5,0.5,1.0,crp_dataset_8_1_2.csv|crp_dataset_8_1_3.csv|crp_dataset_8_1_1.csv|crp_dataset_8_1_8.csv|crp_dataset_8_1_6.csv,crp_dataset_8_1_7.csv,0.6515848782520279,0.9999999999954546,0.9999999999954546,220,0,0,36,0.0095703125,0.00034090909090909094,0.00922940340909091
RF,5,0.5,1.0,crp_dataset_8_1_2.csv|crp_dataset_8_1_3.csv|crp_dataset_8_1_1.csv|crp_dataset_8_1_8.csv|crp_dataset_8_1_6.csv,crp_dataset_8_1_5.csv,0.6515848782520279,0.9999999999870129,0.7699999999923,77,0,23,156,0.039282226562499994,0.0013798701298701301,0.03790235643262987
RF,5,0.5,1.0,crp_dataset_8_1_2.csv|crp_dataset_8_1_3.csv|crp_dataset_8_1_1.csv|crp_dataset_8_1_8.csv|crp_dataset_8_1_6.csv,crp_dataset_8_1_4.csv,0.6515848782520279,0.9843749999923097,0.9618320610613601,126,2,5,123,0.023046875,0.000537109375,0.022509765625
RF,5,0.5,1.0,crp_dataset_8_1_2.csv|crp_dataset_8_1_3.csv|crp_dataset_8_1_1.csv|crp_dataset_8_1_8.csv|crp_dataset_8_1_4.csv,crp_dataset_8_1_7.csv,0.6121160059840401,0.9999999999954546,0.9999999999954546,220,0,0,36,0.0095703125,0.00034090909090909094,0.00922940340909091
RF,5,0.5,1.0,crp_dataset_8_1_2.csv|crp_dataset_8_1_3.csv|crp_dataset_8_1_1.csv|crp_dataset_8_1_8.csv|crp_dataset_8_1_4.csv,crp_dataset_8_1_5.csv,0.6121160059840401,0.9999999999873417,0.7899999999921,79,0,21,156,0.039282226562499994,0.0015031645569620255,0.03777906200553797
RF,5,0.5,1.0,crp_dataset_8_1_2.csv|crp_dataset_8_1_3.csv|crp_dataset_8_1_1.csv|crp_dataset_8_1_8.csv|crp_dataset_8_1_4.csv,crp_dataset_8_1_6.csv,0.6121160059840401,0.7015706806245992,0.9571428571360204,134,57,6,59,0.026928710937499996,0.01780104712041885,0.009127663817081147
RF,5,0.5,1.0,crp_dataset_8_1_2.csv|crp_dataset_8_1_3.csv|crp_dataset_8_1_1.csv|crp_dataset_8_1_6.csv|crp_dataset_8_1_4.csv,crp_dataset_8_1_7.csv,0.65,0.9999999999954546,0.9999999999954546,220,0,0,36,0.0095703125,0.00034090909090909094,0.00922940340909091
RF,5,0.5,1.0,crp_dataset_8_1_2.csv|crp_dataset_8_1_3.csv|crp_dataset_8_1_1.csv|crp_dataset_8_1_6.csv|crp_dataset_8_1_4.csv,crp_dataset_8_1_5.csv,0.65,0.9999999999870129,0.7699999999923,77,0,23,156,0.039282226562499994,0.0013798701298701301,0.03790235643262987
RF,5,0.5,1.0,crp_dataset_8_1_2.csv|crp_dataset_8_1_3.csv|crp_dataset_8_1_1.csv|crp_dataset_8_1_6.csv|crp_dataset_8_1_4.csv,crp_dataset_8_1_8.csv,0.65,0.9999999999859155,0.5144927536194602,71,0,67,118,0.0283203125,0.002552816901408451,0.02576749559859155
RF,5,0.5,1.0,crp_dataset_8_1_2.csv|crp_dataset_8_1_3.csv|crp_dataset_8_1_8.csv|crp_dataset_8_1_6.csv|crp_dataset_8_1_4.csv,crp_dataset_8_1_7.csv,0.6507407407407406,0.9999999999954546,0.9999999999954546,220,0,0,36,0.0095703125,0.00034090909090909094,0.00922940340909091
RF,5,0.5,1.0,crp_dataset_8_1_2.csv|crp_dataset_8_1_3.csv|crp_dataset_8_1_8.csv|crp_dataset_8_1_6.csv|crp_dataset_8_1_4.csv,crp_dataset_8_1_5.csv,0.6507407407407406,0.9999999999876543,0.8099999999919,81,0,19,156,0.039282226562499994,0.0015432098765432098,0.037739016685956785
RF,5,0.5,1.0,crp_dataset_8_1_2.csv|crp_dataset_8_1_3.csv|crp_dataset_8_1_8.csv|crp_dataset_8_1_6.csv|crp_dataset_8_1_4.csv,crp_dataset_8_1_1.csv,0.6507407407407406,0.973913043469792,0.8888888888818341,112,3,14,127,0.0252685546875,0.0004347826086956522,0.02483377207880435
RF,5,0.5,1.0,crp_dataset_8_1_2.csv|crp_dataset_8_1_1.csv|crp_dataset_8_1_8.csv|crp_dataset_8_1_6.csv|crp_dataset_8_1_4.csv,crp_dataset_8_1_7.csv,0.64138530660037,0.9999999999954546,0.9999999999954546,220,0,0,36,0.0095703125,0.00034090909090909094,0.00922940340909091
RF,5,0.5,1.0,crp_dataset_8_1_2.csv|crp_dataset_8_1_1.csv|crp_dataset_8_1_8.csv|crp_dataset_8_1_6.csv|crp_dataset_8_1_4.csv,crp_dataset_8_1_5.csv,0.64138530660037,0.9999999999875,0.799999999992,80,0,20,156,0.039282226562499994,0.0015625,0.03771972656249999
RF,5,0.5,1.0,crp_dataset_8_1_2.csv|crp_dataset_8_1_1.csv|crp_dataset_8_1_8.csv|crp_dataset_8_1_6.csv|crp_dataset_8_1_4.csv,crp_dataset_8_1_3.csv,0.64138530660037,0.999999999993007,0.8265895953709447,143,0,30,83,0.0196044921875,4.3706293706293706e-05,0.019560785893793706
RF,5,0.5,1.0,crp_dataset_8_1_7.csv|crp_dataset_8_1_5.csv|crp_dataset_8_1_3.csv|crp_dataset_8_1_1.csv|crp_dataset_8_1_8.csv,crp_dataset_8_1_2.csv,0.6060622895622895,0.9462365591296104,0.7394957983131134,88,5,31,132,0.039453125,0.002016129032258065,0.037436995967741936
RF,5,0.5,1.0,crp_dataset_8_1_7.csv|crp_dataset_8_1_5.csv|crp_dataset_8_1_3.csv|crp_dataset_8_1_1.csv|crp_dataset_8_1_8.csv,crp_dataset_8_1_6.csv,0.6060622895622895,0.6222222222194568,0.9999999999928573,140,85,0,31,0.026928710937499996,0.02202777777777778,0.004900933159722214
RF,5,0.5,1.0,crp_dataset_8_1_7.csv|crp_dataset_8_1_5.csv|crp_dataset_8_1_3.csv|crp_dataset_8_1_1.csv|crp_dataset_8_1_8.csv,crp_dataset_8_1_4.csv,0.6060622895622895,0.9914529914445175,0.8854961831993474,116,1,15,124,0.023046875,0.0004807692307692308,0.022566105769230772
RF,5,0.5,1.0,crp_dataset_8_1_7.csv|crp_dataset_8_1_5.csv|crp_dataset_8_1_3.csv|crp_dataset_8_1_1.csv|crp_dataset_8_1_6.csv,crp_dataset_8_1_2.csv,0.6366666666666667,0.9999999999893616,0.7899159663799167,94,0,25,137,0.039453125,0.0013297872340425536,0.038123337765957444
RF,5,0.5,1.0,crp_dataset_8_1_7.csv|crp_dataset_8_1_5.csv|crp_dataset_8_1_3.csv|crp_dataset_8_1_1.csv|crp_dataset_8_1_6.csv,crp_dataset_8_1_8.csv,0.6366666666666667,0.979166666656467,0.6811594202849192,94,2,44,116,0.0283203125,0.00234375,0.0259765625
RF,5,0.5,1.0,crp_dataset_8_1_7.csv|crp_dataset_8_1_5.csv|crp_dataset_8_1_3.csv|crp_dataset_8_1_1.csv|crp_dataset_8_1_6.csv,crp_dataset_8_1_4.csv,0.6366666666666667,0.984251968496187,0.9541984732751588,125,2,6,123,0.023046875,0.0004921259842519685,0.022554749015748034
RF,5,0.5,1.0,crp_dataset_8_1_7.csv|crp_dataset_8_1_5.csv|crp_dataset_8_1_3.csv|crp_dataset_8_1_1.csv|crp_dataset_8_1_4.csv,crp_dataset_8_1_2.csv,0.6133035714285714,0.9999999999894736,0.7983193277243839,95,0,24,137,0.039453125,0.0013815789473684214,0.03807154605263158
RF,5,0.5,1.0,crp_dataset_8_1_7.csv|crp_dataset_8_1_5.csv|crp_dataset_8_1_3.csv|crp_dataset_8_1_1.csv|crp_dataset_8_1_4.csv,crp_dataset_8_1_8.csv,0.6133035714285714,0.9894736842001107,0.6811594202849192,94,1,44,117,0.0283203125,0.00243421052631579,0.02588610197368421
RF,5,0.5,1.0,crp_dataset_8_1_7.csv|crp_dataset_8_1_5.csv|crp_dataset_8_1_3.csv|crp_dataset_8_1_1.csv|crp_dataset_8_1_4.csv,crp_dataset_8_1_6.csv,0.6133035714285714,0.6278026905801444,0.9999999999928573,140,83,0,33,0.026928710937499996,0.0210762331838565,0.005852477753643497
RF,5,0.5,1.0,crp_dataset_8_1_7.csv|crp_dataset_8_1_5.csv|crp_dataset_8_1_3.csv|crp_dataset_8_1_8.csv|crp_dataset_8_1_6.csv,crp_dataset_8_1_2.csv,0.6245202446790682,0.9811320754624421,0.8739495798245887,104,2,15,135,0.039453125,0.001768867924528302,0.0376842570754717
RF,5,0.5,1.0,crp_dataset_8_1_7.csv|crp_dataset_8_1_5.csv|crp_dataset_8_1_3.csv|crp_dataset_8_1_8.csv|crp_dataset_8_1_6.csv,crp_dataset_8_1_1.csv,0.6245202446790682,0.9833333333251388,0.9365079365005039,118,2,8,128,0.0252685546875,0.0004687500000000001,0.0247998046875
RF,5,0.5,1.0,crp_dataset_8_1_7.csv|crp_dataset_8_1_5.csv|crp_dataset_8_1_3.csv|crp_dataset_8_1_8.csv|crp_dataset_8_1_6.csv,crp_dataset_8_1_4.csv,0.6245202446790682,0.9999999999918032,0.931297709916555,122,0,9,125,0.023046875,0.0003073770491803279,0.022739497950819674
RF,5,0.5,1.0,crp_dataset_8_1_7.csv|crp_dataset_8_1_5.csv|crp_dataset_8_1_3.csv|crp_dataset_8_1_8.csv|crp_dataset_8_1_4.csv,crp_dataset_8_1_2.csv,0.6070364574276936,0.9431818181711001,0.6974789915907774,83,5,36,132,0.039453125,0.002059659090909091,0.03739346590909091
RF,5,0.5,1.0,crp_dataset_8_1_7.csv|crp_dataset_8_1_5.csv|crp_dataset_8_1_3.csv|crp_dataset_8_1_8.csv|crp_dataset_8_1_4.csv,crp_dataset_8_1_1.csv,0.6070364574276936,0.982142857134088,0.8730158730089443,110,2,16,128,0.0252685546875,0.000390625,0.0248779296875
RF,5,0.5,1.0,crp_dataset_8_1_7.csv|crp_dataset_8_1_5.csv|crp_dataset_8_1_3.csv|crp_dataset_8_1_8.csv|crp_dataset_8_1_4.csv,crp_dataset_8_1_6.csv,0.6070364574276936,0.6731707317040333,0.985714285707245,138,67,2,49,0.026928710937499996,0.01728658536585366,0.009642125571646336
RF,5,0.5,1.0,crp_dataset_8_1_7.csv|crp_dataset_8_1_5.csv|crp_dataset_8_1_3.csv|crp_dataset_8_1_6.csv|crp_dataset_8_1_4.csv,crp_dataset_8_1_2.csv,0.6029774846316249,0.970588235284602,0.8319327731022527,99,3,20,134,0.039453125,0.0017156862745098041,0.037737438725490194
RF,5,0.5,1.0,crp_dataset_8_1_7.csv|crp_dataset_8_1_5.csv|crp_dataset_8_1_3.csv|crp_dataset_8_1_6.csv|crp_dataset_8_1_4.csv,crp_dataset_8_1_1.csv,0.6029774846316249,0.9740259740133242,0.5952380952333711,75,2,51,128,0.0252685546875,0.00040584415584415587,0.024862710531655844
RF,5,0.5,1.0,crp_dataset_8_1_7.csv|crp_dataset_8_1_5.csv|crp_dataset_8_1_3.csv|crp_dataset_8_1_6.csv|crp_dataset_8_1_4.csv,crp_dataset_8_1_8.csv,0.6029774846316249,0.9418604651053272,0.5869565217348772,81,5,57,113,0.0283203125,0.0032703488372093016,0.0250499636627907
RF,5,0.5,1.0,crp_dataset_8_1_7.csv|crp_dataset_8_1_5.csv|crp_dataset_8_1_1.csv|crp_dataset_8_1_8.csv|crp_dataset_8_1_6.csv,crp_dataset_8_1_2.csv,0.6286855196154102,0.9444444444339506,0.7142857142797119,85,5,34,132,0.039453125,0.0019444444444444446,0.037508680555555556
RF,5,0.5,1.0,crp_dataset_8_1_7.csv|crp_dataset_8_1_5.csv|crp_dataset_8_1_1.csv|crp_dataset_8_1_8.csv|crp_dataset_8_1_6.csv,crp_dataset_8_1_3.csv,0.6286855196154102,0.9863945578164192,0.8381502890124963,145,2,28,81,0.0196044921875,0.00029761904761904765,0.019306873139880953
RF,5,0.5,1.0,crp_dataset_8_1_7.csv|crp_dataset_8_1_5.csv|crp_dataset_8_1_1.csv|crp_dataset_8_1_8.csv|crp_dataset_8_1_6.csv,crp_dataset_8_1_4.csv,0.6286855196154102,0.991999999992064,0.9465648854889576,124,1,7,124,0.023046875,0.00045,0.022596875000000002
RF,5,0.5,1.0,crp_dataset_8_1_7.csv|crp_dataset_8_1_5.csv|crp_dataset_8_1_1.csv|crp_dataset_8_1_8.csv|crp_dataset_8_1_4.csv,crp_dataset_8_1_2.csv,0.6257197802197803,0.9425287356213502,0.6890756302463102,82,5,37,132,0.039453125,0.0020114942528735636,0.037441630747126434
RF,5,0.5,1.0,crp_dataset_8_1_7.csv|crp_dataset_8_1_5.csv|crp_dataset_8_1_1.csv|crp_dataset_8_1_8.csv|crp_dataset_8_1_4.csv,crp_dataset_8_1_3.csv,0.6257197802197803,0.9855072463696704,0.7861271676255137,136,2,37,81,0.0196044921875,0.0003170289855072464,0.019287463201992754
RF,5,0.5,1.0,crp_dataset_8_1_7.csv|crp_dataset_8_1_5.csv|crp_dataset_8_1_1.csv|crp_dataset_8_1_8.csv|crp_dataset_8_1_4.csv,crp_dataset_8_1_6.csv,0.6257197802197803,0.999999999990991,0.7928571428514797,111,0,29,116,0.026928710937499996,0.00011261261261261261,0.026816098324887384
RF,5,0.5,1.0,crp_dataset_8_1_7.csv|crp_dataset_8_1_5.csv|crp_dataset_8_1_1.csv|crp_dataset_8_1_6.csv|crp_dataset_8_1_4.csv,crp_dataset_8_1_2.csv,0.6131372549019608,0.9468085106282254,0.7478991596575807,89,5,30,132,0.039453125,0.0018617021276595746,0.03759142287234042
RF,5,0.5,1.0,crp_dataset_8_1_7.csv|crp_dataset_8_1_5.csv|crp_dataset_8_1_1.csv|crp_dataset_8_1_6.csv|crp_dataset_8_1_4.csv,crp_dataset_8_1_3.csv,0.6131372549019608,0.9862068965449228,0.8265895953709447,143,2,30,81,0.0196044921875,0.0003017241379310345,0.019302768049568965
RF,5,0.5,1.0,crp_dataset_8_1_7.csv|crp_dataset_8_1_5.csv|crp_dataset_8_1_1.csv|crp_dataset_8_1_6.csv|crp_dataset_8_1_4.csv,crp_dataset_8_1_8.csv,0.6131372549019608,0.9797979797880828,0.7028985507195442,97,2,41,116,0.0283203125,0.0024621212121212124,0.025858191287878786
RF,5,0.5,1.0,crp_dataset_8_1_7.csv|crp_dataset_8_1_5.csv|crp_dataset_8_1_8.csv|crp_dataset_8_1_6.csv|crp_dataset_8_1_4.csv,crp_dataset_8_1_2.csv,0.6935296052100954,0.9425287356213502,0.6890756302463102,82,5,37,132,0.039453125,0.0020114942528735636,0.037441630747126434
RF,5,0.5,1.0,crp_dataset_8_1_7.csv|crp_dataset_8_1_5.csv|crp_dataset_8_1_8.csv|crp_dataset_8_1_6.csv|crp_dataset_8_1_4.csv,crp_dataset_8_1_3.csv,0.6935296052100954,0.9833333333251388,0.6820809248515487,118,2,55,81,0.0196044921875,0.00020833333333333335,0.019396158854166665
RF,5,0.5,1.0,crp_dataset_8_1_7.csv|crp_dataset_8_1_5.csv|crp_dataset_8_1_8.csv|crp_dataset_8_1_6.csv|crp_dataset_8_1_4.csv,crp_dataset_8_1_1.csv,0.6935296052100954,0.9848484848335628,0.5158730158689216,65,1,61,129,0.0252685546875,0.00028409090909090913,0.024984463778409093
RF,5,0.5,1.0,crp_dataset_8_1_7.csv|crp_dataset_8_1_3.csv|crp_dataset_8_1_1.csv|crp_dataset_8_1_8.csv|crp_dataset_8_1_6.csv,crp_dataset_8_1_2.csv,0.719457957957958,0.9425287356213502,0.6890756302463102,82,5,37,132,0.039453125,0.0020114942528735636,0.037441630747126434
RF,5,0.5,1.0,crp_dataset_8_1_7.csv|crp_dataset_8_1_3.csv|crp_dataset_8_1_1.csv|crp_dataset_8_1_8.csv|crp_dataset_8_1_6.csv,crp_dataset_8_1_5.csv,0.719457957957958,0.9999999999870129,0.7699999999923,77,0,23,156,0.039282226562499994,0.0013798701298701301,0.03790235643262987
RF,5,0.5,1.0,crp_dataset_8_1_7.csv|crp_dataset_8_1_3.csv|crp_dataset_8_1_1.csv|crp_dataset_8_1_8.csv|crp_dataset_8_1_6.csv,crp_dataset_8_1_4.csv,0.719457957957958,0.9999999999918698,0.9389312977027563,123,0,8,125,0.023046875,0.00025406504065040653,0.022792809959349594
RF,5,0.5,1.0,crp_dataset_8_1_7.csv|crp_dataset_8_1_3.csv|crp_dataset_8_1_1.csv|crp_dataset_8_1_8.csv|crp_dataset_8_1_4.csv,crp_dataset_8_1_2.csv,0.6334230055658627,0.9999999999878049,0.6890756302463102,82,0,37,137,0.039453125,0.0013719512195121953,0.0380811737804878
RF,5,0.5,1.0,crp_dataset_8_1_7.csv|crp_dataset_8_1_3.csv|crp_dataset_8_1_1.csv|crp_dataset_8_1_8.csv|crp_dataset_8_1_4.csv,crp_dataset_8_1_5.csv,0.6334230055658627,0.9638554216751343,0.799999999992,80,3,20,153,0.039282226562499994,0.002259036144578313,0.03702319041792168
RF,5,0.5,1.0,crp_dataset_8_1_7.csv|crp_dataset_8_1_3.csv|crp_dataset_8_1_1.csv|crp_dataset_8_1_8.csv|crp_dataset_8_1_4.csv,crp_dataset_8_1_6.csv,0.6334230055658627,0.6194690265459316,0.9999999999928573,140,86,0,30,0.026928710937499996,0.022455752212389383,0.004472958725110613
RF,5,0.5,1.0,crp_dataset_8_1_7.csv|crp_dataset_8_1_3.csv|crp_dataset_8_1_1.csv|crp_dataset_8_1_6.csv|crp_dataset_8_1_4.csv,crp_dataset_8_1_2.csv,0.7658333333333334,0.9999999999878049,0.6890756302463102,82,0,37,137,0.039453125,0.0013719512195121953,0.0380811737804878
RF,5,0.5,1.0,crp_dataset_8_1_7.csv|crp_dataset_8_1_3.csv|crp_dataset_8_1_1.csv|crp_dataset_8_1_6.csv|crp_dataset_8_1_4.csv,crp_dataset_8_1_5.csv,0.7658333333333334,0.9999999999870129,0.7699999999923,77,0,23,156,0.039282226562499994,0.0013798701298701301,0.03790235643262987
RF,5,0.5,1.0,crp_dataset_8_1_7.csv|crp_dataset_8_1_3.csv|crp_dataset_8_1_1.csv|crp_dataset_8_1_6.csv|crp_dataset_8_1_4.csv,crp_dataset_8_1_8.csv,0.7658333333333334,0.9999999999878049,0.5942028985464188,82,0,56,118,0.0283203125,0.002210365853658537,0.02610994664634146
RF,5,0.5,1.0,crp_dataset_8_1_7.csv|crp_dataset_8_1_3.csv|crp_dataset_8_1_8.csv|crp_dataset_8_1_6.csv|crp_dataset_8_1_4.csv,crp_dataset_8_1_2.csv,0.6301234567901235,0.9647058823415916,0.6890756302463102,82,3,37,134,0.039453125,0.007205882352941177,0.03224724264705882
RF,5,0.5,1.0,crp_dataset_8_1_7.csv|crp_dataset_8_1_3.csv|crp_dataset_8_1_8.csv|crp_dataset_8_1_6.csv|crp_dataset_8_1_4.csv,crp_dataset_8_1_5.csv,0.6301234567901235,0.9756097560856632,0.799999999992,80,2,20,154,0.039282226562499994,0.0021341463414634144,0.03714808022103658
RF,5,0.5,1.0,crp_dataset_8_1_7.csv|crp_dataset_8_1_3.csv|crp_dataset_8_1_8.csv|crp_dataset_8_1_6.csv|crp_dataset_8_1_4.csv,crp_dataset_8_1_1.csv,0.6301234567901235,0.9787234042449071,0.7301587301529352,92,2,34,128,0.0252685546875,0.00039893617021276594,0.024869618517287233
RF,5,0.5,1.0,crp_dataset_8_1_7.csv|crp_dataset_8_1_1.csv|crp_dataset_8_1_8.csv|crp_dataset_8_1_6.csv|crp_dataset_8_1_4.csv,crp_dataset_8_1_2.csv,0.6078427524856096,0.9425287356213502,0.6890756302463102,82,5,37,132,0.039453125,0.0020114942528735636,0.037441630747126434
RF,5,0.5,1.0,crp_dataset_8_1_7.csv|crp_dataset_8_1_1.csv|crp_dataset_8_1_8.csv|crp_dataset_8_1_6.csv|crp_dataset_8_1_4.csv,crp_dataset_8_1_5.csv,0.6078427524856096,0.9756097560856632,0.799999999992,80,2,20,154,0.039282226562499994,0.0021341463414634144,0.03714808022103658
RF,5,0.5,1.0,crp_dataset_8_1_7.csv|crp_dataset_8_1_1.csv|crp_dataset_8_1_8.csv|crp_dataset_8_1_6.csv|crp_dataset_8_1_4.csv,crp_dataset_8_1_3.csv,0.6078427524856096,0.9864864864798211,0.8439306358332721,146,2,27,81,0.0196044921875,0.0002956081081081081,0.01930888407939189
RF,5,0.5,1.0,crp_dataset_8_1_5.csv|crp_dataset_8_1_3.csv|crp_dataset_8_1_1.csv|crp_dataset_8_1_8.csv|crp_dataset_8_1_6.csv,crp_dataset_8_1_2.csv,0.6540986079890286,0.9999999999882353,0.7142857142797119,85,0,34,137,0.039453125,0.001323529411764706,0.038129595588235296
RF,5,0.5,1.0,crp_dataset_8_1_5.csv|crp_dataset_8_1_3.csv|crp_dataset_8_1_1.csv|crp_dataset_8_1_8.csv|crp_dataset_8_1_6.csv,crp_dataset_8_1_7.csv,0.6540986079890286,0.9999999999954546,0.9999999999954546,220,0,0,36,0.0095703125,0.00034090909090909094,0.00922940340909091
RF,5,0.5,1.0,crp_dataset_8_1_5.csv|crp_dataset_8_1_3.csv|crp_dataset_8_1_1.csv|crp_dataset_8_1_8.csv|crp_dataset_8_1_6.csv,crp_dataset_8_1_4.csv,0.6540986079890286,0.9921259842441564,0.9618320610613601,126,1,5,124,0.023046875,0.00039370078740157485,0.022653174212598427
RF,5,0.5,1.0,crp_dataset_8_1_5.csv|crp_dataset_8_1_3.csv|crp_dataset_8_1_1.csv|crp_dataset_8_1_8.csv|crp_dataset_8_1_4.csv,crp_dataset_8_1_2.csv,0.6097915898158864,0.9879518072170126,0.6890756302463102,82,1,37,136,0.039453125,0.0015060240963855425,0.03794710090361446
RF,5,0.5,1.0,crp_dataset_8_1_5.csv|crp_dataset_8_1_3.csv|crp_dataset_8_1_1.csv|crp_dataset_8_1_8.csv|crp_dataset_8_1_4.csv,crp_dataset_8_1_7.csv,0.6097915898158864,0.9999999999954546,0.9999999999954546,220,0,0,36,0.0095703125,0.00034090909090909094,0.00922940340909091
RF,5,0.5,1.0,crp_dataset_8_1_5.csv|crp_dataset_8_1_3.csv|crp_dataset_8_1_1.csv|crp_dataset_8_1_8.csv|crp_dataset_8_1_4.csv,crp_dataset_8_1_6.csv,0.6097915898158864,0.6748768472873159,0.9785714285644388,137,66,3,50,0.026928710937499996,0.019057881773399014,0.007870829164100982
RF,5,0.5,1.0,crp_dataset_8_1_5.csv|crp_dataset_8_1_3.csv|crp_dataset_8_1_1.csv|crp_dataset_8_1_6.csv|crp_dataset_8_1_4.csv,crp_dataset_8_1_2.csv,0.6495120220843004,0.9999999999892473,0.7815126050354495,93,0,26,137,0.039453125,0.0014112903225806453,0.03804183467741935
RF,5,0.5,1.0,crp_dataset_8_1_5.csv|crp_dataset_8_1_3.csv|crp_dataset_8_1_1.csv|crp_dataset_8_1_6.csv|crp_dataset_8_1_4.csv,crp_dataset_8_1_7.csv,0.6495120220843004,0.9999999999954546,0.9999999999954546,220,0,0,36,0.0095703125,0.00034090909090909094,0.00922940340909091
RF,5,0.5,1.0,crp_dataset_8_1_5.csv|crp_dataset_8_1_3.csv|crp_dataset_8_1_1.csv|crp_dataset_8_1_6.csv|crp_dataset_8_1_4.csv,crp_dataset_8_1_8.csv,0.6495120220843004,0.9999999999876543,0.5869565217348772,81,0,57,118,0.0283203125,0.002237654320987655,0.026082658179012345
RF,5,0.5,1.0,crp_dataset_8_1_5.csv|crp_dataset_8_1_3.csv|crp_dataset_8_1_8.csv|crp_dataset_8_1_6.csv|crp_dataset_8_1_4.csv,crp_dataset_8_1_2.csv,0.6640713221376505,0.9999999999878049,0.6890756302463102,82,0,37,137,0.039453125,0.0013719512195121953,0.0380811737804878
RF,5,0.5,1.0,crp_dataset_8_1_5.csv|crp_dataset_8_1_3.csv|crp_dataset_8_1_8.csv|crp_dataset_8_1_6.csv|crp_dataset_8_1_4.csv,crp_dataset_8_1_7.csv,0.6640713221376505,0.9999999999954546,0.9999999999954546,220,0,0,36,0.0095703125,0.00034090909090909094,0.00922940340909091
RF,5,0.5,1.0,crp_dataset_8_1_5.csv|crp_dataset_8_1_3.csv|crp_dataset_8_1_8.csv|crp_dataset_8_1_6.csv|crp_dataset_8_1_4.csv,crp_dataset_8_1_1.csv,0.6640713221376505,0.9711538461445081,0.8015873015809397,101,3,25,127,0.0252685546875,0.00042067307692307695,0.024847881610576925
RF,5,0.5,1.0,crp_dataset_8_1_5.csv|crp_dataset_8_1_1.csv|crp_dataset_8_1_8.csv|crp_dataset_8_1_6.csv|crp_dataset_8_1_4.csv,crp_dataset_8_1_2.csv,0.6310518985371926,0.9425287356213502,0.6890756302463102,82,5,37,132,0.039453125,0.0020114942528735636,0.037441630747126434
RF,5,0.5,1.0,crp_dataset_8_1_5.csv|crp_dataset_8_1_1.csv|crp_dataset_8_1_8.csv|crp_dataset_8_1_6.csv|crp_dataset_8_1_4.csv,crp_dataset_8_1_7.csv,0.6310518985371926,0.9999999999954546,0.9999999999954546,220,0,0,36,0.0095703125,0.00034090909090909094,0.00922940340909091
RF,5,0.5,1.0,crp_dataset_8_1_5.csv|crp_dataset_8_1_1.csv|crp_dataset_8_1_8.csv|crp_dataset_8_1_6.csv|crp_dataset_8_1_4.csv,crp_dataset_8_1_3.csv,0.6310518985371926,0.9865771812014325,0.849710982654048,147,2,26,81,0.0196044921875,0.00029362416107382553,0.019310868026426172
RF,5,0.5,1.0,crp_dataset_8_1_3.csv|crp_dataset_8_1_1.csv|crp_dataset_8_1_8.csv|crp_dataset_8_1_6.csv|crp_dataset_8_1_4.csv,crp_dataset_8_1_2.csv,0.6590177891446433,0.9999999999878049,0.6890756302463102,82,0,37,137,0.039453125,0.0013719512195121953,0.0380811737804878
RF,5,0.5,1.0,crp_dataset_8_1_3.csv|crp_dataset_8_1_1.csv|crp_dataset_8_1_8.csv|crp_dataset_8_1_6.csv|crp_dataset_8_1_4.csv,crp_dataset_8_1_7.csv,0.6590177891446433,0.9999999999954546,0.9999999999954546,220,0,0,36,0.0095703125,0.00034090909090909094,0.00922940340909091
RF,5,0.5,1.0,crp_dataset_8_1_3.csv|crp_dataset_8_1_1.csv|crp_dataset_8_1_8.csv|crp_dataset_8_1_6.csv|crp_dataset_8_1_4.csv,crp_dataset_8_1_5.csv,0.6590177891446433,0.9999999999875,0.799999999992,80,0,20,156,0.039282226562499994,0.00140625,0.0378759765625
RF,6,0.5,1.0,crp_dataset_8_1_2.csv|crp_dataset_8_1_7.csv|crp_dataset_8_1_5.csv|crp_dataset_8_1_3.csv|crp_dataset_8_1_1.csv|crp_dataset_8_1_8.csv,crp_dataset_8_1_6.csv,0.638786799620133,0.8081395348790225,0.9928571428500511,139,33,1,83,0.026928710937499996,0.00944767441860465,0.017481036518895345
RF,6,0.5,1.0,crp_dataset_8_1_2.csv|crp_dataset_8_1_7.csv|crp_dataset_8_1_5.csv|crp_dataset_8_1_3.csv|crp_dataset_8_1_1.csv|crp_dataset_8_1_8.csv,crp_dataset_8_1_4.csv,0.638786799620133,0.999999999990991,0.8473282442683411,111,0,20,125,0.023046875,0.0003378378378378379,0.022709037162162164
RF,6,0.5,1.0,crp_dataset_8_1_2.csv|crp_dataset_8_1_7.csv|crp_dataset_8_1_5.csv|crp_dataset_8_1_3.csv|crp_dataset_8_1_1.csv|crp_dataset_8_1_6.csv,crp_dataset_8_1_8.csv,0.6172446072446074,0.979166666656467,0.6811594202849192,94,2,44,116,0.0283203125,0.0024088541666666668,0.02591145833333333
RF,6,0.5,1.0,crp_dataset_8_1_2.csv|crp_dataset_8_1_7.csv|crp_dataset_8_1_5.csv|crp_dataset_8_1_3.csv|crp_dataset_8_1_1.csv|crp_dataset_8_1_6.csv,crp_dataset_8_1_4.csv,0.6172446072446074,0.9765624999923707,0.9541984732751588,125,3,6,122,0.023046875,0.000634765625,0.022412109375000003
RF,6,0.5,1.0,crp_dataset_8_1_2.csv|crp_dataset_8_1_7.csv|crp_dataset_8_1_5.csv|crp_dataset_8_1_3.csv|crp_dataset_8_1_1.csv|crp_dataset_8_1_4.csv,crp_dataset_8_1_8.csv,0.613589404247729,0.999999999988764,0.6449275362272108,89,0,49,118,0.0283203125,0.002457865168539326,0.025862447331460675
RF,6,0.5,1.0,crp_dataset_8_1_2.csv|crp_dataset_8_1_7.csv|crp_dataset_8_1_5.csv|crp_dataset_8_1_3.csv|crp_dataset_8_1_1.csv|crp_dataset_8_1_4.csv,crp_dataset_8_1_6.csv,0.613589404247729,0.6796116504821379,0.9999999999928573,140,66,0,50,0.026928710937499996,0.01862864077669903,0.008300070160800966
RF,6,0.5,1.0,crp_dataset_8_1_2.csv|crp_dataset_8_1_7.csv|crp_dataset_8_1_5.csv|crp_dataset_8_1_3.csv|crp_dataset_8_1_8.csv|crp_dataset_8_1_6.csv,crp_dataset_8_1_1.csv,0.6020634920634921,0.9590163934347621,0.9285714285640589,117,5,9,125,0.0252685546875,0.0007172131147540983,0.0245513415727459
RF,6,0.5,1.0,crp_dataset_8_1_2.csv|crp_dataset_8_1_7.csv|crp_dataset_8_1_5.csv|crp_dataset_8_1_3.csv|crp_dataset_8_1_8.csv|crp_dataset_8_1_6.csv,crp_dataset_8_1_4.csv,0.6020634920634921,0.9769230769155622,0.9694656488475614,127,3,4,122,0.023046875,0.000673076923076923,0.02237379807692308
RF,6,0.5,1.0,crp_dataset_8_1_2.csv|crp_dataset_8_1_7.csv|crp_dataset_8_1_5.csv|crp_dataset_8_1_3.csv|crp_dataset_8_1_8.csv|crp_dataset_8_1_4.csv,crp_dataset_8_1_1.csv,0.6837483745089946,0.9761904761788548,0.6507936507884857,82,2,44,128,0.0252685546875,0.0003720238095238095,0.024896530877976192
RF,6,0.5,1.0,crp_dataset_8_1_2.csv|crp_dataset_8_1_7.csv|crp_dataset_8_1_5.csv|crp_dataset_8_1_3.csv|crp_dataset_8_1_8.csv|crp_dataset_8_1_4.csv,crp_dataset_8_1_6.csv,0.6837483745089946,0.8986486486425768,0.9499999999932144,133,15,7,101,0.026928710937499996,0.0046452702702702705,0.022283440667229724
RF,6,0.5,1.0,crp_dataset_8_1_2.csv|crp_dataset_8_1_7.csv|crp_dataset_8_1_5.csv|crp_dataset_8_1_3.csv|crp_dataset_8_1_6.csv|crp_dataset_8_1_4.csv,crp_dataset_8_1_1.csv,0.6513672839506172,0.9718309859018052,0.5476190476147014,69,2,57,128,0.0252685546875,0.00044014084507042255,0.024828413842429578
RF,6,0.5,1.0,crp_dataset_8_1_2.csv|crp_dataset_8_1_7.csv|crp_dataset_8_1_5.csv|crp_dataset_8_1_3.csv|crp_dataset_8_1_6.csv|crp_dataset_8_1_4.csv,crp_dataset_8_1_8.csv,0.6513672839506172,0.951807228904195,0.5724637681117938,79,4,59,114,0.0283203125,0.003237951807228915,0.025082360692771085
RF,6,0.5,1.0,crp_dataset_8_1_2.csv|crp_dataset_8_1_7.csv|crp_dataset_8_1_5.csv|crp_dataset_8_1_1.csv|crp_dataset_8_1_8.csv|crp_dataset_8_1_6.csv,crp_dataset_8_1_3.csv,0.6266631470141037,0.999999999993007,0.8265895953709447,143,0,30,83,0.0196044921875,0.00013111888111888115,0.019473373306381117
RF,6,0.5,1.0,crp_dataset_8_1_2.csv|crp_dataset_8_1_7.csv|crp_dataset_8_1_5.csv|crp_dataset_8_1_1.csv|crp_dataset_8_1_8.csv|crp_dataset_8_1_6.csv,crp_dataset_8_1_4.csv,0.6266631470141037,0.983870967734001,0.931297709916555,122,2,9,123,0.023046875,0.0005040322580645161,0.022542842741935486
RF,6,0.5,1.0,crp_dataset_8_1_2.csv|crp_dataset_8_1_7.csv|crp_dataset_8_1_5.csv|crp_dataset_8_1_1.csv|crp_dataset_8_1_8.csv|crp_dataset_8_1_4.csv,crp_dataset_8_1_3.csv,0.7134848484848485,0.9999999999920635,0.7283236994177554,126,0,47,83,0.0196044921875,0.00014880952380952382,0.019455682663690476
RF,6,0.5,1.0,crp_dataset_8_1_2.csv|crp_dataset_8_1_7.csv|crp_dataset_8_1_5.csv|crp_dataset_8_1_1.csv|crp_dataset_8_1_8.csv|crp_dataset_8_1_4.csv,crp_dataset_8_1_6.csv,0.7134848484848485,0.999999999990991,0.7928571428514797,111,0,29,116,0.026928710937499996,0.00011261261261261261,0.026816098324887384
RF,6,0.5,1.0,crp_dataset_8_1_2.csv|crp_dataset_8_1_7.csv|crp_dataset_8_1_5.csv|crp_dataset_8_1_1.csv|crp_dataset_8_1_6.csv|crp_dataset_8_1_4.csv,crp_dataset_8_1_3.csv,0.7024603174603173,0.9999999999921876,0.7398843930593071,128,0,45,83,0.0196044921875,0.0,0.0196044921875
RF,6,0.5,1.0,crp_dataset_8_1_2.csv|crp_dataset_8_1_7.csv|crp_dataset_8_1_5.csv|crp_dataset_8_1_1.csv|crp_dataset_8_1_6.csv|crp_dataset_8_1_4.csv,crp_dataset_8_1_8.csv,0.7024603174603173,0.9759036144460734,0.5869565217348772,81,2,57,116,0.0283203125,0.0027861445783132536,0.025534167921686748
RF,6,0.5,1.0,crp_dataset_8_1_2.csv|crp_dataset_8_1_7.csv|crp_dataset_8_1_5.csv|crp_dataset_8_1_8.csv|crp_dataset_8_1_6.csv|crp_dataset_8_1_4.csv,crp_dataset_8_1_3.csv,0.6873217247097844,0.999999999992,0.7225433525969795,125,0,48,83,0.0196044921875,0.0,0.0196044921875
RF,6,0.5,1.0,crp_dataset_8_1_2.csv|crp_dataset_8_1_7.csv|crp_dataset_8_1_5.csv|crp_dataset_8_1_8.csv|crp_dataset_8_1_6.csv|crp_dataset_8_1_4.csv,crp_dataset_8_1_1.csv,0.6873217247097844,0.9770114942416435,0.6746031745978206,85,2,41,128,0.0252685546875,0.00035919540229885057,0.02490935928520115
RF,6,0.5,1.0,crp_dataset_8_1_2.csv|crp_dataset_8_1_7.csv|crp_dataset_8_1_3.csv|crp_dataset_8_1_1.csv|crp_dataset_8_1_8.csv|crp_dataset_8_1_6.csv,crp_dataset_8_1_5.csv,0.6138979298987483,0.9999999999879517,0.8299999999916999,83,0,17,156,0.039282226562499994,0.0015813253012048193,0.037700901261295175
RF,6,0.5,1.0,crp_dataset_8_1_2.csv|crp_dataset_8_1_7.csv|crp_dataset_8_1_3.csv|crp_dataset_8_1_1.csv|crp_dataset_8_1_8.csv|crp_dataset_8_1_6.csv,crp_dataset_8_1_4.csv,0.6138979298987483,0.9843749999923097,0.9618320610613601,126,2,5,123,0.023046875,0.000537109375,0.022509765625
RF,6,0.5,1.0,crp_dataset_8_1_2.csv|crp_dataset_8_1_7.csv|crp_dataset_8_1_3.csv|crp_dataset_8_1_1.csv|crp_dataset_8_1_8.csv|crp_dataset_8_1_4.csv,crp_dataset_8_1_5.csv,0.6592115466374822,0.9999999999878049,0.8199999999918,82,0,18,156,0.039282226562499994,0.0016006097560975613,0.03768161680640243
RF,6,0.5,1.0,crp_dataset_8_1_2.csv|crp_dataset_8_1_7.csv|crp_dataset_8_1_3.csv|crp_dataset_8_1_1.csv|crp_dataset_8_1_8.csv|crp_dataset_8_1_4.csv,crp_dataset_8_1_6.csv,0.6592115466374822,0.8670886075894488,0.9785714285644388,137,21,3,95,0.026928710937499996,0.006091772151898734,0.020836938785601264
RF,6,0.5,1.0,crp_dataset_8_1_2.csv|crp_dataset_8_1_7.csv|crp_dataset_8_1_3.csv|crp_dataset_8_1_1.csv|crp_dataset_8_1_6.csv|crp_dataset_8_1_4.csv,crp_dataset_8_1_5.csv,0.6634767821877662,0.9999999999870129,0.7699999999923,77,0,23,156,0.039282226562499994,0.0013798701298701301,0.03790235643262987
RF,6,0.5,1.0,crp_dataset_8_1_2.csv|crp_dataset_8_1_7.csv|crp_dataset_8_1_3.csv|crp_dataset_8_1_1.csv|crp_dataset_8_1_6.csv|crp_dataset_8_1_4.csv,crp_dataset_8_1_8.csv,0.6634767821877662,0.9999999999861111,0.521739130431002,72,0,66,118,0.0283203125,0.0025173611111111113,0.025802951388888887
RF,6,0.5,1.0,crp_dataset_8_1_2.csv|crp_dataset_8_1_7.csv|crp_dataset_8_1_3.csv|crp_dataset_8_1_8.csv|crp_dataset_8_1_6.csv|crp_dataset_8_1_4.csv,crp_dataset_8_1_5.csv,0.6623303415371085,0.9999999999871795,0.7799999999921999,78,0,22,156,0.039282226562499994,0.0014423076923076924,0.0378399188701923
RF,6,0.5,1.0,crp_dataset_8_1_2.csv|crp_dataset_8_1_7.csv|crp_dataset_8_1_3.csv|crp_dataset_8_1_8.csv|crp_dataset_8_1_6.csv|crp_dataset_8_1_4.csv,crp_dataset_8_1_1.csv,0.6623303415371085,0.9729729729642074,0.8571428571360544,108,3,18,127,0.0252685546875,0.0005630630630630631,0.024705491624436936
RF,6,0.5,1.0,crp_dataset_8_1_2.csv|crp_dataset_8_1_7.csv|crp_dataset_8_1_1.csv|crp_dataset_8_1_8.csv|crp_dataset_8_1_6.csv|crp_dataset_8_1_4.csv,crp_dataset_8_1_5.csv,0.6724929453262788,0.9999999999870129,0.7699999999923,77,0,23,156,0.039282226562499994,0.0013798701298701301,0.03790235643262987
RF,6,0.5,1.0,crp_dataset_8_1_2.csv|crp_dataset_8_1_7.csv|crp_dataset_8_1_1.csv|crp_dataset_8_1_8.csv|crp_dataset_8_1_6.csv|crp_dataset_8_1_4.csv,crp_dataset_8_1_3.csv,0.6724929453262788,0.9999999999931508,0.8439306358332721,146,0,27,83,0.0196044921875,0.0001284246575342466,0.01947606752996575
RF,6,0.5,1.0,crp_dataset_8_1_2.csv|crp_dataset_8_1_5.csv|crp_dataset_8_1_3.csv|crp_dataset_8_1_1.csv|crp_dataset_8_1_8.csv|crp_dataset_8_1_6.csv,crp_dataset_8_1_7.csv,0.6486314838994474,0.9999999999954546,0.9999999999954546,220,0,0,36,0.0095703125,0.00034090909090909094,0.00922940340909091
RF,6,0.5,1.0,crp_dataset_8_1_2.csv|crp_dataset_8_1_5.csv|crp_dataset_8_1_3.csv|crp_dataset_8_1_1.csv|crp_dataset_8_1_8.csv|crp_dataset_8_1_6.csv,crp_dataset_8_1_4.csv,0.6486314838994474,0.9921259842441564,0.9618320610613601,126,1,5,124,0.023046875,0.00039370078740157485,0.022653174212598427
RF,6,0.5,1.0,crp_dataset_8_1_2.csv|crp_dataset_8_1_5.csv|crp_dataset_8_1_3.csv|crp_dataset_8_1_1.csv|crp_dataset_8_1_8.csv|crp_dataset_8_1_4.csv,crp_dataset_8_1_7.csv,0.6003074951016127,0.9999999999954546,0.9999999999954546,220,0,0,36,0.0095703125,0.00034090909090909094,0.00922940340909091
RF,6,0.5,1.0,crp_dataset_8_1_2.csv|crp_dataset_8_1_5.csv|crp_dataset_8_1_3.csv|crp_dataset_8_1_1.csv|crp_dataset_8_1_8.csv|crp_dataset_8_1_4.csv,crp_dataset_8_1_6.csv,0.6003074951016127,0.7554347826045901,0.9928571428500511,139,45,1,71,0.026928710937499996,0.01358695652173913,0.013341754415760866
RF,6,0.5,1.0,crp_dataset_8_1_2.csv|crp_dataset_8_1_5.csv|crp_dataset_8_1_3.csv|crp_dataset_8_1_1.csv|crp_dataset_8_1_6.csv|crp_dataset_8_1_4.csv,crp_dataset_8_1_7.csv,0.6124873691451707,0.9999999999954546,0.9999999999954546,220,0,0,36,0.0095703125,0.00034090909090909094,0.00922940340909091
RF,6,0.5,1.0,crp_dataset_8_1_2.csv|crp_dataset_8_1_5.csv|crp_dataset_8_1_3.csv|crp_dataset_8_1_1.csv|crp_dataset_8_1_6.csv|crp_dataset_8_1_4.csv,crp_dataset_8_1_8.csv,0.6124873691451707,0.9887640449327105,0.637681159415669,88,1,50,117,0.0283203125,0.0025983146067415732,0.025721997893258425
RF,6,0.5,1.0,crp_dataset_8_1_2.csv|crp_dataset_8_1_5.csv|crp_dataset_8_1_3.csv|crp_dataset_8_1_8.csv|crp_dataset_8_1_6.csv|crp_dataset_8_1_4.csv,crp_dataset_8_1_7.csv,0.6011570698632104,0.9999999999954546,0.9999999999954546,220,0,0,36,0.0095703125,0.00034090909090909094,0.00922940340909091
RF,6,0.5,1.0,crp_dataset_8_1_2.csv|crp_dataset_8_1_5.csv|crp_dataset_8_1_3.csv|crp_dataset_8_1_8.csv|crp_dataset_8_1_6.csv|crp_dataset_8_1_4.csv,crp_dataset_8_1_1.csv,0.6011570698632104,0.9734513274250137,0.8730158730089443,110,3,16,127,0.0252685546875,0.0005530973451327434,0.024715457342367256
RF,6,0.5,1.0,crp_dataset_8_1_2.csv|crp_dataset_8_1_5.csv|crp_dataset_8_1_1.csv|crp_dataset_8_1_8.csv|crp_dataset_8_1_6.csv|crp_dataset_8_1_4.csv,crp_dataset_8_1_7.csv,0.6165518925518925,0.9999999999954546,0.9999999999954546,220,0,0,36,0.0095703125,0.00034090909090909094,0.00922940340909091
RF,6,0.5,1.0,crp_dataset_8_1_2.csv|crp_dataset_8_1_5.csv|crp_dataset_8_1_1.csv|crp_dataset_8_1_8.csv|crp_dataset_8_1_6.csv|crp_dataset_8_1_4.csv,crp_dataset_8_1_3.csv,0.6165518925518925,0.9999999999931973,0.849710982654048,147,0,26,83,0.0196044921875,0.00012755102040816328,0.019476941167091835
RF,6,0.5,1.0,crp_dataset_8_1_2.csv|crp_dataset_8_1_3.csv|crp_dataset_8_1_1.csv|crp_dataset_8_1_8.csv|crp_dataset_8_1_6.csv|crp_dataset_8_1_4.csv,crp_dataset_8_1_7.csv,0.7054994897309311,0.9999999999954546,0.9999999999954546,220,0,0,36,0.0095703125,0.00034090909090909094,0.00922940340909091
RF,6,0.5,1.0,crp_dataset_8_1_2.csv|crp_dataset_8_1_3.csv|crp_dataset_8_1_1.csv|crp_dataset_8_1_8.csv|crp_dataset_8_1_6.csv|crp_dataset_8_1_4.csv,crp_dataset_8_1_5.csv,0.7054994897309311,0.9999999999870129,0.7699999999923,77,0,23,156,0.039282226562499994,0.0013798701298701301,0.03790235643262987
RF,6,0.5,1.0,crp_dataset_8_1_7.csv|crp_dataset_8_1_5.csv|crp_dataset_8_1_3.csv|crp_dataset_8_1_1.csv|crp_dataset_8_1_8.csv|crp_dataset_8_1_6.csv,crp_dataset_8_1_2.csv,0.6279824667825955,0.9444444444339506,0.7142857142797119,85,5,34,132,0.039453125,0.0019444444444444446,0.037508680555555556
RF,6,0.5,1.0,crp_dataset_8_1_7.csv|crp_dataset_8_1_5.csv|crp_dataset_8_1_3.csv|crp_dataset_8_1_1.csv|crp_dataset_8_1_8.csv|crp_dataset_8_1_6.csv,crp_dataset_8_1_4.csv,0.6279824667825955,0.9843749999923097,0.9618320610613601,126,2,5,123,0.023046875,0.000537109375,0.022509765625
RF,6,0.5,1.0,crp_dataset_8_1_7.csv|crp_dataset_8_1_5.csv|crp_dataset_8_1_3.csv|crp_dataset_8_1_1.csv|crp_dataset_8_1_8.csv|crp_dataset_8_1_4.csv,crp_dataset_8_1_2.csv,0.6030934541558111,0.9999999999882353,0.7142857142797119,85,0,34,137,0.039453125,0.001323529411764706,0.038129595588235296
RF,6,0.5,1.0,crp_dataset_8_1_7.csv|crp_dataset_8_1_5.csv|crp_dataset_8_1_3.csv|crp_dataset_8_1_1.csv|crp_dataset_8_1_8.csv|crp_dataset_8_1_4.csv,crp_dataset_8_1_6.csv,0.6030934541558111,0.6113537117877234,0.9999999999928573,140,89,0,27,0.026928710937499996,0.02303493449781659,0.003893776439683406
RF,6,0.5,1.0,crp_dataset_8_1_7.csv|crp_dataset_8_1_5.csv|crp_dataset_8_1_3.csv|crp_dataset_8_1_1.csv|crp_dataset_8_1_6.csv|crp_dataset_8_1_4.csv,crp_dataset_8_1_2.csv,0.6233333333333333,0.999999999989899,0.8319327731022527,99,0,20,137,0.039453125,0.0013257575757575758,0.03812736742424242
RF,6,0.5,1.0,crp_dataset_8_1_7.csv|crp_dataset_8_1_5.csv|crp_dataset_8_1_3.csv|crp_dataset_8_1_1.csv|crp_dataset_8_1_6.csv|crp_dataset_8_1_4.csv,crp_dataset_8_1_8.csv,0.6233333333333333,0.9891304347718572,0.6594202898502941,91,1,47,117,0.0283203125,0.0025135869565217394,0.02580672554347826
RF,6,0.5,1.0,crp_dataset_8_1_7.csv|crp_dataset_8_1_5.csv|crp_dataset_8_1_3.csv|crp_dataset_8_1_8.csv|crp_dataset_8_1_6.csv|crp_dataset_8_1_4.csv,crp_dataset_8_1_2.csv,0.6690348781937018,0.9999999999882353,0.7142857142797119,85,0,34,137,0.039453125,0.001323529411764706,0.038129595588235296
RF,6,0.5,1.0,crp_dataset_8_1_7.csv|crp_dataset_8_1_5.csv|crp_dataset_8_1_3.csv|crp_dataset_8_1_8.csv|crp_dataset_8_1_6.csv|crp_dataset_8_1_4.csv,crp_dataset_8_1_1.csv,0.6690348781937018,0.9793814432888723,0.7539682539622701,95,2,31,128,0.0252685546875,0.00032216494845360824,0.024946389739046393
RF,6,0.5,1.0,crp_dataset_8_1_7.csv|crp_dataset_8_1_5.csv|crp_dataset_8_1_1.csv|crp_dataset_8_1_8.csv|crp_dataset_8_1_6.csv|crp_dataset_8_1_4.csv,crp_dataset_8_1_2.csv,0.6164090909090909,0.9425287356213502,0.6890756302463102,82,5,37,132,0.039453125,0.0020114942528735636,0.037441630747126434
RF,6,0.5,1.0,crp_dataset_8_1_7.csv|crp_dataset_8_1_5.csv|crp_dataset_8_1_1.csv|crp_dataset_8_1_8.csv|crp_dataset_8_1_6.csv|crp_dataset_8_1_4.csv,crp_dataset_8_1_3.csv,0.6164090909090909,0.9865771812014325,0.849710982654048,147,2,26,81,0.0196044921875,0.00029362416107382553,0.019310868026426172
RF,6,0.5,1.0,crp_dataset_8_1_7.csv|crp_dataset_8_1_3.csv|crp_dataset_8_1_1.csv|crp_dataset_8_1_8.csv|crp_dataset_8_1_6.csv|crp_dataset_8_1_4.csv,crp_dataset_8_1_2.csv,0.6184659090909091,0.9999999999878049,0.6890756302463102,82,0,37,137,0.039453125,0.0013719512195121953,0.0380811737804878
RF,6,0.5,1.0,crp_dataset_8_1_7.csv|crp_dataset_8_1_3.csv|crp_dataset_8_1_1.csv|crp_dataset_8_1_8.csv|crp_dataset_8_1_6.csv|crp_dataset_8_1_4.csv,crp_dataset_8_1_5.csv,0.6184659090909091,0.9756097560856632,0.799999999992,80,2,20,154,0.039282226562499994,0.0021341463414634144,0.03714808022103658
RF,6,0.5,1.0,crp_dataset_8_1_5.csv|crp_dataset_8_1_3.csv|crp_dataset_8_1_1.csv|crp_dataset_8_1_8.csv|crp_dataset_8_1_6.csv|crp_dataset_8_1_4.csv,crp_dataset_8_1_2.csv,0.6353417839470471,0.9999999999878049,0.6890756302463102,82,0,37,137,0.039453125,0.0013719512195121953,0.0380811737804878
RF,6,0.5,1.0,crp_dataset_8_1_5.csv|crp_dataset_8_1_3.csv|crp_dataset_8_1_1.csv|crp_dataset_8_1_8.csv|crp_dataset_8_1_6.csv|crp_dataset_8_1_4.csv,crp_dataset_8_1_7.csv,0.6353417839470471,0.9999999999954546,0.9999999999954546,220,0,0,36,0.0095703125,0.00034090909090909094,0.00922940340909091
RF,7,0.5,1.0,crp_dataset_8_1_2.csv|crp_dataset_8_1_7.csv|crp_dataset_8_1_5.csv|crp_dataset_8_1_3.csv|crp_dataset_8_1_1.csv|crp_dataset_8_1_8.csv|crp_dataset_8_1_6.csv,crp_dataset_8_1_4.csv,0.7087372696804444,0.984251968496187,0.9541984732751588,125,2,6,123,0.023046875,0.0004921259842519685,0.022554749015748034
RF,7,0.5,1.0,crp_dataset_8_1_2.csv|crp_dataset_8_1_7.csv|crp_dataset_8_1_5.csv|crp_dataset_8_1_3.csv|crp_dataset_8_1_1.csv|crp_dataset_8_1_8.csv|crp_dataset_8_1_4.csv,crp_dataset_8_1_6.csv,0.6747507513647928,0.8374999999947657,0.9571428571360204,134,26,6,90,0.026928710937499996,0.0080078125,0.018920898437499997
RF,7,0.5,1.0,crp_dataset_8_1_2.csv|crp_dataset_8_1_7.csv|crp_dataset_8_1_5.csv|crp_dataset_8_1_3.csv|crp_dataset_8_1_1.csv|crp_dataset_8_1_6.csv|crp_dataset_8_1_4.csv,crp_dataset_8_1_8.csv,0.6063317372270545,0.9999999999894736,0.6884057970964609,95,0,43,118,0.0283203125,0.0023026315789473686,0.02601768092105263
RF,7,0.5,1.0,crp_dataset_8_1_2.csv|crp_dataset_8_1_7.csv|crp_dataset_8_1_5.csv|crp_dataset_8_1_3.csv|crp_dataset_8_1_8.csv|crp_dataset_8_1_6.csv|crp_dataset_8_1_4.csv,crp_dataset_8_1_1.csv,0.7383010306686778,0.9772727272616218,0.6825396825342656,86,2,40,128,0.0252685546875,0.0003551136363636364,0.024913441051136364
RF,7,0.5,1.0,crp_dataset_8_1_2.csv|crp_dataset_8_1_7.csv|crp_dataset_8_1_5.csv|crp_dataset_8_1_1.csv|crp_dataset_8_1_8.csv|crp_dataset_8_1_6.csv|crp_dataset_8_1_4.csv,crp_dataset_8_1_3.csv,0.7090982948246415,0.9999999999928059,0.8034682080878413,139,0,34,83,0.0196044921875,4.496402877697842e-05,0.01955952815872302
RF,7,0.5,1.0,crp_dataset_8_1_2.csv|crp_dataset_8_1_7.csv|crp_dataset_8_1_3.csv|crp_dataset_8_1_1.csv|crp_dataset_8_1_8.csv|crp_dataset_8_1_6.csv|crp_dataset_8_1_4.csv,crp_dataset_8_1_5.csv,0.6010578231025423,0.9999999999876543,0.8099999999919,81,0,19,156,0.039282226562499994,0.0014660493827160493,0.037816177179783944
RF,7,0.5,1.0,crp_dataset_8_1_2.csv|crp_dataset_8_1_5.csv|crp_dataset_8_1_3.csv|crp_dataset_8_1_1.csv|crp_dataset_8_1_8.csv|crp_dataset_8_1_6.csv|crp_dataset_8_1_4.csv,crp_dataset_8_1_7.csv,0.667287242657277,0.9999999999954546,0.9999999999954546,220,0,0,36,0.0095703125,0.00034090909090909094,0.00922940340909091
RF,7,0.5,1.0,crp_dataset_8_1_7.csv|crp_dataset_8_1_5.csv|crp_dataset_8_1_3.csv|crp_dataset_8_1_1.csv|crp_dataset_8_1_8.csv|crp_dataset_8_1_6.csv|crp_dataset_8_1_4.csv,crp_dataset_8_1_2.csv,0.6023230296973463,0.9777777777669135,0.7394957983131134,88,2,31,135,0.039453125,0.0015972222222222223,0.037855902777777777
