k_train_datasets,train_pct,test_pct,train_set,test_dataset,best_threshold,precision,recall,TP,FP,FN,TN,old_ber,new_ber,ber_reduction
1,0.75,1.0,crp_dataset_8_1_5.csv,crp_dataset_8_1_6.csv,0.8302571,0.0,0.0,0,0,140,116,0.026928710937499996,,
1,0.75,1.0,crp_dataset_8_1_5.csv,crp_dataset_8_1_7.csv,0.8302571,0.999999999990909,0.4999999999977273,110,0,110,36,0.0095703125,0.0002840909090909091,0.009286221590909092
1,0.75,1.0,crp_dataset_8_1_5.csv,crp_dataset_8_1_2.csv,0.8302571,0.9999999999791668,0.4033613445344255,48,0,71,137,0.039453125,0.0013020833333333333,0.03815104166666666
1,0.75,1.0,crp_dataset_8_1_5.csv,crp_dataset_8_1_1.csv,0.8302571,0.9999999999230769,0.10317460317378432,13,0,113,130,0.0252685546875,0.0,0.0252685546875
1,0.75,1.0,crp_dataset_8_1_5.csv,crp_dataset_8_1_4.csv,0.8302571,0.99999999996,0.19083969465503178,25,0,106,125,0.023046875,0.0005,0.022546875
1,0.75,1.0,crp_dataset_8_1_5.csv,crp_dataset_8_1_8.csv,0.8302571,0.9999999999642857,0.20289855072316743,28,0,110,118,0.0283203125,0.002678571428571429,0.02564174107142857
1,0.75,1.0,crp_dataset_8_1_5.csv,crp_dataset_8_1_3.csv,0.8302571,0.9999999999705883,0.19653179190637843,34,0,139,83,0.0196044921875,0.0,0.0196044921875
1,0.75,1.0,crp_dataset_8_1_6.csv,crp_dataset_8_1_5.csv,0.7542782,0.0,0.0,0,0,100,156,0.039282226562499994,,
1,0.75,1.0,crp_dataset_8_1_6.csv,crp_dataset_8_1_7.csv,0.7542782,0.9999999999926471,0.6181818181790083,136,0,84,36,0.0095703125,4.5955882352941176e-05,0.00952435661764706
1,0.75,1.0,crp_dataset_8_1_6.csv,crp_dataset_8_1_2.csv,0.7542782,0.0,0.0,0,0,119,137,0.039453125,,
1,0.75,1.0,crp_dataset_8_1_6.csv,crp_dataset_8_1_1.csv,0.7542782,0.9999999999375,0.12698412698311917,16,0,110,130,0.0252685546875,0.0,0.0252685546875
1,0.75,1.0,crp_dataset_8_1_6.csv,crp_dataset_8_1_4.csv,0.7542782,0.9999999999772728,0.3358778625928559,44,0,87,125,0.023046875,0.0,0.023046875
1,0.75,1.0,crp_dataset_8_1_6.csv,crp_dataset_8_1_8.csv,0.7542782,0.0,0.0,0,0,138,118,0.0283203125,,
1,0.75,1.0,crp_dataset_8_1_6.csv,crp_dataset_8_1_3.csv,0.7542782,0.9999999999880952,0.48554913294517027,84,0,89,83,0.0196044921875,0.0,0.0196044921875
1,0.75,1.0,crp_dataset_8_1_7.csv,crp_dataset_8_1_5.csv,0.8276114,0.39062499999847416,0.99999999999,100,156,0,0,0.039282226562499994,0.039282226562499994,0.0
1,0.75,1.0,crp_dataset_8_1_7.csv,crp_dataset_8_1_6.csv,0.8276114,0.5468749999978638,0.9999999999928573,140,116,0,0,0.026928710937499996,0.026928710937499996,0.0
1,0.75,1.0,crp_dataset_8_1_7.csv,crp_dataset_8_1_2.csv,0.8276114,0.46484374999818423,0.9999999999915966,119,137,0,0,0.039453125,0.039453125,0.0
1,0.75,1.0,crp_dataset_8_1_7.csv,crp_dataset_8_1_1.csv,0.8276114,0.4921874999980774,0.9999999999920635,126,130,0,0,0.0252685546875,0.0252685546875,0.0
1,0.75,1.0,crp_dataset_8_1_7.csv,crp_dataset_8_1_4.csv,0.8276114,0.5117187499980012,0.9999999999923664,131,125,0,0,0.023046875,0.023046875,0.0
1,0.75,1.0,crp_dataset_8_1_7.csv,crp_dataset_8_1_8.csv,0.8276114,0.5390624999978944,0.9999999999927537,138,118,0,0,0.0283203125,0.0283203125,0.0
1,0.75,1.0,crp_dataset_8_1_7.csv,crp_dataset_8_1_3.csv,0.8276114,0.6757812499973602,0.9999999999942197,173,83,0,0,0.0196044921875,0.0196044921875,0.0
1,0.75,1.0,crp_dataset_8_1_2.csv,crp_dataset_8_1_5.csv,0.74567795,0.9999999999870129,0.7699999999923,77,0,23,156,0.039282226562499994,0.0016233766233766235,0.03765884993912337
1,0.75,1.0,crp_dataset_8_1_2.csv,crp_dataset_8_1_6.csv,0.74567795,0.6604938271564168,0.7642857142802552,107,55,33,61,0.026928710937499996,0.01898148148148148,0.007947229456018515
1,0.75,1.0,crp_dataset_8_1_2.csv,crp_dataset_8_1_7.csv,0.74567795,0.9909909909865271,0.9999999999954546,220,2,0,34,0.0095703125,0.00045045045045045046,0.00911986204954955
1,0.75,1.0,crp_dataset_8_1_2.csv,crp_dataset_8_1_1.csv,0.74567795,0.5736434108482664,0.5873015872969262,74,55,52,75,0.0252685546875,0.016472868217054265,0.008795686470445735
1,0.75,1.0,crp_dataset_8_1_2.csv,crp_dataset_8_1_4.csv,0.74567795,0.6842105263121884,0.9923664122061652,130,60,1,65,0.023046875,0.013486842105263158,0.009560032894736843
1,0.75,1.0,crp_dataset_8_1_2.csv,crp_dataset_8_1_8.csv,0.74567795,0.7264150943327696,0.5579710144887104,77,29,61,89,0.0283203125,0.010966981132075473,0.017353331367924527
1,0.75,1.0,crp_dataset_8_1_2.csv,crp_dataset_8_1_3.csv,0.74567795,0.7766497461889511,0.884393063578703,153,44,20,39,0.0196044921875,0.010691624365482235,0.008912867822017764
1,0.75,1.0,crp_dataset_8_1_1.csv,crp_dataset_8_1_5.csv,0.67443526,0.8472222222104552,0.6099999999939,61,11,39,145,0.039282226562499994,0.004687500000000001,0.0345947265625
1,0.75,1.0,crp_dataset_8_1_1.csv,crp_dataset_8_1_6.csv,0.67443526,0.816793893123536,0.7642857142802552,107,24,33,92,0.026928710937499996,0.009208015267175573,0.017720695670324423
1,0.75,1.0,crp_dataset_8_1_1.csv,crp_dataset_8_1_7.csv,0.67443526,0.8661417322800546,0.9999999999954546,220,34,0,2,0.0095703125,0.008956692913385826,0.0006136195866141749
1,0.75,1.0,crp_dataset_8_1_1.csv,crp_dataset_8_1_2.csv,0.67443526,0.6363636363572084,0.5294117647014335,63,36,56,101,0.039453125,0.023800505050505058,0.01565261994949494
1,0.75,1.0,crp_dataset_8_1_1.csv,crp_dataset_8_1_4.csv,0.67443526,0.7293233082651931,0.7404580152615233,97,36,34,89,0.023046875,0.011043233082706766,0.012003641917293235
1,0.75,1.0,crp_dataset_8_1_1.csv,crp_dataset_8_1_8.csv,0.67443526,0.8029197080233365,0.7971014492695863,110,27,28,91,0.0283203125,0.005976277372262773,0.02234403512773723
1,0.75,1.0,crp_dataset_8_1_1.csv,crp_dataset_8_1_3.csv,0.67443526,0.8503401360486372,0.7225433525969795,125,22,48,61,0.0196044921875,0.008630952380952382,0.010973539806547618
1,0.75,1.0,crp_dataset_8_1_4.csv,crp_dataset_8_1_5.csv,0.7213767,0.9999999999870129,0.7699999999923,77,0,23,156,0.039282226562499994,0.0013798701298701301,0.03790235643262987
1,0.75,1.0,crp_dataset_8_1_4.csv,crp_dataset_8_1_6.csv,0.7213767,0.9999999999868421,0.5428571428532654,76,0,64,116,0.026928710937499996,8.223684210526316e-05,0.026846474095394732
1,0.75,1.0,crp_dataset_8_1_4.csv,crp_dataset_8_1_7.csv,0.7213767,0.9999999999942529,0.7909090909054959,174,0,46,36,0.0095703125,0.00014367816091954023,0.009426634339080461
1,0.75,1.0,crp_dataset_8_1_4.csv,crp_dataset_8_1_2.csv,0.7213767,0.9425287356213502,0.6890756302463102,82,5,37,132,0.039453125,0.0020114942528735636,0.037441630747126434
1,0.75,1.0,crp_dataset_8_1_4.csv,crp_dataset_8_1_1.csv,0.7213767,0.9999999999833334,0.4761904761866969,60,0,66,130,0.0252685546875,0.00010416666666666667,0.025164388020833334
1,0.75,1.0,crp_dataset_8_1_4.csv,crp_dataset_8_1_8.csv,0.7213767,0.9682539682385992,0.4420289855040433,61,2,77,116,0.0283203125,0.0032738095238095243,0.025046502976190474
1,0.75,1.0,crp_dataset_8_1_4.csv,crp_dataset_8_1_3.csv,0.7213767,0.9824561403422591,0.6473988439268937,112,2,61,81,0.0196044921875,0.0002192982456140351,0.019385193941885964
1,0.75,1.0,crp_dataset_8_1_8.csv,crp_dataset_8_1_5.csv,0.75979406,0.2944785276055554,0.4799999999952,48,115,52,41,0.039282226562499994,0.05103527607361963,-0.011753049511119634
1,0.75,1.0,crp_dataset_8_1_8.csv,crp_dataset_8_1_6.csv,0.75979406,0.0,0.0,0,0,140,116,0.026928710937499996,,
1,0.75,1.0,crp_dataset_8_1_8.csv,crp_dataset_8_1_7.csv,0.75979406,0.0,0.0,0,0,220,36,0.0095703125,,
1,0.75,1.0,crp_dataset_8_1_8.csv,crp_dataset_8_1_2.csv,0.75979406,0.2475247524727968,0.21008403361167996,25,76,94,61,0.039453125,0.07221534653465347,-0.032762221534653475
1,0.75,1.0,crp_dataset_8_1_8.csv,crp_dataset_8_1_1.csv,0.75979406,0.9999999998,0.03968253968222474,5,0,121,130,0.0252685546875,0.0,0.0252685546875
1,0.75,1.0,crp_dataset_8_1_8.csv,crp_dataset_8_1_4.csv,0.75979406,0.9999999999090909,0.08396946564821398,11,0,120,125,0.023046875,0.0,0.023046875
1,0.75,1.0,crp_dataset_8_1_8.csv,crp_dataset_8_1_3.csv,0.75979406,0.9999999999,0.05780346820775836,10,0,163,83,0.0196044921875,0.0,0.0196044921875
1,0.75,1.0,crp_dataset_8_1_3.csv,crp_dataset_8_1_5.csv,0.6731714,0.0,0.0,0,0,100,156,0.039282226562499994,,
1,0.75,1.0,crp_dataset_8_1_3.csv,crp_dataset_8_1_6.csv,0.6731714,0.6666666666634461,0.985714285707245,138,69,2,47,0.026928710937499996,0.017572463768115942,0.009356247169384053
1,0.75,1.0,crp_dataset_8_1_3.csv,crp_dataset_8_1_7.csv,0.6731714,0.9598214285671437,0.9772727272682852,215,9,5,27,0.0095703125,0.0013671875000000001,0.008203125
1,0.75,1.0,crp_dataset_8_1_3.csv,crp_dataset_8_1_2.csv,0.6731714,0.0,0.0,0,0,119,137,0.039453125,,
1,0.75,1.0,crp_dataset_8_1_3.csv,crp_dataset_8_1_1.csv,0.6731714,0.9384615384471006,0.4841269841231418,61,4,65,126,0.0252685546875,0.001346153846153846,0.023922400841346152
1,0.75,1.0,crp_dataset_8_1_3.csv,crp_dataset_8_1_4.csv,0.6731714,0.8867924528218227,0.7175572519029194,94,12,37,113,0.023046875,0.004186320754716981,0.01886055424528302
1,0.75,1.0,crp_dataset_8_1_3.csv,crp_dataset_8_1_8.csv,0.6731714,0.7931034482485136,0.16666666666545896,23,6,115,112,0.0283203125,0.004956896551724138,0.023363415948275863
2,0.75,1.0,crp_dataset_8_1_5.csv|crp_dataset_8_1_6.csv,crp_dataset_8_1_7.csv,0.6102963,0.9909909909865271,0.9999999999954546,220,2,0,34,0.0095703125,0.00047860360360360365,0.009091708896396397
2,0.75,1.0,crp_dataset_8_1_5.csv|crp_dataset_8_1_6.csv,crp_dataset_8_1_2.csv,0.6102963,0.9462365591296104,0.7394957983131134,88,5,31,132,0.039453125,0.001881720430107527,0.03757140456989247
2,0.75,1.0,crp_dataset_8_1_5.csv|crp_dataset_8_1_6.csv,crp_dataset_8_1_1.csv,0.6102963,0.9999999999836067,0.4841269841231418,61,0,65,130,0.0252685546875,0.00010245901639344262,0.02516609567110656
2,0.75,1.0,crp_dataset_8_1_5.csv|crp_dataset_8_1_6.csv,crp_dataset_8_1_4.csv,0.6102963,0.9999999999911504,0.8625954198407436,113,0,18,125,0.023046875,0.00033185840707964607,0.022715016592920356
2,0.75,1.0,crp_dataset_8_1_5.csv|crp_dataset_8_1_6.csv,crp_dataset_8_1_8.csv,0.6102963,0.9682539682385992,0.4420289855040433,61,2,77,116,0.0283203125,0.0032738095238095243,0.025046502976190474
2,0.75,1.0,crp_dataset_8_1_5.csv|crp_dataset_8_1_6.csv,crp_dataset_8_1_3.csv,0.6102963,0.9761904761827286,0.7109826589554279,123,3,50,80,0.0196044921875,0.0003472222222222222,0.01925726996527778
2,0.75,1.0,crp_dataset_8_1_5.csv|crp_dataset_8_1_7.csv,crp_dataset_8_1_6.csv,0.045149658,0.5468749999978638,0.9999999999928573,140,116,0,0,0.026928710937499996,0.026928710937499996,0.0
2,0.75,1.0,crp_dataset_8_1_5.csv|crp_dataset_8_1_7.csv,crp_dataset_8_1_2.csv,0.045149658,0.46484374999818423,0.9999999999915966,119,137,0,0,0.039453125,0.039453125,0.0
2,0.75,1.0,crp_dataset_8_1_5.csv|crp_dataset_8_1_7.csv,crp_dataset_8_1_1.csv,0.045149658,0.4921874999980774,0.9999999999920635,126,130,0,0,0.0252685546875,0.0252685546875,0.0
2,0.75,1.0,crp_dataset_8_1_5.csv|crp_dataset_8_1_7.csv,crp_dataset_8_1_4.csv,0.045149658,0.5117187499980012,0.9999999999923664,131,125,0,0,0.023046875,0.023046875,0.0
2,0.75,1.0,crp_dataset_8_1_5.csv|crp_dataset_8_1_7.csv,crp_dataset_8_1_8.csv,0.045149658,0.5390624999978944,0.9999999999927537,138,118,0,0,0.0283203125,0.0283203125,0.0
2,0.75,1.0,crp_dataset_8_1_5.csv|crp_dataset_8_1_7.csv,crp_dataset_8_1_3.csv,0.045149658,0.6757812499973602,0.9999999999942197,173,83,0,0,0.0196044921875,0.0196044921875,0.0
2,0.75,1.0,crp_dataset_8_1_5.csv|crp_dataset_8_1_2.csv,crp_dataset_8_1_6.csv,0.8518352,0.8857142857058503,0.6642857142809694,93,12,47,104,0.026928710937499996,0.005952380952380952,0.020976329985119044
2,0.75,1.0,crp_dataset_8_1_5.csv|crp_dataset_8_1_2.csv,crp_dataset_8_1_7.csv,0.8518352,0.9999999999954546,0.9999999999954546,220,0,0,36,0.0095703125,0.00034090909090909094,0.00922940340909091
2,0.75,1.0,crp_dataset_8_1_5.csv|crp_dataset_8_1_2.csv,crp_dataset_8_1_1.csv,0.8518352,0.8101265822682262,0.5079365079324767,64,15,62,115,0.0252685546875,0.00680379746835443,0.018464757219145568
2,0.75,1.0,crp_dataset_8_1_5.csv|crp_dataset_8_1_2.csv,crp_dataset_8_1_4.csv,0.8518352,0.8872180451061112,0.90076335877175,118,15,13,110,0.023046875,0.005263157894736842,0.01778371710526316
2,0.75,1.0,crp_dataset_8_1_5.csv|crp_dataset_8_1_2.csv,crp_dataset_8_1_8.csv,0.8518352,0.8636363636232782,0.4130434782578765,57,9,81,109,0.0283203125,0.007386363636363636,0.020933948863636365
2,0.75,1.0,crp_dataset_8_1_5.csv|crp_dataset_8_1_2.csv,crp_dataset_8_1_3.csv,0.8518352,0.8947368420993768,0.7861271676255137,136,16,37,67,0.0196044921875,0.005838815789473685,0.013765676398026314
2,0.75,1.0,crp_dataset_8_1_5.csv|crp_dataset_8_1_1.csv,crp_dataset_8_1_6.csv,0.7287873,0.954128440358219,0.7428571428518368,104,5,36,111,0.026928710937499996,0.0022935779816513763,0.02463513295584862
2,0.75,1.0,crp_dataset_8_1_5.csv|crp_dataset_8_1_1.csv,crp_dataset_8_1_7.csv,0.7287873,0.9606986899521367,0.9999999999954546,220,9,0,27,0.0095703125,0.002838427947598253,0.006731884552401748
2,0.75,1.0,crp_dataset_8_1_5.csv|crp_dataset_8_1_1.csv,crp_dataset_8_1_2.csv,0.7287873,0.9529411764593771,0.6806722689018431,81,4,38,133,0.039453125,0.0018382352941176475,0.03761488970588235
2,0.75,1.0,crp_dataset_8_1_5.csv|crp_dataset_8_1_1.csv,crp_dataset_8_1_4.csv,0.7287873,0.9487179487098399,0.8473282442683411,111,6,20,119,0.023046875,0.0019764957264957264,0.021070379273504275
2,0.75,1.0,crp_dataset_8_1_5.csv|crp_dataset_8_1_1.csv,crp_dataset_8_1_8.csv,0.7287873,0.8205128205058075,0.6956521739080026,96,21,42,97,0.0283203125,0.004807692307692307,0.023512620192307692
2,0.75,1.0,crp_dataset_8_1_5.csv|crp_dataset_8_1_1.csv,crp_dataset_8_1_3.csv,0.7287873,0.9565217391235036,0.7630057803424104,132,6,41,77,0.0196044921875,0.0018568840579710143,0.017747608129528986
2,0.75,1.0,crp_dataset_8_1_5.csv|crp_dataset_8_1_4.csv,crp_dataset_8_1_6.csv,0.8393601,0.9999999999868421,0.5428571428532654,76,0,64,116,0.026928710937499996,8.223684210526316e-05,0.026846474095394732
2,0.75,1.0,crp_dataset_8_1_5.csv|crp_dataset_8_1_4.csv,crp_dataset_8_1_7.csv,0.8393601,0.9999999999954546,0.9999999999954546,220,0,0,36,0.0095703125,0.00034090909090909094,0.00922940340909091
2,0.75,1.0,crp_dataset_8_1_5.csv|crp_dataset_8_1_4.csv,crp_dataset_8_1_2.csv,0.8393601,0.95774647885975,0.5714285714237695,68,3,51,134,0.039453125,0.0017605633802816902,0.03769256161971831
2,0.75,1.0,crp_dataset_8_1_5.csv|crp_dataset_8_1_4.csv,crp_dataset_8_1_1.csv,0.8393601,0.9999999999833334,0.4761904761866969,60,0,66,130,0.0252685546875,0.00010416666666666667,0.025164388020833334
2,0.75,1.0,crp_dataset_8_1_5.csv|crp_dataset_8_1_4.csv,crp_dataset_8_1_8.csv,0.8393601,0.9682539682385992,0.4420289855040433,61,2,77,116,0.0283203125,0.0032738095238095243,0.025046502976190474
2,0.75,1.0,crp_dataset_8_1_5.csv|crp_dataset_8_1_4.csv,crp_dataset_8_1_3.csv,0.8393601,0.9999999999910714,0.6473988439268937,112,0,61,83,0.0196044921875,0.0,0.0196044921875
2,0.75,1.0,crp_dataset_8_1_5.csv|crp_dataset_8_1_8.csv,crp_dataset_8_1_6.csv,0.68244416,0.6192893400983793,0.871428571422347,122,75,18,41,0.026928710937499996,0.02239847715736041,0.0045302337801395864
2,0.75,1.0,crp_dataset_8_1_5.csv|crp_dataset_8_1_8.csv,crp_dataset_8_1_7.csv,0.68244416,0.9954751131176676,0.9999999999954546,220,1,0,35,0.0095703125,0.0007918552036199097,0.00877845729638009
2,0.75,1.0,crp_dataset_8_1_5.csv|crp_dataset_8_1_8.csv,crp_dataset_8_1_2.csv,0.68244416,0.9999999999888889,0.7563025210020479,90,0,29,137,0.039453125,0.001388888888888889,0.03806423611111111
2,0.75,1.0,crp_dataset_8_1_5.csv|crp_dataset_8_1_8.csv,crp_dataset_8_1_1.csv,0.68244416,0.9224137930954964,0.8492063491996095,107,9,19,121,0.0252685546875,0.003663793103448276,0.021604761584051724
2,0.75,1.0,crp_dataset_8_1_5.csv|crp_dataset_8_1_8.csv,crp_dataset_8_1_4.csv,0.68244416,0.8145695364184466,0.9389312977027563,123,28,8,97,0.023046875,0.007905629139072848,0.015141245860927154
2,0.75,1.0,crp_dataset_8_1_5.csv|crp_dataset_8_1_8.csv,crp_dataset_8_1_3.csv,0.68244416,0.8214285714243805,0.9306358381449097,161,35,12,48,0.0196044921875,0.012276785714285714,0.007327706473214285
2,0.75,1.0,crp_dataset_8_1_5.csv|crp_dataset_8_1_3.csv,crp_dataset_8_1_6.csv,0.63229537,0.9134615384527551,0.6785714285665817,95,9,45,107,0.026928710937499996,0.004026442307692307,0.02290226862980769
2,0.75,1.0,crp_dataset_8_1_5.csv|crp_dataset_8_1_3.csv,crp_dataset_8_1_7.csv,0.63229537,0.9999999999954546,0.9999999999954546,220,0,0,36,0.0095703125,0.00034090909090909094,0.00922940340909091
2,0.75,1.0,crp_dataset_8_1_5.csv|crp_dataset_8_1_3.csv,crp_dataset_8_1_2.csv,0.63229537,0.9576271186359523,0.9495798319247934,113,5,6,132,0.039453125,0.0017478813559322036,0.0377052436440678
2,0.75,1.0,crp_dataset_8_1_5.csv|crp_dataset_8_1_3.csv,crp_dataset_8_1_1.csv,0.63229537,0.9487179487057856,0.5873015872969262,74,4,52,126,0.0252685546875,0.0011217948717948717,0.02414675981570513
2,0.75,1.0,crp_dataset_8_1_5.csv|crp_dataset_8_1_3.csv,crp_dataset_8_1_4.csv,0.63229537,0.9333333333255556,0.8549618320545423,112,8,19,117,0.023046875,0.0028125000000000003,0.020234375000000002
2,0.75,1.0,crp_dataset_8_1_5.csv|crp_dataset_8_1_3.csv,crp_dataset_8_1_8.csv,0.63229537,0.932432432419832,0.49999999999637684,69,5,69,113,0.0283203125,0.0035472972972972966,0.024773015202702704
2,0.75,1.0,crp_dataset_8_1_6.csv|crp_dataset_8_1_7.csv,crp_dataset_8_1_5.csv,0.64400595,0.9999999999870129,0.7699999999923,77,0,23,156,0.039282226562499994,0.0013798701298701301,0.03790235643262987
2,0.75,1.0,crp_dataset_8_1_6.csv|crp_dataset_8_1_7.csv,crp_dataset_8_1_2.csv,0.64400595,0.9425287356213502,0.6890756302463102,82,5,37,132,0.039453125,0.0020114942528735636,0.037441630747126434
2,0.75,1.0,crp_dataset_8_1_6.csv|crp_dataset_8_1_7.csv,crp_dataset_8_1_1.csv,0.64400595,0.9999999999833334,0.4761904761866969,60,0,66,130,0.0252685546875,0.00010416666666666667,0.025164388020833334
2,0.75,1.0,crp_dataset_8_1_6.csv|crp_dataset_8_1_7.csv,crp_dataset_8_1_4.csv,0.64400595,0.999999999990909,0.8396946564821398,110,0,21,125,0.023046875,0.0002840909090909091,0.022762784090909094
2,0.75,1.0,crp_dataset_8_1_6.csv|crp_dataset_8_1_7.csv,crp_dataset_8_1_8.csv,0.64400595,0.9682539682385992,0.4420289855040433,61,2,77,116,0.0283203125,0.0032738095238095243,0.025046502976190474
2,0.75,1.0,crp_dataset_8_1_6.csv|crp_dataset_8_1_7.csv,crp_dataset_8_1_3.csv,0.64400595,0.9824561403422591,0.6473988439268937,112,2,61,81,0.0196044921875,0.0002192982456140351,0.019385193941885964
2,0.75,1.0,crp_dataset_8_1_6.csv|crp_dataset_8_1_2.csv,crp_dataset_8_1_5.csv,0.60471326,0.9999999999873417,0.7899999999921,79,0,21,156,0.039282226562499994,0.0013449367088607597,0.037937289853639235
2,0.75,1.0,crp_dataset_8_1_6.csv|crp_dataset_8_1_2.csv,crp_dataset_8_1_7.csv,0.60471326,0.9482758620648781,0.9999999999954546,220,12,0,24,0.0095703125,0.001831896551724138,0.007738415948275863
2,0.75,1.0,crp_dataset_8_1_6.csv|crp_dataset_8_1_2.csv,crp_dataset_8_1_1.csv,0.60471326,0.6940298507410894,0.7380952380893802,93,41,33,89,0.0252685546875,0.011473880597014922,0.013794674090485078
2,0.75,1.0,crp_dataset_8_1_6.csv|crp_dataset_8_1_2.csv,crp_dataset_8_1_4.csv,0.60471326,0.7771084337302584,0.9847328244199639,129,37,2,88,0.023046875,0.008923192771084337,0.014123682228915664
2,0.75,1.0,crp_dataset_8_1_6.csv|crp_dataset_8_1_2.csv,crp_dataset_8_1_8.csv,0.60471326,0.7619047618975057,0.5797101449233355,80,25,58,93,0.0283203125,0.009285714285714286,0.019034598214285714
2,0.75,1.0,crp_dataset_8_1_6.csv|crp_dataset_8_1_2.csv,crp_dataset_8_1_3.csv,0.60471326,0.8196721311430619,0.8670520231163755,150,33,23,50,0.0196044921875,0.00901639344262295,0.01058809874487705
2,0.75,1.0,crp_dataset_8_1_6.csv|crp_dataset_8_1_1.csv,crp_dataset_8_1_5.csv,0.6087736,0.9999999999870129,0.7699999999923,77,0,23,156,0.039282226562499994,0.0013798701298701301,0.03790235643262987
2,0.75,1.0,crp_dataset_8_1_6.csv|crp_dataset_8_1_1.csv,crp_dataset_8_1_7.csv,0.6087736,0.9606986899521367,0.9999999999954546,220,9,0,27,0.0095703125,0.0013919213973799126,0.008178391102620088
2,0.75,1.0,crp_dataset_8_1_6.csv|crp_dataset_8_1_1.csv,crp_dataset_8_1_2.csv,0.6087736,0.9425287356213502,0.6890756302463102,82,5,37,132,0.039453125,0.0020114942528735636,0.037441630747126434
2,0.75,1.0,crp_dataset_8_1_6.csv|crp_dataset_8_1_1.csv,crp_dataset_8_1_4.csv,0.6087736,0.9734513274250137,0.8396946564821398,110,3,21,122,0.023046875,0.0012168141592920356,0.021830060840707967
2,0.75,1.0,crp_dataset_8_1_6.csv|crp_dataset_8_1_1.csv,crp_dataset_8_1_8.csv,0.6087736,0.9591836734596001,0.6811594202849192,94,4,44,114,0.0283203125,0.00274234693877551,0.02557796556122449
2,0.75,1.0,crp_dataset_8_1_6.csv|crp_dataset_8_1_1.csv,crp_dataset_8_1_3.csv,0.6087736,0.9139072847621597,0.7976878612670655,138,13,35,70,0.0196044921875,0.0040976821192052985,0.0155068100682947
2,0.75,1.0,crp_dataset_8_1_6.csv|crp_dataset_8_1_4.csv,crp_dataset_8_1_5.csv,0.70812446,0.9999999999870129,0.7699999999923,77,0,23,156,0.039282226562499994,0.0013798701298701301,0.03790235643262987
2,0.75,1.0,crp_dataset_8_1_6.csv|crp_dataset_8_1_4.csv,crp_dataset_8_1_7.csv,0.70812446,0.9999999999954546,0.9999999999954546,220,0,0,36,0.0095703125,0.00034090909090909094,0.00922940340909091
2,0.75,1.0,crp_dataset_8_1_6.csv|crp_dataset_8_1_4.csv,crp_dataset_8_1_2.csv,0.70812446,0.9425287356213502,0.6890756302463102,82,5,37,132,0.039453125,0.0020114942528735636,0.037441630747126434
2,0.75,1.0,crp_dataset_8_1_6.csv|crp_dataset_8_1_4.csv,crp_dataset_8_1_1.csv,0.70812446,0.9999999999833334,0.4761904761866969,60,0,66,130,0.0252685546875,0.00010416666666666667,0.025164388020833334
2,0.75,1.0,crp_dataset_8_1_6.csv|crp_dataset_8_1_4.csv,crp_dataset_8_1_8.csv,0.70812446,0.9682539682385992,0.4420289855040433,61,2,77,116,0.0283203125,0.0032738095238095243,0.025046502976190474
2,0.75,1.0,crp_dataset_8_1_6.csv|crp_dataset_8_1_4.csv,crp_dataset_8_1_3.csv,0.70812446,0.9824561403422591,0.6473988439268937,112,2,61,81,0.0196044921875,0.0002192982456140351,0.019385193941885964
2,0.75,1.0,crp_dataset_8_1_6.csv|crp_dataset_8_1_8.csv,crp_dataset_8_1_5.csv,0.69405174,0.9999999999870129,0.7699999999923,77,0,23,156,0.039282226562499994,0.0013798701298701301,0.03790235643262987
2,0.75,1.0,crp_dataset_8_1_6.csv|crp_dataset_8_1_8.csv,crp_dataset_8_1_7.csv,0.69405174,0.9999999999954546,0.9999999999954546,220,0,0,36,0.0095703125,0.00034090909090909094,0.00922940340909091
2,0.75,1.0,crp_dataset_8_1_6.csv|crp_dataset_8_1_8.csv,crp_dataset_8_1_2.csv,0.69405174,0.9999999999878049,0.6890756302463102,82,0,37,137,0.039453125,0.0013719512195121953,0.0380811737804878
2,0.75,1.0,crp_dataset_8_1_6.csv|crp_dataset_8_1_8.csv,crp_dataset_8_1_1.csv,0.69405174,0.9999999999861111,0.5714285714240362,72,0,54,130,0.0252685546875,8.680555555555556e-05,0.025181749131944445
2,0.75,1.0,crp_dataset_8_1_6.csv|crp_dataset_8_1_8.csv,crp_dataset_8_1_4.csv,0.69405174,0.999999999990909,0.8396946564821398,110,0,21,125,0.023046875,0.0002840909090909091,0.022762784090909094
2,0.75,1.0,crp_dataset_8_1_6.csv|crp_dataset_8_1_8.csv,crp_dataset_8_1_3.csv,0.69405174,0.9999999999920635,0.7283236994177554,126,0,47,83,0.0196044921875,4.96031746031746e-05,0.019554889012896825
2,0.75,1.0,crp_dataset_8_1_6.csv|crp_dataset_8_1_3.csv,crp_dataset_8_1_5.csv,0.6646358,0.0,0.0,0,0,100,156,0.039282226562499994,,
2,0.75,1.0,crp_dataset_8_1_6.csv|crp_dataset_8_1_3.csv,crp_dataset_8_1_7.csv,0.6646358,0.9906976744139968,0.9681818181774174,213,2,7,34,0.0095703125,0.0004069767441860465,0.009163335755813955
2,0.75,1.0,crp_dataset_8_1_6.csv|crp_dataset_8_1_3.csv,crp_dataset_8_1_2.csv,0.6646358,0.9999999996666666,0.025210084033401595,3,0,116,137,0.039453125,0.0,0.039453125
2,0.75,1.0,crp_dataset_8_1_6.csv|crp_dataset_8_1_3.csv,crp_dataset_8_1_1.csv,0.6646358,0.9508196721155604,0.460317460313807,58,3,68,127,0.0252685546875,0.0010245901639344263,0.024243964523565573
2,0.75,1.0,crp_dataset_8_1_6.csv|crp_dataset_8_1_3.csv,crp_dataset_8_1_4.csv,0.6646358,0.970588235284602,0.7557251908339259,99,3,32,122,0.023046875,0.0009191176470588235,0.022127757352941178
2,0.75,1.0,crp_dataset_8_1_6.csv|crp_dataset_8_1_3.csv,crp_dataset_8_1_8.csv,0.6646358,0.9999999999166667,0.08695652173850033,12,0,126,118,0.0283203125,0.0010416666666666667,0.027278645833333334
2,0.75,1.0,crp_dataset_8_1_7.csv|crp_dataset_8_1_2.csv,crp_dataset_8_1_5.csv,0.6642311,0.9999999999870129,0.7699999999923,77,0,23,156,0.039282226562499994,0.0013798701298701301,0.03790235643262987
2,0.75,1.0,crp_dataset_8_1_7.csv|crp_dataset_8_1_2.csv,crp_dataset_8_1_6.csv,0.6642311,0.9999999999868421,0.5428571428532654,76,0,64,116,0.026928710937499996,8.223684210526316e-05,0.026846474095394732
2,0.75,1.0,crp_dataset_8_1_7.csv|crp_dataset_8_1_2.csv,crp_dataset_8_1_1.csv,0.6642311,0.999999999984127,0.49999999999603173,63,0,63,130,0.0252685546875,9.92063492063492e-05,0.02516934833829365
2,0.75,1.0,crp_dataset_8_1_7.csv|crp_dataset_8_1_2.csv,crp_dataset_8_1_4.csv,0.6642311,0.999999999990909,0.8396946564821398,110,0,21,125,0.023046875,0.0002840909090909091,0.022762784090909094
2,0.75,1.0,crp_dataset_8_1_7.csv|crp_dataset_8_1_2.csv,crp_dataset_8_1_8.csv,0.6642311,0.8139534883626284,0.5072463768079185,70,16,68,102,0.0283203125,0.010755813953488373,0.017564498546511625
2,0.75,1.0,crp_dataset_8_1_7.csv|crp_dataset_8_1_2.csv,crp_dataset_8_1_3.csv,0.6642311,0.9999999999910714,0.6473988439268937,112,0,61,83,0.0196044921875,0.0,0.0196044921875
2,0.75,1.0,crp_dataset_8_1_7.csv|crp_dataset_8_1_1.csv,crp_dataset_8_1_5.csv,0.6976608,0.9999999999870129,0.7699999999923,77,0,23,156,0.039282226562499994,0.0013798701298701301,0.03790235643262987
2,0.75,1.0,crp_dataset_8_1_7.csv|crp_dataset_8_1_1.csv,crp_dataset_8_1_6.csv,0.6976608,0.9819819819731352,0.7785714285658674,109,2,31,114,0.026928710937499996,0.0010135135135135136,0.025915197423986482
2,0.75,1.0,crp_dataset_8_1_7.csv|crp_dataset_8_1_1.csv,crp_dataset_8_1_2.csv,0.6976608,0.9425287356213502,0.6890756302463102,82,5,37,132,0.039453125,0.0020114942528735636,0.037441630747126434
2,0.75,1.0,crp_dataset_8_1_7.csv|crp_dataset_8_1_1.csv,crp_dataset_8_1_4.csv,0.6976608,0.999999999990909,0.8396946564821398,110,0,21,125,0.023046875,0.0002840909090909091,0.022762784090909094
2,0.75,1.0,crp_dataset_8_1_7.csv|crp_dataset_8_1_1.csv,crp_dataset_8_1_8.csv,0.6976608,0.949999999988125,0.5507246376771687,76,4,62,114,0.0283203125,0.003125,0.0251953125
2,0.75,1.0,crp_dataset_8_1_7.csv|crp_dataset_8_1_1.csv,crp_dataset_8_1_3.csv,0.6976608,0.9763779527482175,0.7167630057762038,124,3,49,80,0.0196044921875,0.0010826771653543307,0.018521815022145668
2,0.75,1.0,crp_dataset_8_1_7.csv|crp_dataset_8_1_4.csv,crp_dataset_8_1_5.csv,0.10119832,0.39062499999847416,0.99999999999,100,156,0,0,0.039282226562499994,0.039282226562499994,0.0
2,0.75,1.0,crp_dataset_8_1_7.csv|crp_dataset_8_1_4.csv,crp_dataset_8_1_6.csv,0.10119832,0.5468749999978638,0.9999999999928573,140,116,0,0,0.026928710937499996,0.026928710937499996,0.0
2,0.75,1.0,crp_dataset_8_1_7.csv|crp_dataset_8_1_4.csv,crp_dataset_8_1_2.csv,0.10119832,0.46484374999818423,0.9999999999915966,119,137,0,0,0.039453125,0.039453125,0.0
2,0.75,1.0,crp_dataset_8_1_7.csv|crp_dataset_8_1_4.csv,crp_dataset_8_1_1.csv,0.10119832,0.4921874999980774,0.9999999999920635,126,130,0,0,0.0252685546875,0.0252685546875,0.0
2,0.75,1.0,crp_dataset_8_1_7.csv|crp_dataset_8_1_4.csv,crp_dataset_8_1_8.csv,0.10119832,0.5390624999978944,0.9999999999927537,138,118,0,0,0.0283203125,0.0283203125,0.0
2,0.75,1.0,crp_dataset_8_1_7.csv|crp_dataset_8_1_4.csv,crp_dataset_8_1_3.csv,0.10119832,0.6757812499973602,0.9999999999942197,173,83,0,0,0.0196044921875,0.0196044921875,0.0
2,0.75,1.0,crp_dataset_8_1_7.csv|crp_dataset_8_1_8.csv,crp_dataset_8_1_5.csv,0.76265043,0.9999999999870129,0.7699999999923,77,0,23,156,0.039282226562499994,0.0013798701298701301,0.03790235643262987
2,0.75,1.0,crp_dataset_8_1_7.csv|crp_dataset_8_1_8.csv,crp_dataset_8_1_6.csv,0.76265043,0.9999999999892473,0.6642857142809694,93,0,47,116,0.026928710937499996,0.00013440860215053763,0.02679430233534946
2,0.75,1.0,crp_dataset_8_1_7.csv|crp_dataset_8_1_8.csv,crp_dataset_8_1_2.csv,0.76265043,0.9761904761788548,0.6890756302463102,82,2,37,135,0.039453125,0.005654761904761905,0.03379836309523809
2,0.75,1.0,crp_dataset_8_1_7.csv|crp_dataset_8_1_8.csv,crp_dataset_8_1_1.csv,0.76265043,0.9999999999866667,0.5952380952333711,75,0,51,130,0.0252685546875,8.333333333333334e-05,0.025185221354166665
2,0.75,1.0,crp_dataset_8_1_7.csv|crp_dataset_8_1_8.csv,crp_dataset_8_1_4.csv,0.76265043,0.999999999990909,0.8396946564821398,110,0,21,125,0.023046875,0.0002840909090909091,0.022762784090909094
2,0.75,1.0,crp_dataset_8_1_7.csv|crp_dataset_8_1_8.csv,crp_dataset_8_1_3.csv,0.76265043,0.9999999999916667,0.6936416184931004,120,0,53,83,0.0196044921875,0.0,0.0196044921875
2,0.75,1.0,crp_dataset_8_1_7.csv|crp_dataset_8_1_3.csv,crp_dataset_8_1_5.csv,0.66036016,0.9999999996666666,0.0299999999997,3,0,97,156,0.039282226562499994,0.0,0.039282226562499994
2,0.75,1.0,crp_dataset_8_1_7.csv|crp_dataset_8_1_3.csv,crp_dataset_8_1_6.csv,0.66036016,0.7556818181775246,0.9499999999932144,133,43,7,73,0.026928710937499996,0.012251420454545454,0.014677290482954542
2,0.75,1.0,crp_dataset_8_1_7.csv|crp_dataset_8_1_3.csv,crp_dataset_8_1_2.csv,0.66036016,0.9999999998333333,0.05042016806680319,6,0,113,137,0.039453125,0.0020833333333333333,0.037369791666666666
2,0.75,1.0,crp_dataset_8_1_7.csv|crp_dataset_8_1_3.csv,crp_dataset_8_1_1.csv,0.66036016,0.9428571428436734,0.5238095238053666,66,4,60,126,0.0252685546875,0.00125,0.0240185546875
2,0.75,1.0,crp_dataset_8_1_7.csv|crp_dataset_8_1_3.csv,crp_dataset_8_1_4.csv,0.66036016,0.9243697478913918,0.8396946564821398,110,9,21,116,0.023046875,0.0030987394957983196,0.019948135504201683
2,0.75,1.0,crp_dataset_8_1_7.csv|crp_dataset_8_1_3.csv,crp_dataset_8_1_8.csv,0.66036016,0.9285714285382654,0.18840579710008404,26,2,112,116,0.0283203125,0.003348214285714287,0.024972098214285712
2,0.75,1.0,crp_dataset_8_1_2.csv|crp_dataset_8_1_1.csv,crp_dataset_8_1_5.csv,0.76375,0.9466666666540444,0.7099999999929,71,4,29,152,0.039282226562499994,0.0025,0.03678222656249999
2,0.75,1.0,crp_dataset_8_1_2.csv|crp_dataset_8_1_1.csv,crp_dataset_8_1_6.csv,0.76375,0.9420289854935937,0.464285714282398,65,4,75,112,0.026928710937499996,0.0032608695652173916,0.023667841372282603
2,0.75,1.0,crp_dataset_8_1_2.csv|crp_dataset_8_1_1.csv,crp_dataset_8_1_7.csv,0.76375,0.9399141630860949,0.9954545454500207,219,14,1,22,0.0095703125,0.003594420600858369,0.0059758918991416315
2,0.75,1.0,crp_dataset_8_1_2.csv|crp_dataset_8_1_1.csv,crp_dataset_8_1_4.csv,0.76375,0.9320388349424074,0.7328244274753221,96,7,35,118,0.023046875,0.002366504854368932,0.02068037014563107
2,0.75,1.0,crp_dataset_8_1_2.csv|crp_dataset_8_1_1.csv,crp_dataset_8_1_8.csv,0.76375,0.7883211678774575,0.7826086956465029,108,29,30,89,0.0283203125,0.005474452554744526,0.022845859945255474
2,0.75,1.0,crp_dataset_8_1_2.csv|crp_dataset_8_1_1.csv,crp_dataset_8_1_3.csv,0.76375,0.9291338582604005,0.6820809248515487,118,9,55,74,0.0196044921875,0.004084645669291339,0.01551984651820866
2,0.75,1.0,crp_dataset_8_1_2.csv|crp_dataset_8_1_4.csv,crp_dataset_8_1_5.csv,0.72514814,0.9999999999870129,0.7699999999923,77,0,23,156,0.039282226562499994,0.0013798701298701301,0.03790235643262987
2,0.75,1.0,crp_dataset_8_1_2.csv|crp_dataset_8_1_4.csv,crp_dataset_8_1_6.csv,0.72514814,0.9999999999868421,0.5428571428532654,76,0,64,116,0.026928710937499996,8.223684210526316e-05,0.026846474095394732
2,0.75,1.0,crp_dataset_8_1_2.csv|crp_dataset_8_1_4.csv,crp_dataset_8_1_7.csv,0.72514814,0.9999999999911504,0.513636363634029,113,0,107,36,0.0095703125,0.000497787610619469,0.009072524889380531
2,0.75,1.0,crp_dataset_8_1_2.csv|crp_dataset_8_1_4.csv,crp_dataset_8_1_1.csv,0.72514814,0.9242424242284205,0.4841269841231418,61,5,65,125,0.0252685546875,0.0043560606060606055,0.020912494081439394
2,0.75,1.0,crp_dataset_8_1_2.csv|crp_dataset_8_1_4.csv,crp_dataset_8_1_8.csv,0.72514814,0.7623762376162141,0.5579710144887104,77,24,61,94,0.0283203125,0.009344059405940594,0.018976253094059405
2,0.75,1.0,crp_dataset_8_1_2.csv|crp_dataset_8_1_4.csv,crp_dataset_8_1_3.csv,0.72514814,0.9999999999908257,0.6300578034645662,109,0,64,83,0.0196044921875,0.0,0.0196044921875
2,0.75,1.0,crp_dataset_8_1_2.csv|crp_dataset_8_1_8.csv,crp_dataset_8_1_5.csv,0.74467725,0.9999999999863013,0.7299999999926999,73,0,27,156,0.039282226562499994,0.0017123287671232876,0.03756989779537671
2,0.75,1.0,crp_dataset_8_1_2.csv|crp_dataset_8_1_8.csv,crp_dataset_8_1_6.csv,0.74467725,0.7093023255772716,0.871428571422347,122,50,18,66,0.026928710937499996,0.015297965116279073,0.011630745821220922
2,0.75,1.0,crp_dataset_8_1_2.csv|crp_dataset_8_1_8.csv,crp_dataset_8_1_7.csv,0.74467725,0.9999999999954546,0.9999999999954546,220,0,0,36,0.0095703125,0.00034090909090909094,0.00922940340909091
2,0.75,1.0,crp_dataset_8_1_2.csv|crp_dataset_8_1_8.csv,crp_dataset_8_1_1.csv,0.74467725,0.8549618320545423,0.8888888888818341,112,19,14,111,0.0252685546875,0.004961832061068703,0.020306722626431295
2,0.75,1.0,crp_dataset_8_1_2.csv|crp_dataset_8_1_8.csv,crp_dataset_8_1_4.csv,0.74467725,0.7834394904408699,0.9389312977027563,123,34,8,91,0.023046875,0.009872611464968154,0.013174263535031847
2,0.75,1.0,crp_dataset_8_1_2.csv|crp_dataset_8_1_8.csv,crp_dataset_8_1_3.csv,0.74467725,0.856382978718849,0.9306358381449097,161,27,12,56,0.0196044921875,0.00841090425531915,0.01119358793218085
2,0.75,1.0,crp_dataset_8_1_2.csv|crp_dataset_8_1_3.csv,crp_dataset_8_1_5.csv,0.6109123,0.9999999999879517,0.8299999999916999,83,0,17,156,0.039282226562499994,0.0015813253012048193,0.037700901261295175
2,0.75,1.0,crp_dataset_8_1_2.csv|crp_dataset_8_1_3.csv,crp_dataset_8_1_6.csv,0.6109123,0.9081632652968554,0.635714285709745,89,9,51,107,0.026928710937499996,0.004081632653061225,0.02284707828443877
2,0.75,1.0,crp_dataset_8_1_2.csv|crp_dataset_8_1_3.csv,crp_dataset_8_1_7.csv,0.6109123,0.9999999999954546,0.9999999999954546,220,0,0,36,0.0095703125,0.00034090909090909094,0.00922940340909091
2,0.75,1.0,crp_dataset_8_1_2.csv|crp_dataset_8_1_3.csv,crp_dataset_8_1_1.csv,0.6109123,0.6434108527081907,0.6587301587249307,83,46,43,84,0.0252685546875,0.013032945736434107,0.012235608951065893
2,0.75,1.0,crp_dataset_8_1_2.csv|crp_dataset_8_1_3.csv,crp_dataset_8_1_4.csv,0.6109123,0.7702702702650658,0.8702290076269449,114,34,17,91,0.023046875,0.01068412162162162,0.012362753378378381
2,0.75,1.0,crp_dataset_8_1_2.csv|crp_dataset_8_1_3.csv,crp_dataset_8_1_8.csv,0.6109123,0.7692307692233727,0.5797101449233355,80,24,58,94,0.0283203125,0.009014423076923078,0.01930588942307692
2,0.75,1.0,crp_dataset_8_1_1.csv|crp_dataset_8_1_4.csv,crp_dataset_8_1_5.csv,0.60749114,0.9999999999870129,0.7699999999923,77,0,23,156,0.039282226562499994,0.0013798701298701301,0.03790235643262987
2,0.75,1.0,crp_dataset_8_1_1.csv|crp_dataset_8_1_4.csv,crp_dataset_8_1_6.csv,0.60749114,0.8553459119443061,0.9714285714216327,136,23,4,93,0.026928710937499996,0.005503144654088051,0.021425566283411947
2,0.75,1.0,crp_dataset_8_1_1.csv|crp_dataset_8_1_4.csv,crp_dataset_8_1_7.csv,0.60749114,0.9909909909865271,0.9999999999954546,220,2,0,34,0.0095703125,0.0009009009009009009,0.0086694115990991
2,0.75,1.0,crp_dataset_8_1_1.csv|crp_dataset_8_1_4.csv,crp_dataset_8_1_2.csv,0.60749114,0.9425287356213502,0.6890756302463102,82,5,37,132,0.039453125,0.0020114942528735636,0.037441630747126434
2,0.75,1.0,crp_dataset_8_1_1.csv|crp_dataset_8_1_4.csv,crp_dataset_8_1_8.csv,0.60749114,0.8545454545376859,0.6811594202849192,94,16,44,102,0.0283203125,0.004431818181818181,0.023888494318181817
2,0.75,1.0,crp_dataset_8_1_1.csv|crp_dataset_8_1_4.csv,crp_dataset_8_1_3.csv,0.60749114,0.8817204301027864,0.9479768786072372,164,22,9,61,0.0196044921875,0.005577956989247312,0.014026535198252688
2,0.75,1.0,crp_dataset_8_1_1.csv|crp_dataset_8_1_8.csv,crp_dataset_8_1_5.csv,0.7067792,0.9999999999830509,0.5899999999941,59,0,41,156,0.039282226562499994,0.0011652542372881357,0.038116972325211856
2,0.75,1.0,crp_dataset_8_1_1.csv|crp_dataset_8_1_8.csv,crp_dataset_8_1_6.csv,0.7067792,0.9594594594464937,0.5071428571392347,71,3,69,113,0.026928710937499996,0.0016891891891891893,0.025239521748310807
2,0.75,1.0,crp_dataset_8_1_1.csv|crp_dataset_8_1_8.csv,crp_dataset_8_1_7.csv,0.7067792,0.9999999999946809,0.8545454545415703,188,0,32,36,0.0095703125,0.00036569148936170217,0.009204621010638299
2,0.75,1.0,crp_dataset_8_1_1.csv|crp_dataset_8_1_8.csv,crp_dataset_8_1_2.csv,0.7067792,0.9999999999836067,0.5126050420124991,61,0,58,137,0.039453125,0.001127049180327869,0.03832607581967213
2,0.75,1.0,crp_dataset_8_1_1.csv|crp_dataset_8_1_8.csv,crp_dataset_8_1_4.csv,0.7067792,0.9999999999891304,0.7022900763305169,92,0,39,125,0.023046875,0.0001358695652173913,0.02291100543478261
2,0.75,1.0,crp_dataset_8_1_1.csv|crp_dataset_8_1_8.csv,crp_dataset_8_1_3.csv,0.7067792,0.979591836724698,0.5549132947944803,96,2,77,81,0.0196044921875,0.0012755102040816326,0.018328981983418365
2,0.75,1.0,crp_dataset_8_1_1.csv|crp_dataset_8_1_3.csv,crp_dataset_8_1_5.csv,0.65021473,0.9999999999743591,0.38999999999609997,39,0,61,156,0.039282226562499994,0.0,0.039282226562499994
2,0.75,1.0,crp_dataset_8_1_1.csv|crp_dataset_8_1_3.csv,crp_dataset_8_1_6.csv,0.65021473,0.7882352941130104,0.9571428571360204,134,36,6,80,0.026928710937499996,0.00974264705882353,0.017186063878676466
2,0.75,1.0,crp_dataset_8_1_1.csv|crp_dataset_8_1_3.csv,crp_dataset_8_1_7.csv,0.65021473,0.9999999999953704,0.981818181813719,216,0,4,36,0.0095703125,0.00028935185185185184,0.00928096064814815
2,0.75,1.0,crp_dataset_8_1_1.csv|crp_dataset_8_1_3.csv,crp_dataset_8_1_2.csv,0.65021473,0.999999999962963,0.22689075630061437,27,0,92,137,0.039453125,0.0006944444444444446,0.03875868055555556
2,0.75,1.0,crp_dataset_8_1_1.csv|crp_dataset_8_1_3.csv,crp_dataset_8_1_4.csv,0.65021473,0.9819819819731352,0.8320610686959385,109,2,22,123,0.023046875,0.0011261261261261261,0.021920748873873876
2,0.75,1.0,crp_dataset_8_1_1.csv|crp_dataset_8_1_3.csv,crp_dataset_8_1_8.csv,0.65021473,0.9428571428436734,0.4782608695617518,66,4,72,114,0.0283203125,0.002678571428571429,0.02564174107142857
2,0.75,1.0,crp_dataset_8_1_4.csv|crp_dataset_8_1_8.csv,crp_dataset_8_1_5.csv,0.6199315,0.8217821782096852,0.8299999999916999,83,18,17,138,0.039282226562499994,0.009344059405940594,0.0299381671565594
2,0.75,1.0,crp_dataset_8_1_4.csv|crp_dataset_8_1_8.csv,crp_dataset_8_1_6.csv,0.6199315,0.9999999999882353,0.6071428571385205,85,0,55,116,0.026928710937499996,7.352941176470589e-05,0.02685518152573529
2,0.75,1.0,crp_dataset_8_1_4.csv|crp_dataset_8_1_8.csv,crp_dataset_8_1_7.csv,0.6199315,0.9999999999954546,0.9999999999954546,220,0,0,36,0.0095703125,0.00034090909090909094,0.00922940340909091
2,0.75,1.0,crp_dataset_8_1_4.csv|crp_dataset_8_1_8.csv,crp_dataset_8_1_2.csv,0.6199315,0.9318181818075929,0.6890756302463102,82,6,37,131,0.039453125,0.0026988636363636364,0.03675426136363636
2,0.75,1.0,crp_dataset_8_1_4.csv|crp_dataset_8_1_8.csv,crp_dataset_8_1_1.csv,0.6199315,0.999999999983871,0.49206349205958677,62,0,64,130,0.0252685546875,0.00010080645161290323,0.025167748235887098
2,0.75,1.0,crp_dataset_8_1_4.csv|crp_dataset_8_1_8.csv,crp_dataset_8_1_3.csv,0.6199315,0.9655172413709869,0.6473988439268937,112,4,61,79,0.0196044921875,0.0008620689655172413,0.01874242322198276
2,0.75,1.0,crp_dataset_8_1_4.csv|crp_dataset_8_1_3.csv,crp_dataset_8_1_5.csv,0.77492034,0.9999999999090909,0.10999999999889999,11,0,89,156,0.039282226562499994,0.0,0.039282226562499994
2,0.75,1.0,crp_dataset_8_1_4.csv|crp_dataset_8_1_3.csv,crp_dataset_8_1_6.csv,0.77492034,0.8474576271114622,0.7142857142806123,100,18,40,98,0.026928710937499996,0.005561440677966102,0.021367270259533895
2,0.75,1.0,crp_dataset_8_1_4.csv|crp_dataset_8_1_3.csv,crp_dataset_8_1_7.csv,0.77492034,0.9999999999953918,0.9863636363591529,217,0,3,36,0.0095703125,0.0002880184331797235,0.009282294066820277
2,0.75,1.0,crp_dataset_8_1_4.csv|crp_dataset_8_1_3.csv,crp_dataset_8_1_2.csv,0.77492034,0.9999999998571428,0.05882352941127039,7,0,112,137,0.039453125,0.0,0.039453125
2,0.75,1.0,crp_dataset_8_1_4.csv|crp_dataset_8_1_3.csv,crp_dataset_8_1_1.csv,0.77492034,0.9999999999824563,0.45238095237736203,57,0,69,130,0.0252685546875,0.00010964912280701755,0.025158905564692982
2,0.75,1.0,crp_dataset_8_1_4.csv|crp_dataset_8_1_3.csv,crp_dataset_8_1_8.csv,0.77492034,0.9999999999375,0.1159420289846671,16,0,122,118,0.0283203125,0.0015625,0.0267578125
2,0.75,1.0,crp_dataset_8_1_8.csv|crp_dataset_8_1_3.csv,crp_dataset_8_1_5.csv,0.6238848,0.7567567567499391,0.8399999999916,84,27,16,129,0.039282226562499994,0.011936936936936936,0.027345289625563058
2,0.75,1.0,crp_dataset_8_1_8.csv|crp_dataset_8_1_3.csv,crp_dataset_8_1_6.csv,0.6238848,0.7471910112317574,0.9499999999932144,133,45,7,71,0.026928710937499996,0.01225421348314607,0.014674497454353926
2,0.75,1.0,crp_dataset_8_1_8.csv|crp_dataset_8_1_3.csv,crp_dataset_8_1_7.csv,0.6238848,0.9954751131176676,0.9999999999954546,220,1,0,35,0.0095703125,0.0003959276018099547,0.009174384898190046
2,0.75,1.0,crp_dataset_8_1_8.csv|crp_dataset_8_1_3.csv,crp_dataset_8_1_2.csv,0.6238848,0.6449275362272108,0.7478991596575807,89,49,30,88,0.039453125,0.035280797101449275,0.004172327898550723
2,0.75,1.0,crp_dataset_8_1_8.csv|crp_dataset_8_1_3.csv,crp_dataset_8_1_1.csv,0.6238848,0.9886363636251291,0.6904761904707105,87,1,39,129,0.0252685546875,0.0003551136363636364,0.024913441051136364
2,0.75,1.0,crp_dataset_8_1_8.csv|crp_dataset_8_1_3.csv,crp_dataset_8_1_4.csv,0.6238848,0.9999999999908257,0.8320610686959385,109,0,22,125,0.023046875,0.00028669724770642203,0.02276017775229358
3,0.75,1.0,crp_dataset_8_1_5.csv|crp_dataset_8_1_6.csv|crp_dataset_8_1_7.csv,crp_dataset_8_1_2.csv,0.65794116,0.9494949494853586,0.7899159663799167,94,5,25,132,0.039453125,0.0017676767676767678,0.03768544823232323
3,0.75,1.0,crp_dataset_8_1_5.csv|crp_dataset_8_1_6.csv|crp_dataset_8_1_7.csv,crp_dataset_8_1_1.csv,0.65794116,0.9999999999833334,0.4761904761866969,60,0,66,130,0.0252685546875,0.00010416666666666667,0.025164388020833334
3,0.75,1.0,crp_dataset_8_1_5.csv|crp_dataset_8_1_6.csv|crp_dataset_8_1_7.csv,crp_dataset_8_1_4.csv,0.65794116,0.9999999999910714,0.8549618320545423,112,0,19,125,0.023046875,0.00027901785714285713,0.022767857142857145
3,0.75,1.0,crp_dataset_8_1_5.csv|crp_dataset_8_1_6.csv|crp_dataset_8_1_7.csv,crp_dataset_8_1_8.csv,0.65794116,0.9682539682385992,0.4420289855040433,61,2,77,116,0.0283203125,0.0032738095238095243,0.025046502976190474
3,0.75,1.0,crp_dataset_8_1_5.csv|crp_dataset_8_1_6.csv|crp_dataset_8_1_7.csv,crp_dataset_8_1_3.csv,0.65794116,0.9836065573689868,0.6936416184931004,120,2,53,81,0.0196044921875,0.00020491803278688525,0.019399574154713113
3,0.75,1.0,crp_dataset_8_1_5.csv|crp_dataset_8_1_6.csv|crp_dataset_8_1_2.csv,crp_dataset_8_1_7.csv,0.62150687,0.9999999999954546,0.9999999999954546,220,0,0,36,0.0095703125,0.00034090909090909094,0.00922940340909091
3,0.75,1.0,crp_dataset_8_1_5.csv|crp_dataset_8_1_6.csv|crp_dataset_8_1_2.csv,crp_dataset_8_1_1.csv,0.62150687,0.6599999999934,0.5238095238053666,66,34,60,96,0.0252685546875,0.013624999999999998,0.011643554687500002
3,0.75,1.0,crp_dataset_8_1_5.csv|crp_dataset_8_1_6.csv|crp_dataset_8_1_2.csv,crp_dataset_8_1_4.csv,0.62150687,0.8205128205075609,0.9770992366337626,128,28,3,97,0.023046875,0.007932692307692307,0.015114182692307694
3,0.75,1.0,crp_dataset_8_1_5.csv|crp_dataset_8_1_6.csv|crp_dataset_8_1_2.csv,crp_dataset_8_1_8.csv,0.62150687,0.7809523809449432,0.5942028985464188,82,23,56,95,0.0283203125,0.00869047619047619,0.01962983630952381
3,0.75,1.0,crp_dataset_8_1_5.csv|crp_dataset_8_1_6.csv|crp_dataset_8_1_2.csv,crp_dataset_8_1_3.csv,0.62150687,0.834285714280947,0.8439306358332721,146,29,27,54,0.0196044921875,0.008678571428571428,0.010925920758928571
3,0.75,1.0,crp_dataset_8_1_5.csv|crp_dataset_8_1_6.csv|crp_dataset_8_1_1.csv,crp_dataset_8_1_7.csv,0.6701737,0.9909909909865271,0.9999999999954546,220,2,0,34,0.0095703125,0.0006193693693693694,0.00895094313063063
3,0.75,1.0,crp_dataset_8_1_5.csv|crp_dataset_8_1_6.csv|crp_dataset_8_1_1.csv,crp_dataset_8_1_2.csv,0.6701737,0.9425287356213502,0.6890756302463102,82,5,37,132,0.039453125,0.0020114942528735636,0.037441630747126434
3,0.75,1.0,crp_dataset_8_1_5.csv|crp_dataset_8_1_6.csv|crp_dataset_8_1_1.csv,crp_dataset_8_1_4.csv,0.6701737,0.999999999990909,0.8396946564821398,110,0,21,125,0.023046875,0.0002840909090909091,0.022762784090909094
3,0.75,1.0,crp_dataset_8_1_5.csv|crp_dataset_8_1_6.csv|crp_dataset_8_1_1.csv,crp_dataset_8_1_8.csv,0.6701737,0.8909090909009917,0.7101449275310859,98,12,40,106,0.0283203125,0.003920454545454545,0.024399857954545454
3,0.75,1.0,crp_dataset_8_1_5.csv|crp_dataset_8_1_6.csv|crp_dataset_8_1_1.csv,crp_dataset_8_1_3.csv,0.6701737,0.9855072463696704,0.7861271676255137,136,2,37,81,0.0196044921875,0.0003170289855072464,0.019287463201992754
3,0.75,1.0,crp_dataset_8_1_5.csv|crp_dataset_8_1_6.csv|crp_dataset_8_1_4.csv,crp_dataset_8_1_7.csv,0.60372585,0.9999999999954546,0.9999999999954546,220,0,0,36,0.0095703125,0.00034090909090909094,0.00922940340909091
3,0.75,1.0,crp_dataset_8_1_5.csv|crp_dataset_8_1_6.csv|crp_dataset_8_1_4.csv,crp_dataset_8_1_2.csv,0.60372585,0.9444444444339506,0.7142857142797119,85,5,34,132,0.039453125,0.0019444444444444446,0.037508680555555556
3,0.75,1.0,crp_dataset_8_1_5.csv|crp_dataset_8_1_6.csv|crp_dataset_8_1_4.csv,crp_dataset_8_1_1.csv,0.60372585,0.9117647058689445,0.49206349205958677,62,6,64,124,0.0252685546875,0.0018382352941176468,0.023430319393382353
3,0.75,1.0,crp_dataset_8_1_5.csv|crp_dataset_8_1_6.csv|crp_dataset_8_1_4.csv,crp_dataset_8_1_8.csv,0.60372585,0.8118811881107735,0.5942028985464188,82,19,56,99,0.0283203125,0.0054455445544554434,0.022874767945544557
3,0.75,1.0,crp_dataset_8_1_5.csv|crp_dataset_8_1_6.csv|crp_dataset_8_1_4.csv,crp_dataset_8_1_3.csv,0.60372585,0.9531249999925538,0.705202312134652,122,6,51,77,0.0196044921875,0.0018554687500000001,0.0177490234375
3,0.75,1.0,crp_dataset_8_1_5.csv|crp_dataset_8_1_6.csv|crp_dataset_8_1_8.csv,crp_dataset_8_1_7.csv,0.7089366,0.9999999999954546,0.9999999999954546,220,0,0,36,0.0095703125,0.00034090909090909094,0.00922940340909091
3,0.75,1.0,crp_dataset_8_1_5.csv|crp_dataset_8_1_6.csv|crp_dataset_8_1_8.csv,crp_dataset_8_1_2.csv,0.7089366,0.9999999999878049,0.6890756302463102,82,0,37,137,0.039453125,0.0013719512195121953,0.0380811737804878
3,0.75,1.0,crp_dataset_8_1_5.csv|crp_dataset_8_1_6.csv|crp_dataset_8_1_8.csv,crp_dataset_8_1_1.csv,0.7089366,0.9999999999876543,0.6428571428520408,81,0,45,130,0.0252685546875,7.716049382716049e-05,0.02519139419367284
3,0.75,1.0,crp_dataset_8_1_5.csv|crp_dataset_8_1_6.csv|crp_dataset_8_1_8.csv,crp_dataset_8_1_4.csv,0.7089366,0.9999999999913792,0.8854961831993474,116,0,15,125,0.023046875,0.00026939655172413793,0.022777478448275865
3,0.75,1.0,crp_dataset_8_1_5.csv|crp_dataset_8_1_6.csv|crp_dataset_8_1_8.csv,crp_dataset_8_1_3.csv,0.7089366,0.9999999999921876,0.7398843930593071,128,0,45,83,0.0196044921875,9.765625e-05,0.019506835937499998
3,0.75,1.0,crp_dataset_8_1_5.csv|crp_dataset_8_1_6.csv|crp_dataset_8_1_3.csv,crp_dataset_8_1_7.csv,0.66338444,0.9999999999954546,0.9999999999954546,220,0,0,36,0.0095703125,0.00034090909090909094,0.00922940340909091
3,0.75,1.0,crp_dataset_8_1_5.csv|crp_dataset_8_1_6.csv|crp_dataset_8_1_3.csv,crp_dataset_8_1_2.csv,0.66338444,0.9999999999907407,0.9075630252024575,108,0,11,137,0.039453125,0.0010416666666666669,0.03841145833333333
3,0.75,1.0,crp_dataset_8_1_5.csv|crp_dataset_8_1_6.csv|crp_dataset_8_1_3.csv,crp_dataset_8_1_1.csv,0.66338444,0.9999999999894736,0.7539682539622701,95,0,31,130,0.0252685546875,0.0003289473684210526,0.024939607319078946
3,0.75,1.0,crp_dataset_8_1_5.csv|crp_dataset_8_1_6.csv|crp_dataset_8_1_3.csv,crp_dataset_8_1_4.csv,0.66338444,0.9911504424691049,0.8549618320545423,112,1,19,124,0.023046875,0.0006084070796460176,0.022438467920353984
3,0.75,1.0,crp_dataset_8_1_5.csv|crp_dataset_8_1_6.csv|crp_dataset_8_1_3.csv,crp_dataset_8_1_8.csv,0.66338444,0.9999999999859155,0.5144927536194602,71,0,67,118,0.0283203125,0.0026408450704225356,0.025679467429577465
3,0.75,1.0,crp_dataset_8_1_5.csv|crp_dataset_8_1_7.csv|crp_dataset_8_1_2.csv,crp_dataset_8_1_6.csv,0.79508424,0.8016528925553582,0.6928571428521939,97,24,43,92,0.026928710937499996,0.01043388429752066,0.016494826639979338
3,0.75,1.0,crp_dataset_8_1_5.csv|crp_dataset_8_1_7.csv|crp_dataset_8_1_2.csv,crp_dataset_8_1_1.csv,0.79508424,0.61157024792883,0.5873015872969262,74,47,52,83,0.0252685546875,0.014617768595041323,0.010650786092458677
3,0.75,1.0,crp_dataset_8_1_5.csv|crp_dataset_8_1_7.csv|crp_dataset_8_1_2.csv,crp_dataset_8_1_4.csv,0.79508424,0.7515527950263879,0.9236641221303538,121,40,10,85,0.023046875,0.010986024844720495,0.012060850155279506
3,0.75,1.0,crp_dataset_8_1_5.csv|crp_dataset_8_1_7.csv|crp_dataset_8_1_2.csv,crp_dataset_8_1_8.csv,0.79508424,0.7499999999930556,0.5869565217348772,81,27,57,91,0.0283203125,0.010590277777777778,0.01773003472222222
3,0.75,1.0,crp_dataset_8_1_5.csv|crp_dataset_8_1_7.csv|crp_dataset_8_1_2.csv,crp_dataset_8_1_3.csv,0.79508424,0.8909090909036915,0.849710982654048,147,18,26,65,0.0196044921875,0.005681818181818182,0.013922674005681817
3,0.75,1.0,crp_dataset_8_1_5.csv|crp_dataset_8_1_7.csv|crp_dataset_8_1_1.csv,crp_dataset_8_1_6.csv,0.6487309,0.8999999999925,0.7714285714230613,108,12,32,104,0.026928710937499996,0.00578125,0.021147460937499994
3,0.75,1.0,crp_dataset_8_1_5.csv|crp_dataset_8_1_7.csv|crp_dataset_8_1_1.csv,crp_dataset_8_1_2.csv,0.6487309,0.9450549450445598,0.7226890756241791,86,5,33,132,0.039453125,0.001991758241758242,0.03746136675824176
3,0.75,1.0,crp_dataset_8_1_5.csv|crp_dataset_8_1_7.csv|crp_dataset_8_1_1.csv,crp_dataset_8_1_4.csv,0.6487309,0.9999999999910714,0.8549618320545423,112,0,19,125,0.023046875,0.00027901785714285713,0.022767857142857145
3,0.75,1.0,crp_dataset_8_1_5.csv|crp_dataset_8_1_7.csv|crp_dataset_8_1_1.csv,crp_dataset_8_1_8.csv,0.6487309,0.9759036144460734,0.5869565217348772,81,2,57,116,0.0283203125,0.002484939759036145,0.025835372740963855
3,0.75,1.0,crp_dataset_8_1_5.csv|crp_dataset_8_1_7.csv|crp_dataset_8_1_1.csv,crp_dataset_8_1_3.csv,0.6487309,0.9811320754655275,0.9017341040410305,156,3,17,80,0.0196044921875,0.0005896226415094339,0.019014869545990565
3,0.75,1.0,crp_dataset_8_1_5.csv|crp_dataset_8_1_7.csv|crp_dataset_8_1_4.csv,crp_dataset_8_1_6.csv,0.032048628,0.5468749999978638,0.9999999999928573,140,116,0,0,0.026928710937499996,0.026928710937499996,0.0
3,0.75,1.0,crp_dataset_8_1_5.csv|crp_dataset_8_1_7.csv|crp_dataset_8_1_4.csv,crp_dataset_8_1_2.csv,0.032048628,0.46484374999818423,0.9999999999915966,119,137,0,0,0.039453125,0.039453125,0.0
3,0.75,1.0,crp_dataset_8_1_5.csv|crp_dataset_8_1_7.csv|crp_dataset_8_1_4.csv,crp_dataset_8_1_1.csv,0.032048628,0.4921874999980774,0.9999999999920635,126,130,0,0,0.0252685546875,0.0252685546875,0.0
3,0.75,1.0,crp_dataset_8_1_5.csv|crp_dataset_8_1_7.csv|crp_dataset_8_1_4.csv,crp_dataset_8_1_8.csv,0.032048628,0.5390624999978944,0.9999999999927537,138,118,0,0,0.0283203125,0.0283203125,0.0
3,0.75,1.0,crp_dataset_8_1_5.csv|crp_dataset_8_1_7.csv|crp_dataset_8_1_4.csv,crp_dataset_8_1_3.csv,0.032048628,0.6757812499973602,0.9999999999942197,173,83,0,0,0.0196044921875,0.0196044921875,0.0
3,0.75,1.0,crp_dataset_8_1_5.csv|crp_dataset_8_1_7.csv|crp_dataset_8_1_8.csv,crp_dataset_8_1_6.csv,0.68801415,0.7305389221513142,0.871428571422347,122,45,18,71,0.026928710937499996,0.01407185628742515,0.012856854650074846
3,0.75,1.0,crp_dataset_8_1_5.csv|crp_dataset_8_1_7.csv|crp_dataset_8_1_8.csv,crp_dataset_8_1_2.csv,0.68801415,0.9999999999897958,0.8235294117577855,98,0,21,137,0.039453125,0.0014668367346938778,0.03798628826530612
3,0.75,1.0,crp_dataset_8_1_5.csv|crp_dataset_8_1_7.csv|crp_dataset_8_1_8.csv,crp_dataset_8_1_1.csv,0.68801415,0.9553571428486128,0.8492063491996095,107,5,19,125,0.0252685546875,0.0015624999999999999,0.0237060546875
3,0.75,1.0,crp_dataset_8_1_5.csv|crp_dataset_8_1_7.csv|crp_dataset_8_1_8.csv,crp_dataset_8_1_4.csv,0.68801415,0.85611510790751,0.9083969465579512,119,20,12,105,0.023046875,0.005620503597122302,0.0174263714028777
3,0.75,1.0,crp_dataset_8_1_5.csv|crp_dataset_8_1_7.csv|crp_dataset_8_1_8.csv,crp_dataset_8_1_3.csv,0.68801415,0.8702702702655661,0.9306358381449097,161,24,12,59,0.0196044921875,0.007094594594594595,0.012509897592905404
3,0.75,1.0,crp_dataset_8_1_5.csv|crp_dataset_8_1_7.csv|crp_dataset_8_1_3.csv,crp_dataset_8_1_6.csv,0.6212103,0.871559633019527,0.6785714285665817,95,14,45,102,0.026928710937499996,0.0052752293577981646,0.02165348157970183
3,0.75,1.0,crp_dataset_8_1_5.csv|crp_dataset_8_1_7.csv|crp_dataset_8_1_3.csv,crp_dataset_8_1_2.csv,0.6212103,0.9916666666584028,0.9999999999915966,119,1,0,136,0.039453125,0.0016145833333333333,0.03783854166666666
3,0.75,1.0,crp_dataset_8_1_5.csv|crp_dataset_8_1_7.csv|crp_dataset_8_1_3.csv,crp_dataset_8_1_1.csv,0.6212103,0.9999999999855071,0.5476190476147014,69,0,57,130,0.0252685546875,9.057971014492754e-05,0.025177974977355074
3,0.75,1.0,crp_dataset_8_1_5.csv|crp_dataset_8_1_7.csv|crp_dataset_8_1_3.csv,crp_dataset_8_1_4.csv,0.6212103,0.999999999990991,0.8473282442683411,111,0,20,125,0.023046875,0.00028153153153153153,0.02276534346846847
3,0.75,1.0,crp_dataset_8_1_5.csv|crp_dataset_8_1_7.csv|crp_dataset_8_1_3.csv,crp_dataset_8_1_8.csv,0.6212103,0.9696969696822773,0.4637681159386684,64,2,74,116,0.0283203125,0.00331439393939394,0.02500591856060606
3,0.75,1.0,crp_dataset_8_1_5.csv|crp_dataset_8_1_2.csv|crp_dataset_8_1_1.csv,crp_dataset_8_1_6.csv,0.6306964,0.6574585635322793,0.8499999999939286,119,62,21,54,0.026928710937499996,0.01826657458563536,0.008662136351864635
3,0.75,1.0,crp_dataset_8_1_5.csv|crp_dataset_8_1_2.csv|crp_dataset_8_1_1.csv,crp_dataset_8_1_7.csv,0.6306964,0.8906882591057057,0.9999999999954546,220,27,0,9,0.0095703125,0.00847672064777328,0.0010935918522267211
3,0.75,1.0,crp_dataset_8_1_5.csv|crp_dataset_8_1_2.csv|crp_dataset_8_1_1.csv,crp_dataset_8_1_4.csv,0.6306964,0.7702702702650658,0.8702290076269449,114,34,17,91,0.023046875,0.00941722972972973,0.01362964527027027
3,0.75,1.0,crp_dataset_8_1_5.csv|crp_dataset_8_1_2.csv|crp_dataset_8_1_1.csv,crp_dataset_8_1_8.csv,0.6306964,0.8499999999915,0.615942028981044,85,15,53,103,0.0283203125,0.004749999999999999,0.023570312500000003
3,0.75,1.0,crp_dataset_8_1_5.csv|crp_dataset_8_1_2.csv|crp_dataset_8_1_1.csv,crp_dataset_8_1_3.csv,0.6306964,0.8429319371683617,0.9306358381449097,161,30,12,53,0.0196044921875,0.008246073298429319,0.01135841888907068
3,0.75,1.0,crp_dataset_8_1_5.csv|crp_dataset_8_1_2.csv|crp_dataset_8_1_4.csv,crp_dataset_8_1_6.csv,0.63285005,0.9999999999873417,0.5642857142816837,79,0,61,116,0.026928710937499996,7.911392405063291e-05,0.026849597013449363
3,0.75,1.0,crp_dataset_8_1_5.csv|crp_dataset_8_1_2.csv|crp_dataset_8_1_4.csv,crp_dataset_8_1_7.csv,0.63285005,0.9999999999954546,0.9999999999954546,220,0,0,36,0.0095703125,0.00034090909090909094,0.00922940340909091
3,0.75,1.0,crp_dataset_8_1_5.csv|crp_dataset_8_1_2.csv|crp_dataset_8_1_4.csv,crp_dataset_8_1_1.csv,0.63285005,0.8999999999871429,0.49999999999603173,63,7,63,123,0.0252685546875,0.004732142857142857,0.02053641183035714
3,0.75,1.0,crp_dataset_8_1_5.csv|crp_dataset_8_1_2.csv|crp_dataset_8_1_4.csv,crp_dataset_8_1_8.csv,0.63285005,0.7692307692233727,0.5797101449233355,80,24,58,94,0.0283203125,0.010036057692307695,0.018284254807692305
3,0.75,1.0,crp_dataset_8_1_5.csv|crp_dataset_8_1_2.csv|crp_dataset_8_1_4.csv,crp_dataset_8_1_3.csv,0.63285005,0.9999999999910714,0.6473988439268937,112,0,61,83,0.0196044921875,0.0,0.0196044921875
3,0.75,1.0,crp_dataset_8_1_5.csv|crp_dataset_8_1_2.csv|crp_dataset_8_1_8.csv,crp_dataset_8_1_6.csv,0.66409063,0.7530864197484378,0.871428571422347,122,40,18,76,0.026928710937499996,0.01273148148148148,0.014197229456018515
3,0.75,1.0,crp_dataset_8_1_5.csv|crp_dataset_8_1_2.csv|crp_dataset_8_1_8.csv,crp_dataset_8_1_7.csv,0.66409063,0.9999999999954546,0.9999999999954546,220,0,0,36,0.0095703125,0.00034090909090909094,0.00922940340909091
3,0.75,1.0,crp_dataset_8_1_5.csv|crp_dataset_8_1_2.csv|crp_dataset_8_1_8.csv,crp_dataset_8_1_1.csv,0.66409063,0.8837209302257076,0.9047619047547241,114,15,12,115,0.0252685546875,0.004215116279069767,0.021053438408430235
3,0.75,1.0,crp_dataset_8_1_5.csv|crp_dataset_8_1_2.csv|crp_dataset_8_1_8.csv,crp_dataset_8_1_4.csv,0.66409063,0.7654320987607073,0.9465648854889576,124,38,7,87,0.023046875,0.01095679012345679,0.012090084876543212
3,0.75,1.0,crp_dataset_8_1_5.csv|crp_dataset_8_1_2.csv|crp_dataset_8_1_8.csv,crp_dataset_8_1_3.csv,0.66409063,0.8797814207602198,0.9306358381449097,161,22,12,61,0.0196044921875,0.006284153005464482,0.013320339182035517
3,0.75,1.0,crp_dataset_8_1_5.csv|crp_dataset_8_1_2.csv|crp_dataset_8_1_3.csv,crp_dataset_8_1_6.csv,0.6594606,0.9340659340556696,0.6071428571385205,85,6,55,110,0.026928710937499996,0.0035027472527472524,0.02342596368475274
3,0.75,1.0,crp_dataset_8_1_5.csv|crp_dataset_8_1_2.csv|crp_dataset_8_1_3.csv,crp_dataset_8_1_7.csv,0.6594606,0.9999999999954546,0.9999999999954546,220,0,0,36,0.0095703125,0.00034090909090909094,0.00922940340909091
3,0.75,1.0,crp_dataset_8_1_5.csv|crp_dataset_8_1_2.csv|crp_dataset_8_1_3.csv,crp_dataset_8_1_1.csv,0.6594606,0.7234042553114531,0.5396825396782565,68,26,58,104,0.0252685546875,0.011170212765957446,0.014098341921542554
3,0.75,1.0,crp_dataset_8_1_5.csv|crp_dataset_8_1_2.csv|crp_dataset_8_1_3.csv,crp_dataset_8_1_4.csv,0.6594606,0.8297872340366682,0.8931297709855487,117,24,14,101,0.023046875,0.008820921985815602,0.0142259530141844
3,0.75,1.0,crp_dataset_8_1_5.csv|crp_dataset_8_1_2.csv|crp_dataset_8_1_3.csv,crp_dataset_8_1_8.csv,0.6594606,0.8095238095141724,0.4927536231848352,68,16,70,102,0.0283203125,0.008110119047619048,0.020210193452380953
3,0.75,1.0,crp_dataset_8_1_5.csv|crp_dataset_8_1_1.csv|crp_dataset_8_1_4.csv,crp_dataset_8_1_6.csv,0.6399267,0.8273381294904508,0.8214285714227041,115,24,25,92,0.026928710937499996,0.008273381294964029,0.018655329642535967
3,0.75,1.0,crp_dataset_8_1_5.csv|crp_dataset_8_1_1.csv|crp_dataset_8_1_4.csv,crp_dataset_8_1_7.csv,0.6399267,0.9954751131176676,0.9999999999954546,220,1,0,35,0.0095703125,0.0008484162895927603,0.00872189621040724
3,0.75,1.0,crp_dataset_8_1_5.csv|crp_dataset_8_1_1.csv|crp_dataset_8_1_4.csv,crp_dataset_8_1_2.csv,0.6399267,0.9431818181711001,0.6974789915907774,83,5,36,132,0.039453125,0.0019886363636363634,0.03746448863636363
3,0.75,1.0,crp_dataset_8_1_5.csv|crp_dataset_8_1_1.csv|crp_dataset_8_1_4.csv,crp_dataset_8_1_8.csv,0.6399267,0.8482142857067123,0.6884057970964609,95,17,43,101,0.0283203125,0.004464285714285714,0.023856026785714288
3,0.75,1.0,crp_dataset_8_1_5.csv|crp_dataset_8_1_1.csv|crp_dataset_8_1_4.csv,crp_dataset_8_1_3.csv,0.6399267,0.945783132524423,0.9075144508618064,157,9,16,74,0.0196044921875,0.002447289156626506,0.017157203030873494
3,0.75,1.0,crp_dataset_8_1_5.csv|crp_dataset_8_1_1.csv|crp_dataset_8_1_8.csv,crp_dataset_8_1_6.csv,0.64571834,0.9565217391221171,0.7857142857086735,110,5,30,111,0.026928710937499996,0.002282608695652174,0.024646102241847823
3,0.75,1.0,crp_dataset_8_1_5.csv|crp_dataset_8_1_1.csv|crp_dataset_8_1_8.csv,crp_dataset_8_1_7.csv,0.64571834,0.9999999999954546,0.9999999999954546,220,0,0,36,0.0095703125,0.00034090909090909094,0.00922940340909091
3,0.75,1.0,crp_dataset_8_1_5.csv|crp_dataset_8_1_1.csv|crp_dataset_8_1_8.csv,crp_dataset_8_1_2.csv,0.64571834,0.9999999999883721,0.7226890756241791,86,0,33,137,0.039453125,0.0013081395348837211,0.03814498546511628
3,0.75,1.0,crp_dataset_8_1_5.csv|crp_dataset_8_1_1.csv|crp_dataset_8_1_8.csv,crp_dataset_8_1_4.csv,0.64571834,0.999999999991453,0.8931297709855487,117,0,14,125,0.023046875,0.00037393162393162396,0.02267294337606838
3,0.75,1.0,crp_dataset_8_1_5.csv|crp_dataset_8_1_1.csv|crp_dataset_8_1_8.csv,crp_dataset_8_1_3.csv,0.64571834,0.9931506849247045,0.8381502890124963,145,1,28,82,0.0196044921875,0.0004280821917808219,0.01917640999571918
3,0.75,1.0,crp_dataset_8_1_5.csv|crp_dataset_8_1_1.csv|crp_dataset_8_1_3.csv,crp_dataset_8_1_6.csv,0.6274934,0.8129032258012071,0.8999999999935715,126,29,14,87,0.026928710937499996,0.00870967741935484,0.018219033518145154
3,0.75,1.0,crp_dataset_8_1_5.csv|crp_dataset_8_1_1.csv|crp_dataset_8_1_3.csv,crp_dataset_8_1_7.csv,0.6274934,0.9999999999954546,0.9999999999954546,220,0,0,36,0.0095703125,0.00034090909090909094,0.00922940340909091
3,0.75,1.0,crp_dataset_8_1_5.csv|crp_dataset_8_1_1.csv|crp_dataset_8_1_3.csv,crp_dataset_8_1_2.csv,0.6274934,0.9999999999908257,0.9159663865469246,109,0,10,137,0.039453125,0.001376146788990826,0.03807697821100917
3,0.75,1.0,crp_dataset_8_1_5.csv|crp_dataset_8_1_1.csv|crp_dataset_8_1_3.csv,crp_dataset_8_1_4.csv,0.6274934,0.9745762711781816,0.8778625954131462,115,3,16,122,0.023046875,0.001483050847457627,0.021563824152542373
3,0.75,1.0,crp_dataset_8_1_5.csv|crp_dataset_8_1_1.csv|crp_dataset_8_1_3.csv,crp_dataset_8_1_8.csv,0.6274934,0.8932038834864737,0.6666666666618358,92,11,46,107,0.0283203125,0.004065533980582524,0.024254778519417475
3,0.75,1.0,crp_dataset_8_1_5.csv|crp_dataset_8_1_4.csv|crp_dataset_8_1_8.csv,crp_dataset_8_1_6.csv,0.6753209,0.9782608695545841,0.642857142852551,90,2,50,114,0.026928710937499996,0.0006114130434782609,0.026317297894021735
3,0.75,1.0,crp_dataset_8_1_5.csv|crp_dataset_8_1_4.csv|crp_dataset_8_1_8.csv,crp_dataset_8_1_7.csv,0.6753209,0.9999999999954546,0.9999999999954546,220,0,0,36,0.0095703125,0.00034090909090909094,0.00922940340909091
3,0.75,1.0,crp_dataset_8_1_5.csv|crp_dataset_8_1_4.csv|crp_dataset_8_1_8.csv,crp_dataset_8_1_2.csv,0.6753209,0.9999999999878049,0.6890756302463102,82,0,37,137,0.039453125,0.0013719512195121953,0.0380811737804878
3,0.75,1.0,crp_dataset_8_1_5.csv|crp_dataset_8_1_4.csv|crp_dataset_8_1_8.csv,crp_dataset_8_1_1.csv,0.6753209,0.9687499999848632,0.49206349205958677,62,2,64,128,0.0252685546875,0.00068359375,0.0245849609375
3,0.75,1.0,crp_dataset_8_1_5.csv|crp_dataset_8_1_4.csv|crp_dataset_8_1_8.csv,crp_dataset_8_1_3.csv,0.6753209,0.9833333333251388,0.6820809248515487,118,2,55,81,0.0196044921875,0.0005208333333333333,0.019083658854166664
3,0.75,1.0,crp_dataset_8_1_5.csv|crp_dataset_8_1_4.csv|crp_dataset_8_1_3.csv,crp_dataset_8_1_6.csv,0.6017412,0.9428571428481632,0.7071428571378062,99,6,41,110,0.026928710937499996,0.002261904761904762,0.024666806175595232
3,0.75,1.0,crp_dataset_8_1_5.csv|crp_dataset_8_1_4.csv|crp_dataset_8_1_3.csv,crp_dataset_8_1_7.csv,0.6017412,0.9999999999954546,0.9999999999954546,220,0,0,36,0.0095703125,0.00034090909090909094,0.00922940340909091
3,0.75,1.0,crp_dataset_8_1_5.csv|crp_dataset_8_1_4.csv|crp_dataset_8_1_3.csv,crp_dataset_8_1_2.csv,0.6017412,0.9999999999894736,0.7983193277243839,95,0,24,137,0.039453125,0.0011842105263157896,0.03826891447368421
3,0.75,1.0,crp_dataset_8_1_5.csv|crp_dataset_8_1_4.csv|crp_dataset_8_1_3.csv,crp_dataset_8_1_1.csv,0.6017412,0.999999999984127,0.49999999999603173,63,0,63,130,0.0252685546875,9.92063492063492e-05,0.02516934833829365
3,0.75,1.0,crp_dataset_8_1_5.csv|crp_dataset_8_1_4.csv|crp_dataset_8_1_3.csv,crp_dataset_8_1_8.csv,0.6017412,0.9999999999846153,0.47101449275021007,65,0,73,118,0.0283203125,0.0027884615384615383,0.02553185096153846
3,0.75,1.0,crp_dataset_8_1_5.csv|crp_dataset_8_1_8.csv|crp_dataset_8_1_3.csv,crp_dataset_8_1_6.csv,0.60897064,0.9663865546137278,0.8214285714227041,115,4,25,112,0.026928710937499996,0.002205882352941177,0.02472282858455882
3,0.75,1.0,crp_dataset_8_1_5.csv|crp_dataset_8_1_8.csv|crp_dataset_8_1_3.csv,crp_dataset_8_1_7.csv,0.60897064,0.9999999999954546,0.9999999999954546,220,0,0,36,0.0095703125,0.00034090909090909094,0.00922940340909091
3,0.75,1.0,crp_dataset_8_1_5.csv|crp_dataset_8_1_8.csv|crp_dataset_8_1_3.csv,crp_dataset_8_1_2.csv,0.60897064,0.999999999991453,0.9831932773026623,117,0,2,137,0.039453125,0.0014423076923076924,0.038010817307692304
3,0.75,1.0,crp_dataset_8_1_5.csv|crp_dataset_8_1_8.csv|crp_dataset_8_1_3.csv,crp_dataset_8_1_1.csv,0.60897064,0.965811965803711,0.8968253968182791,113,4,13,126,0.0252685546875,0.0010683760683760685,0.024200178619123932
3,0.75,1.0,crp_dataset_8_1_5.csv|crp_dataset_8_1_8.csv|crp_dataset_8_1_3.csv,crp_dataset_8_1_4.csv,0.60897064,0.999999999991228,0.8702290076269449,114,0,17,125,0.023046875,0.0004385964912280702,0.02260827850877193
3,0.75,1.0,crp_dataset_8_1_6.csv|crp_dataset_8_1_7.csv|crp_dataset_8_1_2.csv,crp_dataset_8_1_5.csv,0.649227,0.9999999999880952,0.8399999999916,84,0,16,156,0.039282226562499994,0.0012648809523809524,0.03801734561011904
3,0.75,1.0,crp_dataset_8_1_6.csv|crp_dataset_8_1_7.csv|crp_dataset_8_1_2.csv,crp_dataset_8_1_1.csv,0.649227,0.7222222222141975,0.5158730158689216,65,25,61,105,0.0252685546875,0.011666666666666665,0.013601888020833335
3,0.75,1.0,crp_dataset_8_1_6.csv|crp_dataset_8_1_7.csv|crp_dataset_8_1_2.csv,crp_dataset_8_1_4.csv,0.649227,0.8239436619660286,0.8931297709855487,117,25,14,100,0.023046875,0.00818661971830986,0.014860255281690141
3,0.75,1.0,crp_dataset_8_1_6.csv|crp_dataset_8_1_7.csv|crp_dataset_8_1_2.csv,crp_dataset_8_1_8.csv,0.649227,0.8390804597604703,0.5289855072425437,73,14,65,104,0.0283203125,0.00711206896551724,0.02120824353448276
3,0.75,1.0,crp_dataset_8_1_6.csv|crp_dataset_8_1_7.csv|crp_dataset_8_1_2.csv,crp_dataset_8_1_3.csv,0.649227,0.9846153846078107,0.7398843930593071,128,2,45,81,0.0196044921875,0.0009134615384615386,0.01869103064903846
3,0.75,1.0,crp_dataset_8_1_6.csv|crp_dataset_8_1_7.csv|crp_dataset_8_1_1.csv,crp_dataset_8_1_5.csv,0.6143921,0.9999999999870129,0.7699999999923,77,0,23,156,0.039282226562499994,0.0013798701298701301,0.03790235643262987
3,0.75,1.0,crp_dataset_8_1_6.csv|crp_dataset_8_1_7.csv|crp_dataset_8_1_1.csv,crp_dataset_8_1_2.csv,0.6143921,0.9425287356213502,0.6890756302463102,82,5,37,132,0.039453125,0.0020114942528735636,0.037441630747126434
3,0.75,1.0,crp_dataset_8_1_6.csv|crp_dataset_8_1_7.csv|crp_dataset_8_1_1.csv,crp_dataset_8_1_4.csv,0.6143921,0.999999999990909,0.8396946564821398,110,0,21,125,0.023046875,0.0002840909090909091,0.022762784090909094
3,0.75,1.0,crp_dataset_8_1_6.csv|crp_dataset_8_1_7.csv|crp_dataset_8_1_1.csv,crp_dataset_8_1_8.csv,0.6143921,0.9651162790585451,0.6014492753579606,83,3,55,115,0.0283203125,0.0026162790697674423,0.02570403343023256
3,0.75,1.0,crp_dataset_8_1_6.csv|crp_dataset_8_1_7.csv|crp_dataset_8_1_1.csv,crp_dataset_8_1_3.csv,0.6143921,0.9774436090152072,0.7514450867008587,130,3,43,80,0.0196044921875,0.001174812030075188,0.018429680157424813
3,0.75,1.0,crp_dataset_8_1_6.csv|crp_dataset_8_1_7.csv|crp_dataset_8_1_4.csv,crp_dataset_8_1_5.csv,0.63253945,0.9999999999870129,0.7699999999923,77,0,23,156,0.039282226562499994,0.0013798701298701301,0.03790235643262987
3,0.75,1.0,crp_dataset_8_1_6.csv|crp_dataset_8_1_7.csv|crp_dataset_8_1_4.csv,crp_dataset_8_1_2.csv,0.63253945,0.9425287356213502,0.6890756302463102,82,5,37,132,0.039453125,0.0020114942528735636,0.037441630747126434
3,0.75,1.0,crp_dataset_8_1_6.csv|crp_dataset_8_1_7.csv|crp_dataset_8_1_4.csv,crp_dataset_8_1_1.csv,0.63253945,0.9999999999833334,0.4761904761866969,60,0,66,130,0.0252685546875,0.00010416666666666667,0.025164388020833334
3,0.75,1.0,crp_dataset_8_1_6.csv|crp_dataset_8_1_7.csv|crp_dataset_8_1_4.csv,crp_dataset_8_1_8.csv,0.63253945,0.9696969696822773,0.4637681159386684,64,2,74,116,0.0283203125,0.0032196969696969696,0.02510061553030303
3,0.75,1.0,crp_dataset_8_1_6.csv|crp_dataset_8_1_7.csv|crp_dataset_8_1_4.csv,crp_dataset_8_1_3.csv,0.63253945,0.9824561403422591,0.6473988439268937,112,2,61,81,0.0196044921875,0.0002192982456140351,0.019385193941885964
3,0.75,1.0,crp_dataset_8_1_6.csv|crp_dataset_8_1_7.csv|crp_dataset_8_1_8.csv,crp_dataset_8_1_5.csv,0.7346308,0.9999999999870129,0.7699999999923,77,0,23,156,0.039282226562499994,0.0013798701298701301,0.03790235643262987
3,0.75,1.0,crp_dataset_8_1_6.csv|crp_dataset_8_1_7.csv|crp_dataset_8_1_8.csv,crp_dataset_8_1_2.csv,0.7346308,0.9213483145963893,0.6890756302463102,82,7,37,130,0.039453125,0.0053370786516853935,0.0341160463483146
3,0.75,1.0,crp_dataset_8_1_6.csv|crp_dataset_8_1_7.csv|crp_dataset_8_1_8.csv,crp_dataset_8_1_1.csv,0.7346308,0.9999999999852941,0.5396825396782565,68,0,58,130,0.0252685546875,9.191176470588235e-05,0.025176642922794118
3,0.75,1.0,crp_dataset_8_1_6.csv|crp_dataset_8_1_7.csv|crp_dataset_8_1_8.csv,crp_dataset_8_1_4.csv,0.7346308,0.999999999990909,0.8396946564821398,110,0,21,125,0.023046875,0.0002840909090909091,0.022762784090909094
3,0.75,1.0,crp_dataset_8_1_6.csv|crp_dataset_8_1_7.csv|crp_dataset_8_1_8.csv,crp_dataset_8_1_3.csv,0.7346308,0.9827586206811831,0.6589595375684454,114,2,59,81,0.0196044921875,0.00021551724137931037,0.01938897494612069
3,0.75,1.0,crp_dataset_8_1_6.csv|crp_dataset_8_1_7.csv|crp_dataset_8_1_3.csv,crp_dataset_8_1_5.csv,0.6495929,0.9999999999870129,0.7699999999923,77,0,23,156,0.039282226562499994,0.0013798701298701301,0.03790235643262987
3,0.75,1.0,crp_dataset_8_1_6.csv|crp_dataset_8_1_7.csv|crp_dataset_8_1_3.csv,crp_dataset_8_1_2.csv,0.6495929,0.9892473118173198,0.7731092436909822,92,1,27,136,0.039453125,0.002150537634408602,0.037302587365591396
3,0.75,1.0,crp_dataset_8_1_6.csv|crp_dataset_8_1_7.csv|crp_dataset_8_1_3.csv,crp_dataset_8_1_1.csv,0.6495929,0.9655172413682124,0.6666666666613756,84,3,42,127,0.0252685546875,0.0016522988505747128,0.02361625583692529
3,0.75,1.0,crp_dataset_8_1_6.csv|crp_dataset_8_1_7.csv|crp_dataset_8_1_3.csv,crp_dataset_8_1_4.csv,0.6495929,0.87999999999296,0.8396946564821398,110,15,21,110,0.023046875,0.00555,0.017496875000000002
3,0.75,1.0,crp_dataset_8_1_6.csv|crp_dataset_8_1_7.csv|crp_dataset_8_1_3.csv,crp_dataset_8_1_8.csv,0.6495929,0.985074626850969,0.4782608695617518,66,1,72,117,0.0283203125,0.0029850746268656717,0.02533523787313433
3,0.75,1.0,crp_dataset_8_1_6.csv|crp_dataset_8_1_2.csv|crp_dataset_8_1_1.csv,crp_dataset_8_1_5.csv,0.6156246,0.9999999999870129,0.7699999999923,77,0,23,156,0.039282226562499994,0.0013798701298701301,0.03790235643262987
3,0.75,1.0,crp_dataset_8_1_6.csv|crp_dataset_8_1_2.csv|crp_dataset_8_1_1.csv,crp_dataset_8_1_7.csv,0.6156246,0.9999999999954546,0.9999999999954546,220,0,0,36,0.0095703125,0.00034090909090909094,0.00922940340909091
3,0.75,1.0,crp_dataset_8_1_6.csv|crp_dataset_8_1_2.csv|crp_dataset_8_1_1.csv,crp_dataset_8_1_4.csv,0.6156246,0.999999999990991,0.8473282442683411,111,0,20,125,0.023046875,0.00028153153153153153,0.02276534346846847
3,0.75,1.0,crp_dataset_8_1_6.csv|crp_dataset_8_1_2.csv|crp_dataset_8_1_1.csv,crp_dataset_8_1_8.csv,0.6156246,0.999999999988764,0.6449275362272108,89,0,49,118,0.0283203125,0.0022471910112359557,0.026073121488764044
3,0.75,1.0,crp_dataset_8_1_6.csv|crp_dataset_8_1_2.csv|crp_dataset_8_1_1.csv,crp_dataset_8_1_3.csv,0.6156246,0.9934640522810886,0.8786127167579272,152,1,21,82,0.0196044921875,0.000857843137254902,0.018746649050245097
3,0.75,1.0,crp_dataset_8_1_6.csv|crp_dataset_8_1_2.csv|crp_dataset_8_1_4.csv,crp_dataset_8_1_5.csv,0.65383756,0.9999999999882353,0.8499999999915,85,0,15,156,0.039282226562499994,0.00125,0.03803222656249999
3,0.75,1.0,crp_dataset_8_1_6.csv|crp_dataset_8_1_2.csv|crp_dataset_8_1_4.csv,crp_dataset_8_1_7.csv,0.65383756,0.9999999999954546,0.9999999999954546,220,0,0,36,0.0095703125,0.00034090909090909094,0.00922940340909091
3,0.75,1.0,crp_dataset_8_1_6.csv|crp_dataset_8_1_2.csv|crp_dataset_8_1_4.csv,crp_dataset_8_1_1.csv,0.65383756,0.9402985074486522,0.49999999999603173,63,4,63,126,0.0252685546875,0.0026119402985074623,0.022656614388992538
3,0.75,1.0,crp_dataset_8_1_6.csv|crp_dataset_8_1_2.csv|crp_dataset_8_1_4.csv,crp_dataset_8_1_8.csv,0.65383756,0.8118811881107735,0.5942028985464188,82,19,56,99,0.0283203125,0.006126237623762376,0.022194074876237625
3,0.75,1.0,crp_dataset_8_1_6.csv|crp_dataset_8_1_2.csv|crp_dataset_8_1_4.csv,crp_dataset_8_1_3.csv,0.65383756,0.9999999999915966,0.6878612716723246,119,0,54,83,0.0196044921875,0.0,0.0196044921875
3,0.75,1.0,crp_dataset_8_1_6.csv|crp_dataset_8_1_2.csv|crp_dataset_8_1_8.csv,crp_dataset_8_1_5.csv,0.608379,0.9999999999875,0.799999999992,80,0,20,156,0.039282226562499994,0.001484375,0.03779785156249999
3,0.75,1.0,crp_dataset_8_1_6.csv|crp_dataset_8_1_2.csv|crp_dataset_8_1_8.csv,crp_dataset_8_1_7.csv,0.608379,0.9999999999954546,0.9999999999954546,220,0,0,36,0.0095703125,0.00034090909090909094,0.00922940340909091
3,0.75,1.0,crp_dataset_8_1_6.csv|crp_dataset_8_1_2.csv|crp_dataset_8_1_8.csv,crp_dataset_8_1_1.csv,0.608379,0.9586776859424903,0.920634920627614,116,5,10,125,0.0252685546875,0.0011880165289256197,0.02408053815857438
3,0.75,1.0,crp_dataset_8_1_6.csv|crp_dataset_8_1_2.csv|crp_dataset_8_1_8.csv,crp_dataset_8_1_4.csv,0.608379,0.9679999999922559,0.9236641221303538,121,4,10,121,0.023046875,0.00135,0.021696875
3,0.75,1.0,crp_dataset_8_1_6.csv|crp_dataset_8_1_2.csv|crp_dataset_8_1_8.csv,crp_dataset_8_1_3.csv,0.608379,0.9691358024631536,0.9075144508618064,157,5,16,78,0.0196044921875,0.0018904320987654323,0.01771406008873457
3,0.75,1.0,crp_dataset_8_1_6.csv|crp_dataset_8_1_2.csv|crp_dataset_8_1_3.csv,crp_dataset_8_1_5.csv,0.60724366,0.9999999999876543,0.8099999999919,81,0,19,156,0.039282226562499994,0.0013117283950617284,0.03797049816743826
3,0.75,1.0,crp_dataset_8_1_6.csv|crp_dataset_8_1_2.csv|crp_dataset_8_1_3.csv,crp_dataset_8_1_7.csv,0.60724366,0.9999999999954546,0.9999999999954546,220,0,0,36,0.0095703125,0.00034090909090909094,0.00922940340909091
3,0.75,1.0,crp_dataset_8_1_6.csv|crp_dataset_8_1_2.csv|crp_dataset_8_1_3.csv,crp_dataset_8_1_1.csv,0.60724366,0.899999999991,0.7142857142800453,90,10,36,120,0.0252685546875,0.003500000000000001,0.0217685546875
3,0.75,1.0,crp_dataset_8_1_6.csv|crp_dataset_8_1_2.csv|crp_dataset_8_1_3.csv,crp_dataset_8_1_4.csv,0.60724366,0.8682170542568356,0.8549618320545423,112,17,19,108,0.023046875,0.006540697674418605,0.016506177325581396
3,0.75,1.0,crp_dataset_8_1_6.csv|crp_dataset_8_1_2.csv|crp_dataset_8_1_3.csv,crp_dataset_8_1_8.csv,0.60724366,0.8705882352838754,0.5362318840540853,74,11,64,107,0.0283203125,0.004705882352941177,0.023614430147058822
3,0.75,1.0,crp_dataset_8_1_6.csv|crp_dataset_8_1_1.csv|crp_dataset_8_1_4.csv,crp_dataset_8_1_5.csv,0.7259783,0.9999999999870129,0.7699999999923,77,0,23,156,0.039282226562499994,0.0013798701298701301,0.03790235643262987
3,0.75,1.0,crp_dataset_8_1_6.csv|crp_dataset_8_1_1.csv|crp_dataset_8_1_4.csv,crp_dataset_8_1_7.csv,0.7259783,0.9999999999954546,0.9999999999954546,220,0,0,36,0.0095703125,0.00034090909090909094,0.00922940340909091
3,0.75,1.0,crp_dataset_8_1_6.csv|crp_dataset_8_1_1.csv|crp_dataset_8_1_4.csv,crp_dataset_8_1_2.csv,0.7259783,0.9425287356213502,0.6890756302463102,82,5,37,132,0.039453125,0.0020114942528735636,0.037441630747126434
3,0.75,1.0,crp_dataset_8_1_6.csv|crp_dataset_8_1_1.csv|crp_dataset_8_1_4.csv,crp_dataset_8_1_8.csv,0.7259783,0.9759036144460734,0.5869565217348772,81,2,57,116,0.0283203125,0.002484939759036145,0.025835372740963855
3,0.75,1.0,crp_dataset_8_1_6.csv|crp_dataset_8_1_1.csv|crp_dataset_8_1_4.csv,crp_dataset_8_1_3.csv,0.7259783,0.9795918367280301,0.8323699421917204,144,3,29,80,0.0196044921875,0.0011054421768707484,0.01849905001062925
3,0.75,1.0,crp_dataset_8_1_6.csv|crp_dataset_8_1_1.csv|crp_dataset_8_1_8.csv,crp_dataset_8_1_5.csv,0.7832268,0.9999999999857142,0.699999999993,70,0,30,156,0.039282226562499994,0.0014285714285714286,0.03785365513392856
3,0.75,1.0,crp_dataset_8_1_6.csv|crp_dataset_8_1_1.csv|crp_dataset_8_1_8.csv,crp_dataset_8_1_7.csv,0.7832268,0.9999999999954546,0.9999999999954546,220,0,0,36,0.0095703125,0.00034090909090909094,0.00922940340909091
3,0.75,1.0,crp_dataset_8_1_6.csv|crp_dataset_8_1_1.csv|crp_dataset_8_1_8.csv,crp_dataset_8_1_2.csv,0.7832268,0.9634146341345925,0.6638655462129087,79,3,40,134,0.039453125,0.0016768292682926831,0.037776295731707314
3,0.75,1.0,crp_dataset_8_1_6.csv|crp_dataset_8_1_1.csv|crp_dataset_8_1_8.csv,crp_dataset_8_1_4.csv,0.7832268,0.9999999999913792,0.8854961831993474,116,0,15,125,0.023046875,0.00026939655172413793,0.022777478448275865
3,0.75,1.0,crp_dataset_8_1_6.csv|crp_dataset_8_1_1.csv|crp_dataset_8_1_8.csv,crp_dataset_8_1_3.csv,0.7832268,0.9863013698562583,0.8323699421917204,144,2,29,81,0.0196044921875,0.00034246575342465754,0.019262026434075343
3,0.75,1.0,crp_dataset_8_1_6.csv|crp_dataset_8_1_1.csv|crp_dataset_8_1_3.csv,crp_dataset_8_1_5.csv,0.6796803,0.9999999999855071,0.6899999999931,69,0,31,156,0.039282226562499994,0.000815217391304348,0.038467009171195644
3,0.75,1.0,crp_dataset_8_1_6.csv|crp_dataset_8_1_1.csv|crp_dataset_8_1_3.csv,crp_dataset_8_1_7.csv,0.6796803,0.9999999999954129,0.9909090909045868,218,0,2,36,0.0095703125,0.00028669724770642203,0.009283615252293579
3,0.75,1.0,crp_dataset_8_1_6.csv|crp_dataset_8_1_1.csv|crp_dataset_8_1_3.csv,crp_dataset_8_1_2.csv,0.6796803,0.9999999999864865,0.6218487394905727,74,0,45,137,0.039453125,0.0008445945945945947,0.038608530405405406
3,0.75,1.0,crp_dataset_8_1_6.csv|crp_dataset_8_1_1.csv|crp_dataset_8_1_3.csv,crp_dataset_8_1_4.csv,0.6796803,0.9999999999908257,0.8320610686959385,109,0,22,125,0.023046875,0.00022935779816513763,0.022817517201834864
3,0.75,1.0,crp_dataset_8_1_6.csv|crp_dataset_8_1_1.csv|crp_dataset_8_1_3.csv,crp_dataset_8_1_8.csv,0.6796803,0.977528089876657,0.6304347826041273,87,2,51,116,0.0283203125,0.0023876404494382027,0.025932672050561798
3,0.75,1.0,crp_dataset_8_1_6.csv|crp_dataset_8_1_4.csv|crp_dataset_8_1_8.csv,crp_dataset_8_1_5.csv,0.6296534,0.9756097560856632,0.799999999992,80,2,20,154,0.039282226562499994,0.0019054878048780487,0.037376738757621944
3,0.75,1.0,crp_dataset_8_1_6.csv|crp_dataset_8_1_4.csv|crp_dataset_8_1_8.csv,crp_dataset_8_1_7.csv,0.6296534,0.9999999999954546,0.9999999999954546,220,0,0,36,0.0095703125,0.00034090909090909094,0.00922940340909091
3,0.75,1.0,crp_dataset_8_1_6.csv|crp_dataset_8_1_4.csv|crp_dataset_8_1_8.csv,crp_dataset_8_1_2.csv,0.6296534,0.9999999999878049,0.6890756302463102,82,0,37,137,0.039453125,0.0013719512195121953,0.0380811737804878
3,0.75,1.0,crp_dataset_8_1_6.csv|crp_dataset_8_1_4.csv|crp_dataset_8_1_8.csv,crp_dataset_8_1_1.csv,0.6296534,0.9999999999850746,0.5317460317418116,67,0,59,130,0.0252685546875,9.328358208955224e-05,0.025175271105410447
3,0.75,1.0,crp_dataset_8_1_6.csv|crp_dataset_8_1_4.csv|crp_dataset_8_1_8.csv,crp_dataset_8_1_3.csv,0.6296534,0.9999999999920635,0.7283236994177554,126,0,47,83,0.0196044921875,4.96031746031746e-05,0.019554889012896825
3,0.75,1.0,crp_dataset_8_1_6.csv|crp_dataset_8_1_4.csv|crp_dataset_8_1_3.csv,crp_dataset_8_1_5.csv,0.7084107,0.9999999999870129,0.7699999999923,77,0,23,156,0.039282226562499994,0.0013798701298701301,0.03790235643262987
3,0.75,1.0,crp_dataset_8_1_6.csv|crp_dataset_8_1_4.csv|crp_dataset_8_1_3.csv,crp_dataset_8_1_7.csv,0.7084107,0.9999999999954546,0.9999999999954546,220,0,0,36,0.0095703125,0.00034090909090909094,0.00922940340909091
3,0.75,1.0,crp_dataset_8_1_6.csv|crp_dataset_8_1_4.csv|crp_dataset_8_1_3.csv,crp_dataset_8_1_2.csv,0.7084107,0.9999999999878049,0.6890756302463102,82,0,37,137,0.039453125,0.0013719512195121953,0.0380811737804878
3,0.75,1.0,crp_dataset_8_1_6.csv|crp_dataset_8_1_4.csv|crp_dataset_8_1_3.csv,crp_dataset_8_1_1.csv,0.7084107,0.9999999999843749,0.5079365079324767,64,0,62,130,0.0252685546875,9.765625e-05,0.0251708984375
3,0.75,1.0,crp_dataset_8_1_6.csv|crp_dataset_8_1_4.csv|crp_dataset_8_1_3.csv,crp_dataset_8_1_8.csv,0.7084107,0.9999999999836067,0.4420289855040433,61,0,77,118,0.0283203125,0.0029713114754098364,0.025349001024590163
3,0.75,1.0,crp_dataset_8_1_6.csv|crp_dataset_8_1_8.csv|crp_dataset_8_1_3.csv,crp_dataset_8_1_5.csv,0.7101504,0.9999999999870129,0.7699999999923,77,0,23,156,0.039282226562499994,0.0013798701298701301,0.03790235643262987
3,0.75,1.0,crp_dataset_8_1_6.csv|crp_dataset_8_1_8.csv|crp_dataset_8_1_3.csv,crp_dataset_8_1_7.csv,0.7101504,0.9999999999954546,0.9999999999954546,220,0,0,36,0.0095703125,0.00034090909090909094,0.00922940340909091
3,0.75,1.0,crp_dataset_8_1_6.csv|crp_dataset_8_1_8.csv|crp_dataset_8_1_3.csv,crp_dataset_8_1_2.csv,0.7101504,0.9999999999878049,0.6890756302463102,82,0,37,137,0.039453125,0.0013719512195121953,0.0380811737804878
3,0.75,1.0,crp_dataset_8_1_6.csv|crp_dataset_8_1_8.csv|crp_dataset_8_1_3.csv,crp_dataset_8_1_1.csv,0.7101504,0.9999999999910714,0.8888888888818341,112,0,14,130,0.0252685546875,0.00027901785714285713,0.024989536830357144
3,0.75,1.0,crp_dataset_8_1_6.csv|crp_dataset_8_1_8.csv|crp_dataset_8_1_3.csv,crp_dataset_8_1_4.csv,0.7101504,0.999999999990909,0.8396946564821398,110,0,21,125,0.023046875,0.0002840909090909091,0.022762784090909094
3,0.75,1.0,crp_dataset_8_1_7.csv|crp_dataset_8_1_2.csv|crp_dataset_8_1_1.csv,crp_dataset_8_1_5.csv,0.6831832,0.9999999999870129,0.7699999999923,77,0,23,156,0.039282226562499994,0.0013798701298701301,0.03790235643262987
3,0.75,1.0,crp_dataset_8_1_7.csv|crp_dataset_8_1_2.csv|crp_dataset_8_1_1.csv,crp_dataset_8_1_6.csv,0.6831832,0.9907407407315671,0.7642857142802552,107,1,33,115,0.026928710937499996,0.0005208333333333333,0.02640787760416666
3,0.75,1.0,crp_dataset_8_1_7.csv|crp_dataset_8_1_2.csv|crp_dataset_8_1_1.csv,crp_dataset_8_1_4.csv,0.6831832,0.999999999990909,0.8396946564821398,110,0,21,125,0.023046875,0.0002840909090909091,0.022762784090909094
3,0.75,1.0,crp_dataset_8_1_7.csv|crp_dataset_8_1_2.csv|crp_dataset_8_1_1.csv,crp_dataset_8_1_8.csv,0.6831832,0.9999999999863013,0.5289855072425437,73,0,65,118,0.0283203125,0.002482876712328767,0.025837435787671233
3,0.75,1.0,crp_dataset_8_1_7.csv|crp_dataset_8_1_2.csv|crp_dataset_8_1_1.csv,crp_dataset_8_1_3.csv,0.6831832,0.9999999999932433,0.8554913294748238,148,0,25,83,0.0196044921875,8.445945945945946e-05,0.01952003272804054
3,0.75,1.0,crp_dataset_8_1_7.csv|crp_dataset_8_1_2.csv|crp_dataset_8_1_4.csv,crp_dataset_8_1_5.csv,0.6572734,0.9999999999871795,0.7799999999921999,78,0,22,156,0.039282226562499994,0.0013621794871794873,0.037920047075320505
3,0.75,1.0,crp_dataset_8_1_7.csv|crp_dataset_8_1_2.csv|crp_dataset_8_1_4.csv,crp_dataset_8_1_6.csv,0.6572734,0.9270833333236762,0.635714285709745,89,7,51,109,0.026928710937499996,0.0026041666666666665,0.024324544270833328
3,0.75,1.0,crp_dataset_8_1_7.csv|crp_dataset_8_1_2.csv|crp_dataset_8_1_4.csv,crp_dataset_8_1_1.csv,0.6572734,0.8513513513398465,0.49999999999603173,63,11,63,119,0.0252685546875,0.006672297297297298,0.0185962573902027
3,0.75,1.0,crp_dataset_8_1_7.csv|crp_dataset_8_1_2.csv|crp_dataset_8_1_4.csv,crp_dataset_8_1_8.csv,0.6572734,0.827956989238409,0.5579710144887104,77,16,61,102,0.0283203125,0.008064516129032256,0.020255796370967742
3,0.75,1.0,crp_dataset_8_1_7.csv|crp_dataset_8_1_2.csv|crp_dataset_8_1_4.csv,crp_dataset_8_1_3.csv,0.6572734,0.9999999999922481,0.7456647398800829,129,0,44,83,0.0196044921875,4.8449612403100775e-05,0.0195560425750969
3,0.75,1.0,crp_dataset_8_1_7.csv|crp_dataset_8_1_2.csv|crp_dataset_8_1_8.csv,crp_dataset_8_1_5.csv,0.6194672,0.9999999999880952,0.8399999999916,84,0,16,156,0.039282226562499994,0.001711309523809524,0.03757091703869047
3,0.75,1.0,crp_dataset_8_1_7.csv|crp_dataset_8_1_2.csv|crp_dataset_8_1_8.csv,crp_dataset_8_1_6.csv,0.6194672,0.6716417910414346,0.9642857142788266,135,66,5,50,0.026928710937499996,0.017008706467661693,0.009920004469838303
3,0.75,1.0,crp_dataset_8_1_7.csv|crp_dataset_8_1_2.csv|crp_dataset_8_1_8.csv,crp_dataset_8_1_1.csv,0.6194672,0.7806451612852862,0.9603174603098388,121,34,5,96,0.0252685546875,0.007217741935483871,0.01805081275201613
3,0.75,1.0,crp_dataset_8_1_7.csv|crp_dataset_8_1_2.csv|crp_dataset_8_1_8.csv,crp_dataset_8_1_4.csv,0.6194672,0.7797619047572634,0.9999999999923664,131,37,0,88,0.023046875,0.008668154761904762,0.014378720238095239
3,0.75,1.0,crp_dataset_8_1_7.csv|crp_dataset_8_1_2.csv|crp_dataset_8_1_8.csv,crp_dataset_8_1_3.csv,0.6194672,0.8238095238056009,0.9999999999942197,173,37,0,46,0.0196044921875,0.009821428571428571,0.009783063616071428
3,0.75,1.0,crp_dataset_8_1_7.csv|crp_dataset_8_1_2.csv|crp_dataset_8_1_3.csv,crp_dataset_8_1_5.csv,0.62899256,0.9999999999873417,0.7899999999921,79,0,21,156,0.039282226562499994,0.0014240506329113924,0.0378581759295886
3,0.75,1.0,crp_dataset_8_1_7.csv|crp_dataset_8_1_2.csv|crp_dataset_8_1_3.csv,crp_dataset_8_1_6.csv,0.62899256,0.8536585365784255,0.749999999994643,105,18,35,98,0.026928710937499996,0.006046747967479675,0.02088196297002032
3,0.75,1.0,crp_dataset_8_1_7.csv|crp_dataset_8_1_2.csv|crp_dataset_8_1_3.csv,crp_dataset_8_1_1.csv,0.62899256,0.6583333333278472,0.6269841269791508,79,41,47,89,0.0252685546875,0.01296875,0.0122998046875
3,0.75,1.0,crp_dataset_8_1_7.csv|crp_dataset_8_1_2.csv|crp_dataset_8_1_3.csv,crp_dataset_8_1_4.csv,0.62899256,0.8156028368736483,0.8778625954131462,115,26,16,99,0.023046875,0.009131205673758866,0.013915669326241135
3,0.75,1.0,crp_dataset_8_1_7.csv|crp_dataset_8_1_2.csv|crp_dataset_8_1_3.csv,crp_dataset_8_1_8.csv,0.62899256,0.7641509433890175,0.5869565217348772,81,25,57,93,0.0283203125,0.009375,0.0189453125
3,0.75,1.0,crp_dataset_8_1_7.csv|crp_dataset_8_1_1.csv|crp_dataset_8_1_4.csv,crp_dataset_8_1_5.csv,0.8093046,0.9999999999870129,0.7699999999923,77,0,23,156,0.039282226562499994,0.0013798701298701301,0.03790235643262987
3,0.75,1.0,crp_dataset_8_1_7.csv|crp_dataset_8_1_1.csv|crp_dataset_8_1_4.csv,crp_dataset_8_1_6.csv,0.8093046,0.9999999999903846,0.7428571428518368,104,0,36,116,0.026928710937499996,0.0001201923076923077,0.02680851862980769
3,0.75,1.0,crp_dataset_8_1_7.csv|crp_dataset_8_1_1.csv|crp_dataset_8_1_4.csv,crp_dataset_8_1_2.csv,0.8093046,0.9425287356213502,0.6890756302463102,82,5,37,132,0.039453125,0.0020114942528735636,0.037441630747126434
3,0.75,1.0,crp_dataset_8_1_7.csv|crp_dataset_8_1_1.csv|crp_dataset_8_1_4.csv,crp_dataset_8_1_8.csv,0.8093046,0.9736842105135041,0.5362318840540853,74,2,64,116,0.0283203125,0.002713815789473685,0.025606496710526314
3,0.75,1.0,crp_dataset_8_1_7.csv|crp_dataset_8_1_1.csv|crp_dataset_8_1_4.csv,crp_dataset_8_1_3.csv,0.8093046,0.983999999992128,0.7109826589554279,123,2,50,81,0.0196044921875,0.0002,0.0194044921875
3,0.75,1.0,crp_dataset_8_1_7.csv|crp_dataset_8_1_1.csv|crp_dataset_8_1_8.csv,crp_dataset_8_1_5.csv,0.6356936,0.9999999999870129,0.7699999999923,77,0,23,156,0.039282226562499994,0.0013798701298701301,0.03790235643262987
3,0.75,1.0,crp_dataset_8_1_7.csv|crp_dataset_8_1_1.csv|crp_dataset_8_1_8.csv,crp_dataset_8_1_6.csv,0.6356936,0.9663865546137278,0.8214285714227041,115,4,25,112,0.026928710937499996,0.0017331932773109245,0.02519551766018907
3,0.75,1.0,crp_dataset_8_1_7.csv|crp_dataset_8_1_1.csv|crp_dataset_8_1_8.csv,crp_dataset_8_1_2.csv,0.6356936,0.9999999999878049,0.6890756302463102,82,0,37,137,0.039453125,0.0013719512195121953,0.0380811737804878
3,0.75,1.0,crp_dataset_8_1_7.csv|crp_dataset_8_1_1.csv|crp_dataset_8_1_8.csv,crp_dataset_8_1_4.csv,0.6356936,0.999999999990991,0.8473282442683411,111,0,20,125,0.023046875,0.0003378378378378379,0.022709037162162164
3,0.75,1.0,crp_dataset_8_1_7.csv|crp_dataset_8_1_1.csv|crp_dataset_8_1_8.csv,crp_dataset_8_1_3.csv,0.6356936,0.9999999999924243,0.7630057803424104,132,0,41,83,0.0196044921875,0.00014204545454545457,0.019462446732954546
3,0.75,1.0,crp_dataset_8_1_7.csv|crp_dataset_8_1_1.csv|crp_dataset_8_1_3.csv,crp_dataset_8_1_5.csv,0.671174,0.9999999999870129,0.7699999999923,77,0,23,156,0.039282226562499994,0.0013798701298701301,0.03790235643262987
3,0.75,1.0,crp_dataset_8_1_7.csv|crp_dataset_8_1_1.csv|crp_dataset_8_1_3.csv,crp_dataset_8_1_6.csv,0.671174,0.775280898872049,0.985714285707245,138,40,2,76,0.026928710937499996,0.010287921348314608,0.016640789589185388
3,0.75,1.0,crp_dataset_8_1_7.csv|crp_dataset_8_1_1.csv|crp_dataset_8_1_3.csv,crp_dataset_8_1_2.csv,0.671174,0.9425287356213502,0.6890756302463102,82,5,37,132,0.039453125,0.0020114942528735636,0.037441630747126434
3,0.75,1.0,crp_dataset_8_1_7.csv|crp_dataset_8_1_1.csv|crp_dataset_8_1_3.csv,crp_dataset_8_1_4.csv,0.671174,0.9909909909820631,0.8396946564821398,110,1,21,124,0.023046875,0.0003941441441441442,0.022652730855855858
3,0.75,1.0,crp_dataset_8_1_7.csv|crp_dataset_8_1_1.csv|crp_dataset_8_1_3.csv,crp_dataset_8_1_8.csv,0.671174,0.9411764705771626,0.5797101449233355,80,5,58,113,0.0283203125,0.003161764705882352,0.025158547794117646
3,0.75,1.0,crp_dataset_8_1_7.csv|crp_dataset_8_1_4.csv|crp_dataset_8_1_8.csv,crp_dataset_8_1_5.csv,0.6756958,0.9999999999870129,0.7699999999923,77,0,23,156,0.039282226562499994,0.0013798701298701301,0.03790235643262987
3,0.75,1.0,crp_dataset_8_1_7.csv|crp_dataset_8_1_4.csv|crp_dataset_8_1_8.csv,crp_dataset_8_1_6.csv,0.6756958,0.9599999999904,0.6857142857093879,96,4,44,112,0.026928710937499996,0.0011875000000000002,0.025741210937499995
3,0.75,1.0,crp_dataset_8_1_7.csv|crp_dataset_8_1_4.csv|crp_dataset_8_1_8.csv,crp_dataset_8_1_2.csv,0.6756958,0.9999999999878049,0.6890756302463102,82,0,37,137,0.039453125,0.0013719512195121953,0.0380811737804878
3,0.75,1.0,crp_dataset_8_1_7.csv|crp_dataset_8_1_4.csv|crp_dataset_8_1_8.csv,crp_dataset_8_1_1.csv,0.6756958,0.9999999999833334,0.4761904761866969,60,0,66,130,0.0252685546875,0.00010416666666666667,0.025164388020833334
3,0.75,1.0,crp_dataset_8_1_7.csv|crp_dataset_8_1_4.csv|crp_dataset_8_1_8.csv,crp_dataset_8_1_3.csv,0.6756958,0.9999999999915254,0.6820809248515487,118,0,55,83,0.0196044921875,5.296610169491526e-05,0.019551526085805085
3,0.75,1.0,crp_dataset_8_1_7.csv|crp_dataset_8_1_4.csv|crp_dataset_8_1_3.csv,crp_dataset_8_1_5.csv,0.697055,0.9999999999859155,0.7099999999929,71,0,29,156,0.039282226562499994,0.0009683098591549297,0.038313916703345066
3,0.75,1.0,crp_dataset_8_1_7.csv|crp_dataset_8_1_4.csv|crp_dataset_8_1_3.csv,crp_dataset_8_1_6.csv,0.697055,0.8632478632404851,0.7214285714234184,101,16,39,100,0.026928710937499996,0.0047008547008547015,0.022227856236645294
3,0.75,1.0,crp_dataset_8_1_7.csv|crp_dataset_8_1_4.csv|crp_dataset_8_1_3.csv,crp_dataset_8_1_2.csv,0.697055,0.9999999999866667,0.6302521008350399,75,0,44,137,0.039453125,0.0009166666666666668,0.03853645833333333
3,0.75,1.0,crp_dataset_8_1_7.csv|crp_dataset_8_1_4.csv|crp_dataset_8_1_3.csv,crp_dataset_8_1_1.csv,0.697055,0.9999999999846153,0.5158730158689216,65,0,61,130,0.0252685546875,9.615384615384615e-05,0.025172400841346153
3,0.75,1.0,crp_dataset_8_1_7.csv|crp_dataset_8_1_4.csv|crp_dataset_8_1_3.csv,crp_dataset_8_1_8.csv,0.697055,0.9999999999830509,0.4275362318809599,59,0,79,118,0.0283203125,0.0028601694915254237,0.025460143008474576
3,0.75,1.0,crp_dataset_8_1_7.csv|crp_dataset_8_1_8.csv|crp_dataset_8_1_3.csv,crp_dataset_8_1_5.csv,0.7037807,0.9540229884947813,0.8299999999916999,83,4,17,152,0.039282226562499994,0.002801724137931035,0.03648050242456896
3,0.75,1.0,crp_dataset_8_1_7.csv|crp_dataset_8_1_8.csv|crp_dataset_8_1_3.csv,crp_dataset_8_1_6.csv,0.7037807,0.7935483870916545,0.8785714285651531,123,32,17,84,0.026928710937499996,0.009798387096774193,0.017130323840725804
3,0.75,1.0,crp_dataset_8_1_7.csv|crp_dataset_8_1_8.csv|crp_dataset_8_1_3.csv,crp_dataset_8_1_2.csv,0.7037807,0.8888888888799101,0.7394957983131134,88,11,31,126,0.039453125,0.011994949494949498,0.027458175505050503
3,0.75,1.0,crp_dataset_8_1_7.csv|crp_dataset_8_1_8.csv|crp_dataset_8_1_3.csv,crp_dataset_8_1_1.csv,0.7037807,0.9896907216392815,0.761904761898715,96,1,30,129,0.0252685546875,0.0005154639175257732,0.024753090769974225
3,0.75,1.0,crp_dataset_8_1_7.csv|crp_dataset_8_1_8.csv|crp_dataset_8_1_3.csv,crp_dataset_8_1_4.csv,0.7037807,0.999999999990909,0.8396946564821398,110,0,21,125,0.023046875,0.0002840909090909091,0.022762784090909094
3,0.75,1.0,crp_dataset_8_1_2.csv|crp_dataset_8_1_1.csv|crp_dataset_8_1_4.csv,crp_dataset_8_1_5.csv,0.6518295,0.9999999999875,0.799999999992,80,0,20,156,0.039282226562499994,0.001328125,0.037954101562499995
3,0.75,1.0,crp_dataset_8_1_2.csv|crp_dataset_8_1_1.csv|crp_dataset_8_1_4.csv,crp_dataset_8_1_6.csv,0.6518295,0.9159663865469246,0.7785714285658674,109,10,31,106,0.026928710937499996,0.004464285714285714,0.022464425223214284
3,0.75,1.0,crp_dataset_8_1_2.csv|crp_dataset_8_1_1.csv|crp_dataset_8_1_4.csv,crp_dataset_8_1_7.csv,0.6518295,0.9999999999954546,0.9999999999954546,220,0,0,36,0.0095703125,0.00034090909090909094,0.00922940340909091
3,0.75,1.0,crp_dataset_8_1_2.csv|crp_dataset_8_1_1.csv|crp_dataset_8_1_4.csv,crp_dataset_8_1_8.csv,0.6518295,0.9699999999903,0.7028985507195442,97,3,41,115,0.0283203125,0.002875,0.0254453125
3,0.75,1.0,crp_dataset_8_1_2.csv|crp_dataset_8_1_1.csv|crp_dataset_8_1_4.csv,crp_dataset_8_1_3.csv,0.6518295,0.957055214718055,0.9017341040410305,156,7,17,76,0.0196044921875,0.0023389570552147243,0.017265535132285275
3,0.75,1.0,crp_dataset_8_1_2.csv|crp_dataset_8_1_1.csv|crp_dataset_8_1_8.csv,crp_dataset_8_1_5.csv,0.6091794,0.9999999999879517,0.8299999999916999,83,0,17,156,0.039282226562499994,0.0015060240963855422,0.037776202466114454
3,0.75,1.0,crp_dataset_8_1_2.csv|crp_dataset_8_1_1.csv|crp_dataset_8_1_8.csv,crp_dataset_8_1_6.csv,0.6091794,0.9374999999926759,0.8571428571367348,120,8,20,108,0.026928710937499996,0.003173828125,0.023754882812499996
3,0.75,1.0,crp_dataset_8_1_2.csv|crp_dataset_8_1_1.csv|crp_dataset_8_1_8.csv,crp_dataset_8_1_7.csv,0.6091794,0.9999999999954546,0.9999999999954546,220,0,0,36,0.0095703125,0.00034090909090909094,0.00922940340909091
3,0.75,1.0,crp_dataset_8_1_2.csv|crp_dataset_8_1_1.csv|crp_dataset_8_1_8.csv,crp_dataset_8_1_4.csv,0.6091794,0.9999999999913043,0.8778625954131462,115,0,16,125,0.023046875,0.00032608695652173916,0.02272078804347826
3,0.75,1.0,crp_dataset_8_1_2.csv|crp_dataset_8_1_1.csv|crp_dataset_8_1_8.csv,crp_dataset_8_1_3.csv,0.6091794,0.951807228909929,0.9132947976825821,158,8,15,75,0.0196044921875,0.002823795180722892,0.016780697006777107
3,0.75,1.0,crp_dataset_8_1_2.csv|crp_dataset_8_1_1.csv|crp_dataset_8_1_3.csv,crp_dataset_8_1_5.csv,0.6624378,0.9999999999873417,0.7899999999921,79,0,21,156,0.039282226562499994,0.0013449367088607597,0.037937289853639235
3,0.75,1.0,crp_dataset_8_1_2.csv|crp_dataset_8_1_1.csv|crp_dataset_8_1_3.csv,crp_dataset_8_1_6.csv,0.6624378,0.8906249999930421,0.814285714279898,114,14,26,102,0.026928710937499996,0.005029296875,0.021899414062499997
3,0.75,1.0,crp_dataset_8_1_2.csv|crp_dataset_8_1_1.csv|crp_dataset_8_1_3.csv,crp_dataset_8_1_7.csv,0.6624378,0.9999999999954546,0.9999999999954546,220,0,0,36,0.0095703125,0.00034090909090909094,0.00922940340909091
3,0.75,1.0,crp_dataset_8_1_2.csv|crp_dataset_8_1_1.csv|crp_dataset_8_1_3.csv,crp_dataset_8_1_4.csv,0.6624378,0.9999999999910714,0.8549618320545423,112,0,19,125,0.023046875,0.00027901785714285713,0.022767857142857145
3,0.75,1.0,crp_dataset_8_1_2.csv|crp_dataset_8_1_1.csv|crp_dataset_8_1_3.csv,crp_dataset_8_1_8.csv,0.6624378,0.9381443298872356,0.6594202898502941,91,6,47,112,0.0283203125,0.0029639175257731958,0.025356394974226804
3,0.75,1.0,crp_dataset_8_1_2.csv|crp_dataset_8_1_4.csv|crp_dataset_8_1_8.csv,crp_dataset_8_1_5.csv,0.6148861,0.9999999999876543,0.8099999999919,81,0,19,156,0.039282226562499994,0.001388888888888889,0.037893337673611104
3,0.75,1.0,crp_dataset_8_1_2.csv|crp_dataset_8_1_4.csv|crp_dataset_8_1_8.csv,crp_dataset_8_1_6.csv,0.6148861,0.9999999999873417,0.5642857142816837,79,0,61,116,0.026928710937499996,7.911392405063291e-05,0.026849597013449363
3,0.75,1.0,crp_dataset_8_1_2.csv|crp_dataset_8_1_4.csv|crp_dataset_8_1_8.csv,crp_dataset_8_1_7.csv,0.6148861,0.9999999999954546,0.9999999999954546,220,0,0,36,0.0095703125,0.00034090909090909094,0.00922940340909091
3,0.75,1.0,crp_dataset_8_1_2.csv|crp_dataset_8_1_4.csv|crp_dataset_8_1_8.csv,crp_dataset_8_1_1.csv,0.6148861,0.9859154929438603,0.5555555555511463,70,1,56,129,0.0252685546875,0.000704225352112676,0.024564329335387325
3,0.75,1.0,crp_dataset_8_1_2.csv|crp_dataset_8_1_4.csv|crp_dataset_8_1_8.csv,crp_dataset_8_1_3.csv,0.6148861,0.9999999999924243,0.7630057803424104,132,0,41,83,0.0196044921875,0.0,0.0196044921875
3,0.75,1.0,crp_dataset_8_1_2.csv|crp_dataset_8_1_4.csv|crp_dataset_8_1_3.csv,crp_dataset_8_1_5.csv,0.6303966,0.9999999999885058,0.8699999999913,87,0,13,156,0.039282226562499994,0.0012212643678160922,0.038060962194683905
3,0.75,1.0,crp_dataset_8_1_2.csv|crp_dataset_8_1_4.csv|crp_dataset_8_1_3.csv,crp_dataset_8_1_6.csv,0.6303966,0.968421052621385,0.6571428571381633,92,3,48,113,0.026928710937499996,0.0010526315789473684,0.02587607935855263
3,0.75,1.0,crp_dataset_8_1_2.csv|crp_dataset_8_1_4.csv|crp_dataset_8_1_3.csv,crp_dataset_8_1_7.csv,0.6303966,0.9999999999954546,0.9999999999954546,220,0,0,36,0.0095703125,0.00034090909090909094,0.00922940340909091
3,0.75,1.0,crp_dataset_8_1_2.csv|crp_dataset_8_1_4.csv|crp_dataset_8_1_3.csv,crp_dataset_8_1_1.csv,0.6303966,0.999999999984127,0.49999999999603173,63,0,63,130,0.0252685546875,9.92063492063492e-05,0.02516934833829365
3,0.75,1.0,crp_dataset_8_1_2.csv|crp_dataset_8_1_4.csv|crp_dataset_8_1_3.csv,crp_dataset_8_1_8.csv,0.6303966,0.999999999983871,0.449275362315585,62,0,76,118,0.0283203125,0.002923387096774194,0.025396925403225808
3,0.75,1.0,crp_dataset_8_1_2.csv|crp_dataset_8_1_8.csv|crp_dataset_8_1_3.csv,crp_dataset_8_1_5.csv,0.6576495,0.9999999999882353,0.8499999999915,85,0,15,156,0.039282226562499994,0.0016911764705882354,0.03759105009191176
3,0.75,1.0,crp_dataset_8_1_2.csv|crp_dataset_8_1_8.csv|crp_dataset_8_1_3.csv,crp_dataset_8_1_6.csv,0.6576495,0.921259842512431,0.8357142857083164,117,10,23,106,0.026928710937499996,0.003986220472440944,0.02294249046505905
3,0.75,1.0,crp_dataset_8_1_2.csv|crp_dataset_8_1_8.csv|crp_dataset_8_1_3.csv,crp_dataset_8_1_7.csv,0.6576495,0.9999999999954546,0.9999999999954546,220,0,0,36,0.0095703125,0.00034090909090909094,0.00922940340909091
3,0.75,1.0,crp_dataset_8_1_2.csv|crp_dataset_8_1_8.csv|crp_dataset_8_1_3.csv,crp_dataset_8_1_1.csv,0.6576495,0.9824561403422591,0.8888888888818341,112,2,14,128,0.0252685546875,0.0006578947368421054,0.024610659950657896
3,0.75,1.0,crp_dataset_8_1_2.csv|crp_dataset_8_1_8.csv|crp_dataset_8_1_3.csv,crp_dataset_8_1_4.csv,0.6576495,0.9999999999910714,0.8549618320545423,112,0,19,125,0.023046875,0.00033482142857142863,0.022712053571428574
3,0.75,1.0,crp_dataset_8_1_1.csv|crp_dataset_8_1_4.csv|crp_dataset_8_1_8.csv,crp_dataset_8_1_5.csv,0.61741227,0.987654320975461,0.799999999992,80,1,20,155,0.039282226562499994,0.0015432098765432098,0.037739016685956785
3,0.75,1.0,crp_dataset_8_1_1.csv|crp_dataset_8_1_4.csv|crp_dataset_8_1_8.csv,crp_dataset_8_1_6.csv,0.61741227,0.9183673469325282,0.9642857142788266,135,12,5,104,0.026928710937499996,0.00272108843537415,0.024207622502125846
3,0.75,1.0,crp_dataset_8_1_1.csv|crp_dataset_8_1_4.csv|crp_dataset_8_1_8.csv,crp_dataset_8_1_7.csv,0.61741227,0.9999999999954546,0.9999999999954546,220,0,0,36,0.0095703125,0.00034090909090909094,0.00922940340909091
3,0.75,1.0,crp_dataset_8_1_1.csv|crp_dataset_8_1_4.csv|crp_dataset_8_1_8.csv,crp_dataset_8_1_2.csv,0.61741227,0.9999999999878049,0.6890756302463102,82,0,37,137,0.039453125,0.0013719512195121953,0.0380811737804878
3,0.75,1.0,crp_dataset_8_1_1.csv|crp_dataset_8_1_4.csv|crp_dataset_8_1_8.csv,crp_dataset_8_1_3.csv,0.61741227,0.9673202614315862,0.8554913294748238,148,5,25,78,0.0196044921875,0.001919934640522876,0.017684557546977123
3,0.75,1.0,crp_dataset_8_1_1.csv|crp_dataset_8_1_4.csv|crp_dataset_8_1_3.csv,crp_dataset_8_1_5.csv,0.6036151,0.9999999999866667,0.7499999999925,75,0,25,156,0.039282226562499994,0.0012500000000000002,0.03803222656249999
3,0.75,1.0,crp_dataset_8_1_1.csv|crp_dataset_8_1_4.csv|crp_dataset_8_1_3.csv,crp_dataset_8_1_6.csv,0.6036151,0.8176470588187198,0.9928571428500511,139,31,1,85,0.026928710937499996,0.008125,0.018803710937499996
3,0.75,1.0,crp_dataset_8_1_1.csv|crp_dataset_8_1_4.csv|crp_dataset_8_1_3.csv,crp_dataset_8_1_7.csv,0.6036151,0.9999999999954546,0.9999999999954546,220,0,0,36,0.0095703125,0.00034090909090909094,0.00922940340909091
3,0.75,1.0,crp_dataset_8_1_1.csv|crp_dataset_8_1_4.csv|crp_dataset_8_1_3.csv,crp_dataset_8_1_2.csv,0.6036151,0.9999999999875,0.6722689075573759,80,0,39,137,0.039453125,0.00125,0.038203125
3,0.75,1.0,crp_dataset_8_1_1.csv|crp_dataset_8_1_4.csv|crp_dataset_8_1_3.csv,crp_dataset_8_1_8.csv,0.6036151,0.9999999999883721,0.6231884057925856,86,0,52,118,0.0283203125,0.0023982558139534886,0.02592205668604651
3,0.75,1.0,crp_dataset_8_1_1.csv|crp_dataset_8_1_8.csv|crp_dataset_8_1_3.csv,crp_dataset_8_1_5.csv,0.67188704,0.9999999999870129,0.7699999999923,77,0,23,156,0.039282226562499994,0.0013798701298701301,0.03790235643262987
3,0.75,1.0,crp_dataset_8_1_1.csv|crp_dataset_8_1_8.csv|crp_dataset_8_1_3.csv,crp_dataset_8_1_6.csv,0.67188704,0.8333333333283731,0.9999999999928573,140,28,0,88,0.026928710937499996,0.007403273809523809,0.019525437127976185
3,0.75,1.0,crp_dataset_8_1_1.csv|crp_dataset_8_1_8.csv|crp_dataset_8_1_3.csv,crp_dataset_8_1_7.csv,0.67188704,0.9999999999954546,0.9999999999954546,220,0,0,36,0.0095703125,0.00034090909090909094,0.00922940340909091
3,0.75,1.0,crp_dataset_8_1_1.csv|crp_dataset_8_1_8.csv|crp_dataset_8_1_3.csv,crp_dataset_8_1_2.csv,0.67188704,0.9999999999878049,0.6890756302463102,82,0,37,137,0.039453125,0.0013719512195121953,0.0380811737804878
3,0.75,1.0,crp_dataset_8_1_1.csv|crp_dataset_8_1_8.csv|crp_dataset_8_1_3.csv,crp_dataset_8_1_4.csv,0.67188704,0.9999999999911504,0.8625954198407436,113,0,18,125,0.023046875,0.00033185840707964607,0.022715016592920356
3,0.75,1.0,crp_dataset_8_1_4.csv|crp_dataset_8_1_8.csv|crp_dataset_8_1_3.csv,crp_dataset_8_1_5.csv,0.6543688,0.9756097560856632,0.799999999992,80,2,20,154,0.039282226562499994,0.0018292682926829272,0.037452958269817066
3,0.75,1.0,crp_dataset_8_1_4.csv|crp_dataset_8_1_8.csv|crp_dataset_8_1_3.csv,crp_dataset_8_1_6.csv,0.6543688,0.8128654970712699,0.9928571428500511,139,32,1,84,0.026928710937499996,0.008296783625730995,0.018631927311769
3,0.75,1.0,crp_dataset_8_1_4.csv|crp_dataset_8_1_8.csv|crp_dataset_8_1_3.csv,crp_dataset_8_1_7.csv,0.6543688,0.9999999999954546,0.9999999999954546,220,0,0,36,0.0095703125,0.00034090909090909094,0.00922940340909091
3,0.75,1.0,crp_dataset_8_1_4.csv|crp_dataset_8_1_8.csv|crp_dataset_8_1_3.csv,crp_dataset_8_1_2.csv,0.6543688,0.9999999999878049,0.6890756302463102,82,0,37,137,0.039453125,0.0013719512195121953,0.0380811737804878
3,0.75,1.0,crp_dataset_8_1_4.csv|crp_dataset_8_1_8.csv|crp_dataset_8_1_3.csv,crp_dataset_8_1_1.csv,0.6543688,0.9999999999861111,0.5714285714240362,72,0,54,130,0.0252685546875,8.680555555555556e-05,0.025181749131944445
4,0.75,1.0,crp_dataset_8_1_5.csv|crp_dataset_8_1_6.csv|crp_dataset_8_1_7.csv|crp_dataset_8_1_2.csv,crp_dataset_8_1_1.csv,0.6024621,0.6454545454486776,0.5634920634875913,71,39,55,91,0.0252685546875,0.013522727272727271,0.011745827414772729
4,0.75,1.0,crp_dataset_8_1_5.csv|crp_dataset_8_1_6.csv|crp_dataset_8_1_7.csv|crp_dataset_8_1_2.csv,crp_dataset_8_1_4.csv,0.6024621,0.8378378378321768,0.9465648854889576,124,24,7,101,0.023046875,0.007516891891891892,0.01552998310810811
4,0.75,1.0,crp_dataset_8_1_5.csv|crp_dataset_8_1_6.csv|crp_dataset_8_1_7.csv|crp_dataset_8_1_2.csv,crp_dataset_8_1_8.csv,0.6024621,0.7809523809449432,0.5942028985464188,82,23,56,95,0.0283203125,0.00869047619047619,0.01962983630952381
4,0.75,1.0,crp_dataset_8_1_5.csv|crp_dataset_8_1_6.csv|crp_dataset_8_1_7.csv|crp_dataset_8_1_2.csv,crp_dataset_8_1_3.csv,0.6024621,0.9714285714216327,0.7861271676255137,136,4,37,79,0.0196044921875,0.0010267857142857142,0.018577706473214287
4,0.75,1.0,crp_dataset_8_1_5.csv|crp_dataset_8_1_6.csv|crp_dataset_8_1_7.csv|crp_dataset_8_1_1.csv,crp_dataset_8_1_2.csv,0.6140795,0.9532710280284741,0.8571428571356542,102,5,17,132,0.039453125,0.001635514018691589,0.03781761098130841
4,0.75,1.0,crp_dataset_8_1_5.csv|crp_dataset_8_1_6.csv|crp_dataset_8_1_7.csv|crp_dataset_8_1_1.csv,crp_dataset_8_1_4.csv,0.6140795,0.9999999999913043,0.8778625954131462,115,0,16,125,0.023046875,0.00032608695652173916,0.02272078804347826
4,0.75,1.0,crp_dataset_8_1_5.csv|crp_dataset_8_1_6.csv|crp_dataset_8_1_7.csv|crp_dataset_8_1_1.csv,crp_dataset_8_1_8.csv,0.6140795,0.9759036144460734,0.5869565217348772,81,2,57,116,0.0283203125,0.002484939759036145,0.025835372740963855
4,0.75,1.0,crp_dataset_8_1_5.csv|crp_dataset_8_1_6.csv|crp_dataset_8_1_7.csv|crp_dataset_8_1_1.csv,crp_dataset_8_1_3.csv,0.6140795,0.9864864864798211,0.8439306358332721,146,2,27,81,0.0196044921875,0.00033783783783783786,0.01926665434966216
4,0.75,1.0,crp_dataset_8_1_5.csv|crp_dataset_8_1_6.csv|crp_dataset_8_1_7.csv|crp_dataset_8_1_4.csv,crp_dataset_8_1_2.csv,0.6834972,0.9425287356213502,0.6890756302463102,82,5,37,132,0.039453125,0.0020114942528735636,0.037441630747126434
4,0.75,1.0,crp_dataset_8_1_5.csv|crp_dataset_8_1_6.csv|crp_dataset_8_1_7.csv|crp_dataset_8_1_4.csv,crp_dataset_8_1_1.csv,0.6834972,0.9999999999833334,0.4761904761866969,60,0,66,130,0.0252685546875,0.00010416666666666667,0.025164388020833334
4,0.75,1.0,crp_dataset_8_1_5.csv|crp_dataset_8_1_6.csv|crp_dataset_8_1_7.csv|crp_dataset_8_1_4.csv,crp_dataset_8_1_8.csv,0.6834972,0.9682539682385992,0.4420289855040433,61,2,77,116,0.0283203125,0.0032738095238095243,0.025046502976190474
4,0.75,1.0,crp_dataset_8_1_5.csv|crp_dataset_8_1_6.csv|crp_dataset_8_1_7.csv|crp_dataset_8_1_4.csv,crp_dataset_8_1_3.csv,0.6834972,0.9827586206811831,0.6589595375684454,114,2,59,81,0.0196044921875,0.00021551724137931037,0.01938897494612069
4,0.75,1.0,crp_dataset_8_1_5.csv|crp_dataset_8_1_6.csv|crp_dataset_8_1_7.csv|crp_dataset_8_1_8.csv,crp_dataset_8_1_2.csv,0.62665427,0.9999999999878049,0.6890756302463102,82,0,37,137,0.039453125,0.0013719512195121953,0.0380811737804878
4,0.75,1.0,crp_dataset_8_1_5.csv|crp_dataset_8_1_6.csv|crp_dataset_8_1_7.csv|crp_dataset_8_1_8.csv,crp_dataset_8_1_1.csv,0.62665427,0.9999999999852941,0.5396825396782565,68,0,58,130,0.0252685546875,9.191176470588235e-05,0.025176642922794118
4,0.75,1.0,crp_dataset_8_1_5.csv|crp_dataset_8_1_6.csv|crp_dataset_8_1_7.csv|crp_dataset_8_1_8.csv,crp_dataset_8_1_4.csv,0.62665427,0.999999999990991,0.8473282442683411,111,0,20,125,0.023046875,0.00028153153153153153,0.02276534346846847
4,0.75,1.0,crp_dataset_8_1_5.csv|crp_dataset_8_1_6.csv|crp_dataset_8_1_7.csv|crp_dataset_8_1_8.csv,crp_dataset_8_1_3.csv,0.62665427,0.9999999999915966,0.6878612716723246,119,0,54,83,0.0196044921875,5.252100840336135e-05,0.019551971179096638
4,0.75,1.0,crp_dataset_8_1_5.csv|crp_dataset_8_1_6.csv|crp_dataset_8_1_7.csv|crp_dataset_8_1_3.csv,crp_dataset_8_1_2.csv,0.62453336,0.9561403508688058,0.9159663865469246,109,5,10,132,0.039453125,0.0015899122807017546,0.037863212719298246
4,0.75,1.0,crp_dataset_8_1_5.csv|crp_dataset_8_1_6.csv|crp_dataset_8_1_7.csv|crp_dataset_8_1_3.csv,crp_dataset_8_1_1.csv,0.62453336,0.9594594594464937,0.5634920634875913,71,3,55,127,0.0252685546875,0.001097972972972973,0.024170581714527028
4,0.75,1.0,crp_dataset_8_1_5.csv|crp_dataset_8_1_6.csv|crp_dataset_8_1_7.csv|crp_dataset_8_1_3.csv,crp_dataset_8_1_4.csv,0.62453336,0.9416666666588194,0.8625954198407436,113,7,18,118,0.023046875,0.0022916666666666662,0.020755208333333334
4,0.75,1.0,crp_dataset_8_1_5.csv|crp_dataset_8_1_6.csv|crp_dataset_8_1_7.csv|crp_dataset_8_1_3.csv,crp_dataset_8_1_8.csv,0.62453336,0.9692307692158579,0.4565217391271267,63,2,75,116,0.0283203125,0.0032692307692307695,0.02505108173076923
4,0.75,1.0,crp_dataset_8_1_5.csv|crp_dataset_8_1_6.csv|crp_dataset_8_1_2.csv|crp_dataset_8_1_1.csv,crp_dataset_8_1_7.csv,0.6264296,0.9999999999954546,0.9999999999954546,220,0,0,36,0.0095703125,0.00034090909090909094,0.00922940340909091
4,0.75,1.0,crp_dataset_8_1_5.csv|crp_dataset_8_1_6.csv|crp_dataset_8_1_2.csv|crp_dataset_8_1_1.csv,crp_dataset_8_1_4.csv,0.6264296,0.9999999999910714,0.8549618320545423,112,0,19,125,0.023046875,0.00033482142857142863,0.022712053571428574
4,0.75,1.0,crp_dataset_8_1_5.csv|crp_dataset_8_1_6.csv|crp_dataset_8_1_2.csv|crp_dataset_8_1_1.csv,crp_dataset_8_1_8.csv,0.6264296,0.9636363636276033,0.7681159420234195,106,4,32,114,0.0283203125,0.002613636363636363,0.025706676136363637
4,0.75,1.0,crp_dataset_8_1_5.csv|crp_dataset_8_1_6.csv|crp_dataset_8_1_2.csv|crp_dataset_8_1_1.csv,crp_dataset_8_1_3.csv,0.6264296,0.9999999999931973,0.849710982654048,147,0,26,83,0.0196044921875,0.00017006802721088437,0.019434424160289114
4,0.75,1.0,crp_dataset_8_1_5.csv|crp_dataset_8_1_6.csv|crp_dataset_8_1_2.csv|crp_dataset_8_1_4.csv,crp_dataset_8_1_7.csv,0.6554065,0.9999999999954546,0.9999999999954546,220,0,0,36,0.0095703125,0.00034090909090909094,0.00922940340909091
4,0.75,1.0,crp_dataset_8_1_5.csv|crp_dataset_8_1_6.csv|crp_dataset_8_1_2.csv|crp_dataset_8_1_4.csv,crp_dataset_8_1_1.csv,0.6554065,0.9411764705743945,0.5079365079324767,64,4,62,126,0.0252685546875,0.0010110294117647058,0.024257525275735294
4,0.75,1.0,crp_dataset_8_1_5.csv|crp_dataset_8_1_6.csv|crp_dataset_8_1_2.csv|crp_dataset_8_1_4.csv,crp_dataset_8_1_8.csv,0.6554065,0.8367346938690129,0.5942028985464188,82,16,56,102,0.0283203125,0.005165816326530612,0.023154496173469388
4,0.75,1.0,crp_dataset_8_1_5.csv|crp_dataset_8_1_6.csv|crp_dataset_8_1_2.csv|crp_dataset_8_1_4.csv,crp_dataset_8_1_3.csv,0.6554065,0.999999999992126,0.7341040462385312,127,0,46,83,0.0196044921875,4.9212598425196856e-05,0.0195552795890748
4,0.75,1.0,crp_dataset_8_1_5.csv|crp_dataset_8_1_6.csv|crp_dataset_8_1_2.csv|crp_dataset_8_1_8.csv,crp_dataset_8_1_7.csv,0.6012497,0.9999999999954546,0.9999999999954546,220,0,0,36,0.0095703125,0.00034090909090909094,0.00922940340909091
4,0.75,1.0,crp_dataset_8_1_5.csv|crp_dataset_8_1_6.csv|crp_dataset_8_1_2.csv|crp_dataset_8_1_8.csv,crp_dataset_8_1_1.csv,0.6012497,0.9083969465579512,0.9444444444369489,119,12,7,118,0.0252685546875,0.0024332061068702286,0.022835348580629772
4,0.75,1.0,crp_dataset_8_1_5.csv|crp_dataset_8_1_6.csv|crp_dataset_8_1_2.csv|crp_dataset_8_1_8.csv,crp_dataset_8_1_4.csv,0.6012497,0.9318181818111226,0.9389312977027563,123,9,8,116,0.023046875,0.0026041666666666665,0.020442708333333334
4,0.75,1.0,crp_dataset_8_1_5.csv|crp_dataset_8_1_6.csv|crp_dataset_8_1_2.csv|crp_dataset_8_1_8.csv,crp_dataset_8_1_3.csv,0.6012497,0.9418604651108032,0.9364161849656855,162,10,11,73,0.0196044921875,0.0028343023255813955,0.016770189861918604
4,0.75,1.0,crp_dataset_8_1_5.csv|crp_dataset_8_1_6.csv|crp_dataset_8_1_2.csv|crp_dataset_8_1_3.csv,crp_dataset_8_1_7.csv,0.62947905,0.9999999999954546,0.9999999999954546,220,0,0,36,0.0095703125,0.00034090909090909094,0.00922940340909091
4,0.75,1.0,crp_dataset_8_1_5.csv|crp_dataset_8_1_6.csv|crp_dataset_8_1_2.csv|crp_dataset_8_1_3.csv,crp_dataset_8_1_1.csv,0.62947905,0.8760330578439997,0.8412698412631645,106,15,20,115,0.0252685546875,0.003873966942148761,0.02139458774535124
4,0.75,1.0,crp_dataset_8_1_5.csv|crp_dataset_8_1_6.csv|crp_dataset_8_1_2.csv|crp_dataset_8_1_3.csv,crp_dataset_8_1_4.csv,0.62947905,0.9274193548312305,0.8778625954131462,115,9,16,116,0.023046875,0.0037802419354838715,0.01926663306451613
4,0.75,1.0,crp_dataset_8_1_5.csv|crp_dataset_8_1_6.csv|crp_dataset_8_1_2.csv|crp_dataset_8_1_3.csv,crp_dataset_8_1_8.csv,0.62947905,0.8556701030839622,0.6014492753579606,83,14,55,104,0.0283203125,0.004768041237113402,0.023552271262886598
4,0.75,1.0,crp_dataset_8_1_5.csv|crp_dataset_8_1_6.csv|crp_dataset_8_1_1.csv|crp_dataset_8_1_4.csv,crp_dataset_8_1_7.csv,0.6656918,0.9999999999954546,0.9999999999954546,220,0,0,36,0.0095703125,0.00034090909090909094,0.00922940340909091
4,0.75,1.0,crp_dataset_8_1_5.csv|crp_dataset_8_1_6.csv|crp_dataset_8_1_1.csv|crp_dataset_8_1_4.csv,crp_dataset_8_1_2.csv,0.6656918,0.9425287356213502,0.6890756302463102,82,5,37,132,0.039453125,0.0020114942528735636,0.037441630747126434
4,0.75,1.0,crp_dataset_8_1_5.csv|crp_dataset_8_1_6.csv|crp_dataset_8_1_1.csv|crp_dataset_8_1_4.csv,crp_dataset_8_1_8.csv,0.6656918,0.9696969696871748,0.6956521739080026,96,3,42,115,0.0283203125,0.002588383838383838,0.025731928661616162
4,0.75,1.0,crp_dataset_8_1_5.csv|crp_dataset_8_1_6.csv|crp_dataset_8_1_1.csv|crp_dataset_8_1_4.csv,crp_dataset_8_1_3.csv,0.6656918,0.9863945578164192,0.8381502890124963,145,2,28,81,0.0196044921875,0.00034013605442176874,0.019264356133078232
4,0.75,1.0,crp_dataset_8_1_5.csv|crp_dataset_8_1_6.csv|crp_dataset_8_1_1.csv|crp_dataset_8_1_8.csv,crp_dataset_8_1_7.csv,0.604823,0.9999999999954546,0.9999999999954546,220,0,0,36,0.0095703125,0.00034090909090909094,0.00922940340909091
4,0.75,1.0,crp_dataset_8_1_5.csv|crp_dataset_8_1_6.csv|crp_dataset_8_1_1.csv|crp_dataset_8_1_8.csv,crp_dataset_8_1_2.csv,0.604823,0.9999999999878049,0.6890756302463102,82,0,37,137,0.039453125,0.0013719512195121953,0.0380811737804878
4,0.75,1.0,crp_dataset_8_1_5.csv|crp_dataset_8_1_6.csv|crp_dataset_8_1_1.csv|crp_dataset_8_1_8.csv,crp_dataset_8_1_4.csv,0.604823,0.9767441860389401,0.9618320610613601,126,3,5,122,0.023046875,0.0006782945736434108,0.02236858042635659
4,0.75,1.0,crp_dataset_8_1_5.csv|crp_dataset_8_1_6.csv|crp_dataset_8_1_1.csv|crp_dataset_8_1_8.csv,crp_dataset_8_1_3.csv,0.604823,0.9999999999931973,0.849710982654048,147,0,26,83,0.0196044921875,0.00012755102040816328,0.019476941167091835
4,0.75,1.0,crp_dataset_8_1_5.csv|crp_dataset_8_1_6.csv|crp_dataset_8_1_1.csv|crp_dataset_8_1_3.csv,crp_dataset_8_1_7.csv,0.68299603,0.9999999999954546,0.9999999999954546,220,0,0,36,0.0095703125,0.00034090909090909094,0.00922940340909091
4,0.75,1.0,crp_dataset_8_1_5.csv|crp_dataset_8_1_6.csv|crp_dataset_8_1_1.csv|crp_dataset_8_1_3.csv,crp_dataset_8_1_2.csv,0.68299603,0.9999999999907407,0.9075630252024575,108,0,11,137,0.039453125,0.0010416666666666669,0.03841145833333333
4,0.75,1.0,crp_dataset_8_1_5.csv|crp_dataset_8_1_6.csv|crp_dataset_8_1_1.csv|crp_dataset_8_1_3.csv,crp_dataset_8_1_4.csv,0.68299603,0.999999999990991,0.8473282442683411,111,0,20,125,0.023046875,0.00028153153153153153,0.02276534346846847
4,0.75,1.0,crp_dataset_8_1_5.csv|crp_dataset_8_1_6.csv|crp_dataset_8_1_1.csv|crp_dataset_8_1_3.csv,crp_dataset_8_1_8.csv,0.68299603,0.9999999999870129,0.5579710144887104,77,0,61,118,0.0283203125,0.0023538961038961042,0.025966416396103895
4,0.75,1.0,crp_dataset_8_1_5.csv|crp_dataset_8_1_6.csv|crp_dataset_8_1_4.csv|crp_dataset_8_1_8.csv,crp_dataset_8_1_7.csv,0.6671204,0.9999999999954546,0.9999999999954546,220,0,0,36,0.0095703125,0.00034090909090909094,0.00922940340909091
4,0.75,1.0,crp_dataset_8_1_5.csv|crp_dataset_8_1_6.csv|crp_dataset_8_1_4.csv|crp_dataset_8_1_8.csv,crp_dataset_8_1_2.csv,0.6671204,0.9425287356213502,0.6890756302463102,82,5,37,132,0.039453125,0.0020114942528735636,0.037441630747126434
4,0.75,1.0,crp_dataset_8_1_5.csv|crp_dataset_8_1_6.csv|crp_dataset_8_1_4.csv|crp_dataset_8_1_8.csv,crp_dataset_8_1_1.csv,0.6671204,0.9999999999890109,0.7222222222164902,91,0,35,130,0.0252685546875,6.868131868131868e-05,0.02519987336881868
4,0.75,1.0,crp_dataset_8_1_5.csv|crp_dataset_8_1_6.csv|crp_dataset_8_1_4.csv|crp_dataset_8_1_8.csv,crp_dataset_8_1_3.csv,0.6671204,0.9852941176398141,0.7745664739839621,134,2,39,81,0.0196044921875,0.00022977941176470588,0.019374712775735294
4,0.75,1.0,crp_dataset_8_1_5.csv|crp_dataset_8_1_6.csv|crp_dataset_8_1_4.csv|crp_dataset_8_1_3.csv,crp_dataset_8_1_7.csv,0.6080676,0.9999999999954546,0.9999999999954546,220,0,0,36,0.0095703125,0.00034090909090909094,0.00922940340909091
4,0.75,1.0,crp_dataset_8_1_5.csv|crp_dataset_8_1_6.csv|crp_dataset_8_1_4.csv|crp_dataset_8_1_3.csv,crp_dataset_8_1_2.csv,0.6080676,0.9999999999886363,0.7394957983131134,88,0,31,137,0.039453125,0.0012784090909090911,0.038174715909090905
4,0.75,1.0,crp_dataset_8_1_5.csv|crp_dataset_8_1_6.csv|crp_dataset_8_1_4.csv|crp_dataset_8_1_3.csv,crp_dataset_8_1_1.csv,0.6080676,0.9999999999875,0.6349206349155958,80,0,46,130,0.0252685546875,7.8125e-05,0.0251904296875
4,0.75,1.0,crp_dataset_8_1_5.csv|crp_dataset_8_1_6.csv|crp_dataset_8_1_4.csv|crp_dataset_8_1_3.csv,crp_dataset_8_1_8.csv,0.6080676,0.9759036144460734,0.5869565217348772,81,2,57,116,0.0283203125,0.0027108433734939763,0.025609469126506024
4,0.75,1.0,crp_dataset_8_1_5.csv|crp_dataset_8_1_6.csv|crp_dataset_8_1_8.csv|crp_dataset_8_1_3.csv,crp_dataset_8_1_7.csv,0.60355234,0.9999999999954546,0.9999999999954546,220,0,0,36,0.0095703125,0.00034090909090909094,0.00922940340909091
4,0.75,1.0,crp_dataset_8_1_5.csv|crp_dataset_8_1_6.csv|crp_dataset_8_1_8.csv|crp_dataset_8_1_3.csv,crp_dataset_8_1_2.csv,0.60355234,0.9818181818092562,0.9075630252024575,108,2,11,135,0.039453125,0.00125,0.038203125
4,0.75,1.0,crp_dataset_8_1_5.csv|crp_dataset_8_1_6.csv|crp_dataset_8_1_8.csv|crp_dataset_8_1_3.csv,crp_dataset_8_1_1.csv,0.60355234,0.9365079365005039,0.9365079365005039,118,8,8,122,0.0252685546875,0.0016865079365079366,0.023582046750992063
4,0.75,1.0,crp_dataset_8_1_5.csv|crp_dataset_8_1_6.csv|crp_dataset_8_1_8.csv|crp_dataset_8_1_3.csv,crp_dataset_8_1_4.csv,0.60355234,0.983999999992128,0.9389312977027563,123,2,8,123,0.023046875,0.0006000000000000001,0.022446875
4,0.75,1.0,crp_dataset_8_1_5.csv|crp_dataset_8_1_7.csv|crp_dataset_8_1_2.csv|crp_dataset_8_1_1.csv,crp_dataset_8_1_6.csv,0.63085204,0.8582677165286751,0.7785714285658674,109,18,31,98,0.026928710937499996,0.007431102362204724,0.019497608575295273
4,0.75,1.0,crp_dataset_8_1_5.csv|crp_dataset_8_1_7.csv|crp_dataset_8_1_2.csv|crp_dataset_8_1_1.csv,crp_dataset_8_1_4.csv,0.63085204,0.999999999991228,0.8702290076269449,114,0,17,125,0.023046875,0.0003289473684210527,0.022717927631578948
4,0.75,1.0,crp_dataset_8_1_5.csv|crp_dataset_8_1_7.csv|crp_dataset_8_1_2.csv|crp_dataset_8_1_1.csv,crp_dataset_8_1_8.csv,0.63085204,0.9999999999875,0.5797101449233355,80,0,58,118,0.0283203125,0.002265625,0.0260546875
4,0.75,1.0,crp_dataset_8_1_5.csv|crp_dataset_8_1_7.csv|crp_dataset_8_1_2.csv|crp_dataset_8_1_1.csv,crp_dataset_8_1_3.csv,0.63085204,0.9999999999936307,0.9075144508618064,157,0,16,83,0.0196044921875,0.00015923566878980894,0.01944525651871019
4,0.75,1.0,crp_dataset_8_1_5.csv|crp_dataset_8_1_7.csv|crp_dataset_8_1_2.csv|crp_dataset_8_1_4.csv,crp_dataset_8_1_6.csv,0.6104873,0.9999999999873417,0.5642857142816837,79,0,61,116,0.026928710937499996,7.911392405063291e-05,0.026849597013449363
4,0.75,1.0,crp_dataset_8_1_5.csv|crp_dataset_8_1_7.csv|crp_dataset_8_1_2.csv|crp_dataset_8_1_4.csv,crp_dataset_8_1_1.csv,0.6104873,0.8873239436494743,0.49999999999603173,63,8,63,122,0.0252685546875,0.005193661971830986,0.020074892715669014
4,0.75,1.0,crp_dataset_8_1_5.csv|crp_dataset_8_1_7.csv|crp_dataset_8_1_2.csv|crp_dataset_8_1_4.csv,crp_dataset_8_1_8.csv,0.6104873,0.778846153838665,0.5869565217348772,81,23,57,95,0.0283203125,0.00997596153846154,0.018344350961538462
4,0.75,1.0,crp_dataset_8_1_5.csv|crp_dataset_8_1_7.csv|crp_dataset_8_1_2.csv|crp_dataset_8_1_4.csv,crp_dataset_8_1_3.csv,0.6104873,0.9999999999918032,0.705202312134652,122,0,51,83,0.0196044921875,0.0,0.0196044921875
4,0.75,1.0,crp_dataset_8_1_5.csv|crp_dataset_8_1_7.csv|crp_dataset_8_1_2.csv|crp_dataset_8_1_8.csv,crp_dataset_8_1_6.csv,0.62339014,0.6815642458062483,0.871428571422347,122,57,18,59,0.026928710937499996,0.016689944134078212,0.010238766803421784
4,0.75,1.0,crp_dataset_8_1_5.csv|crp_dataset_8_1_7.csv|crp_dataset_8_1_2.csv|crp_dataset_8_1_8.csv,crp_dataset_8_1_1.csv,0.62339014,0.8507462686503676,0.9047619047547241,114,20,12,110,0.0252685546875,0.005783582089552239,0.01948497259794776
4,0.75,1.0,crp_dataset_8_1_5.csv|crp_dataset_8_1_7.csv|crp_dataset_8_1_2.csv|crp_dataset_8_1_8.csv,crp_dataset_8_1_4.csv,0.62339014,0.770186335398943,0.9465648854889576,124,37,7,88,0.023046875,0.010675465838509318,0.012371409161490684
4,0.75,1.0,crp_dataset_8_1_5.csv|crp_dataset_8_1_7.csv|crp_dataset_8_1_2.csv|crp_dataset_8_1_8.csv,crp_dataset_8_1_3.csv,0.62339014,0.8609625668403158,0.9306358381449097,161,26,12,57,0.0196044921875,0.008121657754010695,0.011482834433489304
4,0.75,1.0,crp_dataset_8_1_5.csv|crp_dataset_8_1_7.csv|crp_dataset_8_1_2.csv|crp_dataset_8_1_3.csv,crp_dataset_8_1_6.csv,0.6021196,0.8235294117577855,0.6999999999950001,98,21,42,95,0.026928710937499996,0.007983193277310924,0.018945517660189072
4,0.75,1.0,crp_dataset_8_1_5.csv|crp_dataset_8_1_7.csv|crp_dataset_8_1_2.csv|crp_dataset_8_1_3.csv,crp_dataset_8_1_1.csv,0.6021196,0.653225806446345,0.6428571428520408,81,43,45,87,0.0252685546875,0.013760080645161288,0.011508474042338712
4,0.75,1.0,crp_dataset_8_1_5.csv|crp_dataset_8_1_7.csv|crp_dataset_8_1_2.csv|crp_dataset_8_1_3.csv,crp_dataset_8_1_4.csv,0.6021196,0.8251748251690548,0.90076335877175,118,25,13,100,0.023046875,0.009353146853146855,0.013693728146853146
4,0.75,1.0,crp_dataset_8_1_5.csv|crp_dataset_8_1_7.csv|crp_dataset_8_1_2.csv|crp_dataset_8_1_3.csv,crp_dataset_8_1_8.csv,0.6021196,0.7663551401797537,0.5942028985464188,82,25,56,93,0.0283203125,0.008878504672897195,0.019441807827102805
4,0.75,1.0,crp_dataset_8_1_5.csv|crp_dataset_8_1_7.csv|crp_dataset_8_1_1.csv|crp_dataset_8_1_4.csv,crp_dataset_8_1_6.csv,0.71435213,0.9908256880643043,0.7714285714230613,108,1,32,115,0.026928710937499996,0.0004013761467889908,0.026527334790711007
4,0.75,1.0,crp_dataset_8_1_5.csv|crp_dataset_8_1_7.csv|crp_dataset_8_1_1.csv|crp_dataset_8_1_4.csv,crp_dataset_8_1_2.csv,0.71435213,0.9425287356213502,0.6890756302463102,82,5,37,132,0.039453125,0.0020114942528735636,0.037441630747126434
4,0.75,1.0,crp_dataset_8_1_5.csv|crp_dataset_8_1_7.csv|crp_dataset_8_1_1.csv|crp_dataset_8_1_4.csv,crp_dataset_8_1_8.csv,0.71435213,0.9753086419632677,0.5724637681117938,79,2,59,116,0.0283203125,0.0025462962962962965,0.025774016203703703
4,0.75,1.0,crp_dataset_8_1_5.csv|crp_dataset_8_1_7.csv|crp_dataset_8_1_1.csv|crp_dataset_8_1_4.csv,crp_dataset_8_1_3.csv,0.71435213,0.9848484848410239,0.7514450867008587,130,2,43,81,0.0196044921875,0.00023674242424242425,0.019367749763257575
4,0.75,1.0,crp_dataset_8_1_5.csv|crp_dataset_8_1_7.csv|crp_dataset_8_1_1.csv|crp_dataset_8_1_8.csv,crp_dataset_8_1_6.csv,0.65350413,0.95999999999232,0.8571428571367348,120,5,20,111,0.026928710937499996,0.002,0.024928710937499994
4,0.75,1.0,crp_dataset_8_1_5.csv|crp_dataset_8_1_7.csv|crp_dataset_8_1_1.csv|crp_dataset_8_1_8.csv,crp_dataset_8_1_2.csv,0.65350413,0.9999999999882353,0.7142857142797119,85,0,34,137,0.039453125,0.001323529411764706,0.038129595588235296
4,0.75,1.0,crp_dataset_8_1_5.csv|crp_dataset_8_1_7.csv|crp_dataset_8_1_1.csv|crp_dataset_8_1_8.csv,crp_dataset_8_1_4.csv,0.65350413,0.999999999991228,0.8702290076269449,114,0,17,125,0.023046875,0.00038377192982456146,0.02266310307017544
4,0.75,1.0,crp_dataset_8_1_5.csv|crp_dataset_8_1_7.csv|crp_dataset_8_1_1.csv|crp_dataset_8_1_8.csv,crp_dataset_8_1_3.csv,0.65350413,0.9695121951160396,0.919075144503358,159,5,14,78,0.0196044921875,0.0016006097560975607,0.01800388243140244
4,0.75,1.0,crp_dataset_8_1_5.csv|crp_dataset_8_1_7.csv|crp_dataset_8_1_1.csv|crp_dataset_8_1_3.csv,crp_dataset_8_1_6.csv,0.6044267,0.8776978417203044,0.871428571422347,122,17,18,99,0.026928710937499996,0.006025179856115107,0.020903531081384888
4,0.75,1.0,crp_dataset_8_1_5.csv|crp_dataset_8_1_7.csv|crp_dataset_8_1_1.csv|crp_dataset_8_1_3.csv,crp_dataset_8_1_2.csv,0.6044267,0.9999999999911504,0.9495798319247934,113,0,6,137,0.039453125,0.0013274336283185843,0.03812569137168141
4,0.75,1.0,crp_dataset_8_1_5.csv|crp_dataset_8_1_7.csv|crp_dataset_8_1_1.csv|crp_dataset_8_1_3.csv,crp_dataset_8_1_4.csv,0.6044267,0.9999999999910714,0.8549618320545423,112,0,19,125,0.023046875,0.00027901785714285713,0.022767857142857145
4,0.75,1.0,crp_dataset_8_1_5.csv|crp_dataset_8_1_7.csv|crp_dataset_8_1_1.csv|crp_dataset_8_1_3.csv,crp_dataset_8_1_8.csv,0.6044267,0.9999999999883721,0.6231884057925856,86,0,52,118,0.0283203125,0.0021802325581395353,0.026140079941860465
4,0.75,1.0,crp_dataset_8_1_5.csv|crp_dataset_8_1_7.csv|crp_dataset_8_1_4.csv|crp_dataset_8_1_8.csv,crp_dataset_8_1_6.csv,0.6051311,0.9532710280284741,0.7285714285662246,102,5,38,111,0.026928710937499996,0.0010514018691588785,0.02587730906834112
4,0.75,1.0,crp_dataset_8_1_5.csv|crp_dataset_8_1_7.csv|crp_dataset_8_1_4.csv|crp_dataset_8_1_8.csv,crp_dataset_8_1_2.csv,0.6051311,0.9999999999878049,0.6890756302463102,82,0,37,137,0.039453125,0.0013719512195121953,0.0380811737804878
4,0.75,1.0,crp_dataset_8_1_5.csv|crp_dataset_8_1_7.csv|crp_dataset_8_1_4.csv|crp_dataset_8_1_8.csv,crp_dataset_8_1_1.csv,0.6051311,0.9285714285581632,0.5158730158689216,65,5,61,125,0.0252685546875,0.0011607142857142858,0.024107840401785714
4,0.75,1.0,crp_dataset_8_1_5.csv|crp_dataset_8_1_7.csv|crp_dataset_8_1_4.csv|crp_dataset_8_1_8.csv,crp_dataset_8_1_3.csv,0.6051311,0.9846153846078107,0.7398843930593071,128,2,45,81,0.0196044921875,0.0004807692307692308,0.019123722956730767
4,0.75,1.0,crp_dataset_8_1_5.csv|crp_dataset_8_1_7.csv|crp_dataset_8_1_4.csv|crp_dataset_8_1_3.csv,crp_dataset_8_1_6.csv,0.6346663,0.9137931034403983,0.757142857137449,106,10,34,106,0.026928710937499996,0.0024245689655172415,0.024504141971982755
4,0.75,1.0,crp_dataset_8_1_5.csv|crp_dataset_8_1_7.csv|crp_dataset_8_1_4.csv|crp_dataset_8_1_3.csv,crp_dataset_8_1_2.csv,0.6346663,0.9999999999895833,0.806722689068851,96,0,23,137,0.039453125,0.001171875,0.038281249999999996
4,0.75,1.0,crp_dataset_8_1_5.csv|crp_dataset_8_1_7.csv|crp_dataset_8_1_4.csv|crp_dataset_8_1_3.csv,crp_dataset_8_1_1.csv,0.6346663,0.9999999999855071,0.5476190476147014,69,0,57,130,0.0252685546875,9.057971014492754e-05,0.025177974977355074
4,0.75,1.0,crp_dataset_8_1_5.csv|crp_dataset_8_1_7.csv|crp_dataset_8_1_4.csv|crp_dataset_8_1_3.csv,crp_dataset_8_1_8.csv,0.6346663,0.999999999983871,0.449275362315585,62,0,76,118,0.0283203125,0.002923387096774194,0.025396925403225808
4,0.75,1.0,crp_dataset_8_1_5.csv|crp_dataset_8_1_7.csv|crp_dataset_8_1_8.csv|crp_dataset_8_1_3.csv,crp_dataset_8_1_6.csv,0.6436181,0.8758620689594768,0.9071428571363777,127,18,13,98,0.026928710937499996,0.005775862068965517,0.02115284886853448
4,0.75,1.0,crp_dataset_8_1_5.csv|crp_dataset_8_1_7.csv|crp_dataset_8_1_8.csv|crp_dataset_8_1_3.csv,crp_dataset_8_1_2.csv,0.6436181,0.9999999999913043,0.9663865546137278,115,0,4,137,0.039453125,0.001358695652173913,0.038094429347826086
4,0.75,1.0,crp_dataset_8_1_5.csv|crp_dataset_8_1_7.csv|crp_dataset_8_1_8.csv|crp_dataset_8_1_3.csv,crp_dataset_8_1_1.csv,0.6436181,0.9743589743506464,0.9047619047547241,114,3,12,127,0.0252685546875,0.0008012820512820513,0.024467272636217948
4,0.75,1.0,crp_dataset_8_1_5.csv|crp_dataset_8_1_7.csv|crp_dataset_8_1_8.csv|crp_dataset_8_1_3.csv,crp_dataset_8_1_4.csv,0.6436181,0.999999999990991,0.8473282442683411,111,0,20,125,0.023046875,0.00028153153153153153,0.02276534346846847
4,0.75,1.0,crp_dataset_8_1_5.csv|crp_dataset_8_1_2.csv|crp_dataset_8_1_1.csv|crp_dataset_8_1_4.csv,crp_dataset_8_1_6.csv,0.62015265,0.9237288135514938,0.7785714285658674,109,9,31,107,0.026928710937499996,0.004502118644067797,0.022426592293432197
4,0.75,1.0,crp_dataset_8_1_5.csv|crp_dataset_8_1_2.csv|crp_dataset_8_1_1.csv|crp_dataset_8_1_4.csv,crp_dataset_8_1_7.csv,0.62015265,0.9999999999954546,0.9999999999954546,220,0,0,36,0.0095703125,0.00034090909090909094,0.00922940340909091
4,0.75,1.0,crp_dataset_8_1_5.csv|crp_dataset_8_1_2.csv|crp_dataset_8_1_1.csv|crp_dataset_8_1_4.csv,crp_dataset_8_1_8.csv,0.62015265,0.9999999999876543,0.5869565217348772,81,0,57,118,0.0283203125,0.0022376543209876544,0.026082658179012345
4,0.75,1.0,crp_dataset_8_1_5.csv|crp_dataset_8_1_2.csv|crp_dataset_8_1_1.csv|crp_dataset_8_1_4.csv,crp_dataset_8_1_3.csv,0.62015265,0.9999999999936307,0.9075144508618064,157,0,16,83,0.0196044921875,0.00015923566878980894,0.01944525651871019
4,0.75,1.0,crp_dataset_8_1_5.csv|crp_dataset_8_1_2.csv|crp_dataset_8_1_1.csv|crp_dataset_8_1_8.csv,crp_dataset_8_1_6.csv,0.67071605,0.9565217391221171,0.7857142857086735,110,5,30,111,0.026928710937499996,0.0024456521739130437,0.024483058763586953
4,0.75,1.0,crp_dataset_8_1_5.csv|crp_dataset_8_1_2.csv|crp_dataset_8_1_1.csv|crp_dataset_8_1_8.csv,crp_dataset_8_1_7.csv,0.67071605,0.9999999999954546,0.9999999999954546,220,0,0,36,0.0095703125,0.00034090909090909094,0.00922940340909091
4,0.75,1.0,crp_dataset_8_1_5.csv|crp_dataset_8_1_2.csv|crp_dataset_8_1_1.csv|crp_dataset_8_1_8.csv,crp_dataset_8_1_4.csv,0.67071605,0.9999999999910714,0.8549618320545423,112,0,19,125,0.023046875,0.00033482142857142863,0.022712053571428574
4,0.75,1.0,crp_dataset_8_1_5.csv|crp_dataset_8_1_2.csv|crp_dataset_8_1_1.csv|crp_dataset_8_1_8.csv,crp_dataset_8_1_3.csv,0.67071605,0.9936708860696604,0.9075144508618064,157,1,16,82,0.0196044921875,0.00043512658227848095,0.01916936560522152
4,0.75,1.0,crp_dataset_8_1_5.csv|crp_dataset_8_1_2.csv|crp_dataset_8_1_1.csv|crp_dataset_8_1_3.csv,crp_dataset_8_1_6.csv,0.6202752,0.8759689922412717,0.8071428571370919,113,16,27,100,0.026928710937499996,0.006201550387596899,0.020727160549903097
4,0.75,1.0,crp_dataset_8_1_5.csv|crp_dataset_8_1_2.csv|crp_dataset_8_1_1.csv|crp_dataset_8_1_3.csv,crp_dataset_8_1_7.csv,0.6202752,0.9999999999954546,0.9999999999954546,220,0,0,36,0.0095703125,0.00034090909090909094,0.00922940340909091
4,0.75,1.0,crp_dataset_8_1_5.csv|crp_dataset_8_1_2.csv|crp_dataset_8_1_1.csv|crp_dataset_8_1_3.csv,crp_dataset_8_1_4.csv,0.6202752,0.999999999991228,0.8702290076269449,114,0,17,125,0.023046875,0.0003289473684210527,0.022717927631578948
4,0.75,1.0,crp_dataset_8_1_5.csv|crp_dataset_8_1_2.csv|crp_dataset_8_1_1.csv|crp_dataset_8_1_3.csv,crp_dataset_8_1_8.csv,0.6202752,0.9999999999875,0.5797101449233355,80,0,58,118,0.0283203125,0.002265625,0.0260546875
4,0.75,1.0,crp_dataset_8_1_5.csv|crp_dataset_8_1_2.csv|crp_dataset_8_1_4.csv|crp_dataset_8_1_8.csv,crp_dataset_8_1_6.csv,0.613514,0.9999999999878049,0.5857142857101021,82,0,58,116,0.026928710937499996,0.0002286585365853659,0.02670005240091463
4,0.75,1.0,crp_dataset_8_1_5.csv|crp_dataset_8_1_2.csv|crp_dataset_8_1_4.csv|crp_dataset_8_1_8.csv,crp_dataset_8_1_7.csv,0.613514,0.9999999999954546,0.9999999999954546,220,0,0,36,0.0095703125,0.00034090909090909094,0.00922940340909091
4,0.75,1.0,crp_dataset_8_1_5.csv|crp_dataset_8_1_2.csv|crp_dataset_8_1_4.csv|crp_dataset_8_1_8.csv,crp_dataset_8_1_1.csv,0.613514,0.9999999999850746,0.5317460317418116,67,0,59,130,0.0252685546875,9.328358208955224e-05,0.025175271105410447
4,0.75,1.0,crp_dataset_8_1_5.csv|crp_dataset_8_1_2.csv|crp_dataset_8_1_4.csv|crp_dataset_8_1_8.csv,crp_dataset_8_1_3.csv,0.613514,0.9999999999926471,0.7861271676255137,136,0,37,83,0.0196044921875,0.0,0.0196044921875
4,0.75,1.0,crp_dataset_8_1_5.csv|crp_dataset_8_1_2.csv|crp_dataset_8_1_4.csv|crp_dataset_8_1_3.csv,crp_dataset_8_1_6.csv,0.6728407,0.936936936928496,0.7428571428518368,104,7,36,109,0.026928710937499996,0.0020270270270270267,0.02490168391047297
4,0.75,1.0,crp_dataset_8_1_5.csv|crp_dataset_8_1_2.csv|crp_dataset_8_1_4.csv|crp_dataset_8_1_3.csv,crp_dataset_8_1_7.csv,0.6728407,0.9999999999954546,0.9999999999954546,220,0,0,36,0.0095703125,0.00034090909090909094,0.00922940340909091
4,0.75,1.0,crp_dataset_8_1_5.csv|crp_dataset_8_1_2.csv|crp_dataset_8_1_4.csv|crp_dataset_8_1_3.csv,crp_dataset_8_1_1.csv,0.6728407,0.999999999984127,0.49999999999603173,63,0,63,130,0.0252685546875,9.92063492063492e-05,0.02516934833829365
4,0.75,1.0,crp_dataset_8_1_5.csv|crp_dataset_8_1_2.csv|crp_dataset_8_1_4.csv|crp_dataset_8_1_3.csv,crp_dataset_8_1_8.csv,0.6728407,0.9999999999843749,0.4637681159386684,64,0,74,118,0.0283203125,0.0028320312500000003,0.02548828125
4,0.75,1.0,crp_dataset_8_1_5.csv|crp_dataset_8_1_2.csv|crp_dataset_8_1_8.csv|crp_dataset_8_1_3.csv,crp_dataset_8_1_6.csv,0.69378114,0.9999999999876543,0.5785714285672959,81,0,59,116,0.026928710937499996,0.00038580246913580245,0.02654290846836419
4,0.75,1.0,crp_dataset_8_1_5.csv|crp_dataset_8_1_2.csv|crp_dataset_8_1_8.csv|crp_dataset_8_1_3.csv,crp_dataset_8_1_7.csv,0.69378114,0.9999999999954546,0.9999999999954546,220,0,0,36,0.0095703125,0.00034090909090909094,0.00922940340909091
4,0.75,1.0,crp_dataset_8_1_5.csv|crp_dataset_8_1_2.csv|crp_dataset_8_1_8.csv|crp_dataset_8_1_3.csv,crp_dataset_8_1_1.csv,0.69378114,0.9909090909000826,0.8650793650724994,109,1,17,129,0.0252685546875,0.00039772727272727274,0.024870827414772728
4,0.75,1.0,crp_dataset_8_1_5.csv|crp_dataset_8_1_2.csv|crp_dataset_8_1_8.csv|crp_dataset_8_1_3.csv,crp_dataset_8_1_4.csv,0.69378114,0.9911504424691049,0.8549618320545423,112,1,19,124,0.023046875,0.0008849557522123895,0.022161919247787612
4,0.75,1.0,crp_dataset_8_1_5.csv|crp_dataset_8_1_1.csv|crp_dataset_8_1_4.csv|crp_dataset_8_1_8.csv,crp_dataset_8_1_6.csv,0.61441016,0.936170212759318,0.9428571428504082,132,9,8,107,0.026928710937499996,0.0024379432624113476,0.02449076767508865
4,0.75,1.0,crp_dataset_8_1_5.csv|crp_dataset_8_1_1.csv|crp_dataset_8_1_4.csv|crp_dataset_8_1_8.csv,crp_dataset_8_1_7.csv,0.61441016,0.9999999999954546,0.9999999999954546,220,0,0,36,0.0095703125,0.00034090909090909094,0.00922940340909091
4,0.75,1.0,crp_dataset_8_1_5.csv|crp_dataset_8_1_1.csv|crp_dataset_8_1_4.csv|crp_dataset_8_1_8.csv,crp_dataset_8_1_2.csv,0.61441016,0.9425287356213502,0.6890756302463102,82,5,37,132,0.039453125,0.0020114942528735636,0.037441630747126434
4,0.75,1.0,crp_dataset_8_1_5.csv|crp_dataset_8_1_1.csv|crp_dataset_8_1_4.csv|crp_dataset_8_1_8.csv,crp_dataset_8_1_3.csv,0.61441016,0.9733333333268445,0.8439306358332721,146,4,27,79,0.0196044921875,0.0013333333333333335,0.018271158854166667
4,0.75,1.0,crp_dataset_8_1_5.csv|crp_dataset_8_1_1.csv|crp_dataset_8_1_4.csv|crp_dataset_8_1_3.csv,crp_dataset_8_1_6.csv,0.6045792,0.8333333333283731,0.9999999999928573,140,28,0,88,0.026928710937499996,0.0073660714285714276,0.01956263950892857
4,0.75,1.0,crp_dataset_8_1_5.csv|crp_dataset_8_1_1.csv|crp_dataset_8_1_4.csv|crp_dataset_8_1_3.csv,crp_dataset_8_1_7.csv,0.6045792,0.9999999999954546,0.9999999999954546,220,0,0,36,0.0095703125,0.00034090909090909094,0.00922940340909091
4,0.75,1.0,crp_dataset_8_1_5.csv|crp_dataset_8_1_1.csv|crp_dataset_8_1_4.csv|crp_dataset_8_1_3.csv,crp_dataset_8_1_2.csv,0.6045792,0.9999999999894736,0.7983193277243839,95,0,24,137,0.039453125,0.0011842105263157896,0.03826891447368421
4,0.75,1.0,crp_dataset_8_1_5.csv|crp_dataset_8_1_1.csv|crp_dataset_8_1_4.csv|crp_dataset_8_1_3.csv,crp_dataset_8_1_8.csv,0.6045792,0.9999999999882353,0.615942028981044,85,0,53,118,0.0283203125,0.002352941176470589,0.02596737132352941
4,0.75,1.0,crp_dataset_8_1_5.csv|crp_dataset_8_1_1.csv|crp_dataset_8_1_8.csv|crp_dataset_8_1_3.csv,crp_dataset_8_1_6.csv,0.60482895,0.9210526315728879,0.9999999999928573,140,12,0,104,0.026928710937499996,0.003289473684210526,0.02363923725328947
4,0.75,1.0,crp_dataset_8_1_5.csv|crp_dataset_8_1_1.csv|crp_dataset_8_1_8.csv|crp_dataset_8_1_3.csv,crp_dataset_8_1_7.csv,0.60482895,0.9999999999954546,0.9999999999954546,220,0,0,36,0.0095703125,0.00034090909090909094,0.00922940340909091
4,0.75,1.0,crp_dataset_8_1_5.csv|crp_dataset_8_1_1.csv|crp_dataset_8_1_8.csv|crp_dataset_8_1_3.csv,crp_dataset_8_1_2.csv,0.60482895,0.9999999999900989,0.848739495791187,101,0,18,137,0.039453125,0.001175742574257426,0.03827738242574257
4,0.75,1.0,crp_dataset_8_1_5.csv|crp_dataset_8_1_1.csv|crp_dataset_8_1_8.csv|crp_dataset_8_1_3.csv,crp_dataset_8_1_4.csv,0.60482895,0.9919354838629683,0.9389312977027563,123,1,8,124,0.023046875,0.0004536290322580645,0.022593245967741937
4,0.75,1.0,crp_dataset_8_1_5.csv|crp_dataset_8_1_4.csv|crp_dataset_8_1_8.csv|crp_dataset_8_1_3.csv,crp_dataset_8_1_6.csv,0.6625927,0.9436619718243405,0.9571428571360204,134,8,6,108,0.026928710937499996,0.0021126760563380284,0.024816034881161967
4,0.75,1.0,crp_dataset_8_1_5.csv|crp_dataset_8_1_4.csv|crp_dataset_8_1_8.csv|crp_dataset_8_1_3.csv,crp_dataset_8_1_7.csv,0.6625927,0.9999999999954546,0.9999999999954546,220,0,0,36,0.0095703125,0.00034090909090909094,0.00922940340909091
4,0.75,1.0,crp_dataset_8_1_5.csv|crp_dataset_8_1_4.csv|crp_dataset_8_1_8.csv|crp_dataset_8_1_3.csv,crp_dataset_8_1_2.csv,0.6625927,0.9999999999878049,0.6890756302463102,82,0,37,137,0.039453125,0.0013719512195121953,0.0380811737804878
4,0.75,1.0,crp_dataset_8_1_5.csv|crp_dataset_8_1_4.csv|crp_dataset_8_1_8.csv|crp_dataset_8_1_3.csv,crp_dataset_8_1_1.csv,0.6625927,0.9999999999904762,0.8333333333267195,105,0,21,130,0.0252685546875,0.0001785714285714286,0.025089983258928573
4,0.75,1.0,crp_dataset_8_1_6.csv|crp_dataset_8_1_7.csv|crp_dataset_8_1_2.csv|crp_dataset_8_1_1.csv,crp_dataset_8_1_5.csv,0.6025057,0.9999999999873417,0.7899999999921,79,0,21,156,0.039282226562499994,0.0013449367088607595,0.037937289853639235
4,0.75,1.0,crp_dataset_8_1_6.csv|crp_dataset_8_1_7.csv|crp_dataset_8_1_2.csv|crp_dataset_8_1_1.csv,crp_dataset_8_1_4.csv,0.6025057,0.999999999990991,0.8473282442683411,111,0,20,125,0.023046875,0.00028153153153153153,0.02276534346846847
4,0.75,1.0,crp_dataset_8_1_6.csv|crp_dataset_8_1_7.csv|crp_dataset_8_1_2.csv|crp_dataset_8_1_1.csv,crp_dataset_8_1_8.csv,0.6025057,0.9999999999890109,0.6594202898502941,91,0,47,118,0.0283203125,0.002197802197802198,0.026122510302197803
4,0.75,1.0,crp_dataset_8_1_6.csv|crp_dataset_8_1_7.csv|crp_dataset_8_1_2.csv|crp_dataset_8_1_1.csv,crp_dataset_8_1_3.csv,0.6025057,0.9999999999927537,0.7976878612670655,138,0,35,83,0.0196044921875,0.00013586956521739133,0.01946862262228261
4,0.75,1.0,crp_dataset_8_1_6.csv|crp_dataset_8_1_7.csv|crp_dataset_8_1_2.csv|crp_dataset_8_1_4.csv,crp_dataset_8_1_5.csv,0.6070491,0.9782608695545841,0.899999999991,90,2,10,154,0.039282226562499994,0.0017663043478260874,0.037515922214673904
4,0.75,1.0,crp_dataset_8_1_6.csv|crp_dataset_8_1_7.csv|crp_dataset_8_1_2.csv|crp_dataset_8_1_4.csv,crp_dataset_8_1_1.csv,0.6070491,0.9305555555426311,0.5317460317418116,67,5,59,125,0.0252685546875,0.001388888888888889,0.023879665798611113
4,0.75,1.0,crp_dataset_8_1_6.csv|crp_dataset_8_1_7.csv|crp_dataset_8_1_2.csv|crp_dataset_8_1_4.csv,crp_dataset_8_1_8.csv,0.6070491,0.8282828282744618,0.5942028985464188,82,17,56,101,0.0283203125,0.005303030303030303,0.023017282196969698
4,0.75,1.0,crp_dataset_8_1_6.csv|crp_dataset_8_1_7.csv|crp_dataset_8_1_2.csv|crp_dataset_8_1_4.csv,crp_dataset_8_1_3.csv,0.6070491,0.999999999992126,0.7341040462385312,127,0,46,83,0.0196044921875,4.9212598425196856e-05,0.0195552795890748
4,0.75,1.0,crp_dataset_8_1_6.csv|crp_dataset_8_1_7.csv|crp_dataset_8_1_2.csv|crp_dataset_8_1_8.csv,crp_dataset_8_1_5.csv,0.6142358,0.9999999999873417,0.7899999999921,79,0,21,156,0.039282226562499994,0.0015031645569620253,0.03777906200553797
4,0.75,1.0,crp_dataset_8_1_6.csv|crp_dataset_8_1_7.csv|crp_dataset_8_1_2.csv|crp_dataset_8_1_8.csv,crp_dataset_8_1_1.csv,0.6142358,0.9147286821634518,0.9365079365005039,118,11,8,119,0.0252685546875,0.0024709302325581395,0.02279762445494186
4,0.75,1.0,crp_dataset_8_1_6.csv|crp_dataset_8_1_7.csv|crp_dataset_8_1_2.csv|crp_dataset_8_1_8.csv,crp_dataset_8_1_4.csv,0.6142358,0.8970588235228159,0.931297709916555,122,14,9,111,0.023046875,0.004090073529411765,0.018956801470588237
4,0.75,1.0,crp_dataset_8_1_6.csv|crp_dataset_8_1_7.csv|crp_dataset_8_1_2.csv|crp_dataset_8_1_8.csv,crp_dataset_8_1_3.csv,0.6142358,0.9808917197389753,0.8901734103994788,154,3,19,80,0.0196044921875,0.001552547770700637,0.018051944416799363
4,0.75,1.0,crp_dataset_8_1_6.csv|crp_dataset_8_1_7.csv|crp_dataset_8_1_2.csv|crp_dataset_8_1_3.csv,crp_dataset_8_1_5.csv,0.6083026,0.9999999999885058,0.8699999999913,87,0,13,156,0.039282226562499994,0.0012212643678160922,0.038060962194683905
4,0.75,1.0,crp_dataset_8_1_6.csv|crp_dataset_8_1_7.csv|crp_dataset_8_1_2.csv|crp_dataset_8_1_3.csv,crp_dataset_8_1_1.csv,0.6083026,0.8275862068894173,0.761904761898715,96,20,30,110,0.0252685546875,0.007489224137931036,0.017779330549568963
4,0.75,1.0,crp_dataset_8_1_6.csv|crp_dataset_8_1_7.csv|crp_dataset_8_1_2.csv|crp_dataset_8_1_3.csv,crp_dataset_8_1_4.csv,0.6083026,0.8560606060541208,0.8625954198407436,113,19,18,106,0.023046875,0.007386363636363637,0.015660511363636366
4,0.75,1.0,crp_dataset_8_1_6.csv|crp_dataset_8_1_7.csv|crp_dataset_8_1_2.csv|crp_dataset_8_1_3.csv,crp_dataset_8_1_8.csv,0.6083026,0.8433734939657425,0.5072463768079185,70,13,68,105,0.0283203125,0.0066265060240963845,0.021693806475903615
4,0.75,1.0,crp_dataset_8_1_6.csv|crp_dataset_8_1_7.csv|crp_dataset_8_1_1.csv|crp_dataset_8_1_4.csv,crp_dataset_8_1_5.csv,0.68064517,0.9999999999870129,0.7699999999923,77,0,23,156,0.039282226562499994,0.0013798701298701301,0.03790235643262987
4,0.75,1.0,crp_dataset_8_1_6.csv|crp_dataset_8_1_7.csv|crp_dataset_8_1_1.csv|crp_dataset_8_1_4.csv,crp_dataset_8_1_2.csv,0.68064517,0.9425287356213502,0.6890756302463102,82,5,37,132,0.039453125,0.0020114942528735636,0.037441630747126434
4,0.75,1.0,crp_dataset_8_1_6.csv|crp_dataset_8_1_7.csv|crp_dataset_8_1_1.csv|crp_dataset_8_1_4.csv,crp_dataset_8_1_8.csv,0.68064517,0.9761904761788548,0.5942028985464188,82,2,56,116,0.0283203125,0.0024553571428571432,0.025864955357142855
4,0.75,1.0,crp_dataset_8_1_6.csv|crp_dataset_8_1_7.csv|crp_dataset_8_1_1.csv|crp_dataset_8_1_4.csv,crp_dataset_8_1_3.csv,0.68064517,0.9785714285644388,0.7919075144462896,137,3,36,80,0.0196044921875,0.0011160714285714285,0.01848842075892857
4,0.75,1.0,crp_dataset_8_1_6.csv|crp_dataset_8_1_7.csv|crp_dataset_8_1_1.csv|crp_dataset_8_1_8.csv,crp_dataset_8_1_5.csv,0.605525,0.9999999999870129,0.7699999999923,77,0,23,156,0.039282226562499994,0.0013798701298701301,0.03790235643262987
4,0.75,1.0,crp_dataset_8_1_6.csv|crp_dataset_8_1_7.csv|crp_dataset_8_1_1.csv|crp_dataset_8_1_8.csv,crp_dataset_8_1_2.csv,0.605525,0.9999999999878049,0.6890756302463102,82,0,37,137,0.039453125,0.0013719512195121953,0.0380811737804878
4,0.75,1.0,crp_dataset_8_1_6.csv|crp_dataset_8_1_7.csv|crp_dataset_8_1_1.csv|crp_dataset_8_1_8.csv,crp_dataset_8_1_4.csv,0.605525,0.9843749999923097,0.9618320610613601,126,2,5,123,0.023046875,0.000537109375,0.022509765625
4,0.75,1.0,crp_dataset_8_1_6.csv|crp_dataset_8_1_7.csv|crp_dataset_8_1_1.csv|crp_dataset_8_1_8.csv,crp_dataset_8_1_3.csv,0.605525,0.9932432432365322,0.849710982654048,147,1,26,82,0.0196044921875,0.0009290540540540541,0.018675438133445944
4,0.75,1.0,crp_dataset_8_1_6.csv|crp_dataset_8_1_7.csv|crp_dataset_8_1_1.csv|crp_dataset_8_1_3.csv,crp_dataset_8_1_5.csv,0.6884037,0.9999999999870129,0.7699999999923,77,0,23,156,0.039282226562499994,0.0013798701298701301,0.03790235643262987
4,0.75,1.0,crp_dataset_8_1_6.csv|crp_dataset_8_1_7.csv|crp_dataset_8_1_1.csv|crp_dataset_8_1_3.csv,crp_dataset_8_1_2.csv,0.6884037,0.9999999999878049,0.6890756302463102,82,0,37,137,0.039453125,0.0013719512195121953,0.0380811737804878
4,0.75,1.0,crp_dataset_8_1_6.csv|crp_dataset_8_1_7.csv|crp_dataset_8_1_1.csv|crp_dataset_8_1_3.csv,crp_dataset_8_1_4.csv,0.6884037,0.999999999990909,0.8396946564821398,110,0,21,125,0.023046875,0.0002840909090909091,0.022762784090909094
4,0.75,1.0,crp_dataset_8_1_6.csv|crp_dataset_8_1_7.csv|crp_dataset_8_1_1.csv|crp_dataset_8_1_3.csv,crp_dataset_8_1_8.csv,0.6884037,0.9999999999882353,0.615942028981044,85,0,53,118,0.0283203125,0.002132352941176471,0.02618795955882353
4,0.75,1.0,crp_dataset_8_1_6.csv|crp_dataset_8_1_7.csv|crp_dataset_8_1_4.csv|crp_dataset_8_1_8.csv,crp_dataset_8_1_5.csv,0.6441816,0.987654320975461,0.799999999992,80,1,20,155,0.039282226562499994,0.0015432098765432098,0.037739016685956785
4,0.75,1.0,crp_dataset_8_1_6.csv|crp_dataset_8_1_7.csv|crp_dataset_8_1_4.csv|crp_dataset_8_1_8.csv,crp_dataset_8_1_2.csv,0.6441816,0.9999999999878049,0.6890756302463102,82,0,37,137,0.039453125,0.0013719512195121953,0.0380811737804878
4,0.75,1.0,crp_dataset_8_1_6.csv|crp_dataset_8_1_7.csv|crp_dataset_8_1_4.csv|crp_dataset_8_1_8.csv,crp_dataset_8_1_1.csv,0.6441816,0.9999999999901961,0.8095238095173847,102,0,24,130,0.0252685546875,0.00018382352941176473,0.025084731158088236
4,0.75,1.0,crp_dataset_8_1_6.csv|crp_dataset_8_1_7.csv|crp_dataset_8_1_4.csv|crp_dataset_8_1_8.csv,crp_dataset_8_1_3.csv,0.6441816,0.9999999999925927,0.7803468208047379,135,0,38,83,0.0196044921875,4.62962962962963e-05,0.0195581958912037
4,0.75,1.0,crp_dataset_8_1_6.csv|crp_dataset_8_1_7.csv|crp_dataset_8_1_4.csv|crp_dataset_8_1_3.csv,crp_dataset_8_1_5.csv,0.7714329,0.9999999999870129,0.7699999999923,77,0,23,156,0.039282226562499994,0.0013798701298701301,0.03790235643262987
4,0.75,1.0,crp_dataset_8_1_6.csv|crp_dataset_8_1_7.csv|crp_dataset_8_1_4.csv|crp_dataset_8_1_3.csv,crp_dataset_8_1_2.csv,0.7714329,0.9999999999878049,0.6890756302463102,82,0,37,137,0.039453125,0.0013719512195121953,0.0380811737804878
4,0.75,1.0,crp_dataset_8_1_6.csv|crp_dataset_8_1_7.csv|crp_dataset_8_1_4.csv|crp_dataset_8_1_3.csv,crp_dataset_8_1_1.csv,0.7714329,0.9999999999855071,0.5476190476147014,69,0,57,130,0.0252685546875,9.057971014492754e-05,0.025177974977355074
4,0.75,1.0,crp_dataset_8_1_6.csv|crp_dataset_8_1_7.csv|crp_dataset_8_1_4.csv|crp_dataset_8_1_3.csv,crp_dataset_8_1_8.csv,0.7714329,0.999999999983871,0.449275362315585,62,0,76,118,0.0283203125,0.002923387096774194,0.025396925403225808
4,0.75,1.0,crp_dataset_8_1_6.csv|crp_dataset_8_1_7.csv|crp_dataset_8_1_8.csv|crp_dataset_8_1_3.csv,crp_dataset_8_1_5.csv,0.6327963,0.9756097560856632,0.799999999992,80,2,20,154,0.039282226562499994,0.0018292682926829272,0.037452958269817066
4,0.75,1.0,crp_dataset_8_1_6.csv|crp_dataset_8_1_7.csv|crp_dataset_8_1_8.csv|crp_dataset_8_1_3.csv,crp_dataset_8_1_2.csv,0.6327963,0.9764705882238062,0.6974789915907774,83,2,36,135,0.039453125,0.004852941176470588,0.03460018382352941
4,0.75,1.0,crp_dataset_8_1_6.csv|crp_dataset_8_1_7.csv|crp_dataset_8_1_8.csv|crp_dataset_8_1_3.csv,crp_dataset_8_1_1.csv,0.6327963,0.9999999999908257,0.8650793650724994,109,0,17,130,0.0252685546875,0.00028669724770642203,0.02498185743979358
4,0.75,1.0,crp_dataset_8_1_6.csv|crp_dataset_8_1_7.csv|crp_dataset_8_1_8.csv|crp_dataset_8_1_3.csv,crp_dataset_8_1_4.csv,0.6327963,0.999999999991228,0.8702290076269449,114,0,17,125,0.023046875,0.00038377192982456146,0.02266310307017544
4,0.75,1.0,crp_dataset_8_1_6.csv|crp_dataset_8_1_2.csv|crp_dataset_8_1_1.csv|crp_dataset_8_1_4.csv,crp_dataset_8_1_5.csv,0.6068947,0.987654320975461,0.799999999992,80,1,20,155,0.039282226562499994,0.001697530864197531,0.037584695698302466
4,0.75,1.0,crp_dataset_8_1_6.csv|crp_dataset_8_1_2.csv|crp_dataset_8_1_1.csv|crp_dataset_8_1_4.csv,crp_dataset_8_1_7.csv,0.6068947,0.9999999999954546,0.9999999999954546,220,0,0,36,0.0095703125,0.00034090909090909094,0.00922940340909091
4,0.75,1.0,crp_dataset_8_1_6.csv|crp_dataset_8_1_2.csv|crp_dataset_8_1_1.csv|crp_dataset_8_1_4.csv,crp_dataset_8_1_8.csv,0.6068947,0.9469026548588769,0.7753623188349612,107,6,31,112,0.0283203125,0.0029314159292035393,0.02538889657079646
4,0.75,1.0,crp_dataset_8_1_6.csv|crp_dataset_8_1_2.csv|crp_dataset_8_1_1.csv|crp_dataset_8_1_4.csv,crp_dataset_8_1_3.csv,0.6068947,0.9999999999935065,0.8901734103994788,154,0,19,83,0.0196044921875,0.00016233766233766234,0.019442154525162337
4,0.75,1.0,crp_dataset_8_1_6.csv|crp_dataset_8_1_2.csv|crp_dataset_8_1_1.csv|crp_dataset_8_1_8.csv,crp_dataset_8_1_5.csv,0.6005376,0.9999999999876543,0.8099999999919,81,0,19,156,0.039282226562499994,0.0015432098765432098,0.037739016685956785
4,0.75,1.0,crp_dataset_8_1_6.csv|crp_dataset_8_1_2.csv|crp_dataset_8_1_1.csv|crp_dataset_8_1_8.csv,crp_dataset_8_1_7.csv,0.6005376,0.9999999999954546,0.9999999999954546,220,0,0,36,0.0095703125,0.00034090909090909094,0.00922940340909091
4,0.75,1.0,crp_dataset_8_1_6.csv|crp_dataset_8_1_2.csv|crp_dataset_8_1_1.csv|crp_dataset_8_1_8.csv,crp_dataset_8_1_4.csv,0.6005376,0.999999999990909,0.8396946564821398,110,0,21,125,0.023046875,0.0002840909090909091,0.022762784090909094
4,0.75,1.0,crp_dataset_8_1_6.csv|crp_dataset_8_1_2.csv|crp_dataset_8_1_1.csv|crp_dataset_8_1_8.csv,crp_dataset_8_1_3.csv,0.6005376,0.9933333333267111,0.8612716762955996,149,1,24,82,0.0196044921875,0.0009166666666666668,0.018687825520833333
4,0.75,1.0,crp_dataset_8_1_6.csv|crp_dataset_8_1_2.csv|crp_dataset_8_1_1.csv|crp_dataset_8_1_3.csv,crp_dataset_8_1_5.csv,0.70079154,0.9999999999870129,0.7699999999923,77,0,23,156,0.039282226562499994,0.0013798701298701301,0.03790235643262987
4,0.75,1.0,crp_dataset_8_1_6.csv|crp_dataset_8_1_2.csv|crp_dataset_8_1_1.csv|crp_dataset_8_1_3.csv,crp_dataset_8_1_7.csv,0.70079154,0.9999999999954546,0.9999999999954546,220,0,0,36,0.0095703125,0.00034090909090909094,0.00922940340909091
4,0.75,1.0,crp_dataset_8_1_6.csv|crp_dataset_8_1_2.csv|crp_dataset_8_1_1.csv|crp_dataset_8_1_3.csv,crp_dataset_8_1_4.csv,0.70079154,0.999999999990909,0.8396946564821398,110,0,21,125,0.023046875,0.0002840909090909091,0.022762784090909094
4,0.75,1.0,crp_dataset_8_1_6.csv|crp_dataset_8_1_2.csv|crp_dataset_8_1_1.csv|crp_dataset_8_1_3.csv,crp_dataset_8_1_8.csv,0.70079154,0.9999999999871795,0.5652173913002521,78,0,60,118,0.0283203125,0.002323717948717949,0.025996594551282053
4,0.75,1.0,crp_dataset_8_1_6.csv|crp_dataset_8_1_2.csv|crp_dataset_8_1_4.csv|crp_dataset_8_1_8.csv,crp_dataset_8_1_5.csv,0.6539171,0.9999999999875,0.799999999992,80,0,20,156,0.039282226562499994,0.001484375,0.03779785156249999
4,0.75,1.0,crp_dataset_8_1_6.csv|crp_dataset_8_1_2.csv|crp_dataset_8_1_4.csv|crp_dataset_8_1_8.csv,crp_dataset_8_1_7.csv,0.6539171,0.9999999999954546,0.9999999999954546,220,0,0,36,0.0095703125,0.00034090909090909094,0.00922940340909091
4,0.75,1.0,crp_dataset_8_1_6.csv|crp_dataset_8_1_2.csv|crp_dataset_8_1_4.csv|crp_dataset_8_1_8.csv,crp_dataset_8_1_1.csv,0.6539171,0.9690721649384632,0.7460317460258251,94,3,32,127,0.0252685546875,0.00045103092783505157,0.02481752375966495
4,0.75,1.0,crp_dataset_8_1_6.csv|crp_dataset_8_1_2.csv|crp_dataset_8_1_4.csv|crp_dataset_8_1_8.csv,crp_dataset_8_1_3.csv,0.6539171,0.9999999999923078,0.7514450867008587,130,0,43,83,0.0196044921875,4.807692307692308e-05,0.019556415264423078
4,0.75,1.0,crp_dataset_8_1_6.csv|crp_dataset_8_1_2.csv|crp_dataset_8_1_4.csv|crp_dataset_8_1_3.csv,crp_dataset_8_1_5.csv,0.6701893,0.988095238083475,0.8299999999916999,83,1,17,155,0.039282226562499994,0.001488095238095238,0.037794131324404755
4,0.75,1.0,crp_dataset_8_1_6.csv|crp_dataset_8_1_2.csv|crp_dataset_8_1_4.csv|crp_dataset_8_1_3.csv,crp_dataset_8_1_7.csv,0.6701893,0.9999999999954546,0.9999999999954546,220,0,0,36,0.0095703125,0.00034090909090909094,0.00922940340909091
4,0.75,1.0,crp_dataset_8_1_6.csv|crp_dataset_8_1_2.csv|crp_dataset_8_1_4.csv|crp_dataset_8_1_3.csv,crp_dataset_8_1_1.csv,0.6701893,0.9999999999855071,0.5476190476147014,69,0,57,130,0.0252685546875,9.057971014492754e-05,0.025177974977355074
4,0.75,1.0,crp_dataset_8_1_6.csv|crp_dataset_8_1_2.csv|crp_dataset_8_1_4.csv|crp_dataset_8_1_3.csv,crp_dataset_8_1_8.csv,0.6701893,0.8514851485064209,0.6231884057925856,86,15,52,103,0.0283203125,0.004702970297029703,0.023617342202970296
4,0.75,1.0,crp_dataset_8_1_6.csv|crp_dataset_8_1_2.csv|crp_dataset_8_1_8.csv|crp_dataset_8_1_3.csv,crp_dataset_8_1_5.csv,0.6161198,0.9999999999876543,0.8099999999919,81,0,19,156,0.039282226562499994,0.001388888888888889,0.037893337673611104
4,0.75,1.0,crp_dataset_8_1_6.csv|crp_dataset_8_1_2.csv|crp_dataset_8_1_8.csv|crp_dataset_8_1_3.csv,crp_dataset_8_1_7.csv,0.6161198,0.9999999999954546,0.9999999999954546,220,0,0,36,0.0095703125,0.00034090909090909094,0.00922940340909091
4,0.75,1.0,crp_dataset_8_1_6.csv|crp_dataset_8_1_2.csv|crp_dataset_8_1_8.csv|crp_dataset_8_1_3.csv,crp_dataset_8_1_1.csv,0.6161198,0.9663865546137278,0.912698412691169,115,4,11,126,0.0252685546875,0.0010504201680672268,0.024218134519432773
4,0.75,1.0,crp_dataset_8_1_6.csv|crp_dataset_8_1_2.csv|crp_dataset_8_1_8.csv|crp_dataset_8_1_3.csv,crp_dataset_8_1_4.csv,0.6161198,0.9999999999911504,0.8625954198407436,113,0,18,125,0.023046875,0.0003871681415929204,0.02265970685840708
4,0.75,1.0,crp_dataset_8_1_6.csv|crp_dataset_8_1_1.csv|crp_dataset_8_1_4.csv|crp_dataset_8_1_8.csv,crp_dataset_8_1_5.csv,0.6843807,0.987654320975461,0.799999999992,80,1,20,155,0.039282226562499994,0.0015432098765432098,0.037739016685956785
4,0.75,1.0,crp_dataset_8_1_6.csv|crp_dataset_8_1_1.csv|crp_dataset_8_1_4.csv|crp_dataset_8_1_8.csv,crp_dataset_8_1_7.csv,0.6843807,0.9999999999954546,0.9999999999954546,220,0,0,36,0.0095703125,0.00034090909090909094,0.00922940340909091
4,0.75,1.0,crp_dataset_8_1_6.csv|crp_dataset_8_1_1.csv|crp_dataset_8_1_4.csv|crp_dataset_8_1_8.csv,crp_dataset_8_1_2.csv,0.6843807,0.9999999999878049,0.6890756302463102,82,0,37,137,0.039453125,0.0013719512195121953,0.0380811737804878
4,0.75,1.0,crp_dataset_8_1_6.csv|crp_dataset_8_1_1.csv|crp_dataset_8_1_4.csv|crp_dataset_8_1_8.csv,crp_dataset_8_1_3.csv,0.6843807,0.9932885905973605,0.8554913294748238,148,1,25,82,0.0196044921875,0.0009228187919463088,0.01868167339555369
4,0.75,1.0,crp_dataset_8_1_6.csv|crp_dataset_8_1_1.csv|crp_dataset_8_1_4.csv|crp_dataset_8_1_3.csv,crp_dataset_8_1_5.csv,0.604313,0.9999999999870129,0.7699999999923,77,0,23,156,0.039282226562499994,0.0013798701298701301,0.03790235643262987
4,0.75,1.0,crp_dataset_8_1_6.csv|crp_dataset_8_1_1.csv|crp_dataset_8_1_4.csv|crp_dataset_8_1_3.csv,crp_dataset_8_1_7.csv,0.604313,0.9999999999954546,0.9999999999954546,220,0,0,36,0.0095703125,0.00034090909090909094,0.00922940340909091
4,0.75,1.0,crp_dataset_8_1_6.csv|crp_dataset_8_1_1.csv|crp_dataset_8_1_4.csv|crp_dataset_8_1_3.csv,crp_dataset_8_1_2.csv,0.604313,0.9999999999878049,0.6890756302463102,82,0,37,137,0.039453125,0.0013719512195121953,0.0380811737804878
4,0.75,1.0,crp_dataset_8_1_6.csv|crp_dataset_8_1_1.csv|crp_dataset_8_1_4.csv|crp_dataset_8_1_3.csv,crp_dataset_8_1_8.csv,0.604313,0.9999999999886363,0.637681159415669,88,0,50,118,0.0283203125,0.002059659090909091,0.02626065340909091
4,0.75,1.0,crp_dataset_8_1_6.csv|crp_dataset_8_1_1.csv|crp_dataset_8_1_8.csv|crp_dataset_8_1_3.csv,crp_dataset_8_1_5.csv,0.65634274,0.987654320975461,0.799999999992,80,1,20,155,0.039282226562499994,0.0015432098765432098,0.037739016685956785
4,0.75,1.0,crp_dataset_8_1_6.csv|crp_dataset_8_1_1.csv|crp_dataset_8_1_8.csv|crp_dataset_8_1_3.csv,crp_dataset_8_1_7.csv,0.65634274,0.9999999999954546,0.9999999999954546,220,0,0,36,0.0095703125,0.00034090909090909094,0.00922940340909091
4,0.75,1.0,crp_dataset_8_1_6.csv|crp_dataset_8_1_1.csv|crp_dataset_8_1_8.csv|crp_dataset_8_1_3.csv,crp_dataset_8_1_2.csv,0.65634274,0.9999999999878049,0.6890756302463102,82,0,37,137,0.039453125,0.0013719512195121953,0.0380811737804878
4,0.75,1.0,crp_dataset_8_1_6.csv|crp_dataset_8_1_1.csv|crp_dataset_8_1_8.csv|crp_dataset_8_1_3.csv,crp_dataset_8_1_4.csv,0.65634274,0.991999999992064,0.9465648854889576,124,1,7,124,0.023046875,0.00045,0.022596875000000002
4,0.75,1.0,crp_dataset_8_1_6.csv|crp_dataset_8_1_4.csv|crp_dataset_8_1_8.csv|crp_dataset_8_1_3.csv,crp_dataset_8_1_5.csv,0.6138529,0.9756097560856632,0.799999999992,80,2,20,154,0.039282226562499994,0.0018292682926829272,0.037452958269817066
4,0.75,1.0,crp_dataset_8_1_6.csv|crp_dataset_8_1_4.csv|crp_dataset_8_1_8.csv|crp_dataset_8_1_3.csv,crp_dataset_8_1_7.csv,0.6138529,0.9999999999954546,0.9999999999954546,220,0,0,36,0.0095703125,0.00034090909090909094,0.00922940340909091
4,0.75,1.0,crp_dataset_8_1_6.csv|crp_dataset_8_1_4.csv|crp_dataset_8_1_8.csv|crp_dataset_8_1_3.csv,crp_dataset_8_1_2.csv,0.6138529,0.9999999999878049,0.6890756302463102,82,0,37,137,0.039453125,0.0013719512195121953,0.0380811737804878
4,0.75,1.0,crp_dataset_8_1_6.csv|crp_dataset_8_1_4.csv|crp_dataset_8_1_8.csv|crp_dataset_8_1_3.csv,crp_dataset_8_1_1.csv,0.6138529,0.9669421487523393,0.9285714285640589,117,4,9,126,0.0252685546875,0.0008264462809917356,0.024442108406508265
4,0.75,1.0,crp_dataset_8_1_7.csv|crp_dataset_8_1_2.csv|crp_dataset_8_1_1.csv|crp_dataset_8_1_4.csv,crp_dataset_8_1_5.csv,0.6032149,0.9999999999880952,0.8399999999916,84,0,16,156,0.039282226562499994,0.0012648809523809524,0.03801734561011904
4,0.75,1.0,crp_dataset_8_1_7.csv|crp_dataset_8_1_2.csv|crp_dataset_8_1_1.csv|crp_dataset_8_1_4.csv,crp_dataset_8_1_6.csv,0.6032149,0.8854961831993474,0.8285714285655102,116,15,24,101,0.026928710937499996,0.006393129770992366,0.02053558116650763
4,0.75,1.0,crp_dataset_8_1_7.csv|crp_dataset_8_1_2.csv|crp_dataset_8_1_1.csv|crp_dataset_8_1_4.csv,crp_dataset_8_1_8.csv,0.6032149,0.9999999999886363,0.637681159415669,88,0,50,118,0.0283203125,0.002414772727272727,0.025905539772727273
4,0.75,1.0,crp_dataset_8_1_7.csv|crp_dataset_8_1_2.csv|crp_dataset_8_1_1.csv|crp_dataset_8_1_4.csv,crp_dataset_8_1_3.csv,0.6032149,0.9999999999937889,0.9306358381449097,161,0,12,83,0.0196044921875,0.00011645962732919256,0.019488032560170808
4,0.75,1.0,crp_dataset_8_1_7.csv|crp_dataset_8_1_2.csv|crp_dataset_8_1_1.csv|crp_dataset_8_1_8.csv,crp_dataset_8_1_5.csv,0.62148386,0.9999999999876543,0.8099999999919,81,0,19,156,0.039282226562499994,0.0015432098765432098,0.037739016685956785
4,0.75,1.0,crp_dataset_8_1_7.csv|crp_dataset_8_1_2.csv|crp_dataset_8_1_1.csv|crp_dataset_8_1_8.csv,crp_dataset_8_1_6.csv,0.62148386,0.9823008849470592,0.7928571428514797,111,2,29,114,0.026928710937499996,0.0010508849557522124,0.025877825981747784
4,0.75,1.0,crp_dataset_8_1_7.csv|crp_dataset_8_1_2.csv|crp_dataset_8_1_1.csv|crp_dataset_8_1_8.csv,crp_dataset_8_1_4.csv,0.62148386,0.9999999999910714,0.8549618320545423,112,0,19,125,0.023046875,0.00033482142857142863,0.022712053571428574
4,0.75,1.0,crp_dataset_8_1_7.csv|crp_dataset_8_1_2.csv|crp_dataset_8_1_1.csv|crp_dataset_8_1_8.csv,crp_dataset_8_1_3.csv,0.62148386,0.9999999999935898,0.9017341040410305,156,0,17,83,0.0196044921875,0.00012019230769230771,0.019484299879807692
4,0.75,1.0,crp_dataset_8_1_7.csv|crp_dataset_8_1_2.csv|crp_dataset_8_1_1.csv|crp_dataset_8_1_3.csv,crp_dataset_8_1_5.csv,0.64662087,0.9999999999871795,0.7799999999921999,78,0,22,156,0.039282226562499994,0.0013621794871794873,0.037920047075320505
4,0.75,1.0,crp_dataset_8_1_7.csv|crp_dataset_8_1_2.csv|crp_dataset_8_1_1.csv|crp_dataset_8_1_3.csv,crp_dataset_8_1_6.csv,0.64662087,0.9199999999926399,0.8214285714227041,115,10,25,106,0.026928710937499996,0.00385,0.023078710937499997
4,0.75,1.0,crp_dataset_8_1_7.csv|crp_dataset_8_1_2.csv|crp_dataset_8_1_1.csv|crp_dataset_8_1_3.csv,crp_dataset_8_1_4.csv,0.64662087,0.999999999991228,0.8702290076269449,114,0,17,125,0.023046875,0.0003289473684210527,0.022717927631578948
4,0.75,1.0,crp_dataset_8_1_7.csv|crp_dataset_8_1_2.csv|crp_dataset_8_1_1.csv|crp_dataset_8_1_3.csv,crp_dataset_8_1_8.csv,0.64662087,0.9999999999870129,0.5579710144887104,77,0,61,118,0.0283203125,0.0024350649350649354,0.025885247564935064
4,0.75,1.0,crp_dataset_8_1_7.csv|crp_dataset_8_1_2.csv|crp_dataset_8_1_4.csv|crp_dataset_8_1_8.csv,crp_dataset_8_1_5.csv,0.7613992,0.9999999999870129,0.7699999999923,77,0,23,156,0.039282226562499994,0.0013798701298701301,0.03790235643262987
4,0.75,1.0,crp_dataset_8_1_7.csv|crp_dataset_8_1_2.csv|crp_dataset_8_1_4.csv|crp_dataset_8_1_8.csv,crp_dataset_8_1_6.csv,0.7613992,0.9999999999868421,0.5428571428532654,76,0,64,116,0.026928710937499996,8.223684210526316e-05,0.026846474095394732
4,0.75,1.0,crp_dataset_8_1_7.csv|crp_dataset_8_1_2.csv|crp_dataset_8_1_4.csv|crp_dataset_8_1_8.csv,crp_dataset_8_1_1.csv,0.7613992,0.9999999999836067,0.4841269841231418,61,0,65,130,0.0252685546875,0.00010245901639344262,0.02516609567110656
4,0.75,1.0,crp_dataset_8_1_7.csv|crp_dataset_8_1_2.csv|crp_dataset_8_1_4.csv|crp_dataset_8_1_8.csv,crp_dataset_8_1_3.csv,0.7613992,0.9999999999910714,0.6473988439268937,112,0,61,83,0.0196044921875,0.0,0.0196044921875
4,0.75,1.0,crp_dataset_8_1_7.csv|crp_dataset_8_1_2.csv|crp_dataset_8_1_4.csv|crp_dataset_8_1_3.csv,crp_dataset_8_1_5.csv,0.67540544,0.9999999999885058,0.8699999999913,87,0,13,156,0.039282226562499994,0.0012212643678160922,0.038060962194683905
4,0.75,1.0,crp_dataset_8_1_7.csv|crp_dataset_8_1_2.csv|crp_dataset_8_1_4.csv|crp_dataset_8_1_3.csv,crp_dataset_8_1_6.csv,0.67540544,0.9374999999916295,0.749999999994643,105,7,35,109,0.026928710937499996,0.002399553571428572,0.024529157366071423
4,0.75,1.0,crp_dataset_8_1_7.csv|crp_dataset_8_1_2.csv|crp_dataset_8_1_4.csv|crp_dataset_8_1_3.csv,crp_dataset_8_1_1.csv,0.67540544,0.9999999999848485,0.5238095238053666,66,0,60,130,0.0252685546875,9.46969696969697e-05,0.02517385771780303
4,0.75,1.0,crp_dataset_8_1_7.csv|crp_dataset_8_1_2.csv|crp_dataset_8_1_4.csv|crp_dataset_8_1_3.csv,crp_dataset_8_1_8.csv,0.67540544,0.9999999999836067,0.4420289855040433,61,0,77,118,0.0283203125,0.0029713114754098364,0.025349001024590163
4,0.75,1.0,crp_dataset_8_1_7.csv|crp_dataset_8_1_2.csv|crp_dataset_8_1_8.csv|crp_dataset_8_1_3.csv,crp_dataset_8_1_5.csv,0.7644633,0.9999999999878049,0.8199999999918,82,0,18,156,0.039282226562499994,0.001524390243902439,0.037757836318597554
4,0.75,1.0,crp_dataset_8_1_7.csv|crp_dataset_8_1_2.csv|crp_dataset_8_1_8.csv|crp_dataset_8_1_3.csv,crp_dataset_8_1_6.csv,0.7644633,0.9874999999876563,0.5642857142816837,79,1,61,115,0.026928710937499996,0.0009375,0.025991210937499995
4,0.75,1.0,crp_dataset_8_1_7.csv|crp_dataset_8_1_2.csv|crp_dataset_8_1_8.csv|crp_dataset_8_1_3.csv,crp_dataset_8_1_1.csv,0.7644633,0.9813084112057822,0.8333333333267195,105,2,21,128,0.0252685546875,0.0009929906542056075,0.02427556403329439
4,0.75,1.0,crp_dataset_8_1_7.csv|crp_dataset_8_1_2.csv|crp_dataset_8_1_8.csv|crp_dataset_8_1_3.csv,crp_dataset_8_1_4.csv,0.7644633,0.999999999990991,0.8473282442683411,111,0,20,125,0.023046875,0.00028153153153153153,0.02276534346846847
4,0.75,1.0,crp_dataset_8_1_7.csv|crp_dataset_8_1_1.csv|crp_dataset_8_1_4.csv|crp_dataset_8_1_8.csv,crp_dataset_8_1_5.csv,0.72552,0.9999999999870129,0.7699999999923,77,0,23,156,0.039282226562499994,0.0013798701298701301,0.03790235643262987
4,0.75,1.0,crp_dataset_8_1_7.csv|crp_dataset_8_1_1.csv|crp_dataset_8_1_4.csv|crp_dataset_8_1_8.csv,crp_dataset_8_1_6.csv,0.72552,0.9565217391235036,0.9428571428504082,132,6,8,110,0.026928710937499996,0.0010869565217391307,0.025841754415760865
4,0.75,1.0,crp_dataset_8_1_7.csv|crp_dataset_8_1_1.csv|crp_dataset_8_1_4.csv|crp_dataset_8_1_8.csv,crp_dataset_8_1_2.csv,0.72552,0.9999999999878049,0.6890756302463102,82,0,37,137,0.039453125,0.0013719512195121953,0.0380811737804878
4,0.75,1.0,crp_dataset_8_1_7.csv|crp_dataset_8_1_1.csv|crp_dataset_8_1_4.csv|crp_dataset_8_1_8.csv,crp_dataset_8_1_3.csv,0.72552,0.9999999999929579,0.8208092485501688,142,0,31,83,0.0196044921875,0.00017605633802816902,0.01942843584947183
4,0.75,1.0,crp_dataset_8_1_7.csv|crp_dataset_8_1_1.csv|crp_dataset_8_1_4.csv|crp_dataset_8_1_3.csv,crp_dataset_8_1_5.csv,0.60603964,0.9999999999870129,0.7699999999923,77,0,23,156,0.039282226562499994,0.0013798701298701301,0.03790235643262987
4,0.75,1.0,crp_dataset_8_1_7.csv|crp_dataset_8_1_1.csv|crp_dataset_8_1_4.csv|crp_dataset_8_1_3.csv,crp_dataset_8_1_6.csv,0.60603964,0.8782051281994987,0.9785714285644388,137,19,3,97,0.026928710937499996,0.005168269230769231,0.021760441706730766
4,0.75,1.0,crp_dataset_8_1_7.csv|crp_dataset_8_1_1.csv|crp_dataset_8_1_4.csv|crp_dataset_8_1_3.csv,crp_dataset_8_1_2.csv,0.60603964,0.9999999999878049,0.6890756302463102,82,0,37,137,0.039453125,0.0013719512195121953,0.0380811737804878
4,0.75,1.0,crp_dataset_8_1_7.csv|crp_dataset_8_1_1.csv|crp_dataset_8_1_4.csv|crp_dataset_8_1_3.csv,crp_dataset_8_1_8.csv,0.60603964,0.9999999999878049,0.5942028985464188,82,0,56,118,0.0283203125,0.002210365853658537,0.02610994664634146
4,0.75,1.0,crp_dataset_8_1_7.csv|crp_dataset_8_1_1.csv|crp_dataset_8_1_8.csv|crp_dataset_8_1_3.csv,crp_dataset_8_1_5.csv,0.75037324,0.9999999999870129,0.7699999999923,77,0,23,156,0.039282226562499994,0.0013798701298701301,0.03790235643262987
4,0.75,1.0,crp_dataset_8_1_7.csv|crp_dataset_8_1_1.csv|crp_dataset_8_1_8.csv|crp_dataset_8_1_3.csv,crp_dataset_8_1_6.csv,0.75037324,0.87974683543747,0.9928571428500511,139,19,1,97,0.026928710937499996,0.004865506329113924,0.022063204608386074
4,0.75,1.0,crp_dataset_8_1_7.csv|crp_dataset_8_1_1.csv|crp_dataset_8_1_8.csv|crp_dataset_8_1_3.csv,crp_dataset_8_1_2.csv,0.75037324,0.9999999999878049,0.6890756302463102,82,0,37,137,0.039453125,0.0013719512195121953,0.0380811737804878
4,0.75,1.0,crp_dataset_8_1_7.csv|crp_dataset_8_1_1.csv|crp_dataset_8_1_8.csv|crp_dataset_8_1_3.csv,crp_dataset_8_1_4.csv,0.75037324,0.9999999999910714,0.8549618320545423,112,0,19,125,0.023046875,0.00027901785714285713,0.022767857142857145
4,0.75,1.0,crp_dataset_8_1_7.csv|crp_dataset_8_1_4.csv|crp_dataset_8_1_8.csv|crp_dataset_8_1_3.csv,crp_dataset_8_1_5.csv,0.6065756,0.9999999999870129,0.7699999999923,77,0,23,156,0.039282226562499994,0.0013798701298701301,0.03790235643262987
4,0.75,1.0,crp_dataset_8_1_7.csv|crp_dataset_8_1_4.csv|crp_dataset_8_1_8.csv|crp_dataset_8_1_3.csv,crp_dataset_8_1_6.csv,0.6065756,0.8954248365954548,0.9785714285644388,137,16,3,100,0.026928710937499996,0.0035539215686274505,0.023374789368872544
4,0.75,1.0,crp_dataset_8_1_7.csv|crp_dataset_8_1_4.csv|crp_dataset_8_1_8.csv|crp_dataset_8_1_3.csv,crp_dataset_8_1_2.csv,0.6065756,0.9879518072170126,0.6890756302463102,82,1,37,136,0.039453125,0.0021837349397590363,0.037269390060240964
4,0.75,1.0,crp_dataset_8_1_7.csv|crp_dataset_8_1_4.csv|crp_dataset_8_1_8.csv|crp_dataset_8_1_3.csv,crp_dataset_8_1_1.csv,0.6065756,0.999999999989899,0.7857142857080499,99,0,27,130,0.0252685546875,0.00018939393939393942,0.02507916074810606
4,0.75,1.0,crp_dataset_8_1_2.csv|crp_dataset_8_1_1.csv|crp_dataset_8_1_4.csv|crp_dataset_8_1_8.csv,crp_dataset_8_1_5.csv,0.6369931,0.9999999999879517,0.8299999999916999,83,0,17,156,0.039282226562499994,0.0015060240963855422,0.037776202466114454
4,0.75,1.0,crp_dataset_8_1_2.csv|crp_dataset_8_1_1.csv|crp_dataset_8_1_4.csv|crp_dataset_8_1_8.csv,crp_dataset_8_1_6.csv,0.6369931,0.9552238805898865,0.9142857142791837,128,6,12,110,0.026928710937499996,0.0021455223880597015,0.024783188549440293
4,0.75,1.0,crp_dataset_8_1_2.csv|crp_dataset_8_1_1.csv|crp_dataset_8_1_4.csv|crp_dataset_8_1_8.csv,crp_dataset_8_1_7.csv,0.6369931,0.9999999999954546,0.9999999999954546,220,0,0,36,0.0095703125,0.00034090909090909094,0.00922940340909091
4,0.75,1.0,crp_dataset_8_1_2.csv|crp_dataset_8_1_1.csv|crp_dataset_8_1_4.csv|crp_dataset_8_1_8.csv,crp_dataset_8_1_3.csv,0.6369931,0.9880952380893566,0.9595375722487889,166,2,7,81,0.0196044921875,0.0007812500000000002,0.0188232421875
4,0.75,1.0,crp_dataset_8_1_2.csv|crp_dataset_8_1_1.csv|crp_dataset_8_1_4.csv|crp_dataset_8_1_3.csv,crp_dataset_8_1_5.csv,0.60405993,0.9999999999878049,0.8199999999918,82,0,18,156,0.039282226562499994,0.0012957317073170732,0.03798649485518292
4,0.75,1.0,crp_dataset_8_1_2.csv|crp_dataset_8_1_1.csv|crp_dataset_8_1_4.csv|crp_dataset_8_1_3.csv,crp_dataset_8_1_6.csv,0.60405993,0.9060402684502951,0.9642857142788266,135,14,5,102,0.026928710937499996,0.003942953020134228,0.02298575791736577
4,0.75,1.0,crp_dataset_8_1_2.csv|crp_dataset_8_1_1.csv|crp_dataset_8_1_4.csv|crp_dataset_8_1_3.csv,crp_dataset_8_1_7.csv,0.60405993,0.9999999999954546,0.9999999999954546,220,0,0,36,0.0095703125,0.00034090909090909094,0.00922940340909091
4,0.75,1.0,crp_dataset_8_1_2.csv|crp_dataset_8_1_1.csv|crp_dataset_8_1_4.csv|crp_dataset_8_1_3.csv,crp_dataset_8_1_8.csv,0.60405993,0.9999999999892473,0.6739130434733775,93,0,45,118,0.0283203125,0.002217741935483871,0.02610257056451613
4,0.75,1.0,crp_dataset_8_1_2.csv|crp_dataset_8_1_1.csv|crp_dataset_8_1_8.csv|crp_dataset_8_1_3.csv,crp_dataset_8_1_5.csv,0.65375024,0.9999999999875,0.799999999992,80,0,20,156,0.039282226562499994,0.001484375,0.03779785156249999
4,0.75,1.0,crp_dataset_8_1_2.csv|crp_dataset_8_1_1.csv|crp_dataset_8_1_8.csv|crp_dataset_8_1_3.csv,crp_dataset_8_1_6.csv,0.65375024,0.9264705882284819,0.8999999999935715,126,10,14,106,0.026928710937499996,0.0028952205882352942,0.0240334903492647
4,0.75,1.0,crp_dataset_8_1_2.csv|crp_dataset_8_1_1.csv|crp_dataset_8_1_8.csv|crp_dataset_8_1_3.csv,crp_dataset_8_1_7.csv,0.65375024,0.9999999999954546,0.9999999999954546,220,0,0,36,0.0095703125,0.00034090909090909094,0.00922940340909091
4,0.75,1.0,crp_dataset_8_1_2.csv|crp_dataset_8_1_1.csv|crp_dataset_8_1_8.csv|crp_dataset_8_1_3.csv,crp_dataset_8_1_4.csv,0.65375024,0.999999999990991,0.8473282442683411,111,0,20,125,0.023046875,0.0003378378378378379,0.022709037162162164
4,0.75,1.0,crp_dataset_8_1_2.csv|crp_dataset_8_1_4.csv|crp_dataset_8_1_8.csv|crp_dataset_8_1_3.csv,crp_dataset_8_1_5.csv,0.60295665,0.9999999999882353,0.8499999999915,85,0,15,156,0.039282226562499994,0.0016176470588235296,0.037664579503676465
4,0.75,1.0,crp_dataset_8_1_2.csv|crp_dataset_8_1_4.csv|crp_dataset_8_1_8.csv|crp_dataset_8_1_3.csv,crp_dataset_8_1_6.csv,0.60295665,0.8974358974301447,0.9999999999928573,140,16,0,100,0.026928710937499996,0.003685897435897436,0.02324281350160256
4,0.75,1.0,crp_dataset_8_1_2.csv|crp_dataset_8_1_4.csv|crp_dataset_8_1_8.csv|crp_dataset_8_1_3.csv,crp_dataset_8_1_7.csv,0.60295665,0.9999999999954546,0.9999999999954546,220,0,0,36,0.0095703125,0.00034090909090909094,0.00922940340909091
4,0.75,1.0,crp_dataset_8_1_2.csv|crp_dataset_8_1_4.csv|crp_dataset_8_1_8.csv|crp_dataset_8_1_3.csv,crp_dataset_8_1_1.csv,0.60295665,0.9824561403422591,0.8888888888818341,112,2,14,128,0.0252685546875,0.000493421052631579,0.02477513363486842
4,0.75,1.0,crp_dataset_8_1_1.csv|crp_dataset_8_1_4.csv|crp_dataset_8_1_8.csv|crp_dataset_8_1_3.csv,crp_dataset_8_1_5.csv,0.6216248,0.987654320975461,0.799999999992,80,1,20,155,0.039282226562499994,0.0015432098765432098,0.037739016685956785
4,0.75,1.0,crp_dataset_8_1_1.csv|crp_dataset_8_1_4.csv|crp_dataset_8_1_8.csv|crp_dataset_8_1_3.csv,crp_dataset_8_1_6.csv,0.6216248,0.9127516778462232,0.9714285714216327,136,13,4,103,0.026928710937499996,0.0030201342281879194,0.023908576709312075
4,0.75,1.0,crp_dataset_8_1_1.csv|crp_dataset_8_1_4.csv|crp_dataset_8_1_8.csv|crp_dataset_8_1_3.csv,crp_dataset_8_1_7.csv,0.6216248,0.9999999999954546,0.9999999999954546,220,0,0,36,0.0095703125,0.00034090909090909094,0.00922940340909091
4,0.75,1.0,crp_dataset_8_1_1.csv|crp_dataset_8_1_4.csv|crp_dataset_8_1_8.csv|crp_dataset_8_1_3.csv,crp_dataset_8_1_2.csv,0.6216248,0.9999999999878049,0.6890756302463102,82,0,37,137,0.039453125,0.0013719512195121953,0.0380811737804878
5,0.75,1.0,crp_dataset_8_1_5.csv|crp_dataset_8_1_6.csv|crp_dataset_8_1_7.csv|crp_dataset_8_1_2.csv|crp_dataset_8_1_1.csv,crp_dataset_8_1_4.csv,0.6019891,0.9999999999913043,0.8778625954131462,115,0,16,125,0.023046875,0.0002717391304347826,0.02277513586956522
5,0.75,1.0,crp_dataset_8_1_5.csv|crp_dataset_8_1_6.csv|crp_dataset_8_1_7.csv|crp_dataset_8_1_2.csv|crp_dataset_8_1_1.csv,crp_dataset_8_1_8.csv,0.6019891,0.9159663865469246,0.7898550724580445,109,10,29,108,0.0283203125,0.0036239495798319325,0.024696362920168066
5,0.75,1.0,crp_dataset_8_1_5.csv|crp_dataset_8_1_6.csv|crp_dataset_8_1_7.csv|crp_dataset_8_1_2.csv|crp_dataset_8_1_1.csv,crp_dataset_8_1_3.csv,0.6019891,0.9999999999935485,0.8959537572202546,155,0,18,83,0.0196044921875,0.00016129032258064516,0.019443201864919355
5,0.75,1.0,crp_dataset_8_1_5.csv|crp_dataset_8_1_6.csv|crp_dataset_8_1_7.csv|crp_dataset_8_1_2.csv|crp_dataset_8_1_4.csv,crp_dataset_8_1_1.csv,0.6113762,0.8815789473568213,0.5317460317418116,67,9,59,121,0.0252685546875,0.0044407894736842105,0.02082776521381579
5,0.75,1.0,crp_dataset_8_1_5.csv|crp_dataset_8_1_6.csv|crp_dataset_8_1_7.csv|crp_dataset_8_1_2.csv|crp_dataset_8_1_4.csv,crp_dataset_8_1_8.csv,0.6113762,0.8118811881107735,0.5942028985464188,82,19,56,99,0.0283203125,0.006064356435643563,0.022255956064356437
5,0.75,1.0,crp_dataset_8_1_5.csv|crp_dataset_8_1_6.csv|crp_dataset_8_1_7.csv|crp_dataset_8_1_2.csv|crp_dataset_8_1_4.csv,crp_dataset_8_1_3.csv,0.6113762,0.999999999992,0.7225433525969795,125,0,48,83,0.0196044921875,5e-05,0.019554492187499998
5,0.75,1.0,crp_dataset_8_1_5.csv|crp_dataset_8_1_6.csv|crp_dataset_8_1_7.csv|crp_dataset_8_1_2.csv|crp_dataset_8_1_8.csv,crp_dataset_8_1_1.csv,0.61637014,0.9999999999913043,0.912698412691169,115,0,11,130,0.0252685546875,0.0002717391304347826,0.02499681555706522
5,0.75,1.0,crp_dataset_8_1_5.csv|crp_dataset_8_1_6.csv|crp_dataset_8_1_7.csv|crp_dataset_8_1_2.csv|crp_dataset_8_1_8.csv,crp_dataset_8_1_4.csv,0.61637014,0.9917355371818865,0.9160305343441525,120,1,11,124,0.023046875,0.00046487603305785124,0.02258199896694215
5,0.75,1.0,crp_dataset_8_1_5.csv|crp_dataset_8_1_6.csv|crp_dataset_8_1_7.csv|crp_dataset_8_1_2.csv|crp_dataset_8_1_8.csv,crp_dataset_8_1_3.csv,0.61637014,0.9999999999927537,0.7976878612670655,138,0,35,83,0.0196044921875,4.528985507246377e-05,0.019559202332427535
5,0.75,1.0,crp_dataset_8_1_5.csv|crp_dataset_8_1_6.csv|crp_dataset_8_1_7.csv|crp_dataset_8_1_2.csv|crp_dataset_8_1_3.csv,crp_dataset_8_1_1.csv,0.6029639,0.8273381294904508,0.912698412691169,115,24,11,106,0.0252685546875,0.005170863309352518,0.020097691378147483
5,0.75,1.0,crp_dataset_8_1_5.csv|crp_dataset_8_1_6.csv|crp_dataset_8_1_7.csv|crp_dataset_8_1_2.csv|crp_dataset_8_1_3.csv,crp_dataset_8_1_4.csv,0.6029639,0.8656716417845846,0.8854961831993474,116,18,15,107,0.023046875,0.006763059701492537,0.016283815298507465
5,0.75,1.0,crp_dataset_8_1_5.csv|crp_dataset_8_1_6.csv|crp_dataset_8_1_7.csv|crp_dataset_8_1_2.csv|crp_dataset_8_1_3.csv,crp_dataset_8_1_8.csv,0.6029639,0.8207547169733891,0.6304347826041273,87,19,51,99,0.0283203125,0.005837264150943397,0.0224830483490566
5,0.75,1.0,crp_dataset_8_1_5.csv|crp_dataset_8_1_6.csv|crp_dataset_8_1_7.csv|crp_dataset_8_1_1.csv|crp_dataset_8_1_4.csv,crp_dataset_8_1_2.csv,0.6454334,0.9425287356213502,0.6890756302463102,82,5,37,132,0.039453125,0.0020114942528735636,0.037441630747126434
5,0.75,1.0,crp_dataset_8_1_5.csv|crp_dataset_8_1_6.csv|crp_dataset_8_1_7.csv|crp_dataset_8_1_1.csv|crp_dataset_8_1_4.csv,crp_dataset_8_1_8.csv,0.6454334,0.9569892473015377,0.6449275362272108,89,4,49,114,0.0283203125,0.002688172043010753,0.025632140456989246
5,0.75,1.0,crp_dataset_8_1_5.csv|crp_dataset_8_1_6.csv|crp_dataset_8_1_7.csv|crp_dataset_8_1_1.csv|crp_dataset_8_1_4.csv,crp_dataset_8_1_3.csv,0.6454334,0.9863945578164192,0.8381502890124963,145,2,28,81,0.0196044921875,0.00034013605442176874,0.019264356133078232
5,0.75,1.0,crp_dataset_8_1_5.csv|crp_dataset_8_1_6.csv|crp_dataset_8_1_7.csv|crp_dataset_8_1_1.csv|crp_dataset_8_1_8.csv,crp_dataset_8_1_2.csv,0.60380507,0.9999999999878049,0.6890756302463102,82,0,37,137,0.039453125,0.0013719512195121953,0.0380811737804878
5,0.75,1.0,crp_dataset_8_1_5.csv|crp_dataset_8_1_6.csv|crp_dataset_8_1_7.csv|crp_dataset_8_1_1.csv|crp_dataset_8_1_8.csv,crp_dataset_8_1_4.csv,0.60380507,0.9765624999923707,0.9541984732751588,125,3,6,122,0.023046875,0.0006835937500000001,0.022363281250000002
5,0.75,1.0,crp_dataset_8_1_5.csv|crp_dataset_8_1_6.csv|crp_dataset_8_1_7.csv|crp_dataset_8_1_1.csv|crp_dataset_8_1_8.csv,crp_dataset_8_1_3.csv,0.60380507,0.9999999999931973,0.849710982654048,147,0,26,83,0.0196044921875,0.00017006802721088437,0.019434424160289114
5,0.75,1.0,crp_dataset_8_1_5.csv|crp_dataset_8_1_6.csv|crp_dataset_8_1_7.csv|crp_dataset_8_1_1.csv|crp_dataset_8_1_3.csv,crp_dataset_8_1_2.csv,0.6071606,0.9999999999907407,0.9075630252024575,108,0,11,137,0.039453125,0.0010416666666666669,0.03841145833333333
5,0.75,1.0,crp_dataset_8_1_5.csv|crp_dataset_8_1_6.csv|crp_dataset_8_1_7.csv|crp_dataset_8_1_1.csv|crp_dataset_8_1_3.csv,crp_dataset_8_1_4.csv,0.6071606,0.9999999999911504,0.8625954198407436,113,0,18,125,0.023046875,0.0002765486725663717,0.02277032632743363
5,0.75,1.0,crp_dataset_8_1_5.csv|crp_dataset_8_1_6.csv|crp_dataset_8_1_7.csv|crp_dataset_8_1_1.csv|crp_dataset_8_1_3.csv,crp_dataset_8_1_8.csv,0.6071606,0.9999999999891304,0.6666666666618358,92,0,46,118,0.0283203125,0.0022418478260869566,0.026078464673913043
5,0.75,1.0,crp_dataset_8_1_5.csv|crp_dataset_8_1_6.csv|crp_dataset_8_1_7.csv|crp_dataset_8_1_4.csv|crp_dataset_8_1_8.csv,crp_dataset_8_1_2.csv,0.6260585,0.9999999999878049,0.6890756302463102,82,0,37,137,0.039453125,0.0013719512195121953,0.0380811737804878
5,0.75,1.0,crp_dataset_8_1_5.csv|crp_dataset_8_1_6.csv|crp_dataset_8_1_7.csv|crp_dataset_8_1_4.csv|crp_dataset_8_1_8.csv,crp_dataset_8_1_1.csv,0.6260585,0.9899999999900999,0.7857142857080499,99,1,27,129,0.0252685546875,0.00025,0.0250185546875
5,0.75,1.0,crp_dataset_8_1_5.csv|crp_dataset_8_1_6.csv|crp_dataset_8_1_7.csv|crp_dataset_8_1_4.csv|crp_dataset_8_1_8.csv,crp_dataset_8_1_3.csv,0.6260585,0.9999999999923664,0.7572254335216346,131,0,42,83,0.0196044921875,4.770992366412214e-05,0.01955678226383588
5,0.75,1.0,crp_dataset_8_1_5.csv|crp_dataset_8_1_6.csv|crp_dataset_8_1_7.csv|crp_dataset_8_1_4.csv|crp_dataset_8_1_3.csv,crp_dataset_8_1_2.csv,0.61478895,0.9999999999907407,0.9075630252024575,108,0,11,137,0.039453125,0.0010416666666666669,0.03841145833333333
5,0.75,1.0,crp_dataset_8_1_5.csv|crp_dataset_8_1_6.csv|crp_dataset_8_1_7.csv|crp_dataset_8_1_4.csv|crp_dataset_8_1_3.csv,crp_dataset_8_1_1.csv,0.61478895,0.9733333333203555,0.5793650793604812,73,2,53,128,0.0252685546875,0.0004166666666666667,0.024851888020833334
5,0.75,1.0,crp_dataset_8_1_5.csv|crp_dataset_8_1_6.csv|crp_dataset_8_1_7.csv|crp_dataset_8_1_4.csv|crp_dataset_8_1_3.csv,crp_dataset_8_1_8.csv,0.61478895,0.9736842105135041,0.5362318840540853,74,2,64,116,0.0283203125,0.003125,0.0251953125
5,0.75,1.0,crp_dataset_8_1_5.csv|crp_dataset_8_1_6.csv|crp_dataset_8_1_7.csv|crp_dataset_8_1_8.csv|crp_dataset_8_1_3.csv,crp_dataset_8_1_2.csv,0.61473924,0.9999999999900989,0.848739495791187,101,0,18,137,0.039453125,0.0012376237623762379,0.03821550123762376
5,0.75,1.0,crp_dataset_8_1_5.csv|crp_dataset_8_1_6.csv|crp_dataset_8_1_7.csv|crp_dataset_8_1_8.csv|crp_dataset_8_1_3.csv,crp_dataset_8_1_1.csv,0.61473924,0.9674796747888823,0.9444444444369489,119,4,7,126,0.0252685546875,0.0007621951219512195,0.02450635956554878
5,0.75,1.0,crp_dataset_8_1_5.csv|crp_dataset_8_1_6.csv|crp_dataset_8_1_7.csv|crp_dataset_8_1_8.csv|crp_dataset_8_1_3.csv,crp_dataset_8_1_4.csv,0.61473924,0.991869918691123,0.931297709916555,122,1,9,124,0.023046875,0.0005081300813008131,0.02253874491869919
5,0.75,1.0,crp_dataset_8_1_5.csv|crp_dataset_8_1_6.csv|crp_dataset_8_1_2.csv|crp_dataset_8_1_1.csv|crp_dataset_8_1_4.csv,crp_dataset_8_1_7.csv,0.66326433,0.9999999999954546,0.9999999999954546,220,0,0,36,0.0095703125,0.00034090909090909094,0.00922940340909091
5,0.75,1.0,crp_dataset_8_1_5.csv|crp_dataset_8_1_6.csv|crp_dataset_8_1_2.csv|crp_dataset_8_1_1.csv|crp_dataset_8_1_4.csv,crp_dataset_8_1_8.csv,0.66326433,0.9166666666590277,0.7971014492695863,110,10,28,108,0.0283203125,0.0035416666666666665,0.024778645833333335
5,0.75,1.0,crp_dataset_8_1_5.csv|crp_dataset_8_1_6.csv|crp_dataset_8_1_2.csv|crp_dataset_8_1_1.csv|crp_dataset_8_1_4.csv,crp_dataset_8_1_3.csv,0.66326433,0.9999999999932433,0.8554913294748238,148,0,25,83,0.0196044921875,0.00016891891891891893,0.01943557326858108
5,0.75,1.0,crp_dataset_8_1_5.csv|crp_dataset_8_1_6.csv|crp_dataset_8_1_2.csv|crp_dataset_8_1_1.csv|crp_dataset_8_1_8.csv,crp_dataset_8_1_7.csv,0.69508034,0.9999999999954546,0.9999999999954546,220,0,0,36,0.0095703125,0.00034090909090909094,0.00922940340909091
5,0.75,1.0,crp_dataset_8_1_5.csv|crp_dataset_8_1_6.csv|crp_dataset_8_1_2.csv|crp_dataset_8_1_1.csv|crp_dataset_8_1_8.csv,crp_dataset_8_1_4.csv,0.69508034,0.9837398373903761,0.9236641221303538,121,2,10,123,0.023046875,0.0005081300813008131,0.02253874491869919
5,0.75,1.0,crp_dataset_8_1_5.csv|crp_dataset_8_1_6.csv|crp_dataset_8_1_2.csv|crp_dataset_8_1_1.csv|crp_dataset_8_1_8.csv,crp_dataset_8_1_3.csv,0.69508034,0.9999999999937108,0.919075144503358,159,0,14,83,0.0196044921875,0.00011792452830188681,0.019486567659198113
5,0.75,1.0,crp_dataset_8_1_5.csv|crp_dataset_8_1_6.csv|crp_dataset_8_1_2.csv|crp_dataset_8_1_1.csv|crp_dataset_8_1_3.csv,crp_dataset_8_1_7.csv,0.6339753,0.9999999999954546,0.9999999999954546,220,0,0,36,0.0095703125,0.00034090909090909094,0.00922940340909091
5,0.75,1.0,crp_dataset_8_1_5.csv|crp_dataset_8_1_6.csv|crp_dataset_8_1_2.csv|crp_dataset_8_1_1.csv|crp_dataset_8_1_3.csv,crp_dataset_8_1_4.csv,0.6339753,0.9913043478174669,0.8702290076269449,114,1,17,124,0.023046875,0.0004347826086956522,0.02261209239130435
5,0.75,1.0,crp_dataset_8_1_5.csv|crp_dataset_8_1_6.csv|crp_dataset_8_1_2.csv|crp_dataset_8_1_1.csv|crp_dataset_8_1_3.csv,crp_dataset_8_1_8.csv,0.6339753,0.954128440358219,0.7536231884003362,104,5,34,113,0.0283203125,0.0028669724770642195,0.02545334002293578
5,0.75,1.0,crp_dataset_8_1_5.csv|crp_dataset_8_1_6.csv|crp_dataset_8_1_2.csv|crp_dataset_8_1_4.csv|crp_dataset_8_1_8.csv,crp_dataset_8_1_7.csv,0.6078844,0.9999999999954546,0.9999999999954546,220,0,0,36,0.0095703125,0.00034090909090909094,0.00922940340909091
5,0.75,1.0,crp_dataset_8_1_5.csv|crp_dataset_8_1_6.csv|crp_dataset_8_1_2.csv|crp_dataset_8_1_4.csv|crp_dataset_8_1_8.csv,crp_dataset_8_1_1.csv,0.6078844,0.9999999999904762,0.8333333333267195,105,0,21,130,0.0252685546875,5.9523809523809524e-05,0.025209030877976192
5,0.75,1.0,crp_dataset_8_1_5.csv|crp_dataset_8_1_6.csv|crp_dataset_8_1_2.csv|crp_dataset_8_1_4.csv|crp_dataset_8_1_8.csv,crp_dataset_8_1_3.csv,0.6078844,0.9999999999931508,0.8439306358332721,146,0,27,83,0.0196044921875,4.280821917808219e-05,0.019561683968321916
5,0.75,1.0,crp_dataset_8_1_5.csv|crp_dataset_8_1_6.csv|crp_dataset_8_1_2.csv|crp_dataset_8_1_4.csv|crp_dataset_8_1_3.csv,crp_dataset_8_1_7.csv,0.6427055,0.9999999999954546,0.9999999999954546,220,0,0,36,0.0095703125,0.00034090909090909094,0.00922940340909091
5,0.75,1.0,crp_dataset_8_1_5.csv|crp_dataset_8_1_6.csv|crp_dataset_8_1_2.csv|crp_dataset_8_1_4.csv|crp_dataset_8_1_3.csv,crp_dataset_8_1_1.csv,0.6427055,0.9418604651053272,0.6428571428520408,81,5,45,125,0.0252685546875,0.0011627906976744186,0.02410576398982558
5,0.75,1.0,crp_dataset_8_1_5.csv|crp_dataset_8_1_6.csv|crp_dataset_8_1_2.csv|crp_dataset_8_1_4.csv|crp_dataset_8_1_3.csv,crp_dataset_8_1_8.csv,0.6427055,0.8947368420958448,0.615942028981044,85,10,53,108,0.0283203125,0.004342105263157894,0.023978207236842106
5,0.75,1.0,crp_dataset_8_1_5.csv|crp_dataset_8_1_6.csv|crp_dataset_8_1_2.csv|crp_dataset_8_1_8.csv|crp_dataset_8_1_3.csv,crp_dataset_8_1_7.csv,0.6030318,0.9999999999954546,0.9999999999954546,220,0,0,36,0.0095703125,0.00034090909090909094,0.00922940340909091
5,0.75,1.0,crp_dataset_8_1_5.csv|crp_dataset_8_1_6.csv|crp_dataset_8_1_2.csv|crp_dataset_8_1_8.csv|crp_dataset_8_1_3.csv,crp_dataset_8_1_1.csv,0.6030318,0.9259259259190673,0.9920634920556185,125,10,1,120,0.0252685546875,0.0020370370370370373,0.02323151765046296
5,0.75,1.0,crp_dataset_8_1_5.csv|crp_dataset_8_1_6.csv|crp_dataset_8_1_2.csv|crp_dataset_8_1_8.csv|crp_dataset_8_1_3.csv,crp_dataset_8_1_4.csv,0.6030318,0.984496124023376,0.9694656488475614,127,2,4,123,0.023046875,0.000678294573643411,0.02236858042635659
5,0.75,1.0,crp_dataset_8_1_5.csv|crp_dataset_8_1_6.csv|crp_dataset_8_1_1.csv|crp_dataset_8_1_4.csv|crp_dataset_8_1_8.csv,crp_dataset_8_1_7.csv,0.6090178,0.9999999999954546,0.9999999999954546,220,0,0,36,0.0095703125,0.00034090909090909094,0.00922940340909091
5,0.75,1.0,crp_dataset_8_1_5.csv|crp_dataset_8_1_6.csv|crp_dataset_8_1_1.csv|crp_dataset_8_1_4.csv|crp_dataset_8_1_8.csv,crp_dataset_8_1_2.csv,0.6090178,0.9999999999878049,0.6890756302463102,82,0,37,137,0.039453125,0.0013719512195121953,0.0380811737804878
5,0.75,1.0,crp_dataset_8_1_5.csv|crp_dataset_8_1_6.csv|crp_dataset_8_1_1.csv|crp_dataset_8_1_4.csv|crp_dataset_8_1_8.csv,crp_dataset_8_1_3.csv,0.6090178,0.9999999999932433,0.8554913294748238,148,0,25,83,0.0196044921875,0.00016891891891891893,0.01943557326858108
5,0.75,1.0,crp_dataset_8_1_5.csv|crp_dataset_8_1_6.csv|crp_dataset_8_1_1.csv|crp_dataset_8_1_4.csv|crp_dataset_8_1_3.csv,crp_dataset_8_1_7.csv,0.66117334,0.9999999999954546,0.9999999999954546,220,0,0,36,0.0095703125,0.00034090909090909094,0.00922940340909091
5,0.75,1.0,crp_dataset_8_1_5.csv|crp_dataset_8_1_6.csv|crp_dataset_8_1_1.csv|crp_dataset_8_1_4.csv|crp_dataset_8_1_3.csv,crp_dataset_8_1_2.csv,0.66117334,0.9999999999907407,0.9075630252024575,108,0,11,137,0.039453125,0.0010416666666666669,0.03841145833333333
5,0.75,1.0,crp_dataset_8_1_5.csv|crp_dataset_8_1_6.csv|crp_dataset_8_1_1.csv|crp_dataset_8_1_4.csv|crp_dataset_8_1_3.csv,crp_dataset_8_1_8.csv,0.66117334,0.9449541284316977,0.7463768115887944,103,6,35,112,0.0283203125,0.0028096330275229355,0.025510679472477066
5,0.75,1.0,crp_dataset_8_1_5.csv|crp_dataset_8_1_6.csv|crp_dataset_8_1_1.csv|crp_dataset_8_1_8.csv|crp_dataset_8_1_3.csv,crp_dataset_8_1_7.csv,0.6415706,0.9999999999954546,0.9999999999954546,220,0,0,36,0.0095703125,0.00034090909090909094,0.00922940340909091
5,0.75,1.0,crp_dataset_8_1_5.csv|crp_dataset_8_1_6.csv|crp_dataset_8_1_1.csv|crp_dataset_8_1_8.csv|crp_dataset_8_1_3.csv,crp_dataset_8_1_2.csv,0.6415706,0.9999999999901961,0.8571428571356542,102,0,17,137,0.039453125,0.00116421568627451,0.038288909313725486
5,0.75,1.0,crp_dataset_8_1_5.csv|crp_dataset_8_1_6.csv|crp_dataset_8_1_1.csv|crp_dataset_8_1_8.csv|crp_dataset_8_1_3.csv,crp_dataset_8_1_4.csv,0.6415706,0.984496124023376,0.9694656488475614,127,2,4,123,0.023046875,0.0005329457364341085,0.022513929263565893
5,0.75,1.0,crp_dataset_8_1_5.csv|crp_dataset_8_1_6.csv|crp_dataset_8_1_4.csv|crp_dataset_8_1_8.csv|crp_dataset_8_1_3.csv,crp_dataset_8_1_7.csv,0.64403325,0.9999999999954546,0.9999999999954546,220,0,0,36,0.0095703125,0.00034090909090909094,0.00922940340909091
5,0.75,1.0,crp_dataset_8_1_5.csv|crp_dataset_8_1_6.csv|crp_dataset_8_1_4.csv|crp_dataset_8_1_8.csv|crp_dataset_8_1_3.csv,crp_dataset_8_1_2.csv,0.64403325,0.9999999999883721,0.7226890756241791,86,0,33,137,0.039453125,0.0013081395348837213,0.03814498546511628
5,0.75,1.0,crp_dataset_8_1_5.csv|crp_dataset_8_1_6.csv|crp_dataset_8_1_4.csv|crp_dataset_8_1_8.csv|crp_dataset_8_1_3.csv,crp_dataset_8_1_1.csv,0.64403325,0.9754098360575786,0.9444444444369489,119,3,7,127,0.0252685546875,0.0005635245901639345,0.024705030097336066
5,0.75,1.0,crp_dataset_8_1_5.csv|crp_dataset_8_1_7.csv|crp_dataset_8_1_2.csv|crp_dataset_8_1_1.csv|crp_dataset_8_1_4.csv,crp_dataset_8_1_6.csv,0.675598,0.9729729729642074,0.7714285714230613,108,3,32,113,0.026928710937499996,0.0015765765765765767,0.025352134360923418
5,0.75,1.0,crp_dataset_8_1_5.csv|crp_dataset_8_1_7.csv|crp_dataset_8_1_2.csv|crp_dataset_8_1_1.csv|crp_dataset_8_1_4.csv,crp_dataset_8_1_8.csv,0.675598,0.9999999999876543,0.5869565217348772,81,0,57,118,0.0283203125,0.002237654320987655,0.026082658179012345
5,0.75,1.0,crp_dataset_8_1_5.csv|crp_dataset_8_1_7.csv|crp_dataset_8_1_2.csv|crp_dataset_8_1_1.csv|crp_dataset_8_1_4.csv,crp_dataset_8_1_3.csv,0.675598,0.9999999999935898,0.9017341040410305,156,0,17,83,0.0196044921875,0.00012019230769230771,0.019484299879807692
5,0.75,1.0,crp_dataset_8_1_5.csv|crp_dataset_8_1_7.csv|crp_dataset_8_1_2.csv|crp_dataset_8_1_1.csv|crp_dataset_8_1_8.csv,crp_dataset_8_1_6.csv,0.62619853,0.9579831932692606,0.814285714279898,114,5,26,111,0.026928710937499996,0.0023634453781512603,0.024565265559348737
5,0.75,1.0,crp_dataset_8_1_5.csv|crp_dataset_8_1_7.csv|crp_dataset_8_1_2.csv|crp_dataset_8_1_1.csv|crp_dataset_8_1_8.csv,crp_dataset_8_1_4.csv,0.62619853,0.9999999999911504,0.8625954198407436,113,0,18,125,0.023046875,0.0003871681415929204,0.02265970685840708
5,0.75,1.0,crp_dataset_8_1_5.csv|crp_dataset_8_1_7.csv|crp_dataset_8_1_2.csv|crp_dataset_8_1_1.csv|crp_dataset_8_1_8.csv,crp_dataset_8_1_3.csv,0.62619853,0.9873417721456498,0.9017341040410305,156,2,17,81,0.0196044921875,0.0008702531645569621,0.018734239022943036
5,0.75,1.0,crp_dataset_8_1_5.csv|crp_dataset_8_1_7.csv|crp_dataset_8_1_2.csv|crp_dataset_8_1_1.csv|crp_dataset_8_1_3.csv,crp_dataset_8_1_6.csv,0.69125205,0.9909090909000826,0.7785714285658674,109,1,31,115,0.026928710937499996,0.000625,0.026303710937499995
5,0.75,1.0,crp_dataset_8_1_5.csv|crp_dataset_8_1_7.csv|crp_dataset_8_1_2.csv|crp_dataset_8_1_1.csv|crp_dataset_8_1_3.csv,crp_dataset_8_1_4.csv,0.69125205,0.9999999999911504,0.8625954198407436,113,0,18,125,0.023046875,0.0002765486725663717,0.02277032632743363
5,0.75,1.0,crp_dataset_8_1_5.csv|crp_dataset_8_1_7.csv|crp_dataset_8_1_2.csv|crp_dataset_8_1_1.csv|crp_dataset_8_1_3.csv,crp_dataset_8_1_8.csv,0.69125205,0.9999999999870129,0.5579710144887104,77,0,61,118,0.0283203125,0.0023538961038961042,0.025966416396103895
5,0.75,1.0,crp_dataset_8_1_5.csv|crp_dataset_8_1_7.csv|crp_dataset_8_1_2.csv|crp_dataset_8_1_4.csv|crp_dataset_8_1_8.csv,crp_dataset_8_1_6.csv,0.60818136,0.9999999999878049,0.5857142857101021,82,0,58,116,0.026928710937499996,0.0002286585365853659,0.02670005240091463
5,0.75,1.0,crp_dataset_8_1_5.csv|crp_dataset_8_1_7.csv|crp_dataset_8_1_2.csv|crp_dataset_8_1_4.csv|crp_dataset_8_1_8.csv,crp_dataset_8_1_1.csv,0.60818136,0.9999999999870129,0.611111111106261,77,0,49,130,0.0252685546875,8.116883116883117e-05,0.02518738585633117
5,0.75,1.0,crp_dataset_8_1_5.csv|crp_dataset_8_1_7.csv|crp_dataset_8_1_2.csv|crp_dataset_8_1_4.csv|crp_dataset_8_1_8.csv,crp_dataset_8_1_3.csv,0.60818136,0.9999999999926471,0.7861271676255137,136,0,37,83,0.0196044921875,0.0,0.0196044921875
5,0.75,1.0,crp_dataset_8_1_5.csv|crp_dataset_8_1_7.csv|crp_dataset_8_1_2.csv|crp_dataset_8_1_4.csv|crp_dataset_8_1_3.csv,crp_dataset_8_1_6.csv,0.60597765,0.9339622641421323,0.7071428571378062,99,7,41,109,0.026928710937499996,0.0033608490566037733,0.023567861880896223
5,0.75,1.0,crp_dataset_8_1_5.csv|crp_dataset_8_1_7.csv|crp_dataset_8_1_2.csv|crp_dataset_8_1_4.csv|crp_dataset_8_1_3.csv,crp_dataset_8_1_1.csv,0.60597765,0.9999999999850746,0.5317460317418116,67,0,59,130,0.0252685546875,9.328358208955224e-05,0.025175271105410447
5,0.75,1.0,crp_dataset_8_1_5.csv|crp_dataset_8_1_7.csv|crp_dataset_8_1_2.csv|crp_dataset_8_1_4.csv|crp_dataset_8_1_3.csv,crp_dataset_8_1_8.csv,0.60597765,0.9864864864731555,0.5289855072425437,73,1,65,117,0.0283203125,0.0029560810810810812,0.025364231418918918
5,0.75,1.0,crp_dataset_8_1_5.csv|crp_dataset_8_1_7.csv|crp_dataset_8_1_2.csv|crp_dataset_8_1_8.csv|crp_dataset_8_1_3.csv,crp_dataset_8_1_6.csv,0.6206694,0.9270072992633066,0.9071428571363777,127,10,13,106,0.026928710937499996,0.0034215328467153286,0.023507178090784668
5,0.75,1.0,crp_dataset_8_1_5.csv|crp_dataset_8_1_7.csv|crp_dataset_8_1_2.csv|crp_dataset_8_1_8.csv|crp_dataset_8_1_3.csv,crp_dataset_8_1_1.csv,0.6206694,0.9669421487523393,0.9285714285640589,117,4,9,126,0.0252685546875,0.0009297520661157025,0.024338802621384298
5,0.75,1.0,crp_dataset_8_1_5.csv|crp_dataset_8_1_7.csv|crp_dataset_8_1_2.csv|crp_dataset_8_1_8.csv|crp_dataset_8_1_3.csv,crp_dataset_8_1_4.csv,0.6206694,0.9669421487523393,0.8931297709855487,117,4,14,121,0.023046875,0.0017561983471074377,0.021290676652892564
5,0.75,1.0,crp_dataset_8_1_5.csv|crp_dataset_8_1_7.csv|crp_dataset_8_1_1.csv|crp_dataset_8_1_4.csv|crp_dataset_8_1_8.csv,crp_dataset_8_1_6.csv,0.6919881,0.9640287769714819,0.9571428571360204,134,5,6,111,0.026928710937499996,0.0013039568345323742,0.02562475410296762
5,0.75,1.0,crp_dataset_8_1_5.csv|crp_dataset_8_1_7.csv|crp_dataset_8_1_1.csv|crp_dataset_8_1_4.csv|crp_dataset_8_1_8.csv,crp_dataset_8_1_2.csv,0.6919881,0.9999999999878049,0.6890756302463102,82,0,37,137,0.039453125,0.0013719512195121953,0.0380811737804878
5,0.75,1.0,crp_dataset_8_1_5.csv|crp_dataset_8_1_7.csv|crp_dataset_8_1_1.csv|crp_dataset_8_1_4.csv|crp_dataset_8_1_8.csv,crp_dataset_8_1_3.csv,0.6919881,0.9999999999931973,0.849710982654048,147,0,26,83,0.0196044921875,0.00012755102040816328,0.019476941167091835
5,0.75,1.0,crp_dataset_8_1_5.csv|crp_dataset_8_1_7.csv|crp_dataset_8_1_1.csv|crp_dataset_8_1_4.csv|crp_dataset_8_1_3.csv,crp_dataset_8_1_6.csv,0.61630875,0.8709677419298648,0.9642857142788266,135,20,5,96,0.026928710937499996,0.005161290322580645,0.02176742061491935
5,0.75,1.0,crp_dataset_8_1_5.csv|crp_dataset_8_1_7.csv|crp_dataset_8_1_1.csv|crp_dataset_8_1_4.csv|crp_dataset_8_1_3.csv,crp_dataset_8_1_2.csv,0.61630875,0.9999999999878049,0.6890756302463102,82,0,37,137,0.039453125,0.0013719512195121953,0.0380811737804878
5,0.75,1.0,crp_dataset_8_1_5.csv|crp_dataset_8_1_7.csv|crp_dataset_8_1_1.csv|crp_dataset_8_1_4.csv|crp_dataset_8_1_3.csv,crp_dataset_8_1_8.csv,0.61630875,0.9999999999878049,0.5942028985464188,82,0,56,118,0.0283203125,0.002210365853658537,0.02610994664634146
5,0.75,1.0,crp_dataset_8_1_5.csv|crp_dataset_8_1_7.csv|crp_dataset_8_1_1.csv|crp_dataset_8_1_8.csv|crp_dataset_8_1_3.csv,crp_dataset_8_1_6.csv,0.6112634,0.9395973154299356,0.9999999999928573,140,9,0,107,0.026928710937499996,0.002474832214765101,0.024453878722734895
5,0.75,1.0,crp_dataset_8_1_5.csv|crp_dataset_8_1_7.csv|crp_dataset_8_1_1.csv|crp_dataset_8_1_8.csv|crp_dataset_8_1_3.csv,crp_dataset_8_1_2.csv,0.6112634,0.9999999999895833,0.806722689068851,96,0,23,137,0.039453125,0.001171875,0.038281249999999996
5,0.75,1.0,crp_dataset_8_1_5.csv|crp_dataset_8_1_7.csv|crp_dataset_8_1_1.csv|crp_dataset_8_1_8.csv|crp_dataset_8_1_3.csv,crp_dataset_8_1_4.csv,0.6112634,0.9917355371818865,0.9160305343441525,120,1,11,124,0.023046875,0.0005165289256198347,0.02253034607438017
5,0.75,1.0,crp_dataset_8_1_5.csv|crp_dataset_8_1_7.csv|crp_dataset_8_1_4.csv|crp_dataset_8_1_8.csv|crp_dataset_8_1_3.csv,crp_dataset_8_1_6.csv,0.6151247,0.9194630872421513,0.9785714285644388,137,12,3,104,0.026928710937499996,0.0028523489932885905,0.024076361944211404
5,0.75,1.0,crp_dataset_8_1_5.csv|crp_dataset_8_1_7.csv|crp_dataset_8_1_4.csv|crp_dataset_8_1_8.csv|crp_dataset_8_1_3.csv,crp_dataset_8_1_2.csv,0.6151247,0.9999999999878049,0.6890756302463102,82,0,37,137,0.039453125,0.0013719512195121953,0.0380811737804878
5,0.75,1.0,crp_dataset_8_1_5.csv|crp_dataset_8_1_7.csv|crp_dataset_8_1_4.csv|crp_dataset_8_1_8.csv|crp_dataset_8_1_3.csv,crp_dataset_8_1_1.csv,0.6151247,0.9907407407315671,0.8492063491996095,107,1,19,129,0.0252685546875,0.0004050925925925926,0.024863462094907408
5,0.75,1.0,crp_dataset_8_1_5.csv|crp_dataset_8_1_2.csv|crp_dataset_8_1_1.csv|crp_dataset_8_1_4.csv|crp_dataset_8_1_8.csv,crp_dataset_8_1_6.csv,0.6163376,0.9366197183032633,0.9499999999932144,133,9,7,107,0.026928710937499996,0.0024207746478873238,0.02450793628961267
5,0.75,1.0,crp_dataset_8_1_5.csv|crp_dataset_8_1_2.csv|crp_dataset_8_1_1.csv|crp_dataset_8_1_4.csv|crp_dataset_8_1_8.csv,crp_dataset_8_1_7.csv,0.6163376,0.9999999999954546,0.9999999999954546,220,0,0,36,0.0095703125,0.00034090909090909094,0.00922940340909091
5,0.75,1.0,crp_dataset_8_1_5.csv|crp_dataset_8_1_2.csv|crp_dataset_8_1_1.csv|crp_dataset_8_1_4.csv|crp_dataset_8_1_8.csv,crp_dataset_8_1_3.csv,0.6163376,0.9883720930175095,0.9826589595318922,170,2,3,81,0.0196044921875,0.0007630813953488374,0.018841410792151164
5,0.75,1.0,crp_dataset_8_1_5.csv|crp_dataset_8_1_2.csv|crp_dataset_8_1_1.csv|crp_dataset_8_1_4.csv|crp_dataset_8_1_3.csv,crp_dataset_8_1_6.csv,0.6161261,0.8823529411707036,0.9642857142788266,135,18,5,98,0.026928710937499996,0.005065359477124183,0.021863351460375813
5,0.75,1.0,crp_dataset_8_1_5.csv|crp_dataset_8_1_2.csv|crp_dataset_8_1_1.csv|crp_dataset_8_1_4.csv|crp_dataset_8_1_3.csv,crp_dataset_8_1_7.csv,0.6161261,0.9999999999954546,0.9999999999954546,220,0,0,36,0.0095703125,0.00034090909090909094,0.00922940340909091
5,0.75,1.0,crp_dataset_8_1_5.csv|crp_dataset_8_1_2.csv|crp_dataset_8_1_1.csv|crp_dataset_8_1_4.csv|crp_dataset_8_1_3.csv,crp_dataset_8_1_8.csv,0.6161261,0.9174311926521336,0.7246376811541694,100,9,38,109,0.0283203125,0.0036697247706422016,0.024650587729357798
5,0.75,1.0,crp_dataset_8_1_5.csv|crp_dataset_8_1_2.csv|crp_dataset_8_1_1.csv|crp_dataset_8_1_8.csv|crp_dataset_8_1_3.csv,crp_dataset_8_1_6.csv,0.6276215,0.9333333333271112,0.9999999999928573,140,10,0,106,0.026928710937499996,0.0025833333333333333,0.024345377604166663
5,0.75,1.0,crp_dataset_8_1_5.csv|crp_dataset_8_1_2.csv|crp_dataset_8_1_1.csv|crp_dataset_8_1_8.csv|crp_dataset_8_1_3.csv,crp_dataset_8_1_7.csv,0.6276215,0.9999999999954546,0.9999999999954546,220,0,0,36,0.0095703125,0.00034090909090909094,0.00922940340909091
5,0.75,1.0,crp_dataset_8_1_5.csv|crp_dataset_8_1_2.csv|crp_dataset_8_1_1.csv|crp_dataset_8_1_8.csv|crp_dataset_8_1_3.csv,crp_dataset_8_1_4.csv,0.6276215,0.9999999999915966,0.9083969465579512,119,0,12,125,0.023046875,0.0004201680672268908,0.022626706932773112
5,0.75,1.0,crp_dataset_8_1_5.csv|crp_dataset_8_1_2.csv|crp_dataset_8_1_4.csv|crp_dataset_8_1_8.csv|crp_dataset_8_1_3.csv,crp_dataset_8_1_6.csv,0.6049416,0.9452054794455809,0.985714285707245,138,8,2,108,0.026928710937499996,0.0020976027397260275,0.02483110819777397
5,0.75,1.0,crp_dataset_8_1_5.csv|crp_dataset_8_1_2.csv|crp_dataset_8_1_4.csv|crp_dataset_8_1_8.csv|crp_dataset_8_1_3.csv,crp_dataset_8_1_7.csv,0.6049416,0.9999999999954546,0.9999999999954546,220,0,0,36,0.0095703125,0.00034090909090909094,0.00922940340909091
5,0.75,1.0,crp_dataset_8_1_5.csv|crp_dataset_8_1_2.csv|crp_dataset_8_1_4.csv|crp_dataset_8_1_8.csv|crp_dataset_8_1_3.csv,crp_dataset_8_1_1.csv,0.6049416,0.9819819819731352,0.8650793650724994,109,2,17,128,0.0252685546875,0.00045045045045045046,0.02481810423704955
5,0.75,1.0,crp_dataset_8_1_5.csv|crp_dataset_8_1_1.csv|crp_dataset_8_1_4.csv|crp_dataset_8_1_8.csv|crp_dataset_8_1_3.csv,crp_dataset_8_1_6.csv,0.6007622,0.9459459459395545,0.9999999999928573,140,8,0,108,0.026928710937499996,0.002364864864864865,0.02456384607263513
5,0.75,1.0,crp_dataset_8_1_5.csv|crp_dataset_8_1_1.csv|crp_dataset_8_1_4.csv|crp_dataset_8_1_8.csv|crp_dataset_8_1_3.csv,crp_dataset_8_1_7.csv,0.6007622,0.9999999999954546,0.9999999999954546,220,0,0,36,0.0095703125,0.00034090909090909094,0.00922940340909091
5,0.75,1.0,crp_dataset_8_1_5.csv|crp_dataset_8_1_1.csv|crp_dataset_8_1_4.csv|crp_dataset_8_1_8.csv|crp_dataset_8_1_3.csv,crp_dataset_8_1_2.csv,0.6007622,0.9999999999882353,0.7142857142797119,85,0,34,137,0.039453125,0.001323529411764706,0.038129595588235296
5,0.75,1.0,crp_dataset_8_1_6.csv|crp_dataset_8_1_7.csv|crp_dataset_8_1_2.csv|crp_dataset_8_1_1.csv|crp_dataset_8_1_4.csv,crp_dataset_8_1_5.csv,0.62515783,0.987654320975461,0.799999999992,80,1,20,155,0.039282226562499994,0.001697530864197531,0.037584695698302466
5,0.75,1.0,crp_dataset_8_1_6.csv|crp_dataset_8_1_7.csv|crp_dataset_8_1_2.csv|crp_dataset_8_1_1.csv|crp_dataset_8_1_4.csv,crp_dataset_8_1_8.csv,0.62515783,0.9464285714201212,0.7681159420234195,106,6,32,112,0.0283203125,0.0031249999999999997,0.0251953125
5,0.75,1.0,crp_dataset_8_1_6.csv|crp_dataset_8_1_7.csv|crp_dataset_8_1_2.csv|crp_dataset_8_1_1.csv|crp_dataset_8_1_4.csv,crp_dataset_8_1_3.csv,0.62515783,0.9999999999930557,0.8323699421917204,144,0,29,83,0.0196044921875,0.00017361111111111112,0.01943088107638889
5,0.75,1.0,crp_dataset_8_1_6.csv|crp_dataset_8_1_7.csv|crp_dataset_8_1_2.csv|crp_dataset_8_1_1.csv|crp_dataset_8_1_8.csv,crp_dataset_8_1_5.csv,0.6048403,0.9999999999870129,0.7699999999923,77,0,23,156,0.039282226562499994,0.0013798701298701301,0.03790235643262987
5,0.75,1.0,crp_dataset_8_1_6.csv|crp_dataset_8_1_7.csv|crp_dataset_8_1_2.csv|crp_dataset_8_1_1.csv|crp_dataset_8_1_8.csv,crp_dataset_8_1_4.csv,0.6048403,0.9915966386471294,0.90076335877175,118,1,13,124,0.023046875,0.0005252100840336134,0.022521664915966386
5,0.75,1.0,crp_dataset_8_1_6.csv|crp_dataset_8_1_7.csv|crp_dataset_8_1_2.csv|crp_dataset_8_1_1.csv|crp_dataset_8_1_8.csv,crp_dataset_8_1_3.csv,0.6048403,0.9935064935000423,0.884393063578703,153,1,20,82,0.0196044921875,0.0008928571428571429,0.018711635044642856
5,0.75,1.0,crp_dataset_8_1_6.csv|crp_dataset_8_1_7.csv|crp_dataset_8_1_2.csv|crp_dataset_8_1_1.csv|crp_dataset_8_1_3.csv,crp_dataset_8_1_5.csv,0.6873583,0.9999999999873417,0.7899999999921,79,0,21,156,0.039282226562499994,0.0013449367088607597,0.037937289853639235
5,0.75,1.0,crp_dataset_8_1_6.csv|crp_dataset_8_1_7.csv|crp_dataset_8_1_2.csv|crp_dataset_8_1_1.csv|crp_dataset_8_1_3.csv,crp_dataset_8_1_4.csv,0.6873583,0.9999999999910714,0.8549618320545423,112,0,19,125,0.023046875,0.00027901785714285713,0.022767857142857145
5,0.75,1.0,crp_dataset_8_1_6.csv|crp_dataset_8_1_7.csv|crp_dataset_8_1_2.csv|crp_dataset_8_1_1.csv|crp_dataset_8_1_3.csv,crp_dataset_8_1_8.csv,0.6873583,0.9999999999888889,0.6521739130387524,90,0,48,118,0.0283203125,0.0021527777777777778,0.026167534722222222
5,0.75,1.0,crp_dataset_8_1_6.csv|crp_dataset_8_1_7.csv|crp_dataset_8_1_2.csv|crp_dataset_8_1_4.csv|crp_dataset_8_1_8.csv,crp_dataset_8_1_5.csv,0.60557276,0.9999999999876543,0.8099999999919,81,0,19,156,0.039282226562499994,0.001388888888888889,0.037893337673611104
5,0.75,1.0,crp_dataset_8_1_6.csv|crp_dataset_8_1_7.csv|crp_dataset_8_1_2.csv|crp_dataset_8_1_4.csv|crp_dataset_8_1_8.csv,crp_dataset_8_1_1.csv,0.60557276,0.9754098360575786,0.9444444444369489,119,3,7,127,0.0252685546875,0.0007172131147540984,0.0245513415727459
5,0.75,1.0,crp_dataset_8_1_6.csv|crp_dataset_8_1_7.csv|crp_dataset_8_1_2.csv|crp_dataset_8_1_4.csv|crp_dataset_8_1_8.csv,crp_dataset_8_1_3.csv,0.60557276,0.9999999999928573,0.8092485549086171,140,0,33,83,0.0196044921875,0.00013392857142857144,0.019470563616071426
5,0.75,1.0,crp_dataset_8_1_6.csv|crp_dataset_8_1_7.csv|crp_dataset_8_1_2.csv|crp_dataset_8_1_4.csv|crp_dataset_8_1_3.csv,crp_dataset_8_1_5.csv,0.62950104,0.9999999999885058,0.8699999999913,87,0,13,156,0.039282226562499994,0.0012212643678160922,0.038060962194683905
5,0.75,1.0,crp_dataset_8_1_6.csv|crp_dataset_8_1_7.csv|crp_dataset_8_1_2.csv|crp_dataset_8_1_4.csv|crp_dataset_8_1_3.csv,crp_dataset_8_1_1.csv,0.62950104,0.951807228904195,0.6269841269791508,79,4,47,126,0.0252685546875,0.0008283132530120483,0.02444024143448795
5,0.75,1.0,crp_dataset_8_1_6.csv|crp_dataset_8_1_7.csv|crp_dataset_8_1_2.csv|crp_dataset_8_1_4.csv|crp_dataset_8_1_3.csv,crp_dataset_8_1_8.csv,0.62950104,0.8383838383753698,0.6014492753579606,83,16,55,102,0.0283203125,0.005050505050505051,0.023269807449494948
5,0.75,1.0,crp_dataset_8_1_6.csv|crp_dataset_8_1_7.csv|crp_dataset_8_1_2.csv|crp_dataset_8_1_8.csv|crp_dataset_8_1_3.csv,crp_dataset_8_1_5.csv,0.6118495,0.9999999999880952,0.8399999999916,84,0,16,156,0.039282226562499994,0.0015625000000000003,0.03771972656249999
5,0.75,1.0,crp_dataset_8_1_6.csv|crp_dataset_8_1_7.csv|crp_dataset_8_1_2.csv|crp_dataset_8_1_8.csv|crp_dataset_8_1_3.csv,crp_dataset_8_1_1.csv,0.6118495,0.9354838709601977,0.920634920627614,116,8,10,122,0.0252685546875,0.0015120967741935483,0.023756457913306453
5,0.75,1.0,crp_dataset_8_1_6.csv|crp_dataset_8_1_7.csv|crp_dataset_8_1_2.csv|crp_dataset_8_1_8.csv|crp_dataset_8_1_3.csv,crp_dataset_8_1_4.csv,0.6118495,0.9913793103362811,0.8778625954131462,115,1,16,124,0.023046875,0.0005387931034482759,0.022508081896551724
5,0.75,1.0,crp_dataset_8_1_6.csv|crp_dataset_8_1_7.csv|crp_dataset_8_1_1.csv|crp_dataset_8_1_4.csv|crp_dataset_8_1_8.csv,crp_dataset_8_1_5.csv,0.6044324,0.9756097560856632,0.799999999992,80,2,20,154,0.039282226562499994,0.0019054878048780487,0.037376738757621944
5,0.75,1.0,crp_dataset_8_1_6.csv|crp_dataset_8_1_7.csv|crp_dataset_8_1_1.csv|crp_dataset_8_1_4.csv|crp_dataset_8_1_8.csv,crp_dataset_8_1_2.csv,0.6044324,0.9999999999878049,0.6890756302463102,82,0,37,137,0.039453125,0.0013719512195121953,0.0380811737804878
5,0.75,1.0,crp_dataset_8_1_6.csv|crp_dataset_8_1_7.csv|crp_dataset_8_1_1.csv|crp_dataset_8_1_4.csv|crp_dataset_8_1_8.csv,crp_dataset_8_1_3.csv,0.6044324,0.9932885905973605,0.8554913294748238,148,1,25,82,0.0196044921875,0.0009228187919463088,0.01868167339555369
5,0.75,1.0,crp_dataset_8_1_6.csv|crp_dataset_8_1_7.csv|crp_dataset_8_1_1.csv|crp_dataset_8_1_4.csv|crp_dataset_8_1_3.csv,crp_dataset_8_1_5.csv,0.6164899,0.9999999999870129,0.7699999999923,77,0,23,156,0.039282226562499994,0.0013798701298701301,0.03790235643262987
5,0.75,1.0,crp_dataset_8_1_6.csv|crp_dataset_8_1_7.csv|crp_dataset_8_1_1.csv|crp_dataset_8_1_4.csv|crp_dataset_8_1_3.csv,crp_dataset_8_1_2.csv,0.6164899,0.9999999999878049,0.6890756302463102,82,0,37,137,0.039453125,0.0013719512195121953,0.0380811737804878
5,0.75,1.0,crp_dataset_8_1_6.csv|crp_dataset_8_1_7.csv|crp_dataset_8_1_1.csv|crp_dataset_8_1_4.csv|crp_dataset_8_1_3.csv,crp_dataset_8_1_8.csv,0.6164899,0.9999999999883721,0.6231884057925856,86,0,52,118,0.0283203125,0.002107558139534884,0.026212754360465117
5,0.75,1.0,crp_dataset_8_1_6.csv|crp_dataset_8_1_7.csv|crp_dataset_8_1_1.csv|crp_dataset_8_1_8.csv|crp_dataset_8_1_3.csv,crp_dataset_8_1_5.csv,0.6738134,0.9999999999870129,0.7699999999923,77,0,23,156,0.039282226562499994,0.0013798701298701301,0.03790235643262987
5,0.75,1.0,crp_dataset_8_1_6.csv|crp_dataset_8_1_7.csv|crp_dataset_8_1_1.csv|crp_dataset_8_1_8.csv|crp_dataset_8_1_3.csv,crp_dataset_8_1_2.csv,0.6738134,0.9999999999878049,0.6890756302463102,82,0,37,137,0.039453125,0.0013719512195121953,0.0380811737804878
5,0.75,1.0,crp_dataset_8_1_6.csv|crp_dataset_8_1_7.csv|crp_dataset_8_1_1.csv|crp_dataset_8_1_8.csv|crp_dataset_8_1_3.csv,crp_dataset_8_1_4.csv,0.6738134,0.9912280701667436,0.8625954198407436,113,1,18,124,0.023046875,0.000493421052631579,0.02255345394736842
5,0.75,1.0,crp_dataset_8_1_6.csv|crp_dataset_8_1_7.csv|crp_dataset_8_1_4.csv|crp_dataset_8_1_8.csv|crp_dataset_8_1_3.csv,crp_dataset_8_1_5.csv,0.6185899,0.9756097560856632,0.799999999992,80,2,20,154,0.039282226562499994,0.0018292682926829272,0.037452958269817066
5,0.75,1.0,crp_dataset_8_1_6.csv|crp_dataset_8_1_7.csv|crp_dataset_8_1_4.csv|crp_dataset_8_1_8.csv|crp_dataset_8_1_3.csv,crp_dataset_8_1_2.csv,0.6185899,0.9999999999878049,0.6890756302463102,82,0,37,137,0.039453125,0.0013719512195121953,0.0380811737804878
5,0.75,1.0,crp_dataset_8_1_6.csv|crp_dataset_8_1_7.csv|crp_dataset_8_1_4.csv|crp_dataset_8_1_8.csv|crp_dataset_8_1_3.csv,crp_dataset_8_1_1.csv,0.6185899,0.9603174603098388,0.9603174603098388,121,5,5,125,0.0252685546875,0.0009424603174603175,0.024326094370039682
5,0.75,1.0,crp_dataset_8_1_6.csv|crp_dataset_8_1_2.csv|crp_dataset_8_1_1.csv|crp_dataset_8_1_4.csv|crp_dataset_8_1_8.csv,crp_dataset_8_1_5.csv,0.6324007,0.9882352941060207,0.8399999999916,84,1,16,155,0.039282226562499994,0.0014705882352941176,0.037811638327205875
5,0.75,1.0,crp_dataset_8_1_6.csv|crp_dataset_8_1_2.csv|crp_dataset_8_1_1.csv|crp_dataset_8_1_4.csv|crp_dataset_8_1_8.csv,crp_dataset_8_1_7.csv,0.6324007,0.9999999999954546,0.9999999999954546,220,0,0,36,0.0095703125,0.00034090909090909094,0.00922940340909091
5,0.75,1.0,crp_dataset_8_1_6.csv|crp_dataset_8_1_2.csv|crp_dataset_8_1_1.csv|crp_dataset_8_1_4.csv|crp_dataset_8_1_8.csv,crp_dataset_8_1_3.csv,0.6324007,0.9999999999934641,0.884393063578703,153,0,20,83,0.0196044921875,0.00012254901960784316,0.019481943167892157
5,0.75,1.0,crp_dataset_8_1_6.csv|crp_dataset_8_1_2.csv|crp_dataset_8_1_1.csv|crp_dataset_8_1_4.csv|crp_dataset_8_1_3.csv,crp_dataset_8_1_5.csv,0.6301825,0.9890109890001207,0.899999999991,90,1,10,155,0.039282226562499994,0.0013736263736263737,0.03790860018887362
5,0.75,1.0,crp_dataset_8_1_6.csv|crp_dataset_8_1_2.csv|crp_dataset_8_1_1.csv|crp_dataset_8_1_4.csv|crp_dataset_8_1_3.csv,crp_dataset_8_1_7.csv,0.6301825,0.9999999999954546,0.9999999999954546,220,0,0,36,0.0095703125,0.00034090909090909094,0.00922940340909091
5,0.75,1.0,crp_dataset_8_1_6.csv|crp_dataset_8_1_2.csv|crp_dataset_8_1_1.csv|crp_dataset_8_1_4.csv|crp_dataset_8_1_3.csv,crp_dataset_8_1_8.csv,0.6301825,0.9478260869482797,0.7898550724580445,109,6,29,112,0.0283203125,0.002880434782608695,0.025439877717391306
5,0.75,1.0,crp_dataset_8_1_6.csv|crp_dataset_8_1_2.csv|crp_dataset_8_1_1.csv|crp_dataset_8_1_8.csv|crp_dataset_8_1_3.csv,crp_dataset_8_1_5.csv,0.69170135,0.9999999999871795,0.7799999999921999,78,0,22,156,0.039282226562499994,0.0013621794871794873,0.037920047075320505
5,0.75,1.0,crp_dataset_8_1_6.csv|crp_dataset_8_1_2.csv|crp_dataset_8_1_1.csv|crp_dataset_8_1_8.csv|crp_dataset_8_1_3.csv,crp_dataset_8_1_7.csv,0.69170135,0.9999999999954546,0.9999999999954546,220,0,0,36,0.0095703125,0.00034090909090909094,0.00922940340909091
5,0.75,1.0,crp_dataset_8_1_6.csv|crp_dataset_8_1_2.csv|crp_dataset_8_1_1.csv|crp_dataset_8_1_8.csv|crp_dataset_8_1_3.csv,crp_dataset_8_1_4.csv,0.69170135,0.9999999999915254,0.90076335877175,118,0,13,125,0.023046875,0.00031779661016949156,0.02272907838983051
5,0.75,1.0,crp_dataset_8_1_6.csv|crp_dataset_8_1_2.csv|crp_dataset_8_1_4.csv|crp_dataset_8_1_8.csv|crp_dataset_8_1_3.csv,crp_dataset_8_1_5.csv,0.6192034,0.9885057471150746,0.8599999999914,86,1,14,155,0.039282226562499994,0.0015086206896551724,0.03777360587284482
5,0.75,1.0,crp_dataset_8_1_6.csv|crp_dataset_8_1_2.csv|crp_dataset_8_1_4.csv|crp_dataset_8_1_8.csv|crp_dataset_8_1_3.csv,crp_dataset_8_1_7.csv,0.6192034,0.9999999999954546,0.9999999999954546,220,0,0,36,0.0095703125,0.00034090909090909094,0.00922940340909091
5,0.75,1.0,crp_dataset_8_1_6.csv|crp_dataset_8_1_2.csv|crp_dataset_8_1_4.csv|crp_dataset_8_1_8.csv|crp_dataset_8_1_3.csv,crp_dataset_8_1_1.csv,0.6192034,0.975999999992192,0.9682539682462836,122,3,4,127,0.0252685546875,0.0006000000000000001,0.0246685546875
5,0.75,1.0,crp_dataset_8_1_6.csv|crp_dataset_8_1_1.csv|crp_dataset_8_1_4.csv|crp_dataset_8_1_8.csv|crp_dataset_8_1_3.csv,crp_dataset_8_1_5.csv,0.6174971,0.987654320975461,0.799999999992,80,1,20,155,0.039282226562499994,0.0015432098765432098,0.037739016685956785
5,0.75,1.0,crp_dataset_8_1_6.csv|crp_dataset_8_1_1.csv|crp_dataset_8_1_4.csv|crp_dataset_8_1_8.csv|crp_dataset_8_1_3.csv,crp_dataset_8_1_7.csv,0.6174971,0.9999999999954546,0.9999999999954546,220,0,0,36,0.0095703125,0.00034090909090909094,0.00922940340909091
5,0.75,1.0,crp_dataset_8_1_6.csv|crp_dataset_8_1_1.csv|crp_dataset_8_1_4.csv|crp_dataset_8_1_8.csv|crp_dataset_8_1_3.csv,crp_dataset_8_1_2.csv,0.6174971,0.9999999999878049,0.6890756302463102,82,0,37,137,0.039453125,0.0013719512195121953,0.0380811737804878
5,0.75,1.0,crp_dataset_8_1_7.csv|crp_dataset_8_1_2.csv|crp_dataset_8_1_1.csv|crp_dataset_8_1_4.csv|crp_dataset_8_1_8.csv,crp_dataset_8_1_5.csv,0.60174215,0.9999999999879517,0.8299999999916999,83,0,17,156,0.039282226562499994,0.0015060240963855422,0.037776202466114454
5,0.75,1.0,crp_dataset_8_1_7.csv|crp_dataset_8_1_2.csv|crp_dataset_8_1_1.csv|crp_dataset_8_1_4.csv|crp_dataset_8_1_8.csv,crp_dataset_8_1_6.csv,0.60174215,0.9194630872421513,0.9785714285644388,137,12,3,104,0.026928710937499996,0.003062080536912752,0.023866630400587244
5,0.75,1.0,crp_dataset_8_1_7.csv|crp_dataset_8_1_2.csv|crp_dataset_8_1_1.csv|crp_dataset_8_1_4.csv|crp_dataset_8_1_8.csv,crp_dataset_8_1_3.csv,0.60174215,0.9714285714230204,0.9826589595318922,170,5,3,78,0.0196044921875,0.002142857142857143,0.017461635044642855
5,0.75,1.0,crp_dataset_8_1_7.csv|crp_dataset_8_1_2.csv|crp_dataset_8_1_1.csv|crp_dataset_8_1_4.csv|crp_dataset_8_1_3.csv,crp_dataset_8_1_5.csv,0.60750645,0.9999999999882353,0.8499999999915,85,0,15,156,0.039282226562499994,0.00125,0.03803222656249999
5,0.75,1.0,crp_dataset_8_1_7.csv|crp_dataset_8_1_2.csv|crp_dataset_8_1_1.csv|crp_dataset_8_1_4.csv|crp_dataset_8_1_3.csv,crp_dataset_8_1_6.csv,0.60750645,0.9452054794455809,0.985714285707245,138,8,2,108,0.026928710937499996,0.0018407534246575343,0.02508795751284246
5,0.75,1.0,crp_dataset_8_1_7.csv|crp_dataset_8_1_2.csv|crp_dataset_8_1_1.csv|crp_dataset_8_1_4.csv|crp_dataset_8_1_3.csv,crp_dataset_8_1_8.csv,0.60750645,0.9999999999883721,0.6231884057925856,86,0,52,118,0.0283203125,0.002107558139534884,0.026212754360465117
5,0.75,1.0,crp_dataset_8_1_7.csv|crp_dataset_8_1_2.csv|crp_dataset_8_1_1.csv|crp_dataset_8_1_8.csv|crp_dataset_8_1_3.csv,crp_dataset_8_1_5.csv,0.62467754,0.9999999999871795,0.7799999999921999,78,0,22,156,0.039282226562499994,0.0013621794871794873,0.037920047075320505
5,0.75,1.0,crp_dataset_8_1_7.csv|crp_dataset_8_1_2.csv|crp_dataset_8_1_1.csv|crp_dataset_8_1_8.csv|crp_dataset_8_1_3.csv,crp_dataset_8_1_6.csv,0.62467754,0.9271523178746547,0.9999999999928573,140,11,0,105,0.026928710937499996,0.003021523178807947,0.02390718775869205
5,0.75,1.0,crp_dataset_8_1_7.csv|crp_dataset_8_1_2.csv|crp_dataset_8_1_1.csv|crp_dataset_8_1_8.csv|crp_dataset_8_1_3.csv,crp_dataset_8_1_4.csv,0.62467754,0.9999999999911504,0.8625954198407436,113,0,18,125,0.023046875,0.00033185840707964607,0.022715016592920356
5,0.75,1.0,crp_dataset_8_1_7.csv|crp_dataset_8_1_2.csv|crp_dataset_8_1_4.csv|crp_dataset_8_1_8.csv|crp_dataset_8_1_3.csv,crp_dataset_8_1_5.csv,0.62267673,0.9999999999879517,0.8299999999916999,83,0,17,156,0.039282226562499994,0.0015060240963855422,0.037776202466114454
5,0.75,1.0,crp_dataset_8_1_7.csv|crp_dataset_8_1_2.csv|crp_dataset_8_1_4.csv|crp_dataset_8_1_8.csv|crp_dataset_8_1_3.csv,crp_dataset_8_1_6.csv,0.62267673,0.9387755101976955,0.985714285707245,138,9,2,107,0.026928710937499996,0.0021683673469387755,0.024760343590561222
5,0.75,1.0,crp_dataset_8_1_7.csv|crp_dataset_8_1_2.csv|crp_dataset_8_1_4.csv|crp_dataset_8_1_8.csv|crp_dataset_8_1_3.csv,crp_dataset_8_1_1.csv,0.62267673,0.9999999999907407,0.8571428571360544,108,0,18,130,0.0252685546875,0.00028935185185185184,0.024979202835648147
5,0.75,1.0,crp_dataset_8_1_7.csv|crp_dataset_8_1_1.csv|crp_dataset_8_1_4.csv|crp_dataset_8_1_8.csv|crp_dataset_8_1_3.csv,crp_dataset_8_1_5.csv,0.6089406,0.987654320975461,0.799999999992,80,1,20,155,0.039282226562499994,0.0015432098765432098,0.037739016685956785
5,0.75,1.0,crp_dataset_8_1_7.csv|crp_dataset_8_1_1.csv|crp_dataset_8_1_4.csv|crp_dataset_8_1_8.csv|crp_dataset_8_1_3.csv,crp_dataset_8_1_6.csv,0.6089406,0.9199999999938667,0.985714285707245,138,12,2,104,0.026928710937499996,0.002875,0.024053710937499997
5,0.75,1.0,crp_dataset_8_1_7.csv|crp_dataset_8_1_1.csv|crp_dataset_8_1_4.csv|crp_dataset_8_1_8.csv|crp_dataset_8_1_3.csv,crp_dataset_8_1_2.csv,0.6089406,0.9999999999878049,0.6890756302463102,82,0,37,137,0.039453125,0.0013719512195121953,0.0380811737804878
5,0.75,1.0,crp_dataset_8_1_2.csv|crp_dataset_8_1_1.csv|crp_dataset_8_1_4.csv|crp_dataset_8_1_8.csv|crp_dataset_8_1_3.csv,crp_dataset_8_1_5.csv,0.6445116,0.9999999999873417,0.7899999999921,79,0,21,156,0.039282226562499994,0.0013449367088607595,0.037937289853639235
5,0.75,1.0,crp_dataset_8_1_2.csv|crp_dataset_8_1_1.csv|crp_dataset_8_1_4.csv|crp_dataset_8_1_8.csv|crp_dataset_8_1_3.csv,crp_dataset_8_1_6.csv,0.6445116,0.9452054794455809,0.985714285707245,138,8,2,108,0.026928710937499996,0.0023116438356164384,0.024617067101883557
5,0.75,1.0,crp_dataset_8_1_2.csv|crp_dataset_8_1_1.csv|crp_dataset_8_1_4.csv|crp_dataset_8_1_8.csv|crp_dataset_8_1_3.csv,crp_dataset_8_1_7.csv,0.6445116,0.9999999999954546,0.9999999999954546,220,0,0,36,0.0095703125,0.00034090909090909094,0.00922940340909091
6,0.75,1.0,crp_dataset_8_1_5.csv|crp_dataset_8_1_6.csv|crp_dataset_8_1_7.csv|crp_dataset_8_1_2.csv|crp_dataset_8_1_1.csv|crp_dataset_8_1_4.csv,crp_dataset_8_1_8.csv,0.6057266,0.9230769230690336,0.7826086956465029,108,9,30,109,0.0283203125,0.003525641025641025,0.024794671474358976
6,0.75,1.0,crp_dataset_8_1_5.csv|crp_dataset_8_1_6.csv|crp_dataset_8_1_7.csv|crp_dataset_8_1_2.csv|crp_dataset_8_1_1.csv|crp_dataset_8_1_4.csv,crp_dataset_8_1_3.csv,0.6057266,0.9999999999936307,0.9075144508618064,157,0,16,83,0.0196044921875,0.00015923566878980894,0.01944525651871019
6,0.75,1.0,crp_dataset_8_1_5.csv|crp_dataset_8_1_6.csv|crp_dataset_8_1_7.csv|crp_dataset_8_1_2.csv|crp_dataset_8_1_1.csv|crp_dataset_8_1_8.csv,crp_dataset_8_1_4.csv,0.7061357,0.9833333333251388,0.90076335877175,118,2,13,123,0.023046875,0.0005208333333333333,0.022526041666666666
6,0.75,1.0,crp_dataset_8_1_5.csv|crp_dataset_8_1_6.csv|crp_dataset_8_1_7.csv|crp_dataset_8_1_2.csv|crp_dataset_8_1_1.csv|crp_dataset_8_1_8.csv,crp_dataset_8_1_3.csv,0.7061357,0.9999999999935065,0.8901734103994788,154,0,19,83,0.0196044921875,0.00012175324675324677,0.019482738940746754
6,0.75,1.0,crp_dataset_8_1_5.csv|crp_dataset_8_1_6.csv|crp_dataset_8_1_7.csv|crp_dataset_8_1_2.csv|crp_dataset_8_1_1.csv|crp_dataset_8_1_3.csv,crp_dataset_8_1_4.csv,0.649443,0.999999999991228,0.8702290076269449,114,0,17,125,0.023046875,0.00027412280701754384,0.022772752192982457
6,0.75,1.0,crp_dataset_8_1_5.csv|crp_dataset_8_1_6.csv|crp_dataset_8_1_7.csv|crp_dataset_8_1_2.csv|crp_dataset_8_1_1.csv|crp_dataset_8_1_3.csv,crp_dataset_8_1_8.csv,0.649443,0.9999999999897958,0.7101449275310859,98,0,40,118,0.0283203125,0.0022959183673469385,0.02602439413265306
6,0.75,1.0,crp_dataset_8_1_5.csv|crp_dataset_8_1_6.csv|crp_dataset_8_1_7.csv|crp_dataset_8_1_2.csv|crp_dataset_8_1_4.csv|crp_dataset_8_1_8.csv,crp_dataset_8_1_1.csv,0.60437524,0.9833333333251388,0.9365079365005039,118,2,8,128,0.0252685546875,0.0005208333333333333,0.024747721354166665
6,0.75,1.0,crp_dataset_8_1_5.csv|crp_dataset_8_1_6.csv|crp_dataset_8_1_7.csv|crp_dataset_8_1_2.csv|crp_dataset_8_1_4.csv|crp_dataset_8_1_8.csv,crp_dataset_8_1_3.csv,0.60437524,0.9999999999935065,0.8901734103994788,154,0,19,83,0.0196044921875,0.00012175324675324677,0.019482738940746754
6,0.75,1.0,crp_dataset_8_1_5.csv|crp_dataset_8_1_6.csv|crp_dataset_8_1_7.csv|crp_dataset_8_1_2.csv|crp_dataset_8_1_4.csv|crp_dataset_8_1_3.csv,crp_dataset_8_1_1.csv,0.62287956,0.9619047618956009,0.8015873015809397,101,4,25,126,0.0252685546875,0.0007738095238095238,0.024494745163690476
6,0.75,1.0,crp_dataset_8_1_5.csv|crp_dataset_8_1_6.csv|crp_dataset_8_1_7.csv|crp_dataset_8_1_2.csv|crp_dataset_8_1_4.csv|crp_dataset_8_1_3.csv,crp_dataset_8_1_8.csv,0.62287956,0.8571428571352041,0.6956521739080026,96,16,42,102,0.0283203125,0.004520089285714286,0.023800223214285713
6,0.75,1.0,crp_dataset_8_1_5.csv|crp_dataset_8_1_6.csv|crp_dataset_8_1_7.csv|crp_dataset_8_1_2.csv|crp_dataset_8_1_8.csv|crp_dataset_8_1_3.csv,crp_dataset_8_1_1.csv,0.6109128,0.9586776859424903,0.920634920627614,116,5,10,125,0.0252685546875,0.0009297520661157024,0.024338802621384298
6,0.75,1.0,crp_dataset_8_1_5.csv|crp_dataset_8_1_6.csv|crp_dataset_8_1_7.csv|crp_dataset_8_1_2.csv|crp_dataset_8_1_8.csv|crp_dataset_8_1_3.csv,crp_dataset_8_1_4.csv,0.6109128,0.9915254237204107,0.8931297709855487,117,1,14,124,0.023046875,0.0005296610169491525,0.02251721398305085
6,0.75,1.0,crp_dataset_8_1_5.csv|crp_dataset_8_1_6.csv|crp_dataset_8_1_7.csv|crp_dataset_8_1_1.csv|crp_dataset_8_1_4.csv|crp_dataset_8_1_8.csv,crp_dataset_8_1_2.csv,0.62697554,0.9425287356213502,0.6890756302463102,82,5,37,132,0.039453125,0.0020114942528735636,0.037441630747126434
6,0.75,1.0,crp_dataset_8_1_5.csv|crp_dataset_8_1_6.csv|crp_dataset_8_1_7.csv|crp_dataset_8_1_1.csv|crp_dataset_8_1_4.csv|crp_dataset_8_1_8.csv,crp_dataset_8_1_3.csv,0.62697554,0.9801324503246349,0.8554913294748238,148,3,25,80,0.0196044921875,0.001076158940397351,0.01852833324710265
6,0.75,1.0,crp_dataset_8_1_5.csv|crp_dataset_8_1_6.csv|crp_dataset_8_1_7.csv|crp_dataset_8_1_1.csv|crp_dataset_8_1_4.csv|crp_dataset_8_1_3.csv,crp_dataset_8_1_2.csv,0.61473584,0.9999999999907407,0.9075630252024575,108,0,11,137,0.039453125,0.0010416666666666669,0.03841145833333333
6,0.75,1.0,crp_dataset_8_1_5.csv|crp_dataset_8_1_6.csv|crp_dataset_8_1_7.csv|crp_dataset_8_1_1.csv|crp_dataset_8_1_4.csv|crp_dataset_8_1_3.csv,crp_dataset_8_1_8.csv,0.61473584,0.9482758620607907,0.7971014492695863,110,6,28,112,0.0283203125,0.0029094827586206894,0.02541082974137931
6,0.75,1.0,crp_dataset_8_1_5.csv|crp_dataset_8_1_6.csv|crp_dataset_8_1_7.csv|crp_dataset_8_1_1.csv|crp_dataset_8_1_8.csv|crp_dataset_8_1_3.csv,crp_dataset_8_1_2.csv,0.63049525,0.9999999999894736,0.7983193277243839,95,0,24,137,0.039453125,0.0011842105263157898,0.03826891447368421
6,0.75,1.0,crp_dataset_8_1_5.csv|crp_dataset_8_1_6.csv|crp_dataset_8_1_7.csv|crp_dataset_8_1_1.csv|crp_dataset_8_1_8.csv|crp_dataset_8_1_3.csv,crp_dataset_8_1_4.csv,0.63049525,0.984496124023376,0.9694656488475614,127,2,4,123,0.023046875,0.0005329457364341085,0.022513929263565893
6,0.75,1.0,crp_dataset_8_1_5.csv|crp_dataset_8_1_6.csv|crp_dataset_8_1_7.csv|crp_dataset_8_1_4.csv|crp_dataset_8_1_8.csv|crp_dataset_8_1_3.csv,crp_dataset_8_1_2.csv,0.6421579,0.9999999999896907,0.8151260504133182,97,0,22,137,0.039453125,0.00115979381443299,0.038293331185567006
6,0.75,1.0,crp_dataset_8_1_5.csv|crp_dataset_8_1_6.csv|crp_dataset_8_1_7.csv|crp_dataset_8_1_4.csv|crp_dataset_8_1_8.csv|crp_dataset_8_1_3.csv,crp_dataset_8_1_1.csv,0.6421579,0.9758064516050338,0.9603174603098388,121,3,5,127,0.0252685546875,0.0005544354838709677,0.024714119203629033
6,0.75,1.0,crp_dataset_8_1_5.csv|crp_dataset_8_1_6.csv|crp_dataset_8_1_2.csv|crp_dataset_8_1_1.csv|crp_dataset_8_1_4.csv|crp_dataset_8_1_8.csv,crp_dataset_8_1_7.csv,0.63733834,0.9999999999954546,0.9999999999954546,220,0,0,36,0.0095703125,0.00034090909090909094,0.00922940340909091
6,0.75,1.0,crp_dataset_8_1_5.csv|crp_dataset_8_1_6.csv|crp_dataset_8_1_2.csv|crp_dataset_8_1_1.csv|crp_dataset_8_1_4.csv|crp_dataset_8_1_8.csv,crp_dataset_8_1_3.csv,0.63733834,0.9999999999937108,0.919075144503358,159,0,14,83,0.0196044921875,0.00011792452830188681,0.019486567659198113
6,0.75,1.0,crp_dataset_8_1_5.csv|crp_dataset_8_1_6.csv|crp_dataset_8_1_2.csv|crp_dataset_8_1_1.csv|crp_dataset_8_1_4.csv|crp_dataset_8_1_3.csv,crp_dataset_8_1_7.csv,0.6219819,0.9999999999954546,0.9999999999954546,220,0,0,36,0.0095703125,0.00034090909090909094,0.00922940340909091
6,0.75,1.0,crp_dataset_8_1_5.csv|crp_dataset_8_1_6.csv|crp_dataset_8_1_2.csv|crp_dataset_8_1_1.csv|crp_dataset_8_1_4.csv|crp_dataset_8_1_3.csv,crp_dataset_8_1_8.csv,0.6219819,0.9459459459374239,0.7608695652118778,105,6,33,112,0.0283203125,0.0028716216216216213,0.02544869087837838
6,0.75,1.0,crp_dataset_8_1_5.csv|crp_dataset_8_1_6.csv|crp_dataset_8_1_2.csv|crp_dataset_8_1_1.csv|crp_dataset_8_1_8.csv|crp_dataset_8_1_3.csv,crp_dataset_8_1_7.csv,0.63463444,0.9999999999954546,0.9999999999954546,220,0,0,36,0.0095703125,0.00034090909090909094,0.00922940340909091
6,0.75,1.0,crp_dataset_8_1_5.csv|crp_dataset_8_1_6.csv|crp_dataset_8_1_2.csv|crp_dataset_8_1_1.csv|crp_dataset_8_1_8.csv|crp_dataset_8_1_3.csv,crp_dataset_8_1_4.csv,0.63463444,0.9769230769155622,0.9694656488475614,127,3,4,122,0.023046875,0.000673076923076923,0.02237379807692308
6,0.75,1.0,crp_dataset_8_1_5.csv|crp_dataset_8_1_6.csv|crp_dataset_8_1_2.csv|crp_dataset_8_1_4.csv|crp_dataset_8_1_8.csv|crp_dataset_8_1_3.csv,crp_dataset_8_1_7.csv,0.6220749,0.9999999999954546,0.9999999999954546,220,0,0,36,0.0095703125,0.00034090909090909094,0.00922940340909091
6,0.75,1.0,crp_dataset_8_1_5.csv|crp_dataset_8_1_6.csv|crp_dataset_8_1_2.csv|crp_dataset_8_1_4.csv|crp_dataset_8_1_8.csv|crp_dataset_8_1_3.csv,crp_dataset_8_1_1.csv,0.6220749,0.9761904761827286,0.9761904761827286,123,3,3,127,0.0252685546875,0.0005456349206349206,0.024722919766865078
6,0.75,1.0,crp_dataset_8_1_5.csv|crp_dataset_8_1_6.csv|crp_dataset_8_1_1.csv|crp_dataset_8_1_4.csv|crp_dataset_8_1_8.csv|crp_dataset_8_1_3.csv,crp_dataset_8_1_7.csv,0.6419315,0.9999999999954546,0.9999999999954546,220,0,0,36,0.0095703125,0.00034090909090909094,0.00922940340909091
6,0.75,1.0,crp_dataset_8_1_5.csv|crp_dataset_8_1_6.csv|crp_dataset_8_1_1.csv|crp_dataset_8_1_4.csv|crp_dataset_8_1_8.csv|crp_dataset_8_1_3.csv,crp_dataset_8_1_2.csv,0.6419315,0.9999999999882353,0.7142857142797119,85,0,34,137,0.039453125,0.001323529411764706,0.038129595588235296
6,0.75,1.0,crp_dataset_8_1_5.csv|crp_dataset_8_1_7.csv|crp_dataset_8_1_2.csv|crp_dataset_8_1_1.csv|crp_dataset_8_1_4.csv|crp_dataset_8_1_8.csv,crp_dataset_8_1_6.csv,0.6380579,0.9444444444378859,0.9714285714216327,136,8,4,108,0.026928710937499996,0.001953125,0.024975585937499996
6,0.75,1.0,crp_dataset_8_1_5.csv|crp_dataset_8_1_7.csv|crp_dataset_8_1_2.csv|crp_dataset_8_1_1.csv|crp_dataset_8_1_4.csv|crp_dataset_8_1_8.csv,crp_dataset_8_1_3.csv,0.6380579,0.9942196531734439,0.9942196531734439,172,1,1,82,0.0196044921875,0.0005419075144508671,0.01906258467304913
6,0.75,1.0,crp_dataset_8_1_5.csv|crp_dataset_8_1_7.csv|crp_dataset_8_1_2.csv|crp_dataset_8_1_1.csv|crp_dataset_8_1_4.csv|crp_dataset_8_1_3.csv,crp_dataset_8_1_6.csv,0.62266874,0.9391891891828433,0.9928571428500511,139,9,1,107,0.026928710937499996,0.001900337837837838,0.025028373099662157
6,0.75,1.0,crp_dataset_8_1_5.csv|crp_dataset_8_1_7.csv|crp_dataset_8_1_2.csv|crp_dataset_8_1_1.csv|crp_dataset_8_1_4.csv|crp_dataset_8_1_3.csv,crp_dataset_8_1_8.csv,0.62266874,0.9999999999879517,0.6014492753579606,83,0,55,118,0.0283203125,0.0022590361445783136,0.026061276355421686
6,0.75,1.0,crp_dataset_8_1_5.csv|crp_dataset_8_1_7.csv|crp_dataset_8_1_2.csv|crp_dataset_8_1_1.csv|crp_dataset_8_1_8.csv|crp_dataset_8_1_3.csv,crp_dataset_8_1_6.csv,0.63770866,0.9571428571360204,0.9571428571360204,134,6,6,110,0.026928710937499996,0.0018750000000000001,0.025053710937499994
6,0.75,1.0,crp_dataset_8_1_5.csv|crp_dataset_8_1_7.csv|crp_dataset_8_1_2.csv|crp_dataset_8_1_1.csv|crp_dataset_8_1_8.csv|crp_dataset_8_1_3.csv,crp_dataset_8_1_4.csv,0.63770866,0.9922480620078121,0.9770992366337626,128,1,3,124,0.023046875,0.00043604651162790697,0.022610828488372096
6,0.75,1.0,crp_dataset_8_1_5.csv|crp_dataset_8_1_7.csv|crp_dataset_8_1_2.csv|crp_dataset_8_1_4.csv|crp_dataset_8_1_8.csv|crp_dataset_8_1_3.csv,crp_dataset_8_1_6.csv,0.60772824,0.9507042253454177,0.9642857142788266,135,7,5,109,0.026928710937499996,0.002068661971830986,0.02486004896566901
6,0.75,1.0,crp_dataset_8_1_5.csv|crp_dataset_8_1_7.csv|crp_dataset_8_1_2.csv|crp_dataset_8_1_4.csv|crp_dataset_8_1_8.csv|crp_dataset_8_1_3.csv,crp_dataset_8_1_1.csv,0.60772824,0.974789915958195,0.920634920627614,116,3,10,127,0.0252685546875,0.0006827731092436977,0.0245857815782563
6,0.75,1.0,crp_dataset_8_1_5.csv|crp_dataset_8_1_7.csv|crp_dataset_8_1_1.csv|crp_dataset_8_1_4.csv|crp_dataset_8_1_8.csv|crp_dataset_8_1_3.csv,crp_dataset_8_1_6.csv,0.6611538,0.9523809523744736,0.9999999999928573,140,7,0,109,0.026928710937499996,0.002040816326530612,0.024887894610969383
6,0.75,1.0,crp_dataset_8_1_5.csv|crp_dataset_8_1_7.csv|crp_dataset_8_1_1.csv|crp_dataset_8_1_4.csv|crp_dataset_8_1_8.csv|crp_dataset_8_1_3.csv,crp_dataset_8_1_2.csv,0.6611538,0.999999999988764,0.7478991596575807,89,0,30,137,0.039453125,0.0012640449438202249,0.038189080056179776
6,0.75,1.0,crp_dataset_8_1_5.csv|crp_dataset_8_1_2.csv|crp_dataset_8_1_1.csv|crp_dataset_8_1_4.csv|crp_dataset_8_1_8.csv|crp_dataset_8_1_3.csv,crp_dataset_8_1_6.csv,0.61334825,0.9455782312860845,0.9928571428500511,139,8,1,108,0.026928710937499996,0.0023384353741496603,0.024590275563350337
6,0.75,1.0,crp_dataset_8_1_5.csv|crp_dataset_8_1_2.csv|crp_dataset_8_1_1.csv|crp_dataset_8_1_4.csv|crp_dataset_8_1_8.csv|crp_dataset_8_1_3.csv,crp_dataset_8_1_7.csv,0.61334825,0.9999999999954546,0.9999999999954546,220,0,0,36,0.0095703125,0.00034090909090909094,0.00922940340909091
6,0.75,1.0,crp_dataset_8_1_6.csv|crp_dataset_8_1_7.csv|crp_dataset_8_1_2.csv|crp_dataset_8_1_1.csv|crp_dataset_8_1_4.csv|crp_dataset_8_1_8.csv,crp_dataset_8_1_5.csv,0.67220104,0.9999999999870129,0.7699999999923,77,0,23,156,0.039282226562499994,0.0013798701298701301,0.03790235643262987
6,0.75,1.0,crp_dataset_8_1_6.csv|crp_dataset_8_1_7.csv|crp_dataset_8_1_2.csv|crp_dataset_8_1_1.csv|crp_dataset_8_1_4.csv|crp_dataset_8_1_8.csv,crp_dataset_8_1_3.csv,0.67220104,0.9932432432365322,0.849710982654048,147,1,26,82,0.0196044921875,0.0009290540540540541,0.018675438133445944
6,0.75,1.0,crp_dataset_8_1_6.csv|crp_dataset_8_1_7.csv|crp_dataset_8_1_2.csv|crp_dataset_8_1_1.csv|crp_dataset_8_1_4.csv|crp_dataset_8_1_3.csv,crp_dataset_8_1_5.csv,0.60915387,0.9888888888779012,0.8899999999911,89,1,11,155,0.039282226562499994,0.001388888888888889,0.037893337673611104
6,0.75,1.0,crp_dataset_8_1_6.csv|crp_dataset_8_1_7.csv|crp_dataset_8_1_2.csv|crp_dataset_8_1_1.csv|crp_dataset_8_1_4.csv|crp_dataset_8_1_3.csv,crp_dataset_8_1_8.csv,0.60915387,0.9487179487098399,0.804347826081128,111,6,27,112,0.0283203125,0.0029380341880341876,0.025382278311965812
6,0.75,1.0,crp_dataset_8_1_6.csv|crp_dataset_8_1_7.csv|crp_dataset_8_1_2.csv|crp_dataset_8_1_1.csv|crp_dataset_8_1_8.csv|crp_dataset_8_1_3.csv,crp_dataset_8_1_5.csv,0.644397,0.9999999999875,0.799999999992,80,0,20,156,0.039282226562499994,0.001328125,0.037954101562499995
6,0.75,1.0,crp_dataset_8_1_6.csv|crp_dataset_8_1_7.csv|crp_dataset_8_1_2.csv|crp_dataset_8_1_1.csv|crp_dataset_8_1_8.csv|crp_dataset_8_1_3.csv,crp_dataset_8_1_4.csv,0.644397,0.983870967734001,0.931297709916555,122,2,9,123,0.023046875,0.0006048387096774194,0.02244203629032258
6,0.75,1.0,crp_dataset_8_1_6.csv|crp_dataset_8_1_7.csv|crp_dataset_8_1_2.csv|crp_dataset_8_1_4.csv|crp_dataset_8_1_8.csv|crp_dataset_8_1_3.csv,crp_dataset_8_1_5.csv,0.7007221,0.9999999999875,0.799999999992,80,0,20,156,0.039282226562499994,0.001328125,0.037954101562499995
6,0.75,1.0,crp_dataset_8_1_6.csv|crp_dataset_8_1_7.csv|crp_dataset_8_1_2.csv|crp_dataset_8_1_4.csv|crp_dataset_8_1_8.csv|crp_dataset_8_1_3.csv,crp_dataset_8_1_1.csv,0.7007221,0.9758064516050338,0.9603174603098388,121,3,5,127,0.0252685546875,0.0005544354838709677,0.024714119203629033
6,0.75,1.0,crp_dataset_8_1_6.csv|crp_dataset_8_1_7.csv|crp_dataset_8_1_1.csv|crp_dataset_8_1_4.csv|crp_dataset_8_1_8.csv|crp_dataset_8_1_3.csv,crp_dataset_8_1_5.csv,0.7506814,0.987654320975461,0.799999999992,80,1,20,155,0.039282226562499994,0.0015432098765432098,0.037739016685956785
6,0.75,1.0,crp_dataset_8_1_6.csv|crp_dataset_8_1_7.csv|crp_dataset_8_1_1.csv|crp_dataset_8_1_4.csv|crp_dataset_8_1_8.csv|crp_dataset_8_1_3.csv,crp_dataset_8_1_2.csv,0.7506814,0.9999999999878049,0.6890756302463102,82,0,37,137,0.039453125,0.0013719512195121953,0.0380811737804878
6,0.75,1.0,crp_dataset_8_1_6.csv|crp_dataset_8_1_2.csv|crp_dataset_8_1_1.csv|crp_dataset_8_1_4.csv|crp_dataset_8_1_8.csv|crp_dataset_8_1_3.csv,crp_dataset_8_1_5.csv,0.61187685,0.9890109890001207,0.899999999991,90,1,10,155,0.039282226562499994,0.001510989010989011,0.03777123755151098
6,0.75,1.0,crp_dataset_8_1_6.csv|crp_dataset_8_1_2.csv|crp_dataset_8_1_1.csv|crp_dataset_8_1_4.csv|crp_dataset_8_1_8.csv|crp_dataset_8_1_3.csv,crp_dataset_8_1_7.csv,0.61187685,0.9999999999954546,0.9999999999954546,220,0,0,36,0.0095703125,0.00034090909090909094,0.00922940340909091
6,0.75,1.0,crp_dataset_8_1_7.csv|crp_dataset_8_1_2.csv|crp_dataset_8_1_1.csv|crp_dataset_8_1_4.csv|crp_dataset_8_1_8.csv|crp_dataset_8_1_3.csv,crp_dataset_8_1_5.csv,0.60683525,0.9999999999879517,0.8299999999916999,83,0,17,156,0.039282226562499994,0.001355421686746988,0.037926804875753006
6,0.75,1.0,crp_dataset_8_1_7.csv|crp_dataset_8_1_2.csv|crp_dataset_8_1_1.csv|crp_dataset_8_1_4.csv|crp_dataset_8_1_8.csv|crp_dataset_8_1_3.csv,crp_dataset_8_1_6.csv,0.60683525,0.9459459459395545,0.9999999999928573,140,8,0,108,0.026928710937499996,0.002364864864864865,0.02456384607263513
7,0.75,1.0,crp_dataset_8_1_5.csv|crp_dataset_8_1_6.csv|crp_dataset_8_1_7.csv|crp_dataset_8_1_2.csv|crp_dataset_8_1_1.csv|crp_dataset_8_1_4.csv|crp_dataset_8_1_8.csv,crp_dataset_8_1_3.csv,0.609236,0.999999999994012,0.9653179190695647,167,0,6,83,0.0196044921875,0.00011227544910179642,0.019492216738398203
7,0.75,1.0,crp_dataset_8_1_5.csv|crp_dataset_8_1_6.csv|crp_dataset_8_1_7.csv|crp_dataset_8_1_2.csv|crp_dataset_8_1_1.csv|crp_dataset_8_1_4.csv|crp_dataset_8_1_3.csv,crp_dataset_8_1_8.csv,0.61215204,0.9385964912198368,0.7753623188349612,107,7,31,111,0.0283203125,0.0030153508771929823,0.02530496162280702
7,0.75,1.0,crp_dataset_8_1_5.csv|crp_dataset_8_1_6.csv|crp_dataset_8_1_7.csv|crp_dataset_8_1_2.csv|crp_dataset_8_1_1.csv|crp_dataset_8_1_8.csv|crp_dataset_8_1_3.csv,crp_dataset_8_1_4.csv,0.6214527,0.9772727272653238,0.9847328244199639,129,3,2,122,0.023046875,0.0007102272727272727,0.02233664772727273
7,0.75,1.0,crp_dataset_8_1_5.csv|crp_dataset_8_1_6.csv|crp_dataset_8_1_7.csv|crp_dataset_8_1_2.csv|crp_dataset_8_1_4.csv|crp_dataset_8_1_8.csv|crp_dataset_8_1_3.csv,crp_dataset_8_1_1.csv,0.63729006,0.9603174603098388,0.9603174603098388,121,5,5,125,0.0252685546875,0.0010912698412698413,0.02417728484623016
7,0.75,1.0,crp_dataset_8_1_5.csv|crp_dataset_8_1_6.csv|crp_dataset_8_1_7.csv|crp_dataset_8_1_1.csv|crp_dataset_8_1_4.csv|crp_dataset_8_1_8.csv|crp_dataset_8_1_3.csv,crp_dataset_8_1_2.csv,0.6440151,0.9999999999886363,0.7394957983131134,88,0,31,137,0.039453125,0.001278409090909091,0.038174715909090905
7,0.75,1.0,crp_dataset_8_1_5.csv|crp_dataset_8_1_6.csv|crp_dataset_8_1_2.csv|crp_dataset_8_1_1.csv|crp_dataset_8_1_4.csv|crp_dataset_8_1_8.csv|crp_dataset_8_1_3.csv,crp_dataset_8_1_7.csv,0.6105761,0.9999999999954546,0.9999999999954546,220,0,0,36,0.0095703125,0.00034090909090909094,0.00922940340909091
7,0.75,1.0,crp_dataset_8_1_5.csv|crp_dataset_8_1_7.csv|crp_dataset_8_1_2.csv|crp_dataset_8_1_1.csv|crp_dataset_8_1_4.csv|crp_dataset_8_1_8.csv|crp_dataset_8_1_3.csv,crp_dataset_8_1_6.csv,0.6358737,0.9520547945140271,0.9928571428500511,139,7,1,109,0.026928710937499996,0.0020119863013698626,0.024916724636130132
7,0.75,1.0,crp_dataset_8_1_6.csv|crp_dataset_8_1_7.csv|crp_dataset_8_1_2.csv|crp_dataset_8_1_1.csv|crp_dataset_8_1_4.csv|crp_dataset_8_1_8.csv|crp_dataset_8_1_3.csv,crp_dataset_8_1_5.csv,0.60689116,0.9888888888779012,0.8899999999911,89,1,11,155,0.039282226562499994,0.001388888888888889,0.037893337673611104
