k_train_datasets,train_pct,test_pct,train_set,test_dataset,best_threshold,precision,recall,TP,FP,FN,TN,old_ber,new_ber,ber_reduction
1,0.1,1.0,crp_dataset_8_1_5.csv,crp_dataset_8_1_7.csv,0.25,0.8593749999966431,0.9999999999954546,220,36,0,0,0.0095703125,0.0095703125,0.0
1,0.1,1.0,crp_dataset_8_1_5.csv,crp_dataset_8_1_4.csv,0.25,0.5117187499980012,0.9999999999923664,131,125,0,0,0.023046875,0.023046875,0.0
1,0.1,1.0,crp_dataset_8_1_5.csv,crp_dataset_8_1_1.csv,0.25,0.4921874999980774,0.9999999999920635,126,130,0,0,0.0252685546875,0.0252685546875,0.0
1,0.1,1.0,crp_dataset_8_1_5.csv,crp_dataset_8_1_2.csv,0.25,0.46484374999818423,0.9999999999915966,119,137,0,0,0.039453125,0.039453125,0.0
1,0.1,1.0,crp_dataset_8_1_5.csv,crp_dataset_8_1_8.csv,0.25,0.5390624999978944,0.9999999999927537,138,118,0,0,0.0283203125,0.0283203125,0.0
1,0.1,1.0,crp_dataset_8_1_5.csv,crp_dataset_8_1_3.csv,0.25,0.6757812499973602,0.9999999999942197,173,83,0,0,0.0196044921875,0.0196044921875,0.0
1,0.1,1.0,crp_dataset_8_1_5.csv,crp_dataset_8_1_6.csv,0.25,0.5468749999978638,0.9999999999928573,140,116,0,0,0.026928710937499996,0.026928710937499996,0.0
1,0.1,1.0,crp_dataset_8_1_7.csv,crp_dataset_8_1_5.csv,0.8,0.39062499999847416,0.99999999999,100,156,0,0,0.039282226562499994,0.039282226562499994,0.0
1,0.1,1.0,crp_dataset_8_1_7.csv,crp_dataset_8_1_4.csv,0.8,0.5117187499980012,0.9999999999923664,131,125,0,0,0.023046875,0.023046875,0.0
1,0.1,1.0,crp_dataset_8_1_7.csv,crp_dataset_8_1_1.csv,0.8,0.4921874999980774,0.9999999999920635,126,130,0,0,0.0252685546875,0.0252685546875,0.0
1,0.1,1.0,crp_dataset_8_1_7.csv,crp_dataset_8_1_2.csv,0.8,0.46484374999818423,0.9999999999915966,119,137,0,0,0.039453125,0.039453125,0.0
1,0.1,1.0,crp_dataset_8_1_7.csv,crp_dataset_8_1_8.csv,0.8,0.5390624999978944,0.9999999999927537,138,118,0,0,0.0283203125,0.0283203125,0.0
1,0.1,1.0,crp_dataset_8_1_7.csv,crp_dataset_8_1_3.csv,0.8,0.6757812499973602,0.9999999999942197,173,83,0,0,0.0196044921875,0.0196044921875,0.0
1,0.1,1.0,crp_dataset_8_1_7.csv,crp_dataset_8_1_6.csv,0.8,0.5468749999978638,0.9999999999928573,140,116,0,0,0.026928710937499996,0.026928710937499996,0.0
1,0.1,1.0,crp_dataset_8_1_4.csv,crp_dataset_8_1_5.csv,0.5,0.39062499999847416,0.99999999999,100,156,0,0,0.039282226562499994,0.039282226562499994,0.0
1,0.1,1.0,crp_dataset_8_1_4.csv,crp_dataset_8_1_7.csv,0.5,0.8593749999966431,0.9999999999954546,220,36,0,0,0.0095703125,0.0095703125,0.0
1,0.1,1.0,crp_dataset_8_1_4.csv,crp_dataset_8_1_1.csv,0.5,0.4921874999980774,0.9999999999920635,126,130,0,0,0.0252685546875,0.0252685546875,0.0
1,0.1,1.0,crp_dataset_8_1_4.csv,crp_dataset_8_1_2.csv,0.5,0.46484374999818423,0.9999999999915966,119,137,0,0,0.039453125,0.039453125,0.0
1,0.1,1.0,crp_dataset_8_1_4.csv,crp_dataset_8_1_8.csv,0.5,0.5390624999978944,0.9999999999927537,138,118,0,0,0.0283203125,0.0283203125,0.0
1,0.1,1.0,crp_dataset_8_1_4.csv,crp_dataset_8_1_3.csv,0.5,0.6757812499973602,0.9999999999942197,173,83,0,0,0.0196044921875,0.0196044921875,0.0
1,0.1,1.0,crp_dataset_8_1_4.csv,crp_dataset_8_1_6.csv,0.5,0.5468749999978638,0.9999999999928573,140,116,0,0,0.026928710937499996,0.026928710937499996,0.0
1,0.1,1.0,crp_dataset_8_1_1.csv,crp_dataset_8_1_5.csv,0.5,0.39062499999847416,0.99999999999,100,156,0,0,0.039282226562499994,0.039282226562499994,0.0
1,0.1,1.0,crp_dataset_8_1_1.csv,crp_dataset_8_1_7.csv,0.5,0.8593749999966431,0.9999999999954546,220,36,0,0,0.0095703125,0.0095703125,0.0
1,0.1,1.0,crp_dataset_8_1_1.csv,crp_dataset_8_1_4.csv,0.5,0.5117187499980012,0.9999999999923664,131,125,0,0,0.023046875,0.023046875,0.0
1,0.1,1.0,crp_dataset_8_1_1.csv,crp_dataset_8_1_2.csv,0.5,0.46484374999818423,0.9999999999915966,119,137,0,0,0.039453125,0.039453125,0.0
1,0.1,1.0,crp_dataset_8_1_1.csv,crp_dataset_8_1_8.csv,0.5,0.5390624999978944,0.9999999999927537,138,118,0,0,0.0283203125,0.0283203125,0.0
1,0.1,1.0,crp_dataset_8_1_1.csv,crp_dataset_8_1_3.csv,0.5,0.6757812499973602,0.9999999999942197,173,83,0,0,0.0196044921875,0.0196044921875,0.0
1,0.1,1.0,crp_dataset_8_1_1.csv,crp_dataset_8_1_6.csv,0.5,0.5468749999978638,0.9999999999928573,140,116,0,0,0.026928710937499996,0.026928710937499996,0.0
1,0.1,1.0,crp_dataset_8_1_2.csv,crp_dataset_8_1_5.csv,0.4,0.39062499999847416,0.99999999999,100,156,0,0,0.039282226562499994,0.039282226562499994,0.0
1,0.1,1.0,crp_dataset_8_1_2.csv,crp_dataset_8_1_7.csv,0.4,0.8593749999966431,0.9999999999954546,220,36,0,0,0.0095703125,0.0095703125,0.0
1,0.1,1.0,crp_dataset_8_1_2.csv,crp_dataset_8_1_4.csv,0.4,0.5117187499980012,0.9999999999923664,131,125,0,0,0.023046875,0.023046875,0.0
1,0.1,1.0,crp_dataset_8_1_2.csv,crp_dataset_8_1_1.csv,0.4,0.4921874999980774,0.9999999999920635,126,130,0,0,0.0252685546875,0.0252685546875,0.0
1,0.1,1.0,crp_dataset_8_1_2.csv,crp_dataset_8_1_8.csv,0.4,0.5390624999978944,0.9999999999927537,138,118,0,0,0.0283203125,0.0283203125,0.0
1,0.1,1.0,crp_dataset_8_1_2.csv,crp_dataset_8_1_3.csv,0.4,0.6757812499973602,0.9999999999942197,173,83,0,0,0.0196044921875,0.0196044921875,0.0
1,0.1,1.0,crp_dataset_8_1_2.csv,crp_dataset_8_1_6.csv,0.4,0.5468749999978638,0.9999999999928573,140,116,0,0,0.026928710937499996,0.026928710937499996,0.0
1,0.1,1.0,crp_dataset_8_1_8.csv,crp_dataset_8_1_5.csv,0.55,0.39062499999847416,0.99999999999,100,156,0,0,0.039282226562499994,0.039282226562499994,0.0
1,0.1,1.0,crp_dataset_8_1_8.csv,crp_dataset_8_1_7.csv,0.55,0.8593749999966431,0.9999999999954546,220,36,0,0,0.0095703125,0.0095703125,0.0
1,0.1,1.0,crp_dataset_8_1_8.csv,crp_dataset_8_1_4.csv,0.55,0.5117187499980012,0.9999999999923664,131,125,0,0,0.023046875,0.023046875,0.0
1,0.1,1.0,crp_dataset_8_1_8.csv,crp_dataset_8_1_1.csv,0.55,0.4921874999980774,0.9999999999920635,126,130,0,0,0.0252685546875,0.0252685546875,0.0
1,0.1,1.0,crp_dataset_8_1_8.csv,crp_dataset_8_1_2.csv,0.55,0.46484374999818423,0.9999999999915966,119,137,0,0,0.039453125,0.039453125,0.0
1,0.1,1.0,crp_dataset_8_1_8.csv,crp_dataset_8_1_3.csv,0.55,0.6757812499973602,0.9999999999942197,173,83,0,0,0.0196044921875,0.0196044921875,0.0
1,0.1,1.0,crp_dataset_8_1_8.csv,crp_dataset_8_1_6.csv,0.55,0.5468749999978638,0.9999999999928573,140,116,0,0,0.026928710937499996,0.026928710937499996,0.0
1,0.1,1.0,crp_dataset_8_1_3.csv,crp_dataset_8_1_5.csv,0.55,0.39062499999847416,0.99999999999,100,156,0,0,0.039282226562499994,0.039282226562499994,0.0
1,0.1,1.0,crp_dataset_8_1_3.csv,crp_dataset_8_1_7.csv,0.55,0.8593749999966431,0.9999999999954546,220,36,0,0,0.0095703125,0.0095703125,0.0
1,0.1,1.0,crp_dataset_8_1_3.csv,crp_dataset_8_1_4.csv,0.55,0.5117187499980012,0.9999999999923664,131,125,0,0,0.023046875,0.023046875,0.0
1,0.1,1.0,crp_dataset_8_1_3.csv,crp_dataset_8_1_1.csv,0.55,0.4921874999980774,0.9999999999920635,126,130,0,0,0.0252685546875,0.0252685546875,0.0
1,0.1,1.0,crp_dataset_8_1_3.csv,crp_dataset_8_1_2.csv,0.55,0.46484374999818423,0.9999999999915966,119,137,0,0,0.039453125,0.039453125,0.0
1,0.1,1.0,crp_dataset_8_1_3.csv,crp_dataset_8_1_8.csv,0.55,0.5390624999978944,0.9999999999927537,138,118,0,0,0.0283203125,0.0283203125,0.0
1,0.1,1.0,crp_dataset_8_1_3.csv,crp_dataset_8_1_6.csv,0.55,0.5468749999978638,0.9999999999928573,140,116,0,0,0.026928710937499996,0.026928710937499996,0.0
1,0.1,1.0,crp_dataset_8_1_6.csv,crp_dataset_8_1_5.csv,0.5,0.39062499999847416,0.99999999999,100,156,0,0,0.039282226562499994,0.039282226562499994,0.0
1,0.1,1.0,crp_dataset_8_1_6.csv,crp_dataset_8_1_7.csv,0.5,0.8593749999966431,0.9999999999954546,220,36,0,0,0.0095703125,0.0095703125,0.0
1,0.1,1.0,crp_dataset_8_1_6.csv,crp_dataset_8_1_4.csv,0.5,0.5117187499980012,0.9999999999923664,131,125,0,0,0.023046875,0.023046875,0.0
1,0.1,1.0,crp_dataset_8_1_6.csv,crp_dataset_8_1_1.csv,0.5,0.4921874999980774,0.9999999999920635,126,130,0,0,0.0252685546875,0.0252685546875,0.0
1,0.1,1.0,crp_dataset_8_1_6.csv,crp_dataset_8_1_2.csv,0.5,0.46484374999818423,0.9999999999915966,119,137,0,0,0.039453125,0.039453125,0.0
1,0.1,1.0,crp_dataset_8_1_6.csv,crp_dataset_8_1_8.csv,0.5,0.5390624999978944,0.9999999999927537,138,118,0,0,0.0283203125,0.0283203125,0.0
1,0.1,1.0,crp_dataset_8_1_6.csv,crp_dataset_8_1_3.csv,0.5,0.6757812499973602,0.9999999999942197,173,83,0,0,0.0196044921875,0.0196044921875,0.0
2,0.1,1.0,crp_dataset_8_1_5.csv|crp_dataset_8_1_7.csv,crp_dataset_8_1_4.csv,0.55476993,0.5117187499980012,0.9999999999923664,131,125,0,0,0.023046875,0.023046875,0.0
2,0.1,1.0,crp_dataset_8_1_5.csv|crp_dataset_8_1_7.csv,crp_dataset_8_1_1.csv,0.55476993,0.4921874999980774,0.9999999999920635,126,130,0,0,0.0252685546875,0.0252685546875,0.0
2,0.1,1.0,crp_dataset_8_1_5.csv|crp_dataset_8_1_7.csv,crp_dataset_8_1_2.csv,0.55476993,0.46484374999818423,0.9999999999915966,119,137,0,0,0.039453125,0.039453125,0.0
2,0.1,1.0,crp_dataset_8_1_5.csv|crp_dataset_8_1_7.csv,crp_dataset_8_1_8.csv,0.55476993,0.5390624999978944,0.9999999999927537,138,118,0,0,0.0283203125,0.0283203125,0.0
2,0.1,1.0,crp_dataset_8_1_5.csv|crp_dataset_8_1_7.csv,crp_dataset_8_1_3.csv,0.55476993,0.6757812499973602,0.9999999999942197,173,83,0,0,0.0196044921875,0.0196044921875,0.0
2,0.1,1.0,crp_dataset_8_1_5.csv|crp_dataset_8_1_7.csv,crp_dataset_8_1_6.csv,0.55476993,0.5468749999978638,0.9999999999928573,140,116,0,0,0.026928710937499996,0.026928710937499996,0.0
2,0.1,1.0,crp_dataset_8_1_5.csv|crp_dataset_8_1_4.csv,crp_dataset_8_1_7.csv,0.37023586,0.8593749999966431,0.9999999999954546,220,36,0,0,0.0095703125,0.0095703125,0.0
2,0.1,1.0,crp_dataset_8_1_5.csv|crp_dataset_8_1_4.csv,crp_dataset_8_1_1.csv,0.37023586,0.4921874999980774,0.9999999999920635,126,130,0,0,0.0252685546875,0.0252685546875,0.0
2,0.1,1.0,crp_dataset_8_1_5.csv|crp_dataset_8_1_4.csv,crp_dataset_8_1_2.csv,0.37023586,0.46484374999818423,0.9999999999915966,119,137,0,0,0.039453125,0.039453125,0.0
2,0.1,1.0,crp_dataset_8_1_5.csv|crp_dataset_8_1_4.csv,crp_dataset_8_1_8.csv,0.37023586,0.5390624999978944,0.9999999999927537,138,118,0,0,0.0283203125,0.0283203125,0.0
2,0.1,1.0,crp_dataset_8_1_5.csv|crp_dataset_8_1_4.csv,crp_dataset_8_1_3.csv,0.37023586,0.6757812499973602,0.9999999999942197,173,83,0,0,0.0196044921875,0.0196044921875,0.0
2,0.1,1.0,crp_dataset_8_1_5.csv|crp_dataset_8_1_4.csv,crp_dataset_8_1_6.csv,0.37023586,0.5468749999978638,0.9999999999928573,140,116,0,0,0.026928710937499996,0.026928710937499996,0.0
2,0.1,1.0,crp_dataset_8_1_5.csv|crp_dataset_8_1_1.csv,crp_dataset_8_1_7.csv,0.36719862,0.8593749999966431,0.9999999999954546,220,36,0,0,0.0095703125,0.0095703125,0.0
2,0.1,1.0,crp_dataset_8_1_5.csv|crp_dataset_8_1_1.csv,crp_dataset_8_1_4.csv,0.36719862,0.5117187499980012,0.9999999999923664,131,125,0,0,0.023046875,0.023046875,0.0
2,0.1,1.0,crp_dataset_8_1_5.csv|crp_dataset_8_1_1.csv,crp_dataset_8_1_2.csv,0.36719862,0.46484374999818423,0.9999999999915966,119,137,0,0,0.039453125,0.039453125,0.0
2,0.1,1.0,crp_dataset_8_1_5.csv|crp_dataset_8_1_1.csv,crp_dataset_8_1_8.csv,0.36719862,0.5390624999978944,0.9999999999927537,138,118,0,0,0.0283203125,0.0283203125,0.0
2,0.1,1.0,crp_dataset_8_1_5.csv|crp_dataset_8_1_1.csv,crp_dataset_8_1_3.csv,0.36719862,0.6757812499973602,0.9999999999942197,173,83,0,0,0.0196044921875,0.0196044921875,0.0
2,0.1,1.0,crp_dataset_8_1_5.csv|crp_dataset_8_1_1.csv,crp_dataset_8_1_6.csv,0.36719862,0.5468749999978638,0.9999999999928573,140,116,0,0,0.026928710937499996,0.026928710937499996,0.0
2,0.1,1.0,crp_dataset_8_1_5.csv|crp_dataset_8_1_2.csv,crp_dataset_8_1_7.csv,0.29268292,0.8593749999966431,0.9999999999954546,220,36,0,0,0.0095703125,0.0095703125,0.0
2,0.1,1.0,crp_dataset_8_1_5.csv|crp_dataset_8_1_2.csv,crp_dataset_8_1_4.csv,0.29268292,0.5117187499980012,0.9999999999923664,131,125,0,0,0.023046875,0.023046875,0.0
2,0.1,1.0,crp_dataset_8_1_5.csv|crp_dataset_8_1_2.csv,crp_dataset_8_1_1.csv,0.29268292,0.4921874999980774,0.9999999999920635,126,130,0,0,0.0252685546875,0.0252685546875,0.0
2,0.1,1.0,crp_dataset_8_1_5.csv|crp_dataset_8_1_2.csv,crp_dataset_8_1_8.csv,0.29268292,0.5390624999978944,0.9999999999927537,138,118,0,0,0.0283203125,0.0283203125,0.0
2,0.1,1.0,crp_dataset_8_1_5.csv|crp_dataset_8_1_2.csv,crp_dataset_8_1_3.csv,0.29268292,0.6757812499973602,0.9999999999942197,173,83,0,0,0.0196044921875,0.0196044921875,0.0
2,0.1,1.0,crp_dataset_8_1_5.csv|crp_dataset_8_1_2.csv,crp_dataset_8_1_6.csv,0.29268292,0.5468749999978638,0.9999999999928573,140,116,0,0,0.026928710937499996,0.026928710937499996,0.0
2,0.1,1.0,crp_dataset_8_1_5.csv|crp_dataset_8_1_8.csv,crp_dataset_8_1_7.csv,0.45474017,0.8593749999966431,0.9999999999954546,220,36,0,0,0.0095703125,0.0095703125,0.0
2,0.1,1.0,crp_dataset_8_1_5.csv|crp_dataset_8_1_8.csv,crp_dataset_8_1_4.csv,0.45474017,0.5117187499980012,0.9999999999923664,131,125,0,0,0.023046875,0.023046875,0.0
2,0.1,1.0,crp_dataset_8_1_5.csv|crp_dataset_8_1_8.csv,crp_dataset_8_1_1.csv,0.45474017,0.4921874999980774,0.9999999999920635,126,130,0,0,0.0252685546875,0.0252685546875,0.0
2,0.1,1.0,crp_dataset_8_1_5.csv|crp_dataset_8_1_8.csv,crp_dataset_8_1_2.csv,0.45474017,0.46484374999818423,0.9999999999915966,119,137,0,0,0.039453125,0.039453125,0.0
2,0.1,1.0,crp_dataset_8_1_5.csv|crp_dataset_8_1_8.csv,crp_dataset_8_1_3.csv,0.45474017,0.6757812499973602,0.9999999999942197,173,83,0,0,0.0196044921875,0.0196044921875,0.0
2,0.1,1.0,crp_dataset_8_1_5.csv|crp_dataset_8_1_8.csv,crp_dataset_8_1_6.csv,0.45474017,0.5468749999978638,0.9999999999928573,140,116,0,0,0.026928710937499996,0.026928710937499996,0.0
2,0.1,1.0,crp_dataset_8_1_5.csv|crp_dataset_8_1_3.csv,crp_dataset_8_1_7.csv,0.41004473,0.8593749999966431,0.9999999999954546,220,36,0,0,0.0095703125,0.0095703125,0.0
2,0.1,1.0,crp_dataset_8_1_5.csv|crp_dataset_8_1_3.csv,crp_dataset_8_1_4.csv,0.41004473,0.5117187499980012,0.9999999999923664,131,125,0,0,0.023046875,0.023046875,0.0
2,0.1,1.0,crp_dataset_8_1_5.csv|crp_dataset_8_1_3.csv,crp_dataset_8_1_1.csv,0.41004473,0.4921874999980774,0.9999999999920635,126,130,0,0,0.0252685546875,0.0252685546875,0.0
2,0.1,1.0,crp_dataset_8_1_5.csv|crp_dataset_8_1_3.csv,crp_dataset_8_1_2.csv,0.41004473,0.46484374999818423,0.9999999999915966,119,137,0,0,0.039453125,0.039453125,0.0
2,0.1,1.0,crp_dataset_8_1_5.csv|crp_dataset_8_1_3.csv,crp_dataset_8_1_8.csv,0.41004473,0.5390624999978944,0.9999999999927537,138,118,0,0,0.0283203125,0.0283203125,0.0
2,0.1,1.0,crp_dataset_8_1_5.csv|crp_dataset_8_1_3.csv,crp_dataset_8_1_6.csv,0.41004473,0.5468749999978638,0.9999999999928573,140,116,0,0,0.026928710937499996,0.026928710937499996,0.0
2,0.1,1.0,crp_dataset_8_1_5.csv|crp_dataset_8_1_6.csv,crp_dataset_8_1_7.csv,0.3627374,0.8593749999966431,0.9999999999954546,220,36,0,0,0.0095703125,0.0095703125,0.0
2,0.1,1.0,crp_dataset_8_1_5.csv|crp_dataset_8_1_6.csv,crp_dataset_8_1_4.csv,0.3627374,0.5117187499980012,0.9999999999923664,131,125,0,0,0.023046875,0.023046875,0.0
2,0.1,1.0,crp_dataset_8_1_5.csv|crp_dataset_8_1_6.csv,crp_dataset_8_1_1.csv,0.3627374,0.4921874999980774,0.9999999999920635,126,130,0,0,0.0252685546875,0.0252685546875,0.0
2,0.1,1.0,crp_dataset_8_1_5.csv|crp_dataset_8_1_6.csv,crp_dataset_8_1_2.csv,0.3627374,0.46484374999818423,0.9999999999915966,119,137,0,0,0.039453125,0.039453125,0.0
2,0.1,1.0,crp_dataset_8_1_5.csv|crp_dataset_8_1_6.csv,crp_dataset_8_1_8.csv,0.3627374,0.5390624999978944,0.9999999999927537,138,118,0,0,0.0283203125,0.0283203125,0.0
2,0.1,1.0,crp_dataset_8_1_5.csv|crp_dataset_8_1_6.csv,crp_dataset_8_1_3.csv,0.3627374,0.6757812499973602,0.9999999999942197,173,83,0,0,0.0196044921875,0.0196044921875,0.0
2,0.1,1.0,crp_dataset_8_1_7.csv|crp_dataset_8_1_4.csv,crp_dataset_8_1_5.csv,0.6338222,0.39062499999847416,0.99999999999,100,156,0,0,0.039282226562499994,0.039282226562499994,0.0
2,0.1,1.0,crp_dataset_8_1_7.csv|crp_dataset_8_1_4.csv,crp_dataset_8_1_1.csv,0.6338222,0.4921874999980774,0.9999999999920635,126,130,0,0,0.0252685546875,0.0252685546875,0.0
2,0.1,1.0,crp_dataset_8_1_7.csv|crp_dataset_8_1_4.csv,crp_dataset_8_1_2.csv,0.6338222,0.46484374999818423,0.9999999999915966,119,137,0,0,0.039453125,0.039453125,0.0
2,0.1,1.0,crp_dataset_8_1_7.csv|crp_dataset_8_1_4.csv,crp_dataset_8_1_8.csv,0.6338222,0.5390624999978944,0.9999999999927537,138,118,0,0,0.0283203125,0.0283203125,0.0
2,0.1,1.0,crp_dataset_8_1_7.csv|crp_dataset_8_1_4.csv,crp_dataset_8_1_3.csv,0.6338222,0.6757812499973602,0.9999999999942197,173,83,0,0,0.0196044921875,0.0196044921875,0.0
2,0.1,1.0,crp_dataset_8_1_7.csv|crp_dataset_8_1_4.csv,crp_dataset_8_1_6.csv,0.6338222,0.5468749999978638,0.9999999999928573,140,116,0,0,0.026928710937499996,0.026928710937499996,0.0
2,0.1,1.0,crp_dataset_8_1_7.csv|crp_dataset_8_1_1.csv,crp_dataset_8_1_5.csv,0.6546284,0.39062499999847416,0.99999999999,100,156,0,0,0.039282226562499994,0.039282226562499994,0.0
2,0.1,1.0,crp_dataset_8_1_7.csv|crp_dataset_8_1_1.csv,crp_dataset_8_1_4.csv,0.6546284,0.5117187499980012,0.9999999999923664,131,125,0,0,0.023046875,0.023046875,0.0
2,0.1,1.0,crp_dataset_8_1_7.csv|crp_dataset_8_1_1.csv,crp_dataset_8_1_2.csv,0.6546284,0.46484374999818423,0.9999999999915966,119,137,0,0,0.039453125,0.039453125,0.0
2,0.1,1.0,crp_dataset_8_1_7.csv|crp_dataset_8_1_1.csv,crp_dataset_8_1_8.csv,0.6546284,0.5390624999978944,0.9999999999927537,138,118,0,0,0.0283203125,0.0283203125,0.0
2,0.1,1.0,crp_dataset_8_1_7.csv|crp_dataset_8_1_1.csv,crp_dataset_8_1_3.csv,0.6546284,0.6757812499973602,0.9999999999942197,173,83,0,0,0.0196044921875,0.0196044921875,0.0
2,0.1,1.0,crp_dataset_8_1_7.csv|crp_dataset_8_1_1.csv,crp_dataset_8_1_6.csv,0.6546284,0.5468749999978638,0.9999999999928573,140,116,0,0,0.026928710937499996,0.026928710937499996,0.0
2,0.1,1.0,crp_dataset_8_1_7.csv|crp_dataset_8_1_2.csv,crp_dataset_8_1_5.csv,0.58607143,0.39062499999847416,0.99999999999,100,156,0,0,0.039282226562499994,0.039282226562499994,0.0
2,0.1,1.0,crp_dataset_8_1_7.csv|crp_dataset_8_1_2.csv,crp_dataset_8_1_4.csv,0.58607143,0.5117187499980012,0.9999999999923664,131,125,0,0,0.023046875,0.023046875,0.0
2,0.1,1.0,crp_dataset_8_1_7.csv|crp_dataset_8_1_2.csv,crp_dataset_8_1_1.csv,0.58607143,0.4921874999980774,0.9999999999920635,126,130,0,0,0.0252685546875,0.0252685546875,0.0
2,0.1,1.0,crp_dataset_8_1_7.csv|crp_dataset_8_1_2.csv,crp_dataset_8_1_8.csv,0.58607143,0.5390624999978944,0.9999999999927537,138,118,0,0,0.0283203125,0.0283203125,0.0
2,0.1,1.0,crp_dataset_8_1_7.csv|crp_dataset_8_1_2.csv,crp_dataset_8_1_3.csv,0.58607143,0.6757812499973602,0.9999999999942197,173,83,0,0,0.0196044921875,0.0196044921875,0.0
2,0.1,1.0,crp_dataset_8_1_7.csv|crp_dataset_8_1_2.csv,crp_dataset_8_1_6.csv,0.58607143,0.5468749999978638,0.9999999999928573,140,116,0,0,0.026928710937499996,0.026928710937499996,0.0
2,0.1,1.0,crp_dataset_8_1_7.csv|crp_dataset_8_1_8.csv,crp_dataset_8_1_5.csv,0.70731705,0.39062499999847416,0.99999999999,100,156,0,0,0.039282226562499994,0.039282226562499994,0.0
2,0.1,1.0,crp_dataset_8_1_7.csv|crp_dataset_8_1_8.csv,crp_dataset_8_1_4.csv,0.70731705,0.5117187499980012,0.9999999999923664,131,125,0,0,0.023046875,0.023046875,0.0
2,0.1,1.0,crp_dataset_8_1_7.csv|crp_dataset_8_1_8.csv,crp_dataset_8_1_1.csv,0.70731705,0.4921874999980774,0.9999999999920635,126,130,0,0,0.0252685546875,0.0252685546875,0.0
2,0.1,1.0,crp_dataset_8_1_7.csv|crp_dataset_8_1_8.csv,crp_dataset_8_1_2.csv,0.70731705,0.46484374999818423,0.9999999999915966,119,137,0,0,0.039453125,0.039453125,0.0
2,0.1,1.0,crp_dataset_8_1_7.csv|crp_dataset_8_1_8.csv,crp_dataset_8_1_3.csv,0.70731705,0.6757812499973602,0.9999999999942197,173,83,0,0,0.0196044921875,0.0196044921875,0.0
2,0.1,1.0,crp_dataset_8_1_7.csv|crp_dataset_8_1_8.csv,crp_dataset_8_1_6.csv,0.70731705,0.5468749999978638,0.9999999999928573,140,116,0,0,0.026928710937499996,0.026928710937499996,0.0
2,0.1,1.0,crp_dataset_8_1_7.csv|crp_dataset_8_1_3.csv,crp_dataset_8_1_5.csv,0.73170733,0.39062499999847416,0.99999999999,100,156,0,0,0.039282226562499994,0.039282226562499994,0.0
2,0.1,1.0,crp_dataset_8_1_7.csv|crp_dataset_8_1_3.csv,crp_dataset_8_1_4.csv,0.73170733,0.5117187499980012,0.9999999999923664,131,125,0,0,0.023046875,0.023046875,0.0
2,0.1,1.0,crp_dataset_8_1_7.csv|crp_dataset_8_1_3.csv,crp_dataset_8_1_1.csv,0.73170733,0.4921874999980774,0.9999999999920635,126,130,0,0,0.0252685546875,0.0252685546875,0.0
2,0.1,1.0,crp_dataset_8_1_7.csv|crp_dataset_8_1_3.csv,crp_dataset_8_1_2.csv,0.73170733,0.46484374999818423,0.9999999999915966,119,137,0,0,0.039453125,0.039453125,0.0
2,0.1,1.0,crp_dataset_8_1_7.csv|crp_dataset_8_1_3.csv,crp_dataset_8_1_8.csv,0.73170733,0.5390624999978944,0.9999999999927537,138,118,0,0,0.0283203125,0.0283203125,0.0
2,0.1,1.0,crp_dataset_8_1_7.csv|crp_dataset_8_1_3.csv,crp_dataset_8_1_6.csv,0.73170733,0.5468749999978638,0.9999999999928573,140,116,0,0,0.026928710937499996,0.026928710937499996,0.0
2,0.1,1.0,crp_dataset_8_1_7.csv|crp_dataset_8_1_6.csv,crp_dataset_8_1_5.csv,0.682358,0.39062499999847416,0.99999999999,100,156,0,0,0.039282226562499994,0.039282226562499994,0.0
2,0.1,1.0,crp_dataset_8_1_7.csv|crp_dataset_8_1_6.csv,crp_dataset_8_1_4.csv,0.682358,0.5117187499980012,0.9999999999923664,131,125,0,0,0.023046875,0.023046875,0.0
2,0.1,1.0,crp_dataset_8_1_7.csv|crp_dataset_8_1_6.csv,crp_dataset_8_1_1.csv,0.682358,0.4921874999980774,0.9999999999920635,126,130,0,0,0.0252685546875,0.0252685546875,0.0
2,0.1,1.0,crp_dataset_8_1_7.csv|crp_dataset_8_1_6.csv,crp_dataset_8_1_2.csv,0.682358,0.46484374999818423,0.9999999999915966,119,137,0,0,0.039453125,0.039453125,0.0
2,0.1,1.0,crp_dataset_8_1_7.csv|crp_dataset_8_1_6.csv,crp_dataset_8_1_8.csv,0.682358,0.5390624999978944,0.9999999999927537,138,118,0,0,0.0283203125,0.0283203125,0.0
2,0.1,1.0,crp_dataset_8_1_7.csv|crp_dataset_8_1_6.csv,crp_dataset_8_1_3.csv,0.682358,0.6757812499973602,0.9999999999942197,173,83,0,0,0.0196044921875,0.0196044921875,0.0
2,0.1,1.0,crp_dataset_8_1_4.csv|crp_dataset_8_1_1.csv,crp_dataset_8_1_5.csv,0.5070043,0.39062499999847416,0.99999999999,100,156,0,0,0.039282226562499994,0.039282226562499994,0.0
2,0.1,1.0,crp_dataset_8_1_4.csv|crp_dataset_8_1_1.csv,crp_dataset_8_1_7.csv,0.5070043,0.8593749999966431,0.9999999999954546,220,36,0,0,0.0095703125,0.0095703125,0.0
2,0.1,1.0,crp_dataset_8_1_4.csv|crp_dataset_8_1_1.csv,crp_dataset_8_1_2.csv,0.5070043,0.46484374999818423,0.9999999999915966,119,137,0,0,0.039453125,0.039453125,0.0
2,0.1,1.0,crp_dataset_8_1_4.csv|crp_dataset_8_1_1.csv,crp_dataset_8_1_8.csv,0.5070043,0.5390624999978944,0.9999999999927537,138,118,0,0,0.0283203125,0.0283203125,0.0
2,0.1,1.0,crp_dataset_8_1_4.csv|crp_dataset_8_1_1.csv,crp_dataset_8_1_3.csv,0.5070043,0.6757812499973602,0.9999999999942197,173,83,0,0,0.0196044921875,0.0196044921875,0.0
2,0.1,1.0,crp_dataset_8_1_4.csv|crp_dataset_8_1_1.csv,crp_dataset_8_1_6.csv,0.5070043,0.5468749999978638,0.9999999999928573,140,116,0,0,0.026928710937499996,0.026928710937499996,0.0
2,0.1,1.0,crp_dataset_8_1_4.csv|crp_dataset_8_1_2.csv,crp_dataset_8_1_5.csv,0.4511149,0.39062499999847416,0.99999999999,100,156,0,0,0.039282226562499994,0.039282226562499994,0.0
2,0.1,1.0,crp_dataset_8_1_4.csv|crp_dataset_8_1_2.csv,crp_dataset_8_1_7.csv,0.4511149,0.8593749999966431,0.9999999999954546,220,36,0,0,0.0095703125,0.0095703125,0.0
2,0.1,1.0,crp_dataset_8_1_4.csv|crp_dataset_8_1_2.csv,crp_dataset_8_1_1.csv,0.4511149,0.4921874999980774,0.9999999999920635,126,130,0,0,0.0252685546875,0.0252685546875,0.0
2,0.1,1.0,crp_dataset_8_1_4.csv|crp_dataset_8_1_2.csv,crp_dataset_8_1_8.csv,0.4511149,0.5390624999978944,0.9999999999927537,138,118,0,0,0.0283203125,0.0283203125,0.0
2,0.1,1.0,crp_dataset_8_1_4.csv|crp_dataset_8_1_2.csv,crp_dataset_8_1_3.csv,0.4511149,0.6757812499973602,0.9999999999942197,173,83,0,0,0.0196044921875,0.0196044921875,0.0
2,0.1,1.0,crp_dataset_8_1_4.csv|crp_dataset_8_1_2.csv,crp_dataset_8_1_6.csv,0.4511149,0.5468749999978638,0.9999999999928573,140,116,0,0,0.026928710937499996,0.026928710937499996,0.0
2,0.1,1.0,crp_dataset_8_1_4.csv|crp_dataset_8_1_8.csv,crp_dataset_8_1_5.csv,0.5633945,0.39062499999847416,0.99999999999,100,156,0,0,0.039282226562499994,0.039282226562499994,0.0
2,0.1,1.0,crp_dataset_8_1_4.csv|crp_dataset_8_1_8.csv,crp_dataset_8_1_7.csv,0.5633945,0.8593749999966431,0.9999999999954546,220,36,0,0,0.0095703125,0.0095703125,0.0
2,0.1,1.0,crp_dataset_8_1_4.csv|crp_dataset_8_1_8.csv,crp_dataset_8_1_1.csv,0.5633945,0.4921874999980774,0.9999999999920635,126,130,0,0,0.0252685546875,0.0252685546875,0.0
2,0.1,1.0,crp_dataset_8_1_4.csv|crp_dataset_8_1_8.csv,crp_dataset_8_1_2.csv,0.5633945,0.46484374999818423,0.9999999999915966,119,137,0,0,0.039453125,0.039453125,0.0
2,0.1,1.0,crp_dataset_8_1_4.csv|crp_dataset_8_1_8.csv,crp_dataset_8_1_3.csv,0.5633945,0.6757812499973602,0.9999999999942197,173,83,0,0,0.0196044921875,0.0196044921875,0.0
2,0.1,1.0,crp_dataset_8_1_4.csv|crp_dataset_8_1_8.csv,crp_dataset_8_1_6.csv,0.5633945,0.5468749999978638,0.9999999999928573,140,116,0,0,0.026928710937499996,0.026928710937499996,0.0
2,0.1,1.0,crp_dataset_8_1_4.csv|crp_dataset_8_1_3.csv,crp_dataset_8_1_5.csv,0.5773416,0.39062499999847416,0.99999999999,100,156,0,0,0.039282226562499994,0.039282226562499994,0.0
2,0.1,1.0,crp_dataset_8_1_4.csv|crp_dataset_8_1_3.csv,crp_dataset_8_1_7.csv,0.5773416,0.8593749999966431,0.9999999999954546,220,36,0,0,0.0095703125,0.0095703125,0.0
2,0.1,1.0,crp_dataset_8_1_4.csv|crp_dataset_8_1_3.csv,crp_dataset_8_1_1.csv,0.5773416,0.4921874999980774,0.9999999999920635,126,130,0,0,0.0252685546875,0.0252685546875,0.0
2,0.1,1.0,crp_dataset_8_1_4.csv|crp_dataset_8_1_3.csv,crp_dataset_8_1_2.csv,0.5773416,0.46484374999818423,0.9999999999915966,119,137,0,0,0.039453125,0.039453125,0.0
2,0.1,1.0,crp_dataset_8_1_4.csv|crp_dataset_8_1_3.csv,crp_dataset_8_1_8.csv,0.5773416,0.5390624999978944,0.9999999999927537,138,118,0,0,0.0283203125,0.0283203125,0.0
2,0.1,1.0,crp_dataset_8_1_4.csv|crp_dataset_8_1_3.csv,crp_dataset_8_1_6.csv,0.5773416,0.5468749999978638,0.9999999999928573,140,116,0,0,0.026928710937499996,0.026928710937499996,0.0
2,0.1,1.0,crp_dataset_8_1_4.csv|crp_dataset_8_1_6.csv,crp_dataset_8_1_5.csv,0.49053273,0.39062499999847416,0.99999999999,100,156,0,0,0.039282226562499994,0.039282226562499994,0.0
2,0.1,1.0,crp_dataset_8_1_4.csv|crp_dataset_8_1_6.csv,crp_dataset_8_1_7.csv,0.49053273,0.8593749999966431,0.9999999999954546,220,36,0,0,0.0095703125,0.0095703125,0.0
2,0.1,1.0,crp_dataset_8_1_4.csv|crp_dataset_8_1_6.csv,crp_dataset_8_1_1.csv,0.49053273,0.4921874999980774,0.9999999999920635,126,130,0,0,0.0252685546875,0.0252685546875,0.0
2,0.1,1.0,crp_dataset_8_1_4.csv|crp_dataset_8_1_6.csv,crp_dataset_8_1_2.csv,0.49053273,0.46484374999818423,0.9999999999915966,119,137,0,0,0.039453125,0.039453125,0.0
2,0.1,1.0,crp_dataset_8_1_4.csv|crp_dataset_8_1_6.csv,crp_dataset_8_1_8.csv,0.49053273,0.5390624999978944,0.9999999999927537,138,118,0,0,0.0283203125,0.0283203125,0.0
2,0.1,1.0,crp_dataset_8_1_4.csv|crp_dataset_8_1_6.csv,crp_dataset_8_1_3.csv,0.49053273,0.6757812499973602,0.9999999999942197,173,83,0,0,0.0196044921875,0.0196044921875,0.0
2,0.1,1.0,crp_dataset_8_1_1.csv|crp_dataset_8_1_2.csv,crp_dataset_8_1_5.csv,0.45860595,0.39062499999847416,0.99999999999,100,156,0,0,0.039282226562499994,0.039282226562499994,0.0
2,0.1,1.0,crp_dataset_8_1_1.csv|crp_dataset_8_1_2.csv,crp_dataset_8_1_7.csv,0.45860595,0.8593749999966431,0.9999999999954546,220,36,0,0,0.0095703125,0.0095703125,0.0
2,0.1,1.0,crp_dataset_8_1_1.csv|crp_dataset_8_1_2.csv,crp_dataset_8_1_4.csv,0.45860595,0.5117187499980012,0.9999999999923664,131,125,0,0,0.023046875,0.023046875,0.0
2,0.1,1.0,crp_dataset_8_1_1.csv|crp_dataset_8_1_2.csv,crp_dataset_8_1_8.csv,0.45860595,0.5390624999978944,0.9999999999927537,138,118,0,0,0.0283203125,0.0283203125,0.0
2,0.1,1.0,crp_dataset_8_1_1.csv|crp_dataset_8_1_2.csv,crp_dataset_8_1_3.csv,0.45860595,0.6757812499973602,0.9999999999942197,173,83,0,0,0.0196044921875,0.0196044921875,0.0
2,0.1,1.0,crp_dataset_8_1_1.csv|crp_dataset_8_1_2.csv,crp_dataset_8_1_6.csv,0.45860595,0.5468749999978638,0.9999999999928573,140,116,0,0,0.026928710937499996,0.026928710937499996,0.0
2,0.1,1.0,crp_dataset_8_1_1.csv|crp_dataset_8_1_8.csv,crp_dataset_8_1_5.csv,0.59135133,0.39062499999847416,0.99999999999,100,156,0,0,0.039282226562499994,0.039282226562499994,0.0
2,0.1,1.0,crp_dataset_8_1_1.csv|crp_dataset_8_1_8.csv,crp_dataset_8_1_7.csv,0.59135133,0.8593749999966431,0.9999999999954546,220,36,0,0,0.0095703125,0.0095703125,0.0
2,0.1,1.0,crp_dataset_8_1_1.csv|crp_dataset_8_1_8.csv,crp_dataset_8_1_4.csv,0.59135133,0.5117187499980012,0.9999999999923664,131,125,0,0,0.023046875,0.023046875,0.0
2,0.1,1.0,crp_dataset_8_1_1.csv|crp_dataset_8_1_8.csv,crp_dataset_8_1_2.csv,0.59135133,0.46484374999818423,0.9999999999915966,119,137,0,0,0.039453125,0.039453125,0.0
2,0.1,1.0,crp_dataset_8_1_1.csv|crp_dataset_8_1_8.csv,crp_dataset_8_1_3.csv,0.59135133,0.6757812499973602,0.9999999999942197,173,83,0,0,0.0196044921875,0.0196044921875,0.0
2,0.1,1.0,crp_dataset_8_1_1.csv|crp_dataset_8_1_8.csv,crp_dataset_8_1_6.csv,0.59135133,0.5468749999978638,0.9999999999928573,140,116,0,0,0.026928710937499996,0.026928710937499996,0.0
2,0.1,1.0,crp_dataset_8_1_1.csv|crp_dataset_8_1_3.csv,crp_dataset_8_1_5.csv,0.5218146,0.39062499999847416,0.99999999999,100,156,0,0,0.039282226562499994,0.039282226562499994,0.0
2,0.1,1.0,crp_dataset_8_1_1.csv|crp_dataset_8_1_3.csv,crp_dataset_8_1_7.csv,0.5218146,0.8593749999966431,0.9999999999954546,220,36,0,0,0.0095703125,0.0095703125,0.0
2,0.1,1.0,crp_dataset_8_1_1.csv|crp_dataset_8_1_3.csv,crp_dataset_8_1_4.csv,0.5218146,0.5117187499980012,0.9999999999923664,131,125,0,0,0.023046875,0.023046875,0.0
2,0.1,1.0,crp_dataset_8_1_1.csv|crp_dataset_8_1_3.csv,crp_dataset_8_1_2.csv,0.5218146,0.46484374999818423,0.9999999999915966,119,137,0,0,0.039453125,0.039453125,0.0
2,0.1,1.0,crp_dataset_8_1_1.csv|crp_dataset_8_1_3.csv,crp_dataset_8_1_8.csv,0.5218146,0.5390624999978944,0.9999999999927537,138,118,0,0,0.0283203125,0.0283203125,0.0
2,0.1,1.0,crp_dataset_8_1_1.csv|crp_dataset_8_1_3.csv,crp_dataset_8_1_6.csv,0.5218146,0.5468749999978638,0.9999999999928573,140,116,0,0,0.026928710937499996,0.026928710937499996,0.0
2,0.1,1.0,crp_dataset_8_1_1.csv|crp_dataset_8_1_6.csv,crp_dataset_8_1_5.csv,0.49462992,0.39062499999847416,0.99999999999,100,156,0,0,0.039282226562499994,0.039282226562499994,0.0
2,0.1,1.0,crp_dataset_8_1_1.csv|crp_dataset_8_1_6.csv,crp_dataset_8_1_7.csv,0.49462992,0.8593749999966431,0.9999999999954546,220,36,0,0,0.0095703125,0.0095703125,0.0
2,0.1,1.0,crp_dataset_8_1_1.csv|crp_dataset_8_1_6.csv,crp_dataset_8_1_4.csv,0.49462992,0.5117187499980012,0.9999999999923664,131,125,0,0,0.023046875,0.023046875,0.0
2,0.1,1.0,crp_dataset_8_1_1.csv|crp_dataset_8_1_6.csv,crp_dataset_8_1_2.csv,0.49462992,0.46484374999818423,0.9999999999915966,119,137,0,0,0.039453125,0.039453125,0.0
2,0.1,1.0,crp_dataset_8_1_1.csv|crp_dataset_8_1_6.csv,crp_dataset_8_1_8.csv,0.49462992,0.5390624999978944,0.9999999999927537,138,118,0,0,0.0283203125,0.0283203125,0.0
2,0.1,1.0,crp_dataset_8_1_1.csv|crp_dataset_8_1_6.csv,crp_dataset_8_1_3.csv,0.49462992,0.6757812499973602,0.9999999999942197,173,83,0,0,0.0196044921875,0.0196044921875,0.0
2,0.1,1.0,crp_dataset_8_1_2.csv|crp_dataset_8_1_8.csv,crp_dataset_8_1_5.csv,0.5687258,0.39062499999847416,0.99999999999,100,156,0,0,0.039282226562499994,0.039282226562499994,0.0
2,0.1,1.0,crp_dataset_8_1_2.csv|crp_dataset_8_1_8.csv,crp_dataset_8_1_7.csv,0.5687258,0.8593749999966431,0.9999999999954546,220,36,0,0,0.0095703125,0.0095703125,0.0
2,0.1,1.0,crp_dataset_8_1_2.csv|crp_dataset_8_1_8.csv,crp_dataset_8_1_4.csv,0.5687258,0.5117187499980012,0.9999999999923664,131,125,0,0,0.023046875,0.023046875,0.0
2,0.1,1.0,crp_dataset_8_1_2.csv|crp_dataset_8_1_8.csv,crp_dataset_8_1_1.csv,0.5687258,0.4921874999980774,0.9999999999920635,126,130,0,0,0.0252685546875,0.0252685546875,0.0
2,0.1,1.0,crp_dataset_8_1_2.csv|crp_dataset_8_1_8.csv,crp_dataset_8_1_3.csv,0.5687258,0.6757812499973602,0.9999999999942197,173,83,0,0,0.0196044921875,0.0196044921875,0.0
2,0.1,1.0,crp_dataset_8_1_2.csv|crp_dataset_8_1_8.csv,crp_dataset_8_1_6.csv,0.5687258,0.5468749999978638,0.9999999999928573,140,116,0,0,0.026928710937499996,0.026928710937499996,0.0
2,0.1,1.0,crp_dataset_8_1_2.csv|crp_dataset_8_1_3.csv,crp_dataset_8_1_5.csv,0.4871827,0.39062499999847416,0.99999999999,100,156,0,0,0.039282226562499994,0.039282226562499994,0.0
2,0.1,1.0,crp_dataset_8_1_2.csv|crp_dataset_8_1_3.csv,crp_dataset_8_1_7.csv,0.4871827,0.8593749999966431,0.9999999999954546,220,36,0,0,0.0095703125,0.0095703125,0.0
2,0.1,1.0,crp_dataset_8_1_2.csv|crp_dataset_8_1_3.csv,crp_dataset_8_1_4.csv,0.4871827,0.5117187499980012,0.9999999999923664,131,125,0,0,0.023046875,0.023046875,0.0
2,0.1,1.0,crp_dataset_8_1_2.csv|crp_dataset_8_1_3.csv,crp_dataset_8_1_1.csv,0.4871827,0.4921874999980774,0.9999999999920635,126,130,0,0,0.0252685546875,0.0252685546875,0.0
2,0.1,1.0,crp_dataset_8_1_2.csv|crp_dataset_8_1_3.csv,crp_dataset_8_1_8.csv,0.4871827,0.5390624999978944,0.9999999999927537,138,118,0,0,0.0283203125,0.0283203125,0.0
2,0.1,1.0,crp_dataset_8_1_2.csv|crp_dataset_8_1_3.csv,crp_dataset_8_1_6.csv,0.4871827,0.5468749999978638,0.9999999999928573,140,116,0,0,0.026928710937499996,0.026928710937499996,0.0
2,0.1,1.0,crp_dataset_8_1_2.csv|crp_dataset_8_1_6.csv,crp_dataset_8_1_5.csv,0.4377909,0.39062499999847416,0.99999999999,100,156,0,0,0.039282226562499994,0.039282226562499994,0.0
2,0.1,1.0,crp_dataset_8_1_2.csv|crp_dataset_8_1_6.csv,crp_dataset_8_1_7.csv,0.4377909,0.8593749999966431,0.9999999999954546,220,36,0,0,0.0095703125,0.0095703125,0.0
2,0.1,1.0,crp_dataset_8_1_2.csv|crp_dataset_8_1_6.csv,crp_dataset_8_1_4.csv,0.4377909,0.5117187499980012,0.9999999999923664,131,125,0,0,0.023046875,0.023046875,0.0
2,0.1,1.0,crp_dataset_8_1_2.csv|crp_dataset_8_1_6.csv,crp_dataset_8_1_1.csv,0.4377909,0.4921874999980774,0.9999999999920635,126,130,0,0,0.0252685546875,0.0252685546875,0.0
2,0.1,1.0,crp_dataset_8_1_2.csv|crp_dataset_8_1_6.csv,crp_dataset_8_1_8.csv,0.4377909,0.5390624999978944,0.9999999999927537,138,118,0,0,0.0283203125,0.0283203125,0.0
2,0.1,1.0,crp_dataset_8_1_2.csv|crp_dataset_8_1_6.csv,crp_dataset_8_1_3.csv,0.4377909,0.6757812499973602,0.9999999999942197,173,83,0,0,0.0196044921875,0.0196044921875,0.0
2,0.1,1.0,crp_dataset_8_1_8.csv|crp_dataset_8_1_3.csv,crp_dataset_8_1_5.csv,0.53297627,0.39062499999847416,0.99999999999,100,156,0,0,0.039282226562499994,0.039282226562499994,0.0
2,0.1,1.0,crp_dataset_8_1_8.csv|crp_dataset_8_1_3.csv,crp_dataset_8_1_7.csv,0.53297627,0.8593749999966431,0.9999999999954546,220,36,0,0,0.0095703125,0.0095703125,0.0
2,0.1,1.0,crp_dataset_8_1_8.csv|crp_dataset_8_1_3.csv,crp_dataset_8_1_4.csv,0.53297627,0.5117187499980012,0.9999999999923664,131,125,0,0,0.023046875,0.023046875,0.0
2,0.1,1.0,crp_dataset_8_1_8.csv|crp_dataset_8_1_3.csv,crp_dataset_8_1_1.csv,0.53297627,0.4921874999980774,0.9999999999920635,126,130,0,0,0.0252685546875,0.0252685546875,0.0
2,0.1,1.0,crp_dataset_8_1_8.csv|crp_dataset_8_1_3.csv,crp_dataset_8_1_2.csv,0.53297627,0.46484374999818423,0.9999999999915966,119,137,0,0,0.039453125,0.039453125,0.0
2,0.1,1.0,crp_dataset_8_1_8.csv|crp_dataset_8_1_3.csv,crp_dataset_8_1_6.csv,0.53297627,0.5468749999978638,0.9999999999928573,140,116,0,0,0.026928710937499996,0.026928710937499996,0.0
2,0.1,1.0,crp_dataset_8_1_8.csv|crp_dataset_8_1_6.csv,crp_dataset_8_1_5.csv,0.5033016,0.39062499999847416,0.99999999999,100,156,0,0,0.039282226562499994,0.039282226562499994,0.0
2,0.1,1.0,crp_dataset_8_1_8.csv|crp_dataset_8_1_6.csv,crp_dataset_8_1_7.csv,0.5033016,0.8593749999966431,0.9999999999954546,220,36,0,0,0.0095703125,0.0095703125,0.0
2,0.1,1.0,crp_dataset_8_1_8.csv|crp_dataset_8_1_6.csv,crp_dataset_8_1_4.csv,0.5033016,0.5117187499980012,0.9999999999923664,131,125,0,0,0.023046875,0.023046875,0.0
2,0.1,1.0,crp_dataset_8_1_8.csv|crp_dataset_8_1_6.csv,crp_dataset_8_1_1.csv,0.5033016,0.4921874999980774,0.9999999999920635,126,130,0,0,0.0252685546875,0.0252685546875,0.0
2,0.1,1.0,crp_dataset_8_1_8.csv|crp_dataset_8_1_6.csv,crp_dataset_8_1_2.csv,0.5033016,0.46484374999818423,0.9999999999915966,119,137,0,0,0.039453125,0.039453125,0.0
2,0.1,1.0,crp_dataset_8_1_8.csv|crp_dataset_8_1_6.csv,crp_dataset_8_1_3.csv,0.5033016,0.6757812499973602,0.9999999999942197,173,83,0,0,0.0196044921875,0.0196044921875,0.0
2,0.1,1.0,crp_dataset_8_1_3.csv|crp_dataset_8_1_6.csv,crp_dataset_8_1_5.csv,0.48289663,0.39062499999847416,0.99999999999,100,156,0,0,0.039282226562499994,0.039282226562499994,0.0
2,0.1,1.0,crp_dataset_8_1_3.csv|crp_dataset_8_1_6.csv,crp_dataset_8_1_7.csv,0.48289663,0.8593749999966431,0.9999999999954546,220,36,0,0,0.0095703125,0.0095703125,0.0
2,0.1,1.0,crp_dataset_8_1_3.csv|crp_dataset_8_1_6.csv,crp_dataset_8_1_4.csv,0.48289663,0.5117187499980012,0.9999999999923664,131,125,0,0,0.023046875,0.023046875,0.0
2,0.1,1.0,crp_dataset_8_1_3.csv|crp_dataset_8_1_6.csv,crp_dataset_8_1_1.csv,0.48289663,0.4921874999980774,0.9999999999920635,126,130,0,0,0.0252685546875,0.0252685546875,0.0
2,0.1,1.0,crp_dataset_8_1_3.csv|crp_dataset_8_1_6.csv,crp_dataset_8_1_2.csv,0.48289663,0.46484374999818423,0.9999999999915966,119,137,0,0,0.039453125,0.039453125,0.0
2,0.1,1.0,crp_dataset_8_1_3.csv|crp_dataset_8_1_6.csv,crp_dataset_8_1_8.csv,0.48289663,0.5390624999978944,0.9999999999927537,138,118,0,0,0.0283203125,0.0283203125,0.0
3,0.1,1.0,crp_dataset_8_1_5.csv|crp_dataset_8_1_7.csv|crp_dataset_8_1_4.csv,crp_dataset_8_1_1.csv,0.5635282,0.4921874999980774,0.9999999999920635,126,130,0,0,0.0252685546875,0.0252685546875,0.0
3,0.1,1.0,crp_dataset_8_1_5.csv|crp_dataset_8_1_7.csv|crp_dataset_8_1_4.csv,crp_dataset_8_1_2.csv,0.5635282,0.46484374999818423,0.9999999999915966,119,137,0,0,0.039453125,0.039453125,0.0
3,0.1,1.0,crp_dataset_8_1_5.csv|crp_dataset_8_1_7.csv|crp_dataset_8_1_4.csv,crp_dataset_8_1_8.csv,0.5635282,0.5390624999978944,0.9999999999927537,138,118,0,0,0.0283203125,0.0283203125,0.0
3,0.1,1.0,crp_dataset_8_1_5.csv|crp_dataset_8_1_7.csv|crp_dataset_8_1_4.csv,crp_dataset_8_1_3.csv,0.5635282,0.6757812499973602,0.9999999999942197,173,83,0,0,0.0196044921875,0.0196044921875,0.0
3,0.1,1.0,crp_dataset_8_1_5.csv|crp_dataset_8_1_7.csv|crp_dataset_8_1_4.csv,crp_dataset_8_1_6.csv,0.5635282,0.5468749999978638,0.9999999999928573,140,116,0,0,0.026928710937499996,0.026928710937499996,0.0
3,0.1,1.0,crp_dataset_8_1_5.csv|crp_dataset_8_1_7.csv|crp_dataset_8_1_1.csv,crp_dataset_8_1_4.csv,0.5550049,0.5117187499980012,0.9999999999923664,131,125,0,0,0.023046875,0.023046875,0.0
3,0.1,1.0,crp_dataset_8_1_5.csv|crp_dataset_8_1_7.csv|crp_dataset_8_1_1.csv,crp_dataset_8_1_2.csv,0.5550049,0.46484374999818423,0.9999999999915966,119,137,0,0,0.039453125,0.039453125,0.0
3,0.1,1.0,crp_dataset_8_1_5.csv|crp_dataset_8_1_7.csv|crp_dataset_8_1_1.csv,crp_dataset_8_1_8.csv,0.5550049,0.5390624999978944,0.9999999999927537,138,118,0,0,0.0283203125,0.0283203125,0.0
3,0.1,1.0,crp_dataset_8_1_5.csv|crp_dataset_8_1_7.csv|crp_dataset_8_1_1.csv,crp_dataset_8_1_3.csv,0.5550049,0.6757812499973602,0.9999999999942197,173,83,0,0,0.0196044921875,0.0196044921875,0.0
3,0.1,1.0,crp_dataset_8_1_5.csv|crp_dataset_8_1_7.csv|crp_dataset_8_1_1.csv,crp_dataset_8_1_6.csv,0.5550049,0.5468749999978638,0.9999999999928573,140,116,0,0,0.026928710937499996,0.026928710937499996,0.0
3,0.1,1.0,crp_dataset_8_1_5.csv|crp_dataset_8_1_7.csv|crp_dataset_8_1_2.csv,crp_dataset_8_1_4.csv,0.4992268,0.5117187499980012,0.9999999999923664,131,125,0,0,0.023046875,0.023046875,0.0
3,0.1,1.0,crp_dataset_8_1_5.csv|crp_dataset_8_1_7.csv|crp_dataset_8_1_2.csv,crp_dataset_8_1_1.csv,0.4992268,0.4921874999980774,0.9999999999920635,126,130,0,0,0.0252685546875,0.0252685546875,0.0
3,0.1,1.0,crp_dataset_8_1_5.csv|crp_dataset_8_1_7.csv|crp_dataset_8_1_2.csv,crp_dataset_8_1_8.csv,0.4992268,0.5390624999978944,0.9999999999927537,138,118,0,0,0.0283203125,0.0283203125,0.0
3,0.1,1.0,crp_dataset_8_1_5.csv|crp_dataset_8_1_7.csv|crp_dataset_8_1_2.csv,crp_dataset_8_1_3.csv,0.4992268,0.6757812499973602,0.9999999999942197,173,83,0,0,0.0196044921875,0.0196044921875,0.0
3,0.1,1.0,crp_dataset_8_1_5.csv|crp_dataset_8_1_7.csv|crp_dataset_8_1_2.csv,crp_dataset_8_1_6.csv,0.4992268,0.5468749999978638,0.9999999999928573,140,116,0,0,0.026928710937499996,0.026928710937499996,0.0
3,0.1,1.0,crp_dataset_8_1_5.csv|crp_dataset_8_1_7.csv|crp_dataset_8_1_8.csv,crp_dataset_8_1_4.csv,0.5588591,0.5117187499980012,0.9999999999923664,131,125,0,0,0.023046875,0.023046875,0.0
3,0.1,1.0,crp_dataset_8_1_5.csv|crp_dataset_8_1_7.csv|crp_dataset_8_1_8.csv,crp_dataset_8_1_1.csv,0.5588591,0.4921874999980774,0.9999999999920635,126,130,0,0,0.0252685546875,0.0252685546875,0.0
3,0.1,1.0,crp_dataset_8_1_5.csv|crp_dataset_8_1_7.csv|crp_dataset_8_1_8.csv,crp_dataset_8_1_2.csv,0.5588591,0.46484374999818423,0.9999999999915966,119,137,0,0,0.039453125,0.039453125,0.0
3,0.1,1.0,crp_dataset_8_1_5.csv|crp_dataset_8_1_7.csv|crp_dataset_8_1_8.csv,crp_dataset_8_1_3.csv,0.5588591,0.6757812499973602,0.9999999999942197,173,83,0,0,0.0196044921875,0.0196044921875,0.0
3,0.1,1.0,crp_dataset_8_1_5.csv|crp_dataset_8_1_7.csv|crp_dataset_8_1_8.csv,crp_dataset_8_1_6.csv,0.5588591,0.5468749999978638,0.9999999999928573,140,116,0,0,0.026928710937499996,0.026928710937499996,0.0
3,0.1,1.0,crp_dataset_8_1_5.csv|crp_dataset_8_1_7.csv|crp_dataset_8_1_3.csv,crp_dataset_8_1_4.csv,0.57454896,0.5117187499980012,0.9999999999923664,131,125,0,0,0.023046875,0.023046875,0.0
3,0.1,1.0,crp_dataset_8_1_5.csv|crp_dataset_8_1_7.csv|crp_dataset_8_1_3.csv,crp_dataset_8_1_1.csv,0.57454896,0.4921874999980774,0.9999999999920635,126,130,0,0,0.0252685546875,0.0252685546875,0.0
3,0.1,1.0,crp_dataset_8_1_5.csv|crp_dataset_8_1_7.csv|crp_dataset_8_1_3.csv,crp_dataset_8_1_2.csv,0.57454896,0.46484374999818423,0.9999999999915966,119,137,0,0,0.039453125,0.039453125,0.0
3,0.1,1.0,crp_dataset_8_1_5.csv|crp_dataset_8_1_7.csv|crp_dataset_8_1_3.csv,crp_dataset_8_1_8.csv,0.57454896,0.5390624999978944,0.9999999999927537,138,118,0,0,0.0283203125,0.0283203125,0.0
3,0.1,1.0,crp_dataset_8_1_5.csv|crp_dataset_8_1_7.csv|crp_dataset_8_1_3.csv,crp_dataset_8_1_6.csv,0.57454896,0.5468749999978638,0.9999999999928573,140,116,0,0,0.026928710937499996,0.026928710937499996,0.0
3,0.1,1.0,crp_dataset_8_1_5.csv|crp_dataset_8_1_7.csv|crp_dataset_8_1_6.csv,crp_dataset_8_1_4.csv,0.5026535,0.5117187499980012,0.9999999999923664,131,125,0,0,0.023046875,0.023046875,0.0
3,0.1,1.0,crp_dataset_8_1_5.csv|crp_dataset_8_1_7.csv|crp_dataset_8_1_6.csv,crp_dataset_8_1_1.csv,0.5026535,0.4921874999980774,0.9999999999920635,126,130,0,0,0.0252685546875,0.0252685546875,0.0
3,0.1,1.0,crp_dataset_8_1_5.csv|crp_dataset_8_1_7.csv|crp_dataset_8_1_6.csv,crp_dataset_8_1_2.csv,0.5026535,0.46484374999818423,0.9999999999915966,119,137,0,0,0.039453125,0.039453125,0.0
3,0.1,1.0,crp_dataset_8_1_5.csv|crp_dataset_8_1_7.csv|crp_dataset_8_1_6.csv,crp_dataset_8_1_8.csv,0.5026535,0.5390624999978944,0.9999999999927537,138,118,0,0,0.0283203125,0.0283203125,0.0
3,0.1,1.0,crp_dataset_8_1_5.csv|crp_dataset_8_1_7.csv|crp_dataset_8_1_6.csv,crp_dataset_8_1_3.csv,0.5026535,0.6757812499973602,0.9999999999942197,173,83,0,0,0.0196044921875,0.0196044921875,0.0
3,0.1,1.0,crp_dataset_8_1_5.csv|crp_dataset_8_1_4.csv|crp_dataset_8_1_1.csv,crp_dataset_8_1_7.csv,0.4033107,0.8593749999966431,0.9999999999954546,220,36,0,0,0.0095703125,0.0095703125,0.0
3,0.1,1.0,crp_dataset_8_1_5.csv|crp_dataset_8_1_4.csv|crp_dataset_8_1_1.csv,crp_dataset_8_1_2.csv,0.4033107,0.46484374999818423,0.9999999999915966,119,137,0,0,0.039453125,0.039453125,0.0
3,0.1,1.0,crp_dataset_8_1_5.csv|crp_dataset_8_1_4.csv|crp_dataset_8_1_1.csv,crp_dataset_8_1_8.csv,0.4033107,0.5390624999978944,0.9999999999927537,138,118,0,0,0.0283203125,0.0283203125,0.0
3,0.1,1.0,crp_dataset_8_1_5.csv|crp_dataset_8_1_4.csv|crp_dataset_8_1_1.csv,crp_dataset_8_1_3.csv,0.4033107,0.6757812499973602,0.9999999999942197,173,83,0,0,0.0196044921875,0.0196044921875,0.0
3,0.1,1.0,crp_dataset_8_1_5.csv|crp_dataset_8_1_4.csv|crp_dataset_8_1_1.csv,crp_dataset_8_1_6.csv,0.4033107,0.5468749999978638,0.9999999999928573,140,116,0,0,0.026928710937499996,0.026928710937499996,0.0
3,0.1,1.0,crp_dataset_8_1_5.csv|crp_dataset_8_1_4.csv|crp_dataset_8_1_2.csv,crp_dataset_8_1_7.csv,0.38491067,0.8593749999966431,0.9999999999954546,220,36,0,0,0.0095703125,0.0095703125,0.0
3,0.1,1.0,crp_dataset_8_1_5.csv|crp_dataset_8_1_4.csv|crp_dataset_8_1_2.csv,crp_dataset_8_1_1.csv,0.38491067,0.4921874999980774,0.9999999999920635,126,130,0,0,0.0252685546875,0.0252685546875,0.0
3,0.1,1.0,crp_dataset_8_1_5.csv|crp_dataset_8_1_4.csv|crp_dataset_8_1_2.csv,crp_dataset_8_1_8.csv,0.38491067,0.5390624999978944,0.9999999999927537,138,118,0,0,0.0283203125,0.0283203125,0.0
3,0.1,1.0,crp_dataset_8_1_5.csv|crp_dataset_8_1_4.csv|crp_dataset_8_1_2.csv,crp_dataset_8_1_3.csv,0.38491067,0.6757812499973602,0.9999999999942197,173,83,0,0,0.0196044921875,0.0196044921875,0.0
3,0.1,1.0,crp_dataset_8_1_5.csv|crp_dataset_8_1_4.csv|crp_dataset_8_1_2.csv,crp_dataset_8_1_6.csv,0.38491067,0.5468749999978638,0.9999999999928573,140,116,0,0,0.026928710937499996,0.026928710937499996,0.0
3,0.1,1.0,crp_dataset_8_1_5.csv|crp_dataset_8_1_4.csv|crp_dataset_8_1_8.csv,crp_dataset_8_1_7.csv,0.44896427,0.8593749999966431,0.9999999999954546,220,36,0,0,0.0095703125,0.0095703125,0.0
3,0.1,1.0,crp_dataset_8_1_5.csv|crp_dataset_8_1_4.csv|crp_dataset_8_1_8.csv,crp_dataset_8_1_1.csv,0.44896427,0.4921874999980774,0.9999999999920635,126,130,0,0,0.0252685546875,0.0252685546875,0.0
3,0.1,1.0,crp_dataset_8_1_5.csv|crp_dataset_8_1_4.csv|crp_dataset_8_1_8.csv,crp_dataset_8_1_2.csv,0.44896427,0.46484374999818423,0.9999999999915966,119,137,0,0,0.039453125,0.039453125,0.0
3,0.1,1.0,crp_dataset_8_1_5.csv|crp_dataset_8_1_4.csv|crp_dataset_8_1_8.csv,crp_dataset_8_1_3.csv,0.44896427,0.6757812499973602,0.9999999999942197,173,83,0,0,0.0196044921875,0.0196044921875,0.0
3,0.1,1.0,crp_dataset_8_1_5.csv|crp_dataset_8_1_4.csv|crp_dataset_8_1_8.csv,crp_dataset_8_1_6.csv,0.44896427,0.5468749999978638,0.9999999999928573,140,116,0,0,0.026928710937499996,0.026928710937499996,0.0
3,0.1,1.0,crp_dataset_8_1_5.csv|crp_dataset_8_1_4.csv|crp_dataset_8_1_3.csv,crp_dataset_8_1_7.csv,0.45698252,0.8593749999966431,0.9999999999954546,220,36,0,0,0.0095703125,0.0095703125,0.0
3,0.1,1.0,crp_dataset_8_1_5.csv|crp_dataset_8_1_4.csv|crp_dataset_8_1_3.csv,crp_dataset_8_1_1.csv,0.45698252,0.4921874999980774,0.9999999999920635,126,130,0,0,0.0252685546875,0.0252685546875,0.0
3,0.1,1.0,crp_dataset_8_1_5.csv|crp_dataset_8_1_4.csv|crp_dataset_8_1_3.csv,crp_dataset_8_1_2.csv,0.45698252,0.46484374999818423,0.9999999999915966,119,137,0,0,0.039453125,0.039453125,0.0
3,0.1,1.0,crp_dataset_8_1_5.csv|crp_dataset_8_1_4.csv|crp_dataset_8_1_3.csv,crp_dataset_8_1_8.csv,0.45698252,0.5390624999978944,0.9999999999927537,138,118,0,0,0.0283203125,0.0283203125,0.0
3,0.1,1.0,crp_dataset_8_1_5.csv|crp_dataset_8_1_4.csv|crp_dataset_8_1_3.csv,crp_dataset_8_1_6.csv,0.45698252,0.5468749999978638,0.9999999999928573,140,116,0,0,0.026928710937499996,0.026928710937499996,0.0
3,0.1,1.0,crp_dataset_8_1_5.csv|crp_dataset_8_1_4.csv|crp_dataset_8_1_6.csv,crp_dataset_8_1_7.csv,0.41682416,0.8593749999966431,0.9999999999954546,220,36,0,0,0.0095703125,0.0095703125,0.0
3,0.1,1.0,crp_dataset_8_1_5.csv|crp_dataset_8_1_4.csv|crp_dataset_8_1_6.csv,crp_dataset_8_1_1.csv,0.41682416,0.4921874999980774,0.9999999999920635,126,130,0,0,0.0252685546875,0.0252685546875,0.0
3,0.1,1.0,crp_dataset_8_1_5.csv|crp_dataset_8_1_4.csv|crp_dataset_8_1_6.csv,crp_dataset_8_1_2.csv,0.41682416,0.46484374999818423,0.9999999999915966,119,137,0,0,0.039453125,0.039453125,0.0
3,0.1,1.0,crp_dataset_8_1_5.csv|crp_dataset_8_1_4.csv|crp_dataset_8_1_6.csv,crp_dataset_8_1_8.csv,0.41682416,0.5390624999978944,0.9999999999927537,138,118,0,0,0.0283203125,0.0283203125,0.0
3,0.1,1.0,crp_dataset_8_1_5.csv|crp_dataset_8_1_4.csv|crp_dataset_8_1_6.csv,crp_dataset_8_1_3.csv,0.41682416,0.6757812499973602,0.9999999999942197,173,83,0,0,0.0196044921875,0.0196044921875,0.0
3,0.1,1.0,crp_dataset_8_1_5.csv|crp_dataset_8_1_1.csv|crp_dataset_8_1_2.csv,crp_dataset_8_1_7.csv,0.3551458,0.8593749999966431,0.9999999999954546,220,36,0,0,0.0095703125,0.0095703125,0.0
3,0.1,1.0,crp_dataset_8_1_5.csv|crp_dataset_8_1_1.csv|crp_dataset_8_1_2.csv,crp_dataset_8_1_4.csv,0.3551458,0.5117187499980012,0.9999999999923664,131,125,0,0,0.023046875,0.023046875,0.0
3,0.1,1.0,crp_dataset_8_1_5.csv|crp_dataset_8_1_1.csv|crp_dataset_8_1_2.csv,crp_dataset_8_1_8.csv,0.3551458,0.5390624999978944,0.9999999999927537,138,118,0,0,0.0283203125,0.0283203125,0.0
3,0.1,1.0,crp_dataset_8_1_5.csv|crp_dataset_8_1_1.csv|crp_dataset_8_1_2.csv,crp_dataset_8_1_3.csv,0.3551458,0.6757812499973602,0.9999999999942197,173,83,0,0,0.0196044921875,0.0196044921875,0.0
3,0.1,1.0,crp_dataset_8_1_5.csv|crp_dataset_8_1_1.csv|crp_dataset_8_1_2.csv,crp_dataset_8_1_6.csv,0.3551458,0.5468749999978638,0.9999999999928573,140,116,0,0,0.026928710937499996,0.026928710937499996,0.0
3,0.1,1.0,crp_dataset_8_1_5.csv|crp_dataset_8_1_1.csv|crp_dataset_8_1_8.csv,crp_dataset_8_1_7.csv,0.39386702,0.8593749999966431,0.9999999999954546,220,36,0,0,0.0095703125,0.0095703125,0.0
3,0.1,1.0,crp_dataset_8_1_5.csv|crp_dataset_8_1_1.csv|crp_dataset_8_1_8.csv,crp_dataset_8_1_4.csv,0.39386702,0.5117187499980012,0.9999999999923664,131,125,0,0,0.023046875,0.023046875,0.0
3,0.1,1.0,crp_dataset_8_1_5.csv|crp_dataset_8_1_1.csv|crp_dataset_8_1_8.csv,crp_dataset_8_1_2.csv,0.39386702,0.46484374999818423,0.9999999999915966,119,137,0,0,0.039453125,0.039453125,0.0
3,0.1,1.0,crp_dataset_8_1_5.csv|crp_dataset_8_1_1.csv|crp_dataset_8_1_8.csv,crp_dataset_8_1_3.csv,0.39386702,0.6757812499973602,0.9999999999942197,173,83,0,0,0.0196044921875,0.0196044921875,0.0
3,0.1,1.0,crp_dataset_8_1_5.csv|crp_dataset_8_1_1.csv|crp_dataset_8_1_8.csv,crp_dataset_8_1_6.csv,0.39386702,0.5468749999978638,0.9999999999928573,140,116,0,0,0.026928710937499996,0.026928710937499996,0.0
3,0.1,1.0,crp_dataset_8_1_5.csv|crp_dataset_8_1_1.csv|crp_dataset_8_1_3.csv,crp_dataset_8_1_7.csv,0.4178185,0.8593749999966431,0.9999999999954546,220,36,0,0,0.0095703125,0.0095703125,0.0
3,0.1,1.0,crp_dataset_8_1_5.csv|crp_dataset_8_1_1.csv|crp_dataset_8_1_3.csv,crp_dataset_8_1_4.csv,0.4178185,0.5117187499980012,0.9999999999923664,131,125,0,0,0.023046875,0.023046875,0.0
3,0.1,1.0,crp_dataset_8_1_5.csv|crp_dataset_8_1_1.csv|crp_dataset_8_1_3.csv,crp_dataset_8_1_2.csv,0.4178185,0.46484374999818423,0.9999999999915966,119,137,0,0,0.039453125,0.039453125,0.0
3,0.1,1.0,crp_dataset_8_1_5.csv|crp_dataset_8_1_1.csv|crp_dataset_8_1_3.csv,crp_dataset_8_1_8.csv,0.4178185,0.5390624999978944,0.9999999999927537,138,118,0,0,0.0283203125,0.0283203125,0.0
3,0.1,1.0,crp_dataset_8_1_5.csv|crp_dataset_8_1_1.csv|crp_dataset_8_1_3.csv,crp_dataset_8_1_6.csv,0.4178185,0.5468749999978638,0.9999999999928573,140,116,0,0,0.026928710937499996,0.026928710937499996,0.0
3,0.1,1.0,crp_dataset_8_1_5.csv|crp_dataset_8_1_1.csv|crp_dataset_8_1_6.csv,crp_dataset_8_1_7.csv,0.42823783,0.8593749999966431,0.9999999999954546,220,36,0,0,0.0095703125,0.0095703125,0.0
3,0.1,1.0,crp_dataset_8_1_5.csv|crp_dataset_8_1_1.csv|crp_dataset_8_1_6.csv,crp_dataset_8_1_4.csv,0.42823783,0.5117187499980012,0.9999999999923664,131,125,0,0,0.023046875,0.023046875,0.0
3,0.1,1.0,crp_dataset_8_1_5.csv|crp_dataset_8_1_1.csv|crp_dataset_8_1_6.csv,crp_dataset_8_1_2.csv,0.42823783,0.46484374999818423,0.9999999999915966,119,137,0,0,0.039453125,0.039453125,0.0
3,0.1,1.0,crp_dataset_8_1_5.csv|crp_dataset_8_1_1.csv|crp_dataset_8_1_6.csv,crp_dataset_8_1_8.csv,0.42823783,0.5390624999978944,0.9999999999927537,138,118,0,0,0.0283203125,0.0283203125,0.0
3,0.1,1.0,crp_dataset_8_1_5.csv|crp_dataset_8_1_1.csv|crp_dataset_8_1_6.csv,crp_dataset_8_1_3.csv,0.42823783,0.6757812499973602,0.9999999999942197,173,83,0,0,0.0196044921875,0.0196044921875,0.0
3,0.1,1.0,crp_dataset_8_1_5.csv|crp_dataset_8_1_2.csv|crp_dataset_8_1_8.csv,crp_dataset_8_1_7.csv,0.41132927,0.8593749999966431,0.9999999999954546,220,36,0,0,0.0095703125,0.0095703125,0.0
3,0.1,1.0,crp_dataset_8_1_5.csv|crp_dataset_8_1_2.csv|crp_dataset_8_1_8.csv,crp_dataset_8_1_4.csv,0.41132927,0.5117187499980012,0.9999999999923664,131,125,0,0,0.023046875,0.023046875,0.0
3,0.1,1.0,crp_dataset_8_1_5.csv|crp_dataset_8_1_2.csv|crp_dataset_8_1_8.csv,crp_dataset_8_1_1.csv,0.41132927,0.4921874999980774,0.9999999999920635,126,130,0,0,0.0252685546875,0.0252685546875,0.0
3,0.1,1.0,crp_dataset_8_1_5.csv|crp_dataset_8_1_2.csv|crp_dataset_8_1_8.csv,crp_dataset_8_1_3.csv,0.41132927,0.6757812499973602,0.9999999999942197,173,83,0,0,0.0196044921875,0.0196044921875,0.0
3,0.1,1.0,crp_dataset_8_1_5.csv|crp_dataset_8_1_2.csv|crp_dataset_8_1_8.csv,crp_dataset_8_1_6.csv,0.41132927,0.5468749999978638,0.9999999999928573,140,116,0,0,0.026928710937499996,0.026928710937499996,0.0
3,0.1,1.0,crp_dataset_8_1_5.csv|crp_dataset_8_1_2.csv|crp_dataset_8_1_3.csv,crp_dataset_8_1_7.csv,0.4027477,0.8593749999966431,0.9999999999954546,220,36,0,0,0.0095703125,0.0095703125,0.0
3,0.1,1.0,crp_dataset_8_1_5.csv|crp_dataset_8_1_2.csv|crp_dataset_8_1_3.csv,crp_dataset_8_1_4.csv,0.4027477,0.5117187499980012,0.9999999999923664,131,125,0,0,0.023046875,0.023046875,0.0
3,0.1,1.0,crp_dataset_8_1_5.csv|crp_dataset_8_1_2.csv|crp_dataset_8_1_3.csv,crp_dataset_8_1_1.csv,0.4027477,0.4921874999980774,0.9999999999920635,126,130,0,0,0.0252685546875,0.0252685546875,0.0
3,0.1,1.0,crp_dataset_8_1_5.csv|crp_dataset_8_1_2.csv|crp_dataset_8_1_3.csv,crp_dataset_8_1_8.csv,0.4027477,0.5390624999978944,0.9999999999927537,138,118,0,0,0.0283203125,0.0283203125,0.0
3,0.1,1.0,crp_dataset_8_1_5.csv|crp_dataset_8_1_2.csv|crp_dataset_8_1_3.csv,crp_dataset_8_1_6.csv,0.4027477,0.5468749999978638,0.9999999999928573,140,116,0,0,0.026928710937499996,0.026928710937499996,0.0
3,0.1,1.0,crp_dataset_8_1_5.csv|crp_dataset_8_1_2.csv|crp_dataset_8_1_6.csv,crp_dataset_8_1_7.csv,0.31326413,0.8593749999966431,0.9999999999954546,220,36,0,0,0.0095703125,0.0095703125,0.0
3,0.1,1.0,crp_dataset_8_1_5.csv|crp_dataset_8_1_2.csv|crp_dataset_8_1_6.csv,crp_dataset_8_1_4.csv,0.31326413,0.5117187499980012,0.9999999999923664,131,125,0,0,0.023046875,0.023046875,0.0
3,0.1,1.0,crp_dataset_8_1_5.csv|crp_dataset_8_1_2.csv|crp_dataset_8_1_6.csv,crp_dataset_8_1_1.csv,0.31326413,0.4921874999980774,0.9999999999920635,126,130,0,0,0.0252685546875,0.0252685546875,0.0
3,0.1,1.0,crp_dataset_8_1_5.csv|crp_dataset_8_1_2.csv|crp_dataset_8_1_6.csv,crp_dataset_8_1_8.csv,0.31326413,0.5390624999978944,0.9999999999927537,138,118,0,0,0.0283203125,0.0283203125,0.0
3,0.1,1.0,crp_dataset_8_1_5.csv|crp_dataset_8_1_2.csv|crp_dataset_8_1_6.csv,crp_dataset_8_1_3.csv,0.31326413,0.6757812499973602,0.9999999999942197,173,83,0,0,0.0196044921875,0.0196044921875,0.0
3,0.1,1.0,crp_dataset_8_1_5.csv|crp_dataset_8_1_8.csv|crp_dataset_8_1_3.csv,crp_dataset_8_1_7.csv,0.54387075,0.8593749999966431,0.9999999999954546,220,36,0,0,0.0095703125,0.0095703125,0.0
3,0.1,1.0,crp_dataset_8_1_5.csv|crp_dataset_8_1_8.csv|crp_dataset_8_1_3.csv,crp_dataset_8_1_4.csv,0.54387075,0.5117187499980012,0.9999999999923664,131,125,0,0,0.023046875,0.023046875,0.0
3,0.1,1.0,crp_dataset_8_1_5.csv|crp_dataset_8_1_8.csv|crp_dataset_8_1_3.csv,crp_dataset_8_1_1.csv,0.54387075,0.4921874999980774,0.9999999999920635,126,130,0,0,0.0252685546875,0.0252685546875,0.0
3,0.1,1.0,crp_dataset_8_1_5.csv|crp_dataset_8_1_8.csv|crp_dataset_8_1_3.csv,crp_dataset_8_1_2.csv,0.54387075,0.46484374999818423,0.9999999999915966,119,137,0,0,0.039453125,0.039453125,0.0
3,0.1,1.0,crp_dataset_8_1_5.csv|crp_dataset_8_1_8.csv|crp_dataset_8_1_3.csv,crp_dataset_8_1_6.csv,0.54387075,0.5468749999978638,0.9999999999928573,140,116,0,0,0.026928710937499996,0.026928710937499996,0.0
3,0.1,1.0,crp_dataset_8_1_5.csv|crp_dataset_8_1_8.csv|crp_dataset_8_1_6.csv,crp_dataset_8_1_7.csv,0.460465,0.8593749999966431,0.9999999999954546,220,36,0,0,0.0095703125,0.0095703125,0.0
3,0.1,1.0,crp_dataset_8_1_5.csv|crp_dataset_8_1_8.csv|crp_dataset_8_1_6.csv,crp_dataset_8_1_4.csv,0.460465,0.5117187499980012,0.9999999999923664,131,125,0,0,0.023046875,0.023046875,0.0
3,0.1,1.0,crp_dataset_8_1_5.csv|crp_dataset_8_1_8.csv|crp_dataset_8_1_6.csv,crp_dataset_8_1_1.csv,0.460465,0.4921874999980774,0.9999999999920635,126,130,0,0,0.0252685546875,0.0252685546875,0.0
3,0.1,1.0,crp_dataset_8_1_5.csv|crp_dataset_8_1_8.csv|crp_dataset_8_1_6.csv,crp_dataset_8_1_2.csv,0.460465,0.46484374999818423,0.9999999999915966,119,137,0,0,0.039453125,0.039453125,0.0
3,0.1,1.0,crp_dataset_8_1_5.csv|crp_dataset_8_1_8.csv|crp_dataset_8_1_6.csv,crp_dataset_8_1_3.csv,0.460465,0.6757812499973602,0.9999999999942197,173,83,0,0,0.0196044921875,0.0196044921875,0.0
3,0.1,1.0,crp_dataset_8_1_5.csv|crp_dataset_8_1_3.csv|crp_dataset_8_1_6.csv,crp_dataset_8_1_7.csv,0.44467816,0.8593749999966431,0.9999999999954546,220,36,0,0,0.0095703125,0.0095703125,0.0
3,0.1,1.0,crp_dataset_8_1_5.csv|crp_dataset_8_1_3.csv|crp_dataset_8_1_6.csv,crp_dataset_8_1_4.csv,0.44467816,0.5117187499980012,0.9999999999923664,131,125,0,0,0.023046875,0.023046875,0.0
3,0.1,1.0,crp_dataset_8_1_5.csv|crp_dataset_8_1_3.csv|crp_dataset_8_1_6.csv,crp_dataset_8_1_1.csv,0.44467816,0.4921874999980774,0.9999999999920635,126,130,0,0,0.0252685546875,0.0252685546875,0.0
3,0.1,1.0,crp_dataset_8_1_5.csv|crp_dataset_8_1_3.csv|crp_dataset_8_1_6.csv,crp_dataset_8_1_2.csv,0.44467816,0.46484374999818423,0.9999999999915966,119,137,0,0,0.039453125,0.039453125,0.0
3,0.1,1.0,crp_dataset_8_1_5.csv|crp_dataset_8_1_3.csv|crp_dataset_8_1_6.csv,crp_dataset_8_1_8.csv,0.44467816,0.5390624999978944,0.9999999999927537,138,118,0,0,0.0283203125,0.0283203125,0.0
3,0.1,1.0,crp_dataset_8_1_7.csv|crp_dataset_8_1_4.csv|crp_dataset_8_1_1.csv,crp_dataset_8_1_5.csv,0.6600493,0.39062499999847416,0.99999999999,100,156,0,0,0.039282226562499994,0.039282226562499994,0.0
3,0.1,1.0,crp_dataset_8_1_7.csv|crp_dataset_8_1_4.csv|crp_dataset_8_1_1.csv,crp_dataset_8_1_2.csv,0.6600493,0.46484374999818423,0.9999999999915966,119,137,0,0,0.039453125,0.039453125,0.0
3,0.1,1.0,crp_dataset_8_1_7.csv|crp_dataset_8_1_4.csv|crp_dataset_8_1_1.csv,crp_dataset_8_1_8.csv,0.6600493,0.5390624999978944,0.9999999999927537,138,118,0,0,0.0283203125,0.0283203125,0.0
3,0.1,1.0,crp_dataset_8_1_7.csv|crp_dataset_8_1_4.csv|crp_dataset_8_1_1.csv,crp_dataset_8_1_3.csv,0.6600493,0.6757812499973602,0.9999999999942197,173,83,0,0,0.0196044921875,0.0196044921875,0.0
3,0.1,1.0,crp_dataset_8_1_7.csv|crp_dataset_8_1_4.csv|crp_dataset_8_1_1.csv,crp_dataset_8_1_6.csv,0.6600493,0.5468749999978638,0.9999999999928573,140,116,0,0,0.026928710937499996,0.026928710937499996,0.0
3,0.1,1.0,crp_dataset_8_1_7.csv|crp_dataset_8_1_4.csv|crp_dataset_8_1_2.csv,crp_dataset_8_1_5.csv,0.58163965,0.39062499999847416,0.99999999999,100,156,0,0,0.039282226562499994,0.039282226562499994,0.0
3,0.1,1.0,crp_dataset_8_1_7.csv|crp_dataset_8_1_4.csv|crp_dataset_8_1_2.csv,crp_dataset_8_1_1.csv,0.58163965,0.4921874999980774,0.9999999999920635,126,130,0,0,0.0252685546875,0.0252685546875,0.0
3,0.1,1.0,crp_dataset_8_1_7.csv|crp_dataset_8_1_4.csv|crp_dataset_8_1_2.csv,crp_dataset_8_1_8.csv,0.58163965,0.5390624999978944,0.9999999999927537,138,118,0,0,0.0283203125,0.0283203125,0.0
3,0.1,1.0,crp_dataset_8_1_7.csv|crp_dataset_8_1_4.csv|crp_dataset_8_1_2.csv,crp_dataset_8_1_3.csv,0.58163965,0.6757812499973602,0.9999999999942197,173,83,0,0,0.0196044921875,0.0196044921875,0.0
3,0.1,1.0,crp_dataset_8_1_7.csv|crp_dataset_8_1_4.csv|crp_dataset_8_1_2.csv,crp_dataset_8_1_6.csv,0.58163965,0.5468749999978638,0.9999999999928573,140,116,0,0,0.026928710937499996,0.026928710937499996,0.0
3,0.1,1.0,crp_dataset_8_1_7.csv|crp_dataset_8_1_4.csv|crp_dataset_8_1_8.csv,crp_dataset_8_1_5.csv,0.6955443,0.39062499999847416,0.99999999999,100,156,0,0,0.039282226562499994,0.039282226562499994,0.0
3,0.1,1.0,crp_dataset_8_1_7.csv|crp_dataset_8_1_4.csv|crp_dataset_8_1_8.csv,crp_dataset_8_1_1.csv,0.6955443,0.4921874999980774,0.9999999999920635,126,130,0,0,0.0252685546875,0.0252685546875,0.0
3,0.1,1.0,crp_dataset_8_1_7.csv|crp_dataset_8_1_4.csv|crp_dataset_8_1_8.csv,crp_dataset_8_1_2.csv,0.6955443,0.46484374999818423,0.9999999999915966,119,137,0,0,0.039453125,0.039453125,0.0
3,0.1,1.0,crp_dataset_8_1_7.csv|crp_dataset_8_1_4.csv|crp_dataset_8_1_8.csv,crp_dataset_8_1_3.csv,0.6955443,0.6757812499973602,0.9999999999942197,173,83,0,0,0.0196044921875,0.0196044921875,0.0
3,0.1,1.0,crp_dataset_8_1_7.csv|crp_dataset_8_1_4.csv|crp_dataset_8_1_8.csv,crp_dataset_8_1_6.csv,0.6955443,0.5468749999978638,0.9999999999928573,140,116,0,0,0.026928710937499996,0.026928710937499996,0.0
3,0.1,1.0,crp_dataset_8_1_7.csv|crp_dataset_8_1_4.csv|crp_dataset_8_1_3.csv,crp_dataset_8_1_5.csv,0.6146537,0.39062499999847416,0.99999999999,100,156,0,0,0.039282226562499994,0.039282226562499994,0.0
3,0.1,1.0,crp_dataset_8_1_7.csv|crp_dataset_8_1_4.csv|crp_dataset_8_1_3.csv,crp_dataset_8_1_1.csv,0.6146537,0.4921874999980774,0.9999999999920635,126,130,0,0,0.0252685546875,0.0252685546875,0.0
3,0.1,1.0,crp_dataset_8_1_7.csv|crp_dataset_8_1_4.csv|crp_dataset_8_1_3.csv,crp_dataset_8_1_2.csv,0.6146537,0.46484374999818423,0.9999999999915966,119,137,0,0,0.039453125,0.039453125,0.0
3,0.1,1.0,crp_dataset_8_1_7.csv|crp_dataset_8_1_4.csv|crp_dataset_8_1_3.csv,crp_dataset_8_1_8.csv,0.6146537,0.5390624999978944,0.9999999999927537,138,118,0,0,0.0283203125,0.0283203125,0.0
3,0.1,1.0,crp_dataset_8_1_7.csv|crp_dataset_8_1_4.csv|crp_dataset_8_1_3.csv,crp_dataset_8_1_6.csv,0.6146537,0.5468749999978638,0.9999999999928573,140,116,0,0,0.026928710937499996,0.026928710937499996,0.0
3,0.1,1.0,crp_dataset_8_1_7.csv|crp_dataset_8_1_4.csv|crp_dataset_8_1_6.csv,crp_dataset_8_1_5.csv,0.6008411,0.39062499999847416,0.99999999999,100,156,0,0,0.039282226562499994,0.039282226562499994,0.0
3,0.1,1.0,crp_dataset_8_1_7.csv|crp_dataset_8_1_4.csv|crp_dataset_8_1_6.csv,crp_dataset_8_1_1.csv,0.6008411,0.4921874999980774,0.9999999999920635,126,130,0,0,0.0252685546875,0.0252685546875,0.0
3,0.1,1.0,crp_dataset_8_1_7.csv|crp_dataset_8_1_4.csv|crp_dataset_8_1_6.csv,crp_dataset_8_1_2.csv,0.6008411,0.46484374999818423,0.9999999999915966,119,137,0,0,0.039453125,0.039453125,0.0
3,0.1,1.0,crp_dataset_8_1_7.csv|crp_dataset_8_1_4.csv|crp_dataset_8_1_6.csv,crp_dataset_8_1_8.csv,0.6008411,0.5390624999978944,0.9999999999927537,138,118,0,0,0.0283203125,0.0283203125,0.0
3,0.1,1.0,crp_dataset_8_1_7.csv|crp_dataset_8_1_4.csv|crp_dataset_8_1_6.csv,crp_dataset_8_1_3.csv,0.6008411,0.6757812499973602,0.9999999999942197,173,83,0,0,0.0196044921875,0.0196044921875,0.0
3,0.1,1.0,crp_dataset_8_1_7.csv|crp_dataset_8_1_1.csv|crp_dataset_8_1_2.csv,crp_dataset_8_1_5.csv,0.6170572,0.39062499999847416,0.99999999999,100,156,0,0,0.039282226562499994,0.039282226562499994,0.0
3,0.1,1.0,crp_dataset_8_1_7.csv|crp_dataset_8_1_1.csv|crp_dataset_8_1_2.csv,crp_dataset_8_1_4.csv,0.6170572,0.5117187499980012,0.9999999999923664,131,125,0,0,0.023046875,0.023046875,0.0
3,0.1,1.0,crp_dataset_8_1_7.csv|crp_dataset_8_1_1.csv|crp_dataset_8_1_2.csv,crp_dataset_8_1_8.csv,0.6170572,0.5390624999978944,0.9999999999927537,138,118,0,0,0.0283203125,0.0283203125,0.0
3,0.1,1.0,crp_dataset_8_1_7.csv|crp_dataset_8_1_1.csv|crp_dataset_8_1_2.csv,crp_dataset_8_1_3.csv,0.6170572,0.6757812499973602,0.9999999999942197,173,83,0,0,0.0196044921875,0.0196044921875,0.0
3,0.1,1.0,crp_dataset_8_1_7.csv|crp_dataset_8_1_1.csv|crp_dataset_8_1_2.csv,crp_dataset_8_1_6.csv,0.6170572,0.5468749999978638,0.9999999999928573,140,116,0,0,0.026928710937499996,0.026928710937499996,0.0
3,0.1,1.0,crp_dataset_8_1_7.csv|crp_dataset_8_1_1.csv|crp_dataset_8_1_8.csv,crp_dataset_8_1_5.csv,0.6339987,0.39062499999847416,0.99999999999,100,156,0,0,0.039282226562499994,0.039282226562499994,0.0
3,0.1,1.0,crp_dataset_8_1_7.csv|crp_dataset_8_1_1.csv|crp_dataset_8_1_8.csv,crp_dataset_8_1_4.csv,0.6339987,0.5117187499980012,0.9999999999923664,131,125,0,0,0.023046875,0.023046875,0.0
3,0.1,1.0,crp_dataset_8_1_7.csv|crp_dataset_8_1_1.csv|crp_dataset_8_1_8.csv,crp_dataset_8_1_2.csv,0.6339987,0.46484374999818423,0.9999999999915966,119,137,0,0,0.039453125,0.039453125,0.0
3,0.1,1.0,crp_dataset_8_1_7.csv|crp_dataset_8_1_1.csv|crp_dataset_8_1_8.csv,crp_dataset_8_1_3.csv,0.6339987,0.6757812499973602,0.9999999999942197,173,83,0,0,0.0196044921875,0.0196044921875,0.0
3,0.1,1.0,crp_dataset_8_1_7.csv|crp_dataset_8_1_1.csv|crp_dataset_8_1_8.csv,crp_dataset_8_1_6.csv,0.6339987,0.5468749999978638,0.9999999999928573,140,116,0,0,0.026928710937499996,0.026928710937499996,0.0
3,0.1,1.0,crp_dataset_8_1_7.csv|crp_dataset_8_1_1.csv|crp_dataset_8_1_3.csv,crp_dataset_8_1_5.csv,0.5972424,0.39062499999847416,0.99999999999,100,156,0,0,0.039282226562499994,0.039282226562499994,0.0
3,0.1,1.0,crp_dataset_8_1_7.csv|crp_dataset_8_1_1.csv|crp_dataset_8_1_3.csv,crp_dataset_8_1_4.csv,0.5972424,0.5117187499980012,0.9999999999923664,131,125,0,0,0.023046875,0.023046875,0.0
3,0.1,1.0,crp_dataset_8_1_7.csv|crp_dataset_8_1_1.csv|crp_dataset_8_1_3.csv,crp_dataset_8_1_2.csv,0.5972424,0.46484374999818423,0.9999999999915966,119,137,0,0,0.039453125,0.039453125,0.0
3,0.1,1.0,crp_dataset_8_1_7.csv|crp_dataset_8_1_1.csv|crp_dataset_8_1_3.csv,crp_dataset_8_1_8.csv,0.5972424,0.5390624999978944,0.9999999999927537,138,118,0,0,0.0283203125,0.0283203125,0.0
3,0.1,1.0,crp_dataset_8_1_7.csv|crp_dataset_8_1_1.csv|crp_dataset_8_1_3.csv,crp_dataset_8_1_6.csv,0.5972424,0.5468749999978638,0.9999999999928573,140,116,0,0,0.026928710937499996,0.026928710937499996,0.0
3,0.1,1.0,crp_dataset_8_1_7.csv|crp_dataset_8_1_1.csv|crp_dataset_8_1_6.csv,crp_dataset_8_1_5.csv,0.61118597,0.39062499999847416,0.99999999999,100,156,0,0,0.039282226562499994,0.039282226562499994,0.0
3,0.1,1.0,crp_dataset_8_1_7.csv|crp_dataset_8_1_1.csv|crp_dataset_8_1_6.csv,crp_dataset_8_1_4.csv,0.61118597,0.5117187499980012,0.9999999999923664,131,125,0,0,0.023046875,0.023046875,0.0
3,0.1,1.0,crp_dataset_8_1_7.csv|crp_dataset_8_1_1.csv|crp_dataset_8_1_6.csv,crp_dataset_8_1_2.csv,0.61118597,0.46484374999818423,0.9999999999915966,119,137,0,0,0.039453125,0.039453125,0.0
3,0.1,1.0,crp_dataset_8_1_7.csv|crp_dataset_8_1_1.csv|crp_dataset_8_1_6.csv,crp_dataset_8_1_8.csv,0.61118597,0.5390624999978944,0.9999999999927537,138,118,0,0,0.0283203125,0.0283203125,0.0
3,0.1,1.0,crp_dataset_8_1_7.csv|crp_dataset_8_1_1.csv|crp_dataset_8_1_6.csv,crp_dataset_8_1_3.csv,0.61118597,0.6757812499973602,0.9999999999942197,173,83,0,0,0.0196044921875,0.0196044921875,0.0
3,0.1,1.0,crp_dataset_8_1_7.csv|crp_dataset_8_1_2.csv|crp_dataset_8_1_8.csv,crp_dataset_8_1_5.csv,0.62326914,0.39062499999847416,0.99999999999,100,156,0,0,0.039282226562499994,0.039282226562499994,0.0
3,0.1,1.0,crp_dataset_8_1_7.csv|crp_dataset_8_1_2.csv|crp_dataset_8_1_8.csv,crp_dataset_8_1_4.csv,0.62326914,0.5117187499980012,0.9999999999923664,131,125,0,0,0.023046875,0.023046875,0.0
3,0.1,1.0,crp_dataset_8_1_7.csv|crp_dataset_8_1_2.csv|crp_dataset_8_1_8.csv,crp_dataset_8_1_1.csv,0.62326914,0.4921874999980774,0.9999999999920635,126,130,0,0,0.0252685546875,0.0252685546875,0.0
3,0.1,1.0,crp_dataset_8_1_7.csv|crp_dataset_8_1_2.csv|crp_dataset_8_1_8.csv,crp_dataset_8_1_3.csv,0.62326914,0.6757812499973602,0.9999999999942197,173,83,0,0,0.0196044921875,0.0196044921875,0.0
3,0.1,1.0,crp_dataset_8_1_7.csv|crp_dataset_8_1_2.csv|crp_dataset_8_1_8.csv,crp_dataset_8_1_6.csv,0.62326914,0.5468749999978638,0.9999999999928573,140,116,0,0,0.026928710937499996,0.026928710937499996,0.0
3,0.1,1.0,crp_dataset_8_1_7.csv|crp_dataset_8_1_2.csv|crp_dataset_8_1_3.csv,crp_dataset_8_1_5.csv,0.5943079,0.39062499999847416,0.99999999999,100,156,0,0,0.039282226562499994,0.039282226562499994,0.0
3,0.1,1.0,crp_dataset_8_1_7.csv|crp_dataset_8_1_2.csv|crp_dataset_8_1_3.csv,crp_dataset_8_1_4.csv,0.5943079,0.5117187499980012,0.9999999999923664,131,125,0,0,0.023046875,0.023046875,0.0
3,0.1,1.0,crp_dataset_8_1_7.csv|crp_dataset_8_1_2.csv|crp_dataset_8_1_3.csv,crp_dataset_8_1_1.csv,0.5943079,0.4921874999980774,0.9999999999920635,126,130,0,0,0.0252685546875,0.0252685546875,0.0
3,0.1,1.0,crp_dataset_8_1_7.csv|crp_dataset_8_1_2.csv|crp_dataset_8_1_3.csv,crp_dataset_8_1_8.csv,0.5943079,0.5390624999978944,0.9999999999927537,138,118,0,0,0.0283203125,0.0283203125,0.0
3,0.1,1.0,crp_dataset_8_1_7.csv|crp_dataset_8_1_2.csv|crp_dataset_8_1_3.csv,crp_dataset_8_1_6.csv,0.5943079,0.5468749999978638,0.9999999999928573,140,116,0,0,0.026928710937499996,0.026928710937499996,0.0
3,0.1,1.0,crp_dataset_8_1_7.csv|crp_dataset_8_1_2.csv|crp_dataset_8_1_6.csv,crp_dataset_8_1_5.csv,0.5614814,0.39062499999847416,0.99999999999,100,156,0,0,0.039282226562499994,0.039282226562499994,0.0
3,0.1,1.0,crp_dataset_8_1_7.csv|crp_dataset_8_1_2.csv|crp_dataset_8_1_6.csv,crp_dataset_8_1_4.csv,0.5614814,0.5117187499980012,0.9999999999923664,131,125,0,0,0.023046875,0.023046875,0.0
3,0.1,1.0,crp_dataset_8_1_7.csv|crp_dataset_8_1_2.csv|crp_dataset_8_1_6.csv,crp_dataset_8_1_1.csv,0.5614814,0.4921874999980774,0.9999999999920635,126,130,0,0,0.0252685546875,0.0252685546875,0.0
3,0.1,1.0,crp_dataset_8_1_7.csv|crp_dataset_8_1_2.csv|crp_dataset_8_1_6.csv,crp_dataset_8_1_8.csv,0.5614814,0.5390624999978944,0.9999999999927537,138,118,0,0,0.0283203125,0.0283203125,0.0
3,0.1,1.0,crp_dataset_8_1_7.csv|crp_dataset_8_1_2.csv|crp_dataset_8_1_6.csv,crp_dataset_8_1_3.csv,0.5614814,0.6757812499973602,0.9999999999942197,173,83,0,0,0.0196044921875,0.0196044921875,0.0
3,0.1,1.0,crp_dataset_8_1_7.csv|crp_dataset_8_1_8.csv|crp_dataset_8_1_3.csv,crp_dataset_8_1_5.csv,0.71573156,0.39062499999847416,0.99999999999,100,156,0,0,0.039282226562499994,0.039282226562499994,0.0
3,0.1,1.0,crp_dataset_8_1_7.csv|crp_dataset_8_1_8.csv|crp_dataset_8_1_3.csv,crp_dataset_8_1_4.csv,0.71573156,0.5117187499980012,0.9999999999923664,131,125,0,0,0.023046875,0.023046875,0.0
3,0.1,1.0,crp_dataset_8_1_7.csv|crp_dataset_8_1_8.csv|crp_dataset_8_1_3.csv,crp_dataset_8_1_1.csv,0.71573156,0.4921874999980774,0.9999999999920635,126,130,0,0,0.0252685546875,0.0252685546875,0.0
3,0.1,1.0,crp_dataset_8_1_7.csv|crp_dataset_8_1_8.csv|crp_dataset_8_1_3.csv,crp_dataset_8_1_2.csv,0.71573156,0.46484374999818423,0.9999999999915966,119,137,0,0,0.039453125,0.039453125,0.0
3,0.1,1.0,crp_dataset_8_1_7.csv|crp_dataset_8_1_8.csv|crp_dataset_8_1_3.csv,crp_dataset_8_1_6.csv,0.71573156,0.5468749999978638,0.9999999999928573,140,116,0,0,0.026928710937499996,0.026928710937499996,0.0
3,0.1,1.0,crp_dataset_8_1_7.csv|crp_dataset_8_1_8.csv|crp_dataset_8_1_6.csv,crp_dataset_8_1_5.csv,0.70903456,0.39062499999847416,0.99999999999,100,156,0,0,0.039282226562499994,0.039282226562499994,0.0
3,0.1,1.0,crp_dataset_8_1_7.csv|crp_dataset_8_1_8.csv|crp_dataset_8_1_6.csv,crp_dataset_8_1_4.csv,0.70903456,0.5117187499980012,0.9999999999923664,131,125,0,0,0.023046875,0.023046875,0.0
3,0.1,1.0,crp_dataset_8_1_7.csv|crp_dataset_8_1_8.csv|crp_dataset_8_1_6.csv,crp_dataset_8_1_1.csv,0.70903456,0.4921874999980774,0.9999999999920635,126,130,0,0,0.0252685546875,0.0252685546875,0.0
3,0.1,1.0,crp_dataset_8_1_7.csv|crp_dataset_8_1_8.csv|crp_dataset_8_1_6.csv,crp_dataset_8_1_2.csv,0.70903456,0.46484374999818423,0.9999999999915966,119,137,0,0,0.039453125,0.039453125,0.0
3,0.1,1.0,crp_dataset_8_1_7.csv|crp_dataset_8_1_8.csv|crp_dataset_8_1_6.csv,crp_dataset_8_1_3.csv,0.70903456,0.6757812499973602,0.9999999999942197,173,83,0,0,0.0196044921875,0.0196044921875,0.0
3,0.1,1.0,crp_dataset_8_1_7.csv|crp_dataset_8_1_3.csv|crp_dataset_8_1_6.csv,crp_dataset_8_1_5.csv,0.60474825,0.39062499999847416,0.99999999999,100,156,0,0,0.039282226562499994,0.039282226562499994,0.0
3,0.1,1.0,crp_dataset_8_1_7.csv|crp_dataset_8_1_3.csv|crp_dataset_8_1_6.csv,crp_dataset_8_1_4.csv,0.60474825,0.5117187499980012,0.9999999999923664,131,125,0,0,0.023046875,0.023046875,0.0
3,0.1,1.0,crp_dataset_8_1_7.csv|crp_dataset_8_1_3.csv|crp_dataset_8_1_6.csv,crp_dataset_8_1_1.csv,0.60474825,0.4921874999980774,0.9999999999920635,126,130,0,0,0.0252685546875,0.0252685546875,0.0
3,0.1,1.0,crp_dataset_8_1_7.csv|crp_dataset_8_1_3.csv|crp_dataset_8_1_6.csv,crp_dataset_8_1_2.csv,0.60474825,0.46484374999818423,0.9999999999915966,119,137,0,0,0.039453125,0.039453125,0.0
3,0.1,1.0,crp_dataset_8_1_7.csv|crp_dataset_8_1_3.csv|crp_dataset_8_1_6.csv,crp_dataset_8_1_8.csv,0.60474825,0.5390624999978944,0.9999999999927537,138,118,0,0,0.0283203125,0.0283203125,0.0
3,0.1,1.0,crp_dataset_8_1_4.csv|crp_dataset_8_1_1.csv|crp_dataset_8_1_2.csv,crp_dataset_8_1_5.csv,0.44245878,0.39062499999847416,0.99999999999,100,156,0,0,0.039282226562499994,0.039282226562499994,0.0
3,0.1,1.0,crp_dataset_8_1_4.csv|crp_dataset_8_1_1.csv|crp_dataset_8_1_2.csv,crp_dataset_8_1_7.csv,0.44245878,0.8593749999966431,0.9999999999954546,220,36,0,0,0.0095703125,0.0095703125,0.0
3,0.1,1.0,crp_dataset_8_1_4.csv|crp_dataset_8_1_1.csv|crp_dataset_8_1_2.csv,crp_dataset_8_1_8.csv,0.44245878,0.5390624999978944,0.9999999999927537,138,118,0,0,0.0283203125,0.0283203125,0.0
3,0.1,1.0,crp_dataset_8_1_4.csv|crp_dataset_8_1_1.csv|crp_dataset_8_1_2.csv,crp_dataset_8_1_3.csv,0.44245878,0.6757812499973602,0.9999999999942197,173,83,0,0,0.0196044921875,0.0196044921875,0.0
3,0.1,1.0,crp_dataset_8_1_4.csv|crp_dataset_8_1_1.csv|crp_dataset_8_1_2.csv,crp_dataset_8_1_6.csv,0.44245878,0.5468749999978638,0.9999999999928573,140,116,0,0,0.026928710937499996,0.026928710937499996,0.0
3,0.1,1.0,crp_dataset_8_1_4.csv|crp_dataset_8_1_1.csv|crp_dataset_8_1_8.csv,crp_dataset_8_1_5.csv,0.51456565,0.39062499999847416,0.99999999999,100,156,0,0,0.039282226562499994,0.039282226562499994,0.0
3,0.1,1.0,crp_dataset_8_1_4.csv|crp_dataset_8_1_1.csv|crp_dataset_8_1_8.csv,crp_dataset_8_1_7.csv,0.51456565,0.8593749999966431,0.9999999999954546,220,36,0,0,0.0095703125,0.0095703125,0.0
3,0.1,1.0,crp_dataset_8_1_4.csv|crp_dataset_8_1_1.csv|crp_dataset_8_1_8.csv,crp_dataset_8_1_2.csv,0.51456565,0.46484374999818423,0.9999999999915966,119,137,0,0,0.039453125,0.039453125,0.0
3,0.1,1.0,crp_dataset_8_1_4.csv|crp_dataset_8_1_1.csv|crp_dataset_8_1_8.csv,crp_dataset_8_1_3.csv,0.51456565,0.6757812499973602,0.9999999999942197,173,83,0,0,0.0196044921875,0.0196044921875,0.0
3,0.1,1.0,crp_dataset_8_1_4.csv|crp_dataset_8_1_1.csv|crp_dataset_8_1_8.csv,crp_dataset_8_1_6.csv,0.51456565,0.5468749999978638,0.9999999999928573,140,116,0,0,0.026928710937499996,0.026928710937499996,0.0
3,0.1,1.0,crp_dataset_8_1_4.csv|crp_dataset_8_1_1.csv|crp_dataset_8_1_3.csv,crp_dataset_8_1_5.csv,0.4645751,0.39062499999847416,0.99999999999,100,156,0,0,0.039282226562499994,0.039282226562499994,0.0
3,0.1,1.0,crp_dataset_8_1_4.csv|crp_dataset_8_1_1.csv|crp_dataset_8_1_3.csv,crp_dataset_8_1_7.csv,0.4645751,0.8593749999966431,0.9999999999954546,220,36,0,0,0.0095703125,0.0095703125,0.0
3,0.1,1.0,crp_dataset_8_1_4.csv|crp_dataset_8_1_1.csv|crp_dataset_8_1_3.csv,crp_dataset_8_1_2.csv,0.4645751,0.46484374999818423,0.9999999999915966,119,137,0,0,0.039453125,0.039453125,0.0
3,0.1,1.0,crp_dataset_8_1_4.csv|crp_dataset_8_1_1.csv|crp_dataset_8_1_3.csv,crp_dataset_8_1_8.csv,0.4645751,0.5390624999978944,0.9999999999927537,138,118,0,0,0.0283203125,0.0283203125,0.0
3,0.1,1.0,crp_dataset_8_1_4.csv|crp_dataset_8_1_1.csv|crp_dataset_8_1_3.csv,crp_dataset_8_1_6.csv,0.4645751,0.5468749999978638,0.9999999999928573,140,116,0,0,0.026928710937499996,0.026928710937499996,0.0
3,0.1,1.0,crp_dataset_8_1_4.csv|crp_dataset_8_1_1.csv|crp_dataset_8_1_6.csv,crp_dataset_8_1_5.csv,0.44729215,0.39062499999847416,0.99999999999,100,156,0,0,0.039282226562499994,0.039282226562499994,0.0
3,0.1,1.0,crp_dataset_8_1_4.csv|crp_dataset_8_1_1.csv|crp_dataset_8_1_6.csv,crp_dataset_8_1_7.csv,0.44729215,0.8593749999966431,0.9999999999954546,220,36,0,0,0.0095703125,0.0095703125,0.0
3,0.1,1.0,crp_dataset_8_1_4.csv|crp_dataset_8_1_1.csv|crp_dataset_8_1_6.csv,crp_dataset_8_1_2.csv,0.44729215,0.46484374999818423,0.9999999999915966,119,137,0,0,0.039453125,0.039453125,0.0
3,0.1,1.0,crp_dataset_8_1_4.csv|crp_dataset_8_1_1.csv|crp_dataset_8_1_6.csv,crp_dataset_8_1_8.csv,0.44729215,0.5390624999978944,0.9999999999927537,138,118,0,0,0.0283203125,0.0283203125,0.0
3,0.1,1.0,crp_dataset_8_1_4.csv|crp_dataset_8_1_1.csv|crp_dataset_8_1_6.csv,crp_dataset_8_1_3.csv,0.44729215,0.6757812499973602,0.9999999999942197,173,83,0,0,0.0196044921875,0.0196044921875,0.0
3,0.1,1.0,crp_dataset_8_1_4.csv|crp_dataset_8_1_2.csv|crp_dataset_8_1_8.csv,crp_dataset_8_1_5.csv,0.47147548,0.39062499999847416,0.99999999999,100,156,0,0,0.039282226562499994,0.039282226562499994,0.0
3,0.1,1.0,crp_dataset_8_1_4.csv|crp_dataset_8_1_2.csv|crp_dataset_8_1_8.csv,crp_dataset_8_1_7.csv,0.47147548,0.8593749999966431,0.9999999999954546,220,36,0,0,0.0095703125,0.0095703125,0.0
3,0.1,1.0,crp_dataset_8_1_4.csv|crp_dataset_8_1_2.csv|crp_dataset_8_1_8.csv,crp_dataset_8_1_1.csv,0.47147548,0.4921874999980774,0.9999999999920635,126,130,0,0,0.0252685546875,0.0252685546875,0.0
3,0.1,1.0,crp_dataset_8_1_4.csv|crp_dataset_8_1_2.csv|crp_dataset_8_1_8.csv,crp_dataset_8_1_3.csv,0.47147548,0.6757812499973602,0.9999999999942197,173,83,0,0,0.0196044921875,0.0196044921875,0.0
3,0.1,1.0,crp_dataset_8_1_4.csv|crp_dataset_8_1_2.csv|crp_dataset_8_1_8.csv,crp_dataset_8_1_6.csv,0.47147548,0.5468749999978638,0.9999999999928573,140,116,0,0,0.026928710937499996,0.026928710937499996,0.0
3,0.1,1.0,crp_dataset_8_1_4.csv|crp_dataset_8_1_2.csv|crp_dataset_8_1_3.csv,crp_dataset_8_1_5.csv,0.51121616,0.39062499999847416,0.99999999999,100,156,0,0,0.039282226562499994,0.039282226562499994,0.0
3,0.1,1.0,crp_dataset_8_1_4.csv|crp_dataset_8_1_2.csv|crp_dataset_8_1_3.csv,crp_dataset_8_1_7.csv,0.51121616,0.8593749999966431,0.9999999999954546,220,36,0,0,0.0095703125,0.0095703125,0.0
3,0.1,1.0,crp_dataset_8_1_4.csv|crp_dataset_8_1_2.csv|crp_dataset_8_1_3.csv,crp_dataset_8_1_1.csv,0.51121616,0.4921874999980774,0.9999999999920635,126,130,0,0,0.0252685546875,0.0252685546875,0.0
3,0.1,1.0,crp_dataset_8_1_4.csv|crp_dataset_8_1_2.csv|crp_dataset_8_1_3.csv,crp_dataset_8_1_8.csv,0.51121616,0.5390624999978944,0.9999999999927537,138,118,0,0,0.0283203125,0.0283203125,0.0
3,0.1,1.0,crp_dataset_8_1_4.csv|crp_dataset_8_1_2.csv|crp_dataset_8_1_3.csv,crp_dataset_8_1_6.csv,0.51121616,0.5468749999978638,0.9999999999928573,140,116,0,0,0.026928710937499996,0.026928710937499996,0.0
3,0.1,1.0,crp_dataset_8_1_4.csv|crp_dataset_8_1_2.csv|crp_dataset_8_1_6.csv,crp_dataset_8_1_5.csv,0.4100602,0.39062499999847416,0.99999999999,100,156,0,0,0.039282226562499994,0.039282226562499994,0.0
3,0.1,1.0,crp_dataset_8_1_4.csv|crp_dataset_8_1_2.csv|crp_dataset_8_1_6.csv,crp_dataset_8_1_7.csv,0.4100602,0.8593749999966431,0.9999999999954546,220,36,0,0,0.0095703125,0.0095703125,0.0
3,0.1,1.0,crp_dataset_8_1_4.csv|crp_dataset_8_1_2.csv|crp_dataset_8_1_6.csv,crp_dataset_8_1_1.csv,0.4100602,0.4921874999980774,0.9999999999920635,126,130,0,0,0.0252685546875,0.0252685546875,0.0
3,0.1,1.0,crp_dataset_8_1_4.csv|crp_dataset_8_1_2.csv|crp_dataset_8_1_6.csv,crp_dataset_8_1_8.csv,0.4100602,0.5390624999978944,0.9999999999927537,138,118,0,0,0.0283203125,0.0283203125,0.0
3,0.1,1.0,crp_dataset_8_1_4.csv|crp_dataset_8_1_2.csv|crp_dataset_8_1_6.csv,crp_dataset_8_1_3.csv,0.4100602,0.6757812499973602,0.9999999999942197,173,83,0,0,0.0196044921875,0.0196044921875,0.0
3,0.1,1.0,crp_dataset_8_1_4.csv|crp_dataset_8_1_8.csv|crp_dataset_8_1_3.csv,crp_dataset_8_1_5.csv,0.58636755,0.39062499999847416,0.99999999999,100,156,0,0,0.039282226562499994,0.039282226562499994,0.0
3,0.1,1.0,crp_dataset_8_1_4.csv|crp_dataset_8_1_8.csv|crp_dataset_8_1_3.csv,crp_dataset_8_1_7.csv,0.58636755,0.8593749999966431,0.9999999999954546,220,36,0,0,0.0095703125,0.0095703125,0.0
3,0.1,1.0,crp_dataset_8_1_4.csv|crp_dataset_8_1_8.csv|crp_dataset_8_1_3.csv,crp_dataset_8_1_1.csv,0.58636755,0.4921874999980774,0.9999999999920635,126,130,0,0,0.0252685546875,0.0252685546875,0.0
3,0.1,1.0,crp_dataset_8_1_4.csv|crp_dataset_8_1_8.csv|crp_dataset_8_1_3.csv,crp_dataset_8_1_2.csv,0.58636755,0.46484374999818423,0.9999999999915966,119,137,0,0,0.039453125,0.039453125,0.0
3,0.1,1.0,crp_dataset_8_1_4.csv|crp_dataset_8_1_8.csv|crp_dataset_8_1_3.csv,crp_dataset_8_1_6.csv,0.58636755,0.5468749999978638,0.9999999999928573,140,116,0,0,0.026928710937499996,0.026928710937499996,0.0
3,0.1,1.0,crp_dataset_8_1_4.csv|crp_dataset_8_1_8.csv|crp_dataset_8_1_6.csv,crp_dataset_8_1_5.csv,0.51592064,0.39062499999847416,0.99999999999,100,156,0,0,0.039282226562499994,0.039282226562499994,0.0
3,0.1,1.0,crp_dataset_8_1_4.csv|crp_dataset_8_1_8.csv|crp_dataset_8_1_6.csv,crp_dataset_8_1_7.csv,0.51592064,0.8593749999966431,0.9999999999954546,220,36,0,0,0.0095703125,0.0095703125,0.0
3,0.1,1.0,crp_dataset_8_1_4.csv|crp_dataset_8_1_8.csv|crp_dataset_8_1_6.csv,crp_dataset_8_1_1.csv,0.51592064,0.4921874999980774,0.9999999999920635,126,130,0,0,0.0252685546875,0.0252685546875,0.0
3,0.1,1.0,crp_dataset_8_1_4.csv|crp_dataset_8_1_8.csv|crp_dataset_8_1_6.csv,crp_dataset_8_1_2.csv,0.51592064,0.46484374999818423,0.9999999999915966,119,137,0,0,0.039453125,0.039453125,0.0
3,0.1,1.0,crp_dataset_8_1_4.csv|crp_dataset_8_1_8.csv|crp_dataset_8_1_6.csv,crp_dataset_8_1_3.csv,0.51592064,0.6757812499973602,0.9999999999942197,173,83,0,0,0.0196044921875,0.0196044921875,0.0
3,0.1,1.0,crp_dataset_8_1_4.csv|crp_dataset_8_1_3.csv|crp_dataset_8_1_6.csv,crp_dataset_8_1_5.csv,0.47489426,0.39062499999847416,0.99999999999,100,156,0,0,0.039282226562499994,0.039282226562499994,0.0
3,0.1,1.0,crp_dataset_8_1_4.csv|crp_dataset_8_1_3.csv|crp_dataset_8_1_6.csv,crp_dataset_8_1_7.csv,0.47489426,0.8593749999966431,0.9999999999954546,220,36,0,0,0.0095703125,0.0095703125,0.0
3,0.1,1.0,crp_dataset_8_1_4.csv|crp_dataset_8_1_3.csv|crp_dataset_8_1_6.csv,crp_dataset_8_1_1.csv,0.47489426,0.4921874999980774,0.9999999999920635,126,130,0,0,0.0252685546875,0.0252685546875,0.0
3,0.1,1.0,crp_dataset_8_1_4.csv|crp_dataset_8_1_3.csv|crp_dataset_8_1_6.csv,crp_dataset_8_1_2.csv,0.47489426,0.46484374999818423,0.9999999999915966,119,137,0,0,0.039453125,0.039453125,0.0
3,0.1,1.0,crp_dataset_8_1_4.csv|crp_dataset_8_1_3.csv|crp_dataset_8_1_6.csv,crp_dataset_8_1_8.csv,0.47489426,0.5390624999978944,0.9999999999927537,138,118,0,0,0.0283203125,0.0283203125,0.0
3,0.1,1.0,crp_dataset_8_1_1.csv|crp_dataset_8_1_2.csv|crp_dataset_8_1_8.csv,crp_dataset_8_1_5.csv,0.45271286,0.39062499999847416,0.99999999999,100,156,0,0,0.039282226562499994,0.039282226562499994,0.0
3,0.1,1.0,crp_dataset_8_1_1.csv|crp_dataset_8_1_2.csv|crp_dataset_8_1_8.csv,crp_dataset_8_1_7.csv,0.45271286,0.8593749999966431,0.9999999999954546,220,36,0,0,0.0095703125,0.0095703125,0.0
3,0.1,1.0,crp_dataset_8_1_1.csv|crp_dataset_8_1_2.csv|crp_dataset_8_1_8.csv,crp_dataset_8_1_4.csv,0.45271286,0.5117187499980012,0.9999999999923664,131,125,0,0,0.023046875,0.023046875,0.0
3,0.1,1.0,crp_dataset_8_1_1.csv|crp_dataset_8_1_2.csv|crp_dataset_8_1_8.csv,crp_dataset_8_1_3.csv,0.45271286,0.6757812499973602,0.9999999999942197,173,83,0,0,0.0196044921875,0.0196044921875,0.0
3,0.1,1.0,crp_dataset_8_1_1.csv|crp_dataset_8_1_2.csv|crp_dataset_8_1_8.csv,crp_dataset_8_1_6.csv,0.45271286,0.5468749999978638,0.9999999999928573,140,116,0,0,0.026928710937499996,0.026928710937499996,0.0
3,0.1,1.0,crp_dataset_8_1_1.csv|crp_dataset_8_1_2.csv|crp_dataset_8_1_3.csv,crp_dataset_8_1_5.csv,0.44079378,0.39062499999847416,0.99999999999,100,156,0,0,0.039282226562499994,0.039282226562499994,0.0
3,0.1,1.0,crp_dataset_8_1_1.csv|crp_dataset_8_1_2.csv|crp_dataset_8_1_3.csv,crp_dataset_8_1_7.csv,0.44079378,0.8593749999966431,0.9999999999954546,220,36,0,0,0.0095703125,0.0095703125,0.0
3,0.1,1.0,crp_dataset_8_1_1.csv|crp_dataset_8_1_2.csv|crp_dataset_8_1_3.csv,crp_dataset_8_1_4.csv,0.44079378,0.5117187499980012,0.9999999999923664,131,125,0,0,0.023046875,0.023046875,0.0
3,0.1,1.0,crp_dataset_8_1_1.csv|crp_dataset_8_1_2.csv|crp_dataset_8_1_3.csv,crp_dataset_8_1_8.csv,0.44079378,0.5390624999978944,0.9999999999927537,138,118,0,0,0.0283203125,0.0283203125,0.0
3,0.1,1.0,crp_dataset_8_1_1.csv|crp_dataset_8_1_2.csv|crp_dataset_8_1_3.csv,crp_dataset_8_1_6.csv,0.44079378,0.5468749999978638,0.9999999999928573,140,116,0,0,0.026928710937499996,0.026928710937499996,0.0
3,0.1,1.0,crp_dataset_8_1_1.csv|crp_dataset_8_1_2.csv|crp_dataset_8_1_6.csv,crp_dataset_8_1_5.csv,0.44804573,0.39062499999847416,0.99999999999,100,156,0,0,0.039282226562499994,0.039282226562499994,0.0
3,0.1,1.0,crp_dataset_8_1_1.csv|crp_dataset_8_1_2.csv|crp_dataset_8_1_6.csv,crp_dataset_8_1_7.csv,0.44804573,0.8593749999966431,0.9999999999954546,220,36,0,0,0.0095703125,0.0095703125,0.0
3,0.1,1.0,crp_dataset_8_1_1.csv|crp_dataset_8_1_2.csv|crp_dataset_8_1_6.csv,crp_dataset_8_1_4.csv,0.44804573,0.5117187499980012,0.9999999999923664,131,125,0,0,0.023046875,0.023046875,0.0
3,0.1,1.0,crp_dataset_8_1_1.csv|crp_dataset_8_1_2.csv|crp_dataset_8_1_6.csv,crp_dataset_8_1_8.csv,0.44804573,0.5390624999978944,0.9999999999927537,138,118,0,0,0.0283203125,0.0283203125,0.0
3,0.1,1.0,crp_dataset_8_1_1.csv|crp_dataset_8_1_2.csv|crp_dataset_8_1_6.csv,crp_dataset_8_1_3.csv,0.44804573,0.6757812499973602,0.9999999999942197,173,83,0,0,0.0196044921875,0.0196044921875,0.0
3,0.1,1.0,crp_dataset_8_1_1.csv|crp_dataset_8_1_8.csv|crp_dataset_8_1_3.csv,crp_dataset_8_1_5.csv,0.54732764,0.39062499999847416,0.99999999999,100,156,0,0,0.039282226562499994,0.039282226562499994,0.0
3,0.1,1.0,crp_dataset_8_1_1.csv|crp_dataset_8_1_8.csv|crp_dataset_8_1_3.csv,crp_dataset_8_1_7.csv,0.54732764,0.8593749999966431,0.9999999999954546,220,36,0,0,0.0095703125,0.0095703125,0.0
3,0.1,1.0,crp_dataset_8_1_1.csv|crp_dataset_8_1_8.csv|crp_dataset_8_1_3.csv,crp_dataset_8_1_4.csv,0.54732764,0.5117187499980012,0.9999999999923664,131,125,0,0,0.023046875,0.023046875,0.0
3,0.1,1.0,crp_dataset_8_1_1.csv|crp_dataset_8_1_8.csv|crp_dataset_8_1_3.csv,crp_dataset_8_1_2.csv,0.54732764,0.46484374999818423,0.9999999999915966,119,137,0,0,0.039453125,0.039453125,0.0
3,0.1,1.0,crp_dataset_8_1_1.csv|crp_dataset_8_1_8.csv|crp_dataset_8_1_3.csv,crp_dataset_8_1_6.csv,0.54732764,0.5468749999978638,0.9999999999928573,140,116,0,0,0.026928710937499996,0.026928710937499996,0.0
3,0.1,1.0,crp_dataset_8_1_1.csv|crp_dataset_8_1_8.csv|crp_dataset_8_1_6.csv,crp_dataset_8_1_5.csv,0.48205492,0.39062499999847416,0.99999999999,100,156,0,0,0.039282226562499994,0.039282226562499994,0.0
3,0.1,1.0,crp_dataset_8_1_1.csv|crp_dataset_8_1_8.csv|crp_dataset_8_1_6.csv,crp_dataset_8_1_7.csv,0.48205492,0.8593749999966431,0.9999999999954546,220,36,0,0,0.0095703125,0.0095703125,0.0
3,0.1,1.0,crp_dataset_8_1_1.csv|crp_dataset_8_1_8.csv|crp_dataset_8_1_6.csv,crp_dataset_8_1_4.csv,0.48205492,0.5117187499980012,0.9999999999923664,131,125,0,0,0.023046875,0.023046875,0.0
3,0.1,1.0,crp_dataset_8_1_1.csv|crp_dataset_8_1_8.csv|crp_dataset_8_1_6.csv,crp_dataset_8_1_2.csv,0.48205492,0.46484374999818423,0.9999999999915966,119,137,0,0,0.039453125,0.039453125,0.0
3,0.1,1.0,crp_dataset_8_1_1.csv|crp_dataset_8_1_8.csv|crp_dataset_8_1_6.csv,crp_dataset_8_1_3.csv,0.48205492,0.6757812499973602,0.9999999999942197,173,83,0,0,0.0196044921875,0.0196044921875,0.0
3,0.1,1.0,crp_dataset_8_1_1.csv|crp_dataset_8_1_3.csv|crp_dataset_8_1_6.csv,crp_dataset_8_1_5.csv,0.52869093,0.39062499999847416,0.99999999999,100,156,0,0,0.039282226562499994,0.039282226562499994,0.0
3,0.1,1.0,crp_dataset_8_1_1.csv|crp_dataset_8_1_3.csv|crp_dataset_8_1_6.csv,crp_dataset_8_1_7.csv,0.52869093,0.8593749999966431,0.9999999999954546,220,36,0,0,0.0095703125,0.0095703125,0.0
3,0.1,1.0,crp_dataset_8_1_1.csv|crp_dataset_8_1_3.csv|crp_dataset_8_1_6.csv,crp_dataset_8_1_4.csv,0.52869093,0.5117187499980012,0.9999999999923664,131,125,0,0,0.023046875,0.023046875,0.0
3,0.1,1.0,crp_dataset_8_1_1.csv|crp_dataset_8_1_3.csv|crp_dataset_8_1_6.csv,crp_dataset_8_1_2.csv,0.52869093,0.46484374999818423,0.9999999999915966,119,137,0,0,0.039453125,0.039453125,0.0
3,0.1,1.0,crp_dataset_8_1_1.csv|crp_dataset_8_1_3.csv|crp_dataset_8_1_6.csv,crp_dataset_8_1_8.csv,0.52869093,0.5390624999978944,0.9999999999927537,138,118,0,0,0.0283203125,0.0283203125,0.0
3,0.1,1.0,crp_dataset_8_1_2.csv|crp_dataset_8_1_8.csv|crp_dataset_8_1_3.csv,crp_dataset_8_1_5.csv,0.52515906,0.39062499999847416,0.99999999999,100,156,0,0,0.039282226562499994,0.039282226562499994,0.0
3,0.1,1.0,crp_dataset_8_1_2.csv|crp_dataset_8_1_8.csv|crp_dataset_8_1_3.csv,crp_dataset_8_1_7.csv,0.52515906,0.8593749999966431,0.9999999999954546,220,36,0,0,0.0095703125,0.0095703125,0.0
3,0.1,1.0,crp_dataset_8_1_2.csv|crp_dataset_8_1_8.csv|crp_dataset_8_1_3.csv,crp_dataset_8_1_4.csv,0.52515906,0.5117187499980012,0.9999999999923664,131,125,0,0,0.023046875,0.023046875,0.0
3,0.1,1.0,crp_dataset_8_1_2.csv|crp_dataset_8_1_8.csv|crp_dataset_8_1_3.csv,crp_dataset_8_1_1.csv,0.52515906,0.4921874999980774,0.9999999999920635,126,130,0,0,0.0252685546875,0.0252685546875,0.0
3,0.1,1.0,crp_dataset_8_1_2.csv|crp_dataset_8_1_8.csv|crp_dataset_8_1_3.csv,crp_dataset_8_1_6.csv,0.52515906,0.5468749999978638,0.9999999999928573,140,116,0,0,0.026928710937499996,0.026928710937499996,0.0
3,0.1,1.0,crp_dataset_8_1_2.csv|crp_dataset_8_1_8.csv|crp_dataset_8_1_6.csv,crp_dataset_8_1_5.csv,0.49676815,0.39062499999847416,0.99999999999,100,156,0,0,0.039282226562499994,0.039282226562499994,0.0
3,0.1,1.0,crp_dataset_8_1_2.csv|crp_dataset_8_1_8.csv|crp_dataset_8_1_6.csv,crp_dataset_8_1_7.csv,0.49676815,0.8593749999966431,0.9999999999954546,220,36,0,0,0.0095703125,0.0095703125,0.0
3,0.1,1.0,crp_dataset_8_1_2.csv|crp_dataset_8_1_8.csv|crp_dataset_8_1_6.csv,crp_dataset_8_1_4.csv,0.49676815,0.5117187499980012,0.9999999999923664,131,125,0,0,0.023046875,0.023046875,0.0
3,0.1,1.0,crp_dataset_8_1_2.csv|crp_dataset_8_1_8.csv|crp_dataset_8_1_6.csv,crp_dataset_8_1_1.csv,0.49676815,0.4921874999980774,0.9999999999920635,126,130,0,0,0.0252685546875,0.0252685546875,0.0
3,0.1,1.0,crp_dataset_8_1_2.csv|crp_dataset_8_1_8.csv|crp_dataset_8_1_6.csv,crp_dataset_8_1_3.csv,0.49676815,0.6757812499973602,0.9999999999942197,173,83,0,0,0.0196044921875,0.0196044921875,0.0
3,0.1,1.0,crp_dataset_8_1_2.csv|crp_dataset_8_1_3.csv|crp_dataset_8_1_6.csv,crp_dataset_8_1_5.csv,0.4847147,0.39062499999847416,0.99999999999,100,156,0,0,0.039282226562499994,0.039282226562499994,0.0
3,0.1,1.0,crp_dataset_8_1_2.csv|crp_dataset_8_1_3.csv|crp_dataset_8_1_6.csv,crp_dataset_8_1_7.csv,0.4847147,0.8593749999966431,0.9999999999954546,220,36,0,0,0.0095703125,0.0095703125,0.0
3,0.1,1.0,crp_dataset_8_1_2.csv|crp_dataset_8_1_3.csv|crp_dataset_8_1_6.csv,crp_dataset_8_1_4.csv,0.4847147,0.5117187499980012,0.9999999999923664,131,125,0,0,0.023046875,0.023046875,0.0
3,0.1,1.0,crp_dataset_8_1_2.csv|crp_dataset_8_1_3.csv|crp_dataset_8_1_6.csv,crp_dataset_8_1_1.csv,0.4847147,0.4921874999980774,0.9999999999920635,126,130,0,0,0.0252685546875,0.0252685546875,0.0
3,0.1,1.0,crp_dataset_8_1_2.csv|crp_dataset_8_1_3.csv|crp_dataset_8_1_6.csv,crp_dataset_8_1_8.csv,0.4847147,0.5390624999978944,0.9999999999927537,138,118,0,0,0.0283203125,0.0283203125,0.0
3,0.1,1.0,crp_dataset_8_1_8.csv|crp_dataset_8_1_3.csv|crp_dataset_8_1_6.csv,crp_dataset_8_1_5.csv,0.59900194,0.39062499999847416,0.99999999999,100,156,0,0,0.039282226562499994,0.039282226562499994,0.0
3,0.1,1.0,crp_dataset_8_1_8.csv|crp_dataset_8_1_3.csv|crp_dataset_8_1_6.csv,crp_dataset_8_1_7.csv,0.59900194,0.8593749999966431,0.9999999999954546,220,36,0,0,0.0095703125,0.0095703125,0.0
3,0.1,1.0,crp_dataset_8_1_8.csv|crp_dataset_8_1_3.csv|crp_dataset_8_1_6.csv,crp_dataset_8_1_4.csv,0.59900194,0.5117187499980012,0.9999999999923664,131,125,0,0,0.023046875,0.023046875,0.0
3,0.1,1.0,crp_dataset_8_1_8.csv|crp_dataset_8_1_3.csv|crp_dataset_8_1_6.csv,crp_dataset_8_1_1.csv,0.59900194,0.4921874999980774,0.9999999999920635,126,130,0,0,0.0252685546875,0.0252685546875,0.0
3,0.1,1.0,crp_dataset_8_1_8.csv|crp_dataset_8_1_3.csv|crp_dataset_8_1_6.csv,crp_dataset_8_1_2.csv,0.59900194,0.46484374999818423,0.9999999999915966,119,137,0,0,0.039453125,0.039453125,0.0
4,0.1,1.0,crp_dataset_8_1_5.csv|crp_dataset_8_1_7.csv|crp_dataset_8_1_4.csv|crp_dataset_8_1_1.csv,crp_dataset_8_1_2.csv,0.65259343,0.0,0.0,0,0,119,137,0.039453125,,
4,0.1,1.0,crp_dataset_8_1_5.csv|crp_dataset_8_1_7.csv|crp_dataset_8_1_4.csv|crp_dataset_8_1_1.csv,crp_dataset_8_1_8.csv,0.65259343,0.8235294117404846,0.20289855072316743,28,6,110,112,0.0283203125,0.004963235294117648,0.023357077205882353
4,0.1,1.0,crp_dataset_8_1_5.csv|crp_dataset_8_1_7.csv|crp_dataset_8_1_4.csv|crp_dataset_8_1_1.csv,crp_dataset_8_1_3.csv,0.65259343,0.9491525423648377,0.6473988439268937,112,6,61,77,0.0196044921875,0.0012182203389830507,0.018386271848516947
4,0.1,1.0,crp_dataset_8_1_5.csv|crp_dataset_8_1_7.csv|crp_dataset_8_1_4.csv|crp_dataset_8_1_1.csv,crp_dataset_8_1_6.csv,0.65259343,0.9268292682813801,0.5428571428532654,76,6,64,110,0.026928710937499996,0.0024390243902439024,0.024489686547256095
4,0.1,1.0,crp_dataset_8_1_5.csv|crp_dataset_8_1_7.csv|crp_dataset_8_1_4.csv|crp_dataset_8_1_2.csv,crp_dataset_8_1_1.csv,0.6199904,0.9374999999853515,0.4761904761866969,60,4,66,126,0.0252685546875,0.001171875,0.0240966796875
4,0.1,1.0,crp_dataset_8_1_5.csv|crp_dataset_8_1_7.csv|crp_dataset_8_1_4.csv|crp_dataset_8_1_2.csv,crp_dataset_8_1_8.csv,0.6199904,0.7922077921975038,0.4420289855040433,61,16,77,102,0.0283203125,0.005357142857142856,0.022963169642857145
4,0.1,1.0,crp_dataset_8_1_5.csv|crp_dataset_8_1_7.csv|crp_dataset_8_1_4.csv|crp_dataset_8_1_2.csv,crp_dataset_8_1_3.csv,0.6199904,0.9572649572567755,0.6473988439268937,112,5,61,78,0.0196044921875,0.0008012820512820513,0.018803210136217947
4,0.1,1.0,crp_dataset_8_1_5.csv|crp_dataset_8_1_7.csv|crp_dataset_8_1_4.csv|crp_dataset_8_1_2.csv,crp_dataset_8_1_6.csv,0.6199904,0.9620253164435186,0.5428571428532654,76,3,64,113,0.026928710937499996,0.0007120253164556961,0.0262166856210443
4,0.1,1.0,crp_dataset_8_1_5.csv|crp_dataset_8_1_7.csv|crp_dataset_8_1_4.csv|crp_dataset_8_1_8.csv,crp_dataset_8_1_1.csv,0.6542234,0.8333333333217592,0.4761904761866969,60,12,66,118,0.0252685546875,0.005555555555555556,0.019712999131944443
4,0.1,1.0,crp_dataset_8_1_5.csv|crp_dataset_8_1_7.csv|crp_dataset_8_1_4.csv|crp_dataset_8_1_8.csv,crp_dataset_8_1_2.csv,0.6542234,0.9999999999285715,0.11764705882254078,14,0,105,137,0.039453125,0.0008928571428571429,0.03856026785714286
4,0.1,1.0,crp_dataset_8_1_5.csv|crp_dataset_8_1_7.csv|crp_dataset_8_1_4.csv|crp_dataset_8_1_8.csv,crp_dataset_8_1_3.csv,0.6542234,0.9411764705803263,0.6473988439268937,112,7,61,76,0.0196044921875,0.0017857142857142859,0.017818777901785713
4,0.1,1.0,crp_dataset_8_1_5.csv|crp_dataset_8_1_7.csv|crp_dataset_8_1_4.csv|crp_dataset_8_1_8.csv,crp_dataset_8_1_6.csv,0.6542234,0.9047619047511337,0.5428571428532654,76,8,64,108,0.026928710937499996,0.003943452380952381,0.022985258556547615
4,0.1,1.0,crp_dataset_8_1_5.csv|crp_dataset_8_1_7.csv|crp_dataset_8_1_4.csv|crp_dataset_8_1_3.csv,crp_dataset_8_1_1.csv,0.62393093,0.8281249999870605,0.42063492063158225,53,11,73,119,0.0252685546875,0.00517578125,0.0200927734375
4,0.1,1.0,crp_dataset_8_1_5.csv|crp_dataset_8_1_7.csv|crp_dataset_8_1_4.csv|crp_dataset_8_1_3.csv,crp_dataset_8_1_2.csv,0.62393093,0.0,0.0,0,0,119,137,0.039453125,,
4,0.1,1.0,crp_dataset_8_1_5.csv|crp_dataset_8_1_7.csv|crp_dataset_8_1_4.csv|crp_dataset_8_1_3.csv,crp_dataset_8_1_8.csv,0.62393093,0.8148148147846365,0.15942028985391726,22,5,116,113,0.0283203125,0.004861111111111111,0.02345920138888889
4,0.1,1.0,crp_dataset_8_1_5.csv|crp_dataset_8_1_7.csv|crp_dataset_8_1_4.csv|crp_dataset_8_1_3.csv,crp_dataset_8_1_6.csv,0.62393093,0.8735632183807636,0.5428571428532654,76,11,64,105,0.026928710937499996,0.00646551724137931,0.020463193696120686
4,0.1,1.0,crp_dataset_8_1_5.csv|crp_dataset_8_1_7.csv|crp_dataset_8_1_4.csv|crp_dataset_8_1_6.csv,crp_dataset_8_1_1.csv,0.6203766,0.8771929824407511,0.39682539682224743,50,7,76,123,0.0252685546875,0.002631578947368421,0.022636975740131578
4,0.1,1.0,crp_dataset_8_1_5.csv|crp_dataset_8_1_7.csv|crp_dataset_8_1_4.csv|crp_dataset_8_1_6.csv,crp_dataset_8_1_2.csv,0.6203766,0.0,0.0,0,0,119,137,0.039453125,,
4,0.1,1.0,crp_dataset_8_1_5.csv|crp_dataset_8_1_7.csv|crp_dataset_8_1_4.csv|crp_dataset_8_1_6.csv,crp_dataset_8_1_8.csv,0.6203766,0.8888888888395061,0.1159420289846671,16,2,122,116,0.0283203125,0.0038194444444444448,0.024500868055555555
4,0.1,1.0,crp_dataset_8_1_5.csv|crp_dataset_8_1_7.csv|crp_dataset_8_1_4.csv|crp_dataset_8_1_6.csv,crp_dataset_8_1_3.csv,0.6203766,0.9333333333255556,0.6473988439268937,112,8,61,75,0.0196044921875,0.0025520833333333337,0.017052408854166666
4,0.1,1.0,crp_dataset_8_1_5.csv|crp_dataset_8_1_7.csv|crp_dataset_8_1_1.csv|crp_dataset_8_1_2.csv,crp_dataset_8_1_4.csv,0.61509824,0.999999999990909,0.8396946564821398,110,0,21,125,0.023046875,0.0002840909090909091,0.022762784090909094
4,0.1,1.0,crp_dataset_8_1_5.csv|crp_dataset_8_1_7.csv|crp_dataset_8_1_1.csv|crp_dataset_8_1_2.csv,crp_dataset_8_1_8.csv,0.61509824,0.9682539682385992,0.4420289855040433,61,2,77,116,0.0283203125,0.0032738095238095243,0.025046502976190474
4,0.1,1.0,crp_dataset_8_1_5.csv|crp_dataset_8_1_7.csv|crp_dataset_8_1_1.csv|crp_dataset_8_1_2.csv,crp_dataset_8_1_3.csv,0.61509824,0.9824561403422591,0.6473988439268937,112,2,61,81,0.0196044921875,0.0002192982456140351,0.019385193941885964
4,0.1,1.0,crp_dataset_8_1_5.csv|crp_dataset_8_1_7.csv|crp_dataset_8_1_1.csv|crp_dataset_8_1_2.csv,crp_dataset_8_1_6.csv,0.61509824,0.9999999999868421,0.5428571428532654,76,0,64,116,0.026928710937499996,8.223684210526316e-05,0.026846474095394732
4,0.1,1.0,crp_dataset_8_1_5.csv|crp_dataset_8_1_7.csv|crp_dataset_8_1_1.csv|crp_dataset_8_1_8.csv,crp_dataset_8_1_4.csv,0.64714855,0.8582677165286751,0.8320610686959385,109,18,22,107,0.023046875,0.006446850393700788,0.016600024606299214
4,0.1,1.0,crp_dataset_8_1_5.csv|crp_dataset_8_1_7.csv|crp_dataset_8_1_1.csv|crp_dataset_8_1_8.csv,crp_dataset_8_1_2.csv,0.64714855,0.9999999999285715,0.11764705882254078,14,0,105,137,0.039453125,0.0008928571428571429,0.03856026785714286
4,0.1,1.0,crp_dataset_8_1_5.csv|crp_dataset_8_1_7.csv|crp_dataset_8_1_1.csv|crp_dataset_8_1_8.csv,crp_dataset_8_1_3.csv,0.64714855,0.8888888888818341,0.6473988439268937,112,14,61,69,0.0196044921875,0.005208333333333333,0.014396158854166667
4,0.1,1.0,crp_dataset_8_1_5.csv|crp_dataset_8_1_7.csv|crp_dataset_8_1_1.csv|crp_dataset_8_1_8.csv,crp_dataset_8_1_6.csv,0.64714855,0.8444444444350617,0.5428571428532654,76,14,64,102,0.026928710937499996,0.008958333333333334,0.017970377604166664
4,0.1,1.0,crp_dataset_8_1_5.csv|crp_dataset_8_1_7.csv|crp_dataset_8_1_1.csv|crp_dataset_8_1_3.csv,crp_dataset_8_1_4.csv,0.6747615,0.9509803921475394,0.7404580152615233,97,5,34,120,0.023046875,0.000857843137254902,0.0221890318627451
4,0.1,1.0,crp_dataset_8_1_5.csv|crp_dataset_8_1_7.csv|crp_dataset_8_1_1.csv|crp_dataset_8_1_3.csv,crp_dataset_8_1_2.csv,0.6747615,0.0,0.0,0,0,119,137,0.039453125,,
4,0.1,1.0,crp_dataset_8_1_5.csv|crp_dataset_8_1_7.csv|crp_dataset_8_1_1.csv|crp_dataset_8_1_3.csv,crp_dataset_8_1_8.csv,0.6747615,0.8076923076612426,0.15217391304237557,21,5,117,113,0.0283203125,0.005048076923076923,0.023272235576923078
4,0.1,1.0,crp_dataset_8_1_5.csv|crp_dataset_8_1_7.csv|crp_dataset_8_1_1.csv|crp_dataset_8_1_3.csv,crp_dataset_8_1_6.csv,0.6747615,0.9620253164435186,0.5428571428532654,76,3,64,113,0.026928710937499996,0.0007120253164556961,0.0262166856210443
4,0.1,1.0,crp_dataset_8_1_5.csv|crp_dataset_8_1_7.csv|crp_dataset_8_1_1.csv|crp_dataset_8_1_6.csv,crp_dataset_8_1_4.csv,0.63347024,0.9347826086854915,0.6564885496133093,86,6,45,119,0.023046875,0.002989130434782609,0.020057744565217393
4,0.1,1.0,crp_dataset_8_1_5.csv|crp_dataset_8_1_7.csv|crp_dataset_8_1_1.csv|crp_dataset_8_1_6.csv,crp_dataset_8_1_2.csv,0.63347024,0.0,0.0,0,0,119,137,0.039453125,,
4,0.1,1.0,crp_dataset_8_1_5.csv|crp_dataset_8_1_7.csv|crp_dataset_8_1_1.csv|crp_dataset_8_1_6.csv,crp_dataset_8_1_8.csv,0.63347024,0.79999999992,0.05797101449233355,8,2,130,116,0.0283203125,0.003125,0.0251953125
4,0.1,1.0,crp_dataset_8_1_5.csv|crp_dataset_8_1_7.csv|crp_dataset_8_1_1.csv|crp_dataset_8_1_6.csv,crp_dataset_8_1_3.csv,0.63347024,0.9333333333255556,0.6473988439268937,112,8,61,75,0.0196044921875,0.0025520833333333337,0.017052408854166666
4,0.1,1.0,crp_dataset_8_1_5.csv|crp_dataset_8_1_7.csv|crp_dataset_8_1_2.csv|crp_dataset_8_1_8.csv,crp_dataset_8_1_4.csv,0.61271137,0.8730158730089443,0.8396946564821398,110,16,21,109,0.023046875,0.004662698412698413,0.018384176587301588
4,0.1,1.0,crp_dataset_8_1_5.csv|crp_dataset_8_1_7.csv|crp_dataset_8_1_2.csv|crp_dataset_8_1_8.csv,crp_dataset_8_1_1.csv,0.61271137,0.8333333333217592,0.4761904761866969,60,12,66,118,0.0252685546875,0.005555555555555556,0.019712999131944443
4,0.1,1.0,crp_dataset_8_1_5.csv|crp_dataset_8_1_7.csv|crp_dataset_8_1_2.csv|crp_dataset_8_1_8.csv,crp_dataset_8_1_3.csv,0.61271137,0.9032258064443288,0.6473988439268937,112,12,61,71,0.0196044921875,0.004485887096774194,0.015118605090725806
4,0.1,1.0,crp_dataset_8_1_5.csv|crp_dataset_8_1_7.csv|crp_dataset_8_1_2.csv|crp_dataset_8_1_8.csv,crp_dataset_8_1_6.csv,0.61271137,0.8735632183807636,0.5428571428532654,76,11,64,105,0.026928710937499996,0.00646551724137931,0.020463193696120686
4,0.1,1.0,crp_dataset_8_1_5.csv|crp_dataset_8_1_7.csv|crp_dataset_8_1_2.csv|crp_dataset_8_1_3.csv,crp_dataset_8_1_4.csv,0.6140115,0.9016393442549046,0.8396946564821398,110,12,21,113,0.023046875,0.0029200819672131144,0.020126793032786888
4,0.1,1.0,crp_dataset_8_1_5.csv|crp_dataset_8_1_7.csv|crp_dataset_8_1_2.csv|crp_dataset_8_1_3.csv,crp_dataset_8_1_1.csv,0.6140115,0.8333333333217592,0.4761904761866969,60,12,66,118,0.0252685546875,0.005555555555555556,0.019712999131944443
4,0.1,1.0,crp_dataset_8_1_5.csv|crp_dataset_8_1_7.csv|crp_dataset_8_1_2.csv|crp_dataset_8_1_3.csv,crp_dataset_8_1_8.csv,0.6140115,0.8518518518360769,0.3333333333309179,46,8,92,110,0.0283203125,0.005092592592592591,0.023227719907407407
4,0.1,1.0,crp_dataset_8_1_5.csv|crp_dataset_8_1_7.csv|crp_dataset_8_1_2.csv|crp_dataset_8_1_3.csv,crp_dataset_8_1_6.csv,0.6140115,0.9047619047511337,0.5428571428532654,76,8,64,108,0.026928710937499996,0.003943452380952381,0.022985258556547615
4,0.1,1.0,crp_dataset_8_1_5.csv|crp_dataset_8_1_7.csv|crp_dataset_8_1_2.csv|crp_dataset_8_1_6.csv,crp_dataset_8_1_4.csv,0.6005571,0.6249999999739584,0.11450381679301906,15,9,116,116,0.023046875,0.010416666666666666,0.012630208333333335
4,0.1,1.0,crp_dataset_8_1_5.csv|crp_dataset_8_1_7.csv|crp_dataset_8_1_2.csv|crp_dataset_8_1_6.csv,crp_dataset_8_1_1.csv,0.6005571,0.0,0.0,0,12,126,118,0.0252685546875,0.0328125,-0.007543945312500001
4,0.1,1.0,crp_dataset_8_1_5.csv|crp_dataset_8_1_7.csv|crp_dataset_8_1_2.csv|crp_dataset_8_1_6.csv,crp_dataset_8_1_8.csv,0.6005571,0.0,0.0,0,0,138,118,0.0283203125,,
4,0.1,1.0,crp_dataset_8_1_5.csv|crp_dataset_8_1_7.csv|crp_dataset_8_1_2.csv|crp_dataset_8_1_6.csv,crp_dataset_8_1_3.csv,0.6005571,0.8906249999860839,0.3294797687842227,57,7,116,76,0.0196044921875,0.0033203125000000003,0.016284179687499997
4,0.1,1.0,crp_dataset_8_1_5.csv|crp_dataset_8_1_7.csv|crp_dataset_8_1_8.csv|crp_dataset_8_1_3.csv,crp_dataset_8_1_4.csv,0.62212616,0.7278911564576335,0.816793893123536,107,40,24,85,0.023046875,0.011862244897959184,0.011184630102040818
4,0.1,1.0,crp_dataset_8_1_5.csv|crp_dataset_8_1_7.csv|crp_dataset_8_1_8.csv|crp_dataset_8_1_3.csv,crp_dataset_8_1_1.csv,0.62212616,0.7802197802112063,0.5634920634875913,71,20,55,110,0.0252685546875,0.00934065934065934,0.015927895346840658
4,0.1,1.0,crp_dataset_8_1_5.csv|crp_dataset_8_1_7.csv|crp_dataset_8_1_8.csv|crp_dataset_8_1_3.csv,crp_dataset_8_1_2.csv,0.62212616,0.0,0.0,0,0,119,137,0.039453125,,
4,0.1,1.0,crp_dataset_8_1_5.csv|crp_dataset_8_1_7.csv|crp_dataset_8_1_8.csv|crp_dataset_8_1_3.csv,crp_dataset_8_1_6.csv,0.62212616,0.6034482758594679,0.9999999999928573,140,92,0,24,0.026928710937499996,0.020770474137931032,0.006158236799568964
4,0.1,1.0,crp_dataset_8_1_5.csv|crp_dataset_8_1_7.csv|crp_dataset_8_1_8.csv|crp_dataset_8_1_6.csv,crp_dataset_8_1_4.csv,0.6262709,0.8928571428491708,0.7633587786201271,100,12,31,113,0.023046875,0.003962053571428571,0.01908482142857143
4,0.1,1.0,crp_dataset_8_1_5.csv|crp_dataset_8_1_7.csv|crp_dataset_8_1_8.csv|crp_dataset_8_1_6.csv,crp_dataset_8_1_1.csv,0.6262709,0.8208955223758075,0.43650793650447217,55,12,71,118,0.0252685546875,0.005970149253731343,0.019298405433768658
4,0.1,1.0,crp_dataset_8_1_5.csv|crp_dataset_8_1_7.csv|crp_dataset_8_1_8.csv|crp_dataset_8_1_6.csv,crp_dataset_8_1_2.csv,0.6262709,0.0,0.0,0,0,119,137,0.039453125,,
4,0.1,1.0,crp_dataset_8_1_5.csv|crp_dataset_8_1_7.csv|crp_dataset_8_1_8.csv|crp_dataset_8_1_6.csv,crp_dataset_8_1_3.csv,0.6262709,0.9256198347030941,0.6473988439268937,112,9,61,74,0.0196044921875,0.003047520661157025,0.016556971526342973
4,0.1,1.0,crp_dataset_8_1_5.csv|crp_dataset_8_1_7.csv|crp_dataset_8_1_3.csv|crp_dataset_8_1_6.csv,crp_dataset_8_1_4.csv,0.63632274,0.9753086419632677,0.6030534351099004,79,2,52,123,0.023046875,0.0008487654320987655,0.022198109567901237
4,0.1,1.0,crp_dataset_8_1_5.csv|crp_dataset_8_1_7.csv|crp_dataset_8_1_3.csv|crp_dataset_8_1_6.csv,crp_dataset_8_1_1.csv,0.63632274,0.9166666666475695,0.34920634920357774,44,4,82,126,0.0252685546875,0.001822916666666667,0.023445638020833333
4,0.1,1.0,crp_dataset_8_1_5.csv|crp_dataset_8_1_7.csv|crp_dataset_8_1_3.csv|crp_dataset_8_1_6.csv,crp_dataset_8_1_2.csv,0.63632274,0.0,0.0,0,0,119,137,0.039453125,,
4,0.1,1.0,crp_dataset_8_1_5.csv|crp_dataset_8_1_7.csv|crp_dataset_8_1_3.csv|crp_dataset_8_1_6.csv,crp_dataset_8_1_8.csv,0.63632274,0.99999999975,0.028985507246166775,4,0,134,118,0.0283203125,0.0015625,0.0267578125
4,0.1,1.0,crp_dataset_8_1_5.csv|crp_dataset_8_1_4.csv|crp_dataset_8_1_1.csv|crp_dataset_8_1_2.csv,crp_dataset_8_1_7.csv,0.3444591,0.8593749999966431,0.9999999999954546,220,36,0,0,0.0095703125,0.0095703125,0.0
4,0.1,1.0,crp_dataset_8_1_5.csv|crp_dataset_8_1_4.csv|crp_dataset_8_1_1.csv|crp_dataset_8_1_2.csv,crp_dataset_8_1_8.csv,0.3444591,0.5390624999978944,0.9999999999927537,138,118,0,0,0.0283203125,0.0283203125,0.0
4,0.1,1.0,crp_dataset_8_1_5.csv|crp_dataset_8_1_4.csv|crp_dataset_8_1_1.csv|crp_dataset_8_1_2.csv,crp_dataset_8_1_3.csv,0.3444591,0.6757812499973602,0.9999999999942197,173,83,0,0,0.0196044921875,0.0196044921875,0.0
4,0.1,1.0,crp_dataset_8_1_5.csv|crp_dataset_8_1_4.csv|crp_dataset_8_1_1.csv|crp_dataset_8_1_2.csv,crp_dataset_8_1_6.csv,0.3444591,0.5468749999978638,0.9999999999928573,140,116,0,0,0.026928710937499996,0.026928710937499996,0.0
4,0.1,1.0,crp_dataset_8_1_5.csv|crp_dataset_8_1_4.csv|crp_dataset_8_1_1.csv|crp_dataset_8_1_8.csv,crp_dataset_8_1_7.csv,0.36704987,0.8593749999966431,0.9999999999954546,220,36,0,0,0.0095703125,0.0095703125,0.0
4,0.1,1.0,crp_dataset_8_1_5.csv|crp_dataset_8_1_4.csv|crp_dataset_8_1_1.csv|crp_dataset_8_1_8.csv,crp_dataset_8_1_2.csv,0.36704987,0.46484374999818423,0.9999999999915966,119,137,0,0,0.039453125,0.039453125,0.0
4,0.1,1.0,crp_dataset_8_1_5.csv|crp_dataset_8_1_4.csv|crp_dataset_8_1_1.csv|crp_dataset_8_1_8.csv,crp_dataset_8_1_3.csv,0.36704987,0.6757812499973602,0.9999999999942197,173,83,0,0,0.0196044921875,0.0196044921875,0.0
4,0.1,1.0,crp_dataset_8_1_5.csv|crp_dataset_8_1_4.csv|crp_dataset_8_1_1.csv|crp_dataset_8_1_8.csv,crp_dataset_8_1_6.csv,0.36704987,0.5468749999978638,0.9999999999928573,140,116,0,0,0.026928710937499996,0.026928710937499996,0.0
4,0.1,1.0,crp_dataset_8_1_5.csv|crp_dataset_8_1_4.csv|crp_dataset_8_1_1.csv|crp_dataset_8_1_3.csv,crp_dataset_8_1_7.csv,0.35203037,0.8593749999966431,0.9999999999954546,220,36,0,0,0.0095703125,0.0095703125,0.0
4,0.1,1.0,crp_dataset_8_1_5.csv|crp_dataset_8_1_4.csv|crp_dataset_8_1_1.csv|crp_dataset_8_1_3.csv,crp_dataset_8_1_2.csv,0.35203037,0.46484374999818423,0.9999999999915966,119,137,0,0,0.039453125,0.039453125,0.0
4,0.1,1.0,crp_dataset_8_1_5.csv|crp_dataset_8_1_4.csv|crp_dataset_8_1_1.csv|crp_dataset_8_1_3.csv,crp_dataset_8_1_8.csv,0.35203037,0.5390624999978944,0.9999999999927537,138,118,0,0,0.0283203125,0.0283203125,0.0
4,0.1,1.0,crp_dataset_8_1_5.csv|crp_dataset_8_1_4.csv|crp_dataset_8_1_1.csv|crp_dataset_8_1_3.csv,crp_dataset_8_1_6.csv,0.35203037,0.5468749999978638,0.9999999999928573,140,116,0,0,0.026928710937499996,0.026928710937499996,0.0
4,0.1,1.0,crp_dataset_8_1_5.csv|crp_dataset_8_1_4.csv|crp_dataset_8_1_1.csv|crp_dataset_8_1_6.csv,crp_dataset_8_1_7.csv,0.3488982,0.8593749999966431,0.9999999999954546,220,36,0,0,0.0095703125,0.0095703125,0.0
4,0.1,1.0,crp_dataset_8_1_5.csv|crp_dataset_8_1_4.csv|crp_dataset_8_1_1.csv|crp_dataset_8_1_6.csv,crp_dataset_8_1_2.csv,0.3488982,0.46484374999818423,0.9999999999915966,119,137,0,0,0.039453125,0.039453125,0.0
4,0.1,1.0,crp_dataset_8_1_5.csv|crp_dataset_8_1_4.csv|crp_dataset_8_1_1.csv|crp_dataset_8_1_6.csv,crp_dataset_8_1_8.csv,0.3488982,0.5390624999978944,0.9999999999927537,138,118,0,0,0.0283203125,0.0283203125,0.0
4,0.1,1.0,crp_dataset_8_1_5.csv|crp_dataset_8_1_4.csv|crp_dataset_8_1_1.csv|crp_dataset_8_1_6.csv,crp_dataset_8_1_3.csv,0.3488982,0.6757812499973602,0.9999999999942197,173,83,0,0,0.0196044921875,0.0196044921875,0.0
4,0.1,1.0,crp_dataset_8_1_5.csv|crp_dataset_8_1_4.csv|crp_dataset_8_1_2.csv|crp_dataset_8_1_8.csv,crp_dataset_8_1_7.csv,0.37938645,0.8593749999966431,0.9999999999954546,220,36,0,0,0.0095703125,0.0095703125,0.0
4,0.1,1.0,crp_dataset_8_1_5.csv|crp_dataset_8_1_4.csv|crp_dataset_8_1_2.csv|crp_dataset_8_1_8.csv,crp_dataset_8_1_1.csv,0.37938645,0.4921874999980774,0.9999999999920635,126,130,0,0,0.0252685546875,0.0252685546875,0.0
4,0.1,1.0,crp_dataset_8_1_5.csv|crp_dataset_8_1_4.csv|crp_dataset_8_1_2.csv|crp_dataset_8_1_8.csv,crp_dataset_8_1_3.csv,0.37938645,0.6757812499973602,0.9999999999942197,173,83,0,0,0.0196044921875,0.0196044921875,0.0
4,0.1,1.0,crp_dataset_8_1_5.csv|crp_dataset_8_1_4.csv|crp_dataset_8_1_2.csv|crp_dataset_8_1_8.csv,crp_dataset_8_1_6.csv,0.37938645,0.5468749999978638,0.9999999999928573,140,116,0,0,0.026928710937499996,0.026928710937499996,0.0
4,0.1,1.0,crp_dataset_8_1_5.csv|crp_dataset_8_1_4.csv|crp_dataset_8_1_2.csv|crp_dataset_8_1_3.csv,crp_dataset_8_1_7.csv,0.36202648,0.8593749999966431,0.9999999999954546,220,36,0,0,0.0095703125,0.0095703125,0.0
4,0.1,1.0,crp_dataset_8_1_5.csv|crp_dataset_8_1_4.csv|crp_dataset_8_1_2.csv|crp_dataset_8_1_3.csv,crp_dataset_8_1_1.csv,0.36202648,0.4921874999980774,0.9999999999920635,126,130,0,0,0.0252685546875,0.0252685546875,0.0
4,0.1,1.0,crp_dataset_8_1_5.csv|crp_dataset_8_1_4.csv|crp_dataset_8_1_2.csv|crp_dataset_8_1_3.csv,crp_dataset_8_1_8.csv,0.36202648,0.5390624999978944,0.9999999999927537,138,118,0,0,0.0283203125,0.0283203125,0.0
4,0.1,1.0,crp_dataset_8_1_5.csv|crp_dataset_8_1_4.csv|crp_dataset_8_1_2.csv|crp_dataset_8_1_3.csv,crp_dataset_8_1_6.csv,0.36202648,0.5468749999978638,0.9999999999928573,140,116,0,0,0.026928710937499996,0.026928710937499996,0.0
4,0.1,1.0,crp_dataset_8_1_5.csv|crp_dataset_8_1_4.csv|crp_dataset_8_1_2.csv|crp_dataset_8_1_6.csv,crp_dataset_8_1_7.csv,0.3610343,0.8593749999966431,0.9999999999954546,220,36,0,0,0.0095703125,0.0095703125,0.0
4,0.1,1.0,crp_dataset_8_1_5.csv|crp_dataset_8_1_4.csv|crp_dataset_8_1_2.csv|crp_dataset_8_1_6.csv,crp_dataset_8_1_1.csv,0.3610343,0.4921874999980774,0.9999999999920635,126,130,0,0,0.0252685546875,0.0252685546875,0.0
4,0.1,1.0,crp_dataset_8_1_5.csv|crp_dataset_8_1_4.csv|crp_dataset_8_1_2.csv|crp_dataset_8_1_6.csv,crp_dataset_8_1_8.csv,0.3610343,0.5390624999978944,0.9999999999927537,138,118,0,0,0.0283203125,0.0283203125,0.0
4,0.1,1.0,crp_dataset_8_1_5.csv|crp_dataset_8_1_4.csv|crp_dataset_8_1_2.csv|crp_dataset_8_1_6.csv,crp_dataset_8_1_3.csv,0.3610343,0.6757812499973602,0.9999999999942197,173,83,0,0,0.0196044921875,0.0196044921875,0.0
4,0.1,1.0,crp_dataset_8_1_5.csv|crp_dataset_8_1_4.csv|crp_dataset_8_1_8.csv|crp_dataset_8_1_3.csv,crp_dataset_8_1_7.csv,0.40411058,0.8593749999966431,0.9999999999954546,220,36,0,0,0.0095703125,0.0095703125,0.0
4,0.1,1.0,crp_dataset_8_1_5.csv|crp_dataset_8_1_4.csv|crp_dataset_8_1_8.csv|crp_dataset_8_1_3.csv,crp_dataset_8_1_1.csv,0.40411058,0.4921874999980774,0.9999999999920635,126,130,0,0,0.0252685546875,0.0252685546875,0.0
4,0.1,1.0,crp_dataset_8_1_5.csv|crp_dataset_8_1_4.csv|crp_dataset_8_1_8.csv|crp_dataset_8_1_3.csv,crp_dataset_8_1_2.csv,0.40411058,0.46484374999818423,0.9999999999915966,119,137,0,0,0.039453125,0.039453125,0.0
4,0.1,1.0,crp_dataset_8_1_5.csv|crp_dataset_8_1_4.csv|crp_dataset_8_1_8.csv|crp_dataset_8_1_3.csv,crp_dataset_8_1_6.csv,0.40411058,0.5468749999978638,0.9999999999928573,140,116,0,0,0.026928710937499996,0.026928710937499996,0.0
4,0.1,1.0,crp_dataset_8_1_5.csv|crp_dataset_8_1_4.csv|crp_dataset_8_1_8.csv|crp_dataset_8_1_6.csv,crp_dataset_8_1_7.csv,0.40669876,0.8593749999966431,0.9999999999954546,220,36,0,0,0.0095703125,0.0095703125,0.0
4,0.1,1.0,crp_dataset_8_1_5.csv|crp_dataset_8_1_4.csv|crp_dataset_8_1_8.csv|crp_dataset_8_1_6.csv,crp_dataset_8_1_1.csv,0.40669876,0.5636363636338017,0.9841269841191735,124,96,2,34,0.0252685546875,0.022187500000000002,0.0030810546874999976
4,0.1,1.0,crp_dataset_8_1_5.csv|crp_dataset_8_1_4.csv|crp_dataset_8_1_8.csv|crp_dataset_8_1_6.csv,crp_dataset_8_1_2.csv,0.40669876,0.46484374999818423,0.9999999999915966,119,137,0,0,0.039453125,0.039453125,0.0
4,0.1,1.0,crp_dataset_8_1_5.csv|crp_dataset_8_1_4.csv|crp_dataset_8_1_8.csv|crp_dataset_8_1_6.csv,crp_dataset_8_1_3.csv,0.40669876,0.711934156375671,0.9999999999942197,173,70,0,13,0.0196044921875,0.016692386831275722,0.0029121053562242774
4,0.1,1.0,crp_dataset_8_1_5.csv|crp_dataset_8_1_4.csv|crp_dataset_8_1_3.csv|crp_dataset_8_1_6.csv,crp_dataset_8_1_7.csv,0.3561501,0.8593749999966431,0.9999999999954546,220,36,0,0,0.0095703125,0.0095703125,0.0
4,0.1,1.0,crp_dataset_8_1_5.csv|crp_dataset_8_1_4.csv|crp_dataset_8_1_3.csv|crp_dataset_8_1_6.csv,crp_dataset_8_1_1.csv,0.3561501,0.4921874999980774,0.9999999999920635,126,130,0,0,0.0252685546875,0.0252685546875,0.0
4,0.1,1.0,crp_dataset_8_1_5.csv|crp_dataset_8_1_4.csv|crp_dataset_8_1_3.csv|crp_dataset_8_1_6.csv,crp_dataset_8_1_2.csv,0.3561501,0.46484374999818423,0.9999999999915966,119,137,0,0,0.039453125,0.039453125,0.0
4,0.1,1.0,crp_dataset_8_1_5.csv|crp_dataset_8_1_4.csv|crp_dataset_8_1_3.csv|crp_dataset_8_1_6.csv,crp_dataset_8_1_8.csv,0.3561501,0.5390624999978944,0.9999999999927537,138,118,0,0,0.0283203125,0.0283203125,0.0
4,0.1,1.0,crp_dataset_8_1_5.csv|crp_dataset_8_1_1.csv|crp_dataset_8_1_2.csv|crp_dataset_8_1_8.csv,crp_dataset_8_1_7.csv,0.34989214,0.8593749999966431,0.9999999999954546,220,36,0,0,0.0095703125,0.0095703125,0.0
4,0.1,1.0,crp_dataset_8_1_5.csv|crp_dataset_8_1_1.csv|crp_dataset_8_1_2.csv|crp_dataset_8_1_8.csv,crp_dataset_8_1_4.csv,0.34989214,0.5117187499980012,0.9999999999923664,131,125,0,0,0.023046875,0.023046875,0.0
4,0.1,1.0,crp_dataset_8_1_5.csv|crp_dataset_8_1_1.csv|crp_dataset_8_1_2.csv|crp_dataset_8_1_8.csv,crp_dataset_8_1_3.csv,0.34989214,0.6757812499973602,0.9999999999942197,173,83,0,0,0.0196044921875,0.0196044921875,0.0
4,0.1,1.0,crp_dataset_8_1_5.csv|crp_dataset_8_1_1.csv|crp_dataset_8_1_2.csv|crp_dataset_8_1_8.csv,crp_dataset_8_1_6.csv,0.34989214,0.5468749999978638,0.9999999999928573,140,116,0,0,0.026928710937499996,0.026928710937499996,0.0
4,0.1,1.0,crp_dataset_8_1_5.csv|crp_dataset_8_1_1.csv|crp_dataset_8_1_2.csv|crp_dataset_8_1_3.csv,crp_dataset_8_1_7.csv,0.36566883,0.8593749999966431,0.9999999999954546,220,36,0,0,0.0095703125,0.0095703125,0.0
4,0.1,1.0,crp_dataset_8_1_5.csv|crp_dataset_8_1_1.csv|crp_dataset_8_1_2.csv|crp_dataset_8_1_3.csv,crp_dataset_8_1_4.csv,0.36566883,0.5117187499980012,0.9999999999923664,131,125,0,0,0.023046875,0.023046875,0.0
4,0.1,1.0,crp_dataset_8_1_5.csv|crp_dataset_8_1_1.csv|crp_dataset_8_1_2.csv|crp_dataset_8_1_3.csv,crp_dataset_8_1_8.csv,0.36566883,0.5390624999978944,0.9999999999927537,138,118,0,0,0.0283203125,0.0283203125,0.0
4,0.1,1.0,crp_dataset_8_1_5.csv|crp_dataset_8_1_1.csv|crp_dataset_8_1_2.csv|crp_dataset_8_1_3.csv,crp_dataset_8_1_6.csv,0.36566883,0.5468749999978638,0.9999999999928573,140,116,0,0,0.026928710937499996,0.026928710937499996,0.0
4,0.1,1.0,crp_dataset_8_1_5.csv|crp_dataset_8_1_1.csv|crp_dataset_8_1_2.csv|crp_dataset_8_1_6.csv,crp_dataset_8_1_7.csv,0.35471234,0.8593749999966431,0.9999999999954546,220,36,0,0,0.0095703125,0.0095703125,0.0
4,0.1,1.0,crp_dataset_8_1_5.csv|crp_dataset_8_1_1.csv|crp_dataset_8_1_2.csv|crp_dataset_8_1_6.csv,crp_dataset_8_1_4.csv,0.35471234,0.5117187499980012,0.9999999999923664,131,125,0,0,0.023046875,0.023046875,0.0
4,0.1,1.0,crp_dataset_8_1_5.csv|crp_dataset_8_1_1.csv|crp_dataset_8_1_2.csv|crp_dataset_8_1_6.csv,crp_dataset_8_1_8.csv,0.35471234,0.5390624999978944,0.9999999999927537,138,118,0,0,0.0283203125,0.0283203125,0.0
4,0.1,1.0,crp_dataset_8_1_5.csv|crp_dataset_8_1_1.csv|crp_dataset_8_1_2.csv|crp_dataset_8_1_6.csv,crp_dataset_8_1_3.csv,0.35471234,0.6757812499973602,0.9999999999942197,173,83,0,0,0.0196044921875,0.0196044921875,0.0
4,0.1,1.0,crp_dataset_8_1_5.csv|crp_dataset_8_1_1.csv|crp_dataset_8_1_8.csv|crp_dataset_8_1_3.csv,crp_dataset_8_1_7.csv,0.3803268,0.8593749999966431,0.9999999999954546,220,36,0,0,0.0095703125,0.0095703125,0.0
4,0.1,1.0,crp_dataset_8_1_5.csv|crp_dataset_8_1_1.csv|crp_dataset_8_1_8.csv|crp_dataset_8_1_3.csv,crp_dataset_8_1_4.csv,0.3803268,0.5117187499980012,0.9999999999923664,131,125,0,0,0.023046875,0.023046875,0.0
4,0.1,1.0,crp_dataset_8_1_5.csv|crp_dataset_8_1_1.csv|crp_dataset_8_1_8.csv|crp_dataset_8_1_3.csv,crp_dataset_8_1_2.csv,0.3803268,0.46484374999818423,0.9999999999915966,119,137,0,0,0.039453125,0.039453125,0.0
4,0.1,1.0,crp_dataset_8_1_5.csv|crp_dataset_8_1_1.csv|crp_dataset_8_1_8.csv|crp_dataset_8_1_3.csv,crp_dataset_8_1_6.csv,0.3803268,0.5468749999978638,0.9999999999928573,140,116,0,0,0.026928710937499996,0.026928710937499996,0.0
4,0.1,1.0,crp_dataset_8_1_5.csv|crp_dataset_8_1_1.csv|crp_dataset_8_1_8.csv|crp_dataset_8_1_6.csv,crp_dataset_8_1_7.csv,0.34904692,0.8593749999966431,0.9999999999954546,220,36,0,0,0.0095703125,0.0095703125,0.0
4,0.1,1.0,crp_dataset_8_1_5.csv|crp_dataset_8_1_1.csv|crp_dataset_8_1_8.csv|crp_dataset_8_1_6.csv,crp_dataset_8_1_4.csv,0.34904692,0.5117187499980012,0.9999999999923664,131,125,0,0,0.023046875,0.023046875,0.0
4,0.1,1.0,crp_dataset_8_1_5.csv|crp_dataset_8_1_1.csv|crp_dataset_8_1_8.csv|crp_dataset_8_1_6.csv,crp_dataset_8_1_2.csv,0.34904692,0.46484374999818423,0.9999999999915966,119,137,0,0,0.039453125,0.039453125,0.0
4,0.1,1.0,crp_dataset_8_1_5.csv|crp_dataset_8_1_1.csv|crp_dataset_8_1_8.csv|crp_dataset_8_1_6.csv,crp_dataset_8_1_3.csv,0.34904692,0.6757812499973602,0.9999999999942197,173,83,0,0,0.0196044921875,0.0196044921875,0.0
4,0.1,1.0,crp_dataset_8_1_5.csv|crp_dataset_8_1_1.csv|crp_dataset_8_1_3.csv|crp_dataset_8_1_6.csv,crp_dataset_8_1_7.csv,0.36684206,0.8593749999966431,0.9999999999954546,220,36,0,0,0.0095703125,0.0095703125,0.0
4,0.1,1.0,crp_dataset_8_1_5.csv|crp_dataset_8_1_1.csv|crp_dataset_8_1_3.csv|crp_dataset_8_1_6.csv,crp_dataset_8_1_4.csv,0.36684206,0.5117187499980012,0.9999999999923664,131,125,0,0,0.023046875,0.023046875,0.0
4,0.1,1.0,crp_dataset_8_1_5.csv|crp_dataset_8_1_1.csv|crp_dataset_8_1_3.csv|crp_dataset_8_1_6.csv,crp_dataset_8_1_2.csv,0.36684206,0.46484374999818423,0.9999999999915966,119,137,0,0,0.039453125,0.039453125,0.0
4,0.1,1.0,crp_dataset_8_1_5.csv|crp_dataset_8_1_1.csv|crp_dataset_8_1_3.csv|crp_dataset_8_1_6.csv,crp_dataset_8_1_8.csv,0.36684206,0.5390624999978944,0.9999999999927537,138,118,0,0,0.0283203125,0.0283203125,0.0
4,0.1,1.0,crp_dataset_8_1_5.csv|crp_dataset_8_1_2.csv|crp_dataset_8_1_8.csv|crp_dataset_8_1_3.csv,crp_dataset_8_1_7.csv,0.3642657,0.8593749999966431,0.9999999999954546,220,36,0,0,0.0095703125,0.0095703125,0.0
4,0.1,1.0,crp_dataset_8_1_5.csv|crp_dataset_8_1_2.csv|crp_dataset_8_1_8.csv|crp_dataset_8_1_3.csv,crp_dataset_8_1_4.csv,0.3642657,0.5117187499980012,0.9999999999923664,131,125,0,0,0.023046875,0.023046875,0.0
4,0.1,1.0,crp_dataset_8_1_5.csv|crp_dataset_8_1_2.csv|crp_dataset_8_1_8.csv|crp_dataset_8_1_3.csv,crp_dataset_8_1_1.csv,0.3642657,0.4921874999980774,0.9999999999920635,126,130,0,0,0.0252685546875,0.0252685546875,0.0
4,0.1,1.0,crp_dataset_8_1_5.csv|crp_dataset_8_1_2.csv|crp_dataset_8_1_8.csv|crp_dataset_8_1_3.csv,crp_dataset_8_1_6.csv,0.3642657,0.5468749999978638,0.9999999999928573,140,116,0,0,0.026928710937499996,0.026928710937499996,0.0
4,0.1,1.0,crp_dataset_8_1_5.csv|crp_dataset_8_1_2.csv|crp_dataset_8_1_8.csv|crp_dataset_8_1_6.csv,crp_dataset_8_1_7.csv,0.36641967,0.8593749999966431,0.9999999999954546,220,36,0,0,0.0095703125,0.0095703125,0.0
4,0.1,1.0,crp_dataset_8_1_5.csv|crp_dataset_8_1_2.csv|crp_dataset_8_1_8.csv|crp_dataset_8_1_6.csv,crp_dataset_8_1_4.csv,0.36641967,0.5117187499980012,0.9999999999923664,131,125,0,0,0.023046875,0.023046875,0.0
4,0.1,1.0,crp_dataset_8_1_5.csv|crp_dataset_8_1_2.csv|crp_dataset_8_1_8.csv|crp_dataset_8_1_6.csv,crp_dataset_8_1_1.csv,0.36641967,0.4921874999980774,0.9999999999920635,126,130,0,0,0.0252685546875,0.0252685546875,0.0
4,0.1,1.0,crp_dataset_8_1_5.csv|crp_dataset_8_1_2.csv|crp_dataset_8_1_8.csv|crp_dataset_8_1_6.csv,crp_dataset_8_1_3.csv,0.36641967,0.6757812499973602,0.9999999999942197,173,83,0,0,0.0196044921875,0.0196044921875,0.0
4,0.1,1.0,crp_dataset_8_1_5.csv|crp_dataset_8_1_2.csv|crp_dataset_8_1_3.csv|crp_dataset_8_1_6.csv,crp_dataset_8_1_7.csv,0.35086173,0.8593749999966431,0.9999999999954546,220,36,0,0,0.0095703125,0.0095703125,0.0
4,0.1,1.0,crp_dataset_8_1_5.csv|crp_dataset_8_1_2.csv|crp_dataset_8_1_3.csv|crp_dataset_8_1_6.csv,crp_dataset_8_1_4.csv,0.35086173,0.5117187499980012,0.9999999999923664,131,125,0,0,0.023046875,0.023046875,0.0
4,0.1,1.0,crp_dataset_8_1_5.csv|crp_dataset_8_1_2.csv|crp_dataset_8_1_3.csv|crp_dataset_8_1_6.csv,crp_dataset_8_1_1.csv,0.35086173,0.4921874999980774,0.9999999999920635,126,130,0,0,0.0252685546875,0.0252685546875,0.0
4,0.1,1.0,crp_dataset_8_1_5.csv|crp_dataset_8_1_2.csv|crp_dataset_8_1_3.csv|crp_dataset_8_1_6.csv,crp_dataset_8_1_8.csv,0.35086173,0.5390624999978944,0.9999999999927537,138,118,0,0,0.0283203125,0.0283203125,0.0
4,0.1,1.0,crp_dataset_8_1_5.csv|crp_dataset_8_1_8.csv|crp_dataset_8_1_3.csv|crp_dataset_8_1_6.csv,crp_dataset_8_1_7.csv,0.39494276,0.8593749999966431,0.9999999999954546,220,36,0,0,0.0095703125,0.0095703125,0.0
4,0.1,1.0,crp_dataset_8_1_5.csv|crp_dataset_8_1_8.csv|crp_dataset_8_1_3.csv|crp_dataset_8_1_6.csv,crp_dataset_8_1_4.csv,0.39494276,0.528225806449483,0.9999999999923664,131,117,0,8,0.023046875,0.02230342741935484,0.0007434475806451617
4,0.1,1.0,crp_dataset_8_1_5.csv|crp_dataset_8_1_8.csv|crp_dataset_8_1_3.csv|crp_dataset_8_1_6.csv,crp_dataset_8_1_1.csv,0.39494276,0.5124999999978646,0.9761904761827286,123,117,3,13,0.0252685546875,0.024583333333333332,0.000685221354166668
4,0.1,1.0,crp_dataset_8_1_5.csv|crp_dataset_8_1_8.csv|crp_dataset_8_1_3.csv|crp_dataset_8_1_6.csv,crp_dataset_8_1_2.csv,0.39494276,0.46484374999818423,0.9999999999915966,119,137,0,0,0.039453125,0.039453125,0.0
4,0.1,1.0,crp_dataset_8_1_7.csv|crp_dataset_8_1_4.csv|crp_dataset_8_1_1.csv|crp_dataset_8_1_2.csv,crp_dataset_8_1_5.csv,0.65201354,0.9999999999870129,0.7699999999923,77,0,23,156,0.039282226562499994,0.0013798701298701301,0.03790235643262987
4,0.1,1.0,crp_dataset_8_1_7.csv|crp_dataset_8_1_4.csv|crp_dataset_8_1_1.csv|crp_dataset_8_1_2.csv,crp_dataset_8_1_8.csv,0.65201354,0.9682539682385992,0.4420289855040433,61,2,77,116,0.0283203125,0.0032738095238095243,0.025046502976190474
4,0.1,1.0,crp_dataset_8_1_7.csv|crp_dataset_8_1_4.csv|crp_dataset_8_1_1.csv|crp_dataset_8_1_2.csv,crp_dataset_8_1_3.csv,0.65201354,0.9824561403422591,0.6473988439268937,112,2,61,81,0.0196044921875,0.0002192982456140351,0.019385193941885964
4,0.1,1.0,crp_dataset_8_1_7.csv|crp_dataset_8_1_4.csv|crp_dataset_8_1_1.csv|crp_dataset_8_1_2.csv,crp_dataset_8_1_6.csv,0.65201354,0.9999999999868421,0.5428571428532654,76,0,64,116,0.026928710937499996,8.223684210526316e-05,0.026846474095394732
4,0.1,1.0,crp_dataset_8_1_7.csv|crp_dataset_8_1_4.csv|crp_dataset_8_1_1.csv|crp_dataset_8_1_8.csv,crp_dataset_8_1_5.csv,0.6418491,0.9999999998571428,0.0699999999993,7,0,93,156,0.039282226562499994,0.0,0.039282226562499994
4,0.1,1.0,crp_dataset_8_1_7.csv|crp_dataset_8_1_4.csv|crp_dataset_8_1_1.csv|crp_dataset_8_1_8.csv,crp_dataset_8_1_2.csv,0.6418491,0.0,0.0,0,0,119,137,0.039453125,,
4,0.1,1.0,crp_dataset_8_1_7.csv|crp_dataset_8_1_4.csv|crp_dataset_8_1_1.csv|crp_dataset_8_1_8.csv,crp_dataset_8_1_3.csv,0.6418491,0.9411764705803263,0.6473988439268937,112,7,61,76,0.0196044921875,0.0017857142857142859,0.017818777901785713
4,0.1,1.0,crp_dataset_8_1_7.csv|crp_dataset_8_1_4.csv|crp_dataset_8_1_1.csv|crp_dataset_8_1_8.csv,crp_dataset_8_1_6.csv,0.6418491,0.9156626505913775,0.5428571428532654,76,7,64,109,0.026928710937499996,0.00338855421686747,0.023540156720632525
4,0.1,1.0,crp_dataset_8_1_7.csv|crp_dataset_8_1_4.csv|crp_dataset_8_1_1.csv|crp_dataset_8_1_3.csv,crp_dataset_8_1_5.csv,0.67053926,0.9999999999870129,0.7699999999923,77,0,23,156,0.039282226562499994,0.0013798701298701301,0.03790235643262987
4,0.1,1.0,crp_dataset_8_1_7.csv|crp_dataset_8_1_4.csv|crp_dataset_8_1_1.csv|crp_dataset_8_1_3.csv,crp_dataset_8_1_2.csv,0.67053926,0.9425287356213502,0.6890756302463102,82,5,37,132,0.039453125,0.0020114942528735636,0.037441630747126434
4,0.1,1.0,crp_dataset_8_1_7.csv|crp_dataset_8_1_4.csv|crp_dataset_8_1_1.csv|crp_dataset_8_1_3.csv,crp_dataset_8_1_8.csv,0.67053926,0.9682539682385992,0.4420289855040433,61,2,77,116,0.0283203125,0.0032738095238095243,0.025046502976190474
4,0.1,1.0,crp_dataset_8_1_7.csv|crp_dataset_8_1_4.csv|crp_dataset_8_1_1.csv|crp_dataset_8_1_3.csv,crp_dataset_8_1_6.csv,0.67053926,0.9999999999868421,0.5428571428532654,76,0,64,116,0.026928710937499996,8.223684210526316e-05,0.026846474095394732
4,0.1,1.0,crp_dataset_8_1_7.csv|crp_dataset_8_1_4.csv|crp_dataset_8_1_1.csv|crp_dataset_8_1_6.csv,crp_dataset_8_1_5.csv,0.66893315,0.9999999999833334,0.599999999994,60,0,40,156,0.039282226562499994,0.0,0.039282226562499994
4,0.1,1.0,crp_dataset_8_1_7.csv|crp_dataset_8_1_4.csv|crp_dataset_8_1_1.csv|crp_dataset_8_1_6.csv,crp_dataset_8_1_2.csv,0.66893315,0.9999999999843749,0.5378151260459006,64,0,55,137,0.039453125,0.0,0.039453125
4,0.1,1.0,crp_dataset_8_1_7.csv|crp_dataset_8_1_4.csv|crp_dataset_8_1_1.csv|crp_dataset_8_1_6.csv,crp_dataset_8_1_8.csv,0.66893315,0.9999999999687501,0.2318840579693342,32,0,106,118,0.0283203125,0.0,0.0283203125
4,0.1,1.0,crp_dataset_8_1_7.csv|crp_dataset_8_1_4.csv|crp_dataset_8_1_1.csv|crp_dataset_8_1_6.csv,crp_dataset_8_1_3.csv,0.66893315,0.9999999999910714,0.6473988439268937,112,0,61,83,0.0196044921875,0.0,0.0196044921875
4,0.1,1.0,crp_dataset_8_1_7.csv|crp_dataset_8_1_4.csv|crp_dataset_8_1_2.csv|crp_dataset_8_1_8.csv,crp_dataset_8_1_5.csv,0.6267505,0.9999999999868421,0.7599999999924,76,0,24,156,0.039282226562499994,0.0013157894736842105,0.03796643708881579
4,0.1,1.0,crp_dataset_8_1_7.csv|crp_dataset_8_1_4.csv|crp_dataset_8_1_2.csv|crp_dataset_8_1_8.csv,crp_dataset_8_1_1.csv,0.6267505,0.9999999999833334,0.4761904761866969,60,0,66,130,0.0252685546875,0.00010416666666666667,0.025164388020833334
4,0.1,1.0,crp_dataset_8_1_7.csv|crp_dataset_8_1_4.csv|crp_dataset_8_1_2.csv|crp_dataset_8_1_8.csv,crp_dataset_8_1_3.csv,0.6267505,0.9824561403422591,0.6473988439268937,112,2,61,81,0.0196044921875,0.0002192982456140351,0.019385193941885964
4,0.1,1.0,crp_dataset_8_1_7.csv|crp_dataset_8_1_4.csv|crp_dataset_8_1_2.csv|crp_dataset_8_1_8.csv,crp_dataset_8_1_6.csv,0.6267505,0.9999999999868421,0.5428571428532654,76,0,64,116,0.026928710937499996,8.223684210526316e-05,0.026846474095394732
4,0.1,1.0,crp_dataset_8_1_7.csv|crp_dataset_8_1_4.csv|crp_dataset_8_1_2.csv|crp_dataset_8_1_3.csv,crp_dataset_8_1_5.csv,0.66710246,0.9999999999870129,0.7699999999923,77,0,23,156,0.039282226562499994,0.0013798701298701301,0.03790235643262987
4,0.1,1.0,crp_dataset_8_1_7.csv|crp_dataset_8_1_4.csv|crp_dataset_8_1_2.csv|crp_dataset_8_1_3.csv,crp_dataset_8_1_1.csv,0.66710246,0.9999999999833334,0.4761904761866969,60,0,66,130,0.0252685546875,0.00010416666666666667,0.025164388020833334
4,0.1,1.0,crp_dataset_8_1_7.csv|crp_dataset_8_1_4.csv|crp_dataset_8_1_2.csv|crp_dataset_8_1_3.csv,crp_dataset_8_1_8.csv,0.66710246,0.9999999999836067,0.4420289855040433,61,0,77,118,0.0283203125,0.0029713114754098364,0.025349001024590163
4,0.1,1.0,crp_dataset_8_1_7.csv|crp_dataset_8_1_4.csv|crp_dataset_8_1_2.csv|crp_dataset_8_1_3.csv,crp_dataset_8_1_6.csv,0.66710246,0.9999999999868421,0.5428571428532654,76,0,64,116,0.026928710937499996,8.223684210526316e-05,0.026846474095394732
4,0.1,1.0,crp_dataset_8_1_7.csv|crp_dataset_8_1_4.csv|crp_dataset_8_1_2.csv|crp_dataset_8_1_6.csv,crp_dataset_8_1_5.csv,0.66833115,0.9999999999870129,0.7699999999923,77,0,23,156,0.039282226562499994,0.0013798701298701301,0.03790235643262987
4,0.1,1.0,crp_dataset_8_1_7.csv|crp_dataset_8_1_4.csv|crp_dataset_8_1_2.csv|crp_dataset_8_1_6.csv,crp_dataset_8_1_1.csv,0.66833115,0.9999999999833334,0.4761904761866969,60,0,66,130,0.0252685546875,0.00010416666666666667,0.025164388020833334
4,0.1,1.0,crp_dataset_8_1_7.csv|crp_dataset_8_1_4.csv|crp_dataset_8_1_2.csv|crp_dataset_8_1_6.csv,crp_dataset_8_1_8.csv,0.66833115,0.9999999999836067,0.4420289855040433,61,0,77,118,0.0283203125,0.0029713114754098364,0.025349001024590163
4,0.1,1.0,crp_dataset_8_1_7.csv|crp_dataset_8_1_4.csv|crp_dataset_8_1_2.csv|crp_dataset_8_1_6.csv,crp_dataset_8_1_3.csv,0.66833115,0.9999999999910714,0.6473988439268937,112,0,61,83,0.0196044921875,0.0,0.0196044921875
4,0.1,1.0,crp_dataset_8_1_7.csv|crp_dataset_8_1_4.csv|crp_dataset_8_1_8.csv|crp_dataset_8_1_3.csv,crp_dataset_8_1_5.csv,0.7102419,0.39062499999847416,0.99999999999,100,156,0,0,0.039282226562499994,0.039282226562499994,0.0
4,0.1,1.0,crp_dataset_8_1_7.csv|crp_dataset_8_1_4.csv|crp_dataset_8_1_8.csv|crp_dataset_8_1_3.csv,crp_dataset_8_1_1.csv,0.7102419,0.4921874999980774,0.9999999999920635,126,130,0,0,0.0252685546875,0.0252685546875,0.0
4,0.1,1.0,crp_dataset_8_1_7.csv|crp_dataset_8_1_4.csv|crp_dataset_8_1_8.csv|crp_dataset_8_1_3.csv,crp_dataset_8_1_2.csv,0.7102419,0.46484374999818423,0.9999999999915966,119,137,0,0,0.039453125,0.039453125,0.0
4,0.1,1.0,crp_dataset_8_1_7.csv|crp_dataset_8_1_4.csv|crp_dataset_8_1_8.csv|crp_dataset_8_1_3.csv,crp_dataset_8_1_6.csv,0.7102419,0.5468749999978638,0.9999999999928573,140,116,0,0,0.026928710937499996,0.026928710937499996,0.0
4,0.1,1.0,crp_dataset_8_1_7.csv|crp_dataset_8_1_4.csv|crp_dataset_8_1_8.csv|crp_dataset_8_1_6.csv,crp_dataset_8_1_5.csv,0.65105,0.7857142857062682,0.7699999999923,77,21,23,135,0.039282226562499994,0.00625,0.033032226562499996
4,0.1,1.0,crp_dataset_8_1_7.csv|crp_dataset_8_1_4.csv|crp_dataset_8_1_8.csv|crp_dataset_8_1_6.csv,crp_dataset_8_1_1.csv,0.65105,0.8333333333217592,0.4761904761866969,60,12,66,118,0.0252685546875,0.005555555555555556,0.019712999131944443
4,0.1,1.0,crp_dataset_8_1_7.csv|crp_dataset_8_1_4.csv|crp_dataset_8_1_8.csv|crp_dataset_8_1_6.csv,crp_dataset_8_1_2.csv,0.65105,0.8118811881107735,0.6890756302463102,82,19,37,118,0.039453125,0.0051361386138613855,0.034316986386138615
4,0.1,1.0,crp_dataset_8_1_7.csv|crp_dataset_8_1_4.csv|crp_dataset_8_1_8.csv|crp_dataset_8_1_6.csv,crp_dataset_8_1_3.csv,0.65105,0.9411764705803263,0.6473988439268937,112,7,61,76,0.0196044921875,0.0017857142857142859,0.017818777901785713
4,0.1,1.0,crp_dataset_8_1_7.csv|crp_dataset_8_1_4.csv|crp_dataset_8_1_3.csv|crp_dataset_8_1_6.csv,crp_dataset_8_1_5.csv,0.60397536,0.7475728155267226,0.7699999999923,77,26,23,130,0.039282226562499994,0.009101941747572817,0.030180284814927176
4,0.1,1.0,crp_dataset_8_1_7.csv|crp_dataset_8_1_4.csv|crp_dataset_8_1_3.csv|crp_dataset_8_1_6.csv,crp_dataset_8_1_1.csv,0.60397536,0.8333333333217592,0.4761904761866969,60,12,66,118,0.0252685546875,0.005555555555555556,0.019712999131944443
4,0.1,1.0,crp_dataset_8_1_7.csv|crp_dataset_8_1_4.csv|crp_dataset_8_1_3.csv|crp_dataset_8_1_6.csv,crp_dataset_8_1_2.csv,0.60397536,0.7735849056530794,0.6890756302463102,82,24,37,113,0.039453125,0.00884433962264151,0.03060878537735849
4,0.1,1.0,crp_dataset_8_1_7.csv|crp_dataset_8_1_4.csv|crp_dataset_8_1_3.csv|crp_dataset_8_1_6.csv,crp_dataset_8_1_8.csv,0.60397536,0.6931818181739411,0.4420289855040433,61,27,77,91,0.0283203125,0.013068181818181817,0.015252130681818183
4,0.1,1.0,crp_dataset_8_1_7.csv|crp_dataset_8_1_1.csv|crp_dataset_8_1_2.csv|crp_dataset_8_1_8.csv,crp_dataset_8_1_5.csv,0.6453505,0.9999999999743591,0.38999999999609997,39,0,61,156,0.039282226562499994,0.00016025641025641026,0.039121970152243585
4,0.1,1.0,crp_dataset_8_1_7.csv|crp_dataset_8_1_1.csv|crp_dataset_8_1_2.csv|crp_dataset_8_1_8.csv,crp_dataset_8_1_4.csv,0.6453505,0.9565217391221171,0.8396946564821398,110,5,21,120,0.023046875,0.0008695652173913044,0.022177309782608696
4,0.1,1.0,crp_dataset_8_1_7.csv|crp_dataset_8_1_1.csv|crp_dataset_8_1_2.csv|crp_dataset_8_1_8.csv,crp_dataset_8_1_3.csv,0.6453505,0.9572649572567755,0.6473988439268937,112,5,61,78,0.0196044921875,0.0008012820512820513,0.018803210136217947
4,0.1,1.0,crp_dataset_8_1_7.csv|crp_dataset_8_1_1.csv|crp_dataset_8_1_2.csv|crp_dataset_8_1_8.csv,crp_dataset_8_1_6.csv,0.6453505,0.9620253164435186,0.5428571428532654,76,3,64,113,0.026928710937499996,0.0007120253164556961,0.0262166856210443
4,0.1,1.0,crp_dataset_8_1_7.csv|crp_dataset_8_1_1.csv|crp_dataset_8_1_2.csv|crp_dataset_8_1_3.csv,crp_dataset_8_1_5.csv,0.63706124,0.8850574712541946,0.7699999999923,77,10,23,146,0.039282226562499994,0.003017241379310345,0.03626498518318965
4,0.1,1.0,crp_dataset_8_1_7.csv|crp_dataset_8_1_1.csv|crp_dataset_8_1_2.csv|crp_dataset_8_1_3.csv,crp_dataset_8_1_4.csv,0.63706124,0.9565217391221171,0.8396946564821398,110,5,21,120,0.023046875,0.0008695652173913044,0.022177309782608696
4,0.1,1.0,crp_dataset_8_1_7.csv|crp_dataset_8_1_1.csv|crp_dataset_8_1_2.csv|crp_dataset_8_1_3.csv,crp_dataset_8_1_8.csv,0.63706124,0.7922077921975038,0.4420289855040433,61,16,77,102,0.0283203125,0.005357142857142856,0.022963169642857145
4,0.1,1.0,crp_dataset_8_1_7.csv|crp_dataset_8_1_1.csv|crp_dataset_8_1_2.csv|crp_dataset_8_1_3.csv,crp_dataset_8_1_6.csv,0.63706124,0.9620253164435186,0.5428571428532654,76,3,64,113,0.026928710937499996,0.0007120253164556961,0.0262166856210443
4,0.1,1.0,crp_dataset_8_1_7.csv|crp_dataset_8_1_1.csv|crp_dataset_8_1_2.csv|crp_dataset_8_1_6.csv,crp_dataset_8_1_5.csv,0.61122483,0.9277108433623167,0.7699999999923,77,6,23,150,0.039282226562499994,0.002259036144578313,0.03702319041792168
4,0.1,1.0,crp_dataset_8_1_7.csv|crp_dataset_8_1_1.csv|crp_dataset_8_1_2.csv|crp_dataset_8_1_6.csv,crp_dataset_8_1_4.csv,0.61122483,0.9243697478913918,0.8396946564821398,110,9,21,116,0.023046875,0.0029411764705882357,0.020105698529411766
4,0.1,1.0,crp_dataset_8_1_7.csv|crp_dataset_8_1_1.csv|crp_dataset_8_1_2.csv|crp_dataset_8_1_6.csv,crp_dataset_8_1_8.csv,0.61122483,0.8133333333224888,0.4420289855040433,61,14,77,104,0.0283203125,0.00475,0.0235703125
4,0.1,1.0,crp_dataset_8_1_7.csv|crp_dataset_8_1_1.csv|crp_dataset_8_1_2.csv|crp_dataset_8_1_6.csv,crp_dataset_8_1_3.csv,0.61122483,0.9333333333255556,0.6473988439268937,112,8,61,75,0.0196044921875,0.0025520833333333337,0.017052408854166666
4,0.1,1.0,crp_dataset_8_1_7.csv|crp_dataset_8_1_1.csv|crp_dataset_8_1_8.csv|crp_dataset_8_1_3.csv,crp_dataset_8_1_5.csv,0.6190437,0.7857142857062682,0.7699999999923,77,21,23,135,0.039282226562499994,0.00625,0.033032226562499996
4,0.1,1.0,crp_dataset_8_1_7.csv|crp_dataset_8_1_1.csv|crp_dataset_8_1_8.csv|crp_dataset_8_1_3.csv,crp_dataset_8_1_4.csv,0.6190437,0.7891156462531353,0.8854961831993474,116,31,15,94,0.023046875,0.009608843537414967,0.013438031462585034
4,0.1,1.0,crp_dataset_8_1_7.csv|crp_dataset_8_1_1.csv|crp_dataset_8_1_8.csv|crp_dataset_8_1_3.csv,crp_dataset_8_1_2.csv,0.6190437,0.8118811881107735,0.6890756302463102,82,19,37,118,0.039453125,0.0051361386138613855,0.034316986386138615
4,0.1,1.0,crp_dataset_8_1_7.csv|crp_dataset_8_1_1.csv|crp_dataset_8_1_8.csv|crp_dataset_8_1_3.csv,crp_dataset_8_1_6.csv,0.6190437,0.6034482758594679,0.9999999999928573,140,92,0,24,0.026928710937499996,0.020770474137931032,0.006158236799568964
4,0.1,1.0,crp_dataset_8_1_7.csv|crp_dataset_8_1_1.csv|crp_dataset_8_1_8.csv|crp_dataset_8_1_6.csv,crp_dataset_8_1_5.csv,0.6440663,0.7475728155267226,0.7699999999923,77,26,23,130,0.039282226562499994,0.009101941747572817,0.030180284814927176
4,0.1,1.0,crp_dataset_8_1_7.csv|crp_dataset_8_1_1.csv|crp_dataset_8_1_8.csv|crp_dataset_8_1_6.csv,crp_dataset_8_1_4.csv,0.6440663,0.8730158730089443,0.8396946564821398,110,16,21,109,0.023046875,0.004662698412698413,0.018384176587301588
4,0.1,1.0,crp_dataset_8_1_7.csv|crp_dataset_8_1_1.csv|crp_dataset_8_1_8.csv|crp_dataset_8_1_6.csv,crp_dataset_8_1_2.csv,0.6440663,0.7735849056530794,0.6890756302463102,82,24,37,113,0.039453125,0.00884433962264151,0.03060878537735849
4,0.1,1.0,crp_dataset_8_1_7.csv|crp_dataset_8_1_1.csv|crp_dataset_8_1_8.csv|crp_dataset_8_1_6.csv,crp_dataset_8_1_3.csv,0.6440663,0.9032258064443288,0.6473988439268937,112,12,61,71,0.0196044921875,0.004485887096774194,0.015118605090725806
4,0.1,1.0,crp_dataset_8_1_7.csv|crp_dataset_8_1_1.csv|crp_dataset_8_1_3.csv|crp_dataset_8_1_6.csv,crp_dataset_8_1_5.csv,0.6192632,0.7475728155267226,0.7699999999923,77,26,23,130,0.039282226562499994,0.009101941747572817,0.030180284814927176
4,0.1,1.0,crp_dataset_8_1_7.csv|crp_dataset_8_1_1.csv|crp_dataset_8_1_3.csv|crp_dataset_8_1_6.csv,crp_dataset_8_1_4.csv,0.6192632,0.9126213592144405,0.7175572519029194,94,9,37,116,0.023046875,0.0024878640776699033,0.020559010922330097
4,0.1,1.0,crp_dataset_8_1_7.csv|crp_dataset_8_1_1.csv|crp_dataset_8_1_3.csv|crp_dataset_8_1_6.csv,crp_dataset_8_1_2.csv,0.6192632,0.7599999999924,0.6386554621795071,76,24,43,113,0.039453125,0.00925,0.030203124999999997
4,0.1,1.0,crp_dataset_8_1_7.csv|crp_dataset_8_1_1.csv|crp_dataset_8_1_3.csv|crp_dataset_8_1_6.csv,crp_dataset_8_1_8.csv,0.6192632,0.7023809523725907,0.4275362318809599,59,25,79,93,0.0283203125,0.013392857142857146,0.014927455357142854
4,0.1,1.0,crp_dataset_8_1_7.csv|crp_dataset_8_1_2.csv|crp_dataset_8_1_8.csv|crp_dataset_8_1_3.csv,crp_dataset_8_1_5.csv,0.65803427,0.9999999999870129,0.7699999999923,77,0,23,156,0.039282226562499994,0.0013798701298701301,0.03790235643262987
4,0.1,1.0,crp_dataset_8_1_7.csv|crp_dataset_8_1_2.csv|crp_dataset_8_1_8.csv|crp_dataset_8_1_3.csv,crp_dataset_8_1_4.csv,0.65803427,0.999999999990909,0.8396946564821398,110,0,21,125,0.023046875,0.0002840909090909091,0.022762784090909094
4,0.1,1.0,crp_dataset_8_1_7.csv|crp_dataset_8_1_2.csv|crp_dataset_8_1_8.csv|crp_dataset_8_1_3.csv,crp_dataset_8_1_1.csv,0.65803427,0.9999999999833334,0.4761904761866969,60,0,66,130,0.0252685546875,0.00010416666666666667,0.025164388020833334
4,0.1,1.0,crp_dataset_8_1_7.csv|crp_dataset_8_1_2.csv|crp_dataset_8_1_8.csv|crp_dataset_8_1_3.csv,crp_dataset_8_1_6.csv,0.65803427,0.9999999999868421,0.5428571428532654,76,0,64,116,0.026928710937499996,8.223684210526316e-05,0.026846474095394732
4,0.1,1.0,crp_dataset_8_1_7.csv|crp_dataset_8_1_2.csv|crp_dataset_8_1_8.csv|crp_dataset_8_1_6.csv,crp_dataset_8_1_5.csv,0.6344783,0.7857142857062682,0.7699999999923,77,21,23,135,0.039282226562499994,0.00625,0.033032226562499996
4,0.1,1.0,crp_dataset_8_1_7.csv|crp_dataset_8_1_2.csv|crp_dataset_8_1_8.csv|crp_dataset_8_1_6.csv,crp_dataset_8_1_4.csv,0.6344783,0.909090909083396,0.8396946564821398,110,11,21,114,0.023046875,0.002272727272727273,0.020774147727272728
4,0.1,1.0,crp_dataset_8_1_7.csv|crp_dataset_8_1_2.csv|crp_dataset_8_1_8.csv|crp_dataset_8_1_6.csv,crp_dataset_8_1_1.csv,0.6344783,0.8333333333217592,0.4761904761866969,60,12,66,118,0.0252685546875,0.005555555555555556,0.019712999131944443
4,0.1,1.0,crp_dataset_8_1_7.csv|crp_dataset_8_1_2.csv|crp_dataset_8_1_8.csv|crp_dataset_8_1_6.csv,crp_dataset_8_1_3.csv,0.6344783,0.9411764705803263,0.6473988439268937,112,7,61,76,0.0196044921875,0.0017857142857142859,0.017818777901785713
4,0.1,1.0,crp_dataset_8_1_7.csv|crp_dataset_8_1_2.csv|crp_dataset_8_1_3.csv|crp_dataset_8_1_6.csv,crp_dataset_8_1_5.csv,0.6591737,0.9999999999870129,0.7699999999923,77,0,23,156,0.039282226562499994,0.0013798701298701301,0.03790235643262987
4,0.1,1.0,crp_dataset_8_1_7.csv|crp_dataset_8_1_2.csv|crp_dataset_8_1_3.csv|crp_dataset_8_1_6.csv,crp_dataset_8_1_4.csv,0.6591737,0.999999999990909,0.8396946564821398,110,0,21,125,0.023046875,0.0002840909090909091,0.022762784090909094
4,0.1,1.0,crp_dataset_8_1_7.csv|crp_dataset_8_1_2.csv|crp_dataset_8_1_3.csv|crp_dataset_8_1_6.csv,crp_dataset_8_1_1.csv,0.6591737,0.9999999999833334,0.4761904761866969,60,0,66,130,0.0252685546875,0.00010416666666666667,0.025164388020833334
4,0.1,1.0,crp_dataset_8_1_7.csv|crp_dataset_8_1_2.csv|crp_dataset_8_1_3.csv|crp_dataset_8_1_6.csv,crp_dataset_8_1_8.csv,0.6591737,0.9999999999836067,0.4420289855040433,61,0,77,118,0.0283203125,0.0029713114754098364,0.025349001024590163
4,0.1,1.0,crp_dataset_8_1_7.csv|crp_dataset_8_1_8.csv|crp_dataset_8_1_3.csv|crp_dataset_8_1_6.csv,crp_dataset_8_1_5.csv,0.64794147,0.7475728155267226,0.7699999999923,77,26,23,130,0.039282226562499994,0.009101941747572817,0.030180284814927176
4,0.1,1.0,crp_dataset_8_1_7.csv|crp_dataset_8_1_8.csv|crp_dataset_8_1_3.csv|crp_dataset_8_1_6.csv,crp_dataset_8_1_4.csv,0.64794147,0.8730158730089443,0.8396946564821398,110,16,21,109,0.023046875,0.004662698412698413,0.018384176587301588
4,0.1,1.0,crp_dataset_8_1_7.csv|crp_dataset_8_1_8.csv|crp_dataset_8_1_3.csv|crp_dataset_8_1_6.csv,crp_dataset_8_1_1.csv,0.64794147,0.8333333333217592,0.4761904761866969,60,12,66,118,0.0252685546875,0.005555555555555556,0.019712999131944443
4,0.1,1.0,crp_dataset_8_1_7.csv|crp_dataset_8_1_8.csv|crp_dataset_8_1_3.csv|crp_dataset_8_1_6.csv,crp_dataset_8_1_2.csv,0.64794147,0.7735849056530794,0.6890756302463102,82,24,37,113,0.039453125,0.00884433962264151,0.03060878537735849
4,0.1,1.0,crp_dataset_8_1_4.csv|crp_dataset_8_1_1.csv|crp_dataset_8_1_2.csv|crp_dataset_8_1_8.csv,crp_dataset_8_1_5.csv,0.36770034,0.39062499999847416,0.99999999999,100,156,0,0,0.039282226562499994,0.039282226562499994,0.0
4,0.1,1.0,crp_dataset_8_1_4.csv|crp_dataset_8_1_1.csv|crp_dataset_8_1_2.csv|crp_dataset_8_1_8.csv,crp_dataset_8_1_7.csv,0.36770034,0.8593749999966431,0.9999999999954546,220,36,0,0,0.0095703125,0.0095703125,0.0
4,0.1,1.0,crp_dataset_8_1_4.csv|crp_dataset_8_1_1.csv|crp_dataset_8_1_2.csv|crp_dataset_8_1_8.csv,crp_dataset_8_1_3.csv,0.36770034,0.6757812499973602,0.9999999999942197,173,83,0,0,0.0196044921875,0.0196044921875,0.0
4,0.1,1.0,crp_dataset_8_1_4.csv|crp_dataset_8_1_1.csv|crp_dataset_8_1_2.csv|crp_dataset_8_1_8.csv,crp_dataset_8_1_6.csv,0.36770034,0.5468749999978638,0.9999999999928573,140,116,0,0,0.026928710937499996,0.026928710937499996,0.0
4,0.1,1.0,crp_dataset_8_1_4.csv|crp_dataset_8_1_1.csv|crp_dataset_8_1_2.csv|crp_dataset_8_1_3.csv,crp_dataset_8_1_5.csv,0.6006572,0.9999999999677419,0.3099999999969,31,0,69,156,0.039282226562499994,0.0,0.039282226562499994
4,0.1,1.0,crp_dataset_8_1_4.csv|crp_dataset_8_1_1.csv|crp_dataset_8_1_2.csv|crp_dataset_8_1_3.csv,crp_dataset_8_1_7.csv,0.6006572,0.8955223880463354,0.2727272727260331,60,7,160,29,0.0095703125,0.0030783582089552236,0.006491954291044777
4,0.1,1.0,crp_dataset_8_1_4.csv|crp_dataset_8_1_1.csv|crp_dataset_8_1_2.csv|crp_dataset_8_1_3.csv,crp_dataset_8_1_8.csv,0.6006572,0.9374999999414062,0.1086956521731254,15,1,123,117,0.0283203125,0.004296875,0.0240234375
4,0.1,1.0,crp_dataset_8_1_4.csv|crp_dataset_8_1_1.csv|crp_dataset_8_1_2.csv|crp_dataset_8_1_3.csv,crp_dataset_8_1_6.csv,0.6006572,0.8260869565127599,0.5428571428532654,76,16,64,100,0.026928710937499996,0.009646739130434782,0.017281971807065213
4,0.1,1.0,crp_dataset_8_1_4.csv|crp_dataset_8_1_1.csv|crp_dataset_8_1_2.csv|crp_dataset_8_1_6.csv,crp_dataset_8_1_5.csv,0.3624237,0.39062499999847416,0.99999999999,100,156,0,0,0.039282226562499994,0.039282226562499994,0.0
4,0.1,1.0,crp_dataset_8_1_4.csv|crp_dataset_8_1_1.csv|crp_dataset_8_1_2.csv|crp_dataset_8_1_6.csv,crp_dataset_8_1_7.csv,0.3624237,0.8593749999966431,0.9999999999954546,220,36,0,0,0.0095703125,0.0095703125,0.0
4,0.1,1.0,crp_dataset_8_1_4.csv|crp_dataset_8_1_1.csv|crp_dataset_8_1_2.csv|crp_dataset_8_1_6.csv,crp_dataset_8_1_8.csv,0.3624237,0.5390624999978944,0.9999999999927537,138,118,0,0,0.0283203125,0.0283203125,0.0
4,0.1,1.0,crp_dataset_8_1_4.csv|crp_dataset_8_1_1.csv|crp_dataset_8_1_2.csv|crp_dataset_8_1_6.csv,crp_dataset_8_1_3.csv,0.3624237,0.7433628318551179,0.9710982658903405,168,58,5,25,0.0196044921875,0.014629424778761061,0.004975067408738938
4,0.1,1.0,crp_dataset_8_1_4.csv|crp_dataset_8_1_1.csv|crp_dataset_8_1_8.csv|crp_dataset_8_1_3.csv,crp_dataset_8_1_5.csv,0.6351928,0.99999999995,0.199999999998,20,0,80,156,0.039282226562499994,0.0,0.039282226562499994
4,0.1,1.0,crp_dataset_8_1_4.csv|crp_dataset_8_1_1.csv|crp_dataset_8_1_8.csv|crp_dataset_8_1_3.csv,crp_dataset_8_1_7.csv,0.6351928,0.9999999998571428,0.031818181818037194,7,0,213,36,0.0095703125,0.0,0.0095703125
4,0.1,1.0,crp_dataset_8_1_4.csv|crp_dataset_8_1_1.csv|crp_dataset_8_1_8.csv|crp_dataset_8_1_3.csv,crp_dataset_8_1_2.csv,0.6351928,0.0,0.0,0,0,119,137,0.039453125,,
4,0.1,1.0,crp_dataset_8_1_4.csv|crp_dataset_8_1_1.csv|crp_dataset_8_1_8.csv|crp_dataset_8_1_3.csv,crp_dataset_8_1_6.csv,0.6351928,0.99999999975,0.02857142857122449,4,0,136,116,0.026928710937499996,0.0,0.026928710937499996
4,0.1,1.0,crp_dataset_8_1_4.csv|crp_dataset_8_1_1.csv|crp_dataset_8_1_8.csv|crp_dataset_8_1_6.csv,crp_dataset_8_1_5.csv,0.6431289,0.9999999998571428,0.0699999999993,7,0,93,156,0.039282226562499994,0.0,0.039282226562499994
4,0.1,1.0,crp_dataset_8_1_4.csv|crp_dataset_8_1_1.csv|crp_dataset_8_1_8.csv|crp_dataset_8_1_6.csv,crp_dataset_8_1_7.csv,0.6431289,0.0,0.0,0,0,220,36,0.0095703125,,
4,0.1,1.0,crp_dataset_8_1_4.csv|crp_dataset_8_1_1.csv|crp_dataset_8_1_8.csv|crp_dataset_8_1_6.csv,crp_dataset_8_1_2.csv,0.6431289,0.0,0.0,0,0,119,137,0.039453125,,
4,0.1,1.0,crp_dataset_8_1_4.csv|crp_dataset_8_1_1.csv|crp_dataset_8_1_8.csv|crp_dataset_8_1_6.csv,crp_dataset_8_1_3.csv,0.6431289,0.99999999995,0.11560693641551673,20,0,153,83,0.0196044921875,0.0,0.0196044921875
4,0.1,1.0,crp_dataset_8_1_4.csv|crp_dataset_8_1_1.csv|crp_dataset_8_1_3.csv|crp_dataset_8_1_6.csv,crp_dataset_8_1_5.csv,0.33863264,0.39062499999847416,0.99999999999,100,156,0,0,0.039282226562499994,0.039282226562499994,0.0
4,0.1,1.0,crp_dataset_8_1_4.csv|crp_dataset_8_1_1.csv|crp_dataset_8_1_3.csv|crp_dataset_8_1_6.csv,crp_dataset_8_1_7.csv,0.33863264,0.8593749999966431,0.9999999999954546,220,36,0,0,0.0095703125,0.0095703125,0.0
4,0.1,1.0,crp_dataset_8_1_4.csv|crp_dataset_8_1_1.csv|crp_dataset_8_1_3.csv|crp_dataset_8_1_6.csv,crp_dataset_8_1_2.csv,0.33863264,0.46484374999818423,0.9999999999915966,119,137,0,0,0.039453125,0.039453125,0.0
4,0.1,1.0,crp_dataset_8_1_4.csv|crp_dataset_8_1_1.csv|crp_dataset_8_1_3.csv|crp_dataset_8_1_6.csv,crp_dataset_8_1_8.csv,0.33863264,0.5390624999978944,0.9999999999927537,138,118,0,0,0.0283203125,0.0283203125,0.0
4,0.1,1.0,crp_dataset_8_1_4.csv|crp_dataset_8_1_2.csv|crp_dataset_8_1_8.csv|crp_dataset_8_1_3.csv,crp_dataset_8_1_5.csv,0.6040388,0.9999999999677419,0.3099999999969,31,0,69,156,0.039282226562499994,0.0,0.039282226562499994
4,0.1,1.0,crp_dataset_8_1_4.csv|crp_dataset_8_1_2.csv|crp_dataset_8_1_8.csv|crp_dataset_8_1_3.csv,crp_dataset_8_1_7.csv,0.6040388,0.9205020920463578,0.9999999999954546,220,19,0,17,0.0095703125,0.0034518828451882847,0.006118429654811716
4,0.1,1.0,crp_dataset_8_1_4.csv|crp_dataset_8_1_2.csv|crp_dataset_8_1_8.csv|crp_dataset_8_1_3.csv,crp_dataset_8_1_1.csv,0.6040388,0.8333333333217592,0.4761904761866969,60,12,66,118,0.0252685546875,0.005555555555555556,0.019712999131944443
4,0.1,1.0,crp_dataset_8_1_4.csv|crp_dataset_8_1_2.csv|crp_dataset_8_1_8.csv|crp_dataset_8_1_3.csv,crp_dataset_8_1_6.csv,0.6040388,0.8735632183807636,0.5428571428532654,76,11,64,105,0.026928710937499996,0.00646551724137931,0.020463193696120686
4,0.1,1.0,crp_dataset_8_1_4.csv|crp_dataset_8_1_2.csv|crp_dataset_8_1_8.csv|crp_dataset_8_1_6.csv,crp_dataset_8_1_5.csv,0.4082193,0.39062499999847416,0.99999999999,100,156,0,0,0.039282226562499994,0.039282226562499994,0.0
4,0.1,1.0,crp_dataset_8_1_4.csv|crp_dataset_8_1_2.csv|crp_dataset_8_1_8.csv|crp_dataset_8_1_6.csv,crp_dataset_8_1_7.csv,0.4082193,0.8593749999966431,0.9999999999954546,220,36,0,0,0.0095703125,0.0095703125,0.0
4,0.1,1.0,crp_dataset_8_1_4.csv|crp_dataset_8_1_2.csv|crp_dataset_8_1_8.csv|crp_dataset_8_1_6.csv,crp_dataset_8_1_1.csv,0.4082193,0.4921874999980774,0.9999999999920635,126,130,0,0,0.0252685546875,0.0252685546875,0.0
4,0.1,1.0,crp_dataset_8_1_4.csv|crp_dataset_8_1_2.csv|crp_dataset_8_1_8.csv|crp_dataset_8_1_6.csv,crp_dataset_8_1_3.csv,0.4082193,0.6757812499973602,0.9999999999942197,173,83,0,0,0.0196044921875,0.0196044921875,0.0
4,0.1,1.0,crp_dataset_8_1_4.csv|crp_dataset_8_1_2.csv|crp_dataset_8_1_3.csv|crp_dataset_8_1_6.csv,crp_dataset_8_1_5.csv,0.6017394,0.9999999998333333,0.0599999999994,6,0,94,156,0.039282226562499994,0.0,0.039282226562499994
4,0.1,1.0,crp_dataset_8_1_4.csv|crp_dataset_8_1_2.csv|crp_dataset_8_1_3.csv|crp_dataset_8_1_6.csv,crp_dataset_8_1_7.csv,0.6017394,0.9102564102447402,0.3227272727258058,71,7,149,29,0.0095703125,0.002644230769230769,0.006926081730769232
4,0.1,1.0,crp_dataset_8_1_4.csv|crp_dataset_8_1_2.csv|crp_dataset_8_1_3.csv|crp_dataset_8_1_6.csv,crp_dataset_8_1_1.csv,0.6017394,0.8307692307564497,0.4285714285680272,54,11,72,119,0.0252685546875,0.005096153846153846,0.020172400841346153
4,0.1,1.0,crp_dataset_8_1_4.csv|crp_dataset_8_1_2.csv|crp_dataset_8_1_3.csv|crp_dataset_8_1_6.csv,crp_dataset_8_1_8.csv,0.6017394,0.9230769230059171,0.08695652173850033,12,1,126,117,0.0283203125,0.003846153846153846,0.024474158653846154
4,0.1,1.0,crp_dataset_8_1_4.csv|crp_dataset_8_1_8.csv|crp_dataset_8_1_3.csv|crp_dataset_8_1_6.csv,crp_dataset_8_1_5.csv,0.636583,0.0,0.0,0,0,100,156,0.039282226562499994,,
4,0.1,1.0,crp_dataset_8_1_4.csv|crp_dataset_8_1_8.csv|crp_dataset_8_1_3.csv|crp_dataset_8_1_6.csv,crp_dataset_8_1_7.csv,0.636583,0.9999999998,0.02272727272716942,5,0,215,36,0.0095703125,0.0,0.0095703125
4,0.1,1.0,crp_dataset_8_1_4.csv|crp_dataset_8_1_8.csv|crp_dataset_8_1_3.csv|crp_dataset_8_1_6.csv,crp_dataset_8_1_1.csv,0.636583,0.892857142841199,0.39682539682224743,50,6,76,124,0.0252685546875,0.00234375,0.0229248046875
4,0.1,1.0,crp_dataset_8_1_4.csv|crp_dataset_8_1_8.csv|crp_dataset_8_1_3.csv|crp_dataset_8_1_6.csv,crp_dataset_8_1_2.csv,0.636583,0.0,0.0,0,0,119,137,0.039453125,,
4,0.1,1.0,crp_dataset_8_1_1.csv|crp_dataset_8_1_2.csv|crp_dataset_8_1_8.csv|crp_dataset_8_1_3.csv,crp_dataset_8_1_5.csv,0.621331,0.9999999999743591,0.38999999999609997,39,0,61,156,0.039282226562499994,0.00016025641025641026,0.039121970152243585
4,0.1,1.0,crp_dataset_8_1_1.csv|crp_dataset_8_1_2.csv|crp_dataset_8_1_8.csv|crp_dataset_8_1_3.csv,crp_dataset_8_1_7.csv,0.621331,0.8627450980222992,0.1999999999990909,44,7,176,29,0.0095703125,0.004044117647058823,0.005526194852941178
4,0.1,1.0,crp_dataset_8_1_1.csv|crp_dataset_8_1_2.csv|crp_dataset_8_1_8.csv|crp_dataset_8_1_3.csv,crp_dataset_8_1_4.csv,0.621331,0.8108108108035061,0.6870229007581143,90,21,41,104,0.023046875,0.007826576576576576,0.015220298423423425
4,0.1,1.0,crp_dataset_8_1_1.csv|crp_dataset_8_1_2.csv|crp_dataset_8_1_8.csv|crp_dataset_8_1_3.csv,crp_dataset_8_1_6.csv,0.621331,0.8020833333249783,0.5499999999960715,77,19,63,97,0.026928710937499996,0.010026041666666667,0.01690266927083333
4,0.1,1.0,crp_dataset_8_1_1.csv|crp_dataset_8_1_2.csv|crp_dataset_8_1_8.csv|crp_dataset_8_1_6.csv,crp_dataset_8_1_5.csv,0.3744735,0.38823529411612456,0.9899999999900999,99,156,1,0,0.039282226562499994,0.039411764705882354,-0.00012953814338236003
4,0.1,1.0,crp_dataset_8_1_1.csv|crp_dataset_8_1_2.csv|crp_dataset_8_1_8.csv|crp_dataset_8_1_6.csv,crp_dataset_8_1_7.csv,0.3744735,0.8593749999966431,0.9999999999954546,220,36,0,0,0.0095703125,0.0095703125,0.0
4,0.1,1.0,crp_dataset_8_1_1.csv|crp_dataset_8_1_2.csv|crp_dataset_8_1_8.csv|crp_dataset_8_1_6.csv,crp_dataset_8_1_4.csv,0.3744735,0.5512820512796954,0.9847328244199639,129,105,2,20,0.023046875,0.020432692307692308,0.0026141826923076934
4,0.1,1.0,crp_dataset_8_1_1.csv|crp_dataset_8_1_2.csv|crp_dataset_8_1_8.csv|crp_dataset_8_1_6.csv,crp_dataset_8_1_3.csv,0.3744735,0.6892430278857002,0.9999999999942197,173,78,0,5,0.0196044921875,0.018202191235059763,0.0014023009524402365
4,0.1,1.0,crp_dataset_8_1_1.csv|crp_dataset_8_1_2.csv|crp_dataset_8_1_3.csv|crp_dataset_8_1_6.csv,crp_dataset_8_1_5.csv,0.35414276,0.39062499999847416,0.99999999999,100,156,0,0,0.039282226562499994,0.039282226562499994,0.0
4,0.1,1.0,crp_dataset_8_1_1.csv|crp_dataset_8_1_2.csv|crp_dataset_8_1_3.csv|crp_dataset_8_1_6.csv,crp_dataset_8_1_7.csv,0.35414276,0.8593749999966431,0.9999999999954546,220,36,0,0,0.0095703125,0.0095703125,0.0
4,0.1,1.0,crp_dataset_8_1_1.csv|crp_dataset_8_1_2.csv|crp_dataset_8_1_3.csv|crp_dataset_8_1_6.csv,crp_dataset_8_1_4.csv,0.35414276,0.5117187499980012,0.9999999999923664,131,125,0,0,0.023046875,0.023046875,0.0
4,0.1,1.0,crp_dataset_8_1_1.csv|crp_dataset_8_1_2.csv|crp_dataset_8_1_3.csv|crp_dataset_8_1_6.csv,crp_dataset_8_1_8.csv,0.35414276,0.5390624999978944,0.9999999999927537,138,118,0,0,0.0283203125,0.0283203125,0.0
4,0.1,1.0,crp_dataset_8_1_1.csv|crp_dataset_8_1_8.csv|crp_dataset_8_1_3.csv|crp_dataset_8_1_6.csv,crp_dataset_8_1_5.csv,0.3783902,0.39062499999847416,0.99999999999,100,156,0,0,0.039282226562499994,0.039282226562499994,0.0
4,0.1,1.0,crp_dataset_8_1_1.csv|crp_dataset_8_1_8.csv|crp_dataset_8_1_3.csv|crp_dataset_8_1_6.csv,crp_dataset_8_1_7.csv,0.3783902,0.8593749999966431,0.9999999999954546,220,36,0,0,0.0095703125,0.0095703125,0.0
4,0.1,1.0,crp_dataset_8_1_1.csv|crp_dataset_8_1_8.csv|crp_dataset_8_1_3.csv|crp_dataset_8_1_6.csv,crp_dataset_8_1_4.csv,0.3783902,0.5117187499980012,0.9999999999923664,131,125,0,0,0.023046875,0.023046875,0.0
4,0.1,1.0,crp_dataset_8_1_1.csv|crp_dataset_8_1_8.csv|crp_dataset_8_1_3.csv|crp_dataset_8_1_6.csv,crp_dataset_8_1_2.csv,0.3783902,0.46484374999818423,0.9999999999915966,119,137,0,0,0.039453125,0.039453125,0.0
4,0.1,1.0,crp_dataset_8_1_2.csv|crp_dataset_8_1_8.csv|crp_dataset_8_1_3.csv|crp_dataset_8_1_6.csv,crp_dataset_8_1_5.csv,0.6172491,0.9999999998571428,0.0699999999993,7,0,93,156,0.039282226562499994,0.0,0.039282226562499994
4,0.1,1.0,crp_dataset_8_1_2.csv|crp_dataset_8_1_8.csv|crp_dataset_8_1_3.csv|crp_dataset_8_1_6.csv,crp_dataset_8_1_7.csv,0.6172491,0.8955223880463354,0.2727272727260331,60,7,160,29,0.0095703125,0.0030783582089552236,0.006491954291044777
4,0.1,1.0,crp_dataset_8_1_2.csv|crp_dataset_8_1_8.csv|crp_dataset_8_1_3.csv|crp_dataset_8_1_6.csv,crp_dataset_8_1_4.csv,0.6172491,0.7981651376073563,0.6641221373995105,87,22,44,103,0.023046875,0.008543577981651377,0.014503297018348625
4,0.1,1.0,crp_dataset_8_1_2.csv|crp_dataset_8_1_8.csv|crp_dataset_8_1_3.csv|crp_dataset_8_1_6.csv,crp_dataset_8_1_1.csv,0.6172491,0.8208955223758075,0.43650793650447217,55,12,71,118,0.0252685546875,0.005970149253731343,0.019298405433768658
5,0.1,1.0,crp_dataset_8_1_5.csv|crp_dataset_8_1_7.csv|crp_dataset_8_1_4.csv|crp_dataset_8_1_1.csv|crp_dataset_8_1_2.csv,crp_dataset_8_1_8.csv,0.79020214,0.9999999999729731,0.26811594202704264,37,0,101,118,0.0283203125,0.0035472972972972984,0.0247730152027027
5,0.1,1.0,crp_dataset_8_1_5.csv|crp_dataset_8_1_7.csv|crp_dataset_8_1_4.csv|crp_dataset_8_1_1.csv|crp_dataset_8_1_2.csv,crp_dataset_8_1_3.csv,0.79020214,0.9999999999910714,0.6473988439268937,112,0,61,83,0.0196044921875,0.0,0.0196044921875
5,0.1,1.0,crp_dataset_8_1_5.csv|crp_dataset_8_1_7.csv|crp_dataset_8_1_4.csv|crp_dataset_8_1_1.csv|crp_dataset_8_1_2.csv,crp_dataset_8_1_6.csv,0.79020214,0.9999999999868421,0.5428571428532654,76,0,64,116,0.026928710937499996,8.223684210526316e-05,0.026846474095394732
5,0.1,1.0,crp_dataset_8_1_5.csv|crp_dataset_8_1_7.csv|crp_dataset_8_1_4.csv|crp_dataset_8_1_1.csv|crp_dataset_8_1_8.csv,crp_dataset_8_1_2.csv,0.7628462,0.9999999999285715,0.11764705882254078,14,0,105,137,0.039453125,0.0008928571428571429,0.03856026785714286
5,0.1,1.0,crp_dataset_8_1_5.csv|crp_dataset_8_1_7.csv|crp_dataset_8_1_4.csv|crp_dataset_8_1_1.csv|crp_dataset_8_1_8.csv,crp_dataset_8_1_3.csv,0.7628462,0.9824561403422591,0.6473988439268937,112,2,61,81,0.0196044921875,0.0002192982456140351,0.019385193941885964
5,0.1,1.0,crp_dataset_8_1_5.csv|crp_dataset_8_1_7.csv|crp_dataset_8_1_4.csv|crp_dataset_8_1_1.csv|crp_dataset_8_1_8.csv,crp_dataset_8_1_6.csv,0.7628462,0.9870129870001686,0.5428571428532654,76,1,64,115,0.026928710937499996,0.0003246753246753247,0.02660403561282467
5,0.1,1.0,crp_dataset_8_1_5.csv|crp_dataset_8_1_7.csv|crp_dataset_8_1_4.csv|crp_dataset_8_1_1.csv|crp_dataset_8_1_3.csv,crp_dataset_8_1_2.csv,0.61257774,0.9302325581179016,0.33613445377868795,40,3,79,134,0.039453125,0.0018895348837209302,0.03756359011627907
5,0.1,1.0,crp_dataset_8_1_5.csv|crp_dataset_8_1_7.csv|crp_dataset_8_1_4.csv|crp_dataset_8_1_1.csv|crp_dataset_8_1_3.csv,crp_dataset_8_1_8.csv,0.61257774,0.8599999999828001,0.3115942028962928,43,7,95,111,0.0283203125,0.0045000000000000005,0.0238203125
5,0.1,1.0,crp_dataset_8_1_5.csv|crp_dataset_8_1_7.csv|crp_dataset_8_1_4.csv|crp_dataset_8_1_1.csv|crp_dataset_8_1_3.csv,crp_dataset_8_1_6.csv,0.61257774,0.8735632183807636,0.5428571428532654,76,11,64,105,0.026928710937499996,0.00646551724137931,0.020463193696120686
5,0.1,1.0,crp_dataset_8_1_5.csv|crp_dataset_8_1_7.csv|crp_dataset_8_1_4.csv|crp_dataset_8_1_1.csv|crp_dataset_8_1_6.csv,crp_dataset_8_1_2.csv,0.75800824,0.0,0.0,0,0,119,137,0.039453125,,
5,0.1,1.0,crp_dataset_8_1_5.csv|crp_dataset_8_1_7.csv|crp_dataset_8_1_4.csv|crp_dataset_8_1_1.csv|crp_dataset_8_1_6.csv,crp_dataset_8_1_8.csv,0.75800824,0.9374999999414062,0.1086956521731254,15,1,123,117,0.0283203125,0.003125,0.0251953125
5,0.1,1.0,crp_dataset_8_1_5.csv|crp_dataset_8_1_7.csv|crp_dataset_8_1_4.csv|crp_dataset_8_1_1.csv|crp_dataset_8_1_6.csv,crp_dataset_8_1_3.csv,0.75800824,0.9411764705803263,0.6473988439268937,112,7,61,76,0.0196044921875,0.0017857142857142859,0.017818777901785713
5,0.1,1.0,crp_dataset_8_1_5.csv|crp_dataset_8_1_7.csv|crp_dataset_8_1_4.csv|crp_dataset_8_1_2.csv|crp_dataset_8_1_8.csv,crp_dataset_8_1_1.csv,0.776451,0.9374999999853515,0.4761904761866969,60,4,66,126,0.0252685546875,0.001171875,0.0240966796875
5,0.1,1.0,crp_dataset_8_1_5.csv|crp_dataset_8_1_7.csv|crp_dataset_8_1_4.csv|crp_dataset_8_1_2.csv|crp_dataset_8_1_8.csv,crp_dataset_8_1_3.csv,0.776451,0.9572649572567755,0.6473988439268937,112,5,61,78,0.0196044921875,0.0008012820512820513,0.018803210136217947
5,0.1,1.0,crp_dataset_8_1_5.csv|crp_dataset_8_1_7.csv|crp_dataset_8_1_4.csv|crp_dataset_8_1_2.csv|crp_dataset_8_1_8.csv,crp_dataset_8_1_6.csv,0.776451,0.9620253164435186,0.5428571428532654,76,3,64,113,0.026928710937499996,0.0007120253164556961,0.0262166856210443
5,0.1,1.0,crp_dataset_8_1_5.csv|crp_dataset_8_1_7.csv|crp_dataset_8_1_4.csv|crp_dataset_8_1_2.csv|crp_dataset_8_1_3.csv,crp_dataset_8_1_1.csv,0.6884019,0.9999999999833334,0.4761904761866969,60,0,66,130,0.0252685546875,0.00010416666666666667,0.025164388020833334
5,0.1,1.0,crp_dataset_8_1_5.csv|crp_dataset_8_1_7.csv|crp_dataset_8_1_4.csv|crp_dataset_8_1_2.csv|crp_dataset_8_1_3.csv,crp_dataset_8_1_8.csv,0.6884019,0.9999999999836067,0.4420289855040433,61,0,77,118,0.0283203125,0.0029713114754098364,0.025349001024590163
5,0.1,1.0,crp_dataset_8_1_5.csv|crp_dataset_8_1_7.csv|crp_dataset_8_1_4.csv|crp_dataset_8_1_2.csv|crp_dataset_8_1_3.csv,crp_dataset_8_1_6.csv,0.6884019,0.9999999999868421,0.5428571428532654,76,0,64,116,0.026928710937499996,8.223684210526316e-05,0.026846474095394732
5,0.1,1.0,crp_dataset_8_1_5.csv|crp_dataset_8_1_7.csv|crp_dataset_8_1_4.csv|crp_dataset_8_1_2.csv|crp_dataset_8_1_6.csv,crp_dataset_8_1_1.csv,0.65872866,0.8333333333217592,0.4761904761866969,60,12,66,118,0.0252685546875,0.005555555555555556,0.019712999131944443
5,0.1,1.0,crp_dataset_8_1_5.csv|crp_dataset_8_1_7.csv|crp_dataset_8_1_4.csv|crp_dataset_8_1_2.csv|crp_dataset_8_1_6.csv,crp_dataset_8_1_8.csv,0.65872866,0.8301886792296191,0.3188405797078345,44,9,94,109,0.0283203125,0.005070754716981131,0.02324955778301887
5,0.1,1.0,crp_dataset_8_1_5.csv|crp_dataset_8_1_7.csv|crp_dataset_8_1_4.csv|crp_dataset_8_1_2.csv|crp_dataset_8_1_6.csv,crp_dataset_8_1_3.csv,0.65872866,0.9411764705803263,0.6473988439268937,112,7,61,76,0.0196044921875,0.0017857142857142859,0.017818777901785713
5,0.1,1.0,crp_dataset_8_1_5.csv|crp_dataset_8_1_7.csv|crp_dataset_8_1_4.csv|crp_dataset_8_1_8.csv|crp_dataset_8_1_3.csv,crp_dataset_8_1_1.csv,0.68047374,0.8260869565097668,0.45238095237736203,57,12,69,118,0.0252685546875,0.005797101449275362,0.019471453238224638
5,0.1,1.0,crp_dataset_8_1_5.csv|crp_dataset_8_1_7.csv|crp_dataset_8_1_4.csv|crp_dataset_8_1_8.csv|crp_dataset_8_1_3.csv,crp_dataset_8_1_2.csv,0.68047374,0.9999999995,0.016806722688934395,2,0,117,137,0.039453125,0.0,0.039453125
5,0.1,1.0,crp_dataset_8_1_5.csv|crp_dataset_8_1_7.csv|crp_dataset_8_1_4.csv|crp_dataset_8_1_8.csv|crp_dataset_8_1_3.csv,crp_dataset_8_1_6.csv,0.68047374,0.8837209302222823,0.5428571428532654,76,10,64,106,0.026928710937499996,0.005813953488372093,0.021114757449127903
5,0.1,1.0,crp_dataset_8_1_5.csv|crp_dataset_8_1_7.csv|crp_dataset_8_1_4.csv|crp_dataset_8_1_8.csv|crp_dataset_8_1_6.csv,crp_dataset_8_1_1.csv,0.7521903,0.8208955223758075,0.43650793650447217,55,12,71,118,0.0252685546875,0.005970149253731343,0.019298405433768658
5,0.1,1.0,crp_dataset_8_1_5.csv|crp_dataset_8_1_7.csv|crp_dataset_8_1_4.csv|crp_dataset_8_1_8.csv|crp_dataset_8_1_6.csv,crp_dataset_8_1_2.csv,0.7521903,0.0,0.0,0,0,119,137,0.039453125,,
5,0.1,1.0,crp_dataset_8_1_5.csv|crp_dataset_8_1_7.csv|crp_dataset_8_1_4.csv|crp_dataset_8_1_8.csv|crp_dataset_8_1_6.csv,crp_dataset_8_1_3.csv,0.7521903,0.9411764705803263,0.6473988439268937,112,7,61,76,0.0196044921875,0.0017857142857142859,0.017818777901785713
5,0.1,1.0,crp_dataset_8_1_5.csv|crp_dataset_8_1_7.csv|crp_dataset_8_1_4.csv|crp_dataset_8_1_3.csv|crp_dataset_8_1_6.csv,crp_dataset_8_1_1.csv,0.62537575,0.892857142841199,0.39682539682224743,50,6,76,124,0.0252685546875,0.00234375,0.0229248046875
5,0.1,1.0,crp_dataset_8_1_5.csv|crp_dataset_8_1_7.csv|crp_dataset_8_1_4.csv|crp_dataset_8_1_3.csv|crp_dataset_8_1_6.csv,crp_dataset_8_1_2.csv,0.62537575,0.0,0.0,0,0,119,137,0.039453125,,
5,0.1,1.0,crp_dataset_8_1_5.csv|crp_dataset_8_1_7.csv|crp_dataset_8_1_4.csv|crp_dataset_8_1_3.csv|crp_dataset_8_1_6.csv,crp_dataset_8_1_8.csv,0.62537575,0.8888888888395061,0.1159420289846671,16,2,122,116,0.0283203125,0.0038194444444444448,0.024500868055555555
5,0.1,1.0,crp_dataset_8_1_5.csv|crp_dataset_8_1_7.csv|crp_dataset_8_1_1.csv|crp_dataset_8_1_2.csv|crp_dataset_8_1_8.csv,crp_dataset_8_1_4.csv,0.6145666,0.6512820512787114,0.9694656488475614,127,68,4,57,0.023046875,0.014166666666666668,0.008880208333333334
5,0.1,1.0,crp_dataset_8_1_5.csv|crp_dataset_8_1_7.csv|crp_dataset_8_1_1.csv|crp_dataset_8_1_2.csv|crp_dataset_8_1_8.csv,crp_dataset_8_1_3.csv,0.6145666,0.7466666666633481,0.9710982658903405,168,57,5,26,0.0196044921875,0.013250000000000001,0.006354492187499998
5,0.1,1.0,crp_dataset_8_1_5.csv|crp_dataset_8_1_7.csv|crp_dataset_8_1_1.csv|crp_dataset_8_1_2.csv|crp_dataset_8_1_8.csv,crp_dataset_8_1_6.csv,0.6145666,0.5468749999978638,0.9999999999928573,140,116,0,0,0.026928710937499996,0.026928710937499996,0.0
5,0.1,1.0,crp_dataset_8_1_5.csv|crp_dataset_8_1_7.csv|crp_dataset_8_1_1.csv|crp_dataset_8_1_2.csv|crp_dataset_8_1_3.csv,crp_dataset_8_1_4.csv,0.7931985,0.999999999990566,0.8091603053373347,106,0,25,125,0.023046875,0.0001179245283018868,0.022928950471698115
5,0.1,1.0,crp_dataset_8_1_5.csv|crp_dataset_8_1_7.csv|crp_dataset_8_1_1.csv|crp_dataset_8_1_2.csv|crp_dataset_8_1_3.csv,crp_dataset_8_1_8.csv,0.7931985,0.9999999999729731,0.26811594202704264,37,0,101,118,0.0283203125,0.0035472972972972984,0.0247730152027027
5,0.1,1.0,crp_dataset_8_1_5.csv|crp_dataset_8_1_7.csv|crp_dataset_8_1_1.csv|crp_dataset_8_1_2.csv|crp_dataset_8_1_3.csv,crp_dataset_8_1_6.csv,0.7931985,0.9999999999868421,0.5428571428532654,76,0,64,116,0.026928710937499996,8.223684210526316e-05,0.026846474095394732
5,0.1,1.0,crp_dataset_8_1_5.csv|crp_dataset_8_1_7.csv|crp_dataset_8_1_1.csv|crp_dataset_8_1_2.csv|crp_dataset_8_1_6.csv,crp_dataset_8_1_4.csv,0.6742092,0.8780487804806663,0.8244274809097373,108,15,23,110,0.023046875,0.005233739837398374,0.017813135162601627
5,0.1,1.0,crp_dataset_8_1_5.csv|crp_dataset_8_1_7.csv|crp_dataset_8_1_1.csv|crp_dataset_8_1_2.csv|crp_dataset_8_1_6.csv,crp_dataset_8_1_8.csv,0.6742092,0.8695652173724008,0.28985507246166775,40,6,98,112,0.0283203125,0.004891304347826087,0.023429008152173914
5,0.1,1.0,crp_dataset_8_1_5.csv|crp_dataset_8_1_7.csv|crp_dataset_8_1_1.csv|crp_dataset_8_1_2.csv|crp_dataset_8_1_6.csv,crp_dataset_8_1_3.csv,0.6742092,0.9032258064443288,0.6473988439268937,112,12,61,71,0.0196044921875,0.004485887096774194,0.015118605090725806
5,0.1,1.0,crp_dataset_8_1_5.csv|crp_dataset_8_1_7.csv|crp_dataset_8_1_1.csv|crp_dataset_8_1_8.csv|crp_dataset_8_1_3.csv,crp_dataset_8_1_4.csv,0.6130606,0.8181818181756199,0.8244274809097373,108,24,23,101,0.023046875,0.006628787878787879,0.01641808712121212
5,0.1,1.0,crp_dataset_8_1_5.csv|crp_dataset_8_1_7.csv|crp_dataset_8_1_1.csv|crp_dataset_8_1_8.csv|crp_dataset_8_1_3.csv,crp_dataset_8_1_2.csv,0.6130606,0.9999999999285715,0.11764705882254078,14,0,105,137,0.039453125,0.0008928571428571429,0.03856026785714286
5,0.1,1.0,crp_dataset_8_1_5.csv|crp_dataset_8_1_7.csv|crp_dataset_8_1_1.csv|crp_dataset_8_1_8.csv|crp_dataset_8_1_3.csv,crp_dataset_8_1_6.csv,0.6130606,0.7881355932136599,0.6642857142809694,93,25,47,91,0.026928710937499996,0.011652542372881356,0.01527616856461864
5,0.1,1.0,crp_dataset_8_1_5.csv|crp_dataset_8_1_7.csv|crp_dataset_8_1_1.csv|crp_dataset_8_1_8.csv|crp_dataset_8_1_6.csv,crp_dataset_8_1_4.csv,0.71324515,0.8761904761821315,0.7022900763305169,92,13,39,112,0.023046875,0.004345238095238095,0.018701636904761905
5,0.1,1.0,crp_dataset_8_1_5.csv|crp_dataset_8_1_7.csv|crp_dataset_8_1_1.csv|crp_dataset_8_1_8.csv|crp_dataset_8_1_6.csv,crp_dataset_8_1_2.csv,0.71324515,0.0,0.0,0,0,119,137,0.039453125,,
5,0.1,1.0,crp_dataset_8_1_5.csv|crp_dataset_8_1_7.csv|crp_dataset_8_1_1.csv|crp_dataset_8_1_8.csv|crp_dataset_8_1_6.csv,crp_dataset_8_1_3.csv,0.71324515,0.9310344827505945,0.6242774566437903,108,8,65,75,0.0196044921875,0.0026939655172413795,0.01691052667025862
5,0.1,1.0,crp_dataset_8_1_5.csv|crp_dataset_8_1_7.csv|crp_dataset_8_1_1.csv|crp_dataset_8_1_3.csv|crp_dataset_8_1_6.csv,crp_dataset_8_1_4.csv,0.7633971,0.9782608695545841,0.6870229007581143,90,2,41,123,0.023046875,0.00033967391304347825,0.02270720108695652
5,0.1,1.0,crp_dataset_8_1_5.csv|crp_dataset_8_1_7.csv|crp_dataset_8_1_1.csv|crp_dataset_8_1_3.csv|crp_dataset_8_1_6.csv,crp_dataset_8_1_2.csv,0.7633971,0.0,0.0,0,0,119,137,0.039453125,,
5,0.1,1.0,crp_dataset_8_1_5.csv|crp_dataset_8_1_7.csv|crp_dataset_8_1_1.csv|crp_dataset_8_1_3.csv|crp_dataset_8_1_6.csv,crp_dataset_8_1_8.csv,0.7633971,0.9999999999166667,0.08695652173850033,12,0,126,118,0.0283203125,0.0026041666666666665,0.025716145833333332
5,0.1,1.0,crp_dataset_8_1_5.csv|crp_dataset_8_1_7.csv|crp_dataset_8_1_2.csv|crp_dataset_8_1_8.csv|crp_dataset_8_1_3.csv,crp_dataset_8_1_4.csv,0.7606565,0.909090909083396,0.8396946564821398,110,11,21,114,0.023046875,0.002272727272727273,0.020774147727272728
5,0.1,1.0,crp_dataset_8_1_5.csv|crp_dataset_8_1_7.csv|crp_dataset_8_1_2.csv|crp_dataset_8_1_8.csv|crp_dataset_8_1_3.csv,crp_dataset_8_1_1.csv,0.7606565,0.8571428571306122,0.4761904761866969,60,10,66,120,0.0252685546875,0.004107142857142857,0.021161411830357142
5,0.1,1.0,crp_dataset_8_1_5.csv|crp_dataset_8_1_7.csv|crp_dataset_8_1_2.csv|crp_dataset_8_1_8.csv|crp_dataset_8_1_3.csv,crp_dataset_8_1_6.csv,0.7606565,0.9268292682813801,0.5428571428532654,76,6,64,110,0.026928710937499996,0.0024390243902439024,0.024489686547256095
5,0.1,1.0,crp_dataset_8_1_5.csv|crp_dataset_8_1_7.csv|crp_dataset_8_1_2.csv|crp_dataset_8_1_8.csv|crp_dataset_8_1_6.csv,crp_dataset_8_1_4.csv,0.76465255,0.999999999990909,0.8396946564821398,110,0,21,125,0.023046875,0.0002840909090909091,0.022762784090909094
5,0.1,1.0,crp_dataset_8_1_5.csv|crp_dataset_8_1_7.csv|crp_dataset_8_1_2.csv|crp_dataset_8_1_8.csv|crp_dataset_8_1_6.csv,crp_dataset_8_1_1.csv,0.76465255,0.9999999999833334,0.4761904761866969,60,0,66,130,0.0252685546875,0.00010416666666666667,0.025164388020833334
5,0.1,1.0,crp_dataset_8_1_5.csv|crp_dataset_8_1_7.csv|crp_dataset_8_1_2.csv|crp_dataset_8_1_8.csv|crp_dataset_8_1_6.csv,crp_dataset_8_1_3.csv,0.76465255,0.9824561403422591,0.6473988439268937,112,2,61,81,0.0196044921875,0.0002192982456140351,0.019385193941885964
5,0.1,1.0,crp_dataset_8_1_5.csv|crp_dataset_8_1_7.csv|crp_dataset_8_1_2.csv|crp_dataset_8_1_3.csv|crp_dataset_8_1_6.csv,crp_dataset_8_1_4.csv,0.62301725,0.9243697478913918,0.8396946564821398,110,9,21,116,0.023046875,0.002258403361344538,0.020788471638655465
5,0.1,1.0,crp_dataset_8_1_5.csv|crp_dataset_8_1_7.csv|crp_dataset_8_1_2.csv|crp_dataset_8_1_3.csv|crp_dataset_8_1_6.csv,crp_dataset_8_1_1.csv,0.62301725,0.8571428571306122,0.4761904761866969,60,10,66,120,0.0252685546875,0.004107142857142857,0.021161411830357142
5,0.1,1.0,crp_dataset_8_1_5.csv|crp_dataset_8_1_7.csv|crp_dataset_8_1_2.csv|crp_dataset_8_1_3.csv|crp_dataset_8_1_6.csv,crp_dataset_8_1_8.csv,0.62301725,0.910447761180441,0.4420289855040433,61,6,77,112,0.0283203125,0.003917910447761194,0.024402402052238807
5,0.1,1.0,crp_dataset_8_1_5.csv|crp_dataset_8_1_7.csv|crp_dataset_8_1_8.csv|crp_dataset_8_1_3.csv|crp_dataset_8_1_6.csv,crp_dataset_8_1_4.csv,0.7015289,0.8333333333263888,0.7633587786201271,100,20,31,105,0.023046875,0.00703125,0.016015625000000002
5,0.1,1.0,crp_dataset_8_1_5.csv|crp_dataset_8_1_7.csv|crp_dataset_8_1_8.csv|crp_dataset_8_1_3.csv|crp_dataset_8_1_6.csv,crp_dataset_8_1_1.csv,0.7015289,0.8378378378265157,0.49206349205958677,62,12,64,118,0.0252685546875,0.005405405405405406,0.019863149282094594
5,0.1,1.0,crp_dataset_8_1_5.csv|crp_dataset_8_1_7.csv|crp_dataset_8_1_8.csv|crp_dataset_8_1_3.csv|crp_dataset_8_1_6.csv,crp_dataset_8_1_2.csv,0.7015289,0.0,0.0,0,0,119,137,0.039453125,,
5,0.1,1.0,crp_dataset_8_1_5.csv|crp_dataset_8_1_4.csv|crp_dataset_8_1_1.csv|crp_dataset_8_1_2.csv|crp_dataset_8_1_8.csv,crp_dataset_8_1_7.csv,0.6250292,0.8979591836698043,0.9999999999954546,220,25,0,11,0.0095703125,0.005561224489795918,0.004009088010204082
5,0.1,1.0,crp_dataset_8_1_5.csv|crp_dataset_8_1_4.csv|crp_dataset_8_1_1.csv|crp_dataset_8_1_2.csv|crp_dataset_8_1_8.csv,crp_dataset_8_1_3.csv,0.6250292,0.8652482269442182,0.705202312134652,122,19,51,64,0.0196044921875,0.007668439716312058,0.011936052471187942
5,0.1,1.0,crp_dataset_8_1_5.csv|crp_dataset_8_1_4.csv|crp_dataset_8_1_1.csv|crp_dataset_8_1_2.csv|crp_dataset_8_1_8.csv,crp_dataset_8_1_6.csv,0.6250292,0.8611111111031379,0.6642857142809694,93,15,47,101,0.026928710937499996,0.007581018518518518,0.019347692418981478
5,0.1,1.0,crp_dataset_8_1_5.csv|crp_dataset_8_1_4.csv|crp_dataset_8_1_1.csv|crp_dataset_8_1_2.csv|crp_dataset_8_1_3.csv,crp_dataset_8_1_7.csv,0.6883299,0.9401709401669224,0.9999999999954546,220,14,0,22,0.0095703125,0.0019497863247863248,0.007620526175213676
5,0.1,1.0,crp_dataset_8_1_5.csv|crp_dataset_8_1_4.csv|crp_dataset_8_1_1.csv|crp_dataset_8_1_2.csv|crp_dataset_8_1_3.csv,crp_dataset_8_1_8.csv,0.6883299,0.8315789473596675,0.5724637681117938,79,16,59,102,0.0283203125,0.004868421052631578,0.023451891447368423
5,0.1,1.0,crp_dataset_8_1_5.csv|crp_dataset_8_1_4.csv|crp_dataset_8_1_1.csv|crp_dataset_8_1_2.csv|crp_dataset_8_1_3.csv,crp_dataset_8_1_6.csv,0.6883299,0.9156626505913775,0.5428571428532654,76,7,64,109,0.026928710937499996,0.00338855421686747,0.023540156720632525
5,0.1,1.0,crp_dataset_8_1_5.csv|crp_dataset_8_1_4.csv|crp_dataset_8_1_1.csv|crp_dataset_8_1_2.csv|crp_dataset_8_1_6.csv,crp_dataset_8_1_7.csv,0.6316004,0.8510638297691263,0.18181818181735537,40,7,180,29,0.0095703125,0.004388297872340426,0.005182014627659575
5,0.1,1.0,crp_dataset_8_1_5.csv|crp_dataset_8_1_4.csv|crp_dataset_8_1_1.csv|crp_dataset_8_1_2.csv|crp_dataset_8_1_6.csv,crp_dataset_8_1_8.csv,0.6316004,0.846153846137574,0.3188405797078345,44,8,94,110,0.0283203125,0.004927884615384615,0.023392427884615385
5,0.1,1.0,crp_dataset_8_1_5.csv|crp_dataset_8_1_4.csv|crp_dataset_8_1_1.csv|crp_dataset_8_1_2.csv|crp_dataset_8_1_6.csv,crp_dataset_8_1_3.csv,0.6316004,0.9090909090805784,0.4624277456620669,80,8,93,75,0.0196044921875,0.0034801136363636367,0.016124378551136364
5,0.1,1.0,crp_dataset_8_1_5.csv|crp_dataset_8_1_4.csv|crp_dataset_8_1_1.csv|crp_dataset_8_1_8.csv|crp_dataset_8_1_3.csv,crp_dataset_8_1_7.csv,0.636514,0.8984374999929811,0.5227272727248967,115,13,105,23,0.0095703125,0.00576171875,0.0038085937500000003
5,0.1,1.0,crp_dataset_8_1_5.csv|crp_dataset_8_1_4.csv|crp_dataset_8_1_1.csv|crp_dataset_8_1_8.csv|crp_dataset_8_1_3.csv,crp_dataset_8_1_2.csv,0.636514,0.9999999999285715,0.11764705882254078,14,0,105,137,0.039453125,0.0008928571428571429,0.03856026785714286
5,0.1,1.0,crp_dataset_8_1_5.csv|crp_dataset_8_1_4.csv|crp_dataset_8_1_1.csv|crp_dataset_8_1_8.csv|crp_dataset_8_1_3.csv,crp_dataset_8_1_6.csv,0.636514,0.8510638297691263,0.28571428571224494,40,7,100,109,0.026928710937499996,0.00824468085106383,0.018684030086436168
5,0.1,1.0,crp_dataset_8_1_5.csv|crp_dataset_8_1_4.csv|crp_dataset_8_1_1.csv|crp_dataset_8_1_8.csv|crp_dataset_8_1_6.csv,crp_dataset_8_1_7.csv,0.6535617,0.9999999999090909,0.049999999999772726,11,0,209,36,0.0095703125,0.0,0.0095703125
5,0.1,1.0,crp_dataset_8_1_5.csv|crp_dataset_8_1_4.csv|crp_dataset_8_1_1.csv|crp_dataset_8_1_8.csv|crp_dataset_8_1_6.csv,crp_dataset_8_1_2.csv,0.6535617,0.9999999999230769,0.10924369747807358,13,0,106,137,0.039453125,0.0004807692307692308,0.03897235576923077
5,0.1,1.0,crp_dataset_8_1_5.csv|crp_dataset_8_1_4.csv|crp_dataset_8_1_1.csv|crp_dataset_8_1_8.csv|crp_dataset_8_1_6.csv,crp_dataset_8_1_3.csv,0.6535617,0.9999999999777779,0.26011560693491265,45,0,128,83,0.0196044921875,0.0,0.0196044921875
5,0.1,1.0,crp_dataset_8_1_5.csv|crp_dataset_8_1_4.csv|crp_dataset_8_1_1.csv|crp_dataset_8_1_3.csv|crp_dataset_8_1_6.csv,crp_dataset_8_1_7.csv,0.61684775,0.9559471365596655,0.9863636363591529,217,10,3,26,0.0095703125,0.0015969162995594713,0.00797339620044053
5,0.1,1.0,crp_dataset_8_1_5.csv|crp_dataset_8_1_4.csv|crp_dataset_8_1_1.csv|crp_dataset_8_1_3.csv|crp_dataset_8_1_6.csv,crp_dataset_8_1_2.csv,0.61684775,0.0,0.0,0,0,119,137,0.039453125,,
5,0.1,1.0,crp_dataset_8_1_5.csv|crp_dataset_8_1_4.csv|crp_dataset_8_1_1.csv|crp_dataset_8_1_3.csv|crp_dataset_8_1_6.csv,crp_dataset_8_1_8.csv,0.61684775,0.848484848459137,0.20289855072316743,28,5,110,113,0.0283203125,0.004356060606060606,0.023964251893939394
5,0.1,1.0,crp_dataset_8_1_5.csv|crp_dataset_8_1_4.csv|crp_dataset_8_1_2.csv|crp_dataset_8_1_8.csv|crp_dataset_8_1_3.csv,crp_dataset_8_1_7.csv,0.66366565,0.9128630705356313,0.9999999999954546,220,21,0,15,0.0095703125,0.004201244813278009,0.005369067686721992
5,0.1,1.0,crp_dataset_8_1_5.csv|crp_dataset_8_1_4.csv|crp_dataset_8_1_2.csv|crp_dataset_8_1_8.csv|crp_dataset_8_1_3.csv,crp_dataset_8_1_1.csv,0.66366565,0.8333333333217592,0.4761904761866969,60,12,66,118,0.0252685546875,0.005555555555555556,0.019712999131944443
5,0.1,1.0,crp_dataset_8_1_5.csv|crp_dataset_8_1_4.csv|crp_dataset_8_1_2.csv|crp_dataset_8_1_8.csv|crp_dataset_8_1_3.csv,crp_dataset_8_1_6.csv,0.66366565,0.8735632183807636,0.5428571428532654,76,11,64,105,0.026928710937499996,0.006681034482758621,0.020247676454741376
5,0.1,1.0,crp_dataset_8_1_5.csv|crp_dataset_8_1_4.csv|crp_dataset_8_1_2.csv|crp_dataset_8_1_8.csv|crp_dataset_8_1_6.csv,crp_dataset_8_1_7.csv,0.72253376,0.8499999999575,0.07727272727237604,17,3,203,33,0.0095703125,0.004375,0.0051953125
5,0.1,1.0,crp_dataset_8_1_5.csv|crp_dataset_8_1_4.csv|crp_dataset_8_1_2.csv|crp_dataset_8_1_8.csv|crp_dataset_8_1_6.csv,crp_dataset_8_1_1.csv,0.72253376,0.8846153845983729,0.3650793650764676,46,6,80,124,0.0252685546875,0.0038461538461538464,0.021422400841346154
5,0.1,1.0,crp_dataset_8_1_5.csv|crp_dataset_8_1_4.csv|crp_dataset_8_1_2.csv|crp_dataset_8_1_8.csv|crp_dataset_8_1_6.csv,crp_dataset_8_1_3.csv,0.72253376,0.9230769230591717,0.27745664739724013,48,4,125,79,0.0196044921875,0.002764423076923077,0.016840069110576922
5,0.1,1.0,crp_dataset_8_1_5.csv|crp_dataset_8_1_4.csv|crp_dataset_8_1_2.csv|crp_dataset_8_1_3.csv|crp_dataset_8_1_6.csv,crp_dataset_8_1_7.csv,0.71274126,0.9249999999942188,0.672727272724215,148,12,72,24,0.0095703125,0.0026562499999999998,0.006914062500000001
5,0.1,1.0,crp_dataset_8_1_5.csv|crp_dataset_8_1_4.csv|crp_dataset_8_1_2.csv|crp_dataset_8_1_3.csv|crp_dataset_8_1_6.csv,crp_dataset_8_1_1.csv,0.71274126,0.8333333333217592,0.4761904761866969,60,12,66,118,0.0252685546875,0.005555555555555556,0.019712999131944443
5,0.1,1.0,crp_dataset_8_1_5.csv|crp_dataset_8_1_4.csv|crp_dataset_8_1_2.csv|crp_dataset_8_1_3.csv|crp_dataset_8_1_6.csv,crp_dataset_8_1_8.csv,0.71274126,0.8965517241070154,0.18840579710008404,26,3,112,115,0.0283203125,0.004741379310344829,0.02357893318965517
5,0.1,1.0,crp_dataset_8_1_5.csv|crp_dataset_8_1_4.csv|crp_dataset_8_1_8.csv|crp_dataset_8_1_3.csv|crp_dataset_8_1_6.csv,crp_dataset_8_1_7.csv,0.71834123,0.999999999982143,0.25454545454429756,56,0,164,36,0.0095703125,0.0,0.0095703125
5,0.1,1.0,crp_dataset_8_1_5.csv|crp_dataset_8_1_4.csv|crp_dataset_8_1_8.csv|crp_dataset_8_1_3.csv|crp_dataset_8_1_6.csv,crp_dataset_8_1_1.csv,0.71834123,0.86885245900215,0.42063492063158225,53,8,73,122,0.0252685546875,0.0031762295081967213,0.02209232517930328
5,0.1,1.0,crp_dataset_8_1_5.csv|crp_dataset_8_1_4.csv|crp_dataset_8_1_8.csv|crp_dataset_8_1_3.csv|crp_dataset_8_1_6.csv,crp_dataset_8_1_2.csv,0.71834123,0.0,0.0,0,0,119,137,0.039453125,,
5,0.1,1.0,crp_dataset_8_1_5.csv|crp_dataset_8_1_1.csv|crp_dataset_8_1_2.csv|crp_dataset_8_1_8.csv|crp_dataset_8_1_3.csv,crp_dataset_8_1_7.csv,0.66173863,0.8661417322800546,0.9999999999954546,220,34,0,2,0.0095703125,0.008956692913385826,0.0006136195866141749
5,0.1,1.0,crp_dataset_8_1_5.csv|crp_dataset_8_1_1.csv|crp_dataset_8_1_2.csv|crp_dataset_8_1_8.csv|crp_dataset_8_1_3.csv,crp_dataset_8_1_4.csv,0.66173863,0.7449664429480204,0.8473282442683411,111,38,20,87,0.023046875,0.010402684563758388,0.012644190436241614
5,0.1,1.0,crp_dataset_8_1_5.csv|crp_dataset_8_1_1.csv|crp_dataset_8_1_2.csv|crp_dataset_8_1_8.csv|crp_dataset_8_1_3.csv,crp_dataset_8_1_6.csv,0.66173863,0.8099999999919,0.5785714285672959,81,19,59,97,0.026928710937499996,0.009625,0.017303710937499994
5,0.1,1.0,crp_dataset_8_1_5.csv|crp_dataset_8_1_1.csv|crp_dataset_8_1_2.csv|crp_dataset_8_1_8.csv|crp_dataset_8_1_6.csv,crp_dataset_8_1_7.csv,0.64195734,0.8765432098711325,0.6454545454516116,142,20,78,16,0.0095703125,0.007060185185185186,0.002510127314814815
5,0.1,1.0,crp_dataset_8_1_5.csv|crp_dataset_8_1_1.csv|crp_dataset_8_1_2.csv|crp_dataset_8_1_8.csv|crp_dataset_8_1_6.csv,crp_dataset_8_1_4.csv,0.64195734,0.7744360902197411,0.7862595419787309,103,30,28,95,0.023046875,0.010103383458646616,0.012943491541353385
5,0.1,1.0,crp_dataset_8_1_5.csv|crp_dataset_8_1_1.csv|crp_dataset_8_1_2.csv|crp_dataset_8_1_8.csv|crp_dataset_8_1_6.csv,crp_dataset_8_1_3.csv,0.64195734,0.8571428571364125,0.6589595375684454,114,19,59,64,0.0196044921875,0.00831766917293233,0.01128682301456767
5,0.1,1.0,crp_dataset_8_1_5.csv|crp_dataset_8_1_1.csv|crp_dataset_8_1_2.csv|crp_dataset_8_1_3.csv|crp_dataset_8_1_6.csv,crp_dataset_8_1_7.csv,0.602667,0.8730158730124087,0.9999999999954546,220,32,0,4,0.0095703125,0.00808531746031746,0.0014849950396825413
5,0.1,1.0,crp_dataset_8_1_5.csv|crp_dataset_8_1_1.csv|crp_dataset_8_1_2.csv|crp_dataset_8_1_3.csv|crp_dataset_8_1_6.csv,crp_dataset_8_1_4.csv,0.602667,0.7638888888835842,0.8396946564821398,110,34,21,91,0.023046875,0.010243055555555556,0.012803819444444446
5,0.1,1.0,crp_dataset_8_1_5.csv|crp_dataset_8_1_1.csv|crp_dataset_8_1_2.csv|crp_dataset_8_1_3.csv|crp_dataset_8_1_6.csv,crp_dataset_8_1_8.csv,0.602667,0.7977528089798005,0.5144927536194602,71,18,67,100,0.0283203125,0.0057584269662921345,0.022561885533707866
5,0.1,1.0,crp_dataset_8_1_5.csv|crp_dataset_8_1_1.csv|crp_dataset_8_1_8.csv|crp_dataset_8_1_3.csv|crp_dataset_8_1_6.csv,crp_dataset_8_1_7.csv,0.7784969,0.9199999999632,0.10454545454497935,23,2,197,34,0.0095703125,0.0027500000000000003,0.0068203125
5,0.1,1.0,crp_dataset_8_1_5.csv|crp_dataset_8_1_1.csv|crp_dataset_8_1_8.csv|crp_dataset_8_1_3.csv|crp_dataset_8_1_6.csv,crp_dataset_8_1_4.csv,0.7784969,0.8799999999911999,0.6717557251857118,88,12,43,113,0.023046875,0.0053125,0.017734375
5,0.1,1.0,crp_dataset_8_1_5.csv|crp_dataset_8_1_1.csv|crp_dataset_8_1_8.csv|crp_dataset_8_1_3.csv|crp_dataset_8_1_6.csv,crp_dataset_8_1_2.csv,0.7784969,0.0,0.0,0,0,119,137,0.039453125,,
5,0.1,1.0,crp_dataset_8_1_5.csv|crp_dataset_8_1_2.csv|crp_dataset_8_1_8.csv|crp_dataset_8_1_3.csv|crp_dataset_8_1_6.csv,crp_dataset_8_1_7.csv,0.604904,0.87999999999648,0.9999999999954546,220,30,0,6,0.0095703125,0.00725,0.0023203125000000003
5,0.1,1.0,crp_dataset_8_1_5.csv|crp_dataset_8_1_2.csv|crp_dataset_8_1_8.csv|crp_dataset_8_1_3.csv|crp_dataset_8_1_6.csv,crp_dataset_8_1_4.csv,0.604904,0.786764705876568,0.816793893123536,107,29,24,96,0.023046875,0.00891544117647059,0.014131433823529412
5,0.1,1.0,crp_dataset_8_1_5.csv|crp_dataset_8_1_2.csv|crp_dataset_8_1_8.csv|crp_dataset_8_1_3.csv|crp_dataset_8_1_6.csv,crp_dataset_8_1_1.csv,0.604904,0.857142857132653,0.5714285714240362,72,12,54,118,0.0252685546875,0.004761904761904762,0.020506649925595238
5,0.1,1.0,crp_dataset_8_1_7.csv|crp_dataset_8_1_4.csv|crp_dataset_8_1_1.csv|crp_dataset_8_1_2.csv|crp_dataset_8_1_8.csv,crp_dataset_8_1_5.csv,0.62411195,0.9333333333177778,0.5599999999944,56,4,44,152,0.039282226562499994,0.0017708333333333332,0.03751139322916666
5,0.1,1.0,crp_dataset_8_1_7.csv|crp_dataset_8_1_4.csv|crp_dataset_8_1_1.csv|crp_dataset_8_1_2.csv|crp_dataset_8_1_8.csv,crp_dataset_8_1_3.csv,0.62411195,0.918032786877721,0.6473988439268937,112,10,61,73,0.0196044921875,0.0035348360655737708,0.016069656121926228
5,0.1,1.0,crp_dataset_8_1_7.csv|crp_dataset_8_1_4.csv|crp_dataset_8_1_1.csv|crp_dataset_8_1_2.csv|crp_dataset_8_1_8.csv,crp_dataset_8_1_6.csv,0.62411195,0.8735632183807636,0.5428571428532654,76,11,64,105,0.026928710937499996,0.00646551724137931,0.020463193696120686
5,0.1,1.0,crp_dataset_8_1_7.csv|crp_dataset_8_1_4.csv|crp_dataset_8_1_1.csv|crp_dataset_8_1_2.csv|crp_dataset_8_1_3.csv,crp_dataset_8_1_5.csv,0.8274148,0.9999999999166667,0.1199999999988,12,0,88,156,0.039282226562499994,0.0,0.039282226562499994
5,0.1,1.0,crp_dataset_8_1_7.csv|crp_dataset_8_1_4.csv|crp_dataset_8_1_1.csv|crp_dataset_8_1_2.csv|crp_dataset_8_1_3.csv,crp_dataset_8_1_8.csv,0.8274148,0.9999999999642857,0.20289855072316743,28,0,110,118,0.0283203125,0.0031250000000000006,0.0251953125
5,0.1,1.0,crp_dataset_8_1_7.csv|crp_dataset_8_1_4.csv|crp_dataset_8_1_1.csv|crp_dataset_8_1_2.csv|crp_dataset_8_1_3.csv,crp_dataset_8_1_6.csv,0.8274148,0.9999999999868421,0.5428571428532654,76,0,64,116,0.026928710937499996,8.223684210526316e-05,0.026846474095394732
5,0.1,1.0,crp_dataset_8_1_7.csv|crp_dataset_8_1_4.csv|crp_dataset_8_1_1.csv|crp_dataset_8_1_2.csv|crp_dataset_8_1_6.csv,crp_dataset_8_1_5.csv,0.7485645,0.9999999999870129,0.7699999999923,77,0,23,156,0.039282226562499994,0.0013798701298701301,0.03790235643262987
5,0.1,1.0,crp_dataset_8_1_7.csv|crp_dataset_8_1_4.csv|crp_dataset_8_1_1.csv|crp_dataset_8_1_2.csv|crp_dataset_8_1_6.csv,crp_dataset_8_1_8.csv,0.7485645,0.9999999999836067,0.4420289855040433,61,0,77,118,0.0283203125,0.0029713114754098364,0.025349001024590163
5,0.1,1.0,crp_dataset_8_1_7.csv|crp_dataset_8_1_4.csv|crp_dataset_8_1_1.csv|crp_dataset_8_1_2.csv|crp_dataset_8_1_6.csv,crp_dataset_8_1_3.csv,0.7485645,0.9572649572567755,0.6473988439268937,112,5,61,78,0.0196044921875,0.0008012820512820513,0.018803210136217947
5,0.1,1.0,crp_dataset_8_1_7.csv|crp_dataset_8_1_4.csv|crp_dataset_8_1_1.csv|crp_dataset_8_1_8.csv|crp_dataset_8_1_3.csv,crp_dataset_8_1_5.csv,0.62080806,0.99999999995,0.199999999998,20,0,80,156,0.039282226562499994,0.0,0.039282226562499994
5,0.1,1.0,crp_dataset_8_1_7.csv|crp_dataset_8_1_4.csv|crp_dataset_8_1_1.csv|crp_dataset_8_1_8.csv|crp_dataset_8_1_3.csv,crp_dataset_8_1_2.csv,0.62080806,0.0,0.0,0,0,119,137,0.039453125,,
5,0.1,1.0,crp_dataset_8_1_7.csv|crp_dataset_8_1_4.csv|crp_dataset_8_1_1.csv|crp_dataset_8_1_8.csv|crp_dataset_8_1_3.csv,crp_dataset_8_1_6.csv,0.62080806,0.6034482758594679,0.9999999999928573,140,92,0,24,0.026928710937499996,0.020770474137931032,0.006158236799568964
5,0.1,1.0,crp_dataset_8_1_7.csv|crp_dataset_8_1_4.csv|crp_dataset_8_1_1.csv|crp_dataset_8_1_8.csv|crp_dataset_8_1_6.csv,crp_dataset_8_1_5.csv,0.7117118,0.9999999999870129,0.7699999999923,77,0,23,156,0.039282226562499994,0.0013798701298701301,0.03790235643262987
5,0.1,1.0,crp_dataset_8_1_7.csv|crp_dataset_8_1_4.csv|crp_dataset_8_1_1.csv|crp_dataset_8_1_8.csv|crp_dataset_8_1_6.csv,crp_dataset_8_1_2.csv,0.7117118,0.9425287356213502,0.6890756302463102,82,5,37,132,0.039453125,0.0020114942528735636,0.037441630747126434
5,0.1,1.0,crp_dataset_8_1_7.csv|crp_dataset_8_1_4.csv|crp_dataset_8_1_1.csv|crp_dataset_8_1_8.csv|crp_dataset_8_1_6.csv,crp_dataset_8_1_3.csv,0.7117118,0.9411764705803263,0.6473988439268937,112,7,61,76,0.0196044921875,0.0017857142857142859,0.017818777901785713
5,0.1,1.0,crp_dataset_8_1_7.csv|crp_dataset_8_1_4.csv|crp_dataset_8_1_1.csv|crp_dataset_8_1_3.csv|crp_dataset_8_1_6.csv,crp_dataset_8_1_5.csv,0.81622034,0.0,0.0,0,0,100,156,0.039282226562499994,,
5,0.1,1.0,crp_dataset_8_1_7.csv|crp_dataset_8_1_4.csv|crp_dataset_8_1_1.csv|crp_dataset_8_1_3.csv|crp_dataset_8_1_6.csv,crp_dataset_8_1_2.csv,0.81622034,0.0,0.0,0,0,119,137,0.039453125,,
5,0.1,1.0,crp_dataset_8_1_7.csv|crp_dataset_8_1_4.csv|crp_dataset_8_1_1.csv|crp_dataset_8_1_3.csv|crp_dataset_8_1_6.csv,crp_dataset_8_1_8.csv,0.81622034,0.9999999996666666,0.02173913043462508,3,0,135,118,0.0283203125,0.0020833333333333333,0.026236979166666667
5,0.1,1.0,crp_dataset_8_1_7.csv|crp_dataset_8_1_4.csv|crp_dataset_8_1_2.csv|crp_dataset_8_1_8.csv|crp_dataset_8_1_3.csv,crp_dataset_8_1_5.csv,0.7030355,0.9999999999714286,0.3499999999965,35,0,65,156,0.039282226562499994,0.00017857142857142857,0.039103655133928564
5,0.1,1.0,crp_dataset_8_1_7.csv|crp_dataset_8_1_4.csv|crp_dataset_8_1_2.csv|crp_dataset_8_1_8.csv|crp_dataset_8_1_3.csv,crp_dataset_8_1_1.csv,0.7030355,0.8333333333217592,0.4761904761866969,60,12,66,118,0.0252685546875,0.005555555555555556,0.019712999131944443
5,0.1,1.0,crp_dataset_8_1_7.csv|crp_dataset_8_1_4.csv|crp_dataset_8_1_2.csv|crp_dataset_8_1_8.csv|crp_dataset_8_1_3.csv,crp_dataset_8_1_6.csv,0.7030355,0.8735632183807636,0.5428571428532654,76,11,64,105,0.026928710937499996,0.00646551724137931,0.020463193696120686
5,0.1,1.0,crp_dataset_8_1_7.csv|crp_dataset_8_1_4.csv|crp_dataset_8_1_2.csv|crp_dataset_8_1_8.csv|crp_dataset_8_1_6.csv,crp_dataset_8_1_5.csv,0.66674155,0.9999999999868421,0.7599999999924,76,0,24,156,0.039282226562499994,0.0013157894736842105,0.03796643708881579
5,0.1,1.0,crp_dataset_8_1_7.csv|crp_dataset_8_1_4.csv|crp_dataset_8_1_2.csv|crp_dataset_8_1_8.csv|crp_dataset_8_1_6.csv,crp_dataset_8_1_1.csv,0.66674155,0.8333333333217592,0.4761904761866969,60,12,66,118,0.0252685546875,0.005555555555555556,0.019712999131944443
5,0.1,1.0,crp_dataset_8_1_7.csv|crp_dataset_8_1_4.csv|crp_dataset_8_1_2.csv|crp_dataset_8_1_8.csv|crp_dataset_8_1_6.csv,crp_dataset_8_1_3.csv,0.66674155,0.9411764705803263,0.6473988439268937,112,7,61,76,0.0196044921875,0.0017857142857142859,0.017818777901785713
5,0.1,1.0,crp_dataset_8_1_7.csv|crp_dataset_8_1_4.csv|crp_dataset_8_1_2.csv|crp_dataset_8_1_3.csv|crp_dataset_8_1_6.csv,crp_dataset_8_1_5.csv,0.72258687,0.9999999999870129,0.7699999999923,77,0,23,156,0.039282226562499994,0.0013798701298701301,0.03790235643262987
5,0.1,1.0,crp_dataset_8_1_7.csv|crp_dataset_8_1_4.csv|crp_dataset_8_1_2.csv|crp_dataset_8_1_3.csv|crp_dataset_8_1_6.csv,crp_dataset_8_1_1.csv,0.72258687,0.9836065573609245,0.4761904761866969,60,1,66,129,0.0252685546875,0.0003073770491803279,0.024961177638319672
5,0.1,1.0,crp_dataset_8_1_7.csv|crp_dataset_8_1_4.csv|crp_dataset_8_1_2.csv|crp_dataset_8_1_3.csv|crp_dataset_8_1_6.csv,crp_dataset_8_1_8.csv,0.72258687,0.9999999999836067,0.4420289855040433,61,0,77,118,0.0283203125,0.0029713114754098364,0.025349001024590163
5,0.1,1.0,crp_dataset_8_1_7.csv|crp_dataset_8_1_4.csv|crp_dataset_8_1_8.csv|crp_dataset_8_1_3.csv|crp_dataset_8_1_6.csv,crp_dataset_8_1_5.csv,0.68595326,0.9999999999870129,0.7699999999923,77,0,23,156,0.039282226562499994,0.0013798701298701301,0.03790235643262987
5,0.1,1.0,crp_dataset_8_1_7.csv|crp_dataset_8_1_4.csv|crp_dataset_8_1_8.csv|crp_dataset_8_1_3.csv|crp_dataset_8_1_6.csv,crp_dataset_8_1_1.csv,0.68595326,0.8333333333217592,0.4761904761866969,60,12,66,118,0.0252685546875,0.005555555555555556,0.019712999131944443
5,0.1,1.0,crp_dataset_8_1_7.csv|crp_dataset_8_1_4.csv|crp_dataset_8_1_8.csv|crp_dataset_8_1_3.csv|crp_dataset_8_1_6.csv,crp_dataset_8_1_2.csv,0.68595326,0.9425287356213502,0.6890756302463102,82,5,37,132,0.039453125,0.0020114942528735636,0.037441630747126434
5,0.1,1.0,crp_dataset_8_1_7.csv|crp_dataset_8_1_1.csv|crp_dataset_8_1_2.csv|crp_dataset_8_1_8.csv|crp_dataset_8_1_3.csv,crp_dataset_8_1_5.csv,0.6528831,0.9999999999870129,0.7699999999923,77,0,23,156,0.039282226562499994,0.0013798701298701301,0.03790235643262987
5,0.1,1.0,crp_dataset_8_1_7.csv|crp_dataset_8_1_1.csv|crp_dataset_8_1_2.csv|crp_dataset_8_1_8.csv|crp_dataset_8_1_3.csv,crp_dataset_8_1_4.csv,0.6528831,0.9166666666590277,0.8396946564821398,110,10,21,115,0.023046875,0.002395833333333333,0.020651041666666668
5,0.1,1.0,crp_dataset_8_1_7.csv|crp_dataset_8_1_1.csv|crp_dataset_8_1_2.csv|crp_dataset_8_1_8.csv|crp_dataset_8_1_3.csv,crp_dataset_8_1_6.csv,0.6528831,0.9156626505913775,0.5428571428532654,76,7,64,109,0.026928710937499996,0.00338855421686747,0.023540156720632525
5,0.1,1.0,crp_dataset_8_1_7.csv|crp_dataset_8_1_1.csv|crp_dataset_8_1_2.csv|crp_dataset_8_1_8.csv|crp_dataset_8_1_6.csv,crp_dataset_8_1_5.csv,0.6234511,0.9740259740133242,0.7499999999925,75,2,25,154,0.039282226562499994,0.0016233766233766235,0.03765884993912337
5,0.1,1.0,crp_dataset_8_1_7.csv|crp_dataset_8_1_1.csv|crp_dataset_8_1_2.csv|crp_dataset_8_1_8.csv|crp_dataset_8_1_6.csv,crp_dataset_8_1_4.csv,0.6234511,0.8629032257994927,0.816793893123536,107,17,24,108,0.023046875,0.005443548387096774,0.017603326612903227
5,0.1,1.0,crp_dataset_8_1_7.csv|crp_dataset_8_1_1.csv|crp_dataset_8_1_2.csv|crp_dataset_8_1_8.csv|crp_dataset_8_1_6.csv,crp_dataset_8_1_3.csv,0.6234511,0.918032786877721,0.6473988439268937,112,10,61,73,0.0196044921875,0.004252049180327869,0.015352443007172131
5,0.1,1.0,crp_dataset_8_1_7.csv|crp_dataset_8_1_1.csv|crp_dataset_8_1_2.csv|crp_dataset_8_1_3.csv|crp_dataset_8_1_6.csv,crp_dataset_8_1_5.csv,0.6680642,0.9999999999870129,0.7699999999923,77,0,23,156,0.039282226562499994,0.0013798701298701301,0.03790235643262987
5,0.1,1.0,crp_dataset_8_1_7.csv|crp_dataset_8_1_1.csv|crp_dataset_8_1_2.csv|crp_dataset_8_1_3.csv|crp_dataset_8_1_6.csv,crp_dataset_8_1_4.csv,0.6680642,0.9999999999896907,0.7404580152615233,97,0,34,125,0.023046875,0.0001288659793814433,0.02291800902061856
5,0.1,1.0,crp_dataset_8_1_7.csv|crp_dataset_8_1_1.csv|crp_dataset_8_1_2.csv|crp_dataset_8_1_3.csv|crp_dataset_8_1_6.csv,crp_dataset_8_1_8.csv,0.6680642,0.9999999999836067,0.4420289855040433,61,0,77,118,0.0283203125,0.0029713114754098364,0.025349001024590163
5,0.1,1.0,crp_dataset_8_1_7.csv|crp_dataset_8_1_1.csv|crp_dataset_8_1_8.csv|crp_dataset_8_1_3.csv|crp_dataset_8_1_6.csv,crp_dataset_8_1_5.csv,0.6338476,0.9999999999864865,0.7399999999926,74,0,26,156,0.039282226562499994,0.0011824324324324325,0.03809979413006756
5,0.1,1.0,crp_dataset_8_1_7.csv|crp_dataset_8_1_1.csv|crp_dataset_8_1_8.csv|crp_dataset_8_1_3.csv|crp_dataset_8_1_6.csv,crp_dataset_8_1_4.csv,0.6338476,0.8749999999921875,0.7480916030477246,98,14,33,111,0.023046875,0.0045758928571428565,0.018470982142857147
5,0.1,1.0,crp_dataset_8_1_7.csv|crp_dataset_8_1_1.csv|crp_dataset_8_1_8.csv|crp_dataset_8_1_3.csv|crp_dataset_8_1_6.csv,crp_dataset_8_1_2.csv,0.6338476,0.932432432419832,0.5798319327682366,69,5,50,132,0.039453125,0.0021114864864864866,0.03734163851351351
5,0.1,1.0,crp_dataset_8_1_7.csv|crp_dataset_8_1_2.csv|crp_dataset_8_1_8.csv|crp_dataset_8_1_3.csv|crp_dataset_8_1_6.csv,crp_dataset_8_1_5.csv,0.62313986,0.9242424242284205,0.6099999999939,61,5,39,151,0.039282226562499994,0.0020833333333333333,0.03719889322916666
5,0.1,1.0,crp_dataset_8_1_7.csv|crp_dataset_8_1_2.csv|crp_dataset_8_1_8.csv|crp_dataset_8_1_3.csv|crp_dataset_8_1_6.csv,crp_dataset_8_1_4.csv,0.62313986,0.8333333333267195,0.8015267175511335,105,21,26,104,0.023046875,0.007242063492063492,0.015804811507936507
5,0.1,1.0,crp_dataset_8_1_7.csv|crp_dataset_8_1_2.csv|crp_dataset_8_1_8.csv|crp_dataset_8_1_3.csv|crp_dataset_8_1_6.csv,crp_dataset_8_1_1.csv,0.62313986,0.8450704225233088,0.4761904761866969,60,11,66,119,0.0252685546875,0.004665492957746479,0.02060306172975352
5,0.1,1.0,crp_dataset_8_1_4.csv|crp_dataset_8_1_1.csv|crp_dataset_8_1_2.csv|crp_dataset_8_1_8.csv|crp_dataset_8_1_3.csv,crp_dataset_8_1_5.csv,0.63198954,0.9999999999743591,0.38999999999609997,39,0,61,156,0.039282226562499994,0.00016025641025641026,0.039121970152243585
5,0.1,1.0,crp_dataset_8_1_4.csv|crp_dataset_8_1_1.csv|crp_dataset_8_1_2.csv|crp_dataset_8_1_8.csv|crp_dataset_8_1_3.csv,crp_dataset_8_1_7.csv,0.63198954,0.8627450980222992,0.1999999999990909,44,7,176,29,0.0095703125,0.003676470588235294,0.005893841911764707
5,0.1,1.0,crp_dataset_8_1_4.csv|crp_dataset_8_1_1.csv|crp_dataset_8_1_2.csv|crp_dataset_8_1_8.csv|crp_dataset_8_1_3.csv,crp_dataset_8_1_6.csv,0.63198954,0.8099999999919,0.5785714285672959,81,19,59,97,0.026928710937499996,0.009625,0.017303710937499994
5,0.1,1.0,crp_dataset_8_1_4.csv|crp_dataset_8_1_1.csv|crp_dataset_8_1_2.csv|crp_dataset_8_1_8.csv|crp_dataset_8_1_6.csv,crp_dataset_8_1_5.csv,0.6582091,0.9999999999743591,0.38999999999609997,39,0,61,156,0.039282226562499994,0.00016025641025641026,0.039121970152243585
5,0.1,1.0,crp_dataset_8_1_4.csv|crp_dataset_8_1_1.csv|crp_dataset_8_1_2.csv|crp_dataset_8_1_8.csv|crp_dataset_8_1_6.csv,crp_dataset_8_1_7.csv,0.6582091,0.89999999997,0.12272727272671488,27,3,193,33,0.0095703125,0.002916666666666667,0.006653645833333334
5,0.1,1.0,crp_dataset_8_1_4.csv|crp_dataset_8_1_1.csv|crp_dataset_8_1_2.csv|crp_dataset_8_1_8.csv|crp_dataset_8_1_6.csv,crp_dataset_8_1_3.csv,0.6582091,0.8985507246246587,0.3583815028881019,62,7,111,76,0.0196044921875,0.005706521739130436,0.013897970448369563
5,0.1,1.0,crp_dataset_8_1_4.csv|crp_dataset_8_1_1.csv|crp_dataset_8_1_2.csv|crp_dataset_8_1_3.csv|crp_dataset_8_1_6.csv,crp_dataset_8_1_5.csv,0.65022135,0.8918918918798393,0.6599999999934,66,8,34,148,0.039282226562499994,0.002533783783783784,0.03674844277871621
5,0.1,1.0,crp_dataset_8_1_4.csv|crp_dataset_8_1_1.csv|crp_dataset_8_1_2.csv|crp_dataset_8_1_3.csv|crp_dataset_8_1_6.csv,crp_dataset_8_1_7.csv,0.65022135,0.9601769911461939,0.9863636363591529,217,9,3,27,0.0095703125,0.0014103982300884956,0.008159914269911505
5,0.1,1.0,crp_dataset_8_1_4.csv|crp_dataset_8_1_1.csv|crp_dataset_8_1_2.csv|crp_dataset_8_1_3.csv|crp_dataset_8_1_6.csv,crp_dataset_8_1_8.csv,0.65022135,0.80851063828067,0.27536231883858436,38,9,100,109,0.0283203125,0.005452127659574467,0.022868184840425534
5,0.1,1.0,crp_dataset_8_1_4.csv|crp_dataset_8_1_1.csv|crp_dataset_8_1_8.csv|crp_dataset_8_1_3.csv|crp_dataset_8_1_6.csv,crp_dataset_8_1_5.csv,0.63112515,0.7551020408009164,0.3699999999963,37,12,63,144,0.039282226562499994,0.008801020408163265,0.030481206154336728
5,0.1,1.0,crp_dataset_8_1_4.csv|crp_dataset_8_1_1.csv|crp_dataset_8_1_8.csv|crp_dataset_8_1_3.csv|crp_dataset_8_1_6.csv,crp_dataset_8_1_7.csv,0.63112515,0.9299999999906999,0.42272727272535127,93,7,127,29,0.0095703125,0.002,0.007570312500000001
5,0.1,1.0,crp_dataset_8_1_4.csv|crp_dataset_8_1_1.csv|crp_dataset_8_1_8.csv|crp_dataset_8_1_3.csv|crp_dataset_8_1_6.csv,crp_dataset_8_1_2.csv,0.63112515,0.8518518518203018,0.19327731092274555,23,4,96,133,0.039453125,0.004861111111111111,0.034592013888888884
5,0.1,1.0,crp_dataset_8_1_4.csv|crp_dataset_8_1_2.csv|crp_dataset_8_1_8.csv|crp_dataset_8_1_3.csv|crp_dataset_8_1_6.csv,crp_dataset_8_1_5.csv,0.60812193,0.6605504587095362,0.7199999999928,72,37,28,119,0.039282226562499994,0.015022935779816515,0.02425929078268348
5,0.1,1.0,crp_dataset_8_1_4.csv|crp_dataset_8_1_2.csv|crp_dataset_8_1_8.csv|crp_dataset_8_1_3.csv|crp_dataset_8_1_6.csv,crp_dataset_8_1_7.csv,0.60812193,0.9230769230667794,0.3818181818164463,84,7,136,29,0.0095703125,0.0022664835164835162,0.0073038289835164845
5,0.1,1.0,crp_dataset_8_1_4.csv|crp_dataset_8_1_2.csv|crp_dataset_8_1_8.csv|crp_dataset_8_1_3.csv|crp_dataset_8_1_6.csv,crp_dataset_8_1_1.csv,0.60812193,0.7999999999893332,0.4761904761866969,60,15,66,115,0.0252685546875,0.007,0.0182685546875
5,0.1,1.0,crp_dataset_8_1_1.csv|crp_dataset_8_1_2.csv|crp_dataset_8_1_8.csv|crp_dataset_8_1_3.csv|crp_dataset_8_1_6.csv,crp_dataset_8_1_5.csv,0.61632156,0.5964912280597107,0.33999999999659997,34,23,66,133,0.039282226562499994,0.01929824561403509,0.019983980948464906
5,0.1,1.0,crp_dataset_8_1_1.csv|crp_dataset_8_1_2.csv|crp_dataset_8_1_8.csv|crp_dataset_8_1_3.csv|crp_dataset_8_1_6.csv,crp_dataset_8_1_7.csv,0.61632156,0.9205020920463578,0.9999999999954546,220,19,0,17,0.0095703125,0.003059623430962343,0.006510689069037658
5,0.1,1.0,crp_dataset_8_1_1.csv|crp_dataset_8_1_2.csv|crp_dataset_8_1_8.csv|crp_dataset_8_1_3.csv|crp_dataset_8_1_6.csv,crp_dataset_8_1_4.csv,0.61632156,0.813008130074691,0.7633587786201271,100,23,31,102,0.023046875,0.007926829268292683,0.015120045731707318
6,0.1,1.0,crp_dataset_8_1_5.csv|crp_dataset_8_1_7.csv|crp_dataset_8_1_4.csv|crp_dataset_8_1_1.csv|crp_dataset_8_1_2.csv|crp_dataset_8_1_8.csv,crp_dataset_8_1_3.csv,0.7841721,0.9824561403422591,0.6473988439268937,112,2,61,81,0.0196044921875,0.0002192982456140351,0.019385193941885964
6,0.1,1.0,crp_dataset_8_1_5.csv|crp_dataset_8_1_7.csv|crp_dataset_8_1_4.csv|crp_dataset_8_1_1.csv|crp_dataset_8_1_2.csv|crp_dataset_8_1_8.csv,crp_dataset_8_1_6.csv,0.7841721,0.9999999999868421,0.5428571428532654,76,0,64,116,0.026928710937499996,8.223684210526316e-05,0.026846474095394732
6,0.1,1.0,crp_dataset_8_1_5.csv|crp_dataset_8_1_7.csv|crp_dataset_8_1_4.csv|crp_dataset_8_1_1.csv|crp_dataset_8_1_2.csv|crp_dataset_8_1_3.csv,crp_dataset_8_1_8.csv,0.62937844,0.8089887640358541,0.521739130431002,72,17,66,101,0.0283203125,0.005337078651685393,0.02298323384831461
6,0.1,1.0,crp_dataset_8_1_5.csv|crp_dataset_8_1_7.csv|crp_dataset_8_1_4.csv|crp_dataset_8_1_1.csv|crp_dataset_8_1_2.csv|crp_dataset_8_1_3.csv,crp_dataset_8_1_6.csv,0.62937844,0.9047619047511337,0.5428571428532654,76,8,64,108,0.026928710937499996,0.003943452380952381,0.022985258556547615
6,0.1,1.0,crp_dataset_8_1_5.csv|crp_dataset_8_1_7.csv|crp_dataset_8_1_4.csv|crp_dataset_8_1_1.csv|crp_dataset_8_1_2.csv|crp_dataset_8_1_6.csv,crp_dataset_8_1_8.csv,0.6570668,0.9836065573609245,0.4347826086925016,60,1,78,117,0.0283203125,0.0031762295081967217,0.025144082991803277
6,0.1,1.0,crp_dataset_8_1_5.csv|crp_dataset_8_1_7.csv|crp_dataset_8_1_4.csv|crp_dataset_8_1_1.csv|crp_dataset_8_1_2.csv|crp_dataset_8_1_6.csv,crp_dataset_8_1_3.csv,0.6570668,0.9411764705803263,0.6473988439268937,112,7,61,76,0.0196044921875,0.0017857142857142859,0.017818777901785713
6,0.1,1.0,crp_dataset_8_1_5.csv|crp_dataset_8_1_7.csv|crp_dataset_8_1_4.csv|crp_dataset_8_1_1.csv|crp_dataset_8_1_8.csv|crp_dataset_8_1_3.csv,crp_dataset_8_1_2.csv,0.736005,0.9999999999444444,0.15126050420040957,18,0,101,137,0.039453125,0.0010416666666666669,0.03841145833333333
6,0.1,1.0,crp_dataset_8_1_5.csv|crp_dataset_8_1_7.csv|crp_dataset_8_1_4.csv|crp_dataset_8_1_1.csv|crp_dataset_8_1_8.csv|crp_dataset_8_1_3.csv,crp_dataset_8_1_6.csv,0.736005,0.9999999999750001,0.28571428571224494,40,0,100,116,0.026928710937499996,0.0,0.026928710937499996
6,0.1,1.0,crp_dataset_8_1_5.csv|crp_dataset_8_1_7.csv|crp_dataset_8_1_4.csv|crp_dataset_8_1_1.csv|crp_dataset_8_1_8.csv|crp_dataset_8_1_6.csv,crp_dataset_8_1_2.csv,0.6643366,0.9999999999285715,0.11764705882254078,14,0,105,137,0.039453125,0.0008928571428571429,0.03856026785714286
6,0.1,1.0,crp_dataset_8_1_5.csv|crp_dataset_8_1_7.csv|crp_dataset_8_1_4.csv|crp_dataset_8_1_1.csv|crp_dataset_8_1_8.csv|crp_dataset_8_1_6.csv,crp_dataset_8_1_3.csv,0.6643366,0.9411764705803263,0.6473988439268937,112,7,61,76,0.0196044921875,0.0017857142857142859,0.017818777901785713
6,0.1,1.0,crp_dataset_8_1_5.csv|crp_dataset_8_1_7.csv|crp_dataset_8_1_4.csv|crp_dataset_8_1_1.csv|crp_dataset_8_1_3.csv|crp_dataset_8_1_6.csv,crp_dataset_8_1_2.csv,0.82554185,0.0,0.0,0,0,119,137,0.039453125,,
6,0.1,1.0,crp_dataset_8_1_5.csv|crp_dataset_8_1_7.csv|crp_dataset_8_1_4.csv|crp_dataset_8_1_1.csv|crp_dataset_8_1_3.csv|crp_dataset_8_1_6.csv,crp_dataset_8_1_8.csv,0.82554185,0.9999999999285715,0.10144927536158371,14,0,124,118,0.0283203125,0.002232142857142857,0.026088169642857144
6,0.1,1.0,crp_dataset_8_1_5.csv|crp_dataset_8_1_7.csv|crp_dataset_8_1_4.csv|crp_dataset_8_1_2.csv|crp_dataset_8_1_8.csv|crp_dataset_8_1_3.csv,crp_dataset_8_1_1.csv,0.6911827,0.9999999999833334,0.4761904761866969,60,0,66,130,0.0252685546875,0.00010416666666666667,0.025164388020833334
6,0.1,1.0,crp_dataset_8_1_5.csv|crp_dataset_8_1_7.csv|crp_dataset_8_1_4.csv|crp_dataset_8_1_2.csv|crp_dataset_8_1_8.csv|crp_dataset_8_1_3.csv,crp_dataset_8_1_6.csv,0.6911827,0.9999999999868421,0.5428571428532654,76,0,64,116,0.026928710937499996,8.223684210526316e-05,0.026846474095394732
6,0.1,1.0,crp_dataset_8_1_5.csv|crp_dataset_8_1_7.csv|crp_dataset_8_1_4.csv|crp_dataset_8_1_2.csv|crp_dataset_8_1_8.csv|crp_dataset_8_1_6.csv,crp_dataset_8_1_1.csv,0.6327528,0.7894736842001384,0.4761904761866969,60,16,66,114,0.0252685546875,0.007976973684210525,0.017291581003289473
6,0.1,1.0,crp_dataset_8_1_5.csv|crp_dataset_8_1_7.csv|crp_dataset_8_1_4.csv|crp_dataset_8_1_2.csv|crp_dataset_8_1_8.csv|crp_dataset_8_1_6.csv,crp_dataset_8_1_3.csv,0.6327528,0.8837209302257076,0.6589595375684454,114,15,59,68,0.0196044921875,0.00557170542635659,0.014032786761143409
6,0.1,1.0,crp_dataset_8_1_5.csv|crp_dataset_8_1_7.csv|crp_dataset_8_1_4.csv|crp_dataset_8_1_2.csv|crp_dataset_8_1_3.csv|crp_dataset_8_1_6.csv,crp_dataset_8_1_1.csv,0.67241776,0.8450704225233088,0.4761904761866969,60,11,66,119,0.0252685546875,0.004665492957746479,0.02060306172975352
6,0.1,1.0,crp_dataset_8_1_5.csv|crp_dataset_8_1_7.csv|crp_dataset_8_1_4.csv|crp_dataset_8_1_2.csv|crp_dataset_8_1_3.csv|crp_dataset_8_1_6.csv,crp_dataset_8_1_8.csv,0.67241776,0.910447761180441,0.4420289855040433,61,6,77,112,0.0283203125,0.003917910447761194,0.024402402052238807
6,0.1,1.0,crp_dataset_8_1_5.csv|crp_dataset_8_1_7.csv|crp_dataset_8_1_4.csv|crp_dataset_8_1_8.csv|crp_dataset_8_1_3.csv|crp_dataset_8_1_6.csv,crp_dataset_8_1_1.csv,0.61592025,0.8333333333217592,0.4761904761866969,60,12,66,118,0.0252685546875,0.005555555555555556,0.019712999131944443
6,0.1,1.0,crp_dataset_8_1_5.csv|crp_dataset_8_1_7.csv|crp_dataset_8_1_4.csv|crp_dataset_8_1_8.csv|crp_dataset_8_1_3.csv|crp_dataset_8_1_6.csv,crp_dataset_8_1_2.csv,0.61592025,0.9333333333125927,0.35294117646762235,42,3,77,134,0.039453125,0.0025000000000000005,0.036953124999999996
6,0.1,1.0,crp_dataset_8_1_5.csv|crp_dataset_8_1_7.csv|crp_dataset_8_1_1.csv|crp_dataset_8_1_2.csv|crp_dataset_8_1_8.csv|crp_dataset_8_1_3.csv,crp_dataset_8_1_4.csv,0.8153473,0.999999999990909,0.8396946564821398,110,0,21,125,0.023046875,0.0002840909090909091,0.022762784090909094
6,0.1,1.0,crp_dataset_8_1_5.csv|crp_dataset_8_1_7.csv|crp_dataset_8_1_1.csv|crp_dataset_8_1_2.csv|crp_dataset_8_1_8.csv|crp_dataset_8_1_3.csv,crp_dataset_8_1_6.csv,0.8153473,0.9999999999868421,0.5428571428532654,76,0,64,116,0.026928710937499996,8.223684210526316e-05,0.026846474095394732
6,0.1,1.0,crp_dataset_8_1_5.csv|crp_dataset_8_1_7.csv|crp_dataset_8_1_1.csv|crp_dataset_8_1_2.csv|crp_dataset_8_1_8.csv|crp_dataset_8_1_6.csv,crp_dataset_8_1_4.csv,0.6141802,0.8333333333270203,0.8396946564821398,110,22,21,103,0.023046875,0.007670454545454547,0.015376420454545455
6,0.1,1.0,crp_dataset_8_1_5.csv|crp_dataset_8_1_7.csv|crp_dataset_8_1_1.csv|crp_dataset_8_1_2.csv|crp_dataset_8_1_8.csv|crp_dataset_8_1_6.csv,crp_dataset_8_1_3.csv,0.6141802,0.8888888888818341,0.6473988439268937,112,14,61,69,0.0196044921875,0.006398809523809524,0.013205682663690476
6,0.1,1.0,crp_dataset_8_1_5.csv|crp_dataset_8_1_7.csv|crp_dataset_8_1_1.csv|crp_dataset_8_1_2.csv|crp_dataset_8_1_3.csv|crp_dataset_8_1_6.csv,crp_dataset_8_1_4.csv,0.65784687,0.9401709401629045,0.8396946564821398,110,7,21,118,0.023046875,0.0018162393162393163,0.021230635683760685
6,0.1,1.0,crp_dataset_8_1_5.csv|crp_dataset_8_1_7.csv|crp_dataset_8_1_1.csv|crp_dataset_8_1_2.csv|crp_dataset_8_1_3.csv|crp_dataset_8_1_6.csv,crp_dataset_8_1_8.csv,0.65784687,0.9672131147382425,0.4275362318809599,59,2,79,116,0.0283203125,0.0032786885245901644,0.025041623975409835
6,0.1,1.0,crp_dataset_8_1_5.csv|crp_dataset_8_1_7.csv|crp_dataset_8_1_1.csv|crp_dataset_8_1_8.csv|crp_dataset_8_1_3.csv|crp_dataset_8_1_6.csv,crp_dataset_8_1_4.csv,0.6124136,0.813008130074691,0.7633587786201271,100,23,31,102,0.023046875,0.007926829268292683,0.015120045731707318
6,0.1,1.0,crp_dataset_8_1_5.csv|crp_dataset_8_1_7.csv|crp_dataset_8_1_1.csv|crp_dataset_8_1_8.csv|crp_dataset_8_1_3.csv|crp_dataset_8_1_6.csv,crp_dataset_8_1_2.csv,0.6124136,0.0,0.0,0,0,119,137,0.039453125,,
6,0.1,1.0,crp_dataset_8_1_5.csv|crp_dataset_8_1_7.csv|crp_dataset_8_1_2.csv|crp_dataset_8_1_8.csv|crp_dataset_8_1_3.csv|crp_dataset_8_1_6.csv,crp_dataset_8_1_4.csv,0.69123334,0.9553571428486128,0.816793893123536,107,5,24,120,0.023046875,0.0010044642857142858,0.022042410714285716
6,0.1,1.0,crp_dataset_8_1_5.csv|crp_dataset_8_1_7.csv|crp_dataset_8_1_2.csv|crp_dataset_8_1_8.csv|crp_dataset_8_1_3.csv|crp_dataset_8_1_6.csv,crp_dataset_8_1_1.csv,0.69123334,0.9230769230627218,0.4761904761866969,60,5,66,125,0.0252685546875,0.0021153846153846158,0.023153170072115384
6,0.1,1.0,crp_dataset_8_1_5.csv|crp_dataset_8_1_4.csv|crp_dataset_8_1_1.csv|crp_dataset_8_1_2.csv|crp_dataset_8_1_8.csv|crp_dataset_8_1_3.csv,crp_dataset_8_1_7.csv,0.7553642,0.999999999990991,0.5045454545431611,111,0,109,36,0.0095703125,0.0003941441441441442,0.009176168355855857
6,0.1,1.0,crp_dataset_8_1_5.csv|crp_dataset_8_1_4.csv|crp_dataset_8_1_1.csv|crp_dataset_8_1_2.csv|crp_dataset_8_1_8.csv|crp_dataset_8_1_3.csv,crp_dataset_8_1_6.csv,0.7553642,0.9999999999736843,0.2714285714266327,38,0,102,116,0.026928710937499996,0.0,0.026928710937499996
6,0.1,1.0,crp_dataset_8_1_5.csv|crp_dataset_8_1_4.csv|crp_dataset_8_1_1.csv|crp_dataset_8_1_2.csv|crp_dataset_8_1_8.csv|crp_dataset_8_1_6.csv,crp_dataset_8_1_7.csv,0.6106638,0.948387096768075,0.668181818178781,147,8,73,28,0.0095703125,0.0015725806451612906,0.00799773185483871
6,0.1,1.0,crp_dataset_8_1_5.csv|crp_dataset_8_1_4.csv|crp_dataset_8_1_1.csv|crp_dataset_8_1_2.csv|crp_dataset_8_1_8.csv|crp_dataset_8_1_6.csv,crp_dataset_8_1_3.csv,0.6106638,0.8823529411690558,0.6069364161814629,105,14,68,69,0.0196044921875,0.006775210084033614,0.012829282103466386
6,0.1,1.0,crp_dataset_8_1_5.csv|crp_dataset_8_1_4.csv|crp_dataset_8_1_1.csv|crp_dataset_8_1_2.csv|crp_dataset_8_1_3.csv|crp_dataset_8_1_6.csv,crp_dataset_8_1_7.csv,0.7245079,0.9865470851973698,0.9999999999954546,220,3,0,33,0.0095703125,0.0005325112107623318,0.009037801289237668
6,0.1,1.0,crp_dataset_8_1_5.csv|crp_dataset_8_1_4.csv|crp_dataset_8_1_1.csv|crp_dataset_8_1_2.csv|crp_dataset_8_1_3.csv|crp_dataset_8_1_6.csv,crp_dataset_8_1_8.csv,0.7245079,0.8703703703542525,0.3405797101424596,47,7,91,111,0.0283203125,0.004745370370370371,0.023574942129629628
6,0.1,1.0,crp_dataset_8_1_5.csv|crp_dataset_8_1_4.csv|crp_dataset_8_1_1.csv|crp_dataset_8_1_8.csv|crp_dataset_8_1_3.csv|crp_dataset_8_1_6.csv,crp_dataset_8_1_7.csv,0.6736418,0.939655172409743,0.9909090909045868,218,14,2,22,0.0095703125,0.0021551724137931034,0.007415140086206897
6,0.1,1.0,crp_dataset_8_1_5.csv|crp_dataset_8_1_4.csv|crp_dataset_8_1_1.csv|crp_dataset_8_1_8.csv|crp_dataset_8_1_3.csv|crp_dataset_8_1_6.csv,crp_dataset_8_1_2.csv,0.6736418,0.9999999998888889,0.07563025210020478,9,0,110,137,0.039453125,0.0006944444444444445,0.03875868055555556
6,0.1,1.0,crp_dataset_8_1_5.csv|crp_dataset_8_1_4.csv|crp_dataset_8_1_2.csv|crp_dataset_8_1_8.csv|crp_dataset_8_1_3.csv|crp_dataset_8_1_6.csv,crp_dataset_8_1_7.csv,0.6461372,0.9128630705356313,0.9999999999954546,220,21,0,15,0.0095703125,0.004201244813278009,0.005369067686721992
6,0.1,1.0,crp_dataset_8_1_5.csv|crp_dataset_8_1_4.csv|crp_dataset_8_1_2.csv|crp_dataset_8_1_8.csv|crp_dataset_8_1_3.csv|crp_dataset_8_1_6.csv,crp_dataset_8_1_1.csv,0.6461372,0.8481012658120494,0.5317460317418116,67,12,59,118,0.0252685546875,0.005063291139240506,0.020205263548259494
6,0.1,1.0,crp_dataset_8_1_5.csv|crp_dataset_8_1_1.csv|crp_dataset_8_1_2.csv|crp_dataset_8_1_8.csv|crp_dataset_8_1_3.csv|crp_dataset_8_1_6.csv,crp_dataset_8_1_7.csv,0.6101654,0.8661417322800546,0.9999999999954546,220,34,0,2,0.0095703125,0.008956692913385826,0.0006136195866141749
6,0.1,1.0,crp_dataset_8_1_5.csv|crp_dataset_8_1_1.csv|crp_dataset_8_1_2.csv|crp_dataset_8_1_8.csv|crp_dataset_8_1_3.csv|crp_dataset_8_1_6.csv,crp_dataset_8_1_4.csv,0.6101654,0.7708333333279804,0.8473282442683411,111,33,20,92,0.023046875,0.009809027777777778,0.013237847222222224
6,0.1,1.0,crp_dataset_8_1_7.csv|crp_dataset_8_1_4.csv|crp_dataset_8_1_1.csv|crp_dataset_8_1_2.csv|crp_dataset_8_1_8.csv|crp_dataset_8_1_3.csv,crp_dataset_8_1_5.csv,0.65379214,0.999999999982143,0.5599999999944,56,0,44,156,0.039282226562499994,0.0006696428571428573,0.03861258370535714
6,0.1,1.0,crp_dataset_8_1_7.csv|crp_dataset_8_1_4.csv|crp_dataset_8_1_1.csv|crp_dataset_8_1_2.csv|crp_dataset_8_1_8.csv|crp_dataset_8_1_3.csv,crp_dataset_8_1_6.csv,0.65379214,0.9156626505913775,0.5428571428532654,76,7,64,109,0.026928710937499996,0.00338855421686747,0.023540156720632525
6,0.1,1.0,crp_dataset_8_1_7.csv|crp_dataset_8_1_4.csv|crp_dataset_8_1_1.csv|crp_dataset_8_1_2.csv|crp_dataset_8_1_8.csv|crp_dataset_8_1_6.csv,crp_dataset_8_1_5.csv,0.61043644,0.8735632183807636,0.7599999999924,76,11,24,145,0.039282226562499994,0.004813218390804598,0.034469008171695396
6,0.1,1.0,crp_dataset_8_1_7.csv|crp_dataset_8_1_4.csv|crp_dataset_8_1_1.csv|crp_dataset_8_1_2.csv|crp_dataset_8_1_8.csv|crp_dataset_8_1_6.csv,crp_dataset_8_1_3.csv,0.61043644,0.8888888888818341,0.6473988439268937,112,14,61,69,0.0196044921875,0.006398809523809524,0.013205682663690476
6,0.1,1.0,crp_dataset_8_1_7.csv|crp_dataset_8_1_4.csv|crp_dataset_8_1_1.csv|crp_dataset_8_1_2.csv|crp_dataset_8_1_3.csv|crp_dataset_8_1_6.csv,crp_dataset_8_1_5.csv,0.72390425,0.9999999999852941,0.6799999999931999,68,0,32,156,0.039282226562499994,0.0007352941176470588,0.03854693244485294
6,0.1,1.0,crp_dataset_8_1_7.csv|crp_dataset_8_1_4.csv|crp_dataset_8_1_1.csv|crp_dataset_8_1_2.csv|crp_dataset_8_1_3.csv|crp_dataset_8_1_6.csv,crp_dataset_8_1_8.csv,0.72390425,0.9999999999814816,0.39130434782325146,54,0,84,118,0.0283203125,0.002546296296296297,0.025774016203703703
6,0.1,1.0,crp_dataset_8_1_7.csv|crp_dataset_8_1_4.csv|crp_dataset_8_1_1.csv|crp_dataset_8_1_8.csv|crp_dataset_8_1_3.csv|crp_dataset_8_1_6.csv,crp_dataset_8_1_5.csv,0.73365337,0.9999999998571428,0.0699999999993,7,0,93,156,0.039282226562499994,0.0,0.039282226562499994
6,0.1,1.0,crp_dataset_8_1_7.csv|crp_dataset_8_1_4.csv|crp_dataset_8_1_1.csv|crp_dataset_8_1_8.csv|crp_dataset_8_1_3.csv|crp_dataset_8_1_6.csv,crp_dataset_8_1_2.csv,0.73365337,0.0,0.0,0,0,119,137,0.039453125,,
6,0.1,1.0,crp_dataset_8_1_7.csv|crp_dataset_8_1_4.csv|crp_dataset_8_1_2.csv|crp_dataset_8_1_8.csv|crp_dataset_8_1_3.csv|crp_dataset_8_1_6.csv,crp_dataset_8_1_5.csv,0.64600015,0.9999999999866667,0.7499999999925,75,0,25,156,0.039282226562499994,0.00125,0.03803222656249999
6,0.1,1.0,crp_dataset_8_1_7.csv|crp_dataset_8_1_4.csv|crp_dataset_8_1_2.csv|crp_dataset_8_1_8.csv|crp_dataset_8_1_3.csv|crp_dataset_8_1_6.csv,crp_dataset_8_1_1.csv,0.64600015,0.869565217378702,0.4761904761866969,60,9,66,121,0.0252685546875,0.0038043478260869567,0.021464206861413045
6,0.1,1.0,crp_dataset_8_1_7.csv|crp_dataset_8_1_1.csv|crp_dataset_8_1_2.csv|crp_dataset_8_1_8.csv|crp_dataset_8_1_3.csv|crp_dataset_8_1_6.csv,crp_dataset_8_1_5.csv,0.72388506,0.9999999999743591,0.38999999999609997,39,0,61,156,0.039282226562499994,0.00016025641025641026,0.039121970152243585
6,0.1,1.0,crp_dataset_8_1_7.csv|crp_dataset_8_1_1.csv|crp_dataset_8_1_2.csv|crp_dataset_8_1_8.csv|crp_dataset_8_1_3.csv|crp_dataset_8_1_6.csv,crp_dataset_8_1_4.csv,0.72388506,0.8571428571360544,0.8244274809097373,108,18,23,107,0.023046875,0.0063988095238095245,0.016648065476190476
6,0.1,1.0,crp_dataset_8_1_4.csv|crp_dataset_8_1_1.csv|crp_dataset_8_1_2.csv|crp_dataset_8_1_8.csv|crp_dataset_8_1_3.csv|crp_dataset_8_1_6.csv,crp_dataset_8_1_5.csv,0.60804445,0.7999999999915789,0.7599999999924,76,19,24,137,0.039282226562499994,0.006644736842105265,0.03263748972039473
6,0.1,1.0,crp_dataset_8_1_4.csv|crp_dataset_8_1_1.csv|crp_dataset_8_1_2.csv|crp_dataset_8_1_8.csv|crp_dataset_8_1_3.csv|crp_dataset_8_1_6.csv,crp_dataset_8_1_7.csv,0.60804445,0.9482758620648781,0.9999999999954546,220,12,0,24,0.0095703125,0.001724137931034483,0.007846174568965518
7,0.1,1.0,crp_dataset_8_1_5.csv|crp_dataset_8_1_7.csv|crp_dataset_8_1_4.csv|crp_dataset_8_1_1.csv|crp_dataset_8_1_2.csv|crp_dataset_8_1_8.csv|crp_dataset_8_1_3.csv,crp_dataset_8_1_6.csv,0.649658,0.9999999999868421,0.5428571428532654,76,0,64,116,0.026928710937499996,8.223684210526316e-05,0.026846474095394732
7,0.1,1.0,crp_dataset_8_1_5.csv|crp_dataset_8_1_7.csv|crp_dataset_8_1_4.csv|crp_dataset_8_1_1.csv|crp_dataset_8_1_2.csv|crp_dataset_8_1_8.csv|crp_dataset_8_1_6.csv,crp_dataset_8_1_3.csv,0.68120015,0.9333333333255556,0.6473988439268937,112,8,61,75,0.0196044921875,0.0020833333333333333,0.017521158854166666
7,0.1,1.0,crp_dataset_8_1_5.csv|crp_dataset_8_1_7.csv|crp_dataset_8_1_4.csv|crp_dataset_8_1_1.csv|crp_dataset_8_1_2.csv|crp_dataset_8_1_3.csv|crp_dataset_8_1_6.csv,crp_dataset_8_1_8.csv,0.6022858,0.9682539682385992,0.4420289855040433,61,2,77,116,0.0283203125,0.003273809523809524,0.025046502976190477
7,0.1,1.0,crp_dataset_8_1_5.csv|crp_dataset_8_1_7.csv|crp_dataset_8_1_4.csv|crp_dataset_8_1_1.csv|crp_dataset_8_1_8.csv|crp_dataset_8_1_3.csv|crp_dataset_8_1_6.csv,crp_dataset_8_1_2.csv,0.85779446,0.0,0.0,0,0,119,137,0.039453125,,
7,0.1,1.0,crp_dataset_8_1_5.csv|crp_dataset_8_1_7.csv|crp_dataset_8_1_4.csv|crp_dataset_8_1_2.csv|crp_dataset_8_1_8.csv|crp_dataset_8_1_3.csv|crp_dataset_8_1_6.csv,crp_dataset_8_1_1.csv,0.6662529,0.8607594936599904,0.5396825396782565,68,11,58,119,0.0252685546875,0.004984177215189873,0.020284377472310128
7,0.1,1.0,crp_dataset_8_1_5.csv|crp_dataset_8_1_7.csv|crp_dataset_8_1_1.csv|crp_dataset_8_1_2.csv|crp_dataset_8_1_8.csv|crp_dataset_8_1_3.csv|crp_dataset_8_1_6.csv,crp_dataset_8_1_4.csv,0.75634,0.9639639639552796,0.816793893123536,107,4,24,121,0.023046875,0.0011261261261261261,0.021920748873873876
7,0.1,1.0,crp_dataset_8_1_5.csv|crp_dataset_8_1_4.csv|crp_dataset_8_1_1.csv|crp_dataset_8_1_2.csv|crp_dataset_8_1_8.csv|crp_dataset_8_1_3.csv|crp_dataset_8_1_6.csv,crp_dataset_8_1_7.csv,0.6299022,0.9923664122061652,0.590909090906405,130,1,90,35,0.0095703125,0.00033396946564885497,0.009236343034351146
7,0.1,1.0,crp_dataset_8_1_7.csv|crp_dataset_8_1_4.csv|crp_dataset_8_1_1.csv|crp_dataset_8_1_2.csv|crp_dataset_8_1_8.csv|crp_dataset_8_1_3.csv|crp_dataset_8_1_6.csv,crp_dataset_8_1_5.csv,0.6527282,0.9999999999864865,0.7399999999926,74,0,26,156,0.039282226562499994,0.0011824324324324325,0.03809979413006756
