k_train_datasets,train_set,test_dataset,best_threshold,precision,recall,TP,FP,FN,TN,old_ber,new_ber,ber_reduction
1,crp_dataset_8_1_7.csv,crp_dataset_8_1_4.csv,0.7221778,0.5321888411994327,0.9465648854889576,124,109,7,16,0.023046875,0.022451716738197427,0.0005951582618025746
1,crp_dataset_8_1_7.csv,crp_dataset_8_1_3.csv,0.7221778,0.8553459119443061,0.7861271676255137,136,23,37,60,0.019604492187500003,0.008136792452830189,0.011467699734669814
1,crp_dataset_8_1_7.csv,crp_dataset_8_1_8.csv,0.7221778,0.5390624999978944,0.9999999999927537,138,118,0,0,0.0283203125,0.0283203125,0.0
1,crp_dataset_8_1_7.csv,crp_dataset_8_1_2.csv,0.7221778,0.46484374999818423,0.9999999999915966,119,137,0,0,0.03945312499999999,0.03945312499999999,0.0
1,crp_dataset_8_1_7.csv,crp_dataset_8_1_1.csv,0.7221778,0.4921874999980774,0.9999999999920635,126,130,0,0,0.0252685546875,0.0252685546875,0.0
1,crp_dataset_8_1_7.csv,crp_dataset_8_1_6.csv,0.7221778,0.7484276729512678,0.8499999999939286,119,40,21,76,0.026928710937500003,0.013561320754716982,0.013367390182783021
1,crp_dataset_8_1_7.csv,crp_dataset_8_1_5.csv,0.7221778,0.39062499999847416,0.99999999999,100,156,0,0,0.039282226562499994,0.039282226562499994,0.0
1,crp_dataset_8_1_4.csv,crp_dataset_8_1_7.csv,0.7687978,0.9999999999937889,0.7318181818148554,161,0,59,36,0.0095703125,0.00038819875776397513,0.009182113742236025
1,crp_dataset_8_1_4.csv,crp_dataset_8_1_3.csv,0.7687978,0.9823008849470592,0.6416184971061178,111,2,62,81,0.019604492187500003,0.00022123893805309737,0.019383253249446904
1,crp_dataset_8_1_4.csv,crp_dataset_8_1_8.csv,0.7687978,0.9682539682385992,0.4420289855040433,61,2,77,116,0.0283203125,0.003273809523809524,0.025046502976190477
1,crp_dataset_8_1_4.csv,crp_dataset_8_1_2.csv,0.7687978,0.9425287356213502,0.6890756302463102,82,5,37,132,0.03945312499999999,0.0020114942528735636,0.03744163074712643
1,crp_dataset_8_1_4.csv,crp_dataset_8_1_1.csv,0.7687978,0.9999999999833334,0.4761904761866969,60,0,66,130,0.0252685546875,0.00010416666666666667,0.025164388020833334
1,crp_dataset_8_1_4.csv,crp_dataset_8_1_6.csv,0.7687978,0.9999999999868421,0.5428571428532654,76,0,64,116,0.026928710937500003,8.223684210526316e-05,0.02684647409539474
1,crp_dataset_8_1_4.csv,crp_dataset_8_1_5.csv,0.7687978,0.9999999999870129,0.7699999999923,77,0,23,156,0.039282226562499994,0.0013798701298701301,0.03790235643262987
1,crp_dataset_8_1_3.csv,crp_dataset_8_1_7.csv,0.6207204,0.9636363636319836,0.9636363636319836,212,8,8,28,0.0095703125,0.0011079545454545457,0.008462357954545455
1,crp_dataset_8_1_3.csv,crp_dataset_8_1_4.csv,0.6207204,0.756944444439188,0.8320610686959385,109,35,22,90,0.023046875,0.010156249999999999,0.012890625000000003
1,crp_dataset_8_1_3.csv,crp_dataset_8_1_8.csv,0.6207204,0.7804878048590126,0.2318840579693342,32,9,106,109,0.0283203125,0.005487804878048781,0.022832507621951218
1,crp_dataset_8_1_3.csv,crp_dataset_8_1_2.csv,0.6207204,0.3499999999941667,0.17647058823381118,21,39,98,98,0.03945312499999999,0.058645833333333335,-0.019192708333333343
1,crp_dataset_8_1_3.csv,crp_dataset_8_1_1.csv,0.6207204,0.8446601941665567,0.6904761904707105,87,16,39,114,0.0252685546875,0.0045509708737864075,0.020717583813713594
1,crp_dataset_8_1_3.csv,crp_dataset_8_1_6.csv,0.6207204,0.6368159203948417,0.9142857142791837,128,73,12,43,0.026928710937500003,0.01890547263681592,0.008023238300684084
1,crp_dataset_8_1_3.csv,crp_dataset_8_1_5.csv,0.6207204,0.9999999996666666,0.0299999999997,3,0,97,156,0.039282226562499994,0.0,0.039282226562499994
1,crp_dataset_8_1_8.csv,crp_dataset_8_1_7.csv,0.6703724,0.0,0.0,0,0,220,36,0.0095703125,,
1,crp_dataset_8_1_8.csv,crp_dataset_8_1_4.csv,0.6703724,0.9622641509252403,0.38931297709626483,51,2,80,123,0.023046875,0.0014150943396226414,0.02163178066037736
1,crp_dataset_8_1_8.csv,crp_dataset_8_1_3.csv,0.6703724,0.6666666666444444,0.11560693641551673,20,10,153,73,0.019604492187500003,0.01625,0.0033544921875000022
1,crp_dataset_8_1_8.csv,crp_dataset_8_1_2.csv,0.6703724,0.3174603174577979,0.33613445377868795,40,86,79,51,0.03945312499999999,0.06101190476190477,-0.021558779761904776
1,crp_dataset_8_1_8.csv,crp_dataset_8_1_1.csv,0.6703724,0.9999999999687501,0.25396825396623834,32,0,94,130,0.0252685546875,0.0,0.0252685546875
1,crp_dataset_8_1_8.csv,crp_dataset_8_1_6.csv,0.6703724,0.599999999976,0.10714285714209185,15,10,125,106,0.026928710937500003,0.02025,0.006678710937500002
1,crp_dataset_8_1_8.csv,crp_dataset_8_1_5.csv,0.6703724,0.392670157066007,0.7499999999925,75,116,25,40,0.039282226562499994,0.04375,-0.004467773437500003
1,crp_dataset_8_1_2.csv,crp_dataset_8_1_7.csv,0.7091818,0.8593749999966431,0.9999999999954546,220,36,0,0,0.0095703125,0.0095703125,0.0
1,crp_dataset_8_1_2.csv,crp_dataset_8_1_4.csv,0.7091818,0.5117187499980012,0.9999999999923664,131,125,0,0,0.023046875,0.023046875,0.0
1,crp_dataset_8_1_2.csv,crp_dataset_8_1_3.csv,0.7091818,0.6757812499973602,0.9999999999942197,173,83,0,0,0.019604492187500003,0.019604492187500003,0.0
1,crp_dataset_8_1_2.csv,crp_dataset_8_1_8.csv,0.7091818,0.4971428571400164,0.6304347826041273,87,88,51,30,0.0283203125,0.037,-0.008679687499999998
1,crp_dataset_8_1_2.csv,crp_dataset_8_1_1.csv,0.7091818,0.5206611570226419,0.9999999999920635,126,116,0,14,0.0252685546875,0.021823347107438017,0.0034452075800619833
1,crp_dataset_8_1_2.csv,crp_dataset_8_1_6.csv,0.7091818,0.5468749999978638,0.9999999999928573,140,116,0,0,0.026928710937500003,0.026928710937500003,0.0
1,crp_dataset_8_1_2.csv,crp_dataset_8_1_5.csv,0.7091818,0.8645833333243272,0.8299999999916999,83,13,17,143,0.039282226562499994,0.004557291666666667,0.03472493489583333
1,crp_dataset_8_1_1.csv,crp_dataset_8_1_7.csv,0.7104309,0.8645418326658784,0.9863636363591529,217,34,3,2,0.0095703125,0.009063745019920319,0.000506567480079682
1,crp_dataset_8_1_1.csv,crp_dataset_8_1_4.csv,0.7104309,0.8230088495502388,0.7099236641167181,93,20,38,105,0.023046875,0.006913716814159292,0.01613315818584071
1,crp_dataset_8_1_1.csv,crp_dataset_8_1_3.csv,0.7104309,0.8321167883150941,0.6589595375684454,114,23,59,60,0.019604492187500003,0.009854014598540147,0.009750477588959855
1,crp_dataset_8_1_1.csv,crp_dataset_8_1_8.csv,0.7104309,0.7981651376073563,0.6304347826041273,87,22,51,96,0.0283203125,0.00521788990825688,0.02310242259174312
1,crp_dataset_8_1_1.csv,crp_dataset_8_1_2.csv,0.7104309,0.9999999999615384,0.21848739495614716,26,0,93,137,0.03945312499999999,0.0009615384615384616,0.038491586538461534
1,crp_dataset_8_1_1.csv,crp_dataset_8_1_6.csv,0.7104309,0.8139534883657834,0.749999999994643,105,24,35,92,0.026928710937500003,0.009350775193798452,0.01757793574370155
1,crp_dataset_8_1_1.csv,crp_dataset_8_1_5.csv,0.7104309,0.9999999999756098,0.4099999999959,41,0,59,156,0.039282226562499994,0.0003048780487804878,0.038977348513719506
1,crp_dataset_8_1_6.csv,crp_dataset_8_1_7.csv,0.6915433,0.9942528735575044,0.786363636360062,173,1,47,35,0.0095703125,0.00014367816091954023,0.009426634339080461
1,crp_dataset_8_1_6.csv,crp_dataset_8_1_4.csv,0.6915433,0.9999999999836067,0.4656488549582775,61,0,70,125,0.023046875,0.0,0.023046875
1,crp_dataset_8_1_6.csv,crp_dataset_8_1_3.csv,0.6915433,0.9999999999891304,0.531791907511377,92,0,81,83,0.019604492187500003,0.0,0.019604492187500003
1,crp_dataset_8_1_6.csv,crp_dataset_8_1_8.csv,0.6915433,0.0,0.0,0,0,138,118,0.0283203125,,
1,crp_dataset_8_1_6.csv,crp_dataset_8_1_2.csv,0.6915433,0.0,0.0,0,0,119,137,0.03945312499999999,,
1,crp_dataset_8_1_6.csv,crp_dataset_8_1_1.csv,0.6915433,0.9999999999375,0.12698412698311917,16,0,110,130,0.0252685546875,0.0,0.0252685546875
1,crp_dataset_8_1_6.csv,crp_dataset_8_1_5.csv,0.6915433,0.0,0.0,0,0,100,156,0.039282226562499994,,
1,crp_dataset_8_1_5.csv,crp_dataset_8_1_7.csv,0.7946757,0.9999999999954546,0.9999999999954546,220,0,0,36,0.0095703125,0.00034090909090909094,0.00922940340909091
1,crp_dataset_8_1_5.csv,crp_dataset_8_1_4.csv,0.7946757,0.9999999999870129,0.5877862595374979,77,0,54,125,0.023046875,0.00040584415584415587,0.022641030844155845
1,crp_dataset_8_1_5.csv,crp_dataset_8_1_3.csv,0.7946757,0.9999999999886363,0.5086705202282736,88,0,85,83,0.019604492187500003,0.0,0.019604492187500003
1,crp_dataset_8_1_5.csv,crp_dataset_8_1_8.csv,0.7946757,0.9827586206727111,0.4130434782578765,57,1,81,117,0.0283203125,0.003125,0.0251953125
1,crp_dataset_8_1_5.csv,crp_dataset_8_1_2.csv,0.7946757,0.9729729729598247,0.6050420168016383,72,2,47,135,0.03945312499999999,0.0016047297297297298,0.037848395270270264
1,crp_dataset_8_1_5.csv,crp_dataset_8_1_1.csv,0.7946757,0.9999999999750001,0.3174603174577979,40,0,86,130,0.0252685546875,0.00015625,0.0251123046875
1,crp_dataset_8_1_5.csv,crp_dataset_8_1_6.csv,0.7946757,0.9999999999736843,0.2714285714266327,38,0,102,116,0.026928710937500003,0.0,0.026928710937500003
2,crp_dataset_8_1_7.csv|crp_dataset_8_1_4.csv,crp_dataset_8_1_3.csv,0.06246448,0.6757812499973602,0.9999999999942197,173,83,0,0,0.019604492187500003,0.019604492187500003,0.0
2,crp_dataset_8_1_7.csv|crp_dataset_8_1_4.csv,crp_dataset_8_1_8.csv,0.06246448,0.5390624999978944,0.9999999999927537,138,118,0,0,0.0283203125,0.0283203125,0.0
2,crp_dataset_8_1_7.csv|crp_dataset_8_1_4.csv,crp_dataset_8_1_2.csv,0.06246448,0.46484374999818423,0.9999999999915966,119,137,0,0,0.03945312499999999,0.03945312499999999,0.0
2,crp_dataset_8_1_7.csv|crp_dataset_8_1_4.csv,crp_dataset_8_1_1.csv,0.06246448,0.4921874999980774,0.9999999999920635,126,130,0,0,0.0252685546875,0.0252685546875,0.0
2,crp_dataset_8_1_7.csv|crp_dataset_8_1_4.csv,crp_dataset_8_1_6.csv,0.06246448,0.5468749999978638,0.9999999999928573,140,116,0,0,0.026928710937500003,0.026928710937500003,0.0
2,crp_dataset_8_1_7.csv|crp_dataset_8_1_4.csv,crp_dataset_8_1_5.csv,0.06246448,0.39062499999847416,0.99999999999,100,156,0,0,0.039282226562499994,0.039282226562499994,0.0
2,crp_dataset_8_1_7.csv|crp_dataset_8_1_3.csv,crp_dataset_8_1_4.csv,0.6810062,0.9243697478913918,0.8396946564821398,110,9,21,116,0.023046875,0.0030987394957983196,0.019948135504201683
2,crp_dataset_8_1_7.csv|crp_dataset_8_1_3.csv,crp_dataset_8_1_8.csv,0.6810062,0.955555555534321,0.3115942028962928,43,2,95,116,0.0283203125,0.0020833333333333333,0.026236979166666667
2,crp_dataset_8_1_7.csv|crp_dataset_8_1_3.csv,crp_dataset_8_1_2.csv,0.6810062,0.9999999999777779,0.37815126050102393,45,0,74,137,0.03945312499999999,0.0002777777777777778,0.03917534722222221
2,crp_dataset_8_1_7.csv|crp_dataset_8_1_3.csv,crp_dataset_8_1_1.csv,0.6810062,0.9459459459331628,0.5555555555511463,70,4,56,126,0.0252685546875,0.0011824324324324323,0.02408612225506757
2,crp_dataset_8_1_7.csv|crp_dataset_8_1_3.csv,crp_dataset_8_1_6.csv,0.6810062,0.738888888884784,0.9499999999932144,133,47,7,69,0.026928710937500003,0.012951388888888887,0.013977322048611115
2,crp_dataset_8_1_7.csv|crp_dataset_8_1_3.csv,crp_dataset_8_1_5.csv,0.6810062,0.9999999999696971,0.3299999999967,33,0,67,156,0.039282226562499994,0.0,0.039282226562499994
2,crp_dataset_8_1_7.csv|crp_dataset_8_1_8.csv,crp_dataset_8_1_4.csv,0.8382193,0.999999999990909,0.8396946564821398,110,0,21,125,0.023046875,0.0002840909090909091,0.022762784090909094
2,crp_dataset_8_1_7.csv|crp_dataset_8_1_8.csv,crp_dataset_8_1_3.csv,0.8382193,0.9999999999910714,0.6473988439268937,112,0,61,83,0.019604492187500003,0.0,0.019604492187500003
2,crp_dataset_8_1_7.csv|crp_dataset_8_1_8.csv,crp_dataset_8_1_2.csv,0.8382193,0.9999999999878049,0.6890756302463102,82,0,37,137,0.03945312499999999,0.0013719512195121953,0.038081173780487795
2,crp_dataset_8_1_7.csv|crp_dataset_8_1_8.csv,crp_dataset_8_1_1.csv,0.8382193,0.9999999999833334,0.4761904761866969,60,0,66,130,0.0252685546875,0.00010416666666666667,0.025164388020833334
2,crp_dataset_8_1_7.csv|crp_dataset_8_1_8.csv,crp_dataset_8_1_6.csv,0.8382193,0.9999999999868421,0.5428571428532654,76,0,64,116,0.026928710937500003,8.223684210526316e-05,0.02684647409539474
2,crp_dataset_8_1_7.csv|crp_dataset_8_1_8.csv,crp_dataset_8_1_5.csv,0.8382193,0.9999999999870129,0.7699999999923,77,0,23,156,0.039282226562499994,0.0013798701298701301,0.03790235643262987
2,crp_dataset_8_1_7.csv|crp_dataset_8_1_2.csv,crp_dataset_8_1_4.csv,0.7327432,0.7999999999946668,0.9160305343441525,120,30,11,95,0.023046875,0.009458333333333334,0.013588541666666667
2,crp_dataset_8_1_7.csv|crp_dataset_8_1_2.csv,crp_dataset_8_1_3.csv,0.7327432,0.9999999999910714,0.6473988439268937,112,0,61,83,0.019604492187500003,0.0,0.019604492187500003
2,crp_dataset_8_1_7.csv|crp_dataset_8_1_2.csv,crp_dataset_8_1_8.csv,0.7327432,0.7499999999930556,0.5869565217348772,81,27,57,91,0.0283203125,0.01059027777777778,0.017730034722222218
2,crp_dataset_8_1_7.csv|crp_dataset_8_1_2.csv,crp_dataset_8_1_1.csv,0.7327432,0.61157024792883,0.5873015872969262,74,47,52,83,0.0252685546875,0.014617768595041323,0.010650786092458677
2,crp_dataset_8_1_7.csv|crp_dataset_8_1_2.csv,crp_dataset_8_1_6.csv,0.7327432,0.9999999999868421,0.5428571428532654,76,0,64,116,0.026928710937500003,8.223684210526316e-05,0.02684647409539474
2,crp_dataset_8_1_7.csv|crp_dataset_8_1_2.csv,crp_dataset_8_1_5.csv,0.7327432,0.9999999999870129,0.7699999999923,77,0,23,156,0.039282226562499994,0.0013798701298701301,0.03790235643262987
2,crp_dataset_8_1_7.csv|crp_dataset_8_1_1.csv,crp_dataset_8_1_4.csv,0.7191613,0.999999999990909,0.8396946564821398,110,0,21,125,0.023046875,0.0002840909090909091,0.022762784090909094
2,crp_dataset_8_1_7.csv|crp_dataset_8_1_1.csv,crp_dataset_8_1_3.csv,0.7191613,0.9850746268583204,0.7630057803424104,132,2,41,81,0.019604492187500003,0.0003264925373134328,0.01927799965018657
2,crp_dataset_8_1_7.csv|crp_dataset_8_1_1.csv,crp_dataset_8_1_8.csv,0.7191613,0.9756097560856632,0.5797101449233355,80,2,58,116,0.0283203125,0.0025152439024390245,0.025805068597560977
2,crp_dataset_8_1_7.csv|crp_dataset_8_1_1.csv,crp_dataset_8_1_2.csv,0.7191613,0.9425287356213502,0.6890756302463102,82,5,37,132,0.03945312499999999,0.0020114942528735636,0.03744163074712643
2,crp_dataset_8_1_7.csv|crp_dataset_8_1_1.csv,crp_dataset_8_1_6.csv,0.7191613,0.9909090909000826,0.7785714285658674,109,1,31,115,0.026928710937500003,0.00045454545454545455,0.02647416548295455
2,crp_dataset_8_1_7.csv|crp_dataset_8_1_1.csv,crp_dataset_8_1_5.csv,0.7191613,0.9999999999870129,0.7699999999923,77,0,23,156,0.039282226562499994,0.0013798701298701301,0.03790235643262987
2,crp_dataset_8_1_7.csv|crp_dataset_8_1_6.csv,crp_dataset_8_1_4.csv,0.6032176,0.999999999990909,0.8396946564821398,110,0,21,125,0.023046875,0.0002840909090909091,0.022762784090909094
2,crp_dataset_8_1_7.csv|crp_dataset_8_1_6.csv,crp_dataset_8_1_3.csv,0.6032176,0.9824561403422591,0.6473988439268937,112,2,61,81,0.019604492187500003,0.0002192982456140351,0.019385193941885967
2,crp_dataset_8_1_7.csv|crp_dataset_8_1_6.csv,crp_dataset_8_1_8.csv,0.6032176,0.9682539682385992,0.4420289855040433,61,2,77,116,0.0283203125,0.003273809523809524,0.025046502976190477
2,crp_dataset_8_1_7.csv|crp_dataset_8_1_6.csv,crp_dataset_8_1_2.csv,0.6032176,0.9425287356213502,0.6890756302463102,82,5,37,132,0.03945312499999999,0.0020114942528735636,0.03744163074712643
2,crp_dataset_8_1_7.csv|crp_dataset_8_1_6.csv,crp_dataset_8_1_1.csv,0.6032176,0.9999999999833334,0.4761904761866969,60,0,66,130,0.0252685546875,0.00010416666666666667,0.025164388020833334
2,crp_dataset_8_1_7.csv|crp_dataset_8_1_6.csv,crp_dataset_8_1_5.csv,0.6032176,0.9999999999870129,0.7699999999923,77,0,23,156,0.039282226562499994,0.0013798701298701301,0.03790235643262987
2,crp_dataset_8_1_7.csv|crp_dataset_8_1_5.csv,crp_dataset_8_1_4.csv,0.032259837,0.5117187499980012,0.9999999999923664,131,125,0,0,0.023046875,0.023046875,0.0
2,crp_dataset_8_1_7.csv|crp_dataset_8_1_5.csv,crp_dataset_8_1_3.csv,0.032259837,0.6757812499973602,0.9999999999942197,173,83,0,0,0.019604492187500003,0.019604492187500003,0.0
2,crp_dataset_8_1_7.csv|crp_dataset_8_1_5.csv,crp_dataset_8_1_8.csv,0.032259837,0.5390624999978944,0.9999999999927537,138,118,0,0,0.0283203125,0.0283203125,0.0
2,crp_dataset_8_1_7.csv|crp_dataset_8_1_5.csv,crp_dataset_8_1_2.csv,0.032259837,0.46484374999818423,0.9999999999915966,119,137,0,0,0.03945312499999999,0.03945312499999999,0.0
2,crp_dataset_8_1_7.csv|crp_dataset_8_1_5.csv,crp_dataset_8_1_1.csv,0.032259837,0.4921874999980774,0.9999999999920635,126,130,0,0,0.0252685546875,0.0252685546875,0.0
2,crp_dataset_8_1_7.csv|crp_dataset_8_1_5.csv,crp_dataset_8_1_6.csv,0.032259837,0.5468749999978638,0.9999999999928573,140,116,0,0,0.026928710937500003,0.026928710937500003,0.0
2,crp_dataset_8_1_4.csv|crp_dataset_8_1_3.csv,crp_dataset_8_1_7.csv,0.6237117,0.9999999999954546,0.9999999999954546,220,0,0,36,0.0095703125,0.00034090909090909094,0.00922940340909091
2,crp_dataset_8_1_4.csv|crp_dataset_8_1_3.csv,crp_dataset_8_1_8.csv,0.6237117,0.9999999999843749,0.4637681159386684,64,0,74,118,0.0283203125,0.00302734375,0.02529296875
2,crp_dataset_8_1_4.csv|crp_dataset_8_1_3.csv,crp_dataset_8_1_2.csv,0.6237117,0.9999999999878049,0.6890756302463102,82,0,37,137,0.03945312499999999,0.0013719512195121953,0.038081173780487795
2,crp_dataset_8_1_4.csv|crp_dataset_8_1_3.csv,crp_dataset_8_1_1.csv,0.6237117,0.9999999999852941,0.5396825396782565,68,0,58,130,0.0252685546875,9.191176470588235e-05,0.025176642922794118
2,crp_dataset_8_1_4.csv|crp_dataset_8_1_3.csv,crp_dataset_8_1_6.csv,0.6237117,0.7458563535870395,0.9642857142788266,135,46,5,70,0.026928710937500003,0.011809392265193371,0.015119318672306632
2,crp_dataset_8_1_4.csv|crp_dataset_8_1_3.csv,crp_dataset_8_1_5.csv,0.6237117,0.9999999999868421,0.7599999999924,76,0,24,156,0.039282226562499994,0.0013157894736842105,0.03796643708881579
2,crp_dataset_8_1_4.csv|crp_dataset_8_1_8.csv,crp_dataset_8_1_7.csv,0.63727397,0.9999999999954546,0.9999999999954546,220,0,0,36,0.0095703125,0.00034090909090909094,0.00922940340909091
2,crp_dataset_8_1_4.csv|crp_dataset_8_1_8.csv,crp_dataset_8_1_3.csv,0.63727397,0.9911504424691049,0.6473988439268937,112,1,61,82,0.019604492187500003,0.000165929203539823,0.01943856298396018
2,crp_dataset_8_1_4.csv|crp_dataset_8_1_8.csv,crp_dataset_8_1_2.csv,0.63727397,0.9879518072170126,0.6890756302463102,82,1,37,136,0.03945312499999999,0.0021837349397590363,0.03726939006024096
2,crp_dataset_8_1_4.csv|crp_dataset_8_1_8.csv,crp_dataset_8_1_1.csv,0.63727397,0.9999999999843749,0.5079365079324767,64,0,62,130,0.0252685546875,9.765625e-05,0.0251708984375
2,crp_dataset_8_1_4.csv|crp_dataset_8_1_8.csv,crp_dataset_8_1_6.csv,0.63727397,0.9999999999885058,0.6214285714241327,87,0,53,116,0.026928710937500003,0.00021551724137931037,0.026713193696120692
2,crp_dataset_8_1_4.csv|crp_dataset_8_1_8.csv,crp_dataset_8_1_5.csv,0.63727397,0.9411764705771626,0.799999999992,80,5,20,151,0.039282226562499994,0.002794117647058824,0.03648810891544117
2,crp_dataset_8_1_4.csv|crp_dataset_8_1_2.csv,crp_dataset_8_1_7.csv,0.6083789,0.9999999999954546,0.9999999999954546,220,0,0,36,0.0095703125,0.00034090909090909094,0.00922940340909091
2,crp_dataset_8_1_4.csv|crp_dataset_8_1_2.csv,crp_dataset_8_1_3.csv,0.6083789,0.9999999999919355,0.7167630057762038,124,0,49,83,0.019604492187500003,0.0,0.019604492187500003
2,crp_dataset_8_1_4.csv|crp_dataset_8_1_2.csv,crp_dataset_8_1_8.csv,0.6083789,0.7454545454477686,0.5942028985464188,82,28,56,90,0.0283203125,0.01,0.018320312499999998
2,crp_dataset_8_1_4.csv|crp_dataset_8_1_2.csv,crp_dataset_8_1_1.csv,0.6083789,0.8513513513398465,0.49999999999603173,63,11,63,119,0.0252685546875,0.007263513513513513,0.018005041173986488
2,crp_dataset_8_1_4.csv|crp_dataset_8_1_2.csv,crp_dataset_8_1_6.csv,0.6083789,0.9999999999879517,0.5928571428529082,83,0,57,116,0.026928710937500003,7.530120481927712e-05,0.026853409732680727
2,crp_dataset_8_1_4.csv|crp_dataset_8_1_2.csv,crp_dataset_8_1_5.csv,0.6083789,0.9999999999882353,0.8499999999915,85,0,15,156,0.039282226562499994,0.00125,0.03803222656249999
2,crp_dataset_8_1_4.csv|crp_dataset_8_1_1.csv,crp_dataset_8_1_7.csv,0.78149754,0.9999999999954546,0.9999999999954546,220,0,0,36,0.0095703125,0.00034090909090909094,0.00922940340909091
2,crp_dataset_8_1_4.csv|crp_dataset_8_1_1.csv,crp_dataset_8_1_3.csv,0.78149754,0.9841269841191735,0.7167630057762038,124,2,49,81,0.019604492187500003,0.0003472222222222222,0.019257269965277782
2,crp_dataset_8_1_4.csv|crp_dataset_8_1_1.csv,crp_dataset_8_1_8.csv,0.78149754,0.9767441860351541,0.6086956521695023,84,2,54,116,0.0283203125,0.002688953488372093,0.025631359011627906
2,crp_dataset_8_1_4.csv|crp_dataset_8_1_1.csv,crp_dataset_8_1_2.csv,0.78149754,0.9425287356213502,0.6890756302463102,82,5,37,132,0.03945312499999999,0.0020114942528735636,0.03744163074712643
2,crp_dataset_8_1_4.csv|crp_dataset_8_1_1.csv,crp_dataset_8_1_6.csv,0.78149754,0.954128440358219,0.7428571428518368,104,5,36,111,0.026928710937500003,0.0022935779816513763,0.024635132955848627
2,crp_dataset_8_1_4.csv|crp_dataset_8_1_1.csv,crp_dataset_8_1_5.csv,0.78149754,0.9999999999870129,0.7699999999923,77,0,23,156,0.039282226562499994,0.0013798701298701301,0.03790235643262987
2,crp_dataset_8_1_4.csv|crp_dataset_8_1_6.csv,crp_dataset_8_1_7.csv,0.6597999,0.9999999999954546,0.9999999999954546,220,0,0,36,0.0095703125,0.00034090909090909094,0.00922940340909091
2,crp_dataset_8_1_4.csv|crp_dataset_8_1_6.csv,crp_dataset_8_1_3.csv,0.6597999,0.9763779527482175,0.7167630057762038,124,3,49,80,0.019604492187500003,0.0005413385826771653,0.019063153604822837
2,crp_dataset_8_1_4.csv|crp_dataset_8_1_6.csv,crp_dataset_8_1_8.csv,0.6597999,0.919540229874488,0.5797101449233355,80,7,58,111,0.0283203125,0.003951149425287355,0.024369163074712645
2,crp_dataset_8_1_4.csv|crp_dataset_8_1_6.csv,crp_dataset_8_1_2.csv,0.6597999,0.9425287356213502,0.6890756302463102,82,5,37,132,0.03945312499999999,0.0020114942528735636,0.03744163074712643
2,crp_dataset_8_1_4.csv|crp_dataset_8_1_6.csv,crp_dataset_8_1_1.csv,0.6597999,0.9846153846002367,0.5079365079324767,64,1,62,129,0.0252685546875,0.0002884615384615385,0.02498009314903846
2,crp_dataset_8_1_4.csv|crp_dataset_8_1_6.csv,crp_dataset_8_1_5.csv,0.6597999,0.9756097560856632,0.799999999992,80,2,20,154,0.039282226562499994,0.0018292682926829267,0.037452958269817066
2,crp_dataset_8_1_4.csv|crp_dataset_8_1_5.csv,crp_dataset_8_1_7.csv,0.74957454,0.9999999999954546,0.9999999999954546,220,0,0,36,0.0095703125,0.00034090909090909094,0.00922940340909091
2,crp_dataset_8_1_4.csv|crp_dataset_8_1_5.csv,crp_dataset_8_1_3.csv,0.74957454,0.9824561403422591,0.6473988439268937,112,2,61,81,0.019604492187500003,0.0002192982456140351,0.019385193941885967
2,crp_dataset_8_1_4.csv|crp_dataset_8_1_5.csv,crp_dataset_8_1_8.csv,0.74957454,0.9682539682385992,0.4420289855040433,61,2,77,116,0.0283203125,0.003273809523809524,0.025046502976190477
2,crp_dataset_8_1_4.csv|crp_dataset_8_1_5.csv,crp_dataset_8_1_2.csv,0.74957454,0.9425287356213502,0.6890756302463102,82,5,37,132,0.03945312499999999,0.0020114942528735636,0.03744163074712643
2,crp_dataset_8_1_4.csv|crp_dataset_8_1_5.csv,crp_dataset_8_1_1.csv,0.74957454,0.9999999999833334,0.4761904761866969,60,0,66,130,0.0252685546875,0.00010416666666666667,0.025164388020833334
2,crp_dataset_8_1_4.csv|crp_dataset_8_1_5.csv,crp_dataset_8_1_6.csv,0.74957454,0.9999999999868421,0.5428571428532654,76,0,64,116,0.026928710937500003,8.223684210526316e-05,0.02684647409539474
2,crp_dataset_8_1_3.csv|crp_dataset_8_1_8.csv,crp_dataset_8_1_7.csv,0.6878671,0.9999999999954546,0.9999999999954546,220,0,0,36,0.0095703125,0.00034090909090909094,0.00922940340909091
2,crp_dataset_8_1_3.csv|crp_dataset_8_1_8.csv,crp_dataset_8_1_4.csv,0.6878671,0.9911504424691049,0.8549618320545423,112,1,19,124,0.023046875,0.0005530973451327434,0.022493777654867257
2,crp_dataset_8_1_3.csv|crp_dataset_8_1_8.csv,crp_dataset_8_1_2.csv,0.6878671,0.9438202247084964,0.7058823529352447,84,5,35,132,0.03945312499999999,0.00821629213483146,0.031236832865168533
2,crp_dataset_8_1_3.csv|crp_dataset_8_1_8.csv,crp_dataset_8_1_1.csv,0.6878671,0.9764705882238062,0.6587301587249307,83,2,43,128,0.0252685546875,0.0007352941176470588,0.02453326056985294
2,crp_dataset_8_1_3.csv|crp_dataset_8_1_8.csv,crp_dataset_8_1_6.csv,0.6878671,0.8117647058775779,0.985714285707245,138,32,2,84,0.026928710937500003,0.008676470588235294,0.01825224034926471
2,crp_dataset_8_1_3.csv|crp_dataset_8_1_8.csv,crp_dataset_8_1_5.csv,0.6878671,0.9247311827857555,0.8599999999914,86,7,14,149,0.039282226562499994,0.0032930107526881716,0.03598921580981182
2,crp_dataset_8_1_3.csv|crp_dataset_8_1_2.csv,crp_dataset_8_1_7.csv,0.6312841,0.9999999999954546,0.9999999999954546,220,0,0,36,0.0095703125,0.00034090909090909094,0.00922940340909091
2,crp_dataset_8_1_3.csv|crp_dataset_8_1_2.csv,crp_dataset_8_1_4.csv,0.6312841,0.7599999999949334,0.8702290076269449,114,36,17,89,0.023046875,0.0105,0.012546875
2,crp_dataset_8_1_3.csv|crp_dataset_8_1_2.csv,crp_dataset_8_1_8.csv,0.6312841,0.7641509433890175,0.5869565217348772,81,25,57,93,0.0283203125,0.009375,0.0189453125
2,crp_dataset_8_1_3.csv|crp_dataset_8_1_2.csv,crp_dataset_8_1_1.csv,0.6312841,0.6612903225753122,0.6507936507884857,82,42,44,88,0.0252685546875,0.012852822580645162,0.012415732106854838
2,crp_dataset_8_1_3.csv|crp_dataset_8_1_2.csv,crp_dataset_8_1_6.csv,0.6312841,0.8717948717874205,0.7285714285662246,102,15,38,101,0.026928710937500003,0.005341880341880342,0.02158683059561966
2,crp_dataset_8_1_3.csv|crp_dataset_8_1_2.csv,crp_dataset_8_1_5.csv,0.6312841,0.9999999999875,0.799999999992,80,0,20,156,0.039282226562499994,0.001328125,0.037954101562499995
2,crp_dataset_8_1_3.csv|crp_dataset_8_1_1.csv,crp_dataset_8_1_7.csv,0.6612222,0.9999999999954129,0.9909090909045868,218,0,2,36,0.0095703125,0.00028669724770642203,0.009283615252293579
2,crp_dataset_8_1_3.csv|crp_dataset_8_1_1.csv,crp_dataset_8_1_4.csv,0.6612222,0.9907407407315671,0.816793893123536,107,1,24,124,0.023046875,0.0005208333333333333,0.022526041666666666
2,crp_dataset_8_1_3.csv|crp_dataset_8_1_1.csv,crp_dataset_8_1_8.csv,0.6612222,0.9027777777652392,0.47101449275021007,65,7,73,111,0.0283203125,0.003472222222222222,0.024848090277777776
2,crp_dataset_8_1_3.csv|crp_dataset_8_1_1.csv,crp_dataset_8_1_2.csv,0.6612222,0.999999999952381,0.17647058823381118,21,0,98,137,0.03945312499999999,0.0005952380952380953,0.0388578869047619
2,crp_dataset_8_1_3.csv|crp_dataset_8_1_1.csv,crp_dataset_8_1_6.csv,0.6612222,0.7061855670066692,0.9785714285644388,137,57,3,59,0.026928710937500003,0.013885309278350516,0.013043401659149486
2,crp_dataset_8_1_3.csv|crp_dataset_8_1_1.csv,crp_dataset_8_1_5.csv,0.6612222,0.9999999999743591,0.38999999999609997,39,0,61,156,0.039282226562499994,0.0,0.039282226562499994
2,crp_dataset_8_1_3.csv|crp_dataset_8_1_6.csv,crp_dataset_8_1_7.csv,0.60147715,0.9999999999954129,0.9909090909045868,218,0,2,36,0.0095703125,0.00028669724770642203,0.009283615252293579
2,crp_dataset_8_1_3.csv|crp_dataset_8_1_6.csv,crp_dataset_8_1_4.csv,0.60147715,0.9727272727184297,0.816793893123536,107,3,24,122,0.023046875,0.0010795454545454546,0.021967329545454547
2,crp_dataset_8_1_3.csv|crp_dataset_8_1_6.csv,crp_dataset_8_1_8.csv,0.60147715,0.9615384615199705,0.3623188405770847,50,2,88,116,0.0283203125,0.0013221153846153847,0.026998197115384617
2,crp_dataset_8_1_3.csv|crp_dataset_8_1_6.csv,crp_dataset_8_1_2.csv,0.60147715,0.9999999999861111,0.6050420168016383,72,0,47,137,0.03945312499999999,0.00017361111111111112,0.03927951388888888
2,crp_dataset_8_1_3.csv|crp_dataset_8_1_6.csv,crp_dataset_8_1_1.csv,0.60147715,0.9999999999895833,0.761904761898715,96,0,30,130,0.0252685546875,0.0003255208333333333,0.024943033854166668
2,crp_dataset_8_1_3.csv|crp_dataset_8_1_6.csv,crp_dataset_8_1_5.csv,0.60147715,0.9999999999833334,0.599999999994,60,0,40,156,0.039282226562499994,0.0,0.039282226562499994
2,crp_dataset_8_1_3.csv|crp_dataset_8_1_5.csv,crp_dataset_8_1_7.csv,0.61438215,0.9999999999954546,0.9999999999954546,220,0,0,36,0.0095703125,0.00034090909090909094,0.00922940340909091
2,crp_dataset_8_1_3.csv|crp_dataset_8_1_5.csv,crp_dataset_8_1_4.csv,0.61438215,0.9736842105177747,0.8473282442683411,111,3,20,122,0.023046875,0.0006030701754385965,0.022443804824561406
2,crp_dataset_8_1_3.csv|crp_dataset_8_1_5.csv,crp_dataset_8_1_8.csv,0.61438215,0.9259259259144947,0.543478260865627,75,6,63,112,0.0283203125,0.0035493827160493823,0.024770929783950617
2,crp_dataset_8_1_3.csv|crp_dataset_8_1_5.csv,crp_dataset_8_1_2.csv,0.61438215,0.9999999999915966,0.9999999999915966,119,0,0,137,0.03945312499999999,0.0015231092436974792,0.03793001575630251
2,crp_dataset_8_1_3.csv|crp_dataset_8_1_5.csv,crp_dataset_8_1_1.csv,0.61438215,0.9624999999879688,0.611111111106261,77,3,49,127,0.0252685546875,0.00078125,0.0244873046875
2,crp_dataset_8_1_3.csv|crp_dataset_8_1_5.csv,crp_dataset_8_1_6.csv,0.61438215,0.714285714281935,0.9642857142788266,135,54,5,62,0.026928710937500003,0.013194444444444444,0.013734266493055558
2,crp_dataset_8_1_8.csv|crp_dataset_8_1_2.csv,crp_dataset_8_1_7.csv,0.6394607,0.9999999999954546,0.9999999999954546,220,0,0,36,0.0095703125,0.00034090909090909094,0.00922940340909091
2,crp_dataset_8_1_8.csv|crp_dataset_8_1_2.csv,crp_dataset_8_1_4.csv,0.6394607,0.7654320987607073,0.9465648854889576,124,38,7,87,0.023046875,0.010455246913580248,0.012591628086419754
2,crp_dataset_8_1_8.csv|crp_dataset_8_1_2.csv,crp_dataset_8_1_3.csv,0.6394607,0.8473684210481718,0.9306358381449097,161,29,12,54,0.019604492187500003,0.008914473684210526,0.010690018503289477
2,crp_dataset_8_1_8.csv|crp_dataset_8_1_2.csv,crp_dataset_8_1_1.csv,0.6394607,0.8623188405734615,0.9444444444369489,119,19,7,111,0.0252685546875,0.004528985507246377,0.020739569180253624
2,crp_dataset_8_1_8.csv|crp_dataset_8_1_2.csv,crp_dataset_8_1_6.csv,0.6394607,0.6559139784910972,0.871428571422347,122,64,18,52,0.026928710937500003,0.018245967741935484,0.00868274319556452
2,crp_dataset_8_1_8.csv|crp_dataset_8_1_2.csv,crp_dataset_8_1_5.csv,0.6394607,0.9999999999885058,0.8699999999913,87,0,13,156,0.039282226562499994,0.001724137931034483,0.03755808863146551
2,crp_dataset_8_1_8.csv|crp_dataset_8_1_1.csv,crp_dataset_8_1_7.csv,0.6362059,0.9999999999954546,0.9999999999954546,220,0,0,36,0.0095703125,0.00034090909090909094,0.00922940340909091
2,crp_dataset_8_1_8.csv|crp_dataset_8_1_1.csv,crp_dataset_8_1_4.csv,0.6362059,0.9843749999923097,0.9618320610613601,126,2,5,123,0.023046875,0.000537109375,0.022509765625
2,crp_dataset_8_1_8.csv|crp_dataset_8_1_1.csv,crp_dataset_8_1_3.csv,0.6362059,0.9799999999934668,0.849710982654048,147,3,26,80,0.019604492187500003,0.0015833333333333333,0.01802115885416667
2,crp_dataset_8_1_8.csv|crp_dataset_8_1_1.csv,crp_dataset_8_1_2.csv,0.6362059,0.9999999999878049,0.6890756302463102,82,0,37,137,0.03945312499999999,0.0013719512195121953,0.038081173780487795
2,crp_dataset_8_1_8.csv|crp_dataset_8_1_1.csv,crp_dataset_8_1_6.csv,0.6362059,0.9374999999934897,0.9642857142788266,135,9,5,107,0.026928710937500003,0.0023437500000000003,0.024584960937500004
2,crp_dataset_8_1_8.csv|crp_dataset_8_1_1.csv,crp_dataset_8_1_5.csv,0.6362059,0.9756097560856632,0.799999999992,80,2,20,154,0.039282226562499994,0.0018292682926829267,0.037452958269817066
2,crp_dataset_8_1_8.csv|crp_dataset_8_1_6.csv,crp_dataset_8_1_7.csv,0.6933712,0.9999999999954546,0.9999999999954546,220,0,0,36,0.0095703125,0.00034090909090909094,0.00922940340909091
2,crp_dataset_8_1_8.csv|crp_dataset_8_1_6.csv,crp_dataset_8_1_4.csv,0.6933712,0.9920634920556185,0.9541984732751588,125,1,6,124,0.023046875,0.00034722222222222224,0.02269965277777778
2,crp_dataset_8_1_8.csv|crp_dataset_8_1_6.csv,crp_dataset_8_1_3.csv,0.6933712,0.9999999999929579,0.8208092485501688,142,0,31,83,0.019604492187500003,0.00013204225352112677,0.019472449933978876
2,crp_dataset_8_1_8.csv|crp_dataset_8_1_6.csv,crp_dataset_8_1_2.csv,0.6933712,0.9999999999878049,0.6890756302463102,82,0,37,137,0.03945312499999999,0.0013719512195121953,0.038081173780487795
2,crp_dataset_8_1_8.csv|crp_dataset_8_1_6.csv,crp_dataset_8_1_1.csv,0.6933712,0.9734513274250137,0.8730158730089443,110,3,16,127,0.0252685546875,0.0007190265486725665,0.024549528138827433
2,crp_dataset_8_1_8.csv|crp_dataset_8_1_6.csv,crp_dataset_8_1_5.csv,0.6933712,0.9756097560856632,0.799999999992,80,2,20,154,0.039282226562499994,0.0018292682926829267,0.037452958269817066
2,crp_dataset_8_1_8.csv|crp_dataset_8_1_5.csv,crp_dataset_8_1_7.csv,0.6393359,0.9954751131176676,0.9999999999954546,220,1,0,35,0.0095703125,0.0007918552036199096,0.00877845729638009
2,crp_dataset_8_1_8.csv|crp_dataset_8_1_5.csv,crp_dataset_8_1_4.csv,0.6393359,0.7730061349645828,0.9618320610613601,126,37,5,88,0.023046875,0.01008435582822086,0.012962519171779142
2,crp_dataset_8_1_8.csv|crp_dataset_8_1_5.csv,crp_dataset_8_1_3.csv,0.6393359,0.8298969072122171,0.9306358381449097,161,33,12,50,0.019604492187500003,0.0108569587628866,0.008747533424613404
2,crp_dataset_8_1_8.csv|crp_dataset_8_1_5.csv,crp_dataset_8_1_2.csv,0.6393359,0.999999999990566,0.890756302513523,106,0,13,137,0.03945312499999999,0.0013561320754716982,0.03809699292452829
2,crp_dataset_8_1_8.csv|crp_dataset_8_1_5.csv,crp_dataset_8_1_1.csv,0.6393359,0.8682170542568356,0.8888888888818341,112,17,14,113,0.0252685546875,0.005281007751937985,0.019987546935562015
2,crp_dataset_8_1_8.csv|crp_dataset_8_1_5.csv,crp_dataset_8_1_6.csv,0.6393359,0.644999999996775,0.9214285714219899,129,71,11,45,0.026928710937500003,0.020187499999999997,0.006741210937500006
2,crp_dataset_8_1_2.csv|crp_dataset_8_1_1.csv,crp_dataset_8_1_7.csv,0.7103647,0.8906882591057057,0.9999999999954546,220,27,0,9,0.0095703125,0.00847672064777328,0.0010935918522267211
2,crp_dataset_8_1_2.csv|crp_dataset_8_1_1.csv,crp_dataset_8_1_4.csv,0.7103647,0.918032786877721,0.8549618320545423,112,10,19,115,0.023046875,0.0032786885245901635,0.019768186475409837
2,crp_dataset_8_1_2.csv|crp_dataset_8_1_1.csv,crp_dataset_8_1_3.csv,0.7103647,0.91860465115745,0.9132947976825821,158,14,15,69,0.019604492187500003,0.004723837209302325,0.014880654978197677
2,crp_dataset_8_1_2.csv|crp_dataset_8_1_1.csv,crp_dataset_8_1_8.csv,0.7103647,0.8173913043407183,0.6811594202849192,94,21,44,97,0.0283203125,0.004891304347826087,0.023429008152173914
2,crp_dataset_8_1_2.csv|crp_dataset_8_1_1.csv,crp_dataset_8_1_6.csv,0.7103647,0.8071428571370919,0.8071428571370919,113,27,27,89,0.026928710937500003,0.009107142857142859,0.017821568080357144
2,crp_dataset_8_1_2.csv|crp_dataset_8_1_1.csv,crp_dataset_8_1_5.csv,0.7103647,0.9999999999868421,0.7599999999924,76,0,24,156,0.039282226562499994,0.001398026315789474,0.03788420024671052
2,crp_dataset_8_1_2.csv|crp_dataset_8_1_6.csv,crp_dataset_8_1_7.csv,0.726044,0.9999999999954546,0.9999999999954546,220,0,0,36,0.0095703125,0.00034090909090909094,0.00922940340909091
2,crp_dataset_8_1_2.csv|crp_dataset_8_1_6.csv,crp_dataset_8_1_4.csv,0.726044,0.902985074620127,0.9236641221303538,121,13,10,112,0.023046875,0.004057835820895522,0.01898903917910448
2,crp_dataset_8_1_2.csv|crp_dataset_8_1_6.csv,crp_dataset_8_1_3.csv,0.726044,0.898089171968802,0.8150289017293929,141,16,32,67,0.019604492187500003,0.005095541401273886,0.014508950786226117
2,crp_dataset_8_1_2.csv|crp_dataset_8_1_6.csv,crp_dataset_8_1_8.csv,0.726044,0.7864077669826562,0.5869565217348772,81,22,57,96,0.0283203125,0.008191747572815534,0.020128564927184466
2,crp_dataset_8_1_2.csv|crp_dataset_8_1_6.csv,crp_dataset_8_1_1.csv,0.726044,0.6862745097971934,0.5555555555511463,70,32,56,98,0.0252685546875,0.012438725490196076,0.012829829197303924
2,crp_dataset_8_1_2.csv|crp_dataset_8_1_6.csv,crp_dataset_8_1_5.csv,0.726044,0.9999999999875,0.799999999992,80,0,20,156,0.039282226562499994,0.001328125,0.037954101562499995
2,crp_dataset_8_1_2.csv|crp_dataset_8_1_5.csv,crp_dataset_8_1_7.csv,0.72697854,0.9999999999954546,0.9999999999954546,220,0,0,36,0.0095703125,0.00034090909090909094,0.00922940340909091
2,crp_dataset_8_1_2.csv|crp_dataset_8_1_5.csv,crp_dataset_8_1_4.csv,0.72697854,0.7303370786475825,0.9923664122061652,130,48,1,77,0.023046875,0.011657303370786519,0.011389571629213483
2,crp_dataset_8_1_2.csv|crp_dataset_8_1_5.csv,crp_dataset_8_1_3.csv,0.72697854,0.818181818177443,0.884393063578703,153,34,20,49,0.019604492187500003,0.00945855614973262,0.010145936037767382
2,crp_dataset_8_1_2.csv|crp_dataset_8_1_5.csv,crp_dataset_8_1_8.csv,0.72697854,0.7499999999930556,0.5869565217348772,81,27,57,91,0.0283203125,0.01059027777777778,0.017730034722222218
2,crp_dataset_8_1_2.csv|crp_dataset_8_1_5.csv,crp_dataset_8_1_1.csv,0.72697854,0.61157024792883,0.5873015872969262,74,47,52,83,0.0252685546875,0.014617768595041323,0.010650786092458677
2,crp_dataset_8_1_2.csv|crp_dataset_8_1_5.csv,crp_dataset_8_1_6.csv,0.72697854,0.6903225806407076,0.7642857142802552,107,48,33,68,0.026928710937500003,0.01616935483870968,0.010759356098790324
2,crp_dataset_8_1_1.csv|crp_dataset_8_1_6.csv,crp_dataset_8_1_7.csv,0.68825054,0.9821428571384726,0.9999999999954546,220,4,0,32,0.0095703125,0.0006417410714285715,0.00892857142857143
2,crp_dataset_8_1_1.csv|crp_dataset_8_1_6.csv,crp_dataset_8_1_4.csv,0.68825054,0.999999999990909,0.8396946564821398,110,0,21,125,0.023046875,0.0002840909090909091,0.022762784090909094
2,crp_dataset_8_1_1.csv|crp_dataset_8_1_6.csv,crp_dataset_8_1_3.csv,0.68825054,0.9858156028298879,0.8034682080878413,139,2,34,81,0.019604492187500003,0.0003546099290780142,0.019249882258421988
2,crp_dataset_8_1_1.csv|crp_dataset_8_1_6.csv,crp_dataset_8_1_8.csv,0.68825054,0.9655172413682124,0.6086956521695023,84,3,54,115,0.0283203125,0.0023706896551724138,0.025949622844827585
2,crp_dataset_8_1_1.csv|crp_dataset_8_1_6.csv,crp_dataset_8_1_2.csv,0.68825054,0.9529411764593771,0.6806722689018431,81,4,38,133,0.03945312499999999,0.001838235294117647,0.037614889705882344
2,crp_dataset_8_1_1.csv|crp_dataset_8_1_6.csv,crp_dataset_8_1_5.csv,0.68825054,0.9999999999870129,0.7699999999923,77,0,23,156,0.039282226562499994,0.0013798701298701301,0.03790235643262987
2,crp_dataset_8_1_1.csv|crp_dataset_8_1_5.csv,crp_dataset_8_1_7.csv,0.6081286,0.8661417322800546,0.9999999999954546,220,34,0,2,0.0095703125,0.008956692913385826,0.0006136195866141749
2,crp_dataset_8_1_1.csv|crp_dataset_8_1_5.csv,crp_dataset_8_1_4.csv,0.6081286,0.8068965517185732,0.8931297709855487,117,28,14,97,0.023046875,0.007198275862068967,0.015848599137931033
2,crp_dataset_8_1_1.csv|crp_dataset_8_1_5.csv,crp_dataset_8_1_3.csv,0.6081286,0.8404255319104234,0.9132947976825821,158,30,15,53,0.019604492187500003,0.007413563829787234,0.01219092835771277
2,crp_dataset_8_1_1.csv|crp_dataset_8_1_5.csv,crp_dataset_8_1_8.csv,0.6081286,0.7999999999933333,0.6956521739080026,96,24,42,94,0.0283203125,0.005000000000000001,0.0233203125
2,crp_dataset_8_1_1.csv|crp_dataset_8_1_5.csv,crp_dataset_8_1_2.csv,0.6081286,0.9444444444339506,0.7142857142797119,85,5,34,132,0.03945312499999999,0.001944444444444445,0.03750868055555555
2,crp_dataset_8_1_1.csv|crp_dataset_8_1_5.csv,crp_dataset_8_1_6.csv,0.6081286,0.6594594594558949,0.871428571422347,122,63,18,53,0.026928710937500003,0.01804054054054054,0.008888170396959463
2,crp_dataset_8_1_6.csv|crp_dataset_8_1_5.csv,crp_dataset_8_1_7.csv,0.6620248,0.9999999999954546,0.9999999999954546,220,0,0,36,0.0095703125,0.00034090909090909094,0.00922940340909091
2,crp_dataset_8_1_6.csv|crp_dataset_8_1_5.csv,crp_dataset_8_1_4.csv,0.6620248,0.9830508474492962,0.8854961831993474,116,2,15,123,0.023046875,0.001059322033898305,0.021987552966101696
2,crp_dataset_8_1_6.csv|crp_dataset_8_1_5.csv,crp_dataset_8_1_3.csv,0.6620248,0.9185185185117147,0.7167630057762038,124,11,49,72,0.019604492187500003,0.0037962962962962967,0.015808195891203705
2,crp_dataset_8_1_6.csv|crp_dataset_8_1_5.csv,crp_dataset_8_1_8.csv,0.6620248,0.9682539682385992,0.4420289855040433,61,2,77,116,0.0283203125,0.003273809523809524,0.025046502976190477
2,crp_dataset_8_1_6.csv|crp_dataset_8_1_5.csv,crp_dataset_8_1_2.csv,0.6620248,0.9528301886702563,0.848739495791187,101,5,18,132,0.03945312499999999,0.001768867924528302,0.03768425707547169
2,crp_dataset_8_1_6.csv|crp_dataset_8_1_5.csv,crp_dataset_8_1_1.csv,0.6620248,0.9701492537168634,0.5158730158689216,65,2,61,128,0.0252685546875,0.0006529850746268657,0.024615569612873135
3,crp_dataset_8_1_7.csv|crp_dataset_8_1_4.csv|crp_dataset_8_1_3.csv,crp_dataset_8_1_8.csv,0.6467865,0.999999999983871,0.449275362315585,62,0,76,118,0.0283203125,0.002923387096774194,0.025396925403225808
3,crp_dataset_8_1_7.csv|crp_dataset_8_1_4.csv|crp_dataset_8_1_3.csv,crp_dataset_8_1_2.csv,0.6467865,0.9999999999878049,0.6890756302463102,82,0,37,137,0.03945312499999999,0.0013719512195121953,0.038081173780487795
3,crp_dataset_8_1_7.csv|crp_dataset_8_1_4.csv|crp_dataset_8_1_3.csv,crp_dataset_8_1_1.csv,0.6467865,0.9999999999855071,0.5476190476147014,69,0,57,130,0.0252685546875,9.057971014492754e-05,0.025177974977355074
3,crp_dataset_8_1_7.csv|crp_dataset_8_1_4.csv|crp_dataset_8_1_3.csv,crp_dataset_8_1_6.csv,0.6467865,0.792899408279332,0.9571428571360204,134,35,6,81,0.026928710937500003,0.008949704142011836,0.017979006795488167
3,crp_dataset_8_1_7.csv|crp_dataset_8_1_4.csv|crp_dataset_8_1_3.csv,crp_dataset_8_1_5.csv,0.6467865,0.9999999999870129,0.7699999999923,77,0,23,156,0.039282226562499994,0.0013798701298701301,0.03790235643262987
3,crp_dataset_8_1_7.csv|crp_dataset_8_1_4.csv|crp_dataset_8_1_8.csv,crp_dataset_8_1_3.csv,0.6449747,0.9999999999918032,0.705202312134652,122,0,51,83,0.019604492187500003,5.122950819672131e-05,0.019553262679303282
3,crp_dataset_8_1_7.csv|crp_dataset_8_1_4.csv|crp_dataset_8_1_8.csv,crp_dataset_8_1_2.csv,0.6449747,0.9534883720819362,0.6890756302463102,82,4,37,133,0.03945312499999999,0.007848837209302326,0.03160428779069767
3,crp_dataset_8_1_7.csv|crp_dataset_8_1_4.csv|crp_dataset_8_1_8.csv,crp_dataset_8_1_1.csv,0.6449747,0.9999999999833334,0.4761904761866969,60,0,66,130,0.0252685546875,0.00010416666666666667,0.025164388020833334
3,crp_dataset_8_1_7.csv|crp_dataset_8_1_4.csv|crp_dataset_8_1_8.csv,crp_dataset_8_1_6.csv,0.6449747,0.979166666656467,0.6714285714237755,94,2,46,114,0.026928710937500003,0.0006510416666666666,0.026277669270833335
3,crp_dataset_8_1_7.csv|crp_dataset_8_1_4.csv|crp_dataset_8_1_8.csv,crp_dataset_8_1_5.csv,0.6449747,0.9523809523696145,0.799999999992,80,4,20,152,0.039282226562499994,0.0022321428571428575,0.03705008370535714
3,crp_dataset_8_1_7.csv|crp_dataset_8_1_4.csv|crp_dataset_8_1_2.csv,crp_dataset_8_1_3.csv,0.6424019,0.9999999999918032,0.705202312134652,122,0,51,83,0.019604492187500003,0.0,0.019604492187500003
3,crp_dataset_8_1_7.csv|crp_dataset_8_1_4.csv|crp_dataset_8_1_2.csv,crp_dataset_8_1_8.csv,0.6424019,0.7857142857062682,0.5579710144887104,77,21,61,97,0.0283203125,0.008928571428571428,0.019391741071428572
3,crp_dataset_8_1_7.csv|crp_dataset_8_1_4.csv|crp_dataset_8_1_2.csv,crp_dataset_8_1_1.csv,0.6424019,0.913043478247637,0.49999999999603173,63,6,63,124,0.0252685546875,0.0037137681159420295,0.02155478657155797
3,crp_dataset_8_1_7.csv|crp_dataset_8_1_4.csv|crp_dataset_8_1_2.csv,crp_dataset_8_1_6.csv,0.6424019,0.9999999999879517,0.5928571428529082,83,0,57,116,0.026928710937500003,7.530120481927712e-05,0.026853409732680727
3,crp_dataset_8_1_7.csv|crp_dataset_8_1_4.csv|crp_dataset_8_1_2.csv,crp_dataset_8_1_5.csv,0.6424019,0.9999999999875,0.799999999992,80,0,20,156,0.039282226562499994,0.001328125,0.037954101562499995
3,crp_dataset_8_1_7.csv|crp_dataset_8_1_4.csv|crp_dataset_8_1_1.csv,crp_dataset_8_1_3.csv,0.617478,0.9599999999936001,0.8323699421917204,144,6,29,77,0.019604492187500003,0.0012083333333333334,0.01839615885416667
3,crp_dataset_8_1_7.csv|crp_dataset_8_1_4.csv|crp_dataset_8_1_1.csv,crp_dataset_8_1_8.csv,0.617478,0.9767441860351541,0.6086956521695023,84,2,54,116,0.0283203125,0.002688953488372093,0.025631359011627906
3,crp_dataset_8_1_7.csv|crp_dataset_8_1_4.csv|crp_dataset_8_1_1.csv,crp_dataset_8_1_2.csv,0.617478,0.9425287356213502,0.6890756302463102,82,5,37,132,0.03945312499999999,0.0020114942528735636,0.03744163074712643
3,crp_dataset_8_1_7.csv|crp_dataset_8_1_4.csv|crp_dataset_8_1_1.csv,crp_dataset_8_1_6.csv,0.617478,0.9236111111046972,0.9499999999932144,133,11,7,105,0.026928710937500003,0.0026041666666666665,0.024324544270833335
3,crp_dataset_8_1_7.csv|crp_dataset_8_1_4.csv|crp_dataset_8_1_1.csv,crp_dataset_8_1_5.csv,0.617478,0.9999999999870129,0.7699999999923,77,0,23,156,0.039282226562499994,0.0013798701298701301,0.03790235643262987
3,crp_dataset_8_1_7.csv|crp_dataset_8_1_4.csv|crp_dataset_8_1_6.csv,crp_dataset_8_1_3.csv,0.678271,0.9831932773026623,0.6763005780307729,117,2,56,81,0.019604492187500003,0.0002626050420168067,0.019341887145483197
3,crp_dataset_8_1_7.csv|crp_dataset_8_1_4.csv|crp_dataset_8_1_6.csv,crp_dataset_8_1_8.csv,0.678271,0.9302325581287182,0.5797101449233355,80,6,58,112,0.0283203125,0.0037063953488372086,0.02461391715116279
3,crp_dataset_8_1_7.csv|crp_dataset_8_1_4.csv|crp_dataset_8_1_6.csv,crp_dataset_8_1_2.csv,0.678271,0.9425287356213502,0.6890756302463102,82,5,37,132,0.03945312499999999,0.0020114942528735636,0.03744163074712643
3,crp_dataset_8_1_7.csv|crp_dataset_8_1_4.csv|crp_dataset_8_1_6.csv,crp_dataset_8_1_1.csv,0.678271,0.9295774647756397,0.5238095238053666,66,5,60,125,0.0252685546875,0.0012323943661971832,0.02403616032130282
3,crp_dataset_8_1_7.csv|crp_dataset_8_1_4.csv|crp_dataset_8_1_6.csv,crp_dataset_8_1_5.csv,0.678271,0.9756097560856632,0.799999999992,80,2,20,154,0.039282226562499994,0.0018292682926829267,0.037452958269817066
3,crp_dataset_8_1_7.csv|crp_dataset_8_1_4.csv|crp_dataset_8_1_5.csv,crp_dataset_8_1_3.csv,0.618744,0.9827586206811831,0.6589595375684454,114,2,59,81,0.019604492187500003,0.00021551724137931037,0.019388974946120692
3,crp_dataset_8_1_7.csv|crp_dataset_8_1_4.csv|crp_dataset_8_1_5.csv,crp_dataset_8_1_8.csv,0.618744,0.9682539682385992,0.4420289855040433,61,2,77,116,0.0283203125,0.003273809523809524,0.025046502976190477
3,crp_dataset_8_1_7.csv|crp_dataset_8_1_4.csv|crp_dataset_8_1_5.csv,crp_dataset_8_1_2.csv,0.618744,0.9425287356213502,0.6890756302463102,82,5,37,132,0.03945312499999999,0.0020114942528735636,0.03744163074712643
3,crp_dataset_8_1_7.csv|crp_dataset_8_1_4.csv|crp_dataset_8_1_5.csv,crp_dataset_8_1_1.csv,0.618744,0.9999999999833334,0.4761904761866969,60,0,66,130,0.0252685546875,0.00010416666666666667,0.025164388020833334
3,crp_dataset_8_1_7.csv|crp_dataset_8_1_4.csv|crp_dataset_8_1_5.csv,crp_dataset_8_1_6.csv,0.618744,0.9999999999868421,0.5428571428532654,76,0,64,116,0.026928710937500003,8.223684210526316e-05,0.02684647409539474
3,crp_dataset_8_1_7.csv|crp_dataset_8_1_3.csv|crp_dataset_8_1_8.csv,crp_dataset_8_1_4.csv,0.60730654,0.965811965803711,0.8625954198407436,113,4,18,121,0.023046875,0.0020833333333333333,0.02096354166666667
3,crp_dataset_8_1_7.csv|crp_dataset_8_1_3.csv|crp_dataset_8_1_8.csv,crp_dataset_8_1_2.csv,0.60730654,0.7927927927856505,0.7394957983131134,88,23,31,114,0.03945312499999999,0.017961711711711712,0.02149141328828828
3,crp_dataset_8_1_7.csv|crp_dataset_8_1_3.csv|crp_dataset_8_1_8.csv,crp_dataset_8_1_1.csv,0.60730654,0.961538461529216,0.7936507936444949,100,4,26,126,0.0252685546875,0.001201923076923077,0.024066631610576924
3,crp_dataset_8_1_7.csv|crp_dataset_8_1_3.csv|crp_dataset_8_1_8.csv,crp_dataset_8_1_6.csv,0.60730654,0.6829268292649614,0.9999999999928573,140,65,0,51,0.026928710937500003,0.015030487804878048,0.011898223132621955
3,crp_dataset_8_1_7.csv|crp_dataset_8_1_3.csv|crp_dataset_8_1_8.csv,crp_dataset_8_1_5.csv,0.60730654,0.9032258064419008,0.8399999999916,84,9,16,147,0.039282226562499994,0.005443548387096774,0.03383867817540322
3,crp_dataset_8_1_7.csv|crp_dataset_8_1_3.csv|crp_dataset_8_1_2.csv,crp_dataset_8_1_4.csv,0.63462377,0.8345323740947157,0.8854961831993474,116,23,15,102,0.023046875,0.008408273381294963,0.014638601618705038
3,crp_dataset_8_1_7.csv|crp_dataset_8_1_3.csv|crp_dataset_8_1_2.csv,crp_dataset_8_1_8.csv,0.63462377,0.918918918906501,0.4927536231848352,68,6,70,112,0.0283203125,0.003969594594594594,0.024350717905405404
3,crp_dataset_8_1_7.csv|crp_dataset_8_1_3.csv|crp_dataset_8_1_2.csv,crp_dataset_8_1_1.csv,0.63462377,0.7241379310282402,0.6666666666613756,84,32,42,98,0.0252685546875,0.010344827586206898,0.014923727101293102
3,crp_dataset_8_1_7.csv|crp_dataset_8_1_3.csv|crp_dataset_8_1_2.csv,crp_dataset_8_1_6.csv,0.63462377,0.826771653536797,0.749999999994643,105,22,35,94,0.026928710937500003,0.007578740157480315,0.01934997078001969
3,crp_dataset_8_1_7.csv|crp_dataset_8_1_3.csv|crp_dataset_8_1_2.csv,crp_dataset_8_1_5.csv,0.63462377,0.9999999999873417,0.7899999999921,79,0,21,156,0.039282226562499994,0.0013449367088607597,0.037937289853639235
3,crp_dataset_8_1_7.csv|crp_dataset_8_1_3.csv|crp_dataset_8_1_1.csv,crp_dataset_8_1_4.csv,0.6161814,0.9999999999910714,0.8549618320545423,112,0,19,125,0.023046875,0.00027901785714285713,0.022767857142857145
3,crp_dataset_8_1_7.csv|crp_dataset_8_1_3.csv|crp_dataset_8_1_1.csv,crp_dataset_8_1_8.csv,0.6161814,0.9999999999875,0.5797101449233355,80,0,58,118,0.0283203125,0.0024218749999999995,0.0258984375
3,crp_dataset_8_1_7.csv|crp_dataset_8_1_3.csv|crp_dataset_8_1_1.csv,crp_dataset_8_1_2.csv,0.6161814,0.9999999999878049,0.6890756302463102,82,0,37,137,0.03945312499999999,0.0013719512195121953,0.038081173780487795
3,crp_dataset_8_1_7.csv|crp_dataset_8_1_3.csv|crp_dataset_8_1_1.csv,crp_dataset_8_1_6.csv,0.6161814,0.7567567567526662,0.9999999999928573,140,45,0,71,0.026928710937500003,0.011452702702702702,0.0154760082347973
3,crp_dataset_8_1_7.csv|crp_dataset_8_1_3.csv|crp_dataset_8_1_1.csv,crp_dataset_8_1_5.csv,0.6161814,0.9999999999870129,0.7699999999923,77,0,23,156,0.039282226562499994,0.0013798701298701301,0.03790235643262987
3,crp_dataset_8_1_7.csv|crp_dataset_8_1_3.csv|crp_dataset_8_1_6.csv,crp_dataset_8_1_4.csv,0.6024683,0.9401709401629045,0.8396946564821398,110,7,21,118,0.023046875,0.003418803418803419,0.01962807158119658
3,crp_dataset_8_1_7.csv|crp_dataset_8_1_3.csv|crp_dataset_8_1_6.csv,crp_dataset_8_1_8.csv,0.6024683,0.9999999999861111,0.521739130431002,72,0,66,118,0.0283203125,0.0025173611111111113,0.025802951388888887
3,crp_dataset_8_1_7.csv|crp_dataset_8_1_3.csv|crp_dataset_8_1_6.csv,crp_dataset_8_1_2.csv,0.6024683,0.9999999999897958,0.8235294117577855,98,0,21,137,0.03945312499999999,0.0011479591836734695,0.03830516581632652
3,crp_dataset_8_1_7.csv|crp_dataset_8_1_3.csv|crp_dataset_8_1_6.csv,crp_dataset_8_1_1.csv,0.6024683,0.9999999999895833,0.761904761898715,96,0,30,130,0.0252685546875,0.0003255208333333333,0.024943033854166668
3,crp_dataset_8_1_7.csv|crp_dataset_8_1_3.csv|crp_dataset_8_1_6.csv,crp_dataset_8_1_5.csv,0.6024683,0.9999999999870129,0.7699999999923,77,0,23,156,0.039282226562499994,0.0013798701298701301,0.03790235643262987
3,crp_dataset_8_1_7.csv|crp_dataset_8_1_3.csv|crp_dataset_8_1_5.csv,crp_dataset_8_1_4.csv,0.62395185,0.8273381294904508,0.8778625954131462,115,24,16,101,0.023046875,0.00908273381294964,0.01396414118705036
3,crp_dataset_8_1_7.csv|crp_dataset_8_1_3.csv|crp_dataset_8_1_5.csv,crp_dataset_8_1_8.csv,0.62395185,0.9726027397127041,0.5144927536194602,71,2,67,116,0.0283203125,0.002910958904109589,0.025409353595890413
3,crp_dataset_8_1_7.csv|crp_dataset_8_1_3.csv|crp_dataset_8_1_5.csv,crp_dataset_8_1_2.csv,0.62395185,0.9519999999923839,0.9999999999915966,119,6,0,131,0.03945312499999999,0.0020499999999999997,0.037403124999999995
3,crp_dataset_8_1_7.csv|crp_dataset_8_1_3.csv|crp_dataset_8_1_5.csv,crp_dataset_8_1_1.csv,0.62395185,0.8703703703623114,0.7460317460258251,94,14,32,116,0.0252685546875,0.0045138888888888885,0.020754665798611113
3,crp_dataset_8_1_7.csv|crp_dataset_8_1_3.csv|crp_dataset_8_1_5.csv,crp_dataset_8_1_6.csv,0.62395185,0.8139534883657834,0.749999999994643,105,24,35,92,0.026928710937500003,0.007848837209302326,0.019079873728197676
3,crp_dataset_8_1_7.csv|crp_dataset_8_1_8.csv|crp_dataset_8_1_2.csv,crp_dataset_8_1_4.csv,0.6016393,0.7948717948666996,0.9465648854889576,124,32,7,93,0.023046875,0.008974358974358974,0.014072516025641028
3,crp_dataset_8_1_7.csv|crp_dataset_8_1_8.csv|crp_dataset_8_1_2.csv,crp_dataset_8_1_3.csv,0.6016393,0.8473684210481718,0.9306358381449097,161,29,12,54,0.019604492187500003,0.008684210526315789,0.010920281661184214
3,crp_dataset_8_1_7.csv|crp_dataset_8_1_8.csv|crp_dataset_8_1_2.csv,crp_dataset_8_1_1.csv,0.6016393,0.8402777777719426,0.9603174603098388,121,23,5,107,0.0252685546875,0.005078124999999999,0.0201904296875
3,crp_dataset_8_1_7.csv|crp_dataset_8_1_8.csv|crp_dataset_8_1_2.csv,crp_dataset_8_1_6.csv,0.6016393,0.683060109285885,0.8928571428507653,125,58,15,58,0.026928710937500003,0.01567622950819672,0.011252481429303282
3,crp_dataset_8_1_7.csv|crp_dataset_8_1_8.csv|crp_dataset_8_1_2.csv,crp_dataset_8_1_5.csv,0.6016393,0.9999999999883721,0.8599999999914,86,0,14,156,0.039282226562499994,0.001671511627906977,0.03761071493459302
3,crp_dataset_8_1_7.csv|crp_dataset_8_1_8.csv|crp_dataset_8_1_1.csv,crp_dataset_8_1_4.csv,0.6736057,0.9999999999917355,0.9236641221303538,121,0,10,125,0.023046875,0.00030991735537190085,0.0227369576446281
3,crp_dataset_8_1_7.csv|crp_dataset_8_1_8.csv|crp_dataset_8_1_1.csv,crp_dataset_8_1_3.csv,0.6736057,0.9927007299197614,0.7861271676255137,136,1,37,82,0.019604492187500003,0.000364963503649635,0.019239528683850367
3,crp_dataset_8_1_7.csv|crp_dataset_8_1_8.csv|crp_dataset_8_1_1.csv,crp_dataset_8_1_2.csv,0.6736057,0.9999999999878049,0.6890756302463102,82,0,37,137,0.03945312499999999,0.0013719512195121953,0.038081173780487795
3,crp_dataset_8_1_7.csv|crp_dataset_8_1_8.csv|crp_dataset_8_1_1.csv,crp_dataset_8_1_6.csv,0.6736057,0.9485294117577314,0.9214285714219899,129,7,11,109,0.026928710937500003,0.0018841911764705885,0.025044519761029414
3,crp_dataset_8_1_7.csv|crp_dataset_8_1_8.csv|crp_dataset_8_1_1.csv,crp_dataset_8_1_5.csv,0.6736057,0.9999999999870129,0.7699999999923,77,0,23,156,0.039282226562499994,0.0013798701298701301,0.03790235643262987
3,crp_dataset_8_1_7.csv|crp_dataset_8_1_8.csv|crp_dataset_8_1_6.csv,crp_dataset_8_1_4.csv,0.6277529,0.9999999999917355,0.9236641221303538,121,0,10,125,0.023046875,0.00030991735537190085,0.0227369576446281
3,crp_dataset_8_1_7.csv|crp_dataset_8_1_8.csv|crp_dataset_8_1_6.csv,crp_dataset_8_1_3.csv,0.6277529,0.9999999999924812,0.7687861271631863,133,0,40,83,0.019604492187500003,4.699248120300752e-05,0.019557499706296996
3,crp_dataset_8_1_7.csv|crp_dataset_8_1_8.csv|crp_dataset_8_1_6.csv,crp_dataset_8_1_2.csv,0.6277529,0.9647058823415916,0.6890756302463102,82,3,37,134,0.03945312499999999,0.007205882352941177,0.03224724264705881
3,crp_dataset_8_1_7.csv|crp_dataset_8_1_8.csv|crp_dataset_8_1_6.csv,crp_dataset_8_1_1.csv,0.6277529,0.9666666666559259,0.6904761904707105,87,3,39,127,0.0252685546875,0.0005555555555555556,0.024712999131944444
3,crp_dataset_8_1_7.csv|crp_dataset_8_1_8.csv|crp_dataset_8_1_6.csv,crp_dataset_8_1_5.csv,0.6277529,0.9523809523696145,0.799999999992,80,4,20,152,0.039282226562499994,0.0024553571428571432,0.03682686941964285
3,crp_dataset_8_1_7.csv|crp_dataset_8_1_8.csv|crp_dataset_8_1_5.csv,crp_dataset_8_1_4.csv,0.7112381,0.9097744360833853,0.9236641221303538,121,12,10,113,0.023046875,0.003665413533834586,0.019381461466165414
3,crp_dataset_8_1_7.csv|crp_dataset_8_1_8.csv|crp_dataset_8_1_5.csv,crp_dataset_8_1_3.csv,0.7112381,0.9108280254719057,0.8265895953709447,143,14,30,69,0.019604492187500003,0.0048168789808917195,0.014787613206608284
3,crp_dataset_8_1_7.csv|crp_dataset_8_1_8.csv|crp_dataset_8_1_5.csv,crp_dataset_8_1_2.csv,0.7112381,0.9999999999883721,0.7226890756241791,86,0,33,137,0.03945312499999999,0.0013081395348837211,0.03814498546511627
3,crp_dataset_8_1_7.csv|crp_dataset_8_1_8.csv|crp_dataset_8_1_5.csv,crp_dataset_8_1_1.csv,0.7112381,0.9487179487098399,0.8809523809453892,111,6,15,124,0.0252685546875,0.0016559829059829057,0.023612571781517093
3,crp_dataset_8_1_7.csv|crp_dataset_8_1_8.csv|crp_dataset_8_1_5.csv,crp_dataset_8_1_6.csv,0.7112381,0.8702290076269449,0.814285714279898,114,17,26,99,0.026928710937500003,0.007108778625954199,0.019819932311545805
3,crp_dataset_8_1_7.csv|crp_dataset_8_1_2.csv|crp_dataset_8_1_1.csv,crp_dataset_8_1_4.csv,0.6657889,0.999999999990909,0.8396946564821398,110,0,21,125,0.023046875,0.0002840909090909091,0.022762784090909094
3,crp_dataset_8_1_7.csv|crp_dataset_8_1_2.csv|crp_dataset_8_1_1.csv,crp_dataset_8_1_3.csv,0.6657889,0.9999999999935898,0.9017341040410305,156,0,17,83,0.019604492187500003,0.00012019230769230771,0.019484299879807696
3,crp_dataset_8_1_7.csv|crp_dataset_8_1_2.csv|crp_dataset_8_1_1.csv,crp_dataset_8_1_8.csv,0.6657889,0.9999999999863013,0.5289855072425437,73,0,65,118,0.0283203125,0.0024828767123287673,0.025837435787671233
3,crp_dataset_8_1_7.csv|crp_dataset_8_1_2.csv|crp_dataset_8_1_1.csv,crp_dataset_8_1_6.csv,0.6657889,0.9075630252024575,0.7714285714230613,108,11,32,105,0.026928710937500003,0.00504201680672269,0.02188669413077731
3,crp_dataset_8_1_7.csv|crp_dataset_8_1_2.csv|crp_dataset_8_1_1.csv,crp_dataset_8_1_5.csv,0.6657889,0.9999999999870129,0.7699999999923,77,0,23,156,0.039282226562499994,0.0013798701298701301,0.03790235643262987
3,crp_dataset_8_1_7.csv|crp_dataset_8_1_2.csv|crp_dataset_8_1_6.csv,crp_dataset_8_1_4.csv,0.6103646,0.8417266186989805,0.8931297709855487,117,22,14,103,0.023046875,0.007733812949640287,0.015313062050359715
3,crp_dataset_8_1_7.csv|crp_dataset_8_1_2.csv|crp_dataset_8_1_6.csv,crp_dataset_8_1_3.csv,0.6103646,0.9920634920556185,0.7225433525969795,125,1,48,82,0.019604492187500003,0.0003968253968253968,0.019207666790674607
3,crp_dataset_8_1_7.csv|crp_dataset_8_1_2.csv|crp_dataset_8_1_6.csv,crp_dataset_8_1_8.csv,0.6103646,0.8354430379641082,0.4782608695617518,66,13,72,105,0.0283203125,0.009177215189873418,0.019143097310126582
3,crp_dataset_8_1_7.csv|crp_dataset_8_1_2.csv|crp_dataset_8_1_6.csv,crp_dataset_8_1_1.csv,0.6103646,0.8513513513398465,0.49999999999603173,63,11,63,119,0.0252685546875,0.005405405405405406,0.019863149282094594
3,crp_dataset_8_1_7.csv|crp_dataset_8_1_2.csv|crp_dataset_8_1_6.csv,crp_dataset_8_1_5.csv,0.6103646,0.9999999999880952,0.8399999999916,84,0,16,156,0.039282226562499994,0.0012648809523809524,0.03801734561011904
3,crp_dataset_8_1_7.csv|crp_dataset_8_1_2.csv|crp_dataset_8_1_5.csv,crp_dataset_8_1_4.csv,0.7837506,0.8024691357975157,0.9923664122061652,130,32,1,93,0.023046875,0.008873456790123456,0.014173418209876545
3,crp_dataset_8_1_7.csv|crp_dataset_8_1_2.csv|crp_dataset_8_1_5.csv,crp_dataset_8_1_3.csv,0.7837506,0.8315217391259156,0.884393063578703,153,31,20,52,0.019604492187500003,0.008933423913043477,0.010671068274456526
3,crp_dataset_8_1_7.csv|crp_dataset_8_1_2.csv|crp_dataset_8_1_5.csv,crp_dataset_8_1_8.csv,0.7837506,0.759259259252229,0.5942028985464188,82,26,56,92,0.0283203125,0.009722222222222224,0.018598090277777778
3,crp_dataset_8_1_7.csv|crp_dataset_8_1_2.csv|crp_dataset_8_1_5.csv,crp_dataset_8_1_1.csv,0.7837506,0.6324786324732267,0.5873015872969262,74,43,52,87,0.0252685546875,0.013995726495726495,0.011272828191773505
3,crp_dataset_8_1_7.csv|crp_dataset_8_1_2.csv|crp_dataset_8_1_5.csv,crp_dataset_8_1_6.csv,0.7837506,0.7642857142802552,0.7642857142802552,107,33,33,83,0.026928710937500003,0.011607142857142858,0.015321568080357145
3,crp_dataset_8_1_7.csv|crp_dataset_8_1_1.csv|crp_dataset_8_1_6.csv,crp_dataset_8_1_4.csv,0.69407946,0.999999999990909,0.8396946564821398,110,0,21,125,0.023046875,0.0002840909090909091,0.022762784090909094
3,crp_dataset_8_1_7.csv|crp_dataset_8_1_1.csv|crp_dataset_8_1_6.csv,crp_dataset_8_1_3.csv,0.69407946,0.9850746268583204,0.7630057803424104,132,2,41,81,0.019604492187500003,0.0003264925373134328,0.01927799965018657
3,crp_dataset_8_1_7.csv|crp_dataset_8_1_1.csv|crp_dataset_8_1_6.csv,crp_dataset_8_1_8.csv,0.69407946,0.9782608695545841,0.6521739130387524,90,2,48,116,0.0283203125,0.002377717391304348,0.025942595108695652
3,crp_dataset_8_1_7.csv|crp_dataset_8_1_1.csv|crp_dataset_8_1_6.csv,crp_dataset_8_1_2.csv,0.69407946,0.9425287356213502,0.6890756302463102,82,5,37,132,0.03945312499999999,0.0020114942528735636,0.03744163074712643
3,crp_dataset_8_1_7.csv|crp_dataset_8_1_1.csv|crp_dataset_8_1_6.csv,crp_dataset_8_1_5.csv,0.69407946,0.9999999999870129,0.7699999999923,77,0,23,156,0.039282226562499994,0.0013798701298701301,0.03790235643262987
3,crp_dataset_8_1_7.csv|crp_dataset_8_1_1.csv|crp_dataset_8_1_5.csv,crp_dataset_8_1_4.csv,0.6124566,0.999999999990991,0.8473282442683411,111,0,20,125,0.023046875,0.00028153153153153153,0.02276534346846847
3,crp_dataset_8_1_7.csv|crp_dataset_8_1_1.csv|crp_dataset_8_1_5.csv,crp_dataset_8_1_3.csv,0.6124566,0.9874213836415886,0.9075144508618064,157,2,16,81,0.019604492187500003,0.0003144654088050315,0.01929002677869497
3,crp_dataset_8_1_7.csv|crp_dataset_8_1_1.csv|crp_dataset_8_1_5.csv,crp_dataset_8_1_8.csv,0.6124566,0.9764705882238062,0.6014492753579606,83,2,55,116,0.0283203125,0.002426470588235294,0.025893841911764706
3,crp_dataset_8_1_7.csv|crp_dataset_8_1_1.csv|crp_dataset_8_1_5.csv,crp_dataset_8_1_2.csv,0.6124566,0.9532710280284741,0.8571428571356542,102,5,17,132,0.03945312499999999,0.0016355140186915889,0.037817610981308404
3,crp_dataset_8_1_7.csv|crp_dataset_8_1_1.csv|crp_dataset_8_1_5.csv,crp_dataset_8_1_6.csv,0.6124566,0.9642857142771045,0.7714285714230613,108,4,32,112,0.026928710937500003,0.0020647321428571433,0.02486397879464286
3,crp_dataset_8_1_7.csv|crp_dataset_8_1_6.csv|crp_dataset_8_1_5.csv,crp_dataset_8_1_4.csv,0.6309392,0.999999999990991,0.8473282442683411,111,0,20,125,0.023046875,0.00028153153153153153,0.02276534346846847
3,crp_dataset_8_1_7.csv|crp_dataset_8_1_6.csv|crp_dataset_8_1_5.csv,crp_dataset_8_1_3.csv,0.6309392,0.9836065573689868,0.6936416184931004,120,2,53,81,0.019604492187500003,0.00020491803278688525,0.019399574154713117
3,crp_dataset_8_1_7.csv|crp_dataset_8_1_6.csv|crp_dataset_8_1_5.csv,crp_dataset_8_1_8.csv,0.6309392,0.9682539682385992,0.4420289855040433,61,2,77,116,0.0283203125,0.003273809523809524,0.025046502976190477
3,crp_dataset_8_1_7.csv|crp_dataset_8_1_6.csv|crp_dataset_8_1_5.csv,crp_dataset_8_1_2.csv,0.6309392,0.9519230769139237,0.8319327731022527,99,5,20,132,0.03945312499999999,0.0016826923076923078,0.03777043269230768
3,crp_dataset_8_1_7.csv|crp_dataset_8_1_6.csv|crp_dataset_8_1_5.csv,crp_dataset_8_1_1.csv,0.6309392,0.9999999999833334,0.4761904761866969,60,0,66,130,0.0252685546875,0.00010416666666666667,0.025164388020833334
3,crp_dataset_8_1_4.csv|crp_dataset_8_1_3.csv|crp_dataset_8_1_8.csv,crp_dataset_8_1_7.csv,0.61252964,0.9999999999954546,0.9999999999954546,220,0,0,36,0.0095703125,0.00034090909090909094,0.00922940340909091
3,crp_dataset_8_1_4.csv|crp_dataset_8_1_3.csv|crp_dataset_8_1_8.csv,crp_dataset_8_1_2.csv,0.61252964,0.9647058823415916,0.6890756302463102,82,3,37,134,0.03945312499999999,0.007205882352941177,0.03224724264705881
3,crp_dataset_8_1_4.csv|crp_dataset_8_1_3.csv|crp_dataset_8_1_8.csv,crp_dataset_8_1_1.csv,0.61252964,0.9719626168133461,0.8253968253902746,104,3,22,127,0.0252685546875,0.0005841121495327102,0.02468444253796729
3,crp_dataset_8_1_4.csv|crp_dataset_8_1_3.csv|crp_dataset_8_1_8.csv,crp_dataset_8_1_6.csv,0.61252964,0.7608695652132562,0.9999999999928573,140,44,0,72,0.026928710937500003,0.011107336956521741,0.015821373980978264
3,crp_dataset_8_1_4.csv|crp_dataset_8_1_3.csv|crp_dataset_8_1_8.csv,crp_dataset_8_1_5.csv,0.61252964,0.9638554216751343,0.799999999992,80,3,20,153,0.039282226562499994,0.002108433734939759,0.03717379282756023
3,crp_dataset_8_1_4.csv|crp_dataset_8_1_3.csv|crp_dataset_8_1_2.csv,crp_dataset_8_1_7.csv,0.71991634,0.9999999999954546,0.9999999999954546,220,0,0,36,0.0095703125,0.00034090909090909094,0.00922940340909091
3,crp_dataset_8_1_4.csv|crp_dataset_8_1_3.csv|crp_dataset_8_1_2.csv,crp_dataset_8_1_8.csv,0.71991634,0.9999999999836067,0.4420289855040433,61,0,77,118,0.0283203125,0.0029713114754098364,0.025349001024590163
3,crp_dataset_8_1_4.csv|crp_dataset_8_1_3.csv|crp_dataset_8_1_2.csv,crp_dataset_8_1_1.csv,0.71991634,0.999999999984127,0.49999999999603173,63,0,63,130,0.0252685546875,9.92063492063492e-05,0.02516934833829365
3,crp_dataset_8_1_4.csv|crp_dataset_8_1_3.csv|crp_dataset_8_1_2.csv,crp_dataset_8_1_6.csv,0.71991634,0.9296874999927369,0.8499999999939286,119,9,21,107,0.026928710937500003,0.0029296875,0.023999023437500003
3,crp_dataset_8_1_4.csv|crp_dataset_8_1_3.csv|crp_dataset_8_1_2.csv,crp_dataset_8_1_5.csv,0.71991634,0.9999999999882353,0.8499999999915,85,0,15,156,0.039282226562499994,0.00125,0.03803222656249999
3,crp_dataset_8_1_4.csv|crp_dataset_8_1_3.csv|crp_dataset_8_1_1.csv,crp_dataset_8_1_7.csv,0.6413088,0.9999999999954546,0.9999999999954546,220,0,0,36,0.0095703125,0.00034090909090909094,0.00922940340909091
3,crp_dataset_8_1_4.csv|crp_dataset_8_1_3.csv|crp_dataset_8_1_1.csv,crp_dataset_8_1_8.csv,0.6413088,0.9999999999880952,0.6086956521695023,84,0,54,118,0.0283203125,0.002306547619047619,0.026013764880952382
3,crp_dataset_8_1_4.csv|crp_dataset_8_1_3.csv|crp_dataset_8_1_1.csv,crp_dataset_8_1_2.csv,0.6413088,0.9999999999878049,0.6890756302463102,82,0,37,137,0.03945312499999999,0.0013719512195121953,0.038081173780487795
3,crp_dataset_8_1_4.csv|crp_dataset_8_1_3.csv|crp_dataset_8_1_1.csv,crp_dataset_8_1_6.csv,0.6413088,0.8045977011448012,0.9999999999928573,140,34,0,82,0.026928710937500003,0.008908045977011492,0.01802066496048851
3,crp_dataset_8_1_4.csv|crp_dataset_8_1_3.csv|crp_dataset_8_1_1.csv,crp_dataset_8_1_5.csv,0.6413088,0.9999999999870129,0.7699999999923,77,0,23,156,0.039282226562499994,0.0013798701298701301,0.03790235643262987
3,crp_dataset_8_1_4.csv|crp_dataset_8_1_3.csv|crp_dataset_8_1_6.csv,crp_dataset_8_1_7.csv,0.64435047,0.9999999999954546,0.9999999999954546,220,0,0,36,0.0095703125,0.00034090909090909094,0.00922940340909091
3,crp_dataset_8_1_4.csv|crp_dataset_8_1_3.csv|crp_dataset_8_1_6.csv,crp_dataset_8_1_8.csv,0.64435047,0.9696969696822773,0.4637681159386684,64,2,74,116,0.0283203125,0.0031249999999999997,0.0251953125
3,crp_dataset_8_1_4.csv|crp_dataset_8_1_3.csv|crp_dataset_8_1_6.csv,crp_dataset_8_1_2.csv,0.64435047,0.9425287356213502,0.6890756302463102,82,5,37,132,0.03945312499999999,0.0020114942528735636,0.03744163074712643
3,crp_dataset_8_1_4.csv|crp_dataset_8_1_3.csv|crp_dataset_8_1_6.csv,crp_dataset_8_1_1.csv,0.64435047,0.9999999999868421,0.6031746031698161,76,0,50,130,0.0252685546875,8.223684210526316e-05,0.025186317845394737
3,crp_dataset_8_1_4.csv|crp_dataset_8_1_3.csv|crp_dataset_8_1_6.csv,crp_dataset_8_1_5.csv,0.64435047,0.9999999999870129,0.7699999999923,77,0,23,156,0.039282226562499994,0.0013798701298701301,0.03790235643262987
3,crp_dataset_8_1_4.csv|crp_dataset_8_1_3.csv|crp_dataset_8_1_5.csv,crp_dataset_8_1_7.csv,0.67071915,0.9999999999954546,0.9999999999954546,220,0,0,36,0.0095703125,0.00034090909090909094,0.00922940340909091
3,crp_dataset_8_1_4.csv|crp_dataset_8_1_3.csv|crp_dataset_8_1_5.csv,crp_dataset_8_1_8.csv,0.67071915,0.999999999983871,0.449275362315585,62,0,76,118,0.0283203125,0.002923387096774194,0.025396925403225808
3,crp_dataset_8_1_4.csv|crp_dataset_8_1_3.csv|crp_dataset_8_1_5.csv,crp_dataset_8_1_2.csv,0.67071915,0.9999999999907407,0.9075630252024575,108,0,11,137,0.03945312499999999,0.0010416666666666667,0.03841145833333332
3,crp_dataset_8_1_4.csv|crp_dataset_8_1_3.csv|crp_dataset_8_1_5.csv,crp_dataset_8_1_1.csv,0.67071915,0.999999999984127,0.49999999999603173,63,0,63,130,0.0252685546875,9.92063492063492e-05,0.02516934833829365
3,crp_dataset_8_1_4.csv|crp_dataset_8_1_3.csv|crp_dataset_8_1_5.csv,crp_dataset_8_1_6.csv,0.67071915,0.9183673469325282,0.9642857142788266,135,12,5,104,0.026928710937500003,0.002933673469387755,0.023995037468112247
3,crp_dataset_8_1_4.csv|crp_dataset_8_1_8.csv|crp_dataset_8_1_2.csv,crp_dataset_8_1_7.csv,0.65021604,0.9999999999954546,0.9999999999954546,220,0,0,36,0.0095703125,0.00034090909090909094,0.00922940340909091
3,crp_dataset_8_1_4.csv|crp_dataset_8_1_8.csv|crp_dataset_8_1_2.csv,crp_dataset_8_1_3.csv,0.65021604,0.9999999999920635,0.7283236994177554,126,0,47,83,0.019604492187500003,0.0,0.019604492187500003
3,crp_dataset_8_1_4.csv|crp_dataset_8_1_8.csv|crp_dataset_8_1_2.csv,crp_dataset_8_1_1.csv,0.65021604,0.9999999999861111,0.5714285714240362,72,0,54,130,0.0252685546875,0.00017361111111111112,0.02509494357638889
3,crp_dataset_8_1_4.csv|crp_dataset_8_1_8.csv|crp_dataset_8_1_2.csv,crp_dataset_8_1_6.csv,0.65021604,0.9886363636251291,0.6214285714241327,87,1,53,115,0.026928710937500003,0.0003551136363636364,0.026573597301136367
3,crp_dataset_8_1_4.csv|crp_dataset_8_1_8.csv|crp_dataset_8_1_2.csv,crp_dataset_8_1_5.csv,0.65021604,0.9999999999885058,0.8699999999913,87,0,13,156,0.039282226562499994,0.0015086206896551724,0.03777360587284482
3,crp_dataset_8_1_4.csv|crp_dataset_8_1_8.csv|crp_dataset_8_1_1.csv,crp_dataset_8_1_7.csv,0.6476937,0.9999999999954546,0.9999999999954546,220,0,0,36,0.0095703125,0.00034090909090909094,0.00922940340909091
3,crp_dataset_8_1_4.csv|crp_dataset_8_1_8.csv|crp_dataset_8_1_1.csv,crp_dataset_8_1_3.csv,0.6476937,0.9799999999934668,0.849710982654048,147,3,26,80,0.019604492187500003,0.0015833333333333333,0.01802115885416667
3,crp_dataset_8_1_4.csv|crp_dataset_8_1_8.csv|crp_dataset_8_1_1.csv,crp_dataset_8_1_2.csv,0.6476937,0.9999999999878049,0.6890756302463102,82,0,37,137,0.03945312499999999,0.0013719512195121953,0.038081173780487795
3,crp_dataset_8_1_4.csv|crp_dataset_8_1_8.csv|crp_dataset_8_1_1.csv,crp_dataset_8_1_6.csv,0.6476937,0.9436619718243405,0.9571428571360204,134,8,6,108,0.026928710937500003,0.002244718309859155,0.024683992627640847
3,crp_dataset_8_1_4.csv|crp_dataset_8_1_8.csv|crp_dataset_8_1_1.csv,crp_dataset_8_1_5.csv,0.6476937,0.9638554216751343,0.799999999992,80,3,20,153,0.039282226562499994,0.0021837349397590363,0.03709849162274096
3,crp_dataset_8_1_4.csv|crp_dataset_8_1_8.csv|crp_dataset_8_1_6.csv,crp_dataset_8_1_7.csv,0.7561543,0.9999999999954546,0.9999999999954546,220,0,0,36,0.0095703125,0.00034090909090909094,0.00922940340909091
3,crp_dataset_8_1_4.csv|crp_dataset_8_1_8.csv|crp_dataset_8_1_6.csv,crp_dataset_8_1_3.csv,0.7561543,0.9999999999921876,0.7398843930593071,128,0,45,83,0.019604492187500003,4.8828125e-05,0.019555664062500002
3,crp_dataset_8_1_4.csv|crp_dataset_8_1_8.csv|crp_dataset_8_1_6.csv,crp_dataset_8_1_2.csv,0.7561543,0.9999999999878049,0.6890756302463102,82,0,37,137,0.03945312499999999,0.0013719512195121953,0.038081173780487795
3,crp_dataset_8_1_4.csv|crp_dataset_8_1_8.csv|crp_dataset_8_1_6.csv,crp_dataset_8_1_1.csv,0.7561543,0.9999999999861111,0.5714285714240362,72,0,54,130,0.0252685546875,8.680555555555556e-05,0.025181749131944445
3,crp_dataset_8_1_4.csv|crp_dataset_8_1_8.csv|crp_dataset_8_1_6.csv,crp_dataset_8_1_5.csv,0.7561543,0.9756097560856632,0.799999999992,80,2,20,154,0.039282226562499994,0.0018292682926829267,0.037452958269817066
3,crp_dataset_8_1_4.csv|crp_dataset_8_1_8.csv|crp_dataset_8_1_5.csv,crp_dataset_8_1_7.csv,0.6397157,0.9999999999954546,0.9999999999954546,220,0,0,36,0.0095703125,0.00034090909090909094,0.00922940340909091
3,crp_dataset_8_1_4.csv|crp_dataset_8_1_8.csv|crp_dataset_8_1_5.csv,crp_dataset_8_1_3.csv,0.6397157,0.9999999999913792,0.670520231209997,116,0,57,83,0.019604492187500003,0.0,0.019604492187500003
3,crp_dataset_8_1_4.csv|crp_dataset_8_1_8.csv|crp_dataset_8_1_5.csv,crp_dataset_8_1_2.csv,0.6397157,0.9999999999880952,0.7058823529352447,84,0,35,137,0.03945312499999999,0.0013392857142857143,0.038113839285714275
3,crp_dataset_8_1_4.csv|crp_dataset_8_1_8.csv|crp_dataset_8_1_5.csv,crp_dataset_8_1_1.csv,0.6397157,0.9999999999833334,0.4761904761866969,60,0,66,130,0.0252685546875,0.00010416666666666667,0.025164388020833334
3,crp_dataset_8_1_4.csv|crp_dataset_8_1_8.csv|crp_dataset_8_1_5.csv,crp_dataset_8_1_6.csv,0.6397157,0.9999999999890109,0.6499999999953572,91,0,49,116,0.026928710937500003,0.0002747252747252747,0.02665398566277473
3,crp_dataset_8_1_4.csv|crp_dataset_8_1_2.csv|crp_dataset_8_1_1.csv,crp_dataset_8_1_7.csv,0.6664032,0.9954751131176676,0.9999999999954546,220,1,0,35,0.0095703125,0.0008484162895927602,0.00872189621040724
3,crp_dataset_8_1_4.csv|crp_dataset_8_1_2.csv|crp_dataset_8_1_1.csv,crp_dataset_8_1_3.csv,0.6664032,0.9936708860696604,0.9075144508618064,157,1,16,82,0.019604492187500003,0.000593354430379747,0.019011137757120256
3,crp_dataset_8_1_4.csv|crp_dataset_8_1_2.csv|crp_dataset_8_1_1.csv,crp_dataset_8_1_8.csv,0.6664032,0.9797979797880828,0.7028985507195442,97,2,41,116,0.0283203125,0.002777777777777777,0.02554253472222222
3,crp_dataset_8_1_4.csv|crp_dataset_8_1_2.csv|crp_dataset_8_1_1.csv,crp_dataset_8_1_6.csv,0.6664032,0.9008264462735469,0.7785714285658674,109,12,31,104,0.026928710937500003,0.004752066115702479,0.022176644821797525
3,crp_dataset_8_1_4.csv|crp_dataset_8_1_2.csv|crp_dataset_8_1_1.csv,crp_dataset_8_1_5.csv,0.6664032,0.9999999999876543,0.8099999999919,81,0,19,156,0.039282226562499994,0.0013117283950617284,0.03797049816743826
3,crp_dataset_8_1_4.csv|crp_dataset_8_1_2.csv|crp_dataset_8_1_6.csv,crp_dataset_8_1_7.csv,0.67226076,0.9999999999954546,0.9999999999954546,220,0,0,36,0.0095703125,0.00034090909090909094,0.00922940340909091
3,crp_dataset_8_1_4.csv|crp_dataset_8_1_2.csv|crp_dataset_8_1_6.csv,crp_dataset_8_1_3.csv,0.67226076,0.9999999999915966,0.6878612716723246,119,0,54,83,0.019604492187500003,0.0,0.019604492187500003
3,crp_dataset_8_1_4.csv|crp_dataset_8_1_2.csv|crp_dataset_8_1_6.csv,crp_dataset_8_1_8.csv,0.67226076,0.8367346938690129,0.5942028985464188,82,16,56,102,0.0283203125,0.005165816326530612,0.023154496173469388
3,crp_dataset_8_1_4.csv|crp_dataset_8_1_2.csv|crp_dataset_8_1_6.csv,crp_dataset_8_1_1.csv,0.67226076,0.9718309859018052,0.5476190476147014,69,2,57,128,0.0252685546875,0.0007042253521126761,0.024564329335387325
3,crp_dataset_8_1_4.csv|crp_dataset_8_1_2.csv|crp_dataset_8_1_6.csv,crp_dataset_8_1_5.csv,0.67226076,0.9999999999878049,0.8199999999918,82,0,18,156,0.039282226562499994,0.0012957317073170732,0.03798649485518292
3,crp_dataset_8_1_4.csv|crp_dataset_8_1_2.csv|crp_dataset_8_1_5.csv,crp_dataset_8_1_7.csv,0.6348138,0.9999999999954546,0.9999999999954546,220,0,0,36,0.0095703125,0.00034090909090909094,0.00922940340909091
3,crp_dataset_8_1_4.csv|crp_dataset_8_1_2.csv|crp_dataset_8_1_5.csv,crp_dataset_8_1_3.csv,0.6348138,0.9999999999922481,0.7456647398800829,129,0,44,83,0.019604492187500003,0.0,0.019604492187500003
3,crp_dataset_8_1_4.csv|crp_dataset_8_1_2.csv|crp_dataset_8_1_5.csv,crp_dataset_8_1_8.csv,0.6348138,0.778846153838665,0.5869565217348772,81,23,57,95,0.0283203125,0.009375000000000001,0.0189453125
3,crp_dataset_8_1_4.csv|crp_dataset_8_1_2.csv|crp_dataset_8_1_5.csv,crp_dataset_8_1_1.csv,0.6348138,0.8999999999871429,0.49999999999603173,63,7,63,123,0.0252685546875,0.0047321428571428575,0.02053641183035714
3,crp_dataset_8_1_4.csv|crp_dataset_8_1_2.csv|crp_dataset_8_1_5.csv,crp_dataset_8_1_6.csv,0.6348138,0.9999999999868421,0.5428571428532654,76,0,64,116,0.026928710937500003,8.223684210526316e-05,0.02684647409539474
3,crp_dataset_8_1_4.csv|crp_dataset_8_1_1.csv|crp_dataset_8_1_6.csv,crp_dataset_8_1_7.csv,0.64544743,0.9999999999954546,0.9999999999954546,220,0,0,36,0.0095703125,0.00034090909090909094,0.00922940340909091
3,crp_dataset_8_1_4.csv|crp_dataset_8_1_1.csv|crp_dataset_8_1_6.csv,crp_dataset_8_1_3.csv,0.64544743,0.9799999999934668,0.849710982654048,147,3,26,80,0.019604492187500003,0.0010833333333333333,0.01852115885416667
3,crp_dataset_8_1_4.csv|crp_dataset_8_1_1.csv|crp_dataset_8_1_6.csv,crp_dataset_8_1_8.csv,0.64544743,0.9772727272616218,0.6231884057925856,86,2,52,116,0.0283203125,0.002414772727272727,0.025905539772727273
3,crp_dataset_8_1_4.csv|crp_dataset_8_1_1.csv|crp_dataset_8_1_6.csv,crp_dataset_8_1_2.csv,0.64544743,0.9425287356213502,0.6890756302463102,82,5,37,132,0.03945312499999999,0.0020114942528735636,0.03744163074712643
3,crp_dataset_8_1_4.csv|crp_dataset_8_1_1.csv|crp_dataset_8_1_6.csv,crp_dataset_8_1_5.csv,0.64544743,0.9999999999870129,0.7699999999923,77,0,23,156,0.039282226562499994,0.0013798701298701301,0.03790235643262987
3,crp_dataset_8_1_4.csv|crp_dataset_8_1_1.csv|crp_dataset_8_1_5.csv,crp_dataset_8_1_7.csv,0.6074925,0.9999999999954546,0.9999999999954546,220,0,0,36,0.0095703125,0.00034090909090909094,0.00922940340909091
3,crp_dataset_8_1_4.csv|crp_dataset_8_1_1.csv|crp_dataset_8_1_5.csv,crp_dataset_8_1_3.csv,0.6074925,0.9550561797699155,0.9826589595318922,170,8,3,75,0.019604492187500003,0.0015800561797752809,0.01802443600772472
3,crp_dataset_8_1_4.csv|crp_dataset_8_1_1.csv|crp_dataset_8_1_5.csv,crp_dataset_8_1_8.csv,0.6074925,0.8596491227994767,0.7101449275310859,98,16,40,102,0.0283203125,0.0042763157894736845,0.024043996710526316
3,crp_dataset_8_1_4.csv|crp_dataset_8_1_1.csv|crp_dataset_8_1_5.csv,crp_dataset_8_1_2.csv,0.6074925,0.9425287356213502,0.6890756302463102,82,5,37,132,0.03945312499999999,0.0020114942528735636,0.03744163074712643
3,crp_dataset_8_1_4.csv|crp_dataset_8_1_1.csv|crp_dataset_8_1_5.csv,crp_dataset_8_1_6.csv,0.6074925,0.9109589041033497,0.9499999999932144,133,13,7,103,0.026928710937500003,0.0032534246575342467,0.023675286279965756
3,crp_dataset_8_1_4.csv|crp_dataset_8_1_6.csv|crp_dataset_8_1_5.csv,crp_dataset_8_1_7.csv,0.6206112,0.9999999999954546,0.9999999999954546,220,0,0,36,0.0095703125,0.00034090909090909094,0.00922940340909091
3,crp_dataset_8_1_4.csv|crp_dataset_8_1_6.csv|crp_dataset_8_1_5.csv,crp_dataset_8_1_3.csv,0.6206112,0.9843749999923097,0.7283236994177554,126,2,47,81,0.019604492187500003,0.000244140625,0.019360351562500003
3,crp_dataset_8_1_4.csv|crp_dataset_8_1_6.csv|crp_dataset_8_1_5.csv,crp_dataset_8_1_8.csv,0.6206112,0.8494623655822638,0.5724637681117938,79,14,59,104,0.0283203125,0.004771505376344086,0.023548807123655913
3,crp_dataset_8_1_4.csv|crp_dataset_8_1_6.csv|crp_dataset_8_1_5.csv,crp_dataset_8_1_2.csv,0.6206112,0.9450549450445598,0.7226890756241791,86,5,33,132,0.03945312499999999,0.0019230769230769232,0.03753004807692307
3,crp_dataset_8_1_4.csv|crp_dataset_8_1_6.csv|crp_dataset_8_1_5.csv,crp_dataset_8_1_1.csv,0.6206112,0.9999999999850746,0.5317460317418116,67,0,59,130,0.0252685546875,0.00027985074626865673,0.024988703941231344
3,crp_dataset_8_1_3.csv|crp_dataset_8_1_8.csv|crp_dataset_8_1_2.csv,crp_dataset_8_1_7.csv,0.6008574,0.9999999999954546,0.9999999999954546,220,0,0,36,0.0095703125,0.00034090909090909094,0.00922940340909091
3,crp_dataset_8_1_3.csv|crp_dataset_8_1_8.csv|crp_dataset_8_1_2.csv,crp_dataset_8_1_4.csv,0.6008574,0.9999999999911504,0.8625954198407436,113,0,18,125,0.023046875,0.00033185840707964607,0.022715016592920356
3,crp_dataset_8_1_3.csv|crp_dataset_8_1_8.csv|crp_dataset_8_1_2.csv,crp_dataset_8_1_1.csv,0.6008574,0.9745762711781816,0.912698412691169,115,3,11,127,0.0252685546875,0.0007944915254237289,0.02447406316207627
3,crp_dataset_8_1_3.csv|crp_dataset_8_1_8.csv|crp_dataset_8_1_2.csv,crp_dataset_8_1_6.csv,0.6008574,0.908496732020206,0.9928571428500511,139,14,1,102,0.026928710937500003,0.003186274509803922,0.023742436427696082
3,crp_dataset_8_1_3.csv|crp_dataset_8_1_8.csv|crp_dataset_8_1_2.csv,crp_dataset_8_1_5.csv,0.6008574,0.9999999999888889,0.899999999991,90,0,10,156,0.039282226562499994,0.001597222222222222,0.03768500434027777
3,crp_dataset_8_1_3.csv|crp_dataset_8_1_8.csv|crp_dataset_8_1_1.csv,crp_dataset_8_1_7.csv,0.63248575,0.9999999999954546,0.9999999999954546,220,0,0,36,0.0095703125,0.00034090909090909094,0.00922940340909091
3,crp_dataset_8_1_3.csv|crp_dataset_8_1_8.csv|crp_dataset_8_1_1.csv,crp_dataset_8_1_4.csv,0.63248575,0.984251968496187,0.9541984732751588,125,2,6,123,0.023046875,0.0005413385826771653,0.022505536417322836
3,crp_dataset_8_1_3.csv|crp_dataset_8_1_8.csv|crp_dataset_8_1_1.csv,crp_dataset_8_1_2.csv,0.63248575,0.9999999999878049,0.6890756302463102,82,0,37,137,0.03945312499999999,0.0013719512195121953,0.038081173780487795
3,crp_dataset_8_1_3.csv|crp_dataset_8_1_8.csv|crp_dataset_8_1_1.csv,crp_dataset_8_1_6.csv,0.63248575,0.7329842931898797,0.9999999999928573,140,51,0,65,0.026928710937500003,0.0125,0.014428710937500002
3,crp_dataset_8_1_3.csv|crp_dataset_8_1_8.csv|crp_dataset_8_1_1.csv,crp_dataset_8_1_5.csv,0.63248575,0.987654320975461,0.799999999992,80,1,20,155,0.039282226562499994,0.0015432098765432098,0.037739016685956785
3,crp_dataset_8_1_3.csv|crp_dataset_8_1_8.csv|crp_dataset_8_1_6.csv,crp_dataset_8_1_7.csv,0.6314085,0.9999999999954546,0.9999999999954546,220,0,0,36,0.0095703125,0.00034090909090909094,0.00922940340909091
3,crp_dataset_8_1_3.csv|crp_dataset_8_1_8.csv|crp_dataset_8_1_6.csv,crp_dataset_8_1_4.csv,0.6314085,0.984496124023376,0.9694656488475614,127,2,4,123,0.023046875,0.0005813953488372093,0.022465479651162794
3,crp_dataset_8_1_3.csv|crp_dataset_8_1_8.csv|crp_dataset_8_1_6.csv,crp_dataset_8_1_2.csv,0.6314085,0.9999999999878049,0.6890756302463102,82,0,37,137,0.03945312499999999,0.0013719512195121953,0.038081173780487795
3,crp_dataset_8_1_3.csv|crp_dataset_8_1_8.csv|crp_dataset_8_1_6.csv,crp_dataset_8_1_1.csv,0.6314085,0.9682539682462836,0.9682539682462836,122,4,4,126,0.0252685546875,0.000744047619047619,0.02452450706845238
3,crp_dataset_8_1_3.csv|crp_dataset_8_1_8.csv|crp_dataset_8_1_6.csv,crp_dataset_8_1_5.csv,0.6314085,0.9756097560856632,0.799999999992,80,2,20,154,0.039282226562499994,0.0018292682926829267,0.037452958269817066
3,crp_dataset_8_1_3.csv|crp_dataset_8_1_8.csv|crp_dataset_8_1_5.csv,crp_dataset_8_1_7.csv,0.665491,0.9999999999954546,0.9999999999954546,220,0,0,36,0.0095703125,0.00034090909090909094,0.00922940340909091
3,crp_dataset_8_1_3.csv|crp_dataset_8_1_8.csv|crp_dataset_8_1_5.csv,crp_dataset_8_1_4.csv,0.665491,0.9999999999913792,0.8854961831993474,116,0,15,125,0.023046875,0.00032327586206896557,0.022723599137931035
3,crp_dataset_8_1_3.csv|crp_dataset_8_1_8.csv|crp_dataset_8_1_5.csv,crp_dataset_8_1_2.csv,0.665491,0.9999999999906541,0.8991596638579902,107,0,12,137,0.03945312499999999,0.0011098130841121498,0.03834331191588784
3,crp_dataset_8_1_3.csv|crp_dataset_8_1_8.csv|crp_dataset_8_1_5.csv,crp_dataset_8_1_1.csv,0.665491,0.974789915958195,0.920634920627614,116,3,10,127,0.0252685546875,0.0007878151260504203,0.02448073956144958
3,crp_dataset_8_1_3.csv|crp_dataset_8_1_8.csv|crp_dataset_8_1_5.csv,crp_dataset_8_1_6.csv,0.665491,0.9310344827521998,0.9642857142788266,135,10,5,106,0.026928710937500003,0.0028879310344827585,0.024040779903017243
3,crp_dataset_8_1_3.csv|crp_dataset_8_1_2.csv|crp_dataset_8_1_1.csv,crp_dataset_8_1_7.csv,0.6210619,0.9999999999954546,0.9999999999954546,220,0,0,36,0.0095703125,0.00034090909090909094,0.00922940340909091
3,crp_dataset_8_1_3.csv|crp_dataset_8_1_2.csv|crp_dataset_8_1_1.csv,crp_dataset_8_1_4.csv,0.6210619,0.9999999999911504,0.8625954198407436,113,0,18,125,0.023046875,0.0002765486725663717,0.02277032632743363
3,crp_dataset_8_1_3.csv|crp_dataset_8_1_2.csv|crp_dataset_8_1_1.csv,crp_dataset_8_1_8.csv,0.6210619,0.9659090908981146,0.615942028981044,85,3,53,115,0.0283203125,0.0026988636363636364,0.025621448863636362
3,crp_dataset_8_1_3.csv|crp_dataset_8_1_2.csv|crp_dataset_8_1_1.csv,crp_dataset_8_1_6.csv,0.6210619,0.8064516128980229,0.8928571428507653,125,30,15,86,0.026928710937500003,0.009112903225806452,0.01781580771169355
3,crp_dataset_8_1_3.csv|crp_dataset_8_1_2.csv|crp_dataset_8_1_1.csv,crp_dataset_8_1_5.csv,0.6210619,0.9999999999878049,0.8199999999918,82,0,18,156,0.039282226562499994,0.0012957317073170732,0.03798649485518292
3,crp_dataset_8_1_3.csv|crp_dataset_8_1_2.csv|crp_dataset_8_1_6.csv,crp_dataset_8_1_7.csv,0.6703556,0.9999999999954546,0.9999999999954546,220,0,0,36,0.0095703125,0.00034090909090909094,0.00922940340909091
3,crp_dataset_8_1_3.csv|crp_dataset_8_1_2.csv|crp_dataset_8_1_6.csv,crp_dataset_8_1_4.csv,0.6703556,0.9999999999910714,0.8549618320545423,112,0,19,125,0.023046875,0.0003348214285714286,0.022712053571428574
3,crp_dataset_8_1_3.csv|crp_dataset_8_1_2.csv|crp_dataset_8_1_6.csv,crp_dataset_8_1_8.csv,0.6703556,0.9444444444313271,0.4927536231848352,68,4,70,114,0.0283203125,0.003472222222222222,0.024848090277777776
3,crp_dataset_8_1_3.csv|crp_dataset_8_1_2.csv|crp_dataset_8_1_6.csv,crp_dataset_8_1_1.csv,0.6703556,0.9915966386471294,0.9365079365005039,118,1,8,129,0.0252685546875,0.0004201680672268908,0.02484838662027311
3,crp_dataset_8_1_3.csv|crp_dataset_8_1_2.csv|crp_dataset_8_1_6.csv,crp_dataset_8_1_5.csv,0.6703556,0.9999999999878049,0.8199999999918,82,0,18,156,0.039282226562499994,0.0012957317073170732,0.03798649485518292
3,crp_dataset_8_1_3.csv|crp_dataset_8_1_2.csv|crp_dataset_8_1_5.csv,crp_dataset_8_1_7.csv,0.6166045,0.9999999999954546,0.9999999999954546,220,0,0,36,0.0095703125,0.00034090909090909094,0.00922940340909091
3,crp_dataset_8_1_3.csv|crp_dataset_8_1_2.csv|crp_dataset_8_1_5.csv,crp_dataset_8_1_4.csv,0.6166045,0.8251748251690548,0.90076335877175,118,25,13,100,0.023046875,0.009353146853146855,0.013693728146853146
3,crp_dataset_8_1_3.csv|crp_dataset_8_1_2.csv|crp_dataset_8_1_5.csv,crp_dataset_8_1_8.csv,0.6166045,0.7641509433890175,0.5869565217348772,81,25,57,93,0.0283203125,0.009375,0.0189453125
3,crp_dataset_8_1_3.csv|crp_dataset_8_1_2.csv|crp_dataset_8_1_5.csv,crp_dataset_8_1_1.csv,0.6166045,0.6747967479619935,0.6587301587249307,83,40,43,90,0.0252685546875,0.012906504065040651,0.012362050622459349
3,crp_dataset_8_1_3.csv|crp_dataset_8_1_2.csv|crp_dataset_8_1_5.csv,crp_dataset_8_1_6.csv,0.6166045,0.8220338982981183,0.6928571428521939,97,21,43,95,0.026928710937500003,0.00826271186440678,0.01866599907309322
3,crp_dataset_8_1_3.csv|crp_dataset_8_1_1.csv|crp_dataset_8_1_6.csv,crp_dataset_8_1_7.csv,0.66439474,0.9999999999954546,0.9999999999954546,220,0,0,36,0.0095703125,0.00034090909090909094,0.00922940340909091
3,crp_dataset_8_1_3.csv|crp_dataset_8_1_1.csv|crp_dataset_8_1_6.csv,crp_dataset_8_1_4.csv,0.66439474,0.9999999999910714,0.8549618320545423,112,0,19,125,0.023046875,0.00027901785714285713,0.022767857142857145
3,crp_dataset_8_1_3.csv|crp_dataset_8_1_1.csv|crp_dataset_8_1_6.csv,crp_dataset_8_1_8.csv,0.66439474,0.9999999999886363,0.637681159415669,88,0,50,118,0.0283203125,0.002059659090909091,0.02626065340909091
3,crp_dataset_8_1_3.csv|crp_dataset_8_1_1.csv|crp_dataset_8_1_6.csv,crp_dataset_8_1_2.csv,0.66439474,0.9999999999878049,0.6890756302463102,82,0,37,137,0.03945312499999999,0.0013719512195121953,0.038081173780487795
3,crp_dataset_8_1_3.csv|crp_dataset_8_1_1.csv|crp_dataset_8_1_6.csv,crp_dataset_8_1_5.csv,0.66439474,0.9999999999870129,0.7699999999923,77,0,23,156,0.039282226562499994,0.0013798701298701301,0.03790235643262987
3,crp_dataset_8_1_3.csv|crp_dataset_8_1_1.csv|crp_dataset_8_1_5.csv,crp_dataset_8_1_7.csv,0.60680765,0.9999999999954546,0.9999999999954546,220,0,0,36,0.0095703125,0.00034090909090909094,0.00922940340909091
3,crp_dataset_8_1_3.csv|crp_dataset_8_1_1.csv|crp_dataset_8_1_5.csv,crp_dataset_8_1_4.csv,0.60680765,0.999999999991228,0.8702290076269449,114,0,17,125,0.023046875,0.0003289473684210527,0.022717927631578948
3,crp_dataset_8_1_3.csv|crp_dataset_8_1_1.csv|crp_dataset_8_1_5.csv,crp_dataset_8_1_8.csv,0.60680765,0.8785046728889859,0.6811594202849192,94,13,44,105,0.0283203125,0.004147196261682242,0.024173116238317756
3,crp_dataset_8_1_3.csv|crp_dataset_8_1_1.csv|crp_dataset_8_1_5.csv,crp_dataset_8_1_2.csv,0.60680765,0.999999999991453,0.9831932773026623,117,0,2,137,0.03945312499999999,0.0014423076923076924,0.0380108173076923
3,crp_dataset_8_1_3.csv|crp_dataset_8_1_1.csv|crp_dataset_8_1_5.csv,crp_dataset_8_1_6.csv,0.60680765,0.806666666661289,0.8642857142795409,121,29,19,87,0.026928710937500003,0.009333333333333332,0.01759537760416667
3,crp_dataset_8_1_3.csv|crp_dataset_8_1_6.csv|crp_dataset_8_1_5.csv,crp_dataset_8_1_7.csv,0.66916466,0.9999999999954546,0.9999999999954546,220,0,0,36,0.0095703125,0.00034090909090909094,0.00922940340909091
3,crp_dataset_8_1_3.csv|crp_dataset_8_1_6.csv|crp_dataset_8_1_5.csv,crp_dataset_8_1_4.csv,0.66916466,0.999999999990991,0.8473282442683411,111,0,20,125,0.023046875,0.00028153153153153153,0.02276534346846847
3,crp_dataset_8_1_3.csv|crp_dataset_8_1_6.csv|crp_dataset_8_1_5.csv,crp_dataset_8_1_8.csv,0.66916466,0.9733333333203555,0.5289855072425437,73,2,65,116,0.0283203125,0.00275,0.0255703125
3,crp_dataset_8_1_3.csv|crp_dataset_8_1_6.csv|crp_dataset_8_1_5.csv,crp_dataset_8_1_2.csv,0.66916466,0.9561403508688058,0.9159663865469246,109,5,10,132,0.03945312499999999,0.0015899122807017546,0.03786321271929824
3,crp_dataset_8_1_3.csv|crp_dataset_8_1_6.csv|crp_dataset_8_1_5.csv,crp_dataset_8_1_1.csv,0.66916466,0.999999999991228,0.9047619047547241,114,0,12,130,0.0252685546875,0.00027412280701754384,0.024994431880482455
3,crp_dataset_8_1_8.csv|crp_dataset_8_1_2.csv|crp_dataset_8_1_1.csv,crp_dataset_8_1_7.csv,0.62143534,0.9999999999954546,0.9999999999954546,220,0,0,36,0.0095703125,0.00034090909090909094,0.00922940340909091
3,crp_dataset_8_1_8.csv|crp_dataset_8_1_2.csv|crp_dataset_8_1_1.csv,crp_dataset_8_1_4.csv,0.62143534,0.999999999991228,0.8702290076269449,114,0,17,125,0.023046875,0.0003289473684210527,0.022717927631578948
3,crp_dataset_8_1_8.csv|crp_dataset_8_1_2.csv|crp_dataset_8_1_1.csv,crp_dataset_8_1_3.csv,0.62143534,0.9936708860696604,0.9075144508618064,157,1,16,82,0.019604492187500003,0.0005537974683544304,0.019050694719145573
3,crp_dataset_8_1_8.csv|crp_dataset_8_1_2.csv|crp_dataset_8_1_1.csv,crp_dataset_8_1_6.csv,0.62143534,0.9291338582604005,0.8428571428511226,118,9,22,107,0.026928710937500003,0.002657480314960629,0.024271230622539372
3,crp_dataset_8_1_8.csv|crp_dataset_8_1_2.csv|crp_dataset_8_1_1.csv,crp_dataset_8_1_5.csv,0.62143534,0.9999999999882353,0.8499999999915,85,0,15,156,0.039282226562499994,0.0016176470588235296,0.037664579503676465
3,crp_dataset_8_1_8.csv|crp_dataset_8_1_2.csv|crp_dataset_8_1_6.csv,crp_dataset_8_1_7.csv,0.62751687,0.9999999999954546,0.9999999999954546,220,0,0,36,0.0095703125,0.00034090909090909094,0.00922940340909091
3,crp_dataset_8_1_8.csv|crp_dataset_8_1_2.csv|crp_dataset_8_1_6.csv,crp_dataset_8_1_4.csv,0.62751687,0.9769230769155622,0.9694656488475614,127,3,4,122,0.023046875,0.0007211538461538462,0.022325721153846154
3,crp_dataset_8_1_8.csv|crp_dataset_8_1_2.csv|crp_dataset_8_1_6.csv,crp_dataset_8_1_3.csv,0.62751687,0.9999999999939025,0.9479768786072372,164,0,9,83,0.019604492187500003,0.00011432926829268295,0.01949016291920732
3,crp_dataset_8_1_8.csv|crp_dataset_8_1_2.csv|crp_dataset_8_1_6.csv,crp_dataset_8_1_1.csv,0.62751687,0.968503937000248,0.9761904761827286,123,4,3,126,0.0252685546875,0.0007874015748031497,0.02448115311269685
3,crp_dataset_8_1_8.csv|crp_dataset_8_1_2.csv|crp_dataset_8_1_6.csv,crp_dataset_8_1_5.csv,0.62751687,0.9999999999883721,0.8599999999914,86,0,14,156,0.039282226562499994,0.001671511627906977,0.03761071493459302
3,crp_dataset_8_1_8.csv|crp_dataset_8_1_2.csv|crp_dataset_8_1_5.csv,crp_dataset_8_1_7.csv,0.7228992,0.9999999999954546,0.9999999999954546,220,0,0,36,0.0095703125,0.00034090909090909094,0.00922940340909091
3,crp_dataset_8_1_8.csv|crp_dataset_8_1_2.csv|crp_dataset_8_1_5.csv,crp_dataset_8_1_4.csv,0.7228992,0.8424657534188873,0.9389312977027563,123,23,8,102,0.023046875,0.00779109589041096,0.015255779109589042
3,crp_dataset_8_1_8.csv|crp_dataset_8_1_2.csv|crp_dataset_8_1_5.csv,crp_dataset_8_1_3.csv,0.7228992,0.8797814207602198,0.9306358381449097,161,22,12,61,0.019604492187500003,0.006898907103825136,0.012705585083674868
3,crp_dataset_8_1_8.csv|crp_dataset_8_1_2.csv|crp_dataset_8_1_5.csv,crp_dataset_8_1_1.csv,0.7228992,0.918032786877721,0.8888888888818341,112,10,14,120,0.0252685546875,0.0022028688524590163,0.023065685835040983
3,crp_dataset_8_1_8.csv|crp_dataset_8_1_2.csv|crp_dataset_8_1_5.csv,crp_dataset_8_1_6.csv,0.7228992,0.802631578942088,0.871428571422347,122,30,18,86,0.026928710937500003,0.009621710526315788,0.017307000411184215
3,crp_dataset_8_1_8.csv|crp_dataset_8_1_1.csv|crp_dataset_8_1_6.csv,crp_dataset_8_1_7.csv,0.6415981,0.9999999999954546,0.9999999999954546,220,0,0,36,0.0095703125,0.00034090909090909094,0.00922940340909091
3,crp_dataset_8_1_8.csv|crp_dataset_8_1_1.csv|crp_dataset_8_1_6.csv,crp_dataset_8_1_4.csv,0.6415981,0.9843749999923097,0.9618320610613601,126,2,5,123,0.023046875,0.000537109375,0.022509765625
3,crp_dataset_8_1_8.csv|crp_dataset_8_1_1.csv|crp_dataset_8_1_6.csv,crp_dataset_8_1_3.csv,0.6415981,0.9801324503246349,0.8554913294748238,148,3,25,80,0.019604492187500003,0.001076158940397351,0.018528333247102652
3,crp_dataset_8_1_8.csv|crp_dataset_8_1_1.csv|crp_dataset_8_1_6.csv,crp_dataset_8_1_2.csv,0.6415981,0.9999999999878049,0.6890756302463102,82,0,37,137,0.03945312499999999,0.0013719512195121953,0.038081173780487795
3,crp_dataset_8_1_8.csv|crp_dataset_8_1_1.csv|crp_dataset_8_1_6.csv,crp_dataset_8_1_5.csv,0.6415981,0.987654320975461,0.799999999992,80,1,20,155,0.039282226562499994,0.0015432098765432098,0.037739016685956785
3,crp_dataset_8_1_8.csv|crp_dataset_8_1_1.csv|crp_dataset_8_1_5.csv,crp_dataset_8_1_7.csv,0.6117878,0.9999999999954546,0.9999999999954546,220,0,0,36,0.0095703125,0.00034090909090909094,0.00922940340909091
3,crp_dataset_8_1_8.csv|crp_dataset_8_1_1.csv|crp_dataset_8_1_5.csv,crp_dataset_8_1_4.csv,0.6117878,0.9843749999923097,0.9618320610613601,126,2,5,123,0.023046875,0.000537109375,0.022509765625
3,crp_dataset_8_1_8.csv|crp_dataset_8_1_1.csv|crp_dataset_8_1_5.csv,crp_dataset_8_1_3.csv,0.6117878,0.9932432432365322,0.849710982654048,147,1,26,82,0.019604492187500003,0.0005912162162162162,0.019013275971283786
3,crp_dataset_8_1_8.csv|crp_dataset_8_1_1.csv|crp_dataset_8_1_5.csv,crp_dataset_8_1_2.csv,0.6117878,0.9999999999878049,0.6890756302463102,82,0,37,137,0.03945312499999999,0.0013719512195121953,0.038081173780487795
3,crp_dataset_8_1_8.csv|crp_dataset_8_1_1.csv|crp_dataset_8_1_5.csv,crp_dataset_8_1_6.csv,0.6117878,0.943262411340828,0.9499999999932144,133,8,7,108,0.026928710937500003,0.002216312056737589,0.024712398880762414
3,crp_dataset_8_1_8.csv|crp_dataset_8_1_6.csv|crp_dataset_8_1_5.csv,crp_dataset_8_1_7.csv,0.613999,0.9999999999954546,0.9999999999954546,220,0,0,36,0.0095703125,0.00034090909090909094,0.00922940340909091
3,crp_dataset_8_1_8.csv|crp_dataset_8_1_6.csv|crp_dataset_8_1_5.csv,crp_dataset_8_1_4.csv,0.613999,0.9921874999922486,0.9694656488475614,127,1,4,124,0.023046875,0.000439453125,0.022607421875000002
3,crp_dataset_8_1_8.csv|crp_dataset_8_1_6.csv|crp_dataset_8_1_5.csv,crp_dataset_8_1_3.csv,0.613999,0.9999999999932433,0.8554913294748238,148,0,25,83,0.019604492187500003,0.00016891891891891893,0.019435573268581086
3,crp_dataset_8_1_8.csv|crp_dataset_8_1_6.csv|crp_dataset_8_1_5.csv,crp_dataset_8_1_2.csv,0.613999,0.9999999999878049,0.6890756302463102,82,0,37,137,0.03945312499999999,0.0013719512195121953,0.038081173780487795
3,crp_dataset_8_1_8.csv|crp_dataset_8_1_6.csv|crp_dataset_8_1_5.csv,crp_dataset_8_1_1.csv,0.613999,0.9833333333251388,0.9365079365005039,118,2,8,128,0.0252685546875,0.0005208333333333333,0.024747721354166665
3,crp_dataset_8_1_2.csv|crp_dataset_8_1_1.csv|crp_dataset_8_1_6.csv,crp_dataset_8_1_7.csv,0.6036987,0.9999999999954546,0.9999999999954546,220,0,0,36,0.0095703125,0.00034090909090909094,0.00922940340909091
3,crp_dataset_8_1_2.csv|crp_dataset_8_1_1.csv|crp_dataset_8_1_6.csv,crp_dataset_8_1_4.csv,0.6036987,0.999999999990909,0.8396946564821398,110,0,21,125,0.023046875,0.0002840909090909091,0.022762784090909094
3,crp_dataset_8_1_2.csv|crp_dataset_8_1_1.csv|crp_dataset_8_1_6.csv,crp_dataset_8_1_3.csv,0.6036987,0.999999999993007,0.8265895953709447,143,0,30,83,0.019604492187500003,0.00013111888111888115,0.01947337330638112
3,crp_dataset_8_1_2.csv|crp_dataset_8_1_1.csv|crp_dataset_8_1_6.csv,crp_dataset_8_1_8.csv,0.6036987,0.9999999999890109,0.6594202898502941,91,0,47,118,0.0283203125,0.0021291208791208794,0.02619119162087912
3,crp_dataset_8_1_2.csv|crp_dataset_8_1_1.csv|crp_dataset_8_1_6.csv,crp_dataset_8_1_5.csv,0.6036987,0.9999999999878049,0.8199999999918,82,0,18,156,0.039282226562499994,0.0014481707317073173,0.037834055830792676
3,crp_dataset_8_1_2.csv|crp_dataset_8_1_1.csv|crp_dataset_8_1_5.csv,crp_dataset_8_1_7.csv,0.6010224,0.8906882591057057,0.9999999999954546,220,27,0,9,0.0095703125,0.00847672064777328,0.0010935918522267211
3,crp_dataset_8_1_2.csv|crp_dataset_8_1_1.csv|crp_dataset_8_1_5.csv,crp_dataset_8_1_4.csv,0.6010224,0.8778625954131462,0.8778625954131462,115,16,16,109,0.023046875,0.005009541984732824,0.01803733301526718
3,crp_dataset_8_1_2.csv|crp_dataset_8_1_1.csv|crp_dataset_8_1_5.csv,crp_dataset_8_1_3.csv,0.6010224,0.8820224719051573,0.9075144508618064,157,21,16,62,0.019604492187500003,0.006460674157303371,0.013143818030196631
3,crp_dataset_8_1_2.csv|crp_dataset_8_1_1.csv|crp_dataset_8_1_5.csv,crp_dataset_8_1_8.csv,0.6010224,0.8725490195992887,0.6449275362272108,89,13,49,105,0.0283203125,0.004350490196078431,0.02396982230392157
3,crp_dataset_8_1_2.csv|crp_dataset_8_1_1.csv|crp_dataset_8_1_5.csv,crp_dataset_8_1_6.csv,0.6010224,0.6913580246870904,0.7999999999942857,112,50,28,66,0.026928710937500003,0.016010802469135804,0.010917908468364199
3,crp_dataset_8_1_2.csv|crp_dataset_8_1_6.csv|crp_dataset_8_1_5.csv,crp_dataset_8_1_7.csv,0.7426519,0.9999999999954546,0.9999999999954546,220,0,0,36,0.0095703125,0.00034090909090909094,0.00922940340909091
3,crp_dataset_8_1_2.csv|crp_dataset_8_1_6.csv|crp_dataset_8_1_5.csv,crp_dataset_8_1_4.csv,0.7426519,0.8472222222163388,0.931297709916555,122,22,9,103,0.023046875,0.007508680555555556,0.015538194444444445
3,crp_dataset_8_1_2.csv|crp_dataset_8_1_6.csv|crp_dataset_8_1_5.csv,crp_dataset_8_1_3.csv,0.7426519,0.8258064516075755,0.7398843930593071,128,27,45,56,0.019604492187500003,0.008991935483870967,0.010612556703629036
3,crp_dataset_8_1_2.csv|crp_dataset_8_1_6.csv|crp_dataset_8_1_5.csv,crp_dataset_8_1_8.csv,0.7426519,0.7663551401797537,0.5942028985464188,82,25,56,93,0.0283203125,0.009345794392523367,0.018974518107476634
3,crp_dataset_8_1_2.csv|crp_dataset_8_1_6.csv|crp_dataset_8_1_5.csv,crp_dataset_8_1_1.csv,0.7426519,0.6635514018629575,0.5634920634875913,71,36,55,94,0.0252685546875,0.012908878504672898,0.012359676182827102
3,crp_dataset_8_1_1.csv|crp_dataset_8_1_6.csv|crp_dataset_8_1_5.csv,crp_dataset_8_1_7.csv,0.60938627,0.9999999999954546,0.9999999999954546,220,0,0,36,0.0095703125,0.00034090909090909094,0.00922940340909091
3,crp_dataset_8_1_1.csv|crp_dataset_8_1_6.csv|crp_dataset_8_1_5.csv,crp_dataset_8_1_4.csv,0.60938627,0.999999999990909,0.8396946564821398,110,0,21,125,0.023046875,0.0002840909090909091,0.022762784090909094
3,crp_dataset_8_1_1.csv|crp_dataset_8_1_6.csv|crp_dataset_8_1_5.csv,crp_dataset_8_1_3.csv,0.60938627,0.9872611464905271,0.8959537572202546,155,2,18,81,0.019604492187500003,0.00031847133757961787,0.019286020849920385
3,crp_dataset_8_1_1.csv|crp_dataset_8_1_6.csv|crp_dataset_8_1_5.csv,crp_dataset_8_1_8.csv,0.60938627,0.9784946236453925,0.6594202898502941,91,2,47,116,0.0283203125,0.0024193548387096775,0.025900957661290323
3,crp_dataset_8_1_1.csv|crp_dataset_8_1_6.csv|crp_dataset_8_1_5.csv,crp_dataset_8_1_2.csv,0.60938627,0.9557522123809226,0.9075630252024575,108,5,11,132,0.03945312499999999,0.0017146017699115044,0.037738523230088486
4,crp_dataset_8_1_7.csv|crp_dataset_8_1_4.csv|crp_dataset_8_1_3.csv|crp_dataset_8_1_8.csv,crp_dataset_8_1_2.csv,0.6418285,0.9879518072170126,0.6890756302463102,82,1,37,136,0.03945312499999999,0.0021837349397590363,0.03726939006024096
4,crp_dataset_8_1_7.csv|crp_dataset_8_1_4.csv|crp_dataset_8_1_3.csv|crp_dataset_8_1_8.csv,crp_dataset_8_1_1.csv,0.6418285,0.9908256880643043,0.8571428571360544,108,1,18,129,0.0252685546875,0.0004013761467889908,0.02486717854071101
4,crp_dataset_8_1_7.csv|crp_dataset_8_1_4.csv|crp_dataset_8_1_3.csv|crp_dataset_8_1_8.csv,crp_dataset_8_1_6.csv,0.6418285,0.8580246913527283,0.9928571428500511,139,23,1,93,0.026928710937500003,0.0055941358024691355,0.021334575135030866
4,crp_dataset_8_1_7.csv|crp_dataset_8_1_4.csv|crp_dataset_8_1_3.csv|crp_dataset_8_1_8.csv,crp_dataset_8_1_5.csv,0.6418285,0.9638554216751343,0.799999999992,80,3,20,153,0.039282226562499994,0.002108433734939759,0.03717379282756023
4,crp_dataset_8_1_7.csv|crp_dataset_8_1_4.csv|crp_dataset_8_1_3.csv|crp_dataset_8_1_2.csv,crp_dataset_8_1_8.csv,0.74753845,0.999999999983871,0.449275362315585,62,0,76,118,0.0283203125,0.002923387096774194,0.025396925403225808
4,crp_dataset_8_1_7.csv|crp_dataset_8_1_4.csv|crp_dataset_8_1_3.csv|crp_dataset_8_1_2.csv,crp_dataset_8_1_1.csv,0.74753845,0.9999999999846153,0.5158730158689216,65,0,61,130,0.0252685546875,9.615384615384615e-05,0.025172400841346153
4,crp_dataset_8_1_7.csv|crp_dataset_8_1_4.csv|crp_dataset_8_1_3.csv|crp_dataset_8_1_2.csv,crp_dataset_8_1_6.csv,0.74753845,0.9074074073990055,0.6999999999950001,98,10,42,106,0.026928710937500003,0.004340277777777778,0.022588433159722227
4,crp_dataset_8_1_7.csv|crp_dataset_8_1_4.csv|crp_dataset_8_1_3.csv|crp_dataset_8_1_2.csv,crp_dataset_8_1_5.csv,0.74753845,0.9999999999885058,0.8699999999913,87,0,13,156,0.039282226562499994,0.0012212643678160922,0.038060962194683905
4,crp_dataset_8_1_7.csv|crp_dataset_8_1_4.csv|crp_dataset_8_1_3.csv|crp_dataset_8_1_1.csv,crp_dataset_8_1_8.csv,0.7530119,0.9999999999878049,0.5942028985464188,82,0,56,118,0.0283203125,0.0024390243902439024,0.0258812881097561
4,crp_dataset_8_1_7.csv|crp_dataset_8_1_4.csv|crp_dataset_8_1_3.csv|crp_dataset_8_1_1.csv,crp_dataset_8_1_2.csv,0.7530119,0.9999999999878049,0.6890756302463102,82,0,37,137,0.03945312499999999,0.0013719512195121953,0.038081173780487795
4,crp_dataset_8_1_7.csv|crp_dataset_8_1_4.csv|crp_dataset_8_1_3.csv|crp_dataset_8_1_1.csv,crp_dataset_8_1_6.csv,0.7530119,0.8846153846097141,0.985714285707245,138,18,2,98,0.026928710937500003,0.00452724358974359,0.022401467347756412
4,crp_dataset_8_1_7.csv|crp_dataset_8_1_4.csv|crp_dataset_8_1_3.csv|crp_dataset_8_1_1.csv,crp_dataset_8_1_5.csv,0.7530119,0.9999999999870129,0.7699999999923,77,0,23,156,0.039282226562499994,0.0013798701298701301,0.03790235643262987
4,crp_dataset_8_1_7.csv|crp_dataset_8_1_4.csv|crp_dataset_8_1_3.csv|crp_dataset_8_1_6.csv,crp_dataset_8_1_8.csv,0.6087638,0.9450549450445598,0.6231884057925856,86,5,52,113,0.0283203125,0.0032280219780219774,0.025092290521978023
4,crp_dataset_8_1_7.csv|crp_dataset_8_1_4.csv|crp_dataset_8_1_3.csv|crp_dataset_8_1_6.csv,crp_dataset_8_1_2.csv,0.6087638,0.9999999999878049,0.6890756302463102,82,0,37,137,0.03945312499999999,0.0013719512195121953,0.038081173780487795
4,crp_dataset_8_1_7.csv|crp_dataset_8_1_4.csv|crp_dataset_8_1_3.csv|crp_dataset_8_1_6.csv,crp_dataset_8_1_1.csv,0.6087638,0.9626168224209101,0.8174603174538296,103,4,23,126,0.0252685546875,0.0009345794392523365,0.024333975248247663
4,crp_dataset_8_1_7.csv|crp_dataset_8_1_4.csv|crp_dataset_8_1_3.csv|crp_dataset_8_1_6.csv,crp_dataset_8_1_5.csv,0.6087638,0.9756097560856632,0.799999999992,80,2,20,154,0.039282226562499994,0.0018292682926829267,0.037452958269817066
4,crp_dataset_8_1_7.csv|crp_dataset_8_1_4.csv|crp_dataset_8_1_3.csv|crp_dataset_8_1_5.csv,crp_dataset_8_1_8.csv,0.6060689,0.9999999999855071,0.49999999999637684,69,0,69,118,0.0283203125,0.002898550724637681,0.025421761775362317
4,crp_dataset_8_1_7.csv|crp_dataset_8_1_4.csv|crp_dataset_8_1_3.csv|crp_dataset_8_1_5.csv,crp_dataset_8_1_2.csv,0.6060689,0.9999999999907407,0.9075630252024575,108,0,11,137,0.03945312499999999,0.0010416666666666667,0.03841145833333332
4,crp_dataset_8_1_7.csv|crp_dataset_8_1_4.csv|crp_dataset_8_1_3.csv|crp_dataset_8_1_5.csv,crp_dataset_8_1_1.csv,0.6060689,0.9999999999861111,0.5714285714240362,72,0,54,130,0.0252685546875,8.680555555555556e-05,0.025181749131944445
4,crp_dataset_8_1_7.csv|crp_dataset_8_1_4.csv|crp_dataset_8_1_3.csv|crp_dataset_8_1_5.csv,crp_dataset_8_1_6.csv,0.6060689,0.7941176470541523,0.9642857142788266,135,35,5,81,0.026928710937500003,0.009338235294117647,0.017590475643382356
4,crp_dataset_8_1_7.csv|crp_dataset_8_1_4.csv|crp_dataset_8_1_8.csv|crp_dataset_8_1_2.csv,crp_dataset_8_1_3.csv,0.61875355,0.9999999999934212,0.8786127167579272,152,0,21,83,0.019604492187500003,4.111842105263158e-05,0.019563373766447373
4,crp_dataset_8_1_7.csv|crp_dataset_8_1_4.csv|crp_dataset_8_1_8.csv|crp_dataset_8_1_2.csv,crp_dataset_8_1_1.csv,0.61875355,0.9999999999890109,0.7222222222164902,91,0,35,130,0.0252685546875,6.868131868131868e-05,0.02519987336881868
4,crp_dataset_8_1_7.csv|crp_dataset_8_1_4.csv|crp_dataset_8_1_8.csv|crp_dataset_8_1_2.csv,crp_dataset_8_1_6.csv,0.61875355,0.9481481481411249,0.9142857142791837,128,7,12,109,0.026928710937500003,0.001944444444444445,0.024984266493055556
4,crp_dataset_8_1_7.csv|crp_dataset_8_1_4.csv|crp_dataset_8_1_8.csv|crp_dataset_8_1_2.csv,crp_dataset_8_1_5.csv,0.61875355,0.999999999988764,0.8899999999911,89,0,11,156,0.039282226562499994,0.0016151685393258426,0.03766705802317415
4,crp_dataset_8_1_7.csv|crp_dataset_8_1_4.csv|crp_dataset_8_1_8.csv|crp_dataset_8_1_1.csv,crp_dataset_8_1_3.csv,0.6747014,0.986666666660089,0.8554913294748238,148,2,25,81,0.019604492187500003,0.000875,0.018729492187500002
4,crp_dataset_8_1_7.csv|crp_dataset_8_1_4.csv|crp_dataset_8_1_8.csv|crp_dataset_8_1_1.csv,crp_dataset_8_1_2.csv,0.6747014,0.9999999999878049,0.6890756302463102,82,0,37,137,0.03945312499999999,0.0013719512195121953,0.038081173780487795
4,crp_dataset_8_1_7.csv|crp_dataset_8_1_4.csv|crp_dataset_8_1_8.csv|crp_dataset_8_1_1.csv,crp_dataset_8_1_6.csv,0.6747014,0.9507042253454177,0.9642857142788266,135,7,5,109,0.026928710937500003,0.0018045774647887322,0.02512413347271127
4,crp_dataset_8_1_7.csv|crp_dataset_8_1_4.csv|crp_dataset_8_1_8.csv|crp_dataset_8_1_1.csv,crp_dataset_8_1_5.csv,0.6747014,0.987654320975461,0.799999999992,80,1,20,155,0.039282226562499994,0.0015432098765432098,0.037739016685956785
4,crp_dataset_8_1_7.csv|crp_dataset_8_1_4.csv|crp_dataset_8_1_8.csv|crp_dataset_8_1_6.csv,crp_dataset_8_1_3.csv,0.6891571,0.9999999999921876,0.7398843930593071,128,0,45,83,0.019604492187500003,4.8828125e-05,0.019555664062500002
4,crp_dataset_8_1_7.csv|crp_dataset_8_1_4.csv|crp_dataset_8_1_8.csv|crp_dataset_8_1_6.csv,crp_dataset_8_1_2.csv,0.6891571,0.9879518072170126,0.6890756302463102,82,1,37,136,0.03945312499999999,0.0021837349397590363,0.03726939006024096
4,crp_dataset_8_1_7.csv|crp_dataset_8_1_4.csv|crp_dataset_8_1_8.csv|crp_dataset_8_1_6.csv,crp_dataset_8_1_1.csv,0.6891571,0.9638554216751343,0.6349206349155958,80,3,46,127,0.0252685546875,0.0007530120481927711,0.02451554263930723
4,crp_dataset_8_1_7.csv|crp_dataset_8_1_4.csv|crp_dataset_8_1_8.csv|crp_dataset_8_1_6.csv,crp_dataset_8_1_5.csv,0.6891571,0.9638554216751343,0.799999999992,80,3,20,153,0.039282226562499994,0.002108433734939759,0.03717379282756023
4,crp_dataset_8_1_7.csv|crp_dataset_8_1_4.csv|crp_dataset_8_1_8.csv|crp_dataset_8_1_5.csv,crp_dataset_8_1_3.csv,0.665429,0.9999999999918032,0.705202312134652,122,0,51,83,0.019604492187500003,5.122950819672131e-05,0.019553262679303282
4,crp_dataset_8_1_7.csv|crp_dataset_8_1_4.csv|crp_dataset_8_1_8.csv|crp_dataset_8_1_5.csv,crp_dataset_8_1_2.csv,0.665429,0.9999999999880952,0.7058823529352447,84,0,35,137,0.03945312499999999,0.0013392857142857143,0.038113839285714275
4,crp_dataset_8_1_7.csv|crp_dataset_8_1_4.csv|crp_dataset_8_1_8.csv|crp_dataset_8_1_5.csv,crp_dataset_8_1_1.csv,0.665429,0.9999999999843749,0.5079365079324767,64,0,62,130,0.0252685546875,9.765625e-05,0.0251708984375
4,crp_dataset_8_1_7.csv|crp_dataset_8_1_4.csv|crp_dataset_8_1_8.csv|crp_dataset_8_1_5.csv,crp_dataset_8_1_6.csv,0.665429,0.979166666656467,0.6714285714237755,94,2,46,114,0.026928710937500003,0.0006510416666666666,0.026277669270833335
4,crp_dataset_8_1_7.csv|crp_dataset_8_1_4.csv|crp_dataset_8_1_2.csv|crp_dataset_8_1_1.csv,crp_dataset_8_1_3.csv,0.6200051,0.9999999999937108,0.919075144503358,159,0,14,83,0.019604492187500003,0.00015723270440251574,0.019447259483097487
4,crp_dataset_8_1_7.csv|crp_dataset_8_1_4.csv|crp_dataset_8_1_2.csv|crp_dataset_8_1_1.csv,crp_dataset_8_1_8.csv,0.6200051,0.9999999999890109,0.6594202898502941,91,0,47,118,0.0283203125,0.002335164835164835,0.025985147664835166
4,crp_dataset_8_1_7.csv|crp_dataset_8_1_4.csv|crp_dataset_8_1_2.csv|crp_dataset_8_1_1.csv,crp_dataset_8_1_6.csv,0.6200051,0.9485294117577314,0.9214285714219899,129,7,11,109,0.026928710937500003,0.0025735294117647063,0.024355181525735296
4,crp_dataset_8_1_7.csv|crp_dataset_8_1_4.csv|crp_dataset_8_1_2.csv|crp_dataset_8_1_1.csv,crp_dataset_8_1_5.csv,0.6200051,0.9999999999885058,0.8699999999913,87,0,13,156,0.039282226562499994,0.0012212643678160922,0.038060962194683905
4,crp_dataset_8_1_7.csv|crp_dataset_8_1_4.csv|crp_dataset_8_1_2.csv|crp_dataset_8_1_6.csv,crp_dataset_8_1_3.csv,0.6658486,0.9999999999913792,0.670520231209997,116,0,57,83,0.019604492187500003,0.0,0.019604492187500003
4,crp_dataset_8_1_7.csv|crp_dataset_8_1_4.csv|crp_dataset_8_1_2.csv|crp_dataset_8_1_6.csv,crp_dataset_8_1_8.csv,0.6658486,0.8367346938690129,0.5942028985464188,82,16,56,102,0.0283203125,0.005165816326530612,0.023154496173469388
4,crp_dataset_8_1_7.csv|crp_dataset_8_1_4.csv|crp_dataset_8_1_2.csv|crp_dataset_8_1_6.csv,crp_dataset_8_1_1.csv,0.6658486,0.9692307692158579,0.49999999999603173,63,2,63,128,0.0252685546875,0.0009615384615384616,0.02430701622596154
4,crp_dataset_8_1_7.csv|crp_dataset_8_1_4.csv|crp_dataset_8_1_2.csv|crp_dataset_8_1_6.csv,crp_dataset_8_1_5.csv,0.6658486,0.9999999999883721,0.8599999999914,86,0,14,156,0.039282226562499994,0.00123546511627907,0.03804676144622093
4,crp_dataset_8_1_7.csv|crp_dataset_8_1_4.csv|crp_dataset_8_1_2.csv|crp_dataset_8_1_5.csv,crp_dataset_8_1_3.csv,0.6584501,0.9999999999926471,0.7861271676255137,136,0,37,83,0.019604492187500003,0.0,0.019604492187500003
4,crp_dataset_8_1_7.csv|crp_dataset_8_1_4.csv|crp_dataset_8_1_2.csv|crp_dataset_8_1_5.csv,crp_dataset_8_1_8.csv,0.6584501,0.7999999999915789,0.5507246376771687,76,19,62,99,0.0283203125,0.008881578947368421,0.01943873355263158
4,crp_dataset_8_1_7.csv|crp_dataset_8_1_4.csv|crp_dataset_8_1_2.csv|crp_dataset_8_1_5.csv,crp_dataset_8_1_1.csv,0.6584501,0.9264705882216695,0.49999999999603173,63,5,63,125,0.0252685546875,0.002757352941176471,0.02251120174632353
4,crp_dataset_8_1_7.csv|crp_dataset_8_1_4.csv|crp_dataset_8_1_2.csv|crp_dataset_8_1_5.csv,crp_dataset_8_1_6.csv,0.6584501,0.9999999999871795,0.5571428571388776,78,0,62,116,0.026928710937500003,0.00016025641025641026,0.026768454527243593
4,crp_dataset_8_1_7.csv|crp_dataset_8_1_4.csv|crp_dataset_8_1_1.csv|crp_dataset_8_1_6.csv,crp_dataset_8_1_3.csv,0.63272506,0.9798657718055043,0.8439306358332721,146,3,27,80,0.019604492187500003,0.0010906040268456377,0.018513888160654364
4,crp_dataset_8_1_7.csv|crp_dataset_8_1_4.csv|crp_dataset_8_1_1.csv|crp_dataset_8_1_6.csv,crp_dataset_8_1_8.csv,0.63272506,0.9449541284316977,0.7463768115887944,103,6,35,112,0.0283203125,0.002637614678899082,0.025682697821100917
4,crp_dataset_8_1_7.csv|crp_dataset_8_1_4.csv|crp_dataset_8_1_1.csv|crp_dataset_8_1_6.csv,crp_dataset_8_1_2.csv,0.63272506,0.9425287356213502,0.6890756302463102,82,5,37,132,0.03945312499999999,0.0020114942528735636,0.03744163074712643
4,crp_dataset_8_1_7.csv|crp_dataset_8_1_4.csv|crp_dataset_8_1_1.csv|crp_dataset_8_1_6.csv,crp_dataset_8_1_5.csv,0.63272506,0.9999999999875,0.799999999992,80,0,20,156,0.039282226562499994,0.00140625,0.0378759765625
4,crp_dataset_8_1_7.csv|crp_dataset_8_1_4.csv|crp_dataset_8_1_1.csv|crp_dataset_8_1_5.csv,crp_dataset_8_1_3.csv,0.65128165,0.9858156028298879,0.8034682080878413,139,2,34,81,0.019604492187500003,0.00031028368794326237,0.01929420849955674
4,crp_dataset_8_1_7.csv|crp_dataset_8_1_4.csv|crp_dataset_8_1_1.csv|crp_dataset_8_1_5.csv,crp_dataset_8_1_8.csv,0.65128165,0.9772727272616218,0.6231884057925856,86,2,52,116,0.0283203125,0.002556818181818182,0.02576349431818182
4,crp_dataset_8_1_7.csv|crp_dataset_8_1_4.csv|crp_dataset_8_1_1.csv|crp_dataset_8_1_5.csv,crp_dataset_8_1_2.csv,0.65128165,0.9431818181711001,0.6974789915907774,83,5,36,132,0.03945312499999999,0.0019886363636363634,0.037464488636363626
4,crp_dataset_8_1_7.csv|crp_dataset_8_1_4.csv|crp_dataset_8_1_1.csv|crp_dataset_8_1_5.csv,crp_dataset_8_1_6.csv,0.65128165,0.9307692307620711,0.8642857142795409,121,9,19,107,0.026928710937500003,0.0028846153846153848,0.024044095552884618
4,crp_dataset_8_1_7.csv|crp_dataset_8_1_4.csv|crp_dataset_8_1_6.csv|crp_dataset_8_1_5.csv,crp_dataset_8_1_3.csv,0.60327756,0.9834710743720374,0.6878612716723246,119,2,54,81,0.019604492187500003,0.00025826446280991736,0.019346227724690086
4,crp_dataset_8_1_7.csv|crp_dataset_8_1_4.csv|crp_dataset_8_1_6.csv|crp_dataset_8_1_5.csv,crp_dataset_8_1_8.csv,0.60327756,0.8876404494282287,0.5724637681117938,79,10,59,108,0.0283203125,0.004283707865168539,0.02403660463483146
4,crp_dataset_8_1_7.csv|crp_dataset_8_1_4.csv|crp_dataset_8_1_6.csv|crp_dataset_8_1_5.csv,crp_dataset_8_1_2.csv,0.60327756,0.9479166666567925,0.764705882346515,91,5,28,132,0.03945312499999999,0.001822916666666667,0.037630208333333325
4,crp_dataset_8_1_7.csv|crp_dataset_8_1_4.csv|crp_dataset_8_1_6.csv|crp_dataset_8_1_5.csv,crp_dataset_8_1_1.csv,0.60327756,0.9696969696822773,0.5079365079324767,64,2,62,128,0.0252685546875,0.0004734848484848485,0.024795069839015152
4,crp_dataset_8_1_7.csv|crp_dataset_8_1_3.csv|crp_dataset_8_1_8.csv|crp_dataset_8_1_2.csv,crp_dataset_8_1_4.csv,0.62015957,0.9349593495858947,0.8778625954131462,115,8,16,117,0.023046875,0.003861788617886179,0.019185086382113824
4,crp_dataset_8_1_7.csv|crp_dataset_8_1_3.csv|crp_dataset_8_1_8.csv|crp_dataset_8_1_2.csv,crp_dataset_8_1_1.csv,0.62015957,0.920634920627614,0.920634920627614,116,10,10,120,0.0252685546875,0.002281746031746032,0.02298680865575397
4,crp_dataset_8_1_7.csv|crp_dataset_8_1_3.csv|crp_dataset_8_1_8.csv|crp_dataset_8_1_2.csv,crp_dataset_8_1_6.csv,0.62015957,0.9150326797325815,0.9999999999928573,140,13,0,103,0.026928710937500003,0.00298202614379085,0.023946684793709153
4,crp_dataset_8_1_7.csv|crp_dataset_8_1_3.csv|crp_dataset_8_1_8.csv|crp_dataset_8_1_2.csv,crp_dataset_8_1_5.csv,0.62015957,0.9999999999883721,0.8599999999914,86,0,14,156,0.039282226562499994,0.001671511627906977,0.03761071493459302
4,crp_dataset_8_1_7.csv|crp_dataset_8_1_3.csv|crp_dataset_8_1_8.csv|crp_dataset_8_1_1.csv,crp_dataset_8_1_4.csv,0.608095,0.9999999999911504,0.8625954198407436,113,0,18,125,0.023046875,0.00033185840707964607,0.022715016592920356
4,crp_dataset_8_1_7.csv|crp_dataset_8_1_3.csv|crp_dataset_8_1_8.csv|crp_dataset_8_1_1.csv,crp_dataset_8_1_2.csv,0.608095,0.9879518072170126,0.6890756302463102,82,1,37,136,0.03945312499999999,0.0021837349397590363,0.03726939006024096
4,crp_dataset_8_1_7.csv|crp_dataset_8_1_3.csv|crp_dataset_8_1_8.csv|crp_dataset_8_1_1.csv,crp_dataset_8_1_6.csv,0.608095,0.7865168539281657,0.9999999999928573,140,38,0,78,0.026928710937500003,0.009445224719101123,0.017483486218398882
4,crp_dataset_8_1_7.csv|crp_dataset_8_1_3.csv|crp_dataset_8_1_8.csv|crp_dataset_8_1_1.csv,crp_dataset_8_1_5.csv,0.608095,0.9638554216751343,0.799999999992,80,3,20,153,0.039282226562499994,0.0021837349397590363,0.03709849162274096
4,crp_dataset_8_1_7.csv|crp_dataset_8_1_3.csv|crp_dataset_8_1_8.csv|crp_dataset_8_1_6.csv,crp_dataset_8_1_4.csv,0.60543483,0.9921259842441564,0.9618320610613601,126,1,5,124,0.023046875,0.0004429133858267716,0.02260396161417323
4,crp_dataset_8_1_7.csv|crp_dataset_8_1_3.csv|crp_dataset_8_1_8.csv|crp_dataset_8_1_6.csv,crp_dataset_8_1_2.csv,0.60543483,0.9999999999878049,0.6890756302463102,82,0,37,137,0.03945312499999999,0.0013719512195121953,0.038081173780487795
4,crp_dataset_8_1_7.csv|crp_dataset_8_1_3.csv|crp_dataset_8_1_8.csv|crp_dataset_8_1_6.csv,crp_dataset_8_1_1.csv,0.60543483,0.9745762711781816,0.912698412691169,115,3,11,127,0.0252685546875,0.0006355932203389831,0.024632961467161017
4,crp_dataset_8_1_7.csv|crp_dataset_8_1_3.csv|crp_dataset_8_1_8.csv|crp_dataset_8_1_6.csv,crp_dataset_8_1_5.csv,0.60543483,0.987654320975461,0.799999999992,80,1,20,155,0.039282226562499994,0.0015432098765432098,0.037739016685956785
4,crp_dataset_8_1_7.csv|crp_dataset_8_1_3.csv|crp_dataset_8_1_8.csv|crp_dataset_8_1_5.csv,crp_dataset_8_1_4.csv,0.6295857,0.9919354838629683,0.9389312977027563,123,1,8,124,0.023046875,0.0005040322580645161,0.022542842741935486
4,crp_dataset_8_1_7.csv|crp_dataset_8_1_3.csv|crp_dataset_8_1_8.csv|crp_dataset_8_1_5.csv,crp_dataset_8_1_2.csv,0.6295857,0.9999999999903846,0.8739495798245887,104,0,15,137,0.03945312499999999,0.0011418269230769231,0.038311298076923066
4,crp_dataset_8_1_7.csv|crp_dataset_8_1_3.csv|crp_dataset_8_1_8.csv|crp_dataset_8_1_5.csv,crp_dataset_8_1_1.csv,0.6295857,0.920634920627614,0.920634920627614,116,10,10,120,0.0252685546875,0.0020833333333333333,0.023185221354166667
4,crp_dataset_8_1_7.csv|crp_dataset_8_1_3.csv|crp_dataset_8_1_8.csv|crp_dataset_8_1_5.csv,crp_dataset_8_1_6.csv,0.6295857,0.8333333333283731,0.9999999999928573,140,28,0,88,0.026928710937500003,0.006994047619047618,0.019934663318452384
4,crp_dataset_8_1_7.csv|crp_dataset_8_1_3.csv|crp_dataset_8_1_2.csv|crp_dataset_8_1_1.csv,crp_dataset_8_1_4.csv,0.6359624,0.9999999999911504,0.8625954198407436,113,0,18,125,0.023046875,0.0002765486725663717,0.02277032632743363
4,crp_dataset_8_1_7.csv|crp_dataset_8_1_3.csv|crp_dataset_8_1_2.csv|crp_dataset_8_1_1.csv,crp_dataset_8_1_8.csv,0.6359624,0.9999999999885058,0.6304347826041273,87,0,51,118,0.0283203125,0.002155172413793104,0.026165140086206896
4,crp_dataset_8_1_7.csv|crp_dataset_8_1_3.csv|crp_dataset_8_1_2.csv|crp_dataset_8_1_1.csv,crp_dataset_8_1_6.csv,0.6359624,0.8466257668659717,0.985714285707245,138,25,2,91,0.026928710937500003,0.006940184049079755,0.019988526888420247
4,crp_dataset_8_1_7.csv|crp_dataset_8_1_3.csv|crp_dataset_8_1_2.csv|crp_dataset_8_1_1.csv,crp_dataset_8_1_5.csv,0.6359624,0.9999999999875,0.799999999992,80,0,20,156,0.039282226562499994,0.001328125,0.037954101562499995
4,crp_dataset_8_1_7.csv|crp_dataset_8_1_3.csv|crp_dataset_8_1_2.csv|crp_dataset_8_1_6.csv,crp_dataset_8_1_4.csv,0.6039577,0.9499999999920833,0.8702290076269449,114,6,17,119,0.023046875,0.0035416666666666665,0.019505208333333336
4,crp_dataset_8_1_7.csv|crp_dataset_8_1_3.csv|crp_dataset_8_1_2.csv|crp_dataset_8_1_6.csv,crp_dataset_8_1_8.csv,0.6039577,0.9466666666540444,0.5144927536194602,71,4,67,114,0.0283203125,0.004083333333333334,0.024236979166666665
4,crp_dataset_8_1_7.csv|crp_dataset_8_1_3.csv|crp_dataset_8_1_2.csv|crp_dataset_8_1_6.csv,crp_dataset_8_1_1.csv,0.6039577,0.9291338582604005,0.9365079365005039,118,9,8,121,0.0252685546875,0.0036417322834645673,0.021626822404035434
4,crp_dataset_8_1_7.csv|crp_dataset_8_1_3.csv|crp_dataset_8_1_2.csv|crp_dataset_8_1_6.csv,crp_dataset_8_1_5.csv,0.6039577,0.9999999999885058,0.8699999999913,87,0,13,156,0.039282226562499994,0.0012212643678160922,0.038060962194683905
4,crp_dataset_8_1_7.csv|crp_dataset_8_1_3.csv|crp_dataset_8_1_2.csv|crp_dataset_8_1_5.csv,crp_dataset_8_1_4.csv,0.6005411,0.8321678321620128,0.9083969465579512,119,24,12,101,0.023046875,0.008872377622377622,0.014174497377622379
4,crp_dataset_8_1_7.csv|crp_dataset_8_1_3.csv|crp_dataset_8_1_2.csv|crp_dataset_8_1_5.csv,crp_dataset_8_1_8.csv,0.6005411,0.7884615384539571,0.5942028985464188,82,22,56,96,0.0283203125,0.008173076923076924,0.020147235576923078
4,crp_dataset_8_1_7.csv|crp_dataset_8_1_3.csv|crp_dataset_8_1_2.csv|crp_dataset_8_1_5.csv,crp_dataset_8_1_1.csv,0.6005411,0.6746031745978206,0.6746031745978206,85,41,41,89,0.0252685546875,0.012499999999999999,0.012768554687500001
4,crp_dataset_8_1_7.csv|crp_dataset_8_1_3.csv|crp_dataset_8_1_2.csv|crp_dataset_8_1_5.csv,crp_dataset_8_1_6.csv,0.6005411,0.8139534883657834,0.749999999994643,105,24,35,92,0.026928710937500003,0.008478682170542635,0.018450028766957366
4,crp_dataset_8_1_7.csv|crp_dataset_8_1_3.csv|crp_dataset_8_1_1.csv|crp_dataset_8_1_6.csv,crp_dataset_8_1_4.csv,0.79727525,0.999999999990909,0.8396946564821398,110,0,21,125,0.023046875,0.0002840909090909091,0.022762784090909094
4,crp_dataset_8_1_7.csv|crp_dataset_8_1_3.csv|crp_dataset_8_1_1.csv|crp_dataset_8_1_6.csv,crp_dataset_8_1_8.csv,0.79727525,0.9999999999868421,0.5507246376771687,76,0,62,118,0.0283203125,0.002384868421052632,0.025935444078947368
4,crp_dataset_8_1_7.csv|crp_dataset_8_1_3.csv|crp_dataset_8_1_1.csv|crp_dataset_8_1_6.csv,crp_dataset_8_1_2.csv,0.79727525,0.9999999999878049,0.6890756302463102,82,0,37,137,0.03945312499999999,0.0013719512195121953,0.038081173780487795
4,crp_dataset_8_1_7.csv|crp_dataset_8_1_3.csv|crp_dataset_8_1_1.csv|crp_dataset_8_1_6.csv,crp_dataset_8_1_5.csv,0.79727525,0.9999999999870129,0.7699999999923,77,0,23,156,0.039282226562499994,0.0013798701298701301,0.03790235643262987
4,crp_dataset_8_1_7.csv|crp_dataset_8_1_3.csv|crp_dataset_8_1_1.csv|crp_dataset_8_1_5.csv,crp_dataset_8_1_4.csv,0.6231701,0.999999999990991,0.8473282442683411,111,0,20,125,0.023046875,0.00028153153153153153,0.02276534346846847
4,crp_dataset_8_1_7.csv|crp_dataset_8_1_3.csv|crp_dataset_8_1_1.csv|crp_dataset_8_1_5.csv,crp_dataset_8_1_8.csv,0.6231701,0.9999999999880952,0.6086956521695023,84,0,54,118,0.0283203125,0.002306547619047619,0.026013764880952382
4,crp_dataset_8_1_7.csv|crp_dataset_8_1_3.csv|crp_dataset_8_1_1.csv|crp_dataset_8_1_5.csv,crp_dataset_8_1_2.csv,0.6231701,0.9999999999906541,0.8991596638579902,107,0,12,137,0.03945312499999999,0.0013434579439252335,0.038109667056074756
4,crp_dataset_8_1_7.csv|crp_dataset_8_1_3.csv|crp_dataset_8_1_1.csv|crp_dataset_8_1_5.csv,crp_dataset_8_1_6.csv,0.6231701,0.8187134502876099,0.9999999999928573,140,31,0,85,0.026928710937500003,0.007675438596491228,0.019253272341008775
4,crp_dataset_8_1_7.csv|crp_dataset_8_1_3.csv|crp_dataset_8_1_6.csv|crp_dataset_8_1_5.csv,crp_dataset_8_1_4.csv,0.6629357,0.9827586206811831,0.8702290076269449,114,2,17,123,0.023046875,0.0007543103448275863,0.022292564655172414
4,crp_dataset_8_1_7.csv|crp_dataset_8_1_3.csv|crp_dataset_8_1_6.csv|crp_dataset_8_1_5.csv,crp_dataset_8_1_8.csv,0.6629357,0.9292929292835425,0.6666666666618358,92,7,46,111,0.0283203125,0.0031565656565656565,0.025163746843434344
4,crp_dataset_8_1_7.csv|crp_dataset_8_1_3.csv|crp_dataset_8_1_6.csv|crp_dataset_8_1_5.csv,crp_dataset_8_1_2.csv,0.6629357,0.9593495934881353,0.9915966386471294,118,5,1,132,0.03945312499999999,0.0019308943089430895,0.0375222306910569
4,crp_dataset_8_1_7.csv|crp_dataset_8_1_3.csv|crp_dataset_8_1_6.csv|crp_dataset_8_1_5.csv,crp_dataset_8_1_1.csv,0.6629357,0.9679999999922559,0.9603174603098388,121,4,5,126,0.0252685546875,0.0008500000000000001,0.0244185546875
4,crp_dataset_8_1_7.csv|crp_dataset_8_1_8.csv|crp_dataset_8_1_2.csv|crp_dataset_8_1_1.csv,crp_dataset_8_1_4.csv,0.6021322,0.9999999999915254,0.90076335877175,118,0,13,125,0.023046875,0.00031779661016949156,0.02272907838983051
4,crp_dataset_8_1_7.csv|crp_dataset_8_1_8.csv|crp_dataset_8_1_2.csv|crp_dataset_8_1_1.csv,crp_dataset_8_1_3.csv,0.6021322,0.9815950920185179,0.9248554913241338,160,3,13,80,0.019604492187500003,0.001111963190184049,0.018492528997315953
4,crp_dataset_8_1_7.csv|crp_dataset_8_1_8.csv|crp_dataset_8_1_2.csv|crp_dataset_8_1_1.csv,crp_dataset_8_1_6.csv,0.6021322,0.9264705882284819,0.8999999999935715,126,10,14,106,0.026928710937500003,0.0026654411764705887,0.024263269761029414
4,crp_dataset_8_1_7.csv|crp_dataset_8_1_8.csv|crp_dataset_8_1_2.csv|crp_dataset_8_1_1.csv,crp_dataset_8_1_5.csv,0.6021322,0.9999999999880952,0.8399999999916,84,0,16,156,0.039282226562499994,0.001488095238095238,0.037794131324404755
4,crp_dataset_8_1_7.csv|crp_dataset_8_1_8.csv|crp_dataset_8_1_2.csv|crp_dataset_8_1_6.csv,crp_dataset_8_1_4.csv,0.7085821,0.9916666666584028,0.9083969465579512,119,1,12,124,0.023046875,0.0005208333333333333,0.022526041666666666
4,crp_dataset_8_1_7.csv|crp_dataset_8_1_8.csv|crp_dataset_8_1_2.csv|crp_dataset_8_1_6.csv,crp_dataset_8_1_3.csv,0.7085821,0.999999999993007,0.8265895953709447,143,0,30,83,0.019604492187500003,8.741258741258741e-05,0.019517079600087417
4,crp_dataset_8_1_7.csv|crp_dataset_8_1_8.csv|crp_dataset_8_1_2.csv|crp_dataset_8_1_6.csv,crp_dataset_8_1_1.csv,0.7085821,0.9672131147461703,0.9365079365005039,118,4,8,126,0.0252685546875,0.000819672131147541,0.02444888255635246
4,crp_dataset_8_1_7.csv|crp_dataset_8_1_8.csv|crp_dataset_8_1_2.csv|crp_dataset_8_1_6.csv,crp_dataset_8_1_5.csv,0.7085821,0.9999999999879517,0.8299999999916999,83,0,17,156,0.039282226562499994,0.0015060240963855425,0.037776202466114454
4,crp_dataset_8_1_7.csv|crp_dataset_8_1_8.csv|crp_dataset_8_1_2.csv|crp_dataset_8_1_5.csv,crp_dataset_8_1_4.csv,0.627149,0.8266666666611556,0.9465648854889576,124,26,7,99,0.023046875,0.008291666666666666,0.014755208333333335
4,crp_dataset_8_1_7.csv|crp_dataset_8_1_8.csv|crp_dataset_8_1_2.csv|crp_dataset_8_1_5.csv,crp_dataset_8_1_3.csv,0.627149,0.8797814207602198,0.9306358381449097,161,22,12,61,0.019604492187500003,0.006762295081967215,0.012842197105532787
4,crp_dataset_8_1_7.csv|crp_dataset_8_1_8.csv|crp_dataset_8_1_2.csv|crp_dataset_8_1_5.csv,crp_dataset_8_1_1.csv,0.627149,0.9140624999928589,0.9285714285640589,117,11,9,119,0.0252685546875,0.0024902343750000003,0.0227783203125
4,crp_dataset_8_1_7.csv|crp_dataset_8_1_8.csv|crp_dataset_8_1_2.csv|crp_dataset_8_1_5.csv,crp_dataset_8_1_6.csv,0.627149,0.8013245033059515,0.8642857142795409,121,30,19,86,0.026928710937500003,0.009809602649006622,0.017119108288493383
4,crp_dataset_8_1_7.csv|crp_dataset_8_1_8.csv|crp_dataset_8_1_1.csv|crp_dataset_8_1_6.csv,crp_dataset_8_1_4.csv,0.6530341,0.9767441860389401,0.9618320610613601,126,3,5,122,0.023046875,0.0006782945736434108,0.02236858042635659
4,crp_dataset_8_1_7.csv|crp_dataset_8_1_8.csv|crp_dataset_8_1_1.csv|crp_dataset_8_1_6.csv,crp_dataset_8_1_3.csv,0.6530341,0.9932432432365322,0.849710982654048,147,1,26,82,0.019604492187500003,0.0008868243243243244,0.018717667863175677
4,crp_dataset_8_1_7.csv|crp_dataset_8_1_8.csv|crp_dataset_8_1_1.csv|crp_dataset_8_1_6.csv,crp_dataset_8_1_2.csv,0.6530341,0.9999999999878049,0.6890756302463102,82,0,37,137,0.03945312499999999,0.0013719512195121953,0.038081173780487795
4,crp_dataset_8_1_7.csv|crp_dataset_8_1_8.csv|crp_dataset_8_1_1.csv|crp_dataset_8_1_6.csv,crp_dataset_8_1_5.csv,0.6530341,0.987654320975461,0.799999999992,80,1,20,155,0.039282226562499994,0.0015432098765432098,0.037739016685956785
4,crp_dataset_8_1_7.csv|crp_dataset_8_1_8.csv|crp_dataset_8_1_1.csv|crp_dataset_8_1_5.csv,crp_dataset_8_1_4.csv,0.62527096,0.9999999999915966,0.9083969465579512,119,0,12,125,0.023046875,0.00031512605042016814,0.022731748949579834
4,crp_dataset_8_1_7.csv|crp_dataset_8_1_8.csv|crp_dataset_8_1_1.csv|crp_dataset_8_1_5.csv,crp_dataset_8_1_3.csv,0.62527096,0.9929078014113979,0.8092485549086171,140,1,33,82,0.019604492187500003,0.0009308510638297873,0.018673641123670214
4,crp_dataset_8_1_7.csv|crp_dataset_8_1_8.csv|crp_dataset_8_1_1.csv|crp_dataset_8_1_5.csv,crp_dataset_8_1_2.csv,0.62527096,0.9999999999886363,0.7394957983131134,88,0,31,137,0.03945312499999999,0.0014204545454545455,0.03803267045454545
4,crp_dataset_8_1_7.csv|crp_dataset_8_1_8.csv|crp_dataset_8_1_1.csv|crp_dataset_8_1_5.csv,crp_dataset_8_1_6.csv,0.62527096,0.9444444444369489,0.8499999999939286,119,7,21,109,0.026928710937500003,0.002182539682539682,0.02474617125496032
4,crp_dataset_8_1_7.csv|crp_dataset_8_1_8.csv|crp_dataset_8_1_6.csv|crp_dataset_8_1_5.csv,crp_dataset_8_1_4.csv,0.6207103,0.984496124023376,0.9694656488475614,127,2,4,123,0.023046875,0.0005813953488372093,0.022465479651162794
4,crp_dataset_8_1_7.csv|crp_dataset_8_1_8.csv|crp_dataset_8_1_6.csv|crp_dataset_8_1_5.csv,crp_dataset_8_1_3.csv,0.6207103,0.999999999993007,0.8265895953709447,143,0,30,83,0.019604492187500003,4.3706293706293706e-05,0.01956078589379371
4,crp_dataset_8_1_7.csv|crp_dataset_8_1_8.csv|crp_dataset_8_1_6.csv|crp_dataset_8_1_5.csv,crp_dataset_8_1_2.csv,0.6207103,0.9999999999879517,0.6974789915907774,83,0,36,137,0.03945312499999999,0.0013554216867469882,0.038097703313253004
4,crp_dataset_8_1_7.csv|crp_dataset_8_1_8.csv|crp_dataset_8_1_6.csv|crp_dataset_8_1_5.csv,crp_dataset_8_1_1.csv,0.6207103,0.974789915958195,0.920634920627614,116,3,10,127,0.0252685546875,0.00042016806722689073,0.02484838662027311
4,crp_dataset_8_1_7.csv|crp_dataset_8_1_2.csv|crp_dataset_8_1_1.csv|crp_dataset_8_1_6.csv,crp_dataset_8_1_4.csv,0.63748014,0.999999999990991,0.8473282442683411,111,0,20,125,0.023046875,0.0003378378378378378,0.022709037162162164
4,crp_dataset_8_1_7.csv|crp_dataset_8_1_2.csv|crp_dataset_8_1_1.csv|crp_dataset_8_1_6.csv,crp_dataset_8_1_3.csv,0.63748014,0.9999999999925374,0.7745664739839621,134,0,39,83,0.019604492187500003,0.0,0.019604492187500003
4,crp_dataset_8_1_7.csv|crp_dataset_8_1_2.csv|crp_dataset_8_1_1.csv|crp_dataset_8_1_6.csv,crp_dataset_8_1_8.csv,0.63748014,0.999999999988764,0.6449275362272108,89,0,49,118,0.0283203125,0.0021769662921348313,0.026143346207865167
4,crp_dataset_8_1_7.csv|crp_dataset_8_1_2.csv|crp_dataset_8_1_1.csv|crp_dataset_8_1_6.csv,crp_dataset_8_1_5.csv,0.63748014,0.9999999999876543,0.8099999999919,81,0,19,156,0.039282226562499994,0.0013117283950617284,0.03797049816743826
4,crp_dataset_8_1_7.csv|crp_dataset_8_1_2.csv|crp_dataset_8_1_1.csv|crp_dataset_8_1_5.csv,crp_dataset_8_1_4.csv,0.66290647,0.999999999991228,0.8702290076269449,114,0,17,125,0.023046875,0.0003289473684210527,0.022717927631578948
4,crp_dataset_8_1_7.csv|crp_dataset_8_1_2.csv|crp_dataset_8_1_1.csv|crp_dataset_8_1_5.csv,crp_dataset_8_1_3.csv,0.66290647,0.9999999999936307,0.9075144508618064,157,0,16,83,0.019604492187500003,0.00015923566878980894,0.019445256518710194
4,crp_dataset_8_1_7.csv|crp_dataset_8_1_2.csv|crp_dataset_8_1_1.csv|crp_dataset_8_1_5.csv,crp_dataset_8_1_8.csv,0.66290647,0.9999999999875,0.5797101449233355,80,0,58,118,0.0283203125,0.0022656250000000003,0.0260546875
4,crp_dataset_8_1_7.csv|crp_dataset_8_1_2.csv|crp_dataset_8_1_1.csv|crp_dataset_8_1_5.csv,crp_dataset_8_1_6.csv,0.66290647,0.9819819819731352,0.7785714285658674,109,2,31,114,0.026928710937500003,0.0009572072072072072,0.025971503730292795
4,crp_dataset_8_1_7.csv|crp_dataset_8_1_2.csv|crp_dataset_8_1_6.csv|crp_dataset_8_1_5.csv,crp_dataset_8_1_4.csv,0.709127,0.9338842975129431,0.8625954198407436,113,8,18,117,0.023046875,0.003615702479338843,0.019431172520661157
4,crp_dataset_8_1_7.csv|crp_dataset_8_1_2.csv|crp_dataset_8_1_6.csv|crp_dataset_8_1_5.csv,crp_dataset_8_1_3.csv,0.709127,0.991999999992064,0.7167630057762038,124,1,49,82,0.019604492187500003,0.0004,0.0192044921875
4,crp_dataset_8_1_7.csv|crp_dataset_8_1_2.csv|crp_dataset_8_1_6.csv|crp_dataset_8_1_5.csv,crp_dataset_8_1_8.csv,0.709127,0.9428571428436734,0.4782608695617518,66,4,72,114,0.0283203125,0.004374999999999999,0.023945312500000003
4,crp_dataset_8_1_7.csv|crp_dataset_8_1_2.csv|crp_dataset_8_1_6.csv|crp_dataset_8_1_5.csv,crp_dataset_8_1_1.csv,0.709127,0.9692307692158579,0.49999999999603173,63,2,63,128,0.0252685546875,0.0010576923076923079,0.024210862379807692
4,crp_dataset_8_1_7.csv|crp_dataset_8_1_1.csv|crp_dataset_8_1_6.csv|crp_dataset_8_1_5.csv,crp_dataset_8_1_4.csv,0.6261541,0.999999999991228,0.8702290076269449,114,0,17,125,0.023046875,0.0003289473684210527,0.022717927631578948
4,crp_dataset_8_1_7.csv|crp_dataset_8_1_1.csv|crp_dataset_8_1_6.csv|crp_dataset_8_1_5.csv,crp_dataset_8_1_3.csv,0.6261541,0.9862068965449228,0.8265895953709447,143,2,30,81,0.019604492187500003,0.0002586206896551725,0.019345871497844832
4,crp_dataset_8_1_7.csv|crp_dataset_8_1_1.csv|crp_dataset_8_1_6.csv|crp_dataset_8_1_5.csv,crp_dataset_8_1_8.csv,0.6261541,0.9673913043373109,0.6449275362272108,89,3,49,115,0.0283203125,0.0025135869565217394,0.02580672554347826
4,crp_dataset_8_1_7.csv|crp_dataset_8_1_1.csv|crp_dataset_8_1_6.csv|crp_dataset_8_1_5.csv,crp_dataset_8_1_2.csv,0.6261541,0.9473684210426593,0.7563025210020479,90,5,29,132,0.03945312499999999,0.0019736842105263163,0.03747944078947368
4,crp_dataset_8_1_4.csv|crp_dataset_8_1_3.csv|crp_dataset_8_1_8.csv|crp_dataset_8_1_2.csv,crp_dataset_8_1_7.csv,0.6852084,0.9999999999954546,0.9999999999954546,220,0,0,36,0.0095703125,0.00034090909090909094,0.00922940340909091
4,crp_dataset_8_1_4.csv|crp_dataset_8_1_3.csv|crp_dataset_8_1_8.csv|crp_dataset_8_1_2.csv,crp_dataset_8_1_1.csv,0.6852084,0.9909090909000826,0.8650793650724994,109,1,17,129,0.0252685546875,0.0003409090909090909,0.02492764559659091
4,crp_dataset_8_1_4.csv|crp_dataset_8_1_3.csv|crp_dataset_8_1_8.csv|crp_dataset_8_1_2.csv,crp_dataset_8_1_6.csv,0.6852084,0.9580419580352585,0.9785714285644388,137,6,3,110,0.026928710937500003,0.0017919580419580418,0.025136752895541962
4,crp_dataset_8_1_4.csv|crp_dataset_8_1_3.csv|crp_dataset_8_1_8.csv|crp_dataset_8_1_2.csv,crp_dataset_8_1_5.csv,0.6852084,0.9999999999879517,0.8299999999916999,83,0,17,156,0.039282226562499994,0.0012801204819277109,0.038002106080572286
4,crp_dataset_8_1_4.csv|crp_dataset_8_1_3.csv|crp_dataset_8_1_8.csv|crp_dataset_8_1_1.csv,crp_dataset_8_1_7.csv,0.6023475,0.9999999999954546,0.9999999999954546,220,0,0,36,0.0095703125,0.00034090909090909094,0.00922940340909091
4,crp_dataset_8_1_4.csv|crp_dataset_8_1_3.csv|crp_dataset_8_1_8.csv|crp_dataset_8_1_1.csv,crp_dataset_8_1_2.csv,0.6023475,0.9999999999878049,0.6890756302463102,82,0,37,137,0.03945312499999999,0.0013719512195121953,0.038081173780487795
4,crp_dataset_8_1_4.csv|crp_dataset_8_1_3.csv|crp_dataset_8_1_8.csv|crp_dataset_8_1_1.csv,crp_dataset_8_1_6.csv,0.6023475,0.8536585365801607,0.9999999999928573,140,24,0,92,0.026928710937500003,0.006288109756097561,0.020640601181402443
4,crp_dataset_8_1_4.csv|crp_dataset_8_1_3.csv|crp_dataset_8_1_8.csv|crp_dataset_8_1_1.csv,crp_dataset_8_1_5.csv,0.6023475,0.987654320975461,0.799999999992,80,1,20,155,0.039282226562499994,0.0015432098765432098,0.037739016685956785
4,crp_dataset_8_1_4.csv|crp_dataset_8_1_3.csv|crp_dataset_8_1_8.csv|crp_dataset_8_1_6.csv,crp_dataset_8_1_7.csv,0.6497026,0.9999999999954546,0.9999999999954546,220,0,0,36,0.0095703125,0.00034090909090909094,0.00922940340909091
4,crp_dataset_8_1_4.csv|crp_dataset_8_1_3.csv|crp_dataset_8_1_8.csv|crp_dataset_8_1_6.csv,crp_dataset_8_1_2.csv,0.6497026,0.9999999999878049,0.6890756302463102,82,0,37,137,0.03945312499999999,0.0013719512195121953,0.038081173780487795
4,crp_dataset_8_1_4.csv|crp_dataset_8_1_3.csv|crp_dataset_8_1_8.csv|crp_dataset_8_1_6.csv,crp_dataset_8_1_1.csv,0.6497026,0.9758064516050338,0.9603174603098388,121,3,5,127,0.0252685546875,0.0005544354838709677,0.024714119203629033
4,crp_dataset_8_1_4.csv|crp_dataset_8_1_3.csv|crp_dataset_8_1_8.csv|crp_dataset_8_1_6.csv,crp_dataset_8_1_5.csv,0.6497026,0.987654320975461,0.799999999992,80,1,20,155,0.039282226562499994,0.0015432098765432098,0.037739016685956785
4,crp_dataset_8_1_4.csv|crp_dataset_8_1_3.csv|crp_dataset_8_1_8.csv|crp_dataset_8_1_5.csv,crp_dataset_8_1_7.csv,0.6158045,0.9999999999954546,0.9999999999954546,220,0,0,36,0.0095703125,0.00034090909090909094,0.00922940340909091
4,crp_dataset_8_1_4.csv|crp_dataset_8_1_3.csv|crp_dataset_8_1_8.csv|crp_dataset_8_1_5.csv,crp_dataset_8_1_2.csv,0.6158045,0.9999999999885058,0.7310924369686462,87,0,32,137,0.03945312499999999,0.0012931034482758623,0.03816002155172413
4,crp_dataset_8_1_4.csv|crp_dataset_8_1_3.csv|crp_dataset_8_1_8.csv|crp_dataset_8_1_5.csv,crp_dataset_8_1_1.csv,0.6158045,0.9666666666586111,0.920634920627614,116,4,10,126,0.0252685546875,0.0007291666666666667,0.024539388020833334
4,crp_dataset_8_1_4.csv|crp_dataset_8_1_3.csv|crp_dataset_8_1_8.csv|crp_dataset_8_1_5.csv,crp_dataset_8_1_6.csv,0.6158045,0.9391891891828433,0.9928571428500511,139,9,1,107,0.026928710937500003,0.002702702702702703,0.0242260082347973
4,crp_dataset_8_1_4.csv|crp_dataset_8_1_3.csv|crp_dataset_8_1_2.csv|crp_dataset_8_1_1.csv,crp_dataset_8_1_7.csv,0.6705674,0.9999999999954546,0.9999999999954546,220,0,0,36,0.0095703125,0.00034090909090909094,0.00922940340909091
4,crp_dataset_8_1_4.csv|crp_dataset_8_1_3.csv|crp_dataset_8_1_2.csv|crp_dataset_8_1_1.csv,crp_dataset_8_1_8.csv,0.6705674,0.9999999999883721,0.6231884057925856,86,0,52,118,0.0283203125,0.002398255813953489,0.02592205668604651
4,crp_dataset_8_1_4.csv|crp_dataset_8_1_3.csv|crp_dataset_8_1_2.csv|crp_dataset_8_1_1.csv,crp_dataset_8_1_6.csv,0.6705674,0.909090909085006,0.9999999999928573,140,14,0,102,0.026928710937500003,0.003977272727272728,0.022951438210227274
4,crp_dataset_8_1_4.csv|crp_dataset_8_1_3.csv|crp_dataset_8_1_2.csv|crp_dataset_8_1_1.csv,crp_dataset_8_1_5.csv,0.6705674,0.9999999999885058,0.8699999999913,87,0,13,156,0.039282226562499994,0.0012212643678160922,0.038060962194683905
4,crp_dataset_8_1_4.csv|crp_dataset_8_1_3.csv|crp_dataset_8_1_2.csv|crp_dataset_8_1_6.csv,crp_dataset_8_1_7.csv,0.60466766,0.9999999999954546,0.9999999999954546,220,0,0,36,0.0095703125,0.00034090909090909094,0.00922940340909091
4,crp_dataset_8_1_4.csv|crp_dataset_8_1_3.csv|crp_dataset_8_1_2.csv|crp_dataset_8_1_6.csv,crp_dataset_8_1_8.csv,0.60466766,0.9215686274419453,0.6811594202849192,94,8,44,110,0.0283203125,0.003676470588235293,0.024643841911764705
4,crp_dataset_8_1_4.csv|crp_dataset_8_1_3.csv|crp_dataset_8_1_2.csv|crp_dataset_8_1_6.csv,crp_dataset_8_1_1.csv,0.60466766,0.9732142857055963,0.8650793650724994,109,3,17,127,0.0252685546875,0.0006138392857142858,0.024654715401785713
4,crp_dataset_8_1_4.csv|crp_dataset_8_1_3.csv|crp_dataset_8_1_2.csv|crp_dataset_8_1_6.csv,crp_dataset_8_1_5.csv,0.60466766,0.9782608695545841,0.899999999991,90,2,10,154,0.039282226562499994,0.001630434782608696,0.0376517917798913
4,crp_dataset_8_1_4.csv|crp_dataset_8_1_3.csv|crp_dataset_8_1_2.csv|crp_dataset_8_1_5.csv,crp_dataset_8_1_7.csv,0.6623468,0.9999999999954546,0.9999999999954546,220,0,0,36,0.0095703125,0.00034090909090909094,0.00922940340909091
4,crp_dataset_8_1_4.csv|crp_dataset_8_1_3.csv|crp_dataset_8_1_2.csv|crp_dataset_8_1_5.csv,crp_dataset_8_1_8.csv,0.6623468,0.9999999999846153,0.47101449275021007,65,0,73,118,0.0283203125,0.0027884615384615387,0.02553185096153846
4,crp_dataset_8_1_4.csv|crp_dataset_8_1_3.csv|crp_dataset_8_1_2.csv|crp_dataset_8_1_5.csv,crp_dataset_8_1_1.csv,0.6623468,0.9999999999843749,0.5079365079324767,64,0,62,130,0.0252685546875,9.765625e-05,0.0251708984375
4,crp_dataset_8_1_4.csv|crp_dataset_8_1_3.csv|crp_dataset_8_1_2.csv|crp_dataset_8_1_5.csv,crp_dataset_8_1_6.csv,0.6623468,0.9374999999916295,0.749999999994643,105,7,35,109,0.026928710937500003,0.002176339285714286,0.024752371651785718
4,crp_dataset_8_1_4.csv|crp_dataset_8_1_3.csv|crp_dataset_8_1_1.csv|crp_dataset_8_1_6.csv,crp_dataset_8_1_7.csv,0.6079179,0.9999999999954546,0.9999999999954546,220,0,0,36,0.0095703125,0.00034090909090909094,0.00922940340909091
4,crp_dataset_8_1_4.csv|crp_dataset_8_1_3.csv|crp_dataset_8_1_1.csv|crp_dataset_8_1_6.csv,crp_dataset_8_1_8.csv,0.6079179,0.9636363636276033,0.7681159420234195,106,4,32,114,0.0283203125,0.0024431818181818174,0.025877130681818183
4,crp_dataset_8_1_4.csv|crp_dataset_8_1_3.csv|crp_dataset_8_1_1.csv|crp_dataset_8_1_6.csv,crp_dataset_8_1_2.csv,0.6079179,0.9999999999878049,0.6890756302463102,82,0,37,137,0.03945312499999999,0.0013719512195121953,0.038081173780487795
4,crp_dataset_8_1_4.csv|crp_dataset_8_1_3.csv|crp_dataset_8_1_1.csv|crp_dataset_8_1_6.csv,crp_dataset_8_1_5.csv,0.6079179,0.987654320975461,0.799999999992,80,1,20,155,0.039282226562499994,0.0015432098765432098,0.037739016685956785
4,crp_dataset_8_1_4.csv|crp_dataset_8_1_3.csv|crp_dataset_8_1_1.csv|crp_dataset_8_1_5.csv,crp_dataset_8_1_7.csv,0.6554903,0.9999999999954546,0.9999999999954546,220,0,0,36,0.0095703125,0.00034090909090909094,0.00922940340909091
4,crp_dataset_8_1_4.csv|crp_dataset_8_1_3.csv|crp_dataset_8_1_1.csv|crp_dataset_8_1_5.csv,crp_dataset_8_1_8.csv,0.6554903,0.9999999999879517,0.6014492753579606,83,0,55,118,0.0283203125,0.0023343373493975904,0.02598597515060241
4,crp_dataset_8_1_4.csv|crp_dataset_8_1_3.csv|crp_dataset_8_1_1.csv|crp_dataset_8_1_5.csv,crp_dataset_8_1_2.csv,0.6554903,0.9999999999901961,0.8571428571356542,102,0,17,137,0.03945312499999999,0.0011029411764705884,0.0383501838235294
4,crp_dataset_8_1_4.csv|crp_dataset_8_1_3.csv|crp_dataset_8_1_1.csv|crp_dataset_8_1_5.csv,crp_dataset_8_1_6.csv,0.6554903,0.8805031446485504,0.9999999999928573,140,19,0,97,0.026928710937500003,0.004952830188679246,0.02197588074882076
4,crp_dataset_8_1_4.csv|crp_dataset_8_1_3.csv|crp_dataset_8_1_6.csv|crp_dataset_8_1_5.csv,crp_dataset_8_1_7.csv,0.61100334,0.9999999999954546,0.9999999999954546,220,0,0,36,0.0095703125,0.00034090909090909094,0.00922940340909091
4,crp_dataset_8_1_4.csv|crp_dataset_8_1_3.csv|crp_dataset_8_1_6.csv|crp_dataset_8_1_5.csv,crp_dataset_8_1_8.csv,0.61100334,0.9399999999905999,0.6811594202849192,94,6,44,112,0.0283203125,0.0029374999999999996,0.0253828125
4,crp_dataset_8_1_4.csv|crp_dataset_8_1_3.csv|crp_dataset_8_1_6.csv|crp_dataset_8_1_5.csv,crp_dataset_8_1_2.csv,0.61100334,0.9557522123809226,0.9075630252024575,108,5,11,132,0.03945312499999999,0.0015486725663716816,0.03790445243362831
4,crp_dataset_8_1_4.csv|crp_dataset_8_1_3.csv|crp_dataset_8_1_6.csv|crp_dataset_8_1_5.csv,crp_dataset_8_1_1.csv,0.61100334,0.9680851063726799,0.7222222222164902,91,3,35,127,0.0252685546875,0.0004654255319148936,0.024803129155585107
4,crp_dataset_8_1_4.csv|crp_dataset_8_1_8.csv|crp_dataset_8_1_2.csv|crp_dataset_8_1_1.csv,crp_dataset_8_1_7.csv,0.6031961,0.9999999999954546,0.9999999999954546,220,0,0,36,0.0095703125,0.00034090909090909094,0.00922940340909091
4,crp_dataset_8_1_4.csv|crp_dataset_8_1_8.csv|crp_dataset_8_1_2.csv|crp_dataset_8_1_1.csv,crp_dataset_8_1_3.csv,0.6031961,0.9828571428515266,0.9942196531734439,172,3,1,80,0.019604492187500003,0.001392857142857143,0.01821163504464286
4,crp_dataset_8_1_4.csv|crp_dataset_8_1_8.csv|crp_dataset_8_1_2.csv|crp_dataset_8_1_1.csv,crp_dataset_8_1_6.csv,0.6031961,0.9448275862003805,0.9785714285644388,137,8,3,108,0.026928710937500003,0.00228448275862069,0.02464422817887931
4,crp_dataset_8_1_4.csv|crp_dataset_8_1_8.csv|crp_dataset_8_1_2.csv|crp_dataset_8_1_1.csv,crp_dataset_8_1_5.csv,0.6031961,0.9999999999886363,0.8799999999911999,88,0,12,156,0.039282226562499994,0.0014204545454545455,0.03786177201704545
4,crp_dataset_8_1_4.csv|crp_dataset_8_1_8.csv|crp_dataset_8_1_2.csv|crp_dataset_8_1_6.csv,crp_dataset_8_1_7.csv,0.60847396,0.9999999999954546,0.9999999999954546,220,0,0,36,0.0095703125,0.00034090909090909094,0.00922940340909091
4,crp_dataset_8_1_4.csv|crp_dataset_8_1_8.csv|crp_dataset_8_1_2.csv|crp_dataset_8_1_6.csv,crp_dataset_8_1_3.csv,0.60847396,0.9999999999935485,0.8959537572202546,155,0,18,83,0.019604492187500003,8.064516129032258e-05,0.01952384702620968
4,crp_dataset_8_1_4.csv|crp_dataset_8_1_8.csv|crp_dataset_8_1_2.csv|crp_dataset_8_1_6.csv,crp_dataset_8_1_1.csv,0.60847396,0.9758064516050338,0.9603174603098388,121,3,5,127,0.0252685546875,0.0005544354838709677,0.024714119203629033
4,crp_dataset_8_1_4.csv|crp_dataset_8_1_8.csv|crp_dataset_8_1_2.csv|crp_dataset_8_1_6.csv,crp_dataset_8_1_5.csv,0.60847396,0.9888888888779012,0.8899999999911,89,1,11,155,0.039282226562499994,0.0018055555555555557,0.03747667100694444
4,crp_dataset_8_1_4.csv|crp_dataset_8_1_8.csv|crp_dataset_8_1_2.csv|crp_dataset_8_1_5.csv,crp_dataset_8_1_7.csv,0.64311594,0.9999999999954546,0.9999999999954546,220,0,0,36,0.0095703125,0.00034090909090909094,0.00922940340909091
4,crp_dataset_8_1_4.csv|crp_dataset_8_1_8.csv|crp_dataset_8_1_2.csv|crp_dataset_8_1_5.csv,crp_dataset_8_1_3.csv,0.64311594,0.9999999999921876,0.7398843930593071,128,0,45,83,0.019604492187500003,0.0,0.019604492187500003
4,crp_dataset_8_1_4.csv|crp_dataset_8_1_8.csv|crp_dataset_8_1_2.csv|crp_dataset_8_1_5.csv,crp_dataset_8_1_1.csv,0.64311594,0.9999999999861111,0.5714285714240362,72,0,54,130,0.0252685546875,8.680555555555556e-05,0.025181749131944445
4,crp_dataset_8_1_4.csv|crp_dataset_8_1_8.csv|crp_dataset_8_1_2.csv|crp_dataset_8_1_5.csv,crp_dataset_8_1_6.csv,0.64311594,0.9999999999882353,0.6071428571385205,85,0,55,116,0.026928710937500003,0.00022058823529411768,0.026708122702205885
4,crp_dataset_8_1_4.csv|crp_dataset_8_1_8.csv|crp_dataset_8_1_1.csv|crp_dataset_8_1_6.csv,crp_dataset_8_1_7.csv,0.73298234,0.9999999999954546,0.9999999999954546,220,0,0,36,0.0095703125,0.00034090909090909094,0.00922940340909091
4,crp_dataset_8_1_4.csv|crp_dataset_8_1_8.csv|crp_dataset_8_1_1.csv|crp_dataset_8_1_6.csv,crp_dataset_8_1_3.csv,0.73298234,0.9865771812014325,0.849710982654048,147,2,26,81,0.019604492187500003,0.00029362416107382553,0.019310868026426176
4,crp_dataset_8_1_4.csv|crp_dataset_8_1_8.csv|crp_dataset_8_1_1.csv|crp_dataset_8_1_6.csv,crp_dataset_8_1_2.csv,0.73298234,0.9425287356213502,0.6890756302463102,82,5,37,132,0.03945312499999999,0.0020114942528735636,0.03744163074712643
4,crp_dataset_8_1_4.csv|crp_dataset_8_1_8.csv|crp_dataset_8_1_1.csv|crp_dataset_8_1_6.csv,crp_dataset_8_1_5.csv,0.73298234,0.987654320975461,0.799999999992,80,1,20,155,0.039282226562499994,0.0015432098765432098,0.037739016685956785
4,crp_dataset_8_1_4.csv|crp_dataset_8_1_8.csv|crp_dataset_8_1_1.csv|crp_dataset_8_1_5.csv,crp_dataset_8_1_7.csv,0.6030638,0.9999999999954546,0.9999999999954546,220,0,0,36,0.0095703125,0.00034090909090909094,0.00922940340909091
4,crp_dataset_8_1_4.csv|crp_dataset_8_1_8.csv|crp_dataset_8_1_1.csv|crp_dataset_8_1_5.csv,crp_dataset_8_1_3.csv,0.6030638,0.9865771812014325,0.849710982654048,147,2,26,81,0.019604492187500003,0.0008389261744966443,0.01876556601300336
4,crp_dataset_8_1_4.csv|crp_dataset_8_1_8.csv|crp_dataset_8_1_1.csv|crp_dataset_8_1_5.csv,crp_dataset_8_1_2.csv,0.6030638,0.9999999999885058,0.7310924369686462,87,0,32,137,0.03945312499999999,0.001293103448275862,0.03816002155172413
4,crp_dataset_8_1_4.csv|crp_dataset_8_1_8.csv|crp_dataset_8_1_1.csv|crp_dataset_8_1_5.csv,crp_dataset_8_1_6.csv,0.6030638,0.950354609922338,0.9571428571360204,134,7,6,109,0.026928710937500003,0.0017730496453900709,0.025155661292109933
4,crp_dataset_8_1_4.csv|crp_dataset_8_1_8.csv|crp_dataset_8_1_6.csv|crp_dataset_8_1_5.csv,crp_dataset_8_1_7.csv,0.65843046,0.9999999999954546,0.9999999999954546,220,0,0,36,0.0095703125,0.00034090909090909094,0.00922940340909091
4,crp_dataset_8_1_4.csv|crp_dataset_8_1_8.csv|crp_dataset_8_1_6.csv|crp_dataset_8_1_5.csv,crp_dataset_8_1_3.csv,0.65843046,0.9863945578164192,0.8381502890124963,145,2,28,81,0.019604492187500003,0.00021258503401360543,0.019391907153486397
4,crp_dataset_8_1_4.csv|crp_dataset_8_1_8.csv|crp_dataset_8_1_6.csv|crp_dataset_8_1_5.csv,crp_dataset_8_1_2.csv,0.65843046,0.9425287356213502,0.6890756302463102,82,5,37,132,0.03945312499999999,0.0020114942528735636,0.03744163074712643
4,crp_dataset_8_1_4.csv|crp_dataset_8_1_8.csv|crp_dataset_8_1_6.csv|crp_dataset_8_1_5.csv,crp_dataset_8_1_1.csv,0.65843046,0.9749999999918749,0.9285714285640589,117,3,9,127,0.0252685546875,0.00046874999999999993,0.0247998046875
4,crp_dataset_8_1_4.csv|crp_dataset_8_1_2.csv|crp_dataset_8_1_1.csv|crp_dataset_8_1_6.csv,crp_dataset_8_1_7.csv,0.6785758,0.9999999999954546,0.9999999999954546,220,0,0,36,0.0095703125,0.00034090909090909094,0.00922940340909091
4,crp_dataset_8_1_4.csv|crp_dataset_8_1_2.csv|crp_dataset_8_1_1.csv|crp_dataset_8_1_6.csv,crp_dataset_8_1_3.csv,0.6785758,0.9999999999931508,0.8439306358332721,146,0,27,83,0.019604492187500003,0.0001284246575342466,0.019476067529965755
4,crp_dataset_8_1_4.csv|crp_dataset_8_1_2.csv|crp_dataset_8_1_1.csv|crp_dataset_8_1_6.csv,crp_dataset_8_1_8.csv,0.6785758,0.9724770642112617,0.7681159420234195,106,3,32,115,0.0283203125,0.0026376146788990823,0.025682697821100917
4,crp_dataset_8_1_4.csv|crp_dataset_8_1_2.csv|crp_dataset_8_1_1.csv|crp_dataset_8_1_6.csv,crp_dataset_8_1_5.csv,0.6785758,0.9999999999882353,0.8499999999915,85,0,15,156,0.039282226562499994,0.0013235294117647058,0.03795869715073529
4,crp_dataset_8_1_4.csv|crp_dataset_8_1_2.csv|crp_dataset_8_1_1.csv|crp_dataset_8_1_5.csv,crp_dataset_8_1_7.csv,0.6422233,0.9999999999954546,0.9999999999954546,220,0,0,36,0.0095703125,0.00034090909090909094,0.00922940340909091
4,crp_dataset_8_1_4.csv|crp_dataset_8_1_2.csv|crp_dataset_8_1_1.csv|crp_dataset_8_1_5.csv,crp_dataset_8_1_3.csv,0.6422233,0.9999999999936307,0.9075144508618064,157,0,16,83,0.019604492187500003,0.0001194267515923567,0.019485065435907646
4,crp_dataset_8_1_4.csv|crp_dataset_8_1_2.csv|crp_dataset_8_1_1.csv|crp_dataset_8_1_5.csv,crp_dataset_8_1_8.csv,0.6422233,0.9999999999885058,0.6304347826041273,87,0,51,118,0.0283203125,0.0022988505747126436,0.026021461925287356
4,crp_dataset_8_1_4.csv|crp_dataset_8_1_2.csv|crp_dataset_8_1_1.csv|crp_dataset_8_1_5.csv,crp_dataset_8_1_6.csv,0.6422233,0.9193548387022632,0.814285714279898,114,10,26,106,0.026928710937500003,0.0035786290322580645,0.02335008190524194
4,crp_dataset_8_1_4.csv|crp_dataset_8_1_2.csv|crp_dataset_8_1_6.csv|crp_dataset_8_1_5.csv,crp_dataset_8_1_7.csv,0.6168294,0.9999999999954546,0.9999999999954546,220,0,0,36,0.0095703125,0.00034090909090909094,0.00922940340909091
4,crp_dataset_8_1_4.csv|crp_dataset_8_1_2.csv|crp_dataset_8_1_6.csv|crp_dataset_8_1_5.csv,crp_dataset_8_1_3.csv,0.6168294,0.9999999999933775,0.8728323699371513,151,0,22,83,0.019604492187500003,0.0,0.019604492187500003
4,crp_dataset_8_1_4.csv|crp_dataset_8_1_2.csv|crp_dataset_8_1_6.csv|crp_dataset_8_1_5.csv,crp_dataset_8_1_8.csv,0.6168294,0.8367346938690129,0.5942028985464188,82,16,56,102,0.0283203125,0.005165816326530612,0.023154496173469388
4,crp_dataset_8_1_4.csv|crp_dataset_8_1_2.csv|crp_dataset_8_1_6.csv|crp_dataset_8_1_5.csv,crp_dataset_8_1_1.csv,0.6168294,0.9342105263034972,0.5634920634875913,71,5,55,125,0.0252685546875,0.001151315789473684,0.024117238898026316
4,crp_dataset_8_1_4.csv|crp_dataset_8_1_1.csv|crp_dataset_8_1_6.csv|crp_dataset_8_1_5.csv,crp_dataset_8_1_7.csv,0.6026783,0.9999999999954546,0.9999999999954546,220,0,0,36,0.0095703125,0.00034090909090909094,0.00922940340909091
4,crp_dataset_8_1_4.csv|crp_dataset_8_1_1.csv|crp_dataset_8_1_6.csv|crp_dataset_8_1_5.csv,crp_dataset_8_1_3.csv,0.6026783,0.9873417721456498,0.9017341040410305,156,2,17,81,0.019604492187500003,0.00031645569620253165,0.01928803649129747
4,crp_dataset_8_1_4.csv|crp_dataset_8_1_1.csv|crp_dataset_8_1_6.csv|crp_dataset_8_1_5.csv,crp_dataset_8_1_8.csv,0.6026783,0.9401709401629045,0.7971014492695863,110,7,28,111,0.0283203125,0.002884615384615384,0.025435697115384615
4,crp_dataset_8_1_4.csv|crp_dataset_8_1_1.csv|crp_dataset_8_1_6.csv|crp_dataset_8_1_5.csv,crp_dataset_8_1_2.csv,0.6026783,0.9504950494955396,0.806722689068851,96,5,23,132,0.03945312499999999,0.001732673267326733,0.03772045173267326
4,crp_dataset_8_1_3.csv|crp_dataset_8_1_8.csv|crp_dataset_8_1_2.csv|crp_dataset_8_1_1.csv,crp_dataset_8_1_7.csv,0.6523908,0.9999999999954546,0.9999999999954546,220,0,0,36,0.0095703125,0.00034090909090909094,0.00922940340909091
4,crp_dataset_8_1_3.csv|crp_dataset_8_1_8.csv|crp_dataset_8_1_2.csv|crp_dataset_8_1_1.csv,crp_dataset_8_1_4.csv,0.6523908,0.984496124023376,0.9694656488475614,127,2,4,123,0.023046875,0.0005329457364341085,0.022513929263565893
4,crp_dataset_8_1_3.csv|crp_dataset_8_1_8.csv|crp_dataset_8_1_2.csv|crp_dataset_8_1_1.csv,crp_dataset_8_1_6.csv,0.6523908,0.9391891891828433,0.9928571428500511,139,9,1,107,0.026928710937500003,0.002491554054054054,0.02443715688344595
4,crp_dataset_8_1_3.csv|crp_dataset_8_1_8.csv|crp_dataset_8_1_2.csv|crp_dataset_8_1_1.csv,crp_dataset_8_1_5.csv,0.6523908,0.9999999999883721,0.8599999999914,86,0,14,156,0.039282226562499994,0.001671511627906977,0.03761071493459302
4,crp_dataset_8_1_3.csv|crp_dataset_8_1_8.csv|crp_dataset_8_1_2.csv|crp_dataset_8_1_6.csv,crp_dataset_8_1_7.csv,0.6223912,0.9999999999954546,0.9999999999954546,220,0,0,36,0.0095703125,0.00034090909090909094,0.00922940340909091
4,crp_dataset_8_1_3.csv|crp_dataset_8_1_8.csv|crp_dataset_8_1_2.csv|crp_dataset_8_1_6.csv,crp_dataset_8_1_4.csv,0.6223912,0.9770992366337626,0.9770992366337626,128,3,3,122,0.023046875,0.0007156488549618321,0.022331226145038168
4,crp_dataset_8_1_3.csv|crp_dataset_8_1_8.csv|crp_dataset_8_1_2.csv|crp_dataset_8_1_6.csv,crp_dataset_8_1_1.csv,0.6223912,0.9333333333264199,0.9999999999920635,126,9,0,121,0.0252685546875,0.0016203703703703703,0.02364818431712963
4,crp_dataset_8_1_3.csv|crp_dataset_8_1_8.csv|crp_dataset_8_1_2.csv|crp_dataset_8_1_6.csv,crp_dataset_8_1_5.csv,0.6223912,0.9891304347718572,0.9099999999909,91,1,9,155,0.039282226562499994,0.001630434782608696,0.0376517917798913
4,crp_dataset_8_1_3.csv|crp_dataset_8_1_8.csv|crp_dataset_8_1_2.csv|crp_dataset_8_1_5.csv,crp_dataset_8_1_7.csv,0.76528853,0.9999999999954546,0.9999999999954546,220,0,0,36,0.0095703125,0.00034090909090909094,0.00922940340909091
4,crp_dataset_8_1_3.csv|crp_dataset_8_1_8.csv|crp_dataset_8_1_2.csv|crp_dataset_8_1_5.csv,crp_dataset_8_1_4.csv,0.76528853,0.9999999999910714,0.8549618320545423,112,0,19,125,0.023046875,0.0003348214285714286,0.022712053571428574
4,crp_dataset_8_1_3.csv|crp_dataset_8_1_8.csv|crp_dataset_8_1_2.csv|crp_dataset_8_1_5.csv,crp_dataset_8_1_1.csv,0.76528853,0.9906542055982182,0.8412698412631645,106,1,20,129,0.0252685546875,0.00040887850467289717,0.0248596761828271
4,crp_dataset_8_1_3.csv|crp_dataset_8_1_8.csv|crp_dataset_8_1_2.csv|crp_dataset_8_1_5.csv,crp_dataset_8_1_6.csv,0.76528853,0.9402985074556695,0.8999999999935715,126,8,14,108,0.026928710937500003,0.002425373134328358,0.024503337803171644
4,crp_dataset_8_1_3.csv|crp_dataset_8_1_8.csv|crp_dataset_8_1_1.csv|crp_dataset_8_1_6.csv,crp_dataset_8_1_7.csv,0.6068918,0.9999999999954546,0.9999999999954546,220,0,0,36,0.0095703125,0.00034090909090909094,0.00922940340909091
4,crp_dataset_8_1_3.csv|crp_dataset_8_1_8.csv|crp_dataset_8_1_1.csv|crp_dataset_8_1_6.csv,crp_dataset_8_1_4.csv,0.6068918,0.9843749999923097,0.9618320610613601,126,2,5,123,0.023046875,0.000537109375,0.022509765625
4,crp_dataset_8_1_3.csv|crp_dataset_8_1_8.csv|crp_dataset_8_1_1.csv|crp_dataset_8_1_6.csv,crp_dataset_8_1_2.csv,0.6068918,0.9999999999878049,0.6890756302463102,82,0,37,137,0.03945312499999999,0.0013719512195121953,0.038081173780487795
4,crp_dataset_8_1_3.csv|crp_dataset_8_1_8.csv|crp_dataset_8_1_1.csv|crp_dataset_8_1_6.csv,crp_dataset_8_1_5.csv,0.6068918,0.987654320975461,0.799999999992,80,1,20,155,0.039282226562499994,0.0015432098765432098,0.037739016685956785
4,crp_dataset_8_1_3.csv|crp_dataset_8_1_8.csv|crp_dataset_8_1_1.csv|crp_dataset_8_1_5.csv,crp_dataset_8_1_7.csv,0.6114714,0.9999999999954546,0.9999999999954546,220,0,0,36,0.0095703125,0.00034090909090909094,0.00922940340909091
4,crp_dataset_8_1_3.csv|crp_dataset_8_1_8.csv|crp_dataset_8_1_1.csv|crp_dataset_8_1_5.csv,crp_dataset_8_1_4.csv,0.6114714,0.9843749999923097,0.9618320610613601,126,2,5,123,0.023046875,0.000537109375,0.022509765625
4,crp_dataset_8_1_3.csv|crp_dataset_8_1_8.csv|crp_dataset_8_1_1.csv|crp_dataset_8_1_5.csv,crp_dataset_8_1_2.csv,0.6114714,0.9499999999905,0.7983193277243839,95,5,24,132,0.03945312499999999,0.0017499999999999998,0.03770312499999999
4,crp_dataset_8_1_3.csv|crp_dataset_8_1_8.csv|crp_dataset_8_1_1.csv|crp_dataset_8_1_5.csv,crp_dataset_8_1_6.csv,0.6114714,0.9271523178746547,0.9999999999928573,140,11,0,105,0.026928710937500003,0.0034768211920529805,0.023451889745447024
4,crp_dataset_8_1_3.csv|crp_dataset_8_1_8.csv|crp_dataset_8_1_6.csv|crp_dataset_8_1_5.csv,crp_dataset_8_1_7.csv,0.64115727,0.9999999999954546,0.9999999999954546,220,0,0,36,0.0095703125,0.00034090909090909094,0.00922940340909091
4,crp_dataset_8_1_3.csv|crp_dataset_8_1_8.csv|crp_dataset_8_1_6.csv|crp_dataset_8_1_5.csv,crp_dataset_8_1_4.csv,0.64115727,0.9847328244199639,0.9847328244199639,129,2,2,123,0.023046875,0.0006202290076335878,0.022426645992366413
4,crp_dataset_8_1_3.csv|crp_dataset_8_1_8.csv|crp_dataset_8_1_6.csv|crp_dataset_8_1_5.csv,crp_dataset_8_1_2.csv,0.64115727,0.9999999999907407,0.9075630252024575,108,0,11,137,0.03945312499999999,0.0010416666666666667,0.03841145833333332
4,crp_dataset_8_1_3.csv|crp_dataset_8_1_8.csv|crp_dataset_8_1_6.csv|crp_dataset_8_1_5.csv,crp_dataset_8_1_1.csv,0.64115727,0.9682539682462836,0.9682539682462836,122,4,4,126,0.0252685546875,0.000744047619047619,0.02452450706845238
4,crp_dataset_8_1_3.csv|crp_dataset_8_1_2.csv|crp_dataset_8_1_1.csv|crp_dataset_8_1_6.csv,crp_dataset_8_1_7.csv,0.6092189,0.9999999999954546,0.9999999999954546,220,0,0,36,0.0095703125,0.00034090909090909094,0.00922940340909091
4,crp_dataset_8_1_3.csv|crp_dataset_8_1_2.csv|crp_dataset_8_1_1.csv|crp_dataset_8_1_6.csv,crp_dataset_8_1_4.csv,0.6092189,0.9841269841191735,0.9465648854889576,124,2,7,123,0.023046875,0.0005456349206349206,0.02250124007936508
4,crp_dataset_8_1_3.csv|crp_dataset_8_1_2.csv|crp_dataset_8_1_1.csv|crp_dataset_8_1_6.csv,crp_dataset_8_1_8.csv,0.6092189,0.9557522123809226,0.7826086956465029,108,5,30,113,0.0283203125,0.002876106194690265,0.025444206305309736
4,crp_dataset_8_1_3.csv|crp_dataset_8_1_2.csv|crp_dataset_8_1_1.csv|crp_dataset_8_1_6.csv,crp_dataset_8_1_5.csv,0.6092189,0.9999999999883721,0.8599999999914,86,0,14,156,0.039282226562499994,0.00123546511627907,0.03804676144622093
4,crp_dataset_8_1_3.csv|crp_dataset_8_1_2.csv|crp_dataset_8_1_1.csv|crp_dataset_8_1_5.csv,crp_dataset_8_1_7.csv,0.62437165,0.9999999999954546,0.9999999999954546,220,0,0,36,0.0095703125,0.00034090909090909094,0.00922940340909091
4,crp_dataset_8_1_3.csv|crp_dataset_8_1_2.csv|crp_dataset_8_1_1.csv|crp_dataset_8_1_5.csv,crp_dataset_8_1_4.csv,0.62437165,0.999999999991228,0.8702290076269449,114,0,17,125,0.023046875,0.0003289473684210527,0.022717927631578948
4,crp_dataset_8_1_3.csv|crp_dataset_8_1_2.csv|crp_dataset_8_1_1.csv|crp_dataset_8_1_5.csv,crp_dataset_8_1_8.csv,0.62437165,0.9999999999883721,0.6231884057925856,86,0,52,118,0.0283203125,0.002325581395348837,0.025994731104651163
4,crp_dataset_8_1_3.csv|crp_dataset_8_1_2.csv|crp_dataset_8_1_1.csv|crp_dataset_8_1_5.csv,crp_dataset_8_1_6.csv,0.62437165,0.9130434782542534,0.8999999999935715,126,12,14,104,0.026928710937500003,0.004347826086956523,0.02258088485054348
4,crp_dataset_8_1_3.csv|crp_dataset_8_1_2.csv|crp_dataset_8_1_6.csv|crp_dataset_8_1_5.csv,crp_dataset_8_1_7.csv,0.6214956,0.9999999999954546,0.9999999999954546,220,0,0,36,0.0095703125,0.00034090909090909094,0.00922940340909091
4,crp_dataset_8_1_3.csv|crp_dataset_8_1_2.csv|crp_dataset_8_1_6.csv|crp_dataset_8_1_5.csv,crp_dataset_8_1_4.csv,0.6214956,0.9516129032181321,0.90076335877175,118,6,13,119,0.023046875,0.0028225806451612906,0.02022429435483871
4,crp_dataset_8_1_3.csv|crp_dataset_8_1_2.csv|crp_dataset_8_1_6.csv|crp_dataset_8_1_5.csv,crp_dataset_8_1_8.csv,0.6214956,0.8333333333251634,0.615942028981044,85,17,53,101,0.0283203125,0.0056372549019607825,0.02268305759803922
4,crp_dataset_8_1_3.csv|crp_dataset_8_1_2.csv|crp_dataset_8_1_6.csv|crp_dataset_8_1_5.csv,crp_dataset_8_1_1.csv,0.6214956,0.9130434782542534,0.9999999999920635,126,12,0,118,0.0252685546875,0.002853260869565218,0.02241529381793478
4,crp_dataset_8_1_3.csv|crp_dataset_8_1_1.csv|crp_dataset_8_1_6.csv|crp_dataset_8_1_5.csv,crp_dataset_8_1_7.csv,0.6179353,0.9999999999954546,0.9999999999954546,220,0,0,36,0.0095703125,0.00034090909090909094,0.00922940340909091
4,crp_dataset_8_1_3.csv|crp_dataset_8_1_1.csv|crp_dataset_8_1_6.csv|crp_dataset_8_1_5.csv,crp_dataset_8_1_4.csv,0.6179353,0.9847328244199639,0.9847328244199639,129,2,2,123,0.023046875,0.0005725190839694658,0.022474355916030534
4,crp_dataset_8_1_3.csv|crp_dataset_8_1_1.csv|crp_dataset_8_1_6.csv|crp_dataset_8_1_5.csv,crp_dataset_8_1_8.csv,0.6179353,0.9999999999890109,0.6594202898502941,91,0,47,118,0.0283203125,0.0021291208791208794,0.02619119162087912
4,crp_dataset_8_1_3.csv|crp_dataset_8_1_1.csv|crp_dataset_8_1_6.csv|crp_dataset_8_1_5.csv,crp_dataset_8_1_2.csv,0.6179353,0.999999999990991,0.932773109235859,111,0,8,137,0.03945312499999999,0.0011824324324324325,0.03827069256756756
4,crp_dataset_8_1_8.csv|crp_dataset_8_1_2.csv|crp_dataset_8_1_1.csv|crp_dataset_8_1_6.csv,crp_dataset_8_1_7.csv,0.66624427,0.9999999999954546,0.9999999999954546,220,0,0,36,0.0095703125,0.00034090909090909094,0.00922940340909091
4,crp_dataset_8_1_8.csv|crp_dataset_8_1_2.csv|crp_dataset_8_1_1.csv|crp_dataset_8_1_6.csv,crp_dataset_8_1_4.csv,0.66624427,0.9843749999923097,0.9618320610613601,126,2,5,123,0.023046875,0.000537109375,0.022509765625
4,crp_dataset_8_1_8.csv|crp_dataset_8_1_2.csv|crp_dataset_8_1_1.csv|crp_dataset_8_1_6.csv,crp_dataset_8_1_3.csv,0.66624427,0.9999999999939394,0.953757225428013,165,0,8,83,0.019604492187500003,0.00011363636363636365,0.01949085582386364
4,crp_dataset_8_1_8.csv|crp_dataset_8_1_2.csv|crp_dataset_8_1_1.csv|crp_dataset_8_1_6.csv,crp_dataset_8_1_5.csv,0.66624427,0.9999999999875,0.799999999992,80,0,20,156,0.039282226562499994,0.001328125,0.037954101562499995
4,crp_dataset_8_1_8.csv|crp_dataset_8_1_2.csv|crp_dataset_8_1_1.csv|crp_dataset_8_1_5.csv,crp_dataset_8_1_7.csv,0.64060193,0.9999999999954546,0.9999999999954546,220,0,0,36,0.0095703125,0.00034090909090909094,0.00922940340909091
4,crp_dataset_8_1_8.csv|crp_dataset_8_1_2.csv|crp_dataset_8_1_1.csv|crp_dataset_8_1_5.csv,crp_dataset_8_1_4.csv,0.64060193,0.9770992366337626,0.9770992366337626,128,3,3,122,0.023046875,0.0007156488549618321,0.022331226145038168
4,crp_dataset_8_1_8.csv|crp_dataset_8_1_2.csv|crp_dataset_8_1_1.csv|crp_dataset_8_1_5.csv,crp_dataset_8_1_3.csv,0.64060193,0.9942196531734439,0.9942196531734439,172,1,1,82,0.019604492187500003,0.0006141618497109827,0.01899033033778902
4,crp_dataset_8_1_8.csv|crp_dataset_8_1_2.csv|crp_dataset_8_1_1.csv|crp_dataset_8_1_5.csv,crp_dataset_8_1_6.csv,0.64060193,0.9452054794455809,0.985714285707245,138,8,2,108,0.026928710937500003,0.0023116438356164384,0.024617067101883564
4,crp_dataset_8_1_8.csv|crp_dataset_8_1_2.csv|crp_dataset_8_1_6.csv|crp_dataset_8_1_5.csv,crp_dataset_8_1_7.csv,0.6059413,0.9999999999954546,0.9999999999954546,220,0,0,36,0.0095703125,0.00034090909090909094,0.00922940340909091
4,crp_dataset_8_1_8.csv|crp_dataset_8_1_2.csv|crp_dataset_8_1_6.csv|crp_dataset_8_1_5.csv,crp_dataset_8_1_4.csv,0.6059413,0.9772727272653238,0.9847328244199639,129,3,2,122,0.023046875,0.0007575757575757576,0.022289299242424242
4,crp_dataset_8_1_8.csv|crp_dataset_8_1_2.csv|crp_dataset_8_1_6.csv|crp_dataset_8_1_5.csv,crp_dataset_8_1_3.csv,0.6059413,0.9999999999941861,0.9942196531734439,172,0,1,83,0.019604492187500003,0.00014534883720930232,0.0194591433502907
4,crp_dataset_8_1_8.csv|crp_dataset_8_1_2.csv|crp_dataset_8_1_6.csv|crp_dataset_8_1_5.csv,crp_dataset_8_1_1.csv,0.6059413,0.968503937000248,0.9761904761827286,123,4,3,126,0.0252685546875,0.0007874015748031497,0.02448115311269685
4,crp_dataset_8_1_8.csv|crp_dataset_8_1_1.csv|crp_dataset_8_1_6.csv|crp_dataset_8_1_5.csv,crp_dataset_8_1_7.csv,0.63433063,0.9999999999954546,0.9999999999954546,220,0,0,36,0.0095703125,0.00034090909090909094,0.00922940340909091
4,crp_dataset_8_1_8.csv|crp_dataset_8_1_1.csv|crp_dataset_8_1_6.csv|crp_dataset_8_1_5.csv,crp_dataset_8_1_4.csv,0.63433063,0.9767441860389401,0.9618320610613601,126,3,5,122,0.023046875,0.0006782945736434108,0.02236858042635659
4,crp_dataset_8_1_8.csv|crp_dataset_8_1_1.csv|crp_dataset_8_1_6.csv|crp_dataset_8_1_5.csv,crp_dataset_8_1_3.csv,0.63433063,0.9999999999931973,0.849710982654048,147,0,26,83,0.019604492187500003,0.00012755102040816328,0.019476941167091838
4,crp_dataset_8_1_8.csv|crp_dataset_8_1_1.csv|crp_dataset_8_1_6.csv|crp_dataset_8_1_5.csv,crp_dataset_8_1_2.csv,0.63433063,0.9999999999878049,0.6890756302463102,82,0,37,137,0.03945312499999999,0.0013719512195121953,0.038081173780487795
4,crp_dataset_8_1_2.csv|crp_dataset_8_1_1.csv|crp_dataset_8_1_6.csv|crp_dataset_8_1_5.csv,crp_dataset_8_1_7.csv,0.64976585,0.9999999999954546,0.9999999999954546,220,0,0,36,0.0095703125,0.00034090909090909094,0.00922940340909091
4,crp_dataset_8_1_2.csv|crp_dataset_8_1_1.csv|crp_dataset_8_1_6.csv|crp_dataset_8_1_5.csv,crp_dataset_8_1_4.csv,0.64976585,0.999999999991228,0.8702290076269449,114,0,17,125,0.023046875,0.0003289473684210527,0.022717927631578948
4,crp_dataset_8_1_2.csv|crp_dataset_8_1_1.csv|crp_dataset_8_1_6.csv|crp_dataset_8_1_5.csv,crp_dataset_8_1_3.csv,0.64976585,0.9999999999936307,0.9075144508618064,157,0,16,83,0.019604492187500003,0.00015923566878980894,0.019445256518710194
4,crp_dataset_8_1_2.csv|crp_dataset_8_1_1.csv|crp_dataset_8_1_6.csv|crp_dataset_8_1_5.csv,crp_dataset_8_1_8.csv,0.64976585,0.9062499999905599,0.6304347826041273,87,9,51,109,0.0283203125,0.0038411458333333336,0.024479166666666666
5,crp_dataset_8_1_7.csv|crp_dataset_8_1_4.csv|crp_dataset_8_1_3.csv|crp_dataset_8_1_8.csv|crp_dataset_8_1_2.csv,crp_dataset_8_1_1.csv,0.6029109,0.9615384615310651,0.9920634920556185,125,5,1,125,0.0252685546875,0.0009134615384615386,0.02435509314903846
5,crp_dataset_8_1_7.csv|crp_dataset_8_1_4.csv|crp_dataset_8_1_3.csv|crp_dataset_8_1_8.csv|crp_dataset_8_1_2.csv,crp_dataset_8_1_6.csv,0.6029109,0.9395973154299356,0.9999999999928573,140,9,0,107,0.026928710937500003,0.002307046979865772,0.02462166395763423
5,crp_dataset_8_1_7.csv|crp_dataset_8_1_4.csv|crp_dataset_8_1_3.csv|crp_dataset_8_1_8.csv|crp_dataset_8_1_2.csv,crp_dataset_8_1_5.csv,0.6029109,0.9999999999890109,0.9099999999909,91,0,9,156,0.039282226562499994,0.001510989010989011,0.03777123755151098
5,crp_dataset_8_1_7.csv|crp_dataset_8_1_4.csv|crp_dataset_8_1_3.csv|crp_dataset_8_1_8.csv|crp_dataset_8_1_1.csv,crp_dataset_8_1_2.csv,0.7300766,0.9999999999878049,0.6890756302463102,82,0,37,137,0.03945312499999999,0.0013719512195121953,0.038081173780487795
5,crp_dataset_8_1_7.csv|crp_dataset_8_1_4.csv|crp_dataset_8_1_3.csv|crp_dataset_8_1_8.csv|crp_dataset_8_1_1.csv,crp_dataset_8_1_6.csv,0.7300766,0.9199999999938667,0.985714285707245,138,12,2,104,0.026928710937500003,0.0034583333333333337,0.02347037760416667
5,crp_dataset_8_1_7.csv|crp_dataset_8_1_4.csv|crp_dataset_8_1_3.csv|crp_dataset_8_1_8.csv|crp_dataset_8_1_1.csv,crp_dataset_8_1_5.csv,0.7300766,0.987654320975461,0.799999999992,80,1,20,155,0.039282226562499994,0.0015432098765432098,0.037739016685956785
5,crp_dataset_8_1_7.csv|crp_dataset_8_1_4.csv|crp_dataset_8_1_3.csv|crp_dataset_8_1_8.csv|crp_dataset_8_1_6.csv,crp_dataset_8_1_2.csv,0.60158634,0.9879518072170126,0.6890756302463102,82,1,37,136,0.03945312499999999,0.0021837349397590363,0.03726939006024096
5,crp_dataset_8_1_7.csv|crp_dataset_8_1_4.csv|crp_dataset_8_1_3.csv|crp_dataset_8_1_8.csv|crp_dataset_8_1_6.csv,crp_dataset_8_1_1.csv,0.60158634,0.9682539682462836,0.9682539682462836,122,4,4,126,0.0252685546875,0.000744047619047619,0.02452450706845238
5,crp_dataset_8_1_7.csv|crp_dataset_8_1_4.csv|crp_dataset_8_1_3.csv|crp_dataset_8_1_8.csv|crp_dataset_8_1_6.csv,crp_dataset_8_1_5.csv,0.60158634,0.9883720930117631,0.8499999999915,85,1,15,155,0.039282226562499994,0.0014534883720930232,0.03782873819040697
5,crp_dataset_8_1_7.csv|crp_dataset_8_1_4.csv|crp_dataset_8_1_3.csv|crp_dataset_8_1_8.csv|crp_dataset_8_1_5.csv,crp_dataset_8_1_2.csv,0.6224174,0.9999999999897958,0.8235294117577855,98,0,21,137,0.03945312499999999,0.0011479591836734695,0.03830516581632652
5,crp_dataset_8_1_7.csv|crp_dataset_8_1_4.csv|crp_dataset_8_1_3.csv|crp_dataset_8_1_8.csv|crp_dataset_8_1_5.csv,crp_dataset_8_1_1.csv,0.6224174,0.9590163934347621,0.9285714285640589,117,5,9,125,0.0252685546875,0.0009221311475409837,0.024346423539959017
5,crp_dataset_8_1_7.csv|crp_dataset_8_1_4.csv|crp_dataset_8_1_3.csv|crp_dataset_8_1_8.csv|crp_dataset_8_1_5.csv,crp_dataset_8_1_6.csv,0.6224174,0.8974358974301447,0.9999999999928573,140,16,0,100,0.026928710937500003,0.004447115384615384,0.02248159555288462
5,crp_dataset_8_1_7.csv|crp_dataset_8_1_4.csv|crp_dataset_8_1_3.csv|crp_dataset_8_1_2.csv|crp_dataset_8_1_1.csv,crp_dataset_8_1_8.csv,0.6074483,0.958762886588054,0.6739130434733775,93,4,45,114,0.0283203125,0.003028350515463917,0.025291961984536083
5,crp_dataset_8_1_7.csv|crp_dataset_8_1_4.csv|crp_dataset_8_1_3.csv|crp_dataset_8_1_2.csv|crp_dataset_8_1_1.csv,crp_dataset_8_1_6.csv,0.6074483,0.9032258064457857,0.9999999999928573,140,15,0,101,0.026928710937500003,0.004153225806451612,0.022775485131048392
5,crp_dataset_8_1_7.csv|crp_dataset_8_1_4.csv|crp_dataset_8_1_3.csv|crp_dataset_8_1_2.csv|crp_dataset_8_1_1.csv,crp_dataset_8_1_5.csv,0.6074483,0.9999999999885058,0.8699999999913,87,0,13,156,0.039282226562499994,0.0012212643678160922,0.038060962194683905
5,crp_dataset_8_1_7.csv|crp_dataset_8_1_4.csv|crp_dataset_8_1_3.csv|crp_dataset_8_1_2.csv|crp_dataset_8_1_6.csv,crp_dataset_8_1_8.csv,0.66548264,0.9306930692977159,0.6811594202849192,94,7,44,111,0.0283203125,0.0034653465346534645,0.024854965965346535
5,crp_dataset_8_1_7.csv|crp_dataset_8_1_4.csv|crp_dataset_8_1_3.csv|crp_dataset_8_1_2.csv|crp_dataset_8_1_6.csv,crp_dataset_8_1_1.csv,0.66548264,0.9661016949070669,0.9047619047547241,114,4,12,126,0.0252685546875,0.0007944915254237289,0.02447406316207627
5,crp_dataset_8_1_7.csv|crp_dataset_8_1_4.csv|crp_dataset_8_1_3.csv|crp_dataset_8_1_2.csv|crp_dataset_8_1_6.csv,crp_dataset_8_1_5.csv,0.66548264,0.9890109890001207,0.899999999991,90,1,10,155,0.039282226562499994,0.0013736263736263737,0.03790860018887362
5,crp_dataset_8_1_7.csv|crp_dataset_8_1_4.csv|crp_dataset_8_1_3.csv|crp_dataset_8_1_2.csv|crp_dataset_8_1_5.csv,crp_dataset_8_1_8.csv,0.6335356,0.9999999999850746,0.48550724637329346,67,0,71,118,0.0283203125,0.0028917910447761193,0.025428521455223882
5,crp_dataset_8_1_7.csv|crp_dataset_8_1_4.csv|crp_dataset_8_1_3.csv|crp_dataset_8_1_2.csv|crp_dataset_8_1_5.csv,crp_dataset_8_1_1.csv,0.6335356,0.9999999999843749,0.5079365079324767,64,0,62,130,0.0252685546875,9.765625e-05,0.0251708984375
5,crp_dataset_8_1_7.csv|crp_dataset_8_1_4.csv|crp_dataset_8_1_3.csv|crp_dataset_8_1_2.csv|crp_dataset_8_1_5.csv,crp_dataset_8_1_6.csv,0.6335356,0.9224137930954964,0.7642857142802552,107,9,33,107,0.026928710937500003,0.0034482758620689646,0.023480435075431037
5,crp_dataset_8_1_7.csv|crp_dataset_8_1_4.csv|crp_dataset_8_1_3.csv|crp_dataset_8_1_1.csv|crp_dataset_8_1_6.csv,crp_dataset_8_1_8.csv,0.60685575,0.9680851063726799,0.6594202898502941,91,3,47,115,0.0283203125,0.0023936170212765957,0.025926695478723404
5,crp_dataset_8_1_7.csv|crp_dataset_8_1_4.csv|crp_dataset_8_1_3.csv|crp_dataset_8_1_1.csv|crp_dataset_8_1_6.csv,crp_dataset_8_1_2.csv,0.60685575,0.9999999999878049,0.6890756302463102,82,0,37,137,0.03945312499999999,0.0013719512195121953,0.038081173780487795
5,crp_dataset_8_1_7.csv|crp_dataset_8_1_4.csv|crp_dataset_8_1_3.csv|crp_dataset_8_1_1.csv|crp_dataset_8_1_6.csv,crp_dataset_8_1_5.csv,0.60685575,0.9999999999873417,0.7899999999921,79,0,21,156,0.039282226562499994,0.0014240506329113926,0.0378581759295886
5,crp_dataset_8_1_7.csv|crp_dataset_8_1_4.csv|crp_dataset_8_1_3.csv|crp_dataset_8_1_1.csv|crp_dataset_8_1_5.csv,crp_dataset_8_1_8.csv,0.6066377,0.988095238083475,0.6014492753579606,83,1,55,117,0.0283203125,0.002529761904761905,0.025790550595238094
5,crp_dataset_8_1_7.csv|crp_dataset_8_1_4.csv|crp_dataset_8_1_3.csv|crp_dataset_8_1_1.csv|crp_dataset_8_1_5.csv,crp_dataset_8_1_2.csv,0.6066377,0.9999999999879517,0.6974789915907774,83,0,36,137,0.03945312499999999,0.0013554216867469882,0.038097703313253004
5,crp_dataset_8_1_7.csv|crp_dataset_8_1_4.csv|crp_dataset_8_1_3.csv|crp_dataset_8_1_1.csv|crp_dataset_8_1_5.csv,crp_dataset_8_1_6.csv,0.6066377,0.8333333333283731,0.9999999999928573,140,28,0,88,0.026928710937500003,0.007328869047619048,0.019599841889880953
5,crp_dataset_8_1_7.csv|crp_dataset_8_1_4.csv|crp_dataset_8_1_3.csv|crp_dataset_8_1_6.csv|crp_dataset_8_1_5.csv,crp_dataset_8_1_8.csv,0.6047228,0.9339622641421323,0.7173913043426277,99,7,39,111,0.0283203125,0.0033608490566037737,0.024959463443396227
5,crp_dataset_8_1_7.csv|crp_dataset_8_1_4.csv|crp_dataset_8_1_3.csv|crp_dataset_8_1_6.csv|crp_dataset_8_1_5.csv,crp_dataset_8_1_2.csv,0.6047228,0.9999999999908257,0.9159663865469246,109,0,10,137,0.03945312499999999,0.0010894495412844037,0.038363675458715586
5,crp_dataset_8_1_7.csv|crp_dataset_8_1_4.csv|crp_dataset_8_1_3.csv|crp_dataset_8_1_6.csv|crp_dataset_8_1_5.csv,crp_dataset_8_1_1.csv,0.6047228,0.9586776859424903,0.920634920627614,116,5,10,125,0.0252685546875,0.0009297520661157026,0.024338802621384298
5,crp_dataset_8_1_7.csv|crp_dataset_8_1_4.csv|crp_dataset_8_1_8.csv|crp_dataset_8_1_2.csv|crp_dataset_8_1_1.csv,crp_dataset_8_1_3.csv,0.613522,0.9885057471207558,0.9942196531734439,172,2,1,81,0.019604492187500003,0.0007543103448275862,0.018850181842672415
5,crp_dataset_8_1_7.csv|crp_dataset_8_1_4.csv|crp_dataset_8_1_8.csv|crp_dataset_8_1_2.csv|crp_dataset_8_1_1.csv,crp_dataset_8_1_6.csv,0.613522,0.9459459459395545,0.9999999999928573,140,8,0,108,0.026928710937500003,0.0023648648648648646,0.024563846072635138
5,crp_dataset_8_1_7.csv|crp_dataset_8_1_4.csv|crp_dataset_8_1_8.csv|crp_dataset_8_1_2.csv|crp_dataset_8_1_1.csv,crp_dataset_8_1_5.csv,0.613522,0.9999999999879517,0.8299999999916999,83,0,17,156,0.039282226562499994,0.0014307228915662652,0.03785150367093373
5,crp_dataset_8_1_7.csv|crp_dataset_8_1_4.csv|crp_dataset_8_1_8.csv|crp_dataset_8_1_2.csv|crp_dataset_8_1_6.csv,crp_dataset_8_1_3.csv,0.6859644,0.9999999999928059,0.8034682080878413,139,0,34,83,0.019604492187500003,4.496402877697842e-05,0.019559528158723024
5,crp_dataset_8_1_7.csv|crp_dataset_8_1_4.csv|crp_dataset_8_1_8.csv|crp_dataset_8_1_2.csv|crp_dataset_8_1_6.csv,crp_dataset_8_1_1.csv,0.6859644,0.981651376137783,0.8492063491996095,107,2,19,128,0.0252685546875,0.0004013761467889908,0.02486717854071101
5,crp_dataset_8_1_7.csv|crp_dataset_8_1_4.csv|crp_dataset_8_1_8.csv|crp_dataset_8_1_2.csv|crp_dataset_8_1_6.csv,crp_dataset_8_1_5.csv,0.6859644,0.9999999999880952,0.8399999999916,84,0,16,156,0.039282226562499994,0.0015625000000000003,0.03771972656249999
5,crp_dataset_8_1_7.csv|crp_dataset_8_1_4.csv|crp_dataset_8_1_8.csv|crp_dataset_8_1_2.csv|crp_dataset_8_1_5.csv,crp_dataset_8_1_3.csv,0.6271851,0.9999999999932887,0.8612716762955996,149,0,24,83,0.019604492187500003,0.0,0.019604492187500003
5,crp_dataset_8_1_7.csv|crp_dataset_8_1_4.csv|crp_dataset_8_1_8.csv|crp_dataset_8_1_2.csv|crp_dataset_8_1_5.csv,crp_dataset_8_1_1.csv,0.6271851,0.9659090908981146,0.6746031745978206,85,3,41,127,0.0252685546875,0.0007102272727272727,0.024558327414772728
5,crp_dataset_8_1_7.csv|crp_dataset_8_1_4.csv|crp_dataset_8_1_8.csv|crp_dataset_8_1_2.csv|crp_dataset_8_1_5.csv,crp_dataset_8_1_6.csv,0.6271851,0.9900990098911872,0.7142857142806123,100,1,40,115,0.026928710937500003,0.0003712871287128713,0.02655742380878713
5,crp_dataset_8_1_7.csv|crp_dataset_8_1_4.csv|crp_dataset_8_1_8.csv|crp_dataset_8_1_1.csv|crp_dataset_8_1_6.csv,crp_dataset_8_1_3.csv,0.6368518,0.9932432432365322,0.849710982654048,147,1,26,82,0.019604492187500003,0.0008868243243243244,0.018717667863175677
5,crp_dataset_8_1_7.csv|crp_dataset_8_1_4.csv|crp_dataset_8_1_8.csv|crp_dataset_8_1_1.csv|crp_dataset_8_1_6.csv,crp_dataset_8_1_2.csv,0.6368518,0.9999999999878049,0.6890756302463102,82,0,37,137,0.03945312499999999,0.0013719512195121953,0.038081173780487795
5,crp_dataset_8_1_7.csv|crp_dataset_8_1_4.csv|crp_dataset_8_1_8.csv|crp_dataset_8_1_1.csv|crp_dataset_8_1_6.csv,crp_dataset_8_1_5.csv,0.6368518,0.9756097560856632,0.799999999992,80,2,20,154,0.039282226562499994,0.0019054878048780492,0.037376738757621944
5,crp_dataset_8_1_7.csv|crp_dataset_8_1_4.csv|crp_dataset_8_1_8.csv|crp_dataset_8_1_1.csv|crp_dataset_8_1_5.csv,crp_dataset_8_1_3.csv,0.69200057,0.9999999999931973,0.849710982654048,147,0,26,83,0.019604492187500003,0.00012755102040816328,0.019476941167091838
5,crp_dataset_8_1_7.csv|crp_dataset_8_1_4.csv|crp_dataset_8_1_8.csv|crp_dataset_8_1_1.csv|crp_dataset_8_1_5.csv,crp_dataset_8_1_2.csv,0.69200057,0.9999999999879517,0.6974789915907774,83,0,36,137,0.03945312499999999,0.0013554216867469882,0.038097703313253004
5,crp_dataset_8_1_7.csv|crp_dataset_8_1_4.csv|crp_dataset_8_1_8.csv|crp_dataset_8_1_1.csv|crp_dataset_8_1_5.csv,crp_dataset_8_1_6.csv,0.69200057,0.9571428571360204,0.9571428571360204,134,6,6,110,0.026928710937500003,0.0017410714285714286,0.025187639508928574
5,crp_dataset_8_1_7.csv|crp_dataset_8_1_4.csv|crp_dataset_8_1_8.csv|crp_dataset_8_1_6.csv|crp_dataset_8_1_5.csv,crp_dataset_8_1_3.csv,0.62563443,0.999999999992126,0.7341040462385312,127,0,46,83,0.019604492187500003,0.0,0.019604492187500003
5,crp_dataset_8_1_7.csv|crp_dataset_8_1_4.csv|crp_dataset_8_1_8.csv|crp_dataset_8_1_6.csv|crp_dataset_8_1_5.csv,crp_dataset_8_1_2.csv,0.62563443,0.999999999988764,0.7478991596575807,89,0,30,137,0.03945312499999999,0.0013342696629213484,0.03811885533707864
5,crp_dataset_8_1_7.csv|crp_dataset_8_1_4.csv|crp_dataset_8_1_8.csv|crp_dataset_8_1_6.csv|crp_dataset_8_1_5.csv,crp_dataset_8_1_1.csv,0.62563443,0.9666666666559259,0.6904761904707105,87,3,39,127,0.0252685546875,0.00048611111111111115,0.02478244357638889
5,crp_dataset_8_1_7.csv|crp_dataset_8_1_4.csv|crp_dataset_8_1_2.csv|crp_dataset_8_1_1.csv|crp_dataset_8_1_6.csv,crp_dataset_8_1_3.csv,0.6647612,0.9999999999931508,0.8439306358332721,146,0,27,83,0.019604492187500003,0.00017123287671232877,0.019433259310787675
5,crp_dataset_8_1_7.csv|crp_dataset_8_1_4.csv|crp_dataset_8_1_2.csv|crp_dataset_8_1_1.csv|crp_dataset_8_1_6.csv,crp_dataset_8_1_8.csv,0.6647612,0.9469026548588769,0.7753623188349612,107,6,31,112,0.0283203125,0.002876106194690265,0.025444206305309736
5,crp_dataset_8_1_7.csv|crp_dataset_8_1_4.csv|crp_dataset_8_1_2.csv|crp_dataset_8_1_1.csv|crp_dataset_8_1_6.csv,crp_dataset_8_1_5.csv,0.6647612,0.9999999999871795,0.7799999999921999,78,0,22,156,0.039282226562499994,0.0013621794871794873,0.037920047075320505
5,crp_dataset_8_1_7.csv|crp_dataset_8_1_4.csv|crp_dataset_8_1_2.csv|crp_dataset_8_1_1.csv|crp_dataset_8_1_5.csv,crp_dataset_8_1_3.csv,0.60103405,0.999999999993671,0.9132947976825821,158,0,15,83,0.019604492187500003,0.00011867088607594939,0.019485821301424053
5,crp_dataset_8_1_7.csv|crp_dataset_8_1_4.csv|crp_dataset_8_1_2.csv|crp_dataset_8_1_1.csv|crp_dataset_8_1_5.csv,crp_dataset_8_1_8.csv,0.60103405,0.9468085106282254,0.6449275362272108,89,5,49,113,0.0283203125,0.003125,0.0251953125
5,crp_dataset_8_1_7.csv|crp_dataset_8_1_4.csv|crp_dataset_8_1_2.csv|crp_dataset_8_1_1.csv|crp_dataset_8_1_5.csv,crp_dataset_8_1_6.csv,0.60103405,0.9111111111043622,0.8785714285651531,123,12,17,104,0.026928710937500003,0.0031481481481481486,0.023780562789351853
5,crp_dataset_8_1_7.csv|crp_dataset_8_1_4.csv|crp_dataset_8_1_2.csv|crp_dataset_8_1_6.csv|crp_dataset_8_1_5.csv,crp_dataset_8_1_3.csv,0.6377855,0.9999999999925374,0.7745664739839621,134,0,39,83,0.019604492187500003,4.664179104477612e-05,0.019557850396455228
5,crp_dataset_8_1_7.csv|crp_dataset_8_1_4.csv|crp_dataset_8_1_2.csv|crp_dataset_8_1_6.csv|crp_dataset_8_1_5.csv,crp_dataset_8_1_8.csv,0.6377855,0.8913043478163988,0.5942028985464188,82,10,56,108,0.0283203125,0.004347826086956521,0.02397248641304348
5,crp_dataset_8_1_7.csv|crp_dataset_8_1_4.csv|crp_dataset_8_1_2.csv|crp_dataset_8_1_6.csv|crp_dataset_8_1_5.csv,crp_dataset_8_1_1.csv,0.6377855,0.9594594594464937,0.5634920634875913,71,3,55,127,0.0252685546875,0.0005912162162162162,0.024677338471283783
5,crp_dataset_8_1_7.csv|crp_dataset_8_1_4.csv|crp_dataset_8_1_1.csv|crp_dataset_8_1_6.csv|crp_dataset_8_1_5.csv,crp_dataset_8_1_3.csv,0.60521334,0.9871794871731592,0.8901734103994788,154,2,19,81,0.019604492187500003,0.0003205128205128205,0.019283979366987183
5,crp_dataset_8_1_7.csv|crp_dataset_8_1_4.csv|crp_dataset_8_1_1.csv|crp_dataset_8_1_6.csv|crp_dataset_8_1_5.csv,crp_dataset_8_1_8.csv,0.60521334,0.9473684210426593,0.6521739130387524,90,5,48,113,0.0283203125,0.0026973684210526315,0.025622944078947368
5,crp_dataset_8_1_7.csv|crp_dataset_8_1_4.csv|crp_dataset_8_1_1.csv|crp_dataset_8_1_6.csv|crp_dataset_8_1_5.csv,crp_dataset_8_1_2.csv,0.60521334,0.9549549549463517,0.890756302513523,106,5,13,132,0.03945312499999999,0.001632882882882883,0.03782024211711711
5,crp_dataset_8_1_7.csv|crp_dataset_8_1_3.csv|crp_dataset_8_1_8.csv|crp_dataset_8_1_2.csv|crp_dataset_8_1_1.csv,crp_dataset_8_1_4.csv,0.6152759,0.9913793103362811,0.8778625954131462,115,1,16,124,0.023046875,0.00048491379310344827,0.022561961206896554
5,crp_dataset_8_1_7.csv|crp_dataset_8_1_3.csv|crp_dataset_8_1_8.csv|crp_dataset_8_1_2.csv|crp_dataset_8_1_1.csv,crp_dataset_8_1_6.csv,0.6152759,0.9523809523744736,0.9999999999928573,140,7,0,109,0.026928710937500003,0.002253401360544218,0.024675309576955785
5,crp_dataset_8_1_7.csv|crp_dataset_8_1_3.csv|crp_dataset_8_1_8.csv|crp_dataset_8_1_2.csv|crp_dataset_8_1_1.csv,crp_dataset_8_1_5.csv,0.6152759,0.9999999999879517,0.8299999999916999,83,0,17,156,0.039282226562499994,0.001355421686746988,0.037926804875753006
5,crp_dataset_8_1_7.csv|crp_dataset_8_1_3.csv|crp_dataset_8_1_8.csv|crp_dataset_8_1_2.csv|crp_dataset_8_1_6.csv,crp_dataset_8_1_4.csv,0.6772684,0.9999999999919355,0.9465648854889576,124,0,7,125,0.023046875,0.00030241935483870974,0.022744455645161293
5,crp_dataset_8_1_7.csv|crp_dataset_8_1_3.csv|crp_dataset_8_1_8.csv|crp_dataset_8_1_2.csv|crp_dataset_8_1_6.csv,crp_dataset_8_1_1.csv,0.6772684,0.9512195121873884,0.9285714285640589,117,6,9,124,0.0252685546875,0.0010670731707317074,0.024201481516768292
5,crp_dataset_8_1_7.csv|crp_dataset_8_1_3.csv|crp_dataset_8_1_8.csv|crp_dataset_8_1_2.csv|crp_dataset_8_1_6.csv,crp_dataset_8_1_5.csv,0.6772684,0.9999999999880952,0.8399999999916,84,0,16,156,0.039282226562499994,0.0015625000000000003,0.03771972656249999
5,crp_dataset_8_1_7.csv|crp_dataset_8_1_3.csv|crp_dataset_8_1_8.csv|crp_dataset_8_1_2.csv|crp_dataset_8_1_5.csv,crp_dataset_8_1_4.csv,0.6332704,0.9916666666584028,0.9083969465579512,119,1,12,124,0.023046875,0.0005208333333333333,0.022526041666666666
5,crp_dataset_8_1_7.csv|crp_dataset_8_1_3.csv|crp_dataset_8_1_8.csv|crp_dataset_8_1_2.csv|crp_dataset_8_1_5.csv,crp_dataset_8_1_1.csv,0.6332704,0.93700787400837,0.9444444444369489,119,8,7,122,0.0252685546875,0.0014763779527559055,0.023792176734744094
5,crp_dataset_8_1_7.csv|crp_dataset_8_1_3.csv|crp_dataset_8_1_8.csv|crp_dataset_8_1_2.csv|crp_dataset_8_1_5.csv,crp_dataset_8_1_6.csv,0.6332704,0.9379310344762902,0.9714285714216327,136,9,4,107,0.026928710937500003,0.0028448275862068963,0.024083883351293106
5,crp_dataset_8_1_7.csv|crp_dataset_8_1_3.csv|crp_dataset_8_1_8.csv|crp_dataset_8_1_1.csv|crp_dataset_8_1_6.csv,crp_dataset_8_1_4.csv,0.7043754,0.9767441860389401,0.9618320610613601,126,3,5,122,0.023046875,0.0006782945736434108,0.02236858042635659
5,crp_dataset_8_1_7.csv|crp_dataset_8_1_3.csv|crp_dataset_8_1_8.csv|crp_dataset_8_1_1.csv|crp_dataset_8_1_6.csv,crp_dataset_8_1_2.csv,0.7043754,0.9999999999878049,0.6890756302463102,82,0,37,137,0.03945312499999999,0.0013719512195121953,0.038081173780487795
5,crp_dataset_8_1_7.csv|crp_dataset_8_1_3.csv|crp_dataset_8_1_8.csv|crp_dataset_8_1_1.csv|crp_dataset_8_1_6.csv,crp_dataset_8_1_5.csv,0.7043754,0.987654320975461,0.799999999992,80,1,20,155,0.039282226562499994,0.0015432098765432098,0.037739016685956785
5,crp_dataset_8_1_7.csv|crp_dataset_8_1_3.csv|crp_dataset_8_1_8.csv|crp_dataset_8_1_1.csv|crp_dataset_8_1_5.csv,crp_dataset_8_1_4.csv,0.6550329,0.9767441860389401,0.9618320610613601,126,3,5,122,0.023046875,0.0006782945736434108,0.02236858042635659
5,crp_dataset_8_1_7.csv|crp_dataset_8_1_3.csv|crp_dataset_8_1_8.csv|crp_dataset_8_1_1.csv|crp_dataset_8_1_5.csv,crp_dataset_8_1_2.csv,0.6550329,0.9999999999897958,0.8235294117577855,98,0,21,137,0.03945312499999999,0.0012755102040816326,0.03817761479591836
5,crp_dataset_8_1_7.csv|crp_dataset_8_1_3.csv|crp_dataset_8_1_8.csv|crp_dataset_8_1_1.csv|crp_dataset_8_1_5.csv,crp_dataset_8_1_6.csv,0.6550329,0.9328859060340076,0.9928571428500511,139,10,1,106,0.026928710937500003,0.003104026845637584,0.02382468409186242
5,crp_dataset_8_1_7.csv|crp_dataset_8_1_3.csv|crp_dataset_8_1_8.csv|crp_dataset_8_1_6.csv|crp_dataset_8_1_5.csv,crp_dataset_8_1_4.csv,0.6438776,0.9847328244199639,0.9847328244199639,129,2,2,123,0.023046875,0.0006202290076335878,0.022426645992366413
5,crp_dataset_8_1_7.csv|crp_dataset_8_1_3.csv|crp_dataset_8_1_8.csv|crp_dataset_8_1_6.csv|crp_dataset_8_1_5.csv,crp_dataset_8_1_2.csv,0.6438776,0.999999999990909,0.9243697478913918,110,0,9,137,0.03945312499999999,0.0011363636363636363,0.038316761363636355
5,crp_dataset_8_1_7.csv|crp_dataset_8_1_3.csv|crp_dataset_8_1_8.csv|crp_dataset_8_1_6.csv|crp_dataset_8_1_5.csv,crp_dataset_8_1_1.csv,0.6438776,0.9531249999925538,0.9682539682462836,122,6,4,124,0.0252685546875,0.001123046875,0.0241455078125
5,crp_dataset_8_1_7.csv|crp_dataset_8_1_3.csv|crp_dataset_8_1_2.csv|crp_dataset_8_1_1.csv|crp_dataset_8_1_6.csv,crp_dataset_8_1_4.csv,0.6388843,0.9915254237204107,0.8931297709855487,117,1,14,124,0.023046875,0.0004237288135593221,0.02262314618644068
5,crp_dataset_8_1_7.csv|crp_dataset_8_1_3.csv|crp_dataset_8_1_2.csv|crp_dataset_8_1_1.csv|crp_dataset_8_1_6.csv,crp_dataset_8_1_8.csv,0.6388843,0.9814814814723937,0.7681159420234195,106,2,32,116,0.0283203125,0.0022569444444444442,0.026063368055555557
5,crp_dataset_8_1_7.csv|crp_dataset_8_1_3.csv|crp_dataset_8_1_2.csv|crp_dataset_8_1_1.csv|crp_dataset_8_1_6.csv,crp_dataset_8_1_5.csv,0.6388843,0.9999999999883721,0.8599999999914,86,0,14,156,0.039282226562499994,0.00123546511627907,0.03804676144622093
5,crp_dataset_8_1_7.csv|crp_dataset_8_1_3.csv|crp_dataset_8_1_2.csv|crp_dataset_8_1_1.csv|crp_dataset_8_1_5.csv,crp_dataset_8_1_4.csv,0.61111337,0.9999999999911504,0.8625954198407436,113,0,18,125,0.023046875,0.0002765486725663717,0.02277032632743363
5,crp_dataset_8_1_7.csv|crp_dataset_8_1_3.csv|crp_dataset_8_1_2.csv|crp_dataset_8_1_1.csv|crp_dataset_8_1_5.csv,crp_dataset_8_1_8.csv,0.61111337,0.9999999999875,0.5797101449233355,80,0,58,118,0.0283203125,0.0022656250000000003,0.0260546875
5,crp_dataset_8_1_7.csv|crp_dataset_8_1_3.csv|crp_dataset_8_1_2.csv|crp_dataset_8_1_1.csv|crp_dataset_8_1_5.csv,crp_dataset_8_1_6.csv,0.61111337,0.8679245282964282,0.985714285707245,138,21,2,95,0.026928710937500003,0.006014150943396227,0.020914559994103778
5,crp_dataset_8_1_7.csv|crp_dataset_8_1_3.csv|crp_dataset_8_1_2.csv|crp_dataset_8_1_6.csv|crp_dataset_8_1_5.csv,crp_dataset_8_1_4.csv,0.62934196,0.9430894308866415,0.8854961831993474,116,7,15,118,0.023046875,0.00350609756097561,0.019540777439024392
5,crp_dataset_8_1_7.csv|crp_dataset_8_1_3.csv|crp_dataset_8_1_2.csv|crp_dataset_8_1_6.csv|crp_dataset_8_1_5.csv,crp_dataset_8_1_8.csv,0.62934196,0.8617021276504074,0.5869565217348772,81,13,57,105,0.0283203125,0.004654255319148936,0.023666057180851064
5,crp_dataset_8_1_7.csv|crp_dataset_8_1_3.csv|crp_dataset_8_1_2.csv|crp_dataset_8_1_6.csv|crp_dataset_8_1_5.csv,crp_dataset_8_1_1.csv,0.62934196,0.931297709916555,0.9682539682462836,122,9,4,121,0.0252685546875,0.0015267175572519082,0.023741837130248092
5,crp_dataset_8_1_7.csv|crp_dataset_8_1_3.csv|crp_dataset_8_1_1.csv|crp_dataset_8_1_6.csv|crp_dataset_8_1_5.csv,crp_dataset_8_1_4.csv,0.64411503,0.9999999999913043,0.8778625954131462,115,0,16,125,0.023046875,0.0002717391304347826,0.02277513586956522
5,crp_dataset_8_1_7.csv|crp_dataset_8_1_3.csv|crp_dataset_8_1_1.csv|crp_dataset_8_1_6.csv|crp_dataset_8_1_5.csv,crp_dataset_8_1_8.csv,0.64411503,0.9777777777669135,0.637681159415669,88,2,50,116,0.0283203125,0.0022916666666666667,0.026028645833333332
5,crp_dataset_8_1_7.csv|crp_dataset_8_1_3.csv|crp_dataset_8_1_1.csv|crp_dataset_8_1_6.csv|crp_dataset_8_1_5.csv,crp_dataset_8_1_2.csv,0.64411503,0.9561403508688058,0.9159663865469246,109,5,10,132,0.03945312499999999,0.0015899122807017546,0.03786321271929824
5,crp_dataset_8_1_7.csv|crp_dataset_8_1_8.csv|crp_dataset_8_1_2.csv|crp_dataset_8_1_1.csv|crp_dataset_8_1_6.csv,crp_dataset_8_1_4.csv,0.6613428,0.9843749999923097,0.9618320610613601,126,2,5,123,0.023046875,0.000537109375,0.022509765625
5,crp_dataset_8_1_7.csv|crp_dataset_8_1_8.csv|crp_dataset_8_1_2.csv|crp_dataset_8_1_1.csv|crp_dataset_8_1_6.csv,crp_dataset_8_1_3.csv,0.6613428,0.9999999999936307,0.9075144508618064,157,0,16,83,0.019604492187500003,0.0001194267515923567,0.019485065435907646
5,crp_dataset_8_1_7.csv|crp_dataset_8_1_8.csv|crp_dataset_8_1_2.csv|crp_dataset_8_1_1.csv|crp_dataset_8_1_6.csv,crp_dataset_8_1_5.csv,0.6613428,0.988095238083475,0.8299999999916999,83,1,17,155,0.039282226562499994,0.001488095238095238,0.037794131324404755
5,crp_dataset_8_1_7.csv|crp_dataset_8_1_8.csv|crp_dataset_8_1_2.csv|crp_dataset_8_1_1.csv|crp_dataset_8_1_5.csv,crp_dataset_8_1_4.csv,0.6108298,0.9848484848410239,0.9923664122061652,130,2,1,123,0.023046875,0.0005681818181818183,0.022478693181818183
5,crp_dataset_8_1_7.csv|crp_dataset_8_1_8.csv|crp_dataset_8_1_2.csv|crp_dataset_8_1_1.csv|crp_dataset_8_1_5.csv,crp_dataset_8_1_3.csv,0.6108298,0.9772727272671746,0.9942196531734439,172,4,1,79,0.019604492187500003,0.001846590909090909,0.017757901278409094
5,crp_dataset_8_1_7.csv|crp_dataset_8_1_8.csv|crp_dataset_8_1_2.csv|crp_dataset_8_1_1.csv|crp_dataset_8_1_5.csv,crp_dataset_8_1_6.csv,0.6108298,0.9455782312860845,0.9928571428500511,139,8,1,108,0.026928710937500003,0.00233843537414966,0.024590275563350344
5,crp_dataset_8_1_7.csv|crp_dataset_8_1_8.csv|crp_dataset_8_1_2.csv|crp_dataset_8_1_6.csv|crp_dataset_8_1_5.csv,crp_dataset_8_1_4.csv,0.7650154,0.9915966386471294,0.90076335877175,118,1,13,124,0.023046875,0.0004726890756302521,0.02257418592436975
5,crp_dataset_8_1_7.csv|crp_dataset_8_1_8.csv|crp_dataset_8_1_2.csv|crp_dataset_8_1_6.csv|crp_dataset_8_1_5.csv,crp_dataset_8_1_3.csv,0.7650154,0.9999999999921876,0.7398843930593071,128,0,45,83,0.019604492187500003,0.0,0.019604492187500003
5,crp_dataset_8_1_7.csv|crp_dataset_8_1_8.csv|crp_dataset_8_1_2.csv|crp_dataset_8_1_6.csv|crp_dataset_8_1_5.csv,crp_dataset_8_1_1.csv,0.7650154,0.981651376137783,0.8492063491996095,107,2,19,128,0.0252685546875,0.0005160550458715597,0.024752499641628442
5,crp_dataset_8_1_7.csv|crp_dataset_8_1_8.csv|crp_dataset_8_1_1.csv|crp_dataset_8_1_6.csv|crp_dataset_8_1_5.csv,crp_dataset_8_1_4.csv,0.68083864,0.9921259842441564,0.9618320610613601,126,1,5,124,0.023046875,0.00039370078740157485,0.022653174212598427
5,crp_dataset_8_1_7.csv|crp_dataset_8_1_8.csv|crp_dataset_8_1_1.csv|crp_dataset_8_1_6.csv|crp_dataset_8_1_5.csv,crp_dataset_8_1_3.csv,0.68083864,0.9999999999931508,0.8439306358332721,146,0,27,83,0.019604492187500003,0.0001284246575342466,0.019476067529965755
5,crp_dataset_8_1_7.csv|crp_dataset_8_1_8.csv|crp_dataset_8_1_1.csv|crp_dataset_8_1_6.csv|crp_dataset_8_1_5.csv,crp_dataset_8_1_2.csv,0.68083864,0.9999999999886363,0.7394957983131134,88,0,31,137,0.03945312499999999,0.0013494318181818182,0.03810369318181817
5,crp_dataset_8_1_7.csv|crp_dataset_8_1_2.csv|crp_dataset_8_1_1.csv|crp_dataset_8_1_6.csv|crp_dataset_8_1_5.csv,crp_dataset_8_1_4.csv,0.67231375,0.9916666666584028,0.9083969465579512,119,1,12,124,0.023046875,0.0004166666666666667,0.022630208333333336
5,crp_dataset_8_1_7.csv|crp_dataset_8_1_2.csv|crp_dataset_8_1_1.csv|crp_dataset_8_1_6.csv|crp_dataset_8_1_5.csv,crp_dataset_8_1_3.csv,0.67231375,0.9999999999931508,0.8439306358332721,146,0,27,83,0.019604492187500003,0.0,0.019604492187500003
5,crp_dataset_8_1_7.csv|crp_dataset_8_1_2.csv|crp_dataset_8_1_1.csv|crp_dataset_8_1_6.csv|crp_dataset_8_1_5.csv,crp_dataset_8_1_8.csv,0.67231375,0.9557522123809226,0.7826086956465029,108,5,30,113,0.0283203125,0.002710176991150442,0.02561013550884956
5,crp_dataset_8_1_4.csv|crp_dataset_8_1_3.csv|crp_dataset_8_1_8.csv|crp_dataset_8_1_2.csv|crp_dataset_8_1_1.csv,crp_dataset_8_1_7.csv,0.6574307,0.9999999999954546,0.9999999999954546,220,0,0,36,0.0095703125,0.00034090909090909094,0.00922940340909091
5,crp_dataset_8_1_4.csv|crp_dataset_8_1_3.csv|crp_dataset_8_1_8.csv|crp_dataset_8_1_2.csv|crp_dataset_8_1_1.csv,crp_dataset_8_1_6.csv,0.6574307,0.9455782312860845,0.9928571428500511,139,8,1,108,0.026928710937500003,0.00233843537414966,0.024590275563350344
5,crp_dataset_8_1_4.csv|crp_dataset_8_1_3.csv|crp_dataset_8_1_8.csv|crp_dataset_8_1_2.csv|crp_dataset_8_1_1.csv,crp_dataset_8_1_5.csv,0.6574307,0.9999999999882353,0.8499999999915,85,0,15,156,0.039282226562499994,0.00125,0.03803222656249999
5,crp_dataset_8_1_4.csv|crp_dataset_8_1_3.csv|crp_dataset_8_1_8.csv|crp_dataset_8_1_2.csv|crp_dataset_8_1_6.csv,crp_dataset_8_1_7.csv,0.6239233,0.9999999999954546,0.9999999999954546,220,0,0,36,0.0095703125,0.00034090909090909094,0.00922940340909091
5,crp_dataset_8_1_4.csv|crp_dataset_8_1_3.csv|crp_dataset_8_1_8.csv|crp_dataset_8_1_2.csv|crp_dataset_8_1_6.csv,crp_dataset_8_1_1.csv,0.6239233,0.9758064516050338,0.9603174603098388,121,3,5,127,0.0252685546875,0.0005544354838709677,0.024714119203629033
5,crp_dataset_8_1_4.csv|crp_dataset_8_1_3.csv|crp_dataset_8_1_8.csv|crp_dataset_8_1_2.csv|crp_dataset_8_1_6.csv,crp_dataset_8_1_5.csv,0.6239233,0.9888888888779012,0.8899999999911,89,1,11,155,0.039282226562499994,0.001388888888888889,0.037893337673611104
5,crp_dataset_8_1_4.csv|crp_dataset_8_1_3.csv|crp_dataset_8_1_8.csv|crp_dataset_8_1_2.csv|crp_dataset_8_1_5.csv,crp_dataset_8_1_7.csv,0.6947219,0.9999999999954546,0.9999999999954546,220,0,0,36,0.0095703125,0.00034090909090909094,0.00922940340909091
5,crp_dataset_8_1_4.csv|crp_dataset_8_1_3.csv|crp_dataset_8_1_8.csv|crp_dataset_8_1_2.csv|crp_dataset_8_1_5.csv,crp_dataset_8_1_1.csv,0.6947219,0.974137931026085,0.8968253968182791,113,3,13,127,0.0252685546875,0.00043103448275862074,0.02483752020474138
5,crp_dataset_8_1_4.csv|crp_dataset_8_1_3.csv|crp_dataset_8_1_8.csv|crp_dataset_8_1_2.csv|crp_dataset_8_1_5.csv,crp_dataset_8_1_6.csv,0.6947219,0.9428571428504082,0.9428571428504082,132,8,8,108,0.026928710937500003,0.002321428571428572,0.02460728236607143
5,crp_dataset_8_1_4.csv|crp_dataset_8_1_3.csv|crp_dataset_8_1_8.csv|crp_dataset_8_1_1.csv|crp_dataset_8_1_6.csv,crp_dataset_8_1_7.csv,0.64064133,0.9999999999954546,0.9999999999954546,220,0,0,36,0.0095703125,0.00034090909090909094,0.00922940340909091
5,crp_dataset_8_1_4.csv|crp_dataset_8_1_3.csv|crp_dataset_8_1_8.csv|crp_dataset_8_1_1.csv|crp_dataset_8_1_6.csv,crp_dataset_8_1_2.csv,0.64064133,0.9999999999878049,0.6890756302463102,82,0,37,137,0.03945312499999999,0.0013719512195121953,0.038081173780487795
5,crp_dataset_8_1_4.csv|crp_dataset_8_1_3.csv|crp_dataset_8_1_8.csv|crp_dataset_8_1_1.csv|crp_dataset_8_1_6.csv,crp_dataset_8_1_5.csv,0.64064133,0.9756097560856632,0.799999999992,80,2,20,154,0.039282226562499994,0.0019054878048780492,0.037376738757621944
5,crp_dataset_8_1_4.csv|crp_dataset_8_1_3.csv|crp_dataset_8_1_8.csv|crp_dataset_8_1_1.csv|crp_dataset_8_1_5.csv,crp_dataset_8_1_7.csv,0.6448746,0.9999999999954546,0.9999999999954546,220,0,0,36,0.0095703125,0.00034090909090909094,0.00922940340909091
5,crp_dataset_8_1_4.csv|crp_dataset_8_1_3.csv|crp_dataset_8_1_8.csv|crp_dataset_8_1_1.csv|crp_dataset_8_1_5.csv,crp_dataset_8_1_2.csv,0.6448746,0.9999999999894736,0.7983193277243839,95,0,24,137,0.03945312499999999,0.0011842105263157896,0.038268914473684204
5,crp_dataset_8_1_4.csv|crp_dataset_8_1_3.csv|crp_dataset_8_1_8.csv|crp_dataset_8_1_1.csv|crp_dataset_8_1_5.csv,crp_dataset_8_1_6.csv,0.6448746,0.9455782312860845,0.9928571428500511,139,8,1,108,0.026928710937500003,0.00233843537414966,0.024590275563350344
5,crp_dataset_8_1_4.csv|crp_dataset_8_1_3.csv|crp_dataset_8_1_8.csv|crp_dataset_8_1_6.csv|crp_dataset_8_1_5.csv,crp_dataset_8_1_7.csv,0.65969646,0.9999999999954546,0.9999999999954546,220,0,0,36,0.0095703125,0.00034090909090909094,0.00922940340909091
5,crp_dataset_8_1_4.csv|crp_dataset_8_1_3.csv|crp_dataset_8_1_8.csv|crp_dataset_8_1_6.csv|crp_dataset_8_1_5.csv,crp_dataset_8_1_2.csv,0.65969646,0.9557522123809226,0.9075630252024575,108,5,11,132,0.03945312499999999,0.0015486725663716816,0.03790445243362831
5,crp_dataset_8_1_4.csv|crp_dataset_8_1_3.csv|crp_dataset_8_1_8.csv|crp_dataset_8_1_6.csv|crp_dataset_8_1_5.csv,crp_dataset_8_1_1.csv,0.65969646,0.9758064516050338,0.9603174603098388,121,3,5,127,0.0252685546875,0.0005544354838709677,0.024714119203629033
5,crp_dataset_8_1_4.csv|crp_dataset_8_1_3.csv|crp_dataset_8_1_2.csv|crp_dataset_8_1_1.csv|crp_dataset_8_1_6.csv,crp_dataset_8_1_7.csv,0.6038718,0.9999999999954546,0.9999999999954546,220,0,0,36,0.0095703125,0.00034090909090909094,0.00922940340909091
5,crp_dataset_8_1_4.csv|crp_dataset_8_1_3.csv|crp_dataset_8_1_2.csv|crp_dataset_8_1_1.csv|crp_dataset_8_1_6.csv,crp_dataset_8_1_8.csv,0.6038718,0.9649122806932902,0.7971014492695863,110,4,28,114,0.0283203125,0.002576754385964912,0.025743558114035087
5,crp_dataset_8_1_4.csv|crp_dataset_8_1_3.csv|crp_dataset_8_1_2.csv|crp_dataset_8_1_1.csv|crp_dataset_8_1_6.csv,crp_dataset_8_1_5.csv,0.6038718,0.9891304347718572,0.9099999999909,91,1,9,155,0.039282226562499994,0.0014266304347826087,0.037855596127717384
5,crp_dataset_8_1_4.csv|crp_dataset_8_1_3.csv|crp_dataset_8_1_2.csv|crp_dataset_8_1_1.csv|crp_dataset_8_1_5.csv,crp_dataset_8_1_7.csv,0.62884855,0.9999999999954546,0.9999999999954546,220,0,0,36,0.0095703125,0.00034090909090909094,0.00922940340909091
5,crp_dataset_8_1_4.csv|crp_dataset_8_1_3.csv|crp_dataset_8_1_2.csv|crp_dataset_8_1_1.csv|crp_dataset_8_1_5.csv,crp_dataset_8_1_8.csv,0.62884855,0.9423076922986316,0.7101449275310859,98,6,40,112,0.0283203125,0.0030048076923076925,0.025315504807692308
5,crp_dataset_8_1_4.csv|crp_dataset_8_1_3.csv|crp_dataset_8_1_2.csv|crp_dataset_8_1_1.csv|crp_dataset_8_1_5.csv,crp_dataset_8_1_6.csv,0.62884855,0.9436619718243405,0.9571428571360204,134,8,6,108,0.026928710937500003,0.002376760563380282,0.02455195037411972
5,crp_dataset_8_1_4.csv|crp_dataset_8_1_3.csv|crp_dataset_8_1_2.csv|crp_dataset_8_1_6.csv|crp_dataset_8_1_5.csv,crp_dataset_8_1_7.csv,0.61058235,0.9999999999954546,0.9999999999954546,220,0,0,36,0.0095703125,0.00034090909090909094,0.00922940340909091
5,crp_dataset_8_1_4.csv|crp_dataset_8_1_3.csv|crp_dataset_8_1_2.csv|crp_dataset_8_1_6.csv|crp_dataset_8_1_5.csv,crp_dataset_8_1_8.csv,0.61058235,0.9611650485343576,0.7173913043426277,99,4,39,114,0.0283203125,0.002609223300970873,0.025711089199029126
5,crp_dataset_8_1_4.csv|crp_dataset_8_1_3.csv|crp_dataset_8_1_2.csv|crp_dataset_8_1_6.csv|crp_dataset_8_1_5.csv,crp_dataset_8_1_1.csv,0.61058235,0.9763779527482175,0.9841269841191735,124,3,2,127,0.0252685546875,0.0005413385826771653,0.024727216104822834
5,crp_dataset_8_1_4.csv|crp_dataset_8_1_3.csv|crp_dataset_8_1_1.csv|crp_dataset_8_1_6.csv|crp_dataset_8_1_5.csv,crp_dataset_8_1_7.csv,0.6261644,0.9999999999954546,0.9999999999954546,220,0,0,36,0.0095703125,0.00034090909090909094,0.00922940340909091
5,crp_dataset_8_1_4.csv|crp_dataset_8_1_3.csv|crp_dataset_8_1_1.csv|crp_dataset_8_1_6.csv|crp_dataset_8_1_5.csv,crp_dataset_8_1_8.csv,0.6261644,0.9636363636276033,0.7681159420234195,106,4,32,114,0.0283203125,0.0024431818181818174,0.025877130681818183
5,crp_dataset_8_1_4.csv|crp_dataset_8_1_3.csv|crp_dataset_8_1_1.csv|crp_dataset_8_1_6.csv|crp_dataset_8_1_5.csv,crp_dataset_8_1_2.csv,0.6261644,0.9999999999907407,0.9075630252024575,108,0,11,137,0.03945312499999999,0.0010416666666666667,0.03841145833333332
5,crp_dataset_8_1_4.csv|crp_dataset_8_1_8.csv|crp_dataset_8_1_2.csv|crp_dataset_8_1_1.csv|crp_dataset_8_1_6.csv,crp_dataset_8_1_7.csv,0.64301485,0.9999999999954546,0.9999999999954546,220,0,0,36,0.0095703125,0.00034090909090909094,0.00922940340909091
5,crp_dataset_8_1_4.csv|crp_dataset_8_1_8.csv|crp_dataset_8_1_2.csv|crp_dataset_8_1_1.csv|crp_dataset_8_1_6.csv,crp_dataset_8_1_3.csv,0.64301485,0.999999999994012,0.9653179190695647,167,0,6,83,0.019604492187500003,0.00011227544910179642,0.019492216738398207
5,crp_dataset_8_1_4.csv|crp_dataset_8_1_8.csv|crp_dataset_8_1_2.csv|crp_dataset_8_1_1.csv|crp_dataset_8_1_6.csv,crp_dataset_8_1_5.csv,0.64301485,0.9892473118173198,0.9199999999908,92,1,8,155,0.039282226562499994,0.0017473118279569895,0.037534914734543005
5,crp_dataset_8_1_4.csv|crp_dataset_8_1_8.csv|crp_dataset_8_1_2.csv|crp_dataset_8_1_1.csv|crp_dataset_8_1_5.csv,crp_dataset_8_1_7.csv,0.6012526,0.9999999999954546,0.9999999999954546,220,0,0,36,0.0095703125,0.00034090909090909094,0.00922940340909091
5,crp_dataset_8_1_4.csv|crp_dataset_8_1_8.csv|crp_dataset_8_1_2.csv|crp_dataset_8_1_1.csv|crp_dataset_8_1_5.csv,crp_dataset_8_1_3.csv,0.6012526,0.9885057471207558,0.9942196531734439,172,2,1,81,0.019604492187500003,0.0010057471264367816,0.01859874506106322
5,crp_dataset_8_1_4.csv|crp_dataset_8_1_8.csv|crp_dataset_8_1_2.csv|crp_dataset_8_1_1.csv|crp_dataset_8_1_5.csv,crp_dataset_8_1_6.csv,0.6012526,0.9452054794455809,0.985714285707245,138,8,2,108,0.026928710937500003,0.0023116438356164384,0.024617067101883564
5,crp_dataset_8_1_4.csv|crp_dataset_8_1_8.csv|crp_dataset_8_1_2.csv|crp_dataset_8_1_6.csv|crp_dataset_8_1_5.csv,crp_dataset_8_1_7.csv,0.6223638,0.9999999999954546,0.9999999999954546,220,0,0,36,0.0095703125,0.00034090909090909094,0.00922940340909091
5,crp_dataset_8_1_4.csv|crp_dataset_8_1_8.csv|crp_dataset_8_1_2.csv|crp_dataset_8_1_6.csv|crp_dataset_8_1_5.csv,crp_dataset_8_1_3.csv,0.6223638,0.9999999999933775,0.8728323699371513,151,0,22,83,0.019604492187500003,0.0,0.019604492187500003
5,crp_dataset_8_1_4.csv|crp_dataset_8_1_8.csv|crp_dataset_8_1_2.csv|crp_dataset_8_1_6.csv|crp_dataset_8_1_5.csv,crp_dataset_8_1_1.csv,0.6223638,0.9714285714193197,0.8095238095173847,102,3,24,127,0.0252685546875,0.0004166666666666667,0.024851888020833334
5,crp_dataset_8_1_4.csv|crp_dataset_8_1_8.csv|crp_dataset_8_1_1.csv|crp_dataset_8_1_6.csv|crp_dataset_8_1_5.csv,crp_dataset_8_1_7.csv,0.613296,0.9999999999954546,0.9999999999954546,220,0,0,36,0.0095703125,0.00034090909090909094,0.00922940340909091
5,crp_dataset_8_1_4.csv|crp_dataset_8_1_8.csv|crp_dataset_8_1_1.csv|crp_dataset_8_1_6.csv|crp_dataset_8_1_5.csv,crp_dataset_8_1_3.csv,0.613296,0.9999999999931973,0.849710982654048,147,0,26,83,0.019604492187500003,0.00012755102040816328,0.019476941167091838
5,crp_dataset_8_1_4.csv|crp_dataset_8_1_8.csv|crp_dataset_8_1_1.csv|crp_dataset_8_1_6.csv|crp_dataset_8_1_5.csv,crp_dataset_8_1_2.csv,0.613296,0.9999999999880952,0.7058823529352447,84,0,35,137,0.03945312499999999,0.0013392857142857143,0.038113839285714275
5,crp_dataset_8_1_4.csv|crp_dataset_8_1_2.csv|crp_dataset_8_1_1.csv|crp_dataset_8_1_6.csv|crp_dataset_8_1_5.csv,crp_dataset_8_1_7.csv,0.6498238,0.9999999999954546,0.9999999999954546,220,0,0,36,0.0095703125,0.00034090909090909094,0.00922940340909091
5,crp_dataset_8_1_4.csv|crp_dataset_8_1_2.csv|crp_dataset_8_1_1.csv|crp_dataset_8_1_6.csv|crp_dataset_8_1_5.csv,crp_dataset_8_1_3.csv,0.6498238,0.9999999999937501,0.9248554913241338,160,0,13,83,0.019604492187500003,0.00011718750000000002,0.019487304687500002
5,crp_dataset_8_1_4.csv|crp_dataset_8_1_2.csv|crp_dataset_8_1_1.csv|crp_dataset_8_1_6.csv|crp_dataset_8_1_5.csv,crp_dataset_8_1_8.csv,0.6498238,0.9469026548588769,0.7753623188349612,107,6,31,112,0.0283203125,0.002820796460176991,0.02549951603982301
5,crp_dataset_8_1_3.csv|crp_dataset_8_1_8.csv|crp_dataset_8_1_2.csv|crp_dataset_8_1_1.csv|crp_dataset_8_1_6.csv,crp_dataset_8_1_7.csv,0.61122113,0.9999999999954546,0.9999999999954546,220,0,0,36,0.0095703125,0.00034090909090909094,0.00922940340909091
5,crp_dataset_8_1_3.csv|crp_dataset_8_1_8.csv|crp_dataset_8_1_2.csv|crp_dataset_8_1_1.csv|crp_dataset_8_1_6.csv,crp_dataset_8_1_4.csv,0.61122113,0.9921874999922486,0.9694656488475614,127,1,4,124,0.023046875,0.000390625,0.022656250000000003
5,crp_dataset_8_1_3.csv|crp_dataset_8_1_8.csv|crp_dataset_8_1_2.csv|crp_dataset_8_1_1.csv|crp_dataset_8_1_6.csv,crp_dataset_8_1_5.csv,0.61122113,0.9893617021171344,0.9299999999906999,93,1,7,155,0.039282226562499994,0.001595744680851064,0.03768648188164893
5,crp_dataset_8_1_3.csv|crp_dataset_8_1_8.csv|crp_dataset_8_1_2.csv|crp_dataset_8_1_1.csv|crp_dataset_8_1_5.csv,crp_dataset_8_1_7.csv,0.6287992,0.9999999999954546,0.9999999999954546,220,0,0,36,0.0095703125,0.00034090909090909094,0.00922940340909091
5,crp_dataset_8_1_3.csv|crp_dataset_8_1_8.csv|crp_dataset_8_1_2.csv|crp_dataset_8_1_1.csv|crp_dataset_8_1_5.csv,crp_dataset_8_1_4.csv,0.6287992,0.9770992366337626,0.9770992366337626,128,3,3,122,0.023046875,0.0007156488549618321,0.022331226145038168
5,crp_dataset_8_1_3.csv|crp_dataset_8_1_8.csv|crp_dataset_8_1_2.csv|crp_dataset_8_1_1.csv|crp_dataset_8_1_5.csv,crp_dataset_8_1_6.csv,0.6287992,0.9586206896485613,0.9928571428500511,139,6,1,110,0.026928710937500003,0.0018534482758620692,0.025075262661637933
5,crp_dataset_8_1_3.csv|crp_dataset_8_1_8.csv|crp_dataset_8_1_2.csv|crp_dataset_8_1_6.csv|crp_dataset_8_1_5.csv,crp_dataset_8_1_7.csv,0.6067158,0.9999999999954546,0.9999999999954546,220,0,0,36,0.0095703125,0.00034090909090909094,0.00922940340909091
5,crp_dataset_8_1_3.csv|crp_dataset_8_1_8.csv|crp_dataset_8_1_2.csv|crp_dataset_8_1_6.csv|crp_dataset_8_1_5.csv,crp_dataset_8_1_4.csv,0.6067158,0.9846153846078107,0.9770992366337626,128,2,3,123,0.023046875,0.000576923076923077,0.022469951923076926
5,crp_dataset_8_1_3.csv|crp_dataset_8_1_8.csv|crp_dataset_8_1_2.csv|crp_dataset_8_1_6.csv|crp_dataset_8_1_5.csv,crp_dataset_8_1_1.csv,0.6067158,0.9618320610613601,0.9999999999920635,126,5,0,125,0.0252685546875,0.0008587786259541985,0.0244097760615458
5,crp_dataset_8_1_3.csv|crp_dataset_8_1_8.csv|crp_dataset_8_1_1.csv|crp_dataset_8_1_6.csv|crp_dataset_8_1_5.csv,crp_dataset_8_1_7.csv,0.6357139,0.9999999999954546,0.9999999999954546,220,0,0,36,0.0095703125,0.00034090909090909094,0.00922940340909091
5,crp_dataset_8_1_3.csv|crp_dataset_8_1_8.csv|crp_dataset_8_1_1.csv|crp_dataset_8_1_6.csv|crp_dataset_8_1_5.csv,crp_dataset_8_1_4.csv,0.6357139,0.9770992366337626,0.9770992366337626,128,3,3,122,0.023046875,0.0007156488549618321,0.022331226145038168
5,crp_dataset_8_1_3.csv|crp_dataset_8_1_8.csv|crp_dataset_8_1_1.csv|crp_dataset_8_1_6.csv|crp_dataset_8_1_5.csv,crp_dataset_8_1_2.csv,0.6357139,0.9999999999907407,0.9075630252024575,108,0,11,137,0.03945312499999999,0.0010416666666666667,0.03841145833333332
5,crp_dataset_8_1_3.csv|crp_dataset_8_1_2.csv|crp_dataset_8_1_1.csv|crp_dataset_8_1_6.csv|crp_dataset_8_1_5.csv,crp_dataset_8_1_7.csv,0.602732,0.9999999999954546,0.9999999999954546,220,0,0,36,0.0095703125,0.00034090909090909094,0.00922940340909091
5,crp_dataset_8_1_3.csv|crp_dataset_8_1_2.csv|crp_dataset_8_1_1.csv|crp_dataset_8_1_6.csv|crp_dataset_8_1_5.csv,crp_dataset_8_1_4.csv,0.602732,0.9915254237204107,0.8931297709855487,117,1,14,124,0.023046875,0.0004766949152542373,0.022570180084745765
5,crp_dataset_8_1_3.csv|crp_dataset_8_1_2.csv|crp_dataset_8_1_1.csv|crp_dataset_8_1_6.csv|crp_dataset_8_1_5.csv,crp_dataset_8_1_8.csv,0.602732,0.9892473118173198,0.6666666666618358,92,1,46,117,0.0283203125,0.0024193548387096775,0.025900957661290323
5,crp_dataset_8_1_8.csv|crp_dataset_8_1_2.csv|crp_dataset_8_1_1.csv|crp_dataset_8_1_6.csv|crp_dataset_8_1_5.csv,crp_dataset_8_1_7.csv,0.619173,0.9999999999954546,0.9999999999954546,220,0,0,36,0.0095703125,0.00034090909090909094,0.00922940340909091
5,crp_dataset_8_1_8.csv|crp_dataset_8_1_2.csv|crp_dataset_8_1_1.csv|crp_dataset_8_1_6.csv|crp_dataset_8_1_5.csv,crp_dataset_8_1_4.csv,0.619173,0.9921259842441564,0.9618320610613601,126,1,5,124,0.023046875,0.00039370078740157485,0.022653174212598427
5,crp_dataset_8_1_8.csv|crp_dataset_8_1_2.csv|crp_dataset_8_1_1.csv|crp_dataset_8_1_6.csv|crp_dataset_8_1_5.csv,crp_dataset_8_1_3.csv,0.619173,0.9999999999939394,0.953757225428013,165,0,8,83,0.019604492187500003,0.00011363636363636365,0.01949085582386364
6,crp_dataset_8_1_7.csv|crp_dataset_8_1_4.csv|crp_dataset_8_1_3.csv|crp_dataset_8_1_8.csv|crp_dataset_8_1_2.csv|crp_dataset_8_1_1.csv,crp_dataset_8_1_6.csv,0.65578926,0.9583333333266784,0.985714285707245,138,6,2,110,0.026928710937500003,0.0018229166666666667,0.025105794270833336
6,crp_dataset_8_1_7.csv|crp_dataset_8_1_4.csv|crp_dataset_8_1_3.csv|crp_dataset_8_1_8.csv|crp_dataset_8_1_2.csv|crp_dataset_8_1_1.csv,crp_dataset_8_1_5.csv,0.65578926,0.9888888888779012,0.8899999999911,89,1,11,155,0.039282226562499994,0.001388888888888889,0.037893337673611104
6,crp_dataset_8_1_7.csv|crp_dataset_8_1_4.csv|crp_dataset_8_1_3.csv|crp_dataset_8_1_8.csv|crp_dataset_8_1_2.csv|crp_dataset_8_1_6.csv,crp_dataset_8_1_1.csv,0.62267,0.9687499999924317,0.9841269841191735,124,4,2,126,0.0252685546875,0.000634765625,0.0246337890625
6,crp_dataset_8_1_7.csv|crp_dataset_8_1_4.csv|crp_dataset_8_1_3.csv|crp_dataset_8_1_8.csv|crp_dataset_8_1_2.csv|crp_dataset_8_1_6.csv,crp_dataset_8_1_5.csv,0.62267,0.9890109890001207,0.899999999991,90,1,10,155,0.039282226562499994,0.0013736263736263737,0.03790860018887362
6,crp_dataset_8_1_7.csv|crp_dataset_8_1_4.csv|crp_dataset_8_1_3.csv|crp_dataset_8_1_8.csv|crp_dataset_8_1_2.csv|crp_dataset_8_1_5.csv,crp_dataset_8_1_1.csv,0.6224263,0.9453124999926148,0.9603174603098388,121,7,5,123,0.0252685546875,0.001318359375,0.0239501953125
6,crp_dataset_8_1_7.csv|crp_dataset_8_1_4.csv|crp_dataset_8_1_3.csv|crp_dataset_8_1_8.csv|crp_dataset_8_1_2.csv|crp_dataset_8_1_5.csv,crp_dataset_8_1_6.csv,0.6224263,0.9448275862003805,0.9785714285644388,137,8,3,108,0.026928710937500003,0.002327586206896552,0.02460112473060345
6,crp_dataset_8_1_7.csv|crp_dataset_8_1_4.csv|crp_dataset_8_1_3.csv|crp_dataset_8_1_8.csv|crp_dataset_8_1_1.csv|crp_dataset_8_1_6.csv,crp_dataset_8_1_2.csv,0.6704637,0.9999999999878049,0.6890756302463102,82,0,37,137,0.03945312499999999,0.0013719512195121953,0.038081173780487795
6,crp_dataset_8_1_7.csv|crp_dataset_8_1_4.csv|crp_dataset_8_1_3.csv|crp_dataset_8_1_8.csv|crp_dataset_8_1_1.csv|crp_dataset_8_1_6.csv,crp_dataset_8_1_5.csv,0.6704637,0.987654320975461,0.799999999992,80,1,20,155,0.039282226562499994,0.0015432098765432098,0.037739016685956785
6,crp_dataset_8_1_7.csv|crp_dataset_8_1_4.csv|crp_dataset_8_1_3.csv|crp_dataset_8_1_8.csv|crp_dataset_8_1_1.csv|crp_dataset_8_1_5.csv,crp_dataset_8_1_2.csv,0.61692417,0.9999999999902912,0.8655462184801215,103,0,16,137,0.03945312499999999,0.0011529126213592235,0.03830021237864077
6,crp_dataset_8_1_7.csv|crp_dataset_8_1_4.csv|crp_dataset_8_1_3.csv|crp_dataset_8_1_8.csv|crp_dataset_8_1_1.csv|crp_dataset_8_1_5.csv,crp_dataset_8_1_6.csv,0.61692417,0.9333333333271112,0.9999999999928573,140,10,0,106,0.026928710937500003,0.002875,0.024053710937500004
6,crp_dataset_8_1_7.csv|crp_dataset_8_1_4.csv|crp_dataset_8_1_3.csv|crp_dataset_8_1_8.csv|crp_dataset_8_1_6.csv|crp_dataset_8_1_5.csv,crp_dataset_8_1_2.csv,0.6015295,0.9999999999908257,0.9159663865469246,109,0,10,137,0.03945312499999999,0.0010894495412844037,0.038363675458715586
6,crp_dataset_8_1_7.csv|crp_dataset_8_1_4.csv|crp_dataset_8_1_3.csv|crp_dataset_8_1_8.csv|crp_dataset_8_1_6.csv|crp_dataset_8_1_5.csv,crp_dataset_8_1_1.csv,0.6015295,0.9763779527482175,0.9841269841191735,124,3,2,127,0.0252685546875,0.0005905511811023623,0.024678003506397636
6,crp_dataset_8_1_7.csv|crp_dataset_8_1_4.csv|crp_dataset_8_1_3.csv|crp_dataset_8_1_2.csv|crp_dataset_8_1_1.csv|crp_dataset_8_1_6.csv,crp_dataset_8_1_8.csv,0.6064651,0.9565217391221171,0.7971014492695863,110,5,28,113,0.0283203125,0.0027173913043478256,0.025602921195652176
6,crp_dataset_8_1_7.csv|crp_dataset_8_1_4.csv|crp_dataset_8_1_3.csv|crp_dataset_8_1_2.csv|crp_dataset_8_1_1.csv|crp_dataset_8_1_6.csv,crp_dataset_8_1_5.csv,0.6064651,0.9890109890001207,0.899999999991,90,1,10,155,0.039282226562499994,0.0013736263736263737,0.03790860018887362
6,crp_dataset_8_1_7.csv|crp_dataset_8_1_4.csv|crp_dataset_8_1_3.csv|crp_dataset_8_1_2.csv|crp_dataset_8_1_1.csv|crp_dataset_8_1_5.csv,crp_dataset_8_1_8.csv,0.63529354,0.9599999999904,0.6956521739080026,96,4,42,114,0.0283203125,0.002812499999999999,0.0255078125
6,crp_dataset_8_1_7.csv|crp_dataset_8_1_4.csv|crp_dataset_8_1_3.csv|crp_dataset_8_1_2.csv|crp_dataset_8_1_1.csv|crp_dataset_8_1_5.csv,crp_dataset_8_1_6.csv,0.63529354,0.9256756756694212,0.9785714285644388,137,11,3,105,0.026928710937500003,0.0026182432432432434,0.02431046769425676
6,crp_dataset_8_1_7.csv|crp_dataset_8_1_4.csv|crp_dataset_8_1_3.csv|crp_dataset_8_1_2.csv|crp_dataset_8_1_6.csv|crp_dataset_8_1_5.csv,crp_dataset_8_1_8.csv,0.6387386,0.9574468085004526,0.6521739130387524,90,4,48,114,0.0283203125,0.0028590425531914887,0.02546126994680851
6,crp_dataset_8_1_7.csv|crp_dataset_8_1_4.csv|crp_dataset_8_1_3.csv|crp_dataset_8_1_2.csv|crp_dataset_8_1_6.csv|crp_dataset_8_1_5.csv,crp_dataset_8_1_1.csv,0.6387386,0.9749999999918749,0.9285714285640589,117,3,9,127,0.0252685546875,0.0005208333333333333,0.024747721354166665
6,crp_dataset_8_1_7.csv|crp_dataset_8_1_4.csv|crp_dataset_8_1_3.csv|crp_dataset_8_1_1.csv|crp_dataset_8_1_6.csv|crp_dataset_8_1_5.csv,crp_dataset_8_1_8.csv,0.72131896,0.9805825242623244,0.731884057965711,101,2,37,116,0.0283203125,0.002305825242718447,0.026014487257281553
6,crp_dataset_8_1_7.csv|crp_dataset_8_1_4.csv|crp_dataset_8_1_3.csv|crp_dataset_8_1_1.csv|crp_dataset_8_1_6.csv|crp_dataset_8_1_5.csv,crp_dataset_8_1_2.csv,0.72131896,0.9999999999908257,0.9159663865469246,109,0,10,137,0.03945312499999999,0.0010894495412844037,0.038363675458715586
6,crp_dataset_8_1_7.csv|crp_dataset_8_1_4.csv|crp_dataset_8_1_8.csv|crp_dataset_8_1_2.csv|crp_dataset_8_1_1.csv|crp_dataset_8_1_6.csv,crp_dataset_8_1_3.csv,0.7355081,0.9999999999933775,0.8728323699371513,151,0,22,83,0.019604492187500003,0.0001241721854304636,0.019480320002069538
6,crp_dataset_8_1_7.csv|crp_dataset_8_1_4.csv|crp_dataset_8_1_8.csv|crp_dataset_8_1_2.csv|crp_dataset_8_1_1.csv|crp_dataset_8_1_6.csv,crp_dataset_8_1_5.csv,0.7355081,0.988095238083475,0.8299999999916999,83,1,17,155,0.039282226562499994,0.001488095238095238,0.037794131324404755
6,crp_dataset_8_1_7.csv|crp_dataset_8_1_4.csv|crp_dataset_8_1_8.csv|crp_dataset_8_1_2.csv|crp_dataset_8_1_1.csv|crp_dataset_8_1_5.csv,crp_dataset_8_1_3.csv,0.6372966,0.9941860465058479,0.9884393063526681,171,1,2,82,0.019604492187500003,0.0005087209302325582,0.019095771257267444
6,crp_dataset_8_1_7.csv|crp_dataset_8_1_4.csv|crp_dataset_8_1_8.csv|crp_dataset_8_1_2.csv|crp_dataset_8_1_1.csv|crp_dataset_8_1_5.csv,crp_dataset_8_1_6.csv,0.6372966,0.9440559440493423,0.9642857142788266,135,8,5,108,0.026928710937500003,0.0022290209790209793,0.024699689958479022
6,crp_dataset_8_1_7.csv|crp_dataset_8_1_4.csv|crp_dataset_8_1_8.csv|crp_dataset_8_1_2.csv|crp_dataset_8_1_6.csv|crp_dataset_8_1_5.csv,crp_dataset_8_1_3.csv,0.6158402,0.9999999999931973,0.849710982654048,147,0,26,83,0.019604492187500003,0.0,0.019604492187500003
6,crp_dataset_8_1_7.csv|crp_dataset_8_1_4.csv|crp_dataset_8_1_8.csv|crp_dataset_8_1_2.csv|crp_dataset_8_1_6.csv|crp_dataset_8_1_5.csv,crp_dataset_8_1_1.csv,0.6158402,0.9734513274250137,0.8730158730089443,110,3,16,127,0.0252685546875,0.00044247787610619474,0.024826076811393805
6,crp_dataset_8_1_7.csv|crp_dataset_8_1_4.csv|crp_dataset_8_1_8.csv|crp_dataset_8_1_1.csv|crp_dataset_8_1_6.csv|crp_dataset_8_1_5.csv,crp_dataset_8_1_3.csv,0.71691376,0.9865771812014325,0.849710982654048,147,2,26,81,0.019604492187500003,0.00029362416107382553,0.019310868026426176
6,crp_dataset_8_1_7.csv|crp_dataset_8_1_4.csv|crp_dataset_8_1_8.csv|crp_dataset_8_1_1.csv|crp_dataset_8_1_6.csv|crp_dataset_8_1_5.csv,crp_dataset_8_1_2.csv,0.71691376,0.9425287356213502,0.6890756302463102,82,5,37,132,0.03945312499999999,0.0020114942528735636,0.03744163074712643
6,crp_dataset_8_1_7.csv|crp_dataset_8_1_4.csv|crp_dataset_8_1_2.csv|crp_dataset_8_1_1.csv|crp_dataset_8_1_6.csv|crp_dataset_8_1_5.csv,crp_dataset_8_1_3.csv,0.67082703,0.9999999999938651,0.9421965317864613,163,0,10,83,0.019604492187500003,0.00011503067484662578,0.019489461512653378
6,crp_dataset_8_1_7.csv|crp_dataset_8_1_4.csv|crp_dataset_8_1_2.csv|crp_dataset_8_1_1.csv|crp_dataset_8_1_6.csv|crp_dataset_8_1_5.csv,crp_dataset_8_1_8.csv,0.67082703,0.9636363636276033,0.7681159420234195,106,4,32,114,0.0283203125,0.0024431818181818174,0.025877130681818183
6,crp_dataset_8_1_7.csv|crp_dataset_8_1_3.csv|crp_dataset_8_1_8.csv|crp_dataset_8_1_2.csv|crp_dataset_8_1_1.csv|crp_dataset_8_1_6.csv,crp_dataset_8_1_4.csv,0.63433087,0.9770992366337626,0.9770992366337626,128,3,3,122,0.023046875,0.0006679389312977099,0.022378936068702292
6,crp_dataset_8_1_7.csv|crp_dataset_8_1_3.csv|crp_dataset_8_1_8.csv|crp_dataset_8_1_2.csv|crp_dataset_8_1_1.csv|crp_dataset_8_1_6.csv,crp_dataset_8_1_5.csv,0.63433087,0.9888888888779012,0.8899999999911,89,1,11,155,0.039282226562499994,0.001388888888888889,0.037893337673611104
6,crp_dataset_8_1_7.csv|crp_dataset_8_1_3.csv|crp_dataset_8_1_8.csv|crp_dataset_8_1_2.csv|crp_dataset_8_1_1.csv|crp_dataset_8_1_5.csv,crp_dataset_8_1_4.csv,0.6178392,0.9770992366337626,0.9770992366337626,128,3,3,122,0.023046875,0.0007156488549618321,0.022331226145038168
6,crp_dataset_8_1_7.csv|crp_dataset_8_1_3.csv|crp_dataset_8_1_8.csv|crp_dataset_8_1_2.csv|crp_dataset_8_1_1.csv|crp_dataset_8_1_5.csv,crp_dataset_8_1_6.csv,0.6178392,0.9391891891828433,0.9928571428500511,139,9,1,107,0.026928710937500003,0.002702702702702703,0.0242260082347973
6,crp_dataset_8_1_7.csv|crp_dataset_8_1_3.csv|crp_dataset_8_1_8.csv|crp_dataset_8_1_2.csv|crp_dataset_8_1_6.csv|crp_dataset_8_1_5.csv,crp_dataset_8_1_4.csv,0.6443067,0.9848484848410239,0.9923664122061652,130,2,1,123,0.023046875,0.0005681818181818183,0.022478693181818183
6,crp_dataset_8_1_7.csv|crp_dataset_8_1_3.csv|crp_dataset_8_1_8.csv|crp_dataset_8_1_2.csv|crp_dataset_8_1_6.csv|crp_dataset_8_1_5.csv,crp_dataset_8_1_1.csv,0.6443067,0.9333333333264199,0.9999999999920635,126,9,0,121,0.0252685546875,0.001851851851851852,0.02341670283564815
6,crp_dataset_8_1_7.csv|crp_dataset_8_1_3.csv|crp_dataset_8_1_8.csv|crp_dataset_8_1_1.csv|crp_dataset_8_1_6.csv|crp_dataset_8_1_5.csv,crp_dataset_8_1_4.csv,0.6095631,0.9922480620078121,0.9770992366337626,128,1,3,124,0.023046875,0.0003875968992248062,0.022659278100775195
6,crp_dataset_8_1_7.csv|crp_dataset_8_1_3.csv|crp_dataset_8_1_8.csv|crp_dataset_8_1_1.csv|crp_dataset_8_1_6.csv|crp_dataset_8_1_5.csv,crp_dataset_8_1_2.csv,0.6095631,0.999999999990991,0.932773109235859,111,0,8,137,0.03945312499999999,0.0011824324324324325,0.03827069256756756
6,crp_dataset_8_1_7.csv|crp_dataset_8_1_3.csv|crp_dataset_8_1_2.csv|crp_dataset_8_1_1.csv|crp_dataset_8_1_6.csv|crp_dataset_8_1_5.csv,crp_dataset_8_1_4.csv,0.6556093,0.9919354838629683,0.9389312977027563,123,1,8,124,0.023046875,0.0004032258064516129,0.022643649193548387
6,crp_dataset_8_1_7.csv|crp_dataset_8_1_3.csv|crp_dataset_8_1_2.csv|crp_dataset_8_1_1.csv|crp_dataset_8_1_6.csv|crp_dataset_8_1_5.csv,crp_dataset_8_1_8.csv,0.6556093,0.9724770642112617,0.7681159420234195,106,3,32,115,0.0283203125,0.0023509174311926602,0.02596939506880734
6,crp_dataset_8_1_7.csv|crp_dataset_8_1_8.csv|crp_dataset_8_1_2.csv|crp_dataset_8_1_1.csv|crp_dataset_8_1_6.csv|crp_dataset_8_1_5.csv,crp_dataset_8_1_4.csv,0.65444803,0.9769230769155622,0.9694656488475614,127,3,4,122,0.023046875,0.000673076923076923,0.02237379807692308
6,crp_dataset_8_1_7.csv|crp_dataset_8_1_8.csv|crp_dataset_8_1_2.csv|crp_dataset_8_1_1.csv|crp_dataset_8_1_6.csv|crp_dataset_8_1_5.csv,crp_dataset_8_1_3.csv,0.65444803,0.9999999999941521,0.9884393063526681,171,0,2,83,0.019604492187500003,0.00010964912280701756,0.019494843064692985
6,crp_dataset_8_1_4.csv|crp_dataset_8_1_3.csv|crp_dataset_8_1_8.csv|crp_dataset_8_1_2.csv|crp_dataset_8_1_1.csv|crp_dataset_8_1_6.csv,crp_dataset_8_1_7.csv,0.7227385,0.9999999999954546,0.9999999999954546,220,0,0,36,0.0095703125,0.00034090909090909094,0.00922940340909091
6,crp_dataset_8_1_4.csv|crp_dataset_8_1_3.csv|crp_dataset_8_1_8.csv|crp_dataset_8_1_2.csv|crp_dataset_8_1_1.csv|crp_dataset_8_1_6.csv,crp_dataset_8_1_5.csv,0.7227385,0.9999999999883721,0.8599999999914,86,0,14,156,0.039282226562499994,0.00123546511627907,0.03804676144622093
6,crp_dataset_8_1_4.csv|crp_dataset_8_1_3.csv|crp_dataset_8_1_8.csv|crp_dataset_8_1_2.csv|crp_dataset_8_1_1.csv|crp_dataset_8_1_5.csv,crp_dataset_8_1_7.csv,0.71142745,0.9999999999954546,0.9999999999954546,220,0,0,36,0.0095703125,0.00034090909090909094,0.00922940340909091
6,crp_dataset_8_1_4.csv|crp_dataset_8_1_3.csv|crp_dataset_8_1_8.csv|crp_dataset_8_1_2.csv|crp_dataset_8_1_1.csv|crp_dataset_8_1_5.csv,crp_dataset_8_1_6.csv,0.71142745,0.9455782312860845,0.9928571428500511,139,8,1,108,0.026928710937500003,0.00233843537414966,0.024590275563350344
6,crp_dataset_8_1_4.csv|crp_dataset_8_1_3.csv|crp_dataset_8_1_8.csv|crp_dataset_8_1_2.csv|crp_dataset_8_1_6.csv|crp_dataset_8_1_5.csv,crp_dataset_8_1_7.csv,0.61830926,0.9999999999954546,0.9999999999954546,220,0,0,36,0.0095703125,0.00034090909090909094,0.00922940340909091
6,crp_dataset_8_1_4.csv|crp_dataset_8_1_3.csv|crp_dataset_8_1_8.csv|crp_dataset_8_1_2.csv|crp_dataset_8_1_6.csv|crp_dataset_8_1_5.csv,crp_dataset_8_1_1.csv,0.61830926,0.9763779527482175,0.9841269841191735,124,3,2,127,0.0252685546875,0.0005413385826771653,0.024727216104822834
6,crp_dataset_8_1_4.csv|crp_dataset_8_1_3.csv|crp_dataset_8_1_8.csv|crp_dataset_8_1_1.csv|crp_dataset_8_1_6.csv|crp_dataset_8_1_5.csv,crp_dataset_8_1_7.csv,0.6518394,0.9999999999954546,0.9999999999954546,220,0,0,36,0.0095703125,0.00034090909090909094,0.00922940340909091
6,crp_dataset_8_1_4.csv|crp_dataset_8_1_3.csv|crp_dataset_8_1_8.csv|crp_dataset_8_1_1.csv|crp_dataset_8_1_6.csv|crp_dataset_8_1_5.csv,crp_dataset_8_1_2.csv,0.6518394,0.9999999999906541,0.8991596638579902,107,0,12,137,0.03945312499999999,0.0011098130841121496,0.03834331191588784
6,crp_dataset_8_1_4.csv|crp_dataset_8_1_3.csv|crp_dataset_8_1_2.csv|crp_dataset_8_1_1.csv|crp_dataset_8_1_6.csv|crp_dataset_8_1_5.csv,crp_dataset_8_1_7.csv,0.6137578,0.9999999999954546,0.9999999999954546,220,0,0,36,0.0095703125,0.00034090909090909094,0.00922940340909091
6,crp_dataset_8_1_4.csv|crp_dataset_8_1_3.csv|crp_dataset_8_1_2.csv|crp_dataset_8_1_1.csv|crp_dataset_8_1_6.csv|crp_dataset_8_1_5.csv,crp_dataset_8_1_8.csv,0.6137578,0.9553571428486128,0.7753623188349612,107,5,31,113,0.0283203125,0.0026227678571428574,0.025697544642857142
6,crp_dataset_8_1_4.csv|crp_dataset_8_1_8.csv|crp_dataset_8_1_2.csv|crp_dataset_8_1_1.csv|crp_dataset_8_1_6.csv|crp_dataset_8_1_5.csv,crp_dataset_8_1_7.csv,0.6193334,0.9999999999954546,0.9999999999954546,220,0,0,36,0.0095703125,0.00034090909090909094,0.00922940340909091
6,crp_dataset_8_1_4.csv|crp_dataset_8_1_8.csv|crp_dataset_8_1_2.csv|crp_dataset_8_1_1.csv|crp_dataset_8_1_6.csv|crp_dataset_8_1_5.csv,crp_dataset_8_1_3.csv,0.6193334,0.9999999999941521,0.9884393063526681,171,0,2,83,0.019604492187500003,0.00010964912280701756,0.019494843064692985
6,crp_dataset_8_1_3.csv|crp_dataset_8_1_8.csv|crp_dataset_8_1_2.csv|crp_dataset_8_1_1.csv|crp_dataset_8_1_6.csv|crp_dataset_8_1_5.csv,crp_dataset_8_1_7.csv,0.6049373,0.9999999999954546,0.9999999999954546,220,0,0,36,0.0095703125,0.00034090909090909094,0.00922940340909091
6,crp_dataset_8_1_3.csv|crp_dataset_8_1_8.csv|crp_dataset_8_1_2.csv|crp_dataset_8_1_1.csv|crp_dataset_8_1_6.csv|crp_dataset_8_1_5.csv,crp_dataset_8_1_4.csv,0.6049373,0.9772727272653238,0.9847328244199639,129,3,2,122,0.023046875,0.0007102272727272727,0.02233664772727273
7,crp_dataset_8_1_7.csv|crp_dataset_8_1_4.csv|crp_dataset_8_1_3.csv|crp_dataset_8_1_8.csv|crp_dataset_8_1_2.csv|crp_dataset_8_1_1.csv|crp_dataset_8_1_6.csv,crp_dataset_8_1_5.csv,0.6256626,0.9890109890001207,0.899999999991,90,1,10,155,0.039282226562499994,0.0013736263736263737,0.03790860018887362
7,crp_dataset_8_1_7.csv|crp_dataset_8_1_4.csv|crp_dataset_8_1_3.csv|crp_dataset_8_1_8.csv|crp_dataset_8_1_2.csv|crp_dataset_8_1_1.csv|crp_dataset_8_1_5.csv,crp_dataset_8_1_6.csv,0.6244281,0.9455782312860845,0.9928571428500511,139,8,1,108,0.026928710937500003,0.00233843537414966,0.024590275563350344
7,crp_dataset_8_1_7.csv|crp_dataset_8_1_4.csv|crp_dataset_8_1_3.csv|crp_dataset_8_1_8.csv|crp_dataset_8_1_2.csv|crp_dataset_8_1_6.csv|crp_dataset_8_1_5.csv,crp_dataset_8_1_1.csv,0.63649,0.9763779527482175,0.9841269841191735,124,3,2,127,0.0252685546875,0.0005413385826771653,0.024727216104822834
7,crp_dataset_8_1_7.csv|crp_dataset_8_1_4.csv|crp_dataset_8_1_3.csv|crp_dataset_8_1_8.csv|crp_dataset_8_1_1.csv|crp_dataset_8_1_6.csv|crp_dataset_8_1_5.csv,crp_dataset_8_1_2.csv,0.6335064,0.9999999999908257,0.9159663865469246,109,0,10,137,0.03945312499999999,0.0010894495412844037,0.038363675458715586
7,crp_dataset_8_1_7.csv|crp_dataset_8_1_4.csv|crp_dataset_8_1_3.csv|crp_dataset_8_1_2.csv|crp_dataset_8_1_1.csv|crp_dataset_8_1_6.csv|crp_dataset_8_1_5.csv,crp_dataset_8_1_8.csv,0.70702225,0.9603960395944515,0.7028985507195442,97,4,41,114,0.0283203125,0.0026608910891089102,0.02565942141089109
7,crp_dataset_8_1_7.csv|crp_dataset_8_1_4.csv|crp_dataset_8_1_8.csv|crp_dataset_8_1_2.csv|crp_dataset_8_1_1.csv|crp_dataset_8_1_6.csv|crp_dataset_8_1_5.csv,crp_dataset_8_1_3.csv,0.6366753,0.999999999994012,0.9653179190695647,167,0,6,83,0.019604492187500003,0.00011227544910179642,0.019492216738398207
7,crp_dataset_8_1_7.csv|crp_dataset_8_1_3.csv|crp_dataset_8_1_8.csv|crp_dataset_8_1_2.csv|crp_dataset_8_1_1.csv|crp_dataset_8_1_6.csv|crp_dataset_8_1_5.csv,crp_dataset_8_1_4.csv,0.6152088,0.9923664122061652,0.9923664122061652,130,1,1,124,0.023046875,0.0004293893129770993,0.022617485687022904
7,crp_dataset_8_1_4.csv|crp_dataset_8_1_3.csv|crp_dataset_8_1_8.csv|crp_dataset_8_1_2.csv|crp_dataset_8_1_1.csv|crp_dataset_8_1_6.csv|crp_dataset_8_1_5.csv,crp_dataset_8_1_7.csv,0.6481368,0.9999999999954546,0.9999999999954546,220,0,0,36,0.0095703125,0.00034090909090909094,0.00922940340909091
