k_train_datasets,train_pct,test_pct,train_set,test_dataset,best_threshold,precision,recall,TP,FP,FN,TN,old_ber,new_ber,ber_reduction
1,0.5,1.0,crp_dataset_8_1_3.csv,crp_dataset_8_1_1.csv,0.830422,0.9047619047403629,0.30158730158490804,38,4,88,126,0.0252685546875,0.0020833333333333333,0.023185221354166667
1,0.5,1.0,crp_dataset_8_1_3.csv,crp_dataset_8_1_8.csv,0.830422,0.0,0.0,0,0,138,118,0.0283203125,,
1,0.5,1.0,crp_dataset_8_1_3.csv,crp_dataset_8_1_7.csv,0.830422,0.9999999999907407,0.4909090909068595,108,0,112,36,0.0095703125,0.0,0.0095703125
1,0.5,1.0,crp_dataset_8_1_3.csv,crp_dataset_8_1_2.csv,0.830422,0.0,0.0,0,0,119,137,0.039453125,,
1,0.5,1.0,crp_dataset_8_1_3.csv,crp_dataset_8_1_4.csv,0.830422,0.9605263157768351,0.5572519083926928,73,3,58,122,0.023046875,0.0017269736842105265,0.021319901315789473
1,0.5,1.0,crp_dataset_8_1_3.csv,crp_dataset_8_1_5.csv,0.830422,0.0,0.0,0,0,100,156,0.039282226562499994,,
1,0.5,1.0,crp_dataset_8_1_3.csv,crp_dataset_8_1_6.csv,0.830422,0.9999999998,0.03571428571403062,5,0,135,116,0.026928710937499996,0.0,0.026928710937499996
1,0.5,1.0,crp_dataset_8_1_1.csv,crp_dataset_8_1_3.csv,0.7272139,0.8552631578891101,0.7514450867008587,130,22,43,61,0.0196044921875,0.008264802631578949,0.01133968955592105
1,0.5,1.0,crp_dataset_8_1_1.csv,crp_dataset_8_1_8.csv,0.7272139,0.7999999999905882,0.4927536231848352,68,17,70,101,0.0283203125,0.0055147058823529415,0.022805606617647058
1,0.5,1.0,crp_dataset_8_1_1.csv,crp_dataset_8_1_7.csv,0.7272139,0.8661417322800546,0.9999999999954546,220,34,0,2,0.0095703125,0.008956692913385826,0.0006136195866141749
1,0.5,1.0,crp_dataset_8_1_1.csv,crp_dataset_8_1_2.csv,0.7272139,0.9999999999230769,0.10924369747807358,13,0,106,137,0.039453125,0.0009615384615384616,0.038491586538461534
1,0.5,1.0,crp_dataset_8_1_1.csv,crp_dataset_8_1_4.csv,0.7272139,0.7810218978045181,0.816793893123536,107,30,24,95,0.023046875,0.00894160583941606,0.014105269160583942
1,0.5,1.0,crp_dataset_8_1_1.csv,crp_dataset_8_1_5.csv,0.7272139,0.9999999999677419,0.3099999999969,31,0,69,156,0.039282226562499994,0.0,0.039282226562499994
1,0.5,1.0,crp_dataset_8_1_1.csv,crp_dataset_8_1_6.csv,0.7272139,0.8195488721742892,0.7785714285658674,109,24,31,92,0.026928710937499996,0.00906954887218045,0.017859162065319546
1,0.5,1.0,crp_dataset_8_1_8.csv,crp_dataset_8_1_3.csv,0.63082373,0.9999999999375,0.09248554913241339,16,0,157,83,0.0196044921875,0.0,0.0196044921875
1,0.5,1.0,crp_dataset_8_1_8.csv,crp_dataset_8_1_1.csv,0.63082373,0.99999999996,0.19841269841112372,25,0,101,130,0.0252685546875,0.0,0.0252685546875
1,0.5,1.0,crp_dataset_8_1_8.csv,crp_dataset_8_1_7.csv,0.63082373,0.0,0.0,0,0,220,36,0.0095703125,,
1,0.5,1.0,crp_dataset_8_1_8.csv,crp_dataset_8_1_2.csv,0.63082373,0.4172185430435946,0.5294117647014335,63,88,56,49,0.039453125,0.05223509933774835,-0.012781974337748352
1,0.5,1.0,crp_dataset_8_1_8.csv,crp_dataset_8_1_4.csv,0.63082373,0.9999999999750001,0.30534351144805083,40,0,91,125,0.023046875,0.0,0.023046875
1,0.5,1.0,crp_dataset_8_1_8.csv,crp_dataset_8_1_5.csv,0.63082373,0.3854166666646593,0.7399999999926,74,118,26,38,0.039282226562499994,0.043359375,-0.004077148437500004
1,0.5,1.0,crp_dataset_8_1_8.csv,crp_dataset_8_1_6.csv,0.63082373,0.0,0.0,0,0,140,116,0.026928710937499996,,
1,0.5,1.0,crp_dataset_8_1_7.csv,crp_dataset_8_1_3.csv,0.8156209,0.6757812499973602,0.9999999999942197,173,83,0,0,0.0196044921875,0.0196044921875,0.0
1,0.5,1.0,crp_dataset_8_1_7.csv,crp_dataset_8_1_1.csv,0.8156209,0.4921874999980774,0.9999999999920635,126,130,0,0,0.0252685546875,0.0252685546875,0.0
1,0.5,1.0,crp_dataset_8_1_7.csv,crp_dataset_8_1_8.csv,0.8156209,0.5390624999978944,0.9999999999927537,138,118,0,0,0.0283203125,0.0283203125,0.0
1,0.5,1.0,crp_dataset_8_1_7.csv,crp_dataset_8_1_2.csv,0.8156209,0.46484374999818423,0.9999999999915966,119,137,0,0,0.039453125,0.039453125,0.0
1,0.5,1.0,crp_dataset_8_1_7.csv,crp_dataset_8_1_4.csv,0.8156209,0.5117187499980012,0.9999999999923664,131,125,0,0,0.023046875,0.023046875,0.0
1,0.5,1.0,crp_dataset_8_1_7.csv,crp_dataset_8_1_5.csv,0.8156209,0.39062499999847416,0.99999999999,100,156,0,0,0.039282226562499994,0.039282226562499994,0.0
1,0.5,1.0,crp_dataset_8_1_7.csv,crp_dataset_8_1_6.csv,0.8156209,0.5468749999978638,0.9999999999928573,140,116,0,0,0.026928710937499996,0.026928710937499996,0.0
1,0.5,1.0,crp_dataset_8_1_2.csv,crp_dataset_8_1_3.csv,0.62204,0.6757812499973602,0.9999999999942197,173,83,0,0,0.0196044921875,0.0196044921875,0.0
1,0.5,1.0,crp_dataset_8_1_2.csv,crp_dataset_8_1_1.csv,0.62204,0.5228215767613161,0.9999999999920635,126,115,0,15,0.0252685546875,0.021810165975103733,0.0034583887123962667
1,0.5,1.0,crp_dataset_8_1_2.csv,crp_dataset_8_1_8.csv,0.62204,0.547999999997808,0.992753623181212,137,113,1,5,0.0283203125,0.027975,0.00034531250000000013
1,0.5,1.0,crp_dataset_8_1_2.csv,crp_dataset_8_1_7.csv,0.62204,0.8593749999966431,0.9999999999954546,220,36,0,0,0.0095703125,0.0095703125,0.0
1,0.5,1.0,crp_dataset_8_1_2.csv,crp_dataset_8_1_4.csv,0.62204,0.5117187499980012,0.9999999999923664,131,125,0,0,0.023046875,0.023046875,0.0
1,0.5,1.0,crp_dataset_8_1_2.csv,crp_dataset_8_1_5.csv,0.62204,0.7614678899012709,0.8299999999916999,83,26,17,130,0.039282226562499994,0.007912844036697248,0.03136938252580275
1,0.5,1.0,crp_dataset_8_1_2.csv,crp_dataset_8_1_6.csv,0.62204,0.5468749999978638,0.9999999999928573,140,116,0,0,0.026928710937499996,0.026928710937499996,0.0
1,0.5,1.0,crp_dataset_8_1_4.csv,crp_dataset_8_1_3.csv,0.7603027,0.999999999978261,0.2658959537556885,46,0,127,83,0.0196044921875,0.0,0.0196044921875
1,0.5,1.0,crp_dataset_8_1_4.csv,crp_dataset_8_1_1.csv,0.7603027,0.9999999999833334,0.4761904761866969,60,0,66,130,0.0252685546875,0.00010416666666666667,0.025164388020833334
1,0.5,1.0,crp_dataset_8_1_4.csv,crp_dataset_8_1_8.csv,0.7603027,0.9682539682385992,0.4420289855040433,61,2,77,116,0.0283203125,0.0032738095238095243,0.025046502976190474
1,0.5,1.0,crp_dataset_8_1_4.csv,crp_dataset_8_1_7.csv,0.7603027,0.9999999999090909,0.049999999999772726,11,0,209,36,0.0095703125,0.0,0.0095703125
1,0.5,1.0,crp_dataset_8_1_4.csv,crp_dataset_8_1_2.csv,0.7603027,0.9425287356213502,0.6890756302463102,82,5,37,132,0.039453125,0.0020114942528735636,0.037441630747126434
1,0.5,1.0,crp_dataset_8_1_4.csv,crp_dataset_8_1_5.csv,0.7603027,0.9999999999870129,0.7699999999923,77,0,23,156,0.039282226562499994,0.0013798701298701301,0.03790235643262987
1,0.5,1.0,crp_dataset_8_1_4.csv,crp_dataset_8_1_6.csv,0.7603027,0.99999999975,0.02857142857122449,4,0,136,116,0.026928710937499996,0.0,0.026928710937499996
1,0.5,1.0,crp_dataset_8_1_5.csv,crp_dataset_8_1_3.csv,0.626125,0.9999999998571428,0.04046242774543086,7,0,166,83,0.0196044921875,0.0,0.0196044921875
1,0.5,1.0,crp_dataset_8_1_5.csv,crp_dataset_8_1_1.csv,0.626125,0.999999999875,0.06349206349155959,8,0,118,130,0.0252685546875,0.0,0.0252685546875
1,0.5,1.0,crp_dataset_8_1_5.csv,crp_dataset_8_1_8.csv,0.626125,0.0,0.0,0,0,138,118,0.0283203125,,
1,0.5,1.0,crp_dataset_8_1_5.csv,crp_dataset_8_1_7.csv,0.626125,0.0,0.0,0,0,220,36,0.0095703125,,
1,0.5,1.0,crp_dataset_8_1_5.csv,crp_dataset_8_1_2.csv,0.626125,0.9666666666505556,0.4873949579790975,58,2,61,135,0.039453125,0.0017708333333333335,0.037682291666666666
1,0.5,1.0,crp_dataset_8_1_5.csv,crp_dataset_8_1_4.csv,0.626125,0.999999999875,0.061068702289610165,8,0,123,125,0.023046875,0.0,0.023046875
1,0.5,1.0,crp_dataset_8_1_5.csv,crp_dataset_8_1_6.csv,0.626125,0.0,0.0,0,0,140,116,0.026928710937499996,,
1,0.5,1.0,crp_dataset_8_1_6.csv,crp_dataset_8_1_3.csv,0.67605454,0.9999999999850746,0.38728323699198103,67,0,106,83,0.0196044921875,0.0,0.0196044921875
1,0.5,1.0,crp_dataset_8_1_6.csv,crp_dataset_8_1_1.csv,0.67605454,0.9999999999375,0.12698412698311917,16,0,110,130,0.0252685546875,0.0,0.0252685546875
1,0.5,1.0,crp_dataset_8_1_6.csv,crp_dataset_8_1_8.csv,0.67605454,0.0,0.0,0,0,138,118,0.0283203125,,
1,0.5,1.0,crp_dataset_8_1_6.csv,crp_dataset_8_1_7.csv,0.67605454,0.9999999999904762,0.47727272727055786,105,0,115,36,0.0095703125,0.0,0.0095703125
1,0.5,1.0,crp_dataset_8_1_6.csv,crp_dataset_8_1_2.csv,0.67605454,0.0,0.0,0,0,119,137,0.039453125,,
1,0.5,1.0,crp_dataset_8_1_6.csv,crp_dataset_8_1_4.csv,0.67605454,0.9999999999736843,0.2900763358756483,38,0,93,125,0.023046875,0.0,0.023046875
1,0.5,1.0,crp_dataset_8_1_6.csv,crp_dataset_8_1_5.csv,0.67605454,0.0,0.0,0,0,100,156,0.039282226562499994,,
2,0.5,1.0,crp_dataset_8_1_3.csv|crp_dataset_8_1_1.csv,crp_dataset_8_1_8.csv,0.6010824,0.8461538461445477,0.5579710144887104,77,14,61,104,0.0283203125,0.004807692307692308,0.023512620192307692
2,0.5,1.0,crp_dataset_8_1_3.csv|crp_dataset_8_1_1.csv,crp_dataset_8_1_7.csv,0.6010824,0.9606986899521367,0.9999999999954546,220,9,0,27,0.0095703125,0.0013919213973799126,0.008178391102620088
2,0.5,1.0,crp_dataset_8_1_3.csv|crp_dataset_8_1_1.csv,crp_dataset_8_1_2.csv,0.6010824,0.9999999999787235,0.39495798318995834,47,0,72,137,0.039453125,0.000398936170212766,0.039054188829787236
2,0.5,1.0,crp_dataset_8_1_3.csv|crp_dataset_8_1_1.csv,crp_dataset_8_1_4.csv,0.6010824,0.8473282442683411,0.8473282442683411,111,20,20,105,0.023046875,0.0057251908396946565,0.017321684160305346
2,0.5,1.0,crp_dataset_8_1_3.csv|crp_dataset_8_1_1.csv,crp_dataset_8_1_5.csv,0.6010824,0.9999999999814816,0.5399999999946,54,0,46,156,0.039282226562499994,0.000462962962962963,0.03881926359953703
2,0.5,1.0,crp_dataset_8_1_3.csv|crp_dataset_8_1_1.csv,crp_dataset_8_1_6.csv,0.6010824,0.8620689655112962,0.8928571428507653,125,20,15,96,0.026928710937499996,0.006724137931034484,0.020204573006465512
2,0.5,1.0,crp_dataset_8_1_3.csv|crp_dataset_8_1_8.csv,crp_dataset_8_1_1.csv,0.6991663,0.9999999999883721,0.6825396825342656,86,0,40,130,0.0252685546875,7.267441860465116e-05,0.025195880268895347
2,0.5,1.0,crp_dataset_8_1_3.csv|crp_dataset_8_1_8.csv,crp_dataset_8_1_7.csv,0.6991663,0.9999999999954546,0.9999999999954546,220,0,0,36,0.0095703125,0.00034090909090909094,0.00922940340909091
2,0.5,1.0,crp_dataset_8_1_3.csv|crp_dataset_8_1_8.csv,crp_dataset_8_1_2.csv,0.6991663,0.6074074074029081,0.6890756302463102,82,53,37,84,0.039453125,0.03833333333333334,0.0011197916666666613
2,0.5,1.0,crp_dataset_8_1_3.csv|crp_dataset_8_1_8.csv,crp_dataset_8_1_4.csv,0.6991663,0.9823008849470592,0.8473282442683411,111,2,20,123,0.023046875,0.0011061946902654867,0.021940680309734513
2,0.5,1.0,crp_dataset_8_1_3.csv|crp_dataset_8_1_8.csv,crp_dataset_8_1_5.csv,0.6991663,0.7520661156962639,0.9099999999909,91,30,9,126,0.039282226562499994,0.010382231404958678,0.028899995157541318
2,0.5,1.0,crp_dataset_8_1_3.csv|crp_dataset_8_1_8.csv,crp_dataset_8_1_6.csv,0.6991663,0.6797752808950575,0.8642857142795409,121,57,19,59,0.026928710937499996,0.016678370786516853,0.010250340150983143
2,0.5,1.0,crp_dataset_8_1_3.csv|crp_dataset_8_1_7.csv,crp_dataset_8_1_1.csv,0.69680864,0.9444444444313271,0.5396825396782565,68,4,58,126,0.0252685546875,0.0012152777777777778,0.024053276909722223
2,0.5,1.0,crp_dataset_8_1_3.csv|crp_dataset_8_1_7.csv,crp_dataset_8_1_8.csv,0.69680864,0.9682539682385992,0.4420289855040433,61,2,77,116,0.0283203125,0.003273809523809524,0.025046502976190477
2,0.5,1.0,crp_dataset_8_1_3.csv|crp_dataset_8_1_7.csv,crp_dataset_8_1_2.csv,0.69680864,0.9999999999878049,0.6890756302463102,82,0,37,137,0.039453125,0.0013719512195121953,0.0380811737804878
2,0.5,1.0,crp_dataset_8_1_3.csv|crp_dataset_8_1_7.csv,crp_dataset_8_1_4.csv,0.69680864,0.9243697478913918,0.8396946564821398,110,9,21,116,0.023046875,0.0030987394957983196,0.019948135504201683
2,0.5,1.0,crp_dataset_8_1_3.csv|crp_dataset_8_1_7.csv,crp_dataset_8_1_5.csv,0.69680864,0.9999999999870129,0.7699999999923,77,0,23,156,0.039282226562499994,0.0013798701298701301,0.03790235643262987
2,0.5,1.0,crp_dataset_8_1_3.csv|crp_dataset_8_1_7.csv,crp_dataset_8_1_6.csv,0.69680864,0.9999999999868421,0.5428571428532654,76,0,64,116,0.026928710937499996,8.223684210526316e-05,0.026846474095394732
2,0.5,1.0,crp_dataset_8_1_3.csv|crp_dataset_8_1_2.csv,crp_dataset_8_1_1.csv,0.7263469,0.7142857142778649,0.5158730158689216,65,26,61,104,0.0252685546875,0.011332417582417582,0.013936137105082418
2,0.5,1.0,crp_dataset_8_1_3.csv|crp_dataset_8_1_2.csv,crp_dataset_8_1_8.csv,0.7263469,0.883116883105414,0.4927536231848352,68,9,70,109,0.0283203125,0.006006493506493507,0.02231381899350649
2,0.5,1.0,crp_dataset_8_1_3.csv|crp_dataset_8_1_2.csv,crp_dataset_8_1_7.csv,0.7263469,0.9999999999954546,0.9999999999954546,220,0,0,36,0.0095703125,0.00034090909090909094,0.00922940340909091
2,0.5,1.0,crp_dataset_8_1_3.csv|crp_dataset_8_1_2.csv,crp_dataset_8_1_4.csv,0.7263469,0.9105691056836539,0.8549618320545423,112,11,19,114,0.023046875,0.00391260162601626,0.01913427337398374
2,0.5,1.0,crp_dataset_8_1_3.csv|crp_dataset_8_1_2.csv,crp_dataset_8_1_5.csv,0.7263469,0.9999999999870129,0.7699999999923,77,0,23,156,0.039282226562499994,0.0013798701298701301,0.03790235643262987
2,0.5,1.0,crp_dataset_8_1_3.csv|crp_dataset_8_1_2.csv,crp_dataset_8_1_6.csv,0.7263469,0.9999999999868421,0.5428571428532654,76,0,64,116,0.026928710937499996,8.223684210526316e-05,0.026846474095394732
2,0.5,1.0,crp_dataset_8_1_3.csv|crp_dataset_8_1_4.csv,crp_dataset_8_1_1.csv,0.60847044,0.9999999999833334,0.4761904761866969,60,0,66,130,0.0252685546875,0.00010416666666666667,0.025164388020833334
2,0.5,1.0,crp_dataset_8_1_3.csv|crp_dataset_8_1_4.csv,crp_dataset_8_1_8.csv,0.60847044,0.9999999999836067,0.4420289855040433,61,0,77,118,0.0283203125,0.0029713114754098364,0.025349001024590163
2,0.5,1.0,crp_dataset_8_1_3.csv|crp_dataset_8_1_4.csv,crp_dataset_8_1_7.csv,0.60847044,0.9649122806975223,0.9999999999954546,220,8,0,28,0.0095703125,0.001343201754385965,0.008227110745614035
2,0.5,1.0,crp_dataset_8_1_3.csv|crp_dataset_8_1_4.csv,crp_dataset_8_1_2.csv,0.60847044,0.9999999999878049,0.6890756302463102,82,0,37,137,0.039453125,0.0013719512195121953,0.0380811737804878
2,0.5,1.0,crp_dataset_8_1_3.csv|crp_dataset_8_1_4.csv,crp_dataset_8_1_5.csv,0.60847044,0.9999999999870129,0.7699999999923,77,0,23,156,0.039282226562499994,0.0013798701298701301,0.03790235643262987
2,0.5,1.0,crp_dataset_8_1_3.csv|crp_dataset_8_1_4.csv,crp_dataset_8_1_6.csv,0.60847044,0.823999999993408,0.7357142857090306,103,22,37,94,0.026928710937499996,0.0078000000000000005,0.019128710937499994
2,0.5,1.0,crp_dataset_8_1_3.csv|crp_dataset_8_1_5.csv,crp_dataset_8_1_1.csv,0.6025547,0.7821782178140378,0.6269841269791508,79,22,47,108,0.0252685546875,0.007549504950495049,0.01771904973700495
2,0.5,1.0,crp_dataset_8_1_3.csv|crp_dataset_8_1_5.csv,crp_dataset_8_1_8.csv,0.6025547,0.8490566037655749,0.6521739130387524,90,16,48,102,0.0283203125,0.004952830188679246,0.023367482311320756
2,0.5,1.0,crp_dataset_8_1_3.csv|crp_dataset_8_1_5.csv,crp_dataset_8_1_7.csv,0.6025547,0.9999999999954546,0.9999999999954546,220,0,0,36,0.0095703125,0.00034090909090909094,0.00922940340909091
2,0.5,1.0,crp_dataset_8_1_3.csv|crp_dataset_8_1_5.csv,crp_dataset_8_1_2.csv,0.6025547,0.934579439243602,0.8403361344467198,100,7,19,130,0.039453125,0.004147196261682242,0.035305928738317754
2,0.5,1.0,crp_dataset_8_1_3.csv|crp_dataset_8_1_5.csv,crp_dataset_8_1_4.csv,0.6025547,0.7891156462531353,0.8854961831993474,116,31,15,94,0.023046875,0.007610544217687074,0.015436330782312928
2,0.5,1.0,crp_dataset_8_1_3.csv|crp_dataset_8_1_5.csv,crp_dataset_8_1_6.csv,0.6025547,0.8571428571346938,0.642857142852551,90,15,50,101,0.026928710937499996,0.00744047619047619,0.019488234747023804
2,0.5,1.0,crp_dataset_8_1_3.csv|crp_dataset_8_1_6.csv,crp_dataset_8_1_1.csv,0.81910574,0.9583333333133681,0.3650793650764676,46,2,80,128,0.0252685546875,0.0007812500000000002,0.0244873046875
2,0.5,1.0,crp_dataset_8_1_3.csv|crp_dataset_8_1_6.csv,crp_dataset_8_1_8.csv,0.81910574,0.9999999999375,0.1159420289846671,16,0,122,118,0.0283203125,0.000390625,0.0279296875
2,0.5,1.0,crp_dataset_8_1_3.csv|crp_dataset_8_1_6.csv,crp_dataset_8_1_7.csv,0.81910574,0.9861111111065458,0.9681818181774174,213,3,7,33,0.0095703125,0.000462962962962963,0.009107349537037037
2,0.5,1.0,crp_dataset_8_1_3.csv|crp_dataset_8_1_6.csv,crp_dataset_8_1_2.csv,0.81910574,0.99999999995,0.16806722688934397,20,0,99,137,0.039453125,0.0,0.039453125
2,0.5,1.0,crp_dataset_8_1_3.csv|crp_dataset_8_1_6.csv,crp_dataset_8_1_4.csv,0.81910574,0.9896907216392815,0.7328244274753221,96,1,35,124,0.023046875,0.00019329896907216497,0.022853576030927837
2,0.5,1.0,crp_dataset_8_1_3.csv|crp_dataset_8_1_6.csv,crp_dataset_8_1_5.csv,0.81910574,0.9999999999285715,0.1399999999986,14,0,86,156,0.039282226562499994,0.0,0.039282226562499994
2,0.5,1.0,crp_dataset_8_1_1.csv|crp_dataset_8_1_8.csv,crp_dataset_8_1_3.csv,0.6751018,0.9705882352798443,0.3815028901712052,66,2,107,81,0.0196044921875,0.001838235294117647,0.017766256893382352
2,0.5,1.0,crp_dataset_8_1_1.csv|crp_dataset_8_1_8.csv,crp_dataset_8_1_7.csv,0.6751018,0.9999999999907407,0.4909090909068595,108,0,112,36,0.0095703125,0.00028935185185185184,0.00928096064814815
2,0.5,1.0,crp_dataset_8_1_1.csv|crp_dataset_8_1_8.csv,crp_dataset_8_1_2.csv,0.6751018,0.9230769230532545,0.30252100840081914,36,3,83,134,0.039453125,0.013942307692307695,0.025510817307692304
2,0.5,1.0,crp_dataset_8_1_1.csv|crp_dataset_8_1_8.csv,crp_dataset_8_1_4.csv,0.6751018,0.9999999999857142,0.534351145034089,70,0,61,125,0.023046875,0.00026785714285714287,0.02277901785714286
2,0.5,1.0,crp_dataset_8_1_1.csv|crp_dataset_8_1_8.csv,crp_dataset_8_1_5.csv,0.6751018,0.9999999999814816,0.5399999999946,54,0,46,156,0.039282226562499994,0.0008101851851851853,0.03847204137731481
2,0.5,1.0,crp_dataset_8_1_1.csv|crp_dataset_8_1_8.csv,crp_dataset_8_1_6.csv,0.6751018,0.8684210526087258,0.23571428571260206,33,5,107,111,0.026928710937499996,0.006578947368421052,0.020349763569078944
2,0.5,1.0,crp_dataset_8_1_1.csv|crp_dataset_8_1_7.csv,crp_dataset_8_1_3.csv,0.8918718,0.9824561403422591,0.6473988439268937,112,2,61,81,0.0196044921875,0.0002192982456140351,0.019385193941885964
2,0.5,1.0,crp_dataset_8_1_1.csv|crp_dataset_8_1_7.csv,crp_dataset_8_1_8.csv,0.8918718,0.9999999999285715,0.10144927536158371,14,0,124,118,0.0283203125,0.0026785714285714286,0.02564174107142857
2,0.5,1.0,crp_dataset_8_1_1.csv|crp_dataset_8_1_7.csv,crp_dataset_8_1_2.csv,0.8918718,0.0,0.0,0,0,119,137,0.039453125,,
2,0.5,1.0,crp_dataset_8_1_1.csv|crp_dataset_8_1_7.csv,crp_dataset_8_1_4.csv,0.8918718,0.9999999999891304,0.7022900763305169,92,0,39,125,0.023046875,6.793478260869565e-05,0.022978940217391306
2,0.5,1.0,crp_dataset_8_1_1.csv|crp_dataset_8_1_7.csv,crp_dataset_8_1_5.csv,0.8918718,0.0,0.0,0,0,100,156,0.039282226562499994,,
2,0.5,1.0,crp_dataset_8_1_1.csv|crp_dataset_8_1_7.csv,crp_dataset_8_1_6.csv,0.8918718,0.9999999999868421,0.5428571428532654,76,0,64,116,0.026928710937499996,8.223684210526316e-05,0.026846474095394732
2,0.5,1.0,crp_dataset_8_1_1.csv|crp_dataset_8_1_2.csv,crp_dataset_8_1_3.csv,0.6074529,0.9256756756694212,0.7919075144462896,137,11,36,72,0.0196044921875,0.004856418918918919,0.014748073268581081
2,0.5,1.0,crp_dataset_8_1_1.csv|crp_dataset_8_1_2.csv,crp_dataset_8_1_8.csv,0.6074529,0.6882352941135986,0.8478260869503781,117,53,21,65,0.0283203125,0.014044117647058825,0.014276194852941175
2,0.5,1.0,crp_dataset_8_1_1.csv|crp_dataset_8_1_2.csv,crp_dataset_8_1_7.csv,0.6074529,0.8908296943192541,0.9272727272685124,204,25,16,11,0.0095703125,0.00810589519650655,0.00146441730349345
2,0.5,1.0,crp_dataset_8_1_1.csv|crp_dataset_8_1_2.csv,crp_dataset_8_1_4.csv,0.6074529,0.83999999999328,0.8015267175511335,105,20,26,105,0.023046875,0.0076,0.015446875000000002
2,0.5,1.0,crp_dataset_8_1_1.csv|crp_dataset_8_1_2.csv,crp_dataset_8_1_5.csv,0.6074529,0.8124999999915364,0.7799999999921999,78,18,22,138,0.039282226562499994,0.006901041666666667,0.032381184895833325
2,0.5,1.0,crp_dataset_8_1_1.csv|crp_dataset_8_1_2.csv,crp_dataset_8_1_6.csv,0.6074529,0.9113924050517545,0.5142857142820408,72,7,68,109,0.026928710937499996,0.00490506329113924,0.022023647646360757
2,0.5,1.0,crp_dataset_8_1_1.csv|crp_dataset_8_1_4.csv,crp_dataset_8_1_3.csv,0.61839634,0.9635036496280037,0.7630057803424104,132,5,41,78,0.0196044921875,0.001916058394160584,0.017688433793339415
2,0.5,1.0,crp_dataset_8_1_1.csv|crp_dataset_8_1_4.csv,crp_dataset_8_1_8.csv,0.61839634,0.8608695652099054,0.7173913043426277,99,16,39,102,0.0283203125,0.0042934782608695645,0.024026834239130435
2,0.5,1.0,crp_dataset_8_1_1.csv|crp_dataset_8_1_4.csv,crp_dataset_8_1_7.csv,0.61839634,0.9865470851973698,0.9999999999954546,220,3,0,33,0.0095703125,0.0007006726457399103,0.00886963985426009
2,0.5,1.0,crp_dataset_8_1_1.csv|crp_dataset_8_1_4.csv,crp_dataset_8_1_2.csv,0.61839634,0.9425287356213502,0.6890756302463102,82,5,37,132,0.039453125,0.0020114942528735636,0.037441630747126434
2,0.5,1.0,crp_dataset_8_1_1.csv|crp_dataset_8_1_4.csv,crp_dataset_8_1_5.csv,0.61839634,0.9999999999870129,0.7699999999923,77,0,23,156,0.039282226562499994,0.0013798701298701301,0.03790235643262987
2,0.5,1.0,crp_dataset_8_1_1.csv|crp_dataset_8_1_4.csv,crp_dataset_8_1_6.csv,0.61839634,0.9646017699029681,0.7785714285658674,109,4,31,112,0.026928710937499996,0.00165929203539823,0.025269418902101767
2,0.5,1.0,crp_dataset_8_1_1.csv|crp_dataset_8_1_5.csv,crp_dataset_8_1_3.csv,0.68116325,0.8473684210481718,0.9306358381449097,161,29,12,54,0.0196044921875,0.007467105263157896,0.012137386924342103
2,0.5,1.0,crp_dataset_8_1_1.csv|crp_dataset_8_1_5.csv,crp_dataset_8_1_8.csv,0.68116325,0.7969924811970152,0.7681159420234195,106,27,32,91,0.0283203125,0.005263157894736842,0.02305715460526316
2,0.5,1.0,crp_dataset_8_1_1.csv|crp_dataset_8_1_5.csv,crp_dataset_8_1_7.csv,0.68116325,0.8661417322800546,0.9999999999954546,220,34,0,2,0.0095703125,0.008956692913385826,0.0006136195866141749
2,0.5,1.0,crp_dataset_8_1_1.csv|crp_dataset_8_1_5.csv,crp_dataset_8_1_2.csv,0.68116325,0.9818181818003306,0.45378151260122873,54,1,65,136,0.039453125,0.0013636363636363637,0.03808948863636363
2,0.5,1.0,crp_dataset_8_1_1.csv|crp_dataset_8_1_5.csv,crp_dataset_8_1_4.csv,0.68116325,0.7792207792157194,0.9160305343441525,120,34,11,91,0.023046875,0.00864448051948052,0.01440239448051948
2,0.5,1.0,crp_dataset_8_1_1.csv|crp_dataset_8_1_5.csv,crp_dataset_8_1_6.csv,0.68116325,0.7393939393894583,0.871428571422347,122,43,18,73,0.026928710937499996,0.014053030303030302,0.012875680634469694
2,0.5,1.0,crp_dataset_8_1_1.csv|crp_dataset_8_1_6.csv,crp_dataset_8_1_3.csv,0.6657173,0.8627450980335769,0.7630057803424104,132,21,41,62,0.0196044921875,0.00812908496732026,0.011475407220179739
2,0.5,1.0,crp_dataset_8_1_1.csv|crp_dataset_8_1_6.csv,crp_dataset_8_1_8.csv,0.6657173,0.7520661156962639,0.6594202898502941,91,30,47,88,0.0283203125,0.00831611570247934,0.020004196797520662
2,0.5,1.0,crp_dataset_8_1_1.csv|crp_dataset_8_1_6.csv,crp_dataset_8_1_7.csv,0.6657173,0.9128630705356313,0.9999999999954546,220,21,0,15,0.0095703125,0.004953319502074689,0.004616992997925311
2,0.5,1.0,crp_dataset_8_1_1.csv|crp_dataset_8_1_6.csv,crp_dataset_8_1_2.csv,0.6657173,0.7735849056530794,0.6890756302463102,82,24,37,113,0.039453125,0.011202830188679248,0.02825029481132075
2,0.5,1.0,crp_dataset_8_1_1.csv|crp_dataset_8_1_6.csv,crp_dataset_8_1_4.csv,0.6657173,0.7913669064691269,0.8396946564821398,110,29,21,96,0.023046875,0.009577338129496403,0.013469536870503599
2,0.5,1.0,crp_dataset_8_1_1.csv|crp_dataset_8_1_6.csv,crp_dataset_8_1_5.csv,0.6657173,0.8191489361614984,0.7699999999923,77,17,23,139,0.039282226562499994,0.006316489361702127,0.032965737200797866
2,0.5,1.0,crp_dataset_8_1_8.csv|crp_dataset_8_1_7.csv,crp_dataset_8_1_3.csv,0.61314094,0.8813559321984105,0.9017341040410305,156,21,17,62,0.0196044921875,0.0057909604519774,0.013813531735522598
2,0.5,1.0,crp_dataset_8_1_8.csv|crp_dataset_8_1_7.csv,crp_dataset_8_1_1.csv,0.61314094,0.9506172839388812,0.611111111106261,77,4,49,126,0.0252685546875,0.0030864197530864196,0.02218213493441358
2,0.5,1.0,crp_dataset_8_1_8.csv|crp_dataset_8_1_7.csv,crp_dataset_8_1_2.csv,0.61314094,0.9425287356213502,0.6890756302463102,82,5,37,132,0.039453125,0.0020114942528735636,0.037441630747126434
2,0.5,1.0,crp_dataset_8_1_8.csv|crp_dataset_8_1_7.csv,crp_dataset_8_1_4.csv,0.61314094,0.8778625954131462,0.8778625954131462,115,16,16,109,0.023046875,0.006297709923664123,0.01674916507633588
2,0.5,1.0,crp_dataset_8_1_8.csv|crp_dataset_8_1_7.csv,crp_dataset_8_1_5.csv,0.61314094,0.9999999999870129,0.7699999999923,77,0,23,156,0.039282226562499994,0.0013798701298701301,0.03790235643262987
2,0.5,1.0,crp_dataset_8_1_8.csv|crp_dataset_8_1_7.csv,crp_dataset_8_1_6.csv,0.61314094,0.6481481481451475,0.9999999999928573,140,76,0,40,0.026928710937499996,0.018229166666666668,0.008699544270833328
2,0.5,1.0,crp_dataset_8_1_8.csv|crp_dataset_8_1_2.csv,crp_dataset_8_1_3.csv,0.6848375,0.8214285714243805,0.9306358381449097,161,35,12,48,0.0196044921875,0.01167091836734694,0.00793357382015306
2,0.5,1.0,crp_dataset_8_1_8.csv|crp_dataset_8_1_2.csv,crp_dataset_8_1_1.csv,0.6848375,0.8518518518455419,0.912698412691169,115,20,11,110,0.0252685546875,0.005648148148148148,0.01962040653935185
2,0.5,1.0,crp_dataset_8_1_8.csv|crp_dataset_8_1_2.csv,crp_dataset_8_1_7.csv,0.6848375,0.9954751131176676,0.9999999999954546,220,1,0,35,0.0095703125,0.0003959276018099547,0.009174384898190046
2,0.5,1.0,crp_dataset_8_1_8.csv|crp_dataset_8_1_2.csv,crp_dataset_8_1_4.csv,0.6848375,0.7202380952338081,0.9236641221303538,121,47,10,78,0.023046875,0.01257440476190476,0.01047247023809524
2,0.5,1.0,crp_dataset_8_1_8.csv|crp_dataset_8_1_2.csv,crp_dataset_8_1_5.csv,0.6848375,0.9999999999852941,0.6799999999931999,68,0,32,156,0.039282226562499994,0.0016544117647058825,0.03762781479779411
2,0.5,1.0,crp_dataset_8_1_8.csv|crp_dataset_8_1_2.csv,crp_dataset_8_1_6.csv,0.6848375,0.6192893400983793,0.871428571422347,122,75,18,41,0.026928710937499996,0.022620558375634522,0.004308152561865473
2,0.5,1.0,crp_dataset_8_1_8.csv|crp_dataset_8_1_4.csv,crp_dataset_8_1_3.csv,0.7165451,0.999999999982143,0.32369942196344687,56,0,117,83,0.0196044921875,0.0,0.0196044921875
2,0.5,1.0,crp_dataset_8_1_8.csv|crp_dataset_8_1_4.csv,crp_dataset_8_1_1.csv,0.7165451,0.9999999999836067,0.4841269841231418,61,0,65,130,0.0252685546875,0.00010245901639344262,0.02516609567110656
2,0.5,1.0,crp_dataset_8_1_8.csv|crp_dataset_8_1_4.csv,crp_dataset_8_1_7.csv,0.7165451,0.9999999999696971,0.14999999999931818,33,0,187,36,0.0095703125,0.0,0.0095703125
2,0.5,1.0,crp_dataset_8_1_8.csv|crp_dataset_8_1_4.csv,crp_dataset_8_1_2.csv,0.7165451,0.9111111111009876,0.6890756302463102,82,8,37,129,0.039453125,0.006736111111111112,0.03271701388888889
2,0.5,1.0,crp_dataset_8_1_8.csv|crp_dataset_8_1_4.csv,crp_dataset_8_1_5.csv,0.7165451,0.9999999999870129,0.7699999999923,77,0,23,156,0.039282226562499994,0.0013798701298701301,0.03790235643262987
2,0.5,1.0,crp_dataset_8_1_8.csv|crp_dataset_8_1_4.csv,crp_dataset_8_1_6.csv,0.7165451,0.99999999975,0.02857142857122449,4,0,136,116,0.026928710937499996,0.0,0.026928710937499996
2,0.5,1.0,crp_dataset_8_1_8.csv|crp_dataset_8_1_5.csv,crp_dataset_8_1_3.csv,0.85211337,0.8191489361658556,0.8901734103994788,154,34,19,49,0.0196044921875,0.011170212765957447,0.008434279421542552
2,0.5,1.0,crp_dataset_8_1_8.csv|crp_dataset_8_1_5.csv,crp_dataset_8_1_1.csv,0.85211337,0.9139784946138282,0.6746031745978206,85,8,41,122,0.0252685546875,0.003763440860215054,0.021505113827284945
2,0.5,1.0,crp_dataset_8_1_8.csv|crp_dataset_8_1_5.csv,crp_dataset_8_1_7.csv,0.85211337,0.9954751131176676,0.9999999999954546,220,1,0,35,0.0095703125,0.0007918552036199097,0.00877845729638009
2,0.5,1.0,crp_dataset_8_1_8.csv|crp_dataset_8_1_5.csv,crp_dataset_8_1_2.csv,0.85211337,0.999999999962963,0.22689075630061437,27,0,92,137,0.039453125,0.000925925925925926,0.03852719907407407
2,0.5,1.0,crp_dataset_8_1_8.csv|crp_dataset_8_1_5.csv,crp_dataset_8_1_4.csv,0.85211337,0.8235294117586506,0.8549618320545423,112,24,19,101,0.023046875,0.008134191176470587,0.014912683823529414
2,0.5,1.0,crp_dataset_8_1_8.csv|crp_dataset_8_1_5.csv,crp_dataset_8_1_6.csv,0.85211337,0.598039215683343,0.871428571422347,122,82,18,34,0.026928710937499996,0.024816176470588234,0.002112534466911762
2,0.5,1.0,crp_dataset_8_1_8.csv|crp_dataset_8_1_6.csv,crp_dataset_8_1_3.csv,0.66062963,0.9416058394091854,0.7456647398800829,129,8,44,75,0.0196044921875,0.0031021897810218978,0.0165023024064781
2,0.5,1.0,crp_dataset_8_1_8.csv|crp_dataset_8_1_6.csv,crp_dataset_8_1_1.csv,0.66062963,0.999999999988764,0.7063492063436004,89,0,37,130,0.0252685546875,0.0002808988764044944,0.024987655811095504
2,0.5,1.0,crp_dataset_8_1_8.csv|crp_dataset_8_1_6.csv,crp_dataset_8_1_7.csv,0.66062963,0.9606986899521367,0.9999999999954546,220,9,0,27,0.0095703125,0.0013919213973799126,0.008178391102620088
2,0.5,1.0,crp_dataset_8_1_8.csv|crp_dataset_8_1_6.csv,crp_dataset_8_1_2.csv,0.66062963,0.9111111111009876,0.6890756302463102,82,8,37,129,0.039453125,0.0065277777777777764,0.03292534722222222
2,0.5,1.0,crp_dataset_8_1_8.csv|crp_dataset_8_1_6.csv,crp_dataset_8_1_4.csv,0.66062963,0.9910714285625797,0.8473282442683411,111,1,20,124,0.023046875,0.00044642857142857147,0.02260044642857143
2,0.5,1.0,crp_dataset_8_1_8.csv|crp_dataset_8_1_6.csv,crp_dataset_8_1_5.csv,0.66062963,0.9999999999870129,0.7699999999923,77,0,23,156,0.039282226562499994,0.0013798701298701301,0.03790235643262987
2,0.5,1.0,crp_dataset_8_1_7.csv|crp_dataset_8_1_2.csv,crp_dataset_8_1_3.csv,0.88430923,0.9999999999910714,0.6473988439268937,112,0,61,83,0.0196044921875,0.0,0.0196044921875
2,0.5,1.0,crp_dataset_8_1_7.csv|crp_dataset_8_1_2.csv,crp_dataset_8_1_1.csv,0.88430923,0.9999999999833334,0.4761904761866969,60,0,66,130,0.0252685546875,0.00010416666666666667,0.025164388020833334
2,0.5,1.0,crp_dataset_8_1_7.csv|crp_dataset_8_1_2.csv,crp_dataset_8_1_8.csv,0.88430923,0.9999999999836067,0.4420289855040433,61,0,77,118,0.0283203125,0.0029713114754098364,0.025349001024590163
2,0.5,1.0,crp_dataset_8_1_7.csv|crp_dataset_8_1_2.csv,crp_dataset_8_1_4.csv,0.88430923,0.999999999990909,0.8396946564821398,110,0,21,125,0.023046875,0.0002840909090909091,0.022762784090909094
2,0.5,1.0,crp_dataset_8_1_7.csv|crp_dataset_8_1_2.csv,crp_dataset_8_1_5.csv,0.88430923,0.9999999999859155,0.7099999999929,71,0,29,156,0.039282226562499994,0.0014084507042253522,0.037873775858274644
2,0.5,1.0,crp_dataset_8_1_7.csv|crp_dataset_8_1_2.csv,crp_dataset_8_1_6.csv,0.88430923,0.9999999999868421,0.5428571428532654,76,0,64,116,0.026928710937499996,8.223684210526316e-05,0.026846474095394732
2,0.5,1.0,crp_dataset_8_1_7.csv|crp_dataset_8_1_4.csv,crp_dataset_8_1_3.csv,0.21623555,0.6757812499973602,0.9999999999942197,173,83,0,0,0.0196044921875,0.0196044921875,0.0
2,0.5,1.0,crp_dataset_8_1_7.csv|crp_dataset_8_1_4.csv,crp_dataset_8_1_1.csv,0.21623555,0.4921874999980774,0.9999999999920635,126,130,0,0,0.0252685546875,0.0252685546875,0.0
2,0.5,1.0,crp_dataset_8_1_7.csv|crp_dataset_8_1_4.csv,crp_dataset_8_1_8.csv,0.21623555,0.5390624999978944,0.9999999999927537,138,118,0,0,0.0283203125,0.0283203125,0.0
2,0.5,1.0,crp_dataset_8_1_7.csv|crp_dataset_8_1_4.csv,crp_dataset_8_1_2.csv,0.21623555,0.46484374999818423,0.9999999999915966,119,137,0,0,0.039453125,0.039453125,0.0
2,0.5,1.0,crp_dataset_8_1_7.csv|crp_dataset_8_1_4.csv,crp_dataset_8_1_5.csv,0.21623555,0.39062499999847416,0.99999999999,100,156,0,0,0.039282226562499994,0.039282226562499994,0.0
2,0.5,1.0,crp_dataset_8_1_7.csv|crp_dataset_8_1_4.csv,crp_dataset_8_1_6.csv,0.21623555,0.5468749999978638,0.9999999999928573,140,116,0,0,0.026928710937499996,0.026928710937499996,0.0
2,0.5,1.0,crp_dataset_8_1_7.csv|crp_dataset_8_1_5.csv,crp_dataset_8_1_3.csv,0.8878758,0.9824561403422591,0.6473988439268937,112,2,61,81,0.0196044921875,0.0002192982456140351,0.019385193941885964
2,0.5,1.0,crp_dataset_8_1_7.csv|crp_dataset_8_1_5.csv,crp_dataset_8_1_1.csv,0.8878758,0.9999999999833334,0.4761904761866969,60,0,66,130,0.0252685546875,0.00010416666666666667,0.025164388020833334
2,0.5,1.0,crp_dataset_8_1_7.csv|crp_dataset_8_1_5.csv,crp_dataset_8_1_8.csv,0.8878758,0.9682539682385992,0.4420289855040433,61,2,77,116,0.0283203125,0.0032738095238095243,0.025046502976190474
2,0.5,1.0,crp_dataset_8_1_7.csv|crp_dataset_8_1_5.csv,crp_dataset_8_1_2.csv,0.8878758,0.9425287356213502,0.6890756302463102,82,5,37,132,0.039453125,0.0020114942528735636,0.037441630747126434
2,0.5,1.0,crp_dataset_8_1_7.csv|crp_dataset_8_1_5.csv,crp_dataset_8_1_4.csv,0.8878758,0.999999999990909,0.8396946564821398,110,0,21,125,0.023046875,0.0002840909090909091,0.022762784090909094
2,0.5,1.0,crp_dataset_8_1_7.csv|crp_dataset_8_1_5.csv,crp_dataset_8_1_6.csv,0.8878758,0.9999999999868421,0.5428571428532654,76,0,64,116,0.026928710937499996,8.223684210526316e-05,0.026846474095394732
2,0.5,1.0,crp_dataset_8_1_7.csv|crp_dataset_8_1_6.csv,crp_dataset_8_1_3.csv,0.81529164,0.9729729729642074,0.6242774566437903,108,3,65,80,0.0196044921875,0.0006193693693693694,0.01898512281813063
2,0.5,1.0,crp_dataset_8_1_7.csv|crp_dataset_8_1_6.csv,crp_dataset_8_1_1.csv,0.81529164,0.9799999999804001,0.3888888888858025,49,1,77,129,0.0252685546875,0.00037500000000000006,0.0248935546875
2,0.5,1.0,crp_dataset_8_1_7.csv|crp_dataset_8_1_6.csv,crp_dataset_8_1_8.csv,0.81529164,0.6666666666419753,0.1304347826077505,18,9,120,109,0.0283203125,0.00625,0.0220703125
2,0.5,1.0,crp_dataset_8_1_7.csv|crp_dataset_8_1_6.csv,crp_dataset_8_1_2.csv,0.81529164,0.8157894736627425,0.26050420167848315,31,7,88,130,0.039453125,0.0031249999999999997,0.036328124999999996
2,0.5,1.0,crp_dataset_8_1_7.csv|crp_dataset_8_1_6.csv,crp_dataset_8_1_4.csv,0.81529164,0.9784946236453925,0.6946564885443156,91,2,40,123,0.023046875,0.00047043010752688175,0.02257644489247312
2,0.5,1.0,crp_dataset_8_1_7.csv|crp_dataset_8_1_6.csv,crp_dataset_8_1_5.csv,0.81529164,0.999999999962963,0.2699999999973,27,0,73,156,0.039282226562499994,0.0006944444444444446,0.03858778211805555
2,0.5,1.0,crp_dataset_8_1_2.csv|crp_dataset_8_1_4.csv,crp_dataset_8_1_3.csv,0.6021088,0.9999999999910714,0.6473988439268937,112,0,61,83,0.0196044921875,0.0,0.0196044921875
2,0.5,1.0,crp_dataset_8_1_2.csv|crp_dataset_8_1_4.csv,crp_dataset_8_1_1.csv,0.6021088,0.9999999999833334,0.4761904761866969,60,0,66,130,0.0252685546875,0.00010416666666666667,0.025164388020833334
2,0.5,1.0,crp_dataset_8_1_2.csv|crp_dataset_8_1_4.csv,crp_dataset_8_1_8.csv,0.6021088,0.7976190476095522,0.48550724637329346,67,17,71,101,0.0283203125,0.010119047619047618,0.018201264880952382
2,0.5,1.0,crp_dataset_8_1_2.csv|crp_dataset_8_1_4.csv,crp_dataset_8_1_7.csv,0.6021088,0.9999999999954546,0.9999999999954546,220,0,0,36,0.0095703125,0.00034090909090909094,0.00922940340909091
2,0.5,1.0,crp_dataset_8_1_2.csv|crp_dataset_8_1_4.csv,crp_dataset_8_1_5.csv,0.6021088,0.9999999999873417,0.7899999999921,79,0,21,156,0.039282226562499994,0.0015031645569620253,0.03777906200553797
2,0.5,1.0,crp_dataset_8_1_2.csv|crp_dataset_8_1_4.csv,crp_dataset_8_1_6.csv,0.6021088,0.9999999999868421,0.5428571428532654,76,0,64,116,0.026928710937499996,8.223684210526316e-05,0.026846474095394732
2,0.5,1.0,crp_dataset_8_1_2.csv|crp_dataset_8_1_5.csv,crp_dataset_8_1_3.csv,0.72490245,0.8095238095195264,0.884393063578703,153,36,20,47,0.0196044921875,0.009490740740740742,0.010113751446759257
2,0.5,1.0,crp_dataset_8_1_2.csv|crp_dataset_8_1_5.csv,crp_dataset_8_1_1.csv,0.72490245,0.6016260162552713,0.5873015872969262,74,49,52,81,0.0252685546875,0.01478658536585366,0.01048196932164634
2,0.5,1.0,crp_dataset_8_1_2.csv|crp_dataset_8_1_5.csv,crp_dataset_8_1_8.csv,0.72490245,0.7169811320687077,0.5507246376771687,76,30,62,88,0.0283203125,0.01143867924528302,0.01688163325471698
2,0.5,1.0,crp_dataset_8_1_2.csv|crp_dataset_8_1_5.csv,crp_dataset_8_1_7.csv,0.72490245,0.9999999999954546,0.9999999999954546,220,0,0,36,0.0095703125,0.00034090909090909094,0.00922940340909091
2,0.5,1.0,crp_dataset_8_1_2.csv|crp_dataset_8_1_5.csv,crp_dataset_8_1_4.csv,0.72490245,0.7262569832361662,0.9923664122061652,130,49,1,76,0.023046875,0.011731843575418994,0.011315031424581007
2,0.5,1.0,crp_dataset_8_1_2.csv|crp_dataset_8_1_5.csv,crp_dataset_8_1_6.csv,0.72490245,0.6858974358930392,0.7642857142802552,107,49,33,67,0.026928710937499996,0.01658653846153846,0.010342172475961534
2,0.5,1.0,crp_dataset_8_1_2.csv|crp_dataset_8_1_6.csv,crp_dataset_8_1_3.csv,0.8198565,0.9655172413709869,0.6473988439268937,112,4,61,79,0.0196044921875,0.0012392241379310346,0.018365268049568964
2,0.5,1.0,crp_dataset_8_1_2.csv|crp_dataset_8_1_6.csv,crp_dataset_8_1_1.csv,0.8198565,0.9687499999848632,0.49206349205958677,62,2,64,128,0.0252685546875,0.00078125,0.0244873046875
2,0.5,1.0,crp_dataset_8_1_2.csv|crp_dataset_8_1_6.csv,crp_dataset_8_1_8.csv,0.8198565,0.9838709677260666,0.4420289855040433,61,1,77,117,0.0283203125,0.0031250000000000006,0.0251953125
2,0.5,1.0,crp_dataset_8_1_2.csv|crp_dataset_8_1_6.csv,crp_dataset_8_1_7.csv,0.8198565,0.9999999999954546,0.9999999999954546,220,0,0,36,0.0095703125,0.00034090909090909094,0.00922940340909091
2,0.5,1.0,crp_dataset_8_1_2.csv|crp_dataset_8_1_6.csv,crp_dataset_8_1_4.csv,0.8198565,0.9910714285625797,0.8473282442683411,111,1,20,124,0.023046875,0.00039062499999999997,0.022656250000000003
2,0.5,1.0,crp_dataset_8_1_2.csv|crp_dataset_8_1_6.csv,crp_dataset_8_1_5.csv,0.8198565,0.9999999999863013,0.7299999999926999,73,0,27,156,0.039282226562499994,0.0013698630136986301,0.03791236354880136
2,0.5,1.0,crp_dataset_8_1_4.csv|crp_dataset_8_1_5.csv,crp_dataset_8_1_3.csv,0.76473075,0.9824561403422591,0.6473988439268937,112,2,61,81,0.0196044921875,0.0002192982456140351,0.019385193941885964
2,0.5,1.0,crp_dataset_8_1_4.csv|crp_dataset_8_1_5.csv,crp_dataset_8_1_1.csv,0.76473075,0.9999999999833334,0.4761904761866969,60,0,66,130,0.0252685546875,0.00010416666666666667,0.025164388020833334
2,0.5,1.0,crp_dataset_8_1_4.csv|crp_dataset_8_1_5.csv,crp_dataset_8_1_8.csv,0.76473075,0.9682539682385992,0.4420289855040433,61,2,77,116,0.0283203125,0.0032738095238095243,0.025046502976190474
2,0.5,1.0,crp_dataset_8_1_4.csv|crp_dataset_8_1_5.csv,crp_dataset_8_1_7.csv,0.76473075,0.9999999999954546,0.9999999999954546,220,0,0,36,0.0095703125,0.00034090909090909094,0.00922940340909091
2,0.5,1.0,crp_dataset_8_1_4.csv|crp_dataset_8_1_5.csv,crp_dataset_8_1_2.csv,0.76473075,0.9425287356213502,0.6890756302463102,82,5,37,132,0.039453125,0.0020114942528735636,0.037441630747126434
2,0.5,1.0,crp_dataset_8_1_4.csv|crp_dataset_8_1_5.csv,crp_dataset_8_1_6.csv,0.76473075,0.9999999999868421,0.5428571428532654,76,0,64,116,0.026928710937499996,8.223684210526316e-05,0.026846474095394732
2,0.5,1.0,crp_dataset_8_1_4.csv|crp_dataset_8_1_6.csv,crp_dataset_8_1_3.csv,0.0818987,0.6757812499973602,0.9999999999942197,173,83,0,0,0.0196044921875,0.0196044921875,0.0
2,0.5,1.0,crp_dataset_8_1_4.csv|crp_dataset_8_1_6.csv,crp_dataset_8_1_1.csv,0.0818987,0.4921874999980774,0.9999999999920635,126,130,0,0,0.0252685546875,0.0252685546875,0.0
2,0.5,1.0,crp_dataset_8_1_4.csv|crp_dataset_8_1_6.csv,crp_dataset_8_1_8.csv,0.0818987,0.5390624999978944,0.9999999999927537,138,118,0,0,0.0283203125,0.0283203125,0.0
2,0.5,1.0,crp_dataset_8_1_4.csv|crp_dataset_8_1_6.csv,crp_dataset_8_1_7.csv,0.0818987,0.8593749999966431,0.9999999999954546,220,36,0,0,0.0095703125,0.0095703125,0.0
2,0.5,1.0,crp_dataset_8_1_4.csv|crp_dataset_8_1_6.csv,crp_dataset_8_1_2.csv,0.0818987,0.46484374999818423,0.9999999999915966,119,137,0,0,0.039453125,0.039453125,0.0
2,0.5,1.0,crp_dataset_8_1_4.csv|crp_dataset_8_1_6.csv,crp_dataset_8_1_5.csv,0.0818987,0.39062499999847416,0.99999999999,100,156,0,0,0.039282226562499994,0.039282226562499994,0.0
2,0.5,1.0,crp_dataset_8_1_5.csv|crp_dataset_8_1_6.csv,crp_dataset_8_1_3.csv,0.79626846,0.9824561403422591,0.6473988439268937,112,2,61,81,0.0196044921875,0.0002192982456140351,0.019385193941885964
2,0.5,1.0,crp_dataset_8_1_5.csv|crp_dataset_8_1_6.csv,crp_dataset_8_1_1.csv,0.79626846,0.9999999999833334,0.4761904761866969,60,0,66,130,0.0252685546875,0.00010416666666666667,0.025164388020833334
2,0.5,1.0,crp_dataset_8_1_5.csv|crp_dataset_8_1_6.csv,crp_dataset_8_1_8.csv,0.79626846,0.9682539682385992,0.4420289855040433,61,2,77,116,0.0283203125,0.0032738095238095243,0.025046502976190474
2,0.5,1.0,crp_dataset_8_1_5.csv|crp_dataset_8_1_6.csv,crp_dataset_8_1_7.csv,0.79626846,0.9999999999954546,0.9999999999954546,220,0,0,36,0.0095703125,0.00034090909090909094,0.00922940340909091
2,0.5,1.0,crp_dataset_8_1_5.csv|crp_dataset_8_1_6.csv,crp_dataset_8_1_2.csv,0.79626846,0.9425287356213502,0.6890756302463102,82,5,37,132,0.039453125,0.0020114942528735636,0.037441630747126434
2,0.5,1.0,crp_dataset_8_1_5.csv|crp_dataset_8_1_6.csv,crp_dataset_8_1_4.csv,0.79626846,0.999999999990909,0.8396946564821398,110,0,21,125,0.023046875,0.0002840909090909091,0.022762784090909094
3,0.5,1.0,crp_dataset_8_1_3.csv|crp_dataset_8_1_1.csv|crp_dataset_8_1_8.csv,crp_dataset_8_1_7.csv,0.6135187,0.9999999999954546,0.9999999999954546,220,0,0,36,0.0095703125,0.00034090909090909094,0.00922940340909091
3,0.5,1.0,crp_dataset_8_1_3.csv|crp_dataset_8_1_1.csv|crp_dataset_8_1_8.csv,crp_dataset_8_1_2.csv,0.6135187,0.9213483145963893,0.6890756302463102,82,7,37,130,0.039453125,0.0053370786516853935,0.0341160463483146
3,0.5,1.0,crp_dataset_8_1_3.csv|crp_dataset_8_1_1.csv|crp_dataset_8_1_8.csv,crp_dataset_8_1_4.csv,0.6135187,0.9999999999910714,0.8549618320545423,112,0,19,125,0.023046875,0.00033482142857142863,0.022712053571428574
3,0.5,1.0,crp_dataset_8_1_3.csv|crp_dataset_8_1_1.csv|crp_dataset_8_1_8.csv,crp_dataset_8_1_5.csv,0.6135187,0.9999999999870129,0.7699999999923,77,0,23,156,0.039282226562499994,0.0013798701298701301,0.03790235643262987
3,0.5,1.0,crp_dataset_8_1_3.csv|crp_dataset_8_1_1.csv|crp_dataset_8_1_8.csv,crp_dataset_8_1_6.csv,0.6135187,0.9291338582604005,0.8428571428511226,118,9,22,107,0.026928710937499996,0.002903543307086614,0.02402516763041338
3,0.5,1.0,crp_dataset_8_1_3.csv|crp_dataset_8_1_1.csv|crp_dataset_8_1_7.csv,crp_dataset_8_1_8.csv,0.6044041,0.9523809523696145,0.5797101449233355,80,4,58,114,0.0283203125,0.002976190476190476,0.025344122023809524
3,0.5,1.0,crp_dataset_8_1_3.csv|crp_dataset_8_1_1.csv|crp_dataset_8_1_7.csv,crp_dataset_8_1_2.csv,0.6044041,0.9425287356213502,0.6890756302463102,82,5,37,132,0.039453125,0.0020114942528735636,0.037441630747126434
3,0.5,1.0,crp_dataset_8_1_3.csv|crp_dataset_8_1_1.csv|crp_dataset_8_1_7.csv,crp_dataset_8_1_4.csv,0.6044041,0.9243697478913918,0.8396946564821398,110,9,21,116,0.023046875,0.0030987394957983196,0.019948135504201683
3,0.5,1.0,crp_dataset_8_1_3.csv|crp_dataset_8_1_1.csv|crp_dataset_8_1_7.csv,crp_dataset_8_1_5.csv,0.6044041,0.9999999999870129,0.7699999999923,77,0,23,156,0.039282226562499994,0.0013798701298701301,0.03790235643262987
3,0.5,1.0,crp_dataset_8_1_3.csv|crp_dataset_8_1_1.csv|crp_dataset_8_1_7.csv,crp_dataset_8_1_6.csv,0.6044041,0.7624309392223071,0.985714285707245,138,43,2,73,0.026928710937499996,0.011118784530386741,0.015809926407113255
3,0.5,1.0,crp_dataset_8_1_3.csv|crp_dataset_8_1_1.csv|crp_dataset_8_1_2.csv,crp_dataset_8_1_8.csv,0.62261117,0.8596491227994767,0.7101449275310859,98,16,40,102,0.0283203125,0.004276315789473684,0.024043996710526316
3,0.5,1.0,crp_dataset_8_1_3.csv|crp_dataset_8_1_1.csv|crp_dataset_8_1_2.csv,crp_dataset_8_1_7.csv,0.62261117,0.9999999999954546,0.9999999999954546,220,0,0,36,0.0095703125,0.00034090909090909094,0.00922940340909091
3,0.5,1.0,crp_dataset_8_1_3.csv|crp_dataset_8_1_1.csv|crp_dataset_8_1_2.csv,crp_dataset_8_1_4.csv,0.62261117,0.8444444444381893,0.8702290076269449,114,21,17,104,0.023046875,0.006944444444444444,0.016102430555555557
3,0.5,1.0,crp_dataset_8_1_3.csv|crp_dataset_8_1_1.csv|crp_dataset_8_1_2.csv,crp_dataset_8_1_5.csv,0.62261117,0.9999999999870129,0.7699999999923,77,0,23,156,0.039282226562499994,0.0013798701298701301,0.03790235643262987
3,0.5,1.0,crp_dataset_8_1_3.csv|crp_dataset_8_1_1.csv|crp_dataset_8_1_2.csv,crp_dataset_8_1_6.csv,0.62261117,0.9416666666588194,0.8071428571370919,113,7,27,109,0.026928710937499996,0.002760416666666667,0.024168294270833328
3,0.5,1.0,crp_dataset_8_1_3.csv|crp_dataset_8_1_1.csv|crp_dataset_8_1_4.csv,crp_dataset_8_1_8.csv,0.65299577,0.9999999999876543,0.5869565217348772,81,0,57,118,0.0283203125,0.002469135802469136,0.025851176697530863
3,0.5,1.0,crp_dataset_8_1_3.csv|crp_dataset_8_1_1.csv|crp_dataset_8_1_4.csv,crp_dataset_8_1_7.csv,0.65299577,0.9999999999954546,0.9999999999954546,220,0,0,36,0.0095703125,0.00034090909090909094,0.00922940340909091
3,0.5,1.0,crp_dataset_8_1_3.csv|crp_dataset_8_1_1.csv|crp_dataset_8_1_4.csv,crp_dataset_8_1_2.csv,0.65299577,0.9999999999864865,0.6218487394905727,74,0,45,137,0.039453125,0.0008445945945945946,0.038608530405405406
3,0.5,1.0,crp_dataset_8_1_3.csv|crp_dataset_8_1_1.csv|crp_dataset_8_1_4.csv,crp_dataset_8_1_5.csv,0.65299577,0.9999999999859155,0.7099999999929,71,0,29,156,0.039282226562499994,0.0009683098591549297,0.038313916703345066
3,0.5,1.0,crp_dataset_8_1_3.csv|crp_dataset_8_1_1.csv|crp_dataset_8_1_4.csv,crp_dataset_8_1_6.csv,0.65299577,0.8427672955921839,0.9571428571360204,134,25,6,91,0.026928710937499996,0.006918238993710692,0.020010471943789306
3,0.5,1.0,crp_dataset_8_1_3.csv|crp_dataset_8_1_1.csv|crp_dataset_8_1_5.csv,crp_dataset_8_1_8.csv,0.6236643,0.8333333333260233,0.6884057970964609,95,19,43,99,0.0283203125,0.0046600877192982445,0.023660224780701754
3,0.5,1.0,crp_dataset_8_1_3.csv|crp_dataset_8_1_1.csv|crp_dataset_8_1_5.csv,crp_dataset_8_1_7.csv,0.6236643,0.9999999999954546,0.9999999999954546,220,0,0,36,0.0095703125,0.00034090909090909094,0.00922940340909091
3,0.5,1.0,crp_dataset_8_1_3.csv|crp_dataset_8_1_1.csv|crp_dataset_8_1_5.csv,crp_dataset_8_1_2.csv,0.6236643,0.9999999999886363,0.7394957983131134,88,0,31,137,0.039453125,0.001278409090909091,0.038174715909090905
3,0.5,1.0,crp_dataset_8_1_3.csv|crp_dataset_8_1_1.csv|crp_dataset_8_1_5.csv,crp_dataset_8_1_4.csv,0.6236643,0.9262295081891292,0.8625954198407436,113,9,18,116,0.023046875,0.003278688524590164,0.019768186475409837
3,0.5,1.0,crp_dataset_8_1_3.csv|crp_dataset_8_1_1.csv|crp_dataset_8_1_5.csv,crp_dataset_8_1_6.csv,0.6236643,0.9495798319247934,0.8071428571370919,113,6,27,110,0.026928710937499996,0.0028361344537815125,0.024092576483718483
3,0.5,1.0,crp_dataset_8_1_3.csv|crp_dataset_8_1_1.csv|crp_dataset_8_1_6.csv,crp_dataset_8_1_8.csv,0.6131523,0.916666666658179,0.7173913043426277,99,9,39,109,0.0283203125,0.0035300925925925925,0.02479021990740741
3,0.5,1.0,crp_dataset_8_1_3.csv|crp_dataset_8_1_1.csv|crp_dataset_8_1_6.csv,crp_dataset_8_1_7.csv,0.6131523,0.9821428571384726,0.9999999999954546,220,4,0,32,0.0095703125,0.0007254464285714286,0.008844866071428571
3,0.5,1.0,crp_dataset_8_1_3.csv|crp_dataset_8_1_1.csv|crp_dataset_8_1_6.csv,crp_dataset_8_1_2.csv,0.6131523,0.9879518072170126,0.6890756302463102,82,1,37,136,0.039453125,0.0037650602409638554,0.035688064759036145
3,0.5,1.0,crp_dataset_8_1_3.csv|crp_dataset_8_1_1.csv|crp_dataset_8_1_6.csv,crp_dataset_8_1_4.csv,0.6131523,0.874015748024614,0.8473282442683411,111,16,20,109,0.023046875,0.004773622047244094,0.018273252952755906
3,0.5,1.0,crp_dataset_8_1_3.csv|crp_dataset_8_1_1.csv|crp_dataset_8_1_6.csv,crp_dataset_8_1_5.csv,0.6131523,0.987179487166831,0.7699999999923,77,1,23,155,0.039282226562499994,0.0015224358974358974,0.037759790665064095
3,0.5,1.0,crp_dataset_8_1_3.csv|crp_dataset_8_1_8.csv|crp_dataset_8_1_7.csv,crp_dataset_8_1_1.csv,0.6054891,0.8484848484784207,0.8888888888818341,112,20,14,110,0.0252685546875,0.0074810606060606065,0.017787494081439394
3,0.5,1.0,crp_dataset_8_1_3.csv|crp_dataset_8_1_8.csv|crp_dataset_8_1_7.csv,crp_dataset_8_1_2.csv,0.6054891,0.557894736839169,0.890756302513523,106,84,13,53,0.039453125,0.03861842105263158,0.000834703947368419
3,0.5,1.0,crp_dataset_8_1_3.csv|crp_dataset_8_1_8.csv|crp_dataset_8_1_7.csv,crp_dataset_8_1_4.csv,0.6054891,0.973913043469792,0.8549618320545423,112,3,19,122,0.023046875,0.0014673913043478262,0.021579483695652175
3,0.5,1.0,crp_dataset_8_1_3.csv|crp_dataset_8_1_8.csv|crp_dataset_8_1_7.csv,crp_dataset_8_1_5.csv,0.6054891,0.7966101694847745,0.9399999999905999,94,24,6,132,0.039282226562499994,0.0075211864406779655,0.03176104012182203
3,0.5,1.0,crp_dataset_8_1_3.csv|crp_dataset_8_1_8.csv|crp_dataset_8_1_7.csv,crp_dataset_8_1_6.csv,0.6054891,0.8013698630082099,0.8357142857083164,117,29,23,87,0.026928710937499996,0.009589041095890411,0.017339669841609583
3,0.5,1.0,crp_dataset_8_1_3.csv|crp_dataset_8_1_8.csv|crp_dataset_8_1_2.csv,crp_dataset_8_1_1.csv,0.7038917,0.903508771921899,0.8174603174538296,103,11,23,119,0.0252685546875,0.003289473684210526,0.021979081003289474
3,0.5,1.0,crp_dataset_8_1_3.csv|crp_dataset_8_1_8.csv|crp_dataset_8_1_2.csv,crp_dataset_8_1_7.csv,0.7038917,0.9999999999954546,0.9999999999954546,220,0,0,36,0.0095703125,0.00034090909090909094,0.00922940340909091
3,0.5,1.0,crp_dataset_8_1_3.csv|crp_dataset_8_1_8.csv|crp_dataset_8_1_2.csv,crp_dataset_8_1_4.csv,0.7038917,0.9495798319247934,0.8625954198407436,113,6,18,119,0.023046875,0.0026260504201680674,0.020420824579831933
3,0.5,1.0,crp_dataset_8_1_3.csv|crp_dataset_8_1_8.csv|crp_dataset_8_1_2.csv,crp_dataset_8_1_5.csv,0.7038917,0.9999999999876543,0.8099999999919,81,0,19,156,0.039282226562499994,0.0017746913580246916,0.037507535204475306
3,0.5,1.0,crp_dataset_8_1_3.csv|crp_dataset_8_1_8.csv|crp_dataset_8_1_2.csv,crp_dataset_8_1_6.csv,0.7038917,0.9999999999871795,0.5571428571388776,78,0,62,116,0.026928710937499996,0.00016025641025641026,0.026768454527243586
3,0.5,1.0,crp_dataset_8_1_3.csv|crp_dataset_8_1_8.csv|crp_dataset_8_1_4.csv,crp_dataset_8_1_1.csv,0.69688773,0.9999999999876543,0.6428571428520408,81,0,45,130,0.0252685546875,7.716049382716049e-05,0.02519139419367284
3,0.5,1.0,crp_dataset_8_1_3.csv|crp_dataset_8_1_8.csv|crp_dataset_8_1_4.csv,crp_dataset_8_1_7.csv,0.69688773,0.9999999999954546,0.9999999999954546,220,0,0,36,0.0095703125,0.00034090909090909094,0.00922940340909091
3,0.5,1.0,crp_dataset_8_1_3.csv|crp_dataset_8_1_8.csv|crp_dataset_8_1_4.csv,crp_dataset_8_1_2.csv,0.69688773,0.9999999999878049,0.6890756302463102,82,0,37,137,0.039453125,0.0013719512195121953,0.0380811737804878
3,0.5,1.0,crp_dataset_8_1_3.csv|crp_dataset_8_1_8.csv|crp_dataset_8_1_4.csv,crp_dataset_8_1_5.csv,0.69688773,0.9999999999870129,0.7699999999923,77,0,23,156,0.039282226562499994,0.0013798701298701301,0.03790235643262987
3,0.5,1.0,crp_dataset_8_1_3.csv|crp_dataset_8_1_8.csv|crp_dataset_8_1_4.csv,crp_dataset_8_1_6.csv,0.69688773,0.9304347826006049,0.7642857142802552,107,8,33,108,0.026928710937499996,0.0025543478260869564,0.024374363111413038
3,0.5,1.0,crp_dataset_8_1_3.csv|crp_dataset_8_1_8.csv|crp_dataset_8_1_5.csv,crp_dataset_8_1_1.csv,0.61389285,0.9230769230690336,0.8571428571360544,108,9,18,121,0.0252685546875,0.002403846153846154,0.022864708533653848
3,0.5,1.0,crp_dataset_8_1_3.csv|crp_dataset_8_1_8.csv|crp_dataset_8_1_5.csv,crp_dataset_8_1_7.csv,0.61389285,0.9999999999954546,0.9999999999954546,220,0,0,36,0.0095703125,0.00034090909090909094,0.00922940340909091
3,0.5,1.0,crp_dataset_8_1_3.csv|crp_dataset_8_1_8.csv|crp_dataset_8_1_5.csv,crp_dataset_8_1_2.csv,0.61389285,0.9999999999900989,0.848739495791187,101,0,18,137,0.039453125,0.001113861386138614,0.038339263613861384
3,0.5,1.0,crp_dataset_8_1_3.csv|crp_dataset_8_1_8.csv|crp_dataset_8_1_5.csv,crp_dataset_8_1_4.csv,0.61389285,0.982905982897582,0.8778625954131462,115,2,16,123,0.023046875,0.0010149572649572648,0.022031917735042737
3,0.5,1.0,crp_dataset_8_1_3.csv|crp_dataset_8_1_8.csv|crp_dataset_8_1_5.csv,crp_dataset_8_1_6.csv,0.61389285,0.9338842975129431,0.8071428571370919,113,8,27,108,0.026928710937499996,0.0034090909090909094,0.023519620028409086
3,0.5,1.0,crp_dataset_8_1_3.csv|crp_dataset_8_1_8.csv|crp_dataset_8_1_6.csv,crp_dataset_8_1_1.csv,0.6271348,0.999999999990991,0.8809523809453892,111,0,15,130,0.0252685546875,0.00028153153153153153,0.024987023155968468
3,0.5,1.0,crp_dataset_8_1_3.csv|crp_dataset_8_1_8.csv|crp_dataset_8_1_6.csv,crp_dataset_8_1_7.csv,0.6271348,0.9999999999954546,0.9999999999954546,220,0,0,36,0.0095703125,0.00034090909090909094,0.00922940340909091
3,0.5,1.0,crp_dataset_8_1_3.csv|crp_dataset_8_1_8.csv|crp_dataset_8_1_6.csv,crp_dataset_8_1_2.csv,0.6271348,0.9318181818075929,0.6890756302463102,82,6,37,131,0.039453125,0.007386363636363636,0.03206676136363636
3,0.5,1.0,crp_dataset_8_1_3.csv|crp_dataset_8_1_8.csv|crp_dataset_8_1_6.csv,crp_dataset_8_1_4.csv,0.6271348,0.999999999990909,0.8396946564821398,110,0,21,125,0.023046875,0.0002840909090909091,0.022762784090909094
3,0.5,1.0,crp_dataset_8_1_3.csv|crp_dataset_8_1_8.csv|crp_dataset_8_1_6.csv,crp_dataset_8_1_5.csv,0.6271348,0.9999999999870129,0.7699999999923,77,0,23,156,0.039282226562499994,0.0013798701298701301,0.03790235643262987
3,0.5,1.0,crp_dataset_8_1_3.csv|crp_dataset_8_1_7.csv|crp_dataset_8_1_2.csv,crp_dataset_8_1_1.csv,0.67654264,0.888888888877915,0.5714285714240362,72,9,54,121,0.0252685546875,0.0035493827160493823,0.021719171971450617
3,0.5,1.0,crp_dataset_8_1_3.csv|crp_dataset_8_1_7.csv|crp_dataset_8_1_2.csv,crp_dataset_8_1_8.csv,0.67654264,0.9999999999836067,0.4420289855040433,61,0,77,118,0.0283203125,0.0029713114754098364,0.025349001024590163
3,0.5,1.0,crp_dataset_8_1_3.csv|crp_dataset_8_1_7.csv|crp_dataset_8_1_2.csv,crp_dataset_8_1_4.csv,0.67654264,0.9655172413709869,0.8549618320545423,112,4,19,121,0.023046875,0.0016163793103448276,0.021430495689655174
3,0.5,1.0,crp_dataset_8_1_3.csv|crp_dataset_8_1_7.csv|crp_dataset_8_1_2.csv,crp_dataset_8_1_5.csv,0.67654264,0.9999999999870129,0.7699999999923,77,0,23,156,0.039282226562499994,0.0013798701298701301,0.03790235643262987
3,0.5,1.0,crp_dataset_8_1_3.csv|crp_dataset_8_1_7.csv|crp_dataset_8_1_2.csv,crp_dataset_8_1_6.csv,0.67654264,0.9999999999875,0.5714285714244899,80,0,60,116,0.026928710937499996,0.0003125,0.026616210937499996
3,0.5,1.0,crp_dataset_8_1_3.csv|crp_dataset_8_1_7.csv|crp_dataset_8_1_4.csv,crp_dataset_8_1_1.csv,0.6385764,0.9999999999848485,0.5238095238053666,66,0,60,130,0.0252685546875,9.46969696969697e-05,0.02517385771780303
3,0.5,1.0,crp_dataset_8_1_3.csv|crp_dataset_8_1_7.csv|crp_dataset_8_1_4.csv,crp_dataset_8_1_8.csv,0.6385764,0.9999999999836067,0.4420289855040433,61,0,77,118,0.0283203125,0.0029713114754098364,0.025349001024590163
3,0.5,1.0,crp_dataset_8_1_3.csv|crp_dataset_8_1_7.csv|crp_dataset_8_1_4.csv,crp_dataset_8_1_2.csv,0.6385764,0.9999999999878049,0.6890756302463102,82,0,37,137,0.039453125,0.0013719512195121953,0.0380811737804878
3,0.5,1.0,crp_dataset_8_1_3.csv|crp_dataset_8_1_7.csv|crp_dataset_8_1_4.csv,crp_dataset_8_1_5.csv,0.6385764,0.9999999999870129,0.7699999999923,77,0,23,156,0.039282226562499994,0.0013798701298701301,0.03790235643262987
3,0.5,1.0,crp_dataset_8_1_3.csv|crp_dataset_8_1_7.csv|crp_dataset_8_1_4.csv,crp_dataset_8_1_6.csv,0.6385764,0.9677419354734651,0.642857142852551,90,3,50,113,0.026928710937499996,0.0019489247311827958,0.0249797862063172
3,0.5,1.0,crp_dataset_8_1_3.csv|crp_dataset_8_1_7.csv|crp_dataset_8_1_5.csv,crp_dataset_8_1_1.csv,0.857287,0.9999999999833334,0.4761904761866969,60,0,66,130,0.0252685546875,0.00010416666666666667,0.025164388020833334
3,0.5,1.0,crp_dataset_8_1_3.csv|crp_dataset_8_1_7.csv|crp_dataset_8_1_5.csv,crp_dataset_8_1_8.csv,0.857287,0.9999999999836067,0.4420289855040433,61,0,77,118,0.0283203125,0.0029713114754098364,0.025349001024590163
3,0.5,1.0,crp_dataset_8_1_3.csv|crp_dataset_8_1_7.csv|crp_dataset_8_1_5.csv,crp_dataset_8_1_2.csv,0.857287,0.9999999999830509,0.4957983193235647,59,0,60,137,0.039453125,0.0009533898305084746,0.038499735169491525
3,0.5,1.0,crp_dataset_8_1_3.csv|crp_dataset_8_1_7.csv|crp_dataset_8_1_5.csv,crp_dataset_8_1_4.csv,0.857287,0.999999999990909,0.8396946564821398,110,0,21,125,0.023046875,0.0002840909090909091,0.022762784090909094
3,0.5,1.0,crp_dataset_8_1_3.csv|crp_dataset_8_1_7.csv|crp_dataset_8_1_5.csv,crp_dataset_8_1_6.csv,0.857287,0.9999999999868421,0.5428571428532654,76,0,64,116,0.026928710937499996,8.223684210526316e-05,0.026846474095394732
3,0.5,1.0,crp_dataset_8_1_3.csv|crp_dataset_8_1_7.csv|crp_dataset_8_1_6.csv,crp_dataset_8_1_1.csv,0.71886855,0.9999999999852941,0.5396825396782565,68,0,58,130,0.0252685546875,9.191176470588235e-05,0.025176642922794118
3,0.5,1.0,crp_dataset_8_1_3.csv|crp_dataset_8_1_7.csv|crp_dataset_8_1_6.csv,crp_dataset_8_1_8.csv,0.71886855,0.999999999983871,0.449275362315585,62,0,76,118,0.0283203125,0.002923387096774194,0.025396925403225808
3,0.5,1.0,crp_dataset_8_1_3.csv|crp_dataset_8_1_7.csv|crp_dataset_8_1_6.csv,crp_dataset_8_1_2.csv,0.71886855,0.9999999999878049,0.6890756302463102,82,0,37,137,0.039453125,0.0013719512195121953,0.0380811737804878
3,0.5,1.0,crp_dataset_8_1_3.csv|crp_dataset_8_1_7.csv|crp_dataset_8_1_6.csv,crp_dataset_8_1_4.csv,0.71886855,0.999999999990909,0.8396946564821398,110,0,21,125,0.023046875,0.0002840909090909091,0.022762784090909094
3,0.5,1.0,crp_dataset_8_1_3.csv|crp_dataset_8_1_7.csv|crp_dataset_8_1_6.csv,crp_dataset_8_1_5.csv,0.71886855,0.9999999999870129,0.7699999999923,77,0,23,156,0.039282226562499994,0.0013798701298701301,0.03790235643262987
3,0.5,1.0,crp_dataset_8_1_3.csv|crp_dataset_8_1_2.csv|crp_dataset_8_1_4.csv,crp_dataset_8_1_1.csv,0.73875594,0.9999999999836067,0.4841269841231418,61,0,65,130,0.0252685546875,0.00010245901639344262,0.02516609567110656
3,0.5,1.0,crp_dataset_8_1_3.csv|crp_dataset_8_1_2.csv|crp_dataset_8_1_4.csv,crp_dataset_8_1_8.csv,0.73875594,0.9999999999836067,0.4420289855040433,61,0,77,118,0.0283203125,0.0029713114754098364,0.025349001024590163
3,0.5,1.0,crp_dataset_8_1_3.csv|crp_dataset_8_1_2.csv|crp_dataset_8_1_4.csv,crp_dataset_8_1_7.csv,0.73875594,0.9999999999954546,0.9999999999954546,220,0,0,36,0.0095703125,0.00034090909090909094,0.00922940340909091
3,0.5,1.0,crp_dataset_8_1_3.csv|crp_dataset_8_1_2.csv|crp_dataset_8_1_4.csv,crp_dataset_8_1_5.csv,0.73875594,0.9999999999875,0.799999999992,80,0,20,156,0.039282226562499994,0.0013281249999999999,0.037954101562499995
3,0.5,1.0,crp_dataset_8_1_3.csv|crp_dataset_8_1_2.csv|crp_dataset_8_1_4.csv,crp_dataset_8_1_6.csv,0.73875594,0.9999999999870129,0.5499999999960715,77,0,63,116,0.026928710937499996,8.116883116883117e-05,0.026847542106331165
3,0.5,1.0,crp_dataset_8_1_3.csv|crp_dataset_8_1_2.csv|crp_dataset_8_1_5.csv,crp_dataset_8_1_1.csv,0.64047927,0.7142857142778649,0.5158730158689216,65,26,61,104,0.0252685546875,0.011469780219780219,0.013798774467719781
3,0.5,1.0,crp_dataset_8_1_3.csv|crp_dataset_8_1_2.csv|crp_dataset_8_1_5.csv,crp_dataset_8_1_8.csv,0.64047927,0.8470588235194463,0.521739130431002,72,13,66,105,0.0283203125,0.008455882352941176,0.019864430147058826
3,0.5,1.0,crp_dataset_8_1_3.csv|crp_dataset_8_1_2.csv|crp_dataset_8_1_5.csv,crp_dataset_8_1_7.csv,0.64047927,0.9999999999954546,0.9999999999954546,220,0,0,36,0.0095703125,0.00034090909090909094,0.00922940340909091
3,0.5,1.0,crp_dataset_8_1_3.csv|crp_dataset_8_1_2.csv|crp_dataset_8_1_5.csv,crp_dataset_8_1_4.csv,0.64047927,0.8984374999929811,0.8778625954131462,115,13,16,112,0.023046875,0.006640625000000001,0.01640625
3,0.5,1.0,crp_dataset_8_1_3.csv|crp_dataset_8_1_2.csv|crp_dataset_8_1_5.csv,crp_dataset_8_1_6.csv,0.64047927,0.9999999999876543,0.5785714285672959,81,0,59,116,0.026928710937499996,0.00038580246913580245,0.02654290846836419
3,0.5,1.0,crp_dataset_8_1_3.csv|crp_dataset_8_1_2.csv|crp_dataset_8_1_6.csv,crp_dataset_8_1_1.csv,0.70028967,0.9855072463625288,0.5396825396782565,68,1,58,129,0.0252685546875,0.00027173913043478267,0.02499681555706522
3,0.5,1.0,crp_dataset_8_1_3.csv|crp_dataset_8_1_2.csv|crp_dataset_8_1_6.csv,crp_dataset_8_1_8.csv,0.70028967,0.9999999999836067,0.4420289855040433,61,0,77,118,0.0283203125,0.0029713114754098364,0.025349001024590163
3,0.5,1.0,crp_dataset_8_1_3.csv|crp_dataset_8_1_2.csv|crp_dataset_8_1_6.csv,crp_dataset_8_1_7.csv,0.70028967,0.9999999999954546,0.9999999999954546,220,0,0,36,0.0095703125,0.00034090909090909094,0.00922940340909091
3,0.5,1.0,crp_dataset_8_1_3.csv|crp_dataset_8_1_2.csv|crp_dataset_8_1_6.csv,crp_dataset_8_1_4.csv,0.70028967,0.999999999990909,0.8396946564821398,110,0,21,125,0.023046875,0.0002840909090909091,0.022762784090909094
3,0.5,1.0,crp_dataset_8_1_3.csv|crp_dataset_8_1_2.csv|crp_dataset_8_1_6.csv,crp_dataset_8_1_5.csv,0.70028967,0.9999999999870129,0.7699999999923,77,0,23,156,0.039282226562499994,0.0013798701298701301,0.03790235643262987
3,0.5,1.0,crp_dataset_8_1_3.csv|crp_dataset_8_1_4.csv|crp_dataset_8_1_5.csv,crp_dataset_8_1_1.csv,0.8031038,0.9999999999833334,0.4761904761866969,60,0,66,130,0.0252685546875,0.00010416666666666667,0.025164388020833334
3,0.5,1.0,crp_dataset_8_1_3.csv|crp_dataset_8_1_4.csv|crp_dataset_8_1_5.csv,crp_dataset_8_1_8.csv,0.8031038,0.9999999999836067,0.4420289855040433,61,0,77,118,0.0283203125,0.0029713114754098364,0.025349001024590163
3,0.5,1.0,crp_dataset_8_1_3.csv|crp_dataset_8_1_4.csv|crp_dataset_8_1_5.csv,crp_dataset_8_1_7.csv,0.8031038,0.9999999999954546,0.9999999999954546,220,0,0,36,0.0095703125,0.00034090909090909094,0.00922940340909091
3,0.5,1.0,crp_dataset_8_1_3.csv|crp_dataset_8_1_4.csv|crp_dataset_8_1_5.csv,crp_dataset_8_1_2.csv,0.8031038,0.9999999999878049,0.6890756302463102,82,0,37,137,0.039453125,0.0013719512195121953,0.0380811737804878
3,0.5,1.0,crp_dataset_8_1_3.csv|crp_dataset_8_1_4.csv|crp_dataset_8_1_5.csv,crp_dataset_8_1_6.csv,0.8031038,0.9999999999873417,0.5642857142816837,79,0,61,116,0.026928710937499996,0.00023734177215189878,0.026691369165348096
3,0.5,1.0,crp_dataset_8_1_3.csv|crp_dataset_8_1_4.csv|crp_dataset_8_1_6.csv,crp_dataset_8_1_1.csv,0.6914138,0.9999999999852941,0.5396825396782565,68,0,58,130,0.0252685546875,9.191176470588235e-05,0.025176642922794118
3,0.5,1.0,crp_dataset_8_1_3.csv|crp_dataset_8_1_4.csv|crp_dataset_8_1_6.csv,crp_dataset_8_1_8.csv,0.6914138,0.9999999999836067,0.4420289855040433,61,0,77,118,0.0283203125,0.0029713114754098364,0.025349001024590163
3,0.5,1.0,crp_dataset_8_1_3.csv|crp_dataset_8_1_4.csv|crp_dataset_8_1_6.csv,crp_dataset_8_1_7.csv,0.6914138,0.9999999999954339,0.9954545454500207,219,0,1,36,0.0095703125,0.00031392694063926945,0.009256385559360732
3,0.5,1.0,crp_dataset_8_1_3.csv|crp_dataset_8_1_4.csv|crp_dataset_8_1_6.csv,crp_dataset_8_1_2.csv,0.6914138,0.9999999999878049,0.6890756302463102,82,0,37,137,0.039453125,0.0013719512195121953,0.0380811737804878
3,0.5,1.0,crp_dataset_8_1_3.csv|crp_dataset_8_1_4.csv|crp_dataset_8_1_6.csv,crp_dataset_8_1_5.csv,0.6914138,0.9999999999870129,0.7699999999923,77,0,23,156,0.039282226562499994,0.0013798701298701301,0.03790235643262987
3,0.5,1.0,crp_dataset_8_1_3.csv|crp_dataset_8_1_5.csv|crp_dataset_8_1_6.csv,crp_dataset_8_1_1.csv,0.71716505,0.9999999999848485,0.5238095238053666,66,0,60,130,0.0252685546875,9.46969696969697e-05,0.02517385771780303
3,0.5,1.0,crp_dataset_8_1_3.csv|crp_dataset_8_1_5.csv|crp_dataset_8_1_6.csv,crp_dataset_8_1_8.csv,0.71716505,0.9999999999836067,0.4420289855040433,61,0,77,118,0.0283203125,0.0029713114754098364,0.025349001024590163
3,0.5,1.0,crp_dataset_8_1_3.csv|crp_dataset_8_1_5.csv|crp_dataset_8_1_6.csv,crp_dataset_8_1_7.csv,0.71716505,0.9999999999954546,0.9999999999954546,220,0,0,36,0.0095703125,0.00034090909090909094,0.00922940340909091
3,0.5,1.0,crp_dataset_8_1_3.csv|crp_dataset_8_1_5.csv|crp_dataset_8_1_6.csv,crp_dataset_8_1_2.csv,0.71716505,0.9999999999894736,0.7983193277243839,95,0,24,137,0.039453125,0.0011842105263157898,0.03826891447368421
3,0.5,1.0,crp_dataset_8_1_3.csv|crp_dataset_8_1_5.csv|crp_dataset_8_1_6.csv,crp_dataset_8_1_4.csv,0.71716505,0.999999999990909,0.8396946564821398,110,0,21,125,0.023046875,0.0002840909090909091,0.022762784090909094
3,0.5,1.0,crp_dataset_8_1_1.csv|crp_dataset_8_1_8.csv|crp_dataset_8_1_7.csv,crp_dataset_8_1_3.csv,0.69512,0.9850746268583204,0.7630057803424104,132,2,41,81,0.0196044921875,0.00032649253731343285,0.019277999650186565
3,0.5,1.0,crp_dataset_8_1_1.csv|crp_dataset_8_1_8.csv|crp_dataset_8_1_7.csv,crp_dataset_8_1_2.csv,0.69512,0.9318181818075929,0.6890756302463102,82,6,37,131,0.039453125,0.004616477272727273,0.034836647727272727
3,0.5,1.0,crp_dataset_8_1_1.csv|crp_dataset_8_1_8.csv|crp_dataset_8_1_7.csv,crp_dataset_8_1_4.csv,0.69512,0.999999999990991,0.8473282442683411,111,0,20,125,0.023046875,0.0003378378378378379,0.022709037162162164
3,0.5,1.0,crp_dataset_8_1_1.csv|crp_dataset_8_1_8.csv|crp_dataset_8_1_7.csv,crp_dataset_8_1_5.csv,0.69512,0.9999999999870129,0.7699999999923,77,0,23,156,0.039282226562499994,0.0013798701298701301,0.03790235643262987
3,0.5,1.0,crp_dataset_8_1_1.csv|crp_dataset_8_1_8.csv|crp_dataset_8_1_7.csv,crp_dataset_8_1_6.csv,0.69512,0.9646017699029681,0.7785714285658674,109,4,31,112,0.026928710937499996,0.0017146017699115046,0.02521410916758849
3,0.5,1.0,crp_dataset_8_1_1.csv|crp_dataset_8_1_8.csv|crp_dataset_8_1_2.csv,crp_dataset_8_1_3.csv,0.6907323,0.940828402361297,0.919075144503358,159,10,14,73,0.0196044921875,0.0034763313609467465,0.016128160826553252
3,0.5,1.0,crp_dataset_8_1_1.csv|crp_dataset_8_1_8.csv|crp_dataset_8_1_2.csv,crp_dataset_8_1_7.csv,0.6907323,0.9999999999954546,0.9999999999954546,220,0,0,36,0.0095703125,0.00034090909090909094,0.00922940340909091
3,0.5,1.0,crp_dataset_8_1_1.csv|crp_dataset_8_1_8.csv|crp_dataset_8_1_2.csv,crp_dataset_8_1_4.csv,0.6907323,0.9416666666588194,0.8625954198407436,113,7,18,118,0.023046875,0.0025520833333333337,0.020494791666666668
3,0.5,1.0,crp_dataset_8_1_1.csv|crp_dataset_8_1_8.csv|crp_dataset_8_1_2.csv,crp_dataset_8_1_5.csv,0.6907323,0.9999999999875,0.799999999992,80,0,20,156,0.039282226562499994,0.0017968750000000003,0.03748535156249999
3,0.5,1.0,crp_dataset_8_1_1.csv|crp_dataset_8_1_8.csv|crp_dataset_8_1_2.csv,crp_dataset_8_1_6.csv,0.6907323,0.8518518518455419,0.8214285714227041,115,20,25,96,0.026928710937499996,0.008240740740740741,0.018687970196759253
3,0.5,1.0,crp_dataset_8_1_1.csv|crp_dataset_8_1_8.csv|crp_dataset_8_1_4.csv,crp_dataset_8_1_3.csv,0.6642799,0.9640287769714819,0.7745664739839621,134,5,39,78,0.0196044921875,0.001303956834532374,0.018300535352967627
3,0.5,1.0,crp_dataset_8_1_1.csv|crp_dataset_8_1_8.csv|crp_dataset_8_1_4.csv,crp_dataset_8_1_7.csv,0.6642799,0.9999999999954546,0.9999999999954546,220,0,0,36,0.0095703125,0.00034090909090909094,0.00922940340909091
3,0.5,1.0,crp_dataset_8_1_1.csv|crp_dataset_8_1_8.csv|crp_dataset_8_1_4.csv,crp_dataset_8_1_2.csv,0.6642799,0.9425287356213502,0.6890756302463102,82,5,37,132,0.039453125,0.0020114942528735636,0.037441630747126434
3,0.5,1.0,crp_dataset_8_1_1.csv|crp_dataset_8_1_8.csv|crp_dataset_8_1_4.csv,crp_dataset_8_1_5.csv,0.6642799,0.9999999999870129,0.7699999999923,77,0,23,156,0.039282226562499994,0.0013798701298701301,0.03790235643262987
3,0.5,1.0,crp_dataset_8_1_1.csv|crp_dataset_8_1_8.csv|crp_dataset_8_1_4.csv,crp_dataset_8_1_6.csv,0.6642799,0.9435483870891649,0.8357142857083164,117,7,23,109,0.026928710937499996,0.0029233870967741936,0.024005323840725803
3,0.5,1.0,crp_dataset_8_1_1.csv|crp_dataset_8_1_8.csv|crp_dataset_8_1_5.csv,crp_dataset_8_1_3.csv,0.73902494,0.9795918367280301,0.8323699421917204,144,3,29,80,0.0196044921875,0.0008503401360544217,0.018754152051445577
3,0.5,1.0,crp_dataset_8_1_1.csv|crp_dataset_8_1_8.csv|crp_dataset_8_1_5.csv,crp_dataset_8_1_7.csv,0.73902494,0.9999999999954546,0.9999999999954546,220,0,0,36,0.0095703125,0.00034090909090909094,0.00922940340909091
3,0.5,1.0,crp_dataset_8_1_1.csv|crp_dataset_8_1_8.csv|crp_dataset_8_1_5.csv,crp_dataset_8_1_2.csv,0.73902494,0.9729729729598247,0.6050420168016383,72,2,47,135,0.039453125,0.0016047297297297298,0.03784839527027027
3,0.5,1.0,crp_dataset_8_1_1.csv|crp_dataset_8_1_8.csv|crp_dataset_8_1_5.csv,crp_dataset_8_1_4.csv,0.73902494,0.9999999999910714,0.8549618320545423,112,0,19,125,0.023046875,0.00033482142857142863,0.022712053571428574
3,0.5,1.0,crp_dataset_8_1_1.csv|crp_dataset_8_1_8.csv|crp_dataset_8_1_5.csv,crp_dataset_8_1_6.csv,0.73902494,0.954128440358219,0.7428571428518368,104,5,36,111,0.026928710937499996,0.0022935779816513763,0.02463513295584862
3,0.5,1.0,crp_dataset_8_1_1.csv|crp_dataset_8_1_8.csv|crp_dataset_8_1_6.csv,crp_dataset_8_1_3.csv,0.71975905,0.970588235286981,0.7630057803424104,132,4,41,79,0.0196044921875,0.0017463235294117648,0.017858168658088234
3,0.5,1.0,crp_dataset_8_1_1.csv|crp_dataset_8_1_8.csv|crp_dataset_8_1_6.csv,crp_dataset_8_1_7.csv,0.71975905,0.9999999999954546,0.9999999999954546,220,0,0,36,0.0095703125,0.00034090909090909094,0.00922940340909091
3,0.5,1.0,crp_dataset_8_1_1.csv|crp_dataset_8_1_8.csv|crp_dataset_8_1_6.csv,crp_dataset_8_1_2.csv,0.71975905,0.9629629629510745,0.6554621848684414,78,3,41,134,0.039453125,0.001697530864197531,0.03775559413580247
3,0.5,1.0,crp_dataset_8_1_1.csv|crp_dataset_8_1_8.csv|crp_dataset_8_1_6.csv,crp_dataset_8_1_4.csv,0.71975905,0.999999999990909,0.8396946564821398,110,0,21,125,0.023046875,0.0002840909090909091,0.022762784090909094
3,0.5,1.0,crp_dataset_8_1_1.csv|crp_dataset_8_1_8.csv|crp_dataset_8_1_6.csv,crp_dataset_8_1_5.csv,0.71975905,0.9999999999857142,0.699999999993,70,0,30,156,0.039282226562499994,0.0014285714285714286,0.03785365513392856
3,0.5,1.0,crp_dataset_8_1_1.csv|crp_dataset_8_1_7.csv|crp_dataset_8_1_2.csv,crp_dataset_8_1_3.csv,0.72257906,0.9999999999928059,0.8034682080878413,139,0,34,83,0.0196044921875,8.992805755395684e-05,0.01951456412994604
3,0.5,1.0,crp_dataset_8_1_1.csv|crp_dataset_8_1_7.csv|crp_dataset_8_1_2.csv,crp_dataset_8_1_8.csv,0.72257906,0.9999999999863013,0.5289855072425437,73,0,65,118,0.0283203125,0.002482876712328767,0.025837435787671233
3,0.5,1.0,crp_dataset_8_1_1.csv|crp_dataset_8_1_7.csv|crp_dataset_8_1_2.csv,crp_dataset_8_1_4.csv,0.72257906,0.9909909909820631,0.8396946564821398,110,1,21,124,0.023046875,0.00045045045045045046,0.022596424549549552
3,0.5,1.0,crp_dataset_8_1_1.csv|crp_dataset_8_1_7.csv|crp_dataset_8_1_2.csv,crp_dataset_8_1_5.csv,0.72257906,0.9999999999870129,0.7699999999923,77,0,23,156,0.039282226562499994,0.0013798701298701301,0.03790235643262987
3,0.5,1.0,crp_dataset_8_1_1.csv|crp_dataset_8_1_7.csv|crp_dataset_8_1_2.csv,crp_dataset_8_1_6.csv,0.72257906,0.981651376137783,0.7642857142802552,107,2,33,114,0.026928710937499996,0.0010894495412844035,0.025839261396215594
3,0.5,1.0,crp_dataset_8_1_1.csv|crp_dataset_8_1_7.csv|crp_dataset_8_1_4.csv,crp_dataset_8_1_3.csv,0.64696544,0.9777777777705351,0.7630057803424104,132,3,41,80,0.0196044921875,0.0011574074074074073,0.01844708478009259
3,0.5,1.0,crp_dataset_8_1_1.csv|crp_dataset_8_1_7.csv|crp_dataset_8_1_4.csv,crp_dataset_8_1_8.csv,0.64696544,0.9756097560856632,0.5797101449233355,80,2,58,116,0.0283203125,0.0025152439024390245,0.025805068597560977
3,0.5,1.0,crp_dataset_8_1_1.csv|crp_dataset_8_1_7.csv|crp_dataset_8_1_4.csv,crp_dataset_8_1_2.csv,0.64696544,0.9425287356213502,0.6890756302463102,82,5,37,132,0.039453125,0.0020114942528735636,0.037441630747126434
3,0.5,1.0,crp_dataset_8_1_1.csv|crp_dataset_8_1_7.csv|crp_dataset_8_1_4.csv,crp_dataset_8_1_5.csv,0.64696544,0.9999999999870129,0.7699999999923,77,0,23,156,0.039282226562499994,0.0013798701298701301,0.03790235643262987
3,0.5,1.0,crp_dataset_8_1_1.csv|crp_dataset_8_1_7.csv|crp_dataset_8_1_4.csv,crp_dataset_8_1_6.csv,0.64696544,0.9819819819731352,0.7785714285658674,109,2,31,114,0.026928710937499996,0.00106981981981982,0.025858891117680177
3,0.5,1.0,crp_dataset_8_1_1.csv|crp_dataset_8_1_7.csv|crp_dataset_8_1_5.csv,crp_dataset_8_1_3.csv,0.75858617,0.9860139860070909,0.8150289017293929,141,2,32,81,0.0196044921875,0.00021853146853146853,0.01938596071896853
3,0.5,1.0,crp_dataset_8_1_1.csv|crp_dataset_8_1_7.csv|crp_dataset_8_1_5.csv,crp_dataset_8_1_8.csv,0.75858617,0.9746835442914596,0.5579710144887104,77,2,61,116,0.0283203125,0.0026107594936708865,0.025709553006329114
3,0.5,1.0,crp_dataset_8_1_1.csv|crp_dataset_8_1_7.csv|crp_dataset_8_1_5.csv,crp_dataset_8_1_2.csv,0.75858617,0.9425287356213502,0.6890756302463102,82,5,37,132,0.039453125,0.0020114942528735636,0.037441630747126434
3,0.5,1.0,crp_dataset_8_1_1.csv|crp_dataset_8_1_7.csv|crp_dataset_8_1_5.csv,crp_dataset_8_1_4.csv,0.75858617,0.999999999990909,0.8396946564821398,110,0,21,125,0.023046875,0.0002840909090909091,0.022762784090909094
3,0.5,1.0,crp_dataset_8_1_1.csv|crp_dataset_8_1_7.csv|crp_dataset_8_1_5.csv,crp_dataset_8_1_6.csv,0.75858617,0.9999999999907407,0.7714285714230613,108,0,32,116,0.026928710937499996,0.00028935185185185184,0.026639359085648143
3,0.5,1.0,crp_dataset_8_1_1.csv|crp_dataset_8_1_7.csv|crp_dataset_8_1_6.csv,crp_dataset_8_1_3.csv,0.61980444,0.9624060150303579,0.7398843930593071,128,5,45,78,0.0196044921875,0.0016447368421052633,0.017959755345394735
3,0.5,1.0,crp_dataset_8_1_1.csv|crp_dataset_8_1_7.csv|crp_dataset_8_1_6.csv,crp_dataset_8_1_8.csv,0.61980444,0.9647058823415916,0.5942028985464188,82,3,56,115,0.0283203125,0.0028676470588235295,0.02545266544117647
3,0.5,1.0,crp_dataset_8_1_1.csv|crp_dataset_8_1_7.csv|crp_dataset_8_1_6.csv,crp_dataset_8_1_2.csv,0.61980444,0.9425287356213502,0.6890756302463102,82,5,37,132,0.039453125,0.0020114942528735636,0.037441630747126434
3,0.5,1.0,crp_dataset_8_1_1.csv|crp_dataset_8_1_7.csv|crp_dataset_8_1_6.csv,crp_dataset_8_1_4.csv,0.61980444,0.9482758620607907,0.8396946564821398,110,6,21,119,0.023046875,0.002209051724137931,0.02083782327586207
3,0.5,1.0,crp_dataset_8_1_1.csv|crp_dataset_8_1_7.csv|crp_dataset_8_1_6.csv,crp_dataset_8_1_5.csv,0.61980444,0.987179487166831,0.7699999999923,77,1,23,155,0.039282226562499994,0.001762820512820513,0.03751940604967948
3,0.5,1.0,crp_dataset_8_1_1.csv|crp_dataset_8_1_2.csv|crp_dataset_8_1_4.csv,crp_dataset_8_1_3.csv,0.64468825,0.9404761904705925,0.9132947976825821,158,10,15,73,0.0196044921875,0.0031994047619047622,0.01640508742559524
3,0.5,1.0,crp_dataset_8_1_1.csv|crp_dataset_8_1_2.csv|crp_dataset_8_1_4.csv,crp_dataset_8_1_8.csv,0.64468825,0.8235294117577855,0.7101449275310859,98,21,40,97,0.0283203125,0.004831932773109242,0.02348837972689076
3,0.5,1.0,crp_dataset_8_1_1.csv|crp_dataset_8_1_2.csv|crp_dataset_8_1_4.csv,crp_dataset_8_1_7.csv,0.64468825,0.9821428571384726,0.9999999999954546,220,4,0,32,0.0095703125,0.00078125,0.0087890625
3,0.5,1.0,crp_dataset_8_1_1.csv|crp_dataset_8_1_2.csv|crp_dataset_8_1_4.csv,crp_dataset_8_1_5.csv,0.64468825,0.9999999999873417,0.7899999999921,79,0,21,156,0.039282226562499994,0.0014240506329113924,0.0378581759295886
3,0.5,1.0,crp_dataset_8_1_1.csv|crp_dataset_8_1_2.csv|crp_dataset_8_1_4.csv,crp_dataset_8_1_6.csv,0.64468825,0.783783783778488,0.8285714285655102,116,32,24,84,0.026928710937499996,0.011613175675675675,0.01531553526182432
3,0.5,1.0,crp_dataset_8_1_1.csv|crp_dataset_8_1_2.csv|crp_dataset_8_1_5.csv,crp_dataset_8_1_3.csv,0.7047494,0.9936708860696604,0.9075144508618064,157,1,16,82,0.0196044921875,0.000593354430379747,0.019011137757120253
3,0.5,1.0,crp_dataset_8_1_1.csv|crp_dataset_8_1_2.csv|crp_dataset_8_1_5.csv,crp_dataset_8_1_8.csv,0.7047494,0.8725490195992887,0.6449275362272108,89,13,49,105,0.0283203125,0.00435049019607843,0.02396982230392157
3,0.5,1.0,crp_dataset_8_1_1.csv|crp_dataset_8_1_2.csv|crp_dataset_8_1_5.csv,crp_dataset_8_1_7.csv,0.7047494,0.9999999999954546,0.9999999999954546,220,0,0,36,0.0095703125,0.00034090909090909094,0.00922940340909091
3,0.5,1.0,crp_dataset_8_1_1.csv|crp_dataset_8_1_2.csv|crp_dataset_8_1_5.csv,crp_dataset_8_1_4.csv,0.7047494,0.9827586206811831,0.8702290076269449,114,2,17,123,0.023046875,0.0008081896551724138,0.022238685344827588
3,0.5,1.0,crp_dataset_8_1_1.csv|crp_dataset_8_1_2.csv|crp_dataset_8_1_5.csv,crp_dataset_8_1_6.csv,0.7047494,0.9732142857055963,0.7785714285658674,109,3,31,113,0.026928710937499996,0.0015624999999999999,0.025366210937499994
3,0.5,1.0,crp_dataset_8_1_1.csv|crp_dataset_8_1_2.csv|crp_dataset_8_1_6.csv,crp_dataset_8_1_3.csv,0.60814035,0.8786127167579272,0.8786127167579272,152,21,21,62,0.0196044921875,0.006647398843930635,0.012957093343569363
3,0.5,1.0,crp_dataset_8_1_1.csv|crp_dataset_8_1_2.csv|crp_dataset_8_1_6.csv,crp_dataset_8_1_8.csv,0.60814035,0.8965517241302021,0.7536231884003362,104,12,34,106,0.0283203125,0.003933189655172413,0.024387122844827587
3,0.5,1.0,crp_dataset_8_1_1.csv|crp_dataset_8_1_2.csv|crp_dataset_8_1_6.csv,crp_dataset_8_1_7.csv,0.60814035,0.8979591836698043,0.9999999999954546,220,25,0,11,0.0095703125,0.005076530612244897,0.0044937818877551034
3,0.5,1.0,crp_dataset_8_1_1.csv|crp_dataset_8_1_2.csv|crp_dataset_8_1_6.csv,crp_dataset_8_1_4.csv,0.60814035,0.814285714279898,0.8702290076269449,114,26,17,99,0.023046875,0.007053571428571428,0.01599330357142857
3,0.5,1.0,crp_dataset_8_1_1.csv|crp_dataset_8_1_2.csv|crp_dataset_8_1_6.csv,crp_dataset_8_1_5.csv,0.60814035,0.9999999999871795,0.7799999999921999,78,0,22,156,0.039282226562499994,0.0013621794871794873,0.037920047075320505
3,0.5,1.0,crp_dataset_8_1_1.csv|crp_dataset_8_1_4.csv|crp_dataset_8_1_5.csv,crp_dataset_8_1_3.csv,0.6572439,0.9685534591134054,0.8901734103994788,154,5,19,78,0.0196044921875,0.0010220125786163522,0.018582479608883647
3,0.5,1.0,crp_dataset_8_1_1.csv|crp_dataset_8_1_4.csv|crp_dataset_8_1_5.csv,crp_dataset_8_1_8.csv,0.6572439,0.8135593220270038,0.6956521739080026,96,22,42,96,0.0283203125,0.004872881355932203,0.023447431144067797
3,0.5,1.0,crp_dataset_8_1_1.csv|crp_dataset_8_1_4.csv|crp_dataset_8_1_5.csv,crp_dataset_8_1_7.csv,0.6572439,0.9999999999954546,0.9999999999954546,220,0,0,36,0.0095703125,0.00034090909090909094,0.00922940340909091
3,0.5,1.0,crp_dataset_8_1_1.csv|crp_dataset_8_1_4.csv|crp_dataset_8_1_5.csv,crp_dataset_8_1_2.csv,0.6572439,0.9425287356213502,0.6890756302463102,82,5,37,132,0.039453125,0.0020114942528735636,0.037441630747126434
3,0.5,1.0,crp_dataset_8_1_1.csv|crp_dataset_8_1_4.csv|crp_dataset_8_1_5.csv,crp_dataset_8_1_6.csv,0.6572439,0.9561403508688058,0.7785714285658674,109,5,31,111,0.026928710937499996,0.002412280701754386,0.02451643023574561
3,0.5,1.0,crp_dataset_8_1_1.csv|crp_dataset_8_1_4.csv|crp_dataset_8_1_6.csv,crp_dataset_8_1_3.csv,0.6191282,0.9785714285644388,0.7919075144462896,137,3,36,80,0.0196044921875,0.0011607142857142858,0.018443777901785714
3,0.5,1.0,crp_dataset_8_1_1.csv|crp_dataset_8_1_4.csv|crp_dataset_8_1_6.csv,crp_dataset_8_1_8.csv,0.6191282,0.9722222222087191,0.5072463768079185,70,2,68,116,0.0283203125,0.002864583333333333,0.025455729166666666
3,0.5,1.0,crp_dataset_8_1_1.csv|crp_dataset_8_1_4.csv|crp_dataset_8_1_6.csv,crp_dataset_8_1_7.csv,0.6191282,0.9734513274293211,0.9999999999954546,220,6,0,30,0.0095703125,0.0009402654867256636,0.008630047013274337
3,0.5,1.0,crp_dataset_8_1_1.csv|crp_dataset_8_1_4.csv|crp_dataset_8_1_6.csv,crp_dataset_8_1_2.csv,0.6191282,0.9425287356213502,0.6890756302463102,82,5,37,132,0.039453125,0.0020114942528735636,0.037441630747126434
3,0.5,1.0,crp_dataset_8_1_1.csv|crp_dataset_8_1_4.csv|crp_dataset_8_1_6.csv,crp_dataset_8_1_5.csv,0.6191282,0.9999999999870129,0.7699999999923,77,0,23,156,0.039282226562499994,0.0013798701298701301,0.03790235643262987
3,0.5,1.0,crp_dataset_8_1_1.csv|crp_dataset_8_1_5.csv|crp_dataset_8_1_6.csv,crp_dataset_8_1_3.csv,0.79626125,0.9850746268583204,0.7630057803424104,132,2,41,81,0.0196044921875,0.00032649253731343285,0.019277999650186565
3,0.5,1.0,crp_dataset_8_1_1.csv|crp_dataset_8_1_5.csv|crp_dataset_8_1_6.csv,crp_dataset_8_1_8.csv,0.79626125,0.9722222222087191,0.5072463768079185,70,2,68,116,0.0283203125,0.0029513888888888892,0.02536892361111111
3,0.5,1.0,crp_dataset_8_1_1.csv|crp_dataset_8_1_5.csv|crp_dataset_8_1_6.csv,crp_dataset_8_1_7.csv,0.79626125,0.9954751131176676,0.9999999999954546,220,1,0,35,0.0095703125,0.00045248868778280545,0.009117823812217195
3,0.5,1.0,crp_dataset_8_1_1.csv|crp_dataset_8_1_5.csv|crp_dataset_8_1_6.csv,crp_dataset_8_1_2.csv,0.79626125,0.9571428571291837,0.5630252100793023,67,3,52,134,0.039453125,0.0017857142857142857,0.03766741071428571
3,0.5,1.0,crp_dataset_8_1_1.csv|crp_dataset_8_1_5.csv|crp_dataset_8_1_6.csv,crp_dataset_8_1_4.csv,0.79626125,0.999999999990909,0.8396946564821398,110,0,21,125,0.023046875,0.0002840909090909091,0.022762784090909094
3,0.5,1.0,crp_dataset_8_1_8.csv|crp_dataset_8_1_7.csv|crp_dataset_8_1_2.csv,crp_dataset_8_1_3.csv,0.6954203,0.8333333333291246,0.953757225428013,165,33,8,50,0.0196044921875,0.010921717171717173,0.008682775015782827
3,0.5,1.0,crp_dataset_8_1_8.csv|crp_dataset_8_1_7.csv|crp_dataset_8_1_2.csv,crp_dataset_8_1_1.csv,0.6954203,0.8592592592528945,0.920634920627614,116,19,10,111,0.0252685546875,0.005,0.0202685546875
3,0.5,1.0,crp_dataset_8_1_8.csv|crp_dataset_8_1_7.csv|crp_dataset_8_1_2.csv,crp_dataset_8_1_4.csv,0.6954203,0.7870967741884703,0.931297709916555,122,33,9,92,0.023046875,0.008870967741935484,0.014175907258064517
3,0.5,1.0,crp_dataset_8_1_8.csv|crp_dataset_8_1_7.csv|crp_dataset_8_1_2.csv,crp_dataset_8_1_5.csv,0.6954203,0.9999999999876543,0.8099999999919,81,0,19,156,0.039282226562499994,0.0016203703703703705,0.037661856192129625
3,0.5,1.0,crp_dataset_8_1_8.csv|crp_dataset_8_1_7.csv|crp_dataset_8_1_2.csv,crp_dataset_8_1_6.csv,0.6954203,0.683060109285885,0.8928571428507653,125,58,15,58,0.026928710937499996,0.018954918032786885,0.00797379290471311
3,0.5,1.0,crp_dataset_8_1_8.csv|crp_dataset_8_1_7.csv|crp_dataset_8_1_4.csv,crp_dataset_8_1_3.csv,0.6594316,0.9824561403422591,0.6473988439268937,112,2,61,81,0.0196044921875,0.0002192982456140351,0.019385193941885964
3,0.5,1.0,crp_dataset_8_1_8.csv|crp_dataset_8_1_7.csv|crp_dataset_8_1_4.csv,crp_dataset_8_1_1.csv,0.6594316,0.9999999999836067,0.4841269841231418,61,0,65,130,0.0252685546875,0.00010245901639344262,0.02516609567110656
3,0.5,1.0,crp_dataset_8_1_8.csv|crp_dataset_8_1_7.csv|crp_dataset_8_1_4.csv,crp_dataset_8_1_2.csv,0.6594316,0.9425287356213502,0.6890756302463102,82,5,37,132,0.039453125,0.0020114942528735636,0.037441630747126434
3,0.5,1.0,crp_dataset_8_1_8.csv|crp_dataset_8_1_7.csv|crp_dataset_8_1_4.csv,crp_dataset_8_1_5.csv,0.6594316,0.9999999999870129,0.7699999999923,77,0,23,156,0.039282226562499994,0.0013798701298701301,0.03790235643262987
3,0.5,1.0,crp_dataset_8_1_8.csv|crp_dataset_8_1_7.csv|crp_dataset_8_1_4.csv,crp_dataset_8_1_6.csv,0.6594316,0.9999999999868421,0.5428571428532654,76,0,64,116,0.026928710937499996,8.223684210526316e-05,0.026846474095394732
3,0.5,1.0,crp_dataset_8_1_8.csv|crp_dataset_8_1_7.csv|crp_dataset_8_1_5.csv,crp_dataset_8_1_3.csv,0.66774076,0.883333333328426,0.919075144503358,159,21,14,62,0.0196044921875,0.007916666666666667,0.011687825520833332
3,0.5,1.0,crp_dataset_8_1_8.csv|crp_dataset_8_1_7.csv|crp_dataset_8_1_5.csv,crp_dataset_8_1_1.csv,0.66774076,0.9469026548588769,0.8492063491996095,107,6,19,124,0.0252685546875,0.002433628318584071,0.022834926368915928
3,0.5,1.0,crp_dataset_8_1_8.csv|crp_dataset_8_1_7.csv|crp_dataset_8_1_5.csv,crp_dataset_8_1_2.csv,0.66774076,0.9438202247084964,0.7058823529352447,84,5,35,132,0.039453125,0.0021067415730337082,0.03734638342696629
3,0.5,1.0,crp_dataset_8_1_8.csv|crp_dataset_8_1_7.csv|crp_dataset_8_1_5.csv,crp_dataset_8_1_4.csv,0.66774076,0.90624999999292,0.8854961831993474,116,12,15,113,0.023046875,0.004589843749999999,0.018457031250000002
3,0.5,1.0,crp_dataset_8_1_8.csv|crp_dataset_8_1_7.csv|crp_dataset_8_1_5.csv,crp_dataset_8_1_6.csv,0.66774076,0.7267080745296478,0.8357142857083164,117,44,23,72,0.026928710937499996,0.016381987577639753,0.010546723359860243
3,0.5,1.0,crp_dataset_8_1_8.csv|crp_dataset_8_1_7.csv|crp_dataset_8_1_6.csv,crp_dataset_8_1_3.csv,0.636112,0.983870967734001,0.705202312134652,122,2,51,81,0.0196044921875,0.00020161290322580645,0.019402879284274192
3,0.5,1.0,crp_dataset_8_1_8.csv|crp_dataset_8_1_7.csv|crp_dataset_8_1_6.csv,crp_dataset_8_1_1.csv,0.636112,0.9803921568531334,0.7936507936444949,100,2,26,128,0.0252685546875,0.0006740196078431371,0.02459453507965686
3,0.5,1.0,crp_dataset_8_1_8.csv|crp_dataset_8_1_7.csv|crp_dataset_8_1_6.csv,crp_dataset_8_1_2.csv,0.636112,0.8913043478163988,0.6890756302463102,82,10,37,127,0.039453125,0.00985054347826087,0.029602581521739127
3,0.5,1.0,crp_dataset_8_1_8.csv|crp_dataset_8_1_7.csv|crp_dataset_8_1_6.csv,crp_dataset_8_1_4.csv,0.636112,0.999999999990909,0.8396946564821398,110,0,21,125,0.023046875,0.0002840909090909091,0.022762784090909094
3,0.5,1.0,crp_dataset_8_1_8.csv|crp_dataset_8_1_7.csv|crp_dataset_8_1_6.csv,crp_dataset_8_1_5.csv,0.636112,0.9746835442914596,0.7699999999923,77,2,23,154,0.039282226562499994,0.0020569620253164562,0.03722526453718354
3,0.5,1.0,crp_dataset_8_1_8.csv|crp_dataset_8_1_2.csv|crp_dataset_8_1_4.csv,crp_dataset_8_1_3.csv,0.6029666,0.9999999999923078,0.7514450867008587,130,0,43,83,0.0196044921875,0.0,0.0196044921875
3,0.5,1.0,crp_dataset_8_1_8.csv|crp_dataset_8_1_2.csv|crp_dataset_8_1_4.csv,crp_dataset_8_1_1.csv,0.6029666,0.9999999999846153,0.5158730158689216,65,0,61,130,0.0252685546875,9.615384615384615e-05,0.025172400841346153
3,0.5,1.0,crp_dataset_8_1_8.csv|crp_dataset_8_1_2.csv|crp_dataset_8_1_4.csv,crp_dataset_8_1_7.csv,0.6029666,0.9999999999954546,0.9999999999954546,220,0,0,36,0.0095703125,0.00034090909090909094,0.00922940340909091
3,0.5,1.0,crp_dataset_8_1_8.csv|crp_dataset_8_1_2.csv|crp_dataset_8_1_4.csv,crp_dataset_8_1_5.csv,0.6029666,0.9999999999875,0.799999999992,80,0,20,156,0.039282226562499994,0.0015625,0.03771972656249999
3,0.5,1.0,crp_dataset_8_1_8.csv|crp_dataset_8_1_2.csv|crp_dataset_8_1_4.csv,crp_dataset_8_1_6.csv,0.6029666,0.9999999999873417,0.5642857142816837,79,0,61,116,0.026928710937499996,0.00023734177215189878,0.026691369165348096
3,0.5,1.0,crp_dataset_8_1_8.csv|crp_dataset_8_1_2.csv|crp_dataset_8_1_5.csv,crp_dataset_8_1_3.csv,0.61946255,0.8518518518473448,0.9306358381449097,161,28,12,55,0.0196044921875,0.008597883597883597,0.011006608589616402
3,0.5,1.0,crp_dataset_8_1_8.csv|crp_dataset_8_1_2.csv|crp_dataset_8_1_5.csv,crp_dataset_8_1_1.csv,0.61946255,0.8201438848861861,0.9047619047547241,114,25,12,105,0.0252685546875,0.006654676258992806,0.018613878428507195
3,0.5,1.0,crp_dataset_8_1_8.csv|crp_dataset_8_1_2.csv|crp_dataset_8_1_5.csv,crp_dataset_8_1_7.csv,0.61946255,0.9999999999954546,0.9999999999954546,220,0,0,36,0.0095703125,0.00034090909090909094,0.00922940340909091
3,0.5,1.0,crp_dataset_8_1_8.csv|crp_dataset_8_1_2.csv|crp_dataset_8_1_5.csv,crp_dataset_8_1_4.csv,0.61946255,0.746987951802729,0.9465648854889576,124,42,7,83,0.023046875,0.011935240963855422,0.011111634036144579
3,0.5,1.0,crp_dataset_8_1_8.csv|crp_dataset_8_1_2.csv|crp_dataset_8_1_5.csv,crp_dataset_8_1_6.csv,0.61946255,0.6853932584231158,0.871428571422347,122,56,18,60,0.026928710937499996,0.01678370786516854,0.010145003072331456
3,0.5,1.0,crp_dataset_8_1_8.csv|crp_dataset_8_1_2.csv|crp_dataset_8_1_6.csv,crp_dataset_8_1_3.csv,0.6700836,0.9281437125692926,0.8959537572202546,155,12,18,71,0.0196044921875,0.004303892215568863,0.015300599971931136
3,0.5,1.0,crp_dataset_8_1_8.csv|crp_dataset_8_1_2.csv|crp_dataset_8_1_6.csv,crp_dataset_8_1_1.csv,0.6700836,0.8828124999931031,0.8968253968182791,113,15,13,115,0.0252685546875,0.004589843749999999,0.0206787109375
3,0.5,1.0,crp_dataset_8_1_8.csv|crp_dataset_8_1_2.csv|crp_dataset_8_1_6.csv,crp_dataset_8_1_7.csv,0.6700836,0.9999999999954546,0.9999999999954546,220,0,0,36,0.0095703125,0.00034090909090909094,0.00922940340909091
3,0.5,1.0,crp_dataset_8_1_8.csv|crp_dataset_8_1_2.csv|crp_dataset_8_1_6.csv,crp_dataset_8_1_4.csv,0.6700836,0.9160305343441525,0.9160305343441525,120,11,11,114,0.023046875,0.004246183206106869,0.018800691793893133
3,0.5,1.0,crp_dataset_8_1_8.csv|crp_dataset_8_1_2.csv|crp_dataset_8_1_6.csv,crp_dataset_8_1_5.csv,0.6700836,0.9999999999878049,0.8199999999918,82,0,18,156,0.039282226562499994,0.001600609756097561,0.03768161680640243
3,0.5,1.0,crp_dataset_8_1_8.csv|crp_dataset_8_1_4.csv|crp_dataset_8_1_5.csv,crp_dataset_8_1_3.csv,0.60894746,0.9596774193470994,0.6878612716723246,119,5,54,78,0.0196044921875,0.0016129032258064516,0.017991588961693547
3,0.5,1.0,crp_dataset_8_1_8.csv|crp_dataset_8_1_4.csv|crp_dataset_8_1_5.csv,crp_dataset_8_1_1.csv,0.60894746,0.9999999999836067,0.4841269841231418,61,0,65,130,0.0252685546875,0.00010245901639344262,0.02516609567110656
3,0.5,1.0,crp_dataset_8_1_8.csv|crp_dataset_8_1_4.csv|crp_dataset_8_1_5.csv,crp_dataset_8_1_7.csv,0.60894746,0.9999999999954546,0.9999999999954546,220,0,0,36,0.0095703125,0.00034090909090909094,0.00922940340909091
3,0.5,1.0,crp_dataset_8_1_8.csv|crp_dataset_8_1_4.csv|crp_dataset_8_1_5.csv,crp_dataset_8_1_2.csv,0.60894746,0.9438202247084964,0.7058823529352447,84,5,35,132,0.039453125,0.001966292134831461,0.03748683286516854
3,0.5,1.0,crp_dataset_8_1_8.csv|crp_dataset_8_1_4.csv|crp_dataset_8_1_5.csv,crp_dataset_8_1_6.csv,0.60894746,0.9374999999902344,0.642857142852551,90,6,50,110,0.026928710937499996,0.0029947916666666664,0.02393391927083333
3,0.5,1.0,crp_dataset_8_1_8.csv|crp_dataset_8_1_4.csv|crp_dataset_8_1_6.csv,crp_dataset_8_1_3.csv,0.6045409,0.968503937000248,0.7109826589554279,123,4,50,79,0.0196044921875,0.0010334645669291336,0.018571027620570866
3,0.5,1.0,crp_dataset_8_1_8.csv|crp_dataset_8_1_4.csv|crp_dataset_8_1_6.csv,crp_dataset_8_1_1.csv,0.6045409,0.9999999999879517,0.6587301587249307,83,0,43,130,0.0252685546875,7.530120481927712e-05,0.025193253482680724
3,0.5,1.0,crp_dataset_8_1_8.csv|crp_dataset_8_1_4.csv|crp_dataset_8_1_6.csv,crp_dataset_8_1_7.csv,0.6045409,0.9999999999954546,0.9999999999954546,220,0,0,36,0.0095703125,0.00034090909090909094,0.00922940340909091
3,0.5,1.0,crp_dataset_8_1_8.csv|crp_dataset_8_1_4.csv|crp_dataset_8_1_6.csv,crp_dataset_8_1_2.csv,0.6045409,0.9318181818075929,0.6890756302463102,82,6,37,131,0.039453125,0.0027698863636363637,0.036683238636363635
3,0.5,1.0,crp_dataset_8_1_8.csv|crp_dataset_8_1_4.csv|crp_dataset_8_1_6.csv,crp_dataset_8_1_5.csv,0.6045409,0.9999999999870129,0.7699999999923,77,0,23,156,0.039282226562499994,0.0013798701298701301,0.03790235643262987
3,0.5,1.0,crp_dataset_8_1_8.csv|crp_dataset_8_1_5.csv|crp_dataset_8_1_6.csv,crp_dataset_8_1_3.csv,0.7136054,0.9541984732751588,0.7225433525969795,125,6,48,77,0.0196044921875,0.001717557251908397,0.0178869349355916
3,0.5,1.0,crp_dataset_8_1_8.csv|crp_dataset_8_1_5.csv|crp_dataset_8_1_6.csv,crp_dataset_8_1_1.csv,0.7136054,0.9999999999882353,0.6746031745978206,85,0,41,130,0.0252685546875,7.352941176470589e-05,0.025195025275735295
3,0.5,1.0,crp_dataset_8_1_8.csv|crp_dataset_8_1_5.csv|crp_dataset_8_1_6.csv,crp_dataset_8_1_7.csv,0.7136054,0.9999999999954546,0.9999999999954546,220,0,0,36,0.0095703125,0.00034090909090909094,0.00922940340909091
3,0.5,1.0,crp_dataset_8_1_8.csv|crp_dataset_8_1_5.csv|crp_dataset_8_1_6.csv,crp_dataset_8_1_2.csv,0.7136054,0.9444444444339506,0.7142857142797119,85,5,34,132,0.039453125,0.001944444444444445,0.037508680555555556
3,0.5,1.0,crp_dataset_8_1_8.csv|crp_dataset_8_1_5.csv|crp_dataset_8_1_6.csv,crp_dataset_8_1_4.csv,0.7136054,0.999999999991228,0.8702290076269449,114,0,17,125,0.023046875,0.00027412280701754384,0.022772752192982457
3,0.5,1.0,crp_dataset_8_1_7.csv|crp_dataset_8_1_2.csv|crp_dataset_8_1_4.csv,crp_dataset_8_1_3.csv,0.05181073,0.6757812499973602,0.9999999999942197,173,83,0,0,0.0196044921875,0.0196044921875,0.0
3,0.5,1.0,crp_dataset_8_1_7.csv|crp_dataset_8_1_2.csv|crp_dataset_8_1_4.csv,crp_dataset_8_1_1.csv,0.05181073,0.5101214574878133,0.9999999999920635,126,121,0,9,0.0252685546875,0.02353238866396761,0.0017361660235323886
3,0.5,1.0,crp_dataset_8_1_7.csv|crp_dataset_8_1_2.csv|crp_dataset_8_1_4.csv,crp_dataset_8_1_8.csv,0.05181073,0.5390624999978944,0.9999999999927537,138,118,0,0,0.0283203125,0.0283203125,0.0
3,0.5,1.0,crp_dataset_8_1_7.csv|crp_dataset_8_1_2.csv|crp_dataset_8_1_4.csv,crp_dataset_8_1_5.csv,0.05181073,0.39062499999847416,0.99999999999,100,156,0,0,0.039282226562499994,0.039282226562499994,0.0
3,0.5,1.0,crp_dataset_8_1_7.csv|crp_dataset_8_1_2.csv|crp_dataset_8_1_4.csv,crp_dataset_8_1_6.csv,0.05181073,0.5468749999978638,0.9999999999928573,140,116,0,0,0.026928710937499996,0.026928710937499996,0.0
3,0.5,1.0,crp_dataset_8_1_7.csv|crp_dataset_8_1_2.csv|crp_dataset_8_1_5.csv,crp_dataset_8_1_3.csv,0.724347,0.8172043010708753,0.8786127167579272,152,34,21,49,0.0196044921875,0.009475806451612905,0.010128685735887094
3,0.5,1.0,crp_dataset_8_1_7.csv|crp_dataset_8_1_2.csv|crp_dataset_8_1_5.csv,crp_dataset_8_1_1.csv,0.724347,0.6166666666615278,0.5873015872969262,74,46,52,84,0.0252685546875,0.014322916666666668,0.010945638020833332
3,0.5,1.0,crp_dataset_8_1_7.csv|crp_dataset_8_1_2.csv|crp_dataset_8_1_5.csv,crp_dataset_8_1_8.csv,0.724347,0.7499999999925,0.543478260865627,75,25,63,93,0.0283203125,0.010937500000000003,0.017382812499999997
3,0.5,1.0,crp_dataset_8_1_7.csv|crp_dataset_8_1_2.csv|crp_dataset_8_1_5.csv,crp_dataset_8_1_4.csv,0.724347,0.7386363636321669,0.9923664122061652,130,46,1,79,0.023046875,0.011434659090909089,0.011612215909090912
3,0.5,1.0,crp_dataset_8_1_7.csv|crp_dataset_8_1_2.csv|crp_dataset_8_1_5.csv,crp_dataset_8_1_6.csv,0.724347,0.7761194029792827,0.7428571428518368,104,30,36,86,0.026928710937499996,0.011520522388059702,0.015408188549440293
3,0.5,1.0,crp_dataset_8_1_7.csv|crp_dataset_8_1_2.csv|crp_dataset_8_1_6.csv,crp_dataset_8_1_3.csv,0.66770846,0.9836065573689868,0.6936416184931004,120,2,53,81,0.0196044921875,0.00020491803278688525,0.019399574154713113
3,0.5,1.0,crp_dataset_8_1_7.csv|crp_dataset_8_1_2.csv|crp_dataset_8_1_6.csv,crp_dataset_8_1_1.csv,0.66770846,0.9999999999833334,0.4761904761866969,60,0,66,130,0.0252685546875,0.00010416666666666667,0.025164388020833334
3,0.5,1.0,crp_dataset_8_1_7.csv|crp_dataset_8_1_2.csv|crp_dataset_8_1_6.csv,crp_dataset_8_1_8.csv,0.66770846,0.9999999999836067,0.4420289855040433,61,0,77,118,0.0283203125,0.0029713114754098364,0.025349001024590163
3,0.5,1.0,crp_dataset_8_1_7.csv|crp_dataset_8_1_2.csv|crp_dataset_8_1_6.csv,crp_dataset_8_1_4.csv,0.66770846,0.999999999990909,0.8396946564821398,110,0,21,125,0.023046875,0.0002840909090909091,0.022762784090909094
3,0.5,1.0,crp_dataset_8_1_7.csv|crp_dataset_8_1_2.csv|crp_dataset_8_1_6.csv,crp_dataset_8_1_5.csv,0.66770846,0.9999999999870129,0.7699999999923,77,0,23,156,0.039282226562499994,0.0013798701298701301,0.03790235643262987
3,0.5,1.0,crp_dataset_8_1_7.csv|crp_dataset_8_1_4.csv|crp_dataset_8_1_5.csv,crp_dataset_8_1_3.csv,0.050103612,0.6811023622020429,0.9999999999942197,173,81,0,2,0.0196044921875,0.01887303149606299,0.0007314606914370081
3,0.5,1.0,crp_dataset_8_1_7.csv|crp_dataset_8_1_4.csv|crp_dataset_8_1_5.csv,crp_dataset_8_1_1.csv,0.050103612,0.5206611570226419,0.9999999999920635,126,116,0,14,0.0252685546875,0.022623966942148757,0.002644587745351243
3,0.5,1.0,crp_dataset_8_1_7.csv|crp_dataset_8_1_4.csv|crp_dataset_8_1_5.csv,crp_dataset_8_1_8.csv,0.050103612,0.5390624999978944,0.9999999999927537,138,118,0,0,0.0283203125,0.0283203125,0.0
3,0.5,1.0,crp_dataset_8_1_7.csv|crp_dataset_8_1_4.csv|crp_dataset_8_1_5.csv,crp_dataset_8_1_2.csv,0.050103612,0.46484374999818423,0.9999999999915966,119,137,0,0,0.039453125,0.039453125,0.0
3,0.5,1.0,crp_dataset_8_1_7.csv|crp_dataset_8_1_4.csv|crp_dataset_8_1_5.csv,crp_dataset_8_1_6.csv,0.050103612,0.5468749999978638,0.9999999999928573,140,116,0,0,0.026928710937499996,0.026928710937499996,0.0
3,0.5,1.0,crp_dataset_8_1_7.csv|crp_dataset_8_1_4.csv|crp_dataset_8_1_6.csv,crp_dataset_8_1_3.csv,0.88101286,0.9824561403422591,0.6473988439268937,112,2,61,81,0.0196044921875,0.0002192982456140351,0.019385193941885964
3,0.5,1.0,crp_dataset_8_1_7.csv|crp_dataset_8_1_4.csv|crp_dataset_8_1_6.csv,crp_dataset_8_1_1.csv,0.88101286,0.9999999999833334,0.4761904761866969,60,0,66,130,0.0252685546875,0.00010416666666666667,0.025164388020833334
3,0.5,1.0,crp_dataset_8_1_7.csv|crp_dataset_8_1_4.csv|crp_dataset_8_1_6.csv,crp_dataset_8_1_8.csv,0.88101286,0.9824561403336411,0.40579710144633485,56,1,82,117,0.0283203125,0.003179824561403509,0.025140487938596492
3,0.5,1.0,crp_dataset_8_1_7.csv|crp_dataset_8_1_4.csv|crp_dataset_8_1_6.csv,crp_dataset_8_1_2.csv,0.88101286,0.9545454545309917,0.5294117647014335,63,3,56,134,0.039453125,0.001988636363636364,0.03746448863636363
3,0.5,1.0,crp_dataset_8_1_7.csv|crp_dataset_8_1_4.csv|crp_dataset_8_1_6.csv,crp_dataset_8_1_5.csv,0.88101286,0.9999999999836067,0.6099999999939,61,0,39,156,0.039282226562499994,0.001639344262295082,0.03764288230020491
3,0.5,1.0,crp_dataset_8_1_7.csv|crp_dataset_8_1_5.csv|crp_dataset_8_1_6.csv,crp_dataset_8_1_3.csv,0.8892408,0.9824561403422591,0.6473988439268937,112,2,61,81,0.0196044921875,0.0002192982456140351,0.019385193941885964
3,0.5,1.0,crp_dataset_8_1_7.csv|crp_dataset_8_1_5.csv|crp_dataset_8_1_6.csv,crp_dataset_8_1_1.csv,0.8892408,0.9999999999833334,0.4761904761866969,60,0,66,130,0.0252685546875,0.00010416666666666667,0.025164388020833334
3,0.5,1.0,crp_dataset_8_1_7.csv|crp_dataset_8_1_5.csv|crp_dataset_8_1_6.csv,crp_dataset_8_1_8.csv,0.8892408,0.9682539682385992,0.4420289855040433,61,2,77,116,0.0283203125,0.0032738095238095243,0.025046502976190474
3,0.5,1.0,crp_dataset_8_1_7.csv|crp_dataset_8_1_5.csv|crp_dataset_8_1_6.csv,crp_dataset_8_1_2.csv,0.8892408,0.9534883720819362,0.6890756302463102,82,4,37,133,0.039453125,0.0018895348837209306,0.03756359011627907
3,0.5,1.0,crp_dataset_8_1_7.csv|crp_dataset_8_1_5.csv|crp_dataset_8_1_6.csv,crp_dataset_8_1_4.csv,0.8892408,0.999999999990909,0.8396946564821398,110,0,21,125,0.023046875,0.0002840909090909091,0.022762784090909094
3,0.5,1.0,crp_dataset_8_1_2.csv|crp_dataset_8_1_4.csv|crp_dataset_8_1_5.csv,crp_dataset_8_1_3.csv,0.69188046,0.9999999999910714,0.6473988439268937,112,0,61,83,0.0196044921875,0.0,0.0196044921875
3,0.5,1.0,crp_dataset_8_1_2.csv|crp_dataset_8_1_4.csv|crp_dataset_8_1_5.csv,crp_dataset_8_1_1.csv,0.69188046,0.9999999999833334,0.4761904761866969,60,0,66,130,0.0252685546875,0.00010416666666666667,0.025164388020833334
3,0.5,1.0,crp_dataset_8_1_2.csv|crp_dataset_8_1_4.csv|crp_dataset_8_1_5.csv,crp_dataset_8_1_8.csv,0.69188046,0.9999999999836067,0.4420289855040433,61,0,77,118,0.0283203125,0.0029713114754098364,0.025349001024590163
3,0.5,1.0,crp_dataset_8_1_2.csv|crp_dataset_8_1_4.csv|crp_dataset_8_1_5.csv,crp_dataset_8_1_7.csv,0.69188046,0.9999999999954546,0.9999999999954546,220,0,0,36,0.0095703125,0.00034090909090909094,0.00922940340909091
3,0.5,1.0,crp_dataset_8_1_2.csv|crp_dataset_8_1_4.csv|crp_dataset_8_1_5.csv,crp_dataset_8_1_6.csv,0.69188046,0.9999999999868421,0.5428571428532654,76,0,64,116,0.026928710937499996,8.223684210526316e-05,0.026846474095394732
3,0.5,1.0,crp_dataset_8_1_2.csv|crp_dataset_8_1_4.csv|crp_dataset_8_1_6.csv,crp_dataset_8_1_3.csv,0.78228503,0.9999999999917355,0.6994219653138762,121,0,52,83,0.0196044921875,0.0,0.0196044921875
3,0.5,1.0,crp_dataset_8_1_2.csv|crp_dataset_8_1_4.csv|crp_dataset_8_1_6.csv,crp_dataset_8_1_1.csv,0.78228503,0.9999999999833334,0.4761904761866969,60,0,66,130,0.0252685546875,0.00010416666666666667,0.025164388020833334
3,0.5,1.0,crp_dataset_8_1_2.csv|crp_dataset_8_1_4.csv|crp_dataset_8_1_6.csv,crp_dataset_8_1_8.csv,0.78228503,0.9999999999836067,0.4420289855040433,61,0,77,118,0.0283203125,0.0029713114754098364,0.025349001024590163
3,0.5,1.0,crp_dataset_8_1_2.csv|crp_dataset_8_1_4.csv|crp_dataset_8_1_6.csv,crp_dataset_8_1_7.csv,0.78228503,0.9999999999954546,0.9999999999954546,220,0,0,36,0.0095703125,0.00034090909090909094,0.00922940340909091
3,0.5,1.0,crp_dataset_8_1_2.csv|crp_dataset_8_1_4.csv|crp_dataset_8_1_6.csv,crp_dataset_8_1_5.csv,0.78228503,0.9999999999875,0.799999999992,80,0,20,156,0.039282226562499994,0.0013281249999999999,0.037954101562499995
3,0.5,1.0,crp_dataset_8_1_2.csv|crp_dataset_8_1_5.csv|crp_dataset_8_1_6.csv,crp_dataset_8_1_3.csv,0.70135045,0.9999999999919355,0.7167630057762038,124,0,49,83,0.0196044921875,0.0,0.0196044921875
3,0.5,1.0,crp_dataset_8_1_2.csv|crp_dataset_8_1_5.csv|crp_dataset_8_1_6.csv,crp_dataset_8_1_1.csv,0.70135045,0.9999999999836067,0.4841269841231418,61,0,65,130,0.0252685546875,0.00010245901639344262,0.02516609567110656
3,0.5,1.0,crp_dataset_8_1_2.csv|crp_dataset_8_1_5.csv|crp_dataset_8_1_6.csv,crp_dataset_8_1_8.csv,0.70135045,0.9999999999836067,0.4420289855040433,61,0,77,118,0.0283203125,0.0029713114754098364,0.025349001024590163
3,0.5,1.0,crp_dataset_8_1_2.csv|crp_dataset_8_1_5.csv|crp_dataset_8_1_6.csv,crp_dataset_8_1_7.csv,0.70135045,0.9999999999954546,0.9999999999954546,220,0,0,36,0.0095703125,0.00034090909090909094,0.00922940340909091
3,0.5,1.0,crp_dataset_8_1_2.csv|crp_dataset_8_1_5.csv|crp_dataset_8_1_6.csv,crp_dataset_8_1_4.csv,0.70135045,0.9912280701667436,0.8625954198407436,113,1,18,124,0.023046875,0.0004385964912280702,0.02260827850877193
3,0.5,1.0,crp_dataset_8_1_4.csv|crp_dataset_8_1_5.csv|crp_dataset_8_1_6.csv,crp_dataset_8_1_3.csv,0.6377078,0.9253731343214525,0.7167630057762038,124,10,49,73,0.0196044921875,0.0033115671641791044,0.016292925023320894
3,0.5,1.0,crp_dataset_8_1_4.csv|crp_dataset_8_1_5.csv|crp_dataset_8_1_6.csv,crp_dataset_8_1_1.csv,0.6377078,0.9999999999836067,0.4841269841231418,61,0,65,130,0.0252685546875,0.00010245901639344262,0.02516609567110656
3,0.5,1.0,crp_dataset_8_1_4.csv|crp_dataset_8_1_5.csv|crp_dataset_8_1_6.csv,crp_dataset_8_1_8.csv,0.6377078,0.9696969696822773,0.4637681159386684,64,2,74,116,0.0283203125,0.0032196969696969696,0.02510061553030303
3,0.5,1.0,crp_dataset_8_1_4.csv|crp_dataset_8_1_5.csv|crp_dataset_8_1_6.csv,crp_dataset_8_1_7.csv,0.6377078,0.9999999999954546,0.9999999999954546,220,0,0,36,0.0095703125,0.00034090909090909094,0.00922940340909091
3,0.5,1.0,crp_dataset_8_1_4.csv|crp_dataset_8_1_5.csv|crp_dataset_8_1_6.csv,crp_dataset_8_1_2.csv,0.6377078,0.9425287356213502,0.6890756302463102,82,5,37,132,0.039453125,0.0020114942528735636,0.037441630747126434
4,0.5,1.0,crp_dataset_8_1_3.csv|crp_dataset_8_1_1.csv|crp_dataset_8_1_8.csv|crp_dataset_8_1_7.csv,crp_dataset_8_1_2.csv,0.73275405,0.9999999999878049,0.6890756302463102,82,0,37,137,0.039453125,0.0013719512195121953,0.0380811737804878
4,0.5,1.0,crp_dataset_8_1_3.csv|crp_dataset_8_1_1.csv|crp_dataset_8_1_8.csv|crp_dataset_8_1_7.csv,crp_dataset_8_1_4.csv,0.73275405,0.999999999990991,0.8473282442683411,111,0,20,125,0.023046875,0.00028153153153153153,0.02276534346846847
4,0.5,1.0,crp_dataset_8_1_3.csv|crp_dataset_8_1_1.csv|crp_dataset_8_1_8.csv|crp_dataset_8_1_7.csv,crp_dataset_8_1_5.csv,0.73275405,0.9999999999870129,0.7699999999923,77,0,23,156,0.039282226562499994,0.0013798701298701301,0.03790235643262987
4,0.5,1.0,crp_dataset_8_1_3.csv|crp_dataset_8_1_1.csv|crp_dataset_8_1_8.csv|crp_dataset_8_1_7.csv,crp_dataset_8_1_6.csv,0.73275405,0.9576271186359523,0.8071428571370919,113,5,27,111,0.026928710937499996,0.0023834745762711866,0.02454523636122881
4,0.5,1.0,crp_dataset_8_1_3.csv|crp_dataset_8_1_1.csv|crp_dataset_8_1_8.csv|crp_dataset_8_1_2.csv,crp_dataset_8_1_7.csv,0.6989116,0.9999999999954546,0.9999999999954546,220,0,0,36,0.0095703125,0.00034090909090909094,0.00922940340909091
4,0.5,1.0,crp_dataset_8_1_3.csv|crp_dataset_8_1_1.csv|crp_dataset_8_1_8.csv|crp_dataset_8_1_2.csv,crp_dataset_8_1_4.csv,0.6989116,0.9999999999910714,0.8549618320545423,112,0,19,125,0.023046875,0.00033482142857142863,0.022712053571428574
4,0.5,1.0,crp_dataset_8_1_3.csv|crp_dataset_8_1_1.csv|crp_dataset_8_1_8.csv|crp_dataset_8_1_2.csv,crp_dataset_8_1_5.csv,0.6989116,0.9999999999871795,0.7799999999921999,78,0,22,156,0.039282226562499994,0.0013621794871794873,0.037920047075320505
4,0.5,1.0,crp_dataset_8_1_3.csv|crp_dataset_8_1_1.csv|crp_dataset_8_1_8.csv|crp_dataset_8_1_2.csv,crp_dataset_8_1_6.csv,0.6989116,0.9722222222132201,0.749999999994643,105,3,35,113,0.026928710937499996,0.0016203703703703705,0.025308340567129627
4,0.5,1.0,crp_dataset_8_1_3.csv|crp_dataset_8_1_1.csv|crp_dataset_8_1_8.csv|crp_dataset_8_1_4.csv,crp_dataset_8_1_7.csv,0.6360771,0.9999999999954546,0.9999999999954546,220,0,0,36,0.0095703125,0.00034090909090909094,0.00922940340909091
4,0.5,1.0,crp_dataset_8_1_3.csv|crp_dataset_8_1_1.csv|crp_dataset_8_1_8.csv|crp_dataset_8_1_4.csv,crp_dataset_8_1_2.csv,0.6360771,0.9999999999878049,0.6890756302463102,82,0,37,137,0.039453125,0.0013719512195121953,0.0380811737804878
4,0.5,1.0,crp_dataset_8_1_3.csv|crp_dataset_8_1_1.csv|crp_dataset_8_1_8.csv|crp_dataset_8_1_4.csv,crp_dataset_8_1_5.csv,0.6360771,0.9999999999870129,0.7699999999923,77,0,23,156,0.039282226562499994,0.0013798701298701301,0.03790235643262987
4,0.5,1.0,crp_dataset_8_1_3.csv|crp_dataset_8_1_1.csv|crp_dataset_8_1_8.csv|crp_dataset_8_1_4.csv,crp_dataset_8_1_6.csv,0.6360771,0.9166666666597223,0.8642857142795409,121,11,19,105,0.026928710937499996,0.0029829545454545456,0.02394575639204545
4,0.5,1.0,crp_dataset_8_1_3.csv|crp_dataset_8_1_1.csv|crp_dataset_8_1_8.csv|crp_dataset_8_1_5.csv,crp_dataset_8_1_7.csv,0.61066604,0.9999999999954546,0.9999999999954546,220,0,0,36,0.0095703125,0.00034090909090909094,0.00922940340909091
4,0.5,1.0,crp_dataset_8_1_3.csv|crp_dataset_8_1_1.csv|crp_dataset_8_1_8.csv|crp_dataset_8_1_5.csv,crp_dataset_8_1_2.csv,0.61066604,0.9537037036948731,0.8655462184801215,103,5,16,132,0.039453125,0.0019097222222222224,0.037543402777777776
4,0.5,1.0,crp_dataset_8_1_3.csv|crp_dataset_8_1_1.csv|crp_dataset_8_1_8.csv|crp_dataset_8_1_5.csv,crp_dataset_8_1_4.csv,0.61066604,0.982905982897582,0.8778625954131462,115,2,16,123,0.023046875,0.0009081196581196581,0.022138755341880343
4,0.5,1.0,crp_dataset_8_1_3.csv|crp_dataset_8_1_1.csv|crp_dataset_8_1_8.csv|crp_dataset_8_1_5.csv,crp_dataset_8_1_6.csv,0.61066604,0.9237288135514938,0.7785714285658674,109,9,31,107,0.026928710937499996,0.0033898305084745766,0.023538880429025417
4,0.5,1.0,crp_dataset_8_1_3.csv|crp_dataset_8_1_1.csv|crp_dataset_8_1_8.csv|crp_dataset_8_1_6.csv,crp_dataset_8_1_7.csv,0.63445234,0.9999999999954546,0.9999999999954546,220,0,0,36,0.0095703125,0.00034090909090909094,0.00922940340909091
4,0.5,1.0,crp_dataset_8_1_3.csv|crp_dataset_8_1_1.csv|crp_dataset_8_1_8.csv|crp_dataset_8_1_6.csv,crp_dataset_8_1_2.csv,0.63445234,0.9999999999878049,0.6890756302463102,82,0,37,137,0.039453125,0.0013719512195121953,0.0380811737804878
4,0.5,1.0,crp_dataset_8_1_3.csv|crp_dataset_8_1_1.csv|crp_dataset_8_1_8.csv|crp_dataset_8_1_6.csv,crp_dataset_8_1_4.csv,0.63445234,0.999999999990991,0.8473282442683411,111,0,20,125,0.023046875,0.0003378378378378379,0.022709037162162164
4,0.5,1.0,crp_dataset_8_1_3.csv|crp_dataset_8_1_1.csv|crp_dataset_8_1_8.csv|crp_dataset_8_1_6.csv,crp_dataset_8_1_5.csv,0.63445234,0.9999999999870129,0.7699999999923,77,0,23,156,0.039282226562499994,0.0013798701298701301,0.03790235643262987
4,0.5,1.0,crp_dataset_8_1_3.csv|crp_dataset_8_1_1.csv|crp_dataset_8_1_7.csv|crp_dataset_8_1_2.csv,crp_dataset_8_1_8.csv,0.6048187,0.9506172839388812,0.5579710144887104,77,4,61,114,0.0283203125,0.00316358024691358,0.02515673225308642
4,0.5,1.0,crp_dataset_8_1_3.csv|crp_dataset_8_1_1.csv|crp_dataset_8_1_7.csv|crp_dataset_8_1_2.csv,crp_dataset_8_1_4.csv,0.6048187,0.9568965517158888,0.8473282442683411,111,5,20,120,0.023046875,0.0026939655172413795,0.02035290948275862
4,0.5,1.0,crp_dataset_8_1_3.csv|crp_dataset_8_1_1.csv|crp_dataset_8_1_7.csv|crp_dataset_8_1_2.csv,crp_dataset_8_1_5.csv,0.6048187,0.9999999999870129,0.7699999999923,77,0,23,156,0.039282226562499994,0.0013798701298701301,0.03790235643262987
4,0.5,1.0,crp_dataset_8_1_3.csv|crp_dataset_8_1_1.csv|crp_dataset_8_1_7.csv|crp_dataset_8_1_2.csv,crp_dataset_8_1_6.csv,0.6048187,0.8529411764643167,0.8285714285655102,116,20,24,96,0.026928710937499996,0.006755514705882352,0.020173196231617643
4,0.5,1.0,crp_dataset_8_1_3.csv|crp_dataset_8_1_1.csv|crp_dataset_8_1_7.csv|crp_dataset_8_1_4.csv,crp_dataset_8_1_8.csv,0.6564712,0.9999999999868421,0.5507246376771687,76,0,62,118,0.0283203125,0.002384868421052632,0.025935444078947368
4,0.5,1.0,crp_dataset_8_1_3.csv|crp_dataset_8_1_1.csv|crp_dataset_8_1_7.csv|crp_dataset_8_1_4.csv,crp_dataset_8_1_2.csv,0.6564712,0.9999999999878049,0.6890756302463102,82,0,37,137,0.039453125,0.0013719512195121953,0.0380811737804878
4,0.5,1.0,crp_dataset_8_1_3.csv|crp_dataset_8_1_1.csv|crp_dataset_8_1_7.csv|crp_dataset_8_1_4.csv,crp_dataset_8_1_5.csv,0.6564712,0.9999999999870129,0.7699999999923,77,0,23,156,0.039282226562499994,0.0013798701298701301,0.03790235643262987
4,0.5,1.0,crp_dataset_8_1_3.csv|crp_dataset_8_1_1.csv|crp_dataset_8_1_7.csv|crp_dataset_8_1_4.csv,crp_dataset_8_1_6.csv,0.6564712,0.87012987012422,0.9571428571360204,134,20,6,96,0.026928710937499996,0.005600649350649351,0.021328061586850647
4,0.5,1.0,crp_dataset_8_1_3.csv|crp_dataset_8_1_1.csv|crp_dataset_8_1_7.csv|crp_dataset_8_1_5.csv,crp_dataset_8_1_8.csv,0.60756284,0.8623853210930056,0.6811594202849192,94,15,44,103,0.0283203125,0.0043004587155963305,0.024019853784403668
4,0.5,1.0,crp_dataset_8_1_3.csv|crp_dataset_8_1_1.csv|crp_dataset_8_1_7.csv|crp_dataset_8_1_5.csv,crp_dataset_8_1_2.csv,0.60756284,0.9499999999905,0.7983193277243839,95,5,24,132,0.039453125,0.0018125000000000003,0.037640625
4,0.5,1.0,crp_dataset_8_1_3.csv|crp_dataset_8_1_1.csv|crp_dataset_8_1_7.csv|crp_dataset_8_1_5.csv,crp_dataset_8_1_4.csv,0.60756284,0.9256198347030941,0.8549618320545423,112,9,19,116,0.023046875,0.0029958677685950415,0.02005100723140496
4,0.5,1.0,crp_dataset_8_1_3.csv|crp_dataset_8_1_1.csv|crp_dataset_8_1_7.csv|crp_dataset_8_1_5.csv,crp_dataset_8_1_6.csv,0.60756284,0.9344262295005374,0.814285714279898,114,8,26,108,0.026928710937499996,0.003125,0.023803710937499997
4,0.5,1.0,crp_dataset_8_1_3.csv|crp_dataset_8_1_1.csv|crp_dataset_8_1_7.csv|crp_dataset_8_1_6.csv,crp_dataset_8_1_8.csv,0.74820393,0.9999999999850746,0.48550724637329346,67,0,71,118,0.0283203125,0.0027985074626865674,0.02552180503731343
4,0.5,1.0,crp_dataset_8_1_3.csv|crp_dataset_8_1_1.csv|crp_dataset_8_1_7.csv|crp_dataset_8_1_6.csv,crp_dataset_8_1_2.csv,0.74820393,0.9999999999878049,0.6890756302463102,82,0,37,137,0.039453125,0.0013719512195121953,0.0380811737804878
4,0.5,1.0,crp_dataset_8_1_3.csv|crp_dataset_8_1_1.csv|crp_dataset_8_1_7.csv|crp_dataset_8_1_6.csv,crp_dataset_8_1_4.csv,0.74820393,0.999999999990909,0.8396946564821398,110,0,21,125,0.023046875,0.0002840909090909091,0.022762784090909094
4,0.5,1.0,crp_dataset_8_1_3.csv|crp_dataset_8_1_1.csv|crp_dataset_8_1_7.csv|crp_dataset_8_1_6.csv,crp_dataset_8_1_5.csv,0.74820393,0.9999999999870129,0.7699999999923,77,0,23,156,0.039282226562499994,0.0013798701298701301,0.03790235643262987
4,0.5,1.0,crp_dataset_8_1_3.csv|crp_dataset_8_1_1.csv|crp_dataset_8_1_2.csv|crp_dataset_8_1_4.csv,crp_dataset_8_1_8.csv,0.61799777,0.9687499999899088,0.6739130434733775,93,3,45,115,0.0283203125,0.0028645833333333336,0.025455729166666666
4,0.5,1.0,crp_dataset_8_1_3.csv|crp_dataset_8_1_1.csv|crp_dataset_8_1_2.csv|crp_dataset_8_1_4.csv,crp_dataset_8_1_7.csv,0.61799777,0.9999999999954546,0.9999999999954546,220,0,0,36,0.0095703125,0.00034090909090909094,0.00922940340909091
4,0.5,1.0,crp_dataset_8_1_3.csv|crp_dataset_8_1_1.csv|crp_dataset_8_1_2.csv|crp_dataset_8_1_4.csv,crp_dataset_8_1_5.csv,0.61799777,0.9999999999875,0.799999999992,80,0,20,156,0.039282226562499994,0.0013281249999999999,0.037954101562499995
4,0.5,1.0,crp_dataset_8_1_3.csv|crp_dataset_8_1_1.csv|crp_dataset_8_1_2.csv|crp_dataset_8_1_4.csv,crp_dataset_8_1_6.csv,0.61799777,0.9020979020915938,0.9214285714219899,129,14,11,102,0.026928710937499996,0.003933566433566434,0.022995144503933564
4,0.5,1.0,crp_dataset_8_1_3.csv|crp_dataset_8_1_1.csv|crp_dataset_8_1_2.csv|crp_dataset_8_1_5.csv,crp_dataset_8_1_8.csv,0.64175266,0.8791208791112184,0.5797101449233355,80,11,58,107,0.0283203125,0.004052197802197801,0.0242681146978022
4,0.5,1.0,crp_dataset_8_1_3.csv|crp_dataset_8_1_1.csv|crp_dataset_8_1_2.csv|crp_dataset_8_1_5.csv,crp_dataset_8_1_7.csv,0.64175266,0.9999999999954546,0.9999999999954546,220,0,0,36,0.0095703125,0.00034090909090909094,0.00922940340909091
4,0.5,1.0,crp_dataset_8_1_3.csv|crp_dataset_8_1_1.csv|crp_dataset_8_1_2.csv|crp_dataset_8_1_5.csv,crp_dataset_8_1_4.csv,0.64175266,0.9344262295005374,0.8702290076269449,114,8,17,117,0.023046875,0.002407786885245901,0.020639088114754102
4,0.5,1.0,crp_dataset_8_1_3.csv|crp_dataset_8_1_1.csv|crp_dataset_8_1_2.csv|crp_dataset_8_1_5.csv,crp_dataset_8_1_6.csv,0.64175266,0.9561403508688058,0.7785714285658674,109,5,31,111,0.026928710937499996,0.0026315789473684214,0.024297131990131574
4,0.5,1.0,crp_dataset_8_1_3.csv|crp_dataset_8_1_1.csv|crp_dataset_8_1_2.csv|crp_dataset_8_1_6.csv,crp_dataset_8_1_8.csv,0.6147764,0.9390243902324509,0.5579710144887104,77,5,61,113,0.0283203125,0.0033536585365853662,0.024966653963414635
4,0.5,1.0,crp_dataset_8_1_3.csv|crp_dataset_8_1_1.csv|crp_dataset_8_1_2.csv|crp_dataset_8_1_6.csv,crp_dataset_8_1_7.csv,0.6147764,0.9999999999954546,0.9999999999954546,220,0,0,36,0.0095703125,0.00034090909090909094,0.00922940340909091
4,0.5,1.0,crp_dataset_8_1_3.csv|crp_dataset_8_1_1.csv|crp_dataset_8_1_2.csv|crp_dataset_8_1_6.csv,crp_dataset_8_1_4.csv,0.6147764,0.9999999999911504,0.8625954198407436,113,0,18,125,0.023046875,0.0002765486725663717,0.02277032632743363
4,0.5,1.0,crp_dataset_8_1_3.csv|crp_dataset_8_1_1.csv|crp_dataset_8_1_2.csv|crp_dataset_8_1_6.csv,crp_dataset_8_1_5.csv,0.6147764,0.9999999999878049,0.8199999999918,82,0,18,156,0.039282226562499994,0.0012957317073170732,0.03798649485518292
4,0.5,1.0,crp_dataset_8_1_3.csv|crp_dataset_8_1_1.csv|crp_dataset_8_1_4.csv|crp_dataset_8_1_5.csv,crp_dataset_8_1_8.csv,0.6208461,0.9772727272616218,0.6231884057925856,86,2,52,116,0.0283203125,0.002627840909090909,0.02569247159090909
4,0.5,1.0,crp_dataset_8_1_3.csv|crp_dataset_8_1_1.csv|crp_dataset_8_1_4.csv|crp_dataset_8_1_5.csv,crp_dataset_8_1_7.csv,0.6208461,0.9999999999954546,0.9999999999954546,220,0,0,36,0.0095703125,0.00034090909090909094,0.00922940340909091
4,0.5,1.0,crp_dataset_8_1_3.csv|crp_dataset_8_1_1.csv|crp_dataset_8_1_4.csv|crp_dataset_8_1_5.csv,crp_dataset_8_1_2.csv,0.6208461,0.9999999999878049,0.6890756302463102,82,0,37,137,0.039453125,0.0013719512195121953,0.0380811737804878
4,0.5,1.0,crp_dataset_8_1_3.csv|crp_dataset_8_1_1.csv|crp_dataset_8_1_4.csv|crp_dataset_8_1_5.csv,crp_dataset_8_1_6.csv,0.6208461,0.8689655172353865,0.8999999999935715,126,19,14,97,0.026928710937499996,0.006206896551724138,0.020721814385775857
4,0.5,1.0,crp_dataset_8_1_3.csv|crp_dataset_8_1_1.csv|crp_dataset_8_1_4.csv|crp_dataset_8_1_6.csv,crp_dataset_8_1_8.csv,0.6518968,0.9999999999878049,0.5942028985464188,82,0,56,118,0.0283203125,0.002210365853658537,0.02610994664634146
4,0.5,1.0,crp_dataset_8_1_3.csv|crp_dataset_8_1_1.csv|crp_dataset_8_1_4.csv|crp_dataset_8_1_6.csv,crp_dataset_8_1_7.csv,0.6518968,0.9999999999954546,0.9999999999954546,220,0,0,36,0.0095703125,0.00034090909090909094,0.00922940340909091
4,0.5,1.0,crp_dataset_8_1_3.csv|crp_dataset_8_1_1.csv|crp_dataset_8_1_4.csv|crp_dataset_8_1_6.csv,crp_dataset_8_1_2.csv,0.6518968,0.9999999999878049,0.6890756302463102,82,0,37,137,0.039453125,0.0013719512195121953,0.0380811737804878
4,0.5,1.0,crp_dataset_8_1_3.csv|crp_dataset_8_1_1.csv|crp_dataset_8_1_4.csv|crp_dataset_8_1_6.csv,crp_dataset_8_1_5.csv,0.6518968,0.9999999999870129,0.7699999999923,77,0,23,156,0.039282226562499994,0.0013798701298701301,0.03790235643262987
4,0.5,1.0,crp_dataset_8_1_3.csv|crp_dataset_8_1_1.csv|crp_dataset_8_1_5.csv|crp_dataset_8_1_6.csv,crp_dataset_8_1_8.csv,0.60457367,0.9299999999906999,0.6739130434733775,93,7,45,111,0.0283203125,0.0032499999999999994,0.0250703125
4,0.5,1.0,crp_dataset_8_1_3.csv|crp_dataset_8_1_1.csv|crp_dataset_8_1_5.csv|crp_dataset_8_1_6.csv,crp_dataset_8_1_7.csv,0.60457367,0.9999999999954546,0.9999999999954546,220,0,0,36,0.0095703125,0.00034090909090909094,0.00922940340909091
4,0.5,1.0,crp_dataset_8_1_3.csv|crp_dataset_8_1_1.csv|crp_dataset_8_1_5.csv|crp_dataset_8_1_6.csv,crp_dataset_8_1_2.csv,0.60457367,0.9999999999879517,0.6974789915907774,83,0,36,137,0.039453125,0.0013554216867469882,0.03809770331325301
4,0.5,1.0,crp_dataset_8_1_3.csv|crp_dataset_8_1_1.csv|crp_dataset_8_1_5.csv|crp_dataset_8_1_6.csv,crp_dataset_8_1_4.csv,0.60457367,0.9999999999910714,0.8549618320545423,112,0,19,125,0.023046875,0.00027901785714285713,0.022767857142857145
4,0.5,1.0,crp_dataset_8_1_3.csv|crp_dataset_8_1_8.csv|crp_dataset_8_1_7.csv|crp_dataset_8_1_2.csv,crp_dataset_8_1_1.csv,0.6164724,0.8787878787812213,0.920634920627614,116,16,10,114,0.0252685546875,0.003645833333333334,0.021622721354166666
4,0.5,1.0,crp_dataset_8_1_3.csv|crp_dataset_8_1_8.csv|crp_dataset_8_1_7.csv|crp_dataset_8_1_2.csv,crp_dataset_8_1_4.csv,0.6164724,0.8846153846085799,0.8778625954131462,115,15,16,110,0.023046875,0.005721153846153846,0.017325721153846153
4,0.5,1.0,crp_dataset_8_1_3.csv|crp_dataset_8_1_8.csv|crp_dataset_8_1_7.csv|crp_dataset_8_1_2.csv,crp_dataset_8_1_5.csv,0.6164724,0.9999999999883721,0.8599999999914,86,0,14,156,0.039282226562499994,0.0016715116279069767,0.03761071493459302
4,0.5,1.0,crp_dataset_8_1_3.csv|crp_dataset_8_1_8.csv|crp_dataset_8_1_7.csv|crp_dataset_8_1_2.csv,crp_dataset_8_1_6.csv,0.6164724,0.9354838709576829,0.6214285714241327,87,6,53,110,0.026928710937499996,0.0029569892473118283,0.02397172169018817
4,0.5,1.0,crp_dataset_8_1_3.csv|crp_dataset_8_1_8.csv|crp_dataset_8_1_7.csv|crp_dataset_8_1_4.csv,crp_dataset_8_1_1.csv,0.6185254,0.969387755092149,0.7539682539622701,95,3,31,127,0.0252685546875,0.0011479591836734693,0.02412059550382653
4,0.5,1.0,crp_dataset_8_1_3.csv|crp_dataset_8_1_8.csv|crp_dataset_8_1_7.csv|crp_dataset_8_1_4.csv,crp_dataset_8_1_2.csv,0.6185254,0.9770114942416435,0.7142857142797119,85,2,34,135,0.039453125,0.0047413793103448275,0.03471174568965517
4,0.5,1.0,crp_dataset_8_1_3.csv|crp_dataset_8_1_8.csv|crp_dataset_8_1_7.csv|crp_dataset_8_1_4.csv,crp_dataset_8_1_5.csv,0.6185254,0.9540229884947813,0.8299999999916999,83,4,17,152,0.039282226562499994,0.002801724137931035,0.03648050242456896
4,0.5,1.0,crp_dataset_8_1_3.csv|crp_dataset_8_1_8.csv|crp_dataset_8_1_7.csv|crp_dataset_8_1_4.csv,crp_dataset_8_1_6.csv,0.6185254,0.9067796610092645,0.7642857142802552,107,11,33,105,0.026928710937499996,0.004396186440677966,0.02253252449682203
4,0.5,1.0,crp_dataset_8_1_3.csv|crp_dataset_8_1_8.csv|crp_dataset_8_1_7.csv|crp_dataset_8_1_5.csv,crp_dataset_8_1_1.csv,0.6023761,0.8818897637725835,0.8888888888818341,112,15,14,115,0.0252685546875,0.0035433070866141727,0.021725247600885827
4,0.5,1.0,crp_dataset_8_1_3.csv|crp_dataset_8_1_8.csv|crp_dataset_8_1_7.csv|crp_dataset_8_1_5.csv,crp_dataset_8_1_2.csv,0.6023761,0.9999999999907407,0.9075630252024575,108,0,11,137,0.039453125,0.0012731481481481483,0.03817997685185185
4,0.5,1.0,crp_dataset_8_1_3.csv|crp_dataset_8_1_8.csv|crp_dataset_8_1_7.csv|crp_dataset_8_1_5.csv,crp_dataset_8_1_4.csv,0.6023761,0.9430894308866415,0.8854961831993474,116,7,15,118,0.023046875,0.0028455284552845526,0.02020134654471545
4,0.5,1.0,crp_dataset_8_1_3.csv|crp_dataset_8_1_8.csv|crp_dataset_8_1_7.csv|crp_dataset_8_1_5.csv,crp_dataset_8_1_6.csv,0.6023761,0.9026548672486491,0.7285714285662246,102,11,38,105,0.026928710937499996,0.004922566371681416,0.022006144565818578
4,0.5,1.0,crp_dataset_8_1_3.csv|crp_dataset_8_1_8.csv|crp_dataset_8_1_7.csv|crp_dataset_8_1_6.csv,crp_dataset_8_1_1.csv,0.60082597,0.9824561403422591,0.8888888888818341,112,2,14,128,0.0252685546875,0.0006578947368421054,0.024610659950657896
4,0.5,1.0,crp_dataset_8_1_3.csv|crp_dataset_8_1_8.csv|crp_dataset_8_1_7.csv|crp_dataset_8_1_6.csv,crp_dataset_8_1_2.csv,0.60082597,0.9245283018780704,0.8235294117577855,98,8,21,129,0.039453125,0.008431603773584906,0.03102152122641509
4,0.5,1.0,crp_dataset_8_1_3.csv|crp_dataset_8_1_8.csv|crp_dataset_8_1_7.csv|crp_dataset_8_1_6.csv,crp_dataset_8_1_4.csv,0.60082597,0.9910714285625797,0.8473282442683411,111,1,20,124,0.023046875,0.0010044642857142858,0.022042410714285716
4,0.5,1.0,crp_dataset_8_1_3.csv|crp_dataset_8_1_8.csv|crp_dataset_8_1_7.csv|crp_dataset_8_1_6.csv,crp_dataset_8_1_5.csv,0.60082597,0.9052631578852077,0.8599999999914,86,9,14,147,0.039282226562499994,0.005855263157894737,0.033426963404605256
4,0.5,1.0,crp_dataset_8_1_3.csv|crp_dataset_8_1_8.csv|crp_dataset_8_1_2.csv|crp_dataset_8_1_4.csv,crp_dataset_8_1_1.csv,0.61680907,0.9534883720819362,0.6507936507884857,82,4,44,126,0.0252685546875,0.001816860465116279,0.02345169422238372
4,0.5,1.0,crp_dataset_8_1_3.csv|crp_dataset_8_1_8.csv|crp_dataset_8_1_2.csv|crp_dataset_8_1_4.csv,crp_dataset_8_1_7.csv,0.61680907,0.9999999999954546,0.9999999999954546,220,0,0,36,0.0095703125,0.00034090909090909094,0.00922940340909091
4,0.5,1.0,crp_dataset_8_1_3.csv|crp_dataset_8_1_8.csv|crp_dataset_8_1_2.csv|crp_dataset_8_1_4.csv,crp_dataset_8_1_5.csv,0.61680907,0.9999999999875,0.799999999992,80,0,20,156,0.039282226562499994,0.0013281249999999999,0.037954101562499995
4,0.5,1.0,crp_dataset_8_1_3.csv|crp_dataset_8_1_8.csv|crp_dataset_8_1_2.csv|crp_dataset_8_1_4.csv,crp_dataset_8_1_6.csv,0.61680907,0.9347826086854915,0.6142857142813266,86,6,54,110,0.026928710937499996,0.0023097826086956523,0.024618928328804343
4,0.5,1.0,crp_dataset_8_1_3.csv|crp_dataset_8_1_8.csv|crp_dataset_8_1_2.csv|crp_dataset_8_1_5.csv,crp_dataset_8_1_1.csv,0.63247144,0.8898305084670353,0.8333333333267195,105,13,21,117,0.0252685546875,0.004290254237288136,0.020978300450211866
4,0.5,1.0,crp_dataset_8_1_3.csv|crp_dataset_8_1_8.csv|crp_dataset_8_1_2.csv|crp_dataset_8_1_5.csv,crp_dataset_8_1_7.csv,0.63247144,0.9999999999954546,0.9999999999954546,220,0,0,36,0.0095703125,0.00034090909090909094,0.00922940340909091
4,0.5,1.0,crp_dataset_8_1_3.csv|crp_dataset_8_1_8.csv|crp_dataset_8_1_2.csv|crp_dataset_8_1_5.csv,crp_dataset_8_1_4.csv,0.63247144,0.905511811016492,0.8778625954131462,115,12,16,113,0.023046875,0.0054133858267716535,0.017633489173228347
4,0.5,1.0,crp_dataset_8_1_3.csv|crp_dataset_8_1_8.csv|crp_dataset_8_1_2.csv|crp_dataset_8_1_5.csv,crp_dataset_8_1_6.csv,0.63247144,0.9662921348206034,0.6142857142813266,86,3,54,113,0.026928710937499996,0.001966292134831461,0.024962418802668536
4,0.5,1.0,crp_dataset_8_1_3.csv|crp_dataset_8_1_8.csv|crp_dataset_8_1_2.csv|crp_dataset_8_1_6.csv,crp_dataset_8_1_1.csv,0.6165655,0.9426229508119457,0.912698412691169,115,7,11,123,0.0252685546875,0.0015881147540983606,0.02368043993340164
4,0.5,1.0,crp_dataset_8_1_3.csv|crp_dataset_8_1_8.csv|crp_dataset_8_1_2.csv|crp_dataset_8_1_6.csv,crp_dataset_8_1_7.csv,0.6165655,0.9999999999954546,0.9999999999954546,220,0,0,36,0.0095703125,0.00034090909090909094,0.00922940340909091
4,0.5,1.0,crp_dataset_8_1_3.csv|crp_dataset_8_1_8.csv|crp_dataset_8_1_2.csv|crp_dataset_8_1_6.csv,crp_dataset_8_1_4.csv,0.6165655,0.9912280701667436,0.8625954198407436,113,1,18,124,0.023046875,0.0006578947368421054,0.022388980263157898
4,0.5,1.0,crp_dataset_8_1_3.csv|crp_dataset_8_1_8.csv|crp_dataset_8_1_2.csv|crp_dataset_8_1_6.csv,crp_dataset_8_1_5.csv,0.6165655,0.9999999999875,0.799999999992,80,0,20,156,0.039282226562499994,0.001328125,0.037954101562499995
4,0.5,1.0,crp_dataset_8_1_3.csv|crp_dataset_8_1_8.csv|crp_dataset_8_1_4.csv|crp_dataset_8_1_5.csv,crp_dataset_8_1_1.csv,0.61105096,0.9787234042449071,0.7301587301529352,92,2,34,128,0.0252685546875,0.0007978723404255319,0.024470682347074467
4,0.5,1.0,crp_dataset_8_1_3.csv|crp_dataset_8_1_8.csv|crp_dataset_8_1_4.csv|crp_dataset_8_1_5.csv,crp_dataset_8_1_7.csv,0.61105096,0.9999999999954546,0.9999999999954546,220,0,0,36,0.0095703125,0.00034090909090909094,0.00922940340909091
4,0.5,1.0,crp_dataset_8_1_3.csv|crp_dataset_8_1_8.csv|crp_dataset_8_1_4.csv|crp_dataset_8_1_5.csv,crp_dataset_8_1_2.csv,0.61105096,0.9999999999880952,0.7058823529352447,84,0,35,137,0.039453125,0.0013392857142857145,0.03811383928571428
4,0.5,1.0,crp_dataset_8_1_3.csv|crp_dataset_8_1_8.csv|crp_dataset_8_1_4.csv|crp_dataset_8_1_5.csv,crp_dataset_8_1_6.csv,0.61105096,0.9124087591174277,0.8928571428507653,125,12,15,104,0.026928710937499996,0.0038777372262773723,0.023050973711222625
4,0.5,1.0,crp_dataset_8_1_3.csv|crp_dataset_8_1_8.csv|crp_dataset_8_1_4.csv|crp_dataset_8_1_6.csv,crp_dataset_8_1_1.csv,0.6124163,0.9764705882238062,0.6587301587249307,83,2,43,128,0.0252685546875,0.0007352941176470588,0.02453326056985294
4,0.5,1.0,crp_dataset_8_1_3.csv|crp_dataset_8_1_8.csv|crp_dataset_8_1_4.csv|crp_dataset_8_1_6.csv,crp_dataset_8_1_7.csv,0.6124163,0.9999999999954546,0.9999999999954546,220,0,0,36,0.0095703125,0.00034090909090909094,0.00922940340909091
4,0.5,1.0,crp_dataset_8_1_3.csv|crp_dataset_8_1_8.csv|crp_dataset_8_1_4.csv|crp_dataset_8_1_6.csv,crp_dataset_8_1_2.csv,0.6124163,0.9761904761788548,0.6890756302463102,82,2,37,135,0.039453125,0.004910714285714286,0.03454241071428571
4,0.5,1.0,crp_dataset_8_1_3.csv|crp_dataset_8_1_8.csv|crp_dataset_8_1_4.csv|crp_dataset_8_1_6.csv,crp_dataset_8_1_5.csv,0.6124163,0.9523809523696145,0.799999999992,80,4,20,152,0.039282226562499994,0.002678571428571429,0.03660365513392857
4,0.5,1.0,crp_dataset_8_1_3.csv|crp_dataset_8_1_8.csv|crp_dataset_8_1_5.csv|crp_dataset_8_1_6.csv,crp_dataset_8_1_1.csv,0.6132862,0.9911504424691049,0.8888888888818341,112,1,14,129,0.0252685546875,0.0003871681415929204,0.02488138654590708
4,0.5,1.0,crp_dataset_8_1_3.csv|crp_dataset_8_1_8.csv|crp_dataset_8_1_5.csv|crp_dataset_8_1_6.csv,crp_dataset_8_1_7.csv,0.6132862,0.9999999999954546,0.9999999999954546,220,0,0,36,0.0095703125,0.00034090909090909094,0.00922940340909091
4,0.5,1.0,crp_dataset_8_1_3.csv|crp_dataset_8_1_8.csv|crp_dataset_8_1_5.csv|crp_dataset_8_1_6.csv,crp_dataset_8_1_2.csv,0.6132862,0.9999999999902912,0.8655462184801215,103,0,16,137,0.039453125,0.0011529126213592235,0.03830021237864077
4,0.5,1.0,crp_dataset_8_1_3.csv|crp_dataset_8_1_8.csv|crp_dataset_8_1_5.csv|crp_dataset_8_1_6.csv,crp_dataset_8_1_4.csv,0.6132862,0.9999999999910714,0.8549618320545423,112,0,19,125,0.023046875,0.00033482142857142863,0.022712053571428574
4,0.5,1.0,crp_dataset_8_1_3.csv|crp_dataset_8_1_7.csv|crp_dataset_8_1_2.csv|crp_dataset_8_1_4.csv,crp_dataset_8_1_1.csv,0.64735454,0.999999999983871,0.49206349205958677,62,0,64,130,0.0252685546875,0.00010080645161290323,0.025167748235887098
4,0.5,1.0,crp_dataset_8_1_3.csv|crp_dataset_8_1_7.csv|crp_dataset_8_1_2.csv|crp_dataset_8_1_4.csv,crp_dataset_8_1_8.csv,0.64735454,0.9999999999836067,0.4420289855040433,61,0,77,118,0.0283203125,0.0029713114754098364,0.025349001024590163
4,0.5,1.0,crp_dataset_8_1_3.csv|crp_dataset_8_1_7.csv|crp_dataset_8_1_2.csv|crp_dataset_8_1_4.csv,crp_dataset_8_1_5.csv,0.64735454,0.9999999999885058,0.8699999999913,87,0,13,156,0.039282226562499994,0.0012212643678160922,0.038060962194683905
4,0.5,1.0,crp_dataset_8_1_3.csv|crp_dataset_8_1_7.csv|crp_dataset_8_1_2.csv|crp_dataset_8_1_4.csv,crp_dataset_8_1_6.csv,0.64735454,0.9320388349424074,0.6857142857093879,96,7,44,109,0.026928710937499996,0.002548543689320388,0.024380167248179607
4,0.5,1.0,crp_dataset_8_1_3.csv|crp_dataset_8_1_7.csv|crp_dataset_8_1_2.csv|crp_dataset_8_1_5.csv,crp_dataset_8_1_1.csv,0.6142036,0.6097560975560182,0.5952380952333711,75,48,51,82,0.0252685546875,0.014634146341463414,0.010634408346036586
4,0.5,1.0,crp_dataset_8_1_3.csv|crp_dataset_8_1_7.csv|crp_dataset_8_1_2.csv|crp_dataset_8_1_5.csv,crp_dataset_8_1_8.csv,0.6142036,0.7387387387320834,0.5942028985464188,82,29,56,89,0.0283203125,0.010698198198198198,0.0176221143018018
4,0.5,1.0,crp_dataset_8_1_3.csv|crp_dataset_8_1_7.csv|crp_dataset_8_1_2.csv|crp_dataset_8_1_5.csv,crp_dataset_8_1_4.csv,0.6142036,0.8181818181760967,0.8931297709855487,117,26,14,99,0.023046875,0.00944055944055944,0.01360631555944056
4,0.5,1.0,crp_dataset_8_1_3.csv|crp_dataset_8_1_7.csv|crp_dataset_8_1_2.csv|crp_dataset_8_1_5.csv,crp_dataset_8_1_6.csv,0.6142036,0.9999999999873417,0.5642857142816837,79,0,61,116,0.026928710937499996,0.00023734177215189878,0.026691369165348096
4,0.5,1.0,crp_dataset_8_1_3.csv|crp_dataset_8_1_7.csv|crp_dataset_8_1_2.csv|crp_dataset_8_1_6.csv,crp_dataset_8_1_1.csv,0.62454176,0.9864864864731555,0.5793650793604812,73,1,53,129,0.0252685546875,0.0007601351351351352,0.024508419552364866
4,0.5,1.0,crp_dataset_8_1_3.csv|crp_dataset_8_1_7.csv|crp_dataset_8_1_2.csv|crp_dataset_8_1_6.csv,crp_dataset_8_1_8.csv,0.62454176,0.9999999999836067,0.4420289855040433,61,0,77,118,0.0283203125,0.0029713114754098364,0.025349001024590163
4,0.5,1.0,crp_dataset_8_1_3.csv|crp_dataset_8_1_7.csv|crp_dataset_8_1_2.csv|crp_dataset_8_1_6.csv,crp_dataset_8_1_4.csv,0.62454176,0.8473282442683411,0.8473282442683411,111,20,20,105,0.023046875,0.0077767175572519085,0.015270157442748093
4,0.5,1.0,crp_dataset_8_1_3.csv|crp_dataset_8_1_7.csv|crp_dataset_8_1_2.csv|crp_dataset_8_1_6.csv,crp_dataset_8_1_5.csv,0.62454176,0.9999999999885058,0.8699999999913,87,0,13,156,0.039282226562499994,0.0012212643678160922,0.038060962194683905
4,0.5,1.0,crp_dataset_8_1_3.csv|crp_dataset_8_1_7.csv|crp_dataset_8_1_4.csv|crp_dataset_8_1_5.csv,crp_dataset_8_1_1.csv,0.7941696,0.9999999999833334,0.4761904761866969,60,0,66,130,0.0252685546875,0.00010416666666666667,0.025164388020833334
4,0.5,1.0,crp_dataset_8_1_3.csv|crp_dataset_8_1_7.csv|crp_dataset_8_1_4.csv|crp_dataset_8_1_5.csv,crp_dataset_8_1_8.csv,0.7941696,0.9999999999836067,0.4420289855040433,61,0,77,118,0.0283203125,0.0029713114754098364,0.025349001024590163
4,0.5,1.0,crp_dataset_8_1_3.csv|crp_dataset_8_1_7.csv|crp_dataset_8_1_4.csv|crp_dataset_8_1_5.csv,crp_dataset_8_1_2.csv,0.7941696,0.9999999999878049,0.6890756302463102,82,0,37,137,0.039453125,0.0013719512195121953,0.0380811737804878
4,0.5,1.0,crp_dataset_8_1_3.csv|crp_dataset_8_1_7.csv|crp_dataset_8_1_4.csv|crp_dataset_8_1_5.csv,crp_dataset_8_1_6.csv,0.7941696,0.9999999999868421,0.5428571428532654,76,0,64,116,0.026928710937499996,8.223684210526316e-05,0.026846474095394732
4,0.5,1.0,crp_dataset_8_1_3.csv|crp_dataset_8_1_7.csv|crp_dataset_8_1_4.csv|crp_dataset_8_1_6.csv,crp_dataset_8_1_1.csv,0.6420855,0.9999999999852941,0.5396825396782565,68,0,58,130,0.0252685546875,9.191176470588235e-05,0.025176642922794118
4,0.5,1.0,crp_dataset_8_1_3.csv|crp_dataset_8_1_7.csv|crp_dataset_8_1_4.csv|crp_dataset_8_1_6.csv,crp_dataset_8_1_8.csv,0.6420855,0.9682539682385992,0.4420289855040433,61,2,77,116,0.0283203125,0.0032738095238095243,0.025046502976190474
4,0.5,1.0,crp_dataset_8_1_3.csv|crp_dataset_8_1_7.csv|crp_dataset_8_1_4.csv|crp_dataset_8_1_6.csv,crp_dataset_8_1_2.csv,0.6420855,0.9425287356213502,0.6890756302463102,82,5,37,132,0.039453125,0.0020114942528735636,0.037441630747126434
4,0.5,1.0,crp_dataset_8_1_3.csv|crp_dataset_8_1_7.csv|crp_dataset_8_1_4.csv|crp_dataset_8_1_6.csv,crp_dataset_8_1_5.csv,0.6420855,0.9999999999870129,0.7699999999923,77,0,23,156,0.039282226562499994,0.0013798701298701301,0.03790235643262987
4,0.5,1.0,crp_dataset_8_1_3.csv|crp_dataset_8_1_7.csv|crp_dataset_8_1_5.csv|crp_dataset_8_1_6.csv,crp_dataset_8_1_1.csv,0.6100782,0.9736842105135041,0.5873015872969262,74,2,52,128,0.0252685546875,0.0005756578947368422,0.02469289679276316
4,0.5,1.0,crp_dataset_8_1_3.csv|crp_dataset_8_1_7.csv|crp_dataset_8_1_5.csv|crp_dataset_8_1_6.csv,crp_dataset_8_1_8.csv,0.6100782,0.999999999984127,0.4565217391271267,63,0,75,118,0.0283203125,0.0028769841269841276,0.025443328373015873
4,0.5,1.0,crp_dataset_8_1_3.csv|crp_dataset_8_1_7.csv|crp_dataset_8_1_5.csv|crp_dataset_8_1_6.csv,crp_dataset_8_1_2.csv,0.6100782,0.9999999999913043,0.9663865546137278,115,0,4,137,0.039453125,0.0013586956521739132,0.038094429347826086
4,0.5,1.0,crp_dataset_8_1_3.csv|crp_dataset_8_1_7.csv|crp_dataset_8_1_5.csv|crp_dataset_8_1_6.csv,crp_dataset_8_1_4.csv,0.6100782,0.9823008849470592,0.8473282442683411,111,2,20,123,0.023046875,0.000995575221238938,0.022051299778761062
4,0.5,1.0,crp_dataset_8_1_3.csv|crp_dataset_8_1_2.csv|crp_dataset_8_1_4.csv|crp_dataset_8_1_5.csv,crp_dataset_8_1_1.csv,0.6340131,0.999999999984127,0.49999999999603173,63,0,63,130,0.0252685546875,9.92063492063492e-05,0.02516934833829365
4,0.5,1.0,crp_dataset_8_1_3.csv|crp_dataset_8_1_2.csv|crp_dataset_8_1_4.csv|crp_dataset_8_1_5.csv,crp_dataset_8_1_8.csv,0.6340131,0.9999999999836067,0.4420289855040433,61,0,77,118,0.0283203125,0.0029713114754098364,0.025349001024590163
4,0.5,1.0,crp_dataset_8_1_3.csv|crp_dataset_8_1_2.csv|crp_dataset_8_1_4.csv|crp_dataset_8_1_5.csv,crp_dataset_8_1_7.csv,0.6340131,0.9999999999954546,0.9999999999954546,220,0,0,36,0.0095703125,0.00034090909090909094,0.00922940340909091
4,0.5,1.0,crp_dataset_8_1_3.csv|crp_dataset_8_1_2.csv|crp_dataset_8_1_4.csv|crp_dataset_8_1_5.csv,crp_dataset_8_1_6.csv,0.6340131,0.9885057471150746,0.6142857142813266,86,1,54,115,0.026928710937499996,0.0010057471264367818,0.025922963811063213
4,0.5,1.0,crp_dataset_8_1_3.csv|crp_dataset_8_1_2.csv|crp_dataset_8_1_4.csv|crp_dataset_8_1_6.csv,crp_dataset_8_1_1.csv,0.62762195,0.9999999999850746,0.5317460317418116,67,0,59,130,0.0252685546875,9.328358208955224e-05,0.025175271105410447
4,0.5,1.0,crp_dataset_8_1_3.csv|crp_dataset_8_1_2.csv|crp_dataset_8_1_4.csv|crp_dataset_8_1_6.csv,crp_dataset_8_1_8.csv,0.62762195,0.9999999999836067,0.4420289855040433,61,0,77,118,0.0283203125,0.0029713114754098364,0.025349001024590163
4,0.5,1.0,crp_dataset_8_1_3.csv|crp_dataset_8_1_2.csv|crp_dataset_8_1_4.csv|crp_dataset_8_1_6.csv,crp_dataset_8_1_7.csv,0.62762195,0.9999999999954546,0.9999999999954546,220,0,0,36,0.0095703125,0.00034090909090909094,0.00922940340909091
4,0.5,1.0,crp_dataset_8_1_3.csv|crp_dataset_8_1_2.csv|crp_dataset_8_1_4.csv|crp_dataset_8_1_6.csv,crp_dataset_8_1_5.csv,0.62762195,0.9999999999885058,0.8699999999913,87,0,13,156,0.039282226562499994,0.0012212643678160922,0.038060962194683905
4,0.5,1.0,crp_dataset_8_1_3.csv|crp_dataset_8_1_2.csv|crp_dataset_8_1_5.csv|crp_dataset_8_1_6.csv,crp_dataset_8_1_1.csv,0.61318797,0.8488372092924553,0.5793650793604812,73,13,53,117,0.0252685546875,0.005523255813953489,0.01974529887354651
4,0.5,1.0,crp_dataset_8_1_3.csv|crp_dataset_8_1_2.csv|crp_dataset_8_1_5.csv|crp_dataset_8_1_6.csv,crp_dataset_8_1_8.csv,0.61318797,0.9552238805827578,0.4637681159386684,64,3,74,115,0.0283203125,0.0043843283582089545,0.023935984141791045
4,0.5,1.0,crp_dataset_8_1_3.csv|crp_dataset_8_1_2.csv|crp_dataset_8_1_5.csv|crp_dataset_8_1_6.csv,crp_dataset_8_1_7.csv,0.61318797,0.9999999999954546,0.9999999999954546,220,0,0,36,0.0095703125,0.00034090909090909094,0.00922940340909091
4,0.5,1.0,crp_dataset_8_1_3.csv|crp_dataset_8_1_2.csv|crp_dataset_8_1_5.csv|crp_dataset_8_1_6.csv,crp_dataset_8_1_4.csv,0.61318797,0.8484848484784207,0.8549618320545423,112,20,19,105,0.023046875,0.007670454545454547,0.015376420454545455
4,0.5,1.0,crp_dataset_8_1_3.csv|crp_dataset_8_1_4.csv|crp_dataset_8_1_5.csv|crp_dataset_8_1_6.csv,crp_dataset_8_1_1.csv,0.63040996,0.9999999999843749,0.5079365079324767,64,0,62,130,0.0252685546875,9.765625e-05,0.0251708984375
4,0.5,1.0,crp_dataset_8_1_3.csv|crp_dataset_8_1_4.csv|crp_dataset_8_1_5.csv|crp_dataset_8_1_6.csv,crp_dataset_8_1_8.csv,0.63040996,0.9999999999836067,0.4420289855040433,61,0,77,118,0.0283203125,0.0029713114754098364,0.025349001024590163
4,0.5,1.0,crp_dataset_8_1_3.csv|crp_dataset_8_1_4.csv|crp_dataset_8_1_5.csv|crp_dataset_8_1_6.csv,crp_dataset_8_1_7.csv,0.63040996,0.9999999999954546,0.9999999999954546,220,0,0,36,0.0095703125,0.00034090909090909094,0.00922940340909091
4,0.5,1.0,crp_dataset_8_1_3.csv|crp_dataset_8_1_4.csv|crp_dataset_8_1_5.csv|crp_dataset_8_1_6.csv,crp_dataset_8_1_2.csv,0.63040996,0.9999999999894736,0.7983193277243839,95,0,24,137,0.039453125,0.0011842105263157898,0.03826891447368421
4,0.5,1.0,crp_dataset_8_1_1.csv|crp_dataset_8_1_8.csv|crp_dataset_8_1_7.csv|crp_dataset_8_1_2.csv,crp_dataset_8_1_3.csv,0.68144566,0.951807228909929,0.9132947976825821,158,8,15,75,0.0196044921875,0.0023343373493975904,0.01727015483810241
4,0.5,1.0,crp_dataset_8_1_1.csv|crp_dataset_8_1_8.csv|crp_dataset_8_1_7.csv|crp_dataset_8_1_2.csv,crp_dataset_8_1_4.csv,0.68144566,0.9999999999913792,0.8854961831993474,116,0,15,125,0.023046875,0.0003232758620689655,0.022723599137931035
4,0.5,1.0,crp_dataset_8_1_1.csv|crp_dataset_8_1_8.csv|crp_dataset_8_1_7.csv|crp_dataset_8_1_2.csv,crp_dataset_8_1_5.csv,0.68144566,0.9999999999870129,0.7699999999923,77,0,23,156,0.039282226562499994,0.0013798701298701301,0.03790235643262987
4,0.5,1.0,crp_dataset_8_1_1.csv|crp_dataset_8_1_8.csv|crp_dataset_8_1_7.csv|crp_dataset_8_1_2.csv,crp_dataset_8_1_6.csv,0.68144566,0.9166666666597223,0.8642857142795409,121,11,19,105,0.026928710937499996,0.004450757575757576,0.02247795336174242
4,0.5,1.0,crp_dataset_8_1_1.csv|crp_dataset_8_1_8.csv|crp_dataset_8_1_7.csv|crp_dataset_8_1_4.csv,crp_dataset_8_1_3.csv,0.79419696,0.983870967734001,0.705202312134652,122,2,51,81,0.0196044921875,0.00025201612903225806,0.01935247605846774
4,0.5,1.0,crp_dataset_8_1_1.csv|crp_dataset_8_1_8.csv|crp_dataset_8_1_7.csv|crp_dataset_8_1_4.csv,crp_dataset_8_1_2.csv,0.79419696,0.9425287356213502,0.6890756302463102,82,5,37,132,0.039453125,0.0020114942528735636,0.037441630747126434
4,0.5,1.0,crp_dataset_8_1_1.csv|crp_dataset_8_1_8.csv|crp_dataset_8_1_7.csv|crp_dataset_8_1_4.csv,crp_dataset_8_1_5.csv,0.79419696,0.9999999999870129,0.7699999999923,77,0,23,156,0.039282226562499994,0.0013798701298701301,0.03790235643262987
4,0.5,1.0,crp_dataset_8_1_1.csv|crp_dataset_8_1_8.csv|crp_dataset_8_1_7.csv|crp_dataset_8_1_4.csv,crp_dataset_8_1_6.csv,0.79419696,0.9999999999903846,0.7428571428518368,104,0,36,116,0.026928710937499996,0.0001201923076923077,0.02680851862980769
4,0.5,1.0,crp_dataset_8_1_1.csv|crp_dataset_8_1_8.csv|crp_dataset_8_1_7.csv|crp_dataset_8_1_5.csv,crp_dataset_8_1_3.csv,0.63397557,0.9868421052566656,0.8670520231163755,150,2,23,81,0.0196044921875,0.0002878289473684211,0.01931666324013158
4,0.5,1.0,crp_dataset_8_1_1.csv|crp_dataset_8_1_8.csv|crp_dataset_8_1_7.csv|crp_dataset_8_1_5.csv,crp_dataset_8_1_2.csv,0.63397557,0.9473684210426593,0.7563025210020479,90,5,29,132,0.039453125,0.0019736842105263163,0.037479440789473684
4,0.5,1.0,crp_dataset_8_1_1.csv|crp_dataset_8_1_8.csv|crp_dataset_8_1_7.csv|crp_dataset_8_1_5.csv,crp_dataset_8_1_4.csv,0.63397557,0.9999999999911504,0.8625954198407436,113,0,18,125,0.023046875,0.0003871681415929204,0.02265970685840708
4,0.5,1.0,crp_dataset_8_1_1.csv|crp_dataset_8_1_8.csv|crp_dataset_8_1_7.csv|crp_dataset_8_1_5.csv,crp_dataset_8_1_6.csv,0.63397557,0.982142857134088,0.7857142857086735,110,2,30,114,0.026928710937499996,0.0010044642857142858,0.02592424665178571
4,0.5,1.0,crp_dataset_8_1_1.csv|crp_dataset_8_1_8.csv|crp_dataset_8_1_7.csv|crp_dataset_8_1_6.csv,crp_dataset_8_1_3.csv,0.61027116,0.9850746268583204,0.7630057803424104,132,2,41,81,0.0196044921875,0.00032649253731343285,0.019277999650186565
4,0.5,1.0,crp_dataset_8_1_1.csv|crp_dataset_8_1_8.csv|crp_dataset_8_1_7.csv|crp_dataset_8_1_6.csv,crp_dataset_8_1_2.csv,0.61027116,0.9425287356213502,0.6890756302463102,82,5,37,132,0.039453125,0.0020114942528735636,0.037441630747126434
4,0.5,1.0,crp_dataset_8_1_1.csv|crp_dataset_8_1_8.csv|crp_dataset_8_1_7.csv|crp_dataset_8_1_6.csv,crp_dataset_8_1_4.csv,0.61027116,0.999999999990991,0.8473282442683411,111,0,20,125,0.023046875,0.0003378378378378379,0.022709037162162164
4,0.5,1.0,crp_dataset_8_1_1.csv|crp_dataset_8_1_8.csv|crp_dataset_8_1_7.csv|crp_dataset_8_1_6.csv,crp_dataset_8_1_5.csv,0.61027116,0.9999999999870129,0.7699999999923,77,0,23,156,0.039282226562499994,0.0013798701298701301,0.03790235643262987
4,0.5,1.0,crp_dataset_8_1_1.csv|crp_dataset_8_1_8.csv|crp_dataset_8_1_2.csv|crp_dataset_8_1_4.csv,crp_dataset_8_1_3.csv,0.6684378,0.9873417721456498,0.9017341040410305,156,2,17,81,0.0196044921875,0.001186708860759494,0.018417783326740506
4,0.5,1.0,crp_dataset_8_1_1.csv|crp_dataset_8_1_8.csv|crp_dataset_8_1_2.csv|crp_dataset_8_1_4.csv,crp_dataset_8_1_7.csv,0.6684378,0.9999999999954546,0.9999999999954546,220,0,0,36,0.0095703125,0.00034090909090909094,0.00922940340909091
4,0.5,1.0,crp_dataset_8_1_1.csv|crp_dataset_8_1_8.csv|crp_dataset_8_1_2.csv|crp_dataset_8_1_4.csv,crp_dataset_8_1_5.csv,0.6684378,0.9999999999875,0.799999999992,80,0,20,156,0.039282226562499994,0.001328125,0.037954101562499995
4,0.5,1.0,crp_dataset_8_1_1.csv|crp_dataset_8_1_8.csv|crp_dataset_8_1_2.csv|crp_dataset_8_1_4.csv,crp_dataset_8_1_6.csv,0.6684378,0.9545454545367769,0.749999999994643,105,5,35,111,0.026928710937499996,0.002329545454545455,0.02459916548295454
4,0.5,1.0,crp_dataset_8_1_1.csv|crp_dataset_8_1_8.csv|crp_dataset_8_1_2.csv|crp_dataset_8_1_5.csv,crp_dataset_8_1_3.csv,0.6723877,0.9937499999937891,0.919075144503358,159,1,14,82,0.0196044921875,0.00042968749999999995,0.019174804687499998
4,0.5,1.0,crp_dataset_8_1_1.csv|crp_dataset_8_1_8.csv|crp_dataset_8_1_2.csv|crp_dataset_8_1_5.csv,crp_dataset_8_1_7.csv,0.6723877,0.9999999999954546,0.9999999999954546,220,0,0,36,0.0095703125,0.00034090909090909094,0.00922940340909091
4,0.5,1.0,crp_dataset_8_1_1.csv|crp_dataset_8_1_8.csv|crp_dataset_8_1_2.csv|crp_dataset_8_1_5.csv,crp_dataset_8_1_4.csv,0.6723877,0.9999999999911504,0.8625954198407436,113,0,18,125,0.023046875,0.0003871681415929204,0.02265970685840708
4,0.5,1.0,crp_dataset_8_1_1.csv|crp_dataset_8_1_8.csv|crp_dataset_8_1_2.csv|crp_dataset_8_1_5.csv,crp_dataset_8_1_6.csv,0.6723877,0.9568965517158888,0.7928571428514797,111,5,29,111,0.026928710937499996,0.002532327586206896,0.0243963833512931
4,0.5,1.0,crp_dataset_8_1_1.csv|crp_dataset_8_1_8.csv|crp_dataset_8_1_2.csv|crp_dataset_8_1_6.csv,crp_dataset_8_1_3.csv,0.72403854,0.9999999999931035,0.8381502890124963,145,0,28,83,0.0196044921875,0.00012931034482758624,0.019475181842672412
4,0.5,1.0,crp_dataset_8_1_1.csv|crp_dataset_8_1_8.csv|crp_dataset_8_1_2.csv|crp_dataset_8_1_6.csv,crp_dataset_8_1_7.csv,0.72403854,0.9999999999954546,0.9999999999954546,220,0,0,36,0.0095703125,0.00034090909090909094,0.00922940340909091
4,0.5,1.0,crp_dataset_8_1_1.csv|crp_dataset_8_1_8.csv|crp_dataset_8_1_2.csv|crp_dataset_8_1_6.csv,crp_dataset_8_1_4.csv,0.72403854,0.999999999990991,0.8473282442683411,111,0,20,125,0.023046875,0.00028153153153153153,0.02276534346846847
4,0.5,1.0,crp_dataset_8_1_1.csv|crp_dataset_8_1_8.csv|crp_dataset_8_1_2.csv|crp_dataset_8_1_6.csv,crp_dataset_8_1_5.csv,0.72403854,0.9999999999870129,0.7699999999923,77,0,23,156,0.039282226562499994,0.0013798701298701301,0.03790235643262987
4,0.5,1.0,crp_dataset_8_1_1.csv|crp_dataset_8_1_8.csv|crp_dataset_8_1_4.csv|crp_dataset_8_1_5.csv,crp_dataset_8_1_3.csv,0.6991896,0.97972972972311,0.8381502890124963,145,3,28,80,0.0196044921875,0.0005067567567567568,0.019097735430743244
4,0.5,1.0,crp_dataset_8_1_1.csv|crp_dataset_8_1_8.csv|crp_dataset_8_1_4.csv|crp_dataset_8_1_5.csv,crp_dataset_8_1_7.csv,0.6991896,0.9999999999954546,0.9999999999954546,220,0,0,36,0.0095703125,0.00034090909090909094,0.00922940340909091
4,0.5,1.0,crp_dataset_8_1_1.csv|crp_dataset_8_1_8.csv|crp_dataset_8_1_4.csv|crp_dataset_8_1_5.csv,crp_dataset_8_1_2.csv,0.6991896,0.9425287356213502,0.6890756302463102,82,5,37,132,0.039453125,0.0020114942528735636,0.037441630747126434
4,0.5,1.0,crp_dataset_8_1_1.csv|crp_dataset_8_1_8.csv|crp_dataset_8_1_4.csv|crp_dataset_8_1_5.csv,crp_dataset_8_1_6.csv,0.6991896,0.9557522123809226,0.7714285714230613,108,5,32,111,0.026928710937499996,0.0022123893805309734,0.024716321556969022
4,0.5,1.0,crp_dataset_8_1_1.csv|crp_dataset_8_1_8.csv|crp_dataset_8_1_4.csv|crp_dataset_8_1_6.csv,crp_dataset_8_1_3.csv,0.6376782,0.9799999999934668,0.849710982654048,147,3,26,80,0.0196044921875,0.0010833333333333333,0.018521158854166667
4,0.5,1.0,crp_dataset_8_1_1.csv|crp_dataset_8_1_8.csv|crp_dataset_8_1_4.csv|crp_dataset_8_1_6.csv,crp_dataset_8_1_7.csv,0.6376782,0.9999999999954546,0.9999999999954546,220,0,0,36,0.0095703125,0.00034090909090909094,0.00922940340909091
4,0.5,1.0,crp_dataset_8_1_1.csv|crp_dataset_8_1_8.csv|crp_dataset_8_1_4.csv|crp_dataset_8_1_6.csv,crp_dataset_8_1_2.csv,0.6376782,0.9425287356213502,0.6890756302463102,82,5,37,132,0.039453125,0.0020114942528735636,0.037441630747126434
4,0.5,1.0,crp_dataset_8_1_1.csv|crp_dataset_8_1_8.csv|crp_dataset_8_1_4.csv|crp_dataset_8_1_6.csv,crp_dataset_8_1_5.csv,0.6376782,0.9999999999870129,0.7699999999923,77,0,23,156,0.039282226562499994,0.0013798701298701301,0.03790235643262987
4,0.5,1.0,crp_dataset_8_1_1.csv|crp_dataset_8_1_8.csv|crp_dataset_8_1_5.csv|crp_dataset_8_1_6.csv,crp_dataset_8_1_3.csv,0.695725,0.9861111111042632,0.8208092485501688,142,2,31,81,0.0196044921875,0.00034722222222222224,0.01925726996527778
4,0.5,1.0,crp_dataset_8_1_1.csv|crp_dataset_8_1_8.csv|crp_dataset_8_1_5.csv|crp_dataset_8_1_6.csv,crp_dataset_8_1_7.csv,0.695725,0.9999999999954546,0.9999999999954546,220,0,0,36,0.0095703125,0.00034090909090909094,0.00922940340909091
4,0.5,1.0,crp_dataset_8_1_1.csv|crp_dataset_8_1_8.csv|crp_dataset_8_1_5.csv|crp_dataset_8_1_6.csv,crp_dataset_8_1_2.csv,0.695725,0.9425287356213502,0.6890756302463102,82,5,37,132,0.039453125,0.0020114942528735636,0.037441630747126434
4,0.5,1.0,crp_dataset_8_1_1.csv|crp_dataset_8_1_8.csv|crp_dataset_8_1_5.csv|crp_dataset_8_1_6.csv,crp_dataset_8_1_4.csv,0.695725,0.9999999999910714,0.8549618320545423,112,0,19,125,0.023046875,0.00033482142857142863,0.022712053571428574
4,0.5,1.0,crp_dataset_8_1_1.csv|crp_dataset_8_1_7.csv|crp_dataset_8_1_2.csv|crp_dataset_8_1_4.csv,crp_dataset_8_1_3.csv,0.7349085,0.9999999999926471,0.7861271676255137,136,0,37,83,0.0196044921875,0.0,0.0196044921875
4,0.5,1.0,crp_dataset_8_1_1.csv|crp_dataset_8_1_7.csv|crp_dataset_8_1_2.csv|crp_dataset_8_1_4.csv,crp_dataset_8_1_8.csv,0.7349085,0.9999999999873417,0.5724637681117938,79,0,59,118,0.0283203125,0.0022943037974683545,0.026026008702531647
4,0.5,1.0,crp_dataset_8_1_1.csv|crp_dataset_8_1_7.csv|crp_dataset_8_1_2.csv|crp_dataset_8_1_4.csv,crp_dataset_8_1_5.csv,0.7349085,0.9999999999870129,0.7699999999923,77,0,23,156,0.039282226562499994,0.0013798701298701301,0.03790235643262987
4,0.5,1.0,crp_dataset_8_1_1.csv|crp_dataset_8_1_7.csv|crp_dataset_8_1_2.csv|crp_dataset_8_1_4.csv,crp_dataset_8_1_6.csv,0.7349085,0.999999999990566,0.757142857137449,106,0,34,116,0.026928710937499996,0.0001768867924528302,0.026751824145047166
4,0.5,1.0,crp_dataset_8_1_1.csv|crp_dataset_8_1_7.csv|crp_dataset_8_1_2.csv|crp_dataset_8_1_5.csv,crp_dataset_8_1_3.csv,0.6946796,0.9867549668808825,0.8612716762955996,149,2,24,81,0.0196044921875,0.00028973509933774837,0.01931475708816225
4,0.5,1.0,crp_dataset_8_1_1.csv|crp_dataset_8_1_7.csv|crp_dataset_8_1_2.csv|crp_dataset_8_1_5.csv,crp_dataset_8_1_8.csv,0.6946796,0.9999999999863013,0.5289855072425437,73,0,65,118,0.0283203125,0.002482876712328767,0.025837435787671233
4,0.5,1.0,crp_dataset_8_1_1.csv|crp_dataset_8_1_7.csv|crp_dataset_8_1_2.csv|crp_dataset_8_1_5.csv,crp_dataset_8_1_4.csv,0.6946796,0.999999999991228,0.8702290076269449,114,0,17,125,0.023046875,0.0003289473684210527,0.022717927631578948
4,0.5,1.0,crp_dataset_8_1_1.csv|crp_dataset_8_1_7.csv|crp_dataset_8_1_2.csv|crp_dataset_8_1_5.csv,crp_dataset_8_1_6.csv,0.6946796,0.9909090909000826,0.7785714285658674,109,1,31,115,0.026928710937499996,0.000625,0.026303710937499995
4,0.5,1.0,crp_dataset_8_1_1.csv|crp_dataset_8_1_7.csv|crp_dataset_8_1_2.csv|crp_dataset_8_1_6.csv,crp_dataset_8_1_3.csv,0.6696362,0.9999999999921876,0.7398843930593071,128,0,45,83,0.0196044921875,0.0,0.0196044921875
4,0.5,1.0,crp_dataset_8_1_1.csv|crp_dataset_8_1_7.csv|crp_dataset_8_1_2.csv|crp_dataset_8_1_6.csv,crp_dataset_8_1_8.csv,0.6696362,0.9736842105135041,0.5362318840540853,74,2,64,116,0.0283203125,0.002796052631578948,0.02552425986842105
4,0.5,1.0,crp_dataset_8_1_1.csv|crp_dataset_8_1_7.csv|crp_dataset_8_1_2.csv|crp_dataset_8_1_6.csv,crp_dataset_8_1_4.csv,0.6696362,0.999999999991228,0.8702290076269449,114,0,17,125,0.023046875,0.0003289473684210527,0.022717927631578948
4,0.5,1.0,crp_dataset_8_1_1.csv|crp_dataset_8_1_7.csv|crp_dataset_8_1_2.csv|crp_dataset_8_1_6.csv,crp_dataset_8_1_5.csv,0.6696362,0.9999999999870129,0.7699999999923,77,0,23,156,0.039282226562499994,0.0013798701298701301,0.03790235643262987
4,0.5,1.0,crp_dataset_8_1_1.csv|crp_dataset_8_1_7.csv|crp_dataset_8_1_4.csv|crp_dataset_8_1_5.csv,crp_dataset_8_1_3.csv,0.64849454,0.9864864864798211,0.8439306358332721,146,2,27,81,0.0196044921875,0.0002533783783783784,0.01935111380912162
4,0.5,1.0,crp_dataset_8_1_1.csv|crp_dataset_8_1_7.csv|crp_dataset_8_1_4.csv|crp_dataset_8_1_5.csv,crp_dataset_8_1_8.csv,0.64849454,0.9761904761788548,0.5942028985464188,82,2,56,116,0.0283203125,0.0024553571428571432,0.025864955357142855
4,0.5,1.0,crp_dataset_8_1_1.csv|crp_dataset_8_1_7.csv|crp_dataset_8_1_4.csv|crp_dataset_8_1_5.csv,crp_dataset_8_1_2.csv,0.64849454,0.9425287356213502,0.6890756302463102,82,5,37,132,0.039453125,0.0020114942528735636,0.037441630747126434
4,0.5,1.0,crp_dataset_8_1_1.csv|crp_dataset_8_1_7.csv|crp_dataset_8_1_4.csv|crp_dataset_8_1_5.csv,crp_dataset_8_1_6.csv,0.64849454,0.9813084112057822,0.749999999994643,105,2,35,114,0.026928710937499996,0.0009929906542056077,0.025935720283294387
4,0.5,1.0,crp_dataset_8_1_1.csv|crp_dataset_8_1_7.csv|crp_dataset_8_1_4.csv|crp_dataset_8_1_6.csv,crp_dataset_8_1_3.csv,0.657389,0.9769230769155622,0.7341040462385312,127,3,46,80,0.0196044921875,0.0011538461538461537,0.018450646033653845
4,0.5,1.0,crp_dataset_8_1_1.csv|crp_dataset_8_1_7.csv|crp_dataset_8_1_4.csv|crp_dataset_8_1_6.csv,crp_dataset_8_1_8.csv,0.657389,0.9718309859018052,0.49999999999637684,69,2,69,116,0.0283203125,0.0029929577464788736,0.025327354753521127
4,0.5,1.0,crp_dataset_8_1_1.csv|crp_dataset_8_1_7.csv|crp_dataset_8_1_4.csv|crp_dataset_8_1_6.csv,crp_dataset_8_1_2.csv,0.657389,0.9425287356213502,0.6890756302463102,82,5,37,132,0.039453125,0.0020114942528735636,0.037441630747126434
4,0.5,1.0,crp_dataset_8_1_1.csv|crp_dataset_8_1_7.csv|crp_dataset_8_1_4.csv|crp_dataset_8_1_6.csv,crp_dataset_8_1_5.csv,0.657389,0.9999999999870129,0.7699999999923,77,0,23,156,0.039282226562499994,0.0013798701298701301,0.03790235643262987
4,0.5,1.0,crp_dataset_8_1_1.csv|crp_dataset_8_1_7.csv|crp_dataset_8_1_5.csv|crp_dataset_8_1_6.csv,crp_dataset_8_1_3.csv,0.6444859,0.9852941176398141,0.7745664739839621,134,2,39,81,0.0196044921875,0.0002757352941176471,0.019328756893382353
4,0.5,1.0,crp_dataset_8_1_1.csv|crp_dataset_8_1_7.csv|crp_dataset_8_1_5.csv|crp_dataset_8_1_6.csv,crp_dataset_8_1_8.csv,0.6444859,0.9655172413682124,0.6086956521695023,84,3,54,115,0.0283203125,0.002514367816091955,0.025805944683908046
4,0.5,1.0,crp_dataset_8_1_1.csv|crp_dataset_8_1_7.csv|crp_dataset_8_1_5.csv|crp_dataset_8_1_6.csv,crp_dataset_8_1_2.csv,0.6444859,0.9444444444339506,0.7142857142797119,85,5,34,132,0.039453125,0.0019444444444444446,0.037508680555555556
4,0.5,1.0,crp_dataset_8_1_1.csv|crp_dataset_8_1_7.csv|crp_dataset_8_1_5.csv|crp_dataset_8_1_6.csv,crp_dataset_8_1_4.csv,0.6444859,0.9999999999910714,0.8549618320545423,112,0,19,125,0.023046875,0.00027901785714285713,0.022767857142857145
4,0.5,1.0,crp_dataset_8_1_1.csv|crp_dataset_8_1_2.csv|crp_dataset_8_1_4.csv|crp_dataset_8_1_5.csv,crp_dataset_8_1_3.csv,0.66367084,0.9874999999938282,0.9132947976825821,158,2,15,81,0.0196044921875,0.0008593750000000001,0.0187451171875
4,0.5,1.0,crp_dataset_8_1_1.csv|crp_dataset_8_1_2.csv|crp_dataset_8_1_4.csv|crp_dataset_8_1_5.csv,crp_dataset_8_1_8.csv,0.66367084,0.8703703703623114,0.6811594202849192,94,14,44,104,0.0283203125,0.004224537037037037,0.024095775462962963
4,0.5,1.0,crp_dataset_8_1_1.csv|crp_dataset_8_1_2.csv|crp_dataset_8_1_4.csv|crp_dataset_8_1_5.csv,crp_dataset_8_1_7.csv,0.66367084,0.9999999999954546,0.9999999999954546,220,0,0,36,0.0095703125,0.00034090909090909094,0.00922940340909091
4,0.5,1.0,crp_dataset_8_1_1.csv|crp_dataset_8_1_2.csv|crp_dataset_8_1_4.csv|crp_dataset_8_1_5.csv,crp_dataset_8_1_6.csv,0.66367084,0.9310344827505945,0.7714285714230613,108,8,32,108,0.026928710937499996,0.003394396551724138,0.023534314385775856
4,0.5,1.0,crp_dataset_8_1_1.csv|crp_dataset_8_1_2.csv|crp_dataset_8_1_4.csv|crp_dataset_8_1_6.csv,crp_dataset_8_1_3.csv,0.61071277,0.999999999993671,0.9132947976825821,158,0,15,83,0.0196044921875,0.00011867088607594939,0.01948582130142405
4,0.5,1.0,crp_dataset_8_1_1.csv|crp_dataset_8_1_2.csv|crp_dataset_8_1_4.csv|crp_dataset_8_1_6.csv,crp_dataset_8_1_8.csv,0.61071277,0.9999999999901961,0.7391304347772527,102,0,36,118,0.0283203125,0.0026348039215686268,0.025685508578431375
4,0.5,1.0,crp_dataset_8_1_1.csv|crp_dataset_8_1_2.csv|crp_dataset_8_1_4.csv|crp_dataset_8_1_6.csv,crp_dataset_8_1_7.csv,0.61071277,0.9999999999954546,0.9999999999954546,220,0,0,36,0.0095703125,0.00034090909090909094,0.00922940340909091
4,0.5,1.0,crp_dataset_8_1_1.csv|crp_dataset_8_1_2.csv|crp_dataset_8_1_4.csv|crp_dataset_8_1_6.csv,crp_dataset_8_1_5.csv,0.61071277,0.9999999999885058,0.8699999999913,87,0,13,156,0.039282226562499994,0.0012212643678160922,0.038060962194683905
4,0.5,1.0,crp_dataset_8_1_1.csv|crp_dataset_8_1_2.csv|crp_dataset_8_1_5.csv|crp_dataset_8_1_6.csv,crp_dataset_8_1_3.csv,0.6708464,0.9740259740196493,0.8670520231163755,150,4,23,79,0.0196044921875,0.0008522727272727273,0.018752219460227273
4,0.5,1.0,crp_dataset_8_1_1.csv|crp_dataset_8_1_2.csv|crp_dataset_8_1_5.csv|crp_dataset_8_1_6.csv,crp_dataset_8_1_8.csv,0.6708464,0.987804878036734,0.5869565217348772,81,1,57,117,0.0283203125,0.0026676829268292685,0.025652629573170733
4,0.5,1.0,crp_dataset_8_1_1.csv|crp_dataset_8_1_2.csv|crp_dataset_8_1_5.csv|crp_dataset_8_1_6.csv,crp_dataset_8_1_7.csv,0.6708464,0.9999999999954546,0.9999999999954546,220,0,0,36,0.0095703125,0.00034090909090909094,0.00922940340909091
4,0.5,1.0,crp_dataset_8_1_1.csv|crp_dataset_8_1_2.csv|crp_dataset_8_1_5.csv|crp_dataset_8_1_6.csv,crp_dataset_8_1_4.csv,0.6708464,0.973913043469792,0.8549618320545423,112,3,19,122,0.023046875,0.0009782608695652175,0.022068614130434785
4,0.5,1.0,crp_dataset_8_1_1.csv|crp_dataset_8_1_4.csv|crp_dataset_8_1_5.csv|crp_dataset_8_1_6.csv,crp_dataset_8_1_3.csv,0.6344895,0.9860139860070909,0.8150289017293929,141,2,32,81,0.0196044921875,0.00017482517482517483,0.019429667012674824
4,0.5,1.0,crp_dataset_8_1_1.csv|crp_dataset_8_1_4.csv|crp_dataset_8_1_5.csv|crp_dataset_8_1_6.csv,crp_dataset_8_1_8.csv,0.6344895,0.9777777777669135,0.637681159415669,88,2,50,116,0.0283203125,0.0022916666666666667,0.026028645833333332
4,0.5,1.0,crp_dataset_8_1_1.csv|crp_dataset_8_1_4.csv|crp_dataset_8_1_5.csv|crp_dataset_8_1_6.csv,crp_dataset_8_1_7.csv,0.6344895,0.9999999999954546,0.9999999999954546,220,0,0,36,0.0095703125,0.00034090909090909094,0.00922940340909091
4,0.5,1.0,crp_dataset_8_1_1.csv|crp_dataset_8_1_4.csv|crp_dataset_8_1_5.csv|crp_dataset_8_1_6.csv,crp_dataset_8_1_2.csv,0.6344895,0.9425287356213502,0.6890756302463102,82,5,37,132,0.039453125,0.0020114942528735636,0.037441630747126434
4,0.5,1.0,crp_dataset_8_1_8.csv|crp_dataset_8_1_7.csv|crp_dataset_8_1_2.csv|crp_dataset_8_1_4.csv,crp_dataset_8_1_3.csv,0.7198011,0.9999999999913792,0.670520231209997,116,0,57,83,0.0196044921875,0.0,0.0196044921875
4,0.5,1.0,crp_dataset_8_1_8.csv|crp_dataset_8_1_7.csv|crp_dataset_8_1_2.csv|crp_dataset_8_1_4.csv,crp_dataset_8_1_1.csv,0.7198011,0.999999999984127,0.49999999999603173,63,0,63,130,0.0252685546875,9.92063492063492e-05,0.02516934833829365
4,0.5,1.0,crp_dataset_8_1_8.csv|crp_dataset_8_1_7.csv|crp_dataset_8_1_2.csv|crp_dataset_8_1_4.csv,crp_dataset_8_1_5.csv,0.7198011,0.9999999999871795,0.7799999999921999,78,0,22,156,0.039282226562499994,0.0014423076923076924,0.0378399188701923
4,0.5,1.0,crp_dataset_8_1_8.csv|crp_dataset_8_1_7.csv|crp_dataset_8_1_2.csv|crp_dataset_8_1_4.csv,crp_dataset_8_1_6.csv,0.7198011,0.9999999999868421,0.5428571428532654,76,0,64,116,0.026928710937499996,8.223684210526316e-05,0.026846474095394732
4,0.5,1.0,crp_dataset_8_1_8.csv|crp_dataset_8_1_7.csv|crp_dataset_8_1_2.csv|crp_dataset_8_1_5.csv,crp_dataset_8_1_3.csv,0.60776573,0.8084112149494934,0.9999999999942197,173,41,0,42,0.0196044921875,0.010309579439252335,0.009294912748247664
4,0.5,1.0,crp_dataset_8_1_8.csv|crp_dataset_8_1_7.csv|crp_dataset_8_1_2.csv|crp_dataset_8_1_5.csv,crp_dataset_8_1_1.csv,0.60776573,0.7453416149022029,0.9523809523733938,120,41,6,89,0.0252685546875,0.009122670807453416,0.016145883880046584
4,0.5,1.0,crp_dataset_8_1_8.csv|crp_dataset_8_1_7.csv|crp_dataset_8_1_2.csv|crp_dataset_8_1_5.csv,crp_dataset_8_1_4.csv,0.60776573,0.7182320441949269,0.9923664122061652,130,51,1,74,0.023046875,0.012189226519337015,0.010857648480662986
4,0.5,1.0,crp_dataset_8_1_8.csv|crp_dataset_8_1_7.csv|crp_dataset_8_1_2.csv|crp_dataset_8_1_5.csv,crp_dataset_8_1_6.csv,0.60776573,0.6428571428540817,0.9642857142788266,135,75,5,41,0.026928710937499996,0.018720238095238095,0.0082084728422619
4,0.5,1.0,crp_dataset_8_1_8.csv|crp_dataset_8_1_7.csv|crp_dataset_8_1_2.csv|crp_dataset_8_1_6.csv,crp_dataset_8_1_3.csv,0.69180876,0.9851851851778876,0.7687861271631863,133,2,40,81,0.0196044921875,0.0008796296296296297,0.01872486255787037
4,0.5,1.0,crp_dataset_8_1_8.csv|crp_dataset_8_1_7.csv|crp_dataset_8_1_2.csv|crp_dataset_8_1_6.csv,crp_dataset_8_1_1.csv,0.69180876,0.9646017699029681,0.8650793650724994,109,4,17,126,0.0252685546875,0.0014380530973451327,0.023830501590154866
4,0.5,1.0,crp_dataset_8_1_8.csv|crp_dataset_8_1_7.csv|crp_dataset_8_1_2.csv|crp_dataset_8_1_6.csv,crp_dataset_8_1_4.csv,0.69180876,0.9508196721233539,0.8854961831993474,116,6,15,119,0.023046875,0.0028176229508196722,0.02022925204918033
4,0.5,1.0,crp_dataset_8_1_8.csv|crp_dataset_8_1_7.csv|crp_dataset_8_1_2.csv|crp_dataset_8_1_6.csv,crp_dataset_8_1_5.csv,0.69180876,0.9999999999870129,0.7699999999923,77,0,23,156,0.039282226562499994,0.0013798701298701301,0.03790235643262987
4,0.5,1.0,crp_dataset_8_1_8.csv|crp_dataset_8_1_7.csv|crp_dataset_8_1_4.csv|crp_dataset_8_1_5.csv,crp_dataset_8_1_3.csv,0.6888644,0.9824561403422591,0.6473988439268937,112,2,61,81,0.0196044921875,0.0002192982456140351,0.019385193941885964
4,0.5,1.0,crp_dataset_8_1_8.csv|crp_dataset_8_1_7.csv|crp_dataset_8_1_4.csv|crp_dataset_8_1_5.csv,crp_dataset_8_1_1.csv,0.6888644,0.9999999999836067,0.4841269841231418,61,0,65,130,0.0252685546875,0.00010245901639344262,0.02516609567110656
4,0.5,1.0,crp_dataset_8_1_8.csv|crp_dataset_8_1_7.csv|crp_dataset_8_1_4.csv|crp_dataset_8_1_5.csv,crp_dataset_8_1_2.csv,0.6888644,0.9425287356213502,0.6890756302463102,82,5,37,132,0.039453125,0.0020114942528735636,0.037441630747126434
4,0.5,1.0,crp_dataset_8_1_8.csv|crp_dataset_8_1_7.csv|crp_dataset_8_1_4.csv|crp_dataset_8_1_5.csv,crp_dataset_8_1_6.csv,0.6888644,0.9999999999871795,0.5571428571388776,78,0,62,116,0.026928710937499996,8.012820512820513e-05,0.02684858273237179
4,0.5,1.0,crp_dataset_8_1_8.csv|crp_dataset_8_1_7.csv|crp_dataset_8_1_4.csv|crp_dataset_8_1_6.csv,crp_dataset_8_1_3.csv,0.6007998,0.9833333333251388,0.6820809248515487,118,2,55,81,0.0196044921875,0.00020833333333333335,0.019396158854166665
4,0.5,1.0,crp_dataset_8_1_8.csv|crp_dataset_8_1_7.csv|crp_dataset_8_1_4.csv|crp_dataset_8_1_6.csv,crp_dataset_8_1_1.csv,0.6007998,0.9999999999871795,0.619047619042706,78,0,48,130,0.0252685546875,8.012820512820513e-05,0.025188426482371795
4,0.5,1.0,crp_dataset_8_1_8.csv|crp_dataset_8_1_7.csv|crp_dataset_8_1_4.csv|crp_dataset_8_1_6.csv,crp_dataset_8_1_2.csv,0.6007998,0.9425287356213502,0.6890756302463102,82,5,37,132,0.039453125,0.0020114942528735636,0.037441630747126434
4,0.5,1.0,crp_dataset_8_1_8.csv|crp_dataset_8_1_7.csv|crp_dataset_8_1_4.csv|crp_dataset_8_1_6.csv,crp_dataset_8_1_5.csv,0.6007998,0.9999999999870129,0.7699999999923,77,0,23,156,0.039282226562499994,0.0013798701298701301,0.03790235643262987
4,0.5,1.0,crp_dataset_8_1_8.csv|crp_dataset_8_1_7.csv|crp_dataset_8_1_5.csv|crp_dataset_8_1_6.csv,crp_dataset_8_1_3.csv,0.6641003,0.9824561403422591,0.6473988439268937,112,2,61,81,0.0196044921875,0.0002192982456140351,0.019385193941885964
4,0.5,1.0,crp_dataset_8_1_8.csv|crp_dataset_8_1_7.csv|crp_dataset_8_1_5.csv|crp_dataset_8_1_6.csv,crp_dataset_8_1_1.csv,0.6641003,0.9999999999857142,0.5555555555511463,70,0,56,130,0.0252685546875,8.928571428571429e-05,0.025179268973214285
4,0.5,1.0,crp_dataset_8_1_8.csv|crp_dataset_8_1_7.csv|crp_dataset_8_1_5.csv|crp_dataset_8_1_6.csv,crp_dataset_8_1_2.csv,0.6641003,0.9438202247084964,0.7058823529352447,84,5,35,132,0.039453125,0.001966292134831461,0.03748683286516854
4,0.5,1.0,crp_dataset_8_1_8.csv|crp_dataset_8_1_7.csv|crp_dataset_8_1_5.csv|crp_dataset_8_1_6.csv,crp_dataset_8_1_4.csv,0.6641003,0.999999999990909,0.8396946564821398,110,0,21,125,0.023046875,0.0002840909090909091,0.022762784090909094
4,0.5,1.0,crp_dataset_8_1_8.csv|crp_dataset_8_1_2.csv|crp_dataset_8_1_4.csv|crp_dataset_8_1_5.csv,crp_dataset_8_1_3.csv,0.60651666,0.9999999999927008,0.7919075144462896,137,0,36,83,0.0196044921875,4.5620437956204383e-05,0.019558871749543794
4,0.5,1.0,crp_dataset_8_1_8.csv|crp_dataset_8_1_2.csv|crp_dataset_8_1_4.csv|crp_dataset_8_1_5.csv,crp_dataset_8_1_1.csv,0.60651666,0.999999999984127,0.49999999999603173,63,0,63,130,0.0252685546875,9.92063492063492e-05,0.02516934833829365
4,0.5,1.0,crp_dataset_8_1_8.csv|crp_dataset_8_1_2.csv|crp_dataset_8_1_4.csv|crp_dataset_8_1_5.csv,crp_dataset_8_1_7.csv,0.60651666,0.9999999999954546,0.9999999999954546,220,0,0,36,0.0095703125,0.00034090909090909094,0.00922940340909091
4,0.5,1.0,crp_dataset_8_1_8.csv|crp_dataset_8_1_2.csv|crp_dataset_8_1_4.csv|crp_dataset_8_1_5.csv,crp_dataset_8_1_6.csv,0.60651666,0.9999999999871795,0.5571428571388776,78,0,62,116,0.026928710937499996,0.00016025641025641026,0.026768454527243586
4,0.5,1.0,crp_dataset_8_1_8.csv|crp_dataset_8_1_2.csv|crp_dataset_8_1_4.csv|crp_dataset_8_1_6.csv,crp_dataset_8_1_3.csv,0.65081793,0.9999999999925927,0.7803468208047379,135,0,38,83,0.0196044921875,0.0,0.0196044921875
4,0.5,1.0,crp_dataset_8_1_8.csv|crp_dataset_8_1_2.csv|crp_dataset_8_1_4.csv|crp_dataset_8_1_6.csv,crp_dataset_8_1_1.csv,0.65081793,0.9882352941060207,0.6666666666613756,84,1,42,129,0.0252685546875,0.0008088235294117648,0.024459731158088235
4,0.5,1.0,crp_dataset_8_1_8.csv|crp_dataset_8_1_2.csv|crp_dataset_8_1_4.csv|crp_dataset_8_1_6.csv,crp_dataset_8_1_7.csv,0.65081793,0.9999999999954546,0.9999999999954546,220,0,0,36,0.0095703125,0.00034090909090909094,0.00922940340909091
4,0.5,1.0,crp_dataset_8_1_8.csv|crp_dataset_8_1_2.csv|crp_dataset_8_1_4.csv|crp_dataset_8_1_6.csv,crp_dataset_8_1_5.csv,0.65081793,0.9999999999878049,0.8199999999918,82,0,18,156,0.039282226562499994,0.0012957317073170732,0.03798649485518292
4,0.5,1.0,crp_dataset_8_1_8.csv|crp_dataset_8_1_2.csv|crp_dataset_8_1_5.csv|crp_dataset_8_1_6.csv,crp_dataset_8_1_3.csv,0.60300857,0.8947368421000308,0.884393063578703,153,18,20,65,0.0196044921875,0.005445906432748538,0.01415858575475146
4,0.5,1.0,crp_dataset_8_1_8.csv|crp_dataset_8_1_2.csv|crp_dataset_8_1_5.csv|crp_dataset_8_1_6.csv,crp_dataset_8_1_1.csv,0.60300857,0.848739495791187,0.8015873015809397,101,18,25,112,0.0252685546875,0.0055147058823529415,0.019753848805147058
4,0.5,1.0,crp_dataset_8_1_8.csv|crp_dataset_8_1_2.csv|crp_dataset_8_1_5.csv|crp_dataset_8_1_6.csv,crp_dataset_8_1_7.csv,0.60300857,0.9999999999954546,0.9999999999954546,220,0,0,36,0.0095703125,0.00034090909090909094,0.00922940340909091
4,0.5,1.0,crp_dataset_8_1_8.csv|crp_dataset_8_1_2.csv|crp_dataset_8_1_5.csv|crp_dataset_8_1_6.csv,crp_dataset_8_1_4.csv,0.60300857,0.9097744360833853,0.9236641221303538,121,12,10,113,0.023046875,0.004182330827067669,0.018864544172932332
4,0.5,1.0,crp_dataset_8_1_8.csv|crp_dataset_8_1_4.csv|crp_dataset_8_1_5.csv|crp_dataset_8_1_6.csv,crp_dataset_8_1_3.csv,0.6629296,0.9830508474492962,0.670520231209997,116,2,57,81,0.0196044921875,0.00021186440677966104,0.019392627780720338
4,0.5,1.0,crp_dataset_8_1_8.csv|crp_dataset_8_1_4.csv|crp_dataset_8_1_5.csv|crp_dataset_8_1_6.csv,crp_dataset_8_1_1.csv,0.6629296,0.9999999999864865,0.5873015872969262,74,0,52,130,0.0252685546875,8.445945945945946e-05,0.02518409522804054
4,0.5,1.0,crp_dataset_8_1_8.csv|crp_dataset_8_1_4.csv|crp_dataset_8_1_5.csv|crp_dataset_8_1_6.csv,crp_dataset_8_1_7.csv,0.6629296,0.9999999999954546,0.9999999999954546,220,0,0,36,0.0095703125,0.00034090909090909094,0.00922940340909091
4,0.5,1.0,crp_dataset_8_1_8.csv|crp_dataset_8_1_4.csv|crp_dataset_8_1_5.csv|crp_dataset_8_1_6.csv,crp_dataset_8_1_2.csv,0.6629296,0.9425287356213502,0.6890756302463102,82,5,37,132,0.039453125,0.0020114942528735636,0.037441630747126434
4,0.5,1.0,crp_dataset_8_1_7.csv|crp_dataset_8_1_2.csv|crp_dataset_8_1_4.csv|crp_dataset_8_1_5.csv,crp_dataset_8_1_3.csv,0.6490139,0.9999999999926471,0.7861271676255137,136,0,37,83,0.0196044921875,0.0,0.0196044921875
4,0.5,1.0,crp_dataset_8_1_7.csv|crp_dataset_8_1_2.csv|crp_dataset_8_1_4.csv|crp_dataset_8_1_5.csv,crp_dataset_8_1_1.csv,0.6490139,0.999999999983871,0.49206349205958677,62,0,64,130,0.0252685546875,0.00010080645161290323,0.025167748235887098
4,0.5,1.0,crp_dataset_8_1_7.csv|crp_dataset_8_1_2.csv|crp_dataset_8_1_4.csv|crp_dataset_8_1_5.csv,crp_dataset_8_1_8.csv,0.6490139,0.9999999999836067,0.4420289855040433,61,0,77,118,0.0283203125,0.0029713114754098364,0.025349001024590163
4,0.5,1.0,crp_dataset_8_1_7.csv|crp_dataset_8_1_2.csv|crp_dataset_8_1_4.csv|crp_dataset_8_1_5.csv,crp_dataset_8_1_6.csv,0.6490139,0.9999999999876543,0.5785714285672959,81,0,59,116,0.026928710937499996,0.00038580246913580245,0.02654290846836419
4,0.5,1.0,crp_dataset_8_1_7.csv|crp_dataset_8_1_2.csv|crp_dataset_8_1_4.csv|crp_dataset_8_1_6.csv,crp_dataset_8_1_3.csv,0.6867369,0.9999999999921876,0.7398843930593071,128,0,45,83,0.0196044921875,0.0,0.0196044921875
4,0.5,1.0,crp_dataset_8_1_7.csv|crp_dataset_8_1_2.csv|crp_dataset_8_1_4.csv|crp_dataset_8_1_6.csv,crp_dataset_8_1_1.csv,0.6867369,0.999999999984127,0.49999999999603173,63,0,63,130,0.0252685546875,9.92063492063492e-05,0.02516934833829365
4,0.5,1.0,crp_dataset_8_1_7.csv|crp_dataset_8_1_2.csv|crp_dataset_8_1_4.csv|crp_dataset_8_1_6.csv,crp_dataset_8_1_8.csv,0.6867369,0.9999999999836067,0.4420289855040433,61,0,77,118,0.0283203125,0.0029713114754098364,0.025349001024590163
4,0.5,1.0,crp_dataset_8_1_7.csv|crp_dataset_8_1_2.csv|crp_dataset_8_1_4.csv|crp_dataset_8_1_6.csv,crp_dataset_8_1_5.csv,0.6867369,0.9999999999885058,0.8699999999913,87,0,13,156,0.039282226562499994,0.0012212643678160922,0.038060962194683905
4,0.5,1.0,crp_dataset_8_1_7.csv|crp_dataset_8_1_2.csv|crp_dataset_8_1_5.csv|crp_dataset_8_1_6.csv,crp_dataset_8_1_3.csv,0.6798543,0.984251968496187,0.7225433525969795,125,2,48,81,0.0196044921875,0.00019685039370078743,0.01940764179379921
4,0.5,1.0,crp_dataset_8_1_7.csv|crp_dataset_8_1_2.csv|crp_dataset_8_1_5.csv|crp_dataset_8_1_6.csv,crp_dataset_8_1_1.csv,0.6798543,0.999999999984127,0.49999999999603173,63,0,63,130,0.0252685546875,9.92063492063492e-05,0.02516934833829365
4,0.5,1.0,crp_dataset_8_1_7.csv|crp_dataset_8_1_2.csv|crp_dataset_8_1_5.csv|crp_dataset_8_1_6.csv,crp_dataset_8_1_8.csv,0.6798543,0.9999999999836067,0.4420289855040433,61,0,77,118,0.0283203125,0.0029713114754098364,0.025349001024590163
4,0.5,1.0,crp_dataset_8_1_7.csv|crp_dataset_8_1_2.csv|crp_dataset_8_1_5.csv|crp_dataset_8_1_6.csv,crp_dataset_8_1_4.csv,0.6798543,0.9999999999911504,0.8625954198407436,113,0,18,125,0.023046875,0.0002765486725663717,0.02277032632743363
4,0.5,1.0,crp_dataset_8_1_7.csv|crp_dataset_8_1_4.csv|crp_dataset_8_1_5.csv|crp_dataset_8_1_6.csv,crp_dataset_8_1_3.csv,0.7172376,0.9827586206811831,0.6589595375684454,114,2,59,81,0.0196044921875,0.00021551724137931037,0.01938897494612069
4,0.5,1.0,crp_dataset_8_1_7.csv|crp_dataset_8_1_4.csv|crp_dataset_8_1_5.csv|crp_dataset_8_1_6.csv,crp_dataset_8_1_1.csv,0.7172376,0.9999999999833334,0.4761904761866969,60,0,66,130,0.0252685546875,0.00010416666666666667,0.025164388020833334
4,0.5,1.0,crp_dataset_8_1_7.csv|crp_dataset_8_1_4.csv|crp_dataset_8_1_5.csv|crp_dataset_8_1_6.csv,crp_dataset_8_1_8.csv,0.7172376,0.9682539682385992,0.4420289855040433,61,2,77,116,0.0283203125,0.0032738095238095243,0.025046502976190474
4,0.5,1.0,crp_dataset_8_1_7.csv|crp_dataset_8_1_4.csv|crp_dataset_8_1_5.csv|crp_dataset_8_1_6.csv,crp_dataset_8_1_2.csv,0.7172376,0.9425287356213502,0.6890756302463102,82,5,37,132,0.039453125,0.0020114942528735636,0.037441630747126434
4,0.5,1.0,crp_dataset_8_1_2.csv|crp_dataset_8_1_4.csv|crp_dataset_8_1_5.csv|crp_dataset_8_1_6.csv,crp_dataset_8_1_3.csv,0.71230525,0.9999999999923078,0.7514450867008587,130,0,43,83,0.0196044921875,0.0,0.0196044921875
4,0.5,1.0,crp_dataset_8_1_2.csv|crp_dataset_8_1_4.csv|crp_dataset_8_1_5.csv|crp_dataset_8_1_6.csv,crp_dataset_8_1_1.csv,0.71230525,0.999999999984127,0.49999999999603173,63,0,63,130,0.0252685546875,9.92063492063492e-05,0.02516934833829365
4,0.5,1.0,crp_dataset_8_1_2.csv|crp_dataset_8_1_4.csv|crp_dataset_8_1_5.csv|crp_dataset_8_1_6.csv,crp_dataset_8_1_8.csv,0.71230525,0.9999999999848485,0.4782608695617518,66,0,72,118,0.0283203125,0.0030303030303030307,0.02529000946969697
4,0.5,1.0,crp_dataset_8_1_2.csv|crp_dataset_8_1_4.csv|crp_dataset_8_1_5.csv|crp_dataset_8_1_6.csv,crp_dataset_8_1_7.csv,0.71230525,0.9999999999954546,0.9999999999954546,220,0,0,36,0.0095703125,0.00034090909090909094,0.00922940340909091
5,0.5,1.0,crp_dataset_8_1_3.csv|crp_dataset_8_1_1.csv|crp_dataset_8_1_8.csv|crp_dataset_8_1_7.csv|crp_dataset_8_1_2.csv,crp_dataset_8_1_4.csv,0.6315046,0.9583333333253472,0.8778625954131462,115,5,16,120,0.023046875,0.002604166666666667,0.020442708333333334
5,0.5,1.0,crp_dataset_8_1_3.csv|crp_dataset_8_1_1.csv|crp_dataset_8_1_8.csv|crp_dataset_8_1_7.csv|crp_dataset_8_1_2.csv,crp_dataset_8_1_5.csv,0.6315046,0.9999999999883721,0.8599999999914,86,0,14,156,0.039282226562499994,0.00123546511627907,0.03804676144622093
5,0.5,1.0,crp_dataset_8_1_3.csv|crp_dataset_8_1_1.csv|crp_dataset_8_1_8.csv|crp_dataset_8_1_7.csv|crp_dataset_8_1_2.csv,crp_dataset_8_1_6.csv,0.6315046,0.9285714285640589,0.8357142857083164,117,9,23,107,0.026928710937499996,0.0030753968253968253,0.02385331411210317
5,0.5,1.0,crp_dataset_8_1_3.csv|crp_dataset_8_1_1.csv|crp_dataset_8_1_8.csv|crp_dataset_8_1_7.csv|crp_dataset_8_1_4.csv,crp_dataset_8_1_2.csv,0.6297585,0.9999999999878049,0.6890756302463102,82,0,37,137,0.039453125,0.0013719512195121953,0.0380811737804878
5,0.5,1.0,crp_dataset_8_1_3.csv|crp_dataset_8_1_1.csv|crp_dataset_8_1_8.csv|crp_dataset_8_1_7.csv|crp_dataset_8_1_4.csv,crp_dataset_8_1_5.csv,0.6297585,0.9999999999870129,0.7699999999923,77,0,23,156,0.039282226562499994,0.0013798701298701301,0.03790235643262987
5,0.5,1.0,crp_dataset_8_1_3.csv|crp_dataset_8_1_1.csv|crp_dataset_8_1_8.csv|crp_dataset_8_1_7.csv|crp_dataset_8_1_4.csv,crp_dataset_8_1_6.csv,0.6297585,0.9006622516496645,0.9714285714216327,136,15,4,101,0.026928710937499996,0.0035182119205298015,0.023410499016970194
5,0.5,1.0,crp_dataset_8_1_3.csv|crp_dataset_8_1_1.csv|crp_dataset_8_1_8.csv|crp_dataset_8_1_7.csv|crp_dataset_8_1_5.csv,crp_dataset_8_1_2.csv,0.64263344,0.9999999999895833,0.806722689068851,96,0,23,137,0.039453125,0.0012369791666666668,0.03821614583333333
5,0.5,1.0,crp_dataset_8_1_3.csv|crp_dataset_8_1_1.csv|crp_dataset_8_1_8.csv|crp_dataset_8_1_7.csv|crp_dataset_8_1_5.csv,crp_dataset_8_1_4.csv,0.64263344,0.999999999990991,0.8473282442683411,111,0,20,125,0.023046875,0.00028153153153153153,0.02276534346846847
5,0.5,1.0,crp_dataset_8_1_3.csv|crp_dataset_8_1_1.csv|crp_dataset_8_1_8.csv|crp_dataset_8_1_7.csv|crp_dataset_8_1_5.csv,crp_dataset_8_1_6.csv,0.64263344,0.9499999999920833,0.814285714279898,114,6,26,110,0.026928710937499996,0.0028125000000000003,0.024116210937499997
5,0.5,1.0,crp_dataset_8_1_3.csv|crp_dataset_8_1_1.csv|crp_dataset_8_1_8.csv|crp_dataset_8_1_7.csv|crp_dataset_8_1_6.csv,crp_dataset_8_1_2.csv,0.6427667,0.9999999999878049,0.6890756302463102,82,0,37,137,0.039453125,0.0013719512195121953,0.0380811737804878
5,0.5,1.0,crp_dataset_8_1_3.csv|crp_dataset_8_1_1.csv|crp_dataset_8_1_8.csv|crp_dataset_8_1_7.csv|crp_dataset_8_1_6.csv,crp_dataset_8_1_4.csv,0.6427667,0.999999999990991,0.8473282442683411,111,0,20,125,0.023046875,0.0003378378378378379,0.022709037162162164
5,0.5,1.0,crp_dataset_8_1_3.csv|crp_dataset_8_1_1.csv|crp_dataset_8_1_8.csv|crp_dataset_8_1_7.csv|crp_dataset_8_1_6.csv,crp_dataset_8_1_5.csv,0.6427667,0.9746835442914596,0.7699999999923,77,2,23,154,0.039282226562499994,0.0018987341772151902,0.0373834923852848
5,0.5,1.0,crp_dataset_8_1_3.csv|crp_dataset_8_1_1.csv|crp_dataset_8_1_8.csv|crp_dataset_8_1_2.csv|crp_dataset_8_1_4.csv,crp_dataset_8_1_7.csv,0.60188645,0.9999999999954546,0.9999999999954546,220,0,0,36,0.0095703125,0.00034090909090909094,0.00922940340909091
5,0.5,1.0,crp_dataset_8_1_3.csv|crp_dataset_8_1_1.csv|crp_dataset_8_1_8.csv|crp_dataset_8_1_2.csv|crp_dataset_8_1_4.csv,crp_dataset_8_1_5.csv,0.60188645,0.9999999999883721,0.8599999999914,86,0,14,156,0.039282226562499994,0.00123546511627907,0.03804676144622093
5,0.5,1.0,crp_dataset_8_1_3.csv|crp_dataset_8_1_1.csv|crp_dataset_8_1_8.csv|crp_dataset_8_1_2.csv|crp_dataset_8_1_4.csv,crp_dataset_8_1_6.csv,0.60188645,0.9374999999926759,0.8571428571367348,120,8,20,108,0.026928710937499996,0.0022460937500000003,0.024682617187499995
5,0.5,1.0,crp_dataset_8_1_3.csv|crp_dataset_8_1_1.csv|crp_dataset_8_1_8.csv|crp_dataset_8_1_2.csv|crp_dataset_8_1_5.csv,crp_dataset_8_1_7.csv,0.607462,0.9999999999954546,0.9999999999954546,220,0,0,36,0.0095703125,0.00034090909090909094,0.00922940340909091
5,0.5,1.0,crp_dataset_8_1_3.csv|crp_dataset_8_1_1.csv|crp_dataset_8_1_8.csv|crp_dataset_8_1_2.csv|crp_dataset_8_1_5.csv,crp_dataset_8_1_4.csv,0.607462,0.9999999999913043,0.8778625954131462,115,0,16,125,0.023046875,0.0003804347826086957,0.022666440217391306
5,0.5,1.0,crp_dataset_8_1_3.csv|crp_dataset_8_1_1.csv|crp_dataset_8_1_8.csv|crp_dataset_8_1_2.csv|crp_dataset_8_1_5.csv,crp_dataset_8_1_6.csv,0.607462,0.9557522123809226,0.7714285714230613,108,5,32,111,0.026928710937499996,0.002378318584070797,0.0245503923534292
5,0.5,1.0,crp_dataset_8_1_3.csv|crp_dataset_8_1_1.csv|crp_dataset_8_1_8.csv|crp_dataset_8_1_2.csv|crp_dataset_8_1_6.csv,crp_dataset_8_1_7.csv,0.6015346,0.9999999999954546,0.9999999999954546,220,0,0,36,0.0095703125,0.00034090909090909094,0.00922940340909091
5,0.5,1.0,crp_dataset_8_1_3.csv|crp_dataset_8_1_1.csv|crp_dataset_8_1_8.csv|crp_dataset_8_1_2.csv|crp_dataset_8_1_6.csv,crp_dataset_8_1_4.csv,0.6015346,0.999999999991228,0.8702290076269449,114,0,17,125,0.023046875,0.0003289473684210527,0.022717927631578948
5,0.5,1.0,crp_dataset_8_1_3.csv|crp_dataset_8_1_1.csv|crp_dataset_8_1_8.csv|crp_dataset_8_1_2.csv|crp_dataset_8_1_6.csv,crp_dataset_8_1_5.csv,0.6015346,0.9999999999876543,0.8099999999919,81,0,19,156,0.039282226562499994,0.0013117283950617286,0.03797049816743826
5,0.5,1.0,crp_dataset_8_1_3.csv|crp_dataset_8_1_1.csv|crp_dataset_8_1_8.csv|crp_dataset_8_1_4.csv|crp_dataset_8_1_5.csv,crp_dataset_8_1_7.csv,0.6024809,0.9999999999954546,0.9999999999954546,220,0,0,36,0.0095703125,0.00034090909090909094,0.00922940340909091
5,0.5,1.0,crp_dataset_8_1_3.csv|crp_dataset_8_1_1.csv|crp_dataset_8_1_8.csv|crp_dataset_8_1_4.csv|crp_dataset_8_1_5.csv,crp_dataset_8_1_2.csv,0.6024809,0.9999999999882353,0.7142857142797119,85,0,34,137,0.039453125,0.001323529411764706,0.038129595588235296
5,0.5,1.0,crp_dataset_8_1_3.csv|crp_dataset_8_1_1.csv|crp_dataset_8_1_8.csv|crp_dataset_8_1_4.csv|crp_dataset_8_1_5.csv,crp_dataset_8_1_6.csv,0.6024809,0.9510489510423005,0.9714285714216327,136,7,4,109,0.026928710937499996,0.0020104895104895103,0.024918221427010487
5,0.5,1.0,crp_dataset_8_1_3.csv|crp_dataset_8_1_1.csv|crp_dataset_8_1_8.csv|crp_dataset_8_1_4.csv|crp_dataset_8_1_6.csv,crp_dataset_8_1_7.csv,0.6140399,0.9999999999954546,0.9999999999954546,220,0,0,36,0.0095703125,0.00034090909090909094,0.00922940340909091
5,0.5,1.0,crp_dataset_8_1_3.csv|crp_dataset_8_1_1.csv|crp_dataset_8_1_8.csv|crp_dataset_8_1_4.csv|crp_dataset_8_1_6.csv,crp_dataset_8_1_2.csv,0.6140399,0.9999999999878049,0.6890756302463102,82,0,37,137,0.039453125,0.0013719512195121953,0.0380811737804878
5,0.5,1.0,crp_dataset_8_1_3.csv|crp_dataset_8_1_1.csv|crp_dataset_8_1_8.csv|crp_dataset_8_1_4.csv|crp_dataset_8_1_6.csv,crp_dataset_8_1_5.csv,0.6140399,0.9638554216751343,0.799999999992,80,3,20,153,0.039282226562499994,0.0021837349397590363,0.03709849162274096
5,0.5,1.0,crp_dataset_8_1_3.csv|crp_dataset_8_1_1.csv|crp_dataset_8_1_8.csv|crp_dataset_8_1_5.csv|crp_dataset_8_1_6.csv,crp_dataset_8_1_7.csv,0.6196714,0.9999999999954546,0.9999999999954546,220,0,0,36,0.0095703125,0.00034090909090909094,0.00922940340909091
5,0.5,1.0,crp_dataset_8_1_3.csv|crp_dataset_8_1_1.csv|crp_dataset_8_1_8.csv|crp_dataset_8_1_5.csv|crp_dataset_8_1_6.csv,crp_dataset_8_1_2.csv,0.6196714,0.9425287356213502,0.6890756302463102,82,5,37,132,0.039453125,0.0020114942528735636,0.037441630747126434
5,0.5,1.0,crp_dataset_8_1_3.csv|crp_dataset_8_1_1.csv|crp_dataset_8_1_8.csv|crp_dataset_8_1_5.csv|crp_dataset_8_1_6.csv,crp_dataset_8_1_4.csv,0.6196714,0.9999999999910714,0.8549618320545423,112,0,19,125,0.023046875,0.00033482142857142863,0.022712053571428574
5,0.5,1.0,crp_dataset_8_1_3.csv|crp_dataset_8_1_1.csv|crp_dataset_8_1_7.csv|crp_dataset_8_1_2.csv|crp_dataset_8_1_4.csv,crp_dataset_8_1_8.csv,0.638297,0.9999999999886363,0.637681159415669,88,0,50,118,0.0283203125,0.0022017045454545453,0.026118607954545455
5,0.5,1.0,crp_dataset_8_1_3.csv|crp_dataset_8_1_1.csv|crp_dataset_8_1_7.csv|crp_dataset_8_1_2.csv|crp_dataset_8_1_4.csv,crp_dataset_8_1_5.csv,0.638297,0.9999999999883721,0.8599999999914,86,0,14,156,0.039282226562499994,0.00123546511627907,0.03804676144622093
5,0.5,1.0,crp_dataset_8_1_3.csv|crp_dataset_8_1_1.csv|crp_dataset_8_1_7.csv|crp_dataset_8_1_2.csv|crp_dataset_8_1_4.csv,crp_dataset_8_1_6.csv,0.638297,0.9572649572567755,0.7999999999942857,112,5,28,111,0.026928710937499996,0.0020299145299145305,0.024898796407585466
5,0.5,1.0,crp_dataset_8_1_3.csv|crp_dataset_8_1_1.csv|crp_dataset_8_1_7.csv|crp_dataset_8_1_2.csv|crp_dataset_8_1_5.csv,crp_dataset_8_1_8.csv,0.69474745,0.9999999999866667,0.543478260865627,75,0,63,118,0.0283203125,0.002416666666666667,0.025903645833333332
5,0.5,1.0,crp_dataset_8_1_3.csv|crp_dataset_8_1_1.csv|crp_dataset_8_1_7.csv|crp_dataset_8_1_2.csv|crp_dataset_8_1_5.csv,crp_dataset_8_1_4.csv,0.69474745,0.9999999999911504,0.8625954198407436,113,0,18,125,0.023046875,0.0002765486725663717,0.02277032632743363
5,0.5,1.0,crp_dataset_8_1_3.csv|crp_dataset_8_1_1.csv|crp_dataset_8_1_7.csv|crp_dataset_8_1_2.csv|crp_dataset_8_1_5.csv,crp_dataset_8_1_6.csv,0.69474745,0.9999999999908257,0.7785714285658674,109,0,31,116,0.026928710937499996,0.0003440366972477065,0.02658467424025229
5,0.5,1.0,crp_dataset_8_1_3.csv|crp_dataset_8_1_1.csv|crp_dataset_8_1_7.csv|crp_dataset_8_1_2.csv|crp_dataset_8_1_6.csv,crp_dataset_8_1_8.csv,0.6169461,0.9999999999891304,0.6666666666618358,92,0,46,118,0.0283203125,0.0022418478260869566,0.026078464673913043
5,0.5,1.0,crp_dataset_8_1_3.csv|crp_dataset_8_1_1.csv|crp_dataset_8_1_7.csv|crp_dataset_8_1_2.csv|crp_dataset_8_1_6.csv,crp_dataset_8_1_4.csv,0.6169461,0.999999999990991,0.8473282442683411,111,0,20,125,0.023046875,0.00028153153153153153,0.02276534346846847
5,0.5,1.0,crp_dataset_8_1_3.csv|crp_dataset_8_1_1.csv|crp_dataset_8_1_7.csv|crp_dataset_8_1_2.csv|crp_dataset_8_1_6.csv,crp_dataset_8_1_5.csv,0.6169461,0.9999999999873417,0.7899999999921,79,0,21,156,0.039282226562499994,0.0013449367088607597,0.037937289853639235
5,0.5,1.0,crp_dataset_8_1_3.csv|crp_dataset_8_1_1.csv|crp_dataset_8_1_7.csv|crp_dataset_8_1_4.csv|crp_dataset_8_1_5.csv,crp_dataset_8_1_8.csv,0.6779947,0.9999999999880952,0.6086956521695023,84,0,54,118,0.0283203125,0.0023065476190476195,0.026013764880952382
5,0.5,1.0,crp_dataset_8_1_3.csv|crp_dataset_8_1_1.csv|crp_dataset_8_1_7.csv|crp_dataset_8_1_4.csv|crp_dataset_8_1_5.csv,crp_dataset_8_1_2.csv,0.6779947,0.9999999999878049,0.6890756302463102,82,0,37,137,0.039453125,0.0013719512195121953,0.0380811737804878
5,0.5,1.0,crp_dataset_8_1_3.csv|crp_dataset_8_1_1.csv|crp_dataset_8_1_7.csv|crp_dataset_8_1_4.csv|crp_dataset_8_1_5.csv,crp_dataset_8_1_6.csv,0.6779947,0.9051094890444883,0.8857142857079593,124,13,16,103,0.026928710937499996,0.00479014598540146,0.022138564952098535
5,0.5,1.0,crp_dataset_8_1_3.csv|crp_dataset_8_1_1.csv|crp_dataset_8_1_7.csv|crp_dataset_8_1_4.csv|crp_dataset_8_1_6.csv,crp_dataset_8_1_8.csv,0.63146955,0.9999999999879517,0.6014492753579606,83,0,55,118,0.0283203125,0.0022590361445783136,0.026061276355421686
5,0.5,1.0,crp_dataset_8_1_3.csv|crp_dataset_8_1_1.csv|crp_dataset_8_1_7.csv|crp_dataset_8_1_4.csv|crp_dataset_8_1_6.csv,crp_dataset_8_1_2.csv,0.63146955,0.9999999999878049,0.6890756302463102,82,0,37,137,0.039453125,0.0013719512195121953,0.0380811737804878
5,0.5,1.0,crp_dataset_8_1_3.csv|crp_dataset_8_1_1.csv|crp_dataset_8_1_7.csv|crp_dataset_8_1_4.csv|crp_dataset_8_1_6.csv,crp_dataset_8_1_5.csv,0.63146955,0.9999999999870129,0.7699999999923,77,0,23,156,0.039282226562499994,0.0013798701298701301,0.03790235643262987
5,0.5,1.0,crp_dataset_8_1_3.csv|crp_dataset_8_1_1.csv|crp_dataset_8_1_7.csv|crp_dataset_8_1_5.csv|crp_dataset_8_1_6.csv,crp_dataset_8_1_8.csv,0.74061704,0.9999999999863013,0.5289855072425437,73,0,65,118,0.0283203125,0.002482876712328767,0.025837435787671233
5,0.5,1.0,crp_dataset_8_1_3.csv|crp_dataset_8_1_1.csv|crp_dataset_8_1_7.csv|crp_dataset_8_1_5.csv|crp_dataset_8_1_6.csv,crp_dataset_8_1_2.csv,0.74061704,0.9999999999878049,0.6890756302463102,82,0,37,137,0.039453125,0.0013719512195121953,0.0380811737804878
5,0.5,1.0,crp_dataset_8_1_3.csv|crp_dataset_8_1_1.csv|crp_dataset_8_1_7.csv|crp_dataset_8_1_5.csv|crp_dataset_8_1_6.csv,crp_dataset_8_1_4.csv,0.74061704,0.999999999990909,0.8396946564821398,110,0,21,125,0.023046875,0.0002840909090909091,0.022762784090909094
5,0.5,1.0,crp_dataset_8_1_3.csv|crp_dataset_8_1_1.csv|crp_dataset_8_1_2.csv|crp_dataset_8_1_4.csv|crp_dataset_8_1_5.csv,crp_dataset_8_1_8.csv,0.6742902,0.9999999999878049,0.5942028985464188,82,0,56,118,0.0283203125,0.002210365853658537,0.02610994664634146
5,0.5,1.0,crp_dataset_8_1_3.csv|crp_dataset_8_1_1.csv|crp_dataset_8_1_2.csv|crp_dataset_8_1_4.csv|crp_dataset_8_1_5.csv,crp_dataset_8_1_7.csv,0.6742902,0.9999999999954546,0.9999999999954546,220,0,0,36,0.0095703125,0.00034090909090909094,0.00922940340909091
5,0.5,1.0,crp_dataset_8_1_3.csv|crp_dataset_8_1_1.csv|crp_dataset_8_1_2.csv|crp_dataset_8_1_4.csv|crp_dataset_8_1_5.csv,crp_dataset_8_1_6.csv,0.6742902,0.9909090909000826,0.7785714285658674,109,1,31,115,0.026928710937499996,0.000625,0.026303710937499995
5,0.5,1.0,crp_dataset_8_1_3.csv|crp_dataset_8_1_1.csv|crp_dataset_8_1_2.csv|crp_dataset_8_1_4.csv|crp_dataset_8_1_6.csv,crp_dataset_8_1_8.csv,0.64303297,0.9999999999897958,0.7101449275310859,98,0,40,118,0.0283203125,0.0024872448979591836,0.025833067602040818
5,0.5,1.0,crp_dataset_8_1_3.csv|crp_dataset_8_1_1.csv|crp_dataset_8_1_2.csv|crp_dataset_8_1_4.csv|crp_dataset_8_1_6.csv,crp_dataset_8_1_7.csv,0.64303297,0.9999999999954546,0.9999999999954546,220,0,0,36,0.0095703125,0.00034090909090909094,0.00922940340909091
5,0.5,1.0,crp_dataset_8_1_3.csv|crp_dataset_8_1_1.csv|crp_dataset_8_1_2.csv|crp_dataset_8_1_4.csv|crp_dataset_8_1_6.csv,crp_dataset_8_1_5.csv,0.64303297,0.9999999999885058,0.8699999999913,87,0,13,156,0.039282226562499994,0.0012212643678160922,0.038060962194683905
5,0.5,1.0,crp_dataset_8_1_3.csv|crp_dataset_8_1_1.csv|crp_dataset_8_1_2.csv|crp_dataset_8_1_5.csv|crp_dataset_8_1_6.csv,crp_dataset_8_1_8.csv,0.6288844,0.9090909090805784,0.5797101449233355,80,8,58,110,0.0283203125,0.00390625,0.0244140625
5,0.5,1.0,crp_dataset_8_1_3.csv|crp_dataset_8_1_1.csv|crp_dataset_8_1_2.csv|crp_dataset_8_1_5.csv|crp_dataset_8_1_6.csv,crp_dataset_8_1_7.csv,0.6288844,0.9954751131176676,0.9999999999954546,220,1,0,35,0.0095703125,0.00045248868778280545,0.009117823812217195
5,0.5,1.0,crp_dataset_8_1_3.csv|crp_dataset_8_1_1.csv|crp_dataset_8_1_2.csv|crp_dataset_8_1_5.csv|crp_dataset_8_1_6.csv,crp_dataset_8_1_4.csv,0.6288844,0.9909909909820631,0.8396946564821398,110,1,21,124,0.023046875,0.00045045045045045046,0.022596424549549552
5,0.5,1.0,crp_dataset_8_1_3.csv|crp_dataset_8_1_1.csv|crp_dataset_8_1_4.csv|crp_dataset_8_1_5.csv|crp_dataset_8_1_6.csv,crp_dataset_8_1_8.csv,0.6010068,0.9767441860351541,0.6086956521695023,84,2,54,116,0.0283203125,0.00247093023255814,0.02584938226744186
5,0.5,1.0,crp_dataset_8_1_3.csv|crp_dataset_8_1_1.csv|crp_dataset_8_1_4.csv|crp_dataset_8_1_5.csv|crp_dataset_8_1_6.csv,crp_dataset_8_1_7.csv,0.6010068,0.9999999999954546,0.9999999999954546,220,0,0,36,0.0095703125,0.00034090909090909094,0.00922940340909091
5,0.5,1.0,crp_dataset_8_1_3.csv|crp_dataset_8_1_1.csv|crp_dataset_8_1_4.csv|crp_dataset_8_1_5.csv|crp_dataset_8_1_6.csv,crp_dataset_8_1_2.csv,0.6010068,0.9425287356213502,0.6890756302463102,82,5,37,132,0.039453125,0.0020114942528735636,0.037441630747126434
5,0.5,1.0,crp_dataset_8_1_3.csv|crp_dataset_8_1_8.csv|crp_dataset_8_1_7.csv|crp_dataset_8_1_2.csv|crp_dataset_8_1_4.csv,crp_dataset_8_1_1.csv,0.6129171,0.9999999999888889,0.7142857142800453,90,0,36,130,0.0252685546875,6.944444444444444e-05,0.025199110243055555
5,0.5,1.0,crp_dataset_8_1_3.csv|crp_dataset_8_1_8.csv|crp_dataset_8_1_7.csv|crp_dataset_8_1_2.csv|crp_dataset_8_1_4.csv,crp_dataset_8_1_5.csv,0.6129171,0.9999999999886363,0.8799999999911999,88,0,12,156,0.039282226562499994,0.0013494318181818182,0.037932794744318175
5,0.5,1.0,crp_dataset_8_1_3.csv|crp_dataset_8_1_8.csv|crp_dataset_8_1_7.csv|crp_dataset_8_1_2.csv|crp_dataset_8_1_4.csv,crp_dataset_8_1_6.csv,0.6129171,0.9044117646992323,0.8785714285651531,123,13,17,103,0.026928710937499996,0.004090073529411765,0.022838637408088232
5,0.5,1.0,crp_dataset_8_1_3.csv|crp_dataset_8_1_8.csv|crp_dataset_8_1_7.csv|crp_dataset_8_1_2.csv|crp_dataset_8_1_5.csv,crp_dataset_8_1_1.csv,0.6077231,0.8625954198407436,0.8968253968182791,113,18,13,112,0.0252685546875,0.004866412213740457,0.020402142473759544
5,0.5,1.0,crp_dataset_8_1_3.csv|crp_dataset_8_1_8.csv|crp_dataset_8_1_7.csv|crp_dataset_8_1_2.csv|crp_dataset_8_1_5.csv,crp_dataset_8_1_4.csv,0.6077231,0.8646616541288372,0.8778625954131462,115,18,16,107,0.023046875,0.007048872180451127,0.015998002819548874
5,0.5,1.0,crp_dataset_8_1_3.csv|crp_dataset_8_1_8.csv|crp_dataset_8_1_7.csv|crp_dataset_8_1_2.csv|crp_dataset_8_1_5.csv,crp_dataset_8_1_6.csv,0.6077231,0.9666666666559259,0.6214285714241327,87,3,53,113,0.026928710937499996,0.002013888888888889,0.024914822048611108
5,0.5,1.0,crp_dataset_8_1_3.csv|crp_dataset_8_1_8.csv|crp_dataset_8_1_7.csv|crp_dataset_8_1_2.csv|crp_dataset_8_1_6.csv,crp_dataset_8_1_1.csv,0.61883473,0.9274193548312305,0.912698412691169,115,9,11,121,0.0252685546875,0.0025201612903225806,0.022748393397177418
5,0.5,1.0,crp_dataset_8_1_3.csv|crp_dataset_8_1_8.csv|crp_dataset_8_1_7.csv|crp_dataset_8_1_2.csv|crp_dataset_8_1_6.csv,crp_dataset_8_1_4.csv,0.61883473,0.9186991869844008,0.8625954198407436,113,10,18,115,0.023046875,0.004166666666666667,0.018880208333333336
5,0.5,1.0,crp_dataset_8_1_3.csv|crp_dataset_8_1_8.csv|crp_dataset_8_1_7.csv|crp_dataset_8_1_2.csv|crp_dataset_8_1_6.csv,crp_dataset_8_1_5.csv,0.61883473,0.9999999999878049,0.8199999999918,82,0,18,156,0.039282226562499994,0.0012957317073170732,0.03798649485518292
5,0.5,1.0,crp_dataset_8_1_3.csv|crp_dataset_8_1_8.csv|crp_dataset_8_1_7.csv|crp_dataset_8_1_4.csv|crp_dataset_8_1_5.csv,crp_dataset_8_1_1.csv,0.64270383,0.9999999999861111,0.5714285714240362,72,0,54,130,0.0252685546875,8.680555555555556e-05,0.025181749131944445
5,0.5,1.0,crp_dataset_8_1_3.csv|crp_dataset_8_1_8.csv|crp_dataset_8_1_7.csv|crp_dataset_8_1_4.csv|crp_dataset_8_1_5.csv,crp_dataset_8_1_2.csv,0.64270383,0.9999999999907407,0.9075630252024575,108,0,11,137,0.039453125,0.0010416666666666669,0.03841145833333333
5,0.5,1.0,crp_dataset_8_1_3.csv|crp_dataset_8_1_8.csv|crp_dataset_8_1_7.csv|crp_dataset_8_1_4.csv|crp_dataset_8_1_5.csv,crp_dataset_8_1_6.csv,0.64270383,0.9387755101945022,0.6571428571381633,92,6,48,110,0.026928710937499996,0.002551020408163265,0.02437769052933673
5,0.5,1.0,crp_dataset_8_1_3.csv|crp_dataset_8_1_8.csv|crp_dataset_8_1_7.csv|crp_dataset_8_1_4.csv|crp_dataset_8_1_6.csv,crp_dataset_8_1_1.csv,0.64839613,0.9999999999904762,0.8333333333267195,105,0,21,130,0.0252685546875,0.0001785714285714286,0.025089983258928573
5,0.5,1.0,crp_dataset_8_1_3.csv|crp_dataset_8_1_8.csv|crp_dataset_8_1_7.csv|crp_dataset_8_1_4.csv|crp_dataset_8_1_6.csv,crp_dataset_8_1_2.csv,0.64839613,0.9879518072170126,0.6890756302463102,82,1,37,136,0.039453125,0.0021837349397590363,0.037269390060240964
5,0.5,1.0,crp_dataset_8_1_3.csv|crp_dataset_8_1_8.csv|crp_dataset_8_1_7.csv|crp_dataset_8_1_4.csv|crp_dataset_8_1_6.csv,crp_dataset_8_1_5.csv,0.64839613,0.9999999999870129,0.7699999999923,77,0,23,156,0.039282226562499994,0.0013798701298701301,0.03790235643262987
5,0.5,1.0,crp_dataset_8_1_3.csv|crp_dataset_8_1_8.csv|crp_dataset_8_1_7.csv|crp_dataset_8_1_5.csv|crp_dataset_8_1_6.csv,crp_dataset_8_1_1.csv,0.6579302,0.9411764705803263,0.8888888888818341,112,7,14,123,0.0252685546875,0.0015756302521008404,0.02369292443539916
5,0.5,1.0,crp_dataset_8_1_3.csv|crp_dataset_8_1_8.csv|crp_dataset_8_1_7.csv|crp_dataset_8_1_5.csv|crp_dataset_8_1_6.csv,crp_dataset_8_1_2.csv,0.6579302,0.9999999999893616,0.7899159663799167,94,0,25,137,0.039453125,0.001196808510638298,0.0382563164893617
5,0.5,1.0,crp_dataset_8_1_3.csv|crp_dataset_8_1_8.csv|crp_dataset_8_1_7.csv|crp_dataset_8_1_5.csv|crp_dataset_8_1_6.csv,crp_dataset_8_1_4.csv,0.6579302,0.9913043478174669,0.8702290076269449,114,1,17,124,0.023046875,0.0007608695652173913,0.02228600543478261
5,0.5,1.0,crp_dataset_8_1_3.csv|crp_dataset_8_1_8.csv|crp_dataset_8_1_2.csv|crp_dataset_8_1_4.csv|crp_dataset_8_1_5.csv,crp_dataset_8_1_1.csv,0.6443057,0.9999999999868421,0.6031746031698161,76,0,50,130,0.0252685546875,8.223684210526316e-05,0.025186317845394737
5,0.5,1.0,crp_dataset_8_1_3.csv|crp_dataset_8_1_8.csv|crp_dataset_8_1_2.csv|crp_dataset_8_1_4.csv|crp_dataset_8_1_5.csv,crp_dataset_8_1_7.csv,0.6443057,0.9999999999954546,0.9999999999954546,220,0,0,36,0.0095703125,0.00034090909090909094,0.00922940340909091
5,0.5,1.0,crp_dataset_8_1_3.csv|crp_dataset_8_1_8.csv|crp_dataset_8_1_2.csv|crp_dataset_8_1_4.csv|crp_dataset_8_1_5.csv,crp_dataset_8_1_6.csv,0.6443057,0.9462365591296104,0.6285714285669388,88,5,52,111,0.026928710937499996,0.002688172043010753,0.024240538894489242
5,0.5,1.0,crp_dataset_8_1_3.csv|crp_dataset_8_1_8.csv|crp_dataset_8_1_2.csv|crp_dataset_8_1_4.csv|crp_dataset_8_1_6.csv,crp_dataset_8_1_1.csv,0.60136366,0.999999999990909,0.8730158730089443,110,0,16,130,0.0252685546875,0.0002840909090909091,0.024984463778409093
5,0.5,1.0,crp_dataset_8_1_3.csv|crp_dataset_8_1_8.csv|crp_dataset_8_1_2.csv|crp_dataset_8_1_4.csv|crp_dataset_8_1_6.csv,crp_dataset_8_1_7.csv,0.60136366,0.9999999999954546,0.9999999999954546,220,0,0,36,0.0095703125,0.00034090909090909094,0.00922940340909091
5,0.5,1.0,crp_dataset_8_1_3.csv|crp_dataset_8_1_8.csv|crp_dataset_8_1_2.csv|crp_dataset_8_1_4.csv|crp_dataset_8_1_6.csv,crp_dataset_8_1_5.csv,0.60136366,0.9999999999879517,0.8299999999916999,83,0,17,156,0.039282226562499994,0.0012801204819277109,0.038002106080572286
5,0.5,1.0,crp_dataset_8_1_3.csv|crp_dataset_8_1_8.csv|crp_dataset_8_1_2.csv|crp_dataset_8_1_5.csv|crp_dataset_8_1_6.csv,crp_dataset_8_1_1.csv,0.61804295,0.9663865546137278,0.912698412691169,115,4,11,126,0.0252685546875,0.0013130252100840337,0.023955529477415968
5,0.5,1.0,crp_dataset_8_1_3.csv|crp_dataset_8_1_8.csv|crp_dataset_8_1_2.csv|crp_dataset_8_1_5.csv|crp_dataset_8_1_6.csv,crp_dataset_8_1_7.csv,0.61804295,0.9999999999954546,0.9999999999954546,220,0,0,36,0.0095703125,0.00034090909090909094,0.00922940340909091
5,0.5,1.0,crp_dataset_8_1_3.csv|crp_dataset_8_1_8.csv|crp_dataset_8_1_2.csv|crp_dataset_8_1_5.csv|crp_dataset_8_1_6.csv,crp_dataset_8_1_4.csv,0.61804295,0.9913793103362811,0.8778625954131462,115,1,16,124,0.023046875,0.000646551724137931,0.02240032327586207
5,0.5,1.0,crp_dataset_8_1_3.csv|crp_dataset_8_1_8.csv|crp_dataset_8_1_4.csv|crp_dataset_8_1_5.csv|crp_dataset_8_1_6.csv,crp_dataset_8_1_1.csv,0.6377029,0.999999999988764,0.7063492063436004,89,0,37,130,0.0252685546875,0.0001404494382022472,0.025128105249297754
5,0.5,1.0,crp_dataset_8_1_3.csv|crp_dataset_8_1_8.csv|crp_dataset_8_1_4.csv|crp_dataset_8_1_5.csv|crp_dataset_8_1_6.csv,crp_dataset_8_1_7.csv,0.6377029,0.9999999999954546,0.9999999999954546,220,0,0,36,0.0095703125,0.00034090909090909094,0.00922940340909091
5,0.5,1.0,crp_dataset_8_1_3.csv|crp_dataset_8_1_8.csv|crp_dataset_8_1_4.csv|crp_dataset_8_1_5.csv|crp_dataset_8_1_6.csv,crp_dataset_8_1_2.csv,0.6377029,0.9425287356213502,0.6890756302463102,82,5,37,132,0.039453125,0.0020114942528735636,0.037441630747126434
5,0.5,1.0,crp_dataset_8_1_3.csv|crp_dataset_8_1_7.csv|crp_dataset_8_1_2.csv|crp_dataset_8_1_4.csv|crp_dataset_8_1_5.csv,crp_dataset_8_1_1.csv,0.6094613,0.999999999984127,0.49999999999603173,63,0,63,130,0.0252685546875,9.92063492063492e-05,0.02516934833829365
5,0.5,1.0,crp_dataset_8_1_3.csv|crp_dataset_8_1_7.csv|crp_dataset_8_1_2.csv|crp_dataset_8_1_4.csv|crp_dataset_8_1_5.csv,crp_dataset_8_1_8.csv,0.6094613,0.9999999999836067,0.4420289855040433,61,0,77,118,0.0283203125,0.0029713114754098364,0.025349001024590163
5,0.5,1.0,crp_dataset_8_1_3.csv|crp_dataset_8_1_7.csv|crp_dataset_8_1_2.csv|crp_dataset_8_1_4.csv|crp_dataset_8_1_5.csv,crp_dataset_8_1_6.csv,0.6094613,0.9999999999876543,0.5785714285672959,81,0,59,116,0.026928710937499996,0.00038580246913580245,0.02654290846836419
5,0.5,1.0,crp_dataset_8_1_3.csv|crp_dataset_8_1_7.csv|crp_dataset_8_1_2.csv|crp_dataset_8_1_4.csv|crp_dataset_8_1_6.csv,crp_dataset_8_1_1.csv,0.6539758,0.9999999999859155,0.5634920634875913,71,0,55,130,0.0252685546875,8.802816901408451e-05,0.025180526518485916
5,0.5,1.0,crp_dataset_8_1_3.csv|crp_dataset_8_1_7.csv|crp_dataset_8_1_2.csv|crp_dataset_8_1_4.csv|crp_dataset_8_1_6.csv,crp_dataset_8_1_8.csv,0.6539758,0.999999999983871,0.449275362315585,62,0,76,118,0.0283203125,0.002923387096774194,0.025396925403225808
5,0.5,1.0,crp_dataset_8_1_3.csv|crp_dataset_8_1_7.csv|crp_dataset_8_1_2.csv|crp_dataset_8_1_4.csv|crp_dataset_8_1_6.csv,crp_dataset_8_1_5.csv,0.6539758,0.9999999999885058,0.8699999999913,87,0,13,156,0.039282226562499994,0.0012212643678160922,0.038060962194683905
5,0.5,1.0,crp_dataset_8_1_3.csv|crp_dataset_8_1_7.csv|crp_dataset_8_1_2.csv|crp_dataset_8_1_5.csv|crp_dataset_8_1_6.csv,crp_dataset_8_1_1.csv,0.6171553,0.7007874015692851,0.7063492063436004,89,38,37,92,0.0252685546875,0.011614173228346457,0.013654381459153543
5,0.5,1.0,crp_dataset_8_1_3.csv|crp_dataset_8_1_7.csv|crp_dataset_8_1_2.csv|crp_dataset_8_1_5.csv|crp_dataset_8_1_6.csv,crp_dataset_8_1_8.csv,0.6171553,0.7850467289646257,0.6086956521695023,84,23,54,95,0.0283203125,0.00852803738317757,0.019792275116822432
5,0.5,1.0,crp_dataset_8_1_3.csv|crp_dataset_8_1_7.csv|crp_dataset_8_1_2.csv|crp_dataset_8_1_5.csv|crp_dataset_8_1_6.csv,crp_dataset_8_1_4.csv,0.6171553,0.8394160583880336,0.8778625954131462,115,22,16,103,0.023046875,0.007755474452554745,0.015291400547445256
5,0.5,1.0,crp_dataset_8_1_3.csv|crp_dataset_8_1_7.csv|crp_dataset_8_1_4.csv|crp_dataset_8_1_5.csv|crp_dataset_8_1_6.csv,crp_dataset_8_1_1.csv,0.6241011,0.9999999999852941,0.5396825396782565,68,0,58,130,0.0252685546875,9.191176470588235e-05,0.025176642922794118
5,0.5,1.0,crp_dataset_8_1_3.csv|crp_dataset_8_1_7.csv|crp_dataset_8_1_4.csv|crp_dataset_8_1_5.csv|crp_dataset_8_1_6.csv,crp_dataset_8_1_8.csv,0.6241011,0.9999999999836067,0.4420289855040433,61,0,77,118,0.0283203125,0.0029713114754098364,0.025349001024590163
5,0.5,1.0,crp_dataset_8_1_3.csv|crp_dataset_8_1_7.csv|crp_dataset_8_1_4.csv|crp_dataset_8_1_5.csv|crp_dataset_8_1_6.csv,crp_dataset_8_1_2.csv,0.6241011,0.9999999999907407,0.9075630252024575,108,0,11,137,0.039453125,0.0010416666666666669,0.03841145833333333
5,0.5,1.0,crp_dataset_8_1_3.csv|crp_dataset_8_1_2.csv|crp_dataset_8_1_4.csv|crp_dataset_8_1_5.csv|crp_dataset_8_1_6.csv,crp_dataset_8_1_1.csv,0.6213638,0.9999999999843749,0.5079365079324767,64,0,62,130,0.0252685546875,9.765625e-05,0.0251708984375
5,0.5,1.0,crp_dataset_8_1_3.csv|crp_dataset_8_1_2.csv|crp_dataset_8_1_4.csv|crp_dataset_8_1_5.csv|crp_dataset_8_1_6.csv,crp_dataset_8_1_8.csv,0.6213638,0.9999999999859155,0.5144927536194602,71,0,67,118,0.0283203125,0.002816901408450705,0.025503411091549296
5,0.5,1.0,crp_dataset_8_1_3.csv|crp_dataset_8_1_2.csv|crp_dataset_8_1_4.csv|crp_dataset_8_1_5.csv|crp_dataset_8_1_6.csv,crp_dataset_8_1_7.csv,0.6213638,0.9999999999954546,0.9999999999954546,220,0,0,36,0.0095703125,0.00034090909090909094,0.00922940340909091
5,0.5,1.0,crp_dataset_8_1_1.csv|crp_dataset_8_1_8.csv|crp_dataset_8_1_7.csv|crp_dataset_8_1_2.csv|crp_dataset_8_1_4.csv,crp_dataset_8_1_3.csv,0.609129,0.9936305732420788,0.9017341040410305,156,1,17,82,0.0196044921875,0.0008359872611464968,0.018768504926353503
5,0.5,1.0,crp_dataset_8_1_1.csv|crp_dataset_8_1_8.csv|crp_dataset_8_1_7.csv|crp_dataset_8_1_2.csv|crp_dataset_8_1_4.csv,crp_dataset_8_1_5.csv,0.609129,0.9999999999883721,0.8599999999914,86,0,14,156,0.039282226562499994,0.00123546511627907,0.03804676144622093
5,0.5,1.0,crp_dataset_8_1_1.csv|crp_dataset_8_1_8.csv|crp_dataset_8_1_7.csv|crp_dataset_8_1_2.csv|crp_dataset_8_1_4.csv,crp_dataset_8_1_6.csv,0.609129,0.9649122806932902,0.7857142857086735,110,4,30,112,0.026928710937499996,0.0018092105263157897,0.025119500411184208
5,0.5,1.0,crp_dataset_8_1_1.csv|crp_dataset_8_1_8.csv|crp_dataset_8_1_7.csv|crp_dataset_8_1_2.csv|crp_dataset_8_1_5.csv,crp_dataset_8_1_3.csv,0.6887951,0.9999999999935898,0.9017341040410305,156,0,17,83,0.0196044921875,0.00012019230769230771,0.019484299879807692
5,0.5,1.0,crp_dataset_8_1_1.csv|crp_dataset_8_1_8.csv|crp_dataset_8_1_7.csv|crp_dataset_8_1_2.csv|crp_dataset_8_1_5.csv,crp_dataset_8_1_4.csv,0.6887951,0.9999999999910714,0.8549618320545423,112,0,19,125,0.023046875,0.00027901785714285713,0.022767857142857145
5,0.5,1.0,crp_dataset_8_1_1.csv|crp_dataset_8_1_8.csv|crp_dataset_8_1_7.csv|crp_dataset_8_1_2.csv|crp_dataset_8_1_5.csv,crp_dataset_8_1_6.csv,0.6887951,0.9649122806932902,0.7857142857086735,110,4,30,112,0.026928710937499996,0.0018640350877192984,0.0250646758497807
5,0.5,1.0,crp_dataset_8_1_1.csv|crp_dataset_8_1_8.csv|crp_dataset_8_1_7.csv|crp_dataset_8_1_2.csv|crp_dataset_8_1_6.csv,crp_dataset_8_1_3.csv,0.7324797,0.9999999999928573,0.8092485549086171,140,0,33,83,0.0196044921875,0.00013392857142857144,0.019470563616071426
5,0.5,1.0,crp_dataset_8_1_1.csv|crp_dataset_8_1_8.csv|crp_dataset_8_1_7.csv|crp_dataset_8_1_2.csv|crp_dataset_8_1_6.csv,crp_dataset_8_1_4.csv,0.7324797,0.999999999990909,0.8396946564821398,110,0,21,125,0.023046875,0.0002840909090909091,0.022762784090909094
5,0.5,1.0,crp_dataset_8_1_1.csv|crp_dataset_8_1_8.csv|crp_dataset_8_1_7.csv|crp_dataset_8_1_2.csv|crp_dataset_8_1_6.csv,crp_dataset_8_1_5.csv,0.7324797,0.9999999999870129,0.7699999999923,77,0,23,156,0.039282226562499994,0.0013798701298701301,0.03790235643262987
5,0.5,1.0,crp_dataset_8_1_1.csv|crp_dataset_8_1_8.csv|crp_dataset_8_1_7.csv|crp_dataset_8_1_4.csv|crp_dataset_8_1_5.csv,crp_dataset_8_1_3.csv,0.82211286,0.983870967734001,0.705202312134652,122,2,51,81,0.0196044921875,0.00020161290322580645,0.019402879284274192
5,0.5,1.0,crp_dataset_8_1_1.csv|crp_dataset_8_1_8.csv|crp_dataset_8_1_7.csv|crp_dataset_8_1_4.csv|crp_dataset_8_1_5.csv,crp_dataset_8_1_2.csv,0.82211286,0.9425287356213502,0.6890756302463102,82,5,37,132,0.039453125,0.0020114942528735636,0.037441630747126434
5,0.5,1.0,crp_dataset_8_1_1.csv|crp_dataset_8_1_8.csv|crp_dataset_8_1_7.csv|crp_dataset_8_1_4.csv|crp_dataset_8_1_5.csv,crp_dataset_8_1_6.csv,0.82211286,0.9999999999902912,0.7357142857090306,103,0,37,116,0.026928710937499996,6.067961165048544e-05,0.02686803132584951
5,0.5,1.0,crp_dataset_8_1_1.csv|crp_dataset_8_1_8.csv|crp_dataset_8_1_7.csv|crp_dataset_8_1_4.csv|crp_dataset_8_1_6.csv,crp_dataset_8_1_3.csv,0.6334159,0.9798657718055043,0.8439306358332721,146,3,27,80,0.0196044921875,0.0010906040268456377,0.01851388816065436
5,0.5,1.0,crp_dataset_8_1_1.csv|crp_dataset_8_1_8.csv|crp_dataset_8_1_7.csv|crp_dataset_8_1_4.csv|crp_dataset_8_1_6.csv,crp_dataset_8_1_2.csv,0.6334159,0.9425287356213502,0.6890756302463102,82,5,37,132,0.039453125,0.0020114942528735636,0.037441630747126434
5,0.5,1.0,crp_dataset_8_1_1.csv|crp_dataset_8_1_8.csv|crp_dataset_8_1_7.csv|crp_dataset_8_1_4.csv|crp_dataset_8_1_6.csv,crp_dataset_8_1_5.csv,0.6334159,0.9999999999870129,0.7699999999923,77,0,23,156,0.039282226562499994,0.0013798701298701301,0.03790235643262987
5,0.5,1.0,crp_dataset_8_1_1.csv|crp_dataset_8_1_8.csv|crp_dataset_8_1_7.csv|crp_dataset_8_1_5.csv|crp_dataset_8_1_6.csv,crp_dataset_8_1_3.csv,0.7373628,0.9850746268583204,0.7630057803424104,132,2,41,81,0.0196044921875,0.00032649253731343285,0.019277999650186565
5,0.5,1.0,crp_dataset_8_1_1.csv|crp_dataset_8_1_8.csv|crp_dataset_8_1_7.csv|crp_dataset_8_1_5.csv|crp_dataset_8_1_6.csv,crp_dataset_8_1_2.csv,0.7373628,0.9425287356213502,0.6890756302463102,82,5,37,132,0.039453125,0.0020114942528735636,0.037441630747126434
5,0.5,1.0,crp_dataset_8_1_1.csv|crp_dataset_8_1_8.csv|crp_dataset_8_1_7.csv|crp_dataset_8_1_5.csv|crp_dataset_8_1_6.csv,crp_dataset_8_1_4.csv,0.7373628,0.999999999990909,0.8396946564821398,110,0,21,125,0.023046875,0.0002840909090909091,0.022762784090909094
5,0.5,1.0,crp_dataset_8_1_1.csv|crp_dataset_8_1_8.csv|crp_dataset_8_1_2.csv|crp_dataset_8_1_4.csv|crp_dataset_8_1_5.csv,crp_dataset_8_1_3.csv,0.6137374,0.9936305732420788,0.9017341040410305,156,1,17,82,0.0196044921875,0.00035828025477707004,0.01924621193272293
5,0.5,1.0,crp_dataset_8_1_1.csv|crp_dataset_8_1_8.csv|crp_dataset_8_1_2.csv|crp_dataset_8_1_4.csv|crp_dataset_8_1_5.csv,crp_dataset_8_1_7.csv,0.6137374,0.9999999999954546,0.9999999999954546,220,0,0,36,0.0095703125,0.00034090909090909094,0.00922940340909091
5,0.5,1.0,crp_dataset_8_1_1.csv|crp_dataset_8_1_8.csv|crp_dataset_8_1_2.csv|crp_dataset_8_1_4.csv|crp_dataset_8_1_5.csv,crp_dataset_8_1_6.csv,0.6137374,0.9487179487098399,0.7928571428514797,111,6,29,110,0.026928710937499996,0.0024572649572649576,0.024471445980235037
5,0.5,1.0,crp_dataset_8_1_1.csv|crp_dataset_8_1_8.csv|crp_dataset_8_1_2.csv|crp_dataset_8_1_4.csv|crp_dataset_8_1_6.csv,crp_dataset_8_1_3.csv,0.60070914,0.9879518072229642,0.9479768786072372,164,2,9,81,0.0196044921875,0.0011295180722891566,0.018474974115210843
5,0.5,1.0,crp_dataset_8_1_1.csv|crp_dataset_8_1_8.csv|crp_dataset_8_1_2.csv|crp_dataset_8_1_4.csv|crp_dataset_8_1_6.csv,crp_dataset_8_1_7.csv,0.60070914,0.9999999999954546,0.9999999999954546,220,0,0,36,0.0095703125,0.00034090909090909094,0.00922940340909091
5,0.5,1.0,crp_dataset_8_1_1.csv|crp_dataset_8_1_8.csv|crp_dataset_8_1_2.csv|crp_dataset_8_1_4.csv|crp_dataset_8_1_6.csv,crp_dataset_8_1_5.csv,0.60070914,0.9999999999875,0.799999999992,80,0,20,156,0.039282226562499994,0.0013281249999999999,0.037954101562499995
5,0.5,1.0,crp_dataset_8_1_1.csv|crp_dataset_8_1_8.csv|crp_dataset_8_1_2.csv|crp_dataset_8_1_5.csv|crp_dataset_8_1_6.csv,crp_dataset_8_1_3.csv,0.6044299,0.9999999999933334,0.8670520231163755,150,0,23,83,0.0196044921875,0.00012500000000000003,0.0194794921875
5,0.5,1.0,crp_dataset_8_1_1.csv|crp_dataset_8_1_8.csv|crp_dataset_8_1_2.csv|crp_dataset_8_1_5.csv|crp_dataset_8_1_6.csv,crp_dataset_8_1_7.csv,0.6044299,0.9999999999954546,0.9999999999954546,220,0,0,36,0.0095703125,0.00034090909090909094,0.00922940340909091
5,0.5,1.0,crp_dataset_8_1_1.csv|crp_dataset_8_1_8.csv|crp_dataset_8_1_2.csv|crp_dataset_8_1_5.csv|crp_dataset_8_1_6.csv,crp_dataset_8_1_4.csv,0.6044299,0.9999999999910714,0.8549618320545423,112,0,19,125,0.023046875,0.00033482142857142863,0.022712053571428574
5,0.5,1.0,crp_dataset_8_1_1.csv|crp_dataset_8_1_8.csv|crp_dataset_8_1_4.csv|crp_dataset_8_1_5.csv|crp_dataset_8_1_6.csv,crp_dataset_8_1_3.csv,0.6034555,0.9793103448208325,0.8208092485501688,142,3,31,80,0.0196044921875,0.0011206896551724137,0.018483802532327585
5,0.5,1.0,crp_dataset_8_1_1.csv|crp_dataset_8_1_8.csv|crp_dataset_8_1_4.csv|crp_dataset_8_1_5.csv|crp_dataset_8_1_6.csv,crp_dataset_8_1_7.csv,0.6034555,0.9999999999954546,0.9999999999954546,220,0,0,36,0.0095703125,0.00034090909090909094,0.00922940340909091
5,0.5,1.0,crp_dataset_8_1_1.csv|crp_dataset_8_1_8.csv|crp_dataset_8_1_4.csv|crp_dataset_8_1_5.csv|crp_dataset_8_1_6.csv,crp_dataset_8_1_2.csv,0.6034555,0.9425287356213502,0.6890756302463102,82,5,37,132,0.039453125,0.0020114942528735636,0.037441630747126434
5,0.5,1.0,crp_dataset_8_1_1.csv|crp_dataset_8_1_7.csv|crp_dataset_8_1_2.csv|crp_dataset_8_1_4.csv|crp_dataset_8_1_5.csv,crp_dataset_8_1_3.csv,0.6103329,0.9999999999933775,0.8728323699371513,151,0,22,83,0.0196044921875,0.0,0.0196044921875
5,0.5,1.0,crp_dataset_8_1_1.csv|crp_dataset_8_1_7.csv|crp_dataset_8_1_2.csv|crp_dataset_8_1_4.csv|crp_dataset_8_1_5.csv,crp_dataset_8_1_8.csv,0.6103329,0.9999999999875,0.5797101449233355,80,0,58,118,0.0283203125,0.002265625,0.0260546875
5,0.5,1.0,crp_dataset_8_1_1.csv|crp_dataset_8_1_7.csv|crp_dataset_8_1_2.csv|crp_dataset_8_1_4.csv|crp_dataset_8_1_5.csv,crp_dataset_8_1_6.csv,0.6103329,0.9909090909000826,0.7785714285658674,109,1,31,115,0.026928710937499996,0.0009659090909090911,0.025962801846590906
5,0.5,1.0,crp_dataset_8_1_1.csv|crp_dataset_8_1_7.csv|crp_dataset_8_1_2.csv|crp_dataset_8_1_4.csv|crp_dataset_8_1_6.csv,crp_dataset_8_1_3.csv,0.71800125,0.9999999999924243,0.7630057803424104,132,0,41,83,0.0196044921875,4.734848484848485e-05,0.019557143702651516
5,0.5,1.0,crp_dataset_8_1_1.csv|crp_dataset_8_1_7.csv|crp_dataset_8_1_2.csv|crp_dataset_8_1_4.csv|crp_dataset_8_1_6.csv,crp_dataset_8_1_8.csv,0.71800125,0.9999999999880952,0.6086956521695023,84,0,54,118,0.0283203125,0.0021577380952380954,0.026162574404761905
5,0.5,1.0,crp_dataset_8_1_1.csv|crp_dataset_8_1_7.csv|crp_dataset_8_1_2.csv|crp_dataset_8_1_4.csv|crp_dataset_8_1_6.csv,crp_dataset_8_1_5.csv,0.71800125,0.9999999999871795,0.7799999999921999,78,0,22,156,0.039282226562499994,0.0013621794871794873,0.037920047075320505
5,0.5,1.0,crp_dataset_8_1_1.csv|crp_dataset_8_1_7.csv|crp_dataset_8_1_2.csv|crp_dataset_8_1_5.csv|crp_dataset_8_1_6.csv,crp_dataset_8_1_3.csv,0.63230366,0.9999999999928059,0.8034682080878413,139,0,34,83,0.0196044921875,0.0,0.0196044921875
5,0.5,1.0,crp_dataset_8_1_1.csv|crp_dataset_8_1_7.csv|crp_dataset_8_1_2.csv|crp_dataset_8_1_5.csv|crp_dataset_8_1_6.csv,crp_dataset_8_1_8.csv,0.63230366,0.999999999988764,0.6449275362272108,89,0,49,118,0.0283203125,0.0021067415730337082,0.02621357092696629
5,0.5,1.0,crp_dataset_8_1_1.csv|crp_dataset_8_1_7.csv|crp_dataset_8_1_2.csv|crp_dataset_8_1_5.csv|crp_dataset_8_1_6.csv,crp_dataset_8_1_4.csv,0.63230366,0.9999999999911504,0.8625954198407436,113,0,18,125,0.023046875,0.0002765486725663717,0.02277032632743363
5,0.5,1.0,crp_dataset_8_1_1.csv|crp_dataset_8_1_7.csv|crp_dataset_8_1_4.csv|crp_dataset_8_1_5.csv|crp_dataset_8_1_6.csv,crp_dataset_8_1_3.csv,0.6414358,0.9848484848410239,0.7514450867008587,130,2,43,81,0.0196044921875,0.00028409090909090913,0.019320401278409092
5,0.5,1.0,crp_dataset_8_1_1.csv|crp_dataset_8_1_7.csv|crp_dataset_8_1_4.csv|crp_dataset_8_1_5.csv|crp_dataset_8_1_6.csv,crp_dataset_8_1_8.csv,0.6414358,0.9770114942416435,0.615942028981044,85,2,53,116,0.0283203125,0.0024425287356321843,0.025877783764367817
5,0.5,1.0,crp_dataset_8_1_1.csv|crp_dataset_8_1_7.csv|crp_dataset_8_1_4.csv|crp_dataset_8_1_5.csv|crp_dataset_8_1_6.csv,crp_dataset_8_1_2.csv,0.6414358,0.9425287356213502,0.6890756302463102,82,5,37,132,0.039453125,0.0020114942528735636,0.037441630747126434
5,0.5,1.0,crp_dataset_8_1_1.csv|crp_dataset_8_1_2.csv|crp_dataset_8_1_4.csv|crp_dataset_8_1_5.csv|crp_dataset_8_1_6.csv,crp_dataset_8_1_3.csv,0.6261282,0.9870129870065779,0.8786127167579272,152,2,21,81,0.0196044921875,0.0008522727272727273,0.018752219460227273
5,0.5,1.0,crp_dataset_8_1_1.csv|crp_dataset_8_1_2.csv|crp_dataset_8_1_4.csv|crp_dataset_8_1_5.csv|crp_dataset_8_1_6.csv,crp_dataset_8_1_8.csv,0.6261282,0.9896907216392815,0.6956521739080026,96,1,42,117,0.0283203125,0.002512886597938144,0.025807425902061858
5,0.5,1.0,crp_dataset_8_1_1.csv|crp_dataset_8_1_2.csv|crp_dataset_8_1_4.csv|crp_dataset_8_1_5.csv|crp_dataset_8_1_6.csv,crp_dataset_8_1_7.csv,0.6261282,0.9999999999954546,0.9999999999954546,220,0,0,36,0.0095703125,0.00034090909090909094,0.00922940340909091
5,0.5,1.0,crp_dataset_8_1_8.csv|crp_dataset_8_1_7.csv|crp_dataset_8_1_2.csv|crp_dataset_8_1_4.csv|crp_dataset_8_1_5.csv,crp_dataset_8_1_3.csv,0.61236924,0.9722222222154707,0.8092485549086171,140,4,33,79,0.0196044921875,0.0015190972222222222,0.018085394965277776
5,0.5,1.0,crp_dataset_8_1_8.csv|crp_dataset_8_1_7.csv|crp_dataset_8_1_2.csv|crp_dataset_8_1_4.csv|crp_dataset_8_1_5.csv,crp_dataset_8_1_1.csv,0.61236924,0.9558823529271193,0.5158730158689216,65,3,61,127,0.0252685546875,0.0016544117647058823,0.023614142922794117
5,0.5,1.0,crp_dataset_8_1_8.csv|crp_dataset_8_1_7.csv|crp_dataset_8_1_2.csv|crp_dataset_8_1_4.csv|crp_dataset_8_1_5.csv,crp_dataset_8_1_6.csv,0.61236924,0.9199999999908,0.6571428571381633,92,8,48,108,0.026928710937499996,0.0033750000000000004,0.023553710937499996
5,0.5,1.0,crp_dataset_8_1_8.csv|crp_dataset_8_1_7.csv|crp_dataset_8_1_2.csv|crp_dataset_8_1_4.csv|crp_dataset_8_1_6.csv,crp_dataset_8_1_3.csv,0.6017568,0.999999999993007,0.8265895953709447,143,0,30,83,0.0196044921875,4.3706293706293706e-05,0.019560785893793706
5,0.5,1.0,crp_dataset_8_1_8.csv|crp_dataset_8_1_7.csv|crp_dataset_8_1_2.csv|crp_dataset_8_1_4.csv|crp_dataset_8_1_6.csv,crp_dataset_8_1_1.csv,0.6017568,0.9999999999886363,0.6984126984071555,88,0,38,130,0.0252685546875,7.102272727272728e-05,0.02519753196022727
5,0.5,1.0,crp_dataset_8_1_8.csv|crp_dataset_8_1_7.csv|crp_dataset_8_1_2.csv|crp_dataset_8_1_4.csv|crp_dataset_8_1_6.csv,crp_dataset_8_1_5.csv,0.6017568,0.9999999999886363,0.8799999999911999,88,0,12,156,0.039282226562499994,0.0012784090909090911,0.0380038174715909
5,0.5,1.0,crp_dataset_8_1_8.csv|crp_dataset_8_1_7.csv|crp_dataset_8_1_2.csv|crp_dataset_8_1_5.csv|crp_dataset_8_1_6.csv,crp_dataset_8_1_3.csv,0.61288214,0.9675324675261849,0.8612716762955996,149,5,24,78,0.0196044921875,0.0013392857142857143,0.018265206473214286
5,0.5,1.0,crp_dataset_8_1_8.csv|crp_dataset_8_1_7.csv|crp_dataset_8_1_2.csv|crp_dataset_8_1_5.csv|crp_dataset_8_1_6.csv,crp_dataset_8_1_1.csv,0.61288214,0.8712121212055212,0.912698412691169,115,17,11,113,0.0252685546875,0.0046401515151515155,0.020628403172348486
5,0.5,1.0,crp_dataset_8_1_8.csv|crp_dataset_8_1_7.csv|crp_dataset_8_1_2.csv|crp_dataset_8_1_5.csv|crp_dataset_8_1_6.csv,crp_dataset_8_1_4.csv,0.61288214,0.8955223880530185,0.9160305343441525,120,14,11,111,0.023046875,0.004850746268656717,0.018196128731343283
5,0.5,1.0,crp_dataset_8_1_8.csv|crp_dataset_8_1_7.csv|crp_dataset_8_1_4.csv|crp_dataset_8_1_5.csv|crp_dataset_8_1_6.csv,crp_dataset_8_1_3.csv,0.60020304,0.9136690647416283,0.7341040462385312,127,12,46,71,0.0196044921875,0.003911870503597122,0.015692621683902876
5,0.5,1.0,crp_dataset_8_1_8.csv|crp_dataset_8_1_7.csv|crp_dataset_8_1_4.csv|crp_dataset_8_1_5.csv|crp_dataset_8_1_6.csv,crp_dataset_8_1_1.csv,0.60020304,0.9670329670223402,0.6984126984071555,88,3,38,127,0.0252685546875,0.0004807692307692308,0.02478778545673077
5,0.5,1.0,crp_dataset_8_1_8.csv|crp_dataset_8_1_7.csv|crp_dataset_8_1_4.csv|crp_dataset_8_1_5.csv|crp_dataset_8_1_6.csv,crp_dataset_8_1_2.csv,0.60020304,0.9425287356213502,0.6890756302463102,82,5,37,132,0.039453125,0.0020114942528735636,0.037441630747126434
5,0.5,1.0,crp_dataset_8_1_8.csv|crp_dataset_8_1_2.csv|crp_dataset_8_1_4.csv|crp_dataset_8_1_5.csv|crp_dataset_8_1_6.csv,crp_dataset_8_1_3.csv,0.61090016,0.9523809523744736,0.8092485549086171,140,7,33,76,0.0196044921875,0.002465986394557823,0.017138505792942176
5,0.5,1.0,crp_dataset_8_1_8.csv|crp_dataset_8_1_2.csv|crp_dataset_8_1_4.csv|crp_dataset_8_1_5.csv|crp_dataset_8_1_6.csv,crp_dataset_8_1_1.csv,0.61090016,0.9899999999900999,0.7857142857080499,99,1,27,129,0.0252685546875,0.000625,0.0246435546875
5,0.5,1.0,crp_dataset_8_1_8.csv|crp_dataset_8_1_2.csv|crp_dataset_8_1_4.csv|crp_dataset_8_1_5.csv|crp_dataset_8_1_6.csv,crp_dataset_8_1_7.csv,0.61090016,0.9999999999954546,0.9999999999954546,220,0,0,36,0.0095703125,0.00034090909090909094,0.00922940340909091
5,0.5,1.0,crp_dataset_8_1_7.csv|crp_dataset_8_1_2.csv|crp_dataset_8_1_4.csv|crp_dataset_8_1_5.csv|crp_dataset_8_1_6.csv,crp_dataset_8_1_3.csv,0.6737871,0.9999999999916667,0.6936416184931004,120,0,53,83,0.0196044921875,0.0,0.0196044921875
5,0.5,1.0,crp_dataset_8_1_7.csv|crp_dataset_8_1_2.csv|crp_dataset_8_1_4.csv|crp_dataset_8_1_5.csv|crp_dataset_8_1_6.csv,crp_dataset_8_1_1.csv,0.6737871,0.999999999984127,0.49999999999603173,63,0,63,130,0.0252685546875,9.92063492063492e-05,0.02516934833829365
5,0.5,1.0,crp_dataset_8_1_7.csv|crp_dataset_8_1_2.csv|crp_dataset_8_1_4.csv|crp_dataset_8_1_5.csv|crp_dataset_8_1_6.csv,crp_dataset_8_1_8.csv,0.6737871,0.9999999999836067,0.4420289855040433,61,0,77,118,0.0283203125,0.0029713114754098364,0.025349001024590163
6,0.5,1.0,crp_dataset_8_1_3.csv|crp_dataset_8_1_1.csv|crp_dataset_8_1_8.csv|crp_dataset_8_1_7.csv|crp_dataset_8_1_2.csv|crp_dataset_8_1_4.csv,crp_dataset_8_1_5.csv,0.6306293,0.9999999999876543,0.8099999999919,81,0,19,156,0.039282226562499994,0.0013117283950617286,0.03797049816743826
6,0.5,1.0,crp_dataset_8_1_3.csv|crp_dataset_8_1_1.csv|crp_dataset_8_1_8.csv|crp_dataset_8_1_7.csv|crp_dataset_8_1_2.csv|crp_dataset_8_1_4.csv,crp_dataset_8_1_6.csv,0.6306293,0.9650349650282166,0.985714285707245,138,5,2,111,0.026928710937499996,0.0017919580419580418,0.025136752895541955
6,0.5,1.0,crp_dataset_8_1_3.csv|crp_dataset_8_1_1.csv|crp_dataset_8_1_8.csv|crp_dataset_8_1_7.csv|crp_dataset_8_1_2.csv|crp_dataset_8_1_5.csv,crp_dataset_8_1_4.csv,0.65231776,0.999999999991228,0.8702290076269449,114,0,17,125,0.023046875,0.0003289473684210527,0.022717927631578948
6,0.5,1.0,crp_dataset_8_1_3.csv|crp_dataset_8_1_1.csv|crp_dataset_8_1_8.csv|crp_dataset_8_1_7.csv|crp_dataset_8_1_2.csv|crp_dataset_8_1_5.csv,crp_dataset_8_1_6.csv,0.65231776,0.9913043478174669,0.814285714279898,114,1,26,115,0.026928710937499996,0.0006521739130434783,0.026276537024456516
6,0.5,1.0,crp_dataset_8_1_3.csv|crp_dataset_8_1_1.csv|crp_dataset_8_1_8.csv|crp_dataset_8_1_7.csv|crp_dataset_8_1_2.csv|crp_dataset_8_1_6.csv,crp_dataset_8_1_4.csv,0.60059166,0.999999999991228,0.8702290076269449,114,0,17,125,0.023046875,0.00038377192982456146,0.02266310307017544
6,0.5,1.0,crp_dataset_8_1_3.csv|crp_dataset_8_1_1.csv|crp_dataset_8_1_8.csv|crp_dataset_8_1_7.csv|crp_dataset_8_1_2.csv|crp_dataset_8_1_6.csv,crp_dataset_8_1_5.csv,0.60059166,0.9999999999882353,0.8499999999915,85,0,15,156,0.039282226562499994,0.00125,0.03803222656249999
6,0.5,1.0,crp_dataset_8_1_3.csv|crp_dataset_8_1_1.csv|crp_dataset_8_1_8.csv|crp_dataset_8_1_7.csv|crp_dataset_8_1_4.csv|crp_dataset_8_1_5.csv,crp_dataset_8_1_2.csv,0.7000001,0.9999999999878049,0.6890756302463102,82,0,37,137,0.039453125,0.0013719512195121953,0.0380811737804878
6,0.5,1.0,crp_dataset_8_1_3.csv|crp_dataset_8_1_1.csv|crp_dataset_8_1_8.csv|crp_dataset_8_1_7.csv|crp_dataset_8_1_4.csv|crp_dataset_8_1_5.csv,crp_dataset_8_1_6.csv,0.7000001,0.9736842105177747,0.7928571428514797,111,3,29,113,0.026928710937499996,0.0015899122807017546,0.02533879865679824
6,0.5,1.0,crp_dataset_8_1_3.csv|crp_dataset_8_1_1.csv|crp_dataset_8_1_8.csv|crp_dataset_8_1_7.csv|crp_dataset_8_1_4.csv|crp_dataset_8_1_6.csv,crp_dataset_8_1_2.csv,0.6159621,0.9999999999878049,0.6890756302463102,82,0,37,137,0.039453125,0.0013719512195121953,0.0380811737804878
6,0.5,1.0,crp_dataset_8_1_3.csv|crp_dataset_8_1_1.csv|crp_dataset_8_1_8.csv|crp_dataset_8_1_7.csv|crp_dataset_8_1_4.csv|crp_dataset_8_1_6.csv,crp_dataset_8_1_5.csv,0.6159621,0.9999999999870129,0.7699999999923,77,0,23,156,0.039282226562499994,0.0013798701298701301,0.03790235643262987
6,0.5,1.0,crp_dataset_8_1_3.csv|crp_dataset_8_1_1.csv|crp_dataset_8_1_8.csv|crp_dataset_8_1_7.csv|crp_dataset_8_1_5.csv|crp_dataset_8_1_6.csv,crp_dataset_8_1_2.csv,0.61728346,0.9999999999896907,0.8151260504133182,97,0,22,137,0.039453125,0.0012242268041237113,0.038228898195876285
6,0.5,1.0,crp_dataset_8_1_3.csv|crp_dataset_8_1_1.csv|crp_dataset_8_1_8.csv|crp_dataset_8_1_7.csv|crp_dataset_8_1_5.csv|crp_dataset_8_1_6.csv,crp_dataset_8_1_4.csv,0.61728346,0.999999999991228,0.8702290076269449,114,0,17,125,0.023046875,0.00038377192982456146,0.02266310307017544
6,0.5,1.0,crp_dataset_8_1_3.csv|crp_dataset_8_1_1.csv|crp_dataset_8_1_8.csv|crp_dataset_8_1_2.csv|crp_dataset_8_1_4.csv|crp_dataset_8_1_5.csv,crp_dataset_8_1_7.csv,0.651111,0.9999999999954546,0.9999999999954546,220,0,0,36,0.0095703125,0.00034090909090909094,0.00922940340909091
6,0.5,1.0,crp_dataset_8_1_3.csv|crp_dataset_8_1_1.csv|crp_dataset_8_1_8.csv|crp_dataset_8_1_2.csv|crp_dataset_8_1_4.csv|crp_dataset_8_1_5.csv,crp_dataset_8_1_6.csv,0.651111,0.981651376137783,0.7642857142802552,107,2,33,114,0.026928710937499996,0.0010894495412844037,0.02583926139621559
6,0.5,1.0,crp_dataset_8_1_3.csv|crp_dataset_8_1_1.csv|crp_dataset_8_1_8.csv|crp_dataset_8_1_2.csv|crp_dataset_8_1_4.csv|crp_dataset_8_1_6.csv,crp_dataset_8_1_7.csv,0.60464144,0.9999999999954546,0.9999999999954546,220,0,0,36,0.0095703125,0.00034090909090909094,0.00922940340909091
6,0.5,1.0,crp_dataset_8_1_3.csv|crp_dataset_8_1_1.csv|crp_dataset_8_1_8.csv|crp_dataset_8_1_2.csv|crp_dataset_8_1_4.csv|crp_dataset_8_1_6.csv,crp_dataset_8_1_5.csv,0.60464144,0.988095238083475,0.8299999999916999,83,1,17,155,0.039282226562499994,0.001488095238095238,0.037794131324404755
6,0.5,1.0,crp_dataset_8_1_3.csv|crp_dataset_8_1_1.csv|crp_dataset_8_1_8.csv|crp_dataset_8_1_2.csv|crp_dataset_8_1_5.csv|crp_dataset_8_1_6.csv,crp_dataset_8_1_7.csv,0.6383402,0.9999999999954546,0.9999999999954546,220,0,0,36,0.0095703125,0.00034090909090909094,0.00922940340909091
6,0.5,1.0,crp_dataset_8_1_3.csv|crp_dataset_8_1_1.csv|crp_dataset_8_1_8.csv|crp_dataset_8_1_2.csv|crp_dataset_8_1_5.csv|crp_dataset_8_1_6.csv,crp_dataset_8_1_4.csv,0.6383402,0.9999999999910714,0.8549618320545423,112,0,19,125,0.023046875,0.00033482142857142863,0.022712053571428574
6,0.5,1.0,crp_dataset_8_1_3.csv|crp_dataset_8_1_1.csv|crp_dataset_8_1_8.csv|crp_dataset_8_1_4.csv|crp_dataset_8_1_5.csv|crp_dataset_8_1_6.csv,crp_dataset_8_1_7.csv,0.6247096,0.9999999999954546,0.9999999999954546,220,0,0,36,0.0095703125,0.00034090909090909094,0.00922940340909091
6,0.5,1.0,crp_dataset_8_1_3.csv|crp_dataset_8_1_1.csv|crp_dataset_8_1_8.csv|crp_dataset_8_1_4.csv|crp_dataset_8_1_5.csv|crp_dataset_8_1_6.csv,crp_dataset_8_1_2.csv,0.6247096,0.9425287356213502,0.6890756302463102,82,5,37,132,0.039453125,0.0020114942528735636,0.037441630747126434
6,0.5,1.0,crp_dataset_8_1_3.csv|crp_dataset_8_1_1.csv|crp_dataset_8_1_7.csv|crp_dataset_8_1_2.csv|crp_dataset_8_1_4.csv|crp_dataset_8_1_5.csv,crp_dataset_8_1_8.csv,0.61496603,0.9999999999878049,0.5942028985464188,82,0,56,118,0.0283203125,0.002210365853658537,0.02610994664634146
6,0.5,1.0,crp_dataset_8_1_3.csv|crp_dataset_8_1_1.csv|crp_dataset_8_1_7.csv|crp_dataset_8_1_2.csv|crp_dataset_8_1_4.csv|crp_dataset_8_1_5.csv,crp_dataset_8_1_6.csv,0.61496603,0.9444444444369489,0.8499999999939286,119,7,21,109,0.026928710937499996,0.0033730158730158727,0.023555695064484124
6,0.5,1.0,crp_dataset_8_1_3.csv|crp_dataset_8_1_1.csv|crp_dataset_8_1_7.csv|crp_dataset_8_1_2.csv|crp_dataset_8_1_4.csv|crp_dataset_8_1_6.csv,crp_dataset_8_1_8.csv,0.6132585,0.9999999999893616,0.6811594202849192,94,0,44,118,0.0283203125,0.002327127659574469,0.02599318484042553
6,0.5,1.0,crp_dataset_8_1_3.csv|crp_dataset_8_1_1.csv|crp_dataset_8_1_7.csv|crp_dataset_8_1_2.csv|crp_dataset_8_1_4.csv|crp_dataset_8_1_6.csv,crp_dataset_8_1_5.csv,0.6132585,0.9999999999878049,0.8199999999918,82,0,18,156,0.039282226562499994,0.0012957317073170732,0.03798649485518292
6,0.5,1.0,crp_dataset_8_1_3.csv|crp_dataset_8_1_1.csv|crp_dataset_8_1_7.csv|crp_dataset_8_1_2.csv|crp_dataset_8_1_5.csv|crp_dataset_8_1_6.csv,crp_dataset_8_1_8.csv,0.6450705,0.9999999999883721,0.6231884057925856,86,0,52,118,0.0283203125,0.002107558139534884,0.026212754360465117
6,0.5,1.0,crp_dataset_8_1_3.csv|crp_dataset_8_1_1.csv|crp_dataset_8_1_7.csv|crp_dataset_8_1_2.csv|crp_dataset_8_1_5.csv|crp_dataset_8_1_6.csv,crp_dataset_8_1_4.csv,0.6450705,0.9999999999911504,0.8625954198407436,113,0,18,125,0.023046875,0.0002765486725663717,0.02277032632743363
6,0.5,1.0,crp_dataset_8_1_3.csv|crp_dataset_8_1_1.csv|crp_dataset_8_1_7.csv|crp_dataset_8_1_4.csv|crp_dataset_8_1_5.csv|crp_dataset_8_1_6.csv,crp_dataset_8_1_8.csv,0.600138,0.9999999999883721,0.6231884057925856,86,0,52,118,0.0283203125,0.002107558139534884,0.026212754360465117
6,0.5,1.0,crp_dataset_8_1_3.csv|crp_dataset_8_1_1.csv|crp_dataset_8_1_7.csv|crp_dataset_8_1_4.csv|crp_dataset_8_1_5.csv|crp_dataset_8_1_6.csv,crp_dataset_8_1_2.csv,0.600138,0.9999999999878049,0.6890756302463102,82,0,37,137,0.039453125,0.0013719512195121953,0.0380811737804878
6,0.5,1.0,crp_dataset_8_1_3.csv|crp_dataset_8_1_1.csv|crp_dataset_8_1_2.csv|crp_dataset_8_1_4.csv|crp_dataset_8_1_5.csv|crp_dataset_8_1_6.csv,crp_dataset_8_1_8.csv,0.6263324,0.9999999999885058,0.6304347826041273,87,0,51,118,0.0283203125,0.0021551724137931043,0.026165140086206896
6,0.5,1.0,crp_dataset_8_1_3.csv|crp_dataset_8_1_1.csv|crp_dataset_8_1_2.csv|crp_dataset_8_1_4.csv|crp_dataset_8_1_5.csv|crp_dataset_8_1_6.csv,crp_dataset_8_1_7.csv,0.6263324,0.9999999999954546,0.9999999999954546,220,0,0,36,0.0095703125,0.00034090909090909094,0.00922940340909091
6,0.5,1.0,crp_dataset_8_1_3.csv|crp_dataset_8_1_8.csv|crp_dataset_8_1_7.csv|crp_dataset_8_1_2.csv|crp_dataset_8_1_4.csv|crp_dataset_8_1_5.csv,crp_dataset_8_1_1.csv,0.6429606,0.9999999999896907,0.76984126983516,97,0,29,130,0.0252685546875,6.443298969072165e-05,0.02520412169780928
6,0.5,1.0,crp_dataset_8_1_3.csv|crp_dataset_8_1_8.csv|crp_dataset_8_1_7.csv|crp_dataset_8_1_2.csv|crp_dataset_8_1_4.csv|crp_dataset_8_1_5.csv,crp_dataset_8_1_6.csv,0.6429606,0.974789915958195,0.8285714285655102,116,3,24,113,0.026928710937499996,0.001207983193277311,0.025720727744222686
6,0.5,1.0,crp_dataset_8_1_3.csv|crp_dataset_8_1_8.csv|crp_dataset_8_1_7.csv|crp_dataset_8_1_2.csv|crp_dataset_8_1_4.csv|crp_dataset_8_1_6.csv,crp_dataset_8_1_1.csv,0.6082083,0.999999999990566,0.8412698412631645,106,0,20,130,0.0252685546875,0.0002358490566037736,0.025032705630896226
6,0.5,1.0,crp_dataset_8_1_3.csv|crp_dataset_8_1_8.csv|crp_dataset_8_1_7.csv|crp_dataset_8_1_2.csv|crp_dataset_8_1_4.csv|crp_dataset_8_1_6.csv,crp_dataset_8_1_5.csv,0.6082083,0.9999999999870129,0.7699999999923,77,0,23,156,0.039282226562499994,0.0013798701298701301,0.03790235643262987
6,0.5,1.0,crp_dataset_8_1_3.csv|crp_dataset_8_1_8.csv|crp_dataset_8_1_7.csv|crp_dataset_8_1_2.csv|crp_dataset_8_1_5.csv|crp_dataset_8_1_6.csv,crp_dataset_8_1_1.csv,0.60980487,0.9140624999928589,0.9285714285640589,117,11,9,119,0.0252685546875,0.0029296875,0.0223388671875
6,0.5,1.0,crp_dataset_8_1_3.csv|crp_dataset_8_1_8.csv|crp_dataset_8_1_7.csv|crp_dataset_8_1_2.csv|crp_dataset_8_1_5.csv|crp_dataset_8_1_6.csv,crp_dataset_8_1_4.csv,0.60980487,0.927999999992576,0.8854961831993474,116,9,15,116,0.023046875,0.004050000000000001,0.018996875
6,0.5,1.0,crp_dataset_8_1_3.csv|crp_dataset_8_1_8.csv|crp_dataset_8_1_7.csv|crp_dataset_8_1_4.csv|crp_dataset_8_1_5.csv|crp_dataset_8_1_6.csv,crp_dataset_8_1_1.csv,0.60568696,0.999999999990566,0.8412698412631645,106,0,20,130,0.0252685546875,0.0002358490566037736,0.025032705630896226
6,0.5,1.0,crp_dataset_8_1_3.csv|crp_dataset_8_1_8.csv|crp_dataset_8_1_7.csv|crp_dataset_8_1_4.csv|crp_dataset_8_1_5.csv|crp_dataset_8_1_6.csv,crp_dataset_8_1_2.csv,0.60568696,0.9999999999882353,0.7142857142797119,85,0,34,137,0.039453125,0.001323529411764706,0.038129595588235296
6,0.5,1.0,crp_dataset_8_1_3.csv|crp_dataset_8_1_8.csv|crp_dataset_8_1_2.csv|crp_dataset_8_1_4.csv|crp_dataset_8_1_5.csv|crp_dataset_8_1_6.csv,crp_dataset_8_1_1.csv,0.62393403,0.9999999999908257,0.8650793650724994,109,0,17,130,0.0252685546875,0.00022935779816513763,0.025039196889334862
6,0.5,1.0,crp_dataset_8_1_3.csv|crp_dataset_8_1_8.csv|crp_dataset_8_1_2.csv|crp_dataset_8_1_4.csv|crp_dataset_8_1_5.csv|crp_dataset_8_1_6.csv,crp_dataset_8_1_7.csv,0.62393403,0.9999999999954546,0.9999999999954546,220,0,0,36,0.0095703125,0.00034090909090909094,0.00922940340909091
6,0.5,1.0,crp_dataset_8_1_3.csv|crp_dataset_8_1_7.csv|crp_dataset_8_1_2.csv|crp_dataset_8_1_4.csv|crp_dataset_8_1_5.csv|crp_dataset_8_1_6.csv,crp_dataset_8_1_1.csv,0.6081617,0.9999999999850746,0.5317460317418116,67,0,59,130,0.0252685546875,9.328358208955224e-05,0.025175271105410447
6,0.5,1.0,crp_dataset_8_1_3.csv|crp_dataset_8_1_7.csv|crp_dataset_8_1_2.csv|crp_dataset_8_1_4.csv|crp_dataset_8_1_5.csv|crp_dataset_8_1_6.csv,crp_dataset_8_1_8.csv,0.6081617,0.999999999984127,0.4565217391271267,63,0,75,118,0.0283203125,0.0028769841269841276,0.025443328373015873
6,0.5,1.0,crp_dataset_8_1_1.csv|crp_dataset_8_1_8.csv|crp_dataset_8_1_7.csv|crp_dataset_8_1_2.csv|crp_dataset_8_1_4.csv|crp_dataset_8_1_5.csv,crp_dataset_8_1_3.csv,0.6508258,0.9999999999935898,0.9017341040410305,156,0,17,83,0.0196044921875,0.00012019230769230771,0.019484299879807692
6,0.5,1.0,crp_dataset_8_1_1.csv|crp_dataset_8_1_8.csv|crp_dataset_8_1_7.csv|crp_dataset_8_1_2.csv|crp_dataset_8_1_4.csv|crp_dataset_8_1_5.csv,crp_dataset_8_1_6.csv,0.6508258,0.9674796747888823,0.8499999999939286,119,4,21,112,0.026928710937499996,0.0018292682926829272,0.025099442644817067
6,0.5,1.0,crp_dataset_8_1_1.csv|crp_dataset_8_1_8.csv|crp_dataset_8_1_7.csv|crp_dataset_8_1_2.csv|crp_dataset_8_1_4.csv|crp_dataset_8_1_6.csv,crp_dataset_8_1_3.csv,0.6182103,0.9931506849247045,0.8381502890124963,145,1,28,82,0.0196044921875,0.0009417808219178083,0.01866271136558219
6,0.5,1.0,crp_dataset_8_1_1.csv|crp_dataset_8_1_8.csv|crp_dataset_8_1_7.csv|crp_dataset_8_1_2.csv|crp_dataset_8_1_4.csv|crp_dataset_8_1_6.csv,crp_dataset_8_1_5.csv,0.6182103,0.9999999999876543,0.8099999999919,81,0,19,156,0.039282226562499994,0.0013117283950617286,0.03797049816743826
6,0.5,1.0,crp_dataset_8_1_1.csv|crp_dataset_8_1_8.csv|crp_dataset_8_1_7.csv|crp_dataset_8_1_2.csv|crp_dataset_8_1_5.csv|crp_dataset_8_1_6.csv,crp_dataset_8_1_3.csv,0.6263515,0.9931972789048082,0.8439306358332721,146,1,27,82,0.0196044921875,0.0008928571428571429,0.018711635044642856
6,0.5,1.0,crp_dataset_8_1_1.csv|crp_dataset_8_1_8.csv|crp_dataset_8_1_7.csv|crp_dataset_8_1_2.csv|crp_dataset_8_1_5.csv|crp_dataset_8_1_6.csv,crp_dataset_8_1_4.csv,0.6263515,0.9999999999913792,0.8854961831993474,116,0,15,125,0.023046875,0.00032327586206896557,0.022723599137931035
6,0.5,1.0,crp_dataset_8_1_1.csv|crp_dataset_8_1_8.csv|crp_dataset_8_1_7.csv|crp_dataset_8_1_4.csv|crp_dataset_8_1_5.csv|crp_dataset_8_1_6.csv,crp_dataset_8_1_3.csv,0.60039103,0.97368421051991,0.8554913294748238,148,4,25,79,0.0196044921875,0.001274671052631579,0.01832982113486842
6,0.5,1.0,crp_dataset_8_1_1.csv|crp_dataset_8_1_8.csv|crp_dataset_8_1_7.csv|crp_dataset_8_1_4.csv|crp_dataset_8_1_5.csv|crp_dataset_8_1_6.csv,crp_dataset_8_1_2.csv,0.60039103,0.9425287356213502,0.6890756302463102,82,5,37,132,0.039453125,0.0020114942528735636,0.037441630747126434
6,0.5,1.0,crp_dataset_8_1_1.csv|crp_dataset_8_1_8.csv|crp_dataset_8_1_2.csv|crp_dataset_8_1_4.csv|crp_dataset_8_1_5.csv|crp_dataset_8_1_6.csv,crp_dataset_8_1_3.csv,0.6698255,0.9999999999928573,0.8092485549086171,140,0,33,83,0.0196044921875,0.00017857142857142857,0.019425920758928572
6,0.5,1.0,crp_dataset_8_1_1.csv|crp_dataset_8_1_8.csv|crp_dataset_8_1_2.csv|crp_dataset_8_1_4.csv|crp_dataset_8_1_5.csv|crp_dataset_8_1_6.csv,crp_dataset_8_1_7.csv,0.6698255,0.9999999999954546,0.9999999999954546,220,0,0,36,0.0095703125,0.00034090909090909094,0.00922940340909091
6,0.5,1.0,crp_dataset_8_1_1.csv|crp_dataset_8_1_7.csv|crp_dataset_8_1_2.csv|crp_dataset_8_1_4.csv|crp_dataset_8_1_5.csv|crp_dataset_8_1_6.csv,crp_dataset_8_1_3.csv,0.6238549,0.9999999999932433,0.8554913294748238,148,0,25,83,0.0196044921875,8.445945945945946e-05,0.01952003272804054
6,0.5,1.0,crp_dataset_8_1_1.csv|crp_dataset_8_1_7.csv|crp_dataset_8_1_2.csv|crp_dataset_8_1_4.csv|crp_dataset_8_1_5.csv|crp_dataset_8_1_6.csv,crp_dataset_8_1_8.csv,0.6238549,0.9999999999891304,0.6666666666618358,92,0,46,118,0.0283203125,0.0022418478260869566,0.026078464673913043
6,0.5,1.0,crp_dataset_8_1_8.csv|crp_dataset_8_1_7.csv|crp_dataset_8_1_2.csv|crp_dataset_8_1_4.csv|crp_dataset_8_1_5.csv|crp_dataset_8_1_6.csv,crp_dataset_8_1_3.csv,0.63874143,0.999999999992126,0.7341040462385312,127,0,46,83,0.0196044921875,0.0,0.0196044921875
6,0.5,1.0,crp_dataset_8_1_8.csv|crp_dataset_8_1_7.csv|crp_dataset_8_1_2.csv|crp_dataset_8_1_4.csv|crp_dataset_8_1_5.csv|crp_dataset_8_1_6.csv,crp_dataset_8_1_1.csv,0.63874143,0.9999999999864865,0.5873015872969262,74,0,52,130,0.0252685546875,8.445945945945946e-05,0.02518409522804054
7,0.5,1.0,crp_dataset_8_1_3.csv|crp_dataset_8_1_1.csv|crp_dataset_8_1_8.csv|crp_dataset_8_1_7.csv|crp_dataset_8_1_2.csv|crp_dataset_8_1_4.csv|crp_dataset_8_1_5.csv,crp_dataset_8_1_6.csv,0.6009159,0.9701492537241034,0.928571428564796,130,4,10,112,0.026928710937499996,0.0014925373134328356,0.02543617362406716
7,0.5,1.0,crp_dataset_8_1_3.csv|crp_dataset_8_1_1.csv|crp_dataset_8_1_8.csv|crp_dataset_8_1_7.csv|crp_dataset_8_1_2.csv|crp_dataset_8_1_4.csv|crp_dataset_8_1_6.csv,crp_dataset_8_1_5.csv,0.6296712,0.9999999999883721,0.8599999999914,86,0,14,156,0.039282226562499994,0.00123546511627907,0.03804676144622093
7,0.5,1.0,crp_dataset_8_1_3.csv|crp_dataset_8_1_1.csv|crp_dataset_8_1_8.csv|crp_dataset_8_1_7.csv|crp_dataset_8_1_2.csv|crp_dataset_8_1_5.csv|crp_dataset_8_1_6.csv,crp_dataset_8_1_4.csv,0.6306715,0.999999999991228,0.8702290076269449,114,0,17,125,0.023046875,0.00038377192982456146,0.02266310307017544
7,0.5,1.0,crp_dataset_8_1_3.csv|crp_dataset_8_1_1.csv|crp_dataset_8_1_8.csv|crp_dataset_8_1_7.csv|crp_dataset_8_1_4.csv|crp_dataset_8_1_5.csv|crp_dataset_8_1_6.csv,crp_dataset_8_1_2.csv,0.6078502,0.9999999999878049,0.6890756302463102,82,0,37,137,0.039453125,0.0013719512195121953,0.0380811737804878
7,0.5,1.0,crp_dataset_8_1_3.csv|crp_dataset_8_1_1.csv|crp_dataset_8_1_8.csv|crp_dataset_8_1_2.csv|crp_dataset_8_1_4.csv|crp_dataset_8_1_5.csv|crp_dataset_8_1_6.csv,crp_dataset_8_1_7.csv,0.6015591,0.9999999999954546,0.9999999999954546,220,0,0,36,0.0095703125,0.00034090909090909094,0.00922940340909091
7,0.5,1.0,crp_dataset_8_1_3.csv|crp_dataset_8_1_1.csv|crp_dataset_8_1_7.csv|crp_dataset_8_1_2.csv|crp_dataset_8_1_4.csv|crp_dataset_8_1_5.csv|crp_dataset_8_1_6.csv,crp_dataset_8_1_8.csv,0.60908985,0.9999999999878049,0.5942028985464188,82,0,56,118,0.0283203125,0.002210365853658537,0.02610994664634146
7,0.5,1.0,crp_dataset_8_1_3.csv|crp_dataset_8_1_8.csv|crp_dataset_8_1_7.csv|crp_dataset_8_1_2.csv|crp_dataset_8_1_4.csv|crp_dataset_8_1_5.csv|crp_dataset_8_1_6.csv,crp_dataset_8_1_1.csv,0.6187504,0.9999999999906541,0.8492063491996095,107,0,19,130,0.0252685546875,0.00023364485981308412,0.025034909827686917
7,0.5,1.0,crp_dataset_8_1_1.csv|crp_dataset_8_1_8.csv|crp_dataset_8_1_7.csv|crp_dataset_8_1_2.csv|crp_dataset_8_1_4.csv|crp_dataset_8_1_5.csv|crp_dataset_8_1_6.csv,crp_dataset_8_1_3.csv,0.6146818,0.9803921568563374,0.8670520231163755,150,3,23,80,0.0196044921875,0.001062091503267974,0.018542400684232026
